[0.000000] (-) TimerEvent: {}
[0.000446] (ai_navigator) JobQueued: {'identifier': 'ai_navigator', 'dependencies': OrderedDict()}
[0.000615] (px4_msgs) JobQueued: {'identifier': 'px4_msgs', 'dependencies': OrderedDict()}
[0.000710] (px4_offboard) JobQueued: {'identifier': 'px4_offboard', 'dependencies': OrderedDict({'px4_msgs': '/home/mcfb/ros2_ws/install/px4_msgs'})}
[0.000739] (px4_ros_com) JobQueued: {'identifier': 'px4_ros_com', 'dependencies': OrderedDict({'px4_msgs': '/home/mcfb/ros2_ws/install/px4_msgs'})}
[0.000759] (px4_msgs) JobStarted: {'identifier': 'px4_msgs'}
[0.005337] (ai_navigator) JobStarted: {'identifier': 'ai_navigator'}
[0.010530] (px4_msgs) JobProgress: {'identifier': 'px4_msgs', 'progress': 'cmake'}
[0.010883] (px4_msgs) JobProgress: {'identifier': 'px4_msgs', 'progress': 'build'}
[0.011393] (px4_msgs) Command: {'cmd': ['/usr/bin/cmake', '--build', '/home/mcfb/ros2_ws/build/px4_msgs', '--', '-j12', '-l12'], 'cwd': '/home/mcfb/ros2_ws/build/px4_msgs', 'env': OrderedDict({'LESSOPEN': '| /usr/bin/lesspipe %s', 'USER': 'mcfb', 'GZ_CONFIG_PATH': '/opt/ros/jazzy/opt/gz_sim_vendor/share/gz:/opt/ros/jazzy/opt/sdformat_vendor/share/gz:/opt/ros/jazzy/opt/gz_gui_vendor/share/gz:/opt/ros/jazzy/opt/gz_transport_vendor/share/gz:/opt/ros/jazzy/opt/gz_rendering_vendor/share/gz:/opt/ros/jazzy/opt/gz_plugin_vendor/share/gz:/opt/ros/jazzy/opt/gz_fuel_tools_vendor/share/gz:/opt/ros/jazzy/opt/gz_msgs_vendor/share/gz:/opt/ros/jazzy/opt/gz_common_vendor/share/gz', 'XDG_SESSION_TYPE': 'x11', 'CLUTTER_DISABLE_MIPMAPPED_TEXT': '1', 'SHLVL': '1', 'LD_LIBRARY_PATH': '/home/mcfb/ros2_ws/install/px4_ros_com/lib:/home/mcfb/ros2_ws/install/px4_msgs/lib:/opt/ros/jazzy/opt/gz_sim_vendor/lib:/opt/ros/jazzy/opt/gz_sensors_vendor/lib:/opt/ros/jazzy/opt/gz_physics_vendor/lib:/opt/ros/jazzy/opt/sdformat_vendor/lib:/opt/ros/jazzy/opt/rviz_ogre_vendor/lib:/opt/ros/jazzy/lib/x86_64-linux-gnu:/opt/ros/jazzy/opt/gz_gui_vendor/lib:/opt/ros/jazzy/opt/gz_transport_vendor/lib:/opt/ros/jazzy/opt/gz_rendering_vendor/lib:/opt/ros/jazzy/opt/gz_plugin_vendor/lib:/opt/ros/jazzy/opt/gz_fuel_tools_vendor/lib:/opt/ros/jazzy/opt/gz_msgs_vendor/lib:/opt/ros/jazzy/opt/gz_common_vendor/lib:/opt/ros/jazzy/opt/gz_math_vendor/lib:/opt/ros/jazzy/opt/gz_utils_vendor/lib:/opt/ros/jazzy/opt/gz_tools_vendor/lib:/opt/ros/jazzy/opt/gz_ogre_next_vendor/lib:/opt/ros/jazzy/opt/gz_dartsim_vendor/lib:/opt/ros/jazzy/opt/gz_cmake_vendor/lib:/opt/ros/jazzy/lib', 'HOME': '/home/mcfb', 'OLDPWD': '/home/mcfb', 'DESKTOP_SESSION': 'ubuntu', 'ROS_PYTHON_VERSION': '3', 'GNOME_SHELL_SESSION_MODE': 'ubuntu', 'GTK_MODULES': 'gail:atk-bridge', 'SYSTEMD_EXEC_PID': '2892', 'GSM_SKIP_SSH_AGENT_WORKAROUND': 'true', 'DBUS_SESSION_BUS_ADDRESS': 'unix:path=/run/user/1000/bus', 'COLORTERM': 'truecolor', 'DEBUGINFOD_URLS': 'https://debuginfod.ubuntu.com', 'COLCON_PREFIX_PATH': '/home/mcfb/ros2_ws/install', 'ROS_DISTRO': 'jazzy', 'LOGNAME': 'mcfb', '_': '/usr/bin/colcon', 'ROS_VERSION': '2', 'MEMORY_PRESSURE_WATCH': '/sys/fs/cgroup/user.slice/user-1000.slice/user@1000.service/session.slice/org.gnome.Shell@x11.service/memory.pressure', 'XDG_SESSION_CLASS': 'user', 'USERNAME': 'mcfb', 'TERM': 'xterm-256color', 'GNOME_DESKTOP_SESSION_ID': 'this-is-deprecated', 'WINDOWPATH': '2', 'PATH': '/opt/ros/jazzy/opt/gz_msgs_vendor/bin:/opt/ros/jazzy/opt/gz_tools_vendor/bin:/opt/ros/jazzy/opt/gz_ogre_next_vendor/bin:/opt/ros/jazzy/bin:/home/mcfb/.local/bin:/usr/local/sbin:/usr/local/bin:/usr/sbin:/usr/bin:/sbin:/bin:/usr/games:/usr/local/games:/snap/bin:/snap/bin:/opt/xtensa-esp-elf/bin/', 'SESSION_MANAGER': 'local/mcfb:@/tmp/.ICE-unix/2860,unix/mcfb:/tmp/.ICE-unix/2860', 'XDG_MENU_PREFIX': 'gnome-', 'GNOME_TERMINAL_SCREEN': '/org/gnome/Terminal/screen/635fe134_8057_4151_bd4d_d98d51531782', 'XDG_RUNTIME_DIR': '/run/user/1000', 'DISPLAY': ':1', 'LANG': 'en_US.UTF-8', 'XDG_CURRENT_DESKTOP': 'ubuntu:GNOME', 'XMODIFIERS': '@im=ibus', 'XDG_SESSION_DESKTOP': 'ubuntu', 'XAUTHORITY': '/run/user/1000/gdm/Xauthority', 'LS_COLORS': 'rs=0:di=01;34:ln=01;36:mh=00:pi=40;33:so=01;35:do=01;35:bd=40;33;01:cd=40;33;01:or=40;31;01:mi=00:su=37;41:sg=30;43:ca=00:tw=30;42:ow=34;42:st=37;44:ex=01;32:*.tar=01;31:*.tgz=01;31:*.arc=01;31:*.arj=01;31:*.taz=01;31:*.lha=01;31:*.lz4=01;31:*.lzh=01;31:*.lzma=01;31:*.tlz=01;31:*.txz=01;31:*.tzo=01;31:*.t7z=01;31:*.zip=01;31:*.z=01;31:*.dz=01;31:*.gz=01;31:*.lrz=01;31:*.lz=01;31:*.lzo=01;31:*.xz=01;31:*.zst=01;31:*.tzst=01;31:*.bz2=01;31:*.bz=01;31:*.tbz=01;31:*.tbz2=01;31:*.tz=01;31:*.deb=01;31:*.rpm=01;31:*.jar=01;31:*.war=01;31:*.ear=01;31:*.sar=01;31:*.rar=01;31:*.alz=01;31:*.ace=01;31:*.zoo=01;31:*.cpio=01;31:*.7z=01;31:*.rz=01;31:*.cab=01;31:*.wim=01;31:*.swm=01;31:*.dwm=01;31:*.esd=01;31:*.avif=01;35:*.jpg=01;35:*.jpeg=01;35:*.mjpg=01;35:*.mjpeg=01;35:*.gif=01;35:*.bmp=01;35:*.pbm=01;35:*.pgm=01;35:*.ppm=01;35:*.tga=01;35:*.xbm=01;35:*.xpm=01;35:*.tif=01;35:*.tiff=01;35:*.png=01;35:*.svg=01;35:*.svgz=01;35:*.mng=01;35:*.pcx=01;35:*.mov=01;35:*.mpg=01;35:*.mpeg=01;35:*.m2v=01;35:*.mkv=01;35:*.webm=01;35:*.webp=01;35:*.ogm=01;35:*.mp4=01;35:*.m4v=01;35:*.mp4v=01;35:*.vob=01;35:*.qt=01;35:*.nuv=01;35:*.wmv=01;35:*.asf=01;35:*.rm=01;35:*.rmvb=01;35:*.flc=01;35:*.avi=01;35:*.fli=01;35:*.flv=01;35:*.gl=01;35:*.dl=01;35:*.xcf=01;35:*.xwd=01;35:*.yuv=01;35:*.cgm=01;35:*.emf=01;35:*.ogv=01;35:*.ogx=01;35:*.aac=00;36:*.au=00;36:*.flac=00;36:*.m4a=00;36:*.mid=00;36:*.midi=00;36:*.mka=00;36:*.mp3=00;36:*.mpc=00;36:*.ogg=00;36:*.ra=00;36:*.wav=00;36:*.oga=00;36:*.opus=00;36:*.spx=00;36:*.xspf=00;36:*~=00;90:*#=00;90:*.bak=00;90:*.crdownload=00;90:*.dpkg-dist=00;90:*.dpkg-new=00;90:*.dpkg-old=00;90:*.dpkg-tmp=00;90:*.old=00;90:*.orig=00;90:*.part=00;90:*.rej=00;90:*.rpmnew=00;90:*.rpmorig=00;90:*.rpmsave=00;90:*.swp=00;90:*.tmp=00;90:*.ucf-dist=00;90:*.ucf-new=00;90:*.ucf-old=00;90:', 'GNOME_TERMINAL_SERVICE': ':1.114', 'SSH_AUTH_SOCK': '/run/user/1000/keyring/ssh', 'AMENT_PREFIX_PATH': '/home/mcfb/ros2_ws/install/ai_navigator:/home/mcfb/ros2_ws/install/px4_ros_com:/home/mcfb/ros2_ws/install/px4_offboard:/home/mcfb/ros2_ws/install/px4_msgs:/opt/ros/jazzy', 'SHELL': '/bin/bash', 'QT_ACCESSIBILITY': '1', 'GDMSESSION': 'ubuntu', 'LESSCLOSE': '/usr/bin/lesspipe %s %s', 'IGN_GAZEBO_RESOURCE_PATH': '/opt/ros/jazzy/share', 'GPG_AGENT_INFO': '/run/user/1000/gnupg/S.gpg-agent:0:1', 'ROS_AUTOMATIC_DISCOVERY_RANGE': 'SUBNET', 'QT_IM_MODULE': 'ibus', 'PWD': '/home/mcfb/ros2_ws/build/px4_msgs', 'LC_ALL': 'en_US.UTF-8', 'XDG_CONFIG_DIRS': '/etc/xdg/xdg-ubuntu:/etc/xdg', 'XDG_DATA_DIRS': '/usr/share/ubuntu:/usr/share/gnome:/usr/local/share/:/usr/share/:/var/lib/snapd/desktop', 'PYTHONPATH': '/home/mcfb/ros2_ws/install/ai_navigator/lib/python3.12/site-packages:/home/mcfb/ros2_ws/install/px4_ros_com/lib/python3.12/site-packages:/home/mcfb/ros2_ws/install/px4_offboard/lib/python3.12/site-packages:/home/mcfb/ros2_ws/install/px4_msgs/lib/python3.12/site-packages:/home/mcfb/drone_venv/lib/python3.12/site-packages:/opt/ros/jazzy/lib/python3.12/site-packages', 'COLCON': '1', 'MEMORY_PRESSURE_WRITE': 'c29tZSAyMDAwMDAgMjAwMDAwMAA=', 'VTE_VERSION': '7600', 'CMAKE_PREFIX_PATH': '/home/mcfb/ros2_ws/install/px4_ros_com:/home/mcfb/ros2_ws/install/px4_msgs:/opt/ros/jazzy/opt/gz_sim_vendor:/opt/ros/jazzy/opt/gz_sensors_vendor:/opt/ros/jazzy/opt/gz_physics_vendor:/opt/ros/jazzy/opt/sdformat_vendor:/opt/ros/jazzy/opt/gz_gui_vendor:/opt/ros/jazzy/opt/gz_transport_vendor:/opt/ros/jazzy/opt/gz_rendering_vendor:/opt/ros/jazzy/opt/gz_plugin_vendor:/opt/ros/jazzy/opt/gz_fuel_tools_vendor:/opt/ros/jazzy/opt/gz_msgs_vendor:/opt/ros/jazzy/opt/gz_common_vendor:/opt/ros/jazzy/opt/gz_math_vendor:/opt/ros/jazzy/opt/gz_utils_vendor:/opt/ros/jazzy/opt/gz_tools_vendor:/opt/ros/jazzy/opt/gz_ogre_next_vendor:/opt/ros/jazzy/opt/gz_dartsim_vendor:/opt/ros/jazzy/opt/gz_cmake_vendor:/home/mcfb/ros2_ws/install/ai_navigator:/home/mcfb/ros2_ws/install/px4_offboard:/opt/ros/jazzy'}), 'shell': False}
[0.099609] (-) TimerEvent: {}
[0.199894] (-) TimerEvent: {}
[0.300169] (-) TimerEvent: {}
[0.400441] (-) TimerEvent: {}
[0.500706] (-) TimerEvent: {}
[0.600971] (-) TimerEvent: {}
[0.685783] (ai_navigator) Command: {'cmd': ['/usr/bin/python3', '-W', 'ignore:setup.py install is deprecated', '-W', 'ignore:easy_install command is deprecated', 'setup.py', 'egg_info', '--egg-base', '../../build/ai_navigator', 'build', '--build-base', '/home/mcfb/ros2_ws/build/ai_navigator/build', 'install', '--record', '/home/mcfb/ros2_ws/build/ai_navigator/install.log', '--single-version-externally-managed', 'install_data'], 'cwd': '/home/mcfb/ros2_ws/src/ai_navigator', 'env': {'LESSOPEN': '| /usr/bin/lesspipe %s', 'USER': 'mcfb', 'GZ_CONFIG_PATH': '/opt/ros/jazzy/opt/gz_sim_vendor/share/gz:/opt/ros/jazzy/opt/sdformat_vendor/share/gz:/opt/ros/jazzy/opt/gz_gui_vendor/share/gz:/opt/ros/jazzy/opt/gz_transport_vendor/share/gz:/opt/ros/jazzy/opt/gz_rendering_vendor/share/gz:/opt/ros/jazzy/opt/gz_plugin_vendor/share/gz:/opt/ros/jazzy/opt/gz_fuel_tools_vendor/share/gz:/opt/ros/jazzy/opt/gz_msgs_vendor/share/gz:/opt/ros/jazzy/opt/gz_common_vendor/share/gz', 'XDG_SESSION_TYPE': 'x11', 'CLUTTER_DISABLE_MIPMAPPED_TEXT': '1', 'SHLVL': '1', 'LD_LIBRARY_PATH': '/home/mcfb/ros2_ws/install/px4_ros_com/lib:/home/mcfb/ros2_ws/install/px4_msgs/lib:/opt/ros/jazzy/opt/gz_sim_vendor/lib:/opt/ros/jazzy/opt/gz_sensors_vendor/lib:/opt/ros/jazzy/opt/gz_physics_vendor/lib:/opt/ros/jazzy/opt/sdformat_vendor/lib:/opt/ros/jazzy/opt/rviz_ogre_vendor/lib:/opt/ros/jazzy/lib/x86_64-linux-gnu:/opt/ros/jazzy/opt/gz_gui_vendor/lib:/opt/ros/jazzy/opt/gz_transport_vendor/lib:/opt/ros/jazzy/opt/gz_rendering_vendor/lib:/opt/ros/jazzy/opt/gz_plugin_vendor/lib:/opt/ros/jazzy/opt/gz_fuel_tools_vendor/lib:/opt/ros/jazzy/opt/gz_msgs_vendor/lib:/opt/ros/jazzy/opt/gz_common_vendor/lib:/opt/ros/jazzy/opt/gz_math_vendor/lib:/opt/ros/jazzy/opt/gz_utils_vendor/lib:/opt/ros/jazzy/opt/gz_tools_vendor/lib:/opt/ros/jazzy/opt/gz_ogre_next_vendor/lib:/opt/ros/jazzy/opt/gz_dartsim_vendor/lib:/opt/ros/jazzy/opt/gz_cmake_vendor/lib:/opt/ros/jazzy/lib', 'HOME': '/home/mcfb', 'OLDPWD': '/home/mcfb', 'DESKTOP_SESSION': 'ubuntu', 'ROS_PYTHON_VERSION': '3', 'GNOME_SHELL_SESSION_MODE': 'ubuntu', 'GTK_MODULES': 'gail:atk-bridge', 'SYSTEMD_EXEC_PID': '2892', 'GSM_SKIP_SSH_AGENT_WORKAROUND': 'true', 'DBUS_SESSION_BUS_ADDRESS': 'unix:path=/run/user/1000/bus', 'COLORTERM': 'truecolor', 'DEBUGINFOD_URLS': 'https://debuginfod.ubuntu.com', 'COLCON_PREFIX_PATH': '/home/mcfb/ros2_ws/install', 'ROS_DISTRO': 'jazzy', 'LOGNAME': 'mcfb', '_': '/usr/bin/colcon', 'ROS_VERSION': '2', 'MEMORY_PRESSURE_WATCH': '/sys/fs/cgroup/user.slice/user-1000.slice/user@1000.service/session.slice/org.gnome.Shell@x11.service/memory.pressure', 'XDG_SESSION_CLASS': 'user', 'USERNAME': 'mcfb', 'TERM': 'xterm-256color', 'GNOME_DESKTOP_SESSION_ID': 'this-is-deprecated', 'WINDOWPATH': '2', 'PATH': '/opt/ros/jazzy/opt/gz_msgs_vendor/bin:/opt/ros/jazzy/opt/gz_tools_vendor/bin:/opt/ros/jazzy/opt/gz_ogre_next_vendor/bin:/opt/ros/jazzy/bin:/home/mcfb/.local/bin:/usr/local/sbin:/usr/local/bin:/usr/sbin:/usr/bin:/sbin:/bin:/usr/games:/usr/local/games:/snap/bin:/snap/bin:/opt/xtensa-esp-elf/bin/', 'SESSION_MANAGER': 'local/mcfb:@/tmp/.ICE-unix/2860,unix/mcfb:/tmp/.ICE-unix/2860', 'XDG_MENU_PREFIX': 'gnome-', 'GNOME_TERMINAL_SCREEN': '/org/gnome/Terminal/screen/635fe134_8057_4151_bd4d_d98d51531782', 'XDG_RUNTIME_DIR': '/run/user/1000', 'DISPLAY': ':1', 'LANG': 'en_US.UTF-8', 'XDG_CURRENT_DESKTOP': 'ubuntu:GNOME', 'XMODIFIERS': '@im=ibus', 'XDG_SESSION_DESKTOP': 'ubuntu', 'XAUTHORITY': '/run/user/1000/gdm/Xauthority', 'LS_COLORS': 'rs=0:di=01;34:ln=01;36:mh=00:pi=40;33:so=01;35:do=01;35:bd=40;33;01:cd=40;33;01:or=40;31;01:mi=00:su=37;41:sg=30;43:ca=00:tw=30;42:ow=34;42:st=37;44:ex=01;32:*.tar=01;31:*.tgz=01;31:*.arc=01;31:*.arj=01;31:*.taz=01;31:*.lha=01;31:*.lz4=01;31:*.lzh=01;31:*.lzma=01;31:*.tlz=01;31:*.txz=01;31:*.tzo=01;31:*.t7z=01;31:*.zip=01;31:*.z=01;31:*.dz=01;31:*.gz=01;31:*.lrz=01;31:*.lz=01;31:*.lzo=01;31:*.xz=01;31:*.zst=01;31:*.tzst=01;31:*.bz2=01;31:*.bz=01;31:*.tbz=01;31:*.tbz2=01;31:*.tz=01;31:*.deb=01;31:*.rpm=01;31:*.jar=01;31:*.war=01;31:*.ear=01;31:*.sar=01;31:*.rar=01;31:*.alz=01;31:*.ace=01;31:*.zoo=01;31:*.cpio=01;31:*.7z=01;31:*.rz=01;31:*.cab=01;31:*.wim=01;31:*.swm=01;31:*.dwm=01;31:*.esd=01;31:*.avif=01;35:*.jpg=01;35:*.jpeg=01;35:*.mjpg=01;35:*.mjpeg=01;35:*.gif=01;35:*.bmp=01;35:*.pbm=01;35:*.pgm=01;35:*.ppm=01;35:*.tga=01;35:*.xbm=01;35:*.xpm=01;35:*.tif=01;35:*.tiff=01;35:*.png=01;35:*.svg=01;35:*.svgz=01;35:*.mng=01;35:*.pcx=01;35:*.mov=01;35:*.mpg=01;35:*.mpeg=01;35:*.m2v=01;35:*.mkv=01;35:*.webm=01;35:*.webp=01;35:*.ogm=01;35:*.mp4=01;35:*.m4v=01;35:*.mp4v=01;35:*.vob=01;35:*.qt=01;35:*.nuv=01;35:*.wmv=01;35:*.asf=01;35:*.rm=01;35:*.rmvb=01;35:*.flc=01;35:*.avi=01;35:*.fli=01;35:*.flv=01;35:*.gl=01;35:*.dl=01;35:*.xcf=01;35:*.xwd=01;35:*.yuv=01;35:*.cgm=01;35:*.emf=01;35:*.ogv=01;35:*.ogx=01;35:*.aac=00;36:*.au=00;36:*.flac=00;36:*.m4a=00;36:*.mid=00;36:*.midi=00;36:*.mka=00;36:*.mp3=00;36:*.mpc=00;36:*.ogg=00;36:*.ra=00;36:*.wav=00;36:*.oga=00;36:*.opus=00;36:*.spx=00;36:*.xspf=00;36:*~=00;90:*#=00;90:*.bak=00;90:*.crdownload=00;90:*.dpkg-dist=00;90:*.dpkg-new=00;90:*.dpkg-old=00;90:*.dpkg-tmp=00;90:*.old=00;90:*.orig=00;90:*.part=00;90:*.rej=00;90:*.rpmnew=00;90:*.rpmorig=00;90:*.rpmsave=00;90:*.swp=00;90:*.tmp=00;90:*.ucf-dist=00;90:*.ucf-new=00;90:*.ucf-old=00;90:', 'GNOME_TERMINAL_SERVICE': ':1.114', 'SSH_AUTH_SOCK': '/run/user/1000/keyring/ssh', 'AMENT_PREFIX_PATH': '/home/mcfb/ros2_ws/install/ai_navigator:/home/mcfb/ros2_ws/install/px4_ros_com:/home/mcfb/ros2_ws/install/px4_offboard:/home/mcfb/ros2_ws/install/px4_msgs:/opt/ros/jazzy', 'SHELL': '/bin/bash', 'QT_ACCESSIBILITY': '1', 'GDMSESSION': 'ubuntu', 'LESSCLOSE': '/usr/bin/lesspipe %s %s', 'IGN_GAZEBO_RESOURCE_PATH': '/opt/ros/jazzy/share', 'GPG_AGENT_INFO': '/run/user/1000/gnupg/S.gpg-agent:0:1', 'ROS_AUTOMATIC_DISCOVERY_RANGE': 'SUBNET', 'QT_IM_MODULE': 'ibus', 'PWD': '/home/mcfb/ros2_ws/build/ai_navigator', 'LC_ALL': 'en_US.UTF-8', 'XDG_CONFIG_DIRS': '/etc/xdg/xdg-ubuntu:/etc/xdg', 'XDG_DATA_DIRS': '/usr/share/ubuntu:/usr/share/gnome:/usr/local/share/:/usr/share/:/var/lib/snapd/desktop', 'PYTHONPATH': '/home/mcfb/ros2_ws/build/ai_navigator/prefix_override:/usr/lib/python3/dist-packages/colcon_core/task/python/colcon_distutils_commands:/home/mcfb/ros2_ws/install/ai_navigator/lib/python3.12/site-packages:/home/mcfb/ros2_ws/install/ai_navigator/lib/python3.12/site-packages:/home/mcfb/ros2_ws/install/px4_ros_com/lib/python3.12/site-packages:/home/mcfb/ros2_ws/install/px4_offboard/lib/python3.12/site-packages:/home/mcfb/ros2_ws/install/px4_msgs/lib/python3.12/site-packages:/home/mcfb/drone_venv/lib/python3.12/site-packages:/opt/ros/jazzy/lib/python3.12/site-packages', 'COLCON': '1', 'MEMORY_PRESSURE_WRITE': 'c29tZSAyMDAwMDAgMjAwMDAwMAA=', 'VTE_VERSION': '7600', 'CMAKE_PREFIX_PATH': '/home/mcfb/ros2_ws/install/px4_ros_com:/home/mcfb/ros2_ws/install/px4_msgs:/opt/ros/jazzy/opt/gz_sim_vendor:/opt/ros/jazzy/opt/gz_sensors_vendor:/opt/ros/jazzy/opt/gz_physics_vendor:/opt/ros/jazzy/opt/sdformat_vendor:/opt/ros/jazzy/opt/gz_gui_vendor:/opt/ros/jazzy/opt/gz_transport_vendor:/opt/ros/jazzy/opt/gz_rendering_vendor:/opt/ros/jazzy/opt/gz_plugin_vendor:/opt/ros/jazzy/opt/gz_fuel_tools_vendor:/opt/ros/jazzy/opt/gz_msgs_vendor:/opt/ros/jazzy/opt/gz_common_vendor:/opt/ros/jazzy/opt/gz_math_vendor:/opt/ros/jazzy/opt/gz_utils_vendor:/opt/ros/jazzy/opt/gz_tools_vendor:/opt/ros/jazzy/opt/gz_ogre_next_vendor:/opt/ros/jazzy/opt/gz_dartsim_vendor:/opt/ros/jazzy/opt/gz_cmake_vendor'}, 'shell': False}
[0.701069] (-) TimerEvent: {}
[0.716814] (px4_msgs) StdoutLine: {'line': b'[  0%] Built target px4_msgs__rosidl_generator_type_description\n'}
[0.752580] (px4_msgs) StdoutLine: {'line': b'[  0%] Built target ament_cmake_python_copy_px4_msgs\n'}
[0.770769] (px4_msgs) StdoutLine: {'line': b'[  0%] Built target px4_msgs__cpp\n'}
[0.801167] (-) TimerEvent: {}
[0.901460] (-) TimerEvent: {}
[0.903083] (px4_msgs) StdoutLine: {'line': b'[ 29%] Built target px4_msgs__rosidl_generator_c\n'}
[0.977953] (ai_navigator) StdoutLine: {'line': b'running egg_info\n'}
[0.997985] (px4_msgs) StdoutLine: {'line': b'[ 39%] Built target px4_msgs__rosidl_typesupport_introspection_c\n'}
[1.001588] (-) TimerEvent: {}
[1.003234] (ai_navigator) StdoutLine: {'line': b'writing ../../build/ai_navigator/ai_navigator.egg-info/PKG-INFO\n'}
[1.003759] (ai_navigator) StdoutLine: {'line': b'writing dependency_links to ../../build/ai_navigator/ai_navigator.egg-info/dependency_links.txt\n'}
[1.003961] (ai_navigator) StdoutLine: {'line': b'writing entry points to ../../build/ai_navigator/ai_navigator.egg-info/entry_points.txt\n'}
[1.004095] (ai_navigator) StdoutLine: {'line': b'writing requirements to ../../build/ai_navigator/ai_navigator.egg-info/requires.txt\n'}
[1.004205] (ai_navigator) StdoutLine: {'line': b'writing top-level names to ../../build/ai_navigator/ai_navigator.egg-info/top_level.txt\n'}
[1.004402] (px4_msgs) StdoutLine: {'line': b'[ 49%] Built target px4_msgs__rosidl_typesupport_c\n'}
[1.008387] (px4_msgs) StdoutLine: {'line': b'running egg_info\n'}
[1.031718] (px4_msgs) StdoutLine: {'line': b'writing px4_msgs.egg-info/PKG-INFO\n'}
[1.032233] (px4_msgs) StdoutLine: {'line': b'writing dependency_links to px4_msgs.egg-info/dependency_links.txt\n'}
[1.032515] (px4_msgs) StdoutLine: {'line': b'writing top-level names to px4_msgs.egg-info/top_level.txt\n'}
[1.038088] (px4_msgs) StdoutLine: {'line': b'[ 59%] Built target px4_msgs__rosidl_typesupport_cpp\n'}
[1.041592] (ai_navigator) StdoutLine: {'line': b"reading manifest file '../../build/ai_navigator/ai_navigator.egg-info/SOURCES.txt'\n"}
[1.041877] (ai_navigator) StdoutLine: {'line': b"adding license file 'LICENSE'\n"}
[1.042732] (ai_navigator) StdoutLine: {'line': b"writing manifest file '../../build/ai_navigator/ai_navigator.egg-info/SOURCES.txt'\n"}
[1.042867] (ai_navigator) StdoutLine: {'line': b'running build\n'}
[1.042973] (ai_navigator) StdoutLine: {'line': b'running build_py\n'}
[1.043106] (ai_navigator) StdoutLine: {'line': b'copying ai_navigator/navigation_params.py -> /home/mcfb/ros2_ws/build/ai_navigator/build/lib/ai_navigator\n'}
[1.043232] (ai_navigator) StdoutLine: {'line': b'copying ai_navigator/obstacle_data.py -> /home/mcfb/ros2_ws/build/ai_navigator/build/lib/ai_navigator\n'}
[1.043359] (ai_navigator) StdoutLine: {'line': b'copying ai_navigator/main.py -> /home/mcfb/ros2_ws/build/ai_navigator/build/lib/ai_navigator\n'}
[1.043574] (ai_navigator) StdoutLine: {'line': b'copying ai_navigator/__init__.py -> /home/mcfb/ros2_ws/build/ai_navigator/build/lib/ai_navigator\n'}
[1.043670] (ai_navigator) StdoutLine: {'line': b'copying ai_navigator/obstacles.py -> /home/mcfb/ros2_ws/build/ai_navigator/build/lib/ai_navigator\n'}
[1.043759] (ai_navigator) StdoutLine: {'line': b'copying ai_navigator/smart_navigator.py -> /home/mcfb/ros2_ws/build/ai_navigator/build/lib/ai_navigator\n'}
[1.043878] (ai_navigator) StdoutLine: {'line': b'copying ai_navigator/autonomous_navigation.py -> /home/mcfb/ros2_ws/build/ai_navigator/build/lib/ai_navigator\n'}
[1.043970] (ai_navigator) StdoutLine: {'line': b'copying ai_navigator/path_planner.py -> /home/mcfb/ros2_ws/build/ai_navigator/build/lib/ai_navigator\n'}
[1.044087] (ai_navigator) StdoutLine: {'line': b'running install\n'}
[1.048556] (ai_navigator) StdoutLine: {'line': b'running install_lib\n'}
[1.054756] (px4_msgs) StdoutLine: {'line': b'[ 69%] Built target px4_msgs__rosidl_typesupport_fastrtps_c\n'}
[1.058950] (px4_msgs) StdoutLine: {'line': b'[ 79%] Built target px4_msgs__rosidl_typesupport_introspection_cpp\n'}
[1.067340] (ai_navigator) StdoutLine: {'line': b'running install_data\n'}
[1.067595] (ai_navigator) StdoutLine: {'line': b'copying resource/ai_navigator -> /home/mcfb/ros2_ws/install/ai_navigator/share/ament_index/resource_index/packages\n'}
[1.067774] (ai_navigator) StdoutLine: {'line': b'copying package.xml -> /home/mcfb/ros2_ws/install/ai_navigator/share/ai_navigator\n'}
[1.067925] (ai_navigator) StdoutLine: {'line': b'running install_egg_info\n'}
[1.081016] (px4_msgs) StdoutLine: {'line': b'[ 89%] Built target px4_msgs__rosidl_typesupport_fastrtps_cpp\n'}
[1.088465] (ai_navigator) StdoutLine: {'line': b"removing '/home/mcfb/ros2_ws/install/ai_navigator/lib/python3.12/site-packages/ai_navigator-0.0.0-py3.12.egg-info' (and everything under it)\n"}
[1.088621] (ai_navigator) StdoutLine: {'line': b'Copying ../../build/ai_navigator/ai_navigator.egg-info to /home/mcfb/ros2_ws/install/ai_navigator/lib/python3.12/site-packages/ai_navigator-0.0.0-py3.12.egg-info\n'}
[1.089099] (ai_navigator) StdoutLine: {'line': b'running install_scripts\n'}
[1.100075] (px4_msgs) StdoutLine: {'line': b"reading manifest file 'px4_msgs.egg-info/SOURCES.txt'\n"}
[1.101653] (-) TimerEvent: {}
[1.103567] (px4_msgs) StdoutLine: {'line': b'[ 89%] Built target px4_msgs\n'}
[1.103726] (px4_msgs) StdoutLine: {'line': b"writing manifest file 'px4_msgs.egg-info/SOURCES.txt'\n"}
[1.135773] (px4_msgs) StdoutLine: {'line': b'[ 89%] Built target ament_cmake_python_build_px4_msgs_egg\n'}
[1.136433] (ai_navigator) StdoutLine: {'line': b'Installing ai_camera_sub script to /home/mcfb/ros2_ws/install/ai_navigator/lib/ai_navigator\n'}
[1.136650] (ai_navigator) StdoutLine: {'line': b'Installing autonomous_navigation script to /home/mcfb/ros2_ws/install/ai_navigator/lib/ai_navigator\n'}
[1.136759] (ai_navigator) StdoutLine: {'line': b'Installing navigate_to_point script to /home/mcfb/ros2_ws/install/ai_navigator/lib/ai_navigator\n'}
[1.136858] (ai_navigator) StdoutLine: {'line': b'Installing point_to_point_nav script to /home/mcfb/ros2_ws/install/ai_navigator/lib/ai_navigator\n'}
[1.136963] (px4_msgs) StdoutLine: {'line': b'[ 89%] Built target px4_msgs__py\n'}
[1.137241] (ai_navigator) StdoutLine: {'line': b"writing list of installed files to '/home/mcfb/ros2_ws/build/ai_navigator/install.log'\n"}
[1.164370] (ai_navigator) CommandEnded: {'returncode': 0}
[1.174200] (ai_navigator) JobEnded: {'identifier': 'ai_navigator', 'rc': 0}
[1.201770] (-) TimerEvent: {}
[1.257690] (px4_msgs) StdoutLine: {'line': b'[ 99%] Built target px4_msgs__rosidl_generator_py\n'}
[1.283292] (px4_msgs) StdoutLine: {'line': b'[ 99%] Built target px4_msgs_s__rosidl_typesupport_c\n'}
[1.283667] (px4_msgs) StdoutLine: {'line': b'[ 99%] Built target px4_msgs_s__rosidl_typesupport_fastrtps_c\n'}
[1.283780] (px4_msgs) StdoutLine: {'line': b'[100%] Built target px4_msgs_s__rosidl_typesupport_introspection_c\n'}
[1.296780] (px4_msgs) CommandEnded: {'returncode': 0}
[1.297578] (px4_msgs) JobProgress: {'identifier': 'px4_msgs', 'progress': 'install'}
[1.301834] (-) TimerEvent: {}
[1.305379] (px4_msgs) Command: {'cmd': ['/usr/bin/cmake', '--install', '/home/mcfb/ros2_ws/build/px4_msgs'], 'cwd': '/home/mcfb/ros2_ws/build/px4_msgs', 'env': OrderedDict({'LESSOPEN': '| /usr/bin/lesspipe %s', 'USER': 'mcfb', 'GZ_CONFIG_PATH': '/opt/ros/jazzy/opt/gz_sim_vendor/share/gz:/opt/ros/jazzy/opt/sdformat_vendor/share/gz:/opt/ros/jazzy/opt/gz_gui_vendor/share/gz:/opt/ros/jazzy/opt/gz_transport_vendor/share/gz:/opt/ros/jazzy/opt/gz_rendering_vendor/share/gz:/opt/ros/jazzy/opt/gz_plugin_vendor/share/gz:/opt/ros/jazzy/opt/gz_fuel_tools_vendor/share/gz:/opt/ros/jazzy/opt/gz_msgs_vendor/share/gz:/opt/ros/jazzy/opt/gz_common_vendor/share/gz', 'XDG_SESSION_TYPE': 'x11', 'CLUTTER_DISABLE_MIPMAPPED_TEXT': '1', 'SHLVL': '1', 'LD_LIBRARY_PATH': '/home/mcfb/ros2_ws/install/px4_ros_com/lib:/home/mcfb/ros2_ws/install/px4_msgs/lib:/opt/ros/jazzy/opt/gz_sim_vendor/lib:/opt/ros/jazzy/opt/gz_sensors_vendor/lib:/opt/ros/jazzy/opt/gz_physics_vendor/lib:/opt/ros/jazzy/opt/sdformat_vendor/lib:/opt/ros/jazzy/opt/rviz_ogre_vendor/lib:/opt/ros/jazzy/lib/x86_64-linux-gnu:/opt/ros/jazzy/opt/gz_gui_vendor/lib:/opt/ros/jazzy/opt/gz_transport_vendor/lib:/opt/ros/jazzy/opt/gz_rendering_vendor/lib:/opt/ros/jazzy/opt/gz_plugin_vendor/lib:/opt/ros/jazzy/opt/gz_fuel_tools_vendor/lib:/opt/ros/jazzy/opt/gz_msgs_vendor/lib:/opt/ros/jazzy/opt/gz_common_vendor/lib:/opt/ros/jazzy/opt/gz_math_vendor/lib:/opt/ros/jazzy/opt/gz_utils_vendor/lib:/opt/ros/jazzy/opt/gz_tools_vendor/lib:/opt/ros/jazzy/opt/gz_ogre_next_vendor/lib:/opt/ros/jazzy/opt/gz_dartsim_vendor/lib:/opt/ros/jazzy/opt/gz_cmake_vendor/lib:/opt/ros/jazzy/lib', 'HOME': '/home/mcfb', 'OLDPWD': '/home/mcfb', 'DESKTOP_SESSION': 'ubuntu', 'ROS_PYTHON_VERSION': '3', 'GNOME_SHELL_SESSION_MODE': 'ubuntu', 'GTK_MODULES': 'gail:atk-bridge', 'SYSTEMD_EXEC_PID': '2892', 'GSM_SKIP_SSH_AGENT_WORKAROUND': 'true', 'DBUS_SESSION_BUS_ADDRESS': 'unix:path=/run/user/1000/bus', 'COLORTERM': 'truecolor', 'DEBUGINFOD_URLS': 'https://debuginfod.ubuntu.com', 'COLCON_PREFIX_PATH': '/home/mcfb/ros2_ws/install', 'ROS_DISTRO': 'jazzy', 'LOGNAME': 'mcfb', '_': '/usr/bin/colcon', 'ROS_VERSION': '2', 'MEMORY_PRESSURE_WATCH': '/sys/fs/cgroup/user.slice/user-1000.slice/user@1000.service/session.slice/org.gnome.Shell@x11.service/memory.pressure', 'XDG_SESSION_CLASS': 'user', 'USERNAME': 'mcfb', 'TERM': 'xterm-256color', 'GNOME_DESKTOP_SESSION_ID': 'this-is-deprecated', 'WINDOWPATH': '2', 'PATH': '/opt/ros/jazzy/opt/gz_msgs_vendor/bin:/opt/ros/jazzy/opt/gz_tools_vendor/bin:/opt/ros/jazzy/opt/gz_ogre_next_vendor/bin:/opt/ros/jazzy/bin:/home/mcfb/.local/bin:/usr/local/sbin:/usr/local/bin:/usr/sbin:/usr/bin:/sbin:/bin:/usr/games:/usr/local/games:/snap/bin:/snap/bin:/opt/xtensa-esp-elf/bin/', 'SESSION_MANAGER': 'local/mcfb:@/tmp/.ICE-unix/2860,unix/mcfb:/tmp/.ICE-unix/2860', 'XDG_MENU_PREFIX': 'gnome-', 'GNOME_TERMINAL_SCREEN': '/org/gnome/Terminal/screen/635fe134_8057_4151_bd4d_d98d51531782', 'XDG_RUNTIME_DIR': '/run/user/1000', 'DISPLAY': ':1', 'LANG': 'en_US.UTF-8', 'XDG_CURRENT_DESKTOP': 'ubuntu:GNOME', 'XMODIFIERS': '@im=ibus', 'XDG_SESSION_DESKTOP': 'ubuntu', 'XAUTHORITY': '/run/user/1000/gdm/Xauthority', 'LS_COLORS': 'rs=0:di=01;34:ln=01;36:mh=00:pi=40;33:so=01;35:do=01;35:bd=40;33;01:cd=40;33;01:or=40;31;01:mi=00:su=37;41:sg=30;43:ca=00:tw=30;42:ow=34;42:st=37;44:ex=01;32:*.tar=01;31:*.tgz=01;31:*.arc=01;31:*.arj=01;31:*.taz=01;31:*.lha=01;31:*.lz4=01;31:*.lzh=01;31:*.lzma=01;31:*.tlz=01;31:*.txz=01;31:*.tzo=01;31:*.t7z=01;31:*.zip=01;31:*.z=01;31:*.dz=01;31:*.gz=01;31:*.lrz=01;31:*.lz=01;31:*.lzo=01;31:*.xz=01;31:*.zst=01;31:*.tzst=01;31:*.bz2=01;31:*.bz=01;31:*.tbz=01;31:*.tbz2=01;31:*.tz=01;31:*.deb=01;31:*.rpm=01;31:*.jar=01;31:*.war=01;31:*.ear=01;31:*.sar=01;31:*.rar=01;31:*.alz=01;31:*.ace=01;31:*.zoo=01;31:*.cpio=01;31:*.7z=01;31:*.rz=01;31:*.cab=01;31:*.wim=01;31:*.swm=01;31:*.dwm=01;31:*.esd=01;31:*.avif=01;35:*.jpg=01;35:*.jpeg=01;35:*.mjpg=01;35:*.mjpeg=01;35:*.gif=01;35:*.bmp=01;35:*.pbm=01;35:*.pgm=01;35:*.ppm=01;35:*.tga=01;35:*.xbm=01;35:*.xpm=01;35:*.tif=01;35:*.tiff=01;35:*.png=01;35:*.svg=01;35:*.svgz=01;35:*.mng=01;35:*.pcx=01;35:*.mov=01;35:*.mpg=01;35:*.mpeg=01;35:*.m2v=01;35:*.mkv=01;35:*.webm=01;35:*.webp=01;35:*.ogm=01;35:*.mp4=01;35:*.m4v=01;35:*.mp4v=01;35:*.vob=01;35:*.qt=01;35:*.nuv=01;35:*.wmv=01;35:*.asf=01;35:*.rm=01;35:*.rmvb=01;35:*.flc=01;35:*.avi=01;35:*.fli=01;35:*.flv=01;35:*.gl=01;35:*.dl=01;35:*.xcf=01;35:*.xwd=01;35:*.yuv=01;35:*.cgm=01;35:*.emf=01;35:*.ogv=01;35:*.ogx=01;35:*.aac=00;36:*.au=00;36:*.flac=00;36:*.m4a=00;36:*.mid=00;36:*.midi=00;36:*.mka=00;36:*.mp3=00;36:*.mpc=00;36:*.ogg=00;36:*.ra=00;36:*.wav=00;36:*.oga=00;36:*.opus=00;36:*.spx=00;36:*.xspf=00;36:*~=00;90:*#=00;90:*.bak=00;90:*.crdownload=00;90:*.dpkg-dist=00;90:*.dpkg-new=00;90:*.dpkg-old=00;90:*.dpkg-tmp=00;90:*.old=00;90:*.orig=00;90:*.part=00;90:*.rej=00;90:*.rpmnew=00;90:*.rpmorig=00;90:*.rpmsave=00;90:*.swp=00;90:*.tmp=00;90:*.ucf-dist=00;90:*.ucf-new=00;90:*.ucf-old=00;90:', 'GNOME_TERMINAL_SERVICE': ':1.114', 'SSH_AUTH_SOCK': '/run/user/1000/keyring/ssh', 'AMENT_PREFIX_PATH': '/home/mcfb/ros2_ws/install/ai_navigator:/home/mcfb/ros2_ws/install/px4_ros_com:/home/mcfb/ros2_ws/install/px4_offboard:/home/mcfb/ros2_ws/install/px4_msgs:/opt/ros/jazzy', 'SHELL': '/bin/bash', 'QT_ACCESSIBILITY': '1', 'GDMSESSION': 'ubuntu', 'LESSCLOSE': '/usr/bin/lesspipe %s %s', 'IGN_GAZEBO_RESOURCE_PATH': '/opt/ros/jazzy/share', 'GPG_AGENT_INFO': '/run/user/1000/gnupg/S.gpg-agent:0:1', 'ROS_AUTOMATIC_DISCOVERY_RANGE': 'SUBNET', 'QT_IM_MODULE': 'ibus', 'PWD': '/home/mcfb/ros2_ws/build/px4_msgs', 'LC_ALL': 'en_US.UTF-8', 'XDG_CONFIG_DIRS': '/etc/xdg/xdg-ubuntu:/etc/xdg', 'XDG_DATA_DIRS': '/usr/share/ubuntu:/usr/share/gnome:/usr/local/share/:/usr/share/:/var/lib/snapd/desktop', 'PYTHONPATH': '/home/mcfb/ros2_ws/install/ai_navigator/lib/python3.12/site-packages:/home/mcfb/ros2_ws/install/px4_ros_com/lib/python3.12/site-packages:/home/mcfb/ros2_ws/install/px4_offboard/lib/python3.12/site-packages:/home/mcfb/ros2_ws/install/px4_msgs/lib/python3.12/site-packages:/home/mcfb/drone_venv/lib/python3.12/site-packages:/opt/ros/jazzy/lib/python3.12/site-packages', 'COLCON': '1', 'MEMORY_PRESSURE_WRITE': 'c29tZSAyMDAwMDAgMjAwMDAwMAA=', 'VTE_VERSION': '7600', 'CMAKE_PREFIX_PATH': '/home/mcfb/ros2_ws/install/px4_ros_com:/home/mcfb/ros2_ws/install/px4_msgs:/opt/ros/jazzy/opt/gz_sim_vendor:/opt/ros/jazzy/opt/gz_sensors_vendor:/opt/ros/jazzy/opt/gz_physics_vendor:/opt/ros/jazzy/opt/sdformat_vendor:/opt/ros/jazzy/opt/gz_gui_vendor:/opt/ros/jazzy/opt/gz_transport_vendor:/opt/ros/jazzy/opt/gz_rendering_vendor:/opt/ros/jazzy/opt/gz_plugin_vendor:/opt/ros/jazzy/opt/gz_fuel_tools_vendor:/opt/ros/jazzy/opt/gz_msgs_vendor:/opt/ros/jazzy/opt/gz_common_vendor:/opt/ros/jazzy/opt/gz_math_vendor:/opt/ros/jazzy/opt/gz_utils_vendor:/opt/ros/jazzy/opt/gz_tools_vendor:/opt/ros/jazzy/opt/gz_ogre_next_vendor:/opt/ros/jazzy/opt/gz_dartsim_vendor:/opt/ros/jazzy/opt/gz_cmake_vendor:/home/mcfb/ros2_ws/install/ai_navigator:/home/mcfb/ros2_ws/install/px4_offboard:/opt/ros/jazzy'}), 'shell': False}
[1.316025] (px4_msgs) StdoutLine: {'line': b'-- Install configuration: ""\n'}
[1.316250] (px4_msgs) StdoutLine: {'line': b'-- Up-to-date: /home/mcfb/ros2_ws/install/px4_msgs/share/ament_index/resource_index/rosidl_interfaces/px4_msgs\n'}
[1.316394] (px4_msgs) StdoutLine: {'line': b'-- Up-to-date: /home/mcfb/ros2_ws/install/px4_msgs/share/px4_msgs/msg/ActionRequest.json\n'}
[1.316492] (px4_msgs) StdoutLine: {'line': b'-- Up-to-date: /home/mcfb/ros2_ws/install/px4_msgs/share/px4_msgs/msg/ActuatorArmed.json\n'}
[1.316610] (px4_msgs) StdoutLine: {'line': b'-- Up-to-date: /home/mcfb/ros2_ws/install/px4_msgs/share/px4_msgs/msg/ActuatorControlsStatus.json\n'}
[1.316680] (px4_msgs) StdoutLine: {'line': b'-- Up-to-date: /home/mcfb/ros2_ws/install/px4_msgs/share/px4_msgs/msg/ActuatorMotors.json\n'}
[1.316732] (px4_msgs) StdoutLine: {'line': b'-- Up-to-date: /home/mcfb/ros2_ws/install/px4_msgs/share/px4_msgs/msg/ActuatorOutputs.json\n'}
[1.316784] (px4_msgs) StdoutLine: {'line': b'-- Up-to-date: /home/mcfb/ros2_ws/install/px4_msgs/share/px4_msgs/msg/ActuatorServos.json\n'}
[1.316843] (px4_msgs) StdoutLine: {'line': b'-- Up-to-date: /home/mcfb/ros2_ws/install/px4_msgs/share/px4_msgs/msg/ActuatorServosTrim.json\n'}
[1.316903] (px4_msgs) StdoutLine: {'line': b'-- Up-to-date: /home/mcfb/ros2_ws/install/px4_msgs/share/px4_msgs/msg/ActuatorTest.json\n'}
[1.316962] (px4_msgs) StdoutLine: {'line': b'-- Up-to-date: /home/mcfb/ros2_ws/install/px4_msgs/share/px4_msgs/msg/AdcReport.json\n'}
[1.317022] (px4_msgs) StdoutLine: {'line': b'-- Up-to-date: /home/mcfb/ros2_ws/install/px4_msgs/share/px4_msgs/msg/Airspeed.json\n'}
[1.317080] (px4_msgs) StdoutLine: {'line': b'-- Up-to-date: /home/mcfb/ros2_ws/install/px4_msgs/share/px4_msgs/msg/AirspeedValidated.json\n'}
[1.317138] (px4_msgs) StdoutLine: {'line': b'-- Up-to-date: /home/mcfb/ros2_ws/install/px4_msgs/share/px4_msgs/msg/AirspeedWind.json\n'}
[1.317263] (px4_msgs) StdoutLine: {'line': b'-- Up-to-date: /home/mcfb/ros2_ws/install/px4_msgs/share/px4_msgs/msg/ArmingCheckReply.json\n'}
[1.317359] (px4_msgs) StdoutLine: {'line': b'-- Up-to-date: /home/mcfb/ros2_ws/install/px4_msgs/share/px4_msgs/msg/ArmingCheckRequest.json\n'}
[1.317418] (px4_msgs) StdoutLine: {'line': b'-- Up-to-date: /home/mcfb/ros2_ws/install/px4_msgs/share/px4_msgs/msg/AutotuneAttitudeControlStatus.json\n'}
[1.317478] (px4_msgs) StdoutLine: {'line': b'-- Up-to-date: /home/mcfb/ros2_ws/install/px4_msgs/share/px4_msgs/msg/BatteryInfo.json\n'}
[1.317549] (px4_msgs) StdoutLine: {'line': b'-- Up-to-date: /home/mcfb/ros2_ws/install/px4_msgs/share/px4_msgs/msg/BatteryStatus.json\n'}
[1.317611] (px4_msgs) StdoutLine: {'line': b'-- Up-to-date: /home/mcfb/ros2_ws/install/px4_msgs/share/px4_msgs/msg/ButtonEvent.json\n'}
[1.317679] (px4_msgs) StdoutLine: {'line': b'-- Up-to-date: /home/mcfb/ros2_ws/install/px4_msgs/share/px4_msgs/msg/CameraCapture.json\n'}
[1.317737] (px4_msgs) StdoutLine: {'line': b'-- Up-to-date: /home/mcfb/ros2_ws/install/px4_msgs/share/px4_msgs/msg/CameraStatus.json\n'}
[1.317802] (px4_msgs) StdoutLine: {'line': b'-- Up-to-date: /home/mcfb/ros2_ws/install/px4_msgs/share/px4_msgs/msg/CameraTrigger.json\n'}
[1.317863] (px4_msgs) StdoutLine: {'line': b'-- Up-to-date: /home/mcfb/ros2_ws/install/px4_msgs/share/px4_msgs/msg/CanInterfaceStatus.json\n'}
[1.317920] (px4_msgs) StdoutLine: {'line': b'-- Up-to-date: /home/mcfb/ros2_ws/install/px4_msgs/share/px4_msgs/msg/CellularStatus.json\n'}
[1.317979] (px4_msgs) StdoutLine: {'line': b'-- Up-to-date: /home/mcfb/ros2_ws/install/px4_msgs/share/px4_msgs/msg/CollisionConstraints.json\n'}
[1.318037] (px4_msgs) StdoutLine: {'line': b'-- Up-to-date: /home/mcfb/ros2_ws/install/px4_msgs/share/px4_msgs/msg/ConfigOverrides.json\n'}
[1.318096] (px4_msgs) StdoutLine: {'line': b'-- Up-to-date: /home/mcfb/ros2_ws/install/px4_msgs/share/px4_msgs/msg/ControlAllocatorStatus.json\n'}
[1.318191] (px4_msgs) StdoutLine: {'line': b'-- Up-to-date: /home/mcfb/ros2_ws/install/px4_msgs/share/px4_msgs/msg/Cpuload.json\n'}
[1.318250] (px4_msgs) StdoutLine: {'line': b'-- Up-to-date: /home/mcfb/ros2_ws/install/px4_msgs/share/px4_msgs/msg/DatamanRequest.json\n'}
[1.318310] (px4_msgs) StdoutLine: {'line': b'-- Up-to-date: /home/mcfb/ros2_ws/install/px4_msgs/share/px4_msgs/msg/DatamanResponse.json\n'}
[1.318375] (px4_msgs) StdoutLine: {'line': b'-- Up-to-date: /home/mcfb/ros2_ws/install/px4_msgs/share/px4_msgs/msg/DebugArray.json\n'}
[1.318434] (px4_msgs) StdoutLine: {'line': b'-- Up-to-date: /home/mcfb/ros2_ws/install/px4_msgs/share/px4_msgs/msg/DebugKeyValue.json\n'}
[1.318596] (px4_msgs) StdoutLine: {'line': b'-- Up-to-date: /home/mcfb/ros2_ws/install/px4_msgs/share/px4_msgs/msg/DebugValue.json\n'}
[1.318661] (px4_msgs) StdoutLine: {'line': b'-- Up-to-date: /home/mcfb/ros2_ws/install/px4_msgs/share/px4_msgs/msg/DebugVect.json\n'}
[1.318726] (px4_msgs) StdoutLine: {'line': b'-- Up-to-date: /home/mcfb/ros2_ws/install/px4_msgs/share/px4_msgs/msg/DifferentialPressure.json\n'}
[1.318784] (px4_msgs) StdoutLine: {'line': b'-- Up-to-date: /home/mcfb/ros2_ws/install/px4_msgs/share/px4_msgs/msg/DistanceSensor.json\n'}
[1.318845] (px4_msgs) StdoutLine: {'line': b'-- Up-to-date: /home/mcfb/ros2_ws/install/px4_msgs/share/px4_msgs/msg/DistanceSensorModeChangeRequest.json\n'}
[1.318906] (px4_msgs) StdoutLine: {'line': b'-- Up-to-date: /home/mcfb/ros2_ws/install/px4_msgs/share/px4_msgs/msg/DronecanNodeStatus.json\n'}
[1.318963] (px4_msgs) StdoutLine: {'line': b'-- Up-to-date: /home/mcfb/ros2_ws/install/px4_msgs/share/px4_msgs/msg/Ekf2Timestamps.json\n'}
[1.319022] (px4_msgs) StdoutLine: {'line': b'-- Up-to-date: /home/mcfb/ros2_ws/install/px4_msgs/share/px4_msgs/msg/EscReport.json\n'}
[1.319079] (px4_msgs) StdoutLine: {'line': b'-- Up-to-date: /home/mcfb/ros2_ws/install/px4_msgs/share/px4_msgs/msg/EscStatus.json\n'}
[1.319136] (px4_msgs) StdoutLine: {'line': b'-- Up-to-date: /home/mcfb/ros2_ws/install/px4_msgs/share/px4_msgs/msg/EstimatorAidSource1d.json\n'}
[1.319194] (px4_msgs) StdoutLine: {'line': b'-- Up-to-date: /home/mcfb/ros2_ws/install/px4_msgs/share/px4_msgs/msg/EstimatorAidSource2d.json\n'}
[1.319250] (px4_msgs) StdoutLine: {'line': b'-- Up-to-date: /home/mcfb/ros2_ws/install/px4_msgs/share/px4_msgs/msg/EstimatorAidSource3d.json\n'}
[1.319311] (px4_msgs) StdoutLine: {'line': b'-- Up-to-date: /home/mcfb/ros2_ws/install/px4_msgs/share/px4_msgs/msg/EstimatorBias.json\n'}
[1.319373] (px4_msgs) StdoutLine: {'line': b'-- Up-to-date: /home/mcfb/ros2_ws/install/px4_msgs/share/px4_msgs/msg/EstimatorBias3d.json\n'}
[1.319431] (px4_msgs) StdoutLine: {'line': b'-- Up-to-date: /home/mcfb/ros2_ws/install/px4_msgs/share/px4_msgs/msg/EstimatorEventFlags.json\n'}
[1.319489] (px4_msgs) StdoutLine: {'line': b'-- Up-to-date: /home/mcfb/ros2_ws/install/px4_msgs/share/px4_msgs/msg/EstimatorGpsStatus.json\n'}
[1.319549] (px4_msgs) StdoutLine: {'line': b'-- Up-to-date: /home/mcfb/ros2_ws/install/px4_msgs/share/px4_msgs/msg/EstimatorInnovations.json\n'}
[1.319606] (px4_msgs) StdoutLine: {'line': b'-- Up-to-date: /home/mcfb/ros2_ws/install/px4_msgs/share/px4_msgs/msg/EstimatorSelectorStatus.json\n'}
[1.319669] (px4_msgs) StdoutLine: {'line': b'-- Up-to-date: /home/mcfb/ros2_ws/install/px4_msgs/share/px4_msgs/msg/EstimatorSensorBias.json\n'}
[1.319726] (px4_msgs) StdoutLine: {'line': b'-- Up-to-date: /home/mcfb/ros2_ws/install/px4_msgs/share/px4_msgs/msg/EstimatorStates.json\n'}
[1.319784] (px4_msgs) StdoutLine: {'line': b'-- Up-to-date: /home/mcfb/ros2_ws/install/px4_msgs/share/px4_msgs/msg/EstimatorStatus.json\n'}
[1.319841] (px4_msgs) StdoutLine: {'line': b'-- Up-to-date: /home/mcfb/ros2_ws/install/px4_msgs/share/px4_msgs/msg/EstimatorStatusFlags.json\n'}
[1.319898] (px4_msgs) StdoutLine: {'line': b'-- Up-to-date: /home/mcfb/ros2_ws/install/px4_msgs/share/px4_msgs/msg/Event.json\n'}
[1.319956] (px4_msgs) StdoutLine: {'line': b'-- Up-to-date: /home/mcfb/ros2_ws/install/px4_msgs/share/px4_msgs/msg/FailsafeFlags.json\n'}
[1.320019] (px4_msgs) StdoutLine: {'line': b'-- Up-to-date: /home/mcfb/ros2_ws/install/px4_msgs/share/px4_msgs/msg/FailureDetectorStatus.json\n'}
[1.320090] (px4_msgs) StdoutLine: {'line': b'-- Up-to-date: /home/mcfb/ros2_ws/install/px4_msgs/share/px4_msgs/msg/FigureEightStatus.json\n'}
[1.320297] (px4_msgs) StdoutLine: {'line': b'-- Up-to-date: /home/mcfb/ros2_ws/install/px4_msgs/share/px4_msgs/msg/FixedWingLateralGuidanceStatus.json\n'}
[1.321183] (px4_msgs) StdoutLine: {'line': b'-- Up-to-date: /home/mcfb/ros2_ws/install/px4_msgs/share/px4_msgs/msg/FixedWingLateralSetpoint.json\n'}
[1.321267] (px4_msgs) StdoutLine: {'line': b'-- Up-to-date: /home/mcfb/ros2_ws/install/px4_msgs/share/px4_msgs/msg/FixedWingLateralStatus.json\n'}
[1.321330] (px4_msgs) StdoutLine: {'line': b'-- Up-to-date: /home/mcfb/ros2_ws/install/px4_msgs/share/px4_msgs/msg/FixedWingLongitudinalSetpoint.json\n'}
[1.321386] (px4_msgs) StdoutLine: {'line': b'-- Up-to-date: /home/mcfb/ros2_ws/install/px4_msgs/share/px4_msgs/msg/FixedWingRunwayControl.json\n'}
[1.321484] (px4_msgs) StdoutLine: {'line': b'-- Up-to-date: /home/mcfb/ros2_ws/install/px4_msgs/share/px4_msgs/msg/FlightPhaseEstimation.json\n'}
[1.321672] (px4_msgs) StdoutLine: {'line': b'-- Up-to-date: /home/mcfb/ros2_ws/install/px4_msgs/share/px4_msgs/msg/FollowTarget.json\n'}
[1.321756] (px4_msgs) StdoutLine: {'line': b'-- Up-to-date: /home/mcfb/ros2_ws/install/px4_msgs/share/px4_msgs/msg/FollowTargetEstimator.json\n'}
[1.321827] (px4_msgs) StdoutLine: {'line': b'-- Up-to-date: /home/mcfb/ros2_ws/install/px4_msgs/share/px4_msgs/msg/FollowTargetStatus.json\n'}
[1.321884] (px4_msgs) StdoutLine: {'line': b'-- Up-to-date: /home/mcfb/ros2_ws/install/px4_msgs/share/px4_msgs/msg/FuelTankStatus.json\n'}
[1.321935] (px4_msgs) StdoutLine: {'line': b'-- Up-to-date: /home/mcfb/ros2_ws/install/px4_msgs/share/px4_msgs/msg/GeneratorStatus.json\n'}
[1.321985] (px4_msgs) StdoutLine: {'line': b'-- Up-to-date: /home/mcfb/ros2_ws/install/px4_msgs/share/px4_msgs/msg/GeofenceResult.json\n'}
[1.322052] (px4_msgs) StdoutLine: {'line': b'-- Up-to-date: /home/mcfb/ros2_ws/install/px4_msgs/share/px4_msgs/msg/GeofenceStatus.json\n'}
[1.322132] (px4_msgs) StdoutLine: {'line': b'-- Up-to-date: /home/mcfb/ros2_ws/install/px4_msgs/share/px4_msgs/msg/GimbalControls.json\n'}
[1.322182] (px4_msgs) StdoutLine: {'line': b'-- Up-to-date: /home/mcfb/ros2_ws/install/px4_msgs/share/px4_msgs/msg/GimbalDeviceAttitudeStatus.json\n'}
[1.322242] (px4_msgs) StdoutLine: {'line': b'-- Up-to-date: /home/mcfb/ros2_ws/install/px4_msgs/share/px4_msgs/msg/GimbalDeviceInformation.json\n'}
[1.322324] (px4_msgs) StdoutLine: {'line': b'-- Up-to-date: /home/mcfb/ros2_ws/install/px4_msgs/share/px4_msgs/msg/GimbalDeviceSetAttitude.json\n'}
[1.322393] (px4_msgs) StdoutLine: {'line': b'-- Up-to-date: /home/mcfb/ros2_ws/install/px4_msgs/share/px4_msgs/msg/GimbalManagerInformation.json\n'}
[1.322476] (px4_msgs) StdoutLine: {'line': b'-- Up-to-date: /home/mcfb/ros2_ws/install/px4_msgs/share/px4_msgs/msg/GimbalManagerSetAttitude.json\n'}
[1.322543] (px4_msgs) StdoutLine: {'line': b'-- Up-to-date: /home/mcfb/ros2_ws/install/px4_msgs/share/px4_msgs/msg/GimbalManagerSetManualControl.json\n'}
[1.322612] (px4_msgs) StdoutLine: {'line': b'-- Up-to-date: /home/mcfb/ros2_ws/install/px4_msgs/share/px4_msgs/msg/GimbalManagerStatus.json\n'}
[1.323037] (px4_msgs) StdoutLine: {'line': b'-- Up-to-date: /home/mcfb/ros2_ws/install/px4_msgs/share/px4_msgs/msg/GotoSetpoint.json\n'}
[1.323108] (px4_msgs) StdoutLine: {'line': b'-- Up-to-date: /home/mcfb/ros2_ws/install/px4_msgs/share/px4_msgs/msg/GpioConfig.json\n'}
[1.323163] (px4_msgs) StdoutLine: {'line': b'-- Up-to-date: /home/mcfb/ros2_ws/install/px4_msgs/share/px4_msgs/msg/GpioIn.json\n'}
[1.323216] (px4_msgs) StdoutLine: {'line': b'-- Up-to-date: /home/mcfb/ros2_ws/install/px4_msgs/share/px4_msgs/msg/GpioOut.json\n'}
[1.323271] (px4_msgs) StdoutLine: {'line': b'-- Up-to-date: /home/mcfb/ros2_ws/install/px4_msgs/share/px4_msgs/msg/GpioRequest.json\n'}
[1.323814] (px4_msgs) StdoutLine: {'line': b'-- Up-to-date: /home/mcfb/ros2_ws/install/px4_msgs/share/px4_msgs/msg/GpsDump.json\n'}
[1.323911] (px4_msgs) StdoutLine: {'line': b'-- Up-to-date: /home/mcfb/ros2_ws/install/px4_msgs/share/px4_msgs/msg/GpsInjectData.json\n'}
[1.323978] (px4_msgs) StdoutLine: {'line': b'-- Up-to-date: /home/mcfb/ros2_ws/install/px4_msgs/share/px4_msgs/msg/Gripper.json\n'}
[1.324042] (px4_msgs) StdoutLine: {'line': b'-- Up-to-date: /home/mcfb/ros2_ws/install/px4_msgs/share/px4_msgs/msg/HealthReport.json\n'}
[1.324108] (px4_msgs) StdoutLine: {'line': b'-- Up-to-date: /home/mcfb/ros2_ws/install/px4_msgs/share/px4_msgs/msg/HeaterStatus.json\n'}
[1.324179] (px4_msgs) StdoutLine: {'line': b'-- Up-to-date: /home/mcfb/ros2_ws/install/px4_msgs/share/px4_msgs/msg/HomePosition.json\n'}
[1.324243] (px4_msgs) StdoutLine: {'line': b'-- Up-to-date: /home/mcfb/ros2_ws/install/px4_msgs/share/px4_msgs/msg/HoverThrustEstimate.json\n'}
[1.324326] (px4_msgs) StdoutLine: {'line': b'-- Up-to-date: /home/mcfb/ros2_ws/install/px4_msgs/share/px4_msgs/msg/InputRc.json\n'}
[1.324390] (px4_msgs) StdoutLine: {'line': b'-- Up-to-date: /home/mcfb/ros2_ws/install/px4_msgs/share/px4_msgs/msg/InternalCombustionEngineControl.json\n'}
[1.324485] (px4_msgs) StdoutLine: {'line': b'-- Up-to-date: /home/mcfb/ros2_ws/install/px4_msgs/share/px4_msgs/msg/InternalCombustionEngineStatus.json\n'}
[1.324565] (px4_msgs) StdoutLine: {'line': b'-- Up-to-date: /home/mcfb/ros2_ws/install/px4_msgs/share/px4_msgs/msg/IridiumsbdStatus.json\n'}
[1.324635] (px4_msgs) StdoutLine: {'line': b'-- Up-to-date: /home/mcfb/ros2_ws/install/px4_msgs/share/px4_msgs/msg/IrlockReport.json\n'}
[1.324715] (px4_msgs) StdoutLine: {'line': b'-- Up-to-date: /home/mcfb/ros2_ws/install/px4_msgs/share/px4_msgs/msg/LandingGear.json\n'}
[1.324777] (px4_msgs) StdoutLine: {'line': b'-- Up-to-date: /home/mcfb/ros2_ws/install/px4_msgs/share/px4_msgs/msg/LandingGearWheel.json\n'}
[1.324882] (px4_msgs) StdoutLine: {'line': b'-- Up-to-date: /home/mcfb/ros2_ws/install/px4_msgs/share/px4_msgs/msg/LandingTargetInnovations.json\n'}
[1.324936] (px4_msgs) StdoutLine: {'line': b'-- Up-to-date: /home/mcfb/ros2_ws/install/px4_msgs/share/px4_msgs/msg/LandingTargetPose.json\n'}
[1.324983] (px4_msgs) StdoutLine: {'line': b'-- Up-to-date: /home/mcfb/ros2_ws/install/px4_msgs/share/px4_msgs/msg/LateralControlConfiguration.json\n'}
[1.325032] (px4_msgs) StdoutLine: {'line': b'-- Up-to-date: /home/mcfb/ros2_ws/install/px4_msgs/share/px4_msgs/msg/LaunchDetectionStatus.json\n'}
[1.325081] (px4_msgs) StdoutLine: {'line': b'-- Up-to-date: /home/mcfb/ros2_ws/install/px4_msgs/share/px4_msgs/msg/LedControl.json\n'}
[1.325129] (px4_msgs) StdoutLine: {'line': b'-- Up-to-date: /home/mcfb/ros2_ws/install/px4_msgs/share/px4_msgs/msg/LogMessage.json\n'}
[1.325177] (px4_msgs) StdoutLine: {'line': b'-- Up-to-date: /home/mcfb/ros2_ws/install/px4_msgs/share/px4_msgs/msg/LoggerStatus.json\n'}
[1.325230] (px4_msgs) StdoutLine: {'line': b'-- Up-to-date: /home/mcfb/ros2_ws/install/px4_msgs/share/px4_msgs/msg/LongitudinalControlConfiguration.json\n'}
[1.325298] (px4_msgs) StdoutLine: {'line': b'-- Up-to-date: /home/mcfb/ros2_ws/install/px4_msgs/share/px4_msgs/msg/MagWorkerData.json\n'}
[1.325375] (px4_msgs) StdoutLine: {'line': b'-- Up-to-date: /home/mcfb/ros2_ws/install/px4_msgs/share/px4_msgs/msg/MagnetometerBiasEstimate.json\n'}
[1.325489] (px4_msgs) StdoutLine: {'line': b'-- Up-to-date: /home/mcfb/ros2_ws/install/px4_msgs/share/px4_msgs/msg/ManualControlSetpoint.json\n'}
[1.325542] (px4_msgs) StdoutLine: {'line': b'-- Up-to-date: /home/mcfb/ros2_ws/install/px4_msgs/share/px4_msgs/msg/ManualControlSwitches.json\n'}
[1.325592] (px4_msgs) StdoutLine: {'line': b'-- Up-to-date: /home/mcfb/ros2_ws/install/px4_msgs/share/px4_msgs/msg/MavlinkLog.json\n'}
[1.325643] (px4_msgs) StdoutLine: {'line': b'-- Up-to-date: /home/mcfb/ros2_ws/install/px4_msgs/share/px4_msgs/msg/MavlinkTunnel.json\n'}
[1.325696] (px4_msgs) StdoutLine: {'line': b'-- Up-to-date: /home/mcfb/ros2_ws/install/px4_msgs/share/px4_msgs/msg/MessageFormatRequest.json\n'}
[1.325745] (px4_msgs) StdoutLine: {'line': b'-- Up-to-date: /home/mcfb/ros2_ws/install/px4_msgs/share/px4_msgs/msg/MessageFormatResponse.json\n'}
[1.325794] (px4_msgs) StdoutLine: {'line': b'-- Up-to-date: /home/mcfb/ros2_ws/install/px4_msgs/share/px4_msgs/msg/Mission.json\n'}
[1.325844] (px4_msgs) StdoutLine: {'line': b'-- Up-to-date: /home/mcfb/ros2_ws/install/px4_msgs/share/px4_msgs/msg/MissionResult.json\n'}
[1.325891] (px4_msgs) StdoutLine: {'line': b'-- Up-to-date: /home/mcfb/ros2_ws/install/px4_msgs/share/px4_msgs/msg/ModeCompleted.json\n'}
[1.325938] (px4_msgs) StdoutLine: {'line': b'-- Up-to-date: /home/mcfb/ros2_ws/install/px4_msgs/share/px4_msgs/msg/MountOrientation.json\n'}
[1.325987] (px4_msgs) StdoutLine: {'line': b'-- Up-to-date: /home/mcfb/ros2_ws/install/px4_msgs/share/px4_msgs/msg/NavigatorMissionItem.json\n'}
[1.326033] (px4_msgs) StdoutLine: {'line': b'-- Up-to-date: /home/mcfb/ros2_ws/install/px4_msgs/share/px4_msgs/msg/NavigatorStatus.json\n'}
[1.326237] (px4_msgs) StdoutLine: {'line': b'-- Up-to-date: /home/mcfb/ros2_ws/install/px4_msgs/share/px4_msgs/msg/NeuralControl.json\n'}
[1.326291] (px4_msgs) StdoutLine: {'line': b'-- Up-to-date: /home/mcfb/ros2_ws/install/px4_msgs/share/px4_msgs/msg/NormalizedUnsignedSetpoint.json\n'}
[1.326351] (px4_msgs) StdoutLine: {'line': b'-- Up-to-date: /home/mcfb/ros2_ws/install/px4_msgs/share/px4_msgs/msg/ObstacleDistance.json\n'}
[1.326402] (px4_msgs) StdoutLine: {'line': b'-- Up-to-date: /home/mcfb/ros2_ws/install/px4_msgs/share/px4_msgs/msg/OffboardControlMode.json\n'}
[1.326451] (px4_msgs) StdoutLine: {'line': b'-- Up-to-date: /home/mcfb/ros2_ws/install/px4_msgs/share/px4_msgs/msg/OnboardComputerStatus.json\n'}
[1.326501] (px4_msgs) StdoutLine: {'line': b'-- Up-to-date: /home/mcfb/ros2_ws/install/px4_msgs/share/px4_msgs/msg/OpenDroneIdArmStatus.json\n'}
[1.326548] (px4_msgs) StdoutLine: {'line': b'-- Up-to-date: /home/mcfb/ros2_ws/install/px4_msgs/share/px4_msgs/msg/OpenDroneIdOperatorId.json\n'}
[1.326597] (px4_msgs) StdoutLine: {'line': b'-- Up-to-date: /home/mcfb/ros2_ws/install/px4_msgs/share/px4_msgs/msg/OpenDroneIdSelfId.json\n'}
[1.326646] (px4_msgs) StdoutLine: {'line': b'-- Up-to-date: /home/mcfb/ros2_ws/install/px4_msgs/share/px4_msgs/msg/OpenDroneIdSystem.json\n'}
[1.326694] (px4_msgs) StdoutLine: {'line': b'-- Up-to-date: /home/mcfb/ros2_ws/install/px4_msgs/share/px4_msgs/msg/OrbTest.json\n'}
[1.326744] (px4_msgs) StdoutLine: {'line': b'-- Up-to-date: /home/mcfb/ros2_ws/install/px4_msgs/share/px4_msgs/msg/OrbTestLarge.json\n'}
[1.326794] (px4_msgs) StdoutLine: {'line': b'-- Up-to-date: /home/mcfb/ros2_ws/install/px4_msgs/share/px4_msgs/msg/OrbTestMedium.json\n'}
[1.326846] (px4_msgs) StdoutLine: {'line': b'-- Up-to-date: /home/mcfb/ros2_ws/install/px4_msgs/share/px4_msgs/msg/OrbitStatus.json\n'}
[1.326897] (px4_msgs) StdoutLine: {'line': b'-- Up-to-date: /home/mcfb/ros2_ws/install/px4_msgs/share/px4_msgs/msg/ParameterResetRequest.json\n'}
[1.326947] (px4_msgs) StdoutLine: {'line': b'-- Up-to-date: /home/mcfb/ros2_ws/install/px4_msgs/share/px4_msgs/msg/ParameterSetUsedRequest.json\n'}
[1.326998] (px4_msgs) StdoutLine: {'line': b'-- Up-to-date: /home/mcfb/ros2_ws/install/px4_msgs/share/px4_msgs/msg/ParameterSetValueRequest.json\n'}
[1.327047] (px4_msgs) StdoutLine: {'line': b'-- Up-to-date: /home/mcfb/ros2_ws/install/px4_msgs/share/px4_msgs/msg/ParameterSetValueResponse.json\n'}
[1.327122] (px4_msgs) StdoutLine: {'line': b'-- Up-to-date: /home/mcfb/ros2_ws/install/px4_msgs/share/px4_msgs/msg/ParameterUpdate.json\n'}
[1.327273] (px4_msgs) StdoutLine: {'line': b'-- Up-to-date: /home/mcfb/ros2_ws/install/px4_msgs/share/px4_msgs/msg/Ping.json\n'}
[1.327341] (px4_msgs) StdoutLine: {'line': b'-- Up-to-date: /home/mcfb/ros2_ws/install/px4_msgs/share/px4_msgs/msg/PositionControllerLandingStatus.json\n'}
[1.327394] (px4_msgs) StdoutLine: {'line': b'-- Up-to-date: /home/mcfb/ros2_ws/install/px4_msgs/share/px4_msgs/msg/PositionControllerStatus.json\n'}
[1.327446] (px4_msgs) StdoutLine: {'line': b'-- Up-to-date: /home/mcfb/ros2_ws/install/px4_msgs/share/px4_msgs/msg/PositionSetpoint.json\n'}
[1.327499] (px4_msgs) StdoutLine: {'line': b'-- Up-to-date: /home/mcfb/ros2_ws/install/px4_msgs/share/px4_msgs/msg/PositionSetpointTriplet.json\n'}
[1.327554] (px4_msgs) StdoutLine: {'line': b'-- Up-to-date: /home/mcfb/ros2_ws/install/px4_msgs/share/px4_msgs/msg/PowerButtonState.json\n'}
[1.327619] (px4_msgs) StdoutLine: {'line': b'-- Up-to-date: /home/mcfb/ros2_ws/install/px4_msgs/share/px4_msgs/msg/PowerMonitor.json\n'}
[1.327699] (px4_msgs) StdoutLine: {'line': b'-- Up-to-date: /home/mcfb/ros2_ws/install/px4_msgs/share/px4_msgs/msg/PpsCapture.json\n'}
[1.328056] (px4_msgs) StdoutLine: {'line': b'-- Up-to-date: /home/mcfb/ros2_ws/install/px4_msgs/share/px4_msgs/msg/PurePursuitStatus.json\n'}
[1.328157] (px4_msgs) StdoutLine: {'line': b'-- Up-to-date: /home/mcfb/ros2_ws/install/px4_msgs/share/px4_msgs/msg/PwmInput.json\n'}
[1.328257] (px4_msgs) StdoutLine: {'line': b'-- Up-to-date: /home/mcfb/ros2_ws/install/px4_msgs/share/px4_msgs/msg/Px4ioStatus.json\n'}
[1.328384] (px4_msgs) StdoutLine: {'line': b'-- Up-to-date: /home/mcfb/ros2_ws/install/px4_msgs/share/px4_msgs/msg/QshellReq.json\n'}
[1.328493] (px4_msgs) StdoutLine: {'line': b'-- Up-to-date: /home/mcfb/ros2_ws/install/px4_msgs/share/px4_msgs/msg/QshellRetval.json\n'}
[1.328580] (px4_msgs) StdoutLine: {'line': b'-- Up-to-date: /home/mcfb/ros2_ws/install/px4_msgs/share/px4_msgs/msg/RadioStatus.json\n'}
[1.329013] (px4_msgs) StdoutLine: {'line': b'-- Up-to-date: /home/mcfb/ros2_ws/install/px4_msgs/share/px4_msgs/msg/RateCtrlStatus.json\n'}
[1.329116] (px4_msgs) StdoutLine: {'line': b'-- Up-to-date: /home/mcfb/ros2_ws/install/px4_msgs/share/px4_msgs/msg/RcChannels.json\n'}
[1.329176] (px4_msgs) StdoutLine: {'line': b'-- Up-to-date: /home/mcfb/ros2_ws/install/px4_msgs/share/px4_msgs/msg/RcParameterMap.json\n'}
[1.329229] (px4_msgs) StdoutLine: {'line': b'-- Up-to-date: /home/mcfb/ros2_ws/install/px4_msgs/share/px4_msgs/msg/RegisterExtComponentReply.json\n'}
[1.329281] (px4_msgs) StdoutLine: {'line': b'-- Up-to-date: /home/mcfb/ros2_ws/install/px4_msgs/share/px4_msgs/msg/RegisterExtComponentRequest.json\n'}
[1.329351] (px4_msgs) StdoutLine: {'line': b'-- Up-to-date: /home/mcfb/ros2_ws/install/px4_msgs/share/px4_msgs/msg/RoverAttitudeSetpoint.json\n'}
[1.329460] (px4_msgs) StdoutLine: {'line': b'-- Up-to-date: /home/mcfb/ros2_ws/install/px4_msgs/share/px4_msgs/msg/RoverAttitudeStatus.json\n'}
[1.329725] (px4_msgs) StdoutLine: {'line': b'-- Up-to-date: /home/mcfb/ros2_ws/install/px4_msgs/share/px4_msgs/msg/RoverPositionSetpoint.json\n'}
[1.329883] (px4_msgs) StdoutLine: {'line': b'-- Up-to-date: /home/mcfb/ros2_ws/install/px4_msgs/share/px4_msgs/msg/RoverRateSetpoint.json\n'}
[1.329961] (px4_msgs) StdoutLine: {'line': b'-- Up-to-date: /home/mcfb/ros2_ws/install/px4_msgs/share/px4_msgs/msg/RoverRateStatus.json\n'}
[1.330019] (px4_msgs) StdoutLine: {'line': b'-- Up-to-date: /home/mcfb/ros2_ws/install/px4_msgs/share/px4_msgs/msg/RoverSpeedSetpoint.json\n'}
[1.330094] (px4_msgs) StdoutLine: {'line': b'-- Up-to-date: /home/mcfb/ros2_ws/install/px4_msgs/share/px4_msgs/msg/RoverSpeedStatus.json\n'}
[1.330172] (px4_msgs) StdoutLine: {'line': b'-- Up-to-date: /home/mcfb/ros2_ws/install/px4_msgs/share/px4_msgs/msg/RoverSteeringSetpoint.json\n'}
[1.330230] (px4_msgs) StdoutLine: {'line': b'-- Up-to-date: /home/mcfb/ros2_ws/install/px4_msgs/share/px4_msgs/msg/RoverThrottleSetpoint.json\n'}
[1.330548] (px4_msgs) StdoutLine: {'line': b'-- Up-to-date: /home/mcfb/ros2_ws/install/px4_msgs/share/px4_msgs/msg/Rpm.json\n'}
[1.330636] (px4_msgs) StdoutLine: {'line': b'-- Up-to-date: /home/mcfb/ros2_ws/install/px4_msgs/share/px4_msgs/msg/RtlStatus.json\n'}
[1.330724] (px4_msgs) StdoutLine: {'line': b'-- Up-to-date: /home/mcfb/ros2_ws/install/px4_msgs/share/px4_msgs/msg/RtlTimeEstimate.json\n'}
[1.330806] (px4_msgs) StdoutLine: {'line': b'-- Up-to-date: /home/mcfb/ros2_ws/install/px4_msgs/share/px4_msgs/msg/SatelliteInfo.json\n'}
[1.330926] (px4_msgs) StdoutLine: {'line': b'-- Up-to-date: /home/mcfb/ros2_ws/install/px4_msgs/share/px4_msgs/msg/SensorAccel.json\n'}
[1.331142] (px4_msgs) StdoutLine: {'line': b'-- Up-to-date: /home/mcfb/ros2_ws/install/px4_msgs/share/px4_msgs/msg/SensorAccelFifo.json\n'}
[1.331270] (px4_msgs) StdoutLine: {'line': b'-- Up-to-date: /home/mcfb/ros2_ws/install/px4_msgs/share/px4_msgs/msg/SensorAirflow.json\n'}
[1.331445] (px4_msgs) StdoutLine: {'line': b'-- Up-to-date: /home/mcfb/ros2_ws/install/px4_msgs/share/px4_msgs/msg/SensorBaro.json\n'}
[1.331518] (px4_msgs) StdoutLine: {'line': b'-- Up-to-date: /home/mcfb/ros2_ws/install/px4_msgs/share/px4_msgs/msg/SensorCombined.json\n'}
[1.331600] (px4_msgs) StdoutLine: {'line': b'-- Up-to-date: /home/mcfb/ros2_ws/install/px4_msgs/share/px4_msgs/msg/SensorCorrection.json\n'}
[1.331685] (px4_msgs) StdoutLine: {'line': b'-- Up-to-date: /home/mcfb/ros2_ws/install/px4_msgs/share/px4_msgs/msg/SensorGnssRelative.json\n'}
[1.331772] (px4_msgs) StdoutLine: {'line': b'-- Up-to-date: /home/mcfb/ros2_ws/install/px4_msgs/share/px4_msgs/msg/SensorGnssStatus.json\n'}
[1.331835] (px4_msgs) StdoutLine: {'line': b'-- Up-to-date: /home/mcfb/ros2_ws/install/px4_msgs/share/px4_msgs/msg/SensorGps.json\n'}
[1.332044] (px4_msgs) StdoutLine: {'line': b'-- Up-to-date: /home/mcfb/ros2_ws/install/px4_msgs/share/px4_msgs/msg/SensorGyro.json\n'}
[1.332177] (px4_msgs) StdoutLine: {'line': b'-- Up-to-date: /home/mcfb/ros2_ws/install/px4_msgs/share/px4_msgs/msg/SensorGyroFft.json\n'}
[1.332258] (px4_msgs) StdoutLine: {'line': b'-- Up-to-date: /home/mcfb/ros2_ws/install/px4_msgs/share/px4_msgs/msg/SensorGyroFifo.json\n'}
[1.332334] (px4_msgs) StdoutLine: {'line': b'-- Up-to-date: /home/mcfb/ros2_ws/install/px4_msgs/share/px4_msgs/msg/SensorHygrometer.json\n'}
[1.332409] (px4_msgs) StdoutLine: {'line': b'-- Up-to-date: /home/mcfb/ros2_ws/install/px4_msgs/share/px4_msgs/msg/SensorMag.json\n'}
[1.332465] (px4_msgs) StdoutLine: {'line': b'-- Up-to-date: /home/mcfb/ros2_ws/install/px4_msgs/share/px4_msgs/msg/SensorOpticalFlow.json\n'}
[1.332527] (px4_msgs) StdoutLine: {'line': b'-- Up-to-date: /home/mcfb/ros2_ws/install/px4_msgs/share/px4_msgs/msg/SensorPreflightMag.json\n'}
[1.332617] (px4_msgs) StdoutLine: {'line': b'-- Up-to-date: /home/mcfb/ros2_ws/install/px4_msgs/share/px4_msgs/msg/SensorSelection.json\n'}
[1.332689] (px4_msgs) StdoutLine: {'line': b'-- Up-to-date: /home/mcfb/ros2_ws/install/px4_msgs/share/px4_msgs/msg/SensorUwb.json\n'}
[1.332758] (px4_msgs) StdoutLine: {'line': b'-- Up-to-date: /home/mcfb/ros2_ws/install/px4_msgs/share/px4_msgs/msg/SensorsStatus.json\n'}
[1.332904] (px4_msgs) StdoutLine: {'line': b'-- Up-to-date: /home/mcfb/ros2_ws/install/px4_msgs/share/px4_msgs/msg/SensorsStatusImu.json\n'}
[1.332994] (px4_msgs) StdoutLine: {'line': b'-- Up-to-date: /home/mcfb/ros2_ws/install/px4_msgs/share/px4_msgs/msg/SystemPower.json\n'}
[1.333070] (px4_msgs) StdoutLine: {'line': b'-- Up-to-date: /home/mcfb/ros2_ws/install/px4_msgs/share/px4_msgs/msg/TakeoffStatus.json\n'}
[1.333295] (px4_msgs) StdoutLine: {'line': b'-- Up-to-date: /home/mcfb/ros2_ws/install/px4_msgs/share/px4_msgs/msg/TaskStackInfo.json\n'}
[1.333515] (px4_msgs) StdoutLine: {'line': b'-- Up-to-date: /home/mcfb/ros2_ws/install/px4_msgs/share/px4_msgs/msg/TecsStatus.json\n'}
[1.333585] (px4_msgs) StdoutLine: {'line': b'-- Up-to-date: /home/mcfb/ros2_ws/install/px4_msgs/share/px4_msgs/msg/TelemetryStatus.json\n'}
[1.333715] (px4_msgs) StdoutLine: {'line': b'-- Up-to-date: /home/mcfb/ros2_ws/install/px4_msgs/share/px4_msgs/msg/TiltrotorExtraControls.json\n'}
[1.333767] (px4_msgs) StdoutLine: {'line': b'-- Up-to-date: /home/mcfb/ros2_ws/install/px4_msgs/share/px4_msgs/msg/TimesyncStatus.json\n'}
[1.333818] (px4_msgs) StdoutLine: {'line': b'-- Up-to-date: /home/mcfb/ros2_ws/install/px4_msgs/share/px4_msgs/msg/TrajectorySetpoint.json\n'}
[1.333871] (px4_msgs) StdoutLine: {'line': b'-- Up-to-date: /home/mcfb/ros2_ws/install/px4_msgs/share/px4_msgs/msg/TrajectorySetpoint6dof.json\n'}
[1.333921] (px4_msgs) StdoutLine: {'line': b'-- Up-to-date: /home/mcfb/ros2_ws/install/px4_msgs/share/px4_msgs/msg/TransponderReport.json\n'}
[1.333971] (px4_msgs) StdoutLine: {'line': b'-- Up-to-date: /home/mcfb/ros2_ws/install/px4_msgs/share/px4_msgs/msg/TuneControl.json\n'}
[1.334020] (px4_msgs) StdoutLine: {'line': b'-- Up-to-date: /home/mcfb/ros2_ws/install/px4_msgs/share/px4_msgs/msg/UavcanParameterRequest.json\n'}
[1.334070] (px4_msgs) StdoutLine: {'line': b'-- Up-to-date: /home/mcfb/ros2_ws/install/px4_msgs/share/px4_msgs/msg/UavcanParameterValue.json\n'}
[1.334118] (px4_msgs) StdoutLine: {'line': b'-- Up-to-date: /home/mcfb/ros2_ws/install/px4_msgs/share/px4_msgs/msg/UlogStream.json\n'}
[1.334166] (px4_msgs) StdoutLine: {'line': b'-- Up-to-date: /home/mcfb/ros2_ws/install/px4_msgs/share/px4_msgs/msg/UlogStreamAck.json\n'}
[1.334213] (px4_msgs) StdoutLine: {'line': b'-- Up-to-date: /home/mcfb/ros2_ws/install/px4_msgs/share/px4_msgs/msg/UnregisterExtComponent.json\n'}
[1.334262] (px4_msgs) StdoutLine: {'line': b'-- Up-to-date: /home/mcfb/ros2_ws/install/px4_msgs/share/px4_msgs/msg/VehicleAcceleration.json\n'}
[1.334308] (px4_msgs) StdoutLine: {'line': b'-- Up-to-date: /home/mcfb/ros2_ws/install/px4_msgs/share/px4_msgs/msg/VehicleAirData.json\n'}
[1.334569] (px4_msgs) StdoutLine: {'line': b'-- Up-to-date: /home/mcfb/ros2_ws/install/px4_msgs/share/px4_msgs/msg/VehicleAngularAccelerationSetpoint.json\n'}
[1.334692] (px4_msgs) StdoutLine: {'line': b'-- Up-to-date: /home/mcfb/ros2_ws/install/px4_msgs/share/px4_msgs/msg/VehicleAngularVelocity.json\n'}
[1.334763] (px4_msgs) StdoutLine: {'line': b'-- Up-to-date: /home/mcfb/ros2_ws/install/px4_msgs/share/px4_msgs/msg/VehicleAttitude.json\n'}
[1.334829] (px4_msgs) StdoutLine: {'line': b'-- Up-to-date: /home/mcfb/ros2_ws/install/px4_msgs/share/px4_msgs/msg/VehicleAttitudeSetpoint.json\n'}
[1.334894] (px4_msgs) StdoutLine: {'line': b'-- Up-to-date: /home/mcfb/ros2_ws/install/px4_msgs/share/px4_msgs/msg/VehicleCommand.json\n'}
[1.334957] (px4_msgs) StdoutLine: {'line': b'-- Up-to-date: /home/mcfb/ros2_ws/install/px4_msgs/share/px4_msgs/msg/VehicleCommandAck.json\n'}
[1.335020] (px4_msgs) StdoutLine: {'line': b'-- Up-to-date: /home/mcfb/ros2_ws/install/px4_msgs/share/px4_msgs/msg/VehicleConstraints.json\n'}
[1.335085] (px4_msgs) StdoutLine: {'line': b'-- Up-to-date: /home/mcfb/ros2_ws/install/px4_msgs/share/px4_msgs/msg/VehicleControlMode.json\n'}
[1.335147] (px4_msgs) StdoutLine: {'line': b'-- Up-to-date: /home/mcfb/ros2_ws/install/px4_msgs/share/px4_msgs/msg/VehicleGlobalPosition.json\n'}
[1.335209] (px4_msgs) StdoutLine: {'line': b'-- Up-to-date: /home/mcfb/ros2_ws/install/px4_msgs/share/px4_msgs/msg/VehicleImu.json\n'}
[1.335270] (px4_msgs) StdoutLine: {'line': b'-- Up-to-date: /home/mcfb/ros2_ws/install/px4_msgs/share/px4_msgs/msg/VehicleImuStatus.json\n'}
[1.335352] (px4_msgs) StdoutLine: {'line': b'-- Up-to-date: /home/mcfb/ros2_ws/install/px4_msgs/share/px4_msgs/msg/VehicleLandDetected.json\n'}
[1.335420] (px4_msgs) StdoutLine: {'line': b'-- Up-to-date: /home/mcfb/ros2_ws/install/px4_msgs/share/px4_msgs/msg/VehicleLocalPosition.json\n'}
[1.335481] (px4_msgs) StdoutLine: {'line': b'-- Up-to-date: /home/mcfb/ros2_ws/install/px4_msgs/share/px4_msgs/msg/VehicleLocalPositionSetpoint.json\n'}
[1.335544] (px4_msgs) StdoutLine: {'line': b'-- Up-to-date: /home/mcfb/ros2_ws/install/px4_msgs/share/px4_msgs/msg/VehicleMagnetometer.json\n'}
[1.335605] (px4_msgs) StdoutLine: {'line': b'-- Up-to-date: /home/mcfb/ros2_ws/install/px4_msgs/share/px4_msgs/msg/VehicleOdometry.json\n'}
[1.335725] (px4_msgs) StdoutLine: {'line': b'-- Up-to-date: /home/mcfb/ros2_ws/install/px4_msgs/share/px4_msgs/msg/VehicleOpticalFlow.json\n'}
[1.335789] (px4_msgs) StdoutLine: {'line': b'-- Up-to-date: /home/mcfb/ros2_ws/install/px4_msgs/share/px4_msgs/msg/VehicleOpticalFlowVel.json\n'}
[1.335853] (px4_msgs) StdoutLine: {'line': b'-- Up-to-date: /home/mcfb/ros2_ws/install/px4_msgs/share/px4_msgs/msg/VehicleRatesSetpoint.json\n'}
[1.335916] (px4_msgs) StdoutLine: {'line': b'-- Up-to-date: /home/mcfb/ros2_ws/install/px4_msgs/share/px4_msgs/msg/VehicleRoi.json\n'}
[1.335980] (px4_msgs) StdoutLine: {'line': b'-- Up-to-date: /home/mcfb/ros2_ws/install/px4_msgs/share/px4_msgs/msg/VehicleStatus.json\n'}
[1.336041] (px4_msgs) StdoutLine: {'line': b'-- Up-to-date: /home/mcfb/ros2_ws/install/px4_msgs/share/px4_msgs/msg/VehicleThrustSetpoint.json\n'}
[1.336101] (px4_msgs) StdoutLine: {'line': b'-- Up-to-date: /home/mcfb/ros2_ws/install/px4_msgs/share/px4_msgs/msg/VehicleTorqueSetpoint.json\n'}
[1.336166] (px4_msgs) StdoutLine: {'line': b'-- Up-to-date: /home/mcfb/ros2_ws/install/px4_msgs/share/px4_msgs/msg/VelocityLimits.json\n'}
[1.336225] (px4_msgs) StdoutLine: {'line': b'-- Up-to-date: /home/mcfb/ros2_ws/install/px4_msgs/share/px4_msgs/msg/VtolVehicleStatus.json\n'}
[1.336286] (px4_msgs) StdoutLine: {'line': b'-- Up-to-date: /home/mcfb/ros2_ws/install/px4_msgs/share/px4_msgs/msg/WheelEncoders.json\n'}
[1.336483] (px4_msgs) StdoutLine: {'line': b'-- Up-to-date: /home/mcfb/ros2_ws/install/px4_msgs/share/px4_msgs/msg/Wind.json\n'}
[1.336564] (px4_msgs) StdoutLine: {'line': b'-- Up-to-date: /home/mcfb/ros2_ws/install/px4_msgs/share/px4_msgs/msg/YawEstimatorStatus.json\n'}
[1.336620] (px4_msgs) StdoutLine: {'line': b'-- Up-to-date: /home/mcfb/ros2_ws/install/px4_msgs/share/px4_msgs/srv/VehicleCommand.json\n'}
[1.336750] (px4_msgs) StdoutLine: {'line': b'-- Up-to-date: /home/mcfb/ros2_ws/install/px4_msgs/include/px4_msgs/px4_msgs\n'}
[1.336838] (px4_msgs) StdoutLine: {'line': b'-- Up-to-date: /home/mcfb/ros2_ws/install/px4_msgs/include/px4_msgs/px4_msgs/srv\n'}
[1.337570] (px4_msgs) StdoutLine: {'line': b'-- Up-to-date: /home/mcfb/ros2_ws/install/px4_msgs/include/px4_msgs/px4_msgs/srv/detail\n'}
[1.337640] (px4_msgs) StdoutLine: {'line': b'-- Up-to-date: /home/mcfb/ros2_ws/install/px4_msgs/include/px4_msgs/px4_msgs/srv/detail/vehicle_command__struct.h\n'}
[1.337695] (px4_msgs) StdoutLine: {'line': b'-- Up-to-date: /home/mcfb/ros2_ws/install/px4_msgs/include/px4_msgs/px4_msgs/srv/detail/vehicle_command__type_support.h\n'}
[1.337747] (px4_msgs) StdoutLine: {'line': b'-- Up-to-date: /home/mcfb/ros2_ws/install/px4_msgs/include/px4_msgs/px4_msgs/srv/detail/vehicle_command__description.c\n'}
[1.337802] (px4_msgs) StdoutLine: {'line': b'-- Up-to-date: /home/mcfb/ros2_ws/install/px4_msgs/include/px4_msgs/px4_msgs/srv/detail/vehicle_command__functions.h\n'}
[1.337866] (px4_msgs) StdoutLine: {'line': b'-- Installing: /home/mcfb/ros2_ws/install/px4_msgs/include/px4_msgs/px4_msgs/srv/detail/vehicle_command__type_support.c\n'}
[1.337936] (px4_msgs) StdoutLine: {'line': b'-- Up-to-date: /home/mcfb/ros2_ws/install/px4_msgs/include/px4_msgs/px4_msgs/srv/detail/vehicle_command__functions.c\n'}
[1.337987] (px4_msgs) StdoutLine: {'line': b'-- Up-to-date: /home/mcfb/ros2_ws/install/px4_msgs/include/px4_msgs/px4_msgs/srv/vehicle_command.h\n'}
[1.338039] (px4_msgs) StdoutLine: {'line': b'-- Up-to-date: /home/mcfb/ros2_ws/install/px4_msgs/include/px4_msgs/px4_msgs/msg\n'}
[1.338092] (px4_msgs) StdoutLine: {'line': b'-- Up-to-date: /home/mcfb/ros2_ws/install/px4_msgs/include/px4_msgs/px4_msgs/msg/goto_setpoint.h\n'}
[1.338145] (px4_msgs) StdoutLine: {'line': b'-- Up-to-date: /home/mcfb/ros2_ws/install/px4_msgs/include/px4_msgs/px4_msgs/msg/offboard_control_mode.h\n'}
[1.338194] (px4_msgs) StdoutLine: {'line': b'-- Up-to-date: /home/mcfb/ros2_ws/install/px4_msgs/include/px4_msgs/px4_msgs/msg/log_message.h\n'}
[1.338244] (px4_msgs) StdoutLine: {'line': b'-- Up-to-date: /home/mcfb/ros2_ws/install/px4_msgs/include/px4_msgs/px4_msgs/msg/sensor_accel.h\n'}
[1.338329] (px4_msgs) StdoutLine: {'line': b'-- Up-to-date: /home/mcfb/ros2_ws/install/px4_msgs/include/px4_msgs/px4_msgs/msg/open_drone_id_self_id.h\n'}
[1.338379] (px4_msgs) StdoutLine: {'line': b'-- Up-to-date: /home/mcfb/ros2_ws/install/px4_msgs/include/px4_msgs/px4_msgs/msg/action_request.h\n'}
[1.338429] (px4_msgs) StdoutLine: {'line': b'-- Up-to-date: /home/mcfb/ros2_ws/install/px4_msgs/include/px4_msgs/px4_msgs/msg/battery_status.h\n'}
[1.338475] (px4_msgs) StdoutLine: {'line': b'-- Up-to-date: /home/mcfb/ros2_ws/install/px4_msgs/include/px4_msgs/px4_msgs/msg/rover_speed_status.h\n'}
[1.338520] (px4_msgs) StdoutLine: {'line': b'-- Up-to-date: /home/mcfb/ros2_ws/install/px4_msgs/include/px4_msgs/px4_msgs/msg/distance_sensor.h\n'}
[1.338568] (px4_msgs) StdoutLine: {'line': b'-- Up-to-date: /home/mcfb/ros2_ws/install/px4_msgs/include/px4_msgs/px4_msgs/msg/debug_array.h\n'}
[1.338676] (px4_msgs) StdoutLine: {'line': b'-- Up-to-date: /home/mcfb/ros2_ws/install/px4_msgs/include/px4_msgs/px4_msgs/msg/vehicle_air_data.h\n'}
[1.338731] (px4_msgs) StdoutLine: {'line': b'-- Up-to-date: /home/mcfb/ros2_ws/install/px4_msgs/include/px4_msgs/px4_msgs/msg/gimbal_manager_information.h\n'}
[1.338781] (px4_msgs) StdoutLine: {'line': b'-- Up-to-date: /home/mcfb/ros2_ws/install/px4_msgs/include/px4_msgs/px4_msgs/msg/estimator_status.h\n'}
[1.338830] (px4_msgs) StdoutLine: {'line': b'-- Up-to-date: /home/mcfb/ros2_ws/install/px4_msgs/include/px4_msgs/px4_msgs/msg/vehicle_command_ack.h\n'}
[1.338877] (px4_msgs) StdoutLine: {'line': b'-- Up-to-date: /home/mcfb/ros2_ws/install/px4_msgs/include/px4_msgs/px4_msgs/msg/sensor_uwb.h\n'}
[1.338925] (px4_msgs) StdoutLine: {'line': b'-- Up-to-date: /home/mcfb/ros2_ws/install/px4_msgs/include/px4_msgs/px4_msgs/msg/follow_target_estimator.h\n'}
[1.338970] (px4_msgs) StdoutLine: {'line': b'-- Up-to-date: /home/mcfb/ros2_ws/install/px4_msgs/include/px4_msgs/px4_msgs/msg/follow_target_status.h\n'}
[1.339018] (px4_msgs) StdoutLine: {'line': b'-- Up-to-date: /home/mcfb/ros2_ws/install/px4_msgs/include/px4_msgs/px4_msgs/msg/tune_control.h\n'}
[1.339066] (px4_msgs) StdoutLine: {'line': b'-- Up-to-date: /home/mcfb/ros2_ws/install/px4_msgs/include/px4_msgs/px4_msgs/msg/trajectory_setpoint.h\n'}
[1.339111] (px4_msgs) StdoutLine: {'line': b'-- Up-to-date: /home/mcfb/ros2_ws/install/px4_msgs/include/px4_msgs/px4_msgs/msg/gripper.h\n'}
[1.339158] (px4_msgs) StdoutLine: {'line': b'-- Up-to-date: /home/mcfb/ros2_ws/install/px4_msgs/include/px4_msgs/px4_msgs/msg/dataman_response.h\n'}
[1.339205] (px4_msgs) StdoutLine: {'line': b'-- Up-to-date: /home/mcfb/ros2_ws/install/px4_msgs/include/px4_msgs/px4_msgs/msg/dataman_request.h\n'}
[1.339249] (px4_msgs) StdoutLine: {'line': b'-- Up-to-date: /home/mcfb/ros2_ws/install/px4_msgs/include/px4_msgs/px4_msgs/msg/lateral_control_configuration.h\n'}
[1.339297] (px4_msgs) StdoutLine: {'line': b'-- Up-to-date: /home/mcfb/ros2_ws/install/px4_msgs/include/px4_msgs/px4_msgs/msg/rosidl_generator_c__visibility_control.h\n'}
[1.339350] (px4_msgs) StdoutLine: {'line': b'-- Up-to-date: /home/mcfb/ros2_ws/install/px4_msgs/include/px4_msgs/px4_msgs/msg/orbit_status.h\n'}
[1.339398] (px4_msgs) StdoutLine: {'line': b'-- Up-to-date: /home/mcfb/ros2_ws/install/px4_msgs/include/px4_msgs/px4_msgs/msg/launch_detection_status.h\n'}
[1.339440] (px4_msgs) StdoutLine: {'line': b'-- Up-to-date: /home/mcfb/ros2_ws/install/px4_msgs/include/px4_msgs/px4_msgs/msg/arming_check_request.h\n'}
[1.339486] (px4_msgs) StdoutLine: {'line': b'-- Up-to-date: /home/mcfb/ros2_ws/install/px4_msgs/include/px4_msgs/px4_msgs/msg/manual_control_switches.h\n'}
[1.339531] (px4_msgs) StdoutLine: {'line': b'-- Up-to-date: /home/mcfb/ros2_ws/install/px4_msgs/include/px4_msgs/px4_msgs/msg/debug_value.h\n'}
[1.339576] (px4_msgs) StdoutLine: {'line': b'-- Up-to-date: /home/mcfb/ros2_ws/install/px4_msgs/include/px4_msgs/px4_msgs/msg/register_ext_component_reply.h\n'}
[1.339621] (px4_msgs) StdoutLine: {'line': b'-- Up-to-date: /home/mcfb/ros2_ws/install/px4_msgs/include/px4_msgs/px4_msgs/msg/satellite_info.h\n'}
[1.339785] (px4_msgs) StdoutLine: {'line': b'-- Up-to-date: /home/mcfb/ros2_ws/install/px4_msgs/include/px4_msgs/px4_msgs/msg/follow_target.h\n'}
[1.339835] (px4_msgs) StdoutLine: {'line': b'-- Up-to-date: /home/mcfb/ros2_ws/install/px4_msgs/include/px4_msgs/px4_msgs/msg/mavlink_tunnel.h\n'}
[1.339882] (px4_msgs) StdoutLine: {'line': b'-- Up-to-date: /home/mcfb/ros2_ws/install/px4_msgs/include/px4_msgs/px4_msgs/msg/gimbal_device_set_attitude.h\n'}
[1.339931] (px4_msgs) StdoutLine: {'line': b'-- Up-to-date: /home/mcfb/ros2_ws/install/px4_msgs/include/px4_msgs/px4_msgs/msg/rover_attitude_status.h\n'}
[1.339979] (px4_msgs) StdoutLine: {'line': b'-- Up-to-date: /home/mcfb/ros2_ws/install/px4_msgs/include/px4_msgs/px4_msgs/msg/sensor_baro.h\n'}
[1.340025] (px4_msgs) StdoutLine: {'line': b'-- Up-to-date: /home/mcfb/ros2_ws/install/px4_msgs/include/px4_msgs/px4_msgs/msg/navigator_status.h\n'}
[1.340072] (px4_msgs) StdoutLine: {'line': b'-- Up-to-date: /home/mcfb/ros2_ws/install/px4_msgs/include/px4_msgs/px4_msgs/msg/actuator_servos_trim.h\n'}
[1.340118] (px4_msgs) StdoutLine: {'line': b'-- Up-to-date: /home/mcfb/ros2_ws/install/px4_msgs/include/px4_msgs/px4_msgs/msg/gps_inject_data.h\n'}
[1.340163] (px4_msgs) StdoutLine: {'line': b'-- Up-to-date: /home/mcfb/ros2_ws/install/px4_msgs/include/px4_msgs/px4_msgs/msg/estimator_status_flags.h\n'}
[1.340211] (px4_msgs) StdoutLine: {'line': b'-- Up-to-date: /home/mcfb/ros2_ws/install/px4_msgs/include/px4_msgs/px4_msgs/msg/landing_target_innovations.h\n'}
[1.340274] (px4_msgs) StdoutLine: {'line': b'-- Up-to-date: /home/mcfb/ros2_ws/install/px4_msgs/include/px4_msgs/px4_msgs/msg/estimator_aid_source3d.h\n'}
[1.340331] (px4_msgs) StdoutLine: {'line': b'-- Up-to-date: /home/mcfb/ros2_ws/install/px4_msgs/include/px4_msgs/px4_msgs/msg/sensor_selection.h\n'}
[1.340379] (px4_msgs) StdoutLine: {'line': b'-- Up-to-date: /home/mcfb/ros2_ws/install/px4_msgs/include/px4_msgs/px4_msgs/msg/rover_throttle_setpoint.h\n'}
[1.340696] (px4_msgs) StdoutLine: {'line': b'-- Up-to-date: /home/mcfb/ros2_ws/install/px4_msgs/include/px4_msgs/px4_msgs/msg/internal_combustion_engine_control.h\n'}
[1.340789] (px4_msgs) StdoutLine: {'line': b'-- Up-to-date: /home/mcfb/ros2_ws/install/px4_msgs/include/px4_msgs/px4_msgs/msg/power_button_state.h\n'}
[1.340848] (px4_msgs) StdoutLine: {'line': b'-- Up-to-date: /home/mcfb/ros2_ws/install/px4_msgs/include/px4_msgs/px4_msgs/msg/vehicle_optical_flow.h\n'}
[1.340953] (px4_msgs) StdoutLine: {'line': b'-- Up-to-date: /home/mcfb/ros2_ws/install/px4_msgs/include/px4_msgs/px4_msgs/msg/sensor_accel_fifo.h\n'}
[1.341031] (px4_msgs) StdoutLine: {'line': b'-- Up-to-date: /home/mcfb/ros2_ws/install/px4_msgs/include/px4_msgs/px4_msgs/msg/open_drone_id_system.h\n'}
[1.341082] (px4_msgs) StdoutLine: {'line': b'-- Up-to-date: /home/mcfb/ros2_ws/install/px4_msgs/include/px4_msgs/px4_msgs/msg/rtl_time_estimate.h\n'}
[1.341184] (px4_msgs) StdoutLine: {'line': b'-- Up-to-date: /home/mcfb/ros2_ws/install/px4_msgs/include/px4_msgs/px4_msgs/msg/collision_constraints.h\n'}
[1.341249] (px4_msgs) StdoutLine: {'line': b'-- Up-to-date: /home/mcfb/ros2_ws/install/px4_msgs/include/px4_msgs/px4_msgs/msg/sensors_status.h\n'}
[1.341305] (px4_msgs) StdoutLine: {'line': b'-- Up-to-date: /home/mcfb/ros2_ws/install/px4_msgs/include/px4_msgs/px4_msgs/msg/telemetry_status.h\n'}
[1.341410] (px4_msgs) StdoutLine: {'line': b'-- Up-to-date: /home/mcfb/ros2_ws/install/px4_msgs/include/px4_msgs/px4_msgs/msg/open_drone_id_arm_status.h\n'}
[1.341474] (px4_msgs) StdoutLine: {'line': b'-- Up-to-date: /home/mcfb/ros2_ws/install/px4_msgs/include/px4_msgs/px4_msgs/msg/parameter_set_value_response.h\n'}
[1.341532] (px4_msgs) StdoutLine: {'line': b'-- Up-to-date: /home/mcfb/ros2_ws/install/px4_msgs/include/px4_msgs/px4_msgs/msg/estimator_gps_status.h\n'}
[1.341598] (px4_msgs) StdoutLine: {'line': b'-- Up-to-date: /home/mcfb/ros2_ws/install/px4_msgs/include/px4_msgs/px4_msgs/msg/sensor_gnss_status.h\n'}
[1.341667] (px4_msgs) StdoutLine: {'line': b'-- Up-to-date: /home/mcfb/ros2_ws/install/px4_msgs/include/px4_msgs/px4_msgs/msg/vehicle_acceleration.h\n'}
[1.341773] (px4_msgs) StdoutLine: {'line': b'-- Up-to-date: /home/mcfb/ros2_ws/install/px4_msgs/include/px4_msgs/px4_msgs/msg/failsafe_flags.h\n'}
[1.341843] (px4_msgs) StdoutLine: {'line': b'-- Up-to-date: /home/mcfb/ros2_ws/install/px4_msgs/include/px4_msgs/px4_msgs/msg/position_controller_status.h\n'}
[1.341897] (px4_msgs) StdoutLine: {'line': b'-- Up-to-date: /home/mcfb/ros2_ws/install/px4_msgs/include/px4_msgs/px4_msgs/msg/actuator_test.h\n'}
[1.341966] (px4_msgs) StdoutLine: {'line': b'-- Up-to-date: /home/mcfb/ros2_ws/install/px4_msgs/include/px4_msgs/px4_msgs/msg/vehicle_land_detected.h\n'}
[1.342031] (px4_msgs) StdoutLine: {'line': b'-- Up-to-date: /home/mcfb/ros2_ws/install/px4_msgs/include/px4_msgs/px4_msgs/msg/vehicle_status.h\n'}
[1.342095] (px4_msgs) StdoutLine: {'line': b'-- Up-to-date: /home/mcfb/ros2_ws/install/px4_msgs/include/px4_msgs/px4_msgs/msg/pps_capture.h\n'}
[1.342149] (px4_msgs) StdoutLine: {'line': b'-- Up-to-date: /home/mcfb/ros2_ws/install/px4_msgs/include/px4_msgs/px4_msgs/msg/vehicle_attitude_setpoint.h\n'}
[1.342201] (px4_msgs) StdoutLine: {'line': b'-- Up-to-date: /home/mcfb/ros2_ws/install/px4_msgs/include/px4_msgs/px4_msgs/msg/mode_completed.h\n'}
[1.342260] (px4_msgs) StdoutLine: {'line': b'-- Up-to-date: /home/mcfb/ros2_ws/install/px4_msgs/include/px4_msgs/px4_msgs/msg/sensor_combined.h\n'}
[1.342327] (px4_msgs) StdoutLine: {'line': b'-- Up-to-date: /home/mcfb/ros2_ws/install/px4_msgs/include/px4_msgs/px4_msgs/msg/estimator_bias3d.h\n'}
[1.342398] (px4_msgs) StdoutLine: {'line': b'-- Up-to-date: /home/mcfb/ros2_ws/install/px4_msgs/include/px4_msgs/px4_msgs/msg/landing_gear_wheel.h\n'}
[1.342467] (px4_msgs) StdoutLine: {'line': b'-- Up-to-date: /home/mcfb/ros2_ws/install/px4_msgs/include/px4_msgs/px4_msgs/msg/gimbal_manager_status.h\n'}
[1.342532] (px4_msgs) StdoutLine: {'line': b'-- Up-to-date: /home/mcfb/ros2_ws/install/px4_msgs/include/px4_msgs/px4_msgs/msg/sensor_hygrometer.h\n'}
[1.342584] (px4_msgs) StdoutLine: {'line': b'-- Up-to-date: /home/mcfb/ros2_ws/install/px4_msgs/include/px4_msgs/px4_msgs/msg/estimator_states.h\n'}
[1.342638] (px4_msgs) StdoutLine: {'line': b'-- Up-to-date: /home/mcfb/ros2_ws/install/px4_msgs/include/px4_msgs/px4_msgs/msg/orb_test_medium.h\n'}
[1.342706] (px4_msgs) StdoutLine: {'line': b'-- Up-to-date: /home/mcfb/ros2_ws/install/px4_msgs/include/px4_msgs/px4_msgs/msg/estimator_innovations.h\n'}
[1.342772] (px4_msgs) StdoutLine: {'line': b'-- Up-to-date: /home/mcfb/ros2_ws/install/px4_msgs/include/px4_msgs/px4_msgs/msg/button_event.h\n'}
[1.342823] (px4_msgs) StdoutLine: {'line': b'-- Up-to-date: /home/mcfb/ros2_ws/install/px4_msgs/include/px4_msgs/px4_msgs/msg/tecs_status.h\n'}
[1.342904] (px4_msgs) StdoutLine: {'line': b'-- Up-to-date: /home/mcfb/ros2_ws/install/px4_msgs/include/px4_msgs/px4_msgs/msg/geofence_result.h\n'}
[1.342974] (px4_msgs) StdoutLine: {'line': b'-- Up-to-date: /home/mcfb/ros2_ws/install/px4_msgs/include/px4_msgs/px4_msgs/msg/vehicle_thrust_setpoint.h\n'}
[1.343039] (px4_msgs) StdoutLine: {'line': b'-- Up-to-date: /home/mcfb/ros2_ws/install/px4_msgs/include/px4_msgs/px4_msgs/msg/vehicle_local_position_setpoint.h\n'}
[1.343109] (px4_msgs) StdoutLine: {'line': b'-- Up-to-date: /home/mcfb/ros2_ws/install/px4_msgs/include/px4_msgs/px4_msgs/msg/estimator_aid_source1d.h\n'}
[1.343175] (px4_msgs) StdoutLine: {'line': b'-- Up-to-date: /home/mcfb/ros2_ws/install/px4_msgs/include/px4_msgs/px4_msgs/msg/sensor_gnss_relative.h\n'}
[1.343232] (px4_msgs) StdoutLine: {'line': b'-- Up-to-date: /home/mcfb/ros2_ws/install/px4_msgs/include/px4_msgs/px4_msgs/msg/sensors_status_imu.h\n'}
[1.343293] (px4_msgs) StdoutLine: {'line': b'-- Up-to-date: /home/mcfb/ros2_ws/install/px4_msgs/include/px4_msgs/px4_msgs/msg/mag_worker_data.h\n'}
[1.343421] (px4_msgs) StdoutLine: {'line': b'-- Up-to-date: /home/mcfb/ros2_ws/install/px4_msgs/include/px4_msgs/px4_msgs/msg/vehicle_torque_setpoint.h\n'}
[1.343541] (px4_msgs) StdoutLine: {'line': b'-- Up-to-date: /home/mcfb/ros2_ws/install/px4_msgs/include/px4_msgs/px4_msgs/msg/parameter_set_used_request.h\n'}
[1.343708] (px4_msgs) StdoutLine: {'line': b'-- Up-to-date: /home/mcfb/ros2_ws/install/px4_msgs/include/px4_msgs/px4_msgs/msg/rc_channels.h\n'}
[1.343774] (px4_msgs) StdoutLine: {'line': b'-- Up-to-date: /home/mcfb/ros2_ws/install/px4_msgs/include/px4_msgs/px4_msgs/msg/velocity_limits.h\n'}
[1.343832] (px4_msgs) StdoutLine: {'line': b'-- Up-to-date: /home/mcfb/ros2_ws/install/px4_msgs/include/px4_msgs/px4_msgs/msg/gimbal_device_information.h\n'}
[1.343904] (px4_msgs) StdoutLine: {'line': b'-- Up-to-date: /home/mcfb/ros2_ws/install/px4_msgs/include/px4_msgs/px4_msgs/msg/vehicle_odometry.h\n'}
[1.343957] (px4_msgs) StdoutLine: {'line': b'-- Up-to-date: /home/mcfb/ros2_ws/install/px4_msgs/include/px4_msgs/px4_msgs/msg/mission.h\n'}
[1.344014] (px4_msgs) StdoutLine: {'line': b'-- Up-to-date: /home/mcfb/ros2_ws/install/px4_msgs/include/px4_msgs/px4_msgs/msg/sensor_gyro_fifo.h\n'}
[1.344075] (px4_msgs) StdoutLine: {'line': b'-- Up-to-date: /home/mcfb/ros2_ws/install/px4_msgs/include/px4_msgs/px4_msgs/msg/navigator_mission_item.h\n'}
[1.344133] (px4_msgs) StdoutLine: {'line': b'-- Up-to-date: /home/mcfb/ros2_ws/install/px4_msgs/include/px4_msgs/px4_msgs/msg/qshell_req.h\n'}
[1.344194] (px4_msgs) StdoutLine: {'line': b'-- Up-to-date: /home/mcfb/ros2_ws/install/px4_msgs/include/px4_msgs/px4_msgs/msg/rover_speed_setpoint.h\n'}
[1.344241] (px4_msgs) StdoutLine: {'line': b'-- Up-to-date: /home/mcfb/ros2_ws/install/px4_msgs/include/px4_msgs/px4_msgs/msg/rpm.h\n'}
[1.344291] (px4_msgs) StdoutLine: {'line': b'-- Up-to-date: /home/mcfb/ros2_ws/install/px4_msgs/include/px4_msgs/px4_msgs/msg/vehicle_global_position.h\n'}
[1.344368] (px4_msgs) StdoutLine: {'line': b'-- Up-to-date: /home/mcfb/ros2_ws/install/px4_msgs/include/px4_msgs/px4_msgs/msg/estimator_sensor_bias.h\n'}
[1.344428] (px4_msgs) StdoutLine: {'line': b'-- Up-to-date: /home/mcfb/ros2_ws/install/px4_msgs/include/px4_msgs/px4_msgs/msg/radio_status.h\n'}
[1.344492] (px4_msgs) StdoutLine: {'line': b'-- Up-to-date: /home/mcfb/ros2_ws/install/px4_msgs/include/px4_msgs/px4_msgs/msg/fixed_wing_lateral_setpoint.h\n'}
[1.344557] (px4_msgs) StdoutLine: {'line': b'-- Up-to-date: /home/mcfb/ros2_ws/install/px4_msgs/include/px4_msgs/px4_msgs/msg/hover_thrust_estimate.h\n'}
[1.344629] (px4_msgs) StdoutLine: {'line': b'-- Up-to-date: /home/mcfb/ros2_ws/install/px4_msgs/include/px4_msgs/px4_msgs/msg/can_interface_status.h\n'}
[1.344702] (px4_msgs) StdoutLine: {'line': b'-- Up-to-date: /home/mcfb/ros2_ws/install/px4_msgs/include/px4_msgs/px4_msgs/msg/gpio_in.h\n'}
[1.344922] (px4_msgs) StdoutLine: {'line': b'-- Up-to-date: /home/mcfb/ros2_ws/install/px4_msgs/include/px4_msgs/px4_msgs/msg/vehicle_angular_velocity.h\n'}
[1.344996] (px4_msgs) StdoutLine: {'line': b'-- Up-to-date: /home/mcfb/ros2_ws/install/px4_msgs/include/px4_msgs/px4_msgs/msg/vehicle_angular_acceleration_setpoint.h\n'}
[1.345049] (px4_msgs) StdoutLine: {'line': b'-- Up-to-date: /home/mcfb/ros2_ws/install/px4_msgs/include/px4_msgs/px4_msgs/msg/camera_capture.h\n'}
[1.345107] (px4_msgs) StdoutLine: {'line': b'-- Up-to-date: /home/mcfb/ros2_ws/install/px4_msgs/include/px4_msgs/px4_msgs/msg/vehicle_control_mode.h\n'}
[1.345177] (px4_msgs) StdoutLine: {'line': b'-- Up-to-date: /home/mcfb/ros2_ws/install/px4_msgs/include/px4_msgs/px4_msgs/msg/arming_check_reply.h\n'}
[1.345242] (px4_msgs) StdoutLine: {'line': b'-- Up-to-date: /home/mcfb/ros2_ws/install/px4_msgs/include/px4_msgs/px4_msgs/msg/ping.h\n'}
[1.345293] (px4_msgs) StdoutLine: {'line': b'-- Up-to-date: /home/mcfb/ros2_ws/install/px4_msgs/include/px4_msgs/px4_msgs/msg/sensor_gyro.h\n'}
[1.345367] (px4_msgs) StdoutLine: {'line': b'-- Up-to-date: /home/mcfb/ros2_ws/install/px4_msgs/include/px4_msgs/px4_msgs/msg/autotune_attitude_control_status.h\n'}
[1.359549] (px4_msgs) StdoutLine: {'line': b'-- Up-to-date: /home/mcfb/ros2_ws/install/px4_msgs/include/px4_msgs/px4_msgs/msg/orb_test_large.h\n'}
[1.359797] (px4_msgs) StdoutLine: {'line': b'-- Up-to-date: /home/mcfb/ros2_ws/install/px4_msgs/include/px4_msgs/px4_msgs/msg/task_stack_info.h\n'}
[1.360130] (px4_msgs) StdoutLine: {'line': b'-- Up-to-date: /home/mcfb/ros2_ws/install/px4_msgs/include/px4_msgs/px4_msgs/msg/fuel_tank_status.h\n'}
[1.360248] (px4_msgs) StdoutLine: {'line': b'-- Up-to-date: /home/mcfb/ros2_ws/install/px4_msgs/include/px4_msgs/px4_msgs/msg/unregister_ext_component.h\n'}
[1.360359] (px4_msgs) StdoutLine: {'line': b'-- Up-to-date: /home/mcfb/ros2_ws/install/px4_msgs/include/px4_msgs/px4_msgs/msg/longitudinal_control_configuration.h\n'}
[1.360696] (px4_msgs) StdoutLine: {'line': b'-- Up-to-date: /home/mcfb/ros2_ws/install/px4_msgs/include/px4_msgs/px4_msgs/msg/gimbal_manager_set_attitude.h\n'}
[1.360805] (px4_msgs) StdoutLine: {'line': b'-- Up-to-date: /home/mcfb/ros2_ws/install/px4_msgs/include/px4_msgs/px4_msgs/msg/gpio_request.h\n'}
[1.361073] (px4_msgs) StdoutLine: {'line': b'-- Up-to-date: /home/mcfb/ros2_ws/install/px4_msgs/include/px4_msgs/px4_msgs/msg/normalized_unsigned_setpoint.h\n'}
[1.361165] (px4_msgs) StdoutLine: {'line': b'-- Up-to-date: /home/mcfb/ros2_ws/install/px4_msgs/include/px4_msgs/px4_msgs/msg/sensor_correction.h\n'}
[1.361238] (px4_msgs) StdoutLine: {'line': b'-- Up-to-date: /home/mcfb/ros2_ws/install/px4_msgs/include/px4_msgs/px4_msgs/msg/rc_parameter_map.h\n'}
[1.361373] (px4_msgs) StdoutLine: {'line': b'-- Up-to-date: /home/mcfb/ros2_ws/install/px4_msgs/include/px4_msgs/px4_msgs/msg/pwm_input.h\n'}
[1.361527] (px4_msgs) StdoutLine: {'line': b'-- Up-to-date: /home/mcfb/ros2_ws/install/px4_msgs/include/px4_msgs/px4_msgs/msg/landing_gear.h\n'}
[1.361807] (px4_msgs) StdoutLine: {'line': b'-- Up-to-date: /home/mcfb/ros2_ws/install/px4_msgs/include/px4_msgs/px4_msgs/msg/estimator_bias.h\n'}
[1.361904] (px4_msgs) StdoutLine: {'line': b'-- Up-to-date: /home/mcfb/ros2_ws/install/px4_msgs/include/px4_msgs/px4_msgs/msg/gpio_out.h\n'}
[1.362121] (px4_msgs) StdoutLine: {'line': b'-- Up-to-date: /home/mcfb/ros2_ws/install/px4_msgs/include/px4_msgs/px4_msgs/msg/detail\n'}
[1.362205] (px4_msgs) StdoutLine: {'line': b'-- Up-to-date: /home/mcfb/ros2_ws/install/px4_msgs/include/px4_msgs/px4_msgs/msg/detail/home_position__functions.h\n'}
[1.362267] (px4_msgs) StdoutLine: {'line': b'-- Up-to-date: /home/mcfb/ros2_ws/install/px4_msgs/include/px4_msgs/px4_msgs/msg/detail/geofence_result__description.c\n'}
[1.362326] (px4_msgs) StdoutLine: {'line': b'-- Up-to-date: /home/mcfb/ros2_ws/install/px4_msgs/include/px4_msgs/px4_msgs/msg/detail/gpio_config__functions.c\n'}
[1.362420] (px4_msgs) StdoutLine: {'line': b'-- Up-to-date: /home/mcfb/ros2_ws/install/px4_msgs/include/px4_msgs/px4_msgs/msg/detail/airspeed_wind__description.c\n'}
[1.362470] (px4_msgs) StdoutLine: {'line': b'-- Installing: /home/mcfb/ros2_ws/install/px4_msgs/include/px4_msgs/px4_msgs/msg/detail/airspeed__type_support.c\n'}
[1.362529] (px4_msgs) StdoutLine: {'line': b'-- Up-to-date: /home/mcfb/ros2_ws/install/px4_msgs/include/px4_msgs/px4_msgs/msg/detail/estimator_aid_source1d__functions.c\n'}
[1.362573] (px4_msgs) StdoutLine: {'line': b'-- Installing: /home/mcfb/ros2_ws/install/px4_msgs/include/px4_msgs/px4_msgs/msg/detail/failure_detector_status__type_support.c\n'}
[1.362618] (px4_msgs) StdoutLine: {'line': b'-- Installing: /home/mcfb/ros2_ws/install/px4_msgs/include/px4_msgs/px4_msgs/msg/detail/ulog_stream__type_support.c\n'}
[1.362669] (px4_msgs) StdoutLine: {'line': b'-- Up-to-date: /home/mcfb/ros2_ws/install/px4_msgs/include/px4_msgs/px4_msgs/msg/detail/fixed_wing_lateral_guidance_status__description.c\n'}
[1.362722] (px4_msgs) StdoutLine: {'line': b'-- Installing: /home/mcfb/ros2_ws/install/px4_msgs/include/px4_msgs/px4_msgs/msg/detail/can_interface_status__type_support.c\n'}
[1.362798] (px4_msgs) StdoutLine: {'line': b'-- Up-to-date: /home/mcfb/ros2_ws/install/px4_msgs/include/px4_msgs/px4_msgs/msg/detail/radio_status__struct.h\n'}
[1.362854] (px4_msgs) StdoutLine: {'line': b'-- Up-to-date: /home/mcfb/ros2_ws/install/px4_msgs/include/px4_msgs/px4_msgs/msg/detail/estimator_aid_source1d__functions.h\n'}
[1.362905] (px4_msgs) StdoutLine: {'line': b'-- Up-to-date: /home/mcfb/ros2_ws/install/px4_msgs/include/px4_msgs/px4_msgs/msg/detail/arming_check_request__type_support.h\n'}
[1.363036] (px4_msgs) StdoutLine: {'line': b'-- Up-to-date: /home/mcfb/ros2_ws/install/px4_msgs/include/px4_msgs/px4_msgs/msg/detail/generator_status__type_support.h\n'}
[1.363092] (px4_msgs) StdoutLine: {'line': b'-- Up-to-date: /home/mcfb/ros2_ws/install/px4_msgs/include/px4_msgs/px4_msgs/msg/detail/message_format_request__description.c\n'}
[1.363141] (px4_msgs) StdoutLine: {'line': b'-- Up-to-date: /home/mcfb/ros2_ws/install/px4_msgs/include/px4_msgs/px4_msgs/msg/detail/parameter_set_used_request__type_support.h\n'}
[1.363194] (px4_msgs) StdoutLine: {'line': b'-- Up-to-date: /home/mcfb/ros2_ws/install/px4_msgs/include/px4_msgs/px4_msgs/msg/detail/vehicle_local_position_setpoint__functions.h\n'}
[1.363245] (px4_msgs) StdoutLine: {'line': b'-- Installing: /home/mcfb/ros2_ws/install/px4_msgs/include/px4_msgs/px4_msgs/msg/detail/esc_report__type_support.c\n'}
[1.363295] (px4_msgs) StdoutLine: {'line': b'-- Up-to-date: /home/mcfb/ros2_ws/install/px4_msgs/include/px4_msgs/px4_msgs/msg/detail/sensor_combined__description.c\n'}
[1.363735] (px4_msgs) StdoutLine: {'line': b'-- Up-to-date: /home/mcfb/ros2_ws/install/px4_msgs/include/px4_msgs/px4_msgs/msg/detail/actuator_armed__description.c\n'}
[1.363810] (px4_msgs) StdoutLine: {'line': b'-- Up-to-date: /home/mcfb/ros2_ws/install/px4_msgs/include/px4_msgs/px4_msgs/msg/detail/power_button_state__type_support.h\n'}
[1.363979] (px4_msgs) StdoutLine: {'line': b'-- Installing: /home/mcfb/ros2_ws/install/px4_msgs/include/px4_msgs/px4_msgs/msg/detail/vehicle_air_data__type_support.c\n'}
[1.364042] (px4_msgs) StdoutLine: {'line': b'-- Installing: /home/mcfb/ros2_ws/install/px4_msgs/include/px4_msgs/px4_msgs/msg/detail/gimbal_controls__type_support.c\n'}
[1.364094] (px4_msgs) StdoutLine: {'line': b'-- Up-to-date: /home/mcfb/ros2_ws/install/px4_msgs/include/px4_msgs/px4_msgs/msg/detail/register_ext_component_request__type_support.h\n'}
[1.364147] (px4_msgs) StdoutLine: {'line': b'-- Installing: /home/mcfb/ros2_ws/install/px4_msgs/include/px4_msgs/px4_msgs/msg/detail/sensor_gnss_status__type_support.c\n'}
[1.364196] (px4_msgs) StdoutLine: {'line': b'-- Up-to-date: /home/mcfb/ros2_ws/install/px4_msgs/include/px4_msgs/px4_msgs/msg/detail/mavlink_tunnel__functions.c\n'}
[1.364340] (px4_msgs) StdoutLine: {'line': b'-- Up-to-date: /home/mcfb/ros2_ws/install/px4_msgs/include/px4_msgs/px4_msgs/msg/detail/sensors_status_imu__functions.h\n'}
[1.364413] (px4_msgs) StdoutLine: {'line': b'-- Up-to-date: /home/mcfb/ros2_ws/install/px4_msgs/include/px4_msgs/px4_msgs/msg/detail/sensor_gps__functions.h\n'}
[1.364561] (px4_msgs) StdoutLine: {'line': b'-- Up-to-date: /home/mcfb/ros2_ws/install/px4_msgs/include/px4_msgs/px4_msgs/msg/detail/vehicle_command__struct.h\n'}
[1.364765] (px4_msgs) StdoutLine: {'line': b'-- Up-to-date: /home/mcfb/ros2_ws/install/px4_msgs/include/px4_msgs/px4_msgs/msg/detail/rtl_status__functions.c\n'}
[1.364827] (px4_msgs) StdoutLine: {'line': b'-- Up-to-date: /home/mcfb/ros2_ws/install/px4_msgs/include/px4_msgs/px4_msgs/msg/detail/gimbal_manager_information__functions.c\n'}
[1.364920] (px4_msgs) StdoutLine: {'line': b'-- Up-to-date: /home/mcfb/ros2_ws/install/px4_msgs/include/px4_msgs/px4_msgs/msg/detail/actuator_test__functions.c\n'}
[1.364994] (px4_msgs) StdoutLine: {'line': b'-- Up-to-date: /home/mcfb/ros2_ws/install/px4_msgs/include/px4_msgs/px4_msgs/msg/detail/geofence_status__struct.h\n'}
[1.365094] (px4_msgs) StdoutLine: {'line': b'-- Up-to-date: /home/mcfb/ros2_ws/install/px4_msgs/include/px4_msgs/px4_msgs/msg/detail/heater_status__struct.h\n'}
[1.365505] (px4_msgs) StdoutLine: {'line': b'-- Up-to-date: /home/mcfb/ros2_ws/install/px4_msgs/include/px4_msgs/px4_msgs/msg/detail/autotune_attitude_control_status__functions.h\n'}
[1.365618] (px4_msgs) StdoutLine: {'line': b'-- Up-to-date: /home/mcfb/ros2_ws/install/px4_msgs/include/px4_msgs/px4_msgs/msg/detail/vehicle_attitude_setpoint__functions.c\n'}
[1.365678] (px4_msgs) StdoutLine: {'line': b'-- Up-to-date: /home/mcfb/ros2_ws/install/px4_msgs/include/px4_msgs/px4_msgs/msg/detail/estimator_bias__description.c\n'}
[1.365735] (px4_msgs) StdoutLine: {'line': b'-- Up-to-date: /home/mcfb/ros2_ws/install/px4_msgs/include/px4_msgs/px4_msgs/msg/detail/launch_detection_status__struct.h\n'}
[1.365780] (px4_msgs) StdoutLine: {'line': b'-- Up-to-date: /home/mcfb/ros2_ws/install/px4_msgs/include/px4_msgs/px4_msgs/msg/detail/sensor_baro__description.c\n'}
[1.365826] (px4_msgs) StdoutLine: {'line': b'-- Installing: /home/mcfb/ros2_ws/install/px4_msgs/include/px4_msgs/px4_msgs/msg/detail/estimator_bias__type_support.c\n'}
[1.365871] (px4_msgs) StdoutLine: {'line': b'-- Up-to-date: /home/mcfb/ros2_ws/install/px4_msgs/include/px4_msgs/px4_msgs/msg/detail/arming_check_reply__struct.h\n'}
[1.365916] (px4_msgs) StdoutLine: {'line': b'-- Up-to-date: /home/mcfb/ros2_ws/install/px4_msgs/include/px4_msgs/px4_msgs/msg/detail/open_drone_id_system__functions.c\n'}
[1.365963] (px4_msgs) StdoutLine: {'line': b'-- Up-to-date: /home/mcfb/ros2_ws/install/px4_msgs/include/px4_msgs/px4_msgs/msg/detail/action_request__functions.h\n'}
[1.366009] (px4_msgs) StdoutLine: {'line': b'-- Up-to-date: /home/mcfb/ros2_ws/install/px4_msgs/include/px4_msgs/px4_msgs/msg/detail/gimbal_controls__type_support.h\n'}
[1.366058] (px4_msgs) StdoutLine: {'line': b'-- Up-to-date: /home/mcfb/ros2_ws/install/px4_msgs/include/px4_msgs/px4_msgs/msg/detail/ulog_stream__struct.h\n'}
[1.366106] (px4_msgs) StdoutLine: {'line': b'-- Up-to-date: /home/mcfb/ros2_ws/install/px4_msgs/include/px4_msgs/px4_msgs/msg/detail/collision_constraints__functions.c\n'}
[1.366155] (px4_msgs) StdoutLine: {'line': b'-- Up-to-date: /home/mcfb/ros2_ws/install/px4_msgs/include/px4_msgs/px4_msgs/msg/detail/sensor_airflow__type_support.h\n'}
[1.366207] (px4_msgs) StdoutLine: {'line': b'-- Up-to-date: /home/mcfb/ros2_ws/install/px4_msgs/include/px4_msgs/px4_msgs/msg/detail/iridiumsbd_status__description.c\n'}
[1.366265] (px4_msgs) StdoutLine: {'line': b'-- Up-to-date: /home/mcfb/ros2_ws/install/px4_msgs/include/px4_msgs/px4_msgs/msg/detail/actuator_outputs__type_support.h\n'}
[1.366319] (px4_msgs) StdoutLine: {'line': b'-- Up-to-date: /home/mcfb/ros2_ws/install/px4_msgs/include/px4_msgs/px4_msgs/msg/detail/onboard_computer_status__struct.h\n'}
[1.366371] (px4_msgs) StdoutLine: {'line': b'-- Up-to-date: /home/mcfb/ros2_ws/install/px4_msgs/include/px4_msgs/px4_msgs/msg/detail/vehicle_air_data__struct.h\n'}
[1.366418] (px4_msgs) StdoutLine: {'line': b'-- Up-to-date: /home/mcfb/ros2_ws/install/px4_msgs/include/px4_msgs/px4_msgs/msg/detail/failsafe_flags__type_support.h\n'}
[1.366465] (px4_msgs) StdoutLine: {'line': b'-- Installing: /home/mcfb/ros2_ws/install/px4_msgs/include/px4_msgs/px4_msgs/msg/detail/gimbal_manager_information__type_support.c\n'}
[1.366512] (px4_msgs) StdoutLine: {'line': b'-- Up-to-date: /home/mcfb/ros2_ws/install/px4_msgs/include/px4_msgs/px4_msgs/msg/detail/rover_position_setpoint__struct.h\n'}
[1.366561] (px4_msgs) StdoutLine: {'line': b'-- Up-to-date: /home/mcfb/ros2_ws/install/px4_msgs/include/px4_msgs/px4_msgs/msg/detail/vehicle_rates_setpoint__functions.h\n'}
[1.366610] (px4_msgs) StdoutLine: {'line': b'-- Installing: /home/mcfb/ros2_ws/install/px4_msgs/include/px4_msgs/px4_msgs/msg/detail/follow_target__type_support.c\n'}
[1.366657] (px4_msgs) StdoutLine: {'line': b'-- Up-to-date: /home/mcfb/ros2_ws/install/px4_msgs/include/px4_msgs/px4_msgs/msg/detail/register_ext_component_request__functions.c\n'}
[1.366705] (px4_msgs) StdoutLine: {'line': b'-- Up-to-date: /home/mcfb/ros2_ws/install/px4_msgs/include/px4_msgs/px4_msgs/msg/detail/vehicle_odometry__description.c\n'}
[1.366756] (px4_msgs) StdoutLine: {'line': b'-- Up-to-date: /home/mcfb/ros2_ws/install/px4_msgs/include/px4_msgs/px4_msgs/msg/detail/follow_target_status__struct.h\n'}
[1.366854] (px4_msgs) StdoutLine: {'line': b'-- Up-to-date: /home/mcfb/ros2_ws/install/px4_msgs/include/px4_msgs/px4_msgs/msg/detail/normalized_unsigned_setpoint__struct.h\n'}
[1.366905] (px4_msgs) StdoutLine: {'line': b'-- Up-to-date: /home/mcfb/ros2_ws/install/px4_msgs/include/px4_msgs/px4_msgs/msg/detail/power_button_state__functions.c\n'}
[1.366988] (px4_msgs) StdoutLine: {'line': b'-- Installing: /home/mcfb/ros2_ws/install/px4_msgs/include/px4_msgs/px4_msgs/msg/detail/vehicle_imu_status__type_support.c\n'}
[1.367033] (px4_msgs) StdoutLine: {'line': b'-- Up-to-date: /home/mcfb/ros2_ws/install/px4_msgs/include/px4_msgs/px4_msgs/msg/detail/geofence_status__functions.h\n'}
[1.367077] (px4_msgs) StdoutLine: {'line': b'-- Up-to-date: /home/mcfb/ros2_ws/install/px4_msgs/include/px4_msgs/px4_msgs/msg/detail/distance_sensor_mode_change_request__description.c\n'}
[1.367145] (px4_msgs) StdoutLine: {'line': b'-- Up-to-date: /home/mcfb/ros2_ws/install/px4_msgs/include/px4_msgs/px4_msgs/msg/detail/internal_combustion_engine_status__functions.c\n'}
[1.367195] (px4_msgs) StdoutLine: {'line': b'-- Up-to-date: /home/mcfb/ros2_ws/install/px4_msgs/include/px4_msgs/px4_msgs/msg/detail/dataman_response__description.c\n'}
[1.367245] (px4_msgs) StdoutLine: {'line': b'-- Up-to-date: /home/mcfb/ros2_ws/install/px4_msgs/include/px4_msgs/px4_msgs/msg/detail/estimator_innovations__description.c\n'}
[1.367299] (px4_msgs) StdoutLine: {'line': b'-- Up-to-date: /home/mcfb/ros2_ws/install/px4_msgs/include/px4_msgs/px4_msgs/msg/detail/airspeed_wind__functions.c\n'}
[1.367354] (px4_msgs) StdoutLine: {'line': b'-- Up-to-date: /home/mcfb/ros2_ws/install/px4_msgs/include/px4_msgs/px4_msgs/msg/detail/tiltrotor_extra_controls__type_support.h\n'}
[1.367413] (px4_msgs) StdoutLine: {'line': b'-- Up-to-date: /home/mcfb/ros2_ws/install/px4_msgs/include/px4_msgs/px4_msgs/msg/detail/sensor_selection__struct.h\n'}
[1.367462] (px4_msgs) StdoutLine: {'line': b'-- Up-to-date: /home/mcfb/ros2_ws/install/px4_msgs/include/px4_msgs/px4_msgs/msg/detail/gpio_request__struct.h\n'}
[1.367510] (px4_msgs) StdoutLine: {'line': b'-- Up-to-date: /home/mcfb/ros2_ws/install/px4_msgs/include/px4_msgs/px4_msgs/msg/detail/battery_status__struct.h\n'}
[1.367558] (px4_msgs) StdoutLine: {'line': b'-- Up-to-date: /home/mcfb/ros2_ws/install/px4_msgs/include/px4_msgs/px4_msgs/msg/detail/qshell_req__description.c\n'}
[1.367606] (px4_msgs) StdoutLine: {'line': b'-- Up-to-date: /home/mcfb/ros2_ws/install/px4_msgs/include/px4_msgs/px4_msgs/msg/detail/estimator_sensor_bias__type_support.h\n'}
[1.367654] (px4_msgs) StdoutLine: {'line': b'-- Up-to-date: /home/mcfb/ros2_ws/install/px4_msgs/include/px4_msgs/px4_msgs/msg/detail/internal_combustion_engine_control__functions.c\n'}
[1.367703] (px4_msgs) StdoutLine: {'line': b'-- Up-to-date: /home/mcfb/ros2_ws/install/px4_msgs/include/px4_msgs/px4_msgs/msg/detail/satellite_info__functions.c\n'}
[1.367751] (px4_msgs) StdoutLine: {'line': b'-- Up-to-date: /home/mcfb/ros2_ws/install/px4_msgs/include/px4_msgs/px4_msgs/msg/detail/estimator_selector_status__description.c\n'}
[1.367799] (px4_msgs) StdoutLine: {'line': b'-- Up-to-date: /home/mcfb/ros2_ws/install/px4_msgs/include/px4_msgs/px4_msgs/msg/detail/gripper__struct.h\n'}
[1.367848] (px4_msgs) StdoutLine: {'line': b'-- Up-to-date: /home/mcfb/ros2_ws/install/px4_msgs/include/px4_msgs/px4_msgs/msg/detail/position_setpoint__functions.c\n'}
[1.367895] (px4_msgs) StdoutLine: {'line': b'-- Up-to-date: /home/mcfb/ros2_ws/install/px4_msgs/include/px4_msgs/px4_msgs/msg/detail/rover_attitude_setpoint__functions.h\n'}
[1.367943] (px4_msgs) StdoutLine: {'line': b'-- Up-to-date: /home/mcfb/ros2_ws/install/px4_msgs/include/px4_msgs/px4_msgs/msg/detail/gpio_out__struct.h\n'}
[1.367990] (px4_msgs) StdoutLine: {'line': b'-- Up-to-date: /home/mcfb/ros2_ws/install/px4_msgs/include/px4_msgs/px4_msgs/msg/detail/message_format_response__struct.h\n'}
[1.368038] (px4_msgs) StdoutLine: {'line': b'-- Installing: /home/mcfb/ros2_ws/install/px4_msgs/include/px4_msgs/px4_msgs/msg/detail/estimator_states__type_support.c\n'}
[1.368086] (px4_msgs) StdoutLine: {'line': b'-- Up-to-date: /home/mcfb/ros2_ws/install/px4_msgs/include/px4_msgs/px4_msgs/msg/detail/rover_attitude_status__functions.c\n'}
[1.368135] (px4_msgs) StdoutLine: {'line': b'-- Installing: /home/mcfb/ros2_ws/install/px4_msgs/include/px4_msgs/px4_msgs/msg/detail/fixed_wing_runway_control__type_support.c\n'}
[1.368207] (px4_msgs) StdoutLine: {'line': b'-- Up-to-date: /home/mcfb/ros2_ws/install/px4_msgs/include/px4_msgs/px4_msgs/msg/detail/log_message__struct.h\n'}
[1.368257] (px4_msgs) StdoutLine: {'line': b'-- Up-to-date: /home/mcfb/ros2_ws/install/px4_msgs/include/px4_msgs/px4_msgs/msg/detail/arming_check_request__functions.c\n'}
[1.368307] (px4_msgs) StdoutLine: {'line': b'-- Up-to-date: /home/mcfb/ros2_ws/install/px4_msgs/include/px4_msgs/px4_msgs/msg/detail/mission_result__functions.h\n'}
[1.368369] (px4_msgs) StdoutLine: {'line': b'-- Up-to-date: /home/mcfb/ros2_ws/install/px4_msgs/include/px4_msgs/px4_msgs/msg/detail/tiltrotor_extra_controls__functions.h\n'}
[1.368429] (px4_msgs) StdoutLine: {'line': b'-- Up-to-date: /home/mcfb/ros2_ws/install/px4_msgs/include/px4_msgs/px4_msgs/msg/detail/radio_status__functions.h\n'}
[1.368493] (px4_msgs) StdoutLine: {'line': b'-- Up-to-date: /home/mcfb/ros2_ws/install/px4_msgs/include/px4_msgs/px4_msgs/msg/detail/gimbal_manager_set_attitude__functions.c\n'}
[1.368625] (px4_msgs) StdoutLine: {'line': b'-- Up-to-date: /home/mcfb/ros2_ws/install/px4_msgs/include/px4_msgs/px4_msgs/msg/detail/parameter_set_used_request__description.c\n'}
[1.368679] (px4_msgs) StdoutLine: {'line': b'-- Up-to-date: /home/mcfb/ros2_ws/install/px4_msgs/include/px4_msgs/px4_msgs/msg/detail/vehicle_status__functions.h\n'}
[1.368729] (px4_msgs) StdoutLine: {'line': b'-- Up-to-date: /home/mcfb/ros2_ws/install/px4_msgs/include/px4_msgs/px4_msgs/msg/detail/sensor_gnss_status__struct.h\n'}
[1.368796] (px4_msgs) StdoutLine: {'line': b'-- Up-to-date: /home/mcfb/ros2_ws/install/px4_msgs/include/px4_msgs/px4_msgs/msg/detail/goto_setpoint__struct.h\n'}
[1.368871] (px4_msgs) StdoutLine: {'line': b'-- Up-to-date: /home/mcfb/ros2_ws/install/px4_msgs/include/px4_msgs/px4_msgs/msg/detail/differential_pressure__functions.c\n'}
[1.368930] (px4_msgs) StdoutLine: {'line': b'-- Up-to-date: /home/mcfb/ros2_ws/install/px4_msgs/include/px4_msgs/px4_msgs/msg/detail/sensor_gyro_fifo__functions.c\n'}
[1.369001] (px4_msgs) StdoutLine: {'line': b'-- Installing: /home/mcfb/ros2_ws/install/px4_msgs/include/px4_msgs/px4_msgs/msg/detail/fixed_wing_lateral_status__type_support.c\n'}
[1.369062] (px4_msgs) StdoutLine: {'line': b'-- Up-to-date: /home/mcfb/ros2_ws/install/px4_msgs/include/px4_msgs/px4_msgs/msg/detail/telemetry_status__type_support.h\n'}
[1.369114] (px4_msgs) StdoutLine: {'line': b'-- Up-to-date: /home/mcfb/ros2_ws/install/px4_msgs/include/px4_msgs/px4_msgs/msg/detail/ulog_stream_ack__functions.h\n'}
[1.369162] (px4_msgs) StdoutLine: {'line': b'-- Installing: /home/mcfb/ros2_ws/install/px4_msgs/include/px4_msgs/px4_msgs/msg/detail/qshell_retval__type_support.c\n'}
[1.369218] (px4_msgs) StdoutLine: {'line': b'-- Up-to-date: /home/mcfb/ros2_ws/install/px4_msgs/include/px4_msgs/px4_msgs/msg/detail/iridiumsbd_status__functions.h\n'}
[1.369266] (px4_msgs) StdoutLine: {'line': b'-- Up-to-date: /home/mcfb/ros2_ws/install/px4_msgs/include/px4_msgs/px4_msgs/msg/detail/timesync_status__struct.h\n'}
[1.369320] (px4_msgs) StdoutLine: {'line': b'-- Up-to-date: /home/mcfb/ros2_ws/install/px4_msgs/include/px4_msgs/px4_msgs/msg/detail/follow_target__type_support.h\n'}
[1.369368] (px4_msgs) StdoutLine: {'line': b'-- Up-to-date: /home/mcfb/ros2_ws/install/px4_msgs/include/px4_msgs/px4_msgs/msg/detail/rtl_time_estimate__functions.c\n'}
[1.369416] (px4_msgs) StdoutLine: {'line': b'-- Up-to-date: /home/mcfb/ros2_ws/install/px4_msgs/include/px4_msgs/px4_msgs/msg/detail/autotune_attitude_control_status__struct.h\n'}
[1.369463] (px4_msgs) StdoutLine: {'line': b'-- Up-to-date: /home/mcfb/ros2_ws/install/px4_msgs/include/px4_msgs/px4_msgs/msg/detail/fixed_wing_runway_control__type_support.h\n'}
[1.369511] (px4_msgs) StdoutLine: {'line': b'-- Up-to-date: /home/mcfb/ros2_ws/install/px4_msgs/include/px4_msgs/px4_msgs/msg/detail/open_drone_id_system__struct.h\n'}
[1.369558] (px4_msgs) StdoutLine: {'line': b'-- Up-to-date: /home/mcfb/ros2_ws/install/px4_msgs/include/px4_msgs/px4_msgs/msg/detail/open_drone_id_arm_status__struct.h\n'}
[1.369611] (px4_msgs) StdoutLine: {'line': b'-- Up-to-date: /home/mcfb/ros2_ws/install/px4_msgs/include/px4_msgs/px4_msgs/msg/detail/irlock_report__struct.h\n'}
[1.369992] (px4_msgs) StdoutLine: {'line': b'-- Installing: /home/mcfb/ros2_ws/install/px4_msgs/include/px4_msgs/px4_msgs/msg/detail/failsafe_flags__type_support.c\n'}
[1.370049] (px4_msgs) StdoutLine: {'line': b'-- Up-to-date: /home/mcfb/ros2_ws/install/px4_msgs/include/px4_msgs/px4_msgs/msg/detail/sensor_preflight_mag__type_support.h\n'}
[1.370096] (px4_msgs) StdoutLine: {'line': b'-- Up-to-date: /home/mcfb/ros2_ws/install/px4_msgs/include/px4_msgs/px4_msgs/msg/detail/input_rc__functions.c\n'}
[1.370141] (px4_msgs) StdoutLine: {'line': b'-- Up-to-date: /home/mcfb/ros2_ws/install/px4_msgs/include/px4_msgs/px4_msgs/msg/detail/lateral_control_configuration__description.c\n'}
[1.370184] (px4_msgs) StdoutLine: {'line': b'-- Up-to-date: /home/mcfb/ros2_ws/install/px4_msgs/include/px4_msgs/px4_msgs/msg/detail/geofence_status__description.c\n'}
[1.370226] (px4_msgs) StdoutLine: {'line': b'-- Up-to-date: /home/mcfb/ros2_ws/install/px4_msgs/include/px4_msgs/px4_msgs/msg/detail/estimator_status_flags__description.c\n'}
[1.370267] (px4_msgs) StdoutLine: {'line': b'-- Up-to-date: /home/mcfb/ros2_ws/install/px4_msgs/include/px4_msgs/px4_msgs/msg/detail/vehicle_angular_velocity__functions.h\n'}
[1.370308] (px4_msgs) StdoutLine: {'line': b'-- Up-to-date: /home/mcfb/ros2_ws/install/px4_msgs/include/px4_msgs/px4_msgs/msg/detail/sensor_correction__functions.c\n'}
[1.370352] (px4_msgs) StdoutLine: {'line': b'-- Up-to-date: /home/mcfb/ros2_ws/install/px4_msgs/include/px4_msgs/px4_msgs/msg/detail/navigator_status__struct.h\n'}
[1.370390] (px4_msgs) StdoutLine: {'line': b'-- Up-to-date: /home/mcfb/ros2_ws/install/px4_msgs/include/px4_msgs/px4_msgs/msg/detail/actuator_servos__functions.c\n'}
[1.370429] (px4_msgs) StdoutLine: {'line': b'-- Up-to-date: /home/mcfb/ros2_ws/install/px4_msgs/include/px4_msgs/px4_msgs/msg/detail/gripper__functions.h\n'}
[1.370470] (px4_msgs) StdoutLine: {'line': b'-- Up-to-date: /home/mcfb/ros2_ws/install/px4_msgs/include/px4_msgs/px4_msgs/msg/detail/yaw_estimator_status__functions.h\n'}
[1.370547] (px4_msgs) StdoutLine: {'line': b'-- Up-to-date: /home/mcfb/ros2_ws/install/px4_msgs/include/px4_msgs/px4_msgs/msg/detail/actuator_servos__struct.h\n'}
[1.370589] (px4_msgs) StdoutLine: {'line': b'-- Up-to-date: /home/mcfb/ros2_ws/install/px4_msgs/include/px4_msgs/px4_msgs/msg/detail/ulog_stream__functions.h\n'}
[1.370629] (px4_msgs) StdoutLine: {'line': b'-- Installing: /home/mcfb/ros2_ws/install/px4_msgs/include/px4_msgs/px4_msgs/msg/detail/action_request__type_support.c\n'}
[1.370667] (px4_msgs) StdoutLine: {'line': b'-- Up-to-date: /home/mcfb/ros2_ws/install/px4_msgs/include/px4_msgs/px4_msgs/msg/detail/control_allocator_status__description.c\n'}
[1.370705] (px4_msgs) StdoutLine: {'line': b'-- Up-to-date: /home/mcfb/ros2_ws/install/px4_msgs/include/px4_msgs/px4_msgs/msg/detail/gimbal_manager_status__type_support.h\n'}
[1.370744] (px4_msgs) StdoutLine: {'line': b'-- Up-to-date: /home/mcfb/ros2_ws/install/px4_msgs/include/px4_msgs/px4_msgs/msg/detail/goto_setpoint__type_support.h\n'}
[1.370785] (px4_msgs) StdoutLine: {'line': b'-- Up-to-date: /home/mcfb/ros2_ws/install/px4_msgs/include/px4_msgs/px4_msgs/msg/detail/system_power__struct.h\n'}
[1.370822] (px4_msgs) StdoutLine: {'line': b'-- Up-to-date: /home/mcfb/ros2_ws/install/px4_msgs/include/px4_msgs/px4_msgs/msg/detail/estimator_bias3d__functions.h\n'}
[1.370860] (px4_msgs) StdoutLine: {'line': b'-- Up-to-date: /home/mcfb/ros2_ws/install/px4_msgs/include/px4_msgs/px4_msgs/msg/detail/vehicle_land_detected__type_support.h\n'}
[1.370898] (px4_msgs) StdoutLine: {'line': b'-- Up-to-date: /home/mcfb/ros2_ws/install/px4_msgs/include/px4_msgs/px4_msgs/msg/detail/control_allocator_status__functions.h\n'}
[1.370937] (px4_msgs) StdoutLine: {'line': b'-- Up-to-date: /home/mcfb/ros2_ws/install/px4_msgs/include/px4_msgs/px4_msgs/msg/detail/button_event__struct.h\n'}
[1.370975] (px4_msgs) StdoutLine: {'line': b'-- Up-to-date: /home/mcfb/ros2_ws/install/px4_msgs/include/px4_msgs/px4_msgs/msg/detail/sensor_combined__type_support.h\n'}
[1.371096] (px4_msgs) StdoutLine: {'line': b'-- Up-to-date: /home/mcfb/ros2_ws/install/px4_msgs/include/px4_msgs/px4_msgs/msg/detail/sensor_gps__description.c\n'}
[1.371158] (px4_msgs) StdoutLine: {'line': b'-- Up-to-date: /home/mcfb/ros2_ws/install/px4_msgs/include/px4_msgs/px4_msgs/msg/detail/autotune_attitude_control_status__functions.c\n'}
[1.371200] (px4_msgs) StdoutLine: {'line': b'-- Up-to-date: /home/mcfb/ros2_ws/install/px4_msgs/include/px4_msgs/px4_msgs/msg/detail/flight_phase_estimation__description.c\n'}
[1.371243] (px4_msgs) StdoutLine: {'line': b'-- Up-to-date: /home/mcfb/ros2_ws/install/px4_msgs/include/px4_msgs/px4_msgs/msg/detail/position_setpoint_triplet__functions.c\n'}
[1.371309] (px4_msgs) StdoutLine: {'line': b'-- Installing: /home/mcfb/ros2_ws/install/px4_msgs/include/px4_msgs/px4_msgs/msg/detail/vehicle_magnetometer__type_support.c\n'}
[1.371352] (px4_msgs) StdoutLine: {'line': b'-- Up-to-date: /home/mcfb/ros2_ws/install/px4_msgs/include/px4_msgs/px4_msgs/msg/detail/gimbal_device_information__struct.h\n'}
[1.371392] (px4_msgs) StdoutLine: {'line': b'-- Up-to-date: /home/mcfb/ros2_ws/install/px4_msgs/include/px4_msgs/px4_msgs/msg/detail/estimator_gps_status__type_support.h\n'}
[1.371432] (px4_msgs) StdoutLine: {'line': b'-- Installing: /home/mcfb/ros2_ws/install/px4_msgs/include/px4_msgs/px4_msgs/msg/detail/follow_target_status__type_support.c\n'}
[1.371472] (px4_msgs) StdoutLine: {'line': b'-- Up-to-date: /home/mcfb/ros2_ws/install/px4_msgs/include/px4_msgs/px4_msgs/msg/detail/led_control__type_support.h\n'}
[1.371511] (px4_msgs) StdoutLine: {'line': b'-- Up-to-date: /home/mcfb/ros2_ws/install/px4_msgs/include/px4_msgs/px4_msgs/msg/detail/open_drone_id_self_id__functions.c\n'}
[1.371550] (px4_msgs) StdoutLine: {'line': b'-- Up-to-date: /home/mcfb/ros2_ws/install/px4_msgs/include/px4_msgs/px4_msgs/msg/detail/estimator_states__type_support.h\n'}
[1.371588] (px4_msgs) StdoutLine: {'line': b'-- Up-to-date: /home/mcfb/ros2_ws/install/px4_msgs/include/px4_msgs/px4_msgs/msg/detail/position_setpoint_triplet__struct.h\n'}
[1.371629] (px4_msgs) StdoutLine: {'line': b'-- Installing: /home/mcfb/ros2_ws/install/px4_msgs/include/px4_msgs/px4_msgs/msg/detail/log_message__type_support.c\n'}
[1.371667] (px4_msgs) StdoutLine: {'line': b'-- Up-to-date: /home/mcfb/ros2_ws/install/px4_msgs/include/px4_msgs/px4_msgs/msg/detail/landing_gear_wheel__description.c\n'}
[1.371706] (px4_msgs) StdoutLine: {'line': b'-- Installing: /home/mcfb/ros2_ws/install/px4_msgs/include/px4_msgs/px4_msgs/msg/detail/sensor_optical_flow__type_support.c\n'}
[1.371744] (px4_msgs) StdoutLine: {'line': b'-- Up-to-date: /home/mcfb/ros2_ws/install/px4_msgs/include/px4_msgs/px4_msgs/msg/detail/adc_report__struct.h\n'}
[1.371780] (px4_msgs) StdoutLine: {'line': b'-- Up-to-date: /home/mcfb/ros2_ws/install/px4_msgs/include/px4_msgs/px4_msgs/msg/detail/actuator_servos__type_support.h\n'}
[1.371819] (px4_msgs) StdoutLine: {'line': b'-- Up-to-date: /home/mcfb/ros2_ws/install/px4_msgs/include/px4_msgs/px4_msgs/msg/detail/battery_info__struct.h\n'}
[1.371856] (px4_msgs) StdoutLine: {'line': b'-- Up-to-date: /home/mcfb/ros2_ws/install/px4_msgs/include/px4_msgs/px4_msgs/msg/detail/dataman_request__functions.c\n'}
[1.371895] (px4_msgs) StdoutLine: {'line': b'-- Installing: /home/mcfb/ros2_ws/install/px4_msgs/include/px4_msgs/px4_msgs/msg/detail/parameter_set_value_request__type_support.c\n'}
[1.371934] (px4_msgs) StdoutLine: {'line': b'-- Up-to-date: /home/mcfb/ros2_ws/install/px4_msgs/include/px4_msgs/px4_msgs/msg/detail/actuator_servos_trim__struct.h\n'}
[1.371974] (px4_msgs) StdoutLine: {'line': b'-- Up-to-date: /home/mcfb/ros2_ws/install/px4_msgs/include/px4_msgs/px4_msgs/msg/detail/health_report__description.c\n'}
[1.372058] (px4_msgs) StdoutLine: {'line': b'-- Up-to-date: /home/mcfb/ros2_ws/install/px4_msgs/include/px4_msgs/px4_msgs/msg/detail/parameter_set_value_request__struct.h\n'}
[1.372107] (px4_msgs) StdoutLine: {'line': b'-- Up-to-date: /home/mcfb/ros2_ws/install/px4_msgs/include/px4_msgs/px4_msgs/msg/detail/pure_pursuit_status__functions.h\n'}
[1.372150] (px4_msgs) StdoutLine: {'line': b'-- Up-to-date: /home/mcfb/ros2_ws/install/px4_msgs/include/px4_msgs/px4_msgs/msg/detail/estimator_aid_source3d__functions.h\n'}
[1.372188] (px4_msgs) StdoutLine: {'line': b'-- Installing: /home/mcfb/ros2_ws/install/px4_msgs/include/px4_msgs/px4_msgs/msg/detail/vehicle_status__type_support.c\n'}
[1.372227] (px4_msgs) StdoutLine: {'line': b'-- Up-to-date: /home/mcfb/ros2_ws/install/px4_msgs/include/px4_msgs/px4_msgs/msg/detail/timesync_status__functions.c\n'}
[1.372582] (px4_msgs) StdoutLine: {'line': b'-- Up-to-date: /home/mcfb/ros2_ws/install/px4_msgs/include/px4_msgs/px4_msgs/msg/detail/vehicle_command_ack__description.c\n'}
[1.372791] (px4_msgs) StdoutLine: {'line': b'-- Up-to-date: /home/mcfb/ros2_ws/install/px4_msgs/include/px4_msgs/px4_msgs/msg/detail/rover_rate_status__functions.c\n'}
[1.372958] (px4_msgs) StdoutLine: {'line': b'-- Up-to-date: /home/mcfb/ros2_ws/install/px4_msgs/include/px4_msgs/px4_msgs/msg/detail/rover_attitude_setpoint__description.c\n'}
[1.373023] (px4_msgs) StdoutLine: {'line': b'-- Up-to-date: /home/mcfb/ros2_ws/install/px4_msgs/include/px4_msgs/px4_msgs/msg/detail/sensor_accel__functions.h\n'}
[1.373070] (px4_msgs) StdoutLine: {'line': b'-- Up-to-date: /home/mcfb/ros2_ws/install/px4_msgs/include/px4_msgs/px4_msgs/msg/detail/navigator_mission_item__functions.c\n'}
[1.373113] (px4_msgs) StdoutLine: {'line': b'-- Installing: /home/mcfb/ros2_ws/install/px4_msgs/include/px4_msgs/px4_msgs/msg/detail/timesync_status__type_support.c\n'}
[1.373162] (px4_msgs) StdoutLine: {'line': b'-- Up-to-date: /home/mcfb/ros2_ws/install/px4_msgs/include/px4_msgs/px4_msgs/msg/detail/pps_capture__description.c\n'}
[1.373213] (px4_msgs) StdoutLine: {'line': b'-- Up-to-date: /home/mcfb/ros2_ws/install/px4_msgs/include/px4_msgs/px4_msgs/msg/detail/gimbal_manager_set_manual_control__functions.h\n'}
[1.373409] (px4_msgs) StdoutLine: {'line': b'-- Installing: /home/mcfb/ros2_ws/install/px4_msgs/include/px4_msgs/px4_msgs/msg/detail/battery_info__type_support.c\n'}
[1.373490] (px4_msgs) StdoutLine: {'line': b'-- Up-to-date: /home/mcfb/ros2_ws/install/px4_msgs/include/px4_msgs/px4_msgs/msg/detail/debug_value__functions.h\n'}
[1.373548] (px4_msgs) StdoutLine: {'line': b'-- Up-to-date: /home/mcfb/ros2_ws/install/px4_msgs/include/px4_msgs/px4_msgs/msg/detail/message_format_request__functions.c\n'}
[1.373604] (px4_msgs) StdoutLine: {'line': b'-- Up-to-date: /home/mcfb/ros2_ws/install/px4_msgs/include/px4_msgs/px4_msgs/msg/detail/sensors_status_imu__type_support.h\n'}
[1.373658] (px4_msgs) StdoutLine: {'line': b'-- Up-to-date: /home/mcfb/ros2_ws/install/px4_msgs/include/px4_msgs/px4_msgs/msg/detail/hover_thrust_estimate__functions.h\n'}
[1.373709] (px4_msgs) StdoutLine: {'line': b'-- Up-to-date: /home/mcfb/ros2_ws/install/px4_msgs/include/px4_msgs/px4_msgs/msg/detail/task_stack_info__functions.h\n'}
[1.373758] (px4_msgs) StdoutLine: {'line': b'-- Up-to-date: /home/mcfb/ros2_ws/install/px4_msgs/include/px4_msgs/px4_msgs/msg/detail/sensor_gps__functions.c\n'}
[1.373810] (px4_msgs) StdoutLine: {'line': b'-- Up-to-date: /home/mcfb/ros2_ws/install/px4_msgs/include/px4_msgs/px4_msgs/msg/detail/orb_test__functions.h\n'}
[1.373862] (px4_msgs) StdoutLine: {'line': b'-- Up-to-date: /home/mcfb/ros2_ws/install/px4_msgs/include/px4_msgs/px4_msgs/msg/detail/gpio_in__functions.h\n'}
[1.373912] (px4_msgs) StdoutLine: {'line': b'-- Up-to-date: /home/mcfb/ros2_ws/install/px4_msgs/include/px4_msgs/px4_msgs/msg/detail/actuator_outputs__functions.c\n'}
[1.373963] (px4_msgs) StdoutLine: {'line': b'-- Up-to-date: /home/mcfb/ros2_ws/install/px4_msgs/include/px4_msgs/px4_msgs/msg/detail/led_control__struct.h\n'}
[1.374012] (px4_msgs) StdoutLine: {'line': b'-- Installing: /home/mcfb/ros2_ws/install/px4_msgs/include/px4_msgs/px4_msgs/msg/detail/vehicle_odometry__type_support.c\n'}
[1.374061] (px4_msgs) StdoutLine: {'line': b'-- Installing: /home/mcfb/ros2_ws/install/px4_msgs/include/px4_msgs/px4_msgs/msg/detail/hover_thrust_estimate__type_support.c\n'}
[1.374135] (px4_msgs) StdoutLine: {'line': b'-- Up-to-date: /home/mcfb/ros2_ws/install/px4_msgs/include/px4_msgs/px4_msgs/msg/detail/sensor_gyro__type_support.h\n'}
[1.374187] (px4_msgs) StdoutLine: {'line': b'-- Up-to-date: /home/mcfb/ros2_ws/install/px4_msgs/include/px4_msgs/px4_msgs/msg/detail/config_overrides__functions.c\n'}
[1.374237] (px4_msgs) StdoutLine: {'line': b'-- Up-to-date: /home/mcfb/ros2_ws/install/px4_msgs/include/px4_msgs/px4_msgs/msg/detail/camera_capture__functions.c\n'}
[1.374285] (px4_msgs) StdoutLine: {'line': b'-- Installing: /home/mcfb/ros2_ws/install/px4_msgs/include/px4_msgs/px4_msgs/msg/detail/sensor_accel_fifo__type_support.c\n'}
[1.374406] (px4_msgs) StdoutLine: {'line': b'-- Up-to-date: /home/mcfb/ros2_ws/install/px4_msgs/include/px4_msgs/px4_msgs/msg/detail/cpuload__description.c\n'}
[1.374457] (px4_msgs) StdoutLine: {'line': b'-- Up-to-date: /home/mcfb/ros2_ws/install/px4_msgs/include/px4_msgs/px4_msgs/msg/detail/pwm_input__type_support.h\n'}
[1.374508] (px4_msgs) StdoutLine: {'line': b'-- Up-to-date: /home/mcfb/ros2_ws/install/px4_msgs/include/px4_msgs/px4_msgs/msg/detail/pps_capture__functions.h\n'}
[1.374555] (px4_msgs) StdoutLine: {'line': b'-- Up-to-date: /home/mcfb/ros2_ws/install/px4_msgs/include/px4_msgs/px4_msgs/msg/detail/estimator_aid_source2d__struct.h\n'}
[1.374605] (px4_msgs) StdoutLine: {'line': b'-- Up-to-date: /home/mcfb/ros2_ws/install/px4_msgs/include/px4_msgs/px4_msgs/msg/detail/mavlink_tunnel__struct.h\n'}
[1.374654] (px4_msgs) StdoutLine: {'line': b'-- Up-to-date: /home/mcfb/ros2_ws/install/px4_msgs/include/px4_msgs/px4_msgs/msg/detail/register_ext_component_request__functions.h\n'}
[1.374702] (px4_msgs) StdoutLine: {'line': b'-- Up-to-date: /home/mcfb/ros2_ws/install/px4_msgs/include/px4_msgs/px4_msgs/msg/detail/tune_control__struct.h\n'}
[1.374752] (px4_msgs) StdoutLine: {'line': b'-- Up-to-date: /home/mcfb/ros2_ws/install/px4_msgs/include/px4_msgs/px4_msgs/msg/detail/gimbal_manager_status__struct.h\n'}
[1.374801] (px4_msgs) StdoutLine: {'line': b'-- Installing: /home/mcfb/ros2_ws/install/px4_msgs/include/px4_msgs/px4_msgs/msg/detail/rc_channels__type_support.c\n'}
[1.374848] (px4_msgs) StdoutLine: {'line': b'-- Installing: /home/mcfb/ros2_ws/install/px4_msgs/include/px4_msgs/px4_msgs/msg/detail/yaw_estimator_status__type_support.c\n'}
[1.374897] (px4_msgs) StdoutLine: {'line': b'-- Installing: /home/mcfb/ros2_ws/install/px4_msgs/include/px4_msgs/px4_msgs/msg/detail/pps_capture__type_support.c\n'}
[1.374947] (px4_msgs) StdoutLine: {'line': b'-- Up-to-date: /home/mcfb/ros2_ws/install/px4_msgs/include/px4_msgs/px4_msgs/msg/detail/vehicle_torque_setpoint__struct.h\n'}
[1.374996] (px4_msgs) StdoutLine: {'line': b'-- Installing: /home/mcfb/ros2_ws/install/px4_msgs/include/px4_msgs/px4_msgs/msg/detail/actuator_outputs__type_support.c\n'}
[1.375047] (px4_msgs) StdoutLine: {'line': b'-- Up-to-date: /home/mcfb/ros2_ws/install/px4_msgs/include/px4_msgs/px4_msgs/msg/detail/offboard_control_mode__functions.h\n'}
[1.375099] (px4_msgs) StdoutLine: {'line': b'-- Up-to-date: /home/mcfb/ros2_ws/install/px4_msgs/include/px4_msgs/px4_msgs/msg/detail/actuator_armed__type_support.h\n'}
[1.375146] (px4_msgs) StdoutLine: {'line': b'-- Up-to-date: /home/mcfb/ros2_ws/install/px4_msgs/include/px4_msgs/px4_msgs/msg/detail/landing_target_innovations__functions.h\n'}
[1.375197] (px4_msgs) StdoutLine: {'line': b'-- Up-to-date: /home/mcfb/ros2_ws/install/px4_msgs/include/px4_msgs/px4_msgs/msg/detail/mavlink_tunnel__type_support.h\n'}
[1.375249] (px4_msgs) StdoutLine: {'line': b'-- Up-to-date: /home/mcfb/ros2_ws/install/px4_msgs/include/px4_msgs/px4_msgs/msg/detail/vehicle_control_mode__type_support.h\n'}
[1.375589] (px4_msgs) StdoutLine: {'line': b'-- Up-to-date: /home/mcfb/ros2_ws/install/px4_msgs/include/px4_msgs/px4_msgs/msg/detail/position_setpoint_triplet__description.c\n'}
[1.375646] (px4_msgs) StdoutLine: {'line': b'-- Up-to-date: /home/mcfb/ros2_ws/install/px4_msgs/include/px4_msgs/px4_msgs/msg/detail/estimator_bias3d__functions.c\n'}
[1.375700] (px4_msgs) StdoutLine: {'line': b'-- Up-to-date: /home/mcfb/ros2_ws/install/px4_msgs/include/px4_msgs/px4_msgs/msg/detail/geofence_result__type_support.h\n'}
[1.375751] (px4_msgs) StdoutLine: {'line': b'-- Up-to-date: /home/mcfb/ros2_ws/install/px4_msgs/include/px4_msgs/px4_msgs/msg/detail/estimator_status_flags__type_support.h\n'}
[1.375802] (px4_msgs) StdoutLine: {'line': b'-- Up-to-date: /home/mcfb/ros2_ws/install/px4_msgs/include/px4_msgs/px4_msgs/msg/detail/open_drone_id_self_id__description.c\n'}
[1.375851] (px4_msgs) StdoutLine: {'line': b'-- Up-to-date: /home/mcfb/ros2_ws/install/px4_msgs/include/px4_msgs/px4_msgs/msg/detail/flight_phase_estimation__functions.h\n'}
[1.375902] (px4_msgs) StdoutLine: {'line': b'-- Up-to-date: /home/mcfb/ros2_ws/install/px4_msgs/include/px4_msgs/px4_msgs/msg/detail/vehicle_optical_flow_vel__struct.h\n'}
[1.375950] (px4_msgs) StdoutLine: {'line': b'-- Up-to-date: /home/mcfb/ros2_ws/install/px4_msgs/include/px4_msgs/px4_msgs/msg/detail/log_message__functions.h\n'}
[1.376000] (px4_msgs) StdoutLine: {'line': b'-- Up-to-date: /home/mcfb/ros2_ws/install/px4_msgs/include/px4_msgs/px4_msgs/msg/detail/vehicle_magnetometer__functions.c\n'}
[1.376048] (px4_msgs) StdoutLine: {'line': b'-- Up-to-date: /home/mcfb/ros2_ws/install/px4_msgs/include/px4_msgs/px4_msgs/msg/detail/airspeed_validated__functions.c\n'}
[1.376096] (px4_msgs) StdoutLine: {'line': b'-- Installing: /home/mcfb/ros2_ws/install/px4_msgs/include/px4_msgs/px4_msgs/msg/detail/vehicle_control_mode__type_support.c\n'}
[1.376143] (px4_msgs) StdoutLine: {'line': b'-- Up-to-date: /home/mcfb/ros2_ws/install/px4_msgs/include/px4_msgs/px4_msgs/msg/detail/ulog_stream_ack__type_support.h\n'}
[1.376190] (px4_msgs) StdoutLine: {'line': b'-- Installing: /home/mcfb/ros2_ws/install/px4_msgs/include/px4_msgs/px4_msgs/msg/detail/normalized_unsigned_setpoint__type_support.c\n'}
[1.376254] (px4_msgs) StdoutLine: {'line': b'-- Up-to-date: /home/mcfb/ros2_ws/install/px4_msgs/include/px4_msgs/px4_msgs/msg/detail/vehicle_optical_flow_vel__description.c\n'}
[1.376305] (px4_msgs) StdoutLine: {'line': b'-- Up-to-date: /home/mcfb/ros2_ws/install/px4_msgs/include/px4_msgs/px4_msgs/msg/detail/estimator_bias3d__description.c\n'}
[1.376365] (px4_msgs) StdoutLine: {'line': b'-- Up-to-date: /home/mcfb/ros2_ws/install/px4_msgs/include/px4_msgs/px4_msgs/msg/detail/trajectory_setpoint6dof__functions.c\n'}
[1.376413] (px4_msgs) StdoutLine: {'line': b'-- Up-to-date: /home/mcfb/ros2_ws/install/px4_msgs/include/px4_msgs/px4_msgs/msg/detail/vehicle_local_position__struct.h\n'}
[1.376464] (px4_msgs) StdoutLine: {'line': b'-- Up-to-date: /home/mcfb/ros2_ws/install/px4_msgs/include/px4_msgs/px4_msgs/msg/detail/debug_vect__struct.h\n'}
[1.376513] (px4_msgs) StdoutLine: {'line': b'-- Up-to-date: /home/mcfb/ros2_ws/install/px4_msgs/include/px4_msgs/px4_msgs/msg/detail/battery_info__description.c\n'}
[1.376560] (px4_msgs) StdoutLine: {'line': b'-- Up-to-date: /home/mcfb/ros2_ws/install/px4_msgs/include/px4_msgs/px4_msgs/msg/detail/rover_speed_status__functions.h\n'}
[1.376609] (px4_msgs) StdoutLine: {'line': b'-- Up-to-date: /home/mcfb/ros2_ws/install/px4_msgs/include/px4_msgs/px4_msgs/msg/detail/mavlink_log__type_support.h\n'}
[1.376666] (px4_msgs) StdoutLine: {'line': b'-- Installing: /home/mcfb/ros2_ws/install/px4_msgs/include/px4_msgs/px4_msgs/msg/detail/heater_status__type_support.c\n'}
[1.376773] (px4_msgs) StdoutLine: {'line': b'-- Up-to-date: /home/mcfb/ros2_ws/install/px4_msgs/include/px4_msgs/px4_msgs/msg/detail/task_stack_info__description.c\n'}
[1.377035] (px4_msgs) StdoutLine: {'line': b'-- Installing: /home/mcfb/ros2_ws/install/px4_msgs/include/px4_msgs/px4_msgs/msg/detail/camera_capture__type_support.c\n'}
[1.377122] (px4_msgs) StdoutLine: {'line': b'-- Up-to-date: /home/mcfb/ros2_ws/install/px4_msgs/include/px4_msgs/px4_msgs/msg/detail/orb_test__type_support.h\n'}
[1.377179] (px4_msgs) StdoutLine: {'line': b'-- Up-to-date: /home/mcfb/ros2_ws/install/px4_msgs/include/px4_msgs/px4_msgs/msg/detail/neural_control__struct.h\n'}
[1.377255] (px4_msgs) StdoutLine: {'line': b'-- Up-to-date: /home/mcfb/ros2_ws/install/px4_msgs/include/px4_msgs/px4_msgs/msg/detail/vehicle_roi__functions.h\n'}
[1.377343] (px4_msgs) StdoutLine: {'line': b'-- Up-to-date: /home/mcfb/ros2_ws/install/px4_msgs/include/px4_msgs/px4_msgs/msg/detail/geofence_result__functions.c\n'}
[1.377424] (px4_msgs) StdoutLine: {'line': b'-- Up-to-date: /home/mcfb/ros2_ws/install/px4_msgs/include/px4_msgs/px4_msgs/msg/detail/pps_capture__struct.h\n'}
[1.377504] (px4_msgs) StdoutLine: {'line': b'-- Installing: /home/mcfb/ros2_ws/install/px4_msgs/include/px4_msgs/px4_msgs/msg/detail/message_format_response__type_support.c\n'}
[1.377557] (px4_msgs) StdoutLine: {'line': b'-- Up-to-date: /home/mcfb/ros2_ws/install/px4_msgs/include/px4_msgs/px4_msgs/msg/detail/debug_vect__functions.c\n'}
[1.377623] (px4_msgs) StdoutLine: {'line': b'-- Up-to-date: /home/mcfb/ros2_ws/install/px4_msgs/include/px4_msgs/px4_msgs/msg/detail/parameter_set_value_request__functions.h\n'}
[1.377723] (px4_msgs) StdoutLine: {'line': b'-- Up-to-date: /home/mcfb/ros2_ws/install/px4_msgs/include/px4_msgs/px4_msgs/msg/detail/vehicle_constraints__struct.h\n'}
[1.377777] (px4_msgs) StdoutLine: {'line': b'-- Up-to-date: /home/mcfb/ros2_ws/install/px4_msgs/include/px4_msgs/px4_msgs/msg/detail/uavcan_parameter_value__functions.c\n'}
[1.377864] (px4_msgs) StdoutLine: {'line': b'-- Up-to-date: /home/mcfb/ros2_ws/install/px4_msgs/include/px4_msgs/px4_msgs/msg/detail/camera_status__description.c\n'}
[1.377917] (px4_msgs) StdoutLine: {'line': b'-- Installing: /home/mcfb/ros2_ws/install/px4_msgs/include/px4_msgs/px4_msgs/msg/detail/estimator_selector_status__type_support.c\n'}
[1.377994] (px4_msgs) StdoutLine: {'line': b'-- Up-to-date: /home/mcfb/ros2_ws/install/px4_msgs/include/px4_msgs/px4_msgs/msg/detail/estimator_aid_source2d__type_support.h\n'}
[1.378054] (px4_msgs) StdoutLine: {'line': b'-- Up-to-date: /home/mcfb/ros2_ws/install/px4_msgs/include/px4_msgs/px4_msgs/msg/detail/geofence_status__type_support.h\n'}
[1.378105] (px4_msgs) StdoutLine: {'line': b'-- Up-to-date: /home/mcfb/ros2_ws/install/px4_msgs/include/px4_msgs/px4_msgs/msg/detail/internal_combustion_engine_control__type_support.h\n'}
[1.378155] (px4_msgs) StdoutLine: {'line': b'-- Installing: /home/mcfb/ros2_ws/install/px4_msgs/include/px4_msgs/px4_msgs/msg/detail/uavcan_parameter_request__type_support.c\n'}
[1.378206] (px4_msgs) StdoutLine: {'line': b'-- Up-to-date: /home/mcfb/ros2_ws/install/px4_msgs/include/px4_msgs/px4_msgs/msg/detail/message_format_request__functions.h\n'}
[1.378256] (px4_msgs) StdoutLine: {'line': b'-- Up-to-date: /home/mcfb/ros2_ws/install/px4_msgs/include/px4_msgs/px4_msgs/msg/detail/landing_gear_wheel__type_support.h\n'}
[1.378323] (px4_msgs) StdoutLine: {'line': b'-- Up-to-date: /home/mcfb/ros2_ws/install/px4_msgs/include/px4_msgs/px4_msgs/msg/detail/sensor_gnss_relative__functions.c\n'}
[1.378377] (px4_msgs) StdoutLine: {'line': b'-- Up-to-date: /home/mcfb/ros2_ws/install/px4_msgs/include/px4_msgs/px4_msgs/msg/detail/sensor_preflight_mag__functions.h\n'}
[1.378426] (px4_msgs) StdoutLine: {'line': b'-- Up-to-date: /home/mcfb/ros2_ws/install/px4_msgs/include/px4_msgs/px4_msgs/msg/detail/landing_gear_wheel__struct.h\n'}
[1.378488] (px4_msgs) StdoutLine: {'line': b'-- Up-to-date: /home/mcfb/ros2_ws/install/px4_msgs/include/px4_msgs/px4_msgs/msg/detail/differential_pressure__description.c\n'}
[1.378539] (px4_msgs) StdoutLine: {'line': b'-- Installing: /home/mcfb/ros2_ws/install/px4_msgs/include/px4_msgs/px4_msgs/msg/detail/mavlink_log__type_support.c\n'}
[1.378617] (px4_msgs) StdoutLine: {'line': b'-- Up-to-date: /home/mcfb/ros2_ws/install/px4_msgs/include/px4_msgs/px4_msgs/msg/detail/position_setpoint__description.c\n'}
[1.378849] (px4_msgs) StdoutLine: {'line': b'-- Up-to-date: /home/mcfb/ros2_ws/install/px4_msgs/include/px4_msgs/px4_msgs/msg/detail/orb_test_large__functions.c\n'}
[1.378894] (px4_msgs) StdoutLine: {'line': b'-- Up-to-date: /home/mcfb/ros2_ws/install/px4_msgs/include/px4_msgs/px4_msgs/msg/detail/vehicle_odometry__functions.h\n'}
[1.378945] (px4_msgs) StdoutLine: {'line': b'-- Up-to-date: /home/mcfb/ros2_ws/install/px4_msgs/include/px4_msgs/px4_msgs/msg/detail/rpm__type_support.h\n'}
[1.379092] (px4_msgs) StdoutLine: {'line': b'-- Installing: /home/mcfb/ros2_ws/install/px4_msgs/include/px4_msgs/px4_msgs/msg/detail/velocity_limits__type_support.c\n'}
[1.379148] (px4_msgs) StdoutLine: {'line': b'-- Up-to-date: /home/mcfb/ros2_ws/install/px4_msgs/include/px4_msgs/px4_msgs/msg/detail/vehicle_optical_flow_vel__functions.c\n'}
[1.379196] (px4_msgs) StdoutLine: {'line': b'-- Up-to-date: /home/mcfb/ros2_ws/install/px4_msgs/include/px4_msgs/px4_msgs/msg/detail/distance_sensor_mode_change_request__struct.h\n'}
[1.379246] (px4_msgs) StdoutLine: {'line': b'-- Installing: /home/mcfb/ros2_ws/install/px4_msgs/include/px4_msgs/px4_msgs/msg/detail/vehicle_imu__type_support.c\n'}
[1.379295] (px4_msgs) StdoutLine: {'line': b'-- Installing: /home/mcfb/ros2_ws/install/px4_msgs/include/px4_msgs/px4_msgs/msg/detail/orb_test_large__type_support.c\n'}
[1.379349] (px4_msgs) StdoutLine: {'line': b'-- Up-to-date: /home/mcfb/ros2_ws/install/px4_msgs/include/px4_msgs/px4_msgs/msg/detail/tune_control__functions.c\n'}
[1.379395] (px4_msgs) StdoutLine: {'line': b'-- Up-to-date: /home/mcfb/ros2_ws/install/px4_msgs/include/px4_msgs/px4_msgs/msg/detail/collision_constraints__functions.h\n'}
[1.379464] (px4_msgs) StdoutLine: {'line': b'-- Up-to-date: /home/mcfb/ros2_ws/install/px4_msgs/include/px4_msgs/px4_msgs/msg/detail/hover_thrust_estimate__type_support.h\n'}
[1.379583] (px4_msgs) StdoutLine: {'line': b'-- Up-to-date: /home/mcfb/ros2_ws/install/px4_msgs/include/px4_msgs/px4_msgs/msg/detail/pure_pursuit_status__functions.c\n'}
[1.379639] (px4_msgs) StdoutLine: {'line': b'-- Up-to-date: /home/mcfb/ros2_ws/install/px4_msgs/include/px4_msgs/px4_msgs/msg/detail/takeoff_status__struct.h\n'}
[1.379690] (px4_msgs) StdoutLine: {'line': b'-- Up-to-date: /home/mcfb/ros2_ws/install/px4_msgs/include/px4_msgs/px4_msgs/msg/detail/rover_throttle_setpoint__functions.h\n'}
[1.379726] (px4_msgs) StdoutLine: {'line': b'-- Up-to-date: /home/mcfb/ros2_ws/install/px4_msgs/include/px4_msgs/px4_msgs/msg/detail/sensor_correction__type_support.h\n'}
[1.379762] (px4_msgs) StdoutLine: {'line': b'-- Up-to-date: /home/mcfb/ros2_ws/install/px4_msgs/include/px4_msgs/px4_msgs/msg/detail/fixed_wing_runway_control__functions.c\n'}
[1.379883] (px4_msgs) StdoutLine: {'line': b'-- Up-to-date: /home/mcfb/ros2_ws/install/px4_msgs/include/px4_msgs/px4_msgs/msg/detail/rc_channels__struct.h\n'}
[1.379971] (px4_msgs) StdoutLine: {'line': b'-- Up-to-date: /home/mcfb/ros2_ws/install/px4_msgs/include/px4_msgs/px4_msgs/msg/detail/magnetometer_bias_estimate__functions.c\n'}
[1.380034] (px4_msgs) StdoutLine: {'line': b'-- Up-to-date: /home/mcfb/ros2_ws/install/px4_msgs/include/px4_msgs/px4_msgs/msg/detail/satellite_info__description.c\n'}
[1.380140] (px4_msgs) StdoutLine: {'line': b'-- Up-to-date: /home/mcfb/ros2_ws/install/px4_msgs/include/px4_msgs/px4_msgs/msg/detail/vehicle_acceleration__functions.h\n'}
[1.380215] (px4_msgs) StdoutLine: {'line': b'-- Up-to-date: /home/mcfb/ros2_ws/install/px4_msgs/include/px4_msgs/px4_msgs/msg/detail/internal_combustion_engine_status__description.c\n'}
[1.380254] (px4_msgs) StdoutLine: {'line': b'-- Up-to-date: /home/mcfb/ros2_ws/install/px4_msgs/include/px4_msgs/px4_msgs/msg/detail/actuator_servos__description.c\n'}
[1.380293] (px4_msgs) StdoutLine: {'line': b'-- Up-to-date: /home/mcfb/ros2_ws/install/px4_msgs/include/px4_msgs/px4_msgs/msg/detail/dronecan_node_status__type_support.h\n'}
[1.380339] (px4_msgs) StdoutLine: {'line': b'-- Up-to-date: /home/mcfb/ros2_ws/install/px4_msgs/include/px4_msgs/px4_msgs/msg/detail/camera_trigger__functions.h\n'}
[1.380381] (px4_msgs) StdoutLine: {'line': b'-- Up-to-date: /home/mcfb/ros2_ws/install/px4_msgs/include/px4_msgs/px4_msgs/msg/detail/estimator_status_flags__struct.h\n'}
[1.380432] (px4_msgs) StdoutLine: {'line': b'-- Up-to-date: /home/mcfb/ros2_ws/install/px4_msgs/include/px4_msgs/px4_msgs/msg/detail/camera_trigger__description.c\n'}
[1.380486] (px4_msgs) StdoutLine: {'line': b'-- Up-to-date: /home/mcfb/ros2_ws/install/px4_msgs/include/px4_msgs/px4_msgs/msg/detail/velocity_limits__type_support.h\n'}
[1.380528] (px4_msgs) StdoutLine: {'line': b'-- Up-to-date: /home/mcfb/ros2_ws/install/px4_msgs/include/px4_msgs/px4_msgs/msg/detail/vehicle_roi__functions.c\n'}
[1.380581] (px4_msgs) StdoutLine: {'line': b'-- Up-to-date: /home/mcfb/ros2_ws/install/px4_msgs/include/px4_msgs/px4_msgs/msg/detail/sensor_gyro_fifo__functions.h\n'}
[1.380643] (px4_msgs) StdoutLine: {'line': b'-- Up-to-date: /home/mcfb/ros2_ws/install/px4_msgs/include/px4_msgs/px4_msgs/msg/detail/esc_report__functions.h\n'}
[1.380696] (px4_msgs) StdoutLine: {'line': b'-- Installing: /home/mcfb/ros2_ws/install/px4_msgs/include/px4_msgs/px4_msgs/msg/detail/input_rc__type_support.c\n'}
[1.380748] (px4_msgs) StdoutLine: {'line': b'-- Installing: /home/mcfb/ros2_ws/install/px4_msgs/include/px4_msgs/px4_msgs/msg/detail/sensor_hygrometer__type_support.c\n'}
[1.380802] (px4_msgs) StdoutLine: {'line': b'-- Up-to-date: /home/mcfb/ros2_ws/install/px4_msgs/include/px4_msgs/px4_msgs/msg/detail/wind__struct.h\n'}
[1.380851] (px4_msgs) StdoutLine: {'line': b'-- Up-to-date: /home/mcfb/ros2_ws/install/px4_msgs/include/px4_msgs/px4_msgs/msg/detail/takeoff_status__functions.h\n'}
[1.380891] (px4_msgs) StdoutLine: {'line': b'-- Up-to-date: /home/mcfb/ros2_ws/install/px4_msgs/include/px4_msgs/px4_msgs/msg/detail/radio_status__type_support.h\n'}
[1.380930] (px4_msgs) StdoutLine: {'line': b'-- Up-to-date: /home/mcfb/ros2_ws/install/px4_msgs/include/px4_msgs/px4_msgs/msg/detail/sensor_accel__struct.h\n'}
[1.380971] (px4_msgs) StdoutLine: {'line': b'-- Up-to-date: /home/mcfb/ros2_ws/install/px4_msgs/include/px4_msgs/px4_msgs/msg/detail/velocity_limits__functions.h\n'}
[1.381033] (px4_msgs) StdoutLine: {'line': b'-- Up-to-date: /home/mcfb/ros2_ws/install/px4_msgs/include/px4_msgs/px4_msgs/msg/detail/distance_sensor__description.c\n'}
[1.381094] (px4_msgs) StdoutLine: {'line': b'-- Up-to-date: /home/mcfb/ros2_ws/install/px4_msgs/include/px4_msgs/px4_msgs/msg/detail/estimator_aid_source3d__functions.c\n'}
[1.381155] (px4_msgs) StdoutLine: {'line': b'-- Up-to-date: /home/mcfb/ros2_ws/install/px4_msgs/include/px4_msgs/px4_msgs/msg/detail/uavcan_parameter_request__type_support.h\n'}
[1.381210] (px4_msgs) StdoutLine: {'line': b'-- Up-to-date: /home/mcfb/ros2_ws/install/px4_msgs/include/px4_msgs/px4_msgs/msg/detail/wind__functions.c\n'}
[1.381256] (px4_msgs) StdoutLine: {'line': b'-- Up-to-date: /home/mcfb/ros2_ws/install/px4_msgs/include/px4_msgs/px4_msgs/msg/detail/dataman_response__type_support.h\n'}
[1.381397] (px4_msgs) StdoutLine: {'line': b'-- Up-to-date: /home/mcfb/ros2_ws/install/px4_msgs/include/px4_msgs/px4_msgs/msg/detail/parameter_set_value_response__type_support.h\n'}
[1.381520] (px4_msgs) StdoutLine: {'line': b'-- Up-to-date: /home/mcfb/ros2_ws/install/px4_msgs/include/px4_msgs/px4_msgs/msg/detail/rate_ctrl_status__struct.h\n'}
[1.381581] (px4_msgs) StdoutLine: {'line': b'-- Installing: /home/mcfb/ros2_ws/install/px4_msgs/include/px4_msgs/px4_msgs/msg/detail/vehicle_angular_acceleration_setpoint__type_support.c\n'}
[1.381640] (px4_msgs) StdoutLine: {'line': b'-- Up-to-date: /home/mcfb/ros2_ws/install/px4_msgs/include/px4_msgs/px4_msgs/msg/detail/landing_gear_wheel__functions.h\n'}
[1.381694] (px4_msgs) StdoutLine: {'line': b'-- Up-to-date: /home/mcfb/ros2_ws/install/px4_msgs/include/px4_msgs/px4_msgs/msg/detail/logger_status__functions.c\n'}
[1.381746] (px4_msgs) StdoutLine: {'line': b'-- Up-to-date: /home/mcfb/ros2_ws/install/px4_msgs/include/px4_msgs/px4_msgs/msg/detail/airspeed_validated__struct.h\n'}
[1.381795] (px4_msgs) StdoutLine: {'line': b'-- Up-to-date: /home/mcfb/ros2_ws/install/px4_msgs/include/px4_msgs/px4_msgs/msg/detail/sensor_gnss_relative__description.c\n'}
[1.381845] (px4_msgs) StdoutLine: {'line': b'-- Up-to-date: /home/mcfb/ros2_ws/install/px4_msgs/include/px4_msgs/px4_msgs/msg/detail/log_message__functions.c\n'}
[1.381996] (px4_msgs) StdoutLine: {'line': b'-- Installing: /home/mcfb/ros2_ws/install/px4_msgs/include/px4_msgs/px4_msgs/msg/detail/gimbal_manager_set_attitude__type_support.c\n'}
[1.382294] (px4_msgs) StdoutLine: {'line': b'-- Up-to-date: /home/mcfb/ros2_ws/install/px4_msgs/include/px4_msgs/px4_msgs/msg/detail/task_stack_info__functions.c\n'}
[1.382358] (px4_msgs) StdoutLine: {'line': b'-- Up-to-date: /home/mcfb/ros2_ws/install/px4_msgs/include/px4_msgs/px4_msgs/msg/detail/gpio_request__description.c\n'}
[1.382418] (px4_msgs) StdoutLine: {'line': b'-- Up-to-date: /home/mcfb/ros2_ws/install/px4_msgs/include/px4_msgs/px4_msgs/msg/detail/parameter_reset_request__struct.h\n'}
[1.382471] (px4_msgs) StdoutLine: {'line': b'-- Installing: /home/mcfb/ros2_ws/install/px4_msgs/include/px4_msgs/px4_msgs/msg/detail/camera_status__type_support.c\n'}
[1.382523] (px4_msgs) StdoutLine: {'line': b'-- Up-to-date: /home/mcfb/ros2_ws/install/px4_msgs/include/px4_msgs/px4_msgs/msg/detail/rate_ctrl_status__type_support.h\n'}
[1.382575] (px4_msgs) StdoutLine: {'line': b'-- Up-to-date: /home/mcfb/ros2_ws/install/px4_msgs/include/px4_msgs/px4_msgs/msg/detail/debug_vect__description.c\n'}
[1.382624] (px4_msgs) StdoutLine: {'line': b'-- Up-to-date: /home/mcfb/ros2_ws/install/px4_msgs/include/px4_msgs/px4_msgs/msg/detail/fixed_wing_lateral_status__type_support.h\n'}
[1.382675] (px4_msgs) StdoutLine: {'line': b'-- Up-to-date: /home/mcfb/ros2_ws/install/px4_msgs/include/px4_msgs/px4_msgs/msg/detail/vehicle_imu__struct.h\n'}
[1.382727] (px4_msgs) StdoutLine: {'line': b'-- Up-to-date: /home/mcfb/ros2_ws/install/px4_msgs/include/px4_msgs/px4_msgs/msg/detail/unregister_ext_component__functions.h\n'}
[1.382777] (px4_msgs) StdoutLine: {'line': b'-- Up-to-date: /home/mcfb/ros2_ws/install/px4_msgs/include/px4_msgs/px4_msgs/msg/detail/orb_test__description.c\n'}
[1.382858] (px4_msgs) StdoutLine: {'line': b'-- Up-to-date: /home/mcfb/ros2_ws/install/px4_msgs/include/px4_msgs/px4_msgs/msg/detail/estimator_bias3d__type_support.h\n'}
[1.382908] (px4_msgs) StdoutLine: {'line': b'-- Up-to-date: /home/mcfb/ros2_ws/install/px4_msgs/include/px4_msgs/px4_msgs/msg/detail/tiltrotor_extra_controls__struct.h\n'}
[1.382956] (px4_msgs) StdoutLine: {'line': b'-- Installing: /home/mcfb/ros2_ws/install/px4_msgs/include/px4_msgs/px4_msgs/msg/detail/landing_target_pose__type_support.c\n'}
[1.383007] (px4_msgs) StdoutLine: {'line': b'-- Up-to-date: /home/mcfb/ros2_ws/install/px4_msgs/include/px4_msgs/px4_msgs/msg/detail/ping__functions.h\n'}
[1.383056] (px4_msgs) StdoutLine: {'line': b'-- Up-to-date: /home/mcfb/ros2_ws/install/px4_msgs/include/px4_msgs/px4_msgs/msg/detail/gps_inject_data__functions.c\n'}
[1.383105] (px4_msgs) StdoutLine: {'line': b'-- Up-to-date: /home/mcfb/ros2_ws/install/px4_msgs/include/px4_msgs/px4_msgs/msg/detail/rover_steering_setpoint__type_support.h\n'}
[1.383156] (px4_msgs) StdoutLine: {'line': b'-- Up-to-date: /home/mcfb/ros2_ws/install/px4_msgs/include/px4_msgs/px4_msgs/msg/detail/vehicle_constraints__type_support.h\n'}
[1.383204] (px4_msgs) StdoutLine: {'line': b'-- Up-to-date: /home/mcfb/ros2_ws/install/px4_msgs/include/px4_msgs/px4_msgs/msg/detail/cpuload__struct.h\n'}
[1.383253] (px4_msgs) StdoutLine: {'line': b'-- Up-to-date: /home/mcfb/ros2_ws/install/px4_msgs/include/px4_msgs/px4_msgs/msg/detail/open_drone_id_system__functions.h\n'}
[1.383303] (px4_msgs) StdoutLine: {'line': b'-- Up-to-date: /home/mcfb/ros2_ws/install/px4_msgs/include/px4_msgs/px4_msgs/msg/detail/rover_steering_setpoint__functions.h\n'}
[1.383356] (px4_msgs) StdoutLine: {'line': b'-- Up-to-date: /home/mcfb/ros2_ws/install/px4_msgs/include/px4_msgs/px4_msgs/msg/detail/flight_phase_estimation__struct.h\n'}
[1.383403] (px4_msgs) StdoutLine: {'line': b'-- Up-to-date: /home/mcfb/ros2_ws/install/px4_msgs/include/px4_msgs/px4_msgs/msg/detail/battery_info__functions.h\n'}
[1.383449] (px4_msgs) StdoutLine: {'line': b'-- Up-to-date: /home/mcfb/ros2_ws/install/px4_msgs/include/px4_msgs/px4_msgs/msg/detail/orb_test_medium__functions.h\n'}
[1.383497] (px4_msgs) StdoutLine: {'line': b'-- Installing: /home/mcfb/ros2_ws/install/px4_msgs/include/px4_msgs/px4_msgs/msg/detail/dataman_request__type_support.c\n'}
[1.383547] (px4_msgs) StdoutLine: {'line': b'-- Up-to-date: /home/mcfb/ros2_ws/install/px4_msgs/include/px4_msgs/px4_msgs/msg/detail/orbit_status__struct.h\n'}
[1.383595] (px4_msgs) StdoutLine: {'line': b'-- Up-to-date: /home/mcfb/ros2_ws/install/px4_msgs/include/px4_msgs/px4_msgs/msg/detail/orbit_status__description.c\n'}
[1.383644] (px4_msgs) StdoutLine: {'line': b'-- Up-to-date: /home/mcfb/ros2_ws/install/px4_msgs/include/px4_msgs/px4_msgs/msg/detail/obstacle_distance__struct.h\n'}
[1.383691] (px4_msgs) StdoutLine: {'line': b'-- Up-to-date: /home/mcfb/ros2_ws/install/px4_msgs/include/px4_msgs/px4_msgs/msg/detail/obstacle_distance__functions.h\n'}
[1.383739] (px4_msgs) StdoutLine: {'line': b'-- Up-to-date: /home/mcfb/ros2_ws/install/px4_msgs/include/px4_msgs/px4_msgs/msg/detail/px4io_status__struct.h\n'}
[1.383786] (px4_msgs) StdoutLine: {'line': b'-- Installing: /home/mcfb/ros2_ws/install/px4_msgs/include/px4_msgs/px4_msgs/msg/detail/open_drone_id_system__type_support.c\n'}
[1.383834] (px4_msgs) StdoutLine: {'line': b'-- Up-to-date: /home/mcfb/ros2_ws/install/px4_msgs/include/px4_msgs/px4_msgs/msg/detail/can_interface_status__functions.h\n'}
[1.383882] (px4_msgs) StdoutLine: {'line': b'-- Up-to-date: /home/mcfb/ros2_ws/install/px4_msgs/include/px4_msgs/px4_msgs/msg/detail/estimator_aid_source1d__description.c\n'}
[1.383930] (px4_msgs) StdoutLine: {'line': b'-- Installing: /home/mcfb/ros2_ws/install/px4_msgs/include/px4_msgs/px4_msgs/msg/detail/fuel_tank_status__type_support.c\n'}
[1.383977] (px4_msgs) StdoutLine: {'line': b'-- Up-to-date: /home/mcfb/ros2_ws/install/px4_msgs/include/px4_msgs/px4_msgs/msg/detail/parameter_reset_request__functions.c\n'}
[1.384077] (px4_msgs) StdoutLine: {'line': b'-- Up-to-date: /home/mcfb/ros2_ws/install/px4_msgs/include/px4_msgs/px4_msgs/msg/detail/estimator_states__functions.h\n'}
[1.384128] (px4_msgs) StdoutLine: {'line': b'-- Up-to-date: /home/mcfb/ros2_ws/install/px4_msgs/include/px4_msgs/px4_msgs/msg/detail/sensor_accel__functions.c\n'}
[1.384179] (px4_msgs) StdoutLine: {'line': b'-- Up-to-date: /home/mcfb/ros2_ws/install/px4_msgs/include/px4_msgs/px4_msgs/msg/detail/sensor_accel__description.c\n'}
[1.384439] (px4_msgs) StdoutLine: {'line': b'-- Up-to-date: /home/mcfb/ros2_ws/install/px4_msgs/include/px4_msgs/px4_msgs/msg/detail/longitudinal_control_configuration__functions.c\n'}
[1.384557] (px4_msgs) StdoutLine: {'line': b'-- Up-to-date: /home/mcfb/ros2_ws/install/px4_msgs/include/px4_msgs/px4_msgs/msg/detail/neural_control__functions.h\n'}
[1.384613] (px4_msgs) StdoutLine: {'line': b'-- Installing: /home/mcfb/ros2_ws/install/px4_msgs/include/px4_msgs/px4_msgs/msg/detail/rover_position_setpoint__type_support.c\n'}
[1.384664] (px4_msgs) StdoutLine: {'line': b'-- Up-to-date: /home/mcfb/ros2_ws/install/px4_msgs/include/px4_msgs/px4_msgs/msg/detail/vehicle_air_data__description.c\n'}
[1.384791] (px4_msgs) StdoutLine: {'line': b'-- Installing: /home/mcfb/ros2_ws/install/px4_msgs/include/px4_msgs/px4_msgs/msg/detail/manual_control_setpoint__type_support.c\n'}
[1.385269] (px4_msgs) StdoutLine: {'line': b'-- Up-to-date: /home/mcfb/ros2_ws/install/px4_msgs/include/px4_msgs/px4_msgs/msg/detail/parameter_set_used_request__functions.c\n'}
[1.385351] (px4_msgs) StdoutLine: {'line': b'-- Up-to-date: /home/mcfb/ros2_ws/install/px4_msgs/include/px4_msgs/px4_msgs/msg/detail/satellite_info__type_support.h\n'}
[1.385412] (px4_msgs) StdoutLine: {'line': b'-- Up-to-date: /home/mcfb/ros2_ws/install/px4_msgs/include/px4_msgs/px4_msgs/msg/detail/estimator_aid_source3d__struct.h\n'}
[1.385468] (px4_msgs) StdoutLine: {'line': b'-- Up-to-date: /home/mcfb/ros2_ws/install/px4_msgs/include/px4_msgs/px4_msgs/msg/detail/vehicle_command__type_support.h\n'}
[1.385516] (px4_msgs) StdoutLine: {'line': b'-- Installing: /home/mcfb/ros2_ws/install/px4_msgs/include/px4_msgs/px4_msgs/msg/detail/landing_gear__type_support.c\n'}
[1.385556] (px4_msgs) StdoutLine: {'line': b'-- Up-to-date: /home/mcfb/ros2_ws/install/px4_msgs/include/px4_msgs/px4_msgs/msg/detail/airspeed__description.c\n'}
[1.385597] (px4_msgs) StdoutLine: {'line': b'-- Up-to-date: /home/mcfb/ros2_ws/install/px4_msgs/include/px4_msgs/px4_msgs/msg/detail/dataman_request__type_support.h\n'}
[1.385871] (px4_msgs) StdoutLine: {'line': b'-- Up-to-date: /home/mcfb/ros2_ws/install/px4_msgs/include/px4_msgs/px4_msgs/msg/detail/qshell_req__functions.c\n'}
[1.385967] (px4_msgs) StdoutLine: {'line': b'-- Up-to-date: /home/mcfb/ros2_ws/install/px4_msgs/include/px4_msgs/px4_msgs/msg/detail/gimbal_manager_status__functions.h\n'}
[1.386081] (px4_msgs) StdoutLine: {'line': b'-- Up-to-date: /home/mcfb/ros2_ws/install/px4_msgs/include/px4_msgs/px4_msgs/msg/detail/sensor_uwb__struct.h\n'}
[1.386142] (px4_msgs) StdoutLine: {'line': b'-- Up-to-date: /home/mcfb/ros2_ws/install/px4_msgs/include/px4_msgs/px4_msgs/msg/detail/estimator_gps_status__description.c\n'}
[1.386218] (px4_msgs) StdoutLine: {'line': b'-- Up-to-date: /home/mcfb/ros2_ws/install/px4_msgs/include/px4_msgs/px4_msgs/msg/detail/airspeed__functions.c\n'}
[1.386268] (px4_msgs) StdoutLine: {'line': b'-- Up-to-date: /home/mcfb/ros2_ws/install/px4_msgs/include/px4_msgs/px4_msgs/msg/detail/can_interface_status__type_support.h\n'}
[1.386347] (px4_msgs) StdoutLine: {'line': b'-- Up-to-date: /home/mcfb/ros2_ws/install/px4_msgs/include/px4_msgs/px4_msgs/msg/detail/rc_channels__description.c\n'}
[1.386414] (px4_msgs) StdoutLine: {'line': b'-- Up-to-date: /home/mcfb/ros2_ws/install/px4_msgs/include/px4_msgs/px4_msgs/msg/detail/rover_throttle_setpoint__description.c\n'}
[1.386480] (px4_msgs) StdoutLine: {'line': b'-- Installing: /home/mcfb/ros2_ws/install/px4_msgs/include/px4_msgs/px4_msgs/msg/detail/orbit_status__type_support.c\n'}
[1.386544] (px4_msgs) StdoutLine: {'line': b'-- Up-to-date: /home/mcfb/ros2_ws/install/px4_msgs/include/px4_msgs/px4_msgs/msg/detail/fixed_wing_lateral_setpoint__struct.h\n'}
[1.386607] (px4_msgs) StdoutLine: {'line': b'-- Up-to-date: /home/mcfb/ros2_ws/install/px4_msgs/include/px4_msgs/px4_msgs/msg/detail/estimator_aid_source1d__type_support.h\n'}
[1.386673] (px4_msgs) StdoutLine: {'line': b'-- Up-to-date: /home/mcfb/ros2_ws/install/px4_msgs/include/px4_msgs/px4_msgs/msg/detail/estimator_states__description.c\n'}
[1.386717] (px4_msgs) StdoutLine: {'line': b'-- Installing: /home/mcfb/ros2_ws/install/px4_msgs/include/px4_msgs/px4_msgs/msg/detail/gripper__type_support.c\n'}
[1.386765] (px4_msgs) StdoutLine: {'line': b'-- Installing: /home/mcfb/ros2_ws/install/px4_msgs/include/px4_msgs/px4_msgs/msg/detail/tune_control__type_support.c\n'}
[1.386822] (px4_msgs) StdoutLine: {'line': b'-- Installing: /home/mcfb/ros2_ws/install/px4_msgs/include/px4_msgs/px4_msgs/msg/detail/rtl_time_estimate__type_support.c\n'}
[1.386889] (px4_msgs) StdoutLine: {'line': b'-- Up-to-date: /home/mcfb/ros2_ws/install/px4_msgs/include/px4_msgs/px4_msgs/msg/detail/pwm_input__functions.h\n'}
[1.387410] (px4_msgs) StdoutLine: {'line': b'-- Installing: /home/mcfb/ros2_ws/install/px4_msgs/include/px4_msgs/px4_msgs/msg/detail/transponder_report__type_support.c\n'}
[1.387507] (px4_msgs) StdoutLine: {'line': b'-- Installing: /home/mcfb/ros2_ws/install/px4_msgs/include/px4_msgs/px4_msgs/msg/detail/parameter_set_value_response__type_support.c\n'}
[1.387581] (px4_msgs) StdoutLine: {'line': b'-- Installing: /home/mcfb/ros2_ws/install/px4_msgs/include/px4_msgs/px4_msgs/msg/detail/logger_status__type_support.c\n'}
[1.387655] (px4_msgs) StdoutLine: {'line': b'-- Up-to-date: /home/mcfb/ros2_ws/install/px4_msgs/include/px4_msgs/px4_msgs/msg/detail/airspeed_wind__struct.h\n'}
[1.387722] (px4_msgs) StdoutLine: {'line': b'-- Up-to-date: /home/mcfb/ros2_ws/install/px4_msgs/include/px4_msgs/px4_msgs/msg/detail/lateral_control_configuration__functions.c\n'}
[1.387772] (px4_msgs) StdoutLine: {'line': b'-- Up-to-date: /home/mcfb/ros2_ws/install/px4_msgs/include/px4_msgs/px4_msgs/msg/detail/tiltrotor_extra_controls__description.c\n'}
[1.387924] (px4_msgs) StdoutLine: {'line': b'-- Up-to-date: /home/mcfb/ros2_ws/install/px4_msgs/include/px4_msgs/px4_msgs/msg/detail/sensor_optical_flow__functions.c\n'}
[1.387988] (px4_msgs) StdoutLine: {'line': b'-- Up-to-date: /home/mcfb/ros2_ws/install/px4_msgs/include/px4_msgs/px4_msgs/msg/detail/rc_parameter_map__struct.h\n'}
[1.388123] (px4_msgs) StdoutLine: {'line': b'-- Up-to-date: /home/mcfb/ros2_ws/install/px4_msgs/include/px4_msgs/px4_msgs/msg/detail/uavcan_parameter_request__functions.h\n'}
[1.388171] (px4_msgs) StdoutLine: {'line': b'-- Up-to-date: /home/mcfb/ros2_ws/install/px4_msgs/include/px4_msgs/px4_msgs/msg/detail/vehicle_thrust_setpoint__functions.h\n'}
[1.388210] (px4_msgs) StdoutLine: {'line': b'-- Up-to-date: /home/mcfb/ros2_ws/install/px4_msgs/include/px4_msgs/px4_msgs/msg/detail/estimator_event_flags__functions.c\n'}
[1.388247] (px4_msgs) StdoutLine: {'line': b'-- Up-to-date: /home/mcfb/ros2_ws/install/px4_msgs/include/px4_msgs/px4_msgs/msg/detail/position_setpoint_triplet__type_support.h\n'}
[1.388284] (px4_msgs) StdoutLine: {'line': b'-- Up-to-date: /home/mcfb/ros2_ws/install/px4_msgs/include/px4_msgs/px4_msgs/msg/detail/led_control__description.c\n'}
[1.388341] (px4_msgs) StdoutLine: {'line': b'-- Up-to-date: /home/mcfb/ros2_ws/install/px4_msgs/include/px4_msgs/px4_msgs/msg/detail/fuel_tank_status__functions.c\n'}
[1.388395] (px4_msgs) StdoutLine: {'line': b'-- Up-to-date: /home/mcfb/ros2_ws/install/px4_msgs/include/px4_msgs/px4_msgs/msg/detail/actuator_armed__struct.h\n'}
[1.388450] (px4_msgs) StdoutLine: {'line': b'-- Up-to-date: /home/mcfb/ros2_ws/install/px4_msgs/include/px4_msgs/px4_msgs/msg/detail/gimbal_controls__functions.h\n'}
[1.388491] (px4_msgs) StdoutLine: {'line': b'-- Up-to-date: /home/mcfb/ros2_ws/install/px4_msgs/include/px4_msgs/px4_msgs/msg/detail/vehicle_attitude_setpoint__functions.h\n'}
[1.388530] (px4_msgs) StdoutLine: {'line': b'-- Up-to-date: /home/mcfb/ros2_ws/install/px4_msgs/include/px4_msgs/px4_msgs/msg/detail/debug_vect__type_support.h\n'}
[1.388572] (px4_msgs) StdoutLine: {'line': b'-- Up-to-date: /home/mcfb/ros2_ws/install/px4_msgs/include/px4_msgs/px4_msgs/msg/detail/vehicle_torque_setpoint__description.c\n'}
[1.388617] (px4_msgs) StdoutLine: {'line': b'-- Up-to-date: /home/mcfb/ros2_ws/install/px4_msgs/include/px4_msgs/px4_msgs/msg/detail/vehicle_angular_velocity__type_support.h\n'}
[1.388689] (px4_msgs) StdoutLine: {'line': b'-- Up-to-date: /home/mcfb/ros2_ws/install/px4_msgs/include/px4_msgs/px4_msgs/msg/detail/mag_worker_data__type_support.h\n'}
[1.388749] (px4_msgs) StdoutLine: {'line': b'-- Up-to-date: /home/mcfb/ros2_ws/install/px4_msgs/include/px4_msgs/px4_msgs/msg/detail/rover_attitude_setpoint__struct.h\n'}
[1.388808] (px4_msgs) StdoutLine: {'line': b'-- Up-to-date: /home/mcfb/ros2_ws/install/px4_msgs/include/px4_msgs/px4_msgs/msg/detail/esc_status__description.c\n'}
[1.388915] (px4_msgs) StdoutLine: {'line': b'-- Up-to-date: /home/mcfb/ros2_ws/install/px4_msgs/include/px4_msgs/px4_msgs/msg/detail/task_stack_info__type_support.h\n'}
[1.388999] (px4_msgs) StdoutLine: {'line': b'-- Up-to-date: /home/mcfb/ros2_ws/install/px4_msgs/include/px4_msgs/px4_msgs/msg/detail/orb_test_medium__description.c\n'}
[1.389051] (px4_msgs) StdoutLine: {'line': b'-- Up-to-date: /home/mcfb/ros2_ws/install/px4_msgs/include/px4_msgs/px4_msgs/msg/detail/rover_rate_status__struct.h\n'}
[1.389101] (px4_msgs) StdoutLine: {'line': b'-- Up-to-date: /home/mcfb/ros2_ws/install/px4_msgs/include/px4_msgs/px4_msgs/msg/detail/fixed_wing_longitudinal_setpoint__functions.c\n'}
[1.389164] (px4_msgs) StdoutLine: {'line': b'-- Up-to-date: /home/mcfb/ros2_ws/install/px4_msgs/include/px4_msgs/px4_msgs/msg/detail/action_request__description.c\n'}
[1.389238] (px4_msgs) StdoutLine: {'line': b'-- Installing: /home/mcfb/ros2_ws/install/px4_msgs/include/px4_msgs/px4_msgs/msg/detail/open_drone_id_arm_status__type_support.c\n'}
[1.389305] (px4_msgs) StdoutLine: {'line': b'-- Up-to-date: /home/mcfb/ros2_ws/install/px4_msgs/include/px4_msgs/px4_msgs/msg/detail/open_drone_id_arm_status__functions.h\n'}
[1.389366] (px4_msgs) StdoutLine: {'line': b'-- Up-to-date: /home/mcfb/ros2_ws/install/px4_msgs/include/px4_msgs/px4_msgs/msg/detail/rover_rate_setpoint__functions.h\n'}
[1.389435] (px4_msgs) StdoutLine: {'line': b'-- Up-to-date: /home/mcfb/ros2_ws/install/px4_msgs/include/px4_msgs/px4_msgs/msg/detail/battery_info__type_support.h\n'}
[1.389492] (px4_msgs) StdoutLine: {'line': b'-- Up-to-date: /home/mcfb/ros2_ws/install/px4_msgs/include/px4_msgs/px4_msgs/msg/detail/rtl_time_estimate__description.c\n'}
[1.389531] (px4_msgs) StdoutLine: {'line': b'-- Up-to-date: /home/mcfb/ros2_ws/install/px4_msgs/include/px4_msgs/px4_msgs/msg/detail/vehicle_attitude__struct.h\n'}
[1.389567] (px4_msgs) StdoutLine: {'line': b'-- Up-to-date: /home/mcfb/ros2_ws/install/px4_msgs/include/px4_msgs/px4_msgs/msg/detail/vehicle_attitude_setpoint__struct.h\n'}
[1.389604] (px4_msgs) StdoutLine: {'line': b'-- Up-to-date: /home/mcfb/ros2_ws/install/px4_msgs/include/px4_msgs/px4_msgs/msg/detail/vehicle_local_position__type_support.h\n'}
[1.389640] (px4_msgs) StdoutLine: {'line': b'-- Up-to-date: /home/mcfb/ros2_ws/install/px4_msgs/include/px4_msgs/px4_msgs/msg/detail/gimbal_manager_set_manual_control__description.c\n'}
[1.389676] (px4_msgs) StdoutLine: {'line': b'-- Up-to-date: /home/mcfb/ros2_ws/install/px4_msgs/include/px4_msgs/px4_msgs/msg/detail/distance_sensor_mode_change_request__type_support.h\n'}
[1.389728] (px4_msgs) StdoutLine: {'line': b'-- Up-to-date: /home/mcfb/ros2_ws/install/px4_msgs/include/px4_msgs/px4_msgs/msg/detail/estimator_sensor_bias__struct.h\n'}
[1.389831] (px4_msgs) StdoutLine: {'line': b'-- Up-to-date: /home/mcfb/ros2_ws/install/px4_msgs/include/px4_msgs/px4_msgs/msg/detail/radio_status__description.c\n'}
[1.389894] (px4_msgs) StdoutLine: {'line': b'-- Up-to-date: /home/mcfb/ros2_ws/install/px4_msgs/include/px4_msgs/px4_msgs/msg/detail/dronecan_node_status__struct.h\n'}
[1.389946] (px4_msgs) StdoutLine: {'line': b'-- Up-to-date: /home/mcfb/ros2_ws/install/px4_msgs/include/px4_msgs/px4_msgs/msg/detail/tune_control__type_support.h\n'}
[1.389998] (px4_msgs) StdoutLine: {'line': b'-- Up-to-date: /home/mcfb/ros2_ws/install/px4_msgs/include/px4_msgs/px4_msgs/msg/detail/position_controller_status__functions.h\n'}
[1.390063] (px4_msgs) StdoutLine: {'line': b'-- Up-to-date: /home/mcfb/ros2_ws/install/px4_msgs/include/px4_msgs/px4_msgs/msg/detail/position_controller_status__description.c\n'}
[1.390115] (px4_msgs) StdoutLine: {'line': b'-- Up-to-date: /home/mcfb/ros2_ws/install/px4_msgs/include/px4_msgs/px4_msgs/msg/detail/landing_target_innovations__type_support.h\n'}
[1.390165] (px4_msgs) StdoutLine: {'line': b'-- Up-to-date: /home/mcfb/ros2_ws/install/px4_msgs/include/px4_msgs/px4_msgs/msg/detail/rover_speed_setpoint__description.c\n'}
[1.390216] (px4_msgs) StdoutLine: {'line': b'-- Up-to-date: /home/mcfb/ros2_ws/install/px4_msgs/include/px4_msgs/px4_msgs/msg/detail/tune_control__description.c\n'}
[1.390265] (px4_msgs) StdoutLine: {'line': b'-- Installing: /home/mcfb/ros2_ws/install/px4_msgs/include/px4_msgs/px4_msgs/msg/detail/offboard_control_mode__type_support.c\n'}
[1.390320] (px4_msgs) StdoutLine: {'line': b'-- Up-to-date: /home/mcfb/ros2_ws/install/px4_msgs/include/px4_msgs/px4_msgs/msg/detail/figure_eight_status__type_support.h\n'}
[1.390371] (px4_msgs) StdoutLine: {'line': b'-- Up-to-date: /home/mcfb/ros2_ws/install/px4_msgs/include/px4_msgs/px4_msgs/msg/detail/trajectory_setpoint6dof__type_support.h\n'}
[1.390421] (px4_msgs) StdoutLine: {'line': b'-- Up-to-date: /home/mcfb/ros2_ws/install/px4_msgs/include/px4_msgs/px4_msgs/msg/detail/home_position__type_support.h\n'}
[1.390472] (px4_msgs) StdoutLine: {'line': b'-- Up-to-date: /home/mcfb/ros2_ws/install/px4_msgs/include/px4_msgs/px4_msgs/msg/detail/launch_detection_status__functions.h\n'}
[1.390520] (px4_msgs) StdoutLine: {'line': b'-- Installing: /home/mcfb/ros2_ws/install/px4_msgs/include/px4_msgs/px4_msgs/msg/detail/trajectory_setpoint6dof__type_support.c\n'}
[1.390569] (px4_msgs) StdoutLine: {'line': b'-- Up-to-date: /home/mcfb/ros2_ws/install/px4_msgs/include/px4_msgs/px4_msgs/msg/detail/orbit_status__functions.c\n'}
[1.390617] (px4_msgs) StdoutLine: {'line': b'-- Up-to-date: /home/mcfb/ros2_ws/install/px4_msgs/include/px4_msgs/px4_msgs/msg/detail/dataman_request__struct.h\n'}
[1.390690] (px4_msgs) StdoutLine: {'line': b'-- Installing: /home/mcfb/ros2_ws/install/px4_msgs/include/px4_msgs/px4_msgs/msg/detail/estimator_aid_source2d__type_support.c\n'}
[1.390786] (px4_msgs) StdoutLine: {'line': b'-- Up-to-date: /home/mcfb/ros2_ws/install/px4_msgs/include/px4_msgs/px4_msgs/msg/detail/debug_key_value__description.c\n'}
[1.390936] (px4_msgs) StdoutLine: {'line': b'-- Installing: /home/mcfb/ros2_ws/install/px4_msgs/include/px4_msgs/px4_msgs/msg/detail/home_position__type_support.c\n'}
[1.391084] (px4_msgs) StdoutLine: {'line': b'-- Up-to-date: /home/mcfb/ros2_ws/install/px4_msgs/include/px4_msgs/px4_msgs/msg/detail/event__type_support.h\n'}
[1.391209] (px4_msgs) StdoutLine: {'line': b'-- Up-to-date: /home/mcfb/ros2_ws/install/px4_msgs/include/px4_msgs/px4_msgs/msg/detail/position_controller_landing_status__struct.h\n'}
[1.391267] (px4_msgs) StdoutLine: {'line': b'-- Up-to-date: /home/mcfb/ros2_ws/install/px4_msgs/include/px4_msgs/px4_msgs/msg/detail/sensor_gyro__struct.h\n'}
[1.391330] (px4_msgs) StdoutLine: {'line': b'-- Up-to-date: /home/mcfb/ros2_ws/install/px4_msgs/include/px4_msgs/px4_msgs/msg/detail/rtl_time_estimate__type_support.h\n'}
[1.391385] (px4_msgs) StdoutLine: {'line': b'-- Up-to-date: /home/mcfb/ros2_ws/install/px4_msgs/include/px4_msgs/px4_msgs/msg/detail/rpm__description.c\n'}
[1.391442] (px4_msgs) StdoutLine: {'line': b'-- Up-to-date: /home/mcfb/ros2_ws/install/px4_msgs/include/px4_msgs/px4_msgs/msg/detail/differential_pressure__type_support.h\n'}
[1.391499] (px4_msgs) StdoutLine: {'line': b'-- Up-to-date: /home/mcfb/ros2_ws/install/px4_msgs/include/px4_msgs/px4_msgs/msg/detail/actuator_controls_status__type_support.h\n'}
[1.391556] (px4_msgs) StdoutLine: {'line': b'-- Up-to-date: /home/mcfb/ros2_ws/install/px4_msgs/include/px4_msgs/px4_msgs/msg/detail/sensor_preflight_mag__struct.h\n'}
[1.391615] (px4_msgs) StdoutLine: {'line': b'-- Up-to-date: /home/mcfb/ros2_ws/install/px4_msgs/include/px4_msgs/px4_msgs/msg/detail/flight_phase_estimation__type_support.h\n'}
[1.391671] (px4_msgs) StdoutLine: {'line': b'-- Up-to-date: /home/mcfb/ros2_ws/install/px4_msgs/include/px4_msgs/px4_msgs/msg/detail/log_message__description.c\n'}
[1.391730] (px4_msgs) StdoutLine: {'line': b'-- Up-to-date: /home/mcfb/ros2_ws/install/px4_msgs/include/px4_msgs/px4_msgs/msg/detail/camera_trigger__type_support.h\n'}
[1.391785] (px4_msgs) StdoutLine: {'line': b'-- Up-to-date: /home/mcfb/ros2_ws/install/px4_msgs/include/px4_msgs/px4_msgs/msg/detail/actuator_outputs__functions.h\n'}
[1.391841] (px4_msgs) StdoutLine: {'line': b'-- Up-to-date: /home/mcfb/ros2_ws/install/px4_msgs/include/px4_msgs/px4_msgs/msg/detail/vehicle_odometry__functions.c\n'}
[1.391918] (px4_msgs) StdoutLine: {'line': b'-- Up-to-date: /home/mcfb/ros2_ws/install/px4_msgs/include/px4_msgs/px4_msgs/msg/detail/cellular_status__type_support.h\n'}
[1.392088] (px4_msgs) StdoutLine: {'line': b'-- Installing: /home/mcfb/ros2_ws/install/px4_msgs/include/px4_msgs/px4_msgs/msg/detail/health_report__type_support.c\n'}
[1.392199] (px4_msgs) StdoutLine: {'line': b'-- Installing: /home/mcfb/ros2_ws/install/px4_msgs/include/px4_msgs/px4_msgs/msg/detail/distance_sensor_mode_change_request__type_support.c\n'}
[1.392266] (px4_msgs) StdoutLine: {'line': b'-- Installing: /home/mcfb/ros2_ws/install/px4_msgs/include/px4_msgs/px4_msgs/msg/detail/vtol_vehicle_status__type_support.c\n'}
[1.392335] (px4_msgs) StdoutLine: {'line': b'-- Up-to-date: /home/mcfb/ros2_ws/install/px4_msgs/include/px4_msgs/px4_msgs/msg/detail/parameter_set_used_request__functions.h\n'}
[1.392411] (px4_msgs) StdoutLine: {'line': b'-- Up-to-date: /home/mcfb/ros2_ws/install/px4_msgs/include/px4_msgs/px4_msgs/msg/detail/fuel_tank_status__struct.h\n'}
[1.392560] (px4_msgs) StdoutLine: {'line': b'-- Installing: /home/mcfb/ros2_ws/install/px4_msgs/include/px4_msgs/px4_msgs/msg/detail/radio_status__type_support.c\n'}
[1.392642] (px4_msgs) StdoutLine: {'line': b'-- Up-to-date: /home/mcfb/ros2_ws/install/px4_msgs/include/px4_msgs/px4_msgs/msg/detail/parameter_update__description.c\n'}
[1.392706] (px4_msgs) StdoutLine: {'line': b'-- Up-to-date: /home/mcfb/ros2_ws/install/px4_msgs/include/px4_msgs/px4_msgs/msg/detail/sensor_hygrometer__functions.h\n'}
[1.392767] (px4_msgs) StdoutLine: {'line': b'-- Installing: /home/mcfb/ros2_ws/install/px4_msgs/include/px4_msgs/px4_msgs/msg/detail/distance_sensor__type_support.c\n'}
[1.392841] (px4_msgs) StdoutLine: {'line': b'-- Up-to-date: /home/mcfb/ros2_ws/install/px4_msgs/include/px4_msgs/px4_msgs/msg/detail/iridiumsbd_status__struct.h\n'}
[1.392902] (px4_msgs) StdoutLine: {'line': b'-- Up-to-date: /home/mcfb/ros2_ws/install/px4_msgs/include/px4_msgs/px4_msgs/msg/detail/parameter_update__type_support.h\n'}
[1.393008] (px4_msgs) StdoutLine: {'line': b'-- Up-to-date: /home/mcfb/ros2_ws/install/px4_msgs/include/px4_msgs/px4_msgs/msg/detail/wheel_encoders__struct.h\n'}
[1.393090] (px4_msgs) StdoutLine: {'line': b'-- Up-to-date: /home/mcfb/ros2_ws/install/px4_msgs/include/px4_msgs/px4_msgs/msg/detail/rover_position_setpoint__functions.c\n'}
[1.393163] (px4_msgs) StdoutLine: {'line': b'-- Installing: /home/mcfb/ros2_ws/install/px4_msgs/include/px4_msgs/px4_msgs/msg/detail/pure_pursuit_status__type_support.c\n'}
[1.393224] (px4_msgs) StdoutLine: {'line': b'-- Up-to-date: /home/mcfb/ros2_ws/install/px4_msgs/include/px4_msgs/px4_msgs/msg/detail/sensor_baro__struct.h\n'}
[1.393276] (px4_msgs) StdoutLine: {'line': b'-- Up-to-date: /home/mcfb/ros2_ws/install/px4_msgs/include/px4_msgs/px4_msgs/msg/detail/tecs_status__type_support.h\n'}
[1.393342] (px4_msgs) StdoutLine: {'line': b'-- Up-to-date: /home/mcfb/ros2_ws/install/px4_msgs/include/px4_msgs/px4_msgs/msg/detail/power_button_state__description.c\n'}
[1.393398] (px4_msgs) StdoutLine: {'line': b'-- Up-to-date: /home/mcfb/ros2_ws/install/px4_msgs/include/px4_msgs/px4_msgs/msg/detail/sensor_hygrometer__struct.h\n'}
[1.393467] (px4_msgs) StdoutLine: {'line': b'-- Up-to-date: /home/mcfb/ros2_ws/install/px4_msgs/include/px4_msgs/px4_msgs/msg/detail/debug_key_value__functions.c\n'}
[1.393521] (px4_msgs) StdoutLine: {'line': b'-- Up-to-date: /home/mcfb/ros2_ws/install/px4_msgs/include/px4_msgs/px4_msgs/msg/detail/camera_status__functions.h\n'}
[1.393581] (px4_msgs) StdoutLine: {'line': b'-- Up-to-date: /home/mcfb/ros2_ws/install/px4_msgs/include/px4_msgs/px4_msgs/msg/detail/arming_check_reply__functions.c\n'}
[1.393636] (px4_msgs) StdoutLine: {'line': b'-- Installing: /home/mcfb/ros2_ws/install/px4_msgs/include/px4_msgs/px4_msgs/msg/detail/fixed_wing_longitudinal_setpoint__type_support.c\n'}
[1.393690] (px4_msgs) StdoutLine: {'line': b'-- Installing: /home/mcfb/ros2_ws/install/px4_msgs/include/px4_msgs/px4_msgs/msg/detail/estimator_event_flags__type_support.c\n'}
[1.393743] (px4_msgs) StdoutLine: {'line': b'-- Up-to-date: /home/mcfb/ros2_ws/install/px4_msgs/include/px4_msgs/px4_msgs/msg/detail/neural_control__functions.c\n'}
[1.393793] (px4_msgs) StdoutLine: {'line': b'-- Up-to-date: /home/mcfb/ros2_ws/install/px4_msgs/include/px4_msgs/px4_msgs/msg/detail/arming_check_request__struct.h\n'}
[1.393845] (px4_msgs) StdoutLine: {'line': b'-- Up-to-date: /home/mcfb/ros2_ws/install/px4_msgs/include/px4_msgs/px4_msgs/msg/detail/follow_target__functions.h\n'}
[1.393894] (px4_msgs) StdoutLine: {'line': b'-- Up-to-date: /home/mcfb/ros2_ws/install/px4_msgs/include/px4_msgs/px4_msgs/msg/detail/sensor_hygrometer__functions.c\n'}
[1.393941] (px4_msgs) StdoutLine: {'line': b'-- Up-to-date: /home/mcfb/ros2_ws/install/px4_msgs/include/px4_msgs/px4_msgs/msg/detail/power_monitor__description.c\n'}
[1.393990] (px4_msgs) StdoutLine: {'line': b'-- Up-to-date: /home/mcfb/ros2_ws/install/px4_msgs/include/px4_msgs/px4_msgs/msg/detail/goto_setpoint__functions.h\n'}
[1.394039] (px4_msgs) StdoutLine: {'line': b'-- Up-to-date: /home/mcfb/ros2_ws/install/px4_msgs/include/px4_msgs/px4_msgs/msg/detail/orb_test__functions.c\n'}
[1.394088] (px4_msgs) StdoutLine: {'line': b'-- Up-to-date: /home/mcfb/ros2_ws/install/px4_msgs/include/px4_msgs/px4_msgs/msg/detail/adc_report__type_support.h\n'}
[1.394220] (px4_msgs) StdoutLine: {'line': b'-- Up-to-date: /home/mcfb/ros2_ws/install/px4_msgs/include/px4_msgs/px4_msgs/msg/detail/rtl_status__description.c\n'}
[1.394270] (px4_msgs) StdoutLine: {'line': b'-- Up-to-date: /home/mcfb/ros2_ws/install/px4_msgs/include/px4_msgs/px4_msgs/msg/detail/normalized_unsigned_setpoint__functions.h\n'}
[1.394321] (px4_msgs) StdoutLine: {'line': b'-- Up-to-date: /home/mcfb/ros2_ws/install/px4_msgs/include/px4_msgs/px4_msgs/msg/detail/open_drone_id_operator_id__description.c\n'}
[1.394498] (px4_msgs) StdoutLine: {'line': b'-- Installing: /home/mcfb/ros2_ws/install/px4_msgs/include/px4_msgs/px4_msgs/msg/detail/vehicle_constraints__type_support.c\n'}
[1.394579] (px4_msgs) StdoutLine: {'line': b'-- Up-to-date: /home/mcfb/ros2_ws/install/px4_msgs/include/px4_msgs/px4_msgs/msg/detail/onboard_computer_status__type_support.h\n'}
[1.394632] (px4_msgs) StdoutLine: {'line': b'-- Installing: /home/mcfb/ros2_ws/install/px4_msgs/include/px4_msgs/px4_msgs/msg/detail/tecs_status__type_support.c\n'}
[1.394684] (px4_msgs) StdoutLine: {'line': b'-- Installing: /home/mcfb/ros2_ws/install/px4_msgs/include/px4_msgs/px4_msgs/msg/detail/estimator_innovations__type_support.c\n'}
[1.394735] (px4_msgs) StdoutLine: {'line': b'-- Up-to-date: /home/mcfb/ros2_ws/install/px4_msgs/include/px4_msgs/px4_msgs/msg/detail/ping__description.c\n'}
[1.394786] (px4_msgs) StdoutLine: {'line': b'-- Up-to-date: /home/mcfb/ros2_ws/install/px4_msgs/include/px4_msgs/px4_msgs/msg/detail/vehicle_rates_setpoint__struct.h\n'}
[1.394840] (px4_msgs) StdoutLine: {'line': b'-- Up-to-date: /home/mcfb/ros2_ws/install/px4_msgs/include/px4_msgs/px4_msgs/msg/detail/obstacle_distance__functions.c\n'}
[1.394922] (px4_msgs) StdoutLine: {'line': b'-- Installing: /home/mcfb/ros2_ws/install/px4_msgs/include/px4_msgs/px4_msgs/msg/detail/manual_control_switches__type_support.c\n'}
[1.395003] (px4_msgs) StdoutLine: {'line': b'-- Up-to-date: /home/mcfb/ros2_ws/install/px4_msgs/include/px4_msgs/px4_msgs/msg/detail/landing_target_pose__functions.h\n'}
[1.395193] (px4_msgs) StdoutLine: {'line': b'-- Up-to-date: /home/mcfb/ros2_ws/install/px4_msgs/include/px4_msgs/px4_msgs/msg/detail/transponder_report__description.c\n'}
[1.395411] (px4_msgs) StdoutLine: {'line': b'-- Up-to-date: /home/mcfb/ros2_ws/install/px4_msgs/include/px4_msgs/px4_msgs/msg/detail/camera_status__functions.c\n'}
[1.395536] (px4_msgs) StdoutLine: {'line': b'-- Up-to-date: /home/mcfb/ros2_ws/install/px4_msgs/include/px4_msgs/px4_msgs/msg/detail/gimbal_device_attitude_status__type_support.h\n'}
[1.395599] (px4_msgs) StdoutLine: {'line': b'-- Up-to-date: /home/mcfb/ros2_ws/install/px4_msgs/include/px4_msgs/px4_msgs/msg/detail/vehicle_torque_setpoint__functions.c\n'}
[1.395658] (px4_msgs) StdoutLine: {'line': b'-- Up-to-date: /home/mcfb/ros2_ws/install/px4_msgs/include/px4_msgs/px4_msgs/msg/detail/normalized_unsigned_setpoint__functions.c\n'}
[1.395731] (px4_msgs) StdoutLine: {'line': b'-- Up-to-date: /home/mcfb/ros2_ws/install/px4_msgs/include/px4_msgs/px4_msgs/msg/detail/rover_rate_setpoint__struct.h\n'}
[1.395912] (px4_msgs) StdoutLine: {'line': b'-- Up-to-date: /home/mcfb/ros2_ws/install/px4_msgs/include/px4_msgs/px4_msgs/msg/detail/vehicle_angular_acceleration_setpoint__type_support.h\n'}
[1.395979] (px4_msgs) StdoutLine: {'line': b'-- Up-to-date: /home/mcfb/ros2_ws/install/px4_msgs/include/px4_msgs/px4_msgs/msg/detail/fixed_wing_runway_control__description.c\n'}
[1.396052] (px4_msgs) StdoutLine: {'line': b'-- Up-to-date: /home/mcfb/ros2_ws/install/px4_msgs/include/px4_msgs/px4_msgs/msg/detail/vehicle_optical_flow__type_support.h\n'}
[1.396117] (px4_msgs) StdoutLine: {'line': b'-- Up-to-date: /home/mcfb/ros2_ws/install/px4_msgs/include/px4_msgs/px4_msgs/msg/detail/failure_detector_status__struct.h\n'}
[1.396287] (px4_msgs) StdoutLine: {'line': b'-- Up-to-date: /home/mcfb/ros2_ws/install/px4_msgs/include/px4_msgs/px4_msgs/msg/detail/esc_status__functions.c\n'}
[1.396432] (px4_msgs) StdoutLine: {'line': b'-- Up-to-date: /home/mcfb/ros2_ws/install/px4_msgs/include/px4_msgs/px4_msgs/msg/detail/debug_array__functions.h\n'}
[1.396512] (px4_msgs) StdoutLine: {'line': b'-- Up-to-date: /home/mcfb/ros2_ws/install/px4_msgs/include/px4_msgs/px4_msgs/msg/detail/magnetometer_bias_estimate__functions.h\n'}
[1.396798] (px4_msgs) StdoutLine: {'line': b'-- Up-to-date: /home/mcfb/ros2_ws/install/px4_msgs/include/px4_msgs/px4_msgs/msg/detail/failure_detector_status__type_support.h\n'}
[1.396891] (px4_msgs) StdoutLine: {'line': b'-- Up-to-date: /home/mcfb/ros2_ws/install/px4_msgs/include/px4_msgs/px4_msgs/msg/detail/mission__functions.c\n'}
[1.396958] (px4_msgs) StdoutLine: {'line': b'-- Up-to-date: /home/mcfb/ros2_ws/install/px4_msgs/include/px4_msgs/px4_msgs/msg/detail/fixed_wing_lateral_status__functions.h\n'}
[1.397030] (px4_msgs) StdoutLine: {'line': b'-- Up-to-date: /home/mcfb/ros2_ws/install/px4_msgs/include/px4_msgs/px4_msgs/msg/detail/sensor_preflight_mag__functions.c\n'}
[1.397107] (px4_msgs) StdoutLine: {'line': b'-- Up-to-date: /home/mcfb/ros2_ws/install/px4_msgs/include/px4_msgs/px4_msgs/msg/detail/rover_speed_status__functions.c\n'}
[1.397160] (px4_msgs) StdoutLine: {'line': b'-- Installing: /home/mcfb/ros2_ws/install/px4_msgs/include/px4_msgs/px4_msgs/msg/detail/gimbal_manager_status__type_support.c\n'}
[1.397278] (px4_msgs) StdoutLine: {'line': b'-- Up-to-date: /home/mcfb/ros2_ws/install/px4_msgs/include/px4_msgs/px4_msgs/msg/detail/camera_capture__functions.h\n'}
[1.397353] (px4_msgs) StdoutLine: {'line': b'-- Up-to-date: /home/mcfb/ros2_ws/install/px4_msgs/include/px4_msgs/px4_msgs/msg/detail/mission__type_support.h\n'}
[1.397401] (px4_msgs) StdoutLine: {'line': b'-- Installing: /home/mcfb/ros2_ws/install/px4_msgs/include/px4_msgs/px4_msgs/msg/detail/vehicle_optical_flow_vel__type_support.c\n'}
[1.397464] (px4_msgs) StdoutLine: {'line': b'-- Up-to-date: /home/mcfb/ros2_ws/install/px4_msgs/include/px4_msgs/px4_msgs/msg/detail/rover_position_setpoint__description.c\n'}
[1.397543] (px4_msgs) StdoutLine: {'line': b'-- Up-to-date: /home/mcfb/ros2_ws/install/px4_msgs/include/px4_msgs/px4_msgs/msg/detail/qshell_retval__functions.c\n'}
[1.397614] (px4_msgs) StdoutLine: {'line': b'-- Up-to-date: /home/mcfb/ros2_ws/install/px4_msgs/include/px4_msgs/px4_msgs/msg/detail/velocity_limits__struct.h\n'}
[1.397687] (px4_msgs) StdoutLine: {'line': b'-- Up-to-date: /home/mcfb/ros2_ws/install/px4_msgs/include/px4_msgs/px4_msgs/msg/detail/manual_control_setpoint__functions.c\n'}
[1.397909] (px4_msgs) StdoutLine: {'line': b'-- Up-to-date: /home/mcfb/ros2_ws/install/px4_msgs/include/px4_msgs/px4_msgs/msg/detail/rtl_time_estimate__struct.h\n'}
[1.398001] (px4_msgs) StdoutLine: {'line': b'-- Up-to-date: /home/mcfb/ros2_ws/install/px4_msgs/include/px4_msgs/px4_msgs/msg/detail/gpio_config__struct.h\n'}
[1.398080] (px4_msgs) StdoutLine: {'line': b'-- Up-to-date: /home/mcfb/ros2_ws/install/px4_msgs/include/px4_msgs/px4_msgs/msg/detail/arming_check_reply__type_support.h\n'}
[1.398146] (px4_msgs) StdoutLine: {'line': b'-- Installing: /home/mcfb/ros2_ws/install/px4_msgs/include/px4_msgs/px4_msgs/msg/detail/actuator_armed__type_support.c\n'}
[1.398211] (px4_msgs) StdoutLine: {'line': b'-- Up-to-date: /home/mcfb/ros2_ws/install/px4_msgs/include/px4_msgs/px4_msgs/msg/detail/distance_sensor__struct.h\n'}
[1.398274] (px4_msgs) StdoutLine: {'line': b'-- Up-to-date: /home/mcfb/ros2_ws/install/px4_msgs/include/px4_msgs/px4_msgs/msg/detail/input_rc__struct.h\n'}
[1.398409] (px4_msgs) StdoutLine: {'line': b'-- Up-to-date: /home/mcfb/ros2_ws/install/px4_msgs/include/px4_msgs/px4_msgs/msg/detail/dataman_response__functions.h\n'}
[1.398551] (px4_msgs) StdoutLine: {'line': b'-- Up-to-date: /home/mcfb/ros2_ws/install/px4_msgs/include/px4_msgs/px4_msgs/msg/detail/position_controller_status__functions.c\n'}
[1.398656] (px4_msgs) StdoutLine: {'line': b'-- Up-to-date: /home/mcfb/ros2_ws/install/px4_msgs/include/px4_msgs/px4_msgs/msg/detail/qshell_req__struct.h\n'}
[1.398721] (px4_msgs) StdoutLine: {'line': b'-- Installing: /home/mcfb/ros2_ws/install/px4_msgs/include/px4_msgs/px4_msgs/msg/detail/trajectory_setpoint__type_support.c\n'}
[1.398780] (px4_msgs) StdoutLine: {'line': b'-- Up-to-date: /home/mcfb/ros2_ws/install/px4_msgs/include/px4_msgs/px4_msgs/msg/detail/gimbal_device_set_attitude__functions.c\n'}
[1.398864] (px4_msgs) StdoutLine: {'line': b'-- Up-to-date: /home/mcfb/ros2_ws/install/px4_msgs/include/px4_msgs/px4_msgs/msg/detail/actuator_armed__functions.h\n'}
[1.398930] (px4_msgs) StdoutLine: {'line': b'-- Installing: /home/mcfb/ros2_ws/install/px4_msgs/include/px4_msgs/px4_msgs/msg/detail/follow_target_estimator__type_support.c\n'}
[1.398984] (px4_msgs) StdoutLine: {'line': b'-- Up-to-date: /home/mcfb/ros2_ws/install/px4_msgs/include/px4_msgs/px4_msgs/msg/detail/generator_status__functions.h\n'}
[1.399076] (px4_msgs) StdoutLine: {'line': b'-- Up-to-date: /home/mcfb/ros2_ws/install/px4_msgs/include/px4_msgs/px4_msgs/msg/detail/airspeed__functions.h\n'}
[1.399134] (px4_msgs) StdoutLine: {'line': b'-- Up-to-date: /home/mcfb/ros2_ws/install/px4_msgs/include/px4_msgs/px4_msgs/msg/detail/trajectory_setpoint6dof__functions.h\n'}
[1.399194] (px4_msgs) StdoutLine: {'line': b'-- Up-to-date: /home/mcfb/ros2_ws/install/px4_msgs/include/px4_msgs/px4_msgs/msg/detail/gimbal_device_information__type_support.h\n'}
[1.399250] (px4_msgs) StdoutLine: {'line': b'-- Installing: /home/mcfb/ros2_ws/install/px4_msgs/include/px4_msgs/px4_msgs/msg/detail/sensor_uwb__type_support.c\n'}
[1.399309] (px4_msgs) StdoutLine: {'line': b'-- Up-to-date: /home/mcfb/ros2_ws/install/px4_msgs/include/px4_msgs/px4_msgs/msg/detail/rover_rate_setpoint__description.c\n'}
[1.399518] (px4_msgs) StdoutLine: {'line': b'-- Up-to-date: /home/mcfb/ros2_ws/install/px4_msgs/include/px4_msgs/px4_msgs/msg/detail/estimator_status__type_support.h\n'}
[1.399606] (px4_msgs) StdoutLine: {'line': b'-- Up-to-date: /home/mcfb/ros2_ws/install/px4_msgs/include/px4_msgs/px4_msgs/msg/detail/follow_target_estimator__struct.h\n'}
[1.399668] (px4_msgs) StdoutLine: {'line': b'-- Up-to-date: /home/mcfb/ros2_ws/install/px4_msgs/include/px4_msgs/px4_msgs/msg/detail/sensor_airflow__description.c\n'}
[1.399726] (px4_msgs) StdoutLine: {'line': b'-- Up-to-date: /home/mcfb/ros2_ws/install/px4_msgs/include/px4_msgs/px4_msgs/msg/detail/mavlink_log__functions.c\n'}
[1.399781] (px4_msgs) StdoutLine: {'line': b'-- Up-to-date: /home/mcfb/ros2_ws/install/px4_msgs/include/px4_msgs/px4_msgs/msg/detail/vehicle_command_ack__struct.h\n'}
[1.399836] (px4_msgs) StdoutLine: {'line': b'-- Up-to-date: /home/mcfb/ros2_ws/install/px4_msgs/include/px4_msgs/px4_msgs/msg/detail/sensor_correction__description.c\n'}
[1.399912] (px4_msgs) StdoutLine: {'line': b'-- Up-to-date: /home/mcfb/ros2_ws/install/px4_msgs/include/px4_msgs/px4_msgs/msg/detail/config_overrides__type_support.h\n'}
[1.399967] (px4_msgs) StdoutLine: {'line': b'-- Up-to-date: /home/mcfb/ros2_ws/install/px4_msgs/include/px4_msgs/px4_msgs/msg/detail/gimbal_device_set_attitude__functions.h\n'}
[1.400021] (px4_msgs) StdoutLine: {'line': b'-- Up-to-date: /home/mcfb/ros2_ws/install/px4_msgs/include/px4_msgs/px4_msgs/msg/detail/tune_control__functions.h\n'}
[1.400074] (px4_msgs) StdoutLine: {'line': b'-- Up-to-date: /home/mcfb/ros2_ws/install/px4_msgs/include/px4_msgs/px4_msgs/msg/detail/follow_target_status__functions.h\n'}
[1.400126] (px4_msgs) StdoutLine: {'line': b'-- Up-to-date: /home/mcfb/ros2_ws/install/px4_msgs/include/px4_msgs/px4_msgs/msg/detail/sensors_status__description.c\n'}
[1.400178] (px4_msgs) StdoutLine: {'line': b'-- Up-to-date: /home/mcfb/ros2_ws/install/px4_msgs/include/px4_msgs/px4_msgs/msg/detail/gimbal_manager_status__description.c\n'}
[1.400226] (px4_msgs) StdoutLine: {'line': b'-- Up-to-date: /home/mcfb/ros2_ws/install/px4_msgs/include/px4_msgs/px4_msgs/msg/detail/autotune_attitude_control_status__type_support.h\n'}
[1.400279] (px4_msgs) StdoutLine: {'line': b'-- Up-to-date: /home/mcfb/ros2_ws/install/px4_msgs/include/px4_msgs/px4_msgs/msg/detail/vehicle_imu__description.c\n'}
[1.400339] (px4_msgs) StdoutLine: {'line': b'-- Installing: /home/mcfb/ros2_ws/install/px4_msgs/include/px4_msgs/px4_msgs/msg/detail/ping__type_support.c\n'}
[1.400474] (px4_msgs) StdoutLine: {'line': b'-- Up-to-date: /home/mcfb/ros2_ws/install/px4_msgs/include/px4_msgs/px4_msgs/msg/detail/parameter_reset_request__functions.h\n'}
[1.400531] (px4_msgs) StdoutLine: {'line': b'-- Up-to-date: /home/mcfb/ros2_ws/install/px4_msgs/include/px4_msgs/px4_msgs/msg/detail/open_drone_id_arm_status__description.c\n'}
[1.400590] (px4_msgs) StdoutLine: {'line': b'-- Up-to-date: /home/mcfb/ros2_ws/install/px4_msgs/include/px4_msgs/px4_msgs/msg/detail/ekf2_timestamps__struct.h\n'}
[1.400655] (px4_msgs) StdoutLine: {'line': b'-- Up-to-date: /home/mcfb/ros2_ws/install/px4_msgs/include/px4_msgs/px4_msgs/msg/detail/health_report__functions.c\n'}
[1.400723] (px4_msgs) StdoutLine: {'line': b'-- Up-to-date: /home/mcfb/ros2_ws/install/px4_msgs/include/px4_msgs/px4_msgs/msg/detail/gps_dump__struct.h\n'}
[1.400777] (px4_msgs) StdoutLine: {'line': b'-- Up-to-date: /home/mcfb/ros2_ws/install/px4_msgs/include/px4_msgs/px4_msgs/msg/detail/gps_inject_data__description.c\n'}
[1.400825] (px4_msgs) StdoutLine: {'line': b'-- Up-to-date: /home/mcfb/ros2_ws/install/px4_msgs/include/px4_msgs/px4_msgs/msg/detail/gpio_in__functions.c\n'}
[1.400875] (px4_msgs) StdoutLine: {'line': b'-- Up-to-date: /home/mcfb/ros2_ws/install/px4_msgs/include/px4_msgs/px4_msgs/msg/detail/gimbal_device_attitude_status__struct.h\n'}
[1.400935] (px4_msgs) StdoutLine: {'line': b'-- Up-to-date: /home/mcfb/ros2_ws/install/px4_msgs/include/px4_msgs/px4_msgs/msg/detail/rpm__functions.c\n'}
[1.400991] (px4_msgs) StdoutLine: {'line': b'-- Up-to-date: /home/mcfb/ros2_ws/install/px4_msgs/include/px4_msgs/px4_msgs/msg/detail/unregister_ext_component__struct.h\n'}
[1.401058] (px4_msgs) StdoutLine: {'line': b'-- Up-to-date: /home/mcfb/ros2_ws/install/px4_msgs/include/px4_msgs/px4_msgs/msg/detail/gps_inject_data__struct.h\n'}
[1.401167] (px4_msgs) StdoutLine: {'line': b'-- Up-to-date: /home/mcfb/ros2_ws/install/px4_msgs/include/px4_msgs/px4_msgs/msg/detail/config_overrides__description.c\n'}
[1.401223] (px4_msgs) StdoutLine: {'line': b'-- Up-to-date: /home/mcfb/ros2_ws/install/px4_msgs/include/px4_msgs/px4_msgs/msg/detail/register_ext_component_reply__description.c\n'}
[1.401273] (px4_msgs) StdoutLine: {'line': b'-- Up-to-date: /home/mcfb/ros2_ws/install/px4_msgs/include/px4_msgs/px4_msgs/msg/detail/fixed_wing_lateral_guidance_status__struct.h\n'}
[1.401330] (px4_msgs) StdoutLine: {'line': b'-- Up-to-date: /home/mcfb/ros2_ws/install/px4_msgs/include/px4_msgs/px4_msgs/msg/detail/gpio_request__functions.h\n'}
[1.401381] (px4_msgs) StdoutLine: {'line': b'-- Up-to-date: /home/mcfb/ros2_ws/install/px4_msgs/include/px4_msgs/px4_msgs/msg/detail/manual_control_switches__type_support.h\n'}
[1.401429] (px4_msgs) StdoutLine: {'line': b'-- Up-to-date: /home/mcfb/ros2_ws/install/px4_msgs/include/px4_msgs/px4_msgs/msg/detail/offboard_control_mode__struct.h\n'}
[1.401477] (px4_msgs) StdoutLine: {'line': b'-- Up-to-date: /home/mcfb/ros2_ws/install/px4_msgs/include/px4_msgs/px4_msgs/msg/detail/home_position__struct.h\n'}
[1.401525] (px4_msgs) StdoutLine: {'line': b'-- Up-to-date: /home/mcfb/ros2_ws/install/px4_msgs/include/px4_msgs/px4_msgs/msg/detail/orb_test_large__struct.h\n'}
[1.401574] (px4_msgs) StdoutLine: {'line': b'-- Up-to-date: /home/mcfb/ros2_ws/install/px4_msgs/include/px4_msgs/px4_msgs/msg/detail/vehicle_air_data__type_support.h\n'}
[1.401622] (px4_msgs) StdoutLine: {'line': b'-- Up-to-date: /home/mcfb/ros2_ws/install/px4_msgs/include/px4_msgs/px4_msgs/msg/detail/orb_test__struct.h\n'}
[1.401673] (px4_msgs) StdoutLine: {'line': b'-- Up-to-date: /home/mcfb/ros2_ws/install/px4_msgs/include/px4_msgs/px4_msgs/msg/detail/open_drone_id_operator_id__type_support.h\n'}
[1.401723] (px4_msgs) StdoutLine: {'line': b'-- Up-to-date: /home/mcfb/ros2_ws/install/px4_msgs/include/px4_msgs/px4_msgs/msg/detail/vehicle_control_mode__functions.c\n'}
[1.401807] (px4_msgs) StdoutLine: {'line': b'-- Up-to-date: /home/mcfb/ros2_ws/install/px4_msgs/include/px4_msgs/px4_msgs/msg/detail/gripper__type_support.h\n'}
[1.401861] (-) TimerEvent: {}
[1.402032] (px4_msgs) StdoutLine: {'line': b'-- Up-to-date: /home/mcfb/ros2_ws/install/px4_msgs/include/px4_msgs/px4_msgs/msg/detail/vehicle_odometry__type_support.h\n'}
[1.402143] (px4_msgs) StdoutLine: {'line': b'-- Up-to-date: /home/mcfb/ros2_ws/install/px4_msgs/include/px4_msgs/px4_msgs/msg/detail/position_setpoint_triplet__functions.h\n'}
[1.402233] (px4_msgs) StdoutLine: {'line': b'-- Up-to-date: /home/mcfb/ros2_ws/install/px4_msgs/include/px4_msgs/px4_msgs/msg/detail/rate_ctrl_status__functions.c\n'}
[1.402299] (px4_msgs) StdoutLine: {'line': b'-- Up-to-date: /home/mcfb/ros2_ws/install/px4_msgs/include/px4_msgs/px4_msgs/msg/detail/sensors_status__struct.h\n'}
[1.402381] (px4_msgs) StdoutLine: {'line': b'-- Up-to-date: /home/mcfb/ros2_ws/install/px4_msgs/include/px4_msgs/px4_msgs/msg/detail/rc_channels__functions.c\n'}
[1.402446] (px4_msgs) StdoutLine: {'line': b'-- Up-to-date: /home/mcfb/ros2_ws/install/px4_msgs/include/px4_msgs/px4_msgs/msg/detail/power_monitor__type_support.h\n'}
[1.402511] (px4_msgs) StdoutLine: {'line': b'-- Installing: /home/mcfb/ros2_ws/install/px4_msgs/include/px4_msgs/px4_msgs/msg/detail/rover_rate_setpoint__type_support.c\n'}
[1.402575] (px4_msgs) StdoutLine: {'line': b'-- Up-to-date: /home/mcfb/ros2_ws/install/px4_msgs/include/px4_msgs/px4_msgs/msg/detail/trajectory_setpoint6dof__struct.h\n'}
[1.402638] (px4_msgs) StdoutLine: {'line': b'-- Up-to-date: /home/mcfb/ros2_ws/install/px4_msgs/include/px4_msgs/px4_msgs/msg/detail/fixed_wing_lateral_status__functions.c\n'}
[1.402721] (px4_msgs) StdoutLine: {'line': b'-- Up-to-date: /home/mcfb/ros2_ws/install/px4_msgs/include/px4_msgs/px4_msgs/msg/detail/onboard_computer_status__functions.h\n'}
[1.402839] (px4_msgs) StdoutLine: {'line': b'-- Up-to-date: /home/mcfb/ros2_ws/install/px4_msgs/include/px4_msgs/px4_msgs/msg/detail/navigator_status__type_support.h\n'}
[1.402907] (px4_msgs) StdoutLine: {'line': b'-- Up-to-date: /home/mcfb/ros2_ws/install/px4_msgs/include/px4_msgs/px4_msgs/msg/detail/timesync_status__functions.h\n'}
[1.402972] (px4_msgs) StdoutLine: {'line': b'-- Up-to-date: /home/mcfb/ros2_ws/install/px4_msgs/include/px4_msgs/px4_msgs/msg/detail/led_control__functions.h\n'}
[1.403036] (px4_msgs) StdoutLine: {'line': b'-- Up-to-date: /home/mcfb/ros2_ws/install/px4_msgs/include/px4_msgs/px4_msgs/msg/detail/longitudinal_control_configuration__struct.h\n'}
[1.403099] (px4_msgs) StdoutLine: {'line': b'-- Up-to-date: /home/mcfb/ros2_ws/install/px4_msgs/include/px4_msgs/px4_msgs/msg/detail/transponder_report__struct.h\n'}
[1.403160] (px4_msgs) StdoutLine: {'line': b'-- Up-to-date: /home/mcfb/ros2_ws/install/px4_msgs/include/px4_msgs/px4_msgs/msg/detail/estimator_selector_status__struct.h\n'}
[1.403221] (px4_msgs) StdoutLine: {'line': b'-- Up-to-date: /home/mcfb/ros2_ws/install/px4_msgs/include/px4_msgs/px4_msgs/msg/detail/parameter_set_value_response__description.c\n'}
[1.403285] (px4_msgs) StdoutLine: {'line': b'-- Installing: /home/mcfb/ros2_ws/install/px4_msgs/include/px4_msgs/px4_msgs/msg/detail/mode_completed__type_support.c\n'}
[1.403355] (px4_msgs) StdoutLine: {'line': b'-- Up-to-date: /home/mcfb/ros2_ws/install/px4_msgs/include/px4_msgs/px4_msgs/msg/detail/event__description.c\n'}
[1.403417] (px4_msgs) StdoutLine: {'line': b'-- Up-to-date: /home/mcfb/ros2_ws/install/px4_msgs/include/px4_msgs/px4_msgs/msg/detail/qshell_retval__functions.h\n'}
[1.403528] (px4_msgs) StdoutLine: {'line': b'-- Up-to-date: /home/mcfb/ros2_ws/install/px4_msgs/include/px4_msgs/px4_msgs/msg/detail/goto_setpoint__description.c\n'}
[1.403591] (px4_msgs) StdoutLine: {'line': b'-- Installing: /home/mcfb/ros2_ws/install/px4_msgs/include/px4_msgs/px4_msgs/msg/detail/vehicle_local_position__type_support.c\n'}
[1.403655] (px4_msgs) StdoutLine: {'line': b'-- Installing: /home/mcfb/ros2_ws/install/px4_msgs/include/px4_msgs/px4_msgs/msg/detail/cpuload__type_support.c\n'}
[1.403712] (px4_msgs) StdoutLine: {'line': b'-- Up-to-date: /home/mcfb/ros2_ws/install/px4_msgs/include/px4_msgs/px4_msgs/msg/detail/sensor_hygrometer__type_support.h\n'}
[1.403763] (px4_msgs) StdoutLine: {'line': b'-- Up-to-date: /home/mcfb/ros2_ws/install/px4_msgs/include/px4_msgs/px4_msgs/msg/detail/estimator_status__description.c\n'}
[1.403814] (px4_msgs) StdoutLine: {'line': b'-- Up-to-date: /home/mcfb/ros2_ws/install/px4_msgs/include/px4_msgs/px4_msgs/msg/detail/arming_check_reply__functions.h\n'}
[1.404018] (px4_msgs) StdoutLine: {'line': b'-- Installing: /home/mcfb/ros2_ws/install/px4_msgs/include/px4_msgs/px4_msgs/msg/detail/vehicle_attitude__type_support.c\n'}
[1.404071] (px4_msgs) StdoutLine: {'line': b'-- Up-to-date: /home/mcfb/ros2_ws/install/px4_msgs/include/px4_msgs/px4_msgs/msg/detail/vehicle_angular_acceleration_setpoint__functions.h\n'}
[1.404125] (px4_msgs) StdoutLine: {'line': b'-- Installing: /home/mcfb/ros2_ws/install/px4_msgs/include/px4_msgs/px4_msgs/msg/detail/gps_dump__type_support.c\n'}
[1.404178] (px4_msgs) StdoutLine: {'line': b'-- Installing: /home/mcfb/ros2_ws/install/px4_msgs/include/px4_msgs/px4_msgs/msg/detail/sensor_gps__type_support.c\n'}
[1.404246] (px4_msgs) StdoutLine: {'line': b'-- Up-to-date: /home/mcfb/ros2_ws/install/px4_msgs/include/px4_msgs/px4_msgs/msg/detail/lateral_control_configuration__type_support.h\n'}
[1.404299] (px4_msgs) StdoutLine: {'line': b'-- Up-to-date: /home/mcfb/ros2_ws/install/px4_msgs/include/px4_msgs/px4_msgs/msg/detail/sensor_selection__type_support.h\n'}
[1.404360] (px4_msgs) StdoutLine: {'line': b'-- Up-to-date: /home/mcfb/ros2_ws/install/px4_msgs/include/px4_msgs/px4_msgs/msg/detail/battery_info__functions.c\n'}
[1.404411] (px4_msgs) StdoutLine: {'line': b'-- Up-to-date: /home/mcfb/ros2_ws/install/px4_msgs/include/px4_msgs/px4_msgs/msg/detail/rover_attitude_setpoint__type_support.h\n'}
[1.404462] (px4_msgs) StdoutLine: {'line': b'-- Up-to-date: /home/mcfb/ros2_ws/install/px4_msgs/include/px4_msgs/px4_msgs/msg/detail/sensors_status__functions.c\n'}
[1.404513] (px4_msgs) StdoutLine: {'line': b'-- Up-to-date: /home/mcfb/ros2_ws/install/px4_msgs/include/px4_msgs/px4_msgs/msg/detail/estimator_innovations__functions.h\n'}
[1.404562] (px4_msgs) StdoutLine: {'line': b'-- Up-to-date: /home/mcfb/ros2_ws/install/px4_msgs/include/px4_msgs/px4_msgs/msg/detail/ulog_stream__description.c\n'}
[1.404617] (px4_msgs) StdoutLine: {'line': b'-- Up-to-date: /home/mcfb/ros2_ws/install/px4_msgs/include/px4_msgs/px4_msgs/msg/detail/rover_rate_setpoint__functions.c\n'}
[1.404684] (px4_msgs) StdoutLine: {'line': b'-- Up-to-date: /home/mcfb/ros2_ws/install/px4_msgs/include/px4_msgs/px4_msgs/msg/detail/gpio_out__type_support.h\n'}
[1.404738] (px4_msgs) StdoutLine: {'line': b'-- Up-to-date: /home/mcfb/ros2_ws/install/px4_msgs/include/px4_msgs/px4_msgs/msg/detail/figure_eight_status__functions.c\n'}
[1.404789] (px4_msgs) StdoutLine: {'line': b'-- Up-to-date: /home/mcfb/ros2_ws/install/px4_msgs/include/px4_msgs/px4_msgs/msg/detail/vehicle_imu_status__struct.h\n'}
[1.404839] (px4_msgs) StdoutLine: {'line': b'-- Up-to-date: /home/mcfb/ros2_ws/install/px4_msgs/include/px4_msgs/px4_msgs/msg/detail/mode_completed__type_support.h\n'}
[1.404889] (px4_msgs) StdoutLine: {'line': b'-- Up-to-date: /home/mcfb/ros2_ws/install/px4_msgs/include/px4_msgs/px4_msgs/msg/detail/estimator_innovations__functions.c\n'}
[1.404943] (px4_msgs) StdoutLine: {'line': b'-- Up-to-date: /home/mcfb/ros2_ws/install/px4_msgs/include/px4_msgs/px4_msgs/msg/detail/flight_phase_estimation__functions.c\n'}
[1.405273] (px4_msgs) StdoutLine: {'line': b'-- Up-to-date: /home/mcfb/ros2_ws/install/px4_msgs/include/px4_msgs/px4_msgs/msg/detail/sensor_preflight_mag__description.c\n'}
[1.405363] (px4_msgs) StdoutLine: {'line': b'-- Up-to-date: /home/mcfb/ros2_ws/install/px4_msgs/include/px4_msgs/px4_msgs/msg/detail/sensor_optical_flow__type_support.h\n'}
[1.405420] (px4_msgs) StdoutLine: {'line': b'-- Up-to-date: /home/mcfb/ros2_ws/install/px4_msgs/include/px4_msgs/px4_msgs/msg/detail/register_ext_component_request__description.c\n'}
[1.405475] (px4_msgs) StdoutLine: {'line': b'-- Up-to-date: /home/mcfb/ros2_ws/install/px4_msgs/include/px4_msgs/px4_msgs/msg/detail/actuator_test__type_support.h\n'}
[1.405527] (px4_msgs) StdoutLine: {'line': b'-- Up-to-date: /home/mcfb/ros2_ws/install/px4_msgs/include/px4_msgs/px4_msgs/msg/detail/manual_control_setpoint__description.c\n'}
[1.405768] (px4_msgs) StdoutLine: {'line': b'-- Up-to-date: /home/mcfb/ros2_ws/install/px4_msgs/include/px4_msgs/px4_msgs/msg/detail/estimator_bias__functions.h\n'}
[1.405894] (px4_msgs) StdoutLine: {'line': b'-- Up-to-date: /home/mcfb/ros2_ws/install/px4_msgs/include/px4_msgs/px4_msgs/msg/detail/input_rc__type_support.h\n'}
[1.405957] (px4_msgs) StdoutLine: {'line': b'-- Up-to-date: /home/mcfb/ros2_ws/install/px4_msgs/include/px4_msgs/px4_msgs/msg/detail/esc_status__functions.h\n'}
[1.406015] (px4_msgs) StdoutLine: {'line': b'-- Installing: /home/mcfb/ros2_ws/install/px4_msgs/include/px4_msgs/px4_msgs/msg/detail/sensors_status_imu__type_support.c\n'}
[1.406069] (px4_msgs) StdoutLine: {'line': b'-- Up-to-date: /home/mcfb/ros2_ws/install/px4_msgs/include/px4_msgs/px4_msgs/msg/detail/telemetry_status__description.c\n'}
[1.406123] (px4_msgs) StdoutLine: {'line': b'-- Up-to-date: /home/mcfb/ros2_ws/install/px4_msgs/include/px4_msgs/px4_msgs/msg/detail/register_ext_component_reply__struct.h\n'}
[1.406173] (px4_msgs) StdoutLine: {'line': b'-- Up-to-date: /home/mcfb/ros2_ws/install/px4_msgs/include/px4_msgs/px4_msgs/msg/detail/manual_control_setpoint__type_support.h\n'}
[1.406224] (px4_msgs) StdoutLine: {'line': b'-- Up-to-date: /home/mcfb/ros2_ws/install/px4_msgs/include/px4_msgs/px4_msgs/msg/detail/airspeed__type_support.h\n'}
[1.406275] (px4_msgs) StdoutLine: {'line': b'-- Up-to-date: /home/mcfb/ros2_ws/install/px4_msgs/include/px4_msgs/px4_msgs/msg/detail/vehicle_optical_flow_vel__functions.h\n'}
[1.406333] (px4_msgs) StdoutLine: {'line': b'-- Up-to-date: /home/mcfb/ros2_ws/install/px4_msgs/include/px4_msgs/px4_msgs/msg/detail/takeoff_status__type_support.h\n'}
[1.406384] (px4_msgs) StdoutLine: {'line': b'-- Up-to-date: /home/mcfb/ros2_ws/install/px4_msgs/include/px4_msgs/px4_msgs/msg/detail/parameter_set_value_response__functions.h\n'}
[1.406434] (px4_msgs) StdoutLine: {'line': b'-- Installing: /home/mcfb/ros2_ws/install/px4_msgs/include/px4_msgs/px4_msgs/msg/detail/sensor_selection__type_support.c\n'}
[1.406481] (px4_msgs) StdoutLine: {'line': b'-- Up-to-date: /home/mcfb/ros2_ws/install/px4_msgs/include/px4_msgs/px4_msgs/msg/detail/gpio_out__functions.h\n'}
[1.406616] (px4_msgs) StdoutLine: {'line': b'-- Up-to-date: /home/mcfb/ros2_ws/install/px4_msgs/include/px4_msgs/px4_msgs/msg/detail/figure_eight_status__functions.h\n'}
[1.406670] (px4_msgs) StdoutLine: {'line': b'-- Installing: /home/mcfb/ros2_ws/install/px4_msgs/include/px4_msgs/px4_msgs/msg/detail/rover_attitude_setpoint__type_support.c\n'}
[1.406723] (px4_msgs) StdoutLine: {'line': b'-- Installing: /home/mcfb/ros2_ws/install/px4_msgs/include/px4_msgs/px4_msgs/msg/detail/estimator_status_flags__type_support.c\n'}
[1.406774] (px4_msgs) StdoutLine: {'line': b'-- Up-to-date: /home/mcfb/ros2_ws/install/px4_msgs/include/px4_msgs/px4_msgs/msg/detail/transponder_report__functions.c\n'}
[1.406824] (px4_msgs) StdoutLine: {'line': b'-- Installing: /home/mcfb/ros2_ws/install/px4_msgs/include/px4_msgs/px4_msgs/msg/detail/gpio_config__type_support.c\n'}
[1.406874] (px4_msgs) StdoutLine: {'line': b'-- Up-to-date: /home/mcfb/ros2_ws/install/px4_msgs/include/px4_msgs/px4_msgs/msg/detail/estimator_aid_source3d__description.c\n'}
[1.406922] (px4_msgs) StdoutLine: {'line': b'-- Up-to-date: /home/mcfb/ros2_ws/install/px4_msgs/include/px4_msgs/px4_msgs/msg/detail/failure_detector_status__functions.h\n'}
[1.406970] (px4_msgs) StdoutLine: {'line': b'-- Up-to-date: /home/mcfb/ros2_ws/install/px4_msgs/include/px4_msgs/px4_msgs/msg/detail/launch_detection_status__type_support.h\n'}
[1.407018] (px4_msgs) StdoutLine: {'line': b'-- Up-to-date: /home/mcfb/ros2_ws/install/px4_msgs/include/px4_msgs/px4_msgs/msg/detail/debug_value__type_support.h\n'}
[1.407066] (px4_msgs) StdoutLine: {'line': b'-- Up-to-date: /home/mcfb/ros2_ws/install/px4_msgs/include/px4_msgs/px4_msgs/msg/detail/vehicle_magnetometer__struct.h\n'}
[1.407117] (px4_msgs) StdoutLine: {'line': b'-- Up-to-date: /home/mcfb/ros2_ws/install/px4_msgs/include/px4_msgs/px4_msgs/msg/detail/dataman_request__functions.h\n'}
[1.407166] (px4_msgs) StdoutLine: {'line': b'-- Installing: /home/mcfb/ros2_ws/install/px4_msgs/include/px4_msgs/px4_msgs/msg/detail/debug_key_value__type_support.c\n'}
[1.407234] (px4_msgs) StdoutLine: {'line': b'-- Installing: /home/mcfb/ros2_ws/install/px4_msgs/include/px4_msgs/px4_msgs/msg/detail/power_button_state__type_support.c\n'}
[1.407286] (px4_msgs) StdoutLine: {'line': b'-- Up-to-date: /home/mcfb/ros2_ws/install/px4_msgs/include/px4_msgs/px4_msgs/msg/detail/qshell_req__functions.h\n'}
[1.407343] (px4_msgs) StdoutLine: {'line': b'-- Up-to-date: /home/mcfb/ros2_ws/install/px4_msgs/include/px4_msgs/px4_msgs/msg/detail/logger_status__type_support.h\n'}
[1.407465] (px4_msgs) StdoutLine: {'line': b'-- Up-to-date: /home/mcfb/ros2_ws/install/px4_msgs/include/px4_msgs/px4_msgs/msg/detail/position_controller_landing_status__functions.h\n'}
[1.407528] (px4_msgs) StdoutLine: {'line': b'-- Up-to-date: /home/mcfb/ros2_ws/install/px4_msgs/include/px4_msgs/px4_msgs/msg/detail/position_controller_landing_status__description.c\n'}
[1.407581] (px4_msgs) StdoutLine: {'line': b'-- Up-to-date: /home/mcfb/ros2_ws/install/px4_msgs/include/px4_msgs/px4_msgs/msg/detail/arming_check_request__functions.h\n'}
[1.407632] (px4_msgs) StdoutLine: {'line': b'-- Up-to-date: /home/mcfb/ros2_ws/install/px4_msgs/include/px4_msgs/px4_msgs/msg/detail/sensor_optical_flow__struct.h\n'}
[1.407680] (px4_msgs) StdoutLine: {'line': b'-- Up-to-date: /home/mcfb/ros2_ws/install/px4_msgs/include/px4_msgs/px4_msgs/msg/detail/gps_dump__functions.c\n'}
[1.407730] (px4_msgs) StdoutLine: {'line': b'-- Up-to-date: /home/mcfb/ros2_ws/install/px4_msgs/include/px4_msgs/px4_msgs/msg/detail/debug_vect__functions.h\n'}
[1.407780] (px4_msgs) StdoutLine: {'line': b'-- Up-to-date: /home/mcfb/ros2_ws/install/px4_msgs/include/px4_msgs/px4_msgs/msg/detail/distance_sensor__functions.h\n'}
[1.407831] (px4_msgs) StdoutLine: {'line': b'-- Up-to-date: /home/mcfb/ros2_ws/install/px4_msgs/include/px4_msgs/px4_msgs/msg/detail/landing_gear__functions.c\n'}
[1.407881] (px4_msgs) StdoutLine: {'line': b'-- Up-to-date: /home/mcfb/ros2_ws/install/px4_msgs/include/px4_msgs/px4_msgs/msg/detail/vehicle_air_data__functions.h\n'}
[1.407929] (px4_msgs) StdoutLine: {'line': b'-- Up-to-date: /home/mcfb/ros2_ws/install/px4_msgs/include/px4_msgs/px4_msgs/msg/detail/battery_status__type_support.h\n'}
[1.407977] (px4_msgs) StdoutLine: {'line': b'-- Up-to-date: /home/mcfb/ros2_ws/install/px4_msgs/include/px4_msgs/px4_msgs/msg/detail/landing_target_innovations__description.c\n'}
[1.408028] (px4_msgs) StdoutLine: {'line': b'-- Up-to-date: /home/mcfb/ros2_ws/install/px4_msgs/include/px4_msgs/px4_msgs/msg/detail/sensor_combined__functions.h\n'}
[1.408078] (px4_msgs) StdoutLine: {'line': b'-- Up-to-date: /home/mcfb/ros2_ws/install/px4_msgs/include/px4_msgs/px4_msgs/msg/detail/vehicle_thrust_setpoint__struct.h\n'}
[1.408128] (px4_msgs) StdoutLine: {'line': b'-- Installing: /home/mcfb/ros2_ws/install/px4_msgs/include/px4_msgs/px4_msgs/msg/detail/sensor_accel__type_support.c\n'}
[1.408176] (px4_msgs) StdoutLine: {'line': b'-- Up-to-date: /home/mcfb/ros2_ws/install/px4_msgs/include/px4_msgs/px4_msgs/msg/detail/heater_status__description.c\n'}
[1.408224] (px4_msgs) StdoutLine: {'line': b'-- Up-to-date: /home/mcfb/ros2_ws/install/px4_msgs/include/px4_msgs/px4_msgs/msg/detail/pure_pursuit_status__struct.h\n'}
[1.408339] (px4_msgs) StdoutLine: {'line': b'-- Up-to-date: /home/mcfb/ros2_ws/install/px4_msgs/include/px4_msgs/px4_msgs/msg/detail/ulog_stream__functions.c\n'}
[1.408391] (px4_msgs) StdoutLine: {'line': b'-- Up-to-date: /home/mcfb/ros2_ws/install/px4_msgs/include/px4_msgs/px4_msgs/msg/detail/sensor_gyro_fft__struct.h\n'}
[1.408443] (px4_msgs) StdoutLine: {'line': b'-- Up-to-date: /home/mcfb/ros2_ws/install/px4_msgs/include/px4_msgs/px4_msgs/msg/detail/estimator_selector_status__functions.c\n'}
[1.408496] (px4_msgs) StdoutLine: {'line': b'-- Up-to-date: /home/mcfb/ros2_ws/install/px4_msgs/include/px4_msgs/px4_msgs/msg/detail/actuator_motors__struct.h\n'}
[1.408547] (px4_msgs) StdoutLine: {'line': b'-- Up-to-date: /home/mcfb/ros2_ws/install/px4_msgs/include/px4_msgs/px4_msgs/msg/detail/vtol_vehicle_status__struct.h\n'}
[1.408599] (px4_msgs) StdoutLine: {'line': b'-- Up-to-date: /home/mcfb/ros2_ws/install/px4_msgs/include/px4_msgs/px4_msgs/msg/detail/estimator_innovations__struct.h\n'}
[1.408649] (px4_msgs) StdoutLine: {'line': b'-- Up-to-date: /home/mcfb/ros2_ws/install/px4_msgs/include/px4_msgs/px4_msgs/msg/detail/navigator_status__functions.c\n'}
[1.408701] (px4_msgs) StdoutLine: {'line': b'-- Up-to-date: /home/mcfb/ros2_ws/install/px4_msgs/include/px4_msgs/px4_msgs/msg/detail/message_format_request__type_support.h\n'}
[1.408760] (px4_msgs) StdoutLine: {'line': b'-- Installing: /home/mcfb/ros2_ws/install/px4_msgs/include/px4_msgs/px4_msgs/msg/detail/button_event__type_support.c\n'}
[1.408828] (px4_msgs) StdoutLine: {'line': b'-- Up-to-date: /home/mcfb/ros2_ws/install/px4_msgs/include/px4_msgs/px4_msgs/msg/detail/follow_target_status__description.c\n'}
[1.408879] (px4_msgs) StdoutLine: {'line': b'-- Up-to-date: /home/mcfb/ros2_ws/install/px4_msgs/include/px4_msgs/px4_msgs/msg/detail/parameter_reset_request__description.c\n'}
[1.408947] (px4_msgs) StdoutLine: {'line': b'-- Up-to-date: /home/mcfb/ros2_ws/install/px4_msgs/include/px4_msgs/px4_msgs/msg/detail/ekf2_timestamps__type_support.h\n'}
[1.409014] (px4_msgs) StdoutLine: {'line': b'-- Up-to-date: /home/mcfb/ros2_ws/install/px4_msgs/include/px4_msgs/px4_msgs/msg/detail/failsafe_flags__functions.h\n'}
[1.409089] (px4_msgs) StdoutLine: {'line': b'-- Up-to-date: /home/mcfb/ros2_ws/install/px4_msgs/include/px4_msgs/px4_msgs/msg/detail/message_format_response__functions.c\n'}
[1.409158] (px4_msgs) StdoutLine: {'line': b'-- Up-to-date: /home/mcfb/ros2_ws/install/px4_msgs/include/px4_msgs/px4_msgs/msg/detail/vehicle_status__struct.h\n'}
[1.409211] (px4_msgs) StdoutLine: {'line': b'-- Up-to-date: /home/mcfb/ros2_ws/install/px4_msgs/include/px4_msgs/px4_msgs/msg/detail/vehicle_rates_setpoint__description.c\n'}
[1.409342] (px4_msgs) StdoutLine: {'line': b'-- Up-to-date: /home/mcfb/ros2_ws/install/px4_msgs/include/px4_msgs/px4_msgs/msg/detail/vehicle_rates_setpoint__functions.c\n'}
[1.409429] (px4_msgs) StdoutLine: {'line': b'-- Up-to-date: /home/mcfb/ros2_ws/install/px4_msgs/include/px4_msgs/px4_msgs/msg/detail/obstacle_distance__description.c\n'}
[1.409592] (px4_msgs) StdoutLine: {'line': b'-- Up-to-date: /home/mcfb/ros2_ws/install/px4_msgs/include/px4_msgs/px4_msgs/msg/detail/vtol_vehicle_status__functions.c\n'}
[1.409676] (px4_msgs) StdoutLine: {'line': b'-- Installing: /home/mcfb/ros2_ws/install/px4_msgs/include/px4_msgs/px4_msgs/msg/detail/wheel_encoders__type_support.c\n'}
[1.409744] (px4_msgs) StdoutLine: {'line': b'-- Installing: /home/mcfb/ros2_ws/install/px4_msgs/include/px4_msgs/px4_msgs/msg/detail/collision_constraints__type_support.c\n'}
[1.409814] (px4_msgs) StdoutLine: {'line': b'-- Up-to-date: /home/mcfb/ros2_ws/install/px4_msgs/include/px4_msgs/px4_msgs/msg/detail/mission_result__description.c\n'}
[1.409880] (px4_msgs) StdoutLine: {'line': b'-- Up-to-date: /home/mcfb/ros2_ws/install/px4_msgs/include/px4_msgs/px4_msgs/msg/detail/logger_status__struct.h\n'}
[1.409945] (px4_msgs) StdoutLine: {'line': b'-- Up-to-date: /home/mcfb/ros2_ws/install/px4_msgs/include/px4_msgs/px4_msgs/msg/detail/mavlink_tunnel__functions.h\n'}
[1.410009] (px4_msgs) StdoutLine: {'line': b'-- Up-to-date: /home/mcfb/ros2_ws/install/px4_msgs/include/px4_msgs/px4_msgs/msg/detail/rover_position_setpoint__functions.h\n'}
[1.410075] (px4_msgs) StdoutLine: {'line': b'-- Up-to-date: /home/mcfb/ros2_ws/install/px4_msgs/include/px4_msgs/px4_msgs/msg/detail/home_position__description.c\n'}
[1.410153] (px4_msgs) StdoutLine: {'line': b'-- Installing: /home/mcfb/ros2_ws/install/px4_msgs/include/px4_msgs/px4_msgs/msg/detail/orb_test_medium__type_support.c\n'}
[1.410220] (px4_msgs) StdoutLine: {'line': b'-- Up-to-date: /home/mcfb/ros2_ws/install/px4_msgs/include/px4_msgs/px4_msgs/msg/detail/message_format_response__description.c\n'}
[1.410288] (px4_msgs) StdoutLine: {'line': b'-- Up-to-date: /home/mcfb/ros2_ws/install/px4_msgs/include/px4_msgs/px4_msgs/msg/detail/mission_result__type_support.h\n'}
[1.410418] (px4_msgs) StdoutLine: {'line': b'-- Up-to-date: /home/mcfb/ros2_ws/install/px4_msgs/include/px4_msgs/px4_msgs/msg/detail/sensor_gnss_status__functions.c\n'}
[1.410482] (px4_msgs) StdoutLine: {'line': b'-- Installing: /home/mcfb/ros2_ws/install/px4_msgs/include/px4_msgs/px4_msgs/msg/detail/sensor_correction__type_support.c\n'}
[1.410547] (px4_msgs) StdoutLine: {'line': b'-- Up-to-date: /home/mcfb/ros2_ws/install/px4_msgs/include/px4_msgs/px4_msgs/msg/detail/parameter_set_value_request__description.c\n'}
[1.410625] (px4_msgs) StdoutLine: {'line': b'-- Up-to-date: /home/mcfb/ros2_ws/install/px4_msgs/include/px4_msgs/px4_msgs/msg/detail/rover_steering_setpoint__struct.h\n'}
[1.410690] (px4_msgs) StdoutLine: {'line': b'-- Up-to-date: /home/mcfb/ros2_ws/install/px4_msgs/include/px4_msgs/px4_msgs/msg/detail/autotune_attitude_control_status__description.c\n'}
[1.410778] (px4_msgs) StdoutLine: {'line': b'-- Up-to-date: /home/mcfb/ros2_ws/install/px4_msgs/include/px4_msgs/px4_msgs/msg/detail/control_allocator_status__struct.h\n'}
[1.410843] (px4_msgs) StdoutLine: {'line': b'-- Up-to-date: /home/mcfb/ros2_ws/install/px4_msgs/include/px4_msgs/px4_msgs/msg/detail/internal_combustion_engine_status__type_support.h\n'}
[1.410920] (px4_msgs) StdoutLine: {'line': b'-- Up-to-date: /home/mcfb/ros2_ws/install/px4_msgs/include/px4_msgs/px4_msgs/msg/detail/actuator_controls_status__functions.c\n'}
[1.411016] (px4_msgs) StdoutLine: {'line': b'-- Up-to-date: /home/mcfb/ros2_ws/install/px4_msgs/include/px4_msgs/px4_msgs/msg/detail/estimator_status__functions.h\n'}
[1.411082] (px4_msgs) StdoutLine: {'line': b'-- Up-to-date: /home/mcfb/ros2_ws/install/px4_msgs/include/px4_msgs/px4_msgs/msg/detail/fixed_wing_lateral_guidance_status__functions.h\n'}
[1.411147] (px4_msgs) StdoutLine: {'line': b'-- Up-to-date: /home/mcfb/ros2_ws/install/px4_msgs/include/px4_msgs/px4_msgs/msg/detail/open_drone_id_operator_id__functions.h\n'}
[1.411212] (px4_msgs) StdoutLine: {'line': b'-- Up-to-date: /home/mcfb/ros2_ws/install/px4_msgs/include/px4_msgs/px4_msgs/msg/detail/register_ext_component_request__struct.h\n'}
[1.411286] (px4_msgs) StdoutLine: {'line': b'-- Up-to-date: /home/mcfb/ros2_ws/install/px4_msgs/include/px4_msgs/px4_msgs/msg/detail/parameter_set_value_response__functions.c\n'}
[1.411354] (px4_msgs) StdoutLine: {'line': b'-- Up-to-date: /home/mcfb/ros2_ws/install/px4_msgs/include/px4_msgs/px4_msgs/msg/detail/vtol_vehicle_status__type_support.h\n'}
[1.411569] (px4_msgs) StdoutLine: {'line': b'-- Up-to-date: /home/mcfb/ros2_ws/install/px4_msgs/include/px4_msgs/px4_msgs/msg/detail/landing_target_pose__description.c\n'}
[1.411729] (px4_msgs) StdoutLine: {'line': b'-- Up-to-date: /home/mcfb/ros2_ws/install/px4_msgs/include/px4_msgs/px4_msgs/msg/detail/open_drone_id_self_id__functions.h\n'}
[1.411927] (px4_msgs) StdoutLine: {'line': b'-- Up-to-date: /home/mcfb/ros2_ws/install/px4_msgs/include/px4_msgs/px4_msgs/msg/detail/timesync_status__type_support.h\n'}
[1.412021] (px4_msgs) StdoutLine: {'line': b'-- Installing: /home/mcfb/ros2_ws/install/px4_msgs/include/px4_msgs/px4_msgs/msg/detail/navigator_mission_item__type_support.c\n'}
[1.412092] (px4_msgs) StdoutLine: {'line': b'-- Up-to-date: /home/mcfb/ros2_ws/install/px4_msgs/include/px4_msgs/px4_msgs/msg/detail/mode_completed__struct.h\n'}
[1.412149] (px4_msgs) StdoutLine: {'line': b'-- Up-to-date: /home/mcfb/ros2_ws/install/px4_msgs/include/px4_msgs/px4_msgs/msg/detail/dataman_request__description.c\n'}
[1.412201] (px4_msgs) StdoutLine: {'line': b'-- Up-to-date: /home/mcfb/ros2_ws/install/px4_msgs/include/px4_msgs/px4_msgs/msg/detail/rc_parameter_map__description.c\n'}
[1.412267] (px4_msgs) StdoutLine: {'line': b'-- Up-to-date: /home/mcfb/ros2_ws/install/px4_msgs/include/px4_msgs/px4_msgs/msg/detail/tiltrotor_extra_controls__functions.c\n'}
[1.412331] (px4_msgs) StdoutLine: {'line': b'-- Installing: /home/mcfb/ros2_ws/install/px4_msgs/include/px4_msgs/px4_msgs/msg/detail/vehicle_land_detected__type_support.c\n'}
[1.412431] (px4_msgs) StdoutLine: {'line': b'-- Up-to-date: /home/mcfb/ros2_ws/install/px4_msgs/include/px4_msgs/px4_msgs/msg/detail/rover_attitude_status__struct.h\n'}
[1.412490] (px4_msgs) StdoutLine: {'line': b'-- Up-to-date: /home/mcfb/ros2_ws/install/px4_msgs/include/px4_msgs/px4_msgs/msg/detail/sensor_uwb__functions.h\n'}
[1.412542] (px4_msgs) StdoutLine: {'line': b'-- Up-to-date: /home/mcfb/ros2_ws/install/px4_msgs/include/px4_msgs/px4_msgs/msg/detail/sensors_status__functions.h\n'}
[1.412595] (px4_msgs) StdoutLine: {'line': b'-- Up-to-date: /home/mcfb/ros2_ws/install/px4_msgs/include/px4_msgs/px4_msgs/msg/detail/wind__description.c\n'}
[1.412656] (px4_msgs) StdoutLine: {'line': b'-- Installing: /home/mcfb/ros2_ws/install/px4_msgs/include/px4_msgs/px4_msgs/msg/detail/vehicle_angular_velocity__type_support.c\n'}
[1.412731] (px4_msgs) StdoutLine: {'line': b'-- Up-to-date: /home/mcfb/ros2_ws/install/px4_msgs/include/px4_msgs/px4_msgs/msg/detail/rpm__functions.h\n'}
[1.412799] (px4_msgs) StdoutLine: {'line': b'-- Up-to-date: /home/mcfb/ros2_ws/install/px4_msgs/include/px4_msgs/px4_msgs/msg/detail/gimbal_device_information__functions.c\n'}
[1.412875] (px4_msgs) StdoutLine: {'line': b'-- Up-to-date: /home/mcfb/ros2_ws/install/px4_msgs/include/px4_msgs/px4_msgs/msg/detail/trajectory_setpoint__struct.h\n'}
[1.412947] (px4_msgs) StdoutLine: {'line': b'-- Up-to-date: /home/mcfb/ros2_ws/install/px4_msgs/include/px4_msgs/px4_msgs/msg/detail/camera_trigger__struct.h\n'}
[1.413013] (px4_msgs) StdoutLine: {'line': b'-- Installing: /home/mcfb/ros2_ws/install/px4_msgs/include/px4_msgs/px4_msgs/msg/detail/rate_ctrl_status__type_support.c\n'}
[1.413090] (px4_msgs) StdoutLine: {'line': b'-- Up-to-date: /home/mcfb/ros2_ws/install/px4_msgs/include/px4_msgs/px4_msgs/msg/detail/sensor_gyro__functions.h\n'}
[1.413206] (px4_msgs) StdoutLine: {'line': b'-- Up-to-date: /home/mcfb/ros2_ws/install/px4_msgs/include/px4_msgs/px4_msgs/msg/detail/vehicle_optical_flow_vel__type_support.h\n'}
[1.413269] (px4_msgs) StdoutLine: {'line': b'-- Up-to-date: /home/mcfb/ros2_ws/install/px4_msgs/include/px4_msgs/px4_msgs/msg/detail/adc_report__functions.h\n'}
[1.413346] (px4_msgs) StdoutLine: {'line': b'-- Up-to-date: /home/mcfb/ros2_ws/install/px4_msgs/include/px4_msgs/px4_msgs/msg/detail/input_rc__description.c\n'}
[1.413407] (px4_msgs) StdoutLine: {'line': b'-- Up-to-date: /home/mcfb/ros2_ws/install/px4_msgs/include/px4_msgs/px4_msgs/msg/detail/parameter_update__functions.h\n'}
[1.413464] (px4_msgs) StdoutLine: {'line': b'-- Up-to-date: /home/mcfb/ros2_ws/install/px4_msgs/include/px4_msgs/px4_msgs/msg/detail/geofence_status__functions.c\n'}
[1.413541] (px4_msgs) StdoutLine: {'line': b'-- Up-to-date: /home/mcfb/ros2_ws/install/px4_msgs/include/px4_msgs/px4_msgs/msg/detail/sensors_status_imu__struct.h\n'}
[1.413605] (px4_msgs) StdoutLine: {'line': b'-- Up-to-date: /home/mcfb/ros2_ws/install/px4_msgs/include/px4_msgs/px4_msgs/msg/detail/estimator_selector_status__type_support.h\n'}
[1.413669] (px4_msgs) StdoutLine: {'line': b'-- Up-to-date: /home/mcfb/ros2_ws/install/px4_msgs/include/px4_msgs/px4_msgs/msg/detail/rover_steering_setpoint__description.c\n'}
[1.413718] (px4_msgs) StdoutLine: {'line': b'-- Up-to-date: /home/mcfb/ros2_ws/install/px4_msgs/include/px4_msgs/px4_msgs/msg/detail/ulog_stream_ack__struct.h\n'}
[1.413767] (px4_msgs) StdoutLine: {'line': b'-- Up-to-date: /home/mcfb/ros2_ws/install/px4_msgs/include/px4_msgs/px4_msgs/msg/detail/pps_capture__functions.c\n'}
[1.413814] (px4_msgs) StdoutLine: {'line': b'-- Installing: /home/mcfb/ros2_ws/install/px4_msgs/include/px4_msgs/px4_msgs/msg/detail/gimbal_device_set_attitude__type_support.c\n'}
[1.413863] (px4_msgs) StdoutLine: {'line': b'-- Up-to-date: /home/mcfb/ros2_ws/install/px4_msgs/include/px4_msgs/px4_msgs/msg/detail/estimator_sensor_bias__description.c\n'}
[1.413912] (px4_msgs) StdoutLine: {'line': b'-- Up-to-date: /home/mcfb/ros2_ws/install/px4_msgs/include/px4_msgs/px4_msgs/msg/detail/rover_position_setpoint__type_support.h\n'}
[1.413960] (px4_msgs) StdoutLine: {'line': b'-- Up-to-date: /home/mcfb/ros2_ws/install/px4_msgs/include/px4_msgs/px4_msgs/msg/detail/dronecan_node_status__functions.c\n'}
[1.414042] (px4_msgs) StdoutLine: {'line': b'-- Up-to-date: /home/mcfb/ros2_ws/install/px4_msgs/include/px4_msgs/px4_msgs/msg/detail/fixed_wing_lateral_guidance_status__functions.c\n'}
[1.414113] (px4_msgs) StdoutLine: {'line': b'-- Up-to-date: /home/mcfb/ros2_ws/install/px4_msgs/include/px4_msgs/px4_msgs/msg/detail/vehicle_attitude__description.c\n'}
[1.414182] (px4_msgs) StdoutLine: {'line': b'-- Up-to-date: /home/mcfb/ros2_ws/install/px4_msgs/include/px4_msgs/px4_msgs/msg/detail/arming_check_reply__description.c\n'}
[1.414235] (px4_msgs) StdoutLine: {'line': b'-- Up-to-date: /home/mcfb/ros2_ws/install/px4_msgs/include/px4_msgs/px4_msgs/msg/detail/manual_control_setpoint__struct.h\n'}
[1.414283] (px4_msgs) StdoutLine: {'line': b'-- Up-to-date: /home/mcfb/ros2_ws/install/px4_msgs/include/px4_msgs/px4_msgs/msg/detail/pwm_input__description.c\n'}
[1.414404] (px4_msgs) StdoutLine: {'line': b'-- Up-to-date: /home/mcfb/ros2_ws/install/px4_msgs/include/px4_msgs/px4_msgs/msg/detail/message_format_request__struct.h\n'}
[1.414456] (px4_msgs) StdoutLine: {'line': b'-- Up-to-date: /home/mcfb/ros2_ws/install/px4_msgs/include/px4_msgs/px4_msgs/msg/detail/vehicle_magnetometer__functions.h\n'}
[1.414524] (px4_msgs) StdoutLine: {'line': b'-- Installing: /home/mcfb/ros2_ws/install/px4_msgs/include/px4_msgs/px4_msgs/msg/detail/obstacle_distance__type_support.c\n'}
[1.414598] (px4_msgs) StdoutLine: {'line': b'-- Up-to-date: /home/mcfb/ros2_ws/install/px4_msgs/include/px4_msgs/px4_msgs/msg/detail/rtl_status__functions.h\n'}
[1.414648] (px4_msgs) StdoutLine: {'line': b'-- Up-to-date: /home/mcfb/ros2_ws/install/px4_msgs/include/px4_msgs/px4_msgs/msg/detail/battery_status__description.c\n'}
[1.414833] (px4_msgs) StdoutLine: {'line': b'-- Up-to-date: /home/mcfb/ros2_ws/install/px4_msgs/include/px4_msgs/px4_msgs/msg/detail/power_button_state__functions.h\n'}
[1.414897] (px4_msgs) StdoutLine: {'line': b'-- Up-to-date: /home/mcfb/ros2_ws/install/px4_msgs/include/px4_msgs/px4_msgs/msg/detail/estimator_status_flags__functions.h\n'}
[1.414948] (px4_msgs) StdoutLine: {'line': b'-- Up-to-date: /home/mcfb/ros2_ws/install/px4_msgs/include/px4_msgs/px4_msgs/msg/detail/esc_status__type_support.h\n'}
[1.414995] (px4_msgs) StdoutLine: {'line': b'-- Up-to-date: /home/mcfb/ros2_ws/install/px4_msgs/include/px4_msgs/px4_msgs/msg/detail/landing_target_pose__struct.h\n'}
[1.415045] (px4_msgs) StdoutLine: {'line': b'-- Up-to-date: /home/mcfb/ros2_ws/install/px4_msgs/include/px4_msgs/px4_msgs/msg/detail/vehicle_imu__functions.c\n'}
[1.415095] (px4_msgs) StdoutLine: {'line': b'-- Installing: /home/mcfb/ros2_ws/install/px4_msgs/include/px4_msgs/px4_msgs/msg/detail/uavcan_parameter_value__type_support.c\n'}
[1.415144] (px4_msgs) StdoutLine: {'line': b'-- Installing: /home/mcfb/ros2_ws/install/px4_msgs/include/px4_msgs/px4_msgs/msg/detail/internal_combustion_engine_control__type_support.c\n'}
[1.415192] (px4_msgs) StdoutLine: {'line': b'-- Up-to-date: /home/mcfb/ros2_ws/install/px4_msgs/include/px4_msgs/px4_msgs/msg/detail/trajectory_setpoint6dof__description.c\n'}
[1.415260] (px4_msgs) StdoutLine: {'line': b'-- Up-to-date: /home/mcfb/ros2_ws/install/px4_msgs/include/px4_msgs/px4_msgs/msg/detail/vehicle_angular_acceleration_setpoint__struct.h\n'}
[1.415321] (px4_msgs) StdoutLine: {'line': b'-- Up-to-date: /home/mcfb/ros2_ws/install/px4_msgs/include/px4_msgs/px4_msgs/msg/detail/rover_attitude_status__description.c\n'}
[1.415372] (px4_msgs) StdoutLine: {'line': b'-- Installing: /home/mcfb/ros2_ws/install/px4_msgs/include/px4_msgs/px4_msgs/msg/detail/battery_status__type_support.c\n'}
[1.415423] (px4_msgs) StdoutLine: {'line': b'-- Installing: /home/mcfb/ros2_ws/install/px4_msgs/include/px4_msgs/px4_msgs/msg/detail/estimator_aid_source3d__type_support.c\n'}
[1.415473] (px4_msgs) StdoutLine: {'line': b'-- Up-to-date: /home/mcfb/ros2_ws/install/px4_msgs/include/px4_msgs/px4_msgs/msg/detail/trajectory_setpoint__description.c\n'}
[1.415522] (px4_msgs) StdoutLine: {'line': b'-- Installing: /home/mcfb/ros2_ws/install/px4_msgs/include/px4_msgs/px4_msgs/msg/detail/unregister_ext_component__type_support.c\n'}
[1.415673] (px4_msgs) StdoutLine: {'line': b'-- Installing: /home/mcfb/ros2_ws/install/px4_msgs/include/px4_msgs/px4_msgs/msg/detail/open_drone_id_self_id__type_support.c\n'}
[1.415726] (px4_msgs) StdoutLine: {'line': b'-- Up-to-date: /home/mcfb/ros2_ws/install/px4_msgs/include/px4_msgs/px4_msgs/msg/detail/tecs_status__description.c\n'}
[1.415777] (px4_msgs) StdoutLine: {'line': b'-- Up-to-date: /home/mcfb/ros2_ws/install/px4_msgs/include/px4_msgs/px4_msgs/msg/detail/sensor_accel__type_support.h\n'}
[1.415830] (px4_msgs) StdoutLine: {'line': b'-- Installing: /home/mcfb/ros2_ws/install/px4_msgs/include/px4_msgs/px4_msgs/msg/detail/sensor_gyro__type_support.c\n'}
[1.415879] (px4_msgs) StdoutLine: {'line': b'-- Up-to-date: /home/mcfb/ros2_ws/install/px4_msgs/include/px4_msgs/px4_msgs/msg/detail/fixed_wing_longitudinal_setpoint__struct.h\n'}
[1.415930] (px4_msgs) StdoutLine: {'line': b'-- Up-to-date: /home/mcfb/ros2_ws/install/px4_msgs/include/px4_msgs/px4_msgs/msg/detail/vehicle_land_detected__functions.h\n'}
[1.415982] (px4_msgs) StdoutLine: {'line': b'-- Up-to-date: /home/mcfb/ros2_ws/install/px4_msgs/include/px4_msgs/px4_msgs/msg/detail/failsafe_flags__struct.h\n'}
[1.416029] (px4_msgs) StdoutLine: {'line': b'-- Installing: /home/mcfb/ros2_ws/install/px4_msgs/include/px4_msgs/px4_msgs/msg/detail/message_format_request__type_support.c\n'}
[1.416078] (px4_msgs) StdoutLine: {'line': b'-- Installing: /home/mcfb/ros2_ws/install/px4_msgs/include/px4_msgs/px4_msgs/msg/detail/parameter_update__type_support.c\n'}
[1.416126] (px4_msgs) StdoutLine: {'line': b'-- Up-to-date: /home/mcfb/ros2_ws/install/px4_msgs/include/px4_msgs/px4_msgs/msg/detail/estimator_gps_status__functions.c\n'}
[1.416173] (px4_msgs) StdoutLine: {'line': b'-- Up-to-date: /home/mcfb/ros2_ws/install/px4_msgs/include/px4_msgs/px4_msgs/msg/detail/fixed_wing_lateral_setpoint__description.c\n'}
[1.416221] (px4_msgs) StdoutLine: {'line': b'-- Up-to-date: /home/mcfb/ros2_ws/install/px4_msgs/include/px4_msgs/px4_msgs/msg/detail/vehicle_global_position__functions.h\n'}
[1.416268] (px4_msgs) StdoutLine: {'line': b'-- Installing: /home/mcfb/ros2_ws/install/px4_msgs/include/px4_msgs/px4_msgs/msg/detail/system_power__type_support.c\n'}
[1.416327] (px4_msgs) StdoutLine: {'line': b'-- Up-to-date: /home/mcfb/ros2_ws/install/px4_msgs/include/px4_msgs/px4_msgs/msg/detail/generator_status__description.c\n'}
[1.416387] (px4_msgs) StdoutLine: {'line': b'-- Installing: /home/mcfb/ros2_ws/install/px4_msgs/include/px4_msgs/px4_msgs/msg/detail/estimator_gps_status__type_support.c\n'}
[1.416437] (px4_msgs) StdoutLine: {'line': b'-- Up-to-date: /home/mcfb/ros2_ws/install/px4_msgs/include/px4_msgs/px4_msgs/msg/detail/gimbal_device_attitude_status__functions.h\n'}
[1.416485] (px4_msgs) StdoutLine: {'line': b'-- Up-to-date: /home/mcfb/ros2_ws/install/px4_msgs/include/px4_msgs/px4_msgs/msg/detail/debug_array__functions.c\n'}
[1.416531] (px4_msgs) StdoutLine: {'line': b'-- Up-to-date: /home/mcfb/ros2_ws/install/px4_msgs/include/px4_msgs/px4_msgs/msg/detail/gimbal_manager_set_attitude__struct.h\n'}
[1.416578] (px4_msgs) StdoutLine: {'line': b'-- Up-to-date: /home/mcfb/ros2_ws/install/px4_msgs/include/px4_msgs/px4_msgs/msg/detail/airspeed_validated__type_support.h\n'}
[1.416658] (px4_msgs) StdoutLine: {'line': b'-- Installing: /home/mcfb/ros2_ws/install/px4_msgs/include/px4_msgs/px4_msgs/msg/detail/iridiumsbd_status__type_support.c\n'}
[1.416717] (px4_msgs) StdoutLine: {'line': b'-- Installing: /home/mcfb/ros2_ws/install/px4_msgs/include/px4_msgs/px4_msgs/msg/detail/mag_worker_data__type_support.c\n'}
[1.416766] (px4_msgs) StdoutLine: {'line': b'-- Up-to-date: /home/mcfb/ros2_ws/install/px4_msgs/include/px4_msgs/px4_msgs/msg/detail/goto_setpoint__functions.c\n'}
[1.416813] (px4_msgs) StdoutLine: {'line': b'-- Up-to-date: /home/mcfb/ros2_ws/install/px4_msgs/include/px4_msgs/px4_msgs/msg/detail/actuator_outputs__struct.h\n'}
[1.416860] (px4_msgs) StdoutLine: {'line': b'-- Up-to-date: /home/mcfb/ros2_ws/install/px4_msgs/include/px4_msgs/px4_msgs/msg/detail/esc_report__description.c\n'}
[1.417426] (px4_msgs) StdoutLine: {'line': b'-- Up-to-date: /home/mcfb/ros2_ws/install/px4_msgs/include/px4_msgs/px4_msgs/msg/detail/actuator_motors__type_support.h\n'}
[1.417633] (px4_msgs) StdoutLine: {'line': b'-- Up-to-date: /home/mcfb/ros2_ws/install/px4_msgs/include/px4_msgs/px4_msgs/msg/detail/hover_thrust_estimate__description.c\n'}
[1.417934] (px4_msgs) StdoutLine: {'line': b'-- Up-to-date: /home/mcfb/ros2_ws/install/px4_msgs/include/px4_msgs/px4_msgs/msg/detail/pure_pursuit_status__description.c\n'}
[1.418041] (px4_msgs) StdoutLine: {'line': b'-- Up-to-date: /home/mcfb/ros2_ws/install/px4_msgs/include/px4_msgs/px4_msgs/msg/detail/offboard_control_mode__functions.c\n'}
[1.418283] (px4_msgs) StdoutLine: {'line': b'-- Up-to-date: /home/mcfb/ros2_ws/install/px4_msgs/include/px4_msgs/px4_msgs/msg/detail/px4io_status__functions.h\n'}
[1.418367] (px4_msgs) StdoutLine: {'line': b'-- Up-to-date: /home/mcfb/ros2_ws/install/px4_msgs/include/px4_msgs/px4_msgs/msg/detail/health_report__functions.h\n'}
[1.418440] (px4_msgs) StdoutLine: {'line': b'-- Installing: /home/mcfb/ros2_ws/install/px4_msgs/include/px4_msgs/px4_msgs/msg/detail/irlock_report__type_support.c\n'}
[1.418516] (px4_msgs) StdoutLine: {'line': b'-- Up-to-date: /home/mcfb/ros2_ws/install/px4_msgs/include/px4_msgs/px4_msgs/msg/detail/actuator_servos_trim__description.c\n'}
[1.418585] (px4_msgs) StdoutLine: {'line': b'-- Up-to-date: /home/mcfb/ros2_ws/install/px4_msgs/include/px4_msgs/px4_msgs/msg/detail/vehicle_acceleration__struct.h\n'}
[1.418650] (px4_msgs) StdoutLine: {'line': b'-- Up-to-date: /home/mcfb/ros2_ws/install/px4_msgs/include/px4_msgs/px4_msgs/msg/detail/arming_check_request__description.c\n'}
[1.418716] (px4_msgs) StdoutLine: {'line': b'-- Up-to-date: /home/mcfb/ros2_ws/install/px4_msgs/include/px4_msgs/px4_msgs/msg/detail/uavcan_parameter_value__description.c\n'}
[1.418768] (px4_msgs) StdoutLine: {'line': b'-- Up-to-date: /home/mcfb/ros2_ws/install/px4_msgs/include/px4_msgs/px4_msgs/msg/detail/parameter_set_used_request__struct.h\n'}
[1.418815] (px4_msgs) StdoutLine: {'line': b'-- Up-to-date: /home/mcfb/ros2_ws/install/px4_msgs/include/px4_msgs/px4_msgs/msg/detail/mission_result__functions.c\n'}
[1.418866] (px4_msgs) StdoutLine: {'line': b'-- Installing: /home/mcfb/ros2_ws/install/px4_msgs/include/px4_msgs/px4_msgs/msg/detail/generator_status__type_support.c\n'}
[1.418914] (px4_msgs) StdoutLine: {'line': b'-- Installing: /home/mcfb/ros2_ws/install/px4_msgs/include/px4_msgs/px4_msgs/msg/detail/ekf2_timestamps__type_support.c\n'}
[1.418996] (px4_msgs) StdoutLine: {'line': b'-- Installing: /home/mcfb/ros2_ws/install/px4_msgs/include/px4_msgs/px4_msgs/msg/detail/mission__type_support.c\n'}
[1.419048] (px4_msgs) StdoutLine: {'line': b'-- Installing: /home/mcfb/ros2_ws/install/px4_msgs/include/px4_msgs/px4_msgs/msg/detail/camera_trigger__type_support.c\n'}
[1.419110] (px4_msgs) StdoutLine: {'line': b'-- Up-to-date: /home/mcfb/ros2_ws/install/px4_msgs/include/px4_msgs/px4_msgs/msg/detail/event__functions.c\n'}
[1.419178] (px4_msgs) StdoutLine: {'line': b'-- Up-to-date: /home/mcfb/ros2_ws/install/px4_msgs/include/px4_msgs/px4_msgs/msg/detail/vehicle_attitude__functions.c\n'}
[1.419274] (px4_msgs) StdoutLine: {'line': b'-- Up-to-date: /home/mcfb/ros2_ws/install/px4_msgs/include/px4_msgs/px4_msgs/msg/detail/onboard_computer_status__description.c\n'}
[1.419356] (px4_msgs) StdoutLine: {'line': b'-- Up-to-date: /home/mcfb/ros2_ws/install/px4_msgs/include/px4_msgs/px4_msgs/msg/detail/gimbal_manager_information__functions.h\n'}
[1.419436] (px4_msgs) StdoutLine: {'line': b'-- Installing: /home/mcfb/ros2_ws/install/px4_msgs/include/px4_msgs/px4_msgs/msg/detail/parameter_set_used_request__type_support.c\n'}
[1.419513] (px4_msgs) StdoutLine: {'line': b'-- Up-to-date: /home/mcfb/ros2_ws/install/px4_msgs/include/px4_msgs/px4_msgs/msg/detail/vehicle_optical_flow__struct.h\n'}
[1.419597] (px4_msgs) StdoutLine: {'line': b'-- Up-to-date: /home/mcfb/ros2_ws/install/px4_msgs/include/px4_msgs/px4_msgs/msg/detail/orb_test_medium__functions.c\n'}
[1.419912] (px4_msgs) StdoutLine: {'line': b'-- Up-to-date: /home/mcfb/ros2_ws/install/px4_msgs/include/px4_msgs/px4_msgs/msg/detail/landing_target_innovations__struct.h\n'}
[1.419993] (px4_msgs) StdoutLine: {'line': b'-- Up-to-date: /home/mcfb/ros2_ws/install/px4_msgs/include/px4_msgs/px4_msgs/msg/detail/mount_orientation__description.c\n'}
[1.420064] (px4_msgs) StdoutLine: {'line': b'-- Up-to-date: /home/mcfb/ros2_ws/install/px4_msgs/include/px4_msgs/px4_msgs/msg/detail/magnetometer_bias_estimate__struct.h\n'}
[1.420121] (px4_msgs) StdoutLine: {'line': b'-- Installing: /home/mcfb/ros2_ws/install/px4_msgs/include/px4_msgs/px4_msgs/msg/detail/goto_setpoint__type_support.c\n'}
[1.420168] (px4_msgs) StdoutLine: {'line': b'-- Up-to-date: /home/mcfb/ros2_ws/install/px4_msgs/include/px4_msgs/px4_msgs/msg/detail/follow_target_estimator__description.c\n'}
[1.420405] (px4_msgs) StdoutLine: {'line': b'-- Up-to-date: /home/mcfb/ros2_ws/install/px4_msgs/include/px4_msgs/px4_msgs/msg/detail/rc_parameter_map__type_support.h\n'}
[1.420487] (px4_msgs) StdoutLine: {'line': b'-- Up-to-date: /home/mcfb/ros2_ws/install/px4_msgs/include/px4_msgs/px4_msgs/msg/detail/geofence_result__functions.h\n'}
[1.420566] (px4_msgs) StdoutLine: {'line': b'-- Installing: /home/mcfb/ros2_ws/install/px4_msgs/include/px4_msgs/px4_msgs/msg/detail/sensor_combined__type_support.c\n'}
[1.420659] (px4_msgs) StdoutLine: {'line': b'-- Installing: /home/mcfb/ros2_ws/install/px4_msgs/include/px4_msgs/px4_msgs/msg/detail/control_allocator_status__type_support.c\n'}
[1.420740] (px4_msgs) StdoutLine: {'line': b'-- Up-to-date: /home/mcfb/ros2_ws/install/px4_msgs/include/px4_msgs/px4_msgs/msg/detail/fixed_wing_lateral_setpoint__functions.c\n'}
[1.420810] (px4_msgs) StdoutLine: {'line': b'-- Installing: /home/mcfb/ros2_ws/install/px4_msgs/include/px4_msgs/px4_msgs/msg/detail/dronecan_node_status__type_support.c\n'}
[1.421170] (px4_msgs) StdoutLine: {'line': b'-- Up-to-date: /home/mcfb/ros2_ws/install/px4_msgs/include/px4_msgs/px4_msgs/msg/detail/wind__functions.h\n'}
[1.421382] (px4_msgs) StdoutLine: {'line': b'-- Up-to-date: /home/mcfb/ros2_ws/install/px4_msgs/include/px4_msgs/px4_msgs/msg/detail/failure_detector_status__description.c\n'}
[1.421468] (px4_msgs) StdoutLine: {'line': b'-- Up-to-date: /home/mcfb/ros2_ws/install/px4_msgs/include/px4_msgs/px4_msgs/msg/detail/gimbal_device_information__functions.h\n'}
[1.421531] (px4_msgs) StdoutLine: {'line': b'-- Up-to-date: /home/mcfb/ros2_ws/install/px4_msgs/include/px4_msgs/px4_msgs/msg/detail/gimbal_controls__description.c\n'}
[1.421582] (px4_msgs) StdoutLine: {'line': b'-- Up-to-date: /home/mcfb/ros2_ws/install/px4_msgs/include/px4_msgs/px4_msgs/msg/detail/fixed_wing_runway_control__struct.h\n'}
[1.421637] (px4_msgs) StdoutLine: {'line': b'-- Up-to-date: /home/mcfb/ros2_ws/install/px4_msgs/include/px4_msgs/px4_msgs/msg/detail/gps_inject_data__functions.h\n'}
[1.421687] (px4_msgs) StdoutLine: {'line': b'-- Installing: /home/mcfb/ros2_ws/install/px4_msgs/include/px4_msgs/px4_msgs/msg/detail/rover_speed_setpoint__type_support.c\n'}
[1.421732] (px4_msgs) StdoutLine: {'line': b'-- Up-to-date: /home/mcfb/ros2_ws/install/px4_msgs/include/px4_msgs/px4_msgs/msg/detail/ping__struct.h\n'}
[1.421777] (px4_msgs) StdoutLine: {'line': b'-- Installing: /home/mcfb/ros2_ws/install/px4_msgs/include/px4_msgs/px4_msgs/msg/detail/figure_eight_status__type_support.c\n'}
[1.421829] (px4_msgs) StdoutLine: {'line': b'-- Up-to-date: /home/mcfb/ros2_ws/install/px4_msgs/include/px4_msgs/px4_msgs/msg/detail/gpio_in__struct.h\n'}
[1.421878] (px4_msgs) StdoutLine: {'line': b'-- Up-to-date: /home/mcfb/ros2_ws/install/px4_msgs/include/px4_msgs/px4_msgs/msg/detail/position_setpoint__functions.h\n'}
[1.421929] (px4_msgs) StdoutLine: {'line': b'-- Up-to-date: /home/mcfb/ros2_ws/install/px4_msgs/include/px4_msgs/px4_msgs/msg/detail/register_ext_component_reply__functions.c\n'}
[1.421977] (px4_msgs) StdoutLine: {'line': b'-- Installing: /home/mcfb/ros2_ws/install/px4_msgs/include/px4_msgs/px4_msgs/msg/detail/magnetometer_bias_estimate__type_support.c\n'}
[1.422046] (px4_msgs) StdoutLine: {'line': b'-- Up-to-date: /home/mcfb/ros2_ws/install/px4_msgs/include/px4_msgs/px4_msgs/msg/detail/sensor_correction__struct.h\n'}
[1.422094] (px4_msgs) StdoutLine: {'line': b'-- Up-to-date: /home/mcfb/ros2_ws/install/px4_msgs/include/px4_msgs/px4_msgs/msg/detail/landing_target_pose__type_support.h\n'}
[1.422138] (px4_msgs) StdoutLine: {'line': b'-- Up-to-date: /home/mcfb/ros2_ws/install/px4_msgs/include/px4_msgs/px4_msgs/msg/detail/sensor_gnss_relative__struct.h\n'}
[1.422185] (px4_msgs) StdoutLine: {'line': b'-- Installing: /home/mcfb/ros2_ws/install/px4_msgs/include/px4_msgs/px4_msgs/msg/detail/rover_rate_status__type_support.c\n'}
[1.422233] (px4_msgs) StdoutLine: {'line': b'-- Up-to-date: /home/mcfb/ros2_ws/install/px4_msgs/include/px4_msgs/px4_msgs/msg/detail/transponder_report__type_support.h\n'}
[1.422278] (px4_msgs) StdoutLine: {'line': b'-- Up-to-date: /home/mcfb/ros2_ws/install/px4_msgs/include/px4_msgs/px4_msgs/msg/detail/ping__type_support.h\n'}
[1.422333] (px4_msgs) StdoutLine: {'line': b'-- Up-to-date: /home/mcfb/ros2_ws/install/px4_msgs/include/px4_msgs/px4_msgs/msg/detail/estimator_aid_source2d__functions.h\n'}
[1.422383] (px4_msgs) StdoutLine: {'line': b'-- Up-to-date: /home/mcfb/ros2_ws/install/px4_msgs/include/px4_msgs/px4_msgs/msg/detail/estimator_event_flags__struct.h\n'}
[1.422435] (px4_msgs) StdoutLine: {'line': b'-- Installing: /home/mcfb/ros2_ws/install/px4_msgs/include/px4_msgs/px4_msgs/msg/detail/landing_target_innovations__type_support.c\n'}
[1.422485] (px4_msgs) StdoutLine: {'line': b'-- Up-to-date: /home/mcfb/ros2_ws/install/px4_msgs/include/px4_msgs/px4_msgs/msg/detail/vehicle_imu_status__functions.c\n'}
[1.422534] (px4_msgs) StdoutLine: {'line': b'-- Installing: /home/mcfb/ros2_ws/install/px4_msgs/include/px4_msgs/px4_msgs/msg/detail/actuator_servos_trim__type_support.c\n'}
[1.422584] (px4_msgs) StdoutLine: {'line': b'-- Up-to-date: /home/mcfb/ros2_ws/install/px4_msgs/include/px4_msgs/px4_msgs/msg/detail/navigator_mission_item__struct.h\n'}
[1.422633] (px4_msgs) StdoutLine: {'line': b'-- Up-to-date: /home/mcfb/ros2_ws/install/px4_msgs/include/px4_msgs/px4_msgs/msg/detail/debug_key_value__functions.h\n'}
[1.422681] (px4_msgs) StdoutLine: {'line': b'-- Up-to-date: /home/mcfb/ros2_ws/install/px4_msgs/include/px4_msgs/px4_msgs/msg/detail/qshell_retval__type_support.h\n'}
[1.422734] (px4_msgs) StdoutLine: {'line': b'-- Up-to-date: /home/mcfb/ros2_ws/install/px4_msgs/include/px4_msgs/px4_msgs/msg/detail/sensor_selection__description.c\n'}
[1.422812] (px4_msgs) StdoutLine: {'line': b'-- Up-to-date: /home/mcfb/ros2_ws/install/px4_msgs/include/px4_msgs/px4_msgs/msg/detail/navigator_mission_item__description.c\n'}
[1.422859] (px4_msgs) StdoutLine: {'line': b'-- Up-to-date: /home/mcfb/ros2_ws/install/px4_msgs/include/px4_msgs/px4_msgs/msg/detail/sensor_selection__functions.c\n'}
[1.422905] (px4_msgs) StdoutLine: {'line': b'-- Up-to-date: /home/mcfb/ros2_ws/install/px4_msgs/include/px4_msgs/px4_msgs/msg/detail/rc_channels__functions.h\n'}
[1.422954] (px4_msgs) StdoutLine: {'line': b'-- Up-to-date: /home/mcfb/ros2_ws/install/px4_msgs/include/px4_msgs/px4_msgs/msg/detail/home_position__functions.c\n'}
[1.423005] (px4_msgs) StdoutLine: {'line': b'-- Up-to-date: /home/mcfb/ros2_ws/install/px4_msgs/include/px4_msgs/px4_msgs/msg/detail/mavlink_log__functions.h\n'}
[1.423056] (px4_msgs) StdoutLine: {'line': b'-- Installing: /home/mcfb/ros2_ws/install/px4_msgs/include/px4_msgs/px4_msgs/msg/detail/qshell_req__type_support.c\n'}
[1.423104] (px4_msgs) StdoutLine: {'line': b'-- Up-to-date: /home/mcfb/ros2_ws/install/px4_msgs/include/px4_msgs/px4_msgs/msg/detail/gimbal_device_information__description.c\n'}
[1.423155] (px4_msgs) StdoutLine: {'line': b'-- Installing: /home/mcfb/ros2_ws/install/px4_msgs/include/px4_msgs/px4_msgs/msg/detail/mount_orientation__type_support.c\n'}
[1.423214] (px4_msgs) StdoutLine: {'line': b'-- Up-to-date: /home/mcfb/ros2_ws/install/px4_msgs/include/px4_msgs/px4_msgs/msg/detail/airspeed_validated__description.c\n'}
[1.423274] (px4_msgs) StdoutLine: {'line': b'-- Up-to-date: /home/mcfb/ros2_ws/install/px4_msgs/include/px4_msgs/px4_msgs/msg/detail/pwm_input__struct.h\n'}
[1.423336] (px4_msgs) StdoutLine: {'line': b'-- Up-to-date: /home/mcfb/ros2_ws/install/px4_msgs/include/px4_msgs/px4_msgs/msg/detail/vehicle_acceleration__functions.c\n'}
[1.423392] (px4_msgs) StdoutLine: {'line': b'-- Up-to-date: /home/mcfb/ros2_ws/install/px4_msgs/include/px4_msgs/px4_msgs/msg/detail/rover_speed_status__type_support.h\n'}
[1.423447] (px4_msgs) StdoutLine: {'line': b'-- Up-to-date: /home/mcfb/ros2_ws/install/px4_msgs/include/px4_msgs/px4_msgs/msg/detail/control_allocator_status__type_support.h\n'}
[1.423504] (px4_msgs) StdoutLine: {'line': b'-- Up-to-date: /home/mcfb/ros2_ws/install/px4_msgs/include/px4_msgs/px4_msgs/msg/detail/navigator_mission_item__functions.h\n'}
[1.423566] (px4_msgs) StdoutLine: {'line': b'-- Up-to-date: /home/mcfb/ros2_ws/install/px4_msgs/include/px4_msgs/px4_msgs/msg/detail/vehicle_attitude__type_support.h\n'}
[1.423625] (px4_msgs) StdoutLine: {'line': b'-- Installing: /home/mcfb/ros2_ws/install/px4_msgs/include/px4_msgs/px4_msgs/msg/detail/autotune_attitude_control_status__type_support.c\n'}
[1.423683] (px4_msgs) StdoutLine: {'line': b'-- Installing: /home/mcfb/ros2_ws/install/px4_msgs/include/px4_msgs/px4_msgs/msg/detail/tiltrotor_extra_controls__type_support.c\n'}
[1.423741] (px4_msgs) StdoutLine: {'line': b'-- Up-to-date: /home/mcfb/ros2_ws/install/px4_msgs/include/px4_msgs/px4_msgs/msg/detail/sensor_gyro_fft__type_support.h\n'}
[1.423829] (px4_msgs) StdoutLine: {'line': b'-- Up-to-date: /home/mcfb/ros2_ws/install/px4_msgs/include/px4_msgs/px4_msgs/msg/detail/task_stack_info__struct.h\n'}
[1.423910] (px4_msgs) StdoutLine: {'line': b'-- Up-to-date: /home/mcfb/ros2_ws/install/px4_msgs/include/px4_msgs/px4_msgs/msg/detail/estimator_states__struct.h\n'}
[1.423992] (px4_msgs) StdoutLine: {'line': b'-- Up-to-date: /home/mcfb/ros2_ws/install/px4_msgs/include/px4_msgs/px4_msgs/msg/detail/collision_constraints__struct.h\n'}
[1.424103] (px4_msgs) StdoutLine: {'line': b'-- Up-to-date: /home/mcfb/ros2_ws/install/px4_msgs/include/px4_msgs/px4_msgs/msg/detail/rover_throttle_setpoint__type_support.h\n'}
[1.424213] (px4_msgs) StdoutLine: {'line': b'-- Installing: /home/mcfb/ros2_ws/install/px4_msgs/include/px4_msgs/px4_msgs/msg/detail/gpio_in__type_support.c\n'}
[1.424330] (px4_msgs) StdoutLine: {'line': b'-- Up-to-date: /home/mcfb/ros2_ws/install/px4_msgs/include/px4_msgs/px4_msgs/msg/detail/open_drone_id_operator_id__struct.h\n'}
[1.424427] (px4_msgs) StdoutLine: {'line': b'-- Up-to-date: /home/mcfb/ros2_ws/install/px4_msgs/include/px4_msgs/px4_msgs/msg/detail/vehicle_roi__type_support.h\n'}
[1.424523] (px4_msgs) StdoutLine: {'line': b'-- Installing: /home/mcfb/ros2_ws/install/px4_msgs/include/px4_msgs/px4_msgs/msg/detail/actuator_motors__type_support.c\n'}
[1.424622] (px4_msgs) StdoutLine: {'line': b'-- Installing: /home/mcfb/ros2_ws/install/px4_msgs/include/px4_msgs/px4_msgs/msg/detail/arming_check_reply__type_support.c\n'}
[1.424787] (px4_msgs) StdoutLine: {'line': b'-- Up-to-date: /home/mcfb/ros2_ws/install/px4_msgs/include/px4_msgs/px4_msgs/msg/detail/geofence_result__struct.h\n'}
[1.424875] (px4_msgs) StdoutLine: {'line': b'-- Up-to-date: /home/mcfb/ros2_ws/install/px4_msgs/include/px4_msgs/px4_msgs/msg/detail/button_event__functions.c\n'}
[1.424935] (px4_msgs) StdoutLine: {'line': b'-- Up-to-date: /home/mcfb/ros2_ws/install/px4_msgs/include/px4_msgs/px4_msgs/msg/detail/sensors_status__type_support.h\n'}
[1.424997] (px4_msgs) StdoutLine: {'line': b'-- Up-to-date: /home/mcfb/ros2_ws/install/px4_msgs/include/px4_msgs/px4_msgs/msg/detail/landing_gear__struct.h\n'}
[1.425054] (px4_msgs) StdoutLine: {'line': b'-- Up-to-date: /home/mcfb/ros2_ws/install/px4_msgs/include/px4_msgs/px4_msgs/msg/detail/camera_capture__struct.h\n'}
[1.425119] (px4_msgs) StdoutLine: {'line': b'-- Up-to-date: /home/mcfb/ros2_ws/install/px4_msgs/include/px4_msgs/px4_msgs/msg/detail/vehicle_thrust_setpoint__type_support.h\n'}
[1.425421] (px4_msgs) StdoutLine: {'line': b'-- Up-to-date: /home/mcfb/ros2_ws/install/px4_msgs/include/px4_msgs/px4_msgs/msg/detail/esc_report__type_support.h\n'}
[1.425659] (px4_msgs) StdoutLine: {'line': b'-- Up-to-date: /home/mcfb/ros2_ws/install/px4_msgs/include/px4_msgs/px4_msgs/msg/detail/cpuload__functions.h\n'}
[1.425730] (px4_msgs) StdoutLine: {'line': b'-- Up-to-date: /home/mcfb/ros2_ws/install/px4_msgs/include/px4_msgs/px4_msgs/msg/detail/rtl_status__struct.h\n'}
[1.425794] (px4_msgs) StdoutLine: {'line': b'-- Up-to-date: /home/mcfb/ros2_ws/install/px4_msgs/include/px4_msgs/px4_msgs/msg/detail/yaw_estimator_status__struct.h\n'}
[1.425860] (px4_msgs) StdoutLine: {'line': b'-- Up-to-date: /home/mcfb/ros2_ws/install/px4_msgs/include/px4_msgs/px4_msgs/msg/detail/fixed_wing_lateral_setpoint__type_support.h\n'}
[1.425922] (px4_msgs) StdoutLine: {'line': b'-- Up-to-date: /home/mcfb/ros2_ws/install/px4_msgs/include/px4_msgs/px4_msgs/msg/detail/transponder_report__functions.h\n'}
[1.425987] (px4_msgs) StdoutLine: {'line': b'-- Up-to-date: /home/mcfb/ros2_ws/install/px4_msgs/include/px4_msgs/px4_msgs/msg/detail/vehicle_command_ack__functions.c\n'}
[1.426048] (px4_msgs) StdoutLine: {'line': b'-- Installing: /home/mcfb/ros2_ws/install/px4_msgs/include/px4_msgs/px4_msgs/msg/detail/open_drone_id_operator_id__type_support.c\n'}
[1.426110] (px4_msgs) StdoutLine: {'line': b'-- Up-to-date: /home/mcfb/ros2_ws/install/px4_msgs/include/px4_msgs/px4_msgs/msg/detail/dataman_response__struct.h\n'}
[1.426171] (px4_msgs) StdoutLine: {'line': b'-- Up-to-date: /home/mcfb/ros2_ws/install/px4_msgs/include/px4_msgs/px4_msgs/msg/detail/estimator_bias__type_support.h\n'}
[1.426234] (px4_msgs) StdoutLine: {'line': b'-- Up-to-date: /home/mcfb/ros2_ws/install/px4_msgs/include/px4_msgs/px4_msgs/msg/detail/launch_detection_status__description.c\n'}
[1.426298] (px4_msgs) StdoutLine: {'line': b'-- Up-to-date: /home/mcfb/ros2_ws/install/px4_msgs/include/px4_msgs/px4_msgs/msg/detail/config_overrides__struct.h\n'}
[1.426538] (px4_msgs) StdoutLine: {'line': b'-- Up-to-date: /home/mcfb/ros2_ws/install/px4_msgs/include/px4_msgs/px4_msgs/msg/detail/vehicle_thrust_setpoint__description.c\n'}
[1.426625] (px4_msgs) StdoutLine: {'line': b'-- Up-to-date: /home/mcfb/ros2_ws/install/px4_msgs/include/px4_msgs/px4_msgs/msg/detail/vehicle_roi__struct.h\n'}
[1.426682] (px4_msgs) StdoutLine: {'line': b'-- Up-to-date: /home/mcfb/ros2_ws/install/px4_msgs/include/px4_msgs/px4_msgs/msg/detail/gpio_request__functions.c\n'}
[1.426733] (px4_msgs) StdoutLine: {'line': b'-- Up-to-date: /home/mcfb/ros2_ws/install/px4_msgs/include/px4_msgs/px4_msgs/msg/detail/logger_status__description.c\n'}
[1.426783] (px4_msgs) StdoutLine: {'line': b'-- Up-to-date: /home/mcfb/ros2_ws/install/px4_msgs/include/px4_msgs/px4_msgs/msg/detail/figure_eight_status__struct.h\n'}
[1.426831] (px4_msgs) StdoutLine: {'line': b'-- Installing: /home/mcfb/ros2_ws/install/px4_msgs/include/px4_msgs/px4_msgs/msg/detail/dataman_response__type_support.c\n'}
[1.426877] (px4_msgs) StdoutLine: {'line': b'-- Up-to-date: /home/mcfb/ros2_ws/install/px4_msgs/include/px4_msgs/px4_msgs/msg/detail/adc_report__functions.c\n'}
[1.426923] (px4_msgs) StdoutLine: {'line': b'-- Up-to-date: /home/mcfb/ros2_ws/install/px4_msgs/include/px4_msgs/px4_msgs/msg/detail/neural_control__description.c\n'}
[1.426969] (px4_msgs) StdoutLine: {'line': b'-- Up-to-date: /home/mcfb/ros2_ws/install/px4_msgs/include/px4_msgs/px4_msgs/msg/detail/rover_speed_status__description.c\n'}
[1.427014] (px4_msgs) StdoutLine: {'line': b'-- Up-to-date: /home/mcfb/ros2_ws/install/px4_msgs/include/px4_msgs/px4_msgs/msg/detail/satellite_info__functions.h\n'}
[1.427059] (px4_msgs) StdoutLine: {'line': b'-- Up-to-date: /home/mcfb/ros2_ws/install/px4_msgs/include/px4_msgs/px4_msgs/msg/detail/sensor_airflow__functions.c\n'}
[1.427103] (px4_msgs) StdoutLine: {'line': b'-- Up-to-date: /home/mcfb/ros2_ws/install/px4_msgs/include/px4_msgs/px4_msgs/msg/detail/estimator_aid_source1d__struct.h\n'}
[1.427149] (px4_msgs) StdoutLine: {'line': b'-- Up-to-date: /home/mcfb/ros2_ws/install/px4_msgs/include/px4_msgs/px4_msgs/msg/detail/logger_status__functions.h\n'}
[1.427200] (px4_msgs) StdoutLine: {'line': b'-- Up-to-date: /home/mcfb/ros2_ws/install/px4_msgs/include/px4_msgs/px4_msgs/msg/detail/dronecan_node_status__functions.h\n'}
[1.427246] (px4_msgs) StdoutLine: {'line': b'-- Up-to-date: /home/mcfb/ros2_ws/install/px4_msgs/include/px4_msgs/px4_msgs/msg/detail/internal_combustion_engine_control__functions.h\n'}
[1.427291] (px4_msgs) StdoutLine: {'line': b'-- Up-to-date: /home/mcfb/ros2_ws/install/px4_msgs/include/px4_msgs/px4_msgs/msg/detail/heater_status__functions.h\n'}
[1.427345] (px4_msgs) StdoutLine: {'line': b'-- Up-to-date: /home/mcfb/ros2_ws/install/px4_msgs/include/px4_msgs/px4_msgs/msg/detail/vehicle_status__type_support.h\n'}
[1.427389] (px4_msgs) StdoutLine: {'line': b'-- Up-to-date: /home/mcfb/ros2_ws/install/px4_msgs/include/px4_msgs/px4_msgs/msg/detail/takeoff_status__description.c\n'}
[1.427435] (px4_msgs) StdoutLine: {'line': b'-- Installing: /home/mcfb/ros2_ws/install/px4_msgs/include/px4_msgs/px4_msgs/msg/detail/takeoff_status__type_support.c\n'}
[1.427480] (px4_msgs) StdoutLine: {'line': b'-- Up-to-date: /home/mcfb/ros2_ws/install/px4_msgs/include/px4_msgs/px4_msgs/msg/detail/gimbal_controls__struct.h\n'}
[1.427795] (px4_msgs) StdoutLine: {'line': b'-- Up-to-date: /home/mcfb/ros2_ws/install/px4_msgs/include/px4_msgs/px4_msgs/msg/detail/action_request__functions.c\n'}
[1.428294] (px4_msgs) StdoutLine: {'line': b'-- Up-to-date: /home/mcfb/ros2_ws/install/px4_msgs/include/px4_msgs/px4_msgs/msg/detail/mission__functions.h\n'}
[1.428375] (px4_msgs) StdoutLine: {'line': b'-- Up-to-date: /home/mcfb/ros2_ws/install/px4_msgs/include/px4_msgs/px4_msgs/msg/detail/actuator_armed__functions.c\n'}
[1.428727] (px4_msgs) StdoutLine: {'line': b'-- Installing: /home/mcfb/ros2_ws/install/px4_msgs/include/px4_msgs/px4_msgs/msg/detail/gpio_out__type_support.c\n'}
[1.428951] (px4_msgs) StdoutLine: {'line': b'-- Installing: /home/mcfb/ros2_ws/install/px4_msgs/include/px4_msgs/px4_msgs/msg/detail/vehicle_command_ack__type_support.c\n'}
[1.429020] (px4_msgs) StdoutLine: {'line': b'-- Up-to-date: /home/mcfb/ros2_ws/install/px4_msgs/include/px4_msgs/px4_msgs/msg/detail/irlock_report__functions.h\n'}
[1.429083] (px4_msgs) StdoutLine: {'line': b'-- Up-to-date: /home/mcfb/ros2_ws/install/px4_msgs/include/px4_msgs/px4_msgs/msg/detail/sensor_gps__type_support.h\n'}
[1.429171] (px4_msgs) StdoutLine: {'line': b'-- Up-to-date: /home/mcfb/ros2_ws/install/px4_msgs/include/px4_msgs/px4_msgs/msg/detail/ulog_stream_ack__description.c\n'}
[1.429252] (px4_msgs) StdoutLine: {'line': b'-- Installing: /home/mcfb/ros2_ws/install/px4_msgs/include/px4_msgs/px4_msgs/msg/detail/actuator_controls_status__type_support.c\n'}
[1.429335] (px4_msgs) StdoutLine: {'line': b'-- Up-to-date: /home/mcfb/ros2_ws/install/px4_msgs/include/px4_msgs/px4_msgs/msg/detail/wheel_encoders__type_support.h\n'}
[1.429399] (px4_msgs) StdoutLine: {'line': b'-- Up-to-date: /home/mcfb/ros2_ws/install/px4_msgs/include/px4_msgs/px4_msgs/msg/detail/control_allocator_status__functions.c\n'}
[1.429450] (px4_msgs) StdoutLine: {'line': b'-- Up-to-date: /home/mcfb/ros2_ws/install/px4_msgs/include/px4_msgs/px4_msgs/msg/detail/sensor_gnss_status__functions.h\n'}
[1.429501] (px4_msgs) StdoutLine: {'line': b'-- Up-to-date: /home/mcfb/ros2_ws/install/px4_msgs/include/px4_msgs/px4_msgs/msg/detail/health_report__type_support.h\n'}
[1.429557] (px4_msgs) StdoutLine: {'line': b'-- Up-to-date: /home/mcfb/ros2_ws/install/px4_msgs/include/px4_msgs/px4_msgs/msg/detail/mavlink_log__struct.h\n'}
[1.429630] (px4_msgs) StdoutLine: {'line': b'-- Installing: /home/mcfb/ros2_ws/install/px4_msgs/include/px4_msgs/px4_msgs/msg/detail/navigator_status__type_support.c\n'}
[1.429700] (px4_msgs) StdoutLine: {'line': b'-- Up-to-date: /home/mcfb/ros2_ws/install/px4_msgs/include/px4_msgs/px4_msgs/msg/detail/tecs_status__functions.h\n'}
[1.429766] (px4_msgs) StdoutLine: {'line': b'-- Up-to-date: /home/mcfb/ros2_ws/install/px4_msgs/include/px4_msgs/px4_msgs/msg/detail/rover_rate_setpoint__type_support.h\n'}
[1.429832] (px4_msgs) StdoutLine: {'line': b'-- Up-to-date: /home/mcfb/ros2_ws/install/px4_msgs/include/px4_msgs/px4_msgs/msg/detail/fuel_tank_status__type_support.h\n'}
[1.430285] (px4_msgs) StdoutLine: {'line': b'-- Up-to-date: /home/mcfb/ros2_ws/install/px4_msgs/include/px4_msgs/px4_msgs/msg/detail/estimator_selector_status__functions.h\n'}
[1.430404] (px4_msgs) StdoutLine: {'line': b'-- Up-to-date: /home/mcfb/ros2_ws/install/px4_msgs/include/px4_msgs/px4_msgs/msg/detail/sensor_airflow__functions.h\n'}
[1.430485] (px4_msgs) StdoutLine: {'line': b'-- Up-to-date: /home/mcfb/ros2_ws/install/px4_msgs/include/px4_msgs/px4_msgs/msg/detail/heater_status__functions.c\n'}
[1.430671] (px4_msgs) StdoutLine: {'line': b'-- Up-to-date: /home/mcfb/ros2_ws/install/px4_msgs/include/px4_msgs/px4_msgs/msg/detail/dronecan_node_status__description.c\n'}
[1.430873] (px4_msgs) StdoutLine: {'line': b'-- Up-to-date: /home/mcfb/ros2_ws/install/px4_msgs/include/px4_msgs/px4_msgs/msg/detail/sensor_baro__functions.c\n'}
[1.430961] (px4_msgs) StdoutLine: {'line': b'-- Up-to-date: /home/mcfb/ros2_ws/install/px4_msgs/include/px4_msgs/px4_msgs/msg/detail/irlock_report__functions.c\n'}
[1.431029] (px4_msgs) StdoutLine: {'line': b'-- Up-to-date: /home/mcfb/ros2_ws/install/px4_msgs/include/px4_msgs/px4_msgs/msg/detail/vehicle_local_position_setpoint__type_support.h\n'}
[1.431083] (px4_msgs) StdoutLine: {'line': b'-- Up-to-date: /home/mcfb/ros2_ws/install/px4_msgs/include/px4_msgs/px4_msgs/msg/detail/vehicle_command_ack__functions.h\n'}
[1.431133] (px4_msgs) StdoutLine: {'line': b'-- Up-to-date: /home/mcfb/ros2_ws/install/px4_msgs/include/px4_msgs/px4_msgs/msg/detail/landing_target_innovations__functions.c\n'}
[1.431182] (px4_msgs) StdoutLine: {'line': b'-- Installing: /home/mcfb/ros2_ws/install/px4_msgs/include/px4_msgs/px4_msgs/msg/detail/arming_check_request__type_support.c\n'}
[1.431231] (px4_msgs) StdoutLine: {'line': b'-- Installing: /home/mcfb/ros2_ws/install/px4_msgs/include/px4_msgs/px4_msgs/msg/detail/gimbal_device_attitude_status__type_support.c\n'}
[1.431279] (px4_msgs) StdoutLine: {'line': b'-- Up-to-date: /home/mcfb/ros2_ws/install/px4_msgs/include/px4_msgs/px4_msgs/msg/detail/gimbal_device_set_attitude__description.c\n'}
[1.431334] (px4_msgs) StdoutLine: {'line': b'-- Up-to-date: /home/mcfb/ros2_ws/install/px4_msgs/include/px4_msgs/px4_msgs/msg/detail/airspeed_validated__functions.h\n'}
[1.431697] (px4_msgs) StdoutLine: {'line': b'-- Up-to-date: /home/mcfb/ros2_ws/install/px4_msgs/include/px4_msgs/px4_msgs/msg/detail/mission__struct.h\n'}
[1.431981] (px4_msgs) StdoutLine: {'line': b'-- Up-to-date: /home/mcfb/ros2_ws/install/px4_msgs/include/px4_msgs/px4_msgs/msg/detail/rover_rate_status__type_support.h\n'}
[1.432040] (px4_msgs) StdoutLine: {'line': b'-- Up-to-date: /home/mcfb/ros2_ws/install/px4_msgs/include/px4_msgs/px4_msgs/msg/detail/estimator_aid_source3d__type_support.h\n'}
[1.432092] (px4_msgs) StdoutLine: {'line': b'-- Up-to-date: /home/mcfb/ros2_ws/install/px4_msgs/include/px4_msgs/px4_msgs/msg/detail/neural_control__type_support.h\n'}
[1.432143] (px4_msgs) StdoutLine: {'line': b'-- Up-to-date: /home/mcfb/ros2_ws/install/px4_msgs/include/px4_msgs/px4_msgs/msg/detail/onboard_computer_status__functions.c\n'}
[1.432191] (px4_msgs) StdoutLine: {'line': b'-- Up-to-date: /home/mcfb/ros2_ws/install/px4_msgs/include/px4_msgs/px4_msgs/msg/detail/parameter_update__struct.h\n'}
[1.432242] (px4_msgs) StdoutLine: {'line': b'-- Up-to-date: /home/mcfb/ros2_ws/install/px4_msgs/include/px4_msgs/px4_msgs/msg/detail/sensor_uwb__description.c\n'}
[1.432318] (px4_msgs) StdoutLine: {'line': b'-- Up-to-date: /home/mcfb/ros2_ws/install/px4_msgs/include/px4_msgs/px4_msgs/msg/detail/velocity_limits__description.c\n'}
[1.432364] (px4_msgs) StdoutLine: {'line': b'-- Up-to-date: /home/mcfb/ros2_ws/install/px4_msgs/include/px4_msgs/px4_msgs/msg/detail/power_monitor__functions.h\n'}
[1.432409] (px4_msgs) StdoutLine: {'line': b'-- Up-to-date: /home/mcfb/ros2_ws/install/px4_msgs/include/px4_msgs/px4_msgs/msg/detail/internal_combustion_engine_control__description.c\n'}
[1.432456] (px4_msgs) StdoutLine: {'line': b'-- Up-to-date: /home/mcfb/ros2_ws/install/px4_msgs/include/px4_msgs/px4_msgs/msg/detail/led_control__functions.c\n'}
[1.432504] (px4_msgs) StdoutLine: {'line': b'-- Up-to-date: /home/mcfb/ros2_ws/install/px4_msgs/include/px4_msgs/px4_msgs/msg/detail/adc_report__description.c\n'}
[1.432548] (px4_msgs) StdoutLine: {'line': b'-- Up-to-date: /home/mcfb/ros2_ws/install/px4_msgs/include/px4_msgs/px4_msgs/msg/detail/iridiumsbd_status__functions.c\n'}
[1.432592] (px4_msgs) StdoutLine: {'line': b'-- Installing: /home/mcfb/ros2_ws/install/px4_msgs/include/px4_msgs/px4_msgs/msg/detail/position_setpoint_triplet__type_support.c\n'}
[1.432642] (px4_msgs) StdoutLine: {'line': b'-- Up-to-date: /home/mcfb/ros2_ws/install/px4_msgs/include/px4_msgs/px4_msgs/msg/detail/ping__functions.c\n'}
[1.432696] (px4_msgs) StdoutLine: {'line': b'-- Up-to-date: /home/mcfb/ros2_ws/install/px4_msgs/include/px4_msgs/px4_msgs/msg/detail/follow_target__functions.c\n'}
[1.432761] (px4_msgs) StdoutLine: {'line': b'-- Up-to-date: /home/mcfb/ros2_ws/install/px4_msgs/include/px4_msgs/px4_msgs/msg/detail/qshell_req__type_support.h\n'}
[1.432831] (px4_msgs) StdoutLine: {'line': b'-- Up-to-date: /home/mcfb/ros2_ws/install/px4_msgs/include/px4_msgs/px4_msgs/msg/detail/unregister_ext_component__type_support.h\n'}
[1.432879] (px4_msgs) StdoutLine: {'line': b'-- Up-to-date: /home/mcfb/ros2_ws/install/px4_msgs/include/px4_msgs/px4_msgs/msg/detail/sensor_gnss_status__description.c\n'}
[1.432926] (px4_msgs) StdoutLine: {'line': b'-- Up-to-date: /home/mcfb/ros2_ws/install/px4_msgs/include/px4_msgs/px4_msgs/msg/detail/gimbal_manager_information__type_support.h\n'}
[1.432971] (px4_msgs) StdoutLine: {'line': b'-- Up-to-date: /home/mcfb/ros2_ws/install/px4_msgs/include/px4_msgs/px4_msgs/msg/detail/parameter_reset_request__type_support.h\n'}
[1.433018] (px4_msgs) StdoutLine: {'line': b'-- Up-to-date: /home/mcfb/ros2_ws/install/px4_msgs/include/px4_msgs/px4_msgs/msg/detail/rover_speed_setpoint__functions.h\n'}
[1.433069] (px4_msgs) StdoutLine: {'line': b'-- Up-to-date: /home/mcfb/ros2_ws/install/px4_msgs/include/px4_msgs/px4_msgs/msg/detail/vehicle_control_mode__functions.h\n'}
[1.433238] (px4_msgs) StdoutLine: {'line': b'-- Up-to-date: /home/mcfb/ros2_ws/install/px4_msgs/include/px4_msgs/px4_msgs/msg/detail/gimbal_manager_set_manual_control__functions.c\n'}
[1.433336] (px4_msgs) StdoutLine: {'line': b'-- Up-to-date: /home/mcfb/ros2_ws/install/px4_msgs/include/px4_msgs/px4_msgs/msg/detail/estimator_states__functions.c\n'}
[1.433391] (px4_msgs) StdoutLine: {'line': b'-- Up-to-date: /home/mcfb/ros2_ws/install/px4_msgs/include/px4_msgs/px4_msgs/msg/detail/radio_status__functions.c\n'}
[1.433439] (px4_msgs) StdoutLine: {'line': b'-- Up-to-date: /home/mcfb/ros2_ws/install/px4_msgs/include/px4_msgs/px4_msgs/msg/detail/manual_control_setpoint__functions.h\n'}
[1.433488] (px4_msgs) StdoutLine: {'line': b'-- Up-to-date: /home/mcfb/ros2_ws/install/px4_msgs/include/px4_msgs/px4_msgs/msg/detail/camera_status__struct.h\n'}
[1.433539] (px4_msgs) StdoutLine: {'line': b'-- Up-to-date: /home/mcfb/ros2_ws/install/px4_msgs/include/px4_msgs/px4_msgs/msg/detail/estimator_status__functions.c\n'}
[1.433590] (px4_msgs) StdoutLine: {'line': b'-- Up-to-date: /home/mcfb/ros2_ws/install/px4_msgs/include/px4_msgs/px4_msgs/msg/detail/sensor_mag__functions.h\n'}
[1.433633] (px4_msgs) StdoutLine: {'line': b'-- Up-to-date: /home/mcfb/ros2_ws/install/px4_msgs/include/px4_msgs/px4_msgs/msg/detail/action_request__type_support.h\n'}
[1.433678] (px4_msgs) StdoutLine: {'line': b'-- Up-to-date: /home/mcfb/ros2_ws/install/px4_msgs/include/px4_msgs/px4_msgs/msg/detail/ekf2_timestamps__functions.h\n'}
[1.433730] (px4_msgs) StdoutLine: {'line': b'-- Up-to-date: /home/mcfb/ros2_ws/install/px4_msgs/include/px4_msgs/px4_msgs/msg/detail/actuator_outputs__description.c\n'}
[1.433774] (px4_msgs) StdoutLine: {'line': b'-- Up-to-date: /home/mcfb/ros2_ws/install/px4_msgs/include/px4_msgs/px4_msgs/msg/detail/vehicle_status__functions.c\n'}
[1.433818] (px4_msgs) StdoutLine: {'line': b'-- Up-to-date: /home/mcfb/ros2_ws/install/px4_msgs/include/px4_msgs/px4_msgs/msg/detail/sensor_combined__struct.h\n'}
[1.433865] (px4_msgs) StdoutLine: {'line': b'-- Up-to-date: /home/mcfb/ros2_ws/install/px4_msgs/include/px4_msgs/px4_msgs/msg/detail/lateral_control_configuration__functions.h\n'}
[1.433908] (px4_msgs) StdoutLine: {'line': b'-- Up-to-date: /home/mcfb/ros2_ws/install/px4_msgs/include/px4_msgs/px4_msgs/msg/detail/sensor_gyro__functions.c\n'}
[1.433953] (px4_msgs) StdoutLine: {'line': b'-- Up-to-date: /home/mcfb/ros2_ws/install/px4_msgs/include/px4_msgs/px4_msgs/msg/detail/px4io_status__type_support.h\n'}
[1.434000] (px4_msgs) StdoutLine: {'line': b'-- Up-to-date: /home/mcfb/ros2_ws/install/px4_msgs/include/px4_msgs/px4_msgs/msg/detail/config_overrides__functions.h\n'}
[1.434042] (px4_msgs) StdoutLine: {'line': b'-- Up-to-date: /home/mcfb/ros2_ws/install/px4_msgs/include/px4_msgs/px4_msgs/msg/detail/orb_test_medium__type_support.h\n'}
[1.434086] (px4_msgs) StdoutLine: {'line': b'-- Up-to-date: /home/mcfb/ros2_ws/install/px4_msgs/include/px4_msgs/px4_msgs/msg/detail/gps_inject_data__type_support.h\n'}
[1.434136] (px4_msgs) StdoutLine: {'line': b'-- Up-to-date: /home/mcfb/ros2_ws/install/px4_msgs/include/px4_msgs/px4_msgs/msg/detail/mount_orientation__functions.h\n'}
[1.434179] (px4_msgs) StdoutLine: {'line': b'-- Up-to-date: /home/mcfb/ros2_ws/install/px4_msgs/include/px4_msgs/px4_msgs/msg/detail/system_power__functions.h\n'}
[1.434223] (px4_msgs) StdoutLine: {'line': b'-- Up-to-date: /home/mcfb/ros2_ws/install/px4_msgs/include/px4_msgs/px4_msgs/msg/detail/manual_control_switches__description.c\n'}
[1.434267] (px4_msgs) StdoutLine: {'line': b'-- Up-to-date: /home/mcfb/ros2_ws/install/px4_msgs/include/px4_msgs/px4_msgs/msg/detail/gps_dump__type_support.h\n'}
[1.434309] (px4_msgs) StdoutLine: {'line': b'-- Up-to-date: /home/mcfb/ros2_ws/install/px4_msgs/include/px4_msgs/px4_msgs/msg/detail/yaw_estimator_status__description.c\n'}
[1.434364] (px4_msgs) StdoutLine: {'line': b'-- Up-to-date: /home/mcfb/ros2_ws/install/px4_msgs/include/px4_msgs/px4_msgs/msg/detail/telemetry_status__functions.h\n'}
[1.434407] (px4_msgs) StdoutLine: {'line': b'-- Up-to-date: /home/mcfb/ros2_ws/install/px4_msgs/include/px4_msgs/px4_msgs/msg/detail/mag_worker_data__struct.h\n'}
[1.434451] (px4_msgs) StdoutLine: {'line': b'-- Up-to-date: /home/mcfb/ros2_ws/install/px4_msgs/include/px4_msgs/px4_msgs/msg/detail/sensor_airflow__struct.h\n'}
[1.434495] (px4_msgs) StdoutLine: {'line': b'-- Up-to-date: /home/mcfb/ros2_ws/install/px4_msgs/include/px4_msgs/px4_msgs/msg/detail/obstacle_distance__type_support.h\n'}
[1.434538] (px4_msgs) StdoutLine: {'line': b'-- Installing: /home/mcfb/ros2_ws/install/px4_msgs/include/px4_msgs/px4_msgs/msg/detail/internal_combustion_engine_status__type_support.c\n'}
[1.434582] (px4_msgs) StdoutLine: {'line': b'-- Up-to-date: /home/mcfb/ros2_ws/install/px4_msgs/include/px4_msgs/px4_msgs/msg/detail/vehicle_attitude_setpoint__type_support.h\n'}
[1.434627] (px4_msgs) StdoutLine: {'line': b'-- Up-to-date: /home/mcfb/ros2_ws/install/px4_msgs/include/px4_msgs/px4_msgs/msg/detail/log_message__type_support.h\n'}
[1.434671] (px4_msgs) StdoutLine: {'line': b'-- Up-to-date: /home/mcfb/ros2_ws/install/px4_msgs/include/px4_msgs/px4_msgs/msg/detail/normalized_unsigned_setpoint__type_support.h\n'}
[1.434714] (px4_msgs) StdoutLine: {'line': b'-- Up-to-date: /home/mcfb/ros2_ws/install/px4_msgs/include/px4_msgs/px4_msgs/msg/detail/fixed_wing_lateral_setpoint__functions.h\n'}
[1.434756] (px4_msgs) StdoutLine: {'line': b'-- Up-to-date: /home/mcfb/ros2_ws/install/px4_msgs/include/px4_msgs/px4_msgs/msg/detail/unregister_ext_component__description.c\n'}
[1.434799] (px4_msgs) StdoutLine: {'line': b'-- Up-to-date: /home/mcfb/ros2_ws/install/px4_msgs/include/px4_msgs/px4_msgs/msg/detail/sensor_accel_fifo__functions.h\n'}
[1.434842] (px4_msgs) StdoutLine: {'line': b'-- Installing: /home/mcfb/ros2_ws/install/px4_msgs/include/px4_msgs/px4_msgs/msg/detail/px4io_status__type_support.c\n'}
[1.434883] (px4_msgs) StdoutLine: {'line': b'-- Installing: /home/mcfb/ros2_ws/install/px4_msgs/include/px4_msgs/px4_msgs/msg/detail/sensors_status__type_support.c\n'}
[1.434927] (px4_msgs) StdoutLine: {'line': b'-- Up-to-date: /home/mcfb/ros2_ws/install/px4_msgs/include/px4_msgs/px4_msgs/msg/detail/landing_gear_wheel__functions.c\n'}
[1.434970] (px4_msgs) StdoutLine: {'line': b'-- Up-to-date: /home/mcfb/ros2_ws/install/px4_msgs/include/px4_msgs/px4_msgs/msg/detail/takeoff_status__functions.c\n'}
[1.435012] (px4_msgs) StdoutLine: {'line': b'-- Up-to-date: /home/mcfb/ros2_ws/install/px4_msgs/include/px4_msgs/px4_msgs/msg/detail/lateral_control_configuration__struct.h\n'}
[1.435053] (px4_msgs) StdoutLine: {'line': b'-- Up-to-date: /home/mcfb/ros2_ws/install/px4_msgs/include/px4_msgs/px4_msgs/msg/detail/vtol_vehicle_status__description.c\n'}
[1.435096] (px4_msgs) StdoutLine: {'line': b'-- Up-to-date: /home/mcfb/ros2_ws/install/px4_msgs/include/px4_msgs/px4_msgs/msg/detail/actuator_motors__functions.c\n'}
[1.435141] (px4_msgs) StdoutLine: {'line': b'-- Installing: /home/mcfb/ros2_ws/install/px4_msgs/include/px4_msgs/px4_msgs/msg/detail/esc_status__type_support.c\n'}
[1.435184] (px4_msgs) StdoutLine: {'line': b'-- Up-to-date: /home/mcfb/ros2_ws/install/px4_msgs/include/px4_msgs/px4_msgs/msg/detail/sensor_gyro_fifo__struct.h\n'}
[1.435227] (px4_msgs) StdoutLine: {'line': b'-- Installing: /home/mcfb/ros2_ws/install/px4_msgs/include/px4_msgs/px4_msgs/msg/detail/task_stack_info__type_support.c\n'}
[1.435269] (px4_msgs) StdoutLine: {'line': b'-- Up-to-date: /home/mcfb/ros2_ws/install/px4_msgs/include/px4_msgs/px4_msgs/msg/detail/parameter_update__functions.c\n'}
[1.435310] (px4_msgs) StdoutLine: {'line': b'-- Up-to-date: /home/mcfb/ros2_ws/install/px4_msgs/include/px4_msgs/px4_msgs/msg/detail/orb_test_medium__struct.h\n'}
[1.435359] (px4_msgs) StdoutLine: {'line': b'-- Up-to-date: /home/mcfb/ros2_ws/install/px4_msgs/include/px4_msgs/px4_msgs/msg/detail/sensor_gyro_fifo__type_support.h\n'}
[1.435400] (px4_msgs) StdoutLine: {'line': b'-- Up-to-date: /home/mcfb/ros2_ws/install/px4_msgs/include/px4_msgs/px4_msgs/msg/detail/estimator_aid_source2d__description.c\n'}
[1.435441] (px4_msgs) StdoutLine: {'line': b'-- Up-to-date: /home/mcfb/ros2_ws/install/px4_msgs/include/px4_msgs/px4_msgs/msg/detail/mag_worker_data__functions.h\n'}
[1.435483] (px4_msgs) StdoutLine: {'line': b'-- Up-to-date: /home/mcfb/ros2_ws/install/px4_msgs/include/px4_msgs/px4_msgs/msg/detail/sensor_uwb__functions.c\n'}
[1.435526] (px4_msgs) StdoutLine: {'line': b'-- Up-to-date: /home/mcfb/ros2_ws/install/px4_msgs/include/px4_msgs/px4_msgs/msg/detail/trajectory_setpoint__functions.h\n'}
[1.435570] (px4_msgs) StdoutLine: {'line': b'-- Installing: /home/mcfb/ros2_ws/install/px4_msgs/include/px4_msgs/px4_msgs/msg/detail/register_ext_component_request__type_support.c\n'}
[1.435620] (px4_msgs) StdoutLine: {'line': b'-- Up-to-date: /home/mcfb/ros2_ws/install/px4_msgs/include/px4_msgs/px4_msgs/msg/detail/rover_attitude_setpoint__functions.c\n'}
[1.435663] (px4_msgs) StdoutLine: {'line': b'-- Up-to-date: /home/mcfb/ros2_ws/install/px4_msgs/include/px4_msgs/px4_msgs/msg/detail/actuator_test__description.c\n'}
[1.435705] (px4_msgs) StdoutLine: {'line': b'-- Up-to-date: /home/mcfb/ros2_ws/install/px4_msgs/include/px4_msgs/px4_msgs/msg/detail/can_interface_status__struct.h\n'}
[1.435748] (px4_msgs) StdoutLine: {'line': b'-- Installing: /home/mcfb/ros2_ws/install/px4_msgs/include/px4_msgs/px4_msgs/msg/detail/vehicle_thrust_setpoint__type_support.c\n'}
[1.435790] (px4_msgs) StdoutLine: {'line': b'-- Up-to-date: /home/mcfb/ros2_ws/install/px4_msgs/include/px4_msgs/px4_msgs/msg/detail/power_button_state__struct.h\n'}
[1.435832] (px4_msgs) StdoutLine: {'line': b'-- Up-to-date: /home/mcfb/ros2_ws/install/px4_msgs/include/px4_msgs/px4_msgs/msg/detail/rover_speed_setpoint__type_support.h\n'}
[1.435875] (px4_msgs) StdoutLine: {'line': b'-- Up-to-date: /home/mcfb/ros2_ws/install/px4_msgs/include/px4_msgs/px4_msgs/msg/detail/gpio_out__functions.c\n'}
[1.435917] (px4_msgs) StdoutLine: {'line': b'-- Up-to-date: /home/mcfb/ros2_ws/install/px4_msgs/include/px4_msgs/px4_msgs/msg/detail/follow_target__struct.h\n'}
[1.435961] (px4_msgs) StdoutLine: {'line': b'-- Up-to-date: /home/mcfb/ros2_ws/install/px4_msgs/include/px4_msgs/px4_msgs/msg/detail/vehicle_imu_status__type_support.h\n'}
[1.436004] (px4_msgs) StdoutLine: {'line': b'-- Up-to-date: /home/mcfb/ros2_ws/install/px4_msgs/include/px4_msgs/px4_msgs/msg/detail/sensor_optical_flow__description.c\n'}
[1.436047] (px4_msgs) StdoutLine: {'line': b'-- Up-to-date: /home/mcfb/ros2_ws/install/px4_msgs/include/px4_msgs/px4_msgs/msg/detail/rover_speed_setpoint__functions.c\n'}
[1.436089] (px4_msgs) StdoutLine: {'line': b'-- Up-to-date: /home/mcfb/ros2_ws/install/px4_msgs/include/px4_msgs/px4_msgs/msg/detail/power_monitor__functions.c\n'}
[1.436132] (px4_msgs) StdoutLine: {'line': b'-- Up-to-date: /home/mcfb/ros2_ws/install/px4_msgs/include/px4_msgs/px4_msgs/msg/detail/open_drone_id_arm_status__type_support.h\n'}
[1.436176] (px4_msgs) StdoutLine: {'line': b'-- Up-to-date: /home/mcfb/ros2_ws/install/px4_msgs/include/px4_msgs/px4_msgs/msg/detail/qshell_retval__struct.h\n'}
[1.436217] (px4_msgs) StdoutLine: {'line': b'-- Installing: /home/mcfb/ros2_ws/install/px4_msgs/include/px4_msgs/px4_msgs/msg/detail/estimator_sensor_bias__type_support.c\n'}
[1.436261] (px4_msgs) StdoutLine: {'line': b'-- Up-to-date: /home/mcfb/ros2_ws/install/px4_msgs/include/px4_msgs/px4_msgs/msg/detail/sensor_gnss_relative__type_support.h\n'}
[1.436303] (px4_msgs) StdoutLine: {'line': b'-- Installing: /home/mcfb/ros2_ws/install/px4_msgs/include/px4_msgs/px4_msgs/msg/detail/gps_inject_data__type_support.c\n'}
[1.436349] (px4_msgs) StdoutLine: {'line': b'-- Up-to-date: /home/mcfb/ros2_ws/install/px4_msgs/include/px4_msgs/px4_msgs/msg/detail/telemetry_status__struct.h\n'}
[1.436392] (px4_msgs) StdoutLine: {'line': b'-- Up-to-date: /home/mcfb/ros2_ws/install/px4_msgs/include/px4_msgs/px4_msgs/msg/detail/vehicle_constraints__functions.h\n'}
[1.436434] (px4_msgs) StdoutLine: {'line': b'-- Up-to-date: /home/mcfb/ros2_ws/install/px4_msgs/include/px4_msgs/px4_msgs/msg/detail/sensor_optical_flow__functions.h\n'}
[1.436478] (px4_msgs) StdoutLine: {'line': b'-- Installing: /home/mcfb/ros2_ws/install/px4_msgs/include/px4_msgs/px4_msgs/msg/detail/wind__type_support.c\n'}
[1.436521] (px4_msgs) StdoutLine: {'line': b'-- Up-to-date: /home/mcfb/ros2_ws/install/px4_msgs/include/px4_msgs/px4_msgs/msg/detail/rtl_time_estimate__functions.h\n'}
[1.436562] (px4_msgs) StdoutLine: {'line': b'-- Up-to-date: /home/mcfb/ros2_ws/install/px4_msgs/include/px4_msgs/px4_msgs/msg/detail/sensor_uwb__type_support.h\n'}
[1.436603] (px4_msgs) StdoutLine: {'line': b'-- Up-to-date: /home/mcfb/ros2_ws/install/px4_msgs/include/px4_msgs/px4_msgs/msg/detail/gimbal_device_set_attitude__struct.h\n'}
[1.436647] (px4_msgs) StdoutLine: {'line': b'-- Up-to-date: /home/mcfb/ros2_ws/install/px4_msgs/include/px4_msgs/px4_msgs/msg/detail/open_drone_id_arm_status__functions.c\n'}
[1.436689] (px4_msgs) StdoutLine: {'line': b'-- Up-to-date: /home/mcfb/ros2_ws/install/px4_msgs/include/px4_msgs/px4_msgs/msg/detail/irlock_report__type_support.h\n'}
[1.436733] (px4_msgs) StdoutLine: {'line': b'-- Up-to-date: /home/mcfb/ros2_ws/install/px4_msgs/include/px4_msgs/px4_msgs/msg/detail/estimator_status__struct.h\n'}
[1.436777] (px4_msgs) StdoutLine: {'line': b'-- Installing: /home/mcfb/ros2_ws/install/px4_msgs/include/px4_msgs/px4_msgs/msg/detail/rover_steering_setpoint__type_support.c\n'}
[1.436821] (px4_msgs) StdoutLine: {'line': b'-- Up-to-date: /home/mcfb/ros2_ws/install/px4_msgs/include/px4_msgs/px4_msgs/msg/detail/gpio_config__type_support.h\n'}
[1.436865] (px4_msgs) StdoutLine: {'line': b'-- Up-to-date: /home/mcfb/ros2_ws/install/px4_msgs/include/px4_msgs/px4_msgs/msg/detail/rtl_status__type_support.h\n'}
[1.436909] (px4_msgs) StdoutLine: {'line': b'-- Installing: /home/mcfb/ros2_ws/install/px4_msgs/include/px4_msgs/px4_msgs/msg/detail/satellite_info__type_support.c\n'}
[1.436951] (px4_msgs) StdoutLine: {'line': b'-- Up-to-date: /home/mcfb/ros2_ws/install/px4_msgs/include/px4_msgs/px4_msgs/msg/detail/gimbal_device_set_attitude__type_support.h\n'}
[1.436993] (px4_msgs) StdoutLine: {'line': b'-- Up-to-date: /home/mcfb/ros2_ws/install/px4_msgs/include/px4_msgs/px4_msgs/msg/detail/differential_pressure__functions.h\n'}
[1.437039] (px4_msgs) StdoutLine: {'line': b'-- Installing: /home/mcfb/ros2_ws/install/px4_msgs/include/px4_msgs/px4_msgs/msg/detail/adc_report__type_support.c\n'}
[1.437194] (px4_msgs) StdoutLine: {'line': b'-- Up-to-date: /home/mcfb/ros2_ws/install/px4_msgs/include/px4_msgs/px4_msgs/msg/detail/gimbal_controls__functions.c\n'}
[1.437392] (px4_msgs) StdoutLine: {'line': b'-- Up-to-date: /home/mcfb/ros2_ws/install/px4_msgs/include/px4_msgs/px4_msgs/msg/detail/sensor_mag__functions.c\n'}
[1.437474] (px4_msgs) StdoutLine: {'line': b'-- Up-to-date: /home/mcfb/ros2_ws/install/px4_msgs/include/px4_msgs/px4_msgs/msg/detail/airspeed_wind__type_support.h\n'}
[1.437527] (px4_msgs) StdoutLine: {'line': b'-- Up-to-date: /home/mcfb/ros2_ws/install/px4_msgs/include/px4_msgs/px4_msgs/msg/detail/mag_worker_data__description.c\n'}
[1.437576] (px4_msgs) StdoutLine: {'line': b'-- Up-to-date: /home/mcfb/ros2_ws/install/px4_msgs/include/px4_msgs/px4_msgs/msg/detail/figure_eight_status__description.c\n'}
[1.437622] (px4_msgs) StdoutLine: {'line': b'-- Up-to-date: /home/mcfb/ros2_ws/install/px4_msgs/include/px4_msgs/px4_msgs/msg/detail/vehicle_land_detected__functions.c\n'}
[1.437666] (px4_msgs) StdoutLine: {'line': b'-- Up-to-date: /home/mcfb/ros2_ws/install/px4_msgs/include/px4_msgs/px4_msgs/msg/detail/uavcan_parameter_request__description.c\n'}
[1.437715] (px4_msgs) StdoutLine: {'line': b'-- Up-to-date: /home/mcfb/ros2_ws/install/px4_msgs/include/px4_msgs/px4_msgs/msg/detail/vehicle_control_mode__description.c\n'}
[1.437759] (px4_msgs) StdoutLine: {'line': b'-- Up-to-date: /home/mcfb/ros2_ws/install/px4_msgs/include/px4_msgs/px4_msgs/msg/detail/open_drone_id_system__description.c\n'}
[1.437804] (px4_msgs) StdoutLine: {'line': b'-- Installing: /home/mcfb/ros2_ws/install/px4_msgs/include/px4_msgs/px4_msgs/msg/detail/sensor_gyro_fifo__type_support.c\n'}
[1.437848] (px4_msgs) StdoutLine: {'line': b'-- Up-to-date: /home/mcfb/ros2_ws/install/px4_msgs/include/px4_msgs/px4_msgs/msg/detail/event__struct.h\n'}
[1.437892] (px4_msgs) StdoutLine: {'line': b'-- Installing: /home/mcfb/ros2_ws/install/px4_msgs/include/px4_msgs/px4_msgs/msg/detail/gpio_request__type_support.c\n'}
[1.437936] (px4_msgs) StdoutLine: {'line': b'-- Up-to-date: /home/mcfb/ros2_ws/install/px4_msgs/include/px4_msgs/px4_msgs/msg/detail/sensor_gnss_relative__functions.h\n'}
[1.437980] (px4_msgs) StdoutLine: {'line': b'-- Up-to-date: /home/mcfb/ros2_ws/install/px4_msgs/include/px4_msgs/px4_msgs/msg/detail/actuator_controls_status__description.c\n'}
[1.438022] (px4_msgs) StdoutLine: {'line': b'-- Up-to-date: /home/mcfb/ros2_ws/install/px4_msgs/include/px4_msgs/px4_msgs/msg/detail/tecs_status__functions.c\n'}
[1.438067] (px4_msgs) StdoutLine: {'line': b'-- Up-to-date: /home/mcfb/ros2_ws/install/px4_msgs/include/px4_msgs/px4_msgs/msg/detail/gimbal_device_attitude_status__description.c\n'}
[1.438110] (px4_msgs) StdoutLine: {'line': b'-- Up-to-date: /home/mcfb/ros2_ws/install/px4_msgs/include/px4_msgs/px4_msgs/msg/detail/position_controller_landing_status__functions.c\n'}
[1.438152] (px4_msgs) StdoutLine: {'line': b'-- Up-to-date: /home/mcfb/ros2_ws/install/px4_msgs/include/px4_msgs/px4_msgs/msg/detail/vehicle_command__description.c\n'}
[1.438203] (px4_msgs) StdoutLine: {'line': b'-- Up-to-date: /home/mcfb/ros2_ws/install/px4_msgs/include/px4_msgs/px4_msgs/msg/detail/heater_status__type_support.h\n'}
[1.438246] (px4_msgs) StdoutLine: {'line': b'-- Up-to-date: /home/mcfb/ros2_ws/install/px4_msgs/include/px4_msgs/px4_msgs/msg/detail/wind__type_support.h\n'}
[1.438289] (px4_msgs) StdoutLine: {'line': b'-- Installing: /home/mcfb/ros2_ws/install/px4_msgs/include/px4_msgs/px4_msgs/msg/detail/mission_result__type_support.c\n'}
[1.438339] (px4_msgs) StdoutLine: {'line': b'-- Up-to-date: /home/mcfb/ros2_ws/install/px4_msgs/include/px4_msgs/px4_msgs/msg/detail/position_controller_status__type_support.h\n'}
[1.438383] (px4_msgs) StdoutLine: {'line': b'-- Up-to-date: /home/mcfb/ros2_ws/install/px4_msgs/include/px4_msgs/px4_msgs/msg/detail/fuel_tank_status__description.c\n'}
[1.438432] (px4_msgs) StdoutLine: {'line': b'-- Up-to-date: /home/mcfb/ros2_ws/install/px4_msgs/include/px4_msgs/px4_msgs/msg/detail/sensor_gyro_fft__description.c\n'}
[1.438474] (px4_msgs) StdoutLine: {'line': b'-- Up-to-date: /home/mcfb/ros2_ws/install/px4_msgs/include/px4_msgs/px4_msgs/msg/detail/mavlink_tunnel__description.c\n'}
[1.438516] (px4_msgs) StdoutLine: {'line': b'-- Up-to-date: /home/mcfb/ros2_ws/install/px4_msgs/include/px4_msgs/px4_msgs/msg/detail/esc_status__struct.h\n'}
[1.438559] (px4_msgs) StdoutLine: {'line': b'-- Up-to-date: /home/mcfb/ros2_ws/install/px4_msgs/include/px4_msgs/px4_msgs/msg/detail/button_event__description.c\n'}
[1.438602] (px4_msgs) StdoutLine: {'line': b'-- Up-to-date: /home/mcfb/ros2_ws/install/px4_msgs/include/px4_msgs/px4_msgs/msg/detail/vehicle_command__functions.h\n'}
[1.438642] (px4_msgs) StdoutLine: {'line': b'-- Up-to-date: /home/mcfb/ros2_ws/install/px4_msgs/include/px4_msgs/px4_msgs/msg/detail/sensor_baro__functions.h\n'}
[1.438684] (px4_msgs) StdoutLine: {'line': b'-- Up-to-date: /home/mcfb/ros2_ws/install/px4_msgs/include/px4_msgs/px4_msgs/msg/detail/actuator_motors__functions.h\n'}
[1.438724] (px4_msgs) StdoutLine: {'line': b'-- Up-to-date: /home/mcfb/ros2_ws/install/px4_msgs/include/px4_msgs/px4_msgs/msg/detail/vehicle_status__description.c\n'}
[1.438766] (px4_msgs) StdoutLine: {'line': b'-- Up-to-date: /home/mcfb/ros2_ws/install/px4_msgs/include/px4_msgs/px4_msgs/msg/detail/mount_orientation__type_support.h\n'}
[1.438806] (px4_msgs) StdoutLine: {'line': b'-- Up-to-date: /home/mcfb/ros2_ws/install/px4_msgs/include/px4_msgs/px4_msgs/msg/detail/differential_pressure__struct.h\n'}
[1.438847] (px4_msgs) StdoutLine: {'line': b'-- Up-to-date: /home/mcfb/ros2_ws/install/px4_msgs/include/px4_msgs/px4_msgs/msg/detail/position_setpoint__type_support.h\n'}
[1.438894] (px4_msgs) StdoutLine: {'line': b'-- Up-to-date: /home/mcfb/ros2_ws/install/px4_msgs/include/px4_msgs/px4_msgs/msg/detail/register_ext_component_reply__type_support.h\n'}
[1.438937] (px4_msgs) StdoutLine: {'line': b'-- Installing: /home/mcfb/ros2_ws/install/px4_msgs/include/px4_msgs/px4_msgs/msg/detail/vehicle_global_position__type_support.c\n'}
[1.438979] (px4_msgs) StdoutLine: {'line': b'-- Up-to-date: /home/mcfb/ros2_ws/install/px4_msgs/include/px4_msgs/px4_msgs/msg/detail/orb_test_large__description.c\n'}
[1.439021] (px4_msgs) StdoutLine: {'line': b'-- Up-to-date: /home/mcfb/ros2_ws/install/px4_msgs/include/px4_msgs/px4_msgs/msg/detail/parameter_set_value_response__struct.h\n'}
[1.439064] (px4_msgs) StdoutLine: {'line': b'-- Up-to-date: /home/mcfb/ros2_ws/install/px4_msgs/include/px4_msgs/px4_msgs/msg/detail/vehicle_control_mode__struct.h\n'}
[1.439108] (px4_msgs) StdoutLine: {'line': b'-- Up-to-date: /home/mcfb/ros2_ws/install/px4_msgs/include/px4_msgs/px4_msgs/msg/detail/system_power__type_support.h\n'}
[1.439149] (px4_msgs) StdoutLine: {'line': b'-- Up-to-date: /home/mcfb/ros2_ws/install/px4_msgs/include/px4_msgs/px4_msgs/msg/detail/rover_rate_status__description.c\n'}
[1.439192] (px4_msgs) StdoutLine: {'line': b'-- Up-to-date: /home/mcfb/ros2_ws/install/px4_msgs/include/px4_msgs/px4_msgs/msg/detail/magnetometer_bias_estimate__description.c\n'}
[1.439238] (px4_msgs) StdoutLine: {'line': b'-- Up-to-date: /home/mcfb/ros2_ws/install/px4_msgs/include/px4_msgs/px4_msgs/msg/detail/vehicle_thrust_setpoint__functions.c\n'}
[1.439282] (px4_msgs) StdoutLine: {'line': b'-- Up-to-date: /home/mcfb/ros2_ws/install/px4_msgs/include/px4_msgs/px4_msgs/msg/detail/follow_target_estimator__type_support.h\n'}
[1.439330] (px4_msgs) StdoutLine: {'line': b'-- Up-to-date: /home/mcfb/ros2_ws/install/px4_msgs/include/px4_msgs/px4_msgs/msg/detail/distance_sensor_mode_change_request__functions.h\n'}
[1.439374] (px4_msgs) StdoutLine: {'line': b'-- Up-to-date: /home/mcfb/ros2_ws/install/px4_msgs/include/px4_msgs/px4_msgs/msg/detail/mag_worker_data__functions.c\n'}
[1.439417] (px4_msgs) StdoutLine: {'line': b'-- Up-to-date: /home/mcfb/ros2_ws/install/px4_msgs/include/px4_msgs/px4_msgs/msg/detail/vehicle_global_position__struct.h\n'}
[1.439461] (px4_msgs) StdoutLine: {'line': b'-- Up-to-date: /home/mcfb/ros2_ws/install/px4_msgs/include/px4_msgs/px4_msgs/msg/detail/estimator_gps_status__functions.h\n'}
[1.439503] (px4_msgs) StdoutLine: {'line': b'-- Up-to-date: /home/mcfb/ros2_ws/install/px4_msgs/include/px4_msgs/px4_msgs/msg/detail/camera_capture__type_support.h\n'}
[1.439543] (px4_msgs) StdoutLine: {'line': b'-- Up-to-date: /home/mcfb/ros2_ws/install/px4_msgs/include/px4_msgs/px4_msgs/msg/detail/dataman_response__functions.c\n'}
[1.439593] (px4_msgs) StdoutLine: {'line': b'-- Up-to-date: /home/mcfb/ros2_ws/install/px4_msgs/include/px4_msgs/px4_msgs/msg/detail/button_event__functions.h\n'}
[1.439636] (px4_msgs) StdoutLine: {'line': b'-- Up-to-date: /home/mcfb/ros2_ws/install/px4_msgs/include/px4_msgs/px4_msgs/msg/detail/yaw_estimator_status__functions.c\n'}
[1.439677] (px4_msgs) StdoutLine: {'line': b'-- Installing: /home/mcfb/ros2_ws/install/px4_msgs/include/px4_msgs/px4_msgs/msg/detail/vehicle_optical_flow__type_support.c\n'}
[1.439719] (px4_msgs) StdoutLine: {'line': b'-- Up-to-date: /home/mcfb/ros2_ws/install/px4_msgs/include/px4_msgs/px4_msgs/msg/detail/button_event__type_support.h\n'}
[1.439760] (px4_msgs) StdoutLine: {'line': b'-- Up-to-date: /home/mcfb/ros2_ws/install/px4_msgs/include/px4_msgs/px4_msgs/msg/detail/mount_orientation__functions.c\n'}
[1.439802] (px4_msgs) StdoutLine: {'line': b'-- Up-to-date: /home/mcfb/ros2_ws/install/px4_msgs/include/px4_msgs/px4_msgs/msg/detail/ekf2_timestamps__description.c\n'}
[1.439843] (px4_msgs) StdoutLine: {'line': b'-- Up-to-date: /home/mcfb/ros2_ws/install/px4_msgs/include/px4_msgs/px4_msgs/msg/detail/actuator_servos_trim__type_support.h\n'}
[1.439888] (px4_msgs) StdoutLine: {'line': b'-- Up-to-date: /home/mcfb/ros2_ws/install/px4_msgs/include/px4_msgs/px4_msgs/msg/detail/rate_ctrl_status__functions.h\n'}
[1.439929] (px4_msgs) StdoutLine: {'line': b'-- Up-to-date: /home/mcfb/ros2_ws/install/px4_msgs/include/px4_msgs/px4_msgs/msg/detail/follow_target_status__functions.c\n'}
[1.439971] (px4_msgs) StdoutLine: {'line': b'-- Up-to-date: /home/mcfb/ros2_ws/install/px4_msgs/include/px4_msgs/px4_msgs/msg/detail/orbit_status__functions.h\n'}
[1.440013] (px4_msgs) StdoutLine: {'line': b'-- Up-to-date: /home/mcfb/ros2_ws/install/px4_msgs/include/px4_msgs/px4_msgs/msg/detail/satellite_info__struct.h\n'}
[1.440055] (px4_msgs) StdoutLine: {'line': b'-- Up-to-date: /home/mcfb/ros2_ws/install/px4_msgs/include/px4_msgs/px4_msgs/msg/detail/vtol_vehicle_status__functions.h\n'}
[1.440097] (px4_msgs) StdoutLine: {'line': b'-- Up-to-date: /home/mcfb/ros2_ws/install/px4_msgs/include/px4_msgs/px4_msgs/msg/detail/sensors_status_imu__description.c\n'}
[1.440138] (px4_msgs) StdoutLine: {'line': b'-- Up-to-date: /home/mcfb/ros2_ws/install/px4_msgs/include/px4_msgs/px4_msgs/msg/detail/vehicle_magnetometer__description.c\n'}
[1.440178] (px4_msgs) StdoutLine: {'line': b'-- Installing: /home/mcfb/ros2_ws/install/px4_msgs/include/px4_msgs/px4_msgs/msg/detail/longitudinal_control_configuration__type_support.c\n'}
[1.440221] (px4_msgs) StdoutLine: {'line': b'-- Up-to-date: /home/mcfb/ros2_ws/install/px4_msgs/include/px4_msgs/px4_msgs/msg/detail/action_request__struct.h\n'}
[1.440262] (px4_msgs) StdoutLine: {'line': b'-- Up-to-date: /home/mcfb/ros2_ws/install/px4_msgs/include/px4_msgs/px4_msgs/msg/detail/gimbal_manager_set_manual_control__struct.h\n'}
[1.440308] (px4_msgs) StdoutLine: {'line': b'-- Up-to-date: /home/mcfb/ros2_ws/install/px4_msgs/include/px4_msgs/px4_msgs/msg/detail/generator_status__struct.h\n'}
[1.440365] (px4_msgs) StdoutLine: {'line': b'-- Up-to-date: /home/mcfb/ros2_ws/install/px4_msgs/include/px4_msgs/px4_msgs/msg/detail/longitudinal_control_configuration__functions.h\n'}
[1.440409] (px4_msgs) StdoutLine: {'line': b'-- Up-to-date: /home/mcfb/ros2_ws/install/px4_msgs/include/px4_msgs/px4_msgs/msg/detail/vehicle_angular_acceleration_setpoint__description.c\n'}
[1.440451] (px4_msgs) StdoutLine: {'line': b'-- Installing: /home/mcfb/ros2_ws/install/px4_msgs/include/px4_msgs/px4_msgs/msg/detail/onboard_computer_status__type_support.c\n'}
[1.440499] (px4_msgs) StdoutLine: {'line': b'-- Installing: /home/mcfb/ros2_ws/install/px4_msgs/include/px4_msgs/px4_msgs/msg/detail/estimator_bias3d__type_support.c\n'}
[1.440544] (px4_msgs) StdoutLine: {'line': b'-- Up-to-date: /home/mcfb/ros2_ws/install/px4_msgs/include/px4_msgs/px4_msgs/msg/detail/debug_array__type_support.h\n'}
[1.440590] (px4_msgs) StdoutLine: {'line': b'-- Up-to-date: /home/mcfb/ros2_ws/install/px4_msgs/include/px4_msgs/px4_msgs/msg/detail/landing_gear__type_support.h\n'}
[1.440635] (px4_msgs) StdoutLine: {'line': b'-- Up-to-date: /home/mcfb/ros2_ws/install/px4_msgs/include/px4_msgs/px4_msgs/msg/detail/unregister_ext_component__functions.c\n'}
[1.440683] (px4_msgs) StdoutLine: {'line': b'-- Up-to-date: /home/mcfb/ros2_ws/install/px4_msgs/include/px4_msgs/px4_msgs/msg/detail/vehicle_attitude_setpoint__description.c\n'}
[1.440752] (px4_msgs) StdoutLine: {'line': b'-- Up-to-date: /home/mcfb/ros2_ws/install/px4_msgs/include/px4_msgs/px4_msgs/msg/detail/follow_target_estimator__functions.c\n'}
[1.440822] (px4_msgs) StdoutLine: {'line': b'-- Up-to-date: /home/mcfb/ros2_ws/install/px4_msgs/include/px4_msgs/px4_msgs/msg/detail/sensor_hygrometer__description.c\n'}
[1.440890] (px4_msgs) StdoutLine: {'line': b'-- Installing: /home/mcfb/ros2_ws/install/px4_msgs/include/px4_msgs/px4_msgs/msg/detail/debug_array__type_support.c\n'}
[1.440965] (px4_msgs) StdoutLine: {'line': b'-- Installing: /home/mcfb/ros2_ws/install/px4_msgs/include/px4_msgs/px4_msgs/msg/detail/vehicle_command__type_support.c\n'}
[1.441044] (px4_msgs) StdoutLine: {'line': b'-- Up-to-date: /home/mcfb/ros2_ws/install/px4_msgs/include/px4_msgs/px4_msgs/msg/detail/px4io_status__description.c\n'}
[1.441117] (px4_msgs) StdoutLine: {'line': b'-- Installing: /home/mcfb/ros2_ws/install/px4_msgs/include/px4_msgs/px4_msgs/msg/detail/launch_detection_status__type_support.c\n'}
[1.441173] (px4_msgs) StdoutLine: {'line': b'-- Installing: /home/mcfb/ros2_ws/install/px4_msgs/include/px4_msgs/px4_msgs/msg/detail/position_controller_status__type_support.c\n'}
[1.441260] (px4_msgs) StdoutLine: {'line': b'-- Up-to-date: /home/mcfb/ros2_ws/install/px4_msgs/include/px4_msgs/px4_msgs/msg/detail/telemetry_status__functions.c\n'}
[1.441308] (px4_msgs) StdoutLine: {'line': b'-- Up-to-date: /home/mcfb/ros2_ws/install/px4_msgs/include/px4_msgs/px4_msgs/msg/detail/cellular_status__functions.c\n'}
[1.441355] (px4_msgs) StdoutLine: {'line': b'-- Up-to-date: /home/mcfb/ros2_ws/install/px4_msgs/include/px4_msgs/px4_msgs/msg/detail/power_monitor__struct.h\n'}
[1.441398] (px4_msgs) StdoutLine: {'line': b'-- Up-to-date: /home/mcfb/ros2_ws/install/px4_msgs/include/px4_msgs/px4_msgs/msg/detail/estimator_aid_source2d__functions.c\n'}
[1.441440] (px4_msgs) StdoutLine: {'line': b'-- Up-to-date: /home/mcfb/ros2_ws/install/px4_msgs/include/px4_msgs/px4_msgs/msg/detail/debug_array__description.c\n'}
[1.441484] (px4_msgs) StdoutLine: {'line': b'-- Up-to-date: /home/mcfb/ros2_ws/install/px4_msgs/include/px4_msgs/px4_msgs/msg/detail/vehicle_local_position_setpoint__functions.c\n'}
[1.441528] (px4_msgs) StdoutLine: {'line': b'-- Up-to-date: /home/mcfb/ros2_ws/install/px4_msgs/include/px4_msgs/px4_msgs/msg/detail/rover_attitude_status__type_support.h\n'}
[1.441573] (px4_msgs) StdoutLine: {'line': b'-- Up-to-date: /home/mcfb/ros2_ws/install/px4_msgs/include/px4_msgs/px4_msgs/msg/detail/vehicle_torque_setpoint__type_support.h\n'}
[1.441616] (px4_msgs) StdoutLine: {'line': b'-- Installing: /home/mcfb/ros2_ws/install/px4_msgs/include/px4_msgs/px4_msgs/msg/detail/pwm_input__type_support.c\n'}
[1.441659] (px4_msgs) StdoutLine: {'line': b'-- Up-to-date: /home/mcfb/ros2_ws/install/px4_msgs/include/px4_msgs/px4_msgs/msg/detail/follow_target__description.c\n'}
[1.441701] (px4_msgs) StdoutLine: {'line': b'-- Up-to-date: /home/mcfb/ros2_ws/install/px4_msgs/include/px4_msgs/px4_msgs/msg/detail/pure_pursuit_status__type_support.h\n'}
[1.441743] (px4_msgs) StdoutLine: {'line': b'-- Up-to-date: /home/mcfb/ros2_ws/install/px4_msgs/include/px4_msgs/px4_msgs/msg/detail/iridiumsbd_status__type_support.h\n'}
[1.441790] (px4_msgs) StdoutLine: {'line': b'-- Installing: /home/mcfb/ros2_ws/install/px4_msgs/include/px4_msgs/px4_msgs/msg/detail/event__type_support.c\n'}
[1.441833] (px4_msgs) StdoutLine: {'line': b'-- Up-to-date: /home/mcfb/ros2_ws/install/px4_msgs/include/px4_msgs/px4_msgs/msg/detail/sensor_accel_fifo__type_support.h\n'}
[1.441874] (px4_msgs) StdoutLine: {'line': b'-- Up-to-date: /home/mcfb/ros2_ws/install/px4_msgs/include/px4_msgs/px4_msgs/msg/detail/fixed_wing_lateral_status__description.c\n'}
[1.441917] (px4_msgs) StdoutLine: {'line': b'-- Installing: /home/mcfb/ros2_ws/install/px4_msgs/include/px4_msgs/px4_msgs/msg/detail/position_setpoint__type_support.c\n'}
[1.441960] (px4_msgs) StdoutLine: {'line': b'-- Installing: /home/mcfb/ros2_ws/install/px4_msgs/include/px4_msgs/px4_msgs/msg/detail/fixed_wing_lateral_setpoint__type_support.c\n'}
[1.442002] (px4_msgs) StdoutLine: {'line': b'-- Up-to-date: /home/mcfb/ros2_ws/install/px4_msgs/include/px4_msgs/px4_msgs/msg/detail/open_drone_id_operator_id__functions.c\n'}
[1.442049] (px4_msgs) StdoutLine: {'line': b'-- Installing: /home/mcfb/ros2_ws/install/px4_msgs/include/px4_msgs/px4_msgs/msg/detail/neural_control__type_support.c\n'}
[1.442090] (px4_msgs) StdoutLine: {'line': b'-- Up-to-date: /home/mcfb/ros2_ws/install/px4_msgs/include/px4_msgs/px4_msgs/msg/detail/estimator_gps_status__struct.h\n'}
[1.442132] (px4_msgs) StdoutLine: {'line': b'-- Up-to-date: /home/mcfb/ros2_ws/install/px4_msgs/include/px4_msgs/px4_msgs/msg/detail/sensor_gyro_fft__functions.c\n'}
[1.442174] (px4_msgs) StdoutLine: {'line': b'-- Up-to-date: /home/mcfb/ros2_ws/install/px4_msgs/include/px4_msgs/px4_msgs/msg/detail/actuator_controls_status__struct.h\n'}
[1.442216] (px4_msgs) StdoutLine: {'line': b'-- Up-to-date: /home/mcfb/ros2_ws/install/px4_msgs/include/px4_msgs/px4_msgs/msg/detail/vehicle_global_position__functions.c\n'}
[1.442258] (px4_msgs) StdoutLine: {'line': b'-- Up-to-date: /home/mcfb/ros2_ws/install/px4_msgs/include/px4_msgs/px4_msgs/msg/detail/gpio_request__type_support.h\n'}
[1.442300] (px4_msgs) StdoutLine: {'line': b'-- Up-to-date: /home/mcfb/ros2_ws/install/px4_msgs/include/px4_msgs/px4_msgs/msg/detail/register_ext_component_reply__functions.h\n'}
[1.442346] (px4_msgs) StdoutLine: {'line': b'-- Up-to-date: /home/mcfb/ros2_ws/install/px4_msgs/include/px4_msgs/px4_msgs/msg/detail/fixed_wing_runway_control__functions.h\n'}
[1.442390] (px4_msgs) StdoutLine: {'line': b'-- Up-to-date: /home/mcfb/ros2_ws/install/px4_msgs/include/px4_msgs/px4_msgs/msg/detail/vehicle_command_ack__type_support.h\n'}
[1.442431] (px4_msgs) StdoutLine: {'line': b'-- Up-to-date: /home/mcfb/ros2_ws/install/px4_msgs/include/px4_msgs/px4_msgs/msg/detail/can_interface_status__functions.c\n'}
[1.442473] (px4_msgs) StdoutLine: {'line': b'-- Installing: /home/mcfb/ros2_ws/install/px4_msgs/include/px4_msgs/px4_msgs/msg/detail/ulog_stream_ack__type_support.c\n'}
[1.442516] (px4_msgs) StdoutLine: {'line': b'-- Up-to-date: /home/mcfb/ros2_ws/install/px4_msgs/include/px4_msgs/px4_msgs/msg/detail/gpio_config__functions.h\n'}
[1.442559] (px4_msgs) StdoutLine: {'line': b'-- Installing: /home/mcfb/ros2_ws/install/px4_msgs/include/px4_msgs/px4_msgs/msg/detail/sensor_preflight_mag__type_support.c\n'}
[1.442599] (px4_msgs) StdoutLine: {'line': b'-- Up-to-date: /home/mcfb/ros2_ws/install/px4_msgs/include/px4_msgs/px4_msgs/msg/detail/message_format_response__functions.h\n'}
[1.442642] (px4_msgs) StdoutLine: {'line': b'-- Up-to-date: /home/mcfb/ros2_ws/install/px4_msgs/include/px4_msgs/px4_msgs/msg/detail/uavcan_parameter_value__type_support.h\n'}
[1.442693] (px4_msgs) StdoutLine: {'line': b'-- Installing: /home/mcfb/ros2_ws/install/px4_msgs/include/px4_msgs/px4_msgs/msg/detail/vehicle_torque_setpoint__type_support.c\n'}
[1.442752] (px4_msgs) StdoutLine: {'line': b'-- Up-to-date: /home/mcfb/ros2_ws/install/px4_msgs/include/px4_msgs/px4_msgs/msg/detail/debug_value__struct.h\n'}
[1.442795] (px4_msgs) StdoutLine: {'line': b'-- Up-to-date: /home/mcfb/ros2_ws/install/px4_msgs/include/px4_msgs/px4_msgs/msg/detail/hover_thrust_estimate__functions.c\n'}
[1.442841] (px4_msgs) StdoutLine: {'line': b'-- Installing: /home/mcfb/ros2_ws/install/px4_msgs/include/px4_msgs/px4_msgs/msg/detail/fixed_wing_lateral_guidance_status__type_support.c\n'}
[1.442884] (px4_msgs) StdoutLine: {'line': b'-- Up-to-date: /home/mcfb/ros2_ws/install/px4_msgs/include/px4_msgs/px4_msgs/msg/detail/rc_channels__type_support.h\n'}
[1.442928] (px4_msgs) StdoutLine: {'line': b'-- Up-to-date: /home/mcfb/ros2_ws/install/px4_msgs/include/px4_msgs/px4_msgs/msg/detail/mavlink_log__description.c\n'}
[1.442969] (px4_msgs) StdoutLine: {'line': b'-- Up-to-date: /home/mcfb/ros2_ws/install/px4_msgs/include/px4_msgs/px4_msgs/msg/detail/rpm__struct.h\n'}
[1.443012] (px4_msgs) StdoutLine: {'line': b'-- Up-to-date: /home/mcfb/ros2_ws/install/px4_msgs/include/px4_msgs/px4_msgs/msg/detail/position_controller_landing_status__type_support.h\n'}
[1.443054] (px4_msgs) StdoutLine: {'line': b'-- Up-to-date: /home/mcfb/ros2_ws/install/px4_msgs/include/px4_msgs/px4_msgs/msg/detail/vehicle_angular_velocity__functions.c\n'}
[1.443096] (px4_msgs) StdoutLine: {'line': b'-- Installing: /home/mcfb/ros2_ws/install/px4_msgs/include/px4_msgs/px4_msgs/msg/detail/rover_throttle_setpoint__type_support.c\n'}
[1.443138] (px4_msgs) StdoutLine: {'line': b'-- Up-to-date: /home/mcfb/ros2_ws/install/px4_msgs/include/px4_msgs/px4_msgs/msg/detail/vehicle_air_data__functions.c\n'}
[1.443179] (px4_msgs) StdoutLine: {'line': b'-- Up-to-date: /home/mcfb/ros2_ws/install/px4_msgs/include/px4_msgs/px4_msgs/msg/detail/offboard_control_mode__description.c\n'}
[1.443222] (px4_msgs) StdoutLine: {'line': b'-- Up-to-date: /home/mcfb/ros2_ws/install/px4_msgs/include/px4_msgs/px4_msgs/msg/detail/health_report__struct.h\n'}
[1.443265] (px4_msgs) StdoutLine: {'line': b'-- Up-to-date: /home/mcfb/ros2_ws/install/px4_msgs/include/px4_msgs/px4_msgs/msg/detail/vehicle_imu_status__description.c\n'}
[1.443308] (px4_msgs) StdoutLine: {'line': b'-- Installing: /home/mcfb/ros2_ws/install/px4_msgs/include/px4_msgs/px4_msgs/msg/detail/vehicle_roi__type_support.c\n'}
[1.443357] (px4_msgs) StdoutLine: {'line': b'-- Installing: /home/mcfb/ros2_ws/install/px4_msgs/include/px4_msgs/px4_msgs/msg/detail/debug_vect__type_support.c\n'}
[1.443400] (px4_msgs) StdoutLine: {'line': b'-- Up-to-date: /home/mcfb/ros2_ws/install/px4_msgs/include/px4_msgs/px4_msgs/msg/detail/debug_array__struct.h\n'}
[1.443443] (px4_msgs) StdoutLine: {'line': b'-- Installing: /home/mcfb/ros2_ws/install/px4_msgs/include/px4_msgs/px4_msgs/msg/detail/landing_gear_wheel__type_support.c\n'}
[1.443485] (px4_msgs) StdoutLine: {'line': b'-- Up-to-date: /home/mcfb/ros2_ws/install/px4_msgs/include/px4_msgs/px4_msgs/msg/detail/camera_capture__description.c\n'}
[1.443532] (px4_msgs) StdoutLine: {'line': b'-- Up-to-date: /home/mcfb/ros2_ws/install/px4_msgs/include/px4_msgs/px4_msgs/msg/detail/vehicle_optical_flow__description.c\n'}
[1.443574] (px4_msgs) StdoutLine: {'line': b'-- Up-to-date: /home/mcfb/ros2_ws/install/px4_msgs/include/px4_msgs/px4_msgs/msg/detail/gripper__description.c\n'}
[1.443619] (px4_msgs) StdoutLine: {'line': b'-- Installing: /home/mcfb/ros2_ws/install/px4_msgs/include/px4_msgs/px4_msgs/msg/detail/cellular_status__type_support.c\n'}
[1.443661] (px4_msgs) StdoutLine: {'line': b'-- Installing: /home/mcfb/ros2_ws/install/px4_msgs/include/px4_msgs/px4_msgs/msg/detail/sensor_gnss_relative__type_support.c\n'}
[1.443702] (px4_msgs) StdoutLine: {'line': b'-- Up-to-date: /home/mcfb/ros2_ws/install/px4_msgs/include/px4_msgs/px4_msgs/msg/detail/trajectory_setpoint__type_support.h\n'}
[1.443744] (px4_msgs) StdoutLine: {'line': b'-- Up-to-date: /home/mcfb/ros2_ws/install/px4_msgs/include/px4_msgs/px4_msgs/msg/detail/estimator_bias3d__struct.h\n'}
[1.443785] (px4_msgs) StdoutLine: {'line': b'-- Up-to-date: /home/mcfb/ros2_ws/install/px4_msgs/include/px4_msgs/px4_msgs/msg/detail/wheel_encoders__description.c\n'}
[1.443826] (px4_msgs) StdoutLine: {'line': b'-- Up-to-date: /home/mcfb/ros2_ws/install/px4_msgs/include/px4_msgs/px4_msgs/msg/detail/vehicle_command__functions.c\n'}
[1.443870] (px4_msgs) StdoutLine: {'line': b'-- Up-to-date: /home/mcfb/ros2_ws/install/px4_msgs/include/px4_msgs/px4_msgs/msg/detail/gpio_in__description.c\n'}
[1.443914] (px4_msgs) StdoutLine: {'line': b'-- Installing: /home/mcfb/ros2_ws/install/px4_msgs/include/px4_msgs/px4_msgs/msg/detail/geofence_status__type_support.c\n'}
[1.443955] (px4_msgs) StdoutLine: {'line': b'-- Up-to-date: /home/mcfb/ros2_ws/install/px4_msgs/include/px4_msgs/px4_msgs/msg/detail/sensor_accel_fifo__functions.c\n'}
[1.443997] (px4_msgs) StdoutLine: {'line': b'-- Installing: /home/mcfb/ros2_ws/install/px4_msgs/include/px4_msgs/px4_msgs/msg/detail/position_controller_landing_status__type_support.c\n'}
[1.444040] (px4_msgs) StdoutLine: {'line': b'-- Up-to-date: /home/mcfb/ros2_ws/install/px4_msgs/include/px4_msgs/px4_msgs/msg/detail/distance_sensor_mode_change_request__functions.c\n'}
[1.444085] (px4_msgs) StdoutLine: {'line': b'-- Up-to-date: /home/mcfb/ros2_ws/install/px4_msgs/include/px4_msgs/px4_msgs/msg/detail/fixed_wing_lateral_status__struct.h\n'}
[1.444130] (px4_msgs) StdoutLine: {'line': b'-- Installing: /home/mcfb/ros2_ws/install/px4_msgs/include/px4_msgs/px4_msgs/msg/detail/debug_value__type_support.c\n'}
[1.444173] (px4_msgs) StdoutLine: {'line': b'-- Up-to-date: /home/mcfb/ros2_ws/install/px4_msgs/include/px4_msgs/px4_msgs/msg/detail/yaw_estimator_status__type_support.h\n'}
[1.444217] (px4_msgs) StdoutLine: {'line': b'-- Up-to-date: /home/mcfb/ros2_ws/install/px4_msgs/include/px4_msgs/px4_msgs/msg/detail/rate_ctrl_status__description.c\n'}
[1.444258] (px4_msgs) StdoutLine: {'line': b'-- Installing: /home/mcfb/ros2_ws/install/px4_msgs/include/px4_msgs/px4_msgs/msg/detail/gimbal_device_information__type_support.c\n'}
[1.444302] (px4_msgs) StdoutLine: {'line': b'-- Up-to-date: /home/mcfb/ros2_ws/install/px4_msgs/include/px4_msgs/px4_msgs/msg/detail/debug_key_value__struct.h\n'}
[1.444372] (px4_msgs) StdoutLine: {'line': b'-- Up-to-date: /home/mcfb/ros2_ws/install/px4_msgs/include/px4_msgs/px4_msgs/msg/detail/offboard_control_mode__type_support.h\n'}
[1.444413] (px4_msgs) StdoutLine: {'line': b'-- Installing: /home/mcfb/ros2_ws/install/px4_msgs/include/px4_msgs/px4_msgs/msg/detail/estimator_status__type_support.c\n'}
[1.444454] (px4_msgs) StdoutLine: {'line': b'-- Up-to-date: /home/mcfb/ros2_ws/install/px4_msgs/include/px4_msgs/px4_msgs/msg/detail/wheel_encoders__functions.h\n'}
[1.444497] (px4_msgs) StdoutLine: {'line': b'-- Installing: /home/mcfb/ros2_ws/install/px4_msgs/include/px4_msgs/px4_msgs/msg/detail/rc_parameter_map__type_support.c\n'}
[1.444689] (px4_msgs) StdoutLine: {'line': b'-- Up-to-date: /home/mcfb/ros2_ws/install/px4_msgs/include/px4_msgs/px4_msgs/msg/detail/cpuload__functions.c\n'}
[1.444792] (px4_msgs) StdoutLine: {'line': b'-- Up-to-date: /home/mcfb/ros2_ws/install/px4_msgs/include/px4_msgs/px4_msgs/msg/detail/orb_test_large__functions.h\n'}
[1.444897] (px4_msgs) StdoutLine: {'line': b'-- Installing: /home/mcfb/ros2_ws/install/px4_msgs/include/px4_msgs/px4_msgs/msg/detail/sensor_gyro_fft__type_support.c\n'}
[1.445004] (px4_msgs) StdoutLine: {'line': b'-- Up-to-date: /home/mcfb/ros2_ws/install/px4_msgs/include/px4_msgs/px4_msgs/msg/detail/vehicle_acceleration__description.c\n'}
[1.445261] (px4_msgs) StdoutLine: {'line': b'-- Up-to-date: /home/mcfb/ros2_ws/install/px4_msgs/include/px4_msgs/px4_msgs/msg/detail/estimator_bias__functions.c\n'}
[1.445394] (px4_msgs) StdoutLine: {'line': b'-- Up-to-date: /home/mcfb/ros2_ws/install/px4_msgs/include/px4_msgs/px4_msgs/msg/detail/vehicle_local_position_setpoint__struct.h\n'}
[1.445473] (px4_msgs) StdoutLine: {'line': b'-- Up-to-date: /home/mcfb/ros2_ws/install/px4_msgs/include/px4_msgs/px4_msgs/msg/detail/sensor_correction__functions.h\n'}
[1.445541] (px4_msgs) StdoutLine: {'line': b'-- Installing: /home/mcfb/ros2_ws/install/px4_msgs/include/px4_msgs/px4_msgs/msg/detail/airspeed_wind__type_support.c\n'}
[1.445717] (px4_msgs) StdoutLine: {'line': b'-- Up-to-date: /home/mcfb/ros2_ws/install/px4_msgs/include/px4_msgs/px4_msgs/msg/detail/mission_result__struct.h\n'}
[1.445786] (px4_msgs) StdoutLine: {'line': b'-- Up-to-date: /home/mcfb/ros2_ws/install/px4_msgs/include/px4_msgs/px4_msgs/msg/detail/fixed_wing_longitudinal_setpoint__functions.h\n'}
[1.445841] (px4_msgs) StdoutLine: {'line': b'-- Up-to-date: /home/mcfb/ros2_ws/install/px4_msgs/include/px4_msgs/px4_msgs/msg/detail/vehicle_rates_setpoint__type_support.h\n'}
[1.445901] (px4_msgs) StdoutLine: {'line': b'-- Up-to-date: /home/mcfb/ros2_ws/install/px4_msgs/include/px4_msgs/px4_msgs/msg/detail/actuator_motors__description.c\n'}
[1.445953] (px4_msgs) StdoutLine: {'line': b'-- Up-to-date: /home/mcfb/ros2_ws/install/px4_msgs/include/px4_msgs/px4_msgs/msg/detail/actuator_controls_status__functions.h\n'}
[1.446000] (px4_msgs) StdoutLine: {'line': b'-- Up-to-date: /home/mcfb/ros2_ws/install/px4_msgs/include/px4_msgs/px4_msgs/msg/detail/px4io_status__functions.c\n'}
[1.446050] (px4_msgs) StdoutLine: {'line': b'-- Up-to-date: /home/mcfb/ros2_ws/install/px4_msgs/include/px4_msgs/px4_msgs/msg/detail/longitudinal_control_configuration__type_support.h\n'}
[1.446114] (px4_msgs) StdoutLine: {'line': b'-- Up-to-date: /home/mcfb/ros2_ws/install/px4_msgs/include/px4_msgs/px4_msgs/msg/detail/event__functions.h\n'}
[1.446157] (px4_msgs) StdoutLine: {'line': b'-- Up-to-date: /home/mcfb/ros2_ws/install/px4_msgs/include/px4_msgs/px4_msgs/msg/detail/navigator_status__functions.h\n'}
[1.446205] (px4_msgs) StdoutLine: {'line': b'-- Up-to-date: /home/mcfb/ros2_ws/install/px4_msgs/include/px4_msgs/px4_msgs/msg/detail/trajectory_setpoint__functions.c\n'}
[1.446274] (px4_msgs) StdoutLine: {'line': b'-- Up-to-date: /home/mcfb/ros2_ws/install/px4_msgs/include/px4_msgs/px4_msgs/msg/detail/ulog_stream_ack__functions.c\n'}
[1.446326] (px4_msgs) StdoutLine: {'line': b'-- Up-to-date: /home/mcfb/ros2_ws/install/px4_msgs/include/px4_msgs/px4_msgs/msg/detail/follow_target_status__type_support.h\n'}
[1.446371] (px4_msgs) StdoutLine: {'line': b'-- Up-to-date: /home/mcfb/ros2_ws/install/px4_msgs/include/px4_msgs/px4_msgs/msg/detail/uavcan_parameter_request__struct.h\n'}
[1.446414] (px4_msgs) StdoutLine: {'line': b'-- Installing: /home/mcfb/ros2_ws/install/px4_msgs/include/px4_msgs/px4_msgs/msg/detail/vehicle_rates_setpoint__type_support.c\n'}
[1.446458] (px4_msgs) StdoutLine: {'line': b'-- Up-to-date: /home/mcfb/ros2_ws/install/px4_msgs/include/px4_msgs/px4_msgs/msg/detail/internal_combustion_engine_status__functions.h\n'}
[1.446608] (px4_msgs) StdoutLine: {'line': b'-- Up-to-date: /home/mcfb/ros2_ws/install/px4_msgs/include/px4_msgs/px4_msgs/msg/detail/vehicle_magnetometer__type_support.h\n'}
[1.446697] (px4_msgs) StdoutLine: {'line': b'-- Up-to-date: /home/mcfb/ros2_ws/install/px4_msgs/include/px4_msgs/px4_msgs/msg/detail/gimbal_manager_information__description.c\n'}
[1.446770] (px4_msgs) StdoutLine: {'line': b'-- Up-to-date: /home/mcfb/ros2_ws/install/px4_msgs/include/px4_msgs/px4_msgs/msg/detail/gpio_in__type_support.h\n'}
[1.446838] (px4_msgs) StdoutLine: {'line': b'-- Up-to-date: /home/mcfb/ros2_ws/install/px4_msgs/include/px4_msgs/px4_msgs/msg/detail/distance_sensor__type_support.h\n'}
[1.446894] (px4_msgs) StdoutLine: {'line': b'-- Up-to-date: /home/mcfb/ros2_ws/install/px4_msgs/include/px4_msgs/px4_msgs/msg/detail/collision_constraints__type_support.h\n'}
[1.446940] (px4_msgs) StdoutLine: {'line': b'-- Up-to-date: /home/mcfb/ros2_ws/install/px4_msgs/include/px4_msgs/px4_msgs/msg/detail/magnetometer_bias_estimate__type_support.h\n'}
[1.447003] (px4_msgs) StdoutLine: {'line': b'-- Installing: /home/mcfb/ros2_ws/install/px4_msgs/include/px4_msgs/px4_msgs/msg/detail/power_monitor__type_support.c\n'}
[1.447072] (px4_msgs) StdoutLine: {'line': b'-- Up-to-date: /home/mcfb/ros2_ws/install/px4_msgs/include/px4_msgs/px4_msgs/msg/detail/cellular_status__functions.h\n'}
[1.447125] (px4_msgs) StdoutLine: {'line': b'-- Up-to-date: /home/mcfb/ros2_ws/install/px4_msgs/include/px4_msgs/px4_msgs/msg/detail/parameter_set_value_request__functions.c\n'}
[1.447248] (px4_msgs) StdoutLine: {'line': b'-- Up-to-date: /home/mcfb/ros2_ws/install/px4_msgs/include/px4_msgs/px4_msgs/msg/detail/gimbal_device_attitude_status__functions.c\n'}
[1.447330] (px4_msgs) StdoutLine: {'line': b'-- Up-to-date: /home/mcfb/ros2_ws/install/px4_msgs/include/px4_msgs/px4_msgs/msg/detail/camera_status__type_support.h\n'}
[1.447392] (px4_msgs) StdoutLine: {'line': b'-- Up-to-date: /home/mcfb/ros2_ws/install/px4_msgs/include/px4_msgs/px4_msgs/msg/detail/distance_sensor__functions.c\n'}
[1.447436] (px4_msgs) StdoutLine: {'line': b'-- Up-to-date: /home/mcfb/ros2_ws/install/px4_msgs/include/px4_msgs/px4_msgs/msg/detail/uavcan_parameter_request__functions.c\n'}
[1.447480] (px4_msgs) StdoutLine: {'line': b'-- Installing: /home/mcfb/ros2_ws/install/px4_msgs/include/px4_msgs/px4_msgs/msg/detail/sensor_airflow__type_support.c\n'}
[1.447524] (px4_msgs) StdoutLine: {'line': b'-- Up-to-date: /home/mcfb/ros2_ws/install/px4_msgs/include/px4_msgs/px4_msgs/msg/detail/landing_target_pose__functions.c\n'}
[1.447569] (px4_msgs) StdoutLine: {'line': b'-- Up-to-date: /home/mcfb/ros2_ws/install/px4_msgs/include/px4_msgs/px4_msgs/msg/detail/can_interface_status__description.c\n'}
[1.447613] (px4_msgs) StdoutLine: {'line': b'-- Up-to-date: /home/mcfb/ros2_ws/install/px4_msgs/include/px4_msgs/px4_msgs/msg/detail/vehicle_attitude__functions.h\n'}
[1.447655] (px4_msgs) StdoutLine: {'line': b'-- Up-to-date: /home/mcfb/ros2_ws/install/px4_msgs/include/px4_msgs/px4_msgs/msg/detail/vehicle_local_position__description.c\n'}
[1.447698] (px4_msgs) StdoutLine: {'line': b'-- Installing: /home/mcfb/ros2_ws/install/px4_msgs/include/px4_msgs/px4_msgs/msg/detail/estimator_aid_source1d__type_support.c\n'}
[1.447741] (px4_msgs) StdoutLine: {'line': b'-- Up-to-date: /home/mcfb/ros2_ws/install/px4_msgs/include/px4_msgs/px4_msgs/msg/detail/vehicle_angular_velocity__description.c\n'}
[1.447784] (px4_msgs) StdoutLine: {'line': b'-- Installing: /home/mcfb/ros2_ws/install/px4_msgs/include/px4_msgs/px4_msgs/msg/detail/actuator_servos__type_support.c\n'}
[1.447845] (px4_msgs) StdoutLine: {'line': b'-- Up-to-date: /home/mcfb/ros2_ws/install/px4_msgs/include/px4_msgs/px4_msgs/msg/detail/mode_completed__description.c\n'}
[1.447914] (px4_msgs) StdoutLine: {'line': b'-- Up-to-date: /home/mcfb/ros2_ws/install/px4_msgs/include/px4_msgs/px4_msgs/msg/detail/sensor_mag__type_support.h\n'}
[1.447980] (px4_msgs) StdoutLine: {'line': b'-- Up-to-date: /home/mcfb/ros2_ws/install/px4_msgs/include/px4_msgs/px4_msgs/msg/detail/landing_gear__description.c\n'}
[1.448045] (px4_msgs) StdoutLine: {'line': b'-- Installing: /home/mcfb/ros2_ws/install/px4_msgs/include/px4_msgs/px4_msgs/msg/detail/rover_attitude_status__type_support.c\n'}
[1.448126] (px4_msgs) StdoutLine: {'line': b'-- Up-to-date: /home/mcfb/ros2_ws/install/px4_msgs/include/px4_msgs/px4_msgs/msg/detail/fixed_wing_longitudinal_setpoint__description.c\n'}
[1.448197] (px4_msgs) StdoutLine: {'line': b'-- Up-to-date: /home/mcfb/ros2_ws/install/px4_msgs/include/px4_msgs/px4_msgs/msg/detail/cellular_status__description.c\n'}
[1.448260] (px4_msgs) StdoutLine: {'line': b'-- Installing: /home/mcfb/ros2_ws/install/px4_msgs/include/px4_msgs/px4_msgs/msg/detail/orb_test__type_support.c\n'}
[1.448321] (px4_msgs) StdoutLine: {'line': b'-- Up-to-date: /home/mcfb/ros2_ws/install/px4_msgs/include/px4_msgs/px4_msgs/msg/detail/estimator_bias__struct.h\n'}
[1.448383] (px4_msgs) StdoutLine: {'line': b'-- Up-to-date: /home/mcfb/ros2_ws/install/px4_msgs/include/px4_msgs/px4_msgs/msg/detail/vehicle_local_position_setpoint__description.c\n'}
[1.448428] (px4_msgs) StdoutLine: {'line': b'-- Up-to-date: /home/mcfb/ros2_ws/install/px4_msgs/include/px4_msgs/px4_msgs/msg/detail/pps_capture__type_support.h\n'}
[1.448473] (px4_msgs) StdoutLine: {'line': b'-- Up-to-date: /home/mcfb/ros2_ws/install/px4_msgs/include/px4_msgs/px4_msgs/msg/detail/uavcan_parameter_value__functions.h\n'}
[1.448515] (px4_msgs) StdoutLine: {'line': b'-- Up-to-date: /home/mcfb/ros2_ws/install/px4_msgs/include/px4_msgs/px4_msgs/msg/detail/manual_control_switches__functions.c\n'}
[1.448559] (px4_msgs) StdoutLine: {'line': b'-- Up-to-date: /home/mcfb/ros2_ws/install/px4_msgs/include/px4_msgs/px4_msgs/msg/detail/manual_control_switches__struct.h\n'}
[1.448619] (px4_msgs) StdoutLine: {'line': b'-- Installing: /home/mcfb/ros2_ws/install/px4_msgs/include/px4_msgs/px4_msgs/msg/detail/vehicle_attitude_setpoint__type_support.c\n'}
[1.448669] (px4_msgs) StdoutLine: {'line': b'-- Up-to-date: /home/mcfb/ros2_ws/install/px4_msgs/include/px4_msgs/px4_msgs/msg/detail/airspeed__struct.h\n'}
[1.448737] (px4_msgs) StdoutLine: {'line': b'-- Up-to-date: /home/mcfb/ros2_ws/install/px4_msgs/include/px4_msgs/px4_msgs/msg/detail/esc_report__functions.c\n'}
[1.448782] (px4_msgs) StdoutLine: {'line': b'-- Up-to-date: /home/mcfb/ros2_ws/install/px4_msgs/include/px4_msgs/px4_msgs/msg/detail/rc_parameter_map__functions.h\n'}
[1.448827] (px4_msgs) StdoutLine: {'line': b'-- Up-to-date: /home/mcfb/ros2_ws/install/px4_msgs/include/px4_msgs/px4_msgs/msg/detail/estimator_event_flags__type_support.h\n'}
[1.448876] (px4_msgs) StdoutLine: {'line': b'-- Up-to-date: /home/mcfb/ros2_ws/install/px4_msgs/include/px4_msgs/px4_msgs/msg/detail/vehicle_torque_setpoint__functions.h\n'}
[1.448948] (px4_msgs) StdoutLine: {'line': b'-- Up-to-date: /home/mcfb/ros2_ws/install/px4_msgs/include/px4_msgs/px4_msgs/msg/detail/gpio_out__description.c\n'}
[1.448996] (px4_msgs) StdoutLine: {'line': b'-- Installing: /home/mcfb/ros2_ws/install/px4_msgs/include/px4_msgs/px4_msgs/msg/detail/flight_phase_estimation__type_support.c\n'}
[1.449037] (px4_msgs) StdoutLine: {'line': b'-- Up-to-date: /home/mcfb/ros2_ws/install/px4_msgs/include/px4_msgs/px4_msgs/msg/detail/vehicle_land_detected__description.c\n'}
[1.449083] (px4_msgs) StdoutLine: {'line': b'-- Up-to-date: /home/mcfb/ros2_ws/install/px4_msgs/include/px4_msgs/px4_msgs/msg/detail/vehicle_local_position__functions.h\n'}
[1.449152] (px4_msgs) StdoutLine: {'line': b'-- Up-to-date: /home/mcfb/ros2_ws/install/px4_msgs/include/px4_msgs/px4_msgs/msg/detail/fixed_wing_longitudinal_setpoint__type_support.h\n'}
[1.449206] (px4_msgs) StdoutLine: {'line': b'-- Up-to-date: /home/mcfb/ros2_ws/install/px4_msgs/include/px4_msgs/px4_msgs/msg/detail/vehicle_roi__description.c\n'}
[1.449291] (px4_msgs) StdoutLine: {'line': b'-- Up-to-date: /home/mcfb/ros2_ws/install/px4_msgs/include/px4_msgs/px4_msgs/msg/detail/rover_attitude_status__functions.h\n'}
[1.449350] (px4_msgs) StdoutLine: {'line': b'-- Up-to-date: /home/mcfb/ros2_ws/install/px4_msgs/include/px4_msgs/px4_msgs/msg/detail/rover_speed_status__struct.h\n'}
[1.449395] (px4_msgs) StdoutLine: {'line': b'-- Up-to-date: /home/mcfb/ros2_ws/install/px4_msgs/include/px4_msgs/px4_msgs/msg/detail/debug_key_value__type_support.h\n'}
[1.449437] (px4_msgs) StdoutLine: {'line': b'-- Up-to-date: /home/mcfb/ros2_ws/install/px4_msgs/include/px4_msgs/px4_msgs/msg/detail/follow_target_estimator__functions.h\n'}
[1.449480] (px4_msgs) StdoutLine: {'line': b'-- Up-to-date: /home/mcfb/ros2_ws/install/px4_msgs/include/px4_msgs/px4_msgs/msg/detail/launch_detection_status__functions.c\n'}
[1.449524] (px4_msgs) StdoutLine: {'line': b'-- Up-to-date: /home/mcfb/ros2_ws/install/px4_msgs/include/px4_msgs/px4_msgs/msg/detail/estimator_status_flags__functions.c\n'}
[1.449566] (px4_msgs) StdoutLine: {'line': b'-- Up-to-date: /home/mcfb/ros2_ws/install/px4_msgs/include/px4_msgs/px4_msgs/msg/detail/gps_dump__functions.h\n'}
[1.449607] (px4_msgs) StdoutLine: {'line': b'-- Up-to-date: /home/mcfb/ros2_ws/install/px4_msgs/include/px4_msgs/px4_msgs/msg/detail/pwm_input__functions.c\n'}
[1.449650] (px4_msgs) StdoutLine: {'line': b'-- Up-to-date: /home/mcfb/ros2_ws/install/px4_msgs/include/px4_msgs/px4_msgs/msg/detail/open_drone_id_system__type_support.h\n'}
[1.449698] (px4_msgs) StdoutLine: {'line': b'-- Up-to-date: /home/mcfb/ros2_ws/install/px4_msgs/include/px4_msgs/px4_msgs/msg/detail/normalized_unsigned_setpoint__description.c\n'}
[1.449740] (px4_msgs) StdoutLine: {'line': b'-- Up-to-date: /home/mcfb/ros2_ws/install/px4_msgs/include/px4_msgs/px4_msgs/msg/detail/sensor_gyro__description.c\n'}
[1.449787] (px4_msgs) StdoutLine: {'line': b'-- Up-to-date: /home/mcfb/ros2_ws/install/px4_msgs/include/px4_msgs/px4_msgs/msg/detail/actuator_servos_trim__functions.h\n'}
[1.449831] (px4_msgs) StdoutLine: {'line': b'-- Up-to-date: /home/mcfb/ros2_ws/install/px4_msgs/include/px4_msgs/px4_msgs/msg/detail/navigator_mission_item__type_support.h\n'}
[1.449873] (px4_msgs) StdoutLine: {'line': b'-- Up-to-date: /home/mcfb/ros2_ws/install/px4_msgs/include/px4_msgs/px4_msgs/msg/detail/vehicle_global_position__type_support.h\n'}
[1.449917] (px4_msgs) StdoutLine: {'line': b'-- Up-to-date: /home/mcfb/ros2_ws/install/px4_msgs/include/px4_msgs/px4_msgs/msg/detail/mount_orientation__struct.h\n'}
[1.449958] (px4_msgs) StdoutLine: {'line': b'-- Up-to-date: /home/mcfb/ros2_ws/install/px4_msgs/include/px4_msgs/px4_msgs/msg/detail/message_format_response__type_support.h\n'}
[1.449999] (px4_msgs) StdoutLine: {'line': b'-- Up-to-date: /home/mcfb/ros2_ws/install/px4_msgs/include/px4_msgs/px4_msgs/msg/detail/mode_completed__functions.c\n'}
[1.450042] (px4_msgs) StdoutLine: {'line': b'-- Up-to-date: /home/mcfb/ros2_ws/install/px4_msgs/include/px4_msgs/px4_msgs/msg/detail/qshell_retval__description.c\n'}
[1.450085] (px4_msgs) StdoutLine: {'line': b'-- Up-to-date: /home/mcfb/ros2_ws/install/px4_msgs/include/px4_msgs/px4_msgs/msg/detail/cpuload__type_support.h\n'}
[1.450127] (px4_msgs) StdoutLine: {'line': b'-- Up-to-date: /home/mcfb/ros2_ws/install/px4_msgs/include/px4_msgs/px4_msgs/msg/detail/battery_status__functions.c\n'}
[1.450169] (px4_msgs) StdoutLine: {'line': b'-- Up-to-date: /home/mcfb/ros2_ws/install/px4_msgs/include/px4_msgs/px4_msgs/msg/detail/open_drone_id_self_id__struct.h\n'}
[1.450211] (px4_msgs) StdoutLine: {'line': b'-- Up-to-date: /home/mcfb/ros2_ws/install/px4_msgs/include/px4_msgs/px4_msgs/msg/detail/tecs_status__struct.h\n'}
[1.450253] (px4_msgs) StdoutLine: {'line': b'-- Up-to-date: /home/mcfb/ros2_ws/install/px4_msgs/include/px4_msgs/px4_msgs/msg/detail/sensors_status_imu__functions.c\n'}
[1.450294] (px4_msgs) StdoutLine: {'line': b'-- Up-to-date: /home/mcfb/ros2_ws/install/px4_msgs/include/px4_msgs/px4_msgs/msg/detail/timesync_status__description.c\n'}
[1.450348] (px4_msgs) StdoutLine: {'line': b'-- Installing: /home/mcfb/ros2_ws/install/px4_msgs/include/px4_msgs/px4_msgs/msg/detail/telemetry_status__type_support.c\n'}
[1.450389] (px4_msgs) StdoutLine: {'line': b'-- Up-to-date: /home/mcfb/ros2_ws/install/px4_msgs/include/px4_msgs/px4_msgs/msg/detail/sensor_gyro_fft__functions.h\n'}
[1.450431] (px4_msgs) StdoutLine: {'line': b'-- Up-to-date: /home/mcfb/ros2_ws/install/px4_msgs/include/px4_msgs/px4_msgs/msg/detail/longitudinal_control_configuration__description.c\n'}
[1.450473] (px4_msgs) StdoutLine: {'line': b'-- Installing: /home/mcfb/ros2_ws/install/px4_msgs/include/px4_msgs/px4_msgs/msg/detail/sensor_mag__type_support.c\n'}
[1.450516] (px4_msgs) StdoutLine: {'line': b'-- Up-to-date: /home/mcfb/ros2_ws/install/px4_msgs/include/px4_msgs/px4_msgs/msg/detail/sensor_combined__functions.c\n'}
[1.450557] (px4_msgs) StdoutLine: {'line': b'-- Up-to-date: /home/mcfb/ros2_ws/install/px4_msgs/include/px4_msgs/px4_msgs/msg/detail/rc_parameter_map__functions.c\n'}
[1.450597] (px4_msgs) StdoutLine: {'line': b'-- Up-to-date: /home/mcfb/ros2_ws/install/px4_msgs/include/px4_msgs/px4_msgs/msg/detail/gimbal_manager_set_attitude__description.c\n'}
[1.450638] (px4_msgs) StdoutLine: {'line': b'-- Installing: /home/mcfb/ros2_ws/install/px4_msgs/include/px4_msgs/px4_msgs/msg/detail/vehicle_local_position_setpoint__type_support.c\n'}
[1.450679] (px4_msgs) StdoutLine: {'line': b'-- Installing: /home/mcfb/ros2_ws/install/px4_msgs/include/px4_msgs/px4_msgs/msg/detail/led_control__type_support.c\n'}
[1.450720] (px4_msgs) StdoutLine: {'line': b'-- Up-to-date: /home/mcfb/ros2_ws/install/px4_msgs/include/px4_msgs/px4_msgs/msg/detail/gpio_config__description.c\n'}
[1.450762] (px4_msgs) StdoutLine: {'line': b'-- Up-to-date: /home/mcfb/ros2_ws/install/px4_msgs/include/px4_msgs/px4_msgs/msg/detail/estimator_sensor_bias__functions.c\n'}
[1.450803] (px4_msgs) StdoutLine: {'line': b'-- Up-to-date: /home/mcfb/ros2_ws/install/px4_msgs/include/px4_msgs/px4_msgs/msg/detail/collision_constraints__description.c\n'}
[1.450847] (px4_msgs) StdoutLine: {'line': b'-- Up-to-date: /home/mcfb/ros2_ws/install/px4_msgs/include/px4_msgs/px4_msgs/msg/detail/airspeed_wind__functions.h\n'}
[1.450888] (px4_msgs) StdoutLine: {'line': b'-- Up-to-date: /home/mcfb/ros2_ws/install/px4_msgs/include/px4_msgs/px4_msgs/msg/detail/debug_value__description.c\n'}
[1.450931] (px4_msgs) StdoutLine: {'line': b'-- Up-to-date: /home/mcfb/ros2_ws/install/px4_msgs/include/px4_msgs/px4_msgs/msg/detail/gripper__functions.c\n'}
[1.450972] (px4_msgs) StdoutLine: {'line': b'-- Installing: /home/mcfb/ros2_ws/install/px4_msgs/include/px4_msgs/px4_msgs/msg/detail/parameter_reset_request__type_support.c\n'}
[1.451015] (px4_msgs) StdoutLine: {'line': b'-- Installing: /home/mcfb/ros2_ws/install/px4_msgs/include/px4_msgs/px4_msgs/msg/detail/config_overrides__type_support.c\n'}
[1.451059] (px4_msgs) StdoutLine: {'line': b'-- Up-to-date: /home/mcfb/ros2_ws/install/px4_msgs/include/px4_msgs/px4_msgs/msg/detail/vehicle_acceleration__type_support.h\n'}
[1.451107] (px4_msgs) StdoutLine: {'line': b'-- Installing: /home/mcfb/ros2_ws/install/px4_msgs/include/px4_msgs/px4_msgs/msg/detail/rover_speed_status__type_support.c\n'}
[1.451150] (px4_msgs) StdoutLine: {'line': b'-- Up-to-date: /home/mcfb/ros2_ws/install/px4_msgs/include/px4_msgs/px4_msgs/msg/detail/input_rc__functions.h\n'}
[1.451193] (px4_msgs) StdoutLine: {'line': b'-- Up-to-date: /home/mcfb/ros2_ws/install/px4_msgs/include/px4_msgs/px4_msgs/msg/detail/vehicle_constraints__functions.c\n'}
[1.451234] (px4_msgs) StdoutLine: {'line': b'-- Up-to-date: /home/mcfb/ros2_ws/install/px4_msgs/include/px4_msgs/px4_msgs/msg/detail/vehicle_imu__type_support.h\n'}
[1.451278] (px4_msgs) StdoutLine: {'line': b'-- Installing: /home/mcfb/ros2_ws/install/px4_msgs/include/px4_msgs/px4_msgs/msg/detail/mavlink_tunnel__type_support.c\n'}
[1.451326] (px4_msgs) StdoutLine: {'line': b'-- Up-to-date: /home/mcfb/ros2_ws/install/px4_msgs/include/px4_msgs/px4_msgs/msg/detail/mission__description.c\n'}
[1.451370] (px4_msgs) StdoutLine: {'line': b'-- Up-to-date: /home/mcfb/ros2_ws/install/px4_msgs/include/px4_msgs/px4_msgs/msg/detail/sensor_selection__functions.h\n'}
[1.451420] (px4_msgs) StdoutLine: {'line': b'-- Up-to-date: /home/mcfb/ros2_ws/install/px4_msgs/include/px4_msgs/px4_msgs/msg/detail/actuator_test__functions.h\n'}
[1.451463] (px4_msgs) StdoutLine: {'line': b'-- Up-to-date: /home/mcfb/ros2_ws/install/px4_msgs/include/px4_msgs/px4_msgs/msg/detail/estimator_event_flags__functions.h\n'}
[1.451505] (px4_msgs) StdoutLine: {'line': b'-- Up-to-date: /home/mcfb/ros2_ws/install/px4_msgs/include/px4_msgs/px4_msgs/msg/detail/vehicle_local_position__functions.c\n'}
[1.451549] (px4_msgs) StdoutLine: {'line': b'-- Up-to-date: /home/mcfb/ros2_ws/install/px4_msgs/include/px4_msgs/px4_msgs/msg/detail/gimbal_manager_set_manual_control__type_support.h\n'}
[1.451591] (px4_msgs) StdoutLine: {'line': b'-- Installing: /home/mcfb/ros2_ws/install/px4_msgs/include/px4_msgs/px4_msgs/msg/detail/vehicle_acceleration__type_support.c\n'}
[1.451632] (px4_msgs) StdoutLine: {'line': b'-- Up-to-date: /home/mcfb/ros2_ws/install/px4_msgs/include/px4_msgs/px4_msgs/msg/detail/position_setpoint__struct.h\n'}
[1.451674] (px4_msgs) StdoutLine: {'line': b'-- Up-to-date: /home/mcfb/ros2_ws/install/px4_msgs/include/px4_msgs/px4_msgs/msg/detail/vehicle_optical_flow__functions.c\n'}
[1.451715] (px4_msgs) StdoutLine: {'line': b'-- Up-to-date: /home/mcfb/ros2_ws/install/px4_msgs/include/px4_msgs/px4_msgs/msg/detail/rover_rate_status__functions.h\n'}
[1.451756] (px4_msgs) StdoutLine: {'line': b'-- Up-to-date: /home/mcfb/ros2_ws/install/px4_msgs/include/px4_msgs/px4_msgs/msg/detail/mode_completed__functions.h\n'}
[1.451797] (px4_msgs) StdoutLine: {'line': b'-- Up-to-date: /home/mcfb/ros2_ws/install/px4_msgs/include/px4_msgs/px4_msgs/msg/detail/parameter_set_value_request__type_support.h\n'}
[1.451837] (px4_msgs) StdoutLine: {'line': b'-- Up-to-date: /home/mcfb/ros2_ws/install/px4_msgs/include/px4_msgs/px4_msgs/msg/detail/sensor_gnss_status__type_support.h\n'}
[1.451881] (px4_msgs) StdoutLine: {'line': b'-- Up-to-date: /home/mcfb/ros2_ws/install/px4_msgs/include/px4_msgs/px4_msgs/msg/detail/failure_detector_status__functions.c\n'}
[1.451923] (px4_msgs) StdoutLine: {'line': b'-- Up-to-date: /home/mcfb/ros2_ws/install/px4_msgs/include/px4_msgs/px4_msgs/msg/detail/internal_combustion_engine_control__struct.h\n'}
[1.451964] (px4_msgs) StdoutLine: {'line': b'-- Up-to-date: /home/mcfb/ros2_ws/install/px4_msgs/include/px4_msgs/px4_msgs/msg/detail/estimator_innovations__type_support.h\n'}
[1.452006] (px4_msgs) StdoutLine: {'line': b'-- Up-to-date: /home/mcfb/ros2_ws/install/px4_msgs/include/px4_msgs/px4_msgs/msg/detail/failsafe_flags__description.c\n'}
[1.452048] (px4_msgs) StdoutLine: {'line': b'-- Up-to-date: /home/mcfb/ros2_ws/install/px4_msgs/include/px4_msgs/px4_msgs/msg/detail/vehicle_imu_status__functions.h\n'}
[1.452090] (px4_msgs) StdoutLine: {'line': b'-- Installing: /home/mcfb/ros2_ws/install/px4_msgs/include/px4_msgs/px4_msgs/msg/detail/gimbal_manager_set_manual_control__type_support.c\n'}
[1.452132] (px4_msgs) StdoutLine: {'line': b'-- Up-to-date: /home/mcfb/ros2_ws/install/px4_msgs/include/px4_msgs/px4_msgs/msg/detail/gimbal_manager_information__struct.h\n'}
[1.452172] (px4_msgs) StdoutLine: {'line': b'-- Installing: /home/mcfb/ros2_ws/install/px4_msgs/include/px4_msgs/px4_msgs/msg/detail/lateral_control_configuration__type_support.c\n'}
[1.452215] (px4_msgs) StdoutLine: {'line': b'-- Up-to-date: /home/mcfb/ros2_ws/install/px4_msgs/include/px4_msgs/px4_msgs/msg/detail/battery_status__functions.h\n'}
[1.452258] (px4_msgs) StdoutLine: {'line': b'-- Up-to-date: /home/mcfb/ros2_ws/install/px4_msgs/include/px4_msgs/px4_msgs/msg/detail/manual_control_switches__functions.h\n'}
[1.452300] (px4_msgs) StdoutLine: {'line': b'-- Up-to-date: /home/mcfb/ros2_ws/install/px4_msgs/include/px4_msgs/px4_msgs/msg/detail/cellular_status__struct.h\n'}
[1.452348] (px4_msgs) StdoutLine: {'line': b'-- Up-to-date: /home/mcfb/ros2_ws/install/px4_msgs/include/px4_msgs/px4_msgs/msg/detail/open_drone_id_self_id__type_support.h\n'}
[1.452391] (px4_msgs) StdoutLine: {'line': b'-- Up-to-date: /home/mcfb/ros2_ws/install/px4_msgs/include/px4_msgs/px4_msgs/msg/detail/actuator_servos__functions.h\n'}
[1.452438] (px4_msgs) StdoutLine: {'line': b'-- Up-to-date: /home/mcfb/ros2_ws/install/px4_msgs/include/px4_msgs/px4_msgs/msg/detail/irlock_report__description.c\n'}
[1.452483] (px4_msgs) StdoutLine: {'line': b'-- Up-to-date: /home/mcfb/ros2_ws/install/px4_msgs/include/px4_msgs/px4_msgs/msg/detail/camera_trigger__functions.c\n'}
[1.452525] (px4_msgs) StdoutLine: {'line': b'-- Up-to-date: /home/mcfb/ros2_ws/install/px4_msgs/include/px4_msgs/px4_msgs/msg/detail/uavcan_parameter_value__struct.h\n'}
[1.452572] (px4_msgs) StdoutLine: {'line': b'-- Installing: /home/mcfb/ros2_ws/install/px4_msgs/include/px4_msgs/px4_msgs/msg/detail/airspeed_validated__type_support.c\n'}
[1.452614] (px4_msgs) StdoutLine: {'line': b'-- Up-to-date: /home/mcfb/ros2_ws/install/px4_msgs/include/px4_msgs/px4_msgs/msg/detail/vehicle_land_detected__struct.h\n'}
[1.452658] (px4_msgs) StdoutLine: {'line': b'-- Up-to-date: /home/mcfb/ros2_ws/install/px4_msgs/include/px4_msgs/px4_msgs/msg/detail/internal_combustion_engine_status__struct.h\n'}
[1.452703] (px4_msgs) StdoutLine: {'line': b'-- Up-to-date: /home/mcfb/ros2_ws/install/px4_msgs/include/px4_msgs/px4_msgs/msg/detail/system_power__functions.c\n'}
[1.452748] (px4_msgs) StdoutLine: {'line': b'-- Up-to-date: /home/mcfb/ros2_ws/install/px4_msgs/include/px4_msgs/px4_msgs/msg/detail/vehicle_optical_flow__functions.h\n'}
[1.452792] (px4_msgs) StdoutLine: {'line': b'-- Up-to-date: /home/mcfb/ros2_ws/install/px4_msgs/include/px4_msgs/px4_msgs/msg/detail/fuel_tank_status__functions.h\n'}
[1.452834] (px4_msgs) StdoutLine: {'line': b'-- Installing: /home/mcfb/ros2_ws/install/px4_msgs/include/px4_msgs/px4_msgs/msg/detail/actuator_test__type_support.c\n'}
[1.452899] (px4_msgs) StdoutLine: {'line': b'-- Up-to-date: /home/mcfb/ros2_ws/install/px4_msgs/include/px4_msgs/px4_msgs/msg/detail/gimbal_manager_set_attitude__type_support.h\n'}
[1.452948] (px4_msgs) StdoutLine: {'line': b'-- Up-to-date: /home/mcfb/ros2_ws/install/px4_msgs/include/px4_msgs/px4_msgs/msg/detail/gimbal_manager_status__functions.c\n'}
[1.452990] (px4_msgs) StdoutLine: {'line': b'-- Up-to-date: /home/mcfb/ros2_ws/install/px4_msgs/include/px4_msgs/px4_msgs/msg/detail/sensor_gps__struct.h\n'}
[1.453035] (px4_msgs) StdoutLine: {'line': b'-- Up-to-date: /home/mcfb/ros2_ws/install/px4_msgs/include/px4_msgs/px4_msgs/msg/detail/hover_thrust_estimate__struct.h\n'}
[1.453078] (px4_msgs) StdoutLine: {'line': b'-- Up-to-date: /home/mcfb/ros2_ws/install/px4_msgs/include/px4_msgs/px4_msgs/msg/detail/sensor_mag__description.c\n'}
[1.453134] (px4_msgs) StdoutLine: {'line': b'-- Up-to-date: /home/mcfb/ros2_ws/install/px4_msgs/include/px4_msgs/px4_msgs/msg/detail/navigator_status__description.c\n'}
[1.453183] (px4_msgs) StdoutLine: {'line': b'-- Up-to-date: /home/mcfb/ros2_ws/install/px4_msgs/include/px4_msgs/px4_msgs/msg/detail/gps_dump__description.c\n'}
[1.453246] (px4_msgs) StdoutLine: {'line': b'-- Up-to-date: /home/mcfb/ros2_ws/install/px4_msgs/include/px4_msgs/px4_msgs/msg/detail/rover_speed_setpoint__struct.h\n'}
[1.453308] (px4_msgs) StdoutLine: {'line': b'-- Up-to-date: /home/mcfb/ros2_ws/install/px4_msgs/include/px4_msgs/px4_msgs/msg/detail/sensor_gyro_fifo__description.c\n'}
[1.453379] (px4_msgs) StdoutLine: {'line': b'-- Up-to-date: /home/mcfb/ros2_ws/install/px4_msgs/include/px4_msgs/px4_msgs/msg/detail/vehicle_odometry__struct.h\n'}
[1.453431] (px4_msgs) StdoutLine: {'line': b'-- Up-to-date: /home/mcfb/ros2_ws/install/px4_msgs/include/px4_msgs/px4_msgs/msg/detail/position_controller_status__struct.h\n'}
[1.453498] (px4_msgs) StdoutLine: {'line': b'-- Up-to-date: /home/mcfb/ros2_ws/install/px4_msgs/include/px4_msgs/px4_msgs/msg/detail/estimator_event_flags__description.c\n'}
[1.453654] (px4_msgs) StdoutLine: {'line': b'-- Up-to-date: /home/mcfb/ros2_ws/install/px4_msgs/include/px4_msgs/px4_msgs/msg/detail/sensor_accel_fifo__struct.h\n'}
[1.453772] (px4_msgs) StdoutLine: {'line': b'-- Installing: /home/mcfb/ros2_ws/install/px4_msgs/include/px4_msgs/px4_msgs/msg/detail/register_ext_component_reply__type_support.c\n'}
[1.453837] (px4_msgs) StdoutLine: {'line': b'-- Up-to-date: /home/mcfb/ros2_ws/install/px4_msgs/include/px4_msgs/px4_msgs/msg/detail/ulog_stream__type_support.h\n'}
[1.453890] (px4_msgs) StdoutLine: {'line': b'-- Up-to-date: /home/mcfb/ros2_ws/install/px4_msgs/include/px4_msgs/px4_msgs/msg/detail/sensor_accel_fifo__description.c\n'}
[1.453937] (px4_msgs) StdoutLine: {'line': b'-- Up-to-date: /home/mcfb/ros2_ws/install/px4_msgs/include/px4_msgs/px4_msgs/msg/detail/debug_value__functions.c\n'}
[1.453984] (px4_msgs) StdoutLine: {'line': b'-- Installing: /home/mcfb/ros2_ws/install/px4_msgs/include/px4_msgs/px4_msgs/msg/detail/geofence_result__type_support.c\n'}
[1.454030] (px4_msgs) StdoutLine: {'line': b'-- Up-to-date: /home/mcfb/ros2_ws/install/px4_msgs/include/px4_msgs/px4_msgs/msg/detail/fixed_wing_lateral_guidance_status__type_support.h\n'}
[1.454091] (px4_msgs) StdoutLine: {'line': b'-- Up-to-date: /home/mcfb/ros2_ws/install/px4_msgs/include/px4_msgs/px4_msgs/msg/detail/wheel_encoders__functions.c\n'}
[1.454148] (px4_msgs) StdoutLine: {'line': b'-- Up-to-date: /home/mcfb/ros2_ws/install/px4_msgs/include/px4_msgs/px4_msgs/msg/detail/vehicle_angular_acceleration_setpoint__functions.c\n'}
[1.454194] (px4_msgs) StdoutLine: {'line': b'-- Up-to-date: /home/mcfb/ros2_ws/install/px4_msgs/include/px4_msgs/px4_msgs/msg/detail/actuator_test__struct.h\n'}
[1.454254] (px4_msgs) StdoutLine: {'line': b'-- Up-to-date: /home/mcfb/ros2_ws/install/px4_msgs/include/px4_msgs/px4_msgs/msg/detail/generator_status__functions.c\n'}
[1.454321] (px4_msgs) StdoutLine: {'line': b'-- Up-to-date: /home/mcfb/ros2_ws/install/px4_msgs/include/px4_msgs/px4_msgs/msg/detail/velocity_limits__functions.c\n'}
[1.454368] (px4_msgs) StdoutLine: {'line': b'-- Installing: /home/mcfb/ros2_ws/install/px4_msgs/include/px4_msgs/px4_msgs/msg/detail/rpm__type_support.c\n'}
[1.454427] (px4_msgs) StdoutLine: {'line': b'-- Up-to-date: /home/mcfb/ros2_ws/install/px4_msgs/include/px4_msgs/px4_msgs/msg/detail/vehicle_angular_velocity__struct.h\n'}
[1.454478] (px4_msgs) StdoutLine: {'line': b'-- Up-to-date: /home/mcfb/ros2_ws/install/px4_msgs/include/px4_msgs/px4_msgs/msg/detail/sensor_mag__struct.h\n'}
[1.454533] (px4_msgs) StdoutLine: {'line': b'-- Up-to-date: /home/mcfb/ros2_ws/install/px4_msgs/include/px4_msgs/px4_msgs/msg/detail/rover_steering_setpoint__functions.c\n'}
[1.454593] (px4_msgs) StdoutLine: {'line': b'-- Up-to-date: /home/mcfb/ros2_ws/install/px4_msgs/include/px4_msgs/px4_msgs/msg/detail/actuator_servos_trim__functions.c\n'}
[1.454657] (px4_msgs) StdoutLine: {'line': b'-- Up-to-date: /home/mcfb/ros2_ws/install/px4_msgs/include/px4_msgs/px4_msgs/msg/detail/esc_report__struct.h\n'}
[1.454720] (px4_msgs) StdoutLine: {'line': b'-- Up-to-date: /home/mcfb/ros2_ws/install/px4_msgs/include/px4_msgs/px4_msgs/msg/detail/system_power__description.c\n'}
[1.454781] (px4_msgs) StdoutLine: {'line': b'-- Up-to-date: /home/mcfb/ros2_ws/install/px4_msgs/include/px4_msgs/px4_msgs/msg/detail/vehicle_constraints__description.c\n'}
[1.454843] (px4_msgs) StdoutLine: {'line': b'-- Up-to-date: /home/mcfb/ros2_ws/install/px4_msgs/include/px4_msgs/px4_msgs/msg/detail/vehicle_imu__functions.h\n'}
[1.454886] (px4_msgs) StdoutLine: {'line': b'-- Up-to-date: /home/mcfb/ros2_ws/install/px4_msgs/include/px4_msgs/px4_msgs/msg/detail/estimator_sensor_bias__functions.h\n'}
[1.454930] (px4_msgs) StdoutLine: {'line': b'-- Up-to-date: /home/mcfb/ros2_ws/install/px4_msgs/include/px4_msgs/px4_msgs/msg/detail/orb_test_large__type_support.h\n'}
[1.454973] (px4_msgs) StdoutLine: {'line': b'-- Up-to-date: /home/mcfb/ros2_ws/install/px4_msgs/include/px4_msgs/px4_msgs/msg/detail/failsafe_flags__functions.c\n'}
[1.455025] (px4_msgs) StdoutLine: {'line': b'-- Installing: /home/mcfb/ros2_ws/install/px4_msgs/include/px4_msgs/px4_msgs/msg/detail/rtl_status__type_support.c\n'}
[1.455070] (px4_msgs) StdoutLine: {'line': b'-- Installing: /home/mcfb/ros2_ws/install/px4_msgs/include/px4_msgs/px4_msgs/msg/detail/differential_pressure__type_support.c\n'}
[1.455132] (px4_msgs) StdoutLine: {'line': b'-- Up-to-date: /home/mcfb/ros2_ws/install/px4_msgs/include/px4_msgs/px4_msgs/msg/detail/vehicle_global_position__description.c\n'}
[1.455197] (px4_msgs) StdoutLine: {'line': b'-- Up-to-date: /home/mcfb/ros2_ws/install/px4_msgs/include/px4_msgs/px4_msgs/msg/detail/sensor_baro__type_support.h\n'}
[1.455241] (px4_msgs) StdoutLine: {'line': b'-- Up-to-date: /home/mcfb/ros2_ws/install/px4_msgs/include/px4_msgs/px4_msgs/msg/detail/rover_throttle_setpoint__functions.c\n'}
[1.455284] (px4_msgs) StdoutLine: {'line': b'-- Up-to-date: /home/mcfb/ros2_ws/install/px4_msgs/include/px4_msgs/px4_msgs/msg/detail/gimbal_manager_set_attitude__functions.h\n'}
[1.455334] (px4_msgs) StdoutLine: {'line': b'-- Up-to-date: /home/mcfb/ros2_ws/install/px4_msgs/include/px4_msgs/px4_msgs/msg/detail/landing_gear__functions.h\n'}
[1.455393] (px4_msgs) StdoutLine: {'line': b'-- Up-to-date: /home/mcfb/ros2_ws/install/px4_msgs/include/px4_msgs/px4_msgs/msg/detail/rover_throttle_setpoint__struct.h\n'}
[1.455449] (px4_msgs) StdoutLine: {'line': b'-- Up-to-date: /home/mcfb/ros2_ws/install/px4_msgs/include/px4_msgs/px4_msgs/msg/detail/ekf2_timestamps__functions.c\n'}
[1.455493] (px4_msgs) StdoutLine: {'line': b'-- Installing: /home/mcfb/ros2_ws/install/px4_msgs/include/px4_msgs/px4_msgs/msg/detail/sensor_baro__type_support.c\n'}
[1.455534] (px4_msgs) StdoutLine: {'line': b'-- Up-to-date: /home/mcfb/ros2_ws/install/px4_msgs/include/px4_msgs/px4_msgs/msg/detail/orbit_status__type_support.h\n'}
[1.455576] (px4_msgs) StdoutLine: {'line': b'-- Up-to-date: /home/mcfb/ros2_ws/install/px4_msgs/include/px4_msgs/px4_msgs/msg/actuator_outputs.h\n'}
[1.455620] (px4_msgs) StdoutLine: {'line': b'-- Up-to-date: /home/mcfb/ros2_ws/install/px4_msgs/include/px4_msgs/px4_msgs/msg/sensor_airflow.h\n'}
[1.455678] (px4_msgs) StdoutLine: {'line': b'-- Up-to-date: /home/mcfb/ros2_ws/install/px4_msgs/include/px4_msgs/px4_msgs/msg/ekf2_timestamps.h\n'}
[1.455743] (px4_msgs) StdoutLine: {'line': b'-- Up-to-date: /home/mcfb/ros2_ws/install/px4_msgs/include/px4_msgs/px4_msgs/msg/parameter_update.h\n'}
[1.455807] (px4_msgs) StdoutLine: {'line': b'-- Up-to-date: /home/mcfb/ros2_ws/install/px4_msgs/include/px4_msgs/px4_msgs/msg/neural_control.h\n'}
[1.455867] (px4_msgs) StdoutLine: {'line': b'-- Up-to-date: /home/mcfb/ros2_ws/install/px4_msgs/include/px4_msgs/px4_msgs/msg/ulog_stream.h\n'}
[1.455928] (px4_msgs) StdoutLine: {'line': b'-- Up-to-date: /home/mcfb/ros2_ws/install/px4_msgs/include/px4_msgs/px4_msgs/msg/airspeed.h\n'}
[1.455989] (px4_msgs) StdoutLine: {'line': b'-- Up-to-date: /home/mcfb/ros2_ws/install/px4_msgs/include/px4_msgs/px4_msgs/msg/landing_target_pose.h\n'}
[1.456034] (px4_msgs) StdoutLine: {'line': b'-- Up-to-date: /home/mcfb/ros2_ws/install/px4_msgs/include/px4_msgs/px4_msgs/msg/health_report.h\n'}
[1.456076] (px4_msgs) StdoutLine: {'line': b'-- Up-to-date: /home/mcfb/ros2_ws/install/px4_msgs/include/px4_msgs/px4_msgs/msg/trajectory_setpoint6dof.h\n'}
[1.456130] (px4_msgs) StdoutLine: {'line': b'-- Up-to-date: /home/mcfb/ros2_ws/install/px4_msgs/include/px4_msgs/px4_msgs/msg/airspeed_validated.h\n'}
[1.456191] (px4_msgs) StdoutLine: {'line': b'-- Up-to-date: /home/mcfb/ros2_ws/install/px4_msgs/include/px4_msgs/px4_msgs/msg/actuator_servos.h\n'}
[1.456234] (px4_msgs) StdoutLine: {'line': b'-- Up-to-date: /home/mcfb/ros2_ws/install/px4_msgs/include/px4_msgs/px4_msgs/msg/rover_rate_setpoint.h\n'}
[1.456276] (px4_msgs) StdoutLine: {'line': b'-- Up-to-date: /home/mcfb/ros2_ws/install/px4_msgs/include/px4_msgs/px4_msgs/msg/flight_phase_estimation.h\n'}
[1.456324] (px4_msgs) StdoutLine: {'line': b'-- Up-to-date: /home/mcfb/ros2_ws/install/px4_msgs/include/px4_msgs/px4_msgs/msg/register_ext_component_request.h\n'}
[1.456367] (px4_msgs) StdoutLine: {'line': b'-- Up-to-date: /home/mcfb/ros2_ws/install/px4_msgs/include/px4_msgs/px4_msgs/msg/home_position.h\n'}
[1.456408] (px4_msgs) StdoutLine: {'line': b'-- Up-to-date: /home/mcfb/ros2_ws/install/px4_msgs/include/px4_msgs/px4_msgs/msg/esc_status.h\n'}
[1.456454] (px4_msgs) StdoutLine: {'line': b'-- Up-to-date: /home/mcfb/ros2_ws/install/px4_msgs/include/px4_msgs/px4_msgs/msg/wheel_encoders.h\n'}
[1.456497] (px4_msgs) StdoutLine: {'line': b'-- Up-to-date: /home/mcfb/ros2_ws/install/px4_msgs/include/px4_msgs/px4_msgs/msg/yaw_estimator_status.h\n'}
[1.456537] (px4_msgs) StdoutLine: {'line': b'-- Up-to-date: /home/mcfb/ros2_ws/install/px4_msgs/include/px4_msgs/px4_msgs/msg/qshell_retval.h\n'}
[1.456579] (px4_msgs) StdoutLine: {'line': b'-- Up-to-date: /home/mcfb/ros2_ws/install/px4_msgs/include/px4_msgs/px4_msgs/msg/airspeed_wind.h\n'}
[1.456621] (px4_msgs) StdoutLine: {'line': b'-- Up-to-date: /home/mcfb/ros2_ws/install/px4_msgs/include/px4_msgs/px4_msgs/msg/sensor_optical_flow.h\n'}
[1.456662] (px4_msgs) StdoutLine: {'line': b'-- Up-to-date: /home/mcfb/ros2_ws/install/px4_msgs/include/px4_msgs/px4_msgs/msg/gimbal_controls.h\n'}
[1.456701] (px4_msgs) StdoutLine: {'line': b'-- Up-to-date: /home/mcfb/ros2_ws/install/px4_msgs/include/px4_msgs/px4_msgs/msg/distance_sensor_mode_change_request.h\n'}
[1.456742] (px4_msgs) StdoutLine: {'line': b'-- Up-to-date: /home/mcfb/ros2_ws/install/px4_msgs/include/px4_msgs/px4_msgs/msg/input_rc.h\n'}
[1.456786] (px4_msgs) StdoutLine: {'line': b'-- Up-to-date: /home/mcfb/ros2_ws/install/px4_msgs/include/px4_msgs/px4_msgs/msg/message_format_request.h\n'}
[1.456828] (px4_msgs) StdoutLine: {'line': b'-- Up-to-date: /home/mcfb/ros2_ws/install/px4_msgs/include/px4_msgs/px4_msgs/msg/actuator_motors.h\n'}
[1.456903] (px4_msgs) StdoutLine: {'line': b'-- Up-to-date: /home/mcfb/ros2_ws/install/px4_msgs/include/px4_msgs/px4_msgs/msg/estimator_aid_source2d.h\n'}
[1.456962] (px4_msgs) StdoutLine: {'line': b'-- Up-to-date: /home/mcfb/ros2_ws/install/px4_msgs/include/px4_msgs/px4_msgs/msg/uavcan_parameter_value.h\n'}
[1.457010] (px4_msgs) StdoutLine: {'line': b'-- Up-to-date: /home/mcfb/ros2_ws/install/px4_msgs/include/px4_msgs/px4_msgs/msg/cpuload.h\n'}
[1.457063] (px4_msgs) StdoutLine: {'line': b'-- Up-to-date: /home/mcfb/ros2_ws/install/px4_msgs/include/px4_msgs/px4_msgs/msg/vehicle_local_position.h\n'}
[1.457110] (px4_msgs) StdoutLine: {'line': b'-- Up-to-date: /home/mcfb/ros2_ws/install/px4_msgs/include/px4_msgs/px4_msgs/msg/control_allocator_status.h\n'}
[1.457171] (px4_msgs) StdoutLine: {'line': b'-- Up-to-date: /home/mcfb/ros2_ws/install/px4_msgs/include/px4_msgs/px4_msgs/msg/ulog_stream_ack.h\n'}
[1.457223] (px4_msgs) StdoutLine: {'line': b'-- Up-to-date: /home/mcfb/ros2_ws/install/px4_msgs/include/px4_msgs/px4_msgs/msg/rtl_status.h\n'}
[1.457284] (px4_msgs) StdoutLine: {'line': b'-- Up-to-date: /home/mcfb/ros2_ws/install/px4_msgs/include/px4_msgs/px4_msgs/msg/uavcan_parameter_request.h\n'}
[1.457335] (px4_msgs) StdoutLine: {'line': b'-- Up-to-date: /home/mcfb/ros2_ws/install/px4_msgs/include/px4_msgs/px4_msgs/msg/obstacle_distance.h\n'}
[1.457396] (px4_msgs) StdoutLine: {'line': b'-- Up-to-date: /home/mcfb/ros2_ws/install/px4_msgs/include/px4_msgs/px4_msgs/msg/actuator_armed.h\n'}
[1.457440] (px4_msgs) StdoutLine: {'line': b'-- Up-to-date: /home/mcfb/ros2_ws/install/px4_msgs/include/px4_msgs/px4_msgs/msg/estimator_selector_status.h\n'}
[1.457484] (px4_msgs) StdoutLine: {'line': b'-- Up-to-date: /home/mcfb/ros2_ws/install/px4_msgs/include/px4_msgs/px4_msgs/msg/internal_combustion_engine_status.h\n'}
[1.457527] (px4_msgs) StdoutLine: {'line': b'-- Up-to-date: /home/mcfb/ros2_ws/install/px4_msgs/include/px4_msgs/px4_msgs/msg/magnetometer_bias_estimate.h\n'}
[1.457591] (px4_msgs) StdoutLine: {'line': b'-- Up-to-date: /home/mcfb/ros2_ws/install/px4_msgs/include/px4_msgs/px4_msgs/msg/px4io_status.h\n'}
[1.457667] (px4_msgs) StdoutLine: {'line': b'-- Up-to-date: /home/mcfb/ros2_ws/install/px4_msgs/include/px4_msgs/px4_msgs/msg/iridiumsbd_status.h\n'}
[1.457735] (px4_msgs) StdoutLine: {'line': b'-- Up-to-date: /home/mcfb/ros2_ws/install/px4_msgs/include/px4_msgs/px4_msgs/msg/geofence_status.h\n'}
[1.457778] (px4_msgs) StdoutLine: {'line': b'-- Up-to-date: /home/mcfb/ros2_ws/install/px4_msgs/include/px4_msgs/px4_msgs/msg/vtol_vehicle_status.h\n'}
[1.457821] (px4_msgs) StdoutLine: {'line': b'-- Up-to-date: /home/mcfb/ros2_ws/install/px4_msgs/include/px4_msgs/px4_msgs/msg/generator_status.h\n'}
[1.457868] (px4_msgs) StdoutLine: {'line': b'-- Up-to-date: /home/mcfb/ros2_ws/install/px4_msgs/include/px4_msgs/px4_msgs/msg/cellular_status.h\n'}
[1.457912] (px4_msgs) StdoutLine: {'line': b'-- Up-to-date: /home/mcfb/ros2_ws/install/px4_msgs/include/px4_msgs/px4_msgs/msg/manual_control_setpoint.h\n'}
[1.457955] (px4_msgs) StdoutLine: {'line': b'-- Up-to-date: /home/mcfb/ros2_ws/install/px4_msgs/include/px4_msgs/px4_msgs/msg/fixed_wing_longitudinal_setpoint.h\n'}
[1.458000] (px4_msgs) StdoutLine: {'line': b'-- Up-to-date: /home/mcfb/ros2_ws/install/px4_msgs/include/px4_msgs/px4_msgs/msg/vehicle_imu_status.h\n'}
[1.458043] (px4_msgs) StdoutLine: {'line': b'-- Up-to-date: /home/mcfb/ros2_ws/install/px4_msgs/include/px4_msgs/px4_msgs/msg/takeoff_status.h\n'}
[1.458087] (px4_msgs) StdoutLine: {'line': b'-- Up-to-date: /home/mcfb/ros2_ws/install/px4_msgs/include/px4_msgs/px4_msgs/msg/debug_vect.h\n'}
[1.458131] (px4_msgs) StdoutLine: {'line': b'-- Up-to-date: /home/mcfb/ros2_ws/install/px4_msgs/include/px4_msgs/px4_msgs/msg/vehicle_constraints.h\n'}
[1.458175] (px4_msgs) StdoutLine: {'line': b'-- Up-to-date: /home/mcfb/ros2_ws/install/px4_msgs/include/px4_msgs/px4_msgs/msg/camera_status.h\n'}
[1.458218] (px4_msgs) StdoutLine: {'line': b'-- Up-to-date: /home/mcfb/ros2_ws/install/px4_msgs/include/px4_msgs/px4_msgs/msg/actuator_controls_status.h\n'}
[1.458264] (px4_msgs) StdoutLine: {'line': b'-- Up-to-date: /home/mcfb/ros2_ws/install/px4_msgs/include/px4_msgs/px4_msgs/msg/failure_detector_status.h\n'}
[1.458308] (px4_msgs) StdoutLine: {'line': b'-- Up-to-date: /home/mcfb/ros2_ws/install/px4_msgs/include/px4_msgs/px4_msgs/msg/battery_info.h\n'}
[1.458359] (px4_msgs) StdoutLine: {'line': b'-- Up-to-date: /home/mcfb/ros2_ws/install/px4_msgs/include/px4_msgs/px4_msgs/msg/position_controller_landing_status.h\n'}
[1.458409] (px4_msgs) StdoutLine: {'line': b'-- Up-to-date: /home/mcfb/ros2_ws/install/px4_msgs/include/px4_msgs/px4_msgs/msg/fixed_wing_lateral_status.h\n'}
[1.458452] (px4_msgs) StdoutLine: {'line': b'-- Up-to-date: /home/mcfb/ros2_ws/install/px4_msgs/include/px4_msgs/px4_msgs/msg/orb_test.h\n'}
[1.458495] (px4_msgs) StdoutLine: {'line': b'-- Up-to-date: /home/mcfb/ros2_ws/install/px4_msgs/include/px4_msgs/px4_msgs/msg/esc_report.h\n'}
[1.458539] (px4_msgs) StdoutLine: {'line': b'-- Up-to-date: /home/mcfb/ros2_ws/install/px4_msgs/include/px4_msgs/px4_msgs/msg/tiltrotor_extra_controls.h\n'}
[1.458580] (px4_msgs) StdoutLine: {'line': b'-- Up-to-date: /home/mcfb/ros2_ws/install/px4_msgs/include/px4_msgs/px4_msgs/msg/vehicle_command.h\n'}
[1.458626] (px4_msgs) StdoutLine: {'line': b'-- Up-to-date: /home/mcfb/ros2_ws/install/px4_msgs/include/px4_msgs/px4_msgs/msg/sensor_gyro_fft.h\n'}
[1.458667] (px4_msgs) StdoutLine: {'line': b'-- Up-to-date: /home/mcfb/ros2_ws/install/px4_msgs/include/px4_msgs/px4_msgs/msg/mission_result.h\n'}
[1.458708] (px4_msgs) StdoutLine: {'line': b'-- Up-to-date: /home/mcfb/ros2_ws/install/px4_msgs/include/px4_msgs/px4_msgs/msg/onboard_computer_status.h\n'}
[1.458750] (px4_msgs) StdoutLine: {'line': b'-- Up-to-date: /home/mcfb/ros2_ws/install/px4_msgs/include/px4_msgs/px4_msgs/msg/vehicle_magnetometer.h\n'}
[1.458792] (px4_msgs) StdoutLine: {'line': b'-- Up-to-date: /home/mcfb/ros2_ws/install/px4_msgs/include/px4_msgs/px4_msgs/msg/vehicle_imu.h\n'}
[1.458835] (px4_msgs) StdoutLine: {'line': b'-- Up-to-date: /home/mcfb/ros2_ws/install/px4_msgs/include/px4_msgs/px4_msgs/msg/message_format_response.h\n'}
[1.458881] (px4_msgs) StdoutLine: {'line': b'-- Up-to-date: /home/mcfb/ros2_ws/install/px4_msgs/include/px4_msgs/px4_msgs/msg/figure_eight_status.h\n'}
[1.458924] (px4_msgs) StdoutLine: {'line': b'-- Up-to-date: /home/mcfb/ros2_ws/install/px4_msgs/include/px4_msgs/px4_msgs/msg/vehicle_attitude.h\n'}
[1.458966] (px4_msgs) StdoutLine: {'line': b'-- Up-to-date: /home/mcfb/ros2_ws/install/px4_msgs/include/px4_msgs/px4_msgs/msg/parameter_set_value_request.h\n'}
[1.459008] (px4_msgs) StdoutLine: {'line': b'-- Up-to-date: /home/mcfb/ros2_ws/install/px4_msgs/include/px4_msgs/px4_msgs/msg/rate_ctrl_status.h\n'}
[1.459051] (px4_msgs) StdoutLine: {'line': b'-- Up-to-date: /home/mcfb/ros2_ws/install/px4_msgs/include/px4_msgs/px4_msgs/msg/open_drone_id_operator_id.h\n'}
[1.459095] (px4_msgs) StdoutLine: {'line': b'-- Up-to-date: /home/mcfb/ros2_ws/install/px4_msgs/include/px4_msgs/px4_msgs/msg/timesync_status.h\n'}
[1.459139] (px4_msgs) StdoutLine: {'line': b'-- Up-to-date: /home/mcfb/ros2_ws/install/px4_msgs/include/px4_msgs/px4_msgs/msg/led_control.h\n'}
[1.459183] (px4_msgs) StdoutLine: {'line': b'-- Up-to-date: /home/mcfb/ros2_ws/install/px4_msgs/include/px4_msgs/px4_msgs/msg/sensor_gps.h\n'}
[1.459226] (px4_msgs) StdoutLine: {'line': b'-- Up-to-date: /home/mcfb/ros2_ws/install/px4_msgs/include/px4_msgs/px4_msgs/msg/vehicle_optical_flow_vel.h\n'}
[1.459269] (px4_msgs) StdoutLine: {'line': b'-- Up-to-date: /home/mcfb/ros2_ws/install/px4_msgs/include/px4_msgs/px4_msgs/msg/estimator_event_flags.h\n'}
[1.459321] (px4_msgs) StdoutLine: {'line': b'-- Up-to-date: /home/mcfb/ros2_ws/install/px4_msgs/include/px4_msgs/px4_msgs/msg/sensor_mag.h\n'}
[1.459367] (px4_msgs) StdoutLine: {'line': b'-- Up-to-date: /home/mcfb/ros2_ws/install/px4_msgs/include/px4_msgs/px4_msgs/msg/debug_key_value.h\n'}
[1.459412] (px4_msgs) StdoutLine: {'line': b'-- Up-to-date: /home/mcfb/ros2_ws/install/px4_msgs/include/px4_msgs/px4_msgs/msg/heater_status.h\n'}
[1.459455] (px4_msgs) StdoutLine: {'line': b'-- Up-to-date: /home/mcfb/ros2_ws/install/px4_msgs/include/px4_msgs/px4_msgs/msg/power_monitor.h\n'}
[1.459505] (px4_msgs) StdoutLine: {'line': b'-- Up-to-date: /home/mcfb/ros2_ws/install/px4_msgs/include/px4_msgs/px4_msgs/msg/vehicle_roi.h\n'}
[1.459552] (px4_msgs) StdoutLine: {'line': b'-- Up-to-date: /home/mcfb/ros2_ws/install/px4_msgs/include/px4_msgs/px4_msgs/msg/differential_pressure.h\n'}
[1.459602] (px4_msgs) StdoutLine: {'line': b'-- Up-to-date: /home/mcfb/ros2_ws/install/px4_msgs/include/px4_msgs/px4_msgs/msg/vehicle_rates_setpoint.h\n'}
[1.459650] (px4_msgs) StdoutLine: {'line': b'-- Up-to-date: /home/mcfb/ros2_ws/install/px4_msgs/include/px4_msgs/px4_msgs/msg/position_setpoint_triplet.h\n'}
[1.459694] (px4_msgs) StdoutLine: {'line': b'-- Up-to-date: /home/mcfb/ros2_ws/install/px4_msgs/include/px4_msgs/px4_msgs/msg/gpio_config.h\n'}
[1.459740] (px4_msgs) StdoutLine: {'line': b'-- Up-to-date: /home/mcfb/ros2_ws/install/px4_msgs/include/px4_msgs/px4_msgs/msg/wind.h\n'}
[1.459786] (px4_msgs) StdoutLine: {'line': b'-- Up-to-date: /home/mcfb/ros2_ws/install/px4_msgs/include/px4_msgs/px4_msgs/msg/parameter_reset_request.h\n'}
[1.459833] (px4_msgs) StdoutLine: {'line': b'-- Up-to-date: /home/mcfb/ros2_ws/install/px4_msgs/include/px4_msgs/px4_msgs/msg/dronecan_node_status.h\n'}
[1.459880] (px4_msgs) StdoutLine: {'line': b'-- Up-to-date: /home/mcfb/ros2_ws/install/px4_msgs/include/px4_msgs/px4_msgs/msg/fixed_wing_runway_control.h\n'}
[1.459927] (px4_msgs) StdoutLine: {'line': b'-- Up-to-date: /home/mcfb/ros2_ws/install/px4_msgs/include/px4_msgs/px4_msgs/msg/transponder_report.h\n'}
[1.459975] (px4_msgs) StdoutLine: {'line': b'-- Up-to-date: /home/mcfb/ros2_ws/install/px4_msgs/include/px4_msgs/px4_msgs/msg/sensor_preflight_mag.h\n'}
[1.460025] (px4_msgs) StdoutLine: {'line': b'-- Up-to-date: /home/mcfb/ros2_ws/install/px4_msgs/include/px4_msgs/px4_msgs/msg/gps_dump.h\n'}
[1.460074] (px4_msgs) StdoutLine: {'line': b'-- Up-to-date: /home/mcfb/ros2_ws/install/px4_msgs/include/px4_msgs/px4_msgs/msg/fixed_wing_lateral_guidance_status.h\n'}
[1.460123] (px4_msgs) StdoutLine: {'line': b'-- Up-to-date: /home/mcfb/ros2_ws/install/px4_msgs/include/px4_msgs/px4_msgs/msg/rover_steering_setpoint.h\n'}
[1.460172] (px4_msgs) StdoutLine: {'line': b'-- Up-to-date: /home/mcfb/ros2_ws/install/px4_msgs/include/px4_msgs/px4_msgs/msg/system_power.h\n'}
[1.460227] (px4_msgs) StdoutLine: {'line': b'-- Up-to-date: /home/mcfb/ros2_ws/install/px4_msgs/include/px4_msgs/px4_msgs/msg/gimbal_manager_set_manual_control.h\n'}
[1.460279] (px4_msgs) StdoutLine: {'line': b'-- Up-to-date: /home/mcfb/ros2_ws/install/px4_msgs/include/px4_msgs/px4_msgs/msg/camera_trigger.h\n'}
[1.460336] (px4_msgs) StdoutLine: {'line': b'-- Up-to-date: /home/mcfb/ros2_ws/install/px4_msgs/include/px4_msgs/px4_msgs/msg/mount_orientation.h\n'}
[1.460386] (px4_msgs) StdoutLine: {'line': b'-- Up-to-date: /home/mcfb/ros2_ws/install/px4_msgs/include/px4_msgs/px4_msgs/msg/event.h\n'}
[1.460434] (px4_msgs) StdoutLine: {'line': b'-- Up-to-date: /home/mcfb/ros2_ws/install/px4_msgs/include/px4_msgs/px4_msgs/msg/pure_pursuit_status.h\n'}
[1.460483] (px4_msgs) StdoutLine: {'line': b'-- Up-to-date: /home/mcfb/ros2_ws/install/px4_msgs/include/px4_msgs/px4_msgs/msg/adc_report.h\n'}
[1.460533] (px4_msgs) StdoutLine: {'line': b'-- Up-to-date: /home/mcfb/ros2_ws/install/px4_msgs/include/px4_msgs/px4_msgs/msg/gimbal_device_attitude_status.h\n'}
[1.460583] (px4_msgs) StdoutLine: {'line': b'-- Up-to-date: /home/mcfb/ros2_ws/install/px4_msgs/include/px4_msgs/px4_msgs/msg/logger_status.h\n'}
[1.460632] (px4_msgs) StdoutLine: {'line': b'-- Up-to-date: /home/mcfb/ros2_ws/install/px4_msgs/include/px4_msgs/px4_msgs/msg/rover_attitude_setpoint.h\n'}
[1.460681] (px4_msgs) StdoutLine: {'line': b'-- Up-to-date: /home/mcfb/ros2_ws/install/px4_msgs/include/px4_msgs/px4_msgs/msg/position_setpoint.h\n'}
[1.460731] (px4_msgs) StdoutLine: {'line': b'-- Up-to-date: /home/mcfb/ros2_ws/install/px4_msgs/include/px4_msgs/px4_msgs/msg/rover_position_setpoint.h\n'}
[1.460783] (px4_msgs) StdoutLine: {'line': b'-- Up-to-date: /home/mcfb/ros2_ws/install/px4_msgs/include/px4_msgs/px4_msgs/msg/config_overrides.h\n'}
[1.460850] (px4_msgs) StdoutLine: {'line': b'-- Up-to-date: /home/mcfb/ros2_ws/install/px4_msgs/include/px4_msgs/px4_msgs/msg/mavlink_log.h\n'}
[1.460932] (px4_msgs) StdoutLine: {'line': b'-- Up-to-date: /home/mcfb/ros2_ws/install/px4_msgs/include/px4_msgs/px4_msgs/msg/rover_rate_status.h\n'}
[1.461028] (px4_msgs) StdoutLine: {'line': b'-- Up-to-date: /home/mcfb/ros2_ws/install/px4_msgs/include/px4_msgs/px4_msgs/msg/irlock_report.h\n'}
[1.461089] (px4_msgs) StdoutLine: {'line': b'-- Up-to-date: /home/mcfb/ros2_ws/install/px4_msgs/share/px4_msgs/environment/library_path.sh\n'}
[1.461141] (px4_msgs) StdoutLine: {'line': b'-- Up-to-date: /home/mcfb/ros2_ws/install/px4_msgs/share/px4_msgs/environment/library_path.dsv\n'}
[1.461204] (px4_msgs) StdoutLine: {'line': b'-- Up-to-date: /home/mcfb/ros2_ws/install/px4_msgs/lib/libpx4_msgs__rosidl_generator_c.so\n'}
[1.461296] (px4_msgs) StdoutLine: {'line': b'-- Up-to-date: /home/mcfb/ros2_ws/install/px4_msgs/include/px4_msgs/px4_msgs\n'}
[1.461385] (px4_msgs) StdoutLine: {'line': b'-- Up-to-date: /home/mcfb/ros2_ws/install/px4_msgs/include/px4_msgs/px4_msgs/srv\n'}
[1.461462] (px4_msgs) StdoutLine: {'line': b'-- Up-to-date: /home/mcfb/ros2_ws/install/px4_msgs/include/px4_msgs/px4_msgs/srv/detail\n'}
[1.461529] (px4_msgs) StdoutLine: {'line': b'-- Up-to-date: /home/mcfb/ros2_ws/install/px4_msgs/include/px4_msgs/px4_msgs/srv/detail/vehicle_command__rosidl_typesupport_fastrtps_c.h\n'}
[1.461614] (px4_msgs) StdoutLine: {'line': b'-- Up-to-date: /home/mcfb/ros2_ws/install/px4_msgs/include/px4_msgs/px4_msgs/msg\n'}
[1.461708] (px4_msgs) StdoutLine: {'line': b'-- Up-to-date: /home/mcfb/ros2_ws/install/px4_msgs/include/px4_msgs/px4_msgs/msg/detail\n'}
[1.461783] (px4_msgs) StdoutLine: {'line': b'-- Up-to-date: /home/mcfb/ros2_ws/install/px4_msgs/include/px4_msgs/px4_msgs/msg/detail/sensor_gnss_status__rosidl_typesupport_fastrtps_c.h\n'}
[1.461868] (px4_msgs) StdoutLine: {'line': b'-- Up-to-date: /home/mcfb/ros2_ws/install/px4_msgs/include/px4_msgs/px4_msgs/msg/detail/sensor_accel__rosidl_typesupport_fastrtps_c.h\n'}
[1.461938] (px4_msgs) StdoutLine: {'line': b'-- Up-to-date: /home/mcfb/ros2_ws/install/px4_msgs/include/px4_msgs/px4_msgs/msg/detail/camera_trigger__rosidl_typesupport_fastrtps_c.h\n'}
[1.462013] (px4_msgs) StdoutLine: {'line': b'-- Up-to-date: /home/mcfb/ros2_ws/install/px4_msgs/include/px4_msgs/px4_msgs/msg/detail/rtl_time_estimate__rosidl_typesupport_fastrtps_c.h\n'}
[1.462083] (px4_msgs) StdoutLine: {'line': b'-- Up-to-date: /home/mcfb/ros2_ws/install/px4_msgs/include/px4_msgs/px4_msgs/msg/detail/tiltrotor_extra_controls__rosidl_typesupport_fastrtps_c.h\n'}
[1.462149] (px4_msgs) StdoutLine: {'line': b'-- Up-to-date: /home/mcfb/ros2_ws/install/px4_msgs/include/px4_msgs/px4_msgs/msg/detail/fixed_wing_lateral_setpoint__rosidl_typesupport_fastrtps_c.h\n'}
[1.462211] (px4_msgs) StdoutLine: {'line': b'-- Up-to-date: /home/mcfb/ros2_ws/install/px4_msgs/include/px4_msgs/px4_msgs/msg/detail/irlock_report__rosidl_typesupport_fastrtps_c.h\n'}
[1.462275] (px4_msgs) StdoutLine: {'line': b'-- Up-to-date: /home/mcfb/ros2_ws/install/px4_msgs/include/px4_msgs/px4_msgs/msg/detail/led_control__rosidl_typesupport_fastrtps_c.h\n'}
[1.462333] (px4_msgs) StdoutLine: {'line': b'-- Up-to-date: /home/mcfb/ros2_ws/install/px4_msgs/include/px4_msgs/px4_msgs/msg/detail/battery_info__rosidl_typesupport_fastrtps_c.h\n'}
[1.462383] (px4_msgs) StdoutLine: {'line': b'-- Up-to-date: /home/mcfb/ros2_ws/install/px4_msgs/include/px4_msgs/px4_msgs/msg/detail/vehicle_odometry__rosidl_typesupport_fastrtps_c.h\n'}
[1.462435] (px4_msgs) StdoutLine: {'line': b'-- Up-to-date: /home/mcfb/ros2_ws/install/px4_msgs/include/px4_msgs/px4_msgs/msg/detail/navigator_mission_item__rosidl_typesupport_fastrtps_c.h\n'}
[1.462479] (px4_msgs) StdoutLine: {'line': b'-- Up-to-date: /home/mcfb/ros2_ws/install/px4_msgs/include/px4_msgs/px4_msgs/msg/detail/generator_status__rosidl_typesupport_fastrtps_c.h\n'}
[1.462526] (px4_msgs) StdoutLine: {'line': b'-- Up-to-date: /home/mcfb/ros2_ws/install/px4_msgs/include/px4_msgs/px4_msgs/msg/detail/vehicle_local_position__rosidl_typesupport_fastrtps_c.h\n'}
[1.462579] (px4_msgs) StdoutLine: {'line': b'-- Up-to-date: /home/mcfb/ros2_ws/install/px4_msgs/include/px4_msgs/px4_msgs/msg/detail/onboard_computer_status__rosidl_typesupport_fastrtps_c.h\n'}
[1.462622] (px4_msgs) StdoutLine: {'line': b'-- Up-to-date: /home/mcfb/ros2_ws/install/px4_msgs/include/px4_msgs/px4_msgs/msg/detail/sensor_gps__rosidl_typesupport_fastrtps_c.h\n'}
[1.462690] (px4_msgs) StdoutLine: {'line': b'-- Up-to-date: /home/mcfb/ros2_ws/install/px4_msgs/include/px4_msgs/px4_msgs/msg/detail/config_overrides__rosidl_typesupport_fastrtps_c.h\n'}
[1.462744] (px4_msgs) StdoutLine: {'line': b'-- Up-to-date: /home/mcfb/ros2_ws/install/px4_msgs/include/px4_msgs/px4_msgs/msg/detail/actuator_servos__rosidl_typesupport_fastrtps_c.h\n'}
[1.462786] (px4_msgs) StdoutLine: {'line': b'-- Up-to-date: /home/mcfb/ros2_ws/install/px4_msgs/include/px4_msgs/px4_msgs/msg/detail/fixed_wing_lateral_status__rosidl_typesupport_fastrtps_c.h\n'}
[1.462833] (px4_msgs) StdoutLine: {'line': b'-- Up-to-date: /home/mcfb/ros2_ws/install/px4_msgs/include/px4_msgs/px4_msgs/msg/detail/wind__rosidl_typesupport_fastrtps_c.h\n'}
[1.462892] (px4_msgs) StdoutLine: {'line': b'-- Up-to-date: /home/mcfb/ros2_ws/install/px4_msgs/include/px4_msgs/px4_msgs/msg/detail/vehicle_command_ack__rosidl_typesupport_fastrtps_c.h\n'}
[1.462953] (px4_msgs) StdoutLine: {'line': b'-- Up-to-date: /home/mcfb/ros2_ws/install/px4_msgs/include/px4_msgs/px4_msgs/msg/detail/orb_test_medium__rosidl_typesupport_fastrtps_c.h\n'}
[1.462994] (px4_msgs) StdoutLine: {'line': b'-- Up-to-date: /home/mcfb/ros2_ws/install/px4_msgs/include/px4_msgs/px4_msgs/msg/detail/heater_status__rosidl_typesupport_fastrtps_c.h\n'}
[1.463045] (px4_msgs) StdoutLine: {'line': b'-- Up-to-date: /home/mcfb/ros2_ws/install/px4_msgs/include/px4_msgs/px4_msgs/msg/detail/mavlink_log__rosidl_typesupport_fastrtps_c.h\n'}
[1.463110] (px4_msgs) StdoutLine: {'line': b'-- Up-to-date: /home/mcfb/ros2_ws/install/px4_msgs/include/px4_msgs/px4_msgs/msg/detail/estimator_sensor_bias__rosidl_typesupport_fastrtps_c.h\n'}
[1.463154] (px4_msgs) StdoutLine: {'line': b'-- Up-to-date: /home/mcfb/ros2_ws/install/px4_msgs/include/px4_msgs/px4_msgs/msg/detail/airspeed__rosidl_typesupport_fastrtps_c.h\n'}
[1.463202] (px4_msgs) StdoutLine: {'line': b'-- Up-to-date: /home/mcfb/ros2_ws/install/px4_msgs/include/px4_msgs/px4_msgs/msg/detail/differential_pressure__rosidl_typesupport_fastrtps_c.h\n'}
[1.463273] (px4_msgs) StdoutLine: {'line': b'-- Up-to-date: /home/mcfb/ros2_ws/install/px4_msgs/include/px4_msgs/px4_msgs/msg/detail/tecs_status__rosidl_typesupport_fastrtps_c.h\n'}
[1.463353] (px4_msgs) StdoutLine: {'line': b'-- Up-to-date: /home/mcfb/ros2_ws/install/px4_msgs/include/px4_msgs/px4_msgs/msg/detail/failsafe_flags__rosidl_typesupport_fastrtps_c.h\n'}
[1.463423] (px4_msgs) StdoutLine: {'line': b'-- Up-to-date: /home/mcfb/ros2_ws/install/px4_msgs/include/px4_msgs/px4_msgs/msg/detail/airspeed_validated__rosidl_typesupport_fastrtps_c.h\n'}
[1.463474] (px4_msgs) StdoutLine: {'line': b'-- Up-to-date: /home/mcfb/ros2_ws/install/px4_msgs/include/px4_msgs/px4_msgs/msg/detail/landing_gear__rosidl_typesupport_fastrtps_c.h\n'}
[1.463517] (px4_msgs) StdoutLine: {'line': b'-- Up-to-date: /home/mcfb/ros2_ws/install/px4_msgs/include/px4_msgs/px4_msgs/msg/detail/estimator_aid_source1d__rosidl_typesupport_fastrtps_c.h\n'}
[1.463559] (px4_msgs) StdoutLine: {'line': b'-- Up-to-date: /home/mcfb/ros2_ws/install/px4_msgs/include/px4_msgs/px4_msgs/msg/detail/geofence_result__rosidl_typesupport_fastrtps_c.h\n'}
[1.463601] (px4_msgs) StdoutLine: {'line': b'-- Up-to-date: /home/mcfb/ros2_ws/install/px4_msgs/include/px4_msgs/px4_msgs/msg/detail/uavcan_parameter_value__rosidl_typesupport_fastrtps_c.h\n'}
[1.463650] (px4_msgs) StdoutLine: {'line': b'-- Up-to-date: /home/mcfb/ros2_ws/install/px4_msgs/include/px4_msgs/px4_msgs/msg/detail/parameter_set_used_request__rosidl_typesupport_fastrtps_c.h\n'}
[1.463702] (px4_msgs) StdoutLine: {'line': b'-- Up-to-date: /home/mcfb/ros2_ws/install/px4_msgs/include/px4_msgs/px4_msgs/msg/detail/mag_worker_data__rosidl_typesupport_fastrtps_c.h\n'}
[1.463769] (px4_msgs) StdoutLine: {'line': b'-- Up-to-date: /home/mcfb/ros2_ws/install/px4_msgs/include/px4_msgs/px4_msgs/msg/detail/log_message__rosidl_typesupport_fastrtps_c.h\n'}
[1.463821] (px4_msgs) StdoutLine: {'line': b'-- Up-to-date: /home/mcfb/ros2_ws/install/px4_msgs/include/px4_msgs/px4_msgs/msg/detail/internal_combustion_engine_status__rosidl_typesupport_fastrtps_c.h\n'}
[1.463883] (px4_msgs) StdoutLine: {'line': b'-- Up-to-date: /home/mcfb/ros2_ws/install/px4_msgs/include/px4_msgs/px4_msgs/msg/detail/vehicle_status__rosidl_typesupport_fastrtps_c.h\n'}
[1.463928] (px4_msgs) StdoutLine: {'line': b'-- Up-to-date: /home/mcfb/ros2_ws/install/px4_msgs/include/px4_msgs/px4_msgs/msg/detail/arming_check_reply__rosidl_typesupport_fastrtps_c.h\n'}
[1.463979] (px4_msgs) StdoutLine: {'line': b'-- Up-to-date: /home/mcfb/ros2_ws/install/px4_msgs/include/px4_msgs/px4_msgs/msg/detail/gripper__rosidl_typesupport_fastrtps_c.h\n'}
[1.464042] (px4_msgs) StdoutLine: {'line': b'-- Up-to-date: /home/mcfb/ros2_ws/install/px4_msgs/include/px4_msgs/px4_msgs/msg/detail/gpio_in__rosidl_typesupport_fastrtps_c.h\n'}
[1.464085] (px4_msgs) StdoutLine: {'line': b'-- Up-to-date: /home/mcfb/ros2_ws/install/px4_msgs/include/px4_msgs/px4_msgs/msg/detail/landing_gear_wheel__rosidl_typesupport_fastrtps_c.h\n'}
[1.464128] (px4_msgs) StdoutLine: {'line': b'-- Up-to-date: /home/mcfb/ros2_ws/install/px4_msgs/include/px4_msgs/px4_msgs/msg/detail/collision_constraints__rosidl_typesupport_fastrtps_c.h\n'}
[1.464176] (px4_msgs) StdoutLine: {'line': b'-- Up-to-date: /home/mcfb/ros2_ws/install/px4_msgs/include/px4_msgs/px4_msgs/msg/detail/parameter_reset_request__rosidl_typesupport_fastrtps_c.h\n'}
[1.464220] (px4_msgs) StdoutLine: {'line': b'-- Up-to-date: /home/mcfb/ros2_ws/install/px4_msgs/include/px4_msgs/px4_msgs/msg/detail/debug_vect__rosidl_typesupport_fastrtps_c.h\n'}
[1.464264] (px4_msgs) StdoutLine: {'line': b'-- Up-to-date: /home/mcfb/ros2_ws/install/px4_msgs/include/px4_msgs/px4_msgs/msg/detail/landing_target_pose__rosidl_typesupport_fastrtps_c.h\n'}
[1.464308] (px4_msgs) StdoutLine: {'line': b'-- Up-to-date: /home/mcfb/ros2_ws/install/px4_msgs/include/px4_msgs/px4_msgs/msg/detail/gps_dump__rosidl_typesupport_fastrtps_c.h\n'}
[1.464360] (px4_msgs) StdoutLine: {'line': b'-- Up-to-date: /home/mcfb/ros2_ws/install/px4_msgs/include/px4_msgs/px4_msgs/msg/detail/px4io_status__rosidl_typesupport_fastrtps_c.h\n'}
[1.464419] (px4_msgs) StdoutLine: {'line': b'-- Up-to-date: /home/mcfb/ros2_ws/install/px4_msgs/include/px4_msgs/px4_msgs/msg/detail/sensor_combined__rosidl_typesupport_fastrtps_c.h\n'}
[1.464488] (px4_msgs) StdoutLine: {'line': b'-- Up-to-date: /home/mcfb/ros2_ws/install/px4_msgs/include/px4_msgs/px4_msgs/msg/detail/camera_status__rosidl_typesupport_fastrtps_c.h\n'}
[1.464556] (px4_msgs) StdoutLine: {'line': b'-- Up-to-date: /home/mcfb/ros2_ws/install/px4_msgs/include/px4_msgs/px4_msgs/msg/detail/pure_pursuit_status__rosidl_typesupport_fastrtps_c.h\n'}
[1.464619] (px4_msgs) StdoutLine: {'line': b'-- Up-to-date: /home/mcfb/ros2_ws/install/px4_msgs/include/px4_msgs/px4_msgs/msg/detail/arming_check_request__rosidl_typesupport_fastrtps_c.h\n'}
[1.464660] (px4_msgs) StdoutLine: {'line': b'-- Up-to-date: /home/mcfb/ros2_ws/install/px4_msgs/include/px4_msgs/px4_msgs/msg/detail/ulog_stream__rosidl_typesupport_fastrtps_c.h\n'}
[1.464702] (px4_msgs) StdoutLine: {'line': b'-- Up-to-date: /home/mcfb/ros2_ws/install/px4_msgs/include/px4_msgs/px4_msgs/msg/detail/sensor_gyro_fft__rosidl_typesupport_fastrtps_c.h\n'}
[1.464743] (px4_msgs) StdoutLine: {'line': b'-- Up-to-date: /home/mcfb/ros2_ws/install/px4_msgs/include/px4_msgs/px4_msgs/msg/detail/follow_target_status__rosidl_typesupport_fastrtps_c.h\n'}
[1.464788] (px4_msgs) StdoutLine: {'line': b'-- Up-to-date: /home/mcfb/ros2_ws/install/px4_msgs/include/px4_msgs/px4_msgs/msg/detail/velocity_limits__rosidl_typesupport_fastrtps_c.h\n'}
[1.464840] (px4_msgs) StdoutLine: {'line': b'-- Up-to-date: /home/mcfb/ros2_ws/install/px4_msgs/include/px4_msgs/px4_msgs/msg/detail/register_ext_component_reply__rosidl_typesupport_fastrtps_c.h\n'}
[1.464901] (px4_msgs) StdoutLine: {'line': b'-- Up-to-date: /home/mcfb/ros2_ws/install/px4_msgs/include/px4_msgs/px4_msgs/msg/detail/rover_speed_setpoint__rosidl_typesupport_fastrtps_c.h\n'}
[1.464951] (px4_msgs) StdoutLine: {'line': b'-- Up-to-date: /home/mcfb/ros2_ws/install/px4_msgs/include/px4_msgs/px4_msgs/msg/detail/ulog_stream_ack__rosidl_typesupport_fastrtps_c.h\n'}
[1.464994] (px4_msgs) StdoutLine: {'line': b'-- Up-to-date: /home/mcfb/ros2_ws/install/px4_msgs/include/px4_msgs/px4_msgs/msg/detail/sensor_hygrometer__rosidl_typesupport_fastrtps_c.h\n'}
[1.465040] (px4_msgs) StdoutLine: {'line': b'-- Up-to-date: /home/mcfb/ros2_ws/install/px4_msgs/include/px4_msgs/px4_msgs/msg/detail/actuator_test__rosidl_typesupport_fastrtps_c.h\n'}
[1.465082] (px4_msgs) StdoutLine: {'line': b'-- Up-to-date: /home/mcfb/ros2_ws/install/px4_msgs/include/px4_msgs/px4_msgs/msg/detail/gimbal_device_information__rosidl_typesupport_fastrtps_c.h\n'}
[1.465126] (px4_msgs) StdoutLine: {'line': b'-- Up-to-date: /home/mcfb/ros2_ws/install/px4_msgs/include/px4_msgs/px4_msgs/msg/detail/sensor_optical_flow__rosidl_typesupport_fastrtps_c.h\n'}
[1.465180] (px4_msgs) StdoutLine: {'line': b'-- Up-to-date: /home/mcfb/ros2_ws/install/px4_msgs/include/px4_msgs/px4_msgs/msg/detail/position_setpoint__rosidl_typesupport_fastrtps_c.h\n'}
[1.465234] (px4_msgs) StdoutLine: {'line': b'-- Up-to-date: /home/mcfb/ros2_ws/install/px4_msgs/include/px4_msgs/px4_msgs/msg/detail/actuator_controls_status__rosidl_typesupport_fastrtps_c.h\n'}
[1.465280] (px4_msgs) StdoutLine: {'line': b'-- Up-to-date: /home/mcfb/ros2_ws/install/px4_msgs/include/px4_msgs/px4_msgs/msg/detail/sensor_preflight_mag__rosidl_typesupport_fastrtps_c.h\n'}
[1.465330] (px4_msgs) StdoutLine: {'line': b'-- Up-to-date: /home/mcfb/ros2_ws/install/px4_msgs/include/px4_msgs/px4_msgs/msg/detail/mount_orientation__rosidl_typesupport_fastrtps_c.h\n'}
[1.465373] (px4_msgs) StdoutLine: {'line': b'-- Up-to-date: /home/mcfb/ros2_ws/install/px4_msgs/include/px4_msgs/px4_msgs/msg/detail/radio_status__rosidl_typesupport_fastrtps_c.h\n'}
[1.465419] (px4_msgs) StdoutLine: {'line': b'-- Up-to-date: /home/mcfb/ros2_ws/install/px4_msgs/include/px4_msgs/px4_msgs/msg/detail/sensor_uwb__rosidl_typesupport_fastrtps_c.h\n'}
[1.465463] (px4_msgs) StdoutLine: {'line': b'-- Up-to-date: /home/mcfb/ros2_ws/install/px4_msgs/include/px4_msgs/px4_msgs/msg/detail/actuator_motors__rosidl_typesupport_fastrtps_c.h\n'}
[1.465521] (px4_msgs) StdoutLine: {'line': b'-- Up-to-date: /home/mcfb/ros2_ws/install/px4_msgs/include/px4_msgs/px4_msgs/msg/detail/rover_attitude_setpoint__rosidl_typesupport_fastrtps_c.h\n'}
[1.465590] (px4_msgs) StdoutLine: {'line': b'-- Up-to-date: /home/mcfb/ros2_ws/install/px4_msgs/include/px4_msgs/px4_msgs/msg/detail/orbit_status__rosidl_typesupport_fastrtps_c.h\n'}
[1.465666] (px4_msgs) StdoutLine: {'line': b'-- Up-to-date: /home/mcfb/ros2_ws/install/px4_msgs/include/px4_msgs/px4_msgs/msg/detail/vehicle_magnetometer__rosidl_typesupport_fastrtps_c.h\n'}
[1.465737] (px4_msgs) StdoutLine: {'line': b'-- Up-to-date: /home/mcfb/ros2_ws/install/px4_msgs/include/px4_msgs/px4_msgs/msg/detail/dataman_request__rosidl_typesupport_fastrtps_c.h\n'}
[1.465794] (px4_msgs) StdoutLine: {'line': b'-- Up-to-date: /home/mcfb/ros2_ws/install/px4_msgs/include/px4_msgs/px4_msgs/msg/detail/parameter_set_value_response__rosidl_typesupport_fastrtps_c.h\n'}
[1.465839] (px4_msgs) StdoutLine: {'line': b'-- Up-to-date: /home/mcfb/ros2_ws/install/px4_msgs/include/px4_msgs/px4_msgs/msg/detail/fixed_wing_runway_control__rosidl_typesupport_fastrtps_c.h\n'}
[1.465884] (px4_msgs) StdoutLine: {'line': b'-- Up-to-date: /home/mcfb/ros2_ws/install/px4_msgs/include/px4_msgs/px4_msgs/msg/detail/actuator_outputs__rosidl_typesupport_fastrtps_c.h\n'}
[1.465927] (px4_msgs) StdoutLine: {'line': b'-- Up-to-date: /home/mcfb/ros2_ws/install/px4_msgs/include/px4_msgs/px4_msgs/msg/detail/actuator_armed__rosidl_typesupport_fastrtps_c.h\n'}
[1.465969] (px4_msgs) StdoutLine: {'line': b'-- Up-to-date: /home/mcfb/ros2_ws/install/px4_msgs/include/px4_msgs/px4_msgs/msg/detail/rover_position_setpoint__rosidl_typesupport_fastrtps_c.h\n'}
[1.466013] (px4_msgs) StdoutLine: {'line': b'-- Up-to-date: /home/mcfb/ros2_ws/install/px4_msgs/include/px4_msgs/px4_msgs/msg/detail/vehicle_optical_flow__rosidl_typesupport_fastrtps_c.h\n'}
[1.466057] (px4_msgs) StdoutLine: {'line': b'-- Up-to-date: /home/mcfb/ros2_ws/install/px4_msgs/include/px4_msgs/px4_msgs/msg/detail/airspeed_wind__rosidl_typesupport_fastrtps_c.h\n'}
[1.466098] (px4_msgs) StdoutLine: {'line': b'-- Up-to-date: /home/mcfb/ros2_ws/install/px4_msgs/include/px4_msgs/px4_msgs/msg/detail/orb_test__rosidl_typesupport_fastrtps_c.h\n'}
[1.466143] (px4_msgs) StdoutLine: {'line': b'-- Up-to-date: /home/mcfb/ros2_ws/install/px4_msgs/include/px4_msgs/px4_msgs/msg/detail/open_drone_id_system__rosidl_typesupport_fastrtps_c.h\n'}
[1.466185] (px4_msgs) StdoutLine: {'line': b'-- Up-to-date: /home/mcfb/ros2_ws/install/px4_msgs/include/px4_msgs/px4_msgs/msg/detail/vehicle_command__rosidl_typesupport_fastrtps_c.h\n'}
[1.466226] (px4_msgs) StdoutLine: {'line': b'-- Up-to-date: /home/mcfb/ros2_ws/install/px4_msgs/include/px4_msgs/px4_msgs/msg/detail/power_button_state__rosidl_typesupport_fastrtps_c.h\n'}
[1.466268] (px4_msgs) StdoutLine: {'line': b'-- Up-to-date: /home/mcfb/ros2_ws/install/px4_msgs/include/px4_msgs/px4_msgs/msg/detail/sensor_correction__rosidl_typesupport_fastrtps_c.h\n'}
[1.466310] (px4_msgs) StdoutLine: {'line': b'-- Up-to-date: /home/mcfb/ros2_ws/install/px4_msgs/include/px4_msgs/px4_msgs/msg/detail/message_format_request__rosidl_typesupport_fastrtps_c.h\n'}
[1.466359] (px4_msgs) StdoutLine: {'line': b'-- Up-to-date: /home/mcfb/ros2_ws/install/px4_msgs/include/px4_msgs/px4_msgs/msg/detail/sensors_status__rosidl_typesupport_fastrtps_c.h\n'}
[1.466401] (px4_msgs) StdoutLine: {'line': b'-- Up-to-date: /home/mcfb/ros2_ws/install/px4_msgs/include/px4_msgs/px4_msgs/msg/detail/open_drone_id_self_id__rosidl_typesupport_fastrtps_c.h\n'}
[1.466442] (px4_msgs) StdoutLine: {'line': b'-- Up-to-date: /home/mcfb/ros2_ws/install/px4_msgs/include/px4_msgs/px4_msgs/msg/detail/vehicle_control_mode__rosidl_typesupport_fastrtps_c.h\n'}
[1.466483] (px4_msgs) StdoutLine: {'line': b'-- Up-to-date: /home/mcfb/ros2_ws/install/px4_msgs/include/px4_msgs/px4_msgs/msg/detail/rc_parameter_map__rosidl_typesupport_fastrtps_c.h\n'}
[1.466525] (px4_msgs) StdoutLine: {'line': b'-- Up-to-date: /home/mcfb/ros2_ws/install/px4_msgs/include/px4_msgs/px4_msgs/msg/detail/rover_rate_status__rosidl_typesupport_fastrtps_c.h\n'}
[1.466567] (px4_msgs) StdoutLine: {'line': b'-- Up-to-date: /home/mcfb/ros2_ws/install/px4_msgs/include/px4_msgs/px4_msgs/msg/detail/fixed_wing_lateral_guidance_status__rosidl_typesupport_fastrtps_c.h\n'}
[1.466608] (px4_msgs) StdoutLine: {'line': b'-- Up-to-date: /home/mcfb/ros2_ws/install/px4_msgs/include/px4_msgs/px4_msgs/msg/detail/rc_channels__rosidl_typesupport_fastrtps_c.h\n'}
[1.466650] (px4_msgs) StdoutLine: {'line': b'-- Up-to-date: /home/mcfb/ros2_ws/install/px4_msgs/include/px4_msgs/px4_msgs/msg/detail/button_event__rosidl_typesupport_fastrtps_c.h\n'}
[1.466691] (px4_msgs) StdoutLine: {'line': b'-- Up-to-date: /home/mcfb/ros2_ws/install/px4_msgs/include/px4_msgs/px4_msgs/msg/detail/navigator_status__rosidl_typesupport_fastrtps_c.h\n'}
[1.466732] (px4_msgs) StdoutLine: {'line': b'-- Up-to-date: /home/mcfb/ros2_ws/install/px4_msgs/include/px4_msgs/px4_msgs/msg/detail/vehicle_attitude_setpoint__rosidl_typesupport_fastrtps_c.h\n'}
[1.466774] (px4_msgs) StdoutLine: {'line': b'-- Up-to-date: /home/mcfb/ros2_ws/install/px4_msgs/include/px4_msgs/px4_msgs/msg/detail/gimbal_device_set_attitude__rosidl_typesupport_fastrtps_c.h\n'}
[1.466815] (px4_msgs) StdoutLine: {'line': b'-- Up-to-date: /home/mcfb/ros2_ws/install/px4_msgs/include/px4_msgs/px4_msgs/msg/detail/rover_speed_status__rosidl_typesupport_fastrtps_c.h\n'}
[1.466857] (px4_msgs) StdoutLine: {'line': b'-- Up-to-date: /home/mcfb/ros2_ws/install/px4_msgs/include/px4_msgs/px4_msgs/msg/detail/rtl_status__rosidl_typesupport_fastrtps_c.h\n'}
[1.466899] (px4_msgs) StdoutLine: {'line': b'-- Up-to-date: /home/mcfb/ros2_ws/install/px4_msgs/include/px4_msgs/px4_msgs/msg/detail/follow_target__rosidl_typesupport_fastrtps_c.h\n'}
[1.466945] (px4_msgs) StdoutLine: {'line': b'-- Up-to-date: /home/mcfb/ros2_ws/install/px4_msgs/include/px4_msgs/px4_msgs/msg/detail/estimator_innovations__rosidl_typesupport_fastrtps_c.h\n'}
[1.466989] (px4_msgs) StdoutLine: {'line': b'-- Up-to-date: /home/mcfb/ros2_ws/install/px4_msgs/include/px4_msgs/px4_msgs/msg/detail/iridiumsbd_status__rosidl_typesupport_fastrtps_c.h\n'}
[1.467031] (px4_msgs) StdoutLine: {'line': b'-- Up-to-date: /home/mcfb/ros2_ws/install/px4_msgs/include/px4_msgs/px4_msgs/msg/detail/sensor_gyro__rosidl_typesupport_fastrtps_c.h\n'}
[1.467072] (px4_msgs) StdoutLine: {'line': b'-- Up-to-date: /home/mcfb/ros2_ws/install/px4_msgs/include/px4_msgs/px4_msgs/msg/detail/landing_target_innovations__rosidl_typesupport_fastrtps_c.h\n'}
[1.467114] (px4_msgs) StdoutLine: {'line': b'-- Up-to-date: /home/mcfb/ros2_ws/install/px4_msgs/include/px4_msgs/px4_msgs/msg/detail/manual_control_switches__rosidl_typesupport_fastrtps_c.h\n'}
[1.467158] (px4_msgs) StdoutLine: {'line': b'-- Up-to-date: /home/mcfb/ros2_ws/install/px4_msgs/include/px4_msgs/px4_msgs/msg/detail/cpuload__rosidl_typesupport_fastrtps_c.h\n'}
[1.467200] (px4_msgs) StdoutLine: {'line': b'-- Up-to-date: /home/mcfb/ros2_ws/install/px4_msgs/include/px4_msgs/px4_msgs/msg/detail/trajectory_setpoint6dof__rosidl_typesupport_fastrtps_c.h\n'}
[1.467243] (px4_msgs) StdoutLine: {'line': b'-- Up-to-date: /home/mcfb/ros2_ws/install/px4_msgs/include/px4_msgs/px4_msgs/msg/detail/position_controller_status__rosidl_typesupport_fastrtps_c.h\n'}
[1.467287] (px4_msgs) StdoutLine: {'line': b'-- Up-to-date: /home/mcfb/ros2_ws/install/px4_msgs/include/px4_msgs/px4_msgs/msg/detail/power_monitor__rosidl_typesupport_fastrtps_c.h\n'}
[1.467338] (px4_msgs) StdoutLine: {'line': b'-- Up-to-date: /home/mcfb/ros2_ws/install/px4_msgs/include/px4_msgs/px4_msgs/msg/detail/estimator_status_flags__rosidl_typesupport_fastrtps_c.h\n'}
[1.467380] (px4_msgs) StdoutLine: {'line': b'-- Up-to-date: /home/mcfb/ros2_ws/install/px4_msgs/include/px4_msgs/px4_msgs/msg/detail/orb_test_large__rosidl_typesupport_fastrtps_c.h\n'}
[1.467424] (px4_msgs) StdoutLine: {'line': b'-- Up-to-date: /home/mcfb/ros2_ws/install/px4_msgs/include/px4_msgs/px4_msgs/msg/detail/longitudinal_control_configuration__rosidl_typesupport_fastrtps_c.h\n'}
[1.467465] (px4_msgs) StdoutLine: {'line': b'-- Up-to-date: /home/mcfb/ros2_ws/install/px4_msgs/include/px4_msgs/px4_msgs/msg/detail/satellite_info__rosidl_typesupport_fastrtps_c.h\n'}
[1.467506] (px4_msgs) StdoutLine: {'line': b'-- Up-to-date: /home/mcfb/ros2_ws/install/px4_msgs/include/px4_msgs/px4_msgs/msg/detail/launch_detection_status__rosidl_typesupport_fastrtps_c.h\n'}
[1.467548] (px4_msgs) StdoutLine: {'line': b'-- Up-to-date: /home/mcfb/ros2_ws/install/px4_msgs/include/px4_msgs/px4_msgs/msg/detail/failure_detector_status__rosidl_typesupport_fastrtps_c.h\n'}
[1.467588] (px4_msgs) StdoutLine: {'line': b'-- Up-to-date: /home/mcfb/ros2_ws/install/px4_msgs/include/px4_msgs/px4_msgs/msg/detail/esc_report__rosidl_typesupport_fastrtps_c.h\n'}
[1.467629] (px4_msgs) StdoutLine: {'line': b'-- Up-to-date: /home/mcfb/ros2_ws/install/px4_msgs/include/px4_msgs/px4_msgs/msg/detail/gpio_config__rosidl_typesupport_fastrtps_c.h\n'}
[1.467670] (px4_msgs) StdoutLine: {'line': b'-- Up-to-date: /home/mcfb/ros2_ws/install/px4_msgs/include/px4_msgs/px4_msgs/msg/detail/battery_status__rosidl_typesupport_fastrtps_c.h\n'}
[1.467710] (px4_msgs) StdoutLine: {'line': b'-- Up-to-date: /home/mcfb/ros2_ws/install/px4_msgs/include/px4_msgs/px4_msgs/msg/detail/flight_phase_estimation__rosidl_typesupport_fastrtps_c.h\n'}
[1.467750] (px4_msgs) StdoutLine: {'line': b'-- Up-to-date: /home/mcfb/ros2_ws/install/px4_msgs/include/px4_msgs/px4_msgs/msg/detail/yaw_estimator_status__rosidl_typesupport_fastrtps_c.h\n'}
[1.467792] (px4_msgs) StdoutLine: {'line': b'-- Up-to-date: /home/mcfb/ros2_ws/install/px4_msgs/include/px4_msgs/px4_msgs/msg/detail/ping__rosidl_typesupport_fastrtps_c.h\n'}
[1.467833] (px4_msgs) StdoutLine: {'line': b'-- Up-to-date: /home/mcfb/ros2_ws/install/px4_msgs/include/px4_msgs/px4_msgs/msg/detail/autotune_attitude_control_status__rosidl_typesupport_fastrtps_c.h\n'}
[1.467877] (px4_msgs) StdoutLine: {'line': b'-- Up-to-date: /home/mcfb/ros2_ws/install/px4_msgs/include/px4_msgs/px4_msgs/msg/detail/esc_status__rosidl_typesupport_fastrtps_c.h\n'}
[1.467921] (px4_msgs) StdoutLine: {'line': b'-- Up-to-date: /home/mcfb/ros2_ws/install/px4_msgs/include/px4_msgs/px4_msgs/msg/detail/rover_rate_setpoint__rosidl_typesupport_fastrtps_c.h\n'}
[1.467962] (px4_msgs) StdoutLine: {'line': b'-- Up-to-date: /home/mcfb/ros2_ws/install/px4_msgs/include/px4_msgs/px4_msgs/msg/detail/qshell_retval__rosidl_typesupport_fastrtps_c.h\n'}
[1.468003] (px4_msgs) StdoutLine: {'line': b'-- Up-to-date: /home/mcfb/ros2_ws/install/px4_msgs/include/px4_msgs/px4_msgs/msg/detail/qshell_req__rosidl_typesupport_fastrtps_c.h\n'}
[1.468045] (px4_msgs) StdoutLine: {'line': b'-- Up-to-date: /home/mcfb/ros2_ws/install/px4_msgs/include/px4_msgs/px4_msgs/msg/detail/rpm__rosidl_typesupport_fastrtps_c.h\n'}
[1.468087] (px4_msgs) StdoutLine: {'line': b'-- Up-to-date: /home/mcfb/ros2_ws/install/px4_msgs/include/px4_msgs/px4_msgs/msg/detail/rover_throttle_setpoint__rosidl_typesupport_fastrtps_c.h\n'}
[1.468127] (px4_msgs) StdoutLine: {'line': b'-- Up-to-date: /home/mcfb/ros2_ws/install/px4_msgs/include/px4_msgs/px4_msgs/msg/detail/sensor_baro__rosidl_typesupport_fastrtps_c.h\n'}
[1.468169] (px4_msgs) StdoutLine: {'line': b'-- Up-to-date: /home/mcfb/ros2_ws/install/px4_msgs/include/px4_msgs/px4_msgs/msg/detail/health_report__rosidl_typesupport_fastrtps_c.h\n'}
[1.468214] (px4_msgs) StdoutLine: {'line': b'-- Up-to-date: /home/mcfb/ros2_ws/install/px4_msgs/include/px4_msgs/px4_msgs/msg/detail/dataman_response__rosidl_typesupport_fastrtps_c.h\n'}
[1.468256] (px4_msgs) StdoutLine: {'line': b'-- Up-to-date: /home/mcfb/ros2_ws/install/px4_msgs/include/px4_msgs/px4_msgs/msg/detail/rover_steering_setpoint__rosidl_typesupport_fastrtps_c.h\n'}
[1.468297] (px4_msgs) StdoutLine: {'line': b'-- Up-to-date: /home/mcfb/ros2_ws/install/px4_msgs/include/px4_msgs/px4_msgs/msg/detail/cellular_status__rosidl_typesupport_fastrtps_c.h\n'}
[1.468347] (px4_msgs) StdoutLine: {'line': b'-- Up-to-date: /home/mcfb/ros2_ws/install/px4_msgs/include/px4_msgs/px4_msgs/msg/detail/transponder_report__rosidl_typesupport_fastrtps_c.h\n'}
[1.468389] (px4_msgs) StdoutLine: {'line': b'-- Up-to-date: /home/mcfb/ros2_ws/install/px4_msgs/include/px4_msgs/px4_msgs/msg/detail/position_setpoint_triplet__rosidl_typesupport_fastrtps_c.h\n'}
[1.468431] (px4_msgs) StdoutLine: {'line': b'-- Up-to-date: /home/mcfb/ros2_ws/install/px4_msgs/include/px4_msgs/px4_msgs/msg/detail/wheel_encoders__rosidl_typesupport_fastrtps_c.h\n'}
[1.468473] (px4_msgs) StdoutLine: {'line': b'-- Up-to-date: /home/mcfb/ros2_ws/install/px4_msgs/include/px4_msgs/px4_msgs/msg/detail/debug_value__rosidl_typesupport_fastrtps_c.h\n'}
[1.468517] (px4_msgs) StdoutLine: {'line': b'-- Up-to-date: /home/mcfb/ros2_ws/install/px4_msgs/include/px4_msgs/px4_msgs/msg/detail/tune_control__rosidl_typesupport_fastrtps_c.h\n'}
[1.468560] (px4_msgs) StdoutLine: {'line': b'-- Up-to-date: /home/mcfb/ros2_ws/install/px4_msgs/include/px4_msgs/px4_msgs/msg/detail/sensor_accel_fifo__rosidl_typesupport_fastrtps_c.h\n'}
[1.468604] (px4_msgs) StdoutLine: {'line': b'-- Up-to-date: /home/mcfb/ros2_ws/install/px4_msgs/include/px4_msgs/px4_msgs/msg/detail/vehicle_constraints__rosidl_typesupport_fastrtps_c.h\n'}
[1.468646] (px4_msgs) StdoutLine: {'line': b'-- Up-to-date: /home/mcfb/ros2_ws/install/px4_msgs/include/px4_msgs/px4_msgs/msg/detail/estimator_aid_source2d__rosidl_typesupport_fastrtps_c.h\n'}
[1.468688] (px4_msgs) StdoutLine: {'line': b'-- Up-to-date: /home/mcfb/ros2_ws/install/px4_msgs/include/px4_msgs/px4_msgs/msg/detail/unregister_ext_component__rosidl_typesupport_fastrtps_c.h\n'}
[1.468728] (px4_msgs) StdoutLine: {'line': b'-- Up-to-date: /home/mcfb/ros2_ws/install/px4_msgs/include/px4_msgs/px4_msgs/msg/detail/vehicle_thrust_setpoint__rosidl_typesupport_fastrtps_c.h\n'}
[1.468769] (px4_msgs) StdoutLine: {'line': b'-- Up-to-date: /home/mcfb/ros2_ws/install/px4_msgs/include/px4_msgs/px4_msgs/msg/detail/vehicle_global_position__rosidl_typesupport_fastrtps_c.h\n'}
[1.468813] (px4_msgs) StdoutLine: {'line': b'-- Up-to-date: /home/mcfb/ros2_ws/install/px4_msgs/include/px4_msgs/px4_msgs/msg/detail/pwm_input__rosidl_typesupport_fastrtps_c.h\n'}
[1.468854] (px4_msgs) StdoutLine: {'line': b'-- Up-to-date: /home/mcfb/ros2_ws/install/px4_msgs/include/px4_msgs/px4_msgs/msg/detail/vehicle_angular_velocity__rosidl_typesupport_fastrtps_c.h\n'}
[1.468895] (px4_msgs) StdoutLine: {'line': b'-- Up-to-date: /home/mcfb/ros2_ws/install/px4_msgs/include/px4_msgs/px4_msgs/msg/detail/gimbal_manager_status__rosidl_typesupport_fastrtps_c.h\n'}
[1.468937] (px4_msgs) StdoutLine: {'line': b'-- Up-to-date: /home/mcfb/ros2_ws/install/px4_msgs/include/px4_msgs/px4_msgs/msg/detail/follow_target_estimator__rosidl_typesupport_fastrtps_c.h\n'}
[1.468978] (px4_msgs) StdoutLine: {'line': b'-- Up-to-date: /home/mcfb/ros2_ws/install/px4_msgs/include/px4_msgs/px4_msgs/msg/detail/estimator_status__rosidl_typesupport_fastrtps_c.h\n'}
[1.469025] (px4_msgs) StdoutLine: {'line': b'-- Up-to-date: /home/mcfb/ros2_ws/install/px4_msgs/include/px4_msgs/px4_msgs/msg/detail/position_controller_landing_status__rosidl_typesupport_fastrtps_c.h\n'}
[1.469084] (px4_msgs) StdoutLine: {'line': b'-- Up-to-date: /home/mcfb/ros2_ws/install/px4_msgs/include/px4_msgs/px4_msgs/msg/detail/debug_array__rosidl_typesupport_fastrtps_c.h\n'}
[1.469132] (px4_msgs) StdoutLine: {'line': b'-- Up-to-date: /home/mcfb/ros2_ws/install/px4_msgs/include/px4_msgs/px4_msgs/msg/detail/input_rc__rosidl_typesupport_fastrtps_c.h\n'}
[1.469179] (px4_msgs) StdoutLine: {'line': b'-- Up-to-date: /home/mcfb/ros2_ws/install/px4_msgs/include/px4_msgs/px4_msgs/msg/detail/trajectory_setpoint__rosidl_typesupport_fastrtps_c.h\n'}
[1.469221] (px4_msgs) StdoutLine: {'line': b'-- Up-to-date: /home/mcfb/ros2_ws/install/px4_msgs/include/px4_msgs/px4_msgs/msg/detail/vehicle_air_data__rosidl_typesupport_fastrtps_c.h\n'}
[1.469265] (px4_msgs) StdoutLine: {'line': b'-- Up-to-date: /home/mcfb/ros2_ws/install/px4_msgs/include/px4_msgs/px4_msgs/msg/detail/gpio_out__rosidl_typesupport_fastrtps_c.h\n'}
[1.469310] (px4_msgs) StdoutLine: {'line': b'-- Up-to-date: /home/mcfb/ros2_ws/install/px4_msgs/include/px4_msgs/px4_msgs/msg/detail/distance_sensor_mode_change_request__rosidl_typesupport_fastrtps_c.h\n'}
[1.469360] (px4_msgs) StdoutLine: {'line': b'-- Up-to-date: /home/mcfb/ros2_ws/install/px4_msgs/include/px4_msgs/px4_msgs/msg/detail/camera_capture__rosidl_typesupport_fastrtps_c.h\n'}
[1.469404] (px4_msgs) StdoutLine: {'line': b'-- Up-to-date: /home/mcfb/ros2_ws/install/px4_msgs/include/px4_msgs/px4_msgs/msg/detail/goto_setpoint__rosidl_typesupport_fastrtps_c.h\n'}
[1.469449] (px4_msgs) StdoutLine: {'line': b'-- Up-to-date: /home/mcfb/ros2_ws/install/px4_msgs/include/px4_msgs/px4_msgs/msg/detail/pps_capture__rosidl_typesupport_fastrtps_c.h\n'}
[1.469513] (px4_msgs) StdoutLine: {'line': b'-- Up-to-date: /home/mcfb/ros2_ws/install/px4_msgs/include/px4_msgs/px4_msgs/msg/detail/internal_combustion_engine_control__rosidl_typesupport_fastrtps_c.h\n'}
[1.469575] (px4_msgs) StdoutLine: {'line': b'-- Up-to-date: /home/mcfb/ros2_ws/install/px4_msgs/include/px4_msgs/px4_msgs/msg/detail/estimator_bias3d__rosidl_typesupport_fastrtps_c.h\n'}
[1.469622] (px4_msgs) StdoutLine: {'line': b'-- Up-to-date: /home/mcfb/ros2_ws/install/px4_msgs/include/px4_msgs/px4_msgs/msg/detail/estimator_bias__rosidl_typesupport_fastrtps_c.h\n'}
[1.469668] (px4_msgs) StdoutLine: {'line': b'-- Up-to-date: /home/mcfb/ros2_ws/install/px4_msgs/include/px4_msgs/px4_msgs/msg/detail/manual_control_setpoint__rosidl_typesupport_fastrtps_c.h\n'}
[1.469711] (px4_msgs) StdoutLine: {'line': b'-- Up-to-date: /home/mcfb/ros2_ws/install/px4_msgs/include/px4_msgs/px4_msgs/msg/detail/adc_report__rosidl_typesupport_fastrtps_c.h\n'}
[1.469759] (px4_msgs) StdoutLine: {'line': b'-- Up-to-date: /home/mcfb/ros2_ws/install/px4_msgs/include/px4_msgs/px4_msgs/msg/detail/geofence_status__rosidl_typesupport_fastrtps_c.h\n'}
[1.469803] (px4_msgs) StdoutLine: {'line': b'-- Up-to-date: /home/mcfb/ros2_ws/install/px4_msgs/include/px4_msgs/px4_msgs/msg/detail/dronecan_node_status__rosidl_typesupport_fastrtps_c.h\n'}
[1.469846] (px4_msgs) StdoutLine: {'line': b'-- Up-to-date: /home/mcfb/ros2_ws/install/px4_msgs/include/px4_msgs/px4_msgs/msg/detail/gps_inject_data__rosidl_typesupport_fastrtps_c.h\n'}
[1.469887] (px4_msgs) StdoutLine: {'line': b'-- Up-to-date: /home/mcfb/ros2_ws/install/px4_msgs/include/px4_msgs/px4_msgs/msg/detail/event__rosidl_typesupport_fastrtps_c.h\n'}
[1.469931] (px4_msgs) StdoutLine: {'line': b'-- Up-to-date: /home/mcfb/ros2_ws/install/px4_msgs/include/px4_msgs/px4_msgs/msg/detail/gimbal_manager_information__rosidl_typesupport_fastrtps_c.h\n'}
[1.469972] (px4_msgs) StdoutLine: {'line': b'-- Up-to-date: /home/mcfb/ros2_ws/install/px4_msgs/include/px4_msgs/px4_msgs/msg/detail/lateral_control_configuration__rosidl_typesupport_fastrtps_c.h\n'}
[1.470013] (px4_msgs) StdoutLine: {'line': b'-- Up-to-date: /home/mcfb/ros2_ws/install/px4_msgs/include/px4_msgs/px4_msgs/msg/detail/message_format_response__rosidl_typesupport_fastrtps_c.h\n'}
[1.470056] (px4_msgs) StdoutLine: {'line': b'-- Up-to-date: /home/mcfb/ros2_ws/install/px4_msgs/include/px4_msgs/px4_msgs/msg/detail/rate_ctrl_status__rosidl_typesupport_fastrtps_c.h\n'}
[1.470098] (px4_msgs) StdoutLine: {'line': b'-- Up-to-date: /home/mcfb/ros2_ws/install/px4_msgs/include/px4_msgs/px4_msgs/msg/detail/vehicle_imu_status__rosidl_typesupport_fastrtps_c.h\n'}
[1.470138] (px4_msgs) StdoutLine: {'line': b'-- Up-to-date: /home/mcfb/ros2_ws/install/px4_msgs/include/px4_msgs/px4_msgs/msg/detail/offboard_control_mode__rosidl_typesupport_fastrtps_c.h\n'}
[1.470180] (px4_msgs) StdoutLine: {'line': b'-- Up-to-date: /home/mcfb/ros2_ws/install/px4_msgs/include/px4_msgs/px4_msgs/msg/detail/vehicle_optical_flow_vel__rosidl_typesupport_fastrtps_c.h\n'}
[1.470222] (px4_msgs) StdoutLine: {'line': b'-- Up-to-date: /home/mcfb/ros2_ws/install/px4_msgs/include/px4_msgs/px4_msgs/msg/detail/control_allocator_status__rosidl_typesupport_fastrtps_c.h\n'}
[1.470262] (px4_msgs) StdoutLine: {'line': b'-- Up-to-date: /home/mcfb/ros2_ws/install/px4_msgs/include/px4_msgs/px4_msgs/msg/detail/gimbal_manager_set_attitude__rosidl_typesupport_fastrtps_c.h\n'}
[1.470305] (px4_msgs) StdoutLine: {'line': b'-- Up-to-date: /home/mcfb/ros2_ws/install/px4_msgs/include/px4_msgs/px4_msgs/msg/detail/sensor_mag__rosidl_typesupport_fastrtps_c.h\n'}
[1.470354] (px4_msgs) StdoutLine: {'line': b'-- Up-to-date: /home/mcfb/ros2_ws/install/px4_msgs/include/px4_msgs/px4_msgs/msg/detail/vehicle_land_detected__rosidl_typesupport_fastrtps_c.h\n'}
[1.470396] (px4_msgs) StdoutLine: {'line': b'-- Up-to-date: /home/mcfb/ros2_ws/install/px4_msgs/include/px4_msgs/px4_msgs/msg/detail/action_request__rosidl_typesupport_fastrtps_c.h\n'}
[1.470438] (px4_msgs) StdoutLine: {'line': b'-- Up-to-date: /home/mcfb/ros2_ws/install/px4_msgs/include/px4_msgs/px4_msgs/msg/detail/distance_sensor__rosidl_typesupport_fastrtps_c.h\n'}
[1.470481] (px4_msgs) StdoutLine: {'line': b'-- Up-to-date: /home/mcfb/ros2_ws/install/px4_msgs/include/px4_msgs/px4_msgs/msg/detail/task_stack_info__rosidl_typesupport_fastrtps_c.h\n'}
[1.470522] (px4_msgs) StdoutLine: {'line': b'-- Up-to-date: /home/mcfb/ros2_ws/install/px4_msgs/include/px4_msgs/px4_msgs/msg/detail/logger_status__rosidl_typesupport_fastrtps_c.h\n'}
[1.470563] (px4_msgs) StdoutLine: {'line': b'-- Up-to-date: /home/mcfb/ros2_ws/install/px4_msgs/include/px4_msgs/px4_msgs/msg/detail/normalized_unsigned_setpoint__rosidl_typesupport_fastrtps_c.h\n'}
[1.470603] (px4_msgs) StdoutLine: {'line': b'-- Up-to-date: /home/mcfb/ros2_ws/install/px4_msgs/include/px4_msgs/px4_msgs/msg/detail/estimator_states__rosidl_typesupport_fastrtps_c.h\n'}
[1.470642] (px4_msgs) StdoutLine: {'line': b'-- Up-to-date: /home/mcfb/ros2_ws/install/px4_msgs/include/px4_msgs/px4_msgs/msg/detail/sensor_selection__rosidl_typesupport_fastrtps_c.h\n'}
[1.470685] (px4_msgs) StdoutLine: {'line': b'-- Up-to-date: /home/mcfb/ros2_ws/install/px4_msgs/include/px4_msgs/px4_msgs/msg/detail/vehicle_local_position_setpoint__rosidl_typesupport_fastrtps_c.h\n'}
[1.470727] (px4_msgs) StdoutLine: {'line': b'-- Up-to-date: /home/mcfb/ros2_ws/install/px4_msgs/include/px4_msgs/px4_msgs/msg/detail/vehicle_roi__rosidl_typesupport_fastrtps_c.h\n'}
[1.470772] (px4_msgs) StdoutLine: {'line': b'-- Up-to-date: /home/mcfb/ros2_ws/install/px4_msgs/include/px4_msgs/px4_msgs/msg/detail/parameter_update__rosidl_typesupport_fastrtps_c.h\n'}
[1.470814] (px4_msgs) StdoutLine: {'line': b'-- Up-to-date: /home/mcfb/ros2_ws/install/px4_msgs/include/px4_msgs/px4_msgs/msg/detail/mavlink_tunnel__rosidl_typesupport_fastrtps_c.h\n'}
[1.470855] (px4_msgs) StdoutLine: {'line': b'-- Up-to-date: /home/mcfb/ros2_ws/install/px4_msgs/include/px4_msgs/px4_msgs/msg/detail/magnetometer_bias_estimate__rosidl_typesupport_fastrtps_c.h\n'}
[1.470899] (px4_msgs) StdoutLine: {'line': b'-- Up-to-date: /home/mcfb/ros2_ws/install/px4_msgs/include/px4_msgs/px4_msgs/msg/detail/gimbal_controls__rosidl_typesupport_fastrtps_c.h\n'}
[1.470942] (px4_msgs) StdoutLine: {'line': b'-- Up-to-date: /home/mcfb/ros2_ws/install/px4_msgs/include/px4_msgs/px4_msgs/msg/detail/estimator_aid_source3d__rosidl_typesupport_fastrtps_c.h\n'}
[1.470984] (px4_msgs) StdoutLine: {'line': b'-- Up-to-date: /home/mcfb/ros2_ws/install/px4_msgs/include/px4_msgs/px4_msgs/msg/detail/ekf2_timestamps__rosidl_typesupport_fastrtps_c.h\n'}
[1.471026] (px4_msgs) StdoutLine: {'line': b'-- Up-to-date: /home/mcfb/ros2_ws/install/px4_msgs/include/px4_msgs/px4_msgs/msg/detail/gimbal_device_attitude_status__rosidl_typesupport_fastrtps_c.h\n'}
[1.471067] (px4_msgs) StdoutLine: {'line': b'-- Up-to-date: /home/mcfb/ros2_ws/install/px4_msgs/include/px4_msgs/px4_msgs/msg/detail/vehicle_torque_setpoint__rosidl_typesupport_fastrtps_c.h\n'}
[1.471109] (px4_msgs) StdoutLine: {'line': b'-- Up-to-date: /home/mcfb/ros2_ws/install/px4_msgs/include/px4_msgs/px4_msgs/msg/detail/sensor_gyro_fifo__rosidl_typesupport_fastrtps_c.h\n'}
[1.471150] (px4_msgs) StdoutLine: {'line': b'-- Up-to-date: /home/mcfb/ros2_ws/install/px4_msgs/include/px4_msgs/px4_msgs/msg/detail/can_interface_status__rosidl_typesupport_fastrtps_c.h\n'}
[1.471193] (px4_msgs) StdoutLine: {'line': b'-- Up-to-date: /home/mcfb/ros2_ws/install/px4_msgs/include/px4_msgs/px4_msgs/msg/detail/actuator_servos_trim__rosidl_typesupport_fastrtps_c.h\n'}
[1.471234] (px4_msgs) StdoutLine: {'line': b'-- Up-to-date: /home/mcfb/ros2_ws/install/px4_msgs/include/px4_msgs/px4_msgs/msg/detail/mode_completed__rosidl_typesupport_fastrtps_c.h\n'}
[1.471278] (px4_msgs) StdoutLine: {'line': b'-- Up-to-date: /home/mcfb/ros2_ws/install/px4_msgs/include/px4_msgs/px4_msgs/msg/detail/open_drone_id_operator_id__rosidl_typesupport_fastrtps_c.h\n'}
[1.471326] (px4_msgs) StdoutLine: {'line': b'-- Up-to-date: /home/mcfb/ros2_ws/install/px4_msgs/include/px4_msgs/px4_msgs/msg/detail/fuel_tank_status__rosidl_typesupport_fastrtps_c.h\n'}
[1.471367] (px4_msgs) StdoutLine: {'line': b'-- Up-to-date: /home/mcfb/ros2_ws/install/px4_msgs/include/px4_msgs/px4_msgs/msg/detail/sensors_status_imu__rosidl_typesupport_fastrtps_c.h\n'}
[1.471410] (px4_msgs) StdoutLine: {'line': b'-- Up-to-date: /home/mcfb/ros2_ws/install/px4_msgs/include/px4_msgs/px4_msgs/msg/detail/mission_result__rosidl_typesupport_fastrtps_c.h\n'}
[1.471453] (px4_msgs) StdoutLine: {'line': b'-- Up-to-date: /home/mcfb/ros2_ws/install/px4_msgs/include/px4_msgs/px4_msgs/msg/detail/uavcan_parameter_request__rosidl_typesupport_fastrtps_c.h\n'}
[1.471494] (px4_msgs) StdoutLine: {'line': b'-- Up-to-date: /home/mcfb/ros2_ws/install/px4_msgs/include/px4_msgs/px4_msgs/msg/detail/takeoff_status__rosidl_typesupport_fastrtps_c.h\n'}
[1.471538] (px4_msgs) StdoutLine: {'line': b'-- Up-to-date: /home/mcfb/ros2_ws/install/px4_msgs/include/px4_msgs/px4_msgs/msg/detail/parameter_set_value_request__rosidl_typesupport_fastrtps_c.h\n'}
[1.471580] (px4_msgs) StdoutLine: {'line': b'-- Up-to-date: /home/mcfb/ros2_ws/install/px4_msgs/include/px4_msgs/px4_msgs/msg/detail/debug_key_value__rosidl_typesupport_fastrtps_c.h\n'}
[1.471621] (px4_msgs) StdoutLine: {'line': b'-- Up-to-date: /home/mcfb/ros2_ws/install/px4_msgs/include/px4_msgs/px4_msgs/msg/detail/vehicle_attitude__rosidl_typesupport_fastrtps_c.h\n'}
[1.471668] (px4_msgs) StdoutLine: {'line': b'-- Up-to-date: /home/mcfb/ros2_ws/install/px4_msgs/include/px4_msgs/px4_msgs/msg/detail/estimator_gps_status__rosidl_typesupport_fastrtps_c.h\n'}
[1.471711] (px4_msgs) StdoutLine: {'line': b'-- Up-to-date: /home/mcfb/ros2_ws/install/px4_msgs/include/px4_msgs/px4_msgs/msg/detail/figure_eight_status__rosidl_typesupport_fastrtps_c.h\n'}
[1.471753] (px4_msgs) StdoutLine: {'line': b'-- Up-to-date: /home/mcfb/ros2_ws/install/px4_msgs/include/px4_msgs/px4_msgs/msg/detail/estimator_selector_status__rosidl_typesupport_fastrtps_c.h\n'}
[1.471797] (px4_msgs) StdoutLine: {'line': b'-- Up-to-date: /home/mcfb/ros2_ws/install/px4_msgs/include/px4_msgs/px4_msgs/msg/detail/vehicle_angular_acceleration_setpoint__rosidl_typesupport_fastrtps_c.h\n'}
[1.471842] (px4_msgs) StdoutLine: {'line': b'-- Up-to-date: /home/mcfb/ros2_ws/install/px4_msgs/include/px4_msgs/px4_msgs/msg/detail/home_position__rosidl_typesupport_fastrtps_c.h\n'}
[1.471887] (px4_msgs) StdoutLine: {'line': b'-- Up-to-date: /home/mcfb/ros2_ws/install/px4_msgs/include/px4_msgs/px4_msgs/msg/detail/vehicle_rates_setpoint__rosidl_typesupport_fastrtps_c.h\n'}
[1.471931] (px4_msgs) StdoutLine: {'line': b'-- Up-to-date: /home/mcfb/ros2_ws/install/px4_msgs/include/px4_msgs/px4_msgs/msg/detail/open_drone_id_arm_status__rosidl_typesupport_fastrtps_c.h\n'}
[1.471976] (px4_msgs) StdoutLine: {'line': b'-- Up-to-date: /home/mcfb/ros2_ws/install/px4_msgs/include/px4_msgs/px4_msgs/msg/detail/vehicle_acceleration__rosidl_typesupport_fastrtps_c.h\n'}
[1.472024] (px4_msgs) StdoutLine: {'line': b'-- Up-to-date: /home/mcfb/ros2_ws/install/px4_msgs/include/px4_msgs/px4_msgs/msg/detail/hover_thrust_estimate__rosidl_typesupport_fastrtps_c.h\n'}
[1.472074] (px4_msgs) StdoutLine: {'line': b'-- Up-to-date: /home/mcfb/ros2_ws/install/px4_msgs/include/px4_msgs/px4_msgs/msg/detail/vtol_vehicle_status__rosidl_typesupport_fastrtps_c.h\n'}
[1.472115] (px4_msgs) StdoutLine: {'line': b'-- Up-to-date: /home/mcfb/ros2_ws/install/px4_msgs/include/px4_msgs/px4_msgs/msg/detail/timesync_status__rosidl_typesupport_fastrtps_c.h\n'}
[1.472156] (px4_msgs) StdoutLine: {'line': b'-- Up-to-date: /home/mcfb/ros2_ws/install/px4_msgs/include/px4_msgs/px4_msgs/msg/detail/fixed_wing_longitudinal_setpoint__rosidl_typesupport_fastrtps_c.h\n'}
[1.472199] (px4_msgs) StdoutLine: {'line': b'-- Up-to-date: /home/mcfb/ros2_ws/install/px4_msgs/include/px4_msgs/px4_msgs/msg/detail/sensor_airflow__rosidl_typesupport_fastrtps_c.h\n'}
[1.472241] (px4_msgs) StdoutLine: {'line': b'-- Up-to-date: /home/mcfb/ros2_ws/install/px4_msgs/include/px4_msgs/px4_msgs/msg/detail/telemetry_status__rosidl_typesupport_fastrtps_c.h\n'}
[1.472284] (px4_msgs) StdoutLine: {'line': b'-- Up-to-date: /home/mcfb/ros2_ws/install/px4_msgs/include/px4_msgs/px4_msgs/msg/detail/mission__rosidl_typesupport_fastrtps_c.h\n'}
[1.472330] (px4_msgs) StdoutLine: {'line': b'-- Up-to-date: /home/mcfb/ros2_ws/install/px4_msgs/include/px4_msgs/px4_msgs/msg/detail/gimbal_manager_set_manual_control__rosidl_typesupport_fastrtps_c.h\n'}
[1.472371] (px4_msgs) StdoutLine: {'line': b'-- Up-to-date: /home/mcfb/ros2_ws/install/px4_msgs/include/px4_msgs/px4_msgs/msg/detail/gpio_request__rosidl_typesupport_fastrtps_c.h\n'}
[1.472413] (px4_msgs) StdoutLine: {'line': b'-- Up-to-date: /home/mcfb/ros2_ws/install/px4_msgs/include/px4_msgs/px4_msgs/msg/detail/system_power__rosidl_typesupport_fastrtps_c.h\n'}
[1.472454] (px4_msgs) StdoutLine: {'line': b'-- Up-to-date: /home/mcfb/ros2_ws/install/px4_msgs/include/px4_msgs/px4_msgs/msg/detail/neural_control__rosidl_typesupport_fastrtps_c.h\n'}
[1.472496] (px4_msgs) StdoutLine: {'line': b'-- Up-to-date: /home/mcfb/ros2_ws/install/px4_msgs/include/px4_msgs/px4_msgs/msg/detail/rover_attitude_status__rosidl_typesupport_fastrtps_c.h\n'}
[1.472538] (px4_msgs) StdoutLine: {'line': b'-- Up-to-date: /home/mcfb/ros2_ws/install/px4_msgs/include/px4_msgs/px4_msgs/msg/detail/register_ext_component_request__rosidl_typesupport_fastrtps_c.h\n'}
[1.472583] (px4_msgs) StdoutLine: {'line': b'-- Up-to-date: /home/mcfb/ros2_ws/install/px4_msgs/include/px4_msgs/px4_msgs/msg/detail/vehicle_imu__rosidl_typesupport_fastrtps_c.h\n'}
[1.472625] (px4_msgs) StdoutLine: {'line': b'-- Up-to-date: /home/mcfb/ros2_ws/install/px4_msgs/include/px4_msgs/px4_msgs/msg/detail/sensor_gnss_relative__rosidl_typesupport_fastrtps_c.h\n'}
[1.472668] (px4_msgs) StdoutLine: {'line': b'-- Up-to-date: /home/mcfb/ros2_ws/install/px4_msgs/include/px4_msgs/px4_msgs/msg/detail/obstacle_distance__rosidl_typesupport_fastrtps_c.h\n'}
[1.472709] (px4_msgs) StdoutLine: {'line': b'-- Up-to-date: /home/mcfb/ros2_ws/install/px4_msgs/include/px4_msgs/px4_msgs/msg/detail/estimator_event_flags__rosidl_typesupport_fastrtps_c.h\n'}
[1.472750] (px4_msgs) StdoutLine: {'line': b'-- Up-to-date: /home/mcfb/ros2_ws/install/px4_msgs/include/px4_msgs/px4_msgs/msg/rosidl_typesupport_fastrtps_c__visibility_control.h\n'}
[1.472791] (px4_msgs) StdoutLine: {'line': b'-- Up-to-date: /home/mcfb/ros2_ws/install/px4_msgs/lib/libpx4_msgs__rosidl_typesupport_fastrtps_c.so\n'}
[1.472833] (px4_msgs) StdoutLine: {'line': b'-- Up-to-date: /home/mcfb/ros2_ws/install/px4_msgs/include/px4_msgs/px4_msgs\n'}
[1.472874] (px4_msgs) StdoutLine: {'line': b'-- Up-to-date: /home/mcfb/ros2_ws/install/px4_msgs/include/px4_msgs/px4_msgs/srv\n'}
[1.472917] (px4_msgs) StdoutLine: {'line': b'-- Up-to-date: /home/mcfb/ros2_ws/install/px4_msgs/include/px4_msgs/px4_msgs/srv/detail\n'}
[1.472958] (px4_msgs) StdoutLine: {'line': b'-- Up-to-date: /home/mcfb/ros2_ws/install/px4_msgs/include/px4_msgs/px4_msgs/srv/detail/vehicle_command__type_support.hpp\n'}
[1.472998] (px4_msgs) StdoutLine: {'line': b'-- Up-to-date: /home/mcfb/ros2_ws/install/px4_msgs/include/px4_msgs/px4_msgs/srv/detail/vehicle_command__traits.hpp\n'}
[1.473039] (px4_msgs) StdoutLine: {'line': b'-- Up-to-date: /home/mcfb/ros2_ws/install/px4_msgs/include/px4_msgs/px4_msgs/srv/detail/vehicle_command__builder.hpp\n'}
[1.473081] (px4_msgs) StdoutLine: {'line': b'-- Up-to-date: /home/mcfb/ros2_ws/install/px4_msgs/include/px4_msgs/px4_msgs/srv/detail/vehicle_command__struct.hpp\n'}
[1.473122] (px4_msgs) StdoutLine: {'line': b'-- Up-to-date: /home/mcfb/ros2_ws/install/px4_msgs/include/px4_msgs/px4_msgs/srv/vehicle_command.hpp\n'}
[1.473172] (px4_msgs) StdoutLine: {'line': b'-- Up-to-date: /home/mcfb/ros2_ws/install/px4_msgs/include/px4_msgs/px4_msgs/msg\n'}
[1.473225] (px4_msgs) StdoutLine: {'line': b'-- Up-to-date: /home/mcfb/ros2_ws/install/px4_msgs/include/px4_msgs/px4_msgs/msg/estimator_status_flags.hpp\n'}
[1.473269] (px4_msgs) StdoutLine: {'line': b'-- Up-to-date: /home/mcfb/ros2_ws/install/px4_msgs/include/px4_msgs/px4_msgs/msg/estimator_aid_source3d.hpp\n'}
[1.473341] (px4_msgs) StdoutLine: {'line': b'-- Up-to-date: /home/mcfb/ros2_ws/install/px4_msgs/include/px4_msgs/px4_msgs/msg/fixed_wing_lateral_status.hpp\n'}
[1.473392] (px4_msgs) StdoutLine: {'line': b'-- Up-to-date: /home/mcfb/ros2_ws/install/px4_msgs/include/px4_msgs/px4_msgs/msg/fixed_wing_runway_control.hpp\n'}
[1.473450] (px4_msgs) StdoutLine: {'line': b'-- Up-to-date: /home/mcfb/ros2_ws/install/px4_msgs/include/px4_msgs/px4_msgs/msg/vehicle_rates_setpoint.hpp\n'}
[1.473521] (px4_msgs) StdoutLine: {'line': b'-- Up-to-date: /home/mcfb/ros2_ws/install/px4_msgs/include/px4_msgs/px4_msgs/msg/can_interface_status.hpp\n'}
[1.473586] (px4_msgs) StdoutLine: {'line': b'-- Up-to-date: /home/mcfb/ros2_ws/install/px4_msgs/include/px4_msgs/px4_msgs/msg/estimator_sensor_bias.hpp\n'}
[1.473630] (px4_msgs) StdoutLine: {'line': b'-- Up-to-date: /home/mcfb/ros2_ws/install/px4_msgs/include/px4_msgs/px4_msgs/msg/actuator_servos_trim.hpp\n'}
[1.473674] (px4_msgs) StdoutLine: {'line': b'-- Up-to-date: /home/mcfb/ros2_ws/install/px4_msgs/include/px4_msgs/px4_msgs/msg/figure_eight_status.hpp\n'}
[1.473716] (px4_msgs) StdoutLine: {'line': b'-- Up-to-date: /home/mcfb/ros2_ws/install/px4_msgs/include/px4_msgs/px4_msgs/msg/internal_combustion_engine_control.hpp\n'}
[1.473757] (px4_msgs) StdoutLine: {'line': b'-- Up-to-date: /home/mcfb/ros2_ws/install/px4_msgs/include/px4_msgs/px4_msgs/msg/parameter_reset_request.hpp\n'}
[1.473804] (px4_msgs) StdoutLine: {'line': b'-- Up-to-date: /home/mcfb/ros2_ws/install/px4_msgs/include/px4_msgs/px4_msgs/msg/position_controller_landing_status.hpp\n'}
[1.473846] (px4_msgs) StdoutLine: {'line': b'-- Up-to-date: /home/mcfb/ros2_ws/install/px4_msgs/include/px4_msgs/px4_msgs/msg/battery_status.hpp\n'}
[1.473888] (px4_msgs) StdoutLine: {'line': b'-- Up-to-date: /home/mcfb/ros2_ws/install/px4_msgs/include/px4_msgs/px4_msgs/msg/message_format_request.hpp\n'}
[1.473929] (px4_msgs) StdoutLine: {'line': b'-- Up-to-date: /home/mcfb/ros2_ws/install/px4_msgs/include/px4_msgs/px4_msgs/msg/open_drone_id_arm_status.hpp\n'}
[1.473970] (px4_msgs) StdoutLine: {'line': b'-- Up-to-date: /home/mcfb/ros2_ws/install/px4_msgs/include/px4_msgs/px4_msgs/msg/fixed_wing_longitudinal_setpoint.hpp\n'}
[1.474011] (px4_msgs) StdoutLine: {'line': b'-- Up-to-date: /home/mcfb/ros2_ws/install/px4_msgs/include/px4_msgs/px4_msgs/msg/sensor_gnss_status.hpp\n'}
[1.474051] (px4_msgs) StdoutLine: {'line': b'-- Up-to-date: /home/mcfb/ros2_ws/install/px4_msgs/include/px4_msgs/px4_msgs/msg/manual_control_switches.hpp\n'}
[1.474092] (px4_msgs) StdoutLine: {'line': b'-- Up-to-date: /home/mcfb/ros2_ws/install/px4_msgs/include/px4_msgs/px4_msgs/msg/rover_rate_status.hpp\n'}
[1.474133] (px4_msgs) StdoutLine: {'line': b'-- Up-to-date: /home/mcfb/ros2_ws/install/px4_msgs/include/px4_msgs/px4_msgs/msg/telemetry_status.hpp\n'}
[1.474174] (px4_msgs) StdoutLine: {'line': b'-- Up-to-date: /home/mcfb/ros2_ws/install/px4_msgs/include/px4_msgs/px4_msgs/msg/config_overrides.hpp\n'}
[1.474216] (px4_msgs) StdoutLine: {'line': b'-- Up-to-date: /home/mcfb/ros2_ws/install/px4_msgs/include/px4_msgs/px4_msgs/msg/health_report.hpp\n'}
[1.474258] (px4_msgs) StdoutLine: {'line': b'-- Up-to-date: /home/mcfb/ros2_ws/install/px4_msgs/include/px4_msgs/px4_msgs/msg/manual_control_setpoint.hpp\n'}
[1.474299] (px4_msgs) StdoutLine: {'line': b'-- Up-to-date: /home/mcfb/ros2_ws/install/px4_msgs/include/px4_msgs/px4_msgs/msg/qshell_req.hpp\n'}
[1.474349] (px4_msgs) StdoutLine: {'line': b'-- Up-to-date: /home/mcfb/ros2_ws/install/px4_msgs/include/px4_msgs/px4_msgs/msg/position_setpoint.hpp\n'}
[1.474390] (px4_msgs) StdoutLine: {'line': b'-- Up-to-date: /home/mcfb/ros2_ws/install/px4_msgs/include/px4_msgs/px4_msgs/msg/dronecan_node_status.hpp\n'}
[1.474431] (px4_msgs) StdoutLine: {'line': b'-- Up-to-date: /home/mcfb/ros2_ws/install/px4_msgs/include/px4_msgs/px4_msgs/msg/distance_sensor.hpp\n'}
[1.474473] (px4_msgs) StdoutLine: {'line': b'-- Up-to-date: /home/mcfb/ros2_ws/install/px4_msgs/include/px4_msgs/px4_msgs/msg/gimbal_controls.hpp\n'}
[1.474514] (px4_msgs) StdoutLine: {'line': b'-- Up-to-date: /home/mcfb/ros2_ws/install/px4_msgs/include/px4_msgs/px4_msgs/msg/home_position.hpp\n'}
[1.474555] (px4_msgs) StdoutLine: {'line': b'-- Up-to-date: /home/mcfb/ros2_ws/install/px4_msgs/include/px4_msgs/px4_msgs/msg/airspeed_wind.hpp\n'}
[1.474596] (px4_msgs) StdoutLine: {'line': b'-- Up-to-date: /home/mcfb/ros2_ws/install/px4_msgs/include/px4_msgs/px4_msgs/msg/adc_report.hpp\n'}
[1.474638] (px4_msgs) StdoutLine: {'line': b'-- Up-to-date: /home/mcfb/ros2_ws/install/px4_msgs/include/px4_msgs/px4_msgs/msg/landing_target_pose.hpp\n'}
[1.474680] (px4_msgs) StdoutLine: {'line': b'-- Up-to-date: /home/mcfb/ros2_ws/install/px4_msgs/include/px4_msgs/px4_msgs/msg/geofence_status.hpp\n'}
[1.474721] (px4_msgs) StdoutLine: {'line': b'-- Up-to-date: /home/mcfb/ros2_ws/install/px4_msgs/include/px4_msgs/px4_msgs/msg/gimbal_manager_set_manual_control.hpp\n'}
[1.474761] (px4_msgs) StdoutLine: {'line': b'-- Up-to-date: /home/mcfb/ros2_ws/install/px4_msgs/include/px4_msgs/px4_msgs/msg/ekf2_timestamps.hpp\n'}
[1.474801] (px4_msgs) StdoutLine: {'line': b'-- Up-to-date: /home/mcfb/ros2_ws/install/px4_msgs/include/px4_msgs/px4_msgs/msg/sensor_gps.hpp\n'}
[1.474843] (px4_msgs) StdoutLine: {'line': b'-- Up-to-date: /home/mcfb/ros2_ws/install/px4_msgs/include/px4_msgs/px4_msgs/msg/estimator_gps_status.hpp\n'}
[1.474884] (px4_msgs) StdoutLine: {'line': b'-- Up-to-date: /home/mcfb/ros2_ws/install/px4_msgs/include/px4_msgs/px4_msgs/msg/vehicle_imu_status.hpp\n'}
[1.474946] (px4_msgs) StdoutLine: {'line': b'-- Up-to-date: /home/mcfb/ros2_ws/install/px4_msgs/include/px4_msgs/px4_msgs/msg/mavlink_tunnel.hpp\n'}
[1.475019] (px4_msgs) StdoutLine: {'line': b'-- Up-to-date: /home/mcfb/ros2_ws/install/px4_msgs/include/px4_msgs/px4_msgs/msg/gimbal_manager_set_attitude.hpp\n'}
[1.475098] (px4_msgs) StdoutLine: {'line': b'-- Up-to-date: /home/mcfb/ros2_ws/install/px4_msgs/include/px4_msgs/px4_msgs/msg/transponder_report.hpp\n'}
[1.475171] (px4_msgs) StdoutLine: {'line': b'-- Up-to-date: /home/mcfb/ros2_ws/install/px4_msgs/include/px4_msgs/px4_msgs/msg/parameter_update.hpp\n'}
[1.475243] (px4_msgs) StdoutLine: {'line': b'-- Up-to-date: /home/mcfb/ros2_ws/install/px4_msgs/include/px4_msgs/px4_msgs/msg/obstacle_distance.hpp\n'}
[1.475320] (px4_msgs) StdoutLine: {'line': b'-- Up-to-date: /home/mcfb/ros2_ws/install/px4_msgs/include/px4_msgs/px4_msgs/msg/gps_dump.hpp\n'}
[1.475399] (px4_msgs) StdoutLine: {'line': b'-- Up-to-date: /home/mcfb/ros2_ws/install/px4_msgs/include/px4_msgs/px4_msgs/msg/mode_completed.hpp\n'}
[1.475473] (px4_msgs) StdoutLine: {'line': b'-- Up-to-date: /home/mcfb/ros2_ws/install/px4_msgs/include/px4_msgs/px4_msgs/msg/collision_constraints.hpp\n'}
[1.475546] (px4_msgs) StdoutLine: {'line': b'-- Up-to-date: /home/mcfb/ros2_ws/install/px4_msgs/include/px4_msgs/px4_msgs/msg/actuator_servos.hpp\n'}
[1.475619] (px4_msgs) StdoutLine: {'line': b'-- Up-to-date: /home/mcfb/ros2_ws/install/px4_msgs/include/px4_msgs/px4_msgs/msg/position_setpoint_triplet.hpp\n'}
[1.475671] (px4_msgs) StdoutLine: {'line': b'-- Up-to-date: /home/mcfb/ros2_ws/install/px4_msgs/include/px4_msgs/px4_msgs/msg/sensor_gyro_fifo.hpp\n'}
[1.475713] (px4_msgs) StdoutLine: {'line': b'-- Up-to-date: /home/mcfb/ros2_ws/install/px4_msgs/include/px4_msgs/px4_msgs/msg/actuator_motors.hpp\n'}
[1.475754] (px4_msgs) StdoutLine: {'line': b'-- Up-to-date: /home/mcfb/ros2_ws/install/px4_msgs/include/px4_msgs/px4_msgs/msg/follow_target_status.hpp\n'}
[1.475794] (px4_msgs) StdoutLine: {'line': b'-- Up-to-date: /home/mcfb/ros2_ws/install/px4_msgs/include/px4_msgs/px4_msgs/msg/sensor_baro.hpp\n'}
[1.475836] (px4_msgs) StdoutLine: {'line': b'-- Up-to-date: /home/mcfb/ros2_ws/install/px4_msgs/include/px4_msgs/px4_msgs/msg/gimbal_device_set_attitude.hpp\n'}
[1.475876] (px4_msgs) StdoutLine: {'line': b'-- Up-to-date: /home/mcfb/ros2_ws/install/px4_msgs/include/px4_msgs/px4_msgs/msg/arming_check_reply.hpp\n'}
[1.475917] (px4_msgs) StdoutLine: {'line': b'-- Up-to-date: /home/mcfb/ros2_ws/install/px4_msgs/include/px4_msgs/px4_msgs/msg/rover_speed_status.hpp\n'}
[1.475959] (px4_msgs) StdoutLine: {'line': b'-- Up-to-date: /home/mcfb/ros2_ws/install/px4_msgs/include/px4_msgs/px4_msgs/msg/sensor_airflow.hpp\n'}
[1.476002] (px4_msgs) StdoutLine: {'line': b'-- Up-to-date: /home/mcfb/ros2_ws/install/px4_msgs/include/px4_msgs/px4_msgs/msg/uavcan_parameter_value.hpp\n'}
[1.476044] (px4_msgs) StdoutLine: {'line': b'-- Up-to-date: /home/mcfb/ros2_ws/install/px4_msgs/include/px4_msgs/px4_msgs/msg/unregister_ext_component.hpp\n'}
[1.476084] (px4_msgs) StdoutLine: {'line': b'-- Up-to-date: /home/mcfb/ros2_ws/install/px4_msgs/include/px4_msgs/px4_msgs/msg/ulog_stream.hpp\n'}
[1.476126] (px4_msgs) StdoutLine: {'line': b'-- Up-to-date: /home/mcfb/ros2_ws/install/px4_msgs/include/px4_msgs/px4_msgs/msg/sensor_optical_flow.hpp\n'}
[1.476169] (px4_msgs) StdoutLine: {'line': b'-- Up-to-date: /home/mcfb/ros2_ws/install/px4_msgs/include/px4_msgs/px4_msgs/msg/arming_check_request.hpp\n'}
[1.476210] (px4_msgs) StdoutLine: {'line': b'-- Up-to-date: /home/mcfb/ros2_ws/install/px4_msgs/include/px4_msgs/px4_msgs/msg/sensor_accel_fifo.hpp\n'}
[1.476252] (px4_msgs) StdoutLine: {'line': b'-- Up-to-date: /home/mcfb/ros2_ws/install/px4_msgs/include/px4_msgs/px4_msgs/msg/task_stack_info.hpp\n'}
[1.476293] (px4_msgs) StdoutLine: {'line': b'-- Up-to-date: /home/mcfb/ros2_ws/install/px4_msgs/include/px4_msgs/px4_msgs/msg/rover_steering_setpoint.hpp\n'}
[1.476343] (px4_msgs) StdoutLine: {'line': b'-- Up-to-date: /home/mcfb/ros2_ws/install/px4_msgs/include/px4_msgs/px4_msgs/msg/rpm.hpp\n'}
[1.476390] (px4_msgs) StdoutLine: {'line': b'-- Up-to-date: /home/mcfb/ros2_ws/install/px4_msgs/include/px4_msgs/px4_msgs/msg/debug_vect.hpp\n'}
[1.476437] (px4_msgs) StdoutLine: {'line': b'-- Up-to-date: /home/mcfb/ros2_ws/install/px4_msgs/include/px4_msgs/px4_msgs/msg/tecs_status.hpp\n'}
[1.476480] (px4_msgs) StdoutLine: {'line': b'-- Up-to-date: /home/mcfb/ros2_ws/install/px4_msgs/include/px4_msgs/px4_msgs/msg/vehicle_imu.hpp\n'}
[1.476526] (px4_msgs) StdoutLine: {'line': b'-- Up-to-date: /home/mcfb/ros2_ws/install/px4_msgs/include/px4_msgs/px4_msgs/msg/vtol_vehicle_status.hpp\n'}
[1.476572] (px4_msgs) StdoutLine: {'line': b'-- Up-to-date: /home/mcfb/ros2_ws/install/px4_msgs/include/px4_msgs/px4_msgs/msg/pure_pursuit_status.hpp\n'}
[1.476617] (px4_msgs) StdoutLine: {'line': b'-- Up-to-date: /home/mcfb/ros2_ws/install/px4_msgs/include/px4_msgs/px4_msgs/msg/mission_result.hpp\n'}
[1.476662] (px4_msgs) StdoutLine: {'line': b'-- Up-to-date: /home/mcfb/ros2_ws/install/px4_msgs/include/px4_msgs/px4_msgs/msg/rc_parameter_map.hpp\n'}
[1.476759] (px4_msgs) StdoutLine: {'line': b'-- Up-to-date: /home/mcfb/ros2_ws/install/px4_msgs/include/px4_msgs/px4_msgs/msg/control_allocator_status.hpp\n'}
[1.476804] (px4_msgs) StdoutLine: {'line': b'-- Up-to-date: /home/mcfb/ros2_ws/install/px4_msgs/include/px4_msgs/px4_msgs/msg/vehicle_local_position_setpoint.hpp\n'}
[1.476848] (px4_msgs) StdoutLine: {'line': b'-- Up-to-date: /home/mcfb/ros2_ws/install/px4_msgs/include/px4_msgs/px4_msgs/msg/vehicle_torque_setpoint.hpp\n'}
[1.476890] (px4_msgs) StdoutLine: {'line': b'-- Up-to-date: /home/mcfb/ros2_ws/install/px4_msgs/include/px4_msgs/px4_msgs/msg/actuator_test.hpp\n'}
[1.476932] (px4_msgs) StdoutLine: {'line': b'-- Up-to-date: /home/mcfb/ros2_ws/install/px4_msgs/include/px4_msgs/px4_msgs/msg/sensors_status.hpp\n'}
[1.476977] (px4_msgs) StdoutLine: {'line': b'-- Up-to-date: /home/mcfb/ros2_ws/install/px4_msgs/include/px4_msgs/px4_msgs/msg/iridiumsbd_status.hpp\n'}
[1.477018] (px4_msgs) StdoutLine: {'line': b'-- Up-to-date: /home/mcfb/ros2_ws/install/px4_msgs/include/px4_msgs/px4_msgs/msg/sensor_selection.hpp\n'}
[1.477060] (px4_msgs) StdoutLine: {'line': b'-- Up-to-date: /home/mcfb/ros2_ws/install/px4_msgs/include/px4_msgs/px4_msgs/msg/gpio_out.hpp\n'}
[1.477103] (px4_msgs) StdoutLine: {'line': b'-- Up-to-date: /home/mcfb/ros2_ws/install/px4_msgs/include/px4_msgs/px4_msgs/msg/system_power.hpp\n'}
[1.477147] (px4_msgs) StdoutLine: {'line': b'-- Up-to-date: /home/mcfb/ros2_ws/install/px4_msgs/include/px4_msgs/px4_msgs/msg/normalized_unsigned_setpoint.hpp\n'}
[1.477199] (px4_msgs) StdoutLine: {'line': b'-- Up-to-date: /home/mcfb/ros2_ws/install/px4_msgs/include/px4_msgs/px4_msgs/msg/orb_test.hpp\n'}
[1.477241] (px4_msgs) StdoutLine: {'line': b'-- Up-to-date: /home/mcfb/ros2_ws/install/px4_msgs/include/px4_msgs/px4_msgs/msg/sensor_correction.hpp\n'}
[1.477293] (px4_msgs) StdoutLine: {'line': b'-- Up-to-date: /home/mcfb/ros2_ws/install/px4_msgs/include/px4_msgs/px4_msgs/msg/navigator_status.hpp\n'}
[1.477343] (px4_msgs) StdoutLine: {'line': b'-- Up-to-date: /home/mcfb/ros2_ws/install/px4_msgs/include/px4_msgs/px4_msgs/msg/pwm_input.hpp\n'}
[1.477386] (px4_msgs) StdoutLine: {'line': b'-- Up-to-date: /home/mcfb/ros2_ws/install/px4_msgs/include/px4_msgs/px4_msgs/msg/wind.hpp\n'}
[1.477429] (px4_msgs) StdoutLine: {'line': b'-- Up-to-date: /home/mcfb/ros2_ws/install/px4_msgs/include/px4_msgs/px4_msgs/msg/rtl_time_estimate.hpp\n'}
[1.477472] (px4_msgs) StdoutLine: {'line': b'-- Up-to-date: /home/mcfb/ros2_ws/install/px4_msgs/include/px4_msgs/px4_msgs/msg/airspeed_validated.hpp\n'}
[1.477533] (px4_msgs) StdoutLine: {'line': b'-- Up-to-date: /home/mcfb/ros2_ws/install/px4_msgs/include/px4_msgs/px4_msgs/msg/power_button_state.hpp\n'}
[1.477607] (px4_msgs) StdoutLine: {'line': b'-- Up-to-date: /home/mcfb/ros2_ws/install/px4_msgs/include/px4_msgs/px4_msgs/msg/vehicle_magnetometer.hpp\n'}
[1.477671] (px4_msgs) StdoutLine: {'line': b'-- Up-to-date: /home/mcfb/ros2_ws/install/px4_msgs/include/px4_msgs/px4_msgs/msg/radio_status.hpp\n'}
[1.477715] (px4_msgs) StdoutLine: {'line': b'-- Up-to-date: /home/mcfb/ros2_ws/install/px4_msgs/include/px4_msgs/px4_msgs/msg/dataman_response.hpp\n'}
[1.477757] (px4_msgs) StdoutLine: {'line': b'-- Up-to-date: /home/mcfb/ros2_ws/install/px4_msgs/include/px4_msgs/px4_msgs/msg/irlock_report.hpp\n'}
[1.477798] (px4_msgs) StdoutLine: {'line': b'-- Up-to-date: /home/mcfb/ros2_ws/install/px4_msgs/include/px4_msgs/px4_msgs/msg/vehicle_air_data.hpp\n'}
[1.477856] (px4_msgs) StdoutLine: {'line': b'-- Up-to-date: /home/mcfb/ros2_ws/install/px4_msgs/include/px4_msgs/px4_msgs/msg/heater_status.hpp\n'}
[1.477912] (px4_msgs) StdoutLine: {'line': b'-- Up-to-date: /home/mcfb/ros2_ws/install/px4_msgs/include/px4_msgs/px4_msgs/msg/lateral_control_configuration.hpp\n'}
[1.477965] (px4_msgs) StdoutLine: {'line': b'-- Up-to-date: /home/mcfb/ros2_ws/install/px4_msgs/include/px4_msgs/px4_msgs/msg/estimator_states.hpp\n'}
[1.478035] (px4_msgs) StdoutLine: {'line': b'-- Up-to-date: /home/mcfb/ros2_ws/install/px4_msgs/include/px4_msgs/px4_msgs/msg/position_controller_status.hpp\n'}
[1.478081] (px4_msgs) StdoutLine: {'line': b'-- Up-to-date: /home/mcfb/ros2_ws/install/px4_msgs/include/px4_msgs/px4_msgs/msg/vehicle_angular_acceleration_setpoint.hpp\n'}
[1.478123] (px4_msgs) StdoutLine: {'line': b'-- Up-to-date: /home/mcfb/ros2_ws/install/px4_msgs/include/px4_msgs/px4_msgs/msg/fuel_tank_status.hpp\n'}
[1.478165] (px4_msgs) StdoutLine: {'line': b'-- Up-to-date: /home/mcfb/ros2_ws/install/px4_msgs/include/px4_msgs/px4_msgs/msg/rover_position_setpoint.hpp\n'}
[1.478205] (px4_msgs) StdoutLine: {'line': b'-- Up-to-date: /home/mcfb/ros2_ws/install/px4_msgs/include/px4_msgs/px4_msgs/msg/sensors_status_imu.hpp\n'}
[1.478246] (px4_msgs) StdoutLine: {'line': b'-- Up-to-date: /home/mcfb/ros2_ws/install/px4_msgs/include/px4_msgs/px4_msgs/msg/follow_target.hpp\n'}
[1.478307] (px4_msgs) StdoutLine: {'line': b'-- Up-to-date: /home/mcfb/ros2_ws/install/px4_msgs/include/px4_msgs/px4_msgs/msg/launch_detection_status.hpp\n'}
[1.478372] (px4_msgs) StdoutLine: {'line': b'-- Up-to-date: /home/mcfb/ros2_ws/install/px4_msgs/include/px4_msgs/px4_msgs/msg/sensor_accel.hpp\n'}
[1.478441] (px4_msgs) StdoutLine: {'line': b'-- Up-to-date: /home/mcfb/ros2_ws/install/px4_msgs/include/px4_msgs/px4_msgs/msg/vehicle_constraints.hpp\n'}
[1.478497] (px4_msgs) StdoutLine: {'line': b'-- Up-to-date: /home/mcfb/ros2_ws/install/px4_msgs/include/px4_msgs/px4_msgs/msg/open_drone_id_self_id.hpp\n'}
[1.478561] (px4_msgs) StdoutLine: {'line': b'-- Up-to-date: /home/mcfb/ros2_ws/install/px4_msgs/include/px4_msgs/px4_msgs/msg/rtl_status.hpp\n'}
[1.478635] (px4_msgs) StdoutLine: {'line': b'-- Up-to-date: /home/mcfb/ros2_ws/install/px4_msgs/include/px4_msgs/px4_msgs/msg/satellite_info.hpp\n'}
[1.478696] (px4_msgs) StdoutLine: {'line': b'-- Up-to-date: /home/mcfb/ros2_ws/install/px4_msgs/include/px4_msgs/px4_msgs/msg/parameter_set_used_request.hpp\n'}
[1.478757] (px4_msgs) StdoutLine: {'line': b'-- Up-to-date: /home/mcfb/ros2_ws/install/px4_msgs/include/px4_msgs/px4_msgs/msg/detail\n'}
[1.478800] (px4_msgs) StdoutLine: {'line': b'-- Up-to-date: /home/mcfb/ros2_ws/install/px4_msgs/include/px4_msgs/px4_msgs/msg/detail/message_format_request__type_support.hpp\n'}
[1.478847] (px4_msgs) StdoutLine: {'line': b'-- Up-to-date: /home/mcfb/ros2_ws/install/px4_msgs/include/px4_msgs/px4_msgs/msg/detail/navigator_status__builder.hpp\n'}
[1.478891] (px4_msgs) StdoutLine: {'line': b'-- Up-to-date: /home/mcfb/ros2_ws/install/px4_msgs/include/px4_msgs/px4_msgs/msg/detail/rover_rate_setpoint__struct.hpp\n'}
[1.478947] (px4_msgs) StdoutLine: {'line': b'-- Up-to-date: /home/mcfb/ros2_ws/install/px4_msgs/include/px4_msgs/px4_msgs/msg/detail/system_power__struct.hpp\n'}
[1.479024] (px4_msgs) StdoutLine: {'line': b'-- Up-to-date: /home/mcfb/ros2_ws/install/px4_msgs/include/px4_msgs/px4_msgs/msg/detail/dronecan_node_status__builder.hpp\n'}
[1.479095] (px4_msgs) StdoutLine: {'line': b'-- Up-to-date: /home/mcfb/ros2_ws/install/px4_msgs/include/px4_msgs/px4_msgs/msg/detail/estimator_selector_status__traits.hpp\n'}
[1.479156] (px4_msgs) StdoutLine: {'line': b'-- Up-to-date: /home/mcfb/ros2_ws/install/px4_msgs/include/px4_msgs/px4_msgs/msg/detail/estimator_status_flags__builder.hpp\n'}
[1.479199] (px4_msgs) StdoutLine: {'line': b'-- Up-to-date: /home/mcfb/ros2_ws/install/px4_msgs/include/px4_msgs/px4_msgs/msg/detail/input_rc__type_support.hpp\n'}
[1.479242] (px4_msgs) StdoutLine: {'line': b'-- Up-to-date: /home/mcfb/ros2_ws/install/px4_msgs/include/px4_msgs/px4_msgs/msg/detail/estimator_innovations__struct.hpp\n'}
[1.479291] (px4_msgs) StdoutLine: {'line': b'-- Up-to-date: /home/mcfb/ros2_ws/install/px4_msgs/include/px4_msgs/px4_msgs/msg/detail/camera_trigger__traits.hpp\n'}
[1.479361] (px4_msgs) StdoutLine: {'line': b'-- Up-to-date: /home/mcfb/ros2_ws/install/px4_msgs/include/px4_msgs/px4_msgs/msg/detail/vehicle_land_detected__type_support.hpp\n'}
[1.479411] (px4_msgs) StdoutLine: {'line': b'-- Up-to-date: /home/mcfb/ros2_ws/install/px4_msgs/include/px4_msgs/px4_msgs/msg/detail/uavcan_parameter_request__type_support.hpp\n'}
[1.479465] (px4_msgs) StdoutLine: {'line': b'-- Up-to-date: /home/mcfb/ros2_ws/install/px4_msgs/include/px4_msgs/px4_msgs/msg/detail/trajectory_setpoint__struct.hpp\n'}
[1.479526] (px4_msgs) StdoutLine: {'line': b'-- Up-to-date: /home/mcfb/ros2_ws/install/px4_msgs/include/px4_msgs/px4_msgs/msg/detail/unregister_ext_component__builder.hpp\n'}
[1.479568] (px4_msgs) StdoutLine: {'line': b'-- Up-to-date: /home/mcfb/ros2_ws/install/px4_msgs/include/px4_msgs/px4_msgs/msg/detail/battery_info__builder.hpp\n'}
[1.479610] (px4_msgs) StdoutLine: {'line': b'-- Up-to-date: /home/mcfb/ros2_ws/install/px4_msgs/include/px4_msgs/px4_msgs/msg/detail/estimator_aid_source2d__traits.hpp\n'}
[1.479676] (px4_msgs) StdoutLine: {'line': b'-- Up-to-date: /home/mcfb/ros2_ws/install/px4_msgs/include/px4_msgs/px4_msgs/msg/detail/gps_dump__type_support.hpp\n'}
[1.479739] (px4_msgs) StdoutLine: {'line': b'-- Up-to-date: /home/mcfb/ros2_ws/install/px4_msgs/include/px4_msgs/px4_msgs/msg/detail/position_controller_status__builder.hpp\n'}
[1.479800] (px4_msgs) StdoutLine: {'line': b'-- Up-to-date: /home/mcfb/ros2_ws/install/px4_msgs/include/px4_msgs/px4_msgs/msg/detail/telemetry_status__struct.hpp\n'}
[1.479861] (px4_msgs) StdoutLine: {'line': b'-- Up-to-date: /home/mcfb/ros2_ws/install/px4_msgs/include/px4_msgs/px4_msgs/msg/detail/vehicle_land_detected__builder.hpp\n'}
[1.479924] (px4_msgs) StdoutLine: {'line': b'-- Up-to-date: /home/mcfb/ros2_ws/install/px4_msgs/include/px4_msgs/px4_msgs/msg/detail/sensor_airflow__type_support.hpp\n'}
[1.479985] (px4_msgs) StdoutLine: {'line': b'-- Up-to-date: /home/mcfb/ros2_ws/install/px4_msgs/include/px4_msgs/px4_msgs/msg/detail/vehicle_magnetometer__builder.hpp\n'}
[1.480025] (px4_msgs) StdoutLine: {'line': b'-- Up-to-date: /home/mcfb/ros2_ws/install/px4_msgs/include/px4_msgs/px4_msgs/msg/detail/vehicle_control_mode__builder.hpp\n'}
[1.480068] (px4_msgs) StdoutLine: {'line': b'-- Up-to-date: /home/mcfb/ros2_ws/install/px4_msgs/include/px4_msgs/px4_msgs/msg/detail/gimbal_manager_status__builder.hpp\n'}
[1.480115] (px4_msgs) StdoutLine: {'line': b'-- Up-to-date: /home/mcfb/ros2_ws/install/px4_msgs/include/px4_msgs/px4_msgs/msg/detail/collision_constraints__type_support.hpp\n'}
[1.480168] (px4_msgs) StdoutLine: {'line': b'-- Up-to-date: /home/mcfb/ros2_ws/install/px4_msgs/include/px4_msgs/px4_msgs/msg/detail/rover_rate_setpoint__traits.hpp\n'}
[1.480221] (px4_msgs) StdoutLine: {'line': b'-- Up-to-date: /home/mcfb/ros2_ws/install/px4_msgs/include/px4_msgs/px4_msgs/msg/detail/differential_pressure__builder.hpp\n'}
[1.480274] (px4_msgs) StdoutLine: {'line': b'-- Up-to-date: /home/mcfb/ros2_ws/install/px4_msgs/include/px4_msgs/px4_msgs/msg/detail/estimator_innovations__traits.hpp\n'}
[1.480335] (px4_msgs) StdoutLine: {'line': b'-- Up-to-date: /home/mcfb/ros2_ws/install/px4_msgs/include/px4_msgs/px4_msgs/msg/detail/rover_attitude_status__type_support.hpp\n'}
[1.480376] (px4_msgs) StdoutLine: {'line': b'-- Up-to-date: /home/mcfb/ros2_ws/install/px4_msgs/include/px4_msgs/px4_msgs/msg/detail/gimbal_manager_status__traits.hpp\n'}
[1.480447] (px4_msgs) StdoutLine: {'line': b'-- Up-to-date: /home/mcfb/ros2_ws/install/px4_msgs/include/px4_msgs/px4_msgs/msg/detail/yaw_estimator_status__builder.hpp\n'}
[1.480497] (px4_msgs) StdoutLine: {'line': b'-- Up-to-date: /home/mcfb/ros2_ws/install/px4_msgs/include/px4_msgs/px4_msgs/msg/detail/dataman_request__type_support.hpp\n'}
[1.480539] (px4_msgs) StdoutLine: {'line': b'-- Up-to-date: /home/mcfb/ros2_ws/install/px4_msgs/include/px4_msgs/px4_msgs/msg/detail/goto_setpoint__builder.hpp\n'}
[1.480584] (px4_msgs) StdoutLine: {'line': b'-- Up-to-date: /home/mcfb/ros2_ws/install/px4_msgs/include/px4_msgs/px4_msgs/msg/detail/takeoff_status__builder.hpp\n'}
[1.480624] (px4_msgs) StdoutLine: {'line': b'-- Up-to-date: /home/mcfb/ros2_ws/install/px4_msgs/include/px4_msgs/px4_msgs/msg/detail/vehicle_imu_status__builder.hpp\n'}
[1.480667] (px4_msgs) StdoutLine: {'line': b'-- Up-to-date: /home/mcfb/ros2_ws/install/px4_msgs/include/px4_msgs/px4_msgs/msg/detail/vehicle_angular_velocity__builder.hpp\n'}
[1.480710] (px4_msgs) StdoutLine: {'line': b'-- Up-to-date: /home/mcfb/ros2_ws/install/px4_msgs/include/px4_msgs/px4_msgs/msg/detail/actuator_servos__builder.hpp\n'}
[1.480752] (px4_msgs) StdoutLine: {'line': b'-- Up-to-date: /home/mcfb/ros2_ws/install/px4_msgs/include/px4_msgs/px4_msgs/msg/detail/offboard_control_mode__type_support.hpp\n'}
[1.480807] (px4_msgs) StdoutLine: {'line': b'-- Up-to-date: /home/mcfb/ros2_ws/install/px4_msgs/include/px4_msgs/px4_msgs/msg/detail/open_drone_id_self_id__traits.hpp\n'}
[1.480868] (px4_msgs) StdoutLine: {'line': b'-- Up-to-date: /home/mcfb/ros2_ws/install/px4_msgs/include/px4_msgs/px4_msgs/msg/detail/sensor_gyro_fifo__type_support.hpp\n'}
[1.480927] (px4_msgs) StdoutLine: {'line': b'-- Up-to-date: /home/mcfb/ros2_ws/install/px4_msgs/include/px4_msgs/px4_msgs/msg/detail/gimbal_controls__struct.hpp\n'}
[1.480991] (px4_msgs) StdoutLine: {'line': b'-- Up-to-date: /home/mcfb/ros2_ws/install/px4_msgs/include/px4_msgs/px4_msgs/msg/detail/vehicle_imu_status__type_support.hpp\n'}
[1.481054] (px4_msgs) StdoutLine: {'line': b'-- Up-to-date: /home/mcfb/ros2_ws/install/px4_msgs/include/px4_msgs/px4_msgs/msg/detail/neural_control__type_support.hpp\n'}
[1.481095] (px4_msgs) StdoutLine: {'line': b'-- Up-to-date: /home/mcfb/ros2_ws/install/px4_msgs/include/px4_msgs/px4_msgs/msg/detail/estimator_status_flags__struct.hpp\n'}
[1.481143] (px4_msgs) StdoutLine: {'line': b'-- Up-to-date: /home/mcfb/ros2_ws/install/px4_msgs/include/px4_msgs/px4_msgs/msg/detail/gpio_request__type_support.hpp\n'}
[1.481184] (px4_msgs) StdoutLine: {'line': b'-- Up-to-date: /home/mcfb/ros2_ws/install/px4_msgs/include/px4_msgs/px4_msgs/msg/detail/message_format_response__struct.hpp\n'}
[1.481239] (px4_msgs) StdoutLine: {'line': b'-- Up-to-date: /home/mcfb/ros2_ws/install/px4_msgs/include/px4_msgs/px4_msgs/msg/detail/lateral_control_configuration__struct.hpp\n'}
[1.481309] (px4_msgs) StdoutLine: {'line': b'-- Up-to-date: /home/mcfb/ros2_ws/install/px4_msgs/include/px4_msgs/px4_msgs/msg/detail/flight_phase_estimation__type_support.hpp\n'}
[1.481362] (px4_msgs) StdoutLine: {'line': b'-- Up-to-date: /home/mcfb/ros2_ws/install/px4_msgs/include/px4_msgs/px4_msgs/msg/detail/vehicle_command_ack__builder.hpp\n'}
[1.481405] (px4_msgs) StdoutLine: {'line': b'-- Up-to-date: /home/mcfb/ros2_ws/install/px4_msgs/include/px4_msgs/px4_msgs/msg/detail/obstacle_distance__traits.hpp\n'}
[1.481446] (px4_msgs) StdoutLine: {'line': b'-- Up-to-date: /home/mcfb/ros2_ws/install/px4_msgs/include/px4_msgs/px4_msgs/msg/detail/tiltrotor_extra_controls__type_support.hpp\n'}
[1.481505] (px4_msgs) StdoutLine: {'line': b'-- Up-to-date: /home/mcfb/ros2_ws/install/px4_msgs/include/px4_msgs/px4_msgs/msg/detail/sensor_accel_fifo__struct.hpp\n'}
[1.481576] (px4_msgs) StdoutLine: {'line': b'-- Up-to-date: /home/mcfb/ros2_ws/install/px4_msgs/include/px4_msgs/px4_msgs/msg/detail/battery_status__traits.hpp\n'}
[1.481621] (px4_msgs) StdoutLine: {'line': b'-- Up-to-date: /home/mcfb/ros2_ws/install/px4_msgs/include/px4_msgs/px4_msgs/msg/detail/landing_target_pose__struct.hpp\n'}
[1.481688] (px4_msgs) StdoutLine: {'line': b'-- Up-to-date: /home/mcfb/ros2_ws/install/px4_msgs/include/px4_msgs/px4_msgs/msg/detail/telemetry_status__traits.hpp\n'}
[1.481746] (px4_msgs) StdoutLine: {'line': b'-- Up-to-date: /home/mcfb/ros2_ws/install/px4_msgs/include/px4_msgs/px4_msgs/msg/detail/vehicle_angular_velocity__type_support.hpp\n'}
[1.481801] (px4_msgs) StdoutLine: {'line': b'-- Up-to-date: /home/mcfb/ros2_ws/install/px4_msgs/include/px4_msgs/px4_msgs/msg/detail/lateral_control_configuration__builder.hpp\n'}
[1.481856] (px4_msgs) StdoutLine: {'line': b'-- Up-to-date: /home/mcfb/ros2_ws/install/px4_msgs/include/px4_msgs/px4_msgs/msg/detail/sensors_status_imu__builder.hpp\n'}
[1.481898] (px4_msgs) StdoutLine: {'line': b'-- Up-to-date: /home/mcfb/ros2_ws/install/px4_msgs/include/px4_msgs/px4_msgs/msg/detail/action_request__type_support.hpp\n'}
[1.481941] (px4_msgs) StdoutLine: {'line': b'-- Up-to-date: /home/mcfb/ros2_ws/install/px4_msgs/include/px4_msgs/px4_msgs/msg/detail/gimbal_manager_set_manual_control__traits.hpp\n'}
[1.481982] (px4_msgs) StdoutLine: {'line': b'-- Up-to-date: /home/mcfb/ros2_ws/install/px4_msgs/include/px4_msgs/px4_msgs/msg/detail/power_monitor__builder.hpp\n'}
[1.482029] (px4_msgs) StdoutLine: {'line': b'-- Up-to-date: /home/mcfb/ros2_ws/install/px4_msgs/include/px4_msgs/px4_msgs/msg/detail/estimator_gps_status__traits.hpp\n'}
[1.482095] (px4_msgs) StdoutLine: {'line': b'-- Up-to-date: /home/mcfb/ros2_ws/install/px4_msgs/include/px4_msgs/px4_msgs/msg/detail/rc_parameter_map__struct.hpp\n'}
[1.482142] (px4_msgs) StdoutLine: {'line': b'-- Up-to-date: /home/mcfb/ros2_ws/install/px4_msgs/include/px4_msgs/px4_msgs/msg/detail/config_overrides__struct.hpp\n'}
[1.482187] (px4_msgs) StdoutLine: {'line': b'-- Up-to-date: /home/mcfb/ros2_ws/install/px4_msgs/include/px4_msgs/px4_msgs/msg/detail/follow_target__builder.hpp\n'}
[1.482229] (px4_msgs) StdoutLine: {'line': b'-- Up-to-date: /home/mcfb/ros2_ws/install/px4_msgs/include/px4_msgs/px4_msgs/msg/detail/estimator_bias__builder.hpp\n'}
[1.482273] (px4_msgs) StdoutLine: {'line': b'-- Up-to-date: /home/mcfb/ros2_ws/install/px4_msgs/include/px4_msgs/px4_msgs/msg/detail/sensor_accel_fifo__builder.hpp\n'}
[1.482320] (px4_msgs) StdoutLine: {'line': b'-- Up-to-date: /home/mcfb/ros2_ws/install/px4_msgs/include/px4_msgs/px4_msgs/msg/detail/landing_target_pose__builder.hpp\n'}
[1.482364] (px4_msgs) StdoutLine: {'line': b'-- Up-to-date: /home/mcfb/ros2_ws/install/px4_msgs/include/px4_msgs/px4_msgs/msg/detail/actuator_servos__type_support.hpp\n'}
[1.482405] (px4_msgs) StdoutLine: {'line': b'-- Up-to-date: /home/mcfb/ros2_ws/install/px4_msgs/include/px4_msgs/px4_msgs/msg/detail/obstacle_distance__struct.hpp\n'}
[1.482447] (px4_msgs) StdoutLine: {'line': b'-- Up-to-date: /home/mcfb/ros2_ws/install/px4_msgs/include/px4_msgs/px4_msgs/msg/detail/generator_status__struct.hpp\n'}
[1.482492] (px4_msgs) StdoutLine: {'line': b'-- Up-to-date: /home/mcfb/ros2_ws/install/px4_msgs/include/px4_msgs/px4_msgs/msg/detail/mavlink_tunnel__traits.hpp\n'}
[1.482537] (px4_msgs) StdoutLine: {'line': b'-- Up-to-date: /home/mcfb/ros2_ws/install/px4_msgs/include/px4_msgs/px4_msgs/msg/detail/vtol_vehicle_status__builder.hpp\n'}
[1.482581] (px4_msgs) StdoutLine: {'line': b'-- Up-to-date: /home/mcfb/ros2_ws/install/px4_msgs/include/px4_msgs/px4_msgs/msg/detail/lateral_control_configuration__traits.hpp\n'}
[1.482627] (px4_msgs) StdoutLine: {'line': b'-- Up-to-date: /home/mcfb/ros2_ws/install/px4_msgs/include/px4_msgs/px4_msgs/msg/detail/gimbal_manager_set_manual_control__struct.hpp\n'}
[1.482673] (px4_msgs) StdoutLine: {'line': b'-- Up-to-date: /home/mcfb/ros2_ws/install/px4_msgs/include/px4_msgs/px4_msgs/msg/detail/longitudinal_control_configuration__type_support.hpp\n'}
[1.482719] (px4_msgs) StdoutLine: {'line': b'-- Up-to-date: /home/mcfb/ros2_ws/install/px4_msgs/include/px4_msgs/px4_msgs/msg/detail/open_drone_id_arm_status__struct.hpp\n'}
[1.482819] (px4_msgs) StdoutLine: {'line': b'-- Up-to-date: /home/mcfb/ros2_ws/install/px4_msgs/include/px4_msgs/px4_msgs/msg/detail/battery_status__type_support.hpp\n'}
[1.482867] (px4_msgs) StdoutLine: {'line': b'-- Up-to-date: /home/mcfb/ros2_ws/install/px4_msgs/include/px4_msgs/px4_msgs/msg/detail/magnetometer_bias_estimate__traits.hpp\n'}
[1.482909] (px4_msgs) StdoutLine: {'line': b'-- Up-to-date: /home/mcfb/ros2_ws/install/px4_msgs/include/px4_msgs/px4_msgs/msg/detail/airspeed__builder.hpp\n'}
[1.482952] (px4_msgs) StdoutLine: {'line': b'-- Up-to-date: /home/mcfb/ros2_ws/install/px4_msgs/include/px4_msgs/px4_msgs/msg/detail/event__builder.hpp\n'}
[1.482994] (px4_msgs) StdoutLine: {'line': b'-- Up-to-date: /home/mcfb/ros2_ws/install/px4_msgs/include/px4_msgs/px4_msgs/msg/detail/mission__builder.hpp\n'}
[1.483037] (px4_msgs) StdoutLine: {'line': b'-- Up-to-date: /home/mcfb/ros2_ws/install/px4_msgs/include/px4_msgs/px4_msgs/msg/detail/vehicle_air_data__builder.hpp\n'}
[1.483077] (px4_msgs) StdoutLine: {'line': b'-- Up-to-date: /home/mcfb/ros2_ws/install/px4_msgs/include/px4_msgs/px4_msgs/msg/detail/vehicle_land_detected__traits.hpp\n'}
[1.483121] (px4_msgs) StdoutLine: {'line': b'-- Up-to-date: /home/mcfb/ros2_ws/install/px4_msgs/include/px4_msgs/px4_msgs/msg/detail/rover_rate_setpoint__builder.hpp\n'}
[1.483166] (px4_msgs) StdoutLine: {'line': b'-- Up-to-date: /home/mcfb/ros2_ws/install/px4_msgs/include/px4_msgs/px4_msgs/msg/detail/debug_array__builder.hpp\n'}
[1.483212] (px4_msgs) StdoutLine: {'line': b'-- Up-to-date: /home/mcfb/ros2_ws/install/px4_msgs/include/px4_msgs/px4_msgs/msg/detail/parameter_set_value_response__struct.hpp\n'}
[1.483257] (px4_msgs) StdoutLine: {'line': b'-- Up-to-date: /home/mcfb/ros2_ws/install/px4_msgs/include/px4_msgs/px4_msgs/msg/detail/collision_constraints__struct.hpp\n'}
[1.483303] (px4_msgs) StdoutLine: {'line': b'-- Up-to-date: /home/mcfb/ros2_ws/install/px4_msgs/include/px4_msgs/px4_msgs/msg/detail/log_message__struct.hpp\n'}
[1.483357] (px4_msgs) StdoutLine: {'line': b'-- Up-to-date: /home/mcfb/ros2_ws/install/px4_msgs/include/px4_msgs/px4_msgs/msg/detail/pps_capture__traits.hpp\n'}
[1.483403] (px4_msgs) StdoutLine: {'line': b'-- Up-to-date: /home/mcfb/ros2_ws/install/px4_msgs/include/px4_msgs/px4_msgs/msg/detail/battery_status__builder.hpp\n'}
[1.483451] (px4_msgs) StdoutLine: {'line': b'-- Up-to-date: /home/mcfb/ros2_ws/install/px4_msgs/include/px4_msgs/px4_msgs/msg/detail/mount_orientation__type_support.hpp\n'}
[1.483498] (px4_msgs) StdoutLine: {'line': b'-- Up-to-date: /home/mcfb/ros2_ws/install/px4_msgs/include/px4_msgs/px4_msgs/msg/detail/rover_speed_status__builder.hpp\n'}
[1.483545] (px4_msgs) StdoutLine: {'line': b'-- Up-to-date: /home/mcfb/ros2_ws/install/px4_msgs/include/px4_msgs/px4_msgs/msg/detail/sensor_mag__builder.hpp\n'}
[1.483591] (px4_msgs) StdoutLine: {'line': b'-- Up-to-date: /home/mcfb/ros2_ws/install/px4_msgs/include/px4_msgs/px4_msgs/msg/detail/vehicle_rates_setpoint__builder.hpp\n'}
[1.483637] (px4_msgs) StdoutLine: {'line': b'-- Up-to-date: /home/mcfb/ros2_ws/install/px4_msgs/include/px4_msgs/px4_msgs/msg/detail/arming_check_reply__traits.hpp\n'}
[1.483686] (px4_msgs) StdoutLine: {'line': b'-- Up-to-date: /home/mcfb/ros2_ws/install/px4_msgs/include/px4_msgs/px4_msgs/msg/detail/sensor_accel__struct.hpp\n'}
[1.483735] (px4_msgs) StdoutLine: {'line': b'-- Up-to-date: /home/mcfb/ros2_ws/install/px4_msgs/include/px4_msgs/px4_msgs/msg/detail/fixed_wing_longitudinal_setpoint__struct.hpp\n'}
[1.483783] (px4_msgs) StdoutLine: {'line': b'-- Up-to-date: /home/mcfb/ros2_ws/install/px4_msgs/include/px4_msgs/px4_msgs/msg/detail/velocity_limits__type_support.hpp\n'}
[1.483829] (px4_msgs) StdoutLine: {'line': b'-- Up-to-date: /home/mcfb/ros2_ws/install/px4_msgs/include/px4_msgs/px4_msgs/msg/detail/actuator_motors__traits.hpp\n'}
[1.483878] (px4_msgs) StdoutLine: {'line': b'-- Up-to-date: /home/mcfb/ros2_ws/install/px4_msgs/include/px4_msgs/px4_msgs/msg/detail/radio_status__struct.hpp\n'}
[1.483924] (px4_msgs) StdoutLine: {'line': b'-- Up-to-date: /home/mcfb/ros2_ws/install/px4_msgs/include/px4_msgs/px4_msgs/msg/detail/rover_throttle_setpoint__type_support.hpp\n'}
[1.483987] (px4_msgs) StdoutLine: {'line': b'-- Up-to-date: /home/mcfb/ros2_ws/install/px4_msgs/include/px4_msgs/px4_msgs/msg/detail/navigator_mission_item__builder.hpp\n'}
[1.484030] (px4_msgs) StdoutLine: {'line': b'-- Up-to-date: /home/mcfb/ros2_ws/install/px4_msgs/include/px4_msgs/px4_msgs/msg/detail/actuator_controls_status__builder.hpp\n'}
[1.484073] (px4_msgs) StdoutLine: {'line': b'-- Up-to-date: /home/mcfb/ros2_ws/install/px4_msgs/include/px4_msgs/px4_msgs/msg/detail/sensor_gnss_status__type_support.hpp\n'}
[1.484115] (px4_msgs) StdoutLine: {'line': b'-- Up-to-date: /home/mcfb/ros2_ws/install/px4_msgs/include/px4_msgs/px4_msgs/msg/detail/task_stack_info__struct.hpp\n'}
[1.484157] (px4_msgs) StdoutLine: {'line': b'-- Up-to-date: /home/mcfb/ros2_ws/install/px4_msgs/include/px4_msgs/px4_msgs/msg/detail/power_monitor__traits.hpp\n'}
[1.484202] (px4_msgs) StdoutLine: {'line': b'-- Up-to-date: /home/mcfb/ros2_ws/install/px4_msgs/include/px4_msgs/px4_msgs/msg/detail/parameter_set_value_response__type_support.hpp\n'}
[1.484246] (px4_msgs) StdoutLine: {'line': b'-- Up-to-date: /home/mcfb/ros2_ws/install/px4_msgs/include/px4_msgs/px4_msgs/msg/detail/vehicle_imu__type_support.hpp\n'}
[1.484293] (px4_msgs) StdoutLine: {'line': b'-- Up-to-date: /home/mcfb/ros2_ws/install/px4_msgs/include/px4_msgs/px4_msgs/msg/detail/gimbal_manager_set_attitude__type_support.hpp\n'}
[1.484345] (px4_msgs) StdoutLine: {'line': b'-- Up-to-date: /home/mcfb/ros2_ws/install/px4_msgs/include/px4_msgs/px4_msgs/msg/detail/camera_capture__builder.hpp\n'}
[1.484417] (px4_msgs) StdoutLine: {'line': b'-- Up-to-date: /home/mcfb/ros2_ws/install/px4_msgs/include/px4_msgs/px4_msgs/msg/detail/hover_thrust_estimate__builder.hpp\n'}
[1.484463] (px4_msgs) StdoutLine: {'line': b'-- Up-to-date: /home/mcfb/ros2_ws/install/px4_msgs/include/px4_msgs/px4_msgs/msg/detail/pwm_input__builder.hpp\n'}
[1.484507] (px4_msgs) StdoutLine: {'line': b'-- Up-to-date: /home/mcfb/ros2_ws/install/px4_msgs/include/px4_msgs/px4_msgs/msg/detail/action_request__builder.hpp\n'}
[1.484555] (px4_msgs) StdoutLine: {'line': b'-- Up-to-date: /home/mcfb/ros2_ws/install/px4_msgs/include/px4_msgs/px4_msgs/msg/detail/mission_result__traits.hpp\n'}
[1.484598] (px4_msgs) StdoutLine: {'line': b'-- Up-to-date: /home/mcfb/ros2_ws/install/px4_msgs/include/px4_msgs/px4_msgs/msg/detail/internal_combustion_engine_status__struct.hpp\n'}
[1.484667] (px4_msgs) StdoutLine: {'line': b'-- Up-to-date: /home/mcfb/ros2_ws/install/px4_msgs/include/px4_msgs/px4_msgs/msg/detail/gpio_config__type_support.hpp\n'}
[1.484709] (px4_msgs) StdoutLine: {'line': b'-- Up-to-date: /home/mcfb/ros2_ws/install/px4_msgs/include/px4_msgs/px4_msgs/msg/detail/position_setpoint__struct.hpp\n'}
[1.484750] (px4_msgs) StdoutLine: {'line': b'-- Up-to-date: /home/mcfb/ros2_ws/install/px4_msgs/include/px4_msgs/px4_msgs/msg/detail/qshell_retval__traits.hpp\n'}
[1.484792] (px4_msgs) StdoutLine: {'line': b'-- Up-to-date: /home/mcfb/ros2_ws/install/px4_msgs/include/px4_msgs/px4_msgs/msg/detail/distance_sensor_mode_change_request__type_support.hpp\n'}
[1.484836] (px4_msgs) StdoutLine: {'line': b'-- Up-to-date: /home/mcfb/ros2_ws/install/px4_msgs/include/px4_msgs/px4_msgs/msg/detail/rpm__traits.hpp\n'}
[1.484882] (px4_msgs) StdoutLine: {'line': b'-- Up-to-date: /home/mcfb/ros2_ws/install/px4_msgs/include/px4_msgs/px4_msgs/msg/detail/open_drone_id_operator_id__builder.hpp\n'}
[1.484928] (px4_msgs) StdoutLine: {'line': b'-- Up-to-date: /home/mcfb/ros2_ws/install/px4_msgs/include/px4_msgs/px4_msgs/msg/detail/takeoff_status__struct.hpp\n'}
[1.484973] (px4_msgs) StdoutLine: {'line': b'-- Up-to-date: /home/mcfb/ros2_ws/install/px4_msgs/include/px4_msgs/px4_msgs/msg/detail/ping__type_support.hpp\n'}
[1.485018] (px4_msgs) StdoutLine: {'line': b'-- Up-to-date: /home/mcfb/ros2_ws/install/px4_msgs/include/px4_msgs/px4_msgs/msg/detail/fixed_wing_longitudinal_setpoint__type_support.hpp\n'}
[1.485060] (px4_msgs) StdoutLine: {'line': b'-- Up-to-date: /home/mcfb/ros2_ws/install/px4_msgs/include/px4_msgs/px4_msgs/msg/detail/ulog_stream_ack__traits.hpp\n'}
[1.485110] (px4_msgs) StdoutLine: {'line': b'-- Up-to-date: /home/mcfb/ros2_ws/install/px4_msgs/include/px4_msgs/px4_msgs/msg/detail/longitudinal_control_configuration__builder.hpp\n'}
[1.485173] (px4_msgs) StdoutLine: {'line': b'-- Up-to-date: /home/mcfb/ros2_ws/install/px4_msgs/include/px4_msgs/px4_msgs/msg/detail/internal_combustion_engine_control__type_support.hpp\n'}
[1.485221] (px4_msgs) StdoutLine: {'line': b'-- Up-to-date: /home/mcfb/ros2_ws/install/px4_msgs/include/px4_msgs/px4_msgs/msg/detail/vehicle_imu__traits.hpp\n'}
[1.485269] (px4_msgs) StdoutLine: {'line': b'-- Up-to-date: /home/mcfb/ros2_ws/install/px4_msgs/include/px4_msgs/px4_msgs/msg/detail/rover_attitude_status__traits.hpp\n'}
[1.485320] (px4_msgs) StdoutLine: {'line': b'-- Up-to-date: /home/mcfb/ros2_ws/install/px4_msgs/include/px4_msgs/px4_msgs/msg/detail/pwm_input__struct.hpp\n'}
[1.485367] (px4_msgs) StdoutLine: {'line': b'-- Up-to-date: /home/mcfb/ros2_ws/install/px4_msgs/include/px4_msgs/px4_msgs/msg/detail/onboard_computer_status__builder.hpp\n'}
[1.485411] (px4_msgs) StdoutLine: {'line': b'-- Up-to-date: /home/mcfb/ros2_ws/install/px4_msgs/include/px4_msgs/px4_msgs/msg/detail/sensor_gyro__struct.hpp\n'}
[1.485457] (px4_msgs) StdoutLine: {'line': b'-- Up-to-date: /home/mcfb/ros2_ws/install/px4_msgs/include/px4_msgs/px4_msgs/msg/detail/internal_combustion_engine_status__traits.hpp\n'}
[1.485511] (px4_msgs) StdoutLine: {'line': b'-- Up-to-date: /home/mcfb/ros2_ws/install/px4_msgs/include/px4_msgs/px4_msgs/msg/detail/longitudinal_control_configuration__traits.hpp\n'}
[1.485586] (px4_msgs) StdoutLine: {'line': b'-- Up-to-date: /home/mcfb/ros2_ws/install/px4_msgs/include/px4_msgs/px4_msgs/msg/detail/vehicle_local_position__type_support.hpp\n'}
[1.485738] (px4_msgs) StdoutLine: {'line': b'-- Up-to-date: /home/mcfb/ros2_ws/install/px4_msgs/include/px4_msgs/px4_msgs/msg/detail/sensor_combined__traits.hpp\n'}
[1.486007] (px4_msgs) StdoutLine: {'line': b'-- Up-to-date: /home/mcfb/ros2_ws/install/px4_msgs/include/px4_msgs/px4_msgs/msg/detail/vehicle_rates_setpoint__traits.hpp\n'}
[1.486158] (px4_msgs) StdoutLine: {'line': b'-- Up-to-date: /home/mcfb/ros2_ws/install/px4_msgs/include/px4_msgs/px4_msgs/msg/detail/message_format_response__type_support.hpp\n'}
[1.486231] (px4_msgs) StdoutLine: {'line': b'-- Up-to-date: /home/mcfb/ros2_ws/install/px4_msgs/include/px4_msgs/px4_msgs/msg/detail/rover_steering_setpoint__type_support.hpp\n'}
[1.486331] (px4_msgs) StdoutLine: {'line': b'-- Up-to-date: /home/mcfb/ros2_ws/install/px4_msgs/include/px4_msgs/px4_msgs/msg/detail/gimbal_device_attitude_status__builder.hpp\n'}
[1.486380] (px4_msgs) StdoutLine: {'line': b'-- Up-to-date: /home/mcfb/ros2_ws/install/px4_msgs/include/px4_msgs/px4_msgs/msg/detail/magnetometer_bias_estimate__struct.hpp\n'}
[1.486426] (px4_msgs) StdoutLine: {'line': b'-- Up-to-date: /home/mcfb/ros2_ws/install/px4_msgs/include/px4_msgs/px4_msgs/msg/detail/gimbal_manager_set_attitude__struct.hpp\n'}
[1.486471] (px4_msgs) StdoutLine: {'line': b'-- Up-to-date: /home/mcfb/ros2_ws/install/px4_msgs/include/px4_msgs/px4_msgs/msg/detail/open_drone_id_operator_id__traits.hpp\n'}
[1.486546] (px4_msgs) StdoutLine: {'line': b'-- Up-to-date: /home/mcfb/ros2_ws/install/px4_msgs/include/px4_msgs/px4_msgs/msg/detail/geofence_result__type_support.hpp\n'}
[1.486603] (px4_msgs) StdoutLine: {'line': b'-- Up-to-date: /home/mcfb/ros2_ws/install/px4_msgs/include/px4_msgs/px4_msgs/msg/detail/mag_worker_data__traits.hpp\n'}
[1.486647] (px4_msgs) StdoutLine: {'line': b'-- Up-to-date: /home/mcfb/ros2_ws/install/px4_msgs/include/px4_msgs/px4_msgs/msg/detail/parameter_set_used_request__traits.hpp\n'}
[1.486694] (px4_msgs) StdoutLine: {'line': b'-- Up-to-date: /home/mcfb/ros2_ws/install/px4_msgs/include/px4_msgs/px4_msgs/msg/detail/onboard_computer_status__traits.hpp\n'}
[1.486874] (px4_msgs) StdoutLine: {'line': b'-- Up-to-date: /home/mcfb/ros2_ws/install/px4_msgs/include/px4_msgs/px4_msgs/msg/detail/rover_rate_status__type_support.hpp\n'}
[1.486952] (px4_msgs) StdoutLine: {'line': b'-- Up-to-date: /home/mcfb/ros2_ws/install/px4_msgs/include/px4_msgs/px4_msgs/msg/detail/sensor_gps__builder.hpp\n'}
[1.487051] (px4_msgs) StdoutLine: {'line': b'-- Up-to-date: /home/mcfb/ros2_ws/install/px4_msgs/include/px4_msgs/px4_msgs/msg/detail/dataman_response__type_support.hpp\n'}
[1.487177] (px4_msgs) StdoutLine: {'line': b'-- Up-to-date: /home/mcfb/ros2_ws/install/px4_msgs/include/px4_msgs/px4_msgs/msg/detail/sensor_uwb__traits.hpp\n'}
[1.487257] (px4_msgs) StdoutLine: {'line': b'-- Up-to-date: /home/mcfb/ros2_ws/install/px4_msgs/include/px4_msgs/px4_msgs/msg/detail/uavcan_parameter_value__type_support.hpp\n'}
[1.487332] (px4_msgs) StdoutLine: {'line': b'-- Up-to-date: /home/mcfb/ros2_ws/install/px4_msgs/include/px4_msgs/px4_msgs/msg/detail/neural_control__builder.hpp\n'}
[1.487405] (px4_msgs) StdoutLine: {'line': b'-- Up-to-date: /home/mcfb/ros2_ws/install/px4_msgs/include/px4_msgs/px4_msgs/msg/detail/mission__traits.hpp\n'}
[1.487470] (px4_msgs) StdoutLine: {'line': b'-- Up-to-date: /home/mcfb/ros2_ws/install/px4_msgs/include/px4_msgs/px4_msgs/msg/detail/estimator_aid_source1d__builder.hpp\n'}
[1.487536] (px4_msgs) StdoutLine: {'line': b'-- Up-to-date: /home/mcfb/ros2_ws/install/px4_msgs/include/px4_msgs/px4_msgs/msg/detail/failure_detector_status__traits.hpp\n'}
[1.487598] (px4_msgs) StdoutLine: {'line': b'-- Up-to-date: /home/mcfb/ros2_ws/install/px4_msgs/include/px4_msgs/px4_msgs/msg/detail/normalized_unsigned_setpoint__struct.hpp\n'}
[1.487727] (px4_msgs) StdoutLine: {'line': b'-- Up-to-date: /home/mcfb/ros2_ws/install/px4_msgs/include/px4_msgs/px4_msgs/msg/detail/sensor_gnss_status__struct.hpp\n'}
[1.487861] (px4_msgs) StdoutLine: {'line': b'-- Up-to-date: /home/mcfb/ros2_ws/install/px4_msgs/include/px4_msgs/px4_msgs/msg/detail/vehicle_optical_flow__type_support.hpp\n'}
[1.487941] (px4_msgs) StdoutLine: {'line': b'-- Up-to-date: /home/mcfb/ros2_ws/install/px4_msgs/include/px4_msgs/px4_msgs/msg/detail/event__type_support.hpp\n'}
[1.487990] (px4_msgs) StdoutLine: {'line': b'-- Up-to-date: /home/mcfb/ros2_ws/install/px4_msgs/include/px4_msgs/px4_msgs/msg/detail/fixed_wing_runway_control__traits.hpp\n'}
[1.488036] (px4_msgs) StdoutLine: {'line': b'-- Up-to-date: /home/mcfb/ros2_ws/install/px4_msgs/include/px4_msgs/px4_msgs/msg/detail/parameter_set_value_request__type_support.hpp\n'}
[1.488082] (px4_msgs) StdoutLine: {'line': b'-- Up-to-date: /home/mcfb/ros2_ws/install/px4_msgs/include/px4_msgs/px4_msgs/msg/detail/qshell_retval__builder.hpp\n'}
[1.488125] (px4_msgs) StdoutLine: {'line': b'-- Up-to-date: /home/mcfb/ros2_ws/install/px4_msgs/include/px4_msgs/px4_msgs/msg/detail/action_request__struct.hpp\n'}
[1.488167] (px4_msgs) StdoutLine: {'line': b'-- Up-to-date: /home/mcfb/ros2_ws/install/px4_msgs/include/px4_msgs/px4_msgs/msg/detail/orb_test_large__type_support.hpp\n'}
[1.488237] (px4_msgs) StdoutLine: {'line': b'-- Up-to-date: /home/mcfb/ros2_ws/install/px4_msgs/include/px4_msgs/px4_msgs/msg/detail/vehicle_status__type_support.hpp\n'}
[1.488301] (px4_msgs) StdoutLine: {'line': b'-- Up-to-date: /home/mcfb/ros2_ws/install/px4_msgs/include/px4_msgs/px4_msgs/msg/detail/airspeed_validated__builder.hpp\n'}
[1.488373] (px4_msgs) StdoutLine: {'line': b'-- Up-to-date: /home/mcfb/ros2_ws/install/px4_msgs/include/px4_msgs/px4_msgs/msg/detail/position_controller_status__traits.hpp\n'}
[1.488439] (px4_msgs) StdoutLine: {'line': b'-- Up-to-date: /home/mcfb/ros2_ws/install/px4_msgs/include/px4_msgs/px4_msgs/msg/detail/register_ext_component_request__builder.hpp\n'}
[1.488504] (px4_msgs) StdoutLine: {'line': b'-- Up-to-date: /home/mcfb/ros2_ws/install/px4_msgs/include/px4_msgs/px4_msgs/msg/detail/estimator_event_flags__builder.hpp\n'}
[1.488574] (px4_msgs) StdoutLine: {'line': b'-- Up-to-date: /home/mcfb/ros2_ws/install/px4_msgs/include/px4_msgs/px4_msgs/msg/detail/autotune_attitude_control_status__traits.hpp\n'}
[1.488691] (px4_msgs) StdoutLine: {'line': b'-- Up-to-date: /home/mcfb/ros2_ws/install/px4_msgs/include/px4_msgs/px4_msgs/msg/detail/transponder_report__type_support.hpp\n'}
[1.488764] (px4_msgs) StdoutLine: {'line': b'-- Up-to-date: /home/mcfb/ros2_ws/install/px4_msgs/include/px4_msgs/px4_msgs/msg/detail/vehicle_odometry__traits.hpp\n'}
[1.488846] (px4_msgs) StdoutLine: {'line': b'-- Up-to-date: /home/mcfb/ros2_ws/install/px4_msgs/include/px4_msgs/px4_msgs/msg/detail/estimator_event_flags__struct.hpp\n'}
[1.488895] (px4_msgs) StdoutLine: {'line': b'-- Up-to-date: /home/mcfb/ros2_ws/install/px4_msgs/include/px4_msgs/px4_msgs/msg/detail/battery_info__struct.hpp\n'}
[1.488943] (px4_msgs) StdoutLine: {'line': b'-- Up-to-date: /home/mcfb/ros2_ws/install/px4_msgs/include/px4_msgs/px4_msgs/msg/detail/vehicle_attitude__traits.hpp\n'}
[1.488990] (px4_msgs) StdoutLine: {'line': b'-- Up-to-date: /home/mcfb/ros2_ws/install/px4_msgs/include/px4_msgs/px4_msgs/msg/detail/home_position__traits.hpp\n'}
[1.489060] (px4_msgs) StdoutLine: {'line': b'-- Up-to-date: /home/mcfb/ros2_ws/install/px4_msgs/include/px4_msgs/px4_msgs/msg/detail/ekf2_timestamps__struct.hpp\n'}
[1.489103] (px4_msgs) StdoutLine: {'line': b'-- Up-to-date: /home/mcfb/ros2_ws/install/px4_msgs/include/px4_msgs/px4_msgs/msg/detail/landing_target_pose__type_support.hpp\n'}
[1.489157] (px4_msgs) StdoutLine: {'line': b'-- Up-to-date: /home/mcfb/ros2_ws/install/px4_msgs/include/px4_msgs/px4_msgs/msg/detail/qshell_req__type_support.hpp\n'}
[1.489221] (px4_msgs) StdoutLine: {'line': b'-- Up-to-date: /home/mcfb/ros2_ws/install/px4_msgs/include/px4_msgs/px4_msgs/msg/detail/estimator_sensor_bias__type_support.hpp\n'}
[1.489285] (px4_msgs) StdoutLine: {'line': b'-- Up-to-date: /home/mcfb/ros2_ws/install/px4_msgs/include/px4_msgs/px4_msgs/msg/detail/sensor_gyro__builder.hpp\n'}
[1.489358] (px4_msgs) StdoutLine: {'line': b'-- Up-to-date: /home/mcfb/ros2_ws/install/px4_msgs/include/px4_msgs/px4_msgs/msg/detail/landing_gear__traits.hpp\n'}
[1.489435] (px4_msgs) StdoutLine: {'line': b'-- Up-to-date: /home/mcfb/ros2_ws/install/px4_msgs/include/px4_msgs/px4_msgs/msg/detail/sensor_airflow__struct.hpp\n'}
[1.489520] (px4_msgs) StdoutLine: {'line': b'-- Up-to-date: /home/mcfb/ros2_ws/install/px4_msgs/include/px4_msgs/px4_msgs/msg/detail/mavlink_tunnel__type_support.hpp\n'}
[1.489573] (px4_msgs) StdoutLine: {'line': b'-- Up-to-date: /home/mcfb/ros2_ws/install/px4_msgs/include/px4_msgs/px4_msgs/msg/detail/collision_constraints__builder.hpp\n'}
[1.489621] (px4_msgs) StdoutLine: {'line': b'-- Up-to-date: /home/mcfb/ros2_ws/install/px4_msgs/include/px4_msgs/px4_msgs/msg/detail/ping__traits.hpp\n'}
[1.489685] (px4_msgs) StdoutLine: {'line': b'-- Up-to-date: /home/mcfb/ros2_ws/install/px4_msgs/include/px4_msgs/px4_msgs/msg/detail/failsafe_flags__type_support.hpp\n'}
[1.489745] (px4_msgs) StdoutLine: {'line': b'-- Up-to-date: /home/mcfb/ros2_ws/install/px4_msgs/include/px4_msgs/px4_msgs/msg/detail/logger_status__traits.hpp\n'}
[1.489796] (px4_msgs) StdoutLine: {'line': b'-- Up-to-date: /home/mcfb/ros2_ws/install/px4_msgs/include/px4_msgs/px4_msgs/msg/detail/geofence_status__builder.hpp\n'}
[1.489840] (px4_msgs) StdoutLine: {'line': b'-- Up-to-date: /home/mcfb/ros2_ws/install/px4_msgs/include/px4_msgs/px4_msgs/msg/detail/satellite_info__builder.hpp\n'}
[1.489883] (px4_msgs) StdoutLine: {'line': b'-- Up-to-date: /home/mcfb/ros2_ws/install/px4_msgs/include/px4_msgs/px4_msgs/msg/detail/estimator_states__type_support.hpp\n'}
[1.489926] (px4_msgs) StdoutLine: {'line': b'-- Up-to-date: /home/mcfb/ros2_ws/install/px4_msgs/include/px4_msgs/px4_msgs/msg/detail/camera_status__type_support.hpp\n'}
[1.489971] (px4_msgs) StdoutLine: {'line': b'-- Up-to-date: /home/mcfb/ros2_ws/install/px4_msgs/include/px4_msgs/px4_msgs/msg/detail/config_overrides__builder.hpp\n'}
[1.490013] (px4_msgs) StdoutLine: {'line': b'-- Up-to-date: /home/mcfb/ros2_ws/install/px4_msgs/include/px4_msgs/px4_msgs/msg/detail/satellite_info__type_support.hpp\n'}
[1.490056] (px4_msgs) StdoutLine: {'line': b'-- Up-to-date: /home/mcfb/ros2_ws/install/px4_msgs/include/px4_msgs/px4_msgs/msg/detail/vehicle_control_mode__type_support.hpp\n'}
[1.490099] (px4_msgs) StdoutLine: {'line': b'-- Up-to-date: /home/mcfb/ros2_ws/install/px4_msgs/include/px4_msgs/px4_msgs/msg/detail/takeoff_status__traits.hpp\n'}
[1.490145] (px4_msgs) StdoutLine: {'line': b'-- Up-to-date: /home/mcfb/ros2_ws/install/px4_msgs/include/px4_msgs/px4_msgs/msg/detail/orb_test_large__struct.hpp\n'}
[1.490188] (px4_msgs) StdoutLine: {'line': b'-- Up-to-date: /home/mcfb/ros2_ws/install/px4_msgs/include/px4_msgs/px4_msgs/msg/detail/estimator_aid_source3d__type_support.hpp\n'}
[1.490235] (px4_msgs) StdoutLine: {'line': b'-- Up-to-date: /home/mcfb/ros2_ws/install/px4_msgs/include/px4_msgs/px4_msgs/msg/detail/landing_gear__struct.hpp\n'}
[1.490281] (px4_msgs) StdoutLine: {'line': b'-- Up-to-date: /home/mcfb/ros2_ws/install/px4_msgs/include/px4_msgs/px4_msgs/msg/detail/rpm__struct.hpp\n'}
[1.490335] (px4_msgs) StdoutLine: {'line': b'-- Up-to-date: /home/mcfb/ros2_ws/install/px4_msgs/include/px4_msgs/px4_msgs/msg/detail/vehicle_torque_setpoint__builder.hpp\n'}
[1.490382] (px4_msgs) StdoutLine: {'line': b'-- Up-to-date: /home/mcfb/ros2_ws/install/px4_msgs/include/px4_msgs/px4_msgs/msg/detail/estimator_aid_source1d__struct.hpp\n'}
[1.490427] (px4_msgs) StdoutLine: {'line': b'-- Up-to-date: /home/mcfb/ros2_ws/install/px4_msgs/include/px4_msgs/px4_msgs/msg/detail/position_controller_status__type_support.hpp\n'}
[1.490473] (px4_msgs) StdoutLine: {'line': b'-- Up-to-date: /home/mcfb/ros2_ws/install/px4_msgs/include/px4_msgs/px4_msgs/msg/detail/orb_test_large__builder.hpp\n'}
[1.490520] (px4_msgs) StdoutLine: {'line': b'-- Up-to-date: /home/mcfb/ros2_ws/install/px4_msgs/include/px4_msgs/px4_msgs/msg/detail/navigator_mission_item__struct.hpp\n'}
[1.490565] (px4_msgs) StdoutLine: {'line': b'-- Up-to-date: /home/mcfb/ros2_ws/install/px4_msgs/include/px4_msgs/px4_msgs/msg/detail/vehicle_attitude__type_support.hpp\n'}
[1.490612] (px4_msgs) StdoutLine: {'line': b'-- Up-to-date: /home/mcfb/ros2_ws/install/px4_msgs/include/px4_msgs/px4_msgs/msg/detail/parameter_set_value_response__traits.hpp\n'}
[1.490663] (px4_msgs) StdoutLine: {'line': b'-- Up-to-date: /home/mcfb/ros2_ws/install/px4_msgs/include/px4_msgs/px4_msgs/msg/detail/hover_thrust_estimate__type_support.hpp\n'}
[1.490709] (px4_msgs) StdoutLine: {'line': b'-- Up-to-date: /home/mcfb/ros2_ws/install/px4_msgs/include/px4_msgs/px4_msgs/msg/detail/internal_combustion_engine_status__type_support.hpp\n'}
[1.490755] (px4_msgs) StdoutLine: {'line': b'-- Up-to-date: /home/mcfb/ros2_ws/install/px4_msgs/include/px4_msgs/px4_msgs/msg/detail/vehicle_attitude_setpoint__builder.hpp\n'}
[1.490809] (px4_msgs) StdoutLine: {'line': b'-- Up-to-date: /home/mcfb/ros2_ws/install/px4_msgs/include/px4_msgs/px4_msgs/msg/detail/rover_attitude_setpoint__struct.hpp\n'}
[1.490855] (px4_msgs) StdoutLine: {'line': b'-- Up-to-date: /home/mcfb/ros2_ws/install/px4_msgs/include/px4_msgs/px4_msgs/msg/detail/rover_rate_status__traits.hpp\n'}
[1.490898] (px4_msgs) StdoutLine: {'line': b'-- Up-to-date: /home/mcfb/ros2_ws/install/px4_msgs/include/px4_msgs/px4_msgs/msg/detail/debug_vect__builder.hpp\n'}
[1.490944] (px4_msgs) StdoutLine: {'line': b'-- Up-to-date: /home/mcfb/ros2_ws/install/px4_msgs/include/px4_msgs/px4_msgs/msg/detail/vehicle_local_position__builder.hpp\n'}
[1.490989] (px4_msgs) StdoutLine: {'line': b'-- Up-to-date: /home/mcfb/ros2_ws/install/px4_msgs/include/px4_msgs/px4_msgs/msg/detail/ulog_stream__traits.hpp\n'}
[1.491034] (px4_msgs) StdoutLine: {'line': b'-- Up-to-date: /home/mcfb/ros2_ws/install/px4_msgs/include/px4_msgs/px4_msgs/msg/detail/sensor_selection__type_support.hpp\n'}
[1.491079] (px4_msgs) StdoutLine: {'line': b'-- Up-to-date: /home/mcfb/ros2_ws/install/px4_msgs/include/px4_msgs/px4_msgs/msg/detail/actuator_servos__struct.hpp\n'}
[1.491124] (px4_msgs) StdoutLine: {'line': b'-- Up-to-date: /home/mcfb/ros2_ws/install/px4_msgs/include/px4_msgs/px4_msgs/msg/detail/sensor_accel__type_support.hpp\n'}
[1.491167] (px4_msgs) StdoutLine: {'line': b'-- Up-to-date: /home/mcfb/ros2_ws/install/px4_msgs/include/px4_msgs/px4_msgs/msg/detail/sensor_hygrometer__type_support.hpp\n'}
[1.491213] (px4_msgs) StdoutLine: {'line': b'-- Up-to-date: /home/mcfb/ros2_ws/install/px4_msgs/include/px4_msgs/px4_msgs/msg/detail/dataman_response__traits.hpp\n'}
[1.491261] (px4_msgs) StdoutLine: {'line': b'-- Up-to-date: /home/mcfb/ros2_ws/install/px4_msgs/include/px4_msgs/px4_msgs/msg/detail/mode_completed__struct.hpp\n'}
[1.491306] (px4_msgs) StdoutLine: {'line': b'-- Up-to-date: /home/mcfb/ros2_ws/install/px4_msgs/include/px4_msgs/px4_msgs/msg/detail/vehicle_global_position__builder.hpp\n'}
[1.491360] (px4_msgs) StdoutLine: {'line': b'-- Up-to-date: /home/mcfb/ros2_ws/install/px4_msgs/include/px4_msgs/px4_msgs/msg/detail/onboard_computer_status__type_support.hpp\n'}
[1.491464] (px4_msgs) StdoutLine: {'line': b'-- Up-to-date: /home/mcfb/ros2_ws/install/px4_msgs/include/px4_msgs/px4_msgs/msg/detail/arming_check_request__type_support.hpp\n'}
[1.491510] (px4_msgs) StdoutLine: {'line': b'-- Up-to-date: /home/mcfb/ros2_ws/install/px4_msgs/include/px4_msgs/px4_msgs/msg/detail/offboard_control_mode__struct.hpp\n'}
[1.491555] (px4_msgs) StdoutLine: {'line': b'-- Up-to-date: /home/mcfb/ros2_ws/install/px4_msgs/include/px4_msgs/px4_msgs/msg/detail/gripper__builder.hpp\n'}
[1.491603] (px4_msgs) StdoutLine: {'line': b'-- Up-to-date: /home/mcfb/ros2_ws/install/px4_msgs/include/px4_msgs/px4_msgs/msg/detail/vehicle_local_position_setpoint__traits.hpp\n'}
[1.491650] (px4_msgs) StdoutLine: {'line': b'-- Up-to-date: /home/mcfb/ros2_ws/install/px4_msgs/include/px4_msgs/px4_msgs/msg/detail/airspeed_validated__traits.hpp\n'}
[1.491701] (px4_msgs) StdoutLine: {'line': b'-- Up-to-date: /home/mcfb/ros2_ws/install/px4_msgs/include/px4_msgs/px4_msgs/msg/detail/rover_rate_status__builder.hpp\n'}
[1.491749] (px4_msgs) StdoutLine: {'line': b'-- Up-to-date: /home/mcfb/ros2_ws/install/px4_msgs/include/px4_msgs/px4_msgs/msg/detail/ulog_stream_ack__type_support.hpp\n'}
[1.491800] (px4_msgs) StdoutLine: {'line': b'-- Up-to-date: /home/mcfb/ros2_ws/install/px4_msgs/include/px4_msgs/px4_msgs/msg/detail/sensor_hygrometer__builder.hpp\n'}
[1.491851] (px4_msgs) StdoutLine: {'line': b'-- Up-to-date: /home/mcfb/ros2_ws/install/px4_msgs/include/px4_msgs/px4_msgs/msg/detail/landing_gear__builder.hpp\n'}
[1.491901] (px4_msgs) StdoutLine: {'line': b'-- Up-to-date: /home/mcfb/ros2_ws/install/px4_msgs/include/px4_msgs/px4_msgs/msg/detail/sensor_gnss_relative__type_support.hpp\n'}
[1.491951] (px4_msgs) StdoutLine: {'line': b'-- Up-to-date: /home/mcfb/ros2_ws/install/px4_msgs/include/px4_msgs/px4_msgs/msg/detail/can_interface_status__type_support.hpp\n'}
[1.492003] (px4_msgs) StdoutLine: {'line': b'-- Up-to-date: /home/mcfb/ros2_ws/install/px4_msgs/include/px4_msgs/px4_msgs/msg/detail/generator_status__type_support.hpp\n'}
[1.492053] (px4_msgs) StdoutLine: {'line': b'-- Up-to-date: /home/mcfb/ros2_ws/install/px4_msgs/include/px4_msgs/px4_msgs/msg/detail/rate_ctrl_status__builder.hpp\n'}
[1.492107] (px4_msgs) StdoutLine: {'line': b'-- Up-to-date: /home/mcfb/ros2_ws/install/px4_msgs/include/px4_msgs/px4_msgs/msg/detail/vehicle_optical_flow_vel__type_support.hpp\n'}
[1.492159] (px4_msgs) StdoutLine: {'line': b'-- Up-to-date: /home/mcfb/ros2_ws/install/px4_msgs/include/px4_msgs/px4_msgs/msg/detail/figure_eight_status__traits.hpp\n'}
[1.492210] (px4_msgs) StdoutLine: {'line': b'-- Up-to-date: /home/mcfb/ros2_ws/install/px4_msgs/include/px4_msgs/px4_msgs/msg/detail/esc_report__type_support.hpp\n'}
[1.492305] (px4_msgs) StdoutLine: {'line': b'-- Up-to-date: /home/mcfb/ros2_ws/install/px4_msgs/include/px4_msgs/px4_msgs/msg/detail/geofence_status__type_support.hpp\n'}
[1.492362] (px4_msgs) StdoutLine: {'line': b'-- Up-to-date: /home/mcfb/ros2_ws/install/px4_msgs/include/px4_msgs/px4_msgs/msg/detail/landing_gear_wheel__traits.hpp\n'}
[1.492406] (px4_msgs) StdoutLine: {'line': b'-- Up-to-date: /home/mcfb/ros2_ws/install/px4_msgs/include/px4_msgs/px4_msgs/msg/detail/mavlink_log__type_support.hpp\n'}
[1.492457] (px4_msgs) StdoutLine: {'line': b'-- Up-to-date: /home/mcfb/ros2_ws/install/px4_msgs/include/px4_msgs/px4_msgs/msg/detail/vehicle_thrust_setpoint__struct.hpp\n'}
[1.492508] (px4_msgs) StdoutLine: {'line': b'-- Up-to-date: /home/mcfb/ros2_ws/install/px4_msgs/include/px4_msgs/px4_msgs/msg/detail/esc_status__builder.hpp\n'}
[1.492587] (px4_msgs) StdoutLine: {'line': b'-- Up-to-date: /home/mcfb/ros2_ws/install/px4_msgs/include/px4_msgs/px4_msgs/msg/detail/orb_test__type_support.hpp\n'}
[1.492635] (px4_msgs) StdoutLine: {'line': b'-- Up-to-date: /home/mcfb/ros2_ws/install/px4_msgs/include/px4_msgs/px4_msgs/msg/detail/log_message__traits.hpp\n'}
[1.492682] (px4_msgs) StdoutLine: {'line': b'-- Up-to-date: /home/mcfb/ros2_ws/install/px4_msgs/include/px4_msgs/px4_msgs/msg/detail/orb_test__traits.hpp\n'}
[1.492730] (px4_msgs) StdoutLine: {'line': b'-- Up-to-date: /home/mcfb/ros2_ws/install/px4_msgs/include/px4_msgs/px4_msgs/msg/detail/generator_status__builder.hpp\n'}
[1.492778] (px4_msgs) StdoutLine: {'line': b'-- Up-to-date: /home/mcfb/ros2_ws/install/px4_msgs/include/px4_msgs/px4_msgs/msg/detail/gpio_out__builder.hpp\n'}
[1.492827] (px4_msgs) StdoutLine: {'line': b'-- Up-to-date: /home/mcfb/ros2_ws/install/px4_msgs/include/px4_msgs/px4_msgs/msg/detail/button_event__struct.hpp\n'}
[1.492879] (px4_msgs) StdoutLine: {'line': b'-- Up-to-date: /home/mcfb/ros2_ws/install/px4_msgs/include/px4_msgs/px4_msgs/msg/detail/distance_sensor__struct.hpp\n'}
[1.492951] (px4_msgs) StdoutLine: {'line': b'-- Up-to-date: /home/mcfb/ros2_ws/install/px4_msgs/include/px4_msgs/px4_msgs/msg/detail/vehicle_angular_velocity__struct.hpp\n'}
[1.493004] (px4_msgs) StdoutLine: {'line': b'-- Up-to-date: /home/mcfb/ros2_ws/install/px4_msgs/include/px4_msgs/px4_msgs/msg/detail/trajectory_setpoint6dof__traits.hpp\n'}
[1.493051] (px4_msgs) StdoutLine: {'line': b'-- Up-to-date: /home/mcfb/ros2_ws/install/px4_msgs/include/px4_msgs/px4_msgs/msg/detail/launch_detection_status__traits.hpp\n'}
[1.493099] (px4_msgs) StdoutLine: {'line': b'-- Up-to-date: /home/mcfb/ros2_ws/install/px4_msgs/include/px4_msgs/px4_msgs/msg/detail/gpio_out__struct.hpp\n'}
[1.493153] (px4_msgs) StdoutLine: {'line': b'-- Up-to-date: /home/mcfb/ros2_ws/install/px4_msgs/include/px4_msgs/px4_msgs/msg/detail/vehicle_air_data__type_support.hpp\n'}
[1.493209] (px4_msgs) StdoutLine: {'line': b'-- Up-to-date: /home/mcfb/ros2_ws/install/px4_msgs/include/px4_msgs/px4_msgs/msg/detail/ulog_stream_ack__struct.hpp\n'}
[1.493262] (px4_msgs) StdoutLine: {'line': b'-- Up-to-date: /home/mcfb/ros2_ws/install/px4_msgs/include/px4_msgs/px4_msgs/msg/detail/led_control__struct.hpp\n'}
[1.493320] (px4_msgs) StdoutLine: {'line': b'-- Up-to-date: /home/mcfb/ros2_ws/install/px4_msgs/include/px4_msgs/px4_msgs/msg/detail/vehicle_constraints__traits.hpp\n'}
[1.493398] (px4_msgs) StdoutLine: {'line': b'-- Up-to-date: /home/mcfb/ros2_ws/install/px4_msgs/include/px4_msgs/px4_msgs/msg/detail/heater_status__struct.hpp\n'}
[1.493449] (px4_msgs) StdoutLine: {'line': b'-- Up-to-date: /home/mcfb/ros2_ws/install/px4_msgs/include/px4_msgs/px4_msgs/msg/detail/normalized_unsigned_setpoint__builder.hpp\n'}
[1.493499] (px4_msgs) StdoutLine: {'line': b'-- Up-to-date: /home/mcfb/ros2_ws/install/px4_msgs/include/px4_msgs/px4_msgs/msg/detail/ekf2_timestamps__builder.hpp\n'}
[1.493548] (px4_msgs) StdoutLine: {'line': b'-- Up-to-date: /home/mcfb/ros2_ws/install/px4_msgs/include/px4_msgs/px4_msgs/msg/detail/gpio_request__builder.hpp\n'}
[1.493594] (px4_msgs) StdoutLine: {'line': b'-- Up-to-date: /home/mcfb/ros2_ws/install/px4_msgs/include/px4_msgs/px4_msgs/msg/detail/arming_check_request__struct.hpp\n'}
[1.493640] (px4_msgs) StdoutLine: {'line': b'-- Up-to-date: /home/mcfb/ros2_ws/install/px4_msgs/include/px4_msgs/px4_msgs/msg/detail/position_setpoint__traits.hpp\n'}
[1.493698] (px4_msgs) StdoutLine: {'line': b'-- Up-to-date: /home/mcfb/ros2_ws/install/px4_msgs/include/px4_msgs/px4_msgs/msg/detail/manual_control_setpoint__builder.hpp\n'}
[1.493764] (px4_msgs) StdoutLine: {'line': b'-- Up-to-date: /home/mcfb/ros2_ws/install/px4_msgs/include/px4_msgs/px4_msgs/msg/detail/sensor_preflight_mag__struct.hpp\n'}
[1.494084] (px4_msgs) StdoutLine: {'line': b'-- Up-to-date: /home/mcfb/ros2_ws/install/px4_msgs/include/px4_msgs/px4_msgs/msg/detail/geofence_status__struct.hpp\n'}
[1.494176] (px4_msgs) StdoutLine: {'line': b'-- Up-to-date: /home/mcfb/ros2_ws/install/px4_msgs/include/px4_msgs/px4_msgs/msg/detail/estimator_status_flags__traits.hpp\n'}
[1.494263] (px4_msgs) StdoutLine: {'line': b'-- Up-to-date: /home/mcfb/ros2_ws/install/px4_msgs/include/px4_msgs/px4_msgs/msg/detail/debug_array__type_support.hpp\n'}
[1.494338] (px4_msgs) StdoutLine: {'line': b'-- Up-to-date: /home/mcfb/ros2_ws/install/px4_msgs/include/px4_msgs/px4_msgs/msg/detail/gimbal_device_information__struct.hpp\n'}
[1.494407] (px4_msgs) StdoutLine: {'line': b'-- Up-to-date: /home/mcfb/ros2_ws/install/px4_msgs/include/px4_msgs/px4_msgs/msg/detail/debug_array__traits.hpp\n'}
[1.494475] (px4_msgs) StdoutLine: {'line': b'-- Up-to-date: /home/mcfb/ros2_ws/install/px4_msgs/include/px4_msgs/px4_msgs/msg/detail/logger_status__type_support.hpp\n'}
[1.494549] (px4_msgs) StdoutLine: {'line': b'-- Up-to-date: /home/mcfb/ros2_ws/install/px4_msgs/include/px4_msgs/px4_msgs/msg/detail/gripper__type_support.hpp\n'}
[1.494622] (px4_msgs) StdoutLine: {'line': b'-- Up-to-date: /home/mcfb/ros2_ws/install/px4_msgs/include/px4_msgs/px4_msgs/msg/detail/position_controller_landing_status__struct.hpp\n'}
[1.494697] (px4_msgs) StdoutLine: {'line': b'-- Up-to-date: /home/mcfb/ros2_ws/install/px4_msgs/include/px4_msgs/px4_msgs/msg/detail/vehicle_roi__type_support.hpp\n'}
[1.494772] (px4_msgs) StdoutLine: {'line': b'-- Up-to-date: /home/mcfb/ros2_ws/install/px4_msgs/include/px4_msgs/px4_msgs/msg/detail/gimbal_device_attitude_status__struct.hpp\n'}
[1.494843] (px4_msgs) StdoutLine: {'line': b'-- Up-to-date: /home/mcfb/ros2_ws/install/px4_msgs/include/px4_msgs/px4_msgs/msg/detail/estimator_states__builder.hpp\n'}
[1.495005] (px4_msgs) StdoutLine: {'line': b'-- Up-to-date: /home/mcfb/ros2_ws/install/px4_msgs/include/px4_msgs/px4_msgs/msg/detail/vehicle_global_position__type_support.hpp\n'}
[1.495256] (px4_msgs) StdoutLine: {'line': b'-- Up-to-date: /home/mcfb/ros2_ws/install/px4_msgs/include/px4_msgs/px4_msgs/msg/detail/ping__struct.hpp\n'}
[1.495366] (px4_msgs) StdoutLine: {'line': b'-- Up-to-date: /home/mcfb/ros2_ws/install/px4_msgs/include/px4_msgs/px4_msgs/msg/detail/normalized_unsigned_setpoint__traits.hpp\n'}
[1.495462] (px4_msgs) StdoutLine: {'line': b'-- Up-to-date: /home/mcfb/ros2_ws/install/px4_msgs/include/px4_msgs/px4_msgs/msg/detail/debug_key_value__struct.hpp\n'}
[1.495514] (px4_msgs) StdoutLine: {'line': b'-- Up-to-date: /home/mcfb/ros2_ws/install/px4_msgs/include/px4_msgs/px4_msgs/msg/detail/estimator_aid_source1d__type_support.hpp\n'}
[1.495562] (px4_msgs) StdoutLine: {'line': b'-- Up-to-date: /home/mcfb/ros2_ws/install/px4_msgs/include/px4_msgs/px4_msgs/msg/detail/gpio_config__struct.hpp\n'}
[1.495619] (px4_msgs) StdoutLine: {'line': b'-- Up-to-date: /home/mcfb/ros2_ws/install/px4_msgs/include/px4_msgs/px4_msgs/msg/detail/parameter_reset_request__type_support.hpp\n'}
[1.495682] (px4_msgs) StdoutLine: {'line': b'-- Up-to-date: /home/mcfb/ros2_ws/install/px4_msgs/include/px4_msgs/px4_msgs/msg/detail/sensor_gps__struct.hpp\n'}
[1.495747] (px4_msgs) StdoutLine: {'line': b'-- Up-to-date: /home/mcfb/ros2_ws/install/px4_msgs/include/px4_msgs/px4_msgs/msg/detail/fixed_wing_runway_control__struct.hpp\n'}
[1.495797] (px4_msgs) StdoutLine: {'line': b'-- Up-to-date: /home/mcfb/ros2_ws/install/px4_msgs/include/px4_msgs/px4_msgs/msg/detail/vehicle_angular_acceleration_setpoint__type_support.hpp\n'}
[1.495844] (px4_msgs) StdoutLine: {'line': b'-- Up-to-date: /home/mcfb/ros2_ws/install/px4_msgs/include/px4_msgs/px4_msgs/msg/detail/sensor_mag__struct.hpp\n'}
[1.495901] (px4_msgs) StdoutLine: {'line': b'-- Up-to-date: /home/mcfb/ros2_ws/install/px4_msgs/include/px4_msgs/px4_msgs/msg/detail/fixed_wing_lateral_guidance_status__traits.hpp\n'}
[1.495951] (px4_msgs) StdoutLine: {'line': b'-- Up-to-date: /home/mcfb/ros2_ws/install/px4_msgs/include/px4_msgs/px4_msgs/msg/detail/camera_status__traits.hpp\n'}
[1.495994] (px4_msgs) StdoutLine: {'line': b'-- Up-to-date: /home/mcfb/ros2_ws/install/px4_msgs/include/px4_msgs/px4_msgs/msg/detail/camera_trigger__builder.hpp\n'}
[1.496083] (px4_msgs) StdoutLine: {'line': b'-- Up-to-date: /home/mcfb/ros2_ws/install/px4_msgs/include/px4_msgs/px4_msgs/msg/detail/vehicle_control_mode__struct.hpp\n'}
[1.496136] (px4_msgs) StdoutLine: {'line': b'-- Up-to-date: /home/mcfb/ros2_ws/install/px4_msgs/include/px4_msgs/px4_msgs/msg/detail/vehicle_local_position_setpoint__type_support.hpp\n'}
[1.496179] (px4_msgs) StdoutLine: {'line': b'-- Up-to-date: /home/mcfb/ros2_ws/install/px4_msgs/include/px4_msgs/px4_msgs/msg/detail/vehicle_acceleration__builder.hpp\n'}
[1.496222] (px4_msgs) StdoutLine: {'line': b'-- Up-to-date: /home/mcfb/ros2_ws/install/px4_msgs/include/px4_msgs/px4_msgs/msg/detail/vehicle_odometry__type_support.hpp\n'}
[1.496263] (px4_msgs) StdoutLine: {'line': b'-- Up-to-date: /home/mcfb/ros2_ws/install/px4_msgs/include/px4_msgs/px4_msgs/msg/detail/rover_steering_setpoint__traits.hpp\n'}
[1.496309] (px4_msgs) StdoutLine: {'line': b'-- Up-to-date: /home/mcfb/ros2_ws/install/px4_msgs/include/px4_msgs/px4_msgs/msg/detail/distance_sensor__type_support.hpp\n'}
[1.496374] (px4_msgs) StdoutLine: {'line': b'-- Up-to-date: /home/mcfb/ros2_ws/install/px4_msgs/include/px4_msgs/px4_msgs/msg/detail/landing_gear_wheel__builder.hpp\n'}
[1.496423] (px4_msgs) StdoutLine: {'line': b'-- Up-to-date: /home/mcfb/ros2_ws/install/px4_msgs/include/px4_msgs/px4_msgs/msg/detail/sensor_gyro_fifo__builder.hpp\n'}
[1.496469] (px4_msgs) StdoutLine: {'line': b'-- Up-to-date: /home/mcfb/ros2_ws/install/px4_msgs/include/px4_msgs/px4_msgs/msg/detail/follow_target_status__struct.hpp\n'}
[1.496514] (px4_msgs) StdoutLine: {'line': b'-- Up-to-date: /home/mcfb/ros2_ws/install/px4_msgs/include/px4_msgs/px4_msgs/msg/detail/heater_status__builder.hpp\n'}
[1.496559] (px4_msgs) StdoutLine: {'line': b'-- Up-to-date: /home/mcfb/ros2_ws/install/px4_msgs/include/px4_msgs/px4_msgs/msg/detail/power_button_state__traits.hpp\n'}
[1.496606] (px4_msgs) StdoutLine: {'line': b'-- Up-to-date: /home/mcfb/ros2_ws/install/px4_msgs/include/px4_msgs/px4_msgs/msg/detail/rover_speed_status__struct.hpp\n'}
[1.496652] (px4_msgs) StdoutLine: {'line': b'-- Up-to-date: /home/mcfb/ros2_ws/install/px4_msgs/include/px4_msgs/px4_msgs/msg/detail/vehicle_local_position_setpoint__struct.hpp\n'}
[1.496698] (px4_msgs) StdoutLine: {'line': b'-- Up-to-date: /home/mcfb/ros2_ws/install/px4_msgs/include/px4_msgs/px4_msgs/msg/detail/gpio_in__builder.hpp\n'}
[1.496742] (px4_msgs) StdoutLine: {'line': b'-- Up-to-date: /home/mcfb/ros2_ws/install/px4_msgs/include/px4_msgs/px4_msgs/msg/detail/control_allocator_status__type_support.hpp\n'}
[1.496787] (px4_msgs) StdoutLine: {'line': b'-- Up-to-date: /home/mcfb/ros2_ws/install/px4_msgs/include/px4_msgs/px4_msgs/msg/detail/position_controller_landing_status__type_support.hpp\n'}
[1.496834] (px4_msgs) StdoutLine: {'line': b'-- Up-to-date: /home/mcfb/ros2_ws/install/px4_msgs/include/px4_msgs/px4_msgs/msg/detail/position_controller_landing_status__builder.hpp\n'}
[1.496939] (px4_msgs) StdoutLine: {'line': b'-- Up-to-date: /home/mcfb/ros2_ws/install/px4_msgs/include/px4_msgs/px4_msgs/msg/detail/hover_thrust_estimate__traits.hpp\n'}
[1.496986] (px4_msgs) StdoutLine: {'line': b'-- Up-to-date: /home/mcfb/ros2_ws/install/px4_msgs/include/px4_msgs/px4_msgs/msg/detail/system_power__type_support.hpp\n'}
[1.497028] (px4_msgs) StdoutLine: {'line': b'-- Up-to-date: /home/mcfb/ros2_ws/install/px4_msgs/include/px4_msgs/px4_msgs/msg/detail/estimator_sensor_bias__traits.hpp\n'}
[1.497077] (px4_msgs) StdoutLine: {'line': b'-- Up-to-date: /home/mcfb/ros2_ws/install/px4_msgs/include/px4_msgs/px4_msgs/msg/detail/distance_sensor_mode_change_request__struct.hpp\n'}
[1.497120] (px4_msgs) StdoutLine: {'line': b'-- Up-to-date: /home/mcfb/ros2_ws/install/px4_msgs/include/px4_msgs/px4_msgs/msg/detail/failure_detector_status__builder.hpp\n'}
[1.497165] (px4_msgs) StdoutLine: {'line': b'-- Up-to-date: /home/mcfb/ros2_ws/install/px4_msgs/include/px4_msgs/px4_msgs/msg/detail/sensor_combined__builder.hpp\n'}
[1.497209] (px4_msgs) StdoutLine: {'line': b'-- Up-to-date: /home/mcfb/ros2_ws/install/px4_msgs/include/px4_msgs/px4_msgs/msg/detail/rover_attitude_status__struct.hpp\n'}
[1.497272] (px4_msgs) StdoutLine: {'line': b'-- Up-to-date: /home/mcfb/ros2_ws/install/px4_msgs/include/px4_msgs/px4_msgs/msg/detail/cellular_status__type_support.hpp\n'}
[1.497352] (px4_msgs) StdoutLine: {'line': b'-- Up-to-date: /home/mcfb/ros2_ws/install/px4_msgs/include/px4_msgs/px4_msgs/msg/detail/mavlink_log__builder.hpp\n'}
[1.497472] (px4_msgs) StdoutLine: {'line': b'-- Up-to-date: /home/mcfb/ros2_ws/install/px4_msgs/include/px4_msgs/px4_msgs/msg/detail/gimbal_manager_information__traits.hpp\n'}
[1.497535] (px4_msgs) StdoutLine: {'line': b'-- Up-to-date: /home/mcfb/ros2_ws/install/px4_msgs/include/px4_msgs/px4_msgs/msg/detail/sensor_selection__traits.hpp\n'}
[1.497587] (px4_msgs) StdoutLine: {'line': b'-- Up-to-date: /home/mcfb/ros2_ws/install/px4_msgs/include/px4_msgs/px4_msgs/msg/detail/vehicle_attitude__struct.hpp\n'}
[1.497638] (px4_msgs) StdoutLine: {'line': b'-- Up-to-date: /home/mcfb/ros2_ws/install/px4_msgs/include/px4_msgs/px4_msgs/msg/detail/vehicle_command_ack__struct.hpp\n'}
[1.497704] (px4_msgs) StdoutLine: {'line': b'-- Up-to-date: /home/mcfb/ros2_ws/install/px4_msgs/include/px4_msgs/px4_msgs/msg/detail/vehicle_optical_flow_vel__traits.hpp\n'}
[1.497786] (px4_msgs) StdoutLine: {'line': b'-- Up-to-date: /home/mcfb/ros2_ws/install/px4_msgs/include/px4_msgs/px4_msgs/msg/detail/register_ext_component_reply__builder.hpp\n'}
[1.497861] (px4_msgs) StdoutLine: {'line': b'-- Up-to-date: /home/mcfb/ros2_ws/install/px4_msgs/include/px4_msgs/px4_msgs/msg/detail/actuator_armed__builder.hpp\n'}
[1.497933] (px4_msgs) StdoutLine: {'line': b'-- Up-to-date: /home/mcfb/ros2_ws/install/px4_msgs/include/px4_msgs/px4_msgs/msg/detail/position_setpoint__type_support.hpp\n'}
[1.498042] (px4_msgs) StdoutLine: {'line': b'-- Up-to-date: /home/mcfb/ros2_ws/install/px4_msgs/include/px4_msgs/px4_msgs/msg/detail/actuator_armed__traits.hpp\n'}
[1.498120] (px4_msgs) StdoutLine: {'line': b'-- Up-to-date: /home/mcfb/ros2_ws/install/px4_msgs/include/px4_msgs/px4_msgs/msg/detail/mount_orientation__traits.hpp\n'}
[1.498197] (px4_msgs) StdoutLine: {'line': b'-- Up-to-date: /home/mcfb/ros2_ws/install/px4_msgs/include/px4_msgs/px4_msgs/msg/detail/orb_test_large__traits.hpp\n'}
[1.498320] (px4_msgs) StdoutLine: {'line': b'-- Up-to-date: /home/mcfb/ros2_ws/install/px4_msgs/include/px4_msgs/px4_msgs/msg/detail/battery_info__traits.hpp\n'}
[1.498411] (px4_msgs) StdoutLine: {'line': b'-- Up-to-date: /home/mcfb/ros2_ws/install/px4_msgs/include/px4_msgs/px4_msgs/msg/detail/irlock_report__builder.hpp\n'}
[1.498464] (px4_msgs) StdoutLine: {'line': b'-- Up-to-date: /home/mcfb/ros2_ws/install/px4_msgs/include/px4_msgs/px4_msgs/msg/detail/flight_phase_estimation__builder.hpp\n'}
[1.498527] (px4_msgs) StdoutLine: {'line': b'-- Up-to-date: /home/mcfb/ros2_ws/install/px4_msgs/include/px4_msgs/px4_msgs/msg/detail/position_setpoint_triplet__struct.hpp\n'}
[1.498597] (px4_msgs) StdoutLine: {'line': b'-- Up-to-date: /home/mcfb/ros2_ws/install/px4_msgs/include/px4_msgs/px4_msgs/msg/detail/open_drone_id_system__struct.hpp\n'}
[1.498664] (px4_msgs) StdoutLine: {'line': b'-- Up-to-date: /home/mcfb/ros2_ws/install/px4_msgs/include/px4_msgs/px4_msgs/msg/detail/sensor_gyro_fft__traits.hpp\n'}
[1.498726] (px4_msgs) StdoutLine: {'line': b'-- Up-to-date: /home/mcfb/ros2_ws/install/px4_msgs/include/px4_msgs/px4_msgs/msg/detail/airspeed_validated__type_support.hpp\n'}
[1.498790] (px4_msgs) StdoutLine: {'line': b'-- Up-to-date: /home/mcfb/ros2_ws/install/px4_msgs/include/px4_msgs/px4_msgs/msg/detail/estimator_aid_source3d__builder.hpp\n'}
[1.498881] (px4_msgs) StdoutLine: {'line': b'-- Up-to-date: /home/mcfb/ros2_ws/install/px4_msgs/include/px4_msgs/px4_msgs/msg/detail/log_message__builder.hpp\n'}
[1.498949] (px4_msgs) StdoutLine: {'line': b'-- Up-to-date: /home/mcfb/ros2_ws/install/px4_msgs/include/px4_msgs/px4_msgs/msg/detail/launch_detection_status__type_support.hpp\n'}
[1.499014] (px4_msgs) StdoutLine: {'line': b'-- Up-to-date: /home/mcfb/ros2_ws/install/px4_msgs/include/px4_msgs/px4_msgs/msg/detail/fixed_wing_longitudinal_setpoint__builder.hpp\n'}
[1.499065] (px4_msgs) StdoutLine: {'line': b'-- Up-to-date: /home/mcfb/ros2_ws/install/px4_msgs/include/px4_msgs/px4_msgs/msg/detail/figure_eight_status__struct.hpp\n'}
[1.499116] (px4_msgs) StdoutLine: {'line': b'-- Up-to-date: /home/mcfb/ros2_ws/install/px4_msgs/include/px4_msgs/px4_msgs/msg/detail/estimator_event_flags__traits.hpp\n'}
[1.499163] (px4_msgs) StdoutLine: {'line': b'-- Up-to-date: /home/mcfb/ros2_ws/install/px4_msgs/include/px4_msgs/px4_msgs/msg/detail/orb_test_medium__type_support.hpp\n'}
[1.499206] (px4_msgs) StdoutLine: {'line': b'-- Up-to-date: /home/mcfb/ros2_ws/install/px4_msgs/include/px4_msgs/px4_msgs/msg/detail/sensors_status__struct.hpp\n'}
[1.499252] (px4_msgs) StdoutLine: {'line': b'-- Up-to-date: /home/mcfb/ros2_ws/install/px4_msgs/include/px4_msgs/px4_msgs/msg/detail/sensor_gyro_fifo__struct.hpp\n'}
[1.499327] (px4_msgs) StdoutLine: {'line': b'-- Up-to-date: /home/mcfb/ros2_ws/install/px4_msgs/include/px4_msgs/px4_msgs/msg/detail/estimator_bias3d__traits.hpp\n'}
[1.499398] (px4_msgs) StdoutLine: {'line': b'-- Up-to-date: /home/mcfb/ros2_ws/install/px4_msgs/include/px4_msgs/px4_msgs/msg/detail/landing_target_innovations__type_support.hpp\n'}
[1.499462] (px4_msgs) StdoutLine: {'line': b'-- Up-to-date: /home/mcfb/ros2_ws/install/px4_msgs/include/px4_msgs/px4_msgs/msg/detail/differential_pressure__struct.hpp\n'}
[1.499515] (px4_msgs) StdoutLine: {'line': b'-- Up-to-date: /home/mcfb/ros2_ws/install/px4_msgs/include/px4_msgs/px4_msgs/msg/detail/gimbal_device_attitude_status__traits.hpp\n'}
[1.499560] (px4_msgs) StdoutLine: {'line': b'-- Up-to-date: /home/mcfb/ros2_ws/install/px4_msgs/include/px4_msgs/px4_msgs/msg/detail/vehicle_status__builder.hpp\n'}
[1.499610] (px4_msgs) StdoutLine: {'line': b'-- Up-to-date: /home/mcfb/ros2_ws/install/px4_msgs/include/px4_msgs/px4_msgs/msg/detail/arming_check_reply__type_support.hpp\n'}
[1.499678] (px4_msgs) StdoutLine: {'line': b'-- Up-to-date: /home/mcfb/ros2_ws/install/px4_msgs/include/px4_msgs/px4_msgs/msg/detail/dataman_request__struct.hpp\n'}
[1.499724] (px4_msgs) StdoutLine: {'line': b'-- Up-to-date: /home/mcfb/ros2_ws/install/px4_msgs/include/px4_msgs/px4_msgs/msg/detail/rc_parameter_map__traits.hpp\n'}
[1.499770] (px4_msgs) StdoutLine: {'line': b'-- Up-to-date: /home/mcfb/ros2_ws/install/px4_msgs/include/px4_msgs/px4_msgs/msg/detail/landing_gear__type_support.hpp\n'}
[1.499814] (px4_msgs) StdoutLine: {'line': b'-- Up-to-date: /home/mcfb/ros2_ws/install/px4_msgs/include/px4_msgs/px4_msgs/msg/detail/follow_target__struct.hpp\n'}
[1.499858] (px4_msgs) StdoutLine: {'line': b'-- Up-to-date: /home/mcfb/ros2_ws/install/px4_msgs/include/px4_msgs/px4_msgs/msg/detail/parameter_update__traits.hpp\n'}
[1.499905] (px4_msgs) StdoutLine: {'line': b'-- Up-to-date: /home/mcfb/ros2_ws/install/px4_msgs/include/px4_msgs/px4_msgs/msg/detail/actuator_armed__type_support.hpp\n'}
[1.499969] (px4_msgs) StdoutLine: {'line': b'-- Up-to-date: /home/mcfb/ros2_ws/install/px4_msgs/include/px4_msgs/px4_msgs/msg/detail/actuator_armed__struct.hpp\n'}
[1.500034] (px4_msgs) StdoutLine: {'line': b'-- Up-to-date: /home/mcfb/ros2_ws/install/px4_msgs/include/px4_msgs/px4_msgs/msg/detail/home_position__struct.hpp\n'}
[1.500097] (px4_msgs) StdoutLine: {'line': b'-- Up-to-date: /home/mcfb/ros2_ws/install/px4_msgs/include/px4_msgs/px4_msgs/msg/detail/health_report__traits.hpp\n'}
[1.500160] (px4_msgs) StdoutLine: {'line': b'-- Up-to-date: /home/mcfb/ros2_ws/install/px4_msgs/include/px4_msgs/px4_msgs/msg/detail/vehicle_local_position__struct.hpp\n'}
[1.500223] (px4_msgs) StdoutLine: {'line': b'-- Up-to-date: /home/mcfb/ros2_ws/install/px4_msgs/include/px4_msgs/px4_msgs/msg/detail/gimbal_controls__type_support.hpp\n'}
[1.500285] (px4_msgs) StdoutLine: {'line': b'-- Up-to-date: /home/mcfb/ros2_ws/install/px4_msgs/include/px4_msgs/px4_msgs/msg/detail/orbit_status__builder.hpp\n'}
[1.500353] (px4_msgs) StdoutLine: {'line': b'-- Up-to-date: /home/mcfb/ros2_ws/install/px4_msgs/include/px4_msgs/px4_msgs/msg/detail/vehicle_attitude_setpoint__type_support.hpp\n'}
[1.500414] (px4_msgs) StdoutLine: {'line': b'-- Up-to-date: /home/mcfb/ros2_ws/install/px4_msgs/include/px4_msgs/px4_msgs/msg/detail/rover_steering_setpoint__struct.hpp\n'}
[1.500490] (px4_msgs) StdoutLine: {'line': b'-- Up-to-date: /home/mcfb/ros2_ws/install/px4_msgs/include/px4_msgs/px4_msgs/msg/detail/failure_detector_status__type_support.hpp\n'}
[1.500536] (px4_msgs) StdoutLine: {'line': b'-- Up-to-date: /home/mcfb/ros2_ws/install/px4_msgs/include/px4_msgs/px4_msgs/msg/detail/gripper__struct.hpp\n'}
[1.500578] (px4_msgs) StdoutLine: {'line': b'-- Up-to-date: /home/mcfb/ros2_ws/install/px4_msgs/include/px4_msgs/px4_msgs/msg/detail/vehicle_local_position__traits.hpp\n'}
[1.500639] (px4_msgs) StdoutLine: {'line': b'-- Up-to-date: /home/mcfb/ros2_ws/install/px4_msgs/include/px4_msgs/px4_msgs/msg/detail/can_interface_status__struct.hpp\n'}
[1.500700] (px4_msgs) StdoutLine: {'line': b'-- Up-to-date: /home/mcfb/ros2_ws/install/px4_msgs/include/px4_msgs/px4_msgs/msg/detail/gpio_in__struct.hpp\n'}
[1.500761] (px4_msgs) StdoutLine: {'line': b'-- Up-to-date: /home/mcfb/ros2_ws/install/px4_msgs/include/px4_msgs/px4_msgs/msg/detail/gpio_config__traits.hpp\n'}
[1.500821] (px4_msgs) StdoutLine: {'line': b'-- Up-to-date: /home/mcfb/ros2_ws/install/px4_msgs/include/px4_msgs/px4_msgs/msg/detail/vehicle_attitude_setpoint__struct.hpp\n'}
[1.500885] (px4_msgs) StdoutLine: {'line': b'-- Up-to-date: /home/mcfb/ros2_ws/install/px4_msgs/include/px4_msgs/px4_msgs/msg/detail/mavlink_log__struct.hpp\n'}
[1.500946] (px4_msgs) StdoutLine: {'line': b'-- Up-to-date: /home/mcfb/ros2_ws/install/px4_msgs/include/px4_msgs/px4_msgs/msg/detail/vehicle_constraints__type_support.hpp\n'}
[1.501007] (px4_msgs) StdoutLine: {'line': b'-- Up-to-date: /home/mcfb/ros2_ws/install/px4_msgs/include/px4_msgs/px4_msgs/msg/detail/navigator_mission_item__type_support.hpp\n'}
[1.501067] (px4_msgs) StdoutLine: {'line': b'-- Up-to-date: /home/mcfb/ros2_ws/install/px4_msgs/include/px4_msgs/px4_msgs/msg/detail/yaw_estimator_status__traits.hpp\n'}
[1.501128] (px4_msgs) StdoutLine: {'line': b'-- Up-to-date: /home/mcfb/ros2_ws/install/px4_msgs/include/px4_msgs/px4_msgs/msg/detail/parameter_reset_request__builder.hpp\n'}
[1.501222] (px4_msgs) StdoutLine: {'line': b'-- Up-to-date: /home/mcfb/ros2_ws/install/px4_msgs/include/px4_msgs/px4_msgs/msg/detail/uavcan_parameter_request__traits.hpp\n'}
[1.501273] (px4_msgs) StdoutLine: {'line': b'-- Up-to-date: /home/mcfb/ros2_ws/install/px4_msgs/include/px4_msgs/px4_msgs/msg/detail/airspeed__traits.hpp\n'}
[1.501325] (px4_msgs) StdoutLine: {'line': b'-- Up-to-date: /home/mcfb/ros2_ws/install/px4_msgs/include/px4_msgs/px4_msgs/msg/detail/parameter_set_value_response__builder.hpp\n'}
[1.501375] (px4_msgs) StdoutLine: {'line': b'-- Up-to-date: /home/mcfb/ros2_ws/install/px4_msgs/include/px4_msgs/px4_msgs/msg/detail/button_event__type_support.hpp\n'}
[1.501420] (px4_msgs) StdoutLine: {'line': b'-- Up-to-date: /home/mcfb/ros2_ws/install/px4_msgs/include/px4_msgs/px4_msgs/msg/detail/sensor_baro__type_support.hpp\n'}
[1.501487] (px4_msgs) StdoutLine: {'line': b'-- Up-to-date: /home/mcfb/ros2_ws/install/px4_msgs/include/px4_msgs/px4_msgs/msg/detail/open_drone_id_operator_id__struct.hpp\n'}
[1.501532] (px4_msgs) StdoutLine: {'line': b'-- Up-to-date: /home/mcfb/ros2_ws/install/px4_msgs/include/px4_msgs/px4_msgs/msg/detail/rc_channels__type_support.hpp\n'}
[1.501578] (px4_msgs) StdoutLine: {'line': b'-- Up-to-date: /home/mcfb/ros2_ws/install/px4_msgs/include/px4_msgs/px4_msgs/msg/detail/open_drone_id_arm_status__builder.hpp\n'}
[1.501638] (px4_msgs) StdoutLine: {'line': b'-- Up-to-date: /home/mcfb/ros2_ws/install/px4_msgs/include/px4_msgs/px4_msgs/msg/detail/message_format_request__struct.hpp\n'}
[1.501701] (px4_msgs) StdoutLine: {'line': b'-- Up-to-date: /home/mcfb/ros2_ws/install/px4_msgs/include/px4_msgs/px4_msgs/msg/detail/vehicle_odometry__builder.hpp\n'}
[1.501772] (px4_msgs) StdoutLine: {'line': b'-- Up-to-date: /home/mcfb/ros2_ws/install/px4_msgs/include/px4_msgs/px4_msgs/msg/detail/qshell_retval__struct.hpp\n'}
[1.501835] (px4_msgs) StdoutLine: {'line': b'-- Up-to-date: /home/mcfb/ros2_ws/install/px4_msgs/include/px4_msgs/px4_msgs/msg/detail/gps_dump__builder.hpp\n'}
[1.502090] (-) TimerEvent: {}
[1.502211] (px4_msgs) StdoutLine: {'line': b'-- Up-to-date: /home/mcfb/ros2_ws/install/px4_msgs/include/px4_msgs/px4_msgs/msg/detail/arming_check_reply__struct.hpp\n'}
[1.502286] (px4_msgs) StdoutLine: {'line': b'-- Up-to-date: /home/mcfb/ros2_ws/install/px4_msgs/include/px4_msgs/px4_msgs/msg/detail/vehicle_optical_flow__traits.hpp\n'}
[1.502348] (px4_msgs) StdoutLine: {'line': b'-- Up-to-date: /home/mcfb/ros2_ws/install/px4_msgs/include/px4_msgs/px4_msgs/msg/detail/trajectory_setpoint6dof__type_support.hpp\n'}
[1.502402] (px4_msgs) StdoutLine: {'line': b'-- Up-to-date: /home/mcfb/ros2_ws/install/px4_msgs/include/px4_msgs/px4_msgs/msg/detail/tecs_status__traits.hpp\n'}
[1.502450] (px4_msgs) StdoutLine: {'line': b'-- Up-to-date: /home/mcfb/ros2_ws/install/px4_msgs/include/px4_msgs/px4_msgs/msg/detail/sensor_gnss_status__builder.hpp\n'}
[1.502497] (px4_msgs) StdoutLine: {'line': b'-- Up-to-date: /home/mcfb/ros2_ws/install/px4_msgs/include/px4_msgs/px4_msgs/msg/detail/mavlink_tunnel__builder.hpp\n'}
[1.502543] (px4_msgs) StdoutLine: {'line': b'-- Up-to-date: /home/mcfb/ros2_ws/install/px4_msgs/include/px4_msgs/px4_msgs/msg/detail/pure_pursuit_status__traits.hpp\n'}
[1.502595] (px4_msgs) StdoutLine: {'line': b'-- Up-to-date: /home/mcfb/ros2_ws/install/px4_msgs/include/px4_msgs/px4_msgs/msg/detail/rover_attitude_status__builder.hpp\n'}
[1.502647] (px4_msgs) StdoutLine: {'line': b'-- Up-to-date: /home/mcfb/ros2_ws/install/px4_msgs/include/px4_msgs/px4_msgs/msg/detail/gripper__traits.hpp\n'}
[1.502697] (px4_msgs) StdoutLine: {'line': b'-- Up-to-date: /home/mcfb/ros2_ws/install/px4_msgs/include/px4_msgs/px4_msgs/msg/detail/gps_dump__traits.hpp\n'}
[1.502749] (px4_msgs) StdoutLine: {'line': b'-- Up-to-date: /home/mcfb/ros2_ws/install/px4_msgs/include/px4_msgs/px4_msgs/msg/detail/rtl_status__type_support.hpp\n'}
[1.502798] (px4_msgs) StdoutLine: {'line': b'-- Up-to-date: /home/mcfb/ros2_ws/install/px4_msgs/include/px4_msgs/px4_msgs/msg/detail/position_setpoint_triplet__type_support.hpp\n'}
[1.502849] (px4_msgs) StdoutLine: {'line': b'-- Up-to-date: /home/mcfb/ros2_ws/install/px4_msgs/include/px4_msgs/px4_msgs/msg/detail/actuator_outputs__struct.hpp\n'}
[1.502896] (px4_msgs) StdoutLine: {'line': b'-- Up-to-date: /home/mcfb/ros2_ws/install/px4_msgs/include/px4_msgs/px4_msgs/msg/detail/rate_ctrl_status__traits.hpp\n'}
[1.502962] (px4_msgs) StdoutLine: {'line': b'-- Up-to-date: /home/mcfb/ros2_ws/install/px4_msgs/include/px4_msgs/px4_msgs/msg/detail/message_format_response__builder.hpp\n'}
[1.503009] (px4_msgs) StdoutLine: {'line': b'-- Up-to-date: /home/mcfb/ros2_ws/install/px4_msgs/include/px4_msgs/px4_msgs/msg/detail/rover_speed_setpoint__type_support.hpp\n'}
[1.503054] (px4_msgs) StdoutLine: {'line': b'-- Up-to-date: /home/mcfb/ros2_ws/install/px4_msgs/include/px4_msgs/px4_msgs/msg/detail/gimbal_manager_status__type_support.hpp\n'}
[1.503103] (px4_msgs) StdoutLine: {'line': b'-- Up-to-date: /home/mcfb/ros2_ws/install/px4_msgs/include/px4_msgs/px4_msgs/msg/detail/gimbal_manager_information__builder.hpp\n'}
[1.503152] (px4_msgs) StdoutLine: {'line': b'-- Up-to-date: /home/mcfb/ros2_ws/install/px4_msgs/include/px4_msgs/px4_msgs/msg/detail/cellular_status__traits.hpp\n'}
[1.503201] (px4_msgs) StdoutLine: {'line': b'-- Up-to-date: /home/mcfb/ros2_ws/install/px4_msgs/include/px4_msgs/px4_msgs/msg/detail/orb_test_medium__struct.hpp\n'}
[1.503266] (px4_msgs) StdoutLine: {'line': b'-- Up-to-date: /home/mcfb/ros2_ws/install/px4_msgs/include/px4_msgs/px4_msgs/msg/detail/trajectory_setpoint6dof__builder.hpp\n'}
[1.503320] (px4_msgs) StdoutLine: {'line': b'-- Up-to-date: /home/mcfb/ros2_ws/install/px4_msgs/include/px4_msgs/px4_msgs/msg/detail/gimbal_controls__traits.hpp\n'}
[1.503452] (px4_msgs) StdoutLine: {'line': b'-- Up-to-date: /home/mcfb/ros2_ws/install/px4_msgs/include/px4_msgs/px4_msgs/msg/detail/geofence_status__traits.hpp\n'}
[1.503509] (px4_msgs) StdoutLine: {'line': b'-- Up-to-date: /home/mcfb/ros2_ws/install/px4_msgs/include/px4_msgs/px4_msgs/msg/detail/radio_status__builder.hpp\n'}
[1.503566] (px4_msgs) StdoutLine: {'line': b'-- Up-to-date: /home/mcfb/ros2_ws/install/px4_msgs/include/px4_msgs/px4_msgs/msg/detail/rate_ctrl_status__struct.hpp\n'}
[1.503618] (px4_msgs) StdoutLine: {'line': b'-- Up-to-date: /home/mcfb/ros2_ws/install/px4_msgs/include/px4_msgs/px4_msgs/msg/detail/led_control__builder.hpp\n'}
[1.503669] (px4_msgs) StdoutLine: {'line': b'-- Up-to-date: /home/mcfb/ros2_ws/install/px4_msgs/include/px4_msgs/px4_msgs/msg/detail/rtl_status__struct.hpp\n'}
[1.503733] (px4_msgs) StdoutLine: {'line': b'-- Up-to-date: /home/mcfb/ros2_ws/install/px4_msgs/include/px4_msgs/px4_msgs/msg/detail/debug_key_value__type_support.hpp\n'}
[1.503796] (px4_msgs) StdoutLine: {'line': b'-- Up-to-date: /home/mcfb/ros2_ws/install/px4_msgs/include/px4_msgs/px4_msgs/msg/detail/can_interface_status__traits.hpp\n'}
[1.503858] (px4_msgs) StdoutLine: {'line': b'-- Up-to-date: /home/mcfb/ros2_ws/install/px4_msgs/include/px4_msgs/px4_msgs/msg/detail/estimator_gps_status__struct.hpp\n'}
[1.503919] (px4_msgs) StdoutLine: {'line': b'-- Up-to-date: /home/mcfb/ros2_ws/install/px4_msgs/include/px4_msgs/px4_msgs/msg/detail/health_report__builder.hpp\n'}
[1.504035] (px4_msgs) StdoutLine: {'line': b'-- Up-to-date: /home/mcfb/ros2_ws/install/px4_msgs/include/px4_msgs/px4_msgs/msg/detail/ekf2_timestamps__type_support.hpp\n'}
[1.504103] (px4_msgs) StdoutLine: {'line': b'-- Up-to-date: /home/mcfb/ros2_ws/install/px4_msgs/include/px4_msgs/px4_msgs/msg/detail/estimator_status__type_support.hpp\n'}
[1.504165] (px4_msgs) StdoutLine: {'line': b'-- Up-to-date: /home/mcfb/ros2_ws/install/px4_msgs/include/px4_msgs/px4_msgs/msg/detail/gimbal_manager_set_attitude__traits.hpp\n'}
[1.504228] (px4_msgs) StdoutLine: {'line': b'-- Up-to-date: /home/mcfb/ros2_ws/install/px4_msgs/include/px4_msgs/px4_msgs/msg/detail/trajectory_setpoint6dof__struct.hpp\n'}
[1.504290] (px4_msgs) StdoutLine: {'line': b'-- Up-to-date: /home/mcfb/ros2_ws/install/px4_msgs/include/px4_msgs/px4_msgs/msg/detail/rate_ctrl_status__type_support.hpp\n'}
[1.504353] (px4_msgs) StdoutLine: {'line': b'-- Up-to-date: /home/mcfb/ros2_ws/install/px4_msgs/include/px4_msgs/px4_msgs/msg/detail/estimator_status__struct.hpp\n'}
[1.504442] (px4_msgs) StdoutLine: {'line': b'-- Up-to-date: /home/mcfb/ros2_ws/install/px4_msgs/include/px4_msgs/px4_msgs/msg/detail/navigator_status__struct.hpp\n'}
[1.504505] (px4_msgs) StdoutLine: {'line': b'-- Up-to-date: /home/mcfb/ros2_ws/install/px4_msgs/include/px4_msgs/px4_msgs/msg/detail/open_drone_id_self_id__builder.hpp\n'}
[1.504567] (px4_msgs) StdoutLine: {'line': b'-- Up-to-date: /home/mcfb/ros2_ws/install/px4_msgs/include/px4_msgs/px4_msgs/msg/detail/parameter_update__type_support.hpp\n'}
[1.504630] (px4_msgs) StdoutLine: {'line': b'-- Up-to-date: /home/mcfb/ros2_ws/install/px4_msgs/include/px4_msgs/px4_msgs/msg/detail/trajectory_setpoint__type_support.hpp\n'}
[1.504694] (px4_msgs) StdoutLine: {'line': b'-- Up-to-date: /home/mcfb/ros2_ws/install/px4_msgs/include/px4_msgs/px4_msgs/msg/detail/power_monitor__type_support.hpp\n'}
[1.504767] (px4_msgs) StdoutLine: {'line': b'-- Up-to-date: /home/mcfb/ros2_ws/install/px4_msgs/include/px4_msgs/px4_msgs/msg/detail/estimator_aid_source3d__struct.hpp\n'}
[1.504876] (px4_msgs) StdoutLine: {'line': b'-- Up-to-date: /home/mcfb/ros2_ws/install/px4_msgs/include/px4_msgs/px4_msgs/msg/detail/estimator_bias3d__builder.hpp\n'}
[1.504939] (px4_msgs) StdoutLine: {'line': b'-- Up-to-date: /home/mcfb/ros2_ws/install/px4_msgs/include/px4_msgs/px4_msgs/msg/detail/mount_orientation__builder.hpp\n'}
[1.505002] (px4_msgs) StdoutLine: {'line': b'-- Up-to-date: /home/mcfb/ros2_ws/install/px4_msgs/include/px4_msgs/px4_msgs/msg/detail/offboard_control_mode__traits.hpp\n'}
[1.505062] (px4_msgs) StdoutLine: {'line': b'-- Up-to-date: /home/mcfb/ros2_ws/install/px4_msgs/include/px4_msgs/px4_msgs/msg/detail/gimbal_device_information__traits.hpp\n'}
[1.505154] (px4_msgs) StdoutLine: {'line': b'-- Up-to-date: /home/mcfb/ros2_ws/install/px4_msgs/include/px4_msgs/px4_msgs/msg/detail/follow_target_status__type_support.hpp\n'}
[1.505230] (px4_msgs) StdoutLine: {'line': b'-- Up-to-date: /home/mcfb/ros2_ws/install/px4_msgs/include/px4_msgs/px4_msgs/msg/detail/sensor_accel_fifo__traits.hpp\n'}
[1.505291] (px4_msgs) StdoutLine: {'line': b'-- Up-to-date: /home/mcfb/ros2_ws/install/px4_msgs/include/px4_msgs/px4_msgs/msg/detail/orbit_status__type_support.hpp\n'}
[1.505359] (px4_msgs) StdoutLine: {'line': b'-- Up-to-date: /home/mcfb/ros2_ws/install/px4_msgs/include/px4_msgs/px4_msgs/msg/detail/fixed_wing_lateral_guidance_status__type_support.hpp\n'}
[1.505432] (px4_msgs) StdoutLine: {'line': b'-- Up-to-date: /home/mcfb/ros2_ws/install/px4_msgs/include/px4_msgs/px4_msgs/msg/detail/estimator_aid_source2d__struct.hpp\n'}
[1.505485] (px4_msgs) StdoutLine: {'line': b'-- Up-to-date: /home/mcfb/ros2_ws/install/px4_msgs/include/px4_msgs/px4_msgs/msg/detail/heater_status__type_support.hpp\n'}
[1.505535] (px4_msgs) StdoutLine: {'line': b'-- Up-to-date: /home/mcfb/ros2_ws/install/px4_msgs/include/px4_msgs/px4_msgs/msg/detail/normalized_unsigned_setpoint__type_support.hpp\n'}
[1.505582] (px4_msgs) StdoutLine: {'line': b'-- Up-to-date: /home/mcfb/ros2_ws/install/px4_msgs/include/px4_msgs/px4_msgs/msg/detail/velocity_limits__traits.hpp\n'}
[1.505631] (px4_msgs) StdoutLine: {'line': b'-- Up-to-date: /home/mcfb/ros2_ws/install/px4_msgs/include/px4_msgs/px4_msgs/msg/detail/sensor_gyro_fifo__traits.hpp\n'}
[1.505679] (px4_msgs) StdoutLine: {'line': b'-- Up-to-date: /home/mcfb/ros2_ws/install/px4_msgs/include/px4_msgs/px4_msgs/msg/detail/adc_report__struct.hpp\n'}
[1.505753] (px4_msgs) StdoutLine: {'line': b'-- Up-to-date: /home/mcfb/ros2_ws/install/px4_msgs/include/px4_msgs/px4_msgs/msg/detail/register_ext_component_request__traits.hpp\n'}
[1.505828] (px4_msgs) StdoutLine: {'line': b'-- Up-to-date: /home/mcfb/ros2_ws/install/px4_msgs/include/px4_msgs/px4_msgs/msg/detail/autotune_attitude_control_status__builder.hpp\n'}
[1.506078] (px4_msgs) StdoutLine: {'line': b'-- Up-to-date: /home/mcfb/ros2_ws/install/px4_msgs/include/px4_msgs/px4_msgs/msg/detail/orbit_status__traits.hpp\n'}
[1.506145] (px4_msgs) StdoutLine: {'line': b'-- Up-to-date: /home/mcfb/ros2_ws/install/px4_msgs/include/px4_msgs/px4_msgs/msg/detail/config_overrides__type_support.hpp\n'}
[1.506198] (px4_msgs) StdoutLine: {'line': b'-- Up-to-date: /home/mcfb/ros2_ws/install/px4_msgs/include/px4_msgs/px4_msgs/msg/detail/vehicle_optical_flow__struct.hpp\n'}
[1.506248] (px4_msgs) StdoutLine: {'line': b'-- Up-to-date: /home/mcfb/ros2_ws/install/px4_msgs/include/px4_msgs/px4_msgs/msg/detail/rtl_status__builder.hpp\n'}
[1.506299] (px4_msgs) StdoutLine: {'line': b'-- Up-to-date: /home/mcfb/ros2_ws/install/px4_msgs/include/px4_msgs/px4_msgs/msg/detail/pps_capture__builder.hpp\n'}
[1.506358] (px4_msgs) StdoutLine: {'line': b'-- Up-to-date: /home/mcfb/ros2_ws/install/px4_msgs/include/px4_msgs/px4_msgs/msg/detail/vehicle_command__type_support.hpp\n'}
[1.506408] (px4_msgs) StdoutLine: {'line': b'-- Up-to-date: /home/mcfb/ros2_ws/install/px4_msgs/include/px4_msgs/px4_msgs/msg/detail/sensor_preflight_mag__type_support.hpp\n'}
[1.506458] (px4_msgs) StdoutLine: {'line': b'-- Up-to-date: /home/mcfb/ros2_ws/install/px4_msgs/include/px4_msgs/px4_msgs/msg/detail/control_allocator_status__struct.hpp\n'}
[1.506506] (px4_msgs) StdoutLine: {'line': b'-- Up-to-date: /home/mcfb/ros2_ws/install/px4_msgs/include/px4_msgs/px4_msgs/msg/detail/fixed_wing_longitudinal_setpoint__traits.hpp\n'}
[1.506555] (px4_msgs) StdoutLine: {'line': b'-- Up-to-date: /home/mcfb/ros2_ws/install/px4_msgs/include/px4_msgs/px4_msgs/msg/detail/neural_control__traits.hpp\n'}
[1.506606] (px4_msgs) StdoutLine: {'line': b'-- Up-to-date: /home/mcfb/ros2_ws/install/px4_msgs/include/px4_msgs/px4_msgs/msg/detail/parameter_set_value_request__traits.hpp\n'}
[1.506676] (px4_msgs) StdoutLine: {'line': b'-- Up-to-date: /home/mcfb/ros2_ws/install/px4_msgs/include/px4_msgs/px4_msgs/msg/detail/transponder_report__builder.hpp\n'}
[1.506722] (px4_msgs) StdoutLine: {'line': b'-- Up-to-date: /home/mcfb/ros2_ws/install/px4_msgs/include/px4_msgs/px4_msgs/msg/detail/estimator_states__struct.hpp\n'}
[1.506769] (px4_msgs) StdoutLine: {'line': b'-- Up-to-date: /home/mcfb/ros2_ws/install/px4_msgs/include/px4_msgs/px4_msgs/msg/detail/follow_target_status__traits.hpp\n'}
[1.506813] (px4_msgs) StdoutLine: {'line': b'-- Up-to-date: /home/mcfb/ros2_ws/install/px4_msgs/include/px4_msgs/px4_msgs/msg/detail/vehicle_land_detected__struct.hpp\n'}
[1.506855] (px4_msgs) StdoutLine: {'line': b'-- Up-to-date: /home/mcfb/ros2_ws/install/px4_msgs/include/px4_msgs/px4_msgs/msg/detail/manual_control_switches__traits.hpp\n'}
[1.506899] (px4_msgs) StdoutLine: {'line': b'-- Up-to-date: /home/mcfb/ros2_ws/install/px4_msgs/include/px4_msgs/px4_msgs/msg/detail/satellite_info__struct.hpp\n'}
[1.506944] (px4_msgs) StdoutLine: {'line': b'-- Up-to-date: /home/mcfb/ros2_ws/install/px4_msgs/include/px4_msgs/px4_msgs/msg/detail/heater_status__traits.hpp\n'}
[1.506990] (px4_msgs) StdoutLine: {'line': b'-- Up-to-date: /home/mcfb/ros2_ws/install/px4_msgs/include/px4_msgs/px4_msgs/msg/detail/open_drone_id_self_id__type_support.hpp\n'}
[1.507036] (px4_msgs) StdoutLine: {'line': b'-- Up-to-date: /home/mcfb/ros2_ws/install/px4_msgs/include/px4_msgs/px4_msgs/msg/detail/launch_detection_status__builder.hpp\n'}
[1.507083] (px4_msgs) StdoutLine: {'line': b'-- Up-to-date: /home/mcfb/ros2_ws/install/px4_msgs/include/px4_msgs/px4_msgs/msg/detail/actuator_servos_trim__type_support.hpp\n'}
[1.507129] (px4_msgs) StdoutLine: {'line': b'-- Up-to-date: /home/mcfb/ros2_ws/install/px4_msgs/include/px4_msgs/px4_msgs/msg/detail/debug_vect__type_support.hpp\n'}
[1.507173] (px4_msgs) StdoutLine: {'line': b'-- Up-to-date: /home/mcfb/ros2_ws/install/px4_msgs/include/px4_msgs/px4_msgs/msg/detail/sensor_uwb__builder.hpp\n'}
[1.507215] (px4_msgs) StdoutLine: {'line': b'-- Up-to-date: /home/mcfb/ros2_ws/install/px4_msgs/include/px4_msgs/px4_msgs/msg/detail/irlock_report__type_support.hpp\n'}
[1.507283] (px4_msgs) StdoutLine: {'line': b'-- Up-to-date: /home/mcfb/ros2_ws/install/px4_msgs/include/px4_msgs/px4_msgs/msg/detail/open_drone_id_system__traits.hpp\n'}
[1.507335] (px4_msgs) StdoutLine: {'line': b'-- Up-to-date: /home/mcfb/ros2_ws/install/px4_msgs/include/px4_msgs/px4_msgs/msg/detail/camera_capture__traits.hpp\n'}
[1.507377] (px4_msgs) StdoutLine: {'line': b'-- Up-to-date: /home/mcfb/ros2_ws/install/px4_msgs/include/px4_msgs/px4_msgs/msg/detail/irlock_report__struct.hpp\n'}
[1.507420] (px4_msgs) StdoutLine: {'line': b'-- Up-to-date: /home/mcfb/ros2_ws/install/px4_msgs/include/px4_msgs/px4_msgs/msg/detail/actuator_outputs__traits.hpp\n'}
[1.507465] (px4_msgs) StdoutLine: {'line': b'-- Up-to-date: /home/mcfb/ros2_ws/install/px4_msgs/include/px4_msgs/px4_msgs/msg/detail/sensors_status_imu__traits.hpp\n'}
[1.507511] (px4_msgs) StdoutLine: {'line': b'-- Up-to-date: /home/mcfb/ros2_ws/install/px4_msgs/include/px4_msgs/px4_msgs/msg/detail/airspeed_wind__type_support.hpp\n'}
[1.507556] (px4_msgs) StdoutLine: {'line': b'-- Up-to-date: /home/mcfb/ros2_ws/install/px4_msgs/include/px4_msgs/px4_msgs/msg/detail/pps_capture__type_support.hpp\n'}
[1.507600] (px4_msgs) StdoutLine: {'line': b'-- Up-to-date: /home/mcfb/ros2_ws/install/px4_msgs/include/px4_msgs/px4_msgs/msg/detail/sensor_hygrometer__struct.hpp\n'}
[1.507645] (px4_msgs) StdoutLine: {'line': b'-- Up-to-date: /home/mcfb/ros2_ws/install/px4_msgs/include/px4_msgs/px4_msgs/msg/detail/sensors_status__builder.hpp\n'}
[1.507690] (px4_msgs) StdoutLine: {'line': b'-- Up-to-date: /home/mcfb/ros2_ws/install/px4_msgs/include/px4_msgs/px4_msgs/msg/detail/navigator_status__traits.hpp\n'}
[1.507756] (px4_msgs) StdoutLine: {'line': b'-- Up-to-date: /home/mcfb/ros2_ws/install/px4_msgs/include/px4_msgs/px4_msgs/msg/detail/sensor_accel__traits.hpp\n'}
[1.507799] (px4_msgs) StdoutLine: {'line': b'-- Up-to-date: /home/mcfb/ros2_ws/install/px4_msgs/include/px4_msgs/px4_msgs/msg/detail/camera_trigger__type_support.hpp\n'}
[1.507840] (px4_msgs) StdoutLine: {'line': b'-- Up-to-date: /home/mcfb/ros2_ws/install/px4_msgs/include/px4_msgs/px4_msgs/msg/detail/geofence_result__traits.hpp\n'}
[1.507884] (px4_msgs) StdoutLine: {'line': b'-- Up-to-date: /home/mcfb/ros2_ws/install/px4_msgs/include/px4_msgs/px4_msgs/msg/detail/actuator_outputs__type_support.hpp\n'}
[1.507931] (px4_msgs) StdoutLine: {'line': b'-- Up-to-date: /home/mcfb/ros2_ws/install/px4_msgs/include/px4_msgs/px4_msgs/msg/detail/fuel_tank_status__builder.hpp\n'}
[1.507973] (px4_msgs) StdoutLine: {'line': b'-- Up-to-date: /home/mcfb/ros2_ws/install/px4_msgs/include/px4_msgs/px4_msgs/msg/detail/landing_target_innovations__struct.hpp\n'}
[1.508015] (px4_msgs) StdoutLine: {'line': b'-- Up-to-date: /home/mcfb/ros2_ws/install/px4_msgs/include/px4_msgs/px4_msgs/msg/detail/gimbal_manager_information__type_support.hpp\n'}
[1.508059] (px4_msgs) StdoutLine: {'line': b'-- Up-to-date: /home/mcfb/ros2_ws/install/px4_msgs/include/px4_msgs/px4_msgs/msg/detail/actuator_servos__traits.hpp\n'}
[1.508099] (px4_msgs) StdoutLine: {'line': b'-- Up-to-date: /home/mcfb/ros2_ws/install/px4_msgs/include/px4_msgs/px4_msgs/msg/detail/rover_attitude_setpoint__builder.hpp\n'}
[1.508153] (px4_msgs) StdoutLine: {'line': b'-- Up-to-date: /home/mcfb/ros2_ws/install/px4_msgs/include/px4_msgs/px4_msgs/msg/detail/register_ext_component_reply__type_support.hpp\n'}
[1.508199] (px4_msgs) StdoutLine: {'line': b'-- Up-to-date: /home/mcfb/ros2_ws/install/px4_msgs/include/px4_msgs/px4_msgs/msg/detail/tiltrotor_extra_controls__struct.hpp\n'}
[1.508241] (px4_msgs) StdoutLine: {'line': b'-- Up-to-date: /home/mcfb/ros2_ws/install/px4_msgs/include/px4_msgs/px4_msgs/msg/detail/mount_orientation__struct.hpp\n'}
[1.508285] (px4_msgs) StdoutLine: {'line': b'-- Up-to-date: /home/mcfb/ros2_ws/install/px4_msgs/include/px4_msgs/px4_msgs/msg/detail/rover_attitude_setpoint__type_support.hpp\n'}
[1.508334] (px4_msgs) StdoutLine: {'line': b'-- Up-to-date: /home/mcfb/ros2_ws/install/px4_msgs/include/px4_msgs/px4_msgs/msg/detail/button_event__builder.hpp\n'}
[1.508378] (px4_msgs) StdoutLine: {'line': b'-- Up-to-date: /home/mcfb/ros2_ws/install/px4_msgs/include/px4_msgs/px4_msgs/msg/detail/rover_steering_setpoint__builder.hpp\n'}
[1.508422] (px4_msgs) StdoutLine: {'line': b'-- Up-to-date: /home/mcfb/ros2_ws/install/px4_msgs/include/px4_msgs/px4_msgs/msg/detail/vehicle_optical_flow__builder.hpp\n'}
[1.508466] (px4_msgs) StdoutLine: {'line': b'-- Up-to-date: /home/mcfb/ros2_ws/install/px4_msgs/include/px4_msgs/px4_msgs/msg/detail/sensor_gps__type_support.hpp\n'}
[1.508508] (px4_msgs) StdoutLine: {'line': b'-- Up-to-date: /home/mcfb/ros2_ws/install/px4_msgs/include/px4_msgs/px4_msgs/msg/detail/vehicle_angular_velocity__traits.hpp\n'}
[1.508565] (px4_msgs) StdoutLine: {'line': b'-- Up-to-date: /home/mcfb/ros2_ws/install/px4_msgs/include/px4_msgs/px4_msgs/msg/detail/arming_check_request__traits.hpp\n'}
[1.508608] (px4_msgs) StdoutLine: {'line': b'-- Up-to-date: /home/mcfb/ros2_ws/install/px4_msgs/include/px4_msgs/px4_msgs/msg/detail/transponder_report__struct.hpp\n'}
[1.508656] (px4_msgs) StdoutLine: {'line': b'-- Up-to-date: /home/mcfb/ros2_ws/install/px4_msgs/include/px4_msgs/px4_msgs/msg/detail/ulog_stream__struct.hpp\n'}
[1.508714] (px4_msgs) StdoutLine: {'line': b'-- Up-to-date: /home/mcfb/ros2_ws/install/px4_msgs/include/px4_msgs/px4_msgs/msg/detail/estimator_innovations__builder.hpp\n'}
[1.508759] (px4_msgs) StdoutLine: {'line': b'-- Up-to-date: /home/mcfb/ros2_ws/install/px4_msgs/include/px4_msgs/px4_msgs/msg/detail/vehicle_status__struct.hpp\n'}
[1.508802] (px4_msgs) StdoutLine: {'line': b'-- Up-to-date: /home/mcfb/ros2_ws/install/px4_msgs/include/px4_msgs/px4_msgs/msg/detail/mag_worker_data__builder.hpp\n'}
[1.508845] (px4_msgs) StdoutLine: {'line': b'-- Up-to-date: /home/mcfb/ros2_ws/install/px4_msgs/include/px4_msgs/px4_msgs/msg/detail/iridiumsbd_status__traits.hpp\n'}
[1.508894] (px4_msgs) StdoutLine: {'line': b'-- Up-to-date: /home/mcfb/ros2_ws/install/px4_msgs/include/px4_msgs/px4_msgs/msg/detail/velocity_limits__struct.hpp\n'}
[1.508935] (px4_msgs) StdoutLine: {'line': b'-- Up-to-date: /home/mcfb/ros2_ws/install/px4_msgs/include/px4_msgs/px4_msgs/msg/detail/px4io_status__builder.hpp\n'}
[1.508977] (px4_msgs) StdoutLine: {'line': b'-- Up-to-date: /home/mcfb/ros2_ws/install/px4_msgs/include/px4_msgs/px4_msgs/msg/detail/rover_speed_setpoint__struct.hpp\n'}
[1.509023] (px4_msgs) StdoutLine: {'line': b'-- Up-to-date: /home/mcfb/ros2_ws/install/px4_msgs/include/px4_msgs/px4_msgs/msg/detail/parameter_set_value_request__struct.hpp\n'}
[1.509064] (px4_msgs) StdoutLine: {'line': b'-- Up-to-date: /home/mcfb/ros2_ws/install/px4_msgs/include/px4_msgs/px4_msgs/msg/detail/timesync_status__type_support.hpp\n'}
[1.509108] (px4_msgs) StdoutLine: {'line': b'-- Up-to-date: /home/mcfb/ros2_ws/install/px4_msgs/include/px4_msgs/px4_msgs/msg/detail/health_report__type_support.hpp\n'}
[1.509151] (px4_msgs) StdoutLine: {'line': b'-- Up-to-date: /home/mcfb/ros2_ws/install/px4_msgs/include/px4_msgs/px4_msgs/msg/detail/parameter_set_value_request__builder.hpp\n'}
[1.509196] (px4_msgs) StdoutLine: {'line': b'-- Up-to-date: /home/mcfb/ros2_ws/install/px4_msgs/include/px4_msgs/px4_msgs/msg/detail/fixed_wing_lateral_status__builder.hpp\n'}
[1.509239] (px4_msgs) StdoutLine: {'line': b'-- Up-to-date: /home/mcfb/ros2_ws/install/px4_msgs/include/px4_msgs/px4_msgs/msg/detail/follow_target__traits.hpp\n'}
[1.509294] (px4_msgs) StdoutLine: {'line': b'-- Up-to-date: /home/mcfb/ros2_ws/install/px4_msgs/include/px4_msgs/px4_msgs/msg/detail/airspeed_wind__struct.hpp\n'}
[1.509353] (px4_msgs) StdoutLine: {'line': b'-- Up-to-date: /home/mcfb/ros2_ws/install/px4_msgs/include/px4_msgs/px4_msgs/msg/detail/rover_speed_status__type_support.hpp\n'}
[1.509416] (px4_msgs) StdoutLine: {'line': b'-- Up-to-date: /home/mcfb/ros2_ws/install/px4_msgs/include/px4_msgs/px4_msgs/msg/detail/rover_throttle_setpoint__builder.hpp\n'}
[1.509465] (px4_msgs) StdoutLine: {'line': b'-- Up-to-date: /home/mcfb/ros2_ws/install/px4_msgs/include/px4_msgs/px4_msgs/msg/detail/rover_rate_setpoint__type_support.hpp\n'}
[1.509512] (px4_msgs) StdoutLine: {'line': b'-- Up-to-date: /home/mcfb/ros2_ws/install/px4_msgs/include/px4_msgs/px4_msgs/msg/detail/estimator_states__traits.hpp\n'}
[1.509558] (px4_msgs) StdoutLine: {'line': b'-- Up-to-date: /home/mcfb/ros2_ws/install/px4_msgs/include/px4_msgs/px4_msgs/msg/detail/sensor_gnss_status__traits.hpp\n'}
[1.509603] (px4_msgs) StdoutLine: {'line': b'-- Up-to-date: /home/mcfb/ros2_ws/install/px4_msgs/include/px4_msgs/px4_msgs/msg/detail/flight_phase_estimation__struct.hpp\n'}
[1.509649] (px4_msgs) StdoutLine: {'line': b'-- Up-to-date: /home/mcfb/ros2_ws/install/px4_msgs/include/px4_msgs/px4_msgs/msg/detail/actuator_outputs__builder.hpp\n'}
[1.509701] (px4_msgs) StdoutLine: {'line': b'-- Up-to-date: /home/mcfb/ros2_ws/install/px4_msgs/include/px4_msgs/px4_msgs/msg/detail/rover_position_setpoint__struct.hpp\n'}
[1.509758] (px4_msgs) StdoutLine: {'line': b'-- Up-to-date: /home/mcfb/ros2_ws/install/px4_msgs/include/px4_msgs/px4_msgs/msg/detail/dronecan_node_status__traits.hpp\n'}
[1.509844] (px4_msgs) StdoutLine: {'line': b'-- Up-to-date: /home/mcfb/ros2_ws/install/px4_msgs/include/px4_msgs/px4_msgs/msg/detail/vehicle_imu__struct.hpp\n'}
[1.509905] (px4_msgs) StdoutLine: {'line': b'-- Up-to-date: /home/mcfb/ros2_ws/install/px4_msgs/include/px4_msgs/px4_msgs/msg/detail/landing_gear_wheel__struct.hpp\n'}
[1.509954] (px4_msgs) StdoutLine: {'line': b'-- Up-to-date: /home/mcfb/ros2_ws/install/px4_msgs/include/px4_msgs/px4_msgs/msg/detail/estimator_sensor_bias__builder.hpp\n'}
[1.510004] (px4_msgs) StdoutLine: {'line': b'-- Up-to-date: /home/mcfb/ros2_ws/install/px4_msgs/include/px4_msgs/px4_msgs/msg/detail/actuator_motors__struct.hpp\n'}
[1.510054] (px4_msgs) StdoutLine: {'line': b'-- Up-to-date: /home/mcfb/ros2_ws/install/px4_msgs/include/px4_msgs/px4_msgs/msg/detail/mode_completed__traits.hpp\n'}
[1.510101] (px4_msgs) StdoutLine: {'line': b'-- Up-to-date: /home/mcfb/ros2_ws/install/px4_msgs/include/px4_msgs/px4_msgs/msg/detail/actuator_test__builder.hpp\n'}
[1.510149] (px4_msgs) StdoutLine: {'line': b'-- Up-to-date: /home/mcfb/ros2_ws/install/px4_msgs/include/px4_msgs/px4_msgs/msg/detail/uavcan_parameter_value__builder.hpp\n'}
[1.510196] (px4_msgs) StdoutLine: {'line': b'-- Up-to-date: /home/mcfb/ros2_ws/install/px4_msgs/include/px4_msgs/px4_msgs/msg/detail/wheel_encoders__traits.hpp\n'}
[1.510283] (px4_msgs) StdoutLine: {'line': b'-- Up-to-date: /home/mcfb/ros2_ws/install/px4_msgs/include/px4_msgs/px4_msgs/msg/detail/vehicle_rates_setpoint__struct.hpp\n'}
[1.510340] (px4_msgs) StdoutLine: {'line': b'-- Up-to-date: /home/mcfb/ros2_ws/install/px4_msgs/include/px4_msgs/px4_msgs/msg/detail/landing_target_innovations__traits.hpp\n'}
[1.510390] (px4_msgs) StdoutLine: {'line': b'-- Up-to-date: /home/mcfb/ros2_ws/install/px4_msgs/include/px4_msgs/px4_msgs/msg/detail/goto_setpoint__struct.hpp\n'}
[1.510437] (px4_msgs) StdoutLine: {'line': b'-- Up-to-date: /home/mcfb/ros2_ws/install/px4_msgs/include/px4_msgs/px4_msgs/msg/detail/iridiumsbd_status__builder.hpp\n'}
[1.510483] (px4_msgs) StdoutLine: {'line': b'-- Up-to-date: /home/mcfb/ros2_ws/install/px4_msgs/include/px4_msgs/px4_msgs/msg/detail/sensor_correction__traits.hpp\n'}
[1.510531] (px4_msgs) StdoutLine: {'line': b'-- Up-to-date: /home/mcfb/ros2_ws/install/px4_msgs/include/px4_msgs/px4_msgs/msg/detail/sensor_gyro_fft__struct.hpp\n'}
[1.510578] (px4_msgs) StdoutLine: {'line': b'-- Up-to-date: /home/mcfb/ros2_ws/install/px4_msgs/include/px4_msgs/px4_msgs/msg/detail/distance_sensor__builder.hpp\n'}
[1.510623] (px4_msgs) StdoutLine: {'line': b'-- Up-to-date: /home/mcfb/ros2_ws/install/px4_msgs/include/px4_msgs/px4_msgs/msg/detail/fixed_wing_lateral_setpoint__builder.hpp\n'}
[1.510671] (px4_msgs) StdoutLine: {'line': b'-- Up-to-date: /home/mcfb/ros2_ws/install/px4_msgs/include/px4_msgs/px4_msgs/msg/detail/task_stack_info__traits.hpp\n'}
[1.510717] (px4_msgs) StdoutLine: {'line': b'-- Up-to-date: /home/mcfb/ros2_ws/install/px4_msgs/include/px4_msgs/px4_msgs/msg/detail/fixed_wing_lateral_guidance_status__builder.hpp\n'}
[1.510765] (px4_msgs) StdoutLine: {'line': b'-- Up-to-date: /home/mcfb/ros2_ws/install/px4_msgs/include/px4_msgs/px4_msgs/msg/detail/fixed_wing_runway_control__type_support.hpp\n'}
[1.510812] (px4_msgs) StdoutLine: {'line': b'-- Up-to-date: /home/mcfb/ros2_ws/install/px4_msgs/include/px4_msgs/px4_msgs/msg/detail/vehicle_control_mode__traits.hpp\n'}
[1.510856] (px4_msgs) StdoutLine: {'line': b'-- Up-to-date: /home/mcfb/ros2_ws/install/px4_msgs/include/px4_msgs/px4_msgs/msg/detail/sensor_uwb__struct.hpp\n'}
[1.510904] (px4_msgs) StdoutLine: {'line': b'-- Up-to-date: /home/mcfb/ros2_ws/install/px4_msgs/include/px4_msgs/px4_msgs/msg/detail/vehicle_acceleration__type_support.hpp\n'}
[1.510949] (px4_msgs) StdoutLine: {'line': b'-- Up-to-date: /home/mcfb/ros2_ws/install/px4_msgs/include/px4_msgs/px4_msgs/msg/detail/orb_test_medium__builder.hpp\n'}
[1.511008] (px4_msgs) StdoutLine: {'line': b'-- Up-to-date: /home/mcfb/ros2_ws/install/px4_msgs/include/px4_msgs/px4_msgs/msg/detail/pwm_input__type_support.hpp\n'}
[1.511112] (px4_msgs) StdoutLine: {'line': b'-- Up-to-date: /home/mcfb/ros2_ws/install/px4_msgs/include/px4_msgs/px4_msgs/msg/detail/timesync_status__struct.hpp\n'}
[1.511182] (px4_msgs) StdoutLine: {'line': b'-- Up-to-date: /home/mcfb/ros2_ws/install/px4_msgs/include/px4_msgs/px4_msgs/msg/detail/gimbal_device_information__builder.hpp\n'}
[1.511253] (px4_msgs) StdoutLine: {'line': b'-- Up-to-date: /home/mcfb/ros2_ws/install/px4_msgs/include/px4_msgs/px4_msgs/msg/detail/estimator_bias3d__type_support.hpp\n'}
[1.511336] (px4_msgs) StdoutLine: {'line': b'-- Up-to-date: /home/mcfb/ros2_ws/install/px4_msgs/include/px4_msgs/px4_msgs/msg/detail/rover_throttle_setpoint__struct.hpp\n'}
[1.511388] (px4_msgs) StdoutLine: {'line': b'-- Up-to-date: /home/mcfb/ros2_ws/install/px4_msgs/include/px4_msgs/px4_msgs/msg/detail/cellular_status__struct.hpp\n'}
[1.511436] (px4_msgs) StdoutLine: {'line': b'-- Up-to-date: /home/mcfb/ros2_ws/install/px4_msgs/include/px4_msgs/px4_msgs/msg/detail/mavlink_tunnel__struct.hpp\n'}
[1.511483] (px4_msgs) StdoutLine: {'line': b'-- Up-to-date: /home/mcfb/ros2_ws/install/px4_msgs/include/px4_msgs/px4_msgs/msg/detail/iridiumsbd_status__struct.hpp\n'}
[1.511650] (px4_msgs) StdoutLine: {'line': b'-- Up-to-date: /home/mcfb/ros2_ws/install/px4_msgs/include/px4_msgs/px4_msgs/msg/detail/gimbal_device_attitude_status__type_support.hpp\n'}
[1.511759] (px4_msgs) StdoutLine: {'line': b'-- Up-to-date: /home/mcfb/ros2_ws/install/px4_msgs/include/px4_msgs/px4_msgs/msg/detail/arming_check_reply__builder.hpp\n'}
[1.511829] (px4_msgs) StdoutLine: {'line': b'-- Up-to-date: /home/mcfb/ros2_ws/install/px4_msgs/include/px4_msgs/px4_msgs/msg/detail/gps_dump__struct.hpp\n'}
[1.511906] (px4_msgs) StdoutLine: {'line': b'-- Up-to-date: /home/mcfb/ros2_ws/install/px4_msgs/include/px4_msgs/px4_msgs/msg/detail/estimator_status__traits.hpp\n'}
[1.511966] (px4_msgs) StdoutLine: {'line': b'-- Up-to-date: /home/mcfb/ros2_ws/install/px4_msgs/include/px4_msgs/px4_msgs/msg/detail/manual_control_setpoint__struct.hpp\n'}
[1.512033] (px4_msgs) StdoutLine: {'line': b'-- Up-to-date: /home/mcfb/ros2_ws/install/px4_msgs/include/px4_msgs/px4_msgs/msg/detail/failsafe_flags__builder.hpp\n'}
[1.512085] (px4_msgs) StdoutLine: {'line': b'-- Up-to-date: /home/mcfb/ros2_ws/install/px4_msgs/include/px4_msgs/px4_msgs/msg/detail/tecs_status__type_support.hpp\n'}
[1.512132] (px4_msgs) StdoutLine: {'line': b'-- Up-to-date: /home/mcfb/ros2_ws/install/px4_msgs/include/px4_msgs/px4_msgs/msg/detail/parameter_set_used_request__struct.hpp\n'}
[1.512207] (px4_msgs) StdoutLine: {'line': b'-- Up-to-date: /home/mcfb/ros2_ws/install/px4_msgs/include/px4_msgs/px4_msgs/msg/detail/fixed_wing_lateral_status__traits.hpp\n'}
[1.512271] (px4_msgs) StdoutLine: {'line': b'-- Up-to-date: /home/mcfb/ros2_ws/install/px4_msgs/include/px4_msgs/px4_msgs/msg/detail/rover_position_setpoint__builder.hpp\n'}
[1.512360] (px4_msgs) StdoutLine: {'line': b'-- Up-to-date: /home/mcfb/ros2_ws/install/px4_msgs/include/px4_msgs/px4_msgs/msg/detail/vehicle_torque_setpoint__struct.hpp\n'}
[1.512413] (px4_msgs) StdoutLine: {'line': b'-- Up-to-date: /home/mcfb/ros2_ws/install/px4_msgs/include/px4_msgs/px4_msgs/msg/detail/gpio_in__type_support.hpp\n'}
[1.512464] (px4_msgs) StdoutLine: {'line': b'-- Up-to-date: /home/mcfb/ros2_ws/install/px4_msgs/include/px4_msgs/px4_msgs/msg/detail/manual_control_setpoint__traits.hpp\n'}
[1.512527] (px4_msgs) StdoutLine: {'line': b'-- Up-to-date: /home/mcfb/ros2_ws/install/px4_msgs/include/px4_msgs/px4_msgs/msg/detail/dataman_request__builder.hpp\n'}
[1.512581] (px4_msgs) StdoutLine: {'line': b'-- Up-to-date: /home/mcfb/ros2_ws/install/px4_msgs/include/px4_msgs/px4_msgs/msg/detail/debug_vect__struct.hpp\n'}
[1.512627] (px4_msgs) StdoutLine: {'line': b'-- Up-to-date: /home/mcfb/ros2_ws/install/px4_msgs/include/px4_msgs/px4_msgs/msg/detail/message_format_request__builder.hpp\n'}
[1.512690] (px4_msgs) StdoutLine: {'line': b'-- Up-to-date: /home/mcfb/ros2_ws/install/px4_msgs/include/px4_msgs/px4_msgs/msg/detail/mission_result__struct.hpp\n'}
[1.512749] (px4_msgs) StdoutLine: {'line': b'-- Up-to-date: /home/mcfb/ros2_ws/install/px4_msgs/include/px4_msgs/px4_msgs/msg/detail/failsafe_flags__traits.hpp\n'}
[1.512797] (px4_msgs) StdoutLine: {'line': b'-- Up-to-date: /home/mcfb/ros2_ws/install/px4_msgs/include/px4_msgs/px4_msgs/msg/detail/dronecan_node_status__struct.hpp\n'}
[1.512864] (px4_msgs) StdoutLine: {'line': b'-- Up-to-date: /home/mcfb/ros2_ws/install/px4_msgs/include/px4_msgs/px4_msgs/msg/detail/collision_constraints__traits.hpp\n'}
[1.512930] (px4_msgs) StdoutLine: {'line': b'-- Up-to-date: /home/mcfb/ros2_ws/install/px4_msgs/include/px4_msgs/px4_msgs/msg/detail/geofence_result__builder.hpp\n'}
[1.512992] (px4_msgs) StdoutLine: {'line': b'-- Up-to-date: /home/mcfb/ros2_ws/install/px4_msgs/include/px4_msgs/px4_msgs/msg/detail/autotune_attitude_control_status__struct.hpp\n'}
[1.513082] (px4_msgs) StdoutLine: {'line': b'-- Up-to-date: /home/mcfb/ros2_ws/install/px4_msgs/include/px4_msgs/px4_msgs/msg/detail/sensor_hygrometer__traits.hpp\n'}
[1.513170] (px4_msgs) StdoutLine: {'line': b'-- Up-to-date: /home/mcfb/ros2_ws/install/px4_msgs/include/px4_msgs/px4_msgs/msg/detail/estimator_sensor_bias__struct.hpp\n'}
[1.513234] (px4_msgs) StdoutLine: {'line': b'-- Up-to-date: /home/mcfb/ros2_ws/install/px4_msgs/include/px4_msgs/px4_msgs/msg/detail/register_ext_component_reply__traits.hpp\n'}
[1.513289] (px4_msgs) StdoutLine: {'line': b'-- Up-to-date: /home/mcfb/ros2_ws/install/px4_msgs/include/px4_msgs/px4_msgs/msg/detail/sensor_gnss_relative__traits.hpp\n'}
[1.513357] (px4_msgs) StdoutLine: {'line': b'-- Up-to-date: /home/mcfb/ros2_ws/install/px4_msgs/include/px4_msgs/px4_msgs/msg/detail/sensors_status_imu__type_support.hpp\n'}
[1.513433] (px4_msgs) StdoutLine: {'line': b'-- Up-to-date: /home/mcfb/ros2_ws/install/px4_msgs/include/px4_msgs/px4_msgs/msg/detail/button_event__traits.hpp\n'}
[1.513505] (px4_msgs) StdoutLine: {'line': b'-- Up-to-date: /home/mcfb/ros2_ws/install/px4_msgs/include/px4_msgs/px4_msgs/msg/detail/radio_status__type_support.hpp\n'}
[1.513571] (px4_msgs) StdoutLine: {'line': b'-- Up-to-date: /home/mcfb/ros2_ws/install/px4_msgs/include/px4_msgs/px4_msgs/msg/detail/rtl_time_estimate__builder.hpp\n'}
[1.513632] (px4_msgs) StdoutLine: {'line': b'-- Up-to-date: /home/mcfb/ros2_ws/install/px4_msgs/include/px4_msgs/px4_msgs/msg/detail/event__traits.hpp\n'}
[1.513697] (px4_msgs) StdoutLine: {'line': b'-- Up-to-date: /home/mcfb/ros2_ws/install/px4_msgs/include/px4_msgs/px4_msgs/msg/detail/vehicle_angular_acceleration_setpoint__struct.hpp\n'}
[1.513759] (px4_msgs) StdoutLine: {'line': b'-- Up-to-date: /home/mcfb/ros2_ws/install/px4_msgs/include/px4_msgs/px4_msgs/msg/detail/sensor_combined__type_support.hpp\n'}
[1.513806] (px4_msgs) StdoutLine: {'line': b'-- Up-to-date: /home/mcfb/ros2_ws/install/px4_msgs/include/px4_msgs/px4_msgs/msg/detail/sensor_preflight_mag__traits.hpp\n'}
[1.513893] (px4_msgs) StdoutLine: {'line': b'-- Up-to-date: /home/mcfb/ros2_ws/install/px4_msgs/include/px4_msgs/px4_msgs/msg/detail/vtol_vehicle_status__struct.hpp\n'}
[1.513969] (px4_msgs) StdoutLine: {'line': b'-- Up-to-date: /home/mcfb/ros2_ws/install/px4_msgs/include/px4_msgs/px4_msgs/msg/detail/sensor_accel_fifo__type_support.hpp\n'}
[1.514047] (px4_msgs) StdoutLine: {'line': b'-- Up-to-date: /home/mcfb/ros2_ws/install/px4_msgs/include/px4_msgs/px4_msgs/msg/detail/open_drone_id_arm_status__traits.hpp\n'}
[1.514128] (px4_msgs) StdoutLine: {'line': b'-- Up-to-date: /home/mcfb/ros2_ws/install/px4_msgs/include/px4_msgs/px4_msgs/msg/detail/follow_target_estimator__builder.hpp\n'}
[1.514193] (px4_msgs) StdoutLine: {'line': b'-- Up-to-date: /home/mcfb/ros2_ws/install/px4_msgs/include/px4_msgs/px4_msgs/msg/detail/input_rc__builder.hpp\n'}
[1.514256] (px4_msgs) StdoutLine: {'line': b'-- Up-to-date: /home/mcfb/ros2_ws/install/px4_msgs/include/px4_msgs/px4_msgs/msg/detail/mag_worker_data__type_support.hpp\n'}
[1.514328] (px4_msgs) StdoutLine: {'line': b'-- Up-to-date: /home/mcfb/ros2_ws/install/px4_msgs/include/px4_msgs/px4_msgs/msg/detail/sensor_gyro__traits.hpp\n'}
[1.514443] (px4_msgs) StdoutLine: {'line': b'-- Up-to-date: /home/mcfb/ros2_ws/install/px4_msgs/include/px4_msgs/px4_msgs/msg/detail/follow_target__type_support.hpp\n'}
[1.514497] (px4_msgs) StdoutLine: {'line': b'-- Up-to-date: /home/mcfb/ros2_ws/install/px4_msgs/include/px4_msgs/px4_msgs/msg/detail/position_setpoint__builder.hpp\n'}
[1.514558] (px4_msgs) StdoutLine: {'line': b'-- Up-to-date: /home/mcfb/ros2_ws/install/px4_msgs/include/px4_msgs/px4_msgs/msg/detail/sensor_gnss_relative__struct.hpp\n'}
[1.514605] (px4_msgs) StdoutLine: {'line': b'-- Up-to-date: /home/mcfb/ros2_ws/install/px4_msgs/include/px4_msgs/px4_msgs/msg/detail/estimator_aid_source2d__type_support.hpp\n'}
[1.514648] (px4_msgs) StdoutLine: {'line': b'-- Up-to-date: /home/mcfb/ros2_ws/install/px4_msgs/include/px4_msgs/px4_msgs/msg/detail/rpm__builder.hpp\n'}
[1.514689] (px4_msgs) StdoutLine: {'line': b'-- Up-to-date: /home/mcfb/ros2_ws/install/px4_msgs/include/px4_msgs/px4_msgs/msg/detail/vehicle_air_data__traits.hpp\n'}
[1.514736] (px4_msgs) StdoutLine: {'line': b'-- Up-to-date: /home/mcfb/ros2_ws/install/px4_msgs/include/px4_msgs/px4_msgs/msg/detail/rtl_time_estimate__traits.hpp\n'}
[1.514797] (px4_msgs) StdoutLine: {'line': b'-- Up-to-date: /home/mcfb/ros2_ws/install/px4_msgs/include/px4_msgs/px4_msgs/msg/detail/esc_report__builder.hpp\n'}
[1.514872] (px4_msgs) StdoutLine: {'line': b'-- Up-to-date: /home/mcfb/ros2_ws/install/px4_msgs/include/px4_msgs/px4_msgs/msg/detail/action_request__traits.hpp\n'}
[1.514918] (px4_msgs) StdoutLine: {'line': b'-- Up-to-date: /home/mcfb/ros2_ws/install/px4_msgs/include/px4_msgs/px4_msgs/msg/detail/open_drone_id_system__builder.hpp\n'}
[1.514962] (px4_msgs) StdoutLine: {'line': b'-- Up-to-date: /home/mcfb/ros2_ws/install/px4_msgs/include/px4_msgs/px4_msgs/msg/detail/uavcan_parameter_request__builder.hpp\n'}
[1.515005] (px4_msgs) StdoutLine: {'line': b'-- Up-to-date: /home/mcfb/ros2_ws/install/px4_msgs/include/px4_msgs/px4_msgs/msg/detail/parameter_set_used_request__type_support.hpp\n'}
[1.515049] (px4_msgs) StdoutLine: {'line': b'-- Up-to-date: /home/mcfb/ros2_ws/install/px4_msgs/include/px4_msgs/px4_msgs/msg/detail/fuel_tank_status__type_support.hpp\n'}
[1.515091] (px4_msgs) StdoutLine: {'line': b'-- Up-to-date: /home/mcfb/ros2_ws/install/px4_msgs/include/px4_msgs/px4_msgs/msg/detail/rover_speed_status__traits.hpp\n'}
[1.515135] (px4_msgs) StdoutLine: {'line': b'-- Up-to-date: /home/mcfb/ros2_ws/install/px4_msgs/include/px4_msgs/px4_msgs/msg/detail/velocity_limits__builder.hpp\n'}
[1.515208] (px4_msgs) StdoutLine: {'line': b'-- Up-to-date: /home/mcfb/ros2_ws/install/px4_msgs/include/px4_msgs/px4_msgs/msg/detail/led_control__traits.hpp\n'}
[1.515256] (px4_msgs) StdoutLine: {'line': b'-- Up-to-date: /home/mcfb/ros2_ws/install/px4_msgs/include/px4_msgs/px4_msgs/msg/detail/fixed_wing_lateral_setpoint__type_support.hpp\n'}
[1.515326] (px4_msgs) StdoutLine: {'line': b'-- Up-to-date: /home/mcfb/ros2_ws/install/px4_msgs/include/px4_msgs/px4_msgs/msg/detail/sensor_correction__type_support.hpp\n'}
[1.515376] (px4_msgs) StdoutLine: {'line': b'-- Up-to-date: /home/mcfb/ros2_ws/install/px4_msgs/include/px4_msgs/px4_msgs/msg/detail/estimator_selector_status__builder.hpp\n'}
[1.515429] (px4_msgs) StdoutLine: {'line': b'-- Up-to-date: /home/mcfb/ros2_ws/install/px4_msgs/include/px4_msgs/px4_msgs/msg/detail/sensor_airflow__builder.hpp\n'}
[1.515499] (px4_msgs) StdoutLine: {'line': b'-- Up-to-date: /home/mcfb/ros2_ws/install/px4_msgs/include/px4_msgs/px4_msgs/msg/detail/figure_eight_status__builder.hpp\n'}
[1.515540] (px4_msgs) StdoutLine: {'line': b'-- Up-to-date: /home/mcfb/ros2_ws/install/px4_msgs/include/px4_msgs/px4_msgs/msg/detail/camera_capture__struct.hpp\n'}
[1.515583] (px4_msgs) StdoutLine: {'line': b'-- Up-to-date: /home/mcfb/ros2_ws/install/px4_msgs/include/px4_msgs/px4_msgs/msg/detail/sensors_status__traits.hpp\n'}
[1.515627] (px4_msgs) StdoutLine: {'line': b'-- Up-to-date: /home/mcfb/ros2_ws/install/px4_msgs/include/px4_msgs/px4_msgs/msg/detail/sensor_mag__type_support.hpp\n'}
[1.515684] (px4_msgs) StdoutLine: {'line': b'-- Up-to-date: /home/mcfb/ros2_ws/install/px4_msgs/include/px4_msgs/px4_msgs/msg/detail/offboard_control_mode__builder.hpp\n'}
[1.515746] (px4_msgs) StdoutLine: {'line': b'-- Up-to-date: /home/mcfb/ros2_ws/install/px4_msgs/include/px4_msgs/px4_msgs/msg/detail/pps_capture__struct.hpp\n'}
[1.515806] (px4_msgs) StdoutLine: {'line': b'-- Up-to-date: /home/mcfb/ros2_ws/install/px4_msgs/include/px4_msgs/px4_msgs/msg/detail/tecs_status__builder.hpp\n'}
[1.515866] (px4_msgs) StdoutLine: {'line': b'-- Up-to-date: /home/mcfb/ros2_ws/install/px4_msgs/include/px4_msgs/px4_msgs/msg/detail/orb_test__struct.hpp\n'}
[1.515925] (px4_msgs) StdoutLine: {'line': b'-- Up-to-date: /home/mcfb/ros2_ws/install/px4_msgs/include/px4_msgs/px4_msgs/msg/detail/gpio_config__builder.hpp\n'}
[1.516005] (px4_msgs) StdoutLine: {'line': b'-- Up-to-date: /home/mcfb/ros2_ws/install/px4_msgs/include/px4_msgs/px4_msgs/msg/detail/differential_pressure__traits.hpp\n'}
[1.516082] (px4_msgs) StdoutLine: {'line': b'-- Up-to-date: /home/mcfb/ros2_ws/install/px4_msgs/include/px4_msgs/px4_msgs/msg/detail/vehicle_attitude__builder.hpp\n'}
[1.516151] (px4_msgs) StdoutLine: {'line': b'-- Up-to-date: /home/mcfb/ros2_ws/install/px4_msgs/include/px4_msgs/px4_msgs/msg/detail/position_controller_landing_status__traits.hpp\n'}
[1.516200] (px4_msgs) StdoutLine: {'line': b'-- Up-to-date: /home/mcfb/ros2_ws/install/px4_msgs/include/px4_msgs/px4_msgs/msg/detail/manual_control_switches__type_support.hpp\n'}
[1.516247] (px4_msgs) StdoutLine: {'line': b'-- Up-to-date: /home/mcfb/ros2_ws/install/px4_msgs/include/px4_msgs/px4_msgs/msg/detail/vehicle_air_data__struct.hpp\n'}
[1.516289] (px4_msgs) StdoutLine: {'line': b'-- Up-to-date: /home/mcfb/ros2_ws/install/px4_msgs/include/px4_msgs/px4_msgs/msg/detail/fixed_wing_runway_control__builder.hpp\n'}
[1.516338] (px4_msgs) StdoutLine: {'line': b'-- Up-to-date: /home/mcfb/ros2_ws/install/px4_msgs/include/px4_msgs/px4_msgs/msg/detail/flight_phase_estimation__traits.hpp\n'}
[1.516383] (px4_msgs) StdoutLine: {'line': b'-- Up-to-date: /home/mcfb/ros2_ws/install/px4_msgs/include/px4_msgs/px4_msgs/msg/detail/gimbal_device_set_attitude__traits.hpp\n'}
[1.516444] (px4_msgs) StdoutLine: {'line': b'-- Up-to-date: /home/mcfb/ros2_ws/install/px4_msgs/include/px4_msgs/px4_msgs/msg/detail/sensor_gyro_fft__builder.hpp\n'}
[1.516504] (px4_msgs) StdoutLine: {'line': b'-- Up-to-date: /home/mcfb/ros2_ws/install/px4_msgs/include/px4_msgs/px4_msgs/msg/detail/logger_status__struct.hpp\n'}
[1.516562] (px4_msgs) StdoutLine: {'line': b'-- Up-to-date: /home/mcfb/ros2_ws/install/px4_msgs/include/px4_msgs/px4_msgs/msg/detail/open_drone_id_self_id__struct.hpp\n'}
[1.516622] (px4_msgs) StdoutLine: {'line': b'-- Up-to-date: /home/mcfb/ros2_ws/install/px4_msgs/include/px4_msgs/px4_msgs/msg/detail/vehicle_roi__traits.hpp\n'}
[1.516682] (px4_msgs) StdoutLine: {'line': b'-- Up-to-date: /home/mcfb/ros2_ws/install/px4_msgs/include/px4_msgs/px4_msgs/msg/detail/control_allocator_status__builder.hpp\n'}
[1.516743] (px4_msgs) StdoutLine: {'line': b'-- Up-to-date: /home/mcfb/ros2_ws/install/px4_msgs/include/px4_msgs/px4_msgs/msg/detail/mag_worker_data__struct.hpp\n'}
[1.516813] (px4_msgs) StdoutLine: {'line': b'-- Up-to-date: /home/mcfb/ros2_ws/install/px4_msgs/include/px4_msgs/px4_msgs/msg/detail/ekf2_timestamps__traits.hpp\n'}
[1.516873] (px4_msgs) StdoutLine: {'line': b'-- Up-to-date: /home/mcfb/ros2_ws/install/px4_msgs/include/px4_msgs/px4_msgs/msg/detail/wind__traits.hpp\n'}
[1.516933] (px4_msgs) StdoutLine: {'line': b'-- Up-to-date: /home/mcfb/ros2_ws/install/px4_msgs/include/px4_msgs/px4_msgs/msg/detail/rover_speed_setpoint__builder.hpp\n'}
[1.516991] (px4_msgs) StdoutLine: {'line': b'-- Up-to-date: /home/mcfb/ros2_ws/install/px4_msgs/include/px4_msgs/px4_msgs/msg/detail/fuel_tank_status__struct.hpp\n'}
[1.517069] (px4_msgs) StdoutLine: {'line': b'-- Up-to-date: /home/mcfb/ros2_ws/install/px4_msgs/include/px4_msgs/px4_msgs/msg/detail/mission_result__builder.hpp\n'}
[1.517115] (px4_msgs) StdoutLine: {'line': b'-- Up-to-date: /home/mcfb/ros2_ws/install/px4_msgs/include/px4_msgs/px4_msgs/msg/detail/actuator_controls_status__struct.hpp\n'}
[1.517158] (px4_msgs) StdoutLine: {'line': b'-- Up-to-date: /home/mcfb/ros2_ws/install/px4_msgs/include/px4_msgs/px4_msgs/msg/detail/adc_report__type_support.hpp\n'}
[1.517200] (px4_msgs) StdoutLine: {'line': b'-- Up-to-date: /home/mcfb/ros2_ws/install/px4_msgs/include/px4_msgs/px4_msgs/msg/detail/debug_vect__traits.hpp\n'}
[1.517243] (px4_msgs) StdoutLine: {'line': b'-- Up-to-date: /home/mcfb/ros2_ws/install/px4_msgs/include/px4_msgs/px4_msgs/msg/detail/mode_completed__type_support.hpp\n'}
[1.517288] (px4_msgs) StdoutLine: {'line': b'-- Up-to-date: /home/mcfb/ros2_ws/install/px4_msgs/include/px4_msgs/px4_msgs/msg/detail/esc_report__traits.hpp\n'}
[1.517335] (px4_msgs) StdoutLine: {'line': b'-- Up-to-date: /home/mcfb/ros2_ws/install/px4_msgs/include/px4_msgs/px4_msgs/msg/detail/vehicle_command__traits.hpp\n'}
[1.517402] (px4_msgs) StdoutLine: {'line': b'-- Up-to-date: /home/mcfb/ros2_ws/install/px4_msgs/include/px4_msgs/px4_msgs/msg/detail/estimator_bias__traits.hpp\n'}
[1.517446] (px4_msgs) StdoutLine: {'line': b'-- Up-to-date: /home/mcfb/ros2_ws/install/px4_msgs/include/px4_msgs/px4_msgs/msg/detail/vehicle_command__builder.hpp\n'}
[1.517488] (px4_msgs) StdoutLine: {'line': b'-- Up-to-date: /home/mcfb/ros2_ws/install/px4_msgs/include/px4_msgs/px4_msgs/msg/detail/magnetometer_bias_estimate__type_support.hpp\n'}
[1.517536] (px4_msgs) StdoutLine: {'line': b'-- Up-to-date: /home/mcfb/ros2_ws/install/px4_msgs/include/px4_msgs/px4_msgs/msg/detail/landing_target_pose__traits.hpp\n'}
[1.517579] (px4_msgs) StdoutLine: {'line': b'-- Up-to-date: /home/mcfb/ros2_ws/install/px4_msgs/include/px4_msgs/px4_msgs/msg/detail/orb_test__builder.hpp\n'}
[1.517623] (px4_msgs) StdoutLine: {'line': b'-- Up-to-date: /home/mcfb/ros2_ws/install/px4_msgs/include/px4_msgs/px4_msgs/msg/detail/internal_combustion_engine_control__traits.hpp\n'}
[1.517692] (px4_msgs) StdoutLine: {'line': b'-- Up-to-date: /home/mcfb/ros2_ws/install/px4_msgs/include/px4_msgs/px4_msgs/msg/detail/rc_channels__builder.hpp\n'}
[1.517755] (px4_msgs) StdoutLine: {'line': b'-- Up-to-date: /home/mcfb/ros2_ws/install/px4_msgs/include/px4_msgs/px4_msgs/msg/detail/task_stack_info__builder.hpp\n'}
[1.517835] (px4_msgs) StdoutLine: {'line': b'-- Up-to-date: /home/mcfb/ros2_ws/install/px4_msgs/include/px4_msgs/px4_msgs/msg/detail/actuator_motors__type_support.hpp\n'}
[1.517898] (px4_msgs) StdoutLine: {'line': b'-- Up-to-date: /home/mcfb/ros2_ws/install/px4_msgs/include/px4_msgs/px4_msgs/msg/detail/open_drone_id_system__type_support.hpp\n'}
[1.518052] (px4_msgs) StdoutLine: {'line': b'-- Up-to-date: /home/mcfb/ros2_ws/install/px4_msgs/include/px4_msgs/px4_msgs/msg/detail/can_interface_status__builder.hpp\n'}
[1.518128] (px4_msgs) StdoutLine: {'line': b'-- Up-to-date: /home/mcfb/ros2_ws/install/px4_msgs/include/px4_msgs/px4_msgs/msg/detail/debug_value__struct.hpp\n'}
[1.518198] (px4_msgs) StdoutLine: {'line': b'-- Up-to-date: /home/mcfb/ros2_ws/install/px4_msgs/include/px4_msgs/px4_msgs/msg/detail/goto_setpoint__traits.hpp\n'}
[1.518407] (px4_msgs) StdoutLine: {'line': b'-- Up-to-date: /home/mcfb/ros2_ws/install/px4_msgs/include/px4_msgs/px4_msgs/msg/detail/gimbal_manager_status__struct.hpp\n'}
[1.518492] (px4_msgs) StdoutLine: {'line': b'-- Up-to-date: /home/mcfb/ros2_ws/install/px4_msgs/include/px4_msgs/px4_msgs/msg/detail/fixed_wing_lateral_setpoint__struct.hpp\n'}
[1.518551] (px4_msgs) StdoutLine: {'line': b'-- Up-to-date: /home/mcfb/ros2_ws/install/px4_msgs/include/px4_msgs/px4_msgs/msg/detail/adc_report__builder.hpp\n'}
[1.518636] (px4_msgs) StdoutLine: {'line': b'-- Up-to-date: /home/mcfb/ros2_ws/install/px4_msgs/include/px4_msgs/px4_msgs/msg/detail/wheel_encoders__type_support.hpp\n'}
[1.518693] (px4_msgs) StdoutLine: {'line': b'-- Up-to-date: /home/mcfb/ros2_ws/install/px4_msgs/include/px4_msgs/px4_msgs/msg/detail/vehicle_imu_status__struct.hpp\n'}
[1.518760] (px4_msgs) StdoutLine: {'line': b'-- Up-to-date: /home/mcfb/ros2_ws/install/px4_msgs/include/px4_msgs/px4_msgs/msg/detail/input_rc__traits.hpp\n'}
[1.518841] (px4_msgs) StdoutLine: {'line': b'-- Up-to-date: /home/mcfb/ros2_ws/install/px4_msgs/include/px4_msgs/px4_msgs/msg/detail/fixed_wing_lateral_status__type_support.hpp\n'}
[1.518920] (px4_msgs) StdoutLine: {'line': b'-- Up-to-date: /home/mcfb/ros2_ws/install/px4_msgs/include/px4_msgs/px4_msgs/msg/detail/vehicle_command__struct.hpp\n'}
[1.518990] (px4_msgs) StdoutLine: {'line': b'-- Up-to-date: /home/mcfb/ros2_ws/install/px4_msgs/include/px4_msgs/px4_msgs/msg/detail/iridiumsbd_status__type_support.hpp\n'}
[1.519045] (px4_msgs) StdoutLine: {'line': b'-- Up-to-date: /home/mcfb/ros2_ws/install/px4_msgs/include/px4_msgs/px4_msgs/msg/detail/sensor_gnss_relative__builder.hpp\n'}
[1.519124] (px4_msgs) StdoutLine: {'line': b'-- Up-to-date: /home/mcfb/ros2_ws/install/px4_msgs/include/px4_msgs/px4_msgs/msg/detail/vehicle_status__traits.hpp\n'}
[1.519189] (px4_msgs) StdoutLine: {'line': b'-- Up-to-date: /home/mcfb/ros2_ws/install/px4_msgs/include/px4_msgs/px4_msgs/msg/detail/qshell_req__builder.hpp\n'}
[1.519252] (px4_msgs) StdoutLine: {'line': b'-- Up-to-date: /home/mcfb/ros2_ws/install/px4_msgs/include/px4_msgs/px4_msgs/msg/detail/vehicle_roi__struct.hpp\n'}
[1.519322] (px4_msgs) StdoutLine: {'line': b'-- Up-to-date: /home/mcfb/ros2_ws/install/px4_msgs/include/px4_msgs/px4_msgs/msg/detail/dataman_response__builder.hpp\n'}
[1.519399] (px4_msgs) StdoutLine: {'line': b'-- Up-to-date: /home/mcfb/ros2_ws/install/px4_msgs/include/px4_msgs/px4_msgs/msg/detail/follow_target_status__builder.hpp\n'}
[1.519450] (px4_msgs) StdoutLine: {'line': b'-- Up-to-date: /home/mcfb/ros2_ws/install/px4_msgs/include/px4_msgs/px4_msgs/msg/detail/gps_inject_data__builder.hpp\n'}
[1.519498] (px4_msgs) StdoutLine: {'line': b'-- Up-to-date: /home/mcfb/ros2_ws/install/px4_msgs/include/px4_msgs/px4_msgs/msg/detail/tiltrotor_extra_controls__traits.hpp\n'}
[1.519742] (px4_msgs) StdoutLine: {'line': b'-- Up-to-date: /home/mcfb/ros2_ws/install/px4_msgs/include/px4_msgs/px4_msgs/msg/detail/cpuload__struct.hpp\n'}
[1.519960] (px4_msgs) StdoutLine: {'line': b'-- Up-to-date: /home/mcfb/ros2_ws/install/px4_msgs/include/px4_msgs/px4_msgs/msg/detail/rtl_time_estimate__type_support.hpp\n'}
[1.520054] (px4_msgs) StdoutLine: {'line': b'-- Up-to-date: /home/mcfb/ros2_ws/install/px4_msgs/include/px4_msgs/px4_msgs/msg/detail/navigator_mission_item__traits.hpp\n'}
[1.520111] (px4_msgs) StdoutLine: {'line': b'-- Up-to-date: /home/mcfb/ros2_ws/install/px4_msgs/include/px4_msgs/px4_msgs/msg/detail/vehicle_local_position_setpoint__builder.hpp\n'}
[1.520161] (px4_msgs) StdoutLine: {'line': b'-- Up-to-date: /home/mcfb/ros2_ws/install/px4_msgs/include/px4_msgs/px4_msgs/msg/detail/airspeed_wind__builder.hpp\n'}
[1.520220] (px4_msgs) StdoutLine: {'line': b'-- Up-to-date: /home/mcfb/ros2_ws/install/px4_msgs/include/px4_msgs/px4_msgs/msg/detail/rc_parameter_map__type_support.hpp\n'}
[1.520651] (px4_msgs) StdoutLine: {'line': b'-- Up-to-date: /home/mcfb/ros2_ws/install/px4_msgs/include/px4_msgs/px4_msgs/msg/detail/vehicle_attitude_setpoint__traits.hpp\n'}
[1.520767] (px4_msgs) StdoutLine: {'line': b'-- Up-to-date: /home/mcfb/ros2_ws/install/px4_msgs/include/px4_msgs/px4_msgs/msg/detail/debug_value__builder.hpp\n'}
[1.520836] (px4_msgs) StdoutLine: {'line': b'-- Up-to-date: /home/mcfb/ros2_ws/install/px4_msgs/include/px4_msgs/px4_msgs/msg/detail/magnetometer_bias_estimate__builder.hpp\n'}
[1.520891] (px4_msgs) StdoutLine: {'line': b'-- Up-to-date: /home/mcfb/ros2_ws/install/px4_msgs/include/px4_msgs/px4_msgs/msg/detail/trajectory_setpoint__traits.hpp\n'}
[1.520936] (px4_msgs) StdoutLine: {'line': b'-- Up-to-date: /home/mcfb/ros2_ws/install/px4_msgs/include/px4_msgs/px4_msgs/msg/detail/wheel_encoders__struct.hpp\n'}
[1.520983] (px4_msgs) StdoutLine: {'line': b'-- Up-to-date: /home/mcfb/ros2_ws/install/px4_msgs/include/px4_msgs/px4_msgs/msg/detail/ulog_stream__type_support.hpp\n'}
[1.521047] (px4_msgs) StdoutLine: {'line': b'-- Up-to-date: /home/mcfb/ros2_ws/install/px4_msgs/include/px4_msgs/px4_msgs/msg/detail/irlock_report__traits.hpp\n'}
[1.521106] (px4_msgs) StdoutLine: {'line': b'-- Up-to-date: /home/mcfb/ros2_ws/install/px4_msgs/include/px4_msgs/px4_msgs/msg/detail/camera_status__builder.hpp\n'}
[1.521174] (px4_msgs) StdoutLine: {'line': b'-- Up-to-date: /home/mcfb/ros2_ws/install/px4_msgs/include/px4_msgs/px4_msgs/msg/detail/ping__builder.hpp\n'}
[1.521219] (px4_msgs) StdoutLine: {'line': b'-- Up-to-date: /home/mcfb/ros2_ws/install/px4_msgs/include/px4_msgs/px4_msgs/msg/detail/rc_channels__traits.hpp\n'}
[1.521263] (px4_msgs) StdoutLine: {'line': b'-- Up-to-date: /home/mcfb/ros2_ws/install/px4_msgs/include/px4_msgs/px4_msgs/msg/detail/gimbal_device_information__type_support.hpp\n'}
[1.521308] (px4_msgs) StdoutLine: {'line': b'-- Up-to-date: /home/mcfb/ros2_ws/install/px4_msgs/include/px4_msgs/px4_msgs/msg/detail/sensor_optical_flow__struct.hpp\n'}
[1.521365] (px4_msgs) StdoutLine: {'line': b'-- Up-to-date: /home/mcfb/ros2_ws/install/px4_msgs/include/px4_msgs/px4_msgs/msg/detail/gps_inject_data__traits.hpp\n'}
[1.521424] (px4_msgs) StdoutLine: {'line': b'-- Up-to-date: /home/mcfb/ros2_ws/install/px4_msgs/include/px4_msgs/px4_msgs/msg/detail/airspeed__type_support.hpp\n'}
[1.521468] (px4_msgs) StdoutLine: {'line': b'-- Up-to-date: /home/mcfb/ros2_ws/install/px4_msgs/include/px4_msgs/px4_msgs/msg/detail/takeoff_status__type_support.hpp\n'}
[1.521566] (px4_msgs) StdoutLine: {'line': b'-- Up-to-date: /home/mcfb/ros2_ws/install/px4_msgs/include/px4_msgs/px4_msgs/msg/detail/fixed_wing_lateral_setpoint__traits.hpp\n'}
[1.521630] (px4_msgs) StdoutLine: {'line': b'-- Up-to-date: /home/mcfb/ros2_ws/install/px4_msgs/include/px4_msgs/px4_msgs/msg/detail/led_control__type_support.hpp\n'}
[1.521677] (px4_msgs) StdoutLine: {'line': b'-- Up-to-date: /home/mcfb/ros2_ws/install/px4_msgs/include/px4_msgs/px4_msgs/msg/detail/control_allocator_status__traits.hpp\n'}
[1.521740] (px4_msgs) StdoutLine: {'line': b'-- Up-to-date: /home/mcfb/ros2_ws/install/px4_msgs/include/px4_msgs/px4_msgs/msg/detail/generator_status__traits.hpp\n'}
[1.521807] (px4_msgs) StdoutLine: {'line': b'-- Up-to-date: /home/mcfb/ros2_ws/install/px4_msgs/include/px4_msgs/px4_msgs/msg/detail/internal_combustion_engine_status__builder.hpp\n'}
[1.522070] (px4_msgs) StdoutLine: {'line': b'-- Up-to-date: /home/mcfb/ros2_ws/install/px4_msgs/include/px4_msgs/px4_msgs/msg/detail/follow_target_estimator__traits.hpp\n'}
[1.522171] (px4_msgs) StdoutLine: {'line': b'-- Up-to-date: /home/mcfb/ros2_ws/install/px4_msgs/include/px4_msgs/px4_msgs/msg/detail/distance_sensor_mode_change_request__builder.hpp\n'}
[1.522247] (px4_msgs) StdoutLine: {'line': b'-- Up-to-date: /home/mcfb/ros2_ws/install/px4_msgs/include/px4_msgs/px4_msgs/msg/detail/wind__builder.hpp\n'}
[1.522326] (px4_msgs) StdoutLine: {'line': b'-- Up-to-date: /home/mcfb/ros2_ws/install/px4_msgs/include/px4_msgs/px4_msgs/msg/detail/airspeed_wind__traits.hpp\n'}
[1.522397] (px4_msgs) StdoutLine: {'line': b'-- Up-to-date: /home/mcfb/ros2_ws/install/px4_msgs/include/px4_msgs/px4_msgs/msg/detail/vehicle_torque_setpoint__traits.hpp\n'}
[1.522471] (px4_msgs) StdoutLine: {'line': b'-- Up-to-date: /home/mcfb/ros2_ws/install/px4_msgs/include/px4_msgs/px4_msgs/msg/detail/obstacle_distance__type_support.hpp\n'}
[1.522544] (px4_msgs) StdoutLine: {'line': b'-- Up-to-date: /home/mcfb/ros2_ws/install/px4_msgs/include/px4_msgs/px4_msgs/msg/detail/camera_capture__type_support.hpp\n'}
[1.522617] (px4_msgs) StdoutLine: {'line': b'-- Up-to-date: /home/mcfb/ros2_ws/install/px4_msgs/include/px4_msgs/px4_msgs/msg/detail/rover_throttle_setpoint__traits.hpp\n'}
[1.522689] (px4_msgs) StdoutLine: {'line': b'-- Up-to-date: /home/mcfb/ros2_ws/install/px4_msgs/include/px4_msgs/px4_msgs/msg/detail/estimator_selector_status__type_support.hpp\n'}
[1.522762] (px4_msgs) StdoutLine: {'line': b'-- Up-to-date: /home/mcfb/ros2_ws/install/px4_msgs/include/px4_msgs/px4_msgs/msg/detail/unregister_ext_component__traits.hpp\n'}
[1.522835] (px4_msgs) StdoutLine: {'line': b'-- Up-to-date: /home/mcfb/ros2_ws/install/px4_msgs/include/px4_msgs/px4_msgs/msg/detail/dataman_request__traits.hpp\n'}
[1.522907] (px4_msgs) StdoutLine: {'line': b'-- Up-to-date: /home/mcfb/ros2_ws/install/px4_msgs/include/px4_msgs/px4_msgs/msg/detail/event__struct.hpp\n'}
[1.522981] (px4_msgs) StdoutLine: {'line': b'-- Up-to-date: /home/mcfb/ros2_ws/install/px4_msgs/include/px4_msgs/px4_msgs/msg/detail/landing_target_innovations__builder.hpp\n'}
[1.523094] (px4_msgs) StdoutLine: {'line': b'-- Up-to-date: /home/mcfb/ros2_ws/install/px4_msgs/include/px4_msgs/px4_msgs/msg/detail/cpuload__builder.hpp\n'}
[1.523161] (px4_msgs) StdoutLine: {'line': b'-- Up-to-date: /home/mcfb/ros2_ws/install/px4_msgs/include/px4_msgs/px4_msgs/msg/detail/message_format_request__traits.hpp\n'}
[1.523229] (px4_msgs) StdoutLine: {'line': b'-- Up-to-date: /home/mcfb/ros2_ws/install/px4_msgs/include/px4_msgs/px4_msgs/msg/detail/vtol_vehicle_status__type_support.hpp\n'}
[1.523302] (px4_msgs) StdoutLine: {'line': b'-- Up-to-date: /home/mcfb/ros2_ws/install/px4_msgs/include/px4_msgs/px4_msgs/msg/detail/open_drone_id_operator_id__type_support.hpp\n'}
[1.523379] (px4_msgs) StdoutLine: {'line': b'-- Up-to-date: /home/mcfb/ros2_ws/install/px4_msgs/include/px4_msgs/px4_msgs/msg/detail/landing_gear_wheel__type_support.hpp\n'}
[1.523469] (px4_msgs) StdoutLine: {'line': b'-- Up-to-date: /home/mcfb/ros2_ws/install/px4_msgs/include/px4_msgs/px4_msgs/msg/detail/manual_control_switches__struct.hpp\n'}
[1.523538] (px4_msgs) StdoutLine: {'line': b'-- Up-to-date: /home/mcfb/ros2_ws/install/px4_msgs/include/px4_msgs/px4_msgs/msg/detail/vehicle_acceleration__traits.hpp\n'}
[1.523606] (px4_msgs) StdoutLine: {'line': b'-- Up-to-date: /home/mcfb/ros2_ws/install/px4_msgs/include/px4_msgs/px4_msgs/msg/detail/vehicle_acceleration__struct.hpp\n'}
[1.523671] (px4_msgs) StdoutLine: {'line': b'-- Up-to-date: /home/mcfb/ros2_ws/install/px4_msgs/include/px4_msgs/px4_msgs/msg/detail/wind__type_support.hpp\n'}
[1.523737] (px4_msgs) StdoutLine: {'line': b'-- Up-to-date: /home/mcfb/ros2_ws/install/px4_msgs/include/px4_msgs/px4_msgs/msg/detail/sensor_baro__traits.hpp\n'}
[1.523818] (px4_msgs) StdoutLine: {'line': b'-- Up-to-date: /home/mcfb/ros2_ws/install/px4_msgs/include/px4_msgs/px4_msgs/msg/detail/vehicle_angular_acceleration_setpoint__traits.hpp\n'}
[1.523886] (px4_msgs) StdoutLine: {'line': b'-- Up-to-date: /home/mcfb/ros2_ws/install/px4_msgs/include/px4_msgs/px4_msgs/msg/detail/sensor_mag__traits.hpp\n'}
[1.523954] (px4_msgs) StdoutLine: {'line': b'-- Up-to-date: /home/mcfb/ros2_ws/install/px4_msgs/include/px4_msgs/px4_msgs/msg/detail/manual_control_setpoint__type_support.hpp\n'}
[1.524022] (px4_msgs) StdoutLine: {'line': b'-- Up-to-date: /home/mcfb/ros2_ws/install/px4_msgs/include/px4_msgs/px4_msgs/msg/detail/vehicle_command_ack__type_support.hpp\n'}
[1.524095] (px4_msgs) StdoutLine: {'line': b'-- Up-to-date: /home/mcfb/ros2_ws/install/px4_msgs/include/px4_msgs/px4_msgs/msg/detail/pure_pursuit_status__type_support.hpp\n'}
[1.524165] (px4_msgs) StdoutLine: {'line': b'-- Up-to-date: /home/mcfb/ros2_ws/install/px4_msgs/include/px4_msgs/px4_msgs/msg/detail/estimator_event_flags__type_support.hpp\n'}
[1.524236] (px4_msgs) StdoutLine: {'line': b'-- Up-to-date: /home/mcfb/ros2_ws/install/px4_msgs/include/px4_msgs/px4_msgs/msg/detail/esc_status__traits.hpp\n'}
[1.524309] (px4_msgs) StdoutLine: {'line': b'-- Up-to-date: /home/mcfb/ros2_ws/install/px4_msgs/include/px4_msgs/px4_msgs/msg/detail/sensor_optical_flow__traits.hpp\n'}
[1.524378] (px4_msgs) StdoutLine: {'line': b'-- Up-to-date: /home/mcfb/ros2_ws/install/px4_msgs/include/px4_msgs/px4_msgs/msg/detail/power_monitor__struct.hpp\n'}
[1.524429] (px4_msgs) StdoutLine: {'line': b'-- Up-to-date: /home/mcfb/ros2_ws/install/px4_msgs/include/px4_msgs/px4_msgs/msg/detail/debug_value__type_support.hpp\n'}
[1.524481] (px4_msgs) StdoutLine: {'line': b'-- Up-to-date: /home/mcfb/ros2_ws/install/px4_msgs/include/px4_msgs/px4_msgs/msg/detail/vehicle_roi__builder.hpp\n'}
[1.524529] (px4_msgs) StdoutLine: {'line': b'-- Up-to-date: /home/mcfb/ros2_ws/install/px4_msgs/include/px4_msgs/px4_msgs/msg/detail/sensor_correction__struct.hpp\n'}
[1.524578] (px4_msgs) StdoutLine: {'line': b'-- Up-to-date: /home/mcfb/ros2_ws/install/px4_msgs/include/px4_msgs/px4_msgs/msg/detail/uavcan_parameter_value__traits.hpp\n'}
[1.524668] (px4_msgs) StdoutLine: {'line': b'-- Up-to-date: /home/mcfb/ros2_ws/install/px4_msgs/include/px4_msgs/px4_msgs/msg/detail/sensor_airflow__traits.hpp\n'}
[1.524719] (px4_msgs) StdoutLine: {'line': b'-- Up-to-date: /home/mcfb/ros2_ws/install/px4_msgs/include/px4_msgs/px4_msgs/msg/detail/timesync_status__builder.hpp\n'}
[1.524815] (px4_msgs) StdoutLine: {'line': b'-- Up-to-date: /home/mcfb/ros2_ws/install/px4_msgs/include/px4_msgs/px4_msgs/msg/detail/parameter_set_used_request__builder.hpp\n'}
[1.524861] (px4_msgs) StdoutLine: {'line': b'-- Up-to-date: /home/mcfb/ros2_ws/install/px4_msgs/include/px4_msgs/px4_msgs/msg/detail/vehicle_odometry__struct.hpp\n'}
[1.524903] (px4_msgs) StdoutLine: {'line': b'-- Up-to-date: /home/mcfb/ros2_ws/install/px4_msgs/include/px4_msgs/px4_msgs/msg/detail/trajectory_setpoint__builder.hpp\n'}
[1.524947] (px4_msgs) StdoutLine: {'line': b'-- Up-to-date: /home/mcfb/ros2_ws/install/px4_msgs/include/px4_msgs/px4_msgs/msg/detail/internal_combustion_engine_control__builder.hpp\n'}
[1.524989] (px4_msgs) StdoutLine: {'line': b'-- Up-to-date: /home/mcfb/ros2_ws/install/px4_msgs/include/px4_msgs/px4_msgs/msg/detail/actuator_servos_trim__builder.hpp\n'}
[1.525042] (px4_msgs) StdoutLine: {'line': b'-- Up-to-date: /home/mcfb/ros2_ws/install/px4_msgs/include/px4_msgs/px4_msgs/msg/detail/estimator_status_flags__type_support.hpp\n'}
[1.525099] (px4_msgs) StdoutLine: {'line': b'-- Up-to-date: /home/mcfb/ros2_ws/install/px4_msgs/include/px4_msgs/px4_msgs/msg/detail/onboard_computer_status__struct.hpp\n'}
[1.525172] (px4_msgs) StdoutLine: {'line': b'-- Up-to-date: /home/mcfb/ros2_ws/install/px4_msgs/include/px4_msgs/px4_msgs/msg/detail/tune_control__struct.hpp\n'}
[1.525227] (px4_msgs) StdoutLine: {'line': b'-- Up-to-date: /home/mcfb/ros2_ws/install/px4_msgs/include/px4_msgs/px4_msgs/msg/detail/esc_status__type_support.hpp\n'}
[1.525269] (px4_msgs) StdoutLine: {'line': b'-- Up-to-date: /home/mcfb/ros2_ws/install/px4_msgs/include/px4_msgs/px4_msgs/msg/detail/navigator_status__type_support.hpp\n'}
[1.525309] (px4_msgs) StdoutLine: {'line': b'-- Up-to-date: /home/mcfb/ros2_ws/install/px4_msgs/include/px4_msgs/px4_msgs/msg/detail/arming_check_request__builder.hpp\n'}
[1.525363] (px4_msgs) StdoutLine: {'line': b'-- Up-to-date: /home/mcfb/ros2_ws/install/px4_msgs/include/px4_msgs/px4_msgs/msg/detail/camera_status__struct.hpp\n'}
[1.525403] (px4_msgs) StdoutLine: {'line': b'-- Up-to-date: /home/mcfb/ros2_ws/install/px4_msgs/include/px4_msgs/px4_msgs/msg/detail/logger_status__builder.hpp\n'}
[1.525478] (px4_msgs) StdoutLine: {'line': b'-- Up-to-date: /home/mcfb/ros2_ws/install/px4_msgs/include/px4_msgs/px4_msgs/msg/detail/vehicle_global_position__struct.hpp\n'}
[1.525517] (px4_msgs) StdoutLine: {'line': b'-- Up-to-date: /home/mcfb/ros2_ws/install/px4_msgs/include/px4_msgs/px4_msgs/msg/detail/rover_attitude_setpoint__traits.hpp\n'}
[1.525556] (px4_msgs) StdoutLine: {'line': b'-- Up-to-date: /home/mcfb/ros2_ws/install/px4_msgs/include/px4_msgs/px4_msgs/msg/detail/pure_pursuit_status__struct.hpp\n'}
[1.525593] (px4_msgs) StdoutLine: {'line': b'-- Up-to-date: /home/mcfb/ros2_ws/install/px4_msgs/include/px4_msgs/px4_msgs/msg/detail/ulog_stream_ack__builder.hpp\n'}
[1.525644] (px4_msgs) StdoutLine: {'line': b'-- Up-to-date: /home/mcfb/ros2_ws/install/px4_msgs/include/px4_msgs/px4_msgs/msg/detail/pwm_input__traits.hpp\n'}
[1.525684] (px4_msgs) StdoutLine: {'line': b'-- Up-to-date: /home/mcfb/ros2_ws/install/px4_msgs/include/px4_msgs/px4_msgs/msg/detail/estimator_bias__type_support.hpp\n'}
[1.525719] (px4_msgs) StdoutLine: {'line': b'-- Up-to-date: /home/mcfb/ros2_ws/install/px4_msgs/include/px4_msgs/px4_msgs/msg/detail/follow_target_estimator__struct.hpp\n'}
[1.525757] (px4_msgs) StdoutLine: {'line': b'-- Up-to-date: /home/mcfb/ros2_ws/install/px4_msgs/include/px4_msgs/px4_msgs/msg/detail/tune_control__builder.hpp\n'}
[1.525819] (px4_msgs) StdoutLine: {'line': b'-- Up-to-date: /home/mcfb/ros2_ws/install/px4_msgs/include/px4_msgs/px4_msgs/msg/detail/gimbal_controls__builder.hpp\n'}
[1.525856] (px4_msgs) StdoutLine: {'line': b'-- Up-to-date: /home/mcfb/ros2_ws/install/px4_msgs/include/px4_msgs/px4_msgs/msg/detail/cpuload__type_support.hpp\n'}
[1.525893] (px4_msgs) StdoutLine: {'line': b'-- Up-to-date: /home/mcfb/ros2_ws/install/px4_msgs/include/px4_msgs/px4_msgs/msg/detail/battery_status__struct.hpp\n'}
[1.525929] (px4_msgs) StdoutLine: {'line': b'-- Up-to-date: /home/mcfb/ros2_ws/install/px4_msgs/include/px4_msgs/px4_msgs/msg/detail/vehicle_constraints__struct.hpp\n'}
[1.525964] (px4_msgs) StdoutLine: {'line': b'-- Up-to-date: /home/mcfb/ros2_ws/install/px4_msgs/include/px4_msgs/px4_msgs/msg/detail/vehicle_constraints__builder.hpp\n'}
[1.526031] (px4_msgs) StdoutLine: {'line': b'-- Up-to-date: /home/mcfb/ros2_ws/install/px4_msgs/include/px4_msgs/px4_msgs/msg/detail/rpm__type_support.hpp\n'}
[1.526089] (px4_msgs) StdoutLine: {'line': b'-- Up-to-date: /home/mcfb/ros2_ws/install/px4_msgs/include/px4_msgs/px4_msgs/msg/detail/fixed_wing_lateral_guidance_status__struct.hpp\n'}
[1.526132] (px4_msgs) StdoutLine: {'line': b'-- Up-to-date: /home/mcfb/ros2_ws/install/px4_msgs/include/px4_msgs/px4_msgs/msg/detail/neural_control__struct.hpp\n'}
[1.526179] (px4_msgs) StdoutLine: {'line': b'-- Up-to-date: /home/mcfb/ros2_ws/install/px4_msgs/include/px4_msgs/px4_msgs/msg/detail/qshell_req__struct.hpp\n'}
[1.526244] (px4_msgs) StdoutLine: {'line': b'-- Up-to-date: /home/mcfb/ros2_ws/install/px4_msgs/include/px4_msgs/px4_msgs/msg/detail/actuator_test__type_support.hpp\n'}
[1.526294] (px4_msgs) StdoutLine: {'line': b'-- Up-to-date: /home/mcfb/ros2_ws/install/px4_msgs/include/px4_msgs/px4_msgs/msg/detail/rover_position_setpoint__type_support.hpp\n'}
[1.526336] (px4_msgs) StdoutLine: {'line': b'-- Up-to-date: /home/mcfb/ros2_ws/install/px4_msgs/include/px4_msgs/px4_msgs/msg/detail/estimator_gps_status__builder.hpp\n'}
[1.526374] (px4_msgs) StdoutLine: {'line': b'-- Up-to-date: /home/mcfb/ros2_ws/install/px4_msgs/include/px4_msgs/px4_msgs/msg/detail/power_button_state__type_support.hpp\n'}
[1.526409] (px4_msgs) StdoutLine: {'line': b'-- Up-to-date: /home/mcfb/ros2_ws/install/px4_msgs/include/px4_msgs/px4_msgs/msg/detail/orbit_status__struct.hpp\n'}
[1.526445] (px4_msgs) StdoutLine: {'line': b'-- Up-to-date: /home/mcfb/ros2_ws/install/px4_msgs/include/px4_msgs/px4_msgs/msg/detail/sensor_gps__traits.hpp\n'}
[1.526514] (px4_msgs) StdoutLine: {'line': b'-- Up-to-date: /home/mcfb/ros2_ws/install/px4_msgs/include/px4_msgs/px4_msgs/msg/detail/cpuload__traits.hpp\n'}
[1.526553] (px4_msgs) StdoutLine: {'line': b'-- Up-to-date: /home/mcfb/ros2_ws/install/px4_msgs/include/px4_msgs/px4_msgs/msg/detail/cellular_status__builder.hpp\n'}
[1.526588] (px4_msgs) StdoutLine: {'line': b'-- Up-to-date: /home/mcfb/ros2_ws/install/px4_msgs/include/px4_msgs/px4_msgs/msg/detail/satellite_info__traits.hpp\n'}
[1.526623] (px4_msgs) StdoutLine: {'line': b'-- Up-to-date: /home/mcfb/ros2_ws/install/px4_msgs/include/px4_msgs/px4_msgs/msg/detail/position_setpoint_triplet__builder.hpp\n'}
[1.526658] (px4_msgs) StdoutLine: {'line': b'-- Up-to-date: /home/mcfb/ros2_ws/install/px4_msgs/include/px4_msgs/px4_msgs/msg/detail/gimbal_manager_set_manual_control__builder.hpp\n'}
[1.526692] (px4_msgs) StdoutLine: {'line': b'-- Up-to-date: /home/mcfb/ros2_ws/install/px4_msgs/include/px4_msgs/px4_msgs/msg/detail/vtol_vehicle_status__traits.hpp\n'}
[1.526727] (px4_msgs) StdoutLine: {'line': b'-- Up-to-date: /home/mcfb/ros2_ws/install/px4_msgs/include/px4_msgs/px4_msgs/msg/detail/vehicle_magnetometer__traits.hpp\n'}
[1.526769] (px4_msgs) StdoutLine: {'line': b'-- Up-to-date: /home/mcfb/ros2_ws/install/px4_msgs/include/px4_msgs/px4_msgs/msg/detail/failure_detector_status__struct.hpp\n'}
[1.526805] (px4_msgs) StdoutLine: {'line': b'-- Up-to-date: /home/mcfb/ros2_ws/install/px4_msgs/include/px4_msgs/px4_msgs/msg/detail/open_drone_id_arm_status__type_support.hpp\n'}
[1.526839] (px4_msgs) StdoutLine: {'line': b'-- Up-to-date: /home/mcfb/ros2_ws/install/px4_msgs/include/px4_msgs/px4_msgs/msg/detail/gpio_out__traits.hpp\n'}
[1.526876] (px4_msgs) StdoutLine: {'line': b'-- Up-to-date: /home/mcfb/ros2_ws/install/px4_msgs/include/px4_msgs/px4_msgs/msg/detail/tune_control__type_support.hpp\n'}
[1.526910] (px4_msgs) StdoutLine: {'line': b'-- Up-to-date: /home/mcfb/ros2_ws/install/px4_msgs/include/px4_msgs/px4_msgs/msg/detail/geofence_result__struct.hpp\n'}
[1.526944] (px4_msgs) StdoutLine: {'line': b'-- Up-to-date: /home/mcfb/ros2_ws/install/px4_msgs/include/px4_msgs/px4_msgs/msg/detail/dataman_response__struct.hpp\n'}
[1.526977] (px4_msgs) StdoutLine: {'line': b'-- Up-to-date: /home/mcfb/ros2_ws/install/px4_msgs/include/px4_msgs/px4_msgs/msg/detail/position_controller_status__struct.hpp\n'}
[1.527012] (px4_msgs) StdoutLine: {'line': b'-- Up-to-date: /home/mcfb/ros2_ws/install/px4_msgs/include/px4_msgs/px4_msgs/msg/detail/vehicle_optical_flow_vel__builder.hpp\n'}
[1.527069] (px4_msgs) StdoutLine: {'line': b'-- Up-to-date: /home/mcfb/ros2_ws/install/px4_msgs/include/px4_msgs/px4_msgs/msg/detail/wind__struct.hpp\n'}
[1.527104] (px4_msgs) StdoutLine: {'line': b'-- Up-to-date: /home/mcfb/ros2_ws/install/px4_msgs/include/px4_msgs/px4_msgs/msg/detail/sensor_preflight_mag__builder.hpp\n'}
[1.527140] (px4_msgs) StdoutLine: {'line': b'-- Up-to-date: /home/mcfb/ros2_ws/install/px4_msgs/include/px4_msgs/px4_msgs/msg/detail/launch_detection_status__struct.hpp\n'}
[1.527179] (px4_msgs) StdoutLine: {'line': b'-- Up-to-date: /home/mcfb/ros2_ws/install/px4_msgs/include/px4_msgs/px4_msgs/msg/detail/vehicle_command_ack__traits.hpp\n'}
[1.527213] (px4_msgs) StdoutLine: {'line': b'-- Up-to-date: /home/mcfb/ros2_ws/install/px4_msgs/include/px4_msgs/px4_msgs/msg/detail/sensor_correction__builder.hpp\n'}
[1.527248] (px4_msgs) StdoutLine: {'line': b'-- Up-to-date: /home/mcfb/ros2_ws/install/px4_msgs/include/px4_msgs/px4_msgs/msg/detail/rc_parameter_map__builder.hpp\n'}
[1.527282] (px4_msgs) StdoutLine: {'line': b'-- Up-to-date: /home/mcfb/ros2_ws/install/px4_msgs/include/px4_msgs/px4_msgs/msg/detail/gpio_out__type_support.hpp\n'}
[1.527323] (px4_msgs) StdoutLine: {'line': b'-- Up-to-date: /home/mcfb/ros2_ws/install/px4_msgs/include/px4_msgs/px4_msgs/msg/detail/estimator_gps_status__type_support.hpp\n'}
[1.527358] (px4_msgs) StdoutLine: {'line': b'-- Up-to-date: /home/mcfb/ros2_ws/install/px4_msgs/include/px4_msgs/px4_msgs/msg/detail/rtl_status__traits.hpp\n'}
[1.527393] (px4_msgs) StdoutLine: {'line': b'-- Up-to-date: /home/mcfb/ros2_ws/install/px4_msgs/include/px4_msgs/px4_msgs/msg/detail/qshell_retval__type_support.hpp\n'}
[1.527428] (px4_msgs) StdoutLine: {'line': b'-- Up-to-date: /home/mcfb/ros2_ws/install/px4_msgs/include/px4_msgs/px4_msgs/msg/detail/position_setpoint_triplet__traits.hpp\n'}
[1.527462] (px4_msgs) StdoutLine: {'line': b'-- Up-to-date: /home/mcfb/ros2_ws/install/px4_msgs/include/px4_msgs/px4_msgs/msg/detail/dronecan_node_status__type_support.hpp\n'}
[1.527497] (px4_msgs) StdoutLine: {'line': b'-- Up-to-date: /home/mcfb/ros2_ws/install/px4_msgs/include/px4_msgs/px4_msgs/msg/detail/gimbal_device_set_attitude__builder.hpp\n'}
[1.527552] (px4_msgs) StdoutLine: {'line': b'-- Up-to-date: /home/mcfb/ros2_ws/install/px4_msgs/include/px4_msgs/px4_msgs/msg/detail/vehicle_thrust_setpoint__builder.hpp\n'}
[1.527586] (px4_msgs) StdoutLine: {'line': b'-- Up-to-date: /home/mcfb/ros2_ws/install/px4_msgs/include/px4_msgs/px4_msgs/msg/detail/mission__type_support.hpp\n'}
[1.527620] (px4_msgs) StdoutLine: {'line': b'-- Up-to-date: /home/mcfb/ros2_ws/install/px4_msgs/include/px4_msgs/px4_msgs/msg/detail/estimator_bias3d__struct.hpp\n'}
[1.527654] (px4_msgs) StdoutLine: {'line': b'-- Up-to-date: /home/mcfb/ros2_ws/install/px4_msgs/include/px4_msgs/px4_msgs/msg/detail/mavlink_log__traits.hpp\n'}
[1.527689] (px4_msgs) StdoutLine: {'line': b'-- Up-to-date: /home/mcfb/ros2_ws/install/px4_msgs/include/px4_msgs/px4_msgs/msg/detail/manual_control_switches__builder.hpp\n'}
[1.527723] (px4_msgs) StdoutLine: {'line': b'-- Up-to-date: /home/mcfb/ros2_ws/install/px4_msgs/include/px4_msgs/px4_msgs/msg/detail/debug_value__traits.hpp\n'}
[1.527757] (px4_msgs) StdoutLine: {'line': b'-- Up-to-date: /home/mcfb/ros2_ws/install/px4_msgs/include/px4_msgs/px4_msgs/msg/detail/vehicle_imu__builder.hpp\n'}
[1.527791] (px4_msgs) StdoutLine: {'line': b'-- Up-to-date: /home/mcfb/ros2_ws/install/px4_msgs/include/px4_msgs/px4_msgs/msg/detail/px4io_status__struct.hpp\n'}
[1.527829] (px4_msgs) StdoutLine: {'line': b'-- Up-to-date: /home/mcfb/ros2_ws/install/px4_msgs/include/px4_msgs/px4_msgs/msg/detail/obstacle_distance__builder.hpp\n'}
[1.527869] (px4_msgs) StdoutLine: {'line': b'-- Up-to-date: /home/mcfb/ros2_ws/install/px4_msgs/include/px4_msgs/px4_msgs/msg/detail/config_overrides__traits.hpp\n'}
[1.527908] (px4_msgs) StdoutLine: {'line': b'-- Up-to-date: /home/mcfb/ros2_ws/install/px4_msgs/include/px4_msgs/px4_msgs/msg/detail/estimator_bias__struct.hpp\n'}
[1.528010] (px4_msgs) StdoutLine: {'line': b'-- Up-to-date: /home/mcfb/ros2_ws/install/px4_msgs/include/px4_msgs/px4_msgs/msg/detail/px4io_status__type_support.hpp\n'}
[1.528184] (px4_msgs) StdoutLine: {'line': b'-- Up-to-date: /home/mcfb/ros2_ws/install/px4_msgs/include/px4_msgs/px4_msgs/msg/detail/gpio_request__traits.hpp\n'}
[1.528279] (px4_msgs) StdoutLine: {'line': b'-- Up-to-date: /home/mcfb/ros2_ws/install/px4_msgs/include/px4_msgs/px4_msgs/msg/detail/actuator_motors__builder.hpp\n'}
[1.528469] (px4_msgs) StdoutLine: {'line': b'-- Up-to-date: /home/mcfb/ros2_ws/install/px4_msgs/include/px4_msgs/px4_msgs/msg/detail/power_button_state__struct.hpp\n'}
[1.528557] (px4_msgs) StdoutLine: {'line': b'-- Up-to-date: /home/mcfb/ros2_ws/install/px4_msgs/include/px4_msgs/px4_msgs/msg/detail/input_rc__struct.hpp\n'}
[1.528629] (px4_msgs) StdoutLine: {'line': b'-- Up-to-date: /home/mcfb/ros2_ws/install/px4_msgs/include/px4_msgs/px4_msgs/msg/detail/estimator_aid_source2d__builder.hpp\n'}
[1.528678] (px4_msgs) StdoutLine: {'line': b'-- Up-to-date: /home/mcfb/ros2_ws/install/px4_msgs/include/px4_msgs/px4_msgs/msg/detail/vehicle_torque_setpoint__type_support.hpp\n'}
[1.528726] (px4_msgs) StdoutLine: {'line': b'-- Up-to-date: /home/mcfb/ros2_ws/install/px4_msgs/include/px4_msgs/px4_msgs/msg/detail/fuel_tank_status__traits.hpp\n'}
[1.528771] (px4_msgs) StdoutLine: {'line': b'-- Up-to-date: /home/mcfb/ros2_ws/install/px4_msgs/include/px4_msgs/px4_msgs/msg/detail/mode_completed__builder.hpp\n'}
[1.528816] (px4_msgs) StdoutLine: {'line': b'-- Up-to-date: /home/mcfb/ros2_ws/install/px4_msgs/include/px4_msgs/px4_msgs/msg/detail/estimator_aid_source3d__traits.hpp\n'}
[1.528860] (px4_msgs) StdoutLine: {'line': b'-- Up-to-date: /home/mcfb/ros2_ws/install/px4_msgs/include/px4_msgs/px4_msgs/msg/detail/distance_sensor__traits.hpp\n'}
[1.528904] (px4_msgs) StdoutLine: {'line': b'-- Up-to-date: /home/mcfb/ros2_ws/install/px4_msgs/include/px4_msgs/px4_msgs/msg/detail/adc_report__traits.hpp\n'}
[1.528967] (px4_msgs) StdoutLine: {'line': b'-- Up-to-date: /home/mcfb/ros2_ws/install/px4_msgs/include/px4_msgs/px4_msgs/msg/detail/system_power__traits.hpp\n'}
[1.529012] (px4_msgs) StdoutLine: {'line': b'-- Up-to-date: /home/mcfb/ros2_ws/install/px4_msgs/include/px4_msgs/px4_msgs/msg/detail/gimbal_manager_set_attitude__builder.hpp\n'}
[1.529058] (px4_msgs) StdoutLine: {'line': b'-- Up-to-date: /home/mcfb/ros2_ws/install/px4_msgs/include/px4_msgs/px4_msgs/msg/detail/px4io_status__traits.hpp\n'}
[1.529102] (px4_msgs) StdoutLine: {'line': b'-- Up-to-date: /home/mcfb/ros2_ws/install/px4_msgs/include/px4_msgs/px4_msgs/msg/detail/follow_target_estimator__type_support.hpp\n'}
[1.529145] (px4_msgs) StdoutLine: {'line': b'-- Up-to-date: /home/mcfb/ros2_ws/install/px4_msgs/include/px4_msgs/px4_msgs/msg/detail/yaw_estimator_status__type_support.hpp\n'}
[1.529194] (px4_msgs) StdoutLine: {'line': b'-- Up-to-date: /home/mcfb/ros2_ws/install/px4_msgs/include/px4_msgs/px4_msgs/msg/detail/rtl_time_estimate__struct.hpp\n'}
[1.529242] (px4_msgs) StdoutLine: {'line': b'-- Up-to-date: /home/mcfb/ros2_ws/install/px4_msgs/include/px4_msgs/px4_msgs/msg/detail/fixed_wing_lateral_status__struct.hpp\n'}
[1.529289] (px4_msgs) StdoutLine: {'line': b'-- Up-to-date: /home/mcfb/ros2_ws/install/px4_msgs/include/px4_msgs/px4_msgs/msg/detail/gimbal_manager_information__struct.hpp\n'}
[1.529347] (px4_msgs) StdoutLine: {'line': b'-- Up-to-date: /home/mcfb/ros2_ws/install/px4_msgs/include/px4_msgs/px4_msgs/msg/detail/goto_setpoint__type_support.hpp\n'}
[1.529415] (px4_msgs) StdoutLine: {'line': b'-- Up-to-date: /home/mcfb/ros2_ws/install/px4_msgs/include/px4_msgs/px4_msgs/msg/detail/gimbal_device_set_attitude__struct.hpp\n'}
[1.529533] (px4_msgs) StdoutLine: {'line': b'-- Up-to-date: /home/mcfb/ros2_ws/install/px4_msgs/include/px4_msgs/px4_msgs/msg/detail/vehicle_global_position__traits.hpp\n'}
[1.529803] (px4_msgs) StdoutLine: {'line': b'-- Up-to-date: /home/mcfb/ros2_ws/install/px4_msgs/include/px4_msgs/px4_msgs/msg/detail/wheel_encoders__builder.hpp\n'}
[1.529890] (px4_msgs) StdoutLine: {'line': b'-- Up-to-date: /home/mcfb/ros2_ws/install/px4_msgs/include/px4_msgs/px4_msgs/msg/detail/tiltrotor_extra_controls__builder.hpp\n'}
[1.529966] (px4_msgs) StdoutLine: {'line': b'-- Up-to-date: /home/mcfb/ros2_ws/install/px4_msgs/include/px4_msgs/px4_msgs/msg/detail/gimbal_device_set_attitude__type_support.hpp\n'}
[1.530052] (px4_msgs) StdoutLine: {'line': b'-- Up-to-date: /home/mcfb/ros2_ws/install/px4_msgs/include/px4_msgs/px4_msgs/msg/detail/sensors_status_imu__struct.hpp\n'}
[1.530142] (px4_msgs) StdoutLine: {'line': b'-- Up-to-date: /home/mcfb/ros2_ws/install/px4_msgs/include/px4_msgs/px4_msgs/msg/detail/parameter_reset_request__traits.hpp\n'}
[1.530204] (px4_msgs) StdoutLine: {'line': b'-- Up-to-date: /home/mcfb/ros2_ws/install/px4_msgs/include/px4_msgs/px4_msgs/msg/detail/airspeed__struct.hpp\n'}
[1.530279] (px4_msgs) StdoutLine: {'line': b'-- Up-to-date: /home/mcfb/ros2_ws/install/px4_msgs/include/px4_msgs/px4_msgs/msg/detail/gpio_request__struct.hpp\n'}
[1.530350] (px4_msgs) StdoutLine: {'line': b'-- Up-to-date: /home/mcfb/ros2_ws/install/px4_msgs/include/px4_msgs/px4_msgs/msg/detail/parameter_update__struct.hpp\n'}
[1.530393] (px4_msgs) StdoutLine: {'line': b'-- Up-to-date: /home/mcfb/ros2_ws/install/px4_msgs/include/px4_msgs/px4_msgs/msg/detail/rover_rate_status__struct.hpp\n'}
[1.530440] (px4_msgs) StdoutLine: {'line': b'-- Up-to-date: /home/mcfb/ros2_ws/install/px4_msgs/include/px4_msgs/px4_msgs/msg/detail/power_button_state__builder.hpp\n'}
[1.530483] (px4_msgs) StdoutLine: {'line': b'-- Up-to-date: /home/mcfb/ros2_ws/install/px4_msgs/include/px4_msgs/px4_msgs/msg/detail/estimator_selector_status__struct.hpp\n'}
[1.530659] (px4_msgs) StdoutLine: {'line': b'-- Up-to-date: /home/mcfb/ros2_ws/install/px4_msgs/include/px4_msgs/px4_msgs/msg/detail/unregister_ext_component__struct.hpp\n'}
[1.530878] (px4_msgs) StdoutLine: {'line': b'-- Up-to-date: /home/mcfb/ros2_ws/install/px4_msgs/include/px4_msgs/px4_msgs/msg/detail/parameter_update__builder.hpp\n'}
[1.530992] (px4_msgs) StdoutLine: {'line': b'-- Up-to-date: /home/mcfb/ros2_ws/install/px4_msgs/include/px4_msgs/px4_msgs/msg/detail/gps_inject_data__struct.hpp\n'}
[1.531076] (px4_msgs) StdoutLine: {'line': b'-- Up-to-date: /home/mcfb/ros2_ws/install/px4_msgs/include/px4_msgs/px4_msgs/msg/detail/log_message__type_support.hpp\n'}
[1.531147] (px4_msgs) StdoutLine: {'line': b'-- Up-to-date: /home/mcfb/ros2_ws/install/px4_msgs/include/px4_msgs/px4_msgs/msg/detail/rc_channels__struct.hpp\n'}
[1.531224] (px4_msgs) StdoutLine: {'line': b'-- Up-to-date: /home/mcfb/ros2_ws/install/px4_msgs/include/px4_msgs/px4_msgs/msg/detail/mission_result__type_support.hpp\n'}
[1.531304] (px4_msgs) StdoutLine: {'line': b'-- Up-to-date: /home/mcfb/ros2_ws/install/px4_msgs/include/px4_msgs/px4_msgs/msg/detail/sensor_gyro_fft__type_support.hpp\n'}
[1.531384] (px4_msgs) StdoutLine: {'line': b'-- Up-to-date: /home/mcfb/ros2_ws/install/px4_msgs/include/px4_msgs/px4_msgs/msg/detail/actuator_servos_trim__traits.hpp\n'}
[1.531435] (px4_msgs) StdoutLine: {'line': b'-- Up-to-date: /home/mcfb/ros2_ws/install/px4_msgs/include/px4_msgs/px4_msgs/msg/detail/hover_thrust_estimate__struct.hpp\n'}
[1.531494] (px4_msgs) StdoutLine: {'line': b'-- Up-to-date: /home/mcfb/ros2_ws/install/px4_msgs/include/px4_msgs/px4_msgs/msg/detail/uavcan_parameter_request__struct.hpp\n'}
[1.531567] (px4_msgs) StdoutLine: {'line': b'-- Up-to-date: /home/mcfb/ros2_ws/install/px4_msgs/include/px4_msgs/px4_msgs/msg/detail/airspeed_validated__struct.hpp\n'}
[1.531637] (px4_msgs) StdoutLine: {'line': b'-- Up-to-date: /home/mcfb/ros2_ws/install/px4_msgs/include/px4_msgs/px4_msgs/msg/detail/system_power__builder.hpp\n'}
[1.531686] (px4_msgs) StdoutLine: {'line': b'-- Up-to-date: /home/mcfb/ros2_ws/install/px4_msgs/include/px4_msgs/px4_msgs/msg/detail/vehicle_magnetometer__type_support.hpp\n'}
[1.531734] (px4_msgs) StdoutLine: {'line': b'-- Up-to-date: /home/mcfb/ros2_ws/install/px4_msgs/include/px4_msgs/px4_msgs/msg/detail/esc_status__struct.hpp\n'}
[1.531798] (px4_msgs) StdoutLine: {'line': b'-- Up-to-date: /home/mcfb/ros2_ws/install/px4_msgs/include/px4_msgs/px4_msgs/msg/detail/lateral_control_configuration__type_support.hpp\n'}
[1.531859] (px4_msgs) StdoutLine: {'line': b'-- Up-to-date: /home/mcfb/ros2_ws/install/px4_msgs/include/px4_msgs/px4_msgs/msg/detail/actuator_test__traits.hpp\n'}
[1.531908] (px4_msgs) StdoutLine: {'line': b'-- Up-to-date: /home/mcfb/ros2_ws/install/px4_msgs/include/px4_msgs/px4_msgs/msg/detail/sensor_selection__struct.hpp\n'}
[1.531957] (px4_msgs) StdoutLine: {'line': b'-- Up-to-date: /home/mcfb/ros2_ws/install/px4_msgs/include/px4_msgs/px4_msgs/msg/detail/ulog_stream__builder.hpp\n'}
[1.532141] (px4_msgs) StdoutLine: {'line': b'-- Up-to-date: /home/mcfb/ros2_ws/install/px4_msgs/include/px4_msgs/px4_msgs/msg/detail/task_stack_info__type_support.hpp\n'}
[1.532190] (px4_msgs) StdoutLine: {'line': b'-- Up-to-date: /home/mcfb/ros2_ws/install/px4_msgs/include/px4_msgs/px4_msgs/msg/detail/sensor_gyro__type_support.hpp\n'}
[1.532264] (px4_msgs) StdoutLine: {'line': b'-- Up-to-date: /home/mcfb/ros2_ws/install/px4_msgs/include/px4_msgs/px4_msgs/msg/detail/message_format_response__traits.hpp\n'}
[1.532332] (px4_msgs) StdoutLine: {'line': b'-- Up-to-date: /home/mcfb/ros2_ws/install/px4_msgs/include/px4_msgs/px4_msgs/msg/detail/figure_eight_status__type_support.hpp\n'}
[1.532406] (px4_msgs) StdoutLine: {'line': b'-- Up-to-date: /home/mcfb/ros2_ws/install/px4_msgs/include/px4_msgs/px4_msgs/msg/detail/radio_status__traits.hpp\n'}
[1.532479] (px4_msgs) StdoutLine: {'line': b'-- Up-to-date: /home/mcfb/ros2_ws/install/px4_msgs/include/px4_msgs/px4_msgs/msg/detail/longitudinal_control_configuration__struct.hpp\n'}
[1.532557] (px4_msgs) StdoutLine: {'line': b'-- Up-to-date: /home/mcfb/ros2_ws/install/px4_msgs/include/px4_msgs/px4_msgs/msg/detail/vehicle_rates_setpoint__type_support.hpp\n'}
[1.532634] (px4_msgs) StdoutLine: {'line': b'-- Up-to-date: /home/mcfb/ros2_ws/install/px4_msgs/include/px4_msgs/px4_msgs/msg/detail/gpio_in__traits.hpp\n'}
[1.532706] (px4_msgs) StdoutLine: {'line': b'-- Up-to-date: /home/mcfb/ros2_ws/install/px4_msgs/include/px4_msgs/px4_msgs/msg/detail/timesync_status__traits.hpp\n'}
[1.532801] (px4_msgs) StdoutLine: {'line': b'-- Up-to-date: /home/mcfb/ros2_ws/install/px4_msgs/include/px4_msgs/px4_msgs/msg/detail/actuator_controls_status__type_support.hpp\n'}
[1.532870] (px4_msgs) StdoutLine: {'line': b'-- Up-to-date: /home/mcfb/ros2_ws/install/px4_msgs/include/px4_msgs/px4_msgs/msg/detail/actuator_servos_trim__struct.hpp\n'}
[1.532953] (px4_msgs) StdoutLine: {'line': b'-- Up-to-date: /home/mcfb/ros2_ws/install/px4_msgs/include/px4_msgs/px4_msgs/msg/detail/estimator_status__builder.hpp\n'}
[1.533016] (px4_msgs) StdoutLine: {'line': b'-- Up-to-date: /home/mcfb/ros2_ws/install/px4_msgs/include/px4_msgs/px4_msgs/msg/detail/sensor_uwb__type_support.hpp\n'}
[1.533089] (px4_msgs) StdoutLine: {'line': b'-- Up-to-date: /home/mcfb/ros2_ws/install/px4_msgs/include/px4_msgs/px4_msgs/msg/detail/vehicle_imu_status__traits.hpp\n'}
[1.533166] (px4_msgs) StdoutLine: {'line': b'-- Up-to-date: /home/mcfb/ros2_ws/install/px4_msgs/include/px4_msgs/px4_msgs/msg/detail/rover_speed_setpoint__traits.hpp\n'}
[1.533236] (px4_msgs) StdoutLine: {'line': b'-- Up-to-date: /home/mcfb/ros2_ws/install/px4_msgs/include/px4_msgs/px4_msgs/msg/detail/vehicle_angular_acceleration_setpoint__builder.hpp\n'}
[1.533304] (px4_msgs) StdoutLine: {'line': b'-- Up-to-date: /home/mcfb/ros2_ws/install/px4_msgs/include/px4_msgs/px4_msgs/msg/detail/rover_position_setpoint__traits.hpp\n'}
[1.533389] (px4_msgs) StdoutLine: {'line': b'-- Up-to-date: /home/mcfb/ros2_ws/install/px4_msgs/include/px4_msgs/px4_msgs/msg/detail/distance_sensor_mode_change_request__traits.hpp\n'}
[1.533475] (px4_msgs) StdoutLine: {'line': b'-- Up-to-date: /home/mcfb/ros2_ws/install/px4_msgs/include/px4_msgs/px4_msgs/msg/detail/actuator_test__struct.hpp\n'}
[1.533548] (px4_msgs) StdoutLine: {'line': b'-- Up-to-date: /home/mcfb/ros2_ws/install/px4_msgs/include/px4_msgs/px4_msgs/msg/detail/internal_combustion_engine_control__struct.hpp\n'}
[1.533620] (px4_msgs) StdoutLine: {'line': b'-- Up-to-date: /home/mcfb/ros2_ws/install/px4_msgs/include/px4_msgs/px4_msgs/msg/detail/sensors_status__type_support.hpp\n'}
[1.533694] (px4_msgs) StdoutLine: {'line': b'-- Up-to-date: /home/mcfb/ros2_ws/install/px4_msgs/include/px4_msgs/px4_msgs/msg/detail/gps_inject_data__type_support.hpp\n'}
[1.533769] (px4_msgs) StdoutLine: {'line': b'-- Up-to-date: /home/mcfb/ros2_ws/install/px4_msgs/include/px4_msgs/px4_msgs/msg/detail/unregister_ext_component__type_support.hpp\n'}
[1.533844] (px4_msgs) StdoutLine: {'line': b'-- Up-to-date: /home/mcfb/ros2_ws/install/px4_msgs/include/px4_msgs/px4_msgs/msg/detail/health_report__struct.hpp\n'}
[1.533928] (px4_msgs) StdoutLine: {'line': b'-- Up-to-date: /home/mcfb/ros2_ws/install/px4_msgs/include/px4_msgs/px4_msgs/msg/detail/debug_key_value__traits.hpp\n'}
[1.534011] (px4_msgs) StdoutLine: {'line': b'-- Up-to-date: /home/mcfb/ros2_ws/install/px4_msgs/include/px4_msgs/px4_msgs/msg/detail/debug_key_value__builder.hpp\n'}
[1.534087] (px4_msgs) StdoutLine: {'line': b'-- Up-to-date: /home/mcfb/ros2_ws/install/px4_msgs/include/px4_msgs/px4_msgs/msg/detail/battery_info__type_support.hpp\n'}
[1.534168] (px4_msgs) StdoutLine: {'line': b'-- Up-to-date: /home/mcfb/ros2_ws/install/px4_msgs/include/px4_msgs/px4_msgs/msg/detail/vehicle_magnetometer__struct.hpp\n'}
[1.534266] (px4_msgs) StdoutLine: {'line': b'-- Up-to-date: /home/mcfb/ros2_ws/install/px4_msgs/include/px4_msgs/px4_msgs/msg/detail/tecs_status__struct.hpp\n'}
[1.534354] (px4_msgs) StdoutLine: {'line': b'-- Up-to-date: /home/mcfb/ros2_ws/install/px4_msgs/include/px4_msgs/px4_msgs/msg/detail/vehicle_optical_flow_vel__struct.hpp\n'}
[1.534432] (px4_msgs) StdoutLine: {'line': b'-- Up-to-date: /home/mcfb/ros2_ws/install/px4_msgs/include/px4_msgs/px4_msgs/msg/detail/yaw_estimator_status__struct.hpp\n'}
[1.534509] (px4_msgs) StdoutLine: {'line': b'-- Up-to-date: /home/mcfb/ros2_ws/install/px4_msgs/include/px4_msgs/px4_msgs/msg/detail/estimator_aid_source1d__traits.hpp\n'}
[1.534593] (px4_msgs) StdoutLine: {'line': b'-- Up-to-date: /home/mcfb/ros2_ws/install/px4_msgs/include/px4_msgs/px4_msgs/msg/detail/orb_test_medium__traits.hpp\n'}
[1.534677] (px4_msgs) StdoutLine: {'line': b'-- Up-to-date: /home/mcfb/ros2_ws/install/px4_msgs/include/px4_msgs/px4_msgs/msg/detail/vehicle_thrust_setpoint__traits.hpp\n'}
[1.534754] (px4_msgs) StdoutLine: {'line': b'-- Up-to-date: /home/mcfb/ros2_ws/install/px4_msgs/include/px4_msgs/px4_msgs/msg/detail/home_position__builder.hpp\n'}
[1.534822] (px4_msgs) StdoutLine: {'line': b'-- Up-to-date: /home/mcfb/ros2_ws/install/px4_msgs/include/px4_msgs/px4_msgs/msg/detail/sensor_baro__builder.hpp\n'}
[1.534886] (px4_msgs) StdoutLine: {'line': b'-- Up-to-date: /home/mcfb/ros2_ws/install/px4_msgs/include/px4_msgs/px4_msgs/msg/detail/qshell_req__traits.hpp\n'}
[1.534952] (px4_msgs) StdoutLine: {'line': b'-- Up-to-date: /home/mcfb/ros2_ws/install/px4_msgs/include/px4_msgs/px4_msgs/msg/detail/camera_trigger__struct.hpp\n'}
[1.535017] (px4_msgs) StdoutLine: {'line': b'-- Up-to-date: /home/mcfb/ros2_ws/install/px4_msgs/include/px4_msgs/px4_msgs/msg/detail/transponder_report__traits.hpp\n'}
[1.535094] (px4_msgs) StdoutLine: {'line': b'-- Up-to-date: /home/mcfb/ros2_ws/install/px4_msgs/include/px4_msgs/px4_msgs/msg/detail/home_position__type_support.hpp\n'}
[1.535165] (px4_msgs) StdoutLine: {'line': b'-- Up-to-date: /home/mcfb/ros2_ws/install/px4_msgs/include/px4_msgs/px4_msgs/msg/detail/sensor_baro__struct.hpp\n'}
[1.535320] (px4_msgs) StdoutLine: {'line': b'-- Up-to-date: /home/mcfb/ros2_ws/install/px4_msgs/include/px4_msgs/px4_msgs/msg/detail/sensor_selection__builder.hpp\n'}
[1.535403] (px4_msgs) StdoutLine: {'line': b'-- Up-to-date: /home/mcfb/ros2_ws/install/px4_msgs/include/px4_msgs/px4_msgs/msg/detail/debug_array__struct.hpp\n'}
[1.535573] (px4_msgs) StdoutLine: {'line': b'-- Up-to-date: /home/mcfb/ros2_ws/install/px4_msgs/include/px4_msgs/px4_msgs/msg/detail/failsafe_flags__struct.hpp\n'}
[1.535669] (px4_msgs) StdoutLine: {'line': b'-- Up-to-date: /home/mcfb/ros2_ws/install/px4_msgs/include/px4_msgs/px4_msgs/msg/detail/sensor_optical_flow__type_support.hpp\n'}
[1.535786] (px4_msgs) StdoutLine: {'line': b'-- Up-to-date: /home/mcfb/ros2_ws/install/px4_msgs/include/px4_msgs/px4_msgs/msg/detail/autotune_attitude_control_status__type_support.hpp\n'}
[1.535835] (px4_msgs) StdoutLine: {'line': b'-- Up-to-date: /home/mcfb/ros2_ws/install/px4_msgs/include/px4_msgs/px4_msgs/msg/detail/sensor_combined__struct.hpp\n'}
[1.535897] (px4_msgs) StdoutLine: {'line': b'-- Up-to-date: /home/mcfb/ros2_ws/install/px4_msgs/include/px4_msgs/px4_msgs/msg/detail/pure_pursuit_status__builder.hpp\n'}
[1.535950] (px4_msgs) StdoutLine: {'line': b'-- Up-to-date: /home/mcfb/ros2_ws/install/px4_msgs/include/px4_msgs/px4_msgs/msg/detail/telemetry_status__type_support.hpp\n'}
[1.536034] (px4_msgs) StdoutLine: {'line': b'-- Up-to-date: /home/mcfb/ros2_ws/install/px4_msgs/include/px4_msgs/px4_msgs/msg/detail/esc_report__struct.hpp\n'}
[1.536096] (px4_msgs) StdoutLine: {'line': b'-- Up-to-date: /home/mcfb/ros2_ws/install/px4_msgs/include/px4_msgs/px4_msgs/msg/detail/vehicle_thrust_setpoint__type_support.hpp\n'}
[1.536142] (px4_msgs) StdoutLine: {'line': b'-- Up-to-date: /home/mcfb/ros2_ws/install/px4_msgs/include/px4_msgs/px4_msgs/msg/detail/uavcan_parameter_value__struct.hpp\n'}
[1.536193] (px4_msgs) StdoutLine: {'line': b'-- Up-to-date: /home/mcfb/ros2_ws/install/px4_msgs/include/px4_msgs/px4_msgs/msg/detail/estimator_innovations__type_support.hpp\n'}
[1.536247] (px4_msgs) StdoutLine: {'line': b'-- Up-to-date: /home/mcfb/ros2_ws/install/px4_msgs/include/px4_msgs/px4_msgs/msg/detail/sensor_accel__builder.hpp\n'}
[1.536292] (px4_msgs) StdoutLine: {'line': b'-- Up-to-date: /home/mcfb/ros2_ws/install/px4_msgs/include/px4_msgs/px4_msgs/msg/detail/register_ext_component_request__struct.hpp\n'}
[1.536349] (px4_msgs) StdoutLine: {'line': b'-- Up-to-date: /home/mcfb/ros2_ws/install/px4_msgs/include/px4_msgs/px4_msgs/msg/detail/sensor_optical_flow__builder.hpp\n'}
[1.536399] (px4_msgs) StdoutLine: {'line': b'-- Up-to-date: /home/mcfb/ros2_ws/install/px4_msgs/include/px4_msgs/px4_msgs/msg/detail/telemetry_status__builder.hpp\n'}
[1.536451] (px4_msgs) StdoutLine: {'line': b'-- Up-to-date: /home/mcfb/ros2_ws/install/px4_msgs/include/px4_msgs/px4_msgs/msg/detail/mission__struct.hpp\n'}
[1.536499] (px4_msgs) StdoutLine: {'line': b'-- Up-to-date: /home/mcfb/ros2_ws/install/px4_msgs/include/px4_msgs/px4_msgs/msg/detail/register_ext_component_request__type_support.hpp\n'}
[1.536545] (px4_msgs) StdoutLine: {'line': b'-- Up-to-date: /home/mcfb/ros2_ws/install/px4_msgs/include/px4_msgs/px4_msgs/msg/detail/gimbal_manager_set_manual_control__type_support.hpp\n'}
[1.536591] (px4_msgs) StdoutLine: {'line': b'-- Up-to-date: /home/mcfb/ros2_ws/install/px4_msgs/include/px4_msgs/px4_msgs/msg/detail/parameter_reset_request__struct.hpp\n'}
[1.536639] (px4_msgs) StdoutLine: {'line': b'-- Up-to-date: /home/mcfb/ros2_ws/install/px4_msgs/include/px4_msgs/px4_msgs/msg/detail/actuator_controls_status__traits.hpp\n'}
[1.536703] (px4_msgs) StdoutLine: {'line': b'-- Up-to-date: /home/mcfb/ros2_ws/install/px4_msgs/include/px4_msgs/px4_msgs/msg/detail/differential_pressure__type_support.hpp\n'}
[1.536752] (px4_msgs) StdoutLine: {'line': b'-- Up-to-date: /home/mcfb/ros2_ws/install/px4_msgs/include/px4_msgs/px4_msgs/msg/detail/register_ext_component_reply__struct.hpp\n'}
[1.536800] (px4_msgs) StdoutLine: {'line': b'-- Up-to-date: /home/mcfb/ros2_ws/install/px4_msgs/include/px4_msgs/px4_msgs/msg/detail/tune_control__traits.hpp\n'}
[1.536850] (px4_msgs) StdoutLine: {'line': b'-- Up-to-date: /home/mcfb/ros2_ws/install/px4_msgs/include/px4_msgs/px4_msgs/msg/debug_array.hpp\n'}
[1.536898] (px4_msgs) StdoutLine: {'line': b'-- Up-to-date: /home/mcfb/ros2_ws/install/px4_msgs/include/px4_msgs/px4_msgs/msg/rover_rate_setpoint.hpp\n'}
[1.536947] (px4_msgs) StdoutLine: {'line': b'-- Up-to-date: /home/mcfb/ros2_ws/install/px4_msgs/include/px4_msgs/px4_msgs/msg/debug_key_value.hpp\n'}
[1.536995] (px4_msgs) StdoutLine: {'line': b'-- Up-to-date: /home/mcfb/ros2_ws/install/px4_msgs/include/px4_msgs/px4_msgs/msg/sensor_uwb.hpp\n'}
[1.537041] (px4_msgs) StdoutLine: {'line': b'-- Up-to-date: /home/mcfb/ros2_ws/install/px4_msgs/include/px4_msgs/px4_msgs/msg/longitudinal_control_configuration.hpp\n'}
[1.537089] (px4_msgs) StdoutLine: {'line': b'-- Up-to-date: /home/mcfb/ros2_ws/install/px4_msgs/include/px4_msgs/px4_msgs/msg/parameter_set_value_request.hpp\n'}
[1.537137] (px4_msgs) StdoutLine: {'line': b'-- Up-to-date: /home/mcfb/ros2_ws/install/px4_msgs/include/px4_msgs/px4_msgs/msg/vehicle_acceleration.hpp\n'}
[1.537188] (px4_msgs) StdoutLine: {'line': b'-- Up-to-date: /home/mcfb/ros2_ws/install/px4_msgs/include/px4_msgs/px4_msgs/msg/velocity_limits.hpp\n'}
[1.537350] (px4_msgs) StdoutLine: {'line': b'-- Up-to-date: /home/mcfb/ros2_ws/install/px4_msgs/include/px4_msgs/px4_msgs/msg/differential_pressure.hpp\n'}
[1.537424] (px4_msgs) StdoutLine: {'line': b'-- Up-to-date: /home/mcfb/ros2_ws/install/px4_msgs/include/px4_msgs/px4_msgs/msg/sensor_combined.hpp\n'}
[1.537502] (px4_msgs) StdoutLine: {'line': b'-- Up-to-date: /home/mcfb/ros2_ws/install/px4_msgs/include/px4_msgs/px4_msgs/msg/vehicle_command.hpp\n'}
[1.537577] (px4_msgs) StdoutLine: {'line': b'-- Up-to-date: /home/mcfb/ros2_ws/install/px4_msgs/include/px4_msgs/px4_msgs/msg/gps_inject_data.hpp\n'}
[1.537649] (px4_msgs) StdoutLine: {'line': b'-- Up-to-date: /home/mcfb/ros2_ws/install/px4_msgs/include/px4_msgs/px4_msgs/msg/vehicle_command_ack.hpp\n'}
[1.537721] (px4_msgs) StdoutLine: {'line': b'-- Up-to-date: /home/mcfb/ros2_ws/install/px4_msgs/include/px4_msgs/px4_msgs/msg/tune_control.hpp\n'}
[1.537792] (px4_msgs) StdoutLine: {'line': b'-- Up-to-date: /home/mcfb/ros2_ws/install/px4_msgs/include/px4_msgs/px4_msgs/msg/mavlink_log.hpp\n'}
[1.537868] (px4_msgs) StdoutLine: {'line': b'-- Up-to-date: /home/mcfb/ros2_ws/install/px4_msgs/include/px4_msgs/px4_msgs/msg/esc_report.hpp\n'}
[1.537945] (px4_msgs) StdoutLine: {'line': b'-- Up-to-date: /home/mcfb/ros2_ws/install/px4_msgs/include/px4_msgs/px4_msgs/msg/vehicle_optical_flow_vel.hpp\n'}
[1.538020] (px4_msgs) StdoutLine: {'line': b'-- Up-to-date: /home/mcfb/ros2_ws/install/px4_msgs/include/px4_msgs/px4_msgs/msg/estimator_aid_source1d.hpp\n'}
[1.538097] (px4_msgs) StdoutLine: {'line': b'-- Up-to-date: /home/mcfb/ros2_ws/install/px4_msgs/include/px4_msgs/px4_msgs/msg/sensor_mag.hpp\n'}
[1.538171] (px4_msgs) StdoutLine: {'line': b'-- Up-to-date: /home/mcfb/ros2_ws/install/px4_msgs/include/px4_msgs/px4_msgs/msg/vehicle_attitude.hpp\n'}
[1.538247] (px4_msgs) StdoutLine: {'line': b'-- Up-to-date: /home/mcfb/ros2_ws/install/px4_msgs/include/px4_msgs/px4_msgs/msg/camera_status.hpp\n'}
[1.538328] (px4_msgs) StdoutLine: {'line': b'-- Up-to-date: /home/mcfb/ros2_ws/install/px4_msgs/include/px4_msgs/px4_msgs/msg/follow_target_estimator.hpp\n'}
[1.538405] (px4_msgs) StdoutLine: {'line': b'-- Up-to-date: /home/mcfb/ros2_ws/install/px4_msgs/include/px4_msgs/px4_msgs/msg/camera_trigger.hpp\n'}
[1.538481] (px4_msgs) StdoutLine: {'line': b'-- Up-to-date: /home/mcfb/ros2_ws/install/px4_msgs/include/px4_msgs/px4_msgs/msg/neural_control.hpp\n'}
[1.538574] (px4_msgs) StdoutLine: {'line': b'-- Up-to-date: /home/mcfb/ros2_ws/install/px4_msgs/include/px4_msgs/px4_msgs/msg/trajectory_setpoint6dof.hpp\n'}
[1.538657] (px4_msgs) StdoutLine: {'line': b'-- Up-to-date: /home/mcfb/ros2_ws/install/px4_msgs/include/px4_msgs/px4_msgs/msg/onboard_computer_status.hpp\n'}
[1.538735] (px4_msgs) StdoutLine: {'line': b'-- Up-to-date: /home/mcfb/ros2_ws/install/px4_msgs/include/px4_msgs/px4_msgs/msg/failsafe_flags.hpp\n'}
[1.538813] (px4_msgs) StdoutLine: {'line': b'-- Up-to-date: /home/mcfb/ros2_ws/install/px4_msgs/include/px4_msgs/px4_msgs/msg/power_monitor.hpp\n'}
[1.538890] (px4_msgs) StdoutLine: {'line': b'-- Up-to-date: /home/mcfb/ros2_ws/install/px4_msgs/include/px4_msgs/px4_msgs/msg/rover_speed_setpoint.hpp\n'}
[1.538967] (px4_msgs) StdoutLine: {'line': b'-- Up-to-date: /home/mcfb/ros2_ws/install/px4_msgs/include/px4_msgs/px4_msgs/msg/px4io_status.hpp\n'}
[1.539045] (px4_msgs) StdoutLine: {'line': b'-- Up-to-date: /home/mcfb/ros2_ws/install/px4_msgs/include/px4_msgs/px4_msgs/msg/orbit_status.hpp\n'}
[1.539126] (px4_msgs) StdoutLine: {'line': b'-- Up-to-date: /home/mcfb/ros2_ws/install/px4_msgs/include/px4_msgs/px4_msgs/msg/ping.hpp\n'}
[1.539204] (px4_msgs) StdoutLine: {'line': b'-- Up-to-date: /home/mcfb/ros2_ws/install/px4_msgs/include/px4_msgs/px4_msgs/msg/esc_status.hpp\n'}
[1.539281] (px4_msgs) StdoutLine: {'line': b'-- Up-to-date: /home/mcfb/ros2_ws/install/px4_msgs/include/px4_msgs/px4_msgs/msg/debug_value.hpp\n'}
[1.539369] (px4_msgs) StdoutLine: {'line': b'-- Up-to-date: /home/mcfb/ros2_ws/install/px4_msgs/include/px4_msgs/px4_msgs/msg/sensor_gyro_fft.hpp\n'}
[1.539538] (px4_msgs) StdoutLine: {'line': b'-- Up-to-date: /home/mcfb/ros2_ws/install/px4_msgs/include/px4_msgs/px4_msgs/msg/gimbal_device_attitude_status.hpp\n'}
[1.539613] (px4_msgs) StdoutLine: {'line': b'-- Up-to-date: /home/mcfb/ros2_ws/install/px4_msgs/include/px4_msgs/px4_msgs/msg/logger_status.hpp\n'}
[1.539684] (px4_msgs) StdoutLine: {'line': b'-- Up-to-date: /home/mcfb/ros2_ws/install/px4_msgs/include/px4_msgs/px4_msgs/msg/autotune_attitude_control_status.hpp\n'}
[1.539760] (px4_msgs) StdoutLine: {'line': b'-- Up-to-date: /home/mcfb/ros2_ws/install/px4_msgs/include/px4_msgs/px4_msgs/msg/vehicle_local_position.hpp\n'}
[1.539838] (px4_msgs) StdoutLine: {'line': b'-- Up-to-date: /home/mcfb/ros2_ws/install/px4_msgs/include/px4_msgs/px4_msgs/msg/takeoff_status.hpp\n'}
[1.539912] (px4_msgs) StdoutLine: {'line': b'-- Up-to-date: /home/mcfb/ros2_ws/install/px4_msgs/include/px4_msgs/px4_msgs/msg/sensor_gnss_relative.hpp\n'}
[1.539984] (px4_msgs) StdoutLine: {'line': b'-- Up-to-date: /home/mcfb/ros2_ws/install/px4_msgs/include/px4_msgs/px4_msgs/msg/rate_ctrl_status.hpp\n'}
[1.540054] (px4_msgs) StdoutLine: {'line': b'-- Up-to-date: /home/mcfb/ros2_ws/install/px4_msgs/include/px4_msgs/px4_msgs/msg/landing_gear.hpp\n'}
[1.540128] (px4_msgs) StdoutLine: {'line': b'-- Up-to-date: /home/mcfb/ros2_ws/install/px4_msgs/include/px4_msgs/px4_msgs/msg/vehicle_land_detected.hpp\n'}
[1.540201] (px4_msgs) StdoutLine: {'line': b'-- Up-to-date: /home/mcfb/ros2_ws/install/px4_msgs/include/px4_msgs/px4_msgs/msg/event.hpp\n'}
[1.540278] (px4_msgs) StdoutLine: {'line': b'-- Up-to-date: /home/mcfb/ros2_ws/install/px4_msgs/include/px4_msgs/px4_msgs/msg/vehicle_attitude_setpoint.hpp\n'}
[1.540359] (px4_msgs) StdoutLine: {'line': b'-- Up-to-date: /home/mcfb/ros2_ws/install/px4_msgs/include/px4_msgs/px4_msgs/msg/rover_attitude_status.hpp\n'}
[1.540551] (px4_msgs) StdoutLine: {'line': b'-- Up-to-date: /home/mcfb/ros2_ws/install/px4_msgs/include/px4_msgs/px4_msgs/msg/generator_status.hpp\n'}
[1.540637] (px4_msgs) StdoutLine: {'line': b'-- Up-to-date: /home/mcfb/ros2_ws/install/px4_msgs/include/px4_msgs/px4_msgs/msg/vehicle_thrust_setpoint.hpp\n'}
[1.540714] (px4_msgs) StdoutLine: {'line': b'-- Up-to-date: /home/mcfb/ros2_ws/install/px4_msgs/include/px4_msgs/px4_msgs/msg/estimator_innovations.hpp\n'}
[1.540788] (px4_msgs) StdoutLine: {'line': b'-- Up-to-date: /home/mcfb/ros2_ws/install/px4_msgs/include/px4_msgs/px4_msgs/msg/gimbal_manager_information.hpp\n'}
[1.540859] (px4_msgs) StdoutLine: {'line': b'-- Up-to-date: /home/mcfb/ros2_ws/install/px4_msgs/include/px4_msgs/px4_msgs/msg/hover_thrust_estimate.hpp\n'}
[1.540934] (px4_msgs) StdoutLine: {'line': b'-- Up-to-date: /home/mcfb/ros2_ws/install/px4_msgs/include/px4_msgs/px4_msgs/msg/action_request.hpp\n'}
[1.541011] (px4_msgs) StdoutLine: {'line': b'-- Up-to-date: /home/mcfb/ros2_ws/install/px4_msgs/include/px4_msgs/px4_msgs/msg/vehicle_control_mode.hpp\n'}
[1.541086] (px4_msgs) StdoutLine: {'line': b'-- Up-to-date: /home/mcfb/ros2_ws/install/px4_msgs/include/px4_msgs/px4_msgs/msg/register_ext_component_reply.hpp\n'}
[1.541163] (px4_msgs) StdoutLine: {'line': b'-- Up-to-date: /home/mcfb/ros2_ws/install/px4_msgs/include/px4_msgs/px4_msgs/msg/estimator_status.hpp\n'}
[1.541254] (px4_msgs) StdoutLine: {'line': b'-- Up-to-date: /home/mcfb/ros2_ws/install/px4_msgs/include/px4_msgs/px4_msgs/msg/gpio_config.hpp\n'}
[1.541337] (px4_msgs) StdoutLine: {'line': b'-- Up-to-date: /home/mcfb/ros2_ws/install/px4_msgs/include/px4_msgs/px4_msgs/msg/vehicle_angular_velocity.hpp\n'}
[1.541411] (px4_msgs) StdoutLine: {'line': b'-- Up-to-date: /home/mcfb/ros2_ws/install/px4_msgs/include/px4_msgs/px4_msgs/msg/estimator_event_flags.hpp\n'}
[1.541489] (px4_msgs) StdoutLine: {'line': b'-- Up-to-date: /home/mcfb/ros2_ws/install/px4_msgs/include/px4_msgs/px4_msgs/msg/estimator_selector_status.hpp\n'}
[1.541565] (px4_msgs) StdoutLine: {'line': b'-- Up-to-date: /home/mcfb/ros2_ws/install/px4_msgs/include/px4_msgs/px4_msgs/msg/vehicle_odometry.hpp\n'}
[1.541640] (px4_msgs) StdoutLine: {'line': b'-- Up-to-date: /home/mcfb/ros2_ws/install/px4_msgs/include/px4_msgs/px4_msgs/msg/tiltrotor_extra_controls.hpp\n'}
[1.541770] (px4_msgs) StdoutLine: {'line': b'-- Up-to-date: /home/mcfb/ros2_ws/install/px4_msgs/include/px4_msgs/px4_msgs/msg/vehicle_global_position.hpp\n'}
[1.541851] (px4_msgs) StdoutLine: {'line': b'-- Up-to-date: /home/mcfb/ros2_ws/install/px4_msgs/include/px4_msgs/px4_msgs/msg/offboard_control_mode.hpp\n'}
[1.541926] (px4_msgs) StdoutLine: {'line': b'-- Up-to-date: /home/mcfb/ros2_ws/install/px4_msgs/include/px4_msgs/px4_msgs/msg/orb_test_medium.hpp\n'}
[1.542001] (px4_msgs) StdoutLine: {'line': b'-- Up-to-date: /home/mcfb/ros2_ws/install/px4_msgs/include/px4_msgs/px4_msgs/msg/wheel_encoders.hpp\n'}
[1.542080] (px4_msgs) StdoutLine: {'line': b'-- Up-to-date: /home/mcfb/ros2_ws/install/px4_msgs/include/px4_msgs/px4_msgs/msg/mag_worker_data.hpp\n'}
[1.542156] (px4_msgs) StdoutLine: {'line': b'-- Up-to-date: /home/mcfb/ros2_ws/install/px4_msgs/include/px4_msgs/px4_msgs/msg/internal_combustion_engine_status.hpp\n'}
[1.542232] (px4_msgs) StdoutLine: {'line': b'-- Up-to-date: /home/mcfb/ros2_ws/install/px4_msgs/include/px4_msgs/px4_msgs/msg/open_drone_id_system.hpp\n'}
[1.542308] (px4_msgs) StdoutLine: {'line': b'-- Up-to-date: /home/mcfb/ros2_ws/install/px4_msgs/include/px4_msgs/px4_msgs/msg/mission.hpp\n'}
[1.542390] (px4_msgs) StdoutLine: {'line': b'-- Up-to-date: /home/mcfb/ros2_ws/install/px4_msgs/include/px4_msgs/px4_msgs/msg/fixed_wing_lateral_setpoint.hpp\n'}
[1.542494] (px4_msgs) StdoutLine: {'line': b'-- Up-to-date: /home/mcfb/ros2_ws/install/px4_msgs/include/px4_msgs/px4_msgs/msg/actuator_outputs.hpp\n'}
[1.542568] (px4_msgs) StdoutLine: {'line': b'-- Up-to-date: /home/mcfb/ros2_ws/install/px4_msgs/include/px4_msgs/px4_msgs/msg/navigator_mission_item.hpp\n'}
[1.542641] (px4_msgs) StdoutLine: {'line': b'-- Up-to-date: /home/mcfb/ros2_ws/install/px4_msgs/include/px4_msgs/px4_msgs/msg/cellular_status.hpp\n'}
[1.542763] (px4_msgs) StdoutLine: {'line': b'-- Up-to-date: /home/mcfb/ros2_ws/install/px4_msgs/include/px4_msgs/px4_msgs/msg/fixed_wing_lateral_guidance_status.hpp\n'}
[1.542837] (px4_msgs) StdoutLine: {'line': b'-- Up-to-date: /home/mcfb/ros2_ws/install/px4_msgs/include/px4_msgs/px4_msgs/msg/parameter_set_value_response.hpp\n'}
[1.542914] (px4_msgs) StdoutLine: {'line': b'-- Up-to-date: /home/mcfb/ros2_ws/install/px4_msgs/include/px4_msgs/px4_msgs/msg/estimator_bias3d.hpp\n'}
[1.542993] (px4_msgs) StdoutLine: {'line': b'-- Up-to-date: /home/mcfb/ros2_ws/install/px4_msgs/include/px4_msgs/px4_msgs/msg/open_drone_id_operator_id.hpp\n'}
[1.543074] (px4_msgs) StdoutLine: {'line': b'-- Up-to-date: /home/mcfb/ros2_ws/install/px4_msgs/include/px4_msgs/px4_msgs/msg/register_ext_component_request.hpp\n'}
[1.543155] (px4_msgs) StdoutLine: {'line': b'-- Up-to-date: /home/mcfb/ros2_ws/install/px4_msgs/include/px4_msgs/px4_msgs/msg/qshell_retval.hpp\n'}
[1.543236] (px4_msgs) StdoutLine: {'line': b'-- Up-to-date: /home/mcfb/ros2_ws/install/px4_msgs/include/px4_msgs/px4_msgs/msg/sensor_gyro.hpp\n'}
[1.543325] (px4_msgs) StdoutLine: {'line': b'-- Up-to-date: /home/mcfb/ros2_ws/install/px4_msgs/include/px4_msgs/px4_msgs/msg/dataman_request.hpp\n'}
[1.543403] (px4_msgs) StdoutLine: {'line': b'-- Up-to-date: /home/mcfb/ros2_ws/install/px4_msgs/include/px4_msgs/px4_msgs/msg/rc_channels.hpp\n'}
[1.543497] (px4_msgs) StdoutLine: {'line': b'-- Up-to-date: /home/mcfb/ros2_ws/install/px4_msgs/include/px4_msgs/px4_msgs/msg/vehicle_status.hpp\n'}
[1.543572] (px4_msgs) StdoutLine: {'line': b'-- Up-to-date: /home/mcfb/ros2_ws/install/px4_msgs/include/px4_msgs/px4_msgs/msg/gripper.hpp\n'}
[1.543652] (px4_msgs) StdoutLine: {'line': b'-- Up-to-date: /home/mcfb/ros2_ws/install/px4_msgs/include/px4_msgs/px4_msgs/msg/landing_target_innovations.hpp\n'}
[1.543774] (px4_msgs) StdoutLine: {'line': b'-- Up-to-date: /home/mcfb/ros2_ws/install/px4_msgs/include/px4_msgs/px4_msgs/msg/landing_gear_wheel.hpp\n'}
[1.543852] (px4_msgs) StdoutLine: {'line': b'-- Up-to-date: /home/mcfb/ros2_ws/install/px4_msgs/include/px4_msgs/px4_msgs/msg/vehicle_roi.hpp\n'}
[1.543947] (px4_msgs) StdoutLine: {'line': b'-- Up-to-date: /home/mcfb/ros2_ws/install/px4_msgs/include/px4_msgs/px4_msgs/msg/estimator_aid_source2d.hpp\n'}
[1.544036] (px4_msgs) StdoutLine: {'line': b'-- Up-to-date: /home/mcfb/ros2_ws/install/px4_msgs/include/px4_msgs/px4_msgs/msg/actuator_armed.hpp\n'}
[1.544111] (px4_msgs) StdoutLine: {'line': b'-- Up-to-date: /home/mcfb/ros2_ws/install/px4_msgs/include/px4_msgs/px4_msgs/msg/gimbal_device_information.hpp\n'}
[1.544184] (px4_msgs) StdoutLine: {'line': b'-- Up-to-date: /home/mcfb/ros2_ws/install/px4_msgs/include/px4_msgs/px4_msgs/msg/rover_attitude_setpoint.hpp\n'}
[1.544259] (px4_msgs) StdoutLine: {'line': b'-- Up-to-date: /home/mcfb/ros2_ws/install/px4_msgs/include/px4_msgs/px4_msgs/msg/input_rc.hpp\n'}
[1.544344] (px4_msgs) StdoutLine: {'line': b'-- Up-to-date: /home/mcfb/ros2_ws/install/px4_msgs/include/px4_msgs/px4_msgs/msg/gimbal_manager_status.hpp\n'}
[1.544423] (px4_msgs) StdoutLine: {'line': b'-- Up-to-date: /home/mcfb/ros2_ws/install/px4_msgs/include/px4_msgs/px4_msgs/msg/magnetometer_bias_estimate.hpp\n'}
[1.544501] (px4_msgs) StdoutLine: {'line': b'-- Up-to-date: /home/mcfb/ros2_ws/install/px4_msgs/include/px4_msgs/px4_msgs/msg/airspeed.hpp\n'}
[1.544579] (px4_msgs) StdoutLine: {'line': b'-- Up-to-date: /home/mcfb/ros2_ws/install/px4_msgs/include/px4_msgs/px4_msgs/msg/camera_capture.hpp\n'}
[1.544651] (px4_msgs) StdoutLine: {'line': b'-- Up-to-date: /home/mcfb/ros2_ws/install/px4_msgs/include/px4_msgs/px4_msgs/msg/battery_info.hpp\n'}
[1.544734] (px4_msgs) StdoutLine: {'line': b'-- Up-to-date: /home/mcfb/ros2_ws/install/px4_msgs/include/px4_msgs/px4_msgs/msg/actuator_controls_status.hpp\n'}
[1.544794] (px4_msgs) StdoutLine: {'line': b'-- Up-to-date: /home/mcfb/ros2_ws/install/px4_msgs/include/px4_msgs/px4_msgs/msg/log_message.hpp\n'}
[1.544847] (px4_msgs) StdoutLine: {'line': b'-- Up-to-date: /home/mcfb/ros2_ws/install/px4_msgs/include/px4_msgs/px4_msgs/msg/button_event.hpp\n'}
[1.544925] (px4_msgs) StdoutLine: {'line': b'-- Up-to-date: /home/mcfb/ros2_ws/install/px4_msgs/include/px4_msgs/px4_msgs/msg/sensor_hygrometer.hpp\n'}
[1.545014] (px4_msgs) StdoutLine: {'line': b'-- Up-to-date: /home/mcfb/ros2_ws/install/px4_msgs/include/px4_msgs/px4_msgs/msg/flight_phase_estimation.hpp\n'}
[1.545140] (px4_msgs) StdoutLine: {'line': b'-- Up-to-date: /home/mcfb/ros2_ws/install/px4_msgs/include/px4_msgs/px4_msgs/msg/distance_sensor_mode_change_request.hpp\n'}
[1.545215] (px4_msgs) StdoutLine: {'line': b'-- Up-to-date: /home/mcfb/ros2_ws/install/px4_msgs/include/px4_msgs/px4_msgs/msg/mount_orientation.hpp\n'}
[1.545286] (px4_msgs) StdoutLine: {'line': b'-- Up-to-date: /home/mcfb/ros2_ws/install/px4_msgs/include/px4_msgs/px4_msgs/msg/failure_detector_status.hpp\n'}
[1.545362] (px4_msgs) StdoutLine: {'line': b'-- Up-to-date: /home/mcfb/ros2_ws/install/px4_msgs/include/px4_msgs/px4_msgs/msg/pps_capture.hpp\n'}
[1.545435] (px4_msgs) StdoutLine: {'line': b'-- Up-to-date: /home/mcfb/ros2_ws/install/px4_msgs/include/px4_msgs/px4_msgs/msg/message_format_response.hpp\n'}
[1.545507] (px4_msgs) StdoutLine: {'line': b'-- Up-to-date: /home/mcfb/ros2_ws/install/px4_msgs/include/px4_msgs/px4_msgs/msg/uavcan_parameter_request.hpp\n'}
[1.545581] (px4_msgs) StdoutLine: {'line': b'-- Up-to-date: /home/mcfb/ros2_ws/install/px4_msgs/include/px4_msgs/px4_msgs/msg/gpio_in.hpp\n'}
[1.545660] (px4_msgs) StdoutLine: {'line': b'-- Up-to-date: /home/mcfb/ros2_ws/install/px4_msgs/include/px4_msgs/px4_msgs/msg/rover_throttle_setpoint.hpp\n'}
[1.545744] (px4_msgs) StdoutLine: {'line': b'-- Up-to-date: /home/mcfb/ros2_ws/install/px4_msgs/include/px4_msgs/px4_msgs/msg/estimator_bias.hpp\n'}
[1.545827] (px4_msgs) StdoutLine: {'line': b'-- Up-to-date: /home/mcfb/ros2_ws/install/px4_msgs/include/px4_msgs/px4_msgs/msg/rosidl_generator_cpp__visibility_control.hpp\n'}
[1.545905] (px4_msgs) StdoutLine: {'line': b'-- Up-to-date: /home/mcfb/ros2_ws/install/px4_msgs/include/px4_msgs/px4_msgs/msg/geofence_result.hpp\n'}
[1.545981] (px4_msgs) StdoutLine: {'line': b'-- Up-to-date: /home/mcfb/ros2_ws/install/px4_msgs/include/px4_msgs/px4_msgs/msg/vehicle_optical_flow.hpp\n'}
[1.546088] (px4_msgs) StdoutLine: {'line': b'-- Up-to-date: /home/mcfb/ros2_ws/install/px4_msgs/include/px4_msgs/px4_msgs/msg/goto_setpoint.hpp\n'}
[1.546163] (px4_msgs) StdoutLine: {'line': b'-- Up-to-date: /home/mcfb/ros2_ws/install/px4_msgs/include/px4_msgs/px4_msgs/msg/ulog_stream_ack.hpp\n'}
[1.546239] (px4_msgs) StdoutLine: {'line': b'-- Up-to-date: /home/mcfb/ros2_ws/install/px4_msgs/include/px4_msgs/px4_msgs/msg/sensor_preflight_mag.hpp\n'}
[1.546337] (px4_msgs) StdoutLine: {'line': b'-- Up-to-date: /home/mcfb/ros2_ws/install/px4_msgs/include/px4_msgs/px4_msgs/msg/led_control.hpp\n'}
[1.546417] (px4_msgs) StdoutLine: {'line': b'-- Up-to-date: /home/mcfb/ros2_ws/install/px4_msgs/include/px4_msgs/px4_msgs/msg/trajectory_setpoint.hpp\n'}
[1.546490] (px4_msgs) StdoutLine: {'line': b'-- Up-to-date: /home/mcfb/ros2_ws/install/px4_msgs/include/px4_msgs/px4_msgs/msg/yaw_estimator_status.hpp\n'}
[1.546562] (px4_msgs) StdoutLine: {'line': b'-- Up-to-date: /home/mcfb/ros2_ws/install/px4_msgs/include/px4_msgs/px4_msgs/msg/timesync_status.hpp\n'}
[1.546638] (px4_msgs) StdoutLine: {'line': b'-- Up-to-date: /home/mcfb/ros2_ws/install/px4_msgs/include/px4_msgs/px4_msgs/msg/cpuload.hpp\n'}
[1.546718] (px4_msgs) StdoutLine: {'line': b'-- Up-to-date: /home/mcfb/ros2_ws/install/px4_msgs/include/px4_msgs/px4_msgs/msg/gpio_request.hpp\n'}
[1.546789] (px4_msgs) StdoutLine: {'line': b'-- Up-to-date: /home/mcfb/ros2_ws/install/px4_msgs/include/px4_msgs/px4_msgs/msg/orb_test_large.hpp\n'}
[1.546866] (px4_msgs) StdoutLine: {'line': b'-- Up-to-date: /home/mcfb/ros2_ws/install/px4_msgs/include/px4_msgs/px4_msgs\n'}
[1.546942] (px4_msgs) StdoutLine: {'line': b'-- Up-to-date: /home/mcfb/ros2_ws/install/px4_msgs/include/px4_msgs/px4_msgs/srv\n'}
[1.547013] (px4_msgs) StdoutLine: {'line': b'-- Up-to-date: /home/mcfb/ros2_ws/install/px4_msgs/include/px4_msgs/px4_msgs/srv/detail\n'}
[1.547088] (px4_msgs) StdoutLine: {'line': b'-- Up-to-date: /home/mcfb/ros2_ws/install/px4_msgs/include/px4_msgs/px4_msgs/srv/detail/dds_fastrtps\n'}
[1.547163] (px4_msgs) StdoutLine: {'line': b'-- Up-to-date: /home/mcfb/ros2_ws/install/px4_msgs/include/px4_msgs/px4_msgs/srv/detail/vehicle_command__rosidl_typesupport_fastrtps_cpp.hpp\n'}
[1.547239] (px4_msgs) StdoutLine: {'line': b'-- Up-to-date: /home/mcfb/ros2_ws/install/px4_msgs/include/px4_msgs/px4_msgs/msg\n'}
[1.547309] (px4_msgs) StdoutLine: {'line': b'-- Up-to-date: /home/mcfb/ros2_ws/install/px4_msgs/include/px4_msgs/px4_msgs/msg/detail\n'}
[1.547393] (px4_msgs) StdoutLine: {'line': b'-- Up-to-date: /home/mcfb/ros2_ws/install/px4_msgs/include/px4_msgs/px4_msgs/msg/detail/register_ext_component_request__rosidl_typesupport_fastrtps_cpp.hpp\n'}
[1.547478] (px4_msgs) StdoutLine: {'line': b'-- Up-to-date: /home/mcfb/ros2_ws/install/px4_msgs/include/px4_msgs/px4_msgs/msg/detail/airspeed_wind__rosidl_typesupport_fastrtps_cpp.hpp\n'}
[1.547551] (px4_msgs) StdoutLine: {'line': b'-- Up-to-date: /home/mcfb/ros2_ws/install/px4_msgs/include/px4_msgs/px4_msgs/msg/detail/vehicle_air_data__rosidl_typesupport_fastrtps_cpp.hpp\n'}
[1.547627] (px4_msgs) StdoutLine: {'line': b'-- Up-to-date: /home/mcfb/ros2_ws/install/px4_msgs/include/px4_msgs/px4_msgs/msg/detail/unregister_ext_component__rosidl_typesupport_fastrtps_cpp.hpp\n'}
[1.547711] (px4_msgs) StdoutLine: {'line': b'-- Up-to-date: /home/mcfb/ros2_ws/install/px4_msgs/include/px4_msgs/px4_msgs/msg/detail/sensor_baro__rosidl_typesupport_fastrtps_cpp.hpp\n'}
[1.547796] (px4_msgs) StdoutLine: {'line': b'-- Up-to-date: /home/mcfb/ros2_ws/install/px4_msgs/include/px4_msgs/px4_msgs/msg/detail/estimator_bias3d__rosidl_typesupport_fastrtps_cpp.hpp\n'}
[1.547879] (px4_msgs) StdoutLine: {'line': b'-- Up-to-date: /home/mcfb/ros2_ws/install/px4_msgs/include/px4_msgs/px4_msgs/msg/detail/tune_control__rosidl_typesupport_fastrtps_cpp.hpp\n'}
[1.547965] (px4_msgs) StdoutLine: {'line': b'-- Up-to-date: /home/mcfb/ros2_ws/install/px4_msgs/include/px4_msgs/px4_msgs/msg/detail/vehicle_command_ack__rosidl_typesupport_fastrtps_cpp.hpp\n'}
[1.548110] (px4_msgs) StdoutLine: {'line': b'-- Up-to-date: /home/mcfb/ros2_ws/install/px4_msgs/include/px4_msgs/px4_msgs/msg/detail/fixed_wing_lateral_guidance_status__rosidl_typesupport_fastrtps_cpp.hpp\n'}
[1.548185] (px4_msgs) StdoutLine: {'line': b'-- Up-to-date: /home/mcfb/ros2_ws/install/px4_msgs/include/px4_msgs/px4_msgs/msg/detail/gimbal_device_set_attitude__rosidl_typesupport_fastrtps_cpp.hpp\n'}
[1.548259] (px4_msgs) StdoutLine: {'line': b'-- Up-to-date: /home/mcfb/ros2_ws/install/px4_msgs/include/px4_msgs/px4_msgs/msg/detail/battery_status__rosidl_typesupport_fastrtps_cpp.hpp\n'}
[1.548342] (px4_msgs) StdoutLine: {'line': b'-- Up-to-date: /home/mcfb/ros2_ws/install/px4_msgs/include/px4_msgs/px4_msgs/msg/detail/task_stack_info__rosidl_typesupport_fastrtps_cpp.hpp\n'}
[1.548429] (px4_msgs) StdoutLine: {'line': b'-- Up-to-date: /home/mcfb/ros2_ws/install/px4_msgs/include/px4_msgs/px4_msgs/msg/detail/sensor_preflight_mag__rosidl_typesupport_fastrtps_cpp.hpp\n'}
[1.548509] (px4_msgs) StdoutLine: {'line': b'-- Up-to-date: /home/mcfb/ros2_ws/install/px4_msgs/include/px4_msgs/px4_msgs/msg/detail/sensor_mag__rosidl_typesupport_fastrtps_cpp.hpp\n'}
[1.548589] (px4_msgs) StdoutLine: {'line': b'-- Up-to-date: /home/mcfb/ros2_ws/install/px4_msgs/include/px4_msgs/px4_msgs/msg/detail/estimator_states__rosidl_typesupport_fastrtps_cpp.hpp\n'}
[1.548664] (px4_msgs) StdoutLine: {'line': b'-- Up-to-date: /home/mcfb/ros2_ws/install/px4_msgs/include/px4_msgs/px4_msgs/msg/detail/sensor_accel__rosidl_typesupport_fastrtps_cpp.hpp\n'}
[1.548737] (px4_msgs) StdoutLine: {'line': b'-- Up-to-date: /home/mcfb/ros2_ws/install/px4_msgs/include/px4_msgs/px4_msgs/msg/detail/debug_value__rosidl_typesupport_fastrtps_cpp.hpp\n'}
[1.548810] (px4_msgs) StdoutLine: {'line': b'-- Up-to-date: /home/mcfb/ros2_ws/install/px4_msgs/include/px4_msgs/px4_msgs/msg/detail/camera_status__rosidl_typesupport_fastrtps_cpp.hpp\n'}
[1.548891] (px4_msgs) StdoutLine: {'line': b'-- Up-to-date: /home/mcfb/ros2_ws/install/px4_msgs/include/px4_msgs/px4_msgs/msg/detail/adc_report__rosidl_typesupport_fastrtps_cpp.hpp\n'}
[1.548964] (px4_msgs) StdoutLine: {'line': b'-- Up-to-date: /home/mcfb/ros2_ws/install/px4_msgs/include/px4_msgs/px4_msgs/msg/detail/takeoff_status__rosidl_typesupport_fastrtps_cpp.hpp\n'}
[1.549032] (px4_msgs) StdoutLine: {'line': b'-- Up-to-date: /home/mcfb/ros2_ws/install/px4_msgs/include/px4_msgs/px4_msgs/msg/detail/actuator_motors__rosidl_typesupport_fastrtps_cpp.hpp\n'}
[1.549106] (px4_msgs) StdoutLine: {'line': b'-- Up-to-date: /home/mcfb/ros2_ws/install/px4_msgs/include/px4_msgs/px4_msgs/msg/detail/sensor_gnss_status__rosidl_typesupport_fastrtps_cpp.hpp\n'}
[1.549177] (px4_msgs) StdoutLine: {'line': b'-- Up-to-date: /home/mcfb/ros2_ws/install/px4_msgs/include/px4_msgs/px4_msgs/msg/detail/navigator_mission_item__rosidl_typesupport_fastrtps_cpp.hpp\n'}
[1.549251] (px4_msgs) StdoutLine: {'line': b'-- Up-to-date: /home/mcfb/ros2_ws/install/px4_msgs/include/px4_msgs/px4_msgs/msg/detail/airspeed_validated__rosidl_typesupport_fastrtps_cpp.hpp\n'}
[1.549332] (px4_msgs) StdoutLine: {'line': b'-- Up-to-date: /home/mcfb/ros2_ws/install/px4_msgs/include/px4_msgs/px4_msgs/msg/detail/vehicle_imu_status__rosidl_typesupport_fastrtps_cpp.hpp\n'}
[1.549405] (px4_msgs) StdoutLine: {'line': b'-- Up-to-date: /home/mcfb/ros2_ws/install/px4_msgs/include/px4_msgs/px4_msgs/msg/detail/vehicle_local_position__rosidl_typesupport_fastrtps_cpp.hpp\n'}
[1.549479] (px4_msgs) StdoutLine: {'line': b'-- Up-to-date: /home/mcfb/ros2_ws/install/px4_msgs/include/px4_msgs/px4_msgs/msg/detail/telemetry_status__rosidl_typesupport_fastrtps_cpp.hpp\n'}
[1.549552] (px4_msgs) StdoutLine: {'line': b'-- Up-to-date: /home/mcfb/ros2_ws/install/px4_msgs/include/px4_msgs/px4_msgs/msg/detail/fuel_tank_status__rosidl_typesupport_fastrtps_cpp.hpp\n'}
[1.549624] (px4_msgs) StdoutLine: {'line': b'-- Up-to-date: /home/mcfb/ros2_ws/install/px4_msgs/include/px4_msgs/px4_msgs/msg/detail/vehicle_angular_acceleration_setpoint__rosidl_typesupport_fastrtps_cpp.hpp\n'}
[1.549699] (px4_msgs) StdoutLine: {'line': b'-- Up-to-date: /home/mcfb/ros2_ws/install/px4_msgs/include/px4_msgs/px4_msgs/msg/detail/ping__rosidl_typesupport_fastrtps_cpp.hpp\n'}
[1.549779] (px4_msgs) StdoutLine: {'line': b'-- Up-to-date: /home/mcfb/ros2_ws/install/px4_msgs/include/px4_msgs/px4_msgs/msg/detail/sensor_gnss_relative__rosidl_typesupport_fastrtps_cpp.hpp\n'}
[1.549850] (px4_msgs) StdoutLine: {'line': b'-- Up-to-date: /home/mcfb/ros2_ws/install/px4_msgs/include/px4_msgs/px4_msgs/msg/detail/fixed_wing_lateral_status__rosidl_typesupport_fastrtps_cpp.hpp\n'}
[1.549923] (px4_msgs) StdoutLine: {'line': b'-- Up-to-date: /home/mcfb/ros2_ws/install/px4_msgs/include/px4_msgs/px4_msgs/msg/detail/vehicle_status__rosidl_typesupport_fastrtps_cpp.hpp\n'}
[1.549995] (px4_msgs) StdoutLine: {'line': b'-- Up-to-date: /home/mcfb/ros2_ws/install/px4_msgs/include/px4_msgs/px4_msgs/msg/detail/pps_capture__rosidl_typesupport_fastrtps_cpp.hpp\n'}
[1.550063] (px4_msgs) StdoutLine: {'line': b'-- Up-to-date: /home/mcfb/ros2_ws/install/px4_msgs/include/px4_msgs/px4_msgs/msg/detail/pwm_input__rosidl_typesupport_fastrtps_cpp.hpp\n'}
[1.550132] (px4_msgs) StdoutLine: {'line': b'-- Up-to-date: /home/mcfb/ros2_ws/install/px4_msgs/include/px4_msgs/px4_msgs/msg/detail/estimator_event_flags__rosidl_typesupport_fastrtps_cpp.hpp\n'}
[1.550204] (px4_msgs) StdoutLine: {'line': b'-- Up-to-date: /home/mcfb/ros2_ws/install/px4_msgs/include/px4_msgs/px4_msgs/msg/detail/gpio_in__rosidl_typesupport_fastrtps_cpp.hpp\n'}
[1.550285] (px4_msgs) StdoutLine: {'line': b'-- Up-to-date: /home/mcfb/ros2_ws/install/px4_msgs/include/px4_msgs/px4_msgs/msg/detail/gps_dump__rosidl_typesupport_fastrtps_cpp.hpp\n'}
[1.550359] (px4_msgs) StdoutLine: {'line': b'-- Up-to-date: /home/mcfb/ros2_ws/install/px4_msgs/include/px4_msgs/px4_msgs/msg/detail/actuator_servos__rosidl_typesupport_fastrtps_cpp.hpp\n'}
[1.550431] (px4_msgs) StdoutLine: {'line': b'-- Up-to-date: /home/mcfb/ros2_ws/install/px4_msgs/include/px4_msgs/px4_msgs/msg/detail/dds_fastrtps\n'}
[1.550510] (px4_msgs) StdoutLine: {'line': b'-- Up-to-date: /home/mcfb/ros2_ws/install/px4_msgs/include/px4_msgs/px4_msgs/msg/detail/ekf2_timestamps__rosidl_typesupport_fastrtps_cpp.hpp\n'}
[1.550585] (px4_msgs) StdoutLine: {'line': b'-- Up-to-date: /home/mcfb/ros2_ws/install/px4_msgs/include/px4_msgs/px4_msgs/msg/detail/esc_report__rosidl_typesupport_fastrtps_cpp.hpp\n'}
[1.550660] (px4_msgs) StdoutLine: {'line': b'-- Up-to-date: /home/mcfb/ros2_ws/install/px4_msgs/include/px4_msgs/px4_msgs/msg/detail/mavlink_log__rosidl_typesupport_fastrtps_cpp.hpp\n'}
[1.550732] (px4_msgs) StdoutLine: {'line': b'-- Up-to-date: /home/mcfb/ros2_ws/install/px4_msgs/include/px4_msgs/px4_msgs/msg/detail/sensor_accel_fifo__rosidl_typesupport_fastrtps_cpp.hpp\n'}
[1.550803] (px4_msgs) StdoutLine: {'line': b'-- Up-to-date: /home/mcfb/ros2_ws/install/px4_msgs/include/px4_msgs/px4_msgs/msg/detail/estimator_aid_source2d__rosidl_typesupport_fastrtps_cpp.hpp\n'}
[1.550882] (px4_msgs) StdoutLine: {'line': b'-- Up-to-date: /home/mcfb/ros2_ws/install/px4_msgs/include/px4_msgs/px4_msgs/msg/detail/landing_gear_wheel__rosidl_typesupport_fastrtps_cpp.hpp\n'}
[1.550957] (px4_msgs) StdoutLine: {'line': b'-- Up-to-date: /home/mcfb/ros2_ws/install/px4_msgs/include/px4_msgs/px4_msgs/msg/detail/vehicle_land_detected__rosidl_typesupport_fastrtps_cpp.hpp\n'}
[1.551019] (px4_msgs) StdoutLine: {'line': b'-- Up-to-date: /home/mcfb/ros2_ws/install/px4_msgs/include/px4_msgs/px4_msgs/msg/detail/estimator_innovations__rosidl_typesupport_fastrtps_cpp.hpp\n'}
[1.551088] (px4_msgs) StdoutLine: {'line': b'-- Up-to-date: /home/mcfb/ros2_ws/install/px4_msgs/include/px4_msgs/px4_msgs/msg/detail/dataman_response__rosidl_typesupport_fastrtps_cpp.hpp\n'}
[1.551154] (px4_msgs) StdoutLine: {'line': b'-- Up-to-date: /home/mcfb/ros2_ws/install/px4_msgs/include/px4_msgs/px4_msgs/msg/detail/control_allocator_status__rosidl_typesupport_fastrtps_cpp.hpp\n'}
[1.551232] (px4_msgs) StdoutLine: {'line': b'-- Up-to-date: /home/mcfb/ros2_ws/install/px4_msgs/include/px4_msgs/px4_msgs/msg/detail/irlock_report__rosidl_typesupport_fastrtps_cpp.hpp\n'}
[1.551306] (px4_msgs) StdoutLine: {'line': b'-- Up-to-date: /home/mcfb/ros2_ws/install/px4_msgs/include/px4_msgs/px4_msgs/msg/detail/vehicle_command__rosidl_typesupport_fastrtps_cpp.hpp\n'}
[1.551395] (px4_msgs) StdoutLine: {'line': b'-- Up-to-date: /home/mcfb/ros2_ws/install/px4_msgs/include/px4_msgs/px4_msgs/msg/detail/gimbal_device_attitude_status__rosidl_typesupport_fastrtps_cpp.hpp\n'}
[1.551468] (px4_msgs) StdoutLine: {'line': b'-- Up-to-date: /home/mcfb/ros2_ws/install/px4_msgs/include/px4_msgs/px4_msgs/msg/detail/vehicle_optical_flow__rosidl_typesupport_fastrtps_cpp.hpp\n'}
[1.551558] (px4_msgs) StdoutLine: {'line': b'-- Up-to-date: /home/mcfb/ros2_ws/install/px4_msgs/include/px4_msgs/px4_msgs/msg/detail/power_monitor__rosidl_typesupport_fastrtps_cpp.hpp\n'}
[1.551638] (px4_msgs) StdoutLine: {'line': b'-- Up-to-date: /home/mcfb/ros2_ws/install/px4_msgs/include/px4_msgs/px4_msgs/msg/detail/estimator_bias__rosidl_typesupport_fastrtps_cpp.hpp\n'}
[1.551719] (px4_msgs) StdoutLine: {'line': b'-- Up-to-date: /home/mcfb/ros2_ws/install/px4_msgs/include/px4_msgs/px4_msgs/msg/detail/vehicle_control_mode__rosidl_typesupport_fastrtps_cpp.hpp\n'}
[1.551794] (px4_msgs) StdoutLine: {'line': b'-- Up-to-date: /home/mcfb/ros2_ws/install/px4_msgs/include/px4_msgs/px4_msgs/msg/detail/gpio_out__rosidl_typesupport_fastrtps_cpp.hpp\n'}
[1.551868] (px4_msgs) StdoutLine: {'line': b'-- Up-to-date: /home/mcfb/ros2_ws/install/px4_msgs/include/px4_msgs/px4_msgs/msg/detail/manual_control_switches__rosidl_typesupport_fastrtps_cpp.hpp\n'}
[1.551943] (px4_msgs) StdoutLine: {'line': b'-- Up-to-date: /home/mcfb/ros2_ws/install/px4_msgs/include/px4_msgs/px4_msgs/msg/detail/vehicle_constraints__rosidl_typesupport_fastrtps_cpp.hpp\n'}
[1.552017] (px4_msgs) StdoutLine: {'line': b'-- Up-to-date: /home/mcfb/ros2_ws/install/px4_msgs/include/px4_msgs/px4_msgs/msg/detail/gimbal_controls__rosidl_typesupport_fastrtps_cpp.hpp\n'}
[1.552094] (px4_msgs) StdoutLine: {'line': b'-- Up-to-date: /home/mcfb/ros2_ws/install/px4_msgs/include/px4_msgs/px4_msgs/msg/detail/battery_info__rosidl_typesupport_fastrtps_cpp.hpp\n'}
[1.552175] (px4_msgs) StdoutLine: {'line': b'-- Up-to-date: /home/mcfb/ros2_ws/install/px4_msgs/include/px4_msgs/px4_msgs/msg/detail/fixed_wing_lateral_setpoint__rosidl_typesupport_fastrtps_cpp.hpp\n'}
[1.552251] (px4_msgs) StdoutLine: {'line': b'-- Up-to-date: /home/mcfb/ros2_ws/install/px4_msgs/include/px4_msgs/px4_msgs/msg/detail/sensor_gyro_fft__rosidl_typesupport_fastrtps_cpp.hpp\n'}
[1.552333] (px4_msgs) StdoutLine: {'line': b'-- Up-to-date: /home/mcfb/ros2_ws/install/px4_msgs/include/px4_msgs/px4_msgs/msg/detail/landing_gear__rosidl_typesupport_fastrtps_cpp.hpp\n'}
[1.552407] (px4_msgs) StdoutLine: {'line': b'-- Up-to-date: /home/mcfb/ros2_ws/install/px4_msgs/include/px4_msgs/px4_msgs/msg/detail/estimator_gps_status__rosidl_typesupport_fastrtps_cpp.hpp\n'}
[1.552575] (px4_msgs) StdoutLine: {'line': b'-- Up-to-date: /home/mcfb/ros2_ws/install/px4_msgs/include/px4_msgs/px4_msgs/msg/detail/vehicle_odometry__rosidl_typesupport_fastrtps_cpp.hpp\n'}
[1.552651] (px4_msgs) StdoutLine: {'line': b'-- Up-to-date: /home/mcfb/ros2_ws/install/px4_msgs/include/px4_msgs/px4_msgs/msg/detail/vtol_vehicle_status__rosidl_typesupport_fastrtps_cpp.hpp\n'}
[1.552725] (px4_msgs) StdoutLine: {'line': b'-- Up-to-date: /home/mcfb/ros2_ws/install/px4_msgs/include/px4_msgs/px4_msgs/msg/detail/sensors_status__rosidl_typesupport_fastrtps_cpp.hpp\n'}
[1.552801] (px4_msgs) StdoutLine: {'line': b'-- Up-to-date: /home/mcfb/ros2_ws/install/px4_msgs/include/px4_msgs/px4_msgs/msg/detail/follow_target_estimator__rosidl_typesupport_fastrtps_cpp.hpp\n'}
[1.552878] (px4_msgs) StdoutLine: {'line': b'-- Up-to-date: /home/mcfb/ros2_ws/install/px4_msgs/include/px4_msgs/px4_msgs/msg/detail/log_message__rosidl_typesupport_fastrtps_cpp.hpp\n'}
[1.552955] (px4_msgs) StdoutLine: {'line': b'-- Up-to-date: /home/mcfb/ros2_ws/install/px4_msgs/include/px4_msgs/px4_msgs/msg/detail/arming_check_request__rosidl_typesupport_fastrtps_cpp.hpp\n'}
[1.553054] (px4_msgs) StdoutLine: {'line': b'-- Up-to-date: /home/mcfb/ros2_ws/install/px4_msgs/include/px4_msgs/px4_msgs/msg/detail/debug_vect__rosidl_typesupport_fastrtps_cpp.hpp\n'}
[1.553133] (px4_msgs) StdoutLine: {'line': b'-- Up-to-date: /home/mcfb/ros2_ws/install/px4_msgs/include/px4_msgs/px4_msgs/msg/detail/mag_worker_data__rosidl_typesupport_fastrtps_cpp.hpp\n'}
[1.553208] (px4_msgs) StdoutLine: {'line': b'-- Up-to-date: /home/mcfb/ros2_ws/install/px4_msgs/include/px4_msgs/px4_msgs/msg/detail/gps_inject_data__rosidl_typesupport_fastrtps_cpp.hpp\n'}
[1.553281] (px4_msgs) StdoutLine: {'line': b'-- Up-to-date: /home/mcfb/ros2_ws/install/px4_msgs/include/px4_msgs/px4_msgs/msg/detail/tecs_status__rosidl_typesupport_fastrtps_cpp.hpp\n'}
[1.553359] (px4_msgs) StdoutLine: {'line': b'-- Up-to-date: /home/mcfb/ros2_ws/install/px4_msgs/include/px4_msgs/px4_msgs/msg/detail/vehicle_attitude_setpoint__rosidl_typesupport_fastrtps_cpp.hpp\n'}
[1.553427] (px4_msgs) StdoutLine: {'line': b'-- Up-to-date: /home/mcfb/ros2_ws/install/px4_msgs/include/px4_msgs/px4_msgs/msg/detail/event__rosidl_typesupport_fastrtps_cpp.hpp\n'}
[1.553517] (px4_msgs) StdoutLine: {'line': b'-- Up-to-date: /home/mcfb/ros2_ws/install/px4_msgs/include/px4_msgs/px4_msgs/msg/detail/rc_channels__rosidl_typesupport_fastrtps_cpp.hpp\n'}
[1.553583] (px4_msgs) StdoutLine: {'line': b'-- Up-to-date: /home/mcfb/ros2_ws/install/px4_msgs/include/px4_msgs/px4_msgs/msg/detail/debug_key_value__rosidl_typesupport_fastrtps_cpp.hpp\n'}
[1.553655] (px4_msgs) StdoutLine: {'line': b'-- Up-to-date: /home/mcfb/ros2_ws/install/px4_msgs/include/px4_msgs/px4_msgs/msg/detail/timesync_status__rosidl_typesupport_fastrtps_cpp.hpp\n'}
[1.553729] (px4_msgs) StdoutLine: {'line': b'-- Up-to-date: /home/mcfb/ros2_ws/install/px4_msgs/include/px4_msgs/px4_msgs/msg/detail/rover_steering_setpoint__rosidl_typesupport_fastrtps_cpp.hpp\n'}
[1.553823] (px4_msgs) StdoutLine: {'line': b'-- Up-to-date: /home/mcfb/ros2_ws/install/px4_msgs/include/px4_msgs/px4_msgs/msg/detail/longitudinal_control_configuration__rosidl_typesupport_fastrtps_cpp.hpp\n'}
[1.553899] (px4_msgs) StdoutLine: {'line': b'-- Up-to-date: /home/mcfb/ros2_ws/install/px4_msgs/include/px4_msgs/px4_msgs/msg/detail/rpm__rosidl_typesupport_fastrtps_cpp.hpp\n'}
[1.553971] (px4_msgs) StdoutLine: {'line': b'-- Up-to-date: /home/mcfb/ros2_ws/install/px4_msgs/include/px4_msgs/px4_msgs/msg/detail/parameter_reset_request__rosidl_typesupport_fastrtps_cpp.hpp\n'}
[1.554049] (px4_msgs) StdoutLine: {'line': b'-- Up-to-date: /home/mcfb/ros2_ws/install/px4_msgs/include/px4_msgs/px4_msgs/msg/detail/sensor_selection__rosidl_typesupport_fastrtps_cpp.hpp\n'}
[1.554127] (px4_msgs) StdoutLine: {'line': b'-- Up-to-date: /home/mcfb/ros2_ws/install/px4_msgs/include/px4_msgs/px4_msgs/msg/detail/wind__rosidl_typesupport_fastrtps_cpp.hpp\n'}
[1.554204] (px4_msgs) StdoutLine: {'line': b'-- Up-to-date: /home/mcfb/ros2_ws/install/px4_msgs/include/px4_msgs/px4_msgs/msg/detail/rover_attitude_setpoint__rosidl_typesupport_fastrtps_cpp.hpp\n'}
[1.554281] (px4_msgs) StdoutLine: {'line': b'-- Up-to-date: /home/mcfb/ros2_ws/install/px4_msgs/include/px4_msgs/px4_msgs/msg/detail/position_setpoint_triplet__rosidl_typesupport_fastrtps_cpp.hpp\n'}
[1.554364] (px4_msgs) StdoutLine: {'line': b'-- Up-to-date: /home/mcfb/ros2_ws/install/px4_msgs/include/px4_msgs/px4_msgs/msg/detail/vehicle_local_position_setpoint__rosidl_typesupport_fastrtps_cpp.hpp\n'}
[1.554438] (px4_msgs) StdoutLine: {'line': b'-- Up-to-date: /home/mcfb/ros2_ws/install/px4_msgs/include/px4_msgs/px4_msgs/msg/detail/vehicle_imu__rosidl_typesupport_fastrtps_cpp.hpp\n'}
[1.554514] (px4_msgs) StdoutLine: {'line': b'-- Up-to-date: /home/mcfb/ros2_ws/install/px4_msgs/include/px4_msgs/px4_msgs/msg/detail/gripper__rosidl_typesupport_fastrtps_cpp.hpp\n'}
[1.554595] (px4_msgs) StdoutLine: {'line': b'-- Up-to-date: /home/mcfb/ros2_ws/install/px4_msgs/include/px4_msgs/px4_msgs/msg/detail/satellite_info__rosidl_typesupport_fastrtps_cpp.hpp\n'}
[1.554672] (px4_msgs) StdoutLine: {'line': b'-- Up-to-date: /home/mcfb/ros2_ws/install/px4_msgs/include/px4_msgs/px4_msgs/msg/detail/wheel_encoders__rosidl_typesupport_fastrtps_cpp.hpp\n'}
[1.554786] (px4_msgs) StdoutLine: {'line': b'-- Up-to-date: /home/mcfb/ros2_ws/install/px4_msgs/include/px4_msgs/px4_msgs/msg/detail/rc_parameter_map__rosidl_typesupport_fastrtps_cpp.hpp\n'}
[1.554860] (px4_msgs) StdoutLine: {'line': b'-- Up-to-date: /home/mcfb/ros2_ws/install/px4_msgs/include/px4_msgs/px4_msgs/msg/detail/rtl_time_estimate__rosidl_typesupport_fastrtps_cpp.hpp\n'}
[1.554939] (px4_msgs) StdoutLine: {'line': b'-- Up-to-date: /home/mcfb/ros2_ws/install/px4_msgs/include/px4_msgs/px4_msgs/msg/detail/magnetometer_bias_estimate__rosidl_typesupport_fastrtps_cpp.hpp\n'}
[1.555015] (px4_msgs) StdoutLine: {'line': b'-- Up-to-date: /home/mcfb/ros2_ws/install/px4_msgs/include/px4_msgs/px4_msgs/msg/detail/rover_speed_setpoint__rosidl_typesupport_fastrtps_cpp.hpp\n'}
[1.555109] (px4_msgs) StdoutLine: {'line': b'-- Up-to-date: /home/mcfb/ros2_ws/install/px4_msgs/include/px4_msgs/px4_msgs/msg/detail/manual_control_setpoint__rosidl_typesupport_fastrtps_cpp.hpp\n'}
[1.555190] (px4_msgs) StdoutLine: {'line': b'-- Up-to-date: /home/mcfb/ros2_ws/install/px4_msgs/include/px4_msgs/px4_msgs/msg/detail/sensors_status_imu__rosidl_typesupport_fastrtps_cpp.hpp\n'}
[1.555265] (px4_msgs) StdoutLine: {'line': b'-- Up-to-date: /home/mcfb/ros2_ws/install/px4_msgs/include/px4_msgs/px4_msgs/msg/detail/generator_status__rosidl_typesupport_fastrtps_cpp.hpp\n'}
[1.555365] (px4_msgs) StdoutLine: {'line': b'-- Up-to-date: /home/mcfb/ros2_ws/install/px4_msgs/include/px4_msgs/px4_msgs/msg/detail/vehicle_thrust_setpoint__rosidl_typesupport_fastrtps_cpp.hpp\n'}
[1.555438] (px4_msgs) StdoutLine: {'line': b'-- Up-to-date: /home/mcfb/ros2_ws/install/px4_msgs/include/px4_msgs/px4_msgs/msg/detail/mission_result__rosidl_typesupport_fastrtps_cpp.hpp\n'}
[1.555508] (px4_msgs) StdoutLine: {'line': b'-- Up-to-date: /home/mcfb/ros2_ws/install/px4_msgs/include/px4_msgs/px4_msgs/msg/detail/figure_eight_status__rosidl_typesupport_fastrtps_cpp.hpp\n'}
[1.555590] (px4_msgs) StdoutLine: {'line': b'-- Up-to-date: /home/mcfb/ros2_ws/install/px4_msgs/include/px4_msgs/px4_msgs/msg/detail/qshell_req__rosidl_typesupport_fastrtps_cpp.hpp\n'}
[1.555668] (px4_msgs) StdoutLine: {'line': b'-- Up-to-date: /home/mcfb/ros2_ws/install/px4_msgs/include/px4_msgs/px4_msgs/msg/detail/rover_rate_setpoint__rosidl_typesupport_fastrtps_cpp.hpp\n'}
[1.555743] (px4_msgs) StdoutLine: {'line': b'-- Up-to-date: /home/mcfb/ros2_ws/install/px4_msgs/include/px4_msgs/px4_msgs/msg/detail/open_drone_id_system__rosidl_typesupport_fastrtps_cpp.hpp\n'}
[1.555815] (px4_msgs) StdoutLine: {'line': b'-- Up-to-date: /home/mcfb/ros2_ws/install/px4_msgs/include/px4_msgs/px4_msgs/msg/detail/sensor_hygrometer__rosidl_typesupport_fastrtps_cpp.hpp\n'}
[1.555889] (px4_msgs) StdoutLine: {'line': b'-- Up-to-date: /home/mcfb/ros2_ws/install/px4_msgs/include/px4_msgs/px4_msgs/msg/detail/parameter_set_used_request__rosidl_typesupport_fastrtps_cpp.hpp\n'}
[1.555964] (px4_msgs) StdoutLine: {'line': b'-- Up-to-date: /home/mcfb/ros2_ws/install/px4_msgs/include/px4_msgs/px4_msgs/msg/detail/can_interface_status__rosidl_typesupport_fastrtps_cpp.hpp\n'}
[1.556041] (px4_msgs) StdoutLine: {'line': b'-- Up-to-date: /home/mcfb/ros2_ws/install/px4_msgs/include/px4_msgs/px4_msgs/msg/detail/internal_combustion_engine_control__rosidl_typesupport_fastrtps_cpp.hpp\n'}
[1.556115] (px4_msgs) StdoutLine: {'line': b'-- Up-to-date: /home/mcfb/ros2_ws/install/px4_msgs/include/px4_msgs/px4_msgs/msg/detail/flight_phase_estimation__rosidl_typesupport_fastrtps_cpp.hpp\n'}
[1.556190] (px4_msgs) StdoutLine: {'line': b'-- Up-to-date: /home/mcfb/ros2_ws/install/px4_msgs/include/px4_msgs/px4_msgs/msg/detail/camera_capture__rosidl_typesupport_fastrtps_cpp.hpp\n'}
[1.556265] (px4_msgs) StdoutLine: {'line': b'-- Up-to-date: /home/mcfb/ros2_ws/install/px4_msgs/include/px4_msgs/px4_msgs/msg/detail/sensor_gyro__rosidl_typesupport_fastrtps_cpp.hpp\n'}
[1.556347] (px4_msgs) StdoutLine: {'line': b'-- Up-to-date: /home/mcfb/ros2_ws/install/px4_msgs/include/px4_msgs/px4_msgs/msg/detail/qshell_retval__rosidl_typesupport_fastrtps_cpp.hpp\n'}
[1.556426] (px4_msgs) StdoutLine: {'line': b'-- Up-to-date: /home/mcfb/ros2_ws/install/px4_msgs/include/px4_msgs/px4_msgs/msg/detail/ulog_stream__rosidl_typesupport_fastrtps_cpp.hpp\n'}
[1.556491] (px4_msgs) StdoutLine: {'line': b'-- Up-to-date: /home/mcfb/ros2_ws/install/px4_msgs/include/px4_msgs/px4_msgs/msg/detail/estimator_aid_source1d__rosidl_typesupport_fastrtps_cpp.hpp\n'}
[1.556561] (px4_msgs) StdoutLine: {'line': b'-- Up-to-date: /home/mcfb/ros2_ws/install/px4_msgs/include/px4_msgs/px4_msgs/msg/detail/mount_orientation__rosidl_typesupport_fastrtps_cpp.hpp\n'}
[1.556634] (px4_msgs) StdoutLine: {'line': b'-- Up-to-date: /home/mcfb/ros2_ws/install/px4_msgs/include/px4_msgs/px4_msgs/msg/detail/parameter_set_value_request__rosidl_typesupport_fastrtps_cpp.hpp\n'}
[1.556706] (px4_msgs) StdoutLine: {'line': b'-- Up-to-date: /home/mcfb/ros2_ws/install/px4_msgs/include/px4_msgs/px4_msgs/msg/detail/register_ext_component_reply__rosidl_typesupport_fastrtps_cpp.hpp\n'}
[1.556781] (px4_msgs) StdoutLine: {'line': b'-- Up-to-date: /home/mcfb/ros2_ws/install/px4_msgs/include/px4_msgs/px4_msgs/msg/detail/differential_pressure__rosidl_typesupport_fastrtps_cpp.hpp\n'}
[1.556853] (px4_msgs) StdoutLine: {'line': b'-- Up-to-date: /home/mcfb/ros2_ws/install/px4_msgs/include/px4_msgs/px4_msgs/msg/detail/actuator_armed__rosidl_typesupport_fastrtps_cpp.hpp\n'}
[1.556923] (px4_msgs) StdoutLine: {'line': b'-- Up-to-date: /home/mcfb/ros2_ws/install/px4_msgs/include/px4_msgs/px4_msgs/msg/detail/position_controller_landing_status__rosidl_typesupport_fastrtps_cpp.hpp\n'}
[1.556996] (px4_msgs) StdoutLine: {'line': b'-- Up-to-date: /home/mcfb/ros2_ws/install/px4_msgs/include/px4_msgs/px4_msgs/msg/detail/uavcan_parameter_request__rosidl_typesupport_fastrtps_cpp.hpp\n'}
[1.557069] (px4_msgs) StdoutLine: {'line': b'-- Up-to-date: /home/mcfb/ros2_ws/install/px4_msgs/include/px4_msgs/px4_msgs/msg/detail/cpuload__rosidl_typesupport_fastrtps_cpp.hpp\n'}
[1.557141] (px4_msgs) StdoutLine: {'line': b'-- Up-to-date: /home/mcfb/ros2_ws/install/px4_msgs/include/px4_msgs/px4_msgs/msg/detail/vehicle_optical_flow_vel__rosidl_typesupport_fastrtps_cpp.hpp\n'}
[1.557219] (px4_msgs) StdoutLine: {'line': b'-- Up-to-date: /home/mcfb/ros2_ws/install/px4_msgs/include/px4_msgs/px4_msgs/msg/detail/rover_position_setpoint__rosidl_typesupport_fastrtps_cpp.hpp\n'}
[1.557297] (px4_msgs) StdoutLine: {'line': b'-- Up-to-date: /home/mcfb/ros2_ws/install/px4_msgs/include/px4_msgs/px4_msgs/msg/detail/sensor_optical_flow__rosidl_typesupport_fastrtps_cpp.hpp\n'}
[1.557378] (px4_msgs) StdoutLine: {'line': b'-- Up-to-date: /home/mcfb/ros2_ws/install/px4_msgs/include/px4_msgs/px4_msgs/msg/detail/debug_array__rosidl_typesupport_fastrtps_cpp.hpp\n'}
[1.557451] (px4_msgs) StdoutLine: {'line': b'-- Up-to-date: /home/mcfb/ros2_ws/install/px4_msgs/include/px4_msgs/px4_msgs/msg/detail/orb_test_medium__rosidl_typesupport_fastrtps_cpp.hpp\n'}
[1.557523] (px4_msgs) StdoutLine: {'line': b'-- Up-to-date: /home/mcfb/ros2_ws/install/px4_msgs/include/px4_msgs/px4_msgs/msg/detail/estimator_selector_status__rosidl_typesupport_fastrtps_cpp.hpp\n'}
[1.557596] (px4_msgs) StdoutLine: {'line': b'-- Up-to-date: /home/mcfb/ros2_ws/install/px4_msgs/include/px4_msgs/px4_msgs/msg/detail/gpio_request__rosidl_typesupport_fastrtps_cpp.hpp\n'}
[1.557670] (px4_msgs) StdoutLine: {'line': b'-- Up-to-date: /home/mcfb/ros2_ws/install/px4_msgs/include/px4_msgs/px4_msgs/msg/detail/follow_target_status__rosidl_typesupport_fastrtps_cpp.hpp\n'}
[1.557744] (px4_msgs) StdoutLine: {'line': b'-- Up-to-date: /home/mcfb/ros2_ws/install/px4_msgs/include/px4_msgs/px4_msgs/msg/detail/launch_detection_status__rosidl_typesupport_fastrtps_cpp.hpp\n'}
[1.557818] (px4_msgs) StdoutLine: {'line': b'-- Up-to-date: /home/mcfb/ros2_ws/install/px4_msgs/include/px4_msgs/px4_msgs/msg/detail/health_report__rosidl_typesupport_fastrtps_cpp.hpp\n'}
[1.557893] (px4_msgs) StdoutLine: {'line': b'-- Up-to-date: /home/mcfb/ros2_ws/install/px4_msgs/include/px4_msgs/px4_msgs/msg/detail/collision_constraints__rosidl_typesupport_fastrtps_cpp.hpp\n'}
[1.557973] (px4_msgs) StdoutLine: {'line': b'-- Up-to-date: /home/mcfb/ros2_ws/install/px4_msgs/include/px4_msgs/px4_msgs/msg/detail/home_position__rosidl_typesupport_fastrtps_cpp.hpp\n'}
[1.558050] (px4_msgs) StdoutLine: {'line': b'-- Up-to-date: /home/mcfb/ros2_ws/install/px4_msgs/include/px4_msgs/px4_msgs/msg/detail/offboard_control_mode__rosidl_typesupport_fastrtps_cpp.hpp\n'}
[1.558126] (px4_msgs) StdoutLine: {'line': b'-- Up-to-date: /home/mcfb/ros2_ws/install/px4_msgs/include/px4_msgs/px4_msgs/msg/detail/mission__rosidl_typesupport_fastrtps_cpp.hpp\n'}
[1.558200] (px4_msgs) StdoutLine: {'line': b'-- Up-to-date: /home/mcfb/ros2_ws/install/px4_msgs/include/px4_msgs/px4_msgs/msg/detail/onboard_computer_status__rosidl_typesupport_fastrtps_cpp.hpp\n'}
[1.558276] (px4_msgs) StdoutLine: {'line': b'-- Up-to-date: /home/mcfb/ros2_ws/install/px4_msgs/include/px4_msgs/px4_msgs/msg/detail/gimbal_manager_set_manual_control__rosidl_typesupport_fastrtps_cpp.hpp\n'}
[1.558443] (px4_msgs) StdoutLine: {'line': b'-- Up-to-date: /home/mcfb/ros2_ws/install/px4_msgs/include/px4_msgs/px4_msgs/msg/detail/transponder_report__rosidl_typesupport_fastrtps_cpp.hpp\n'}
[1.558523] (px4_msgs) StdoutLine: {'line': b'-- Up-to-date: /home/mcfb/ros2_ws/install/px4_msgs/include/px4_msgs/px4_msgs/msg/detail/heater_status__rosidl_typesupport_fastrtps_cpp.hpp\n'}
[1.558595] (px4_msgs) StdoutLine: {'line': b'-- Up-to-date: /home/mcfb/ros2_ws/install/px4_msgs/include/px4_msgs/px4_msgs/msg/detail/vehicle_torque_setpoint__rosidl_typesupport_fastrtps_cpp.hpp\n'}
[1.558684] (px4_msgs) StdoutLine: {'line': b'-- Up-to-date: /home/mcfb/ros2_ws/install/px4_msgs/include/px4_msgs/px4_msgs/msg/detail/sensor_gps__rosidl_typesupport_fastrtps_cpp.hpp\n'}
[1.558775] (px4_msgs) StdoutLine: {'line': b'-- Up-to-date: /home/mcfb/ros2_ws/install/px4_msgs/include/px4_msgs/px4_msgs/msg/detail/ulog_stream_ack__rosidl_typesupport_fastrtps_cpp.hpp\n'}
[1.558863] (px4_msgs) StdoutLine: {'line': b'-- Up-to-date: /home/mcfb/ros2_ws/install/px4_msgs/include/px4_msgs/px4_msgs/msg/detail/vehicle_roi__rosidl_typesupport_fastrtps_cpp.hpp\n'}
[1.558949] (px4_msgs) StdoutLine: {'line': b'-- Up-to-date: /home/mcfb/ros2_ws/install/px4_msgs/include/px4_msgs/px4_msgs/msg/detail/message_format_request__rosidl_typesupport_fastrtps_cpp.hpp\n'}
[1.559087] (px4_msgs) StdoutLine: {'line': b'-- Up-to-date: /home/mcfb/ros2_ws/install/px4_msgs/include/px4_msgs/px4_msgs/msg/detail/orb_test__rosidl_typesupport_fastrtps_cpp.hpp\n'}
[1.559158] (px4_msgs) StdoutLine: {'line': b'-- Up-to-date: /home/mcfb/ros2_ws/install/px4_msgs/include/px4_msgs/px4_msgs/msg/detail/velocity_limits__rosidl_typesupport_fastrtps_cpp.hpp\n'}
[1.559232] (px4_msgs) StdoutLine: {'line': b'-- Up-to-date: /home/mcfb/ros2_ws/install/px4_msgs/include/px4_msgs/px4_msgs/msg/detail/neural_control__rosidl_typesupport_fastrtps_cpp.hpp\n'}
[1.559363] (px4_msgs) StdoutLine: {'line': b'-- Up-to-date: /home/mcfb/ros2_ws/install/px4_msgs/include/px4_msgs/px4_msgs/msg/detail/yaw_estimator_status__rosidl_typesupport_fastrtps_cpp.hpp\n'}
[1.559436] (px4_msgs) StdoutLine: {'line': b'-- Up-to-date: /home/mcfb/ros2_ws/install/px4_msgs/include/px4_msgs/px4_msgs/msg/detail/estimator_sensor_bias__rosidl_typesupport_fastrtps_cpp.hpp\n'}
[1.559515] (px4_msgs) StdoutLine: {'line': b'-- Up-to-date: /home/mcfb/ros2_ws/install/px4_msgs/include/px4_msgs/px4_msgs/msg/detail/vehicle_rates_setpoint__rosidl_typesupport_fastrtps_cpp.hpp\n'}
[1.559624] (px4_msgs) StdoutLine: {'line': b'-- Up-to-date: /home/mcfb/ros2_ws/install/px4_msgs/include/px4_msgs/px4_msgs/msg/detail/actuator_servos_trim__rosidl_typesupport_fastrtps_cpp.hpp\n'}
[1.559695] (px4_msgs) StdoutLine: {'line': b'-- Up-to-date: /home/mcfb/ros2_ws/install/px4_msgs/include/px4_msgs/px4_msgs/msg/detail/lateral_control_configuration__rosidl_typesupport_fastrtps_cpp.hpp\n'}
[1.559761] (px4_msgs) StdoutLine: {'line': b'-- Up-to-date: /home/mcfb/ros2_ws/install/px4_msgs/include/px4_msgs/px4_msgs/msg/detail/power_button_state__rosidl_typesupport_fastrtps_cpp.hpp\n'}
[1.559866] (px4_msgs) StdoutLine: {'line': b'-- Up-to-date: /home/mcfb/ros2_ws/install/px4_msgs/include/px4_msgs/px4_msgs/msg/detail/goto_setpoint__rosidl_typesupport_fastrtps_cpp.hpp\n'}
[1.559947] (px4_msgs) StdoutLine: {'line': b'-- Up-to-date: /home/mcfb/ros2_ws/install/px4_msgs/include/px4_msgs/px4_msgs/msg/detail/follow_target__rosidl_typesupport_fastrtps_cpp.hpp\n'}
[1.560022] (px4_msgs) StdoutLine: {'line': b'-- Up-to-date: /home/mcfb/ros2_ws/install/px4_msgs/include/px4_msgs/px4_msgs/msg/detail/landing_target_pose__rosidl_typesupport_fastrtps_cpp.hpp\n'}
[1.560096] (px4_msgs) StdoutLine: {'line': b'-- Up-to-date: /home/mcfb/ros2_ws/install/px4_msgs/include/px4_msgs/px4_msgs/msg/detail/landing_target_innovations__rosidl_typesupport_fastrtps_cpp.hpp\n'}
[1.560170] (px4_msgs) StdoutLine: {'line': b'-- Up-to-date: /home/mcfb/ros2_ws/install/px4_msgs/include/px4_msgs/px4_msgs/msg/detail/position_setpoint__rosidl_typesupport_fastrtps_cpp.hpp\n'}
[1.560270] (px4_msgs) StdoutLine: {'line': b'-- Up-to-date: /home/mcfb/ros2_ws/install/px4_msgs/include/px4_msgs/px4_msgs/msg/detail/open_drone_id_arm_status__rosidl_typesupport_fastrtps_cpp.hpp\n'}
[1.560355] (px4_msgs) StdoutLine: {'line': b'-- Up-to-date: /home/mcfb/ros2_ws/install/px4_msgs/include/px4_msgs/px4_msgs/msg/detail/sensor_correction__rosidl_typesupport_fastrtps_cpp.hpp\n'}
[1.560430] (px4_msgs) StdoutLine: {'line': b'-- Up-to-date: /home/mcfb/ros2_ws/install/px4_msgs/include/px4_msgs/px4_msgs/msg/detail/parameter_update__rosidl_typesupport_fastrtps_cpp.hpp\n'}
[1.560504] (px4_msgs) StdoutLine: {'line': b'-- Up-to-date: /home/mcfb/ros2_ws/install/px4_msgs/include/px4_msgs/px4_msgs/msg/detail/system_power__rosidl_typesupport_fastrtps_cpp.hpp\n'}
[1.560575] (px4_msgs) StdoutLine: {'line': b'-- Up-to-date: /home/mcfb/ros2_ws/install/px4_msgs/include/px4_msgs/px4_msgs/msg/detail/rover_rate_status__rosidl_typesupport_fastrtps_cpp.hpp\n'}
[1.560648] (px4_msgs) StdoutLine: {'line': b'-- Up-to-date: /home/mcfb/ros2_ws/install/px4_msgs/include/px4_msgs/px4_msgs/msg/detail/logger_status__rosidl_typesupport_fastrtps_cpp.hpp\n'}
[1.560759] (px4_msgs) StdoutLine: {'line': b'-- Up-to-date: /home/mcfb/ros2_ws/install/px4_msgs/include/px4_msgs/px4_msgs/msg/detail/gimbal_manager_set_attitude__rosidl_typesupport_fastrtps_cpp.hpp\n'}
[1.560831] (px4_msgs) StdoutLine: {'line': b'-- Up-to-date: /home/mcfb/ros2_ws/install/px4_msgs/include/px4_msgs/px4_msgs/msg/detail/sensor_gyro_fifo__rosidl_typesupport_fastrtps_cpp.hpp\n'}
[1.560903] (px4_msgs) StdoutLine: {'line': b'-- Up-to-date: /home/mcfb/ros2_ws/install/px4_msgs/include/px4_msgs/px4_msgs/msg/detail/geofence_status__rosidl_typesupport_fastrtps_cpp.hpp\n'}
[1.561009] (px4_msgs) StdoutLine: {'line': b'-- Up-to-date: /home/mcfb/ros2_ws/install/px4_msgs/include/px4_msgs/px4_msgs/msg/detail/actuator_controls_status__rosidl_typesupport_fastrtps_cpp.hpp\n'}
[1.561086] (px4_msgs) StdoutLine: {'line': b'-- Up-to-date: /home/mcfb/ros2_ws/install/px4_msgs/include/px4_msgs/px4_msgs/msg/detail/rover_attitude_status__rosidl_typesupport_fastrtps_cpp.hpp\n'}
[1.561162] (px4_msgs) StdoutLine: {'line': b'-- Up-to-date: /home/mcfb/ros2_ws/install/px4_msgs/include/px4_msgs/px4_msgs/msg/detail/distance_sensor__rosidl_typesupport_fastrtps_cpp.hpp\n'}
[1.561263] (px4_msgs) StdoutLine: {'line': b'-- Up-to-date: /home/mcfb/ros2_ws/install/px4_msgs/include/px4_msgs/px4_msgs/msg/detail/pure_pursuit_status__rosidl_typesupport_fastrtps_cpp.hpp\n'}
[1.561342] (px4_msgs) StdoutLine: {'line': b'-- Up-to-date: /home/mcfb/ros2_ws/install/px4_msgs/include/px4_msgs/px4_msgs/msg/detail/rate_ctrl_status__rosidl_typesupport_fastrtps_cpp.hpp\n'}
[1.561416] (px4_msgs) StdoutLine: {'line': b'-- Up-to-date: /home/mcfb/ros2_ws/install/px4_msgs/include/px4_msgs/px4_msgs/msg/detail/rover_speed_status__rosidl_typesupport_fastrtps_cpp.hpp\n'}
[1.561487] (px4_msgs) StdoutLine: {'line': b'-- Up-to-date: /home/mcfb/ros2_ws/install/px4_msgs/include/px4_msgs/px4_msgs/msg/detail/button_event__rosidl_typesupport_fastrtps_cpp.hpp\n'}
[1.561562] (px4_msgs) StdoutLine: {'line': b'-- Up-to-date: /home/mcfb/ros2_ws/install/px4_msgs/include/px4_msgs/px4_msgs/msg/detail/tiltrotor_extra_controls__rosidl_typesupport_fastrtps_cpp.hpp\n'}
[1.561693] (px4_msgs) StdoutLine: {'line': b'-- Up-to-date: /home/mcfb/ros2_ws/install/px4_msgs/include/px4_msgs/px4_msgs/msg/detail/uavcan_parameter_value__rosidl_typesupport_fastrtps_cpp.hpp\n'}
[1.561768] (px4_msgs) StdoutLine: {'line': b'-- Up-to-date: /home/mcfb/ros2_ws/install/px4_msgs/include/px4_msgs/px4_msgs/msg/detail/vehicle_attitude__rosidl_typesupport_fastrtps_cpp.hpp\n'}
[1.561837] (px4_msgs) StdoutLine: {'line': b'-- Up-to-date: /home/mcfb/ros2_ws/install/px4_msgs/include/px4_msgs/px4_msgs/msg/detail/obstacle_distance__rosidl_typesupport_fastrtps_cpp.hpp\n'}
[1.561900] (px4_msgs) StdoutLine: {'line': b'-- Up-to-date: /home/mcfb/ros2_ws/install/px4_msgs/include/px4_msgs/px4_msgs/msg/detail/fixed_wing_runway_control__rosidl_typesupport_fastrtps_cpp.hpp\n'}
[1.561968] (px4_msgs) StdoutLine: {'line': b'-- Up-to-date: /home/mcfb/ros2_ws/install/px4_msgs/include/px4_msgs/px4_msgs/msg/detail/vehicle_magnetometer__rosidl_typesupport_fastrtps_cpp.hpp\n'}
[1.562075] (px4_msgs) StdoutLine: {'line': b'-- Up-to-date: /home/mcfb/ros2_ws/install/px4_msgs/include/px4_msgs/px4_msgs/msg/detail/parameter_set_value_response__rosidl_typesupport_fastrtps_cpp.hpp\n'}
[1.562150] (px4_msgs) StdoutLine: {'line': b'-- Up-to-date: /home/mcfb/ros2_ws/install/px4_msgs/include/px4_msgs/px4_msgs/msg/detail/gimbal_manager_information__rosidl_typesupport_fastrtps_cpp.hpp\n'}
[1.562218] (px4_msgs) StdoutLine: {'line': b'-- Up-to-date: /home/mcfb/ros2_ws/install/px4_msgs/include/px4_msgs/px4_msgs/msg/detail/vehicle_angular_velocity__rosidl_typesupport_fastrtps_cpp.hpp\n'}
[1.562285] (px4_msgs) StdoutLine: {'line': b'-- Up-to-date: /home/mcfb/ros2_ws/install/px4_msgs/include/px4_msgs/px4_msgs/msg/detail/cellular_status__rosidl_typesupport_fastrtps_cpp.hpp\n'}
[1.562408] (px4_msgs) StdoutLine: {'line': b'-- Up-to-date: /home/mcfb/ros2_ws/install/px4_msgs/include/px4_msgs/px4_msgs/msg/detail/sensor_uwb__rosidl_typesupport_fastrtps_cpp.hpp\n'}
[1.562477] (px4_msgs) StdoutLine: {'line': b'-- Up-to-date: /home/mcfb/ros2_ws/install/px4_msgs/include/px4_msgs/px4_msgs/msg/detail/arming_check_reply__rosidl_typesupport_fastrtps_cpp.hpp\n'}
[1.562540] (px4_msgs) StdoutLine: {'line': b'-- Up-to-date: /home/mcfb/ros2_ws/install/px4_msgs/include/px4_msgs/px4_msgs/msg/detail/estimator_status_flags__rosidl_typesupport_fastrtps_cpp.hpp\n'}
[1.562608] (px4_msgs) StdoutLine: {'line': b'-- Up-to-date: /home/mcfb/ros2_ws/install/px4_msgs/include/px4_msgs/px4_msgs/msg/detail/mode_completed__rosidl_typesupport_fastrtps_cpp.hpp\n'}
[1.562689] (px4_msgs) StdoutLine: {'line': b'-- Up-to-date: /home/mcfb/ros2_ws/install/px4_msgs/include/px4_msgs/px4_msgs/msg/detail/rover_throttle_setpoint__rosidl_typesupport_fastrtps_cpp.hpp\n'}
[1.562767] (px4_msgs) StdoutLine: {'line': b'-- Up-to-date: /home/mcfb/ros2_ws/install/px4_msgs/include/px4_msgs/px4_msgs/msg/detail/sensor_airflow__rosidl_typesupport_fastrtps_cpp.hpp\n'}
[1.562850] (px4_msgs) StdoutLine: {'line': b'-- Up-to-date: /home/mcfb/ros2_ws/install/px4_msgs/include/px4_msgs/px4_msgs/msg/detail/orbit_status__rosidl_typesupport_fastrtps_cpp.hpp\n'}
[1.562961] (px4_msgs) StdoutLine: {'line': b'-- Up-to-date: /home/mcfb/ros2_ws/install/px4_msgs/include/px4_msgs/px4_msgs/msg/detail/trajectory_setpoint6dof__rosidl_typesupport_fastrtps_cpp.hpp\n'}
[1.563021] (px4_msgs) StdoutLine: {'line': b'-- Up-to-date: /home/mcfb/ros2_ws/install/px4_msgs/include/px4_msgs/px4_msgs/msg/detail/navigator_status__rosidl_typesupport_fastrtps_cpp.hpp\n'}
[1.563094] (px4_msgs) StdoutLine: {'line': b'-- Up-to-date: /home/mcfb/ros2_ws/install/px4_msgs/include/px4_msgs/px4_msgs/msg/detail/dronecan_node_status__rosidl_typesupport_fastrtps_cpp.hpp\n'}
[1.563144] (px4_msgs) StdoutLine: {'line': b'-- Up-to-date: /home/mcfb/ros2_ws/install/px4_msgs/include/px4_msgs/px4_msgs/msg/detail/hover_thrust_estimate__rosidl_typesupport_fastrtps_cpp.hpp\n'}
[1.563193] (px4_msgs) StdoutLine: {'line': b'-- Up-to-date: /home/mcfb/ros2_ws/install/px4_msgs/include/px4_msgs/px4_msgs/msg/detail/radio_status__rosidl_typesupport_fastrtps_cpp.hpp\n'}
[1.563276] (px4_msgs) StdoutLine: {'line': b'-- Up-to-date: /home/mcfb/ros2_ws/install/px4_msgs/include/px4_msgs/px4_msgs/msg/detail/orb_test_large__rosidl_typesupport_fastrtps_cpp.hpp\n'}
[1.563331] (px4_msgs) StdoutLine: {'line': b'-- Up-to-date: /home/mcfb/ros2_ws/install/px4_msgs/include/px4_msgs/px4_msgs/msg/detail/actuator_test__rosidl_typesupport_fastrtps_cpp.hpp\n'}
[1.563385] (px4_msgs) StdoutLine: {'line': b'-- Up-to-date: /home/mcfb/ros2_ws/install/px4_msgs/include/px4_msgs/px4_msgs/msg/detail/geofence_result__rosidl_typesupport_fastrtps_cpp.hpp\n'}
[1.563439] (px4_msgs) StdoutLine: {'line': b'-- Up-to-date: /home/mcfb/ros2_ws/install/px4_msgs/include/px4_msgs/px4_msgs/msg/detail/config_overrides__rosidl_typesupport_fastrtps_cpp.hpp\n'}
[1.563488] (px4_msgs) StdoutLine: {'line': b'-- Up-to-date: /home/mcfb/ros2_ws/install/px4_msgs/include/px4_msgs/px4_msgs/msg/detail/fixed_wing_longitudinal_setpoint__rosidl_typesupport_fastrtps_cpp.hpp\n'}
[1.563548] (px4_msgs) StdoutLine: {'line': b'-- Up-to-date: /home/mcfb/ros2_ws/install/px4_msgs/include/px4_msgs/px4_msgs/msg/detail/vehicle_acceleration__rosidl_typesupport_fastrtps_cpp.hpp\n'}
[1.563640] (px4_msgs) StdoutLine: {'line': b'-- Up-to-date: /home/mcfb/ros2_ws/install/px4_msgs/include/px4_msgs/px4_msgs/msg/detail/rtl_status__rosidl_typesupport_fastrtps_cpp.hpp\n'}
[1.563693] (px4_msgs) StdoutLine: {'line': b'-- Up-to-date: /home/mcfb/ros2_ws/install/px4_msgs/include/px4_msgs/px4_msgs/msg/detail/gimbal_manager_status__rosidl_typesupport_fastrtps_cpp.hpp\n'}
[1.563794] (px4_msgs) StdoutLine: {'line': b'-- Up-to-date: /home/mcfb/ros2_ws/install/px4_msgs/include/px4_msgs/px4_msgs/msg/detail/esc_status__rosidl_typesupport_fastrtps_cpp.hpp\n'}
[1.563860] (px4_msgs) StdoutLine: {'line': b'-- Up-to-date: /home/mcfb/ros2_ws/install/px4_msgs/include/px4_msgs/px4_msgs/msg/detail/open_drone_id_self_id__rosidl_typesupport_fastrtps_cpp.hpp\n'}
[1.563948] (px4_msgs) StdoutLine: {'line': b'-- Up-to-date: /home/mcfb/ros2_ws/install/px4_msgs/include/px4_msgs/px4_msgs/msg/detail/normalized_unsigned_setpoint__rosidl_typesupport_fastrtps_cpp.hpp\n'}
[1.564085] (px4_msgs) StdoutLine: {'line': b'-- Up-to-date: /home/mcfb/ros2_ws/install/px4_msgs/include/px4_msgs/px4_msgs/msg/detail/action_request__rosidl_typesupport_fastrtps_cpp.hpp\n'}
[1.564178] (px4_msgs) StdoutLine: {'line': b'-- Up-to-date: /home/mcfb/ros2_ws/install/px4_msgs/include/px4_msgs/px4_msgs/msg/detail/mavlink_tunnel__rosidl_typesupport_fastrtps_cpp.hpp\n'}
[1.564251] (px4_msgs) StdoutLine: {'line': b'-- Up-to-date: /home/mcfb/ros2_ws/install/px4_msgs/include/px4_msgs/px4_msgs/msg/detail/camera_trigger__rosidl_typesupport_fastrtps_cpp.hpp\n'}
[1.564325] (px4_msgs) StdoutLine: {'line': b'-- Up-to-date: /home/mcfb/ros2_ws/install/px4_msgs/include/px4_msgs/px4_msgs/msg/detail/led_control__rosidl_typesupport_fastrtps_cpp.hpp\n'}
[1.564389] (px4_msgs) StdoutLine: {'line': b'-- Up-to-date: /home/mcfb/ros2_ws/install/px4_msgs/include/px4_msgs/px4_msgs/msg/detail/gpio_config__rosidl_typesupport_fastrtps_cpp.hpp\n'}
[1.564453] (px4_msgs) StdoutLine: {'line': b'-- Up-to-date: /home/mcfb/ros2_ws/install/px4_msgs/include/px4_msgs/px4_msgs/msg/detail/airspeed__rosidl_typesupport_fastrtps_cpp.hpp\n'}
[1.564515] (px4_msgs) StdoutLine: {'line': b'-- Up-to-date: /home/mcfb/ros2_ws/install/px4_msgs/include/px4_msgs/px4_msgs/msg/detail/actuator_outputs__rosidl_typesupport_fastrtps_cpp.hpp\n'}
[1.564580] (px4_msgs) StdoutLine: {'line': b'-- Up-to-date: /home/mcfb/ros2_ws/install/px4_msgs/include/px4_msgs/px4_msgs/msg/detail/failure_detector_status__rosidl_typesupport_fastrtps_cpp.hpp\n'}
[1.564642] (px4_msgs) StdoutLine: {'line': b'-- Up-to-date: /home/mcfb/ros2_ws/install/px4_msgs/include/px4_msgs/px4_msgs/msg/detail/internal_combustion_engine_status__rosidl_typesupport_fastrtps_cpp.hpp\n'}
[1.564706] (px4_msgs) StdoutLine: {'line': b'-- Up-to-date: /home/mcfb/ros2_ws/install/px4_msgs/include/px4_msgs/px4_msgs/msg/detail/px4io_status__rosidl_typesupport_fastrtps_cpp.hpp\n'}
[1.564804] (px4_msgs) StdoutLine: {'line': b'-- Up-to-date: /home/mcfb/ros2_ws/install/px4_msgs/include/px4_msgs/px4_msgs/msg/detail/distance_sensor_mode_change_request__rosidl_typesupport_fastrtps_cpp.hpp\n'}
[1.564918] (px4_msgs) StdoutLine: {'line': b'-- Up-to-date: /home/mcfb/ros2_ws/install/px4_msgs/include/px4_msgs/px4_msgs/msg/detail/autotune_attitude_control_status__rosidl_typesupport_fastrtps_cpp.hpp\n'}
[1.564979] (px4_msgs) StdoutLine: {'line': b'-- Up-to-date: /home/mcfb/ros2_ws/install/px4_msgs/include/px4_msgs/px4_msgs/msg/detail/position_controller_status__rosidl_typesupport_fastrtps_cpp.hpp\n'}
[1.565030] (px4_msgs) StdoutLine: {'line': b'-- Up-to-date: /home/mcfb/ros2_ws/install/px4_msgs/include/px4_msgs/px4_msgs/msg/detail/dataman_request__rosidl_typesupport_fastrtps_cpp.hpp\n'}
[1.565096] (px4_msgs) StdoutLine: {'line': b'-- Up-to-date: /home/mcfb/ros2_ws/install/px4_msgs/include/px4_msgs/px4_msgs/msg/detail/gimbal_device_information__rosidl_typesupport_fastrtps_cpp.hpp\n'}
[1.565340] (px4_msgs) StdoutLine: {'line': b'-- Up-to-date: /home/mcfb/ros2_ws/install/px4_msgs/include/px4_msgs/px4_msgs/msg/detail/input_rc__rosidl_typesupport_fastrtps_cpp.hpp\n'}
[1.565429] (px4_msgs) StdoutLine: {'line': b'-- Up-to-date: /home/mcfb/ros2_ws/install/px4_msgs/include/px4_msgs/px4_msgs/msg/detail/message_format_response__rosidl_typesupport_fastrtps_cpp.hpp\n'}
[1.565490] (px4_msgs) StdoutLine: {'line': b'-- Up-to-date: /home/mcfb/ros2_ws/install/px4_msgs/include/px4_msgs/px4_msgs/msg/detail/iridiumsbd_status__rosidl_typesupport_fastrtps_cpp.hpp\n'}
[1.565559] (px4_msgs) StdoutLine: {'line': b'-- Up-to-date: /home/mcfb/ros2_ws/install/px4_msgs/include/px4_msgs/px4_msgs/msg/detail/sensor_combined__rosidl_typesupport_fastrtps_cpp.hpp\n'}
[1.565616] (px4_msgs) StdoutLine: {'line': b'-- Up-to-date: /home/mcfb/ros2_ws/install/px4_msgs/include/px4_msgs/px4_msgs/msg/detail/vehicle_global_position__rosidl_typesupport_fastrtps_cpp.hpp\n'}
[1.565682] (px4_msgs) StdoutLine: {'line': b'-- Up-to-date: /home/mcfb/ros2_ws/install/px4_msgs/include/px4_msgs/px4_msgs/msg/detail/trajectory_setpoint__rosidl_typesupport_fastrtps_cpp.hpp\n'}
[1.565748] (px4_msgs) StdoutLine: {'line': b'-- Up-to-date: /home/mcfb/ros2_ws/install/px4_msgs/include/px4_msgs/px4_msgs/msg/detail/failsafe_flags__rosidl_typesupport_fastrtps_cpp.hpp\n'}
[1.565826] (px4_msgs) StdoutLine: {'line': b'-- Up-to-date: /home/mcfb/ros2_ws/install/px4_msgs/include/px4_msgs/px4_msgs/msg/detail/estimator_aid_source3d__rosidl_typesupport_fastrtps_cpp.hpp\n'}
[1.565898] (px4_msgs) StdoutLine: {'line': b'-- Up-to-date: /home/mcfb/ros2_ws/install/px4_msgs/include/px4_msgs/px4_msgs/msg/detail/estimator_status__rosidl_typesupport_fastrtps_cpp.hpp\n'}
[1.566009] (px4_msgs) StdoutLine: {'line': b'-- Up-to-date: /home/mcfb/ros2_ws/install/px4_msgs/include/px4_msgs/px4_msgs/msg/detail/open_drone_id_operator_id__rosidl_typesupport_fastrtps_cpp.hpp\n'}
[1.566069] (px4_msgs) StdoutLine: {'line': b'-- Up-to-date: /home/mcfb/ros2_ws/install/px4_msgs/include/px4_msgs/px4_msgs/msg/rosidl_typesupport_fastrtps_cpp__visibility_control.h\n'}
[1.566120] (px4_msgs) StdoutLine: {'line': b'-- Up-to-date: /home/mcfb/ros2_ws/install/px4_msgs/lib/libpx4_msgs__rosidl_typesupport_fastrtps_cpp.so\n'}
[1.566169] (px4_msgs) StdoutLine: {'line': b'-- Up-to-date: /home/mcfb/ros2_ws/install/px4_msgs/include/px4_msgs/px4_msgs\n'}
[1.566236] (px4_msgs) StdoutLine: {'line': b'-- Up-to-date: /home/mcfb/ros2_ws/install/px4_msgs/include/px4_msgs/px4_msgs/srv\n'}
[1.566307] (px4_msgs) StdoutLine: {'line': b'-- Up-to-date: /home/mcfb/ros2_ws/install/px4_msgs/include/px4_msgs/px4_msgs/srv/detail\n'}
[1.566388] (px4_msgs) StdoutLine: {'line': b'-- Installing: /home/mcfb/ros2_ws/install/px4_msgs/include/px4_msgs/px4_msgs/srv/detail/vehicle_command__type_support.c\n'}
[1.566565] (px4_msgs) StdoutLine: {'line': b'-- Up-to-date: /home/mcfb/ros2_ws/install/px4_msgs/include/px4_msgs/px4_msgs/srv/detail/vehicle_command__rosidl_typesupport_introspection_c.h\n'}
[1.566647] (px4_msgs) StdoutLine: {'line': b'-- Up-to-date: /home/mcfb/ros2_ws/install/px4_msgs/include/px4_msgs/px4_msgs/msg\n'}
[1.566922] (px4_msgs) StdoutLine: {'line': b'-- Up-to-date: /home/mcfb/ros2_ws/install/px4_msgs/include/px4_msgs/px4_msgs/msg/rosidl_typesupport_introspection_c__visibility_control.h\n'}
[1.567024] (px4_msgs) StdoutLine: {'line': b'-- Up-to-date: /home/mcfb/ros2_ws/install/px4_msgs/include/px4_msgs/px4_msgs/msg/detail\n'}
[1.567159] (px4_msgs) StdoutLine: {'line': b'-- Up-to-date: /home/mcfb/ros2_ws/install/px4_msgs/include/px4_msgs/px4_msgs/msg/detail/battery_info__rosidl_typesupport_introspection_c.h\n'}
[1.567222] (px4_msgs) StdoutLine: {'line': b'-- Up-to-date: /home/mcfb/ros2_ws/install/px4_msgs/include/px4_msgs/px4_msgs/msg/detail/vehicle_local_position_setpoint__rosidl_typesupport_introspection_c.h\n'}
[1.567284] (px4_msgs) StdoutLine: {'line': b'-- Installing: /home/mcfb/ros2_ws/install/px4_msgs/include/px4_msgs/px4_msgs/msg/detail/airspeed__type_support.c\n'}
[1.567361] (px4_msgs) StdoutLine: {'line': b'-- Installing: /home/mcfb/ros2_ws/install/px4_msgs/include/px4_msgs/px4_msgs/msg/detail/failure_detector_status__type_support.c\n'}
[1.567415] (px4_msgs) StdoutLine: {'line': b'-- Installing: /home/mcfb/ros2_ws/install/px4_msgs/include/px4_msgs/px4_msgs/msg/detail/ulog_stream__type_support.c\n'}
[1.567467] (px4_msgs) StdoutLine: {'line': b'-- Installing: /home/mcfb/ros2_ws/install/px4_msgs/include/px4_msgs/px4_msgs/msg/detail/can_interface_status__type_support.c\n'}
[1.567517] (px4_msgs) StdoutLine: {'line': b'-- Up-to-date: /home/mcfb/ros2_ws/install/px4_msgs/include/px4_msgs/px4_msgs/msg/detail/sensor_optical_flow__rosidl_typesupport_introspection_c.h\n'}
[1.567571] (px4_msgs) StdoutLine: {'line': b'-- Up-to-date: /home/mcfb/ros2_ws/install/px4_msgs/include/px4_msgs/px4_msgs/msg/detail/mavlink_log__rosidl_typesupport_introspection_c.h\n'}
[1.567630] (px4_msgs) StdoutLine: {'line': b'-- Installing: /home/mcfb/ros2_ws/install/px4_msgs/include/px4_msgs/px4_msgs/msg/detail/esc_report__type_support.c\n'}
[1.567681] (px4_msgs) StdoutLine: {'line': b'-- Installing: /home/mcfb/ros2_ws/install/px4_msgs/include/px4_msgs/px4_msgs/msg/detail/vehicle_air_data__type_support.c\n'}
[1.567733] (px4_msgs) StdoutLine: {'line': b'-- Installing: /home/mcfb/ros2_ws/install/px4_msgs/include/px4_msgs/px4_msgs/msg/detail/gimbal_controls__type_support.c\n'}
[1.567783] (px4_msgs) StdoutLine: {'line': b'-- Installing: /home/mcfb/ros2_ws/install/px4_msgs/include/px4_msgs/px4_msgs/msg/detail/sensor_gnss_status__type_support.c\n'}
[1.567841] (px4_msgs) StdoutLine: {'line': b'-- Up-to-date: /home/mcfb/ros2_ws/install/px4_msgs/include/px4_msgs/px4_msgs/msg/detail/ulog_stream_ack__rosidl_typesupport_introspection_c.h\n'}
[1.567894] (px4_msgs) StdoutLine: {'line': b'-- Up-to-date: /home/mcfb/ros2_ws/install/px4_msgs/include/px4_msgs/px4_msgs/msg/detail/velocity_limits__rosidl_typesupport_introspection_c.h\n'}
[1.567943] (px4_msgs) StdoutLine: {'line': b'-- Up-to-date: /home/mcfb/ros2_ws/install/px4_msgs/include/px4_msgs/px4_msgs/msg/detail/vehicle_thrust_setpoint__rosidl_typesupport_introspection_c.h\n'}
[1.567992] (px4_msgs) StdoutLine: {'line': b'-- Up-to-date: /home/mcfb/ros2_ws/install/px4_msgs/include/px4_msgs/px4_msgs/msg/detail/yaw_estimator_status__rosidl_typesupport_introspection_c.h\n'}
[1.568050] (px4_msgs) StdoutLine: {'line': b'-- Up-to-date: /home/mcfb/ros2_ws/install/px4_msgs/include/px4_msgs/px4_msgs/msg/detail/ping__rosidl_typesupport_introspection_c.h\n'}
[1.568182] (px4_msgs) StdoutLine: {'line': b'-- Installing: /home/mcfb/ros2_ws/install/px4_msgs/include/px4_msgs/px4_msgs/msg/detail/estimator_bias__type_support.c\n'}
[1.568238] (px4_msgs) StdoutLine: {'line': b'-- Up-to-date: /home/mcfb/ros2_ws/install/px4_msgs/include/px4_msgs/px4_msgs/msg/detail/estimator_status_flags__rosidl_typesupport_introspection_c.h\n'}
[1.568297] (px4_msgs) StdoutLine: {'line': b'-- Up-to-date: /home/mcfb/ros2_ws/install/px4_msgs/include/px4_msgs/px4_msgs/msg/detail/ulog_stream__rosidl_typesupport_introspection_c.h\n'}
[1.568385] (px4_msgs) StdoutLine: {'line': b'-- Installing: /home/mcfb/ros2_ws/install/px4_msgs/include/px4_msgs/px4_msgs/msg/detail/gimbal_manager_information__type_support.c\n'}
[1.568448] (px4_msgs) StdoutLine: {'line': b'-- Installing: /home/mcfb/ros2_ws/install/px4_msgs/include/px4_msgs/px4_msgs/msg/detail/follow_target__type_support.c\n'}
[1.568505] (px4_msgs) StdoutLine: {'line': b'-- Up-to-date: /home/mcfb/ros2_ws/install/px4_msgs/include/px4_msgs/px4_msgs/msg/detail/rover_rate_setpoint__rosidl_typesupport_introspection_c.h\n'}
[1.568566] (px4_msgs) StdoutLine: {'line': b'-- Up-to-date: /home/mcfb/ros2_ws/install/px4_msgs/include/px4_msgs/px4_msgs/msg/detail/navigator_mission_item__rosidl_typesupport_introspection_c.h\n'}
[1.568663] (px4_msgs) StdoutLine: {'line': b'-- Up-to-date: /home/mcfb/ros2_ws/install/px4_msgs/include/px4_msgs/px4_msgs/msg/detail/sensor_gnss_relative__rosidl_typesupport_introspection_c.h\n'}
[1.568913] (px4_msgs) StdoutLine: {'line': b'-- Installing: /home/mcfb/ros2_ws/install/px4_msgs/include/px4_msgs/px4_msgs/msg/detail/vehicle_imu_status__type_support.c\n'}
[1.569152] (px4_msgs) StdoutLine: {'line': b'-- Up-to-date: /home/mcfb/ros2_ws/install/px4_msgs/include/px4_msgs/px4_msgs/msg/detail/parameter_update__rosidl_typesupport_introspection_c.h\n'}
[1.569336] (px4_msgs) StdoutLine: {'line': b'-- Installing: /home/mcfb/ros2_ws/install/px4_msgs/include/px4_msgs/px4_msgs/msg/detail/estimator_states__type_support.c\n'}
[1.569389] (px4_msgs) StdoutLine: {'line': b'-- Installing: /home/mcfb/ros2_ws/install/px4_msgs/include/px4_msgs/px4_msgs/msg/detail/fixed_wing_runway_control__type_support.c\n'}
[1.569434] (px4_msgs) StdoutLine: {'line': b'-- Up-to-date: /home/mcfb/ros2_ws/install/px4_msgs/include/px4_msgs/px4_msgs/msg/detail/vehicle_angular_velocity__rosidl_typesupport_introspection_c.h\n'}
[1.569481] (px4_msgs) StdoutLine: {'line': b'-- Up-to-date: /home/mcfb/ros2_ws/install/px4_msgs/include/px4_msgs/px4_msgs/msg/detail/magnetometer_bias_estimate__rosidl_typesupport_introspection_c.h\n'}
[1.569526] (px4_msgs) StdoutLine: {'line': b'-- Up-to-date: /home/mcfb/ros2_ws/install/px4_msgs/include/px4_msgs/px4_msgs/msg/detail/adc_report__rosidl_typesupport_introspection_c.h\n'}
[1.569575] (px4_msgs) StdoutLine: {'line': b'-- Up-to-date: /home/mcfb/ros2_ws/install/px4_msgs/include/px4_msgs/px4_msgs/msg/detail/system_power__rosidl_typesupport_introspection_c.h\n'}
[1.569624] (px4_msgs) StdoutLine: {'line': b'-- Installing: /home/mcfb/ros2_ws/install/px4_msgs/include/px4_msgs/px4_msgs/msg/detail/fixed_wing_lateral_status__type_support.c\n'}
[1.569677] (px4_msgs) StdoutLine: {'line': b'-- Installing: /home/mcfb/ros2_ws/install/px4_msgs/include/px4_msgs/px4_msgs/msg/detail/qshell_retval__type_support.c\n'}
[1.569730] (px4_msgs) StdoutLine: {'line': b'-- Installing: /home/mcfb/ros2_ws/install/px4_msgs/include/px4_msgs/px4_msgs/msg/detail/failsafe_flags__type_support.c\n'}
[1.569795] (px4_msgs) StdoutLine: {'line': b'-- Up-to-date: /home/mcfb/ros2_ws/install/px4_msgs/include/px4_msgs/px4_msgs/msg/detail/gps_inject_data__rosidl_typesupport_introspection_c.h\n'}
[1.569861] (px4_msgs) StdoutLine: {'line': b'-- Up-to-date: /home/mcfb/ros2_ws/install/px4_msgs/include/px4_msgs/px4_msgs/msg/detail/arming_check_reply__rosidl_typesupport_introspection_c.h\n'}
[1.569929] (px4_msgs) StdoutLine: {'line': b'-- Installing: /home/mcfb/ros2_ws/install/px4_msgs/include/px4_msgs/px4_msgs/msg/detail/action_request__type_support.c\n'}
[1.569994] (px4_msgs) StdoutLine: {'line': b'-- Up-to-date: /home/mcfb/ros2_ws/install/px4_msgs/include/px4_msgs/px4_msgs/msg/detail/gimbal_manager_set_attitude__rosidl_typesupport_introspection_c.h\n'}
[1.570061] (px4_msgs) StdoutLine: {'line': b'-- Up-to-date: /home/mcfb/ros2_ws/install/px4_msgs/include/px4_msgs/px4_msgs/msg/detail/vehicle_acceleration__rosidl_typesupport_introspection_c.h\n'}
[1.570126] (px4_msgs) StdoutLine: {'line': b'-- Up-to-date: /home/mcfb/ros2_ws/install/px4_msgs/include/px4_msgs/px4_msgs/msg/detail/airspeed_validated__rosidl_typesupport_introspection_c.h\n'}
[1.570186] (px4_msgs) StdoutLine: {'line': b'-- Up-to-date: /home/mcfb/ros2_ws/install/px4_msgs/include/px4_msgs/px4_msgs/msg/detail/longitudinal_control_configuration__rosidl_typesupport_introspection_c.h\n'}
[1.570288] (px4_msgs) StdoutLine: {'line': b'-- Up-to-date: /home/mcfb/ros2_ws/install/px4_msgs/include/px4_msgs/px4_msgs/msg/detail/vehicle_optical_flow__rosidl_typesupport_introspection_c.h\n'}
[1.570367] (px4_msgs) StdoutLine: {'line': b'-- Up-to-date: /home/mcfb/ros2_ws/install/px4_msgs/include/px4_msgs/px4_msgs/msg/detail/gpio_request__rosidl_typesupport_introspection_c.h\n'}
[1.570445] (px4_msgs) StdoutLine: {'line': b'-- Installing: /home/mcfb/ros2_ws/install/px4_msgs/include/px4_msgs/px4_msgs/msg/detail/vehicle_magnetometer__type_support.c\n'}
[1.570492] (px4_msgs) StdoutLine: {'line': b'-- Installing: /home/mcfb/ros2_ws/install/px4_msgs/include/px4_msgs/px4_msgs/msg/detail/follow_target_status__type_support.c\n'}
[1.570561] (px4_msgs) StdoutLine: {'line': b'-- Up-to-date: /home/mcfb/ros2_ws/install/px4_msgs/include/px4_msgs/px4_msgs/msg/detail/vehicle_angular_acceleration_setpoint__rosidl_typesupport_introspection_c.h\n'}
[1.570629] (px4_msgs) StdoutLine: {'line': b'-- Installing: /home/mcfb/ros2_ws/install/px4_msgs/include/px4_msgs/px4_msgs/msg/detail/log_message__type_support.c\n'}
[1.570696] (px4_msgs) StdoutLine: {'line': b'-- Installing: /home/mcfb/ros2_ws/install/px4_msgs/include/px4_msgs/px4_msgs/msg/detail/sensor_optical_flow__type_support.c\n'}
[1.570744] (px4_msgs) StdoutLine: {'line': b'-- Installing: /home/mcfb/ros2_ws/install/px4_msgs/include/px4_msgs/px4_msgs/msg/detail/parameter_set_value_request__type_support.c\n'}
[1.570821] (px4_msgs) StdoutLine: {'line': b'-- Installing: /home/mcfb/ros2_ws/install/px4_msgs/include/px4_msgs/px4_msgs/msg/detail/vehicle_status__type_support.c\n'}
[1.570884] (px4_msgs) StdoutLine: {'line': b'-- Up-to-date: /home/mcfb/ros2_ws/install/px4_msgs/include/px4_msgs/px4_msgs/msg/detail/vehicle_rates_setpoint__rosidl_typesupport_introspection_c.h\n'}
[1.570960] (px4_msgs) StdoutLine: {'line': b'-- Up-to-date: /home/mcfb/ros2_ws/install/px4_msgs/include/px4_msgs/px4_msgs/msg/detail/flight_phase_estimation__rosidl_typesupport_introspection_c.h\n'}
[1.571007] (px4_msgs) StdoutLine: {'line': b'-- Up-to-date: /home/mcfb/ros2_ws/install/px4_msgs/include/px4_msgs/px4_msgs/msg/detail/esc_status__rosidl_typesupport_introspection_c.h\n'}
[1.571068] (px4_msgs) StdoutLine: {'line': b'-- Installing: /home/mcfb/ros2_ws/install/px4_msgs/include/px4_msgs/px4_msgs/msg/detail/timesync_status__type_support.c\n'}
[1.571114] (px4_msgs) StdoutLine: {'line': b'-- Installing: /home/mcfb/ros2_ws/install/px4_msgs/include/px4_msgs/px4_msgs/msg/detail/battery_info__type_support.c\n'}
[1.571158] (px4_msgs) StdoutLine: {'line': b'-- Up-to-date: /home/mcfb/ros2_ws/install/px4_msgs/include/px4_msgs/px4_msgs/msg/detail/vehicle_imu_status__rosidl_typesupport_introspection_c.h\n'}
[1.571202] (px4_msgs) StdoutLine: {'line': b'-- Installing: /home/mcfb/ros2_ws/install/px4_msgs/include/px4_msgs/px4_msgs/msg/detail/vehicle_odometry__type_support.c\n'}
[1.571247] (px4_msgs) StdoutLine: {'line': b'-- Installing: /home/mcfb/ros2_ws/install/px4_msgs/include/px4_msgs/px4_msgs/msg/detail/hover_thrust_estimate__type_support.c\n'}
[1.571291] (px4_msgs) StdoutLine: {'line': b'-- Installing: /home/mcfb/ros2_ws/install/px4_msgs/include/px4_msgs/px4_msgs/msg/detail/sensor_accel_fifo__type_support.c\n'}
[1.571341] (px4_msgs) StdoutLine: {'line': b'-- Up-to-date: /home/mcfb/ros2_ws/install/px4_msgs/include/px4_msgs/px4_msgs/msg/detail/dataman_request__rosidl_typesupport_introspection_c.h\n'}
[1.571386] (px4_msgs) StdoutLine: {'line': b'-- Up-to-date: /home/mcfb/ros2_ws/install/px4_msgs/include/px4_msgs/px4_msgs/msg/detail/landing_target_innovations__rosidl_typesupport_introspection_c.h\n'}
[1.571428] (px4_msgs) StdoutLine: {'line': b'-- Installing: /home/mcfb/ros2_ws/install/px4_msgs/include/px4_msgs/px4_msgs/msg/detail/rc_channels__type_support.c\n'}
[1.571472] (px4_msgs) StdoutLine: {'line': b'-- Installing: /home/mcfb/ros2_ws/install/px4_msgs/include/px4_msgs/px4_msgs/msg/detail/yaw_estimator_status__type_support.c\n'}
[1.571521] (px4_msgs) StdoutLine: {'line': b'-- Installing: /home/mcfb/ros2_ws/install/px4_msgs/include/px4_msgs/px4_msgs/msg/detail/pps_capture__type_support.c\n'}
[1.571588] (px4_msgs) StdoutLine: {'line': b'-- Installing: /home/mcfb/ros2_ws/install/px4_msgs/include/px4_msgs/px4_msgs/msg/detail/actuator_outputs__type_support.c\n'}
[1.571655] (px4_msgs) StdoutLine: {'line': b'-- Up-to-date: /home/mcfb/ros2_ws/install/px4_msgs/include/px4_msgs/px4_msgs/msg/detail/message_format_response__rosidl_typesupport_introspection_c.h\n'}
[1.571728] (px4_msgs) StdoutLine: {'line': b'-- Up-to-date: /home/mcfb/ros2_ws/install/px4_msgs/include/px4_msgs/px4_msgs/msg/detail/estimator_aid_source2d__rosidl_typesupport_introspection_c.h\n'}
[1.571809] (px4_msgs) StdoutLine: {'line': b'-- Up-to-date: /home/mcfb/ros2_ws/install/px4_msgs/include/px4_msgs/px4_msgs/msg/detail/generator_status__rosidl_typesupport_introspection_c.h\n'}
[1.571887] (px4_msgs) StdoutLine: {'line': b'-- Up-to-date: /home/mcfb/ros2_ws/install/px4_msgs/include/px4_msgs/px4_msgs/msg/detail/parameter_set_value_request__rosidl_typesupport_introspection_c.h\n'}
[1.571968] (px4_msgs) StdoutLine: {'line': b'-- Installing: /home/mcfb/ros2_ws/install/px4_msgs/include/px4_msgs/px4_msgs/msg/detail/vehicle_control_mode__type_support.c\n'}
[1.572121] (px4_msgs) StdoutLine: {'line': b'-- Installing: /home/mcfb/ros2_ws/install/px4_msgs/include/px4_msgs/px4_msgs/msg/detail/normalized_unsigned_setpoint__type_support.c\n'}
[1.572205] (px4_msgs) StdoutLine: {'line': b'-- Up-to-date: /home/mcfb/ros2_ws/install/px4_msgs/include/px4_msgs/px4_msgs/msg/detail/heater_status__rosidl_typesupport_introspection_c.h\n'}
[1.572305] (px4_msgs) StdoutLine: {'line': b'-- Installing: /home/mcfb/ros2_ws/install/px4_msgs/include/px4_msgs/px4_msgs/msg/detail/heater_status__type_support.c\n'}
[1.572389] (px4_msgs) StdoutLine: {'line': b'-- Up-to-date: /home/mcfb/ros2_ws/install/px4_msgs/include/px4_msgs/px4_msgs/msg/detail/logger_status__rosidl_typesupport_introspection_c.h\n'}
[1.572465] (px4_msgs) StdoutLine: {'line': b'-- Installing: /home/mcfb/ros2_ws/install/px4_msgs/include/px4_msgs/px4_msgs/msg/detail/camera_capture__type_support.c\n'}
[1.572542] (px4_msgs) StdoutLine: {'line': b'-- Up-to-date: /home/mcfb/ros2_ws/install/px4_msgs/include/px4_msgs/px4_msgs/msg/detail/timesync_status__rosidl_typesupport_introspection_c.h\n'}
[1.572624] (px4_msgs) StdoutLine: {'line': b'-- Up-to-date: /home/mcfb/ros2_ws/install/px4_msgs/include/px4_msgs/px4_msgs/msg/detail/estimator_bias__rosidl_typesupport_introspection_c.h\n'}
[1.572703] (px4_msgs) StdoutLine: {'line': b'-- Up-to-date: /home/mcfb/ros2_ws/install/px4_msgs/include/px4_msgs/px4_msgs/msg/detail/rover_speed_status__rosidl_typesupport_introspection_c.h\n'}
[1.572784] (px4_msgs) StdoutLine: {'line': b'-- Up-to-date: /home/mcfb/ros2_ws/install/px4_msgs/include/px4_msgs/px4_msgs/msg/detail/message_format_request__rosidl_typesupport_introspection_c.h\n'}
[1.572865] (px4_msgs) StdoutLine: {'line': b'-- Up-to-date: /home/mcfb/ros2_ws/install/px4_msgs/include/px4_msgs/px4_msgs/msg/detail/rover_throttle_setpoint__rosidl_typesupport_introspection_c.h\n'}
[1.572946] (px4_msgs) StdoutLine: {'line': b'-- Up-to-date: /home/mcfb/ros2_ws/install/px4_msgs/include/px4_msgs/px4_msgs/msg/detail/collision_constraints__rosidl_typesupport_introspection_c.h\n'}
[1.573079] (px4_msgs) StdoutLine: {'line': b'-- Installing: /home/mcfb/ros2_ws/install/px4_msgs/include/px4_msgs/px4_msgs/msg/detail/message_format_response__type_support.c\n'}
[1.573156] (px4_msgs) StdoutLine: {'line': b'-- Up-to-date: /home/mcfb/ros2_ws/install/px4_msgs/include/px4_msgs/px4_msgs/msg/detail/position_setpoint_triplet__rosidl_typesupport_introspection_c.h\n'}
[1.573230] (px4_msgs) StdoutLine: {'line': b'-- Installing: /home/mcfb/ros2_ws/install/px4_msgs/include/px4_msgs/px4_msgs/msg/detail/estimator_selector_status__type_support.c\n'}
[1.573307] (px4_msgs) StdoutLine: {'line': b'-- Installing: /home/mcfb/ros2_ws/install/px4_msgs/include/px4_msgs/px4_msgs/msg/detail/uavcan_parameter_request__type_support.c\n'}
[1.573399] (px4_msgs) StdoutLine: {'line': b'-- Up-to-date: /home/mcfb/ros2_ws/install/px4_msgs/include/px4_msgs/px4_msgs/msg/detail/vehicle_odometry__rosidl_typesupport_introspection_c.h\n'}
[1.573473] (px4_msgs) StdoutLine: {'line': b'-- Up-to-date: /home/mcfb/ros2_ws/install/px4_msgs/include/px4_msgs/px4_msgs/msg/detail/esc_report__rosidl_typesupport_introspection_c.h\n'}
[1.573550] (px4_msgs) StdoutLine: {'line': b'-- Installing: /home/mcfb/ros2_ws/install/px4_msgs/include/px4_msgs/px4_msgs/msg/detail/mavlink_log__type_support.c\n'}
[1.573629] (px4_msgs) StdoutLine: {'line': b'-- Up-to-date: /home/mcfb/ros2_ws/install/px4_msgs/include/px4_msgs/px4_msgs/msg/detail/position_controller_landing_status__rosidl_typesupport_introspection_c.h\n'}
[1.573707] (px4_msgs) StdoutLine: {'line': b'-- Installing: /home/mcfb/ros2_ws/install/px4_msgs/include/px4_msgs/px4_msgs/msg/detail/velocity_limits__type_support.c\n'}
[1.573787] (px4_msgs) StdoutLine: {'line': b'-- Up-to-date: /home/mcfb/ros2_ws/install/px4_msgs/include/px4_msgs/px4_msgs/msg/detail/pps_capture__rosidl_typesupport_introspection_c.h\n'}
[1.573866] (px4_msgs) StdoutLine: {'line': b'-- Installing: /home/mcfb/ros2_ws/install/px4_msgs/include/px4_msgs/px4_msgs/msg/detail/vehicle_imu__type_support.c\n'}
[1.573950] (px4_msgs) StdoutLine: {'line': b'-- Installing: /home/mcfb/ros2_ws/install/px4_msgs/include/px4_msgs/px4_msgs/msg/detail/orb_test_large__type_support.c\n'}
[1.574024] (px4_msgs) StdoutLine: {'line': b'-- Up-to-date: /home/mcfb/ros2_ws/install/px4_msgs/include/px4_msgs/px4_msgs/msg/detail/led_control__rosidl_typesupport_introspection_c.h\n'}
[1.574098] (px4_msgs) StdoutLine: {'line': b'-- Up-to-date: /home/mcfb/ros2_ws/install/px4_msgs/include/px4_msgs/px4_msgs/msg/detail/differential_pressure__rosidl_typesupport_introspection_c.h\n'}
[1.574218] (px4_msgs) StdoutLine: {'line': b'-- Up-to-date: /home/mcfb/ros2_ws/install/px4_msgs/include/px4_msgs/px4_msgs/msg/detail/open_drone_id_system__rosidl_typesupport_introspection_c.h\n'}
[1.574294] (px4_msgs) StdoutLine: {'line': b'-- Up-to-date: /home/mcfb/ros2_ws/install/px4_msgs/include/px4_msgs/px4_msgs/msg/detail/log_message__rosidl_typesupport_introspection_c.h\n'}
[1.574373] (px4_msgs) StdoutLine: {'line': b'-- Installing: /home/mcfb/ros2_ws/install/px4_msgs/include/px4_msgs/px4_msgs/msg/detail/input_rc__type_support.c\n'}
[1.574445] (px4_msgs) StdoutLine: {'line': b'-- Installing: /home/mcfb/ros2_ws/install/px4_msgs/include/px4_msgs/px4_msgs/msg/detail/sensor_hygrometer__type_support.c\n'}
[1.574528] (px4_msgs) StdoutLine: {'line': b'-- Up-to-date: /home/mcfb/ros2_ws/install/px4_msgs/include/px4_msgs/px4_msgs/msg/detail/camera_status__rosidl_typesupport_introspection_c.h\n'}
[1.574627] (px4_msgs) StdoutLine: {'line': b'-- Up-to-date: /home/mcfb/ros2_ws/install/px4_msgs/include/px4_msgs/px4_msgs/msg/detail/register_ext_component_reply__rosidl_typesupport_introspection_c.h\n'}
[1.574703] (px4_msgs) StdoutLine: {'line': b'-- Installing: /home/mcfb/ros2_ws/install/px4_msgs/include/px4_msgs/px4_msgs/msg/detail/vehicle_angular_acceleration_setpoint__type_support.c\n'}
[1.574781] (px4_msgs) StdoutLine: {'line': b'-- Up-to-date: /home/mcfb/ros2_ws/install/px4_msgs/include/px4_msgs/px4_msgs/msg/detail/rover_attitude_setpoint__rosidl_typesupport_introspection_c.h\n'}
[1.574855] (px4_msgs) StdoutLine: {'line': b'-- Installing: /home/mcfb/ros2_ws/install/px4_msgs/include/px4_msgs/px4_msgs/msg/detail/gimbal_manager_set_attitude__type_support.c\n'}
[1.574930] (px4_msgs) StdoutLine: {'line': b'-- Installing: /home/mcfb/ros2_ws/install/px4_msgs/include/px4_msgs/px4_msgs/msg/detail/camera_status__type_support.c\n'}
[1.575006] (px4_msgs) StdoutLine: {'line': b'-- Installing: /home/mcfb/ros2_ws/install/px4_msgs/include/px4_msgs/px4_msgs/msg/detail/landing_target_pose__type_support.c\n'}
[1.575079] (px4_msgs) StdoutLine: {'line': b'-- Up-to-date: /home/mcfb/ros2_ws/install/px4_msgs/include/px4_msgs/px4_msgs/msg/detail/onboard_computer_status__rosidl_typesupport_introspection_c.h\n'}
[1.575201] (px4_msgs) StdoutLine: {'line': b'-- Up-to-date: /home/mcfb/ros2_ws/install/px4_msgs/include/px4_msgs/px4_msgs/msg/detail/iridiumsbd_status__rosidl_typesupport_introspection_c.h\n'}
[1.575275] (px4_msgs) StdoutLine: {'line': b'-- Up-to-date: /home/mcfb/ros2_ws/install/px4_msgs/include/px4_msgs/px4_msgs/msg/detail/gimbal_manager_information__rosidl_typesupport_introspection_c.h\n'}
[1.575356] (px4_msgs) StdoutLine: {'line': b'-- Installing: /home/mcfb/ros2_ws/install/px4_msgs/include/px4_msgs/px4_msgs/msg/detail/dataman_request__type_support.c\n'}
[1.575431] (px4_msgs) StdoutLine: {'line': b'-- Up-to-date: /home/mcfb/ros2_ws/install/px4_msgs/include/px4_msgs/px4_msgs/msg/detail/gpio_in__rosidl_typesupport_introspection_c.h\n'}
[1.575517] (px4_msgs) StdoutLine: {'line': b'-- Installing: /home/mcfb/ros2_ws/install/px4_msgs/include/px4_msgs/px4_msgs/msg/detail/open_drone_id_system__type_support.c\n'}
[1.575612] (px4_msgs) StdoutLine: {'line': b'-- Up-to-date: /home/mcfb/ros2_ws/install/px4_msgs/include/px4_msgs/px4_msgs/msg/detail/satellite_info__rosidl_typesupport_introspection_c.h\n'}
[1.575666] (px4_msgs) StdoutLine: {'line': b'-- Installing: /home/mcfb/ros2_ws/install/px4_msgs/include/px4_msgs/px4_msgs/msg/detail/fuel_tank_status__type_support.c\n'}
[1.575731] (px4_msgs) StdoutLine: {'line': b'-- Up-to-date: /home/mcfb/ros2_ws/install/px4_msgs/include/px4_msgs/px4_msgs/msg/detail/sensors_status_imu__rosidl_typesupport_introspection_c.h\n'}
[1.575800] (px4_msgs) StdoutLine: {'line': b'-- Up-to-date: /home/mcfb/ros2_ws/install/px4_msgs/include/px4_msgs/px4_msgs/msg/detail/health_report__rosidl_typesupport_introspection_c.h\n'}
[1.575868] (px4_msgs) StdoutLine: {'line': b'-- Installing: /home/mcfb/ros2_ws/install/px4_msgs/include/px4_msgs/px4_msgs/msg/detail/rover_position_setpoint__type_support.c\n'}
[1.575915] (px4_msgs) StdoutLine: {'line': b'-- Up-to-date: /home/mcfb/ros2_ws/install/px4_msgs/include/px4_msgs/px4_msgs/msg/detail/offboard_control_mode__rosidl_typesupport_introspection_c.h\n'}
[1.575961] (px4_msgs) StdoutLine: {'line': b'-- Up-to-date: /home/mcfb/ros2_ws/install/px4_msgs/include/px4_msgs/px4_msgs/msg/detail/distance_sensor__rosidl_typesupport_introspection_c.h\n'}
[1.576003] (px4_msgs) StdoutLine: {'line': b'-- Installing: /home/mcfb/ros2_ws/install/px4_msgs/include/px4_msgs/px4_msgs/msg/detail/manual_control_setpoint__type_support.c\n'}
[1.576045] (px4_msgs) StdoutLine: {'line': b'-- Up-to-date: /home/mcfb/ros2_ws/install/px4_msgs/include/px4_msgs/px4_msgs/msg/detail/fixed_wing_lateral_setpoint__rosidl_typesupport_introspection_c.h\n'}
[1.576097] (px4_msgs) StdoutLine: {'line': b'-- Up-to-date: /home/mcfb/ros2_ws/install/px4_msgs/include/px4_msgs/px4_msgs/msg/detail/rover_rate_status__rosidl_typesupport_introspection_c.h\n'}
[1.576151] (px4_msgs) StdoutLine: {'line': b'-- Installing: /home/mcfb/ros2_ws/install/px4_msgs/include/px4_msgs/px4_msgs/msg/detail/landing_gear__type_support.c\n'}
[1.576199] (px4_msgs) StdoutLine: {'line': b'-- Up-to-date: /home/mcfb/ros2_ws/install/px4_msgs/include/px4_msgs/px4_msgs/msg/detail/fuel_tank_status__rosidl_typesupport_introspection_c.h\n'}
[1.576249] (px4_msgs) StdoutLine: {'line': b'-- Up-to-date: /home/mcfb/ros2_ws/install/px4_msgs/include/px4_msgs/px4_msgs/msg/detail/gimbal_manager_set_manual_control__rosidl_typesupport_introspection_c.h\n'}
[1.576475] (px4_msgs) StdoutLine: {'line': b'-- Up-to-date: /home/mcfb/ros2_ws/install/px4_msgs/include/px4_msgs/px4_msgs/msg/detail/airspeed__rosidl_typesupport_introspection_c.h\n'}
[1.576548] (px4_msgs) StdoutLine: {'line': b'-- Installing: /home/mcfb/ros2_ws/install/px4_msgs/include/px4_msgs/px4_msgs/msg/detail/orbit_status__type_support.c\n'}
[1.576610] (px4_msgs) StdoutLine: {'line': b'-- Installing: /home/mcfb/ros2_ws/install/px4_msgs/include/px4_msgs/px4_msgs/msg/detail/gripper__type_support.c\n'}
[1.576719] (px4_msgs) StdoutLine: {'line': b'-- Installing: /home/mcfb/ros2_ws/install/px4_msgs/include/px4_msgs/px4_msgs/msg/detail/tune_control__type_support.c\n'}
[1.576809] (px4_msgs) StdoutLine: {'line': b'-- Installing: /home/mcfb/ros2_ws/install/px4_msgs/include/px4_msgs/px4_msgs/msg/detail/rtl_time_estimate__type_support.c\n'}
[1.577005] (px4_msgs) StdoutLine: {'line': b'-- Installing: /home/mcfb/ros2_ws/install/px4_msgs/include/px4_msgs/px4_msgs/msg/detail/transponder_report__type_support.c\n'}
[1.577068] (px4_msgs) StdoutLine: {'line': b'-- Installing: /home/mcfb/ros2_ws/install/px4_msgs/include/px4_msgs/px4_msgs/msg/detail/parameter_set_value_response__type_support.c\n'}
[1.577120] (px4_msgs) StdoutLine: {'line': b'-- Installing: /home/mcfb/ros2_ws/install/px4_msgs/include/px4_msgs/px4_msgs/msg/detail/logger_status__type_support.c\n'}
[1.577206] (px4_msgs) StdoutLine: {'line': b'-- Up-to-date: /home/mcfb/ros2_ws/install/px4_msgs/include/px4_msgs/px4_msgs/msg/detail/trajectory_setpoint__rosidl_typesupport_introspection_c.h\n'}
[1.577300] (px4_msgs) StdoutLine: {'line': b'-- Installing: /home/mcfb/ros2_ws/install/px4_msgs/include/px4_msgs/px4_msgs/msg/detail/open_drone_id_arm_status__type_support.c\n'}
[1.577362] (px4_msgs) StdoutLine: {'line': b'-- Up-to-date: /home/mcfb/ros2_ws/install/px4_msgs/include/px4_msgs/px4_msgs/msg/detail/fixed_wing_longitudinal_setpoint__rosidl_typesupport_introspection_c.h\n'}
[1.577417] (px4_msgs) StdoutLine: {'line': b'-- Installing: /home/mcfb/ros2_ws/install/px4_msgs/include/px4_msgs/px4_msgs/msg/detail/offboard_control_mode__type_support.c\n'}
[1.577471] (px4_msgs) StdoutLine: {'line': b'-- Up-to-date: /home/mcfb/ros2_ws/install/px4_msgs/include/px4_msgs/px4_msgs/msg/detail/rate_ctrl_status__rosidl_typesupport_introspection_c.h\n'}
[1.577568] (px4_msgs) StdoutLine: {'line': b'-- Installing: /home/mcfb/ros2_ws/install/px4_msgs/include/px4_msgs/px4_msgs/msg/detail/trajectory_setpoint6dof__type_support.c\n'}
[1.577617] (px4_msgs) StdoutLine: {'line': b'-- Installing: /home/mcfb/ros2_ws/install/px4_msgs/include/px4_msgs/px4_msgs/msg/detail/estimator_aid_source2d__type_support.c\n'}
[1.577668] (px4_msgs) StdoutLine: {'line': b'-- Installing: /home/mcfb/ros2_ws/install/px4_msgs/include/px4_msgs/px4_msgs/msg/detail/home_position__type_support.c\n'}
[1.577717] (px4_msgs) StdoutLine: {'line': b'-- Up-to-date: /home/mcfb/ros2_ws/install/px4_msgs/include/px4_msgs/px4_msgs/msg/detail/control_allocator_status__rosidl_typesupport_introspection_c.h\n'}
[1.577792] (px4_msgs) StdoutLine: {'line': b'-- Installing: /home/mcfb/ros2_ws/install/px4_msgs/include/px4_msgs/px4_msgs/msg/detail/health_report__type_support.c\n'}
[1.577838] (px4_msgs) StdoutLine: {'line': b'-- Installing: /home/mcfb/ros2_ws/install/px4_msgs/include/px4_msgs/px4_msgs/msg/detail/distance_sensor_mode_change_request__type_support.c\n'}
[1.577887] (px4_msgs) StdoutLine: {'line': b'-- Installing: /home/mcfb/ros2_ws/install/px4_msgs/include/px4_msgs/px4_msgs/msg/detail/vtol_vehicle_status__type_support.c\n'}
[1.577948] (px4_msgs) StdoutLine: {'line': b'-- Up-to-date: /home/mcfb/ros2_ws/install/px4_msgs/include/px4_msgs/px4_msgs/msg/detail/task_stack_info__rosidl_typesupport_introspection_c.h\n'}
[1.578005] (px4_msgs) StdoutLine: {'line': b'-- Installing: /home/mcfb/ros2_ws/install/px4_msgs/include/px4_msgs/px4_msgs/msg/detail/radio_status__type_support.c\n'}
[1.578068] (px4_msgs) StdoutLine: {'line': b'-- Up-to-date: /home/mcfb/ros2_ws/install/px4_msgs/include/px4_msgs/px4_msgs/msg/detail/autotune_attitude_control_status__rosidl_typesupport_introspection_c.h\n'}
[1.578125] (px4_msgs) StdoutLine: {'line': b'-- Up-to-date: /home/mcfb/ros2_ws/install/px4_msgs/include/px4_msgs/px4_msgs/msg/detail/vehicle_imu__rosidl_typesupport_introspection_c.h\n'}
[1.578173] (px4_msgs) StdoutLine: {'line': b'-- Installing: /home/mcfb/ros2_ws/install/px4_msgs/include/px4_msgs/px4_msgs/msg/detail/distance_sensor__type_support.c\n'}
[1.578221] (px4_msgs) StdoutLine: {'line': b'-- Installing: /home/mcfb/ros2_ws/install/px4_msgs/include/px4_msgs/px4_msgs/msg/detail/pure_pursuit_status__type_support.c\n'}
[1.578274] (px4_msgs) StdoutLine: {'line': b'-- Installing: /home/mcfb/ros2_ws/install/px4_msgs/include/px4_msgs/px4_msgs/msg/detail/fixed_wing_longitudinal_setpoint__type_support.c\n'}
[1.578378] (px4_msgs) StdoutLine: {'line': b'-- Installing: /home/mcfb/ros2_ws/install/px4_msgs/include/px4_msgs/px4_msgs/msg/detail/estimator_event_flags__type_support.c\n'}
[1.578447] (px4_msgs) StdoutLine: {'line': b'-- Up-to-date: /home/mcfb/ros2_ws/install/px4_msgs/include/px4_msgs/px4_msgs/msg/detail/ekf2_timestamps__rosidl_typesupport_introspection_c.h\n'}
[1.578522] (px4_msgs) StdoutLine: {'line': b'-- Installing: /home/mcfb/ros2_ws/install/px4_msgs/include/px4_msgs/px4_msgs/msg/detail/vehicle_constraints__type_support.c\n'}
[1.578641] (px4_msgs) StdoutLine: {'line': b'-- Installing: /home/mcfb/ros2_ws/install/px4_msgs/include/px4_msgs/px4_msgs/msg/detail/tecs_status__type_support.c\n'}
[1.578894] (px4_msgs) StdoutLine: {'line': b'-- Installing: /home/mcfb/ros2_ws/install/px4_msgs/include/px4_msgs/px4_msgs/msg/detail/estimator_innovations__type_support.c\n'}
[1.579025] (px4_msgs) StdoutLine: {'line': b'-- Installing: /home/mcfb/ros2_ws/install/px4_msgs/include/px4_msgs/px4_msgs/msg/detail/manual_control_switches__type_support.c\n'}
[1.579114] (px4_msgs) StdoutLine: {'line': b'-- Up-to-date: /home/mcfb/ros2_ws/install/px4_msgs/include/px4_msgs/px4_msgs/msg/detail/estimator_states__rosidl_typesupport_introspection_c.h\n'}
[1.579166] (px4_msgs) StdoutLine: {'line': b'-- Installing: /home/mcfb/ros2_ws/install/px4_msgs/include/px4_msgs/px4_msgs/msg/detail/gimbal_manager_status__type_support.c\n'}
[1.579225] (px4_msgs) StdoutLine: {'line': b'-- Installing: /home/mcfb/ros2_ws/install/px4_msgs/include/px4_msgs/px4_msgs/msg/detail/vehicle_optical_flow_vel__type_support.c\n'}
[1.579280] (px4_msgs) StdoutLine: {'line': b'-- Up-to-date: /home/mcfb/ros2_ws/install/px4_msgs/include/px4_msgs/px4_msgs/msg/detail/actuator_motors__rosidl_typesupport_introspection_c.h\n'}
[1.579336] (px4_msgs) StdoutLine: {'line': b'-- Up-to-date: /home/mcfb/ros2_ws/install/px4_msgs/include/px4_msgs/px4_msgs/msg/detail/qshell_retval__rosidl_typesupport_introspection_c.h\n'}
[1.579385] (px4_msgs) StdoutLine: {'line': b'-- Installing: /home/mcfb/ros2_ws/install/px4_msgs/include/px4_msgs/px4_msgs/msg/detail/actuator_armed__type_support.c\n'}
[1.579440] (px4_msgs) StdoutLine: {'line': b'-- Up-to-date: /home/mcfb/ros2_ws/install/px4_msgs/include/px4_msgs/px4_msgs/msg/detail/rover_speed_setpoint__rosidl_typesupport_introspection_c.h\n'}
[1.579609] (px4_msgs) StdoutLine: {'line': b'-- Installing: /home/mcfb/ros2_ws/install/px4_msgs/include/px4_msgs/px4_msgs/msg/detail/trajectory_setpoint__type_support.c\n'}
[1.579717] (px4_msgs) StdoutLine: {'line': b'-- Installing: /home/mcfb/ros2_ws/install/px4_msgs/include/px4_msgs/px4_msgs/msg/detail/follow_target_estimator__type_support.c\n'}
[1.579777] (px4_msgs) StdoutLine: {'line': b'-- Up-to-date: /home/mcfb/ros2_ws/install/px4_msgs/include/px4_msgs/px4_msgs/msg/detail/trajectory_setpoint6dof__rosidl_typesupport_introspection_c.h\n'}
[1.579832] (px4_msgs) StdoutLine: {'line': b'-- Up-to-date: /home/mcfb/ros2_ws/install/px4_msgs/include/px4_msgs/px4_msgs/msg/detail/pure_pursuit_status__rosidl_typesupport_introspection_c.h\n'}
[1.579911] (px4_msgs) StdoutLine: {'line': b'-- Installing: /home/mcfb/ros2_ws/install/px4_msgs/include/px4_msgs/px4_msgs/msg/detail/sensor_uwb__type_support.c\n'}
[1.579960] (px4_msgs) StdoutLine: {'line': b'-- Up-to-date: /home/mcfb/ros2_ws/install/px4_msgs/include/px4_msgs/px4_msgs/msg/detail/sensor_airflow__rosidl_typesupport_introspection_c.h\n'}
[1.580008] (px4_msgs) StdoutLine: {'line': b'-- Up-to-date: /home/mcfb/ros2_ws/install/px4_msgs/include/px4_msgs/px4_msgs/msg/detail/sensor_baro__rosidl_typesupport_introspection_c.h\n'}
[1.580071] (px4_msgs) StdoutLine: {'line': b'-- Up-to-date: /home/mcfb/ros2_ws/install/px4_msgs/include/px4_msgs/px4_msgs/msg/detail/tecs_status__rosidl_typesupport_introspection_c.h\n'}
[1.580149] (px4_msgs) StdoutLine: {'line': b'-- Up-to-date: /home/mcfb/ros2_ws/install/px4_msgs/include/px4_msgs/px4_msgs/msg/detail/airspeed_wind__rosidl_typesupport_introspection_c.h\n'}
[1.580215] (px4_msgs) StdoutLine: {'line': b'-- Installing: /home/mcfb/ros2_ws/install/px4_msgs/include/px4_msgs/px4_msgs/msg/detail/ping__type_support.c\n'}
[1.580284] (px4_msgs) StdoutLine: {'line': b'-- Up-to-date: /home/mcfb/ros2_ws/install/px4_msgs/include/px4_msgs/px4_msgs/msg/detail/gripper__rosidl_typesupport_introspection_c.h\n'}
[1.580361] (px4_msgs) StdoutLine: {'line': b'-- Up-to-date: /home/mcfb/ros2_ws/install/px4_msgs/include/px4_msgs/px4_msgs/msg/detail/gpio_out__rosidl_typesupport_introspection_c.h\n'}
[1.580412] (px4_msgs) StdoutLine: {'line': b'-- Up-to-date: /home/mcfb/ros2_ws/install/px4_msgs/include/px4_msgs/px4_msgs/msg/detail/estimator_selector_status__rosidl_typesupport_introspection_c.h\n'}
[1.580463] (px4_msgs) StdoutLine: {'line': b'-- Up-to-date: /home/mcfb/ros2_ws/install/px4_msgs/include/px4_msgs/px4_msgs/msg/detail/rover_steering_setpoint__rosidl_typesupport_introspection_c.h\n'}
[1.580520] (px4_msgs) StdoutLine: {'line': b'-- Up-to-date: /home/mcfb/ros2_ws/install/px4_msgs/include/px4_msgs/px4_msgs/msg/detail/sensor_gyro_fft__rosidl_typesupport_introspection_c.h\n'}
[1.580658] (px4_msgs) StdoutLine: {'line': b'-- Up-to-date: /home/mcfb/ros2_ws/install/px4_msgs/include/px4_msgs/px4_msgs/msg/detail/wind__rosidl_typesupport_introspection_c.h\n'}
[1.580712] (px4_msgs) StdoutLine: {'line': b'-- Up-to-date: /home/mcfb/ros2_ws/install/px4_msgs/include/px4_msgs/px4_msgs/msg/detail/wheel_encoders__rosidl_typesupport_introspection_c.h\n'}
[1.580759] (px4_msgs) StdoutLine: {'line': b'-- Up-to-date: /home/mcfb/ros2_ws/install/px4_msgs/include/px4_msgs/px4_msgs/msg/detail/goto_setpoint__rosidl_typesupport_introspection_c.h\n'}
[1.580817] (px4_msgs) StdoutLine: {'line': b'-- Installing: /home/mcfb/ros2_ws/install/px4_msgs/include/px4_msgs/px4_msgs/msg/detail/rover_rate_setpoint__type_support.c\n'}
[1.580873] (px4_msgs) StdoutLine: {'line': b'-- Installing: /home/mcfb/ros2_ws/install/px4_msgs/include/px4_msgs/px4_msgs/msg/detail/mode_completed__type_support.c\n'}
[1.580923] (px4_msgs) StdoutLine: {'line': b'-- Installing: /home/mcfb/ros2_ws/install/px4_msgs/include/px4_msgs/px4_msgs/msg/detail/vehicle_local_position__type_support.c\n'}
[1.580970] (px4_msgs) StdoutLine: {'line': b'-- Installing: /home/mcfb/ros2_ws/install/px4_msgs/include/px4_msgs/px4_msgs/msg/detail/cpuload__type_support.c\n'}
[1.581017] (px4_msgs) StdoutLine: {'line': b'-- Installing: /home/mcfb/ros2_ws/install/px4_msgs/include/px4_msgs/px4_msgs/msg/detail/vehicle_attitude__type_support.c\n'}
[1.581067] (px4_msgs) StdoutLine: {'line': b'-- Up-to-date: /home/mcfb/ros2_ws/install/px4_msgs/include/px4_msgs/px4_msgs/msg/detail/sensor_gyro_fifo__rosidl_typesupport_introspection_c.h\n'}
[1.581127] (px4_msgs) StdoutLine: {'line': b'-- Up-to-date: /home/mcfb/ros2_ws/install/px4_msgs/include/px4_msgs/px4_msgs/msg/detail/register_ext_component_request__rosidl_typesupport_introspection_c.h\n'}
[1.581202] (px4_msgs) StdoutLine: {'line': b'-- Installing: /home/mcfb/ros2_ws/install/px4_msgs/include/px4_msgs/px4_msgs/msg/detail/gps_dump__type_support.c\n'}
[1.581269] (px4_msgs) StdoutLine: {'line': b'-- Installing: /home/mcfb/ros2_ws/install/px4_msgs/include/px4_msgs/px4_msgs/msg/detail/sensor_gps__type_support.c\n'}
[1.581344] (px4_msgs) StdoutLine: {'line': b'-- Up-to-date: /home/mcfb/ros2_ws/install/px4_msgs/include/px4_msgs/px4_msgs/msg/detail/tune_control__rosidl_typesupport_introspection_c.h\n'}
[1.581414] (px4_msgs) StdoutLine: {'line': b'-- Up-to-date: /home/mcfb/ros2_ws/install/px4_msgs/include/px4_msgs/px4_msgs/msg/detail/sensor_gyro__rosidl_typesupport_introspection_c.h\n'}
[1.581469] (px4_msgs) StdoutLine: {'line': b'-- Installing: /home/mcfb/ros2_ws/install/px4_msgs/include/px4_msgs/px4_msgs/msg/detail/sensors_status_imu__type_support.c\n'}
[1.581518] (px4_msgs) StdoutLine: {'line': b'-- Installing: /home/mcfb/ros2_ws/install/px4_msgs/include/px4_msgs/px4_msgs/msg/detail/sensor_selection__type_support.c\n'}
[1.581568] (px4_msgs) StdoutLine: {'line': b'-- Installing: /home/mcfb/ros2_ws/install/px4_msgs/include/px4_msgs/px4_msgs/msg/detail/rover_attitude_setpoint__type_support.c\n'}
[1.581642] (px4_msgs) StdoutLine: {'line': b'-- Installing: /home/mcfb/ros2_ws/install/px4_msgs/include/px4_msgs/px4_msgs/msg/detail/estimator_status_flags__type_support.c\n'}
[1.581696] (px4_msgs) StdoutLine: {'line': b'-- Installing: /home/mcfb/ros2_ws/install/px4_msgs/include/px4_msgs/px4_msgs/msg/detail/gpio_config__type_support.c\n'}
[1.581751] (px4_msgs) StdoutLine: {'line': b'-- Up-to-date: /home/mcfb/ros2_ws/install/px4_msgs/include/px4_msgs/px4_msgs/msg/detail/open_drone_id_operator_id__rosidl_typesupport_introspection_c.h\n'}
[1.581803] (px4_msgs) StdoutLine: {'line': b'-- Up-to-date: /home/mcfb/ros2_ws/install/px4_msgs/include/px4_msgs/px4_msgs/msg/detail/sensor_preflight_mag__rosidl_typesupport_introspection_c.h\n'}
[1.581854] (px4_msgs) StdoutLine: {'line': b'-- Installing: /home/mcfb/ros2_ws/install/px4_msgs/include/px4_msgs/px4_msgs/msg/detail/debug_key_value__type_support.c\n'}
[1.581904] (px4_msgs) StdoutLine: {'line': b'-- Installing: /home/mcfb/ros2_ws/install/px4_msgs/include/px4_msgs/px4_msgs/msg/detail/power_button_state__type_support.c\n'}
[1.581952] (px4_msgs) StdoutLine: {'line': b'-- Up-to-date: /home/mcfb/ros2_ws/install/px4_msgs/include/px4_msgs/px4_msgs/msg/detail/debug_vect__rosidl_typesupport_introspection_c.h\n'}
[1.582157] (px4_msgs) StdoutLine: {'line': b'-- Up-to-date: /home/mcfb/ros2_ws/install/px4_msgs/include/px4_msgs/px4_msgs/msg/detail/sensor_combined__rosidl_typesupport_introspection_c.h\n'}
[1.582242] (px4_msgs) StdoutLine: {'line': b'-- Up-to-date: /home/mcfb/ros2_ws/install/px4_msgs/include/px4_msgs/px4_msgs/msg/detail/position_controller_status__rosidl_typesupport_introspection_c.h\n'}
[1.582301] (px4_msgs) StdoutLine: {'line': b'-- Installing: /home/mcfb/ros2_ws/install/px4_msgs/include/px4_msgs/px4_msgs/msg/detail/sensor_accel__type_support.c\n'}
[1.582363] (px4_msgs) StdoutLine: {'line': b'-- Up-to-date: /home/mcfb/ros2_ws/install/px4_msgs/include/px4_msgs/px4_msgs/msg/detail/gps_dump__rosidl_typesupport_introspection_c.h\n'}
[1.582439] (px4_msgs) StdoutLine: {'line': b'-- Installing: /home/mcfb/ros2_ws/install/px4_msgs/include/px4_msgs/px4_msgs/msg/detail/button_event__type_support.c\n'}
[1.582518] (px4_msgs) StdoutLine: {'line': b'-- Up-to-date: /home/mcfb/ros2_ws/install/px4_msgs/include/px4_msgs/px4_msgs/msg/detail/input_rc__rosidl_typesupport_introspection_c.h\n'}
[1.582580] (px4_msgs) StdoutLine: {'line': b'-- Installing: /home/mcfb/ros2_ws/install/px4_msgs/include/px4_msgs/px4_msgs/msg/detail/wheel_encoders__type_support.c\n'}
[1.582629] (px4_msgs) StdoutLine: {'line': b'-- Installing: /home/mcfb/ros2_ws/install/px4_msgs/include/px4_msgs/px4_msgs/msg/detail/collision_constraints__type_support.c\n'}
[1.582687] (px4_msgs) StdoutLine: {'line': b'-- Installing: /home/mcfb/ros2_ws/install/px4_msgs/include/px4_msgs/px4_msgs/msg/detail/orb_test_medium__type_support.c\n'}
[1.582740] (px4_msgs) StdoutLine: {'line': b'-- Installing: /home/mcfb/ros2_ws/install/px4_msgs/include/px4_msgs/px4_msgs/msg/detail/sensor_correction__type_support.c\n'}
[1.582789] (px4_msgs) StdoutLine: {'line': b'-- Up-to-date: /home/mcfb/ros2_ws/install/px4_msgs/include/px4_msgs/px4_msgs/msg/detail/parameter_reset_request__rosidl_typesupport_introspection_c.h\n'}
[1.582837] (px4_msgs) StdoutLine: {'line': b'-- Up-to-date: /home/mcfb/ros2_ws/install/px4_msgs/include/px4_msgs/px4_msgs/msg/detail/sensor_gnss_status__rosidl_typesupport_introspection_c.h\n'}
[1.582931] (px4_msgs) StdoutLine: {'line': b'-- Up-to-date: /home/mcfb/ros2_ws/install/px4_msgs/include/px4_msgs/px4_msgs/msg/detail/sensor_gps__rosidl_typesupport_introspection_c.h\n'}
[1.582981] (px4_msgs) StdoutLine: {'line': b'-- Up-to-date: /home/mcfb/ros2_ws/install/px4_msgs/include/px4_msgs/px4_msgs/msg/detail/vehicle_local_position__rosidl_typesupport_introspection_c.h\n'}
[1.583030] (px4_msgs) StdoutLine: {'line': b'-- Installing: /home/mcfb/ros2_ws/install/px4_msgs/include/px4_msgs/px4_msgs/msg/detail/navigator_mission_item__type_support.c\n'}
[1.583078] (px4_msgs) StdoutLine: {'line': b'-- Up-to-date: /home/mcfb/ros2_ws/install/px4_msgs/include/px4_msgs/px4_msgs/msg/detail/hover_thrust_estimate__rosidl_typesupport_introspection_c.h\n'}
[1.583147] (px4_msgs) StdoutLine: {'line': b'-- Installing: /home/mcfb/ros2_ws/install/px4_msgs/include/px4_msgs/px4_msgs/msg/detail/vehicle_land_detected__type_support.c\n'}
[1.583195] (px4_msgs) StdoutLine: {'line': b'-- Up-to-date: /home/mcfb/ros2_ws/install/px4_msgs/include/px4_msgs/px4_msgs/msg/detail/estimator_aid_source3d__rosidl_typesupport_introspection_c.h\n'}
[1.583247] (px4_msgs) StdoutLine: {'line': b'-- Installing: /home/mcfb/ros2_ws/install/px4_msgs/include/px4_msgs/px4_msgs/msg/detail/vehicle_angular_velocity__type_support.c\n'}
[1.583296] (px4_msgs) StdoutLine: {'line': b'-- Installing: /home/mcfb/ros2_ws/install/px4_msgs/include/px4_msgs/px4_msgs/msg/detail/rate_ctrl_status__type_support.c\n'}
[1.583351] (px4_msgs) StdoutLine: {'line': b'-- Up-to-date: /home/mcfb/ros2_ws/install/px4_msgs/include/px4_msgs/px4_msgs/msg/detail/unregister_ext_component__rosidl_typesupport_introspection_c.h\n'}
[1.583400] (px4_msgs) StdoutLine: {'line': b'-- Installing: /home/mcfb/ros2_ws/install/px4_msgs/include/px4_msgs/px4_msgs/msg/detail/gimbal_device_set_attitude__type_support.c\n'}
[1.583447] (px4_msgs) StdoutLine: {'line': b'-- Up-to-date: /home/mcfb/ros2_ws/install/px4_msgs/include/px4_msgs/px4_msgs/msg/detail/rtl_status__rosidl_typesupport_introspection_c.h\n'}
[1.583496] (px4_msgs) StdoutLine: {'line': b'-- Up-to-date: /home/mcfb/ros2_ws/install/px4_msgs/include/px4_msgs/px4_msgs/msg/detail/fixed_wing_runway_control__rosidl_typesupport_introspection_c.h\n'}
[1.583543] (px4_msgs) StdoutLine: {'line': b'-- Up-to-date: /home/mcfb/ros2_ws/install/px4_msgs/include/px4_msgs/px4_msgs/msg/detail/sensor_uwb__rosidl_typesupport_introspection_c.h\n'}
[1.583594] (px4_msgs) StdoutLine: {'line': b'-- Up-to-date: /home/mcfb/ros2_ws/install/px4_msgs/include/px4_msgs/px4_msgs/msg/detail/orb_test__rosidl_typesupport_introspection_c.h\n'}
[1.583639] (px4_msgs) StdoutLine: {'line': b'-- Up-to-date: /home/mcfb/ros2_ws/install/px4_msgs/include/px4_msgs/px4_msgs/msg/detail/gimbal_device_information__rosidl_typesupport_introspection_c.h\n'}
[1.583685] (px4_msgs) StdoutLine: {'line': b'-- Up-to-date: /home/mcfb/ros2_ws/install/px4_msgs/include/px4_msgs/px4_msgs/msg/detail/actuator_test__rosidl_typesupport_introspection_c.h\n'}
[1.583731] (px4_msgs) StdoutLine: {'line': b'-- Installing: /home/mcfb/ros2_ws/install/px4_msgs/include/px4_msgs/px4_msgs/msg/detail/obstacle_distance__type_support.c\n'}
[1.583779] (px4_msgs) StdoutLine: {'line': b'-- Installing: /home/mcfb/ros2_ws/install/px4_msgs/include/px4_msgs/px4_msgs/msg/detail/uavcan_parameter_value__type_support.c\n'}
[1.583863] (px4_msgs) StdoutLine: {'line': b'-- Installing: /home/mcfb/ros2_ws/install/px4_msgs/include/px4_msgs/px4_msgs/msg/detail/internal_combustion_engine_control__type_support.c\n'}
[1.583907] (px4_msgs) StdoutLine: {'line': b'-- Up-to-date: /home/mcfb/ros2_ws/install/px4_msgs/include/px4_msgs/px4_msgs/msg/detail/uavcan_parameter_value__rosidl_typesupport_introspection_c.h\n'}
[1.583950] (px4_msgs) StdoutLine: {'line': b'-- Installing: /home/mcfb/ros2_ws/install/px4_msgs/include/px4_msgs/px4_msgs/msg/detail/battery_status__type_support.c\n'}
[1.583999] (px4_msgs) StdoutLine: {'line': b'-- Installing: /home/mcfb/ros2_ws/install/px4_msgs/include/px4_msgs/px4_msgs/msg/detail/estimator_aid_source3d__type_support.c\n'}
[1.584047] (px4_msgs) StdoutLine: {'line': b'-- Installing: /home/mcfb/ros2_ws/install/px4_msgs/include/px4_msgs/px4_msgs/msg/detail/unregister_ext_component__type_support.c\n'}
[1.584093] (px4_msgs) StdoutLine: {'line': b'-- Installing: /home/mcfb/ros2_ws/install/px4_msgs/include/px4_msgs/px4_msgs/msg/detail/open_drone_id_self_id__type_support.c\n'}
[1.584141] (px4_msgs) StdoutLine: {'line': b'-- Up-to-date: /home/mcfb/ros2_ws/install/px4_msgs/include/px4_msgs/px4_msgs/msg/detail/distance_sensor_mode_change_request__rosidl_typesupport_introspection_c.h\n'}
[1.584190] (px4_msgs) StdoutLine: {'line': b'-- Installing: /home/mcfb/ros2_ws/install/px4_msgs/include/px4_msgs/px4_msgs/msg/detail/sensor_gyro__type_support.c\n'}
[1.584257] (px4_msgs) StdoutLine: {'line': b'-- Installing: /home/mcfb/ros2_ws/install/px4_msgs/include/px4_msgs/px4_msgs/msg/detail/message_format_request__type_support.c\n'}
[1.584302] (px4_msgs) StdoutLine: {'line': b'-- Installing: /home/mcfb/ros2_ws/install/px4_msgs/include/px4_msgs/px4_msgs/msg/detail/parameter_update__type_support.c\n'}
[1.584354] (px4_msgs) StdoutLine: {'line': b'-- Up-to-date: /home/mcfb/ros2_ws/install/px4_msgs/include/px4_msgs/px4_msgs/msg/detail/sensor_selection__rosidl_typesupport_introspection_c.h\n'}
[1.584424] (px4_msgs) StdoutLine: {'line': b'-- Up-to-date: /home/mcfb/ros2_ws/install/px4_msgs/include/px4_msgs/px4_msgs/msg/detail/telemetry_status__rosidl_typesupport_introspection_c.h\n'}
[1.584473] (px4_msgs) StdoutLine: {'line': b'-- Installing: /home/mcfb/ros2_ws/install/px4_msgs/include/px4_msgs/px4_msgs/msg/detail/system_power__type_support.c\n'}
[1.584520] (px4_msgs) StdoutLine: {'line': b'-- Installing: /home/mcfb/ros2_ws/install/px4_msgs/include/px4_msgs/px4_msgs/msg/detail/estimator_gps_status__type_support.c\n'}
[1.584569] (px4_msgs) StdoutLine: {'line': b'-- Up-to-date: /home/mcfb/ros2_ws/install/px4_msgs/include/px4_msgs/px4_msgs/msg/detail/tiltrotor_extra_controls__rosidl_typesupport_introspection_c.h\n'}
[1.584615] (px4_msgs) StdoutLine: {'line': b'-- Installing: /home/mcfb/ros2_ws/install/px4_msgs/include/px4_msgs/px4_msgs/msg/detail/iridiumsbd_status__type_support.c\n'}
[1.584661] (px4_msgs) StdoutLine: {'line': b'-- Installing: /home/mcfb/ros2_ws/install/px4_msgs/include/px4_msgs/px4_msgs/msg/detail/mag_worker_data__type_support.c\n'}
[1.584708] (px4_msgs) StdoutLine: {'line': b'-- Up-to-date: /home/mcfb/ros2_ws/install/px4_msgs/include/px4_msgs/px4_msgs/msg/detail/can_interface_status__rosidl_typesupport_introspection_c.h\n'}
[1.584756] (px4_msgs) StdoutLine: {'line': b'-- Up-to-date: /home/mcfb/ros2_ws/install/px4_msgs/include/px4_msgs/px4_msgs/msg/detail/estimator_bias3d__rosidl_typesupport_introspection_c.h\n'}
[1.584802] (px4_msgs) StdoutLine: {'line': b'-- Installing: /home/mcfb/ros2_ws/install/px4_msgs/include/px4_msgs/px4_msgs/msg/detail/irlock_report__type_support.c\n'}
[1.584849] (px4_msgs) StdoutLine: {'line': b'-- Up-to-date: /home/mcfb/ros2_ws/install/px4_msgs/include/px4_msgs/px4_msgs/msg/detail/actuator_servos__rosidl_typesupport_introspection_c.h\n'}
[1.584900] (px4_msgs) StdoutLine: {'line': b'-- Up-to-date: /home/mcfb/ros2_ws/install/px4_msgs/include/px4_msgs/px4_msgs/msg/detail/estimator_sensor_bias__rosidl_typesupport_introspection_c.h\n'}
[1.584950] (px4_msgs) StdoutLine: {'line': b'-- Installing: /home/mcfb/ros2_ws/install/px4_msgs/include/px4_msgs/px4_msgs/msg/detail/generator_status__type_support.c\n'}
[1.585005] (px4_msgs) StdoutLine: {'line': b'-- Installing: /home/mcfb/ros2_ws/install/px4_msgs/include/px4_msgs/px4_msgs/msg/detail/ekf2_timestamps__type_support.c\n'}
[1.585054] (px4_msgs) StdoutLine: {'line': b'-- Up-to-date: /home/mcfb/ros2_ws/install/px4_msgs/include/px4_msgs/px4_msgs/msg/detail/manual_control_switches__rosidl_typesupport_introspection_c.h\n'}
[1.585102] (px4_msgs) StdoutLine: {'line': b'-- Up-to-date: /home/mcfb/ros2_ws/install/px4_msgs/include/px4_msgs/px4_msgs/msg/detail/power_button_state__rosidl_typesupport_introspection_c.h\n'}
[1.585151] (px4_msgs) StdoutLine: {'line': b'-- Installing: /home/mcfb/ros2_ws/install/px4_msgs/include/px4_msgs/px4_msgs/msg/detail/mission__type_support.c\n'}
[1.585198] (px4_msgs) StdoutLine: {'line': b'-- Installing: /home/mcfb/ros2_ws/install/px4_msgs/include/px4_msgs/px4_msgs/msg/detail/camera_trigger__type_support.c\n'}
[1.585244] (px4_msgs) StdoutLine: {'line': b'-- Installing: /home/mcfb/ros2_ws/install/px4_msgs/include/px4_msgs/px4_msgs/msg/detail/parameter_set_used_request__type_support.c\n'}
[1.585291] (px4_msgs) StdoutLine: {'line': b'-- Installing: /home/mcfb/ros2_ws/install/px4_msgs/include/px4_msgs/px4_msgs/msg/detail/goto_setpoint__type_support.c\n'}
[1.585348] (px4_msgs) StdoutLine: {'line': b'-- Installing: /home/mcfb/ros2_ws/install/px4_msgs/include/px4_msgs/px4_msgs/msg/detail/sensor_combined__type_support.c\n'}
[1.585400] (px4_msgs) StdoutLine: {'line': b'-- Installing: /home/mcfb/ros2_ws/install/px4_msgs/include/px4_msgs/px4_msgs/msg/detail/control_allocator_status__type_support.c\n'}
[1.585499] (px4_msgs) StdoutLine: {'line': b'-- Installing: /home/mcfb/ros2_ws/install/px4_msgs/include/px4_msgs/px4_msgs/msg/detail/dronecan_node_status__type_support.c\n'}
[1.585545] (px4_msgs) StdoutLine: {'line': b'-- Up-to-date: /home/mcfb/ros2_ws/install/px4_msgs/include/px4_msgs/px4_msgs/msg/detail/camera_trigger__rosidl_typesupport_introspection_c.h\n'}
[1.585588] (px4_msgs) StdoutLine: {'line': b'-- Installing: /home/mcfb/ros2_ws/install/px4_msgs/include/px4_msgs/px4_msgs/msg/detail/rover_speed_setpoint__type_support.c\n'}
[1.585639] (px4_msgs) StdoutLine: {'line': b'-- Installing: /home/mcfb/ros2_ws/install/px4_msgs/include/px4_msgs/px4_msgs/msg/detail/figure_eight_status__type_support.c\n'}
[1.585687] (px4_msgs) StdoutLine: {'line': b'-- Up-to-date: /home/mcfb/ros2_ws/install/px4_msgs/include/px4_msgs/px4_msgs/msg/detail/gimbal_manager_status__rosidl_typesupport_introspection_c.h\n'}
[1.585737] (px4_msgs) StdoutLine: {'line': b'-- Installing: /home/mcfb/ros2_ws/install/px4_msgs/include/px4_msgs/px4_msgs/msg/detail/magnetometer_bias_estimate__type_support.c\n'}
[1.585787] (px4_msgs) StdoutLine: {'line': b'-- Installing: /home/mcfb/ros2_ws/install/px4_msgs/include/px4_msgs/px4_msgs/msg/detail/rover_rate_status__type_support.c\n'}
[1.585859] (px4_msgs) StdoutLine: {'line': b'-- Up-to-date: /home/mcfb/ros2_ws/install/px4_msgs/include/px4_msgs/px4_msgs/msg/detail/actuator_controls_status__rosidl_typesupport_introspection_c.h\n'}
[1.585905] (px4_msgs) StdoutLine: {'line': b'-- Up-to-date: /home/mcfb/ros2_ws/install/px4_msgs/include/px4_msgs/px4_msgs/msg/detail/actuator_servos_trim__rosidl_typesupport_introspection_c.h\n'}
[1.585949] (px4_msgs) StdoutLine: {'line': b'-- Up-to-date: /home/mcfb/ros2_ws/install/px4_msgs/include/px4_msgs/px4_msgs/msg/detail/navigator_status__rosidl_typesupport_introspection_c.h\n'}
[1.585992] (px4_msgs) StdoutLine: {'line': b'-- Installing: /home/mcfb/ros2_ws/install/px4_msgs/include/px4_msgs/px4_msgs/msg/detail/landing_target_innovations__type_support.c\n'}
[1.586036] (px4_msgs) StdoutLine: {'line': b'-- Installing: /home/mcfb/ros2_ws/install/px4_msgs/include/px4_msgs/px4_msgs/msg/detail/actuator_servos_trim__type_support.c\n'}
[1.586087] (px4_msgs) StdoutLine: {'line': b'-- Installing: /home/mcfb/ros2_ws/install/px4_msgs/include/px4_msgs/px4_msgs/msg/detail/qshell_req__type_support.c\n'}
[1.586136] (px4_msgs) StdoutLine: {'line': b'-- Installing: /home/mcfb/ros2_ws/install/px4_msgs/include/px4_msgs/px4_msgs/msg/detail/mount_orientation__type_support.c\n'}
[1.586204] (px4_msgs) StdoutLine: {'line': b'-- Up-to-date: /home/mcfb/ros2_ws/install/px4_msgs/include/px4_msgs/px4_msgs/msg/detail/vehicle_torque_setpoint__rosidl_typesupport_introspection_c.h\n'}
[1.586272] (px4_msgs) StdoutLine: {'line': b'-- Up-to-date: /home/mcfb/ros2_ws/install/px4_msgs/include/px4_msgs/px4_msgs/msg/detail/debug_array__rosidl_typesupport_introspection_c.h\n'}
[1.586443] (px4_msgs) StdoutLine: {'line': b'-- Installing: /home/mcfb/ros2_ws/install/px4_msgs/include/px4_msgs/px4_msgs/msg/detail/autotune_attitude_control_status__type_support.c\n'}
[1.586533] (px4_msgs) StdoutLine: {'line': b'-- Up-to-date: /home/mcfb/ros2_ws/install/px4_msgs/include/px4_msgs/px4_msgs/msg/detail/gpio_config__rosidl_typesupport_introspection_c.h\n'}
[1.586589] (px4_msgs) StdoutLine: {'line': b'-- Up-to-date: /home/mcfb/ros2_ws/install/px4_msgs/include/px4_msgs/px4_msgs/msg/detail/vehicle_attitude_setpoint__rosidl_typesupport_introspection_c.h\n'}
[1.586644] (px4_msgs) StdoutLine: {'line': b'-- Installing: /home/mcfb/ros2_ws/install/px4_msgs/include/px4_msgs/px4_msgs/msg/detail/tiltrotor_extra_controls__type_support.c\n'}
[1.586696] (px4_msgs) StdoutLine: {'line': b'-- Up-to-date: /home/mcfb/ros2_ws/install/px4_msgs/include/px4_msgs/px4_msgs/msg/detail/gimbal_device_set_attitude__rosidl_typesupport_introspection_c.h\n'}
[1.586774] (px4_msgs) StdoutLine: {'line': b'-- Up-to-date: /home/mcfb/ros2_ws/install/px4_msgs/include/px4_msgs/px4_msgs/msg/detail/parameter_set_used_request__rosidl_typesupport_introspection_c.h\n'}
[1.586823] (px4_msgs) StdoutLine: {'line': b'-- Up-to-date: /home/mcfb/ros2_ws/install/px4_msgs/include/px4_msgs/px4_msgs/msg/detail/rc_parameter_map__rosidl_typesupport_introspection_c.h\n'}
[1.586869] (px4_msgs) StdoutLine: {'line': b'-- Installing: /home/mcfb/ros2_ws/install/px4_msgs/include/px4_msgs/px4_msgs/msg/detail/gpio_in__type_support.c\n'}
[1.586921] (px4_msgs) StdoutLine: {'line': b'-- Up-to-date: /home/mcfb/ros2_ws/install/px4_msgs/include/px4_msgs/px4_msgs/msg/detail/debug_key_value__rosidl_typesupport_introspection_c.h\n'}
[1.586970] (px4_msgs) StdoutLine: {'line': b'-- Installing: /home/mcfb/ros2_ws/install/px4_msgs/include/px4_msgs/px4_msgs/msg/detail/actuator_motors__type_support.c\n'}
[1.587019] (px4_msgs) StdoutLine: {'line': b'-- Installing: /home/mcfb/ros2_ws/install/px4_msgs/include/px4_msgs/px4_msgs/msg/detail/arming_check_reply__type_support.c\n'}
[1.587066] (px4_msgs) StdoutLine: {'line': b'-- Up-to-date: /home/mcfb/ros2_ws/install/px4_msgs/include/px4_msgs/px4_msgs/msg/detail/estimator_aid_source1d__rosidl_typesupport_introspection_c.h\n'}
[1.587142] (px4_msgs) StdoutLine: {'line': b'-- Installing: /home/mcfb/ros2_ws/install/px4_msgs/include/px4_msgs/px4_msgs/msg/detail/open_drone_id_operator_id__type_support.c\n'}
[1.587197] (px4_msgs) StdoutLine: {'line': b'-- Up-to-date: /home/mcfb/ros2_ws/install/px4_msgs/include/px4_msgs/px4_msgs/msg/detail/pwm_input__rosidl_typesupport_introspection_c.h\n'}
[1.587250] (px4_msgs) StdoutLine: {'line': b'-- Installing: /home/mcfb/ros2_ws/install/px4_msgs/include/px4_msgs/px4_msgs/msg/detail/dataman_response__type_support.c\n'}
[1.587297] (px4_msgs) StdoutLine: {'line': b'-- Up-to-date: /home/mcfb/ros2_ws/install/px4_msgs/include/px4_msgs/px4_msgs/msg/detail/qshell_req__rosidl_typesupport_introspection_c.h\n'}
[1.587350] (px4_msgs) StdoutLine: {'line': b'-- Installing: /home/mcfb/ros2_ws/install/px4_msgs/include/px4_msgs/px4_msgs/msg/detail/takeoff_status__type_support.c\n'}
[1.587392] (px4_msgs) StdoutLine: {'line': b'-- Installing: /home/mcfb/ros2_ws/install/px4_msgs/include/px4_msgs/px4_msgs/msg/detail/gpio_out__type_support.c\n'}
[1.587434] (px4_msgs) StdoutLine: {'line': b'-- Installing: /home/mcfb/ros2_ws/install/px4_msgs/include/px4_msgs/px4_msgs/msg/detail/vehicle_command_ack__type_support.c\n'}
[1.587476] (px4_msgs) StdoutLine: {'line': b'-- Up-to-date: /home/mcfb/ros2_ws/install/px4_msgs/include/px4_msgs/px4_msgs/msg/detail/vtol_vehicle_status__rosidl_typesupport_introspection_c.h\n'}
[1.587543] (px4_msgs) StdoutLine: {'line': b'-- Up-to-date: /home/mcfb/ros2_ws/install/px4_msgs/include/px4_msgs/px4_msgs/msg/detail/actuator_outputs__rosidl_typesupport_introspection_c.h\n'}
[1.587589] (px4_msgs) StdoutLine: {'line': b'-- Up-to-date: /home/mcfb/ros2_ws/install/px4_msgs/include/px4_msgs/px4_msgs/msg/detail/open_drone_id_self_id__rosidl_typesupport_introspection_c.h\n'}
[1.587634] (px4_msgs) StdoutLine: {'line': b'-- Up-to-date: /home/mcfb/ros2_ws/install/px4_msgs/include/px4_msgs/px4_msgs/msg/detail/rtl_time_estimate__rosidl_typesupport_introspection_c.h\n'}
[1.587679] (px4_msgs) StdoutLine: {'line': b'-- Up-to-date: /home/mcfb/ros2_ws/install/px4_msgs/include/px4_msgs/px4_msgs/msg/detail/failure_detector_status__rosidl_typesupport_introspection_c.h\n'}
[1.587727] (px4_msgs) StdoutLine: {'line': b'-- Installing: /home/mcfb/ros2_ws/install/px4_msgs/include/px4_msgs/px4_msgs/msg/detail/actuator_controls_status__type_support.c\n'}
[1.587776] (px4_msgs) StdoutLine: {'line': b'-- Up-to-date: /home/mcfb/ros2_ws/install/px4_msgs/include/px4_msgs/px4_msgs/msg/detail/failsafe_flags__rosidl_typesupport_introspection_c.h\n'}
[1.587825] (px4_msgs) StdoutLine: {'line': b'-- Installing: /home/mcfb/ros2_ws/install/px4_msgs/include/px4_msgs/px4_msgs/msg/detail/navigator_status__type_support.c\n'}
[1.587874] (px4_msgs) StdoutLine: {'line': b'-- Up-to-date: /home/mcfb/ros2_ws/install/px4_msgs/include/px4_msgs/px4_msgs/msg/detail/landing_gear__rosidl_typesupport_introspection_c.h\n'}
[1.587943] (px4_msgs) StdoutLine: {'line': b'-- Up-to-date: /home/mcfb/ros2_ws/install/px4_msgs/include/px4_msgs/px4_msgs/msg/detail/vehicle_status__rosidl_typesupport_introspection_c.h\n'}
[1.587988] (px4_msgs) StdoutLine: {'line': b'-- Up-to-date: /home/mcfb/ros2_ws/install/px4_msgs/include/px4_msgs/px4_msgs/msg/detail/sensor_accel__rosidl_typesupport_introspection_c.h\n'}
[1.588032] (px4_msgs) StdoutLine: {'line': b'-- Up-to-date: /home/mcfb/ros2_ws/install/px4_msgs/include/px4_msgs/px4_msgs/msg/detail/arming_check_request__rosidl_typesupport_introspection_c.h\n'}
[1.588076] (px4_msgs) StdoutLine: {'line': b'-- Up-to-date: /home/mcfb/ros2_ws/install/px4_msgs/include/px4_msgs/px4_msgs/msg/detail/estimator_event_flags__rosidl_typesupport_introspection_c.h\n'}
[1.588120] (px4_msgs) StdoutLine: {'line': b'-- Installing: /home/mcfb/ros2_ws/install/px4_msgs/include/px4_msgs/px4_msgs/msg/detail/arming_check_request__type_support.c\n'}
[1.588166] (px4_msgs) StdoutLine: {'line': b'-- Installing: /home/mcfb/ros2_ws/install/px4_msgs/include/px4_msgs/px4_msgs/msg/detail/gimbal_device_attitude_status__type_support.c\n'}
[1.588213] (px4_msgs) StdoutLine: {'line': b'-- Up-to-date: /home/mcfb/ros2_ws/install/px4_msgs/include/px4_msgs/px4_msgs/msg/detail/estimator_status__rosidl_typesupport_introspection_c.h\n'}
[1.588260] (px4_msgs) StdoutLine: {'line': b'-- Installing: /home/mcfb/ros2_ws/install/px4_msgs/include/px4_msgs/px4_msgs/msg/detail/position_setpoint_triplet__type_support.c\n'}
[1.588308] (px4_msgs) StdoutLine: {'line': b'-- Up-to-date: /home/mcfb/ros2_ws/install/px4_msgs/include/px4_msgs/px4_msgs/msg/detail/sensor_correction__rosidl_typesupport_introspection_c.h\n'}
[1.588361] (px4_msgs) StdoutLine: {'line': b'-- Up-to-date: /home/mcfb/ros2_ws/install/px4_msgs/include/px4_msgs/px4_msgs/msg/detail/launch_detection_status__rosidl_typesupport_introspection_c.h\n'}
[1.588409] (px4_msgs) StdoutLine: {'line': b'-- Up-to-date: /home/mcfb/ros2_ws/install/px4_msgs/include/px4_msgs/px4_msgs/msg/detail/mavlink_tunnel__rosidl_typesupport_introspection_c.h\n'}
[1.588456] (px4_msgs) StdoutLine: {'line': b'-- Up-to-date: /home/mcfb/ros2_ws/install/px4_msgs/include/px4_msgs/px4_msgs/msg/detail/orb_test_medium__rosidl_typesupport_introspection_c.h\n'}
[1.588503] (px4_msgs) StdoutLine: {'line': b'-- Up-to-date: /home/mcfb/ros2_ws/install/px4_msgs/include/px4_msgs/px4_msgs/msg/detail/lateral_control_configuration__rosidl_typesupport_introspection_c.h\n'}
[1.588550] (px4_msgs) StdoutLine: {'line': b'-- Up-to-date: /home/mcfb/ros2_ws/install/px4_msgs/include/px4_msgs/px4_msgs/msg/detail/parameter_set_value_response__rosidl_typesupport_introspection_c.h\n'}
[1.588598] (px4_msgs) StdoutLine: {'line': b'-- Up-to-date: /home/mcfb/ros2_ws/install/px4_msgs/include/px4_msgs/px4_msgs/msg/detail/config_overrides__rosidl_typesupport_introspection_c.h\n'}
[1.588647] (px4_msgs) StdoutLine: {'line': b'-- Up-to-date: /home/mcfb/ros2_ws/install/px4_msgs/include/px4_msgs/px4_msgs/msg/detail/px4io_status__rosidl_typesupport_introspection_c.h\n'}
[1.588730] (px4_msgs) StdoutLine: {'line': b'-- Installing: /home/mcfb/ros2_ws/install/px4_msgs/include/px4_msgs/px4_msgs/msg/detail/internal_combustion_engine_status__type_support.c\n'}
[1.588775] (px4_msgs) StdoutLine: {'line': b'-- Up-to-date: /home/mcfb/ros2_ws/install/px4_msgs/include/px4_msgs/px4_msgs/msg/detail/normalized_unsigned_setpoint__rosidl_typesupport_introspection_c.h\n'}
[1.588821] (px4_msgs) StdoutLine: {'line': b'-- Installing: /home/mcfb/ros2_ws/install/px4_msgs/include/px4_msgs/px4_msgs/msg/detail/px4io_status__type_support.c\n'}
[1.588867] (px4_msgs) StdoutLine: {'line': b'-- Installing: /home/mcfb/ros2_ws/install/px4_msgs/include/px4_msgs/px4_msgs/msg/detail/sensors_status__type_support.c\n'}
[1.588911] (px4_msgs) StdoutLine: {'line': b'-- Up-to-date: /home/mcfb/ros2_ws/install/px4_msgs/include/px4_msgs/px4_msgs/msg/detail/manual_control_setpoint__rosidl_typesupport_introspection_c.h\n'}
[1.588968] (px4_msgs) StdoutLine: {'line': b'-- Installing: /home/mcfb/ros2_ws/install/px4_msgs/include/px4_msgs/px4_msgs/msg/detail/esc_status__type_support.c\n'}
[1.589012] (px4_msgs) StdoutLine: {'line': b'-- Installing: /home/mcfb/ros2_ws/install/px4_msgs/include/px4_msgs/px4_msgs/msg/detail/task_stack_info__type_support.c\n'}
[1.589056] (px4_msgs) StdoutLine: {'line': b'-- Installing: /home/mcfb/ros2_ws/install/px4_msgs/include/px4_msgs/px4_msgs/msg/detail/register_ext_component_request__type_support.c\n'}
[1.589101] (px4_msgs) StdoutLine: {'line': b'-- Installing: /home/mcfb/ros2_ws/install/px4_msgs/include/px4_msgs/px4_msgs/msg/detail/vehicle_thrust_setpoint__type_support.c\n'}
[1.589145] (px4_msgs) StdoutLine: {'line': b'-- Up-to-date: /home/mcfb/ros2_ws/install/px4_msgs/include/px4_msgs/px4_msgs/msg/detail/debug_value__rosidl_typesupport_introspection_c.h\n'}
[1.589192] (px4_msgs) StdoutLine: {'line': b'-- Up-to-date: /home/mcfb/ros2_ws/install/px4_msgs/include/px4_msgs/px4_msgs/msg/detail/sensor_accel_fifo__rosidl_typesupport_introspection_c.h\n'}
[1.589240] (px4_msgs) StdoutLine: {'line': b'-- Installing: /home/mcfb/ros2_ws/install/px4_msgs/include/px4_msgs/px4_msgs/msg/detail/estimator_sensor_bias__type_support.c\n'}
[1.589288] (px4_msgs) StdoutLine: {'line': b'-- Installing: /home/mcfb/ros2_ws/install/px4_msgs/include/px4_msgs/px4_msgs/msg/detail/gps_inject_data__type_support.c\n'}
[1.589420] (px4_msgs) StdoutLine: {'line': b'-- Installing: /home/mcfb/ros2_ws/install/px4_msgs/include/px4_msgs/px4_msgs/msg/detail/wind__type_support.c\n'}
[1.589480] (px4_msgs) StdoutLine: {'line': b'-- Installing: /home/mcfb/ros2_ws/install/px4_msgs/include/px4_msgs/px4_msgs/msg/detail/rover_steering_setpoint__type_support.c\n'}
[1.589534] (px4_msgs) StdoutLine: {'line': b'-- Up-to-date: /home/mcfb/ros2_ws/install/px4_msgs/include/px4_msgs/px4_msgs/msg/detail/follow_target_status__rosidl_typesupport_introspection_c.h\n'}
[1.589587] (px4_msgs) StdoutLine: {'line': b'-- Installing: /home/mcfb/ros2_ws/install/px4_msgs/include/px4_msgs/px4_msgs/msg/detail/satellite_info__type_support.c\n'}
[1.589638] (px4_msgs) StdoutLine: {'line': b'-- Installing: /home/mcfb/ros2_ws/install/px4_msgs/include/px4_msgs/px4_msgs/msg/detail/adc_report__type_support.c\n'}
[1.589687] (px4_msgs) StdoutLine: {'line': b'-- Up-to-date: /home/mcfb/ros2_ws/install/px4_msgs/include/px4_msgs/px4_msgs/msg/detail/action_request__rosidl_typesupport_introspection_c.h\n'}
[1.589736] (px4_msgs) StdoutLine: {'line': b'-- Installing: /home/mcfb/ros2_ws/install/px4_msgs/include/px4_msgs/px4_msgs/msg/detail/sensor_gyro_fifo__type_support.c\n'}
[1.589786] (px4_msgs) StdoutLine: {'line': b'-- Installing: /home/mcfb/ros2_ws/install/px4_msgs/include/px4_msgs/px4_msgs/msg/detail/gpio_request__type_support.c\n'}
[1.589844] (px4_msgs) StdoutLine: {'line': b'-- Installing: /home/mcfb/ros2_ws/install/px4_msgs/include/px4_msgs/px4_msgs/msg/detail/mission_result__type_support.c\n'}
[1.589893] (px4_msgs) StdoutLine: {'line': b'-- Up-to-date: /home/mcfb/ros2_ws/install/px4_msgs/include/px4_msgs/px4_msgs/msg/detail/rpm__rosidl_typesupport_introspection_c.h\n'}
[1.589945] (px4_msgs) StdoutLine: {'line': b'-- Up-to-date: /home/mcfb/ros2_ws/install/px4_msgs/include/px4_msgs/px4_msgs/msg/detail/takeoff_status__rosidl_typesupport_introspection_c.h\n'}
[1.590047] (px4_msgs) StdoutLine: {'line': b'-- Installing: /home/mcfb/ros2_ws/install/px4_msgs/include/px4_msgs/px4_msgs/msg/detail/vehicle_global_position__type_support.c\n'}
[1.590094] (px4_msgs) StdoutLine: {'line': b'-- Up-to-date: /home/mcfb/ros2_ws/install/px4_msgs/include/px4_msgs/px4_msgs/msg/detail/vehicle_global_position__rosidl_typesupport_introspection_c.h\n'}
[1.590141] (px4_msgs) StdoutLine: {'line': b'-- Up-to-date: /home/mcfb/ros2_ws/install/px4_msgs/include/px4_msgs/px4_msgs/msg/detail/vehicle_roi__rosidl_typesupport_introspection_c.h\n'}
[1.590186] (px4_msgs) StdoutLine: {'line': b'-- Up-to-date: /home/mcfb/ros2_ws/install/px4_msgs/include/px4_msgs/px4_msgs/msg/detail/actuator_armed__rosidl_typesupport_introspection_c.h\n'}
[1.590371] (px4_msgs) StdoutLine: {'line': b'-- Up-to-date: /home/mcfb/ros2_ws/install/px4_msgs/include/px4_msgs/px4_msgs/msg/detail/geofence_result__rosidl_typesupport_introspection_c.h\n'}
[1.590439] (px4_msgs) StdoutLine: {'line': b'-- Installing: /home/mcfb/ros2_ws/install/px4_msgs/include/px4_msgs/px4_msgs/msg/detail/vehicle_optical_flow__type_support.c\n'}
[1.590493] (px4_msgs) StdoutLine: {'line': b'-- Installing: /home/mcfb/ros2_ws/install/px4_msgs/include/px4_msgs/px4_msgs/msg/detail/longitudinal_control_configuration__type_support.c\n'}
[1.590585] (px4_msgs) StdoutLine: {'line': b'-- Up-to-date: /home/mcfb/ros2_ws/install/px4_msgs/include/px4_msgs/px4_msgs/msg/detail/camera_capture__rosidl_typesupport_introspection_c.h\n'}
[1.590653] (px4_msgs) StdoutLine: {'line': b'-- Installing: /home/mcfb/ros2_ws/install/px4_msgs/include/px4_msgs/px4_msgs/msg/detail/onboard_computer_status__type_support.c\n'}
[1.590724] (px4_msgs) StdoutLine: {'line': b'-- Installing: /home/mcfb/ros2_ws/install/px4_msgs/include/px4_msgs/px4_msgs/msg/detail/estimator_bias3d__type_support.c\n'}
[1.590790] (px4_msgs) StdoutLine: {'line': b'-- Up-to-date: /home/mcfb/ros2_ws/install/px4_msgs/include/px4_msgs/px4_msgs/msg/detail/obstacle_distance__rosidl_typesupport_introspection_c.h\n'}
[1.590853] (px4_msgs) StdoutLine: {'line': b'-- Installing: /home/mcfb/ros2_ws/install/px4_msgs/include/px4_msgs/px4_msgs/msg/detail/debug_array__type_support.c\n'}
[1.590922] (px4_msgs) StdoutLine: {'line': b'-- Up-to-date: /home/mcfb/ros2_ws/install/px4_msgs/include/px4_msgs/px4_msgs/msg/detail/vehicle_attitude__rosidl_typesupport_introspection_c.h\n'}
[1.590979] (px4_msgs) StdoutLine: {'line': b'-- Installing: /home/mcfb/ros2_ws/install/px4_msgs/include/px4_msgs/px4_msgs/msg/detail/vehicle_command__type_support.c\n'}
[1.591026] (px4_msgs) StdoutLine: {'line': b'-- Installing: /home/mcfb/ros2_ws/install/px4_msgs/include/px4_msgs/px4_msgs/msg/detail/launch_detection_status__type_support.c\n'}
[1.591074] (px4_msgs) StdoutLine: {'line': b'-- Installing: /home/mcfb/ros2_ws/install/px4_msgs/include/px4_msgs/px4_msgs/msg/detail/position_controller_status__type_support.c\n'}
[1.591121] (px4_msgs) StdoutLine: {'line': b'-- Up-to-date: /home/mcfb/ros2_ws/install/px4_msgs/include/px4_msgs/px4_msgs/msg/detail/vehicle_land_detected__rosidl_typesupport_introspection_c.h\n'}
[1.591167] (px4_msgs) StdoutLine: {'line': b'-- Installing: /home/mcfb/ros2_ws/install/px4_msgs/include/px4_msgs/px4_msgs/msg/detail/pwm_input__type_support.c\n'}
[1.591213] (px4_msgs) StdoutLine: {'line': b'-- Up-to-date: /home/mcfb/ros2_ws/install/px4_msgs/include/px4_msgs/px4_msgs/msg/detail/rover_attitude_status__rosidl_typesupport_introspection_c.h\n'}
[1.591258] (px4_msgs) StdoutLine: {'line': b'-- Installing: /home/mcfb/ros2_ws/install/px4_msgs/include/px4_msgs/px4_msgs/msg/detail/event__type_support.c\n'}
[1.591305] (px4_msgs) StdoutLine: {'line': b'-- Installing: /home/mcfb/ros2_ws/install/px4_msgs/include/px4_msgs/px4_msgs/msg/detail/position_setpoint__type_support.c\n'}
[1.591387] (px4_msgs) StdoutLine: {'line': b'-- Installing: /home/mcfb/ros2_ws/install/px4_msgs/include/px4_msgs/px4_msgs/msg/detail/fixed_wing_lateral_setpoint__type_support.c\n'}
[1.591449] (px4_msgs) StdoutLine: {'line': b'-- Installing: /home/mcfb/ros2_ws/install/px4_msgs/include/px4_msgs/px4_msgs/msg/detail/neural_control__type_support.c\n'}
[1.591511] (px4_msgs) StdoutLine: {'line': b'-- Up-to-date: /home/mcfb/ros2_ws/install/px4_msgs/include/px4_msgs/px4_msgs/msg/detail/follow_target_estimator__rosidl_typesupport_introspection_c.h\n'}
[1.591575] (px4_msgs) StdoutLine: {'line': b'-- Installing: /home/mcfb/ros2_ws/install/px4_msgs/include/px4_msgs/px4_msgs/msg/detail/ulog_stream_ack__type_support.c\n'}
[1.591648] (px4_msgs) StdoutLine: {'line': b'-- Up-to-date: /home/mcfb/ros2_ws/install/px4_msgs/include/px4_msgs/px4_msgs/msg/detail/vehicle_optical_flow_vel__rosidl_typesupport_introspection_c.h\n'}
[1.591704] (px4_msgs) StdoutLine: {'line': b'-- Up-to-date: /home/mcfb/ros2_ws/install/px4_msgs/include/px4_msgs/px4_msgs/msg/detail/power_monitor__rosidl_typesupport_introspection_c.h\n'}
[1.591878] (px4_msgs) StdoutLine: {'line': b'-- Up-to-date: /home/mcfb/ros2_ws/install/px4_msgs/include/px4_msgs/px4_msgs/msg/detail/internal_combustion_engine_status__rosidl_typesupport_introspection_c.h\n'}
[1.591945] (px4_msgs) StdoutLine: {'line': b'-- Installing: /home/mcfb/ros2_ws/install/px4_msgs/include/px4_msgs/px4_msgs/msg/detail/sensor_preflight_mag__type_support.c\n'}
[1.591995] (px4_msgs) StdoutLine: {'line': b'-- Installing: /home/mcfb/ros2_ws/install/px4_msgs/include/px4_msgs/px4_msgs/msg/detail/vehicle_torque_setpoint__type_support.c\n'}
[1.592059] (px4_msgs) StdoutLine: {'line': b'-- Installing: /home/mcfb/ros2_ws/install/px4_msgs/include/px4_msgs/px4_msgs/msg/detail/fixed_wing_lateral_guidance_status__type_support.c\n'}
[1.592129] (px4_msgs) StdoutLine: {'line': b'-- Installing: /home/mcfb/ros2_ws/install/px4_msgs/include/px4_msgs/px4_msgs/msg/detail/rover_throttle_setpoint__type_support.c\n'}
[1.592198] (px4_msgs) StdoutLine: {'line': b'-- Up-to-date: /home/mcfb/ros2_ws/install/px4_msgs/include/px4_msgs/px4_msgs/msg/detail/neural_control__rosidl_typesupport_introspection_c.h\n'}
[1.592265] (px4_msgs) StdoutLine: {'line': b'-- Installing: /home/mcfb/ros2_ws/install/px4_msgs/include/px4_msgs/px4_msgs/msg/detail/vehicle_roi__type_support.c\n'}
[1.592342] (px4_msgs) StdoutLine: {'line': b'-- Installing: /home/mcfb/ros2_ws/install/px4_msgs/include/px4_msgs/px4_msgs/msg/detail/debug_vect__type_support.c\n'}
[1.592408] (px4_msgs) StdoutLine: {'line': b'-- Installing: /home/mcfb/ros2_ws/install/px4_msgs/include/px4_msgs/px4_msgs/msg/detail/landing_gear_wheel__type_support.c\n'}
[1.592472] (px4_msgs) StdoutLine: {'line': b'-- Up-to-date: /home/mcfb/ros2_ws/install/px4_msgs/include/px4_msgs/px4_msgs/msg/detail/fixed_wing_lateral_guidance_status__rosidl_typesupport_introspection_c.h\n'}
[1.592692] (px4_msgs) StdoutLine: {'line': b'-- Installing: /home/mcfb/ros2_ws/install/px4_msgs/include/px4_msgs/px4_msgs/msg/detail/cellular_status__type_support.c\n'}
[1.592809] (px4_msgs) StdoutLine: {'line': b'-- Installing: /home/mcfb/ros2_ws/install/px4_msgs/include/px4_msgs/px4_msgs/msg/detail/sensor_gnss_relative__type_support.c\n'}
[1.592989] (px4_msgs) StdoutLine: {'line': b'-- Up-to-date: /home/mcfb/ros2_ws/install/px4_msgs/include/px4_msgs/px4_msgs/msg/detail/sensors_status__rosidl_typesupport_introspection_c.h\n'}
[1.593096] (px4_msgs) StdoutLine: {'line': b'-- Installing: /home/mcfb/ros2_ws/install/px4_msgs/include/px4_msgs/px4_msgs/msg/detail/geofence_status__type_support.c\n'}
[1.593155] (px4_msgs) StdoutLine: {'line': b'-- Installing: /home/mcfb/ros2_ws/install/px4_msgs/include/px4_msgs/px4_msgs/msg/detail/position_controller_landing_status__type_support.c\n'}
[1.593274] (px4_msgs) StdoutLine: {'line': b'-- Installing: /home/mcfb/ros2_ws/install/px4_msgs/include/px4_msgs/px4_msgs/msg/detail/debug_value__type_support.c\n'}
[1.593349] (px4_msgs) StdoutLine: {'line': b'-- Installing: /home/mcfb/ros2_ws/install/px4_msgs/include/px4_msgs/px4_msgs/msg/detail/gimbal_device_information__type_support.c\n'}
[1.593417] (px4_msgs) StdoutLine: {'line': b'-- Up-to-date: /home/mcfb/ros2_ws/install/px4_msgs/include/px4_msgs/px4_msgs/msg/detail/mission__rosidl_typesupport_introspection_c.h\n'}
[1.593484] (px4_msgs) StdoutLine: {'line': b'-- Installing: /home/mcfb/ros2_ws/install/px4_msgs/include/px4_msgs/px4_msgs/msg/detail/estimator_status__type_support.c\n'}
[1.593549] (px4_msgs) StdoutLine: {'line': b'-- Installing: /home/mcfb/ros2_ws/install/px4_msgs/include/px4_msgs/px4_msgs/msg/detail/rc_parameter_map__type_support.c\n'}
[1.593669] (px4_msgs) StdoutLine: {'line': b'-- Up-to-date: /home/mcfb/ros2_ws/install/px4_msgs/include/px4_msgs/px4_msgs/msg/detail/cpuload__rosidl_typesupport_introspection_c.h\n'}
[1.593741] (px4_msgs) StdoutLine: {'line': b'-- Up-to-date: /home/mcfb/ros2_ws/install/px4_msgs/include/px4_msgs/px4_msgs/msg/detail/sensor_mag__rosidl_typesupport_introspection_c.h\n'}
[1.593797] (px4_msgs) StdoutLine: {'line': b'-- Installing: /home/mcfb/ros2_ws/install/px4_msgs/include/px4_msgs/px4_msgs/msg/detail/sensor_gyro_fft__type_support.c\n'}
[1.593854] (px4_msgs) StdoutLine: {'line': b'-- Up-to-date: /home/mcfb/ros2_ws/install/px4_msgs/include/px4_msgs/px4_msgs/msg/detail/home_position__rosidl_typesupport_introspection_c.h\n'}
[1.593901] (px4_msgs) StdoutLine: {'line': b'-- Installing: /home/mcfb/ros2_ws/install/px4_msgs/include/px4_msgs/px4_msgs/msg/detail/airspeed_wind__type_support.c\n'}
[1.593946] (px4_msgs) StdoutLine: {'line': b'-- Up-to-date: /home/mcfb/ros2_ws/install/px4_msgs/include/px4_msgs/px4_msgs/msg/detail/mission_result__rosidl_typesupport_introspection_c.h\n'}
[1.594002] (px4_msgs) StdoutLine: {'line': b'-- Up-to-date: /home/mcfb/ros2_ws/install/px4_msgs/include/px4_msgs/px4_msgs/msg/detail/cellular_status__rosidl_typesupport_introspection_c.h\n'}
[1.594080] (px4_msgs) StdoutLine: {'line': b'-- Up-to-date: /home/mcfb/ros2_ws/install/px4_msgs/include/px4_msgs/px4_msgs/msg/detail/uavcan_parameter_request__rosidl_typesupport_introspection_c.h\n'}
[1.594126] (px4_msgs) StdoutLine: {'line': b'-- Installing: /home/mcfb/ros2_ws/install/px4_msgs/include/px4_msgs/px4_msgs/msg/detail/vehicle_rates_setpoint__type_support.c\n'}
[1.594169] (px4_msgs) StdoutLine: {'line': b'-- Up-to-date: /home/mcfb/ros2_ws/install/px4_msgs/include/px4_msgs/px4_msgs/msg/detail/vehicle_air_data__rosidl_typesupport_introspection_c.h\n'}
[1.594228] (px4_msgs) StdoutLine: {'line': b'-- Up-to-date: /home/mcfb/ros2_ws/install/px4_msgs/include/px4_msgs/px4_msgs/msg/detail/follow_target__rosidl_typesupport_introspection_c.h\n'}
[1.594275] (px4_msgs) StdoutLine: {'line': b'-- Installing: /home/mcfb/ros2_ws/install/px4_msgs/include/px4_msgs/px4_msgs/msg/detail/power_monitor__type_support.c\n'}
[1.594328] (px4_msgs) StdoutLine: {'line': b'-- Installing: /home/mcfb/ros2_ws/install/px4_msgs/include/px4_msgs/px4_msgs/msg/detail/sensor_airflow__type_support.c\n'}
[1.594393] (px4_msgs) StdoutLine: {'line': b'-- Installing: /home/mcfb/ros2_ws/install/px4_msgs/include/px4_msgs/px4_msgs/msg/detail/estimator_aid_source1d__type_support.c\n'}
[1.594476] (px4_msgs) StdoutLine: {'line': b'-- Up-to-date: /home/mcfb/ros2_ws/install/px4_msgs/include/px4_msgs/px4_msgs/msg/detail/vehicle_control_mode__rosidl_typesupport_introspection_c.h\n'}
[1.594547] (px4_msgs) StdoutLine: {'line': b'-- Up-to-date: /home/mcfb/ros2_ws/install/px4_msgs/include/px4_msgs/px4_msgs/msg/detail/estimator_gps_status__rosidl_typesupport_introspection_c.h\n'}
[1.594594] (px4_msgs) StdoutLine: {'line': b'-- Up-to-date: /home/mcfb/ros2_ws/install/px4_msgs/include/px4_msgs/px4_msgs/msg/detail/orb_test_large__rosidl_typesupport_introspection_c.h\n'}
[1.594647] (px4_msgs) StdoutLine: {'line': b'-- Installing: /home/mcfb/ros2_ws/install/px4_msgs/include/px4_msgs/px4_msgs/msg/detail/actuator_servos__type_support.c\n'}
[1.594699] (px4_msgs) StdoutLine: {'line': b'-- Up-to-date: /home/mcfb/ros2_ws/install/px4_msgs/include/px4_msgs/px4_msgs/msg/detail/dataman_response__rosidl_typesupport_introspection_c.h\n'}
[1.594753] (px4_msgs) StdoutLine: {'line': b'-- Installing: /home/mcfb/ros2_ws/install/px4_msgs/include/px4_msgs/px4_msgs/msg/detail/rover_attitude_status__type_support.c\n'}
[1.594844] (px4_msgs) StdoutLine: {'line': b'-- Installing: /home/mcfb/ros2_ws/install/px4_msgs/include/px4_msgs/px4_msgs/msg/detail/orb_test__type_support.c\n'}
[1.594930] (px4_msgs) StdoutLine: {'line': b'-- Up-to-date: /home/mcfb/ros2_ws/install/px4_msgs/include/px4_msgs/px4_msgs/msg/detail/vehicle_magnetometer__rosidl_typesupport_introspection_c.h\n'}
[1.595006] (px4_msgs) StdoutLine: {'line': b'-- Installing: /home/mcfb/ros2_ws/install/px4_msgs/include/px4_msgs/px4_msgs/msg/detail/vehicle_attitude_setpoint__type_support.c\n'}
[1.595075] (px4_msgs) StdoutLine: {'line': b'-- Installing: /home/mcfb/ros2_ws/install/px4_msgs/include/px4_msgs/px4_msgs/msg/detail/flight_phase_estimation__type_support.c\n'}
[1.595139] (px4_msgs) StdoutLine: {'line': b'-- Up-to-date: /home/mcfb/ros2_ws/install/px4_msgs/include/px4_msgs/px4_msgs/msg/detail/vehicle_command__rosidl_typesupport_introspection_c.h\n'}
[1.595214] (px4_msgs) StdoutLine: {'line': b'-- Up-to-date: /home/mcfb/ros2_ws/install/px4_msgs/include/px4_msgs/px4_msgs/msg/detail/transponder_report__rosidl_typesupport_introspection_c.h\n'}
[1.595278] (px4_msgs) StdoutLine: {'line': b'-- Up-to-date: /home/mcfb/ros2_ws/install/px4_msgs/include/px4_msgs/px4_msgs/msg/detail/mag_worker_data__rosidl_typesupport_introspection_c.h\n'}
[1.595336] (px4_msgs) StdoutLine: {'line': b'-- Up-to-date: /home/mcfb/ros2_ws/install/px4_msgs/include/px4_msgs/px4_msgs/msg/detail/position_setpoint__rosidl_typesupport_introspection_c.h\n'}
[1.595386] (px4_msgs) StdoutLine: {'line': b'-- Up-to-date: /home/mcfb/ros2_ws/install/px4_msgs/include/px4_msgs/px4_msgs/msg/detail/event__rosidl_typesupport_introspection_c.h\n'}
[1.595435] (px4_msgs) StdoutLine: {'line': b'-- Installing: /home/mcfb/ros2_ws/install/px4_msgs/include/px4_msgs/px4_msgs/msg/detail/telemetry_status__type_support.c\n'}
[1.595512] (px4_msgs) StdoutLine: {'line': b'-- Up-to-date: /home/mcfb/ros2_ws/install/px4_msgs/include/px4_msgs/px4_msgs/msg/detail/orbit_status__rosidl_typesupport_introspection_c.h\n'}
[1.595571] (px4_msgs) StdoutLine: {'line': b'-- Installing: /home/mcfb/ros2_ws/install/px4_msgs/include/px4_msgs/px4_msgs/msg/detail/sensor_mag__type_support.c\n'}
[1.595616] (px4_msgs) StdoutLine: {'line': b'-- Installing: /home/mcfb/ros2_ws/install/px4_msgs/include/px4_msgs/px4_msgs/msg/detail/vehicle_local_position_setpoint__type_support.c\n'}
[1.595664] (px4_msgs) StdoutLine: {'line': b'-- Installing: /home/mcfb/ros2_ws/install/px4_msgs/include/px4_msgs/px4_msgs/msg/detail/led_control__type_support.c\n'}
[1.595733] (px4_msgs) StdoutLine: {'line': b'-- Up-to-date: /home/mcfb/ros2_ws/install/px4_msgs/include/px4_msgs/px4_msgs/msg/detail/open_drone_id_arm_status__rosidl_typesupport_introspection_c.h\n'}
[1.595794] (px4_msgs) StdoutLine: {'line': b'-- Installing: /home/mcfb/ros2_ws/install/px4_msgs/include/px4_msgs/px4_msgs/msg/detail/parameter_reset_request__type_support.c\n'}
[1.595867] (px4_msgs) StdoutLine: {'line': b'-- Installing: /home/mcfb/ros2_ws/install/px4_msgs/include/px4_msgs/px4_msgs/msg/detail/config_overrides__type_support.c\n'}
[1.595924] (px4_msgs) StdoutLine: {'line': b'-- Installing: /home/mcfb/ros2_ws/install/px4_msgs/include/px4_msgs/px4_msgs/msg/detail/rover_speed_status__type_support.c\n'}
[1.596114] (px4_msgs) StdoutLine: {'line': b'-- Up-to-date: /home/mcfb/ros2_ws/install/px4_msgs/include/px4_msgs/px4_msgs/msg/detail/dronecan_node_status__rosidl_typesupport_introspection_c.h\n'}
[1.596230] (px4_msgs) StdoutLine: {'line': b'-- Installing: /home/mcfb/ros2_ws/install/px4_msgs/include/px4_msgs/px4_msgs/msg/detail/mavlink_tunnel__type_support.c\n'}
[1.596311] (px4_msgs) StdoutLine: {'line': b'-- Up-to-date: /home/mcfb/ros2_ws/install/px4_msgs/include/px4_msgs/px4_msgs/msg/detail/irlock_report__rosidl_typesupport_introspection_c.h\n'}
[1.596404] (px4_msgs) StdoutLine: {'line': b'-- Up-to-date: /home/mcfb/ros2_ws/install/px4_msgs/include/px4_msgs/px4_msgs/msg/detail/internal_combustion_engine_control__rosidl_typesupport_introspection_c.h\n'}
[1.596467] (px4_msgs) StdoutLine: {'line': b'-- Installing: /home/mcfb/ros2_ws/install/px4_msgs/include/px4_msgs/px4_msgs/msg/detail/vehicle_acceleration__type_support.c\n'}
[1.596530] (px4_msgs) StdoutLine: {'line': b'-- Up-to-date: /home/mcfb/ros2_ws/install/px4_msgs/include/px4_msgs/px4_msgs/msg/detail/figure_eight_status__rosidl_typesupport_introspection_c.h\n'}
[1.596629] (px4_msgs) StdoutLine: {'line': b'-- Installing: /home/mcfb/ros2_ws/install/px4_msgs/include/px4_msgs/px4_msgs/msg/detail/gimbal_manager_set_manual_control__type_support.c\n'}
[1.596679] (px4_msgs) StdoutLine: {'line': b'-- Up-to-date: /home/mcfb/ros2_ws/install/px4_msgs/include/px4_msgs/px4_msgs/msg/detail/gimbal_controls__rosidl_typesupport_introspection_c.h\n'}
[1.596729] (px4_msgs) StdoutLine: {'line': b'-- Installing: /home/mcfb/ros2_ws/install/px4_msgs/include/px4_msgs/px4_msgs/msg/detail/lateral_control_configuration__type_support.c\n'}
[1.596805] (px4_msgs) StdoutLine: {'line': b'-- Installing: /home/mcfb/ros2_ws/install/px4_msgs/include/px4_msgs/px4_msgs/msg/detail/airspeed_validated__type_support.c\n'}
[1.596957] (px4_msgs) StdoutLine: {'line': b'-- Up-to-date: /home/mcfb/ros2_ws/install/px4_msgs/include/px4_msgs/px4_msgs/msg/detail/gimbal_device_attitude_status__rosidl_typesupport_introspection_c.h\n'}
[1.597035] (px4_msgs) StdoutLine: {'line': b'-- Installing: /home/mcfb/ros2_ws/install/px4_msgs/include/px4_msgs/px4_msgs/msg/detail/actuator_test__type_support.c\n'}
[1.597088] (px4_msgs) StdoutLine: {'line': b'-- Up-to-date: /home/mcfb/ros2_ws/install/px4_msgs/include/px4_msgs/px4_msgs/msg/detail/battery_status__rosidl_typesupport_introspection_c.h\n'}
[1.597141] (px4_msgs) StdoutLine: {'line': b'-- Up-to-date: /home/mcfb/ros2_ws/install/px4_msgs/include/px4_msgs/px4_msgs/msg/detail/sensor_hygrometer__rosidl_typesupport_introspection_c.h\n'}
[1.597221] (px4_msgs) StdoutLine: {'line': b'-- Up-to-date: /home/mcfb/ros2_ws/install/px4_msgs/include/px4_msgs/px4_msgs/msg/detail/geofence_status__rosidl_typesupport_introspection_c.h\n'}
[1.597291] (px4_msgs) StdoutLine: {'line': b'-- Up-to-date: /home/mcfb/ros2_ws/install/px4_msgs/include/px4_msgs/px4_msgs/msg/detail/landing_target_pose__rosidl_typesupport_introspection_c.h\n'}
[1.597366] (px4_msgs) StdoutLine: {'line': b'-- Up-to-date: /home/mcfb/ros2_ws/install/px4_msgs/include/px4_msgs/px4_msgs/msg/detail/fixed_wing_lateral_status__rosidl_typesupport_introspection_c.h\n'}
[1.597434] (px4_msgs) StdoutLine: {'line': b'-- Installing: /home/mcfb/ros2_ws/install/px4_msgs/include/px4_msgs/px4_msgs/msg/detail/register_ext_component_reply__type_support.c\n'}
[1.597498] (px4_msgs) StdoutLine: {'line': b'-- Installing: /home/mcfb/ros2_ws/install/px4_msgs/include/px4_msgs/px4_msgs/msg/detail/geofence_result__type_support.c\n'}
[1.597566] (px4_msgs) StdoutLine: {'line': b'-- Installing: /home/mcfb/ros2_ws/install/px4_msgs/include/px4_msgs/px4_msgs/msg/detail/rpm__type_support.c\n'}
[1.597633] (px4_msgs) StdoutLine: {'line': b'-- Up-to-date: /home/mcfb/ros2_ws/install/px4_msgs/include/px4_msgs/px4_msgs/msg/detail/rc_channels__rosidl_typesupport_introspection_c.h\n'}
[1.597699] (px4_msgs) StdoutLine: {'line': b'-- Up-to-date: /home/mcfb/ros2_ws/install/px4_msgs/include/px4_msgs/px4_msgs/msg/detail/estimator_innovations__rosidl_typesupport_introspection_c.h\n'}
[1.597819] (px4_msgs) StdoutLine: {'line': b'-- Up-to-date: /home/mcfb/ros2_ws/install/px4_msgs/include/px4_msgs/px4_msgs/msg/detail/mount_orientation__rosidl_typesupport_introspection_c.h\n'}
[1.597866] (px4_msgs) StdoutLine: {'line': b'-- Up-to-date: /home/mcfb/ros2_ws/install/px4_msgs/include/px4_msgs/px4_msgs/msg/detail/vehicle_command_ack__rosidl_typesupport_introspection_c.h\n'}
[1.597910] (px4_msgs) StdoutLine: {'line': b'-- Installing: /home/mcfb/ros2_ws/install/px4_msgs/include/px4_msgs/px4_msgs/msg/detail/rtl_status__type_support.c\n'}
[1.597960] (px4_msgs) StdoutLine: {'line': b'-- Up-to-date: /home/mcfb/ros2_ws/install/px4_msgs/include/px4_msgs/px4_msgs/msg/detail/landing_gear_wheel__rosidl_typesupport_introspection_c.h\n'}
[1.598006] (px4_msgs) StdoutLine: {'line': b'-- Installing: /home/mcfb/ros2_ws/install/px4_msgs/include/px4_msgs/px4_msgs/msg/detail/differential_pressure__type_support.c\n'}
[1.598060] (px4_msgs) StdoutLine: {'line': b'-- Up-to-date: /home/mcfb/ros2_ws/install/px4_msgs/include/px4_msgs/px4_msgs/msg/detail/button_event__rosidl_typesupport_introspection_c.h\n'}
[1.598177] (px4_msgs) StdoutLine: {'line': b'-- Up-to-date: /home/mcfb/ros2_ws/install/px4_msgs/include/px4_msgs/px4_msgs/msg/detail/rover_position_setpoint__rosidl_typesupport_introspection_c.h\n'}
[1.598241] (px4_msgs) StdoutLine: {'line': b'-- Up-to-date: /home/mcfb/ros2_ws/install/px4_msgs/include/px4_msgs/px4_msgs/msg/detail/vehicle_constraints__rosidl_typesupport_introspection_c.h\n'}
[1.598292] (px4_msgs) StdoutLine: {'line': b'-- Installing: /home/mcfb/ros2_ws/install/px4_msgs/include/px4_msgs/px4_msgs/msg/detail/sensor_baro__type_support.c\n'}
[1.598363] (px4_msgs) StdoutLine: {'line': b'-- Up-to-date: /home/mcfb/ros2_ws/install/px4_msgs/include/px4_msgs/px4_msgs/msg/detail/mode_completed__rosidl_typesupport_introspection_c.h\n'}
[1.598411] (px4_msgs) StdoutLine: {'line': b'-- Up-to-date: /home/mcfb/ros2_ws/install/px4_msgs/include/px4_msgs/px4_msgs/msg/detail/radio_status__rosidl_typesupport_introspection_c.h\n'}
[1.598618] (px4_msgs) StdoutLine: {'line': b'-- Up-to-date: /home/mcfb/ros2_ws/install/px4_msgs/lib/libpx4_msgs__rosidl_typesupport_introspection_c.so\n'}
[1.598685] (px4_msgs) StdoutLine: {'line': b'-- Up-to-date: /home/mcfb/ros2_ws/install/px4_msgs/lib/libpx4_msgs__rosidl_typesupport_c.so\n'}
[1.598745] (px4_msgs) StdoutLine: {'line': b'-- Up-to-date: /home/mcfb/ros2_ws/install/px4_msgs/include/px4_msgs/px4_msgs\n'}
[1.598807] (px4_msgs) StdoutLine: {'line': b'-- Up-to-date: /home/mcfb/ros2_ws/install/px4_msgs/include/px4_msgs/px4_msgs/srv\n'}
[1.598858] (px4_msgs) StdoutLine: {'line': b'-- Up-to-date: /home/mcfb/ros2_ws/install/px4_msgs/include/px4_msgs/px4_msgs/srv/detail\n'}
[1.598909] (px4_msgs) StdoutLine: {'line': b'-- Up-to-date: /home/mcfb/ros2_ws/install/px4_msgs/include/px4_msgs/px4_msgs/srv/detail/vehicle_command__rosidl_typesupport_introspection_cpp.hpp\n'}
[1.598960] (px4_msgs) StdoutLine: {'line': b'-- Up-to-date: /home/mcfb/ros2_ws/install/px4_msgs/include/px4_msgs/px4_msgs/srv/detail/vehicle_command__type_support.cpp\n'}
[1.599059] (px4_msgs) StdoutLine: {'line': b'-- Up-to-date: /home/mcfb/ros2_ws/install/px4_msgs/include/px4_msgs/px4_msgs/msg\n'}
[1.599109] (px4_msgs) StdoutLine: {'line': b'-- Up-to-date: /home/mcfb/ros2_ws/install/px4_msgs/include/px4_msgs/px4_msgs/msg/detail\n'}
[1.599156] (px4_msgs) StdoutLine: {'line': b'-- Up-to-date: /home/mcfb/ros2_ws/install/px4_msgs/include/px4_msgs/px4_msgs/msg/detail/vehicle_roi__type_support.cpp\n'}
[1.599202] (px4_msgs) StdoutLine: {'line': b'-- Up-to-date: /home/mcfb/ros2_ws/install/px4_msgs/include/px4_msgs/px4_msgs/msg/detail/sensors_status__type_support.cpp\n'}
[1.599246] (px4_msgs) StdoutLine: {'line': b'-- Up-to-date: /home/mcfb/ros2_ws/install/px4_msgs/include/px4_msgs/px4_msgs/msg/detail/actuator_test__type_support.cpp\n'}
[1.599293] (px4_msgs) StdoutLine: {'line': b'-- Up-to-date: /home/mcfb/ros2_ws/install/px4_msgs/include/px4_msgs/px4_msgs/msg/detail/esc_report__rosidl_typesupport_introspection_cpp.hpp\n'}
[1.599352] (px4_msgs) StdoutLine: {'line': b'-- Up-to-date: /home/mcfb/ros2_ws/install/px4_msgs/include/px4_msgs/px4_msgs/msg/detail/distance_sensor_mode_change_request__rosidl_typesupport_introspection_cpp.hpp\n'}
[1.599413] (px4_msgs) StdoutLine: {'line': b'-- Up-to-date: /home/mcfb/ros2_ws/install/px4_msgs/include/px4_msgs/px4_msgs/msg/detail/telemetry_status__type_support.cpp\n'}
[1.599465] (px4_msgs) StdoutLine: {'line': b'-- Up-to-date: /home/mcfb/ros2_ws/install/px4_msgs/include/px4_msgs/px4_msgs/msg/detail/manual_control_setpoint__rosidl_typesupport_introspection_cpp.hpp\n'}
[1.599519] (px4_msgs) StdoutLine: {'line': b'-- Up-to-date: /home/mcfb/ros2_ws/install/px4_msgs/include/px4_msgs/px4_msgs/msg/detail/rover_throttle_setpoint__rosidl_typesupport_introspection_cpp.hpp\n'}
[1.599575] (px4_msgs) StdoutLine: {'line': b'-- Up-to-date: /home/mcfb/ros2_ws/install/px4_msgs/include/px4_msgs/px4_msgs/msg/detail/wheel_encoders__type_support.cpp\n'}
[1.599630] (px4_msgs) StdoutLine: {'line': b'-- Up-to-date: /home/mcfb/ros2_ws/install/px4_msgs/include/px4_msgs/px4_msgs/msg/detail/position_controller_landing_status__rosidl_typesupport_introspection_cpp.hpp\n'}
[1.599681] (px4_msgs) StdoutLine: {'line': b'-- Up-to-date: /home/mcfb/ros2_ws/install/px4_msgs/include/px4_msgs/px4_msgs/msg/detail/sensor_gyro__type_support.cpp\n'}
[1.599730] (px4_msgs) StdoutLine: {'line': b'-- Up-to-date: /home/mcfb/ros2_ws/install/px4_msgs/include/px4_msgs/px4_msgs/msg/detail/gimbal_manager_set_manual_control__rosidl_typesupport_introspection_cpp.hpp\n'}
[1.599783] (px4_msgs) StdoutLine: {'line': b'-- Up-to-date: /home/mcfb/ros2_ws/install/px4_msgs/include/px4_msgs/px4_msgs/msg/detail/parameter_set_used_request__type_support.cpp\n'}
[1.599837] (px4_msgs) StdoutLine: {'line': b'-- Up-to-date: /home/mcfb/ros2_ws/install/px4_msgs/include/px4_msgs/px4_msgs/msg/detail/trajectory_setpoint6dof__type_support.cpp\n'}
[1.599888] (px4_msgs) StdoutLine: {'line': b'-- Up-to-date: /home/mcfb/ros2_ws/install/px4_msgs/include/px4_msgs/px4_msgs/msg/detail/uavcan_parameter_request__rosidl_typesupport_introspection_cpp.hpp\n'}
[1.599942] (px4_msgs) StdoutLine: {'line': b'-- Up-to-date: /home/mcfb/ros2_ws/install/px4_msgs/include/px4_msgs/px4_msgs/msg/detail/takeoff_status__type_support.cpp\n'}
[1.599995] (px4_msgs) StdoutLine: {'line': b'-- Up-to-date: /home/mcfb/ros2_ws/install/px4_msgs/include/px4_msgs/px4_msgs/msg/detail/vehicle_optical_flow_vel__type_support.cpp\n'}
[1.600044] (px4_msgs) StdoutLine: {'line': b'-- Up-to-date: /home/mcfb/ros2_ws/install/px4_msgs/include/px4_msgs/px4_msgs/msg/detail/sensor_gyro_fifo__type_support.cpp\n'}
[1.600096] (px4_msgs) StdoutLine: {'line': b'-- Up-to-date: /home/mcfb/ros2_ws/install/px4_msgs/include/px4_msgs/px4_msgs/msg/detail/health_report__rosidl_typesupport_introspection_cpp.hpp\n'}
[1.600151] (px4_msgs) StdoutLine: {'line': b'-- Up-to-date: /home/mcfb/ros2_ws/install/px4_msgs/include/px4_msgs/px4_msgs/msg/detail/sensor_hygrometer__type_support.cpp\n'}
[1.600206] (px4_msgs) StdoutLine: {'line': b'-- Up-to-date: /home/mcfb/ros2_ws/install/px4_msgs/include/px4_msgs/px4_msgs/msg/detail/position_controller_status__type_support.cpp\n'}
[1.600261] (px4_msgs) StdoutLine: {'line': b'-- Up-to-date: /home/mcfb/ros2_ws/install/px4_msgs/include/px4_msgs/px4_msgs/msg/detail/estimator_status__rosidl_typesupport_introspection_cpp.hpp\n'}
[1.600323] (px4_msgs) StdoutLine: {'line': b'-- Up-to-date: /home/mcfb/ros2_ws/install/px4_msgs/include/px4_msgs/px4_msgs/msg/detail/estimator_aid_source2d__rosidl_typesupport_introspection_cpp.hpp\n'}
[1.600373] (px4_msgs) StdoutLine: {'line': b'-- Up-to-date: /home/mcfb/ros2_ws/install/px4_msgs/include/px4_msgs/px4_msgs/msg/detail/fixed_wing_lateral_status__type_support.cpp\n'}
[1.600420] (px4_msgs) StdoutLine: {'line': b'-- Up-to-date: /home/mcfb/ros2_ws/install/px4_msgs/include/px4_msgs/px4_msgs/msg/detail/airspeed_wind__type_support.cpp\n'}
[1.600472] (px4_msgs) StdoutLine: {'line': b'-- Up-to-date: /home/mcfb/ros2_ws/install/px4_msgs/include/px4_msgs/px4_msgs/msg/detail/airspeed_validated__type_support.cpp\n'}
[1.600521] (px4_msgs) StdoutLine: {'line': b'-- Up-to-date: /home/mcfb/ros2_ws/install/px4_msgs/include/px4_msgs/px4_msgs/msg/detail/geofence_result__rosidl_typesupport_introspection_cpp.hpp\n'}
[1.600609] (px4_msgs) StdoutLine: {'line': b'-- Up-to-date: /home/mcfb/ros2_ws/install/px4_msgs/include/px4_msgs/px4_msgs/msg/detail/yaw_estimator_status__type_support.cpp\n'}
[1.600658] (px4_msgs) StdoutLine: {'line': b'-- Up-to-date: /home/mcfb/ros2_ws/install/px4_msgs/include/px4_msgs/px4_msgs/msg/detail/vehicle_attitude_setpoint__rosidl_typesupport_introspection_cpp.hpp\n'}
[1.600704] (px4_msgs) StdoutLine: {'line': b'-- Up-to-date: /home/mcfb/ros2_ws/install/px4_msgs/include/px4_msgs/px4_msgs/msg/detail/estimator_status_flags__rosidl_typesupport_introspection_cpp.hpp\n'}
[1.600749] (px4_msgs) StdoutLine: {'line': b'-- Up-to-date: /home/mcfb/ros2_ws/install/px4_msgs/include/px4_msgs/px4_msgs/msg/detail/estimator_selector_status__rosidl_typesupport_introspection_cpp.hpp\n'}
[1.600801] (px4_msgs) StdoutLine: {'line': b'-- Up-to-date: /home/mcfb/ros2_ws/install/px4_msgs/include/px4_msgs/px4_msgs/msg/detail/rover_throttle_setpoint__type_support.cpp\n'}
[1.600855] (px4_msgs) StdoutLine: {'line': b'-- Up-to-date: /home/mcfb/ros2_ws/install/px4_msgs/include/px4_msgs/px4_msgs/msg/detail/tiltrotor_extra_controls__type_support.cpp\n'}
[1.600909] (px4_msgs) StdoutLine: {'line': b'-- Up-to-date: /home/mcfb/ros2_ws/install/px4_msgs/include/px4_msgs/px4_msgs/msg/detail/input_rc__rosidl_typesupport_introspection_cpp.hpp\n'}
[1.600958] (px4_msgs) StdoutLine: {'line': b'-- Up-to-date: /home/mcfb/ros2_ws/install/px4_msgs/include/px4_msgs/px4_msgs/msg/detail/estimator_innovations__rosidl_typesupport_introspection_cpp.hpp\n'}
[1.601019] (px4_msgs) StdoutLine: {'line': b'-- Up-to-date: /home/mcfb/ros2_ws/install/px4_msgs/include/px4_msgs/px4_msgs/msg/detail/rover_rate_setpoint__type_support.cpp\n'}
[1.601071] (px4_msgs) StdoutLine: {'line': b'-- Up-to-date: /home/mcfb/ros2_ws/install/px4_msgs/include/px4_msgs/px4_msgs/msg/detail/sensor_uwb__type_support.cpp\n'}
[1.601121] (px4_msgs) StdoutLine: {'line': b'-- Up-to-date: /home/mcfb/ros2_ws/install/px4_msgs/include/px4_msgs/px4_msgs/msg/detail/fuel_tank_status__type_support.cpp\n'}
[1.601168] (px4_msgs) StdoutLine: {'line': b'-- Up-to-date: /home/mcfb/ros2_ws/install/px4_msgs/include/px4_msgs/px4_msgs/msg/detail/follow_target_estimator__type_support.cpp\n'}
[1.601216] (px4_msgs) StdoutLine: {'line': b'-- Up-to-date: /home/mcfb/ros2_ws/install/px4_msgs/include/px4_msgs/px4_msgs/msg/detail/unregister_ext_component__type_support.cpp\n'}
[1.601263] (px4_msgs) StdoutLine: {'line': b'-- Up-to-date: /home/mcfb/ros2_ws/install/px4_msgs/include/px4_msgs/px4_msgs/msg/detail/ekf2_timestamps__type_support.cpp\n'}
[1.601323] (px4_msgs) StdoutLine: {'line': b'-- Up-to-date: /home/mcfb/ros2_ws/install/px4_msgs/include/px4_msgs/px4_msgs/msg/detail/pps_capture__type_support.cpp\n'}
[1.601376] (px4_msgs) StdoutLine: {'line': b'-- Up-to-date: /home/mcfb/ros2_ws/install/px4_msgs/include/px4_msgs/px4_msgs/msg/detail/arming_check_request__type_support.cpp\n'}
[1.601423] (px4_msgs) StdoutLine: {'line': b'-- Up-to-date: /home/mcfb/ros2_ws/install/px4_msgs/include/px4_msgs/px4_msgs/msg/detail/battery_info__type_support.cpp\n'}
[1.601471] (px4_msgs) StdoutLine: {'line': b'-- Up-to-date: /home/mcfb/ros2_ws/install/px4_msgs/include/px4_msgs/px4_msgs/msg/detail/follow_target__type_support.cpp\n'}
[1.601520] (px4_msgs) StdoutLine: {'line': b'-- Up-to-date: /home/mcfb/ros2_ws/install/px4_msgs/include/px4_msgs/px4_msgs/msg/detail/sensor_hygrometer__rosidl_typesupport_introspection_cpp.hpp\n'}
[1.601569] (px4_msgs) StdoutLine: {'line': b'-- Up-to-date: /home/mcfb/ros2_ws/install/px4_msgs/include/px4_msgs/px4_msgs/msg/detail/fixed_wing_runway_control__type_support.cpp\n'}
[1.601618] (px4_msgs) StdoutLine: {'line': b'-- Up-to-date: /home/mcfb/ros2_ws/install/px4_msgs/include/px4_msgs/px4_msgs/msg/detail/message_format_response__type_support.cpp\n'}
[1.601668] (px4_msgs) StdoutLine: {'line': b'-- Up-to-date: /home/mcfb/ros2_ws/install/px4_msgs/include/px4_msgs/px4_msgs/msg/detail/mavlink_log__type_support.cpp\n'}
[1.601718] (px4_msgs) StdoutLine: {'line': b'-- Up-to-date: /home/mcfb/ros2_ws/install/px4_msgs/include/px4_msgs/px4_msgs/msg/detail/vehicle_magnetometer__type_support.cpp\n'}
[1.601765] (px4_msgs) StdoutLine: {'line': b'-- Up-to-date: /home/mcfb/ros2_ws/install/px4_msgs/include/px4_msgs/px4_msgs/msg/detail/generator_status__type_support.cpp\n'}
[1.601814] (px4_msgs) StdoutLine: {'line': b'-- Up-to-date: /home/mcfb/ros2_ws/install/px4_msgs/include/px4_msgs/px4_msgs/msg/detail/sensor_baro__rosidl_typesupport_introspection_cpp.hpp\n'}
[1.601862] (px4_msgs) StdoutLine: {'line': b'-- Up-to-date: /home/mcfb/ros2_ws/install/px4_msgs/include/px4_msgs/px4_msgs/msg/detail/debug_vect__rosidl_typesupport_introspection_cpp.hpp\n'}
[1.601912] (px4_msgs) StdoutLine: {'line': b'-- Up-to-date: /home/mcfb/ros2_ws/install/px4_msgs/include/px4_msgs/px4_msgs/msg/detail/gpio_in__type_support.cpp\n'}
[1.601961] (px4_msgs) StdoutLine: {'line': b'-- Up-to-date: /home/mcfb/ros2_ws/install/px4_msgs/include/px4_msgs/px4_msgs/msg/detail/gpio_request__rosidl_typesupport_introspection_cpp.hpp\n'}
[1.602027] (px4_msgs) StdoutLine: {'line': b'-- Up-to-date: /home/mcfb/ros2_ws/install/px4_msgs/include/px4_msgs/px4_msgs/msg/detail/vehicle_acceleration__type_support.cpp\n'}
[1.602150] (-) TimerEvent: {}
[1.602269] (px4_msgs) StdoutLine: {'line': b'-- Up-to-date: /home/mcfb/ros2_ws/install/px4_msgs/include/px4_msgs/px4_msgs/msg/detail/gpio_request__type_support.cpp\n'}
[1.602433] (px4_msgs) StdoutLine: {'line': b'-- Up-to-date: /home/mcfb/ros2_ws/install/px4_msgs/include/px4_msgs/px4_msgs/msg/detail/orb_test_large__type_support.cpp\n'}
[1.602579] (px4_msgs) StdoutLine: {'line': b'-- Up-to-date: /home/mcfb/ros2_ws/install/px4_msgs/include/px4_msgs/px4_msgs/msg/detail/manual_control_switches__type_support.cpp\n'}
[1.602639] (px4_msgs) StdoutLine: {'line': b'-- Up-to-date: /home/mcfb/ros2_ws/install/px4_msgs/include/px4_msgs/px4_msgs/msg/detail/vehicle_local_position_setpoint__type_support.cpp\n'}
[1.602707] (px4_msgs) StdoutLine: {'line': b'-- Up-to-date: /home/mcfb/ros2_ws/install/px4_msgs/include/px4_msgs/px4_msgs/msg/detail/pure_pursuit_status__type_support.cpp\n'}
[1.602762] (px4_msgs) StdoutLine: {'line': b'-- Up-to-date: /home/mcfb/ros2_ws/install/px4_msgs/include/px4_msgs/px4_msgs/msg/detail/vehicle_local_position_setpoint__rosidl_typesupport_introspection_cpp.hpp\n'}
[1.602814] (px4_msgs) StdoutLine: {'line': b'-- Up-to-date: /home/mcfb/ros2_ws/install/px4_msgs/include/px4_msgs/px4_msgs/msg/detail/vehicle_imu_status__type_support.cpp\n'}
[1.602864] (px4_msgs) StdoutLine: {'line': b'-- Up-to-date: /home/mcfb/ros2_ws/install/px4_msgs/include/px4_msgs/px4_msgs/msg/detail/can_interface_status__type_support.cpp\n'}
[1.602913] (px4_msgs) StdoutLine: {'line': b'-- Up-to-date: /home/mcfb/ros2_ws/install/px4_msgs/include/px4_msgs/px4_msgs/msg/detail/ping__rosidl_typesupport_introspection_cpp.hpp\n'}
[1.602964] (px4_msgs) StdoutLine: {'line': b'-- Up-to-date: /home/mcfb/ros2_ws/install/px4_msgs/include/px4_msgs/px4_msgs/msg/detail/ulog_stream__type_support.cpp\n'}
[1.603038] (px4_msgs) StdoutLine: {'line': b'-- Up-to-date: /home/mcfb/ros2_ws/install/px4_msgs/include/px4_msgs/px4_msgs/msg/detail/qshell_retval__rosidl_typesupport_introspection_cpp.hpp\n'}
[1.603086] (px4_msgs) StdoutLine: {'line': b'-- Up-to-date: /home/mcfb/ros2_ws/install/px4_msgs/include/px4_msgs/px4_msgs/msg/detail/rover_rate_status__type_support.cpp\n'}
[1.603133] (px4_msgs) StdoutLine: {'line': b'-- Up-to-date: /home/mcfb/ros2_ws/install/px4_msgs/include/px4_msgs/px4_msgs/msg/detail/gps_dump__rosidl_typesupport_introspection_cpp.hpp\n'}
[1.603184] (px4_msgs) StdoutLine: {'line': b'-- Up-to-date: /home/mcfb/ros2_ws/install/px4_msgs/include/px4_msgs/px4_msgs/msg/detail/camera_status__type_support.cpp\n'}
[1.603233] (px4_msgs) StdoutLine: {'line': b'-- Up-to-date: /home/mcfb/ros2_ws/install/px4_msgs/include/px4_msgs/px4_msgs/msg/detail/vehicle_command_ack__type_support.cpp\n'}
[1.603283] (px4_msgs) StdoutLine: {'line': b'-- Up-to-date: /home/mcfb/ros2_ws/install/px4_msgs/include/px4_msgs/px4_msgs/msg/detail/landing_target_innovations__type_support.cpp\n'}
[1.603478] (px4_msgs) StdoutLine: {'line': b'-- Up-to-date: /home/mcfb/ros2_ws/install/px4_msgs/include/px4_msgs/px4_msgs/msg/detail/mission__rosidl_typesupport_introspection_cpp.hpp\n'}
[1.603570] (px4_msgs) StdoutLine: {'line': b'-- Up-to-date: /home/mcfb/ros2_ws/install/px4_msgs/include/px4_msgs/px4_msgs/msg/detail/rpm__type_support.cpp\n'}
[1.603646] (px4_msgs) StdoutLine: {'line': b'-- Up-to-date: /home/mcfb/ros2_ws/install/px4_msgs/include/px4_msgs/px4_msgs/msg/detail/gimbal_manager_set_attitude__rosidl_typesupport_introspection_cpp.hpp\n'}
[1.603720] (px4_msgs) StdoutLine: {'line': b'-- Up-to-date: /home/mcfb/ros2_ws/install/px4_msgs/include/px4_msgs/px4_msgs/msg/detail/estimator_aid_source3d__type_support.cpp\n'}
[1.603790] (px4_msgs) StdoutLine: {'line': b'-- Up-to-date: /home/mcfb/ros2_ws/install/px4_msgs/include/px4_msgs/px4_msgs/msg/detail/cpuload__type_support.cpp\n'}
[1.603869] (px4_msgs) StdoutLine: {'line': b'-- Up-to-date: /home/mcfb/ros2_ws/install/px4_msgs/include/px4_msgs/px4_msgs/msg/detail/satellite_info__rosidl_typesupport_introspection_cpp.hpp\n'}
[1.603929] (px4_msgs) StdoutLine: {'line': b'-- Up-to-date: /home/mcfb/ros2_ws/install/px4_msgs/include/px4_msgs/px4_msgs/msg/detail/sensor_selection__type_support.cpp\n'}
[1.604092] (px4_msgs) StdoutLine: {'line': b'-- Up-to-date: /home/mcfb/ros2_ws/install/px4_msgs/include/px4_msgs/px4_msgs/msg/detail/actuator_armed__type_support.cpp\n'}
[1.604168] (px4_msgs) StdoutLine: {'line': b'-- Up-to-date: /home/mcfb/ros2_ws/install/px4_msgs/include/px4_msgs/px4_msgs/msg/detail/launch_detection_status__rosidl_typesupport_introspection_cpp.hpp\n'}
[1.604238] (px4_msgs) StdoutLine: {'line': b'-- Up-to-date: /home/mcfb/ros2_ws/install/px4_msgs/include/px4_msgs/px4_msgs/msg/detail/rover_steering_setpoint__type_support.cpp\n'}
[1.604292] (px4_msgs) StdoutLine: {'line': b'-- Up-to-date: /home/mcfb/ros2_ws/install/px4_msgs/include/px4_msgs/px4_msgs/msg/detail/sensor_baro__type_support.cpp\n'}
[1.604348] (px4_msgs) StdoutLine: {'line': b'-- Up-to-date: /home/mcfb/ros2_ws/install/px4_msgs/include/px4_msgs/px4_msgs/msg/detail/dronecan_node_status__rosidl_typesupport_introspection_cpp.hpp\n'}
[1.604396] (px4_msgs) StdoutLine: {'line': b'-- Up-to-date: /home/mcfb/ros2_ws/install/px4_msgs/include/px4_msgs/px4_msgs/msg/detail/sensor_gyro_fifo__rosidl_typesupport_introspection_cpp.hpp\n'}
[1.604479] (px4_msgs) StdoutLine: {'line': b'-- Up-to-date: /home/mcfb/ros2_ws/install/px4_msgs/include/px4_msgs/px4_msgs/msg/detail/estimator_aid_source1d__rosidl_typesupport_introspection_cpp.hpp\n'}
[1.604525] (px4_msgs) StdoutLine: {'line': b'-- Up-to-date: /home/mcfb/ros2_ws/install/px4_msgs/include/px4_msgs/px4_msgs/msg/detail/fixed_wing_longitudinal_setpoint__type_support.cpp\n'}
[1.604568] (px4_msgs) StdoutLine: {'line': b'-- Up-to-date: /home/mcfb/ros2_ws/install/px4_msgs/include/px4_msgs/px4_msgs/msg/detail/rtl_status__rosidl_typesupport_introspection_cpp.hpp\n'}
[1.604612] (px4_msgs) StdoutLine: {'line': b'-- Up-to-date: /home/mcfb/ros2_ws/install/px4_msgs/include/px4_msgs/px4_msgs/msg/detail/config_overrides__rosidl_typesupport_introspection_cpp.hpp\n'}
[1.604656] (px4_msgs) StdoutLine: {'line': b'-- Up-to-date: /home/mcfb/ros2_ws/install/px4_msgs/include/px4_msgs/px4_msgs/msg/detail/gpio_config__rosidl_typesupport_introspection_cpp.hpp\n'}
[1.604700] (px4_msgs) StdoutLine: {'line': b'-- Up-to-date: /home/mcfb/ros2_ws/install/px4_msgs/include/px4_msgs/px4_msgs/msg/detail/sensor_accel_fifo__rosidl_typesupport_introspection_cpp.hpp\n'}
[1.604746] (px4_msgs) StdoutLine: {'line': b'-- Up-to-date: /home/mcfb/ros2_ws/install/px4_msgs/include/px4_msgs/px4_msgs/msg/detail/event__rosidl_typesupport_introspection_cpp.hpp\n'}
[1.604790] (px4_msgs) StdoutLine: {'line': b'-- Up-to-date: /home/mcfb/ros2_ws/install/px4_msgs/include/px4_msgs/px4_msgs/msg/detail/debug_value__rosidl_typesupport_introspection_cpp.hpp\n'}
[1.604835] (px4_msgs) StdoutLine: {'line': b'-- Up-to-date: /home/mcfb/ros2_ws/install/px4_msgs/include/px4_msgs/px4_msgs/msg/detail/sensor_optical_flow__type_support.cpp\n'}
[1.604881] (px4_msgs) StdoutLine: {'line': b'-- Up-to-date: /home/mcfb/ros2_ws/install/px4_msgs/include/px4_msgs/px4_msgs/msg/detail/navigator_mission_item__rosidl_typesupport_introspection_cpp.hpp\n'}
[1.604927] (px4_msgs) StdoutLine: {'line': b'-- Up-to-date: /home/mcfb/ros2_ws/install/px4_msgs/include/px4_msgs/px4_msgs/msg/detail/estimator_status__type_support.cpp\n'}
[1.604974] (px4_msgs) StdoutLine: {'line': b'-- Up-to-date: /home/mcfb/ros2_ws/install/px4_msgs/include/px4_msgs/px4_msgs/msg/detail/lateral_control_configuration__rosidl_typesupport_introspection_cpp.hpp\n'}
[1.605042] (px4_msgs) StdoutLine: {'line': b'-- Up-to-date: /home/mcfb/ros2_ws/install/px4_msgs/include/px4_msgs/px4_msgs/msg/detail/cellular_status__type_support.cpp\n'}
[1.605086] (px4_msgs) StdoutLine: {'line': b'-- Up-to-date: /home/mcfb/ros2_ws/install/px4_msgs/include/px4_msgs/px4_msgs/msg/detail/tiltrotor_extra_controls__rosidl_typesupport_introspection_cpp.hpp\n'}
[1.605127] (px4_msgs) StdoutLine: {'line': b'-- Up-to-date: /home/mcfb/ros2_ws/install/px4_msgs/include/px4_msgs/px4_msgs/msg/detail/position_setpoint__type_support.cpp\n'}
[1.605169] (px4_msgs) StdoutLine: {'line': b'-- Up-to-date: /home/mcfb/ros2_ws/install/px4_msgs/include/px4_msgs/px4_msgs/msg/detail/landing_gear__type_support.cpp\n'}
[1.605211] (px4_msgs) StdoutLine: {'line': b'-- Up-to-date: /home/mcfb/ros2_ws/install/px4_msgs/include/px4_msgs/px4_msgs/msg/detail/position_setpoint_triplet__type_support.cpp\n'}
[1.605262] (px4_msgs) StdoutLine: {'line': b'-- Up-to-date: /home/mcfb/ros2_ws/install/px4_msgs/include/px4_msgs/px4_msgs/msg/detail/distance_sensor__type_support.cpp\n'}
[1.605328] (px4_msgs) StdoutLine: {'line': b'-- Up-to-date: /home/mcfb/ros2_ws/install/px4_msgs/include/px4_msgs/px4_msgs/msg/detail/open_drone_id_self_id__rosidl_typesupport_introspection_cpp.hpp\n'}
[1.605372] (px4_msgs) StdoutLine: {'line': b'-- Up-to-date: /home/mcfb/ros2_ws/install/px4_msgs/include/px4_msgs/px4_msgs/msg/detail/parameter_set_value_request__rosidl_typesupport_introspection_cpp.hpp\n'}
[1.605415] (px4_msgs) StdoutLine: {'line': b'-- Up-to-date: /home/mcfb/ros2_ws/install/px4_msgs/include/px4_msgs/px4_msgs/msg/detail/log_message__type_support.cpp\n'}
[1.605457] (px4_msgs) StdoutLine: {'line': b'-- Up-to-date: /home/mcfb/ros2_ws/install/px4_msgs/include/px4_msgs/px4_msgs/msg/detail/landing_target_pose__rosidl_typesupport_introspection_cpp.hpp\n'}
[1.605503] (px4_msgs) StdoutLine: {'line': b'-- Up-to-date: /home/mcfb/ros2_ws/install/px4_msgs/include/px4_msgs/px4_msgs/msg/detail/orb_test_medium__rosidl_typesupport_introspection_cpp.hpp\n'}
[1.605549] (px4_msgs) StdoutLine: {'line': b'-- Up-to-date: /home/mcfb/ros2_ws/install/px4_msgs/include/px4_msgs/px4_msgs/msg/detail/vehicle_command__rosidl_typesupport_introspection_cpp.hpp\n'}
[1.605595] (px4_msgs) StdoutLine: {'line': b'-- Up-to-date: /home/mcfb/ros2_ws/install/px4_msgs/include/px4_msgs/px4_msgs/msg/detail/open_drone_id_operator_id__type_support.cpp\n'}
[1.605643] (px4_msgs) StdoutLine: {'line': b'-- Up-to-date: /home/mcfb/ros2_ws/install/px4_msgs/include/px4_msgs/px4_msgs/msg/detail/gimbal_manager_set_attitude__type_support.cpp\n'}
[1.605688] (px4_msgs) StdoutLine: {'line': b'-- Up-to-date: /home/mcfb/ros2_ws/install/px4_msgs/include/px4_msgs/px4_msgs/msg/detail/vehicle_acceleration__rosidl_typesupport_introspection_cpp.hpp\n'}
[1.605735] (px4_msgs) StdoutLine: {'line': b'-- Up-to-date: /home/mcfb/ros2_ws/install/px4_msgs/include/px4_msgs/px4_msgs/msg/detail/gpio_out__rosidl_typesupport_introspection_cpp.hpp\n'}
[1.605802] (px4_msgs) StdoutLine: {'line': b'-- Up-to-date: /home/mcfb/ros2_ws/install/px4_msgs/include/px4_msgs/px4_msgs/msg/detail/cellular_status__rosidl_typesupport_introspection_cpp.hpp\n'}
[1.605848] (px4_msgs) StdoutLine: {'line': b'-- Up-to-date: /home/mcfb/ros2_ws/install/px4_msgs/include/px4_msgs/px4_msgs/msg/detail/sensor_combined__rosidl_typesupport_introspection_cpp.hpp\n'}
[1.605914] (px4_msgs) StdoutLine: {'line': b'-- Up-to-date: /home/mcfb/ros2_ws/install/px4_msgs/include/px4_msgs/px4_msgs/msg/detail/vehicle_angular_velocity__rosidl_typesupport_introspection_cpp.hpp\n'}
[1.605972] (px4_msgs) StdoutLine: {'line': b'-- Up-to-date: /home/mcfb/ros2_ws/install/px4_msgs/include/px4_msgs/px4_msgs/msg/detail/uavcan_parameter_value__type_support.cpp\n'}
[1.606041] (px4_msgs) StdoutLine: {'line': b'-- Up-to-date: /home/mcfb/ros2_ws/install/px4_msgs/include/px4_msgs/px4_msgs/msg/detail/mode_completed__type_support.cpp\n'}
[1.606090] (px4_msgs) StdoutLine: {'line': b'-- Up-to-date: /home/mcfb/ros2_ws/install/px4_msgs/include/px4_msgs/px4_msgs/msg/detail/sensor_gnss_status__type_support.cpp\n'}
[1.606138] (px4_msgs) StdoutLine: {'line': b'-- Up-to-date: /home/mcfb/ros2_ws/install/px4_msgs/include/px4_msgs/px4_msgs/msg/detail/rover_position_setpoint__rosidl_typesupport_introspection_cpp.hpp\n'}
[1.606185] (px4_msgs) StdoutLine: {'line': b'-- Up-to-date: /home/mcfb/ros2_ws/install/px4_msgs/include/px4_msgs/px4_msgs/msg/detail/timesync_status__rosidl_typesupport_introspection_cpp.hpp\n'}
[1.606229] (px4_msgs) StdoutLine: {'line': b'-- Up-to-date: /home/mcfb/ros2_ws/install/px4_msgs/include/px4_msgs/px4_msgs/msg/detail/message_format_request__type_support.cpp\n'}
[1.606275] (px4_msgs) StdoutLine: {'line': b'-- Up-to-date: /home/mcfb/ros2_ws/install/px4_msgs/include/px4_msgs/px4_msgs/msg/detail/lateral_control_configuration__type_support.cpp\n'}
[1.606337] (px4_msgs) StdoutLine: {'line': b'-- Up-to-date: /home/mcfb/ros2_ws/install/px4_msgs/include/px4_msgs/px4_msgs/msg/detail/actuator_servos_trim__rosidl_typesupport_introspection_cpp.hpp\n'}
[1.606417] (px4_msgs) StdoutLine: {'line': b'-- Up-to-date: /home/mcfb/ros2_ws/install/px4_msgs/include/px4_msgs/px4_msgs/msg/detail/vehicle_thrust_setpoint__type_support.cpp\n'}
[1.606669] (px4_msgs) StdoutLine: {'line': b'-- Up-to-date: /home/mcfb/ros2_ws/install/px4_msgs/include/px4_msgs/px4_msgs/msg/detail/vehicle_imu__rosidl_typesupport_introspection_cpp.hpp\n'}
[1.606755] (px4_msgs) StdoutLine: {'line': b'-- Up-to-date: /home/mcfb/ros2_ws/install/px4_msgs/include/px4_msgs/px4_msgs/msg/detail/task_stack_info__type_support.cpp\n'}
[1.606825] (px4_msgs) StdoutLine: {'line': b'-- Up-to-date: /home/mcfb/ros2_ws/install/px4_msgs/include/px4_msgs/px4_msgs/msg/detail/vehicle_thrust_setpoint__rosidl_typesupport_introspection_cpp.hpp\n'}
[1.606892] (px4_msgs) StdoutLine: {'line': b'-- Up-to-date: /home/mcfb/ros2_ws/install/px4_msgs/include/px4_msgs/px4_msgs/msg/detail/estimator_selector_status__type_support.cpp\n'}
[1.606939] (px4_msgs) StdoutLine: {'line': b'-- Up-to-date: /home/mcfb/ros2_ws/install/px4_msgs/include/px4_msgs/px4_msgs/msg/detail/sensor_gnss_relative__rosidl_typesupport_introspection_cpp.hpp\n'}
[1.606988] (px4_msgs) StdoutLine: {'line': b'-- Up-to-date: /home/mcfb/ros2_ws/install/px4_msgs/include/px4_msgs/px4_msgs/msg/detail/rover_rate_status__rosidl_typesupport_introspection_cpp.hpp\n'}
[1.607033] (px4_msgs) StdoutLine: {'line': b'-- Up-to-date: /home/mcfb/ros2_ws/install/px4_msgs/include/px4_msgs/px4_msgs/msg/detail/internal_combustion_engine_status__rosidl_typesupport_introspection_cpp.hpp\n'}
[1.607084] (px4_msgs) StdoutLine: {'line': b'-- Up-to-date: /home/mcfb/ros2_ws/install/px4_msgs/include/px4_msgs/px4_msgs/msg/detail/hover_thrust_estimate__type_support.cpp\n'}
[1.607133] (px4_msgs) StdoutLine: {'line': b'-- Up-to-date: /home/mcfb/ros2_ws/install/px4_msgs/include/px4_msgs/px4_msgs/msg/detail/esc_status__rosidl_typesupport_introspection_cpp.hpp\n'}
[1.607180] (px4_msgs) StdoutLine: {'line': b'-- Up-to-date: /home/mcfb/ros2_ws/install/px4_msgs/include/px4_msgs/px4_msgs/msg/detail/estimator_sensor_bias__type_support.cpp\n'}
[1.607232] (px4_msgs) StdoutLine: {'line': b'-- Up-to-date: /home/mcfb/ros2_ws/install/px4_msgs/include/px4_msgs/px4_msgs/msg/detail/action_request__type_support.cpp\n'}
[1.607282] (px4_msgs) StdoutLine: {'line': b'-- Up-to-date: /home/mcfb/ros2_ws/install/px4_msgs/include/px4_msgs/px4_msgs/msg/detail/gimbal_device_information__type_support.cpp\n'}
[1.607339] (px4_msgs) StdoutLine: {'line': b'-- Up-to-date: /home/mcfb/ros2_ws/install/px4_msgs/include/px4_msgs/px4_msgs/msg/detail/follow_target__rosidl_typesupport_introspection_cpp.hpp\n'}
[1.607388] (px4_msgs) StdoutLine: {'line': b'-- Up-to-date: /home/mcfb/ros2_ws/install/px4_msgs/include/px4_msgs/px4_msgs/msg/detail/manual_control_switches__rosidl_typesupport_introspection_cpp.hpp\n'}
[1.607435] (px4_msgs) StdoutLine: {'line': b'-- Up-to-date: /home/mcfb/ros2_ws/install/px4_msgs/include/px4_msgs/px4_msgs/msg/detail/vehicle_status__rosidl_typesupport_introspection_cpp.hpp\n'}
[1.607504] (px4_msgs) StdoutLine: {'line': b'-- Up-to-date: /home/mcfb/ros2_ws/install/px4_msgs/include/px4_msgs/px4_msgs/msg/detail/vehicle_air_data__rosidl_typesupport_introspection_cpp.hpp\n'}
[1.607552] (px4_msgs) StdoutLine: {'line': b'-- Up-to-date: /home/mcfb/ros2_ws/install/px4_msgs/include/px4_msgs/px4_msgs/msg/detail/rover_attitude_status__type_support.cpp\n'}
[1.607596] (px4_msgs) StdoutLine: {'line': b'-- Up-to-date: /home/mcfb/ros2_ws/install/px4_msgs/include/px4_msgs/px4_msgs/msg/detail/sensor_gnss_status__rosidl_typesupport_introspection_cpp.hpp\n'}
[1.607640] (px4_msgs) StdoutLine: {'line': b'-- Up-to-date: /home/mcfb/ros2_ws/install/px4_msgs/include/px4_msgs/px4_msgs/msg/detail/navigator_status__type_support.cpp\n'}
[1.607683] (px4_msgs) StdoutLine: {'line': b'-- Up-to-date: /home/mcfb/ros2_ws/install/px4_msgs/include/px4_msgs/px4_msgs/msg/detail/velocity_limits__type_support.cpp\n'}
[1.607727] (px4_msgs) StdoutLine: {'line': b'-- Up-to-date: /home/mcfb/ros2_ws/install/px4_msgs/include/px4_msgs/px4_msgs/msg/detail/pwm_input__rosidl_typesupport_introspection_cpp.hpp\n'}
[1.607774] (px4_msgs) StdoutLine: {'line': b'-- Up-to-date: /home/mcfb/ros2_ws/install/px4_msgs/include/px4_msgs/px4_msgs/msg/detail/esc_status__type_support.cpp\n'}
[1.607817] (px4_msgs) StdoutLine: {'line': b'-- Up-to-date: /home/mcfb/ros2_ws/install/px4_msgs/include/px4_msgs/px4_msgs/msg/detail/register_ext_component_request__type_support.cpp\n'}
[1.607862] (px4_msgs) StdoutLine: {'line': b'-- Up-to-date: /home/mcfb/ros2_ws/install/px4_msgs/include/px4_msgs/px4_msgs/msg/detail/qshell_req__type_support.cpp\n'}
[1.607910] (px4_msgs) StdoutLine: {'line': b'-- Up-to-date: /home/mcfb/ros2_ws/install/px4_msgs/include/px4_msgs/px4_msgs/msg/detail/magnetometer_bias_estimate__type_support.cpp\n'}
[1.607959] (px4_msgs) StdoutLine: {'line': b'-- Up-to-date: /home/mcfb/ros2_ws/install/px4_msgs/include/px4_msgs/px4_msgs/msg/detail/estimator_aid_source1d__type_support.cpp\n'}
[1.608006] (px4_msgs) StdoutLine: {'line': b'-- Up-to-date: /home/mcfb/ros2_ws/install/px4_msgs/include/px4_msgs/px4_msgs/msg/detail/irlock_report__type_support.cpp\n'}
[1.608053] (px4_msgs) StdoutLine: {'line': b'-- Up-to-date: /home/mcfb/ros2_ws/install/px4_msgs/include/px4_msgs/px4_msgs/msg/detail/distance_sensor__rosidl_typesupport_introspection_cpp.hpp\n'}
[1.608099] (px4_msgs) StdoutLine: {'line': b'-- Up-to-date: /home/mcfb/ros2_ws/install/px4_msgs/include/px4_msgs/px4_msgs/msg/detail/gimbal_device_set_attitude__type_support.cpp\n'}
[1.608146] (px4_msgs) StdoutLine: {'line': b'-- Up-to-date: /home/mcfb/ros2_ws/install/px4_msgs/include/px4_msgs/px4_msgs/msg/detail/fixed_wing_lateral_setpoint__rosidl_typesupport_introspection_cpp.hpp\n'}
[1.608193] (px4_msgs) StdoutLine: {'line': b'-- Up-to-date: /home/mcfb/ros2_ws/install/px4_msgs/include/px4_msgs/px4_msgs/msg/detail/geofence_result__type_support.cpp\n'}
[1.608268] (px4_msgs) StdoutLine: {'line': b'-- Up-to-date: /home/mcfb/ros2_ws/install/px4_msgs/include/px4_msgs/px4_msgs/msg/detail/gps_dump__type_support.cpp\n'}
[1.608324] (px4_msgs) StdoutLine: {'line': b'-- Up-to-date: /home/mcfb/ros2_ws/install/px4_msgs/include/px4_msgs/px4_msgs/msg/detail/sensor_gnss_relative__type_support.cpp\n'}
[1.608369] (px4_msgs) StdoutLine: {'line': b'-- Up-to-date: /home/mcfb/ros2_ws/install/px4_msgs/include/px4_msgs/px4_msgs/msg/detail/actuator_servos__type_support.cpp\n'}
[1.608414] (px4_msgs) StdoutLine: {'line': b'-- Up-to-date: /home/mcfb/ros2_ws/install/px4_msgs/include/px4_msgs/px4_msgs/msg/detail/sensor_combined__type_support.cpp\n'}
[1.608459] (px4_msgs) StdoutLine: {'line': b'-- Up-to-date: /home/mcfb/ros2_ws/install/px4_msgs/include/px4_msgs/px4_msgs/msg/detail/orbit_status__rosidl_typesupport_introspection_cpp.hpp\n'}
[1.608503] (px4_msgs) StdoutLine: {'line': b'-- Up-to-date: /home/mcfb/ros2_ws/install/px4_msgs/include/px4_msgs/px4_msgs/msg/detail/sensor_mag__type_support.cpp\n'}
[1.608549] (px4_msgs) StdoutLine: {'line': b'-- Up-to-date: /home/mcfb/ros2_ws/install/px4_msgs/include/px4_msgs/px4_msgs/msg/detail/vehicle_odometry__type_support.cpp\n'}
[1.608594] (px4_msgs) StdoutLine: {'line': b'-- Up-to-date: /home/mcfb/ros2_ws/install/px4_msgs/include/px4_msgs/px4_msgs/msg/detail/follow_target_estimator__rosidl_typesupport_introspection_cpp.hpp\n'}
[1.608643] (px4_msgs) StdoutLine: {'line': b'-- Up-to-date: /home/mcfb/ros2_ws/install/px4_msgs/include/px4_msgs/px4_msgs/msg/detail/differential_pressure__rosidl_typesupport_introspection_cpp.hpp\n'}
[1.608797] (px4_msgs) StdoutLine: {'line': b'-- Up-to-date: /home/mcfb/ros2_ws/install/px4_msgs/include/px4_msgs/px4_msgs/msg/detail/ulog_stream_ack__rosidl_typesupport_introspection_cpp.hpp\n'}
[1.608892] (px4_msgs) StdoutLine: {'line': b'-- Up-to-date: /home/mcfb/ros2_ws/install/px4_msgs/include/px4_msgs/px4_msgs/msg/detail/adc_report__rosidl_typesupport_introspection_cpp.hpp\n'}
[1.608946] (px4_msgs) StdoutLine: {'line': b'-- Up-to-date: /home/mcfb/ros2_ws/install/px4_msgs/include/px4_msgs/px4_msgs/msg/detail/can_interface_status__rosidl_typesupport_introspection_cpp.hpp\n'}
[1.608996] (px4_msgs) StdoutLine: {'line': b'-- Up-to-date: /home/mcfb/ros2_ws/install/px4_msgs/include/px4_msgs/px4_msgs/msg/detail/rover_speed_status__rosidl_typesupport_introspection_cpp.hpp\n'}
[1.609053] (px4_msgs) StdoutLine: {'line': b'-- Up-to-date: /home/mcfb/ros2_ws/install/px4_msgs/include/px4_msgs/px4_msgs/msg/detail/estimator_innovations__type_support.cpp\n'}
[1.609103] (px4_msgs) StdoutLine: {'line': b'-- Up-to-date: /home/mcfb/ros2_ws/install/px4_msgs/include/px4_msgs/px4_msgs/msg/detail/rtl_time_estimate__type_support.cpp\n'}
[1.609152] (px4_msgs) StdoutLine: {'line': b'-- Up-to-date: /home/mcfb/ros2_ws/install/px4_msgs/include/px4_msgs/px4_msgs/msg/detail/landing_target_innovations__rosidl_typesupport_introspection_cpp.hpp\n'}
[1.609200] (px4_msgs) StdoutLine: {'line': b'-- Up-to-date: /home/mcfb/ros2_ws/install/px4_msgs/include/px4_msgs/px4_msgs/msg/detail/vehicle_rates_setpoint__rosidl_typesupport_introspection_cpp.hpp\n'}
[1.609249] (px4_msgs) StdoutLine: {'line': b'-- Up-to-date: /home/mcfb/ros2_ws/install/px4_msgs/include/px4_msgs/px4_msgs/msg/detail/control_allocator_status__type_support.cpp\n'}
[1.609297] (px4_msgs) StdoutLine: {'line': b'-- Up-to-date: /home/mcfb/ros2_ws/install/px4_msgs/include/px4_msgs/px4_msgs/msg/detail/mavlink_log__rosidl_typesupport_introspection_cpp.hpp\n'}
[1.609351] (px4_msgs) StdoutLine: {'line': b'-- Up-to-date: /home/mcfb/ros2_ws/install/px4_msgs/include/px4_msgs/px4_msgs/msg/detail/camera_capture__type_support.cpp\n'}
[1.609400] (px4_msgs) StdoutLine: {'line': b'-- Up-to-date: /home/mcfb/ros2_ws/install/px4_msgs/include/px4_msgs/px4_msgs/msg/detail/mavlink_tunnel__type_support.cpp\n'}
[1.609448] (px4_msgs) StdoutLine: {'line': b'-- Up-to-date: /home/mcfb/ros2_ws/install/px4_msgs/include/px4_msgs/px4_msgs/msg/detail/message_format_request__rosidl_typesupport_introspection_cpp.hpp\n'}
[1.609495] (px4_msgs) StdoutLine: {'line': b'-- Up-to-date: /home/mcfb/ros2_ws/install/px4_msgs/include/px4_msgs/px4_msgs/msg/detail/led_control__type_support.cpp\n'}
[1.609543] (px4_msgs) StdoutLine: {'line': b'-- Up-to-date: /home/mcfb/ros2_ws/install/px4_msgs/include/px4_msgs/px4_msgs/msg/detail/estimator_gps_status__rosidl_typesupport_introspection_cpp.hpp\n'}
[1.609590] (px4_msgs) StdoutLine: {'line': b'-- Up-to-date: /home/mcfb/ros2_ws/install/px4_msgs/include/px4_msgs/px4_msgs/msg/detail/vehicle_optical_flow__rosidl_typesupport_introspection_cpp.hpp\n'}
[1.609638] (px4_msgs) StdoutLine: {'line': b'-- Up-to-date: /home/mcfb/ros2_ws/install/px4_msgs/include/px4_msgs/px4_msgs/msg/detail/ulog_stream_ack__type_support.cpp\n'}
[1.609685] (px4_msgs) StdoutLine: {'line': b'-- Up-to-date: /home/mcfb/ros2_ws/install/px4_msgs/include/px4_msgs/px4_msgs/msg/detail/failsafe_flags__rosidl_typesupport_introspection_cpp.hpp\n'}
[1.609732] (px4_msgs) StdoutLine: {'line': b'-- Up-to-date: /home/mcfb/ros2_ws/install/px4_msgs/include/px4_msgs/px4_msgs/msg/detail/vehicle_attitude__type_support.cpp\n'}
[1.609780] (px4_msgs) StdoutLine: {'line': b'-- Up-to-date: /home/mcfb/ros2_ws/install/px4_msgs/include/px4_msgs/px4_msgs/msg/detail/home_position__type_support.cpp\n'}
[1.609830] (px4_msgs) StdoutLine: {'line': b'-- Up-to-date: /home/mcfb/ros2_ws/install/px4_msgs/include/px4_msgs/px4_msgs/msg/detail/vehicle_land_detected__rosidl_typesupport_introspection_cpp.hpp\n'}
[1.609914] (px4_msgs) StdoutLine: {'line': b'-- Up-to-date: /home/mcfb/ros2_ws/install/px4_msgs/include/px4_msgs/px4_msgs/msg/detail/gimbal_manager_status__type_support.cpp\n'}
[1.609978] (px4_msgs) StdoutLine: {'line': b'-- Up-to-date: /home/mcfb/ros2_ws/install/px4_msgs/include/px4_msgs/px4_msgs/msg/detail/vehicle_land_detected__type_support.cpp\n'}
[1.610021] (px4_msgs) StdoutLine: {'line': b'-- Up-to-date: /home/mcfb/ros2_ws/install/px4_msgs/include/px4_msgs/px4_msgs/msg/detail/open_drone_id_system__type_support.cpp\n'}
[1.610069] (px4_msgs) StdoutLine: {'line': b'-- Up-to-date: /home/mcfb/ros2_ws/install/px4_msgs/include/px4_msgs/px4_msgs/msg/detail/vehicle_command__type_support.cpp\n'}
[1.610130] (px4_msgs) StdoutLine: {'line': b'-- Up-to-date: /home/mcfb/ros2_ws/install/px4_msgs/include/px4_msgs/px4_msgs/msg/detail/rpm__rosidl_typesupport_introspection_cpp.hpp\n'}
[1.610209] (px4_msgs) StdoutLine: {'line': b'-- Up-to-date: /home/mcfb/ros2_ws/install/px4_msgs/include/px4_msgs/px4_msgs/msg/detail/qshell_retval__type_support.cpp\n'}
[1.610269] (px4_msgs) StdoutLine: {'line': b'-- Up-to-date: /home/mcfb/ros2_ws/install/px4_msgs/include/px4_msgs/px4_msgs/msg/detail/qshell_req__rosidl_typesupport_introspection_cpp.hpp\n'}
[1.610327] (px4_msgs) StdoutLine: {'line': b'-- Up-to-date: /home/mcfb/ros2_ws/install/px4_msgs/include/px4_msgs/px4_msgs/msg/detail/radio_status__rosidl_typesupport_introspection_cpp.hpp\n'}
[1.610466] (px4_msgs) StdoutLine: {'line': b'-- Up-to-date: /home/mcfb/ros2_ws/install/px4_msgs/include/px4_msgs/px4_msgs/msg/detail/telemetry_status__rosidl_typesupport_introspection_cpp.hpp\n'}
[1.610528] (px4_msgs) StdoutLine: {'line': b'-- Up-to-date: /home/mcfb/ros2_ws/install/px4_msgs/include/px4_msgs/px4_msgs/msg/detail/parameter_set_value_response__rosidl_typesupport_introspection_cpp.hpp\n'}
[1.610574] (px4_msgs) StdoutLine: {'line': b'-- Up-to-date: /home/mcfb/ros2_ws/install/px4_msgs/include/px4_msgs/px4_msgs/msg/detail/collision_constraints__type_support.cpp\n'}
[1.610622] (px4_msgs) StdoutLine: {'line': b'-- Up-to-date: /home/mcfb/ros2_ws/install/px4_msgs/include/px4_msgs/px4_msgs/msg/detail/vehicle_local_position__type_support.cpp\n'}
[1.610663] (px4_msgs) StdoutLine: {'line': b'-- Up-to-date: /home/mcfb/ros2_ws/install/px4_msgs/include/px4_msgs/px4_msgs/msg/detail/arming_check_reply__type_support.cpp\n'}
[1.610703] (px4_msgs) StdoutLine: {'line': b'-- Up-to-date: /home/mcfb/ros2_ws/install/px4_msgs/include/px4_msgs/px4_msgs/msg/detail/vehicle_angular_acceleration_setpoint__rosidl_typesupport_introspection_cpp.hpp\n'}
[1.610746] (px4_msgs) StdoutLine: {'line': b'-- Up-to-date: /home/mcfb/ros2_ws/install/px4_msgs/include/px4_msgs/px4_msgs/msg/detail/satellite_info__type_support.cpp\n'}
[1.610788] (px4_msgs) StdoutLine: {'line': b'-- Up-to-date: /home/mcfb/ros2_ws/install/px4_msgs/include/px4_msgs/px4_msgs/msg/detail/vehicle_control_mode__type_support.cpp\n'}
[1.610828] (px4_msgs) StdoutLine: {'line': b'-- Up-to-date: /home/mcfb/ros2_ws/install/px4_msgs/include/px4_msgs/px4_msgs/msg/detail/button_event__rosidl_typesupport_introspection_cpp.hpp\n'}
[1.610868] (px4_msgs) StdoutLine: {'line': b'-- Up-to-date: /home/mcfb/ros2_ws/install/px4_msgs/include/px4_msgs/px4_msgs/msg/detail/tune_control__rosidl_typesupport_introspection_cpp.hpp\n'}
[1.610906] (px4_msgs) StdoutLine: {'line': b'-- Up-to-date: /home/mcfb/ros2_ws/install/px4_msgs/include/px4_msgs/px4_msgs/msg/detail/manual_control_setpoint__type_support.cpp\n'}
[1.610942] (px4_msgs) StdoutLine: {'line': b'-- Up-to-date: /home/mcfb/ros2_ws/install/px4_msgs/include/px4_msgs/px4_msgs/msg/detail/vehicle_air_data__type_support.cpp\n'}
[1.610985] (px4_msgs) StdoutLine: {'line': b'-- Up-to-date: /home/mcfb/ros2_ws/install/px4_msgs/include/px4_msgs/px4_msgs/msg/detail/sensors_status__rosidl_typesupport_introspection_cpp.hpp\n'}
[1.611025] (px4_msgs) StdoutLine: {'line': b'-- Up-to-date: /home/mcfb/ros2_ws/install/px4_msgs/include/px4_msgs/px4_msgs/msg/detail/log_message__rosidl_typesupport_introspection_cpp.hpp\n'}
[1.611066] (px4_msgs) StdoutLine: {'line': b'-- Up-to-date: /home/mcfb/ros2_ws/install/px4_msgs/include/px4_msgs/px4_msgs/msg/detail/dronecan_node_status__type_support.cpp\n'}
[1.611105] (px4_msgs) StdoutLine: {'line': b'-- Up-to-date: /home/mcfb/ros2_ws/install/px4_msgs/include/px4_msgs/px4_msgs/msg/detail/power_button_state__rosidl_typesupport_introspection_cpp.hpp\n'}
[1.611145] (px4_msgs) StdoutLine: {'line': b'-- Up-to-date: /home/mcfb/ros2_ws/install/px4_msgs/include/px4_msgs/px4_msgs/msg/detail/position_setpoint_triplet__rosidl_typesupport_introspection_cpp.hpp\n'}
[1.611188] (px4_msgs) StdoutLine: {'line': b'-- Up-to-date: /home/mcfb/ros2_ws/install/px4_msgs/include/px4_msgs/px4_msgs/msg/detail/orb_test__type_support.cpp\n'}
[1.611234] (px4_msgs) StdoutLine: {'line': b'-- Up-to-date: /home/mcfb/ros2_ws/install/px4_msgs/include/px4_msgs/px4_msgs/msg/detail/rover_position_setpoint__type_support.cpp\n'}
[1.611349] (px4_msgs) StdoutLine: {'line': b'-- Up-to-date: /home/mcfb/ros2_ws/install/px4_msgs/include/px4_msgs/px4_msgs/msg/detail/longitudinal_control_configuration__type_support.cpp\n'}
[1.611387] (px4_msgs) StdoutLine: {'line': b'-- Up-to-date: /home/mcfb/ros2_ws/install/px4_msgs/include/px4_msgs/px4_msgs/msg/detail/led_control__rosidl_typesupport_introspection_cpp.hpp\n'}
[1.611429] (px4_msgs) StdoutLine: {'line': b'-- Up-to-date: /home/mcfb/ros2_ws/install/px4_msgs/include/px4_msgs/px4_msgs/msg/detail/figure_eight_status__rosidl_typesupport_introspection_cpp.hpp\n'}
[1.611507] (px4_msgs) StdoutLine: {'line': b'-- Up-to-date: /home/mcfb/ros2_ws/install/px4_msgs/include/px4_msgs/px4_msgs/msg/detail/power_button_state__type_support.cpp\n'}
[1.611546] (px4_msgs) StdoutLine: {'line': b'-- Up-to-date: /home/mcfb/ros2_ws/install/px4_msgs/include/px4_msgs/px4_msgs/msg/detail/differential_pressure__type_support.cpp\n'}
[1.611710] (px4_msgs) StdoutLine: {'line': b'-- Up-to-date: /home/mcfb/ros2_ws/install/px4_msgs/include/px4_msgs/px4_msgs/msg/detail/actuator_outputs__rosidl_typesupport_introspection_cpp.hpp\n'}
[1.611802] (px4_msgs) StdoutLine: {'line': b'-- Up-to-date: /home/mcfb/ros2_ws/install/px4_msgs/include/px4_msgs/px4_msgs/msg/detail/adc_report__type_support.cpp\n'}
[1.611877] (px4_msgs) StdoutLine: {'line': b'-- Up-to-date: /home/mcfb/ros2_ws/install/px4_msgs/include/px4_msgs/px4_msgs/msg/detail/airspeed__type_support.cpp\n'}
[1.612013] (px4_msgs) StdoutLine: {'line': b'-- Up-to-date: /home/mcfb/ros2_ws/install/px4_msgs/include/px4_msgs/px4_msgs/msg/detail/actuator_controls_status__type_support.cpp\n'}
[1.612108] (px4_msgs) StdoutLine: {'line': b'-- Up-to-date: /home/mcfb/ros2_ws/install/px4_msgs/include/px4_msgs/px4_msgs/msg/detail/iridiumsbd_status__type_support.cpp\n'}
[1.612167] (px4_msgs) StdoutLine: {'line': b'-- Up-to-date: /home/mcfb/ros2_ws/install/px4_msgs/include/px4_msgs/px4_msgs/msg/detail/sensor_accel__type_support.cpp\n'}
[1.612229] (px4_msgs) StdoutLine: {'line': b'-- Up-to-date: /home/mcfb/ros2_ws/install/px4_msgs/include/px4_msgs/px4_msgs/msg/detail/sensors_status_imu__type_support.cpp\n'}
[1.612407] (px4_msgs) StdoutLine: {'line': b'-- Up-to-date: /home/mcfb/ros2_ws/install/px4_msgs/include/px4_msgs/px4_msgs/msg/detail/parameter_set_value_request__type_support.cpp\n'}
[1.612512] (px4_msgs) StdoutLine: {'line': b'-- Up-to-date: /home/mcfb/ros2_ws/install/px4_msgs/include/px4_msgs/px4_msgs/msg/detail/health_report__type_support.cpp\n'}
[1.612567] (px4_msgs) StdoutLine: {'line': b'-- Up-to-date: /home/mcfb/ros2_ws/install/px4_msgs/include/px4_msgs/px4_msgs/msg/detail/estimator_bias__rosidl_typesupport_introspection_cpp.hpp\n'}
[1.612642] (px4_msgs) StdoutLine: {'line': b'-- Up-to-date: /home/mcfb/ros2_ws/install/px4_msgs/include/px4_msgs/px4_msgs/msg/detail/figure_eight_status__type_support.cpp\n'}
[1.612690] (px4_msgs) StdoutLine: {'line': b'-- Up-to-date: /home/mcfb/ros2_ws/install/px4_msgs/include/px4_msgs/px4_msgs/msg/detail/sensor_gyro_fft__rosidl_typesupport_introspection_cpp.hpp\n'}
[1.612743] (px4_msgs) StdoutLine: {'line': b'-- Up-to-date: /home/mcfb/ros2_ws/install/px4_msgs/include/px4_msgs/px4_msgs/msg/detail/unregister_ext_component__rosidl_typesupport_introspection_cpp.hpp\n'}
[1.612819] (px4_msgs) StdoutLine: {'line': b'-- Up-to-date: /home/mcfb/ros2_ws/install/px4_msgs/include/px4_msgs/px4_msgs/msg/detail/vehicle_angular_acceleration_setpoint__type_support.cpp\n'}
[1.612884] (px4_msgs) StdoutLine: {'line': b'-- Up-to-date: /home/mcfb/ros2_ws/install/px4_msgs/include/px4_msgs/px4_msgs/msg/detail/vehicle_local_position__rosidl_typesupport_introspection_cpp.hpp\n'}
[1.612949] (px4_msgs) StdoutLine: {'line': b'-- Up-to-date: /home/mcfb/ros2_ws/install/px4_msgs/include/px4_msgs/px4_msgs/msg/detail/task_stack_info__rosidl_typesupport_introspection_cpp.hpp\n'}
[1.613015] (px4_msgs) StdoutLine: {'line': b'-- Up-to-date: /home/mcfb/ros2_ws/install/px4_msgs/include/px4_msgs/px4_msgs/msg/detail/estimator_states__type_support.cpp\n'}
[1.613212] (px4_msgs) StdoutLine: {'line': b'-- Up-to-date: /home/mcfb/ros2_ws/install/px4_msgs/include/px4_msgs/px4_msgs/msg/detail/timesync_status__type_support.cpp\n'}
[1.613424] (px4_msgs) StdoutLine: {'line': b'-- Up-to-date: /home/mcfb/ros2_ws/install/px4_msgs/include/px4_msgs/px4_msgs/msg/detail/open_drone_id_self_id__type_support.cpp\n'}
[1.613492] (px4_msgs) StdoutLine: {'line': b'-- Up-to-date: /home/mcfb/ros2_ws/install/px4_msgs/include/px4_msgs/px4_msgs/msg/detail/rover_speed_status__type_support.cpp\n'}
[1.613558] (px4_msgs) StdoutLine: {'line': b'-- Up-to-date: /home/mcfb/ros2_ws/install/px4_msgs/include/px4_msgs/px4_msgs/msg/detail/fuel_tank_status__rosidl_typesupport_introspection_cpp.hpp\n'}
[1.613611] (px4_msgs) StdoutLine: {'line': b'-- Up-to-date: /home/mcfb/ros2_ws/install/px4_msgs/include/px4_msgs/px4_msgs/msg/detail/landing_gear_wheel__rosidl_typesupport_introspection_cpp.hpp\n'}
[1.613657] (px4_msgs) StdoutLine: {'line': b'-- Up-to-date: /home/mcfb/ros2_ws/install/px4_msgs/include/px4_msgs/px4_msgs/msg/detail/vehicle_attitude__rosidl_typesupport_introspection_cpp.hpp\n'}
[1.613705] (px4_msgs) StdoutLine: {'line': b'-- Up-to-date: /home/mcfb/ros2_ws/install/px4_msgs/include/px4_msgs/px4_msgs/msg/detail/gps_inject_data__rosidl_typesupport_introspection_cpp.hpp\n'}
[1.613769] (px4_msgs) StdoutLine: {'line': b'-- Up-to-date: /home/mcfb/ros2_ws/install/px4_msgs/include/px4_msgs/px4_msgs/msg/detail/position_controller_status__rosidl_typesupport_introspection_cpp.hpp\n'}
[1.613846] (px4_msgs) StdoutLine: {'line': b'-- Up-to-date: /home/mcfb/ros2_ws/install/px4_msgs/include/px4_msgs/px4_msgs/msg/detail/generator_status__rosidl_typesupport_introspection_cpp.hpp\n'}
[1.613893] (px4_msgs) StdoutLine: {'line': b'-- Up-to-date: /home/mcfb/ros2_ws/install/px4_msgs/include/px4_msgs/px4_msgs/msg/detail/esc_report__type_support.cpp\n'}
[1.613963] (px4_msgs) StdoutLine: {'line': b'-- Up-to-date: /home/mcfb/ros2_ws/install/px4_msgs/include/px4_msgs/px4_msgs/msg/detail/velocity_limits__rosidl_typesupport_introspection_cpp.hpp\n'}
[1.614035] (px4_msgs) StdoutLine: {'line': b'-- Up-to-date: /home/mcfb/ros2_ws/install/px4_msgs/include/px4_msgs/px4_msgs/msg/detail/transponder_report__rosidl_typesupport_introspection_cpp.hpp\n'}
[1.614118] (px4_msgs) StdoutLine: {'line': b'-- Up-to-date: /home/mcfb/ros2_ws/install/px4_msgs/include/px4_msgs/px4_msgs/msg/detail/trajectory_setpoint6dof__rosidl_typesupport_introspection_cpp.hpp\n'}
[1.614186] (px4_msgs) StdoutLine: {'line': b'-- Up-to-date: /home/mcfb/ros2_ws/install/px4_msgs/include/px4_msgs/px4_msgs/msg/detail/heater_status__rosidl_typesupport_introspection_cpp.hpp\n'}
[1.614240] (px4_msgs) StdoutLine: {'line': b'-- Up-to-date: /home/mcfb/ros2_ws/install/px4_msgs/include/px4_msgs/px4_msgs/msg/detail/sensor_optical_flow__rosidl_typesupport_introspection_cpp.hpp\n'}
[1.614305] (px4_msgs) StdoutLine: {'line': b'-- Up-to-date: /home/mcfb/ros2_ws/install/px4_msgs/include/px4_msgs/px4_msgs/msg/detail/estimator_bias3d__type_support.cpp\n'}
[1.614374] (px4_msgs) StdoutLine: {'line': b'-- Up-to-date: /home/mcfb/ros2_ws/install/px4_msgs/include/px4_msgs/px4_msgs/msg/detail/failure_detector_status__type_support.cpp\n'}
[1.614437] (px4_msgs) StdoutLine: {'line': b'-- Up-to-date: /home/mcfb/ros2_ws/install/px4_msgs/include/px4_msgs/px4_msgs/msg/detail/fixed_wing_lateral_guidance_status__type_support.cpp\n'}
[1.614491] (px4_msgs) StdoutLine: {'line': b'-- Up-to-date: /home/mcfb/ros2_ws/install/px4_msgs/include/px4_msgs/px4_msgs/msg/detail/register_ext_component_reply__type_support.cpp\n'}
[1.614626] (px4_msgs) StdoutLine: {'line': b'-- Up-to-date: /home/mcfb/ros2_ws/install/px4_msgs/include/px4_msgs/px4_msgs/msg/detail/fixed_wing_lateral_setpoint__type_support.cpp\n'}
[1.614752] (px4_msgs) StdoutLine: {'line': b'-- Up-to-date: /home/mcfb/ros2_ws/install/px4_msgs/include/px4_msgs/px4_msgs/msg/detail/actuator_motors__rosidl_typesupport_introspection_cpp.hpp\n'}
[1.614830] (px4_msgs) StdoutLine: {'line': b'-- Up-to-date: /home/mcfb/ros2_ws/install/px4_msgs/include/px4_msgs/px4_msgs/msg/detail/rc_parameter_map__type_support.cpp\n'}
[1.614983] (px4_msgs) StdoutLine: {'line': b'-- Up-to-date: /home/mcfb/ros2_ws/install/px4_msgs/include/px4_msgs/px4_msgs/msg/detail/transponder_report__type_support.cpp\n'}
[1.615052] (px4_msgs) StdoutLine: {'line': b'-- Up-to-date: /home/mcfb/ros2_ws/install/px4_msgs/include/px4_msgs/px4_msgs/msg/detail/sensor_mag__rosidl_typesupport_introspection_cpp.hpp\n'}
[1.615106] (px4_msgs) StdoutLine: {'line': b'-- Up-to-date: /home/mcfb/ros2_ws/install/px4_msgs/include/px4_msgs/px4_msgs/msg/detail/rc_parameter_map__rosidl_typesupport_introspection_cpp.hpp\n'}
[1.615170] (px4_msgs) StdoutLine: {'line': b'-- Up-to-date: /home/mcfb/ros2_ws/install/px4_msgs/include/px4_msgs/px4_msgs/msg/detail/parameter_set_value_response__type_support.cpp\n'}
[1.615242] (px4_msgs) StdoutLine: {'line': b'-- Up-to-date: /home/mcfb/ros2_ws/install/px4_msgs/include/px4_msgs/px4_msgs/msg/detail/sensor_gps__rosidl_typesupport_introspection_cpp.hpp\n'}
[1.615293] (px4_msgs) StdoutLine: {'line': b'-- Up-to-date: /home/mcfb/ros2_ws/install/px4_msgs/include/px4_msgs/px4_msgs/msg/detail/open_drone_id_arm_status__type_support.cpp\n'}
[1.615350] (px4_msgs) StdoutLine: {'line': b'-- Up-to-date: /home/mcfb/ros2_ws/install/px4_msgs/include/px4_msgs/px4_msgs/msg/detail/vehicle_angular_velocity__type_support.cpp\n'}
[1.615397] (px4_msgs) StdoutLine: {'line': b'-- Up-to-date: /home/mcfb/ros2_ws/install/px4_msgs/include/px4_msgs/px4_msgs/msg/detail/distance_sensor_mode_change_request__type_support.cpp\n'}
[1.615444] (px4_msgs) StdoutLine: {'line': b'-- Up-to-date: /home/mcfb/ros2_ws/install/px4_msgs/include/px4_msgs/px4_msgs/msg/detail/ulog_stream__rosidl_typesupport_introspection_cpp.hpp\n'}
[1.615492] (px4_msgs) StdoutLine: {'line': b'-- Up-to-date: /home/mcfb/ros2_ws/install/px4_msgs/include/px4_msgs/px4_msgs/msg/detail/rc_channels__rosidl_typesupport_introspection_cpp.hpp\n'}
[1.615544] (px4_msgs) StdoutLine: {'line': b'-- Up-to-date: /home/mcfb/ros2_ws/install/px4_msgs/include/px4_msgs/px4_msgs/msg/detail/wind__rosidl_typesupport_introspection_cpp.hpp\n'}
[1.615590] (px4_msgs) StdoutLine: {'line': b'-- Up-to-date: /home/mcfb/ros2_ws/install/px4_msgs/include/px4_msgs/px4_msgs/msg/detail/vehicle_torque_setpoint__rosidl_typesupport_introspection_cpp.hpp\n'}
[1.615637] (px4_msgs) StdoutLine: {'line': b'-- Up-to-date: /home/mcfb/ros2_ws/install/px4_msgs/include/px4_msgs/px4_msgs/msg/detail/neural_control__type_support.cpp\n'}
[1.615736] (px4_msgs) StdoutLine: {'line': b'-- Up-to-date: /home/mcfb/ros2_ws/install/px4_msgs/include/px4_msgs/px4_msgs/msg/detail/gimbal_device_attitude_status__type_support.cpp\n'}
[1.615780] (px4_msgs) StdoutLine: {'line': b'-- Up-to-date: /home/mcfb/ros2_ws/install/px4_msgs/include/px4_msgs/px4_msgs/msg/detail/actuator_servos_trim__type_support.cpp\n'}
[1.615827] (px4_msgs) StdoutLine: {'line': b'-- Up-to-date: /home/mcfb/ros2_ws/install/px4_msgs/include/px4_msgs/px4_msgs/msg/detail/debug_array__rosidl_typesupport_introspection_cpp.hpp\n'}
[1.615874] (px4_msgs) StdoutLine: {'line': b'-- Up-to-date: /home/mcfb/ros2_ws/install/px4_msgs/include/px4_msgs/px4_msgs/msg/detail/actuator_motors__type_support.cpp\n'}
[1.615920] (px4_msgs) StdoutLine: {'line': b'-- Up-to-date: /home/mcfb/ros2_ws/install/px4_msgs/include/px4_msgs/px4_msgs/msg/detail/arming_check_reply__rosidl_typesupport_introspection_cpp.hpp\n'}
[1.615967] (px4_msgs) StdoutLine: {'line': b'-- Up-to-date: /home/mcfb/ros2_ws/install/px4_msgs/include/px4_msgs/px4_msgs/msg/detail/geofence_status__rosidl_typesupport_introspection_cpp.hpp\n'}
[1.616022] (px4_msgs) StdoutLine: {'line': b'-- Up-to-date: /home/mcfb/ros2_ws/install/px4_msgs/include/px4_msgs/px4_msgs/msg/detail/obstacle_distance__type_support.cpp\n'}
[1.616073] (px4_msgs) StdoutLine: {'line': b'-- Up-to-date: /home/mcfb/ros2_ws/install/px4_msgs/include/px4_msgs/px4_msgs/msg/detail/rover_rate_setpoint__rosidl_typesupport_introspection_cpp.hpp\n'}
[1.616119] (px4_msgs) StdoutLine: {'line': b'-- Up-to-date: /home/mcfb/ros2_ws/install/px4_msgs/include/px4_msgs/px4_msgs/msg/detail/sensor_selection__rosidl_typesupport_introspection_cpp.hpp\n'}
[1.616185] (px4_msgs) StdoutLine: {'line': b'-- Up-to-date: /home/mcfb/ros2_ws/install/px4_msgs/include/px4_msgs/px4_msgs/msg/detail/uavcan_parameter_request__type_support.cpp\n'}
[1.616227] (px4_msgs) StdoutLine: {'line': b'-- Up-to-date: /home/mcfb/ros2_ws/install/px4_msgs/include/px4_msgs/px4_msgs/msg/detail/internal_combustion_engine_control__type_support.cpp\n'}
[1.616272] (px4_msgs) StdoutLine: {'line': b'-- Up-to-date: /home/mcfb/ros2_ws/install/px4_msgs/include/px4_msgs/px4_msgs/msg/detail/normalized_unsigned_setpoint__type_support.cpp\n'}
[1.616339] (px4_msgs) StdoutLine: {'line': b'-- Up-to-date: /home/mcfb/ros2_ws/install/px4_msgs/include/px4_msgs/px4_msgs/msg/detail/dataman_request__type_support.cpp\n'}
[1.616383] (px4_msgs) StdoutLine: {'line': b'-- Up-to-date: /home/mcfb/ros2_ws/install/px4_msgs/include/px4_msgs/px4_msgs/msg/detail/hover_thrust_estimate__rosidl_typesupport_introspection_cpp.hpp\n'}
[1.616428] (px4_msgs) StdoutLine: {'line': b'-- Up-to-date: /home/mcfb/ros2_ws/install/px4_msgs/include/px4_msgs/px4_msgs/msg/detail/sensors_status_imu__rosidl_typesupport_introspection_cpp.hpp\n'}
[1.616473] (px4_msgs) StdoutLine: {'line': b'-- Up-to-date: /home/mcfb/ros2_ws/install/px4_msgs/include/px4_msgs/px4_msgs/msg/detail/mag_worker_data__type_support.cpp\n'}
[1.616515] (px4_msgs) StdoutLine: {'line': b'-- Up-to-date: /home/mcfb/ros2_ws/install/px4_msgs/include/px4_msgs/px4_msgs/msg/detail/actuator_outputs__type_support.cpp\n'}
[1.616563] (px4_msgs) StdoutLine: {'line': b'-- Up-to-date: /home/mcfb/ros2_ws/install/px4_msgs/include/px4_msgs/px4_msgs/msg/detail/sensor_preflight_mag__rosidl_typesupport_introspection_cpp.hpp\n'}
[1.616608] (px4_msgs) StdoutLine: {'line': b'-- Up-to-date: /home/mcfb/ros2_ws/install/px4_msgs/include/px4_msgs/px4_msgs/msg/detail/action_request__rosidl_typesupport_introspection_cpp.hpp\n'}
[1.616660] (px4_msgs) StdoutLine: {'line': b'-- Up-to-date: /home/mcfb/ros2_ws/install/px4_msgs/include/px4_msgs/px4_msgs/msg/detail/camera_trigger__type_support.cpp\n'}
[1.616704] (px4_msgs) StdoutLine: {'line': b'-- Up-to-date: /home/mcfb/ros2_ws/install/px4_msgs/include/px4_msgs/px4_msgs/msg/detail/internal_combustion_engine_control__rosidl_typesupport_introspection_cpp.hpp\n'}
[1.616745] (px4_msgs) StdoutLine: {'line': b'-- Up-to-date: /home/mcfb/ros2_ws/install/px4_msgs/include/px4_msgs/px4_msgs/msg/detail/power_monitor__type_support.cpp\n'}
[1.616787] (px4_msgs) StdoutLine: {'line': b'-- Up-to-date: /home/mcfb/ros2_ws/install/px4_msgs/include/px4_msgs/px4_msgs/msg/detail/airspeed_wind__rosidl_typesupport_introspection_cpp.hpp\n'}
[1.616829] (px4_msgs) StdoutLine: {'line': b'-- Up-to-date: /home/mcfb/ros2_ws/install/px4_msgs/include/px4_msgs/px4_msgs/msg/detail/vehicle_global_position__rosidl_typesupport_introspection_cpp.hpp\n'}
[1.616873] (px4_msgs) StdoutLine: {'line': b'-- Up-to-date: /home/mcfb/ros2_ws/install/px4_msgs/include/px4_msgs/px4_msgs/msg/detail/mission_result__type_support.cpp\n'}
[1.616915] (px4_msgs) StdoutLine: {'line': b'-- Up-to-date: /home/mcfb/ros2_ws/install/px4_msgs/include/px4_msgs/px4_msgs/msg/detail/gpio_in__rosidl_typesupport_introspection_cpp.hpp\n'}
[1.616958] (px4_msgs) StdoutLine: {'line': b'-- Up-to-date: /home/mcfb/ros2_ws/install/px4_msgs/include/px4_msgs/px4_msgs/msg/detail/debug_value__type_support.cpp\n'}
[1.617000] (px4_msgs) StdoutLine: {'line': b'-- Up-to-date: /home/mcfb/ros2_ws/install/px4_msgs/include/px4_msgs/px4_msgs/msg/detail/iridiumsbd_status__rosidl_typesupport_introspection_cpp.hpp\n'}
[1.617044] (px4_msgs) StdoutLine: {'line': b'-- Up-to-date: /home/mcfb/ros2_ws/install/px4_msgs/include/px4_msgs/px4_msgs/msg/detail/dataman_request__rosidl_typesupport_introspection_cpp.hpp\n'}
[1.617091] (px4_msgs) StdoutLine: {'line': b'-- Up-to-date: /home/mcfb/ros2_ws/install/px4_msgs/include/px4_msgs/px4_msgs/msg/detail/vehicle_imu__type_support.cpp\n'}
[1.617139] (px4_msgs) StdoutLine: {'line': b'-- Up-to-date: /home/mcfb/ros2_ws/install/px4_msgs/include/px4_msgs/px4_msgs/msg/detail/goto_setpoint__rosidl_typesupport_introspection_cpp.hpp\n'}
[1.617196] (px4_msgs) StdoutLine: {'line': b'-- Up-to-date: /home/mcfb/ros2_ws/install/px4_msgs/include/px4_msgs/px4_msgs/msg/detail/gimbal_controls__rosidl_typesupport_introspection_cpp.hpp\n'}
[1.617238] (px4_msgs) StdoutLine: {'line': b'-- Up-to-date: /home/mcfb/ros2_ws/install/px4_msgs/include/px4_msgs/px4_msgs/msg/detail/vehicle_constraints__type_support.cpp\n'}
[1.617283] (px4_msgs) StdoutLine: {'line': b'-- Up-to-date: /home/mcfb/ros2_ws/install/px4_msgs/include/px4_msgs/px4_msgs/msg/detail/rover_attitude_status__rosidl_typesupport_introspection_cpp.hpp\n'}
[1.617343] (px4_msgs) StdoutLine: {'line': b'-- Up-to-date: /home/mcfb/ros2_ws/install/px4_msgs/include/px4_msgs/px4_msgs/msg/detail/sensor_correction__type_support.cpp\n'}
[1.617386] (px4_msgs) StdoutLine: {'line': b'-- Up-to-date: /home/mcfb/ros2_ws/install/px4_msgs/include/px4_msgs/px4_msgs/msg/detail/yaw_estimator_status__rosidl_typesupport_introspection_cpp.hpp\n'}
[1.617444] (px4_msgs) StdoutLine: {'line': b'-- Up-to-date: /home/mcfb/ros2_ws/install/px4_msgs/include/px4_msgs/px4_msgs/msg/detail/flight_phase_estimation__rosidl_typesupport_introspection_cpp.hpp\n'}
[1.617490] (px4_msgs) StdoutLine: {'line': b'-- Up-to-date: /home/mcfb/ros2_ws/install/px4_msgs/include/px4_msgs/px4_msgs/msg/detail/estimator_bias3d__rosidl_typesupport_introspection_cpp.hpp\n'}
[1.617533] (px4_msgs) StdoutLine: {'line': b'-- Up-to-date: /home/mcfb/ros2_ws/install/px4_msgs/include/px4_msgs/px4_msgs/msg/detail/power_monitor__rosidl_typesupport_introspection_cpp.hpp\n'}
[1.617591] (px4_msgs) StdoutLine: {'line': b'-- Up-to-date: /home/mcfb/ros2_ws/install/px4_msgs/include/px4_msgs/px4_msgs/msg/detail/rover_speed_setpoint__type_support.cpp\n'}
[1.617640] (px4_msgs) StdoutLine: {'line': b'-- Up-to-date: /home/mcfb/ros2_ws/install/px4_msgs/include/px4_msgs/px4_msgs/msg/detail/camera_capture__rosidl_typesupport_introspection_cpp.hpp\n'}
[1.617684] (px4_msgs) StdoutLine: {'line': b'-- Up-to-date: /home/mcfb/ros2_ws/install/px4_msgs/include/px4_msgs/px4_msgs/msg/detail/parameter_set_used_request__rosidl_typesupport_introspection_cpp.hpp\n'}
[1.617728] (px4_msgs) StdoutLine: {'line': b'-- Up-to-date: /home/mcfb/ros2_ws/install/px4_msgs/include/px4_msgs/px4_msgs/msg/detail/gimbal_device_attitude_status__rosidl_typesupport_introspection_cpp.hpp\n'}
[1.617770] (px4_msgs) StdoutLine: {'line': b'-- Up-to-date: /home/mcfb/ros2_ws/install/px4_msgs/include/px4_msgs/px4_msgs/msg/detail/gimbal_manager_information__type_support.cpp\n'}
[1.617811] (px4_msgs) StdoutLine: {'line': b'-- Up-to-date: /home/mcfb/ros2_ws/install/px4_msgs/include/px4_msgs/px4_msgs/msg/detail/autotune_attitude_control_status__rosidl_typesupport_introspection_cpp.hpp\n'}
[1.617854] (px4_msgs) StdoutLine: {'line': b'-- Up-to-date: /home/mcfb/ros2_ws/install/px4_msgs/include/px4_msgs/px4_msgs/msg/detail/orb_test__rosidl_typesupport_introspection_cpp.hpp\n'}
[1.617925] (px4_msgs) StdoutLine: {'line': b'-- Up-to-date: /home/mcfb/ros2_ws/install/px4_msgs/include/px4_msgs/px4_msgs/msg/detail/tune_control__type_support.cpp\n'}
[1.617999] (px4_msgs) StdoutLine: {'line': b'-- Up-to-date: /home/mcfb/ros2_ws/install/px4_msgs/include/px4_msgs/px4_msgs/msg/detail/radio_status__type_support.cpp\n'}
[1.618044] (px4_msgs) StdoutLine: {'line': b'-- Up-to-date: /home/mcfb/ros2_ws/install/px4_msgs/include/px4_msgs/px4_msgs/msg/detail/vehicle_torque_setpoint__type_support.cpp\n'}
[1.618088] (px4_msgs) StdoutLine: {'line': b'-- Up-to-date: /home/mcfb/ros2_ws/install/px4_msgs/include/px4_msgs/px4_msgs/msg/detail/vehicle_control_mode__rosidl_typesupport_introspection_cpp.hpp\n'}
[1.618132] (px4_msgs) StdoutLine: {'line': b'-- Up-to-date: /home/mcfb/ros2_ws/install/px4_msgs/include/px4_msgs/px4_msgs/msg/detail/sensor_accel__rosidl_typesupport_introspection_cpp.hpp\n'}
[1.618190] (px4_msgs) StdoutLine: {'line': b'-- Up-to-date: /home/mcfb/ros2_ws/install/px4_msgs/include/px4_msgs/px4_msgs/msg/detail/sensor_gyro_fft__type_support.cpp\n'}
[1.618247] (px4_msgs) StdoutLine: {'line': b'-- Up-to-date: /home/mcfb/ros2_ws/install/px4_msgs/include/px4_msgs/px4_msgs/msg/detail/neural_control__rosidl_typesupport_introspection_cpp.hpp\n'}
[1.618299] (px4_msgs) StdoutLine: {'line': b'-- Up-to-date: /home/mcfb/ros2_ws/install/px4_msgs/include/px4_msgs/px4_msgs/msg/detail/vehicle_optical_flow__type_support.cpp\n'}
[1.618367] (px4_msgs) StdoutLine: {'line': b'-- Up-to-date: /home/mcfb/ros2_ws/install/px4_msgs/include/px4_msgs/px4_msgs/msg/detail/vehicle_odometry__rosidl_typesupport_introspection_cpp.hpp\n'}
[1.618417] (px4_msgs) StdoutLine: {'line': b'-- Up-to-date: /home/mcfb/ros2_ws/install/px4_msgs/include/px4_msgs/px4_msgs/msg/detail/tecs_status__rosidl_typesupport_introspection_cpp.hpp\n'}
[1.618462] (px4_msgs) StdoutLine: {'line': b'-- Up-to-date: /home/mcfb/ros2_ws/install/px4_msgs/include/px4_msgs/px4_msgs/msg/detail/mission__type_support.cpp\n'}
[1.618508] (px4_msgs) StdoutLine: {'line': b'-- Up-to-date: /home/mcfb/ros2_ws/install/px4_msgs/include/px4_msgs/px4_msgs/msg/detail/battery_status__type_support.cpp\n'}
[1.618552] (px4_msgs) StdoutLine: {'line': b'-- Up-to-date: /home/mcfb/ros2_ws/install/px4_msgs/include/px4_msgs/px4_msgs/msg/detail/estimator_event_flags__rosidl_typesupport_introspection_cpp.hpp\n'}
[1.618597] (px4_msgs) StdoutLine: {'line': b'-- Up-to-date: /home/mcfb/ros2_ws/install/px4_msgs/include/px4_msgs/px4_msgs/msg/detail/camera_status__rosidl_typesupport_introspection_cpp.hpp\n'}
[1.618642] (px4_msgs) StdoutLine: {'line': b'-- Up-to-date: /home/mcfb/ros2_ws/install/px4_msgs/include/px4_msgs/px4_msgs/msg/detail/onboard_computer_status__type_support.cpp\n'}
[1.618696] (px4_msgs) StdoutLine: {'line': b'-- Up-to-date: /home/mcfb/ros2_ws/install/px4_msgs/include/px4_msgs/px4_msgs/msg/detail/battery_info__rosidl_typesupport_introspection_cpp.hpp\n'}
[1.618740] (px4_msgs) StdoutLine: {'line': b'-- Up-to-date: /home/mcfb/ros2_ws/install/px4_msgs/include/px4_msgs/px4_msgs/msg/detail/button_event__type_support.cpp\n'}
[1.618786] (px4_msgs) StdoutLine: {'line': b'-- Up-to-date: /home/mcfb/ros2_ws/install/px4_msgs/include/px4_msgs/px4_msgs/msg/detail/gripper__type_support.cpp\n'}
[1.618831] (px4_msgs) StdoutLine: {'line': b'-- Up-to-date: /home/mcfb/ros2_ws/install/px4_msgs/include/px4_msgs/px4_msgs/msg/detail/system_power__type_support.cpp\n'}
[1.618879] (px4_msgs) StdoutLine: {'line': b'-- Up-to-date: /home/mcfb/ros2_ws/install/px4_msgs/include/px4_msgs/px4_msgs/msg/detail/debug_vect__type_support.cpp\n'}
[1.618942] (px4_msgs) StdoutLine: {'line': b'-- Up-to-date: /home/mcfb/ros2_ws/install/px4_msgs/include/px4_msgs/px4_msgs/msg/detail/rtl_status__type_support.cpp\n'}
[1.618986] (px4_msgs) StdoutLine: {'line': b'-- Up-to-date: /home/mcfb/ros2_ws/install/px4_msgs/include/px4_msgs/px4_msgs/msg/detail/orb_test_medium__type_support.cpp\n'}
[1.619030] (px4_msgs) StdoutLine: {'line': b'-- Up-to-date: /home/mcfb/ros2_ws/install/px4_msgs/include/px4_msgs/px4_msgs/msg/detail/sensor_correction__rosidl_typesupport_introspection_cpp.hpp\n'}
[1.619072] (px4_msgs) StdoutLine: {'line': b'-- Up-to-date: /home/mcfb/ros2_ws/install/px4_msgs/include/px4_msgs/px4_msgs/msg/detail/estimator_bias__type_support.cpp\n'}
[1.619114] (px4_msgs) StdoutLine: {'line': b'-- Up-to-date: /home/mcfb/ros2_ws/install/px4_msgs/include/px4_msgs/px4_msgs/msg/detail/dataman_response__type_support.cpp\n'}
[1.619155] (px4_msgs) StdoutLine: {'line': b'-- Up-to-date: /home/mcfb/ros2_ws/install/px4_msgs/include/px4_msgs/px4_msgs/msg/detail/sensor_gps__type_support.cpp\n'}
[1.619199] (px4_msgs) StdoutLine: {'line': b'-- Up-to-date: /home/mcfb/ros2_ws/install/px4_msgs/include/px4_msgs/px4_msgs/msg/detail/vehicle_imu_status__rosidl_typesupport_introspection_cpp.hpp\n'}
[1.619243] (px4_msgs) StdoutLine: {'line': b'-- Up-to-date: /home/mcfb/ros2_ws/install/px4_msgs/include/px4_msgs/px4_msgs/msg/detail/internal_combustion_engine_status__type_support.cpp\n'}
[1.619288] (px4_msgs) StdoutLine: {'line': b'-- Up-to-date: /home/mcfb/ros2_ws/install/px4_msgs/include/px4_msgs/px4_msgs/msg/detail/gimbal_manager_status__rosidl_typesupport_introspection_cpp.hpp\n'}
[1.619339] (px4_msgs) StdoutLine: {'line': b'-- Up-to-date: /home/mcfb/ros2_ws/install/px4_msgs/include/px4_msgs/px4_msgs/msg/detail/vehicle_command_ack__rosidl_typesupport_introspection_cpp.hpp\n'}
[1.619404] (px4_msgs) StdoutLine: {'line': b'-- Up-to-date: /home/mcfb/ros2_ws/install/px4_msgs/include/px4_msgs/px4_msgs/msg/detail/geofence_status__type_support.cpp\n'}
[1.619446] (px4_msgs) StdoutLine: {'line': b'-- Up-to-date: /home/mcfb/ros2_ws/install/px4_msgs/include/px4_msgs/px4_msgs/msg/detail/ekf2_timestamps__rosidl_typesupport_introspection_cpp.hpp\n'}
[1.619488] (px4_msgs) StdoutLine: {'line': b'-- Up-to-date: /home/mcfb/ros2_ws/install/px4_msgs/include/px4_msgs/px4_msgs/msg/detail/estimator_aid_source3d__rosidl_typesupport_introspection_cpp.hpp\n'}
[1.619530] (px4_msgs) StdoutLine: {'line': b'-- Up-to-date: /home/mcfb/ros2_ws/install/px4_msgs/include/px4_msgs/px4_msgs/msg/detail/failure_detector_status__rosidl_typesupport_introspection_cpp.hpp\n'}
[1.619572] (px4_msgs) StdoutLine: {'line': b'-- Up-to-date: /home/mcfb/ros2_ws/install/px4_msgs/include/px4_msgs/px4_msgs/msg/detail/px4io_status__rosidl_typesupport_introspection_cpp.hpp\n'}
[1.619619] (px4_msgs) StdoutLine: {'line': b'-- Up-to-date: /home/mcfb/ros2_ws/install/px4_msgs/include/px4_msgs/px4_msgs/msg/detail/pure_pursuit_status__rosidl_typesupport_introspection_cpp.hpp\n'}
[1.619661] (px4_msgs) StdoutLine: {'line': b'-- Up-to-date: /home/mcfb/ros2_ws/install/px4_msgs/include/px4_msgs/px4_msgs/msg/detail/vtol_vehicle_status__rosidl_typesupport_introspection_cpp.hpp\n'}
[1.619703] (px4_msgs) StdoutLine: {'line': b'-- Up-to-date: /home/mcfb/ros2_ws/install/px4_msgs/include/px4_msgs/px4_msgs/msg/detail/parameter_update__type_support.cpp\n'}
[1.619750] (px4_msgs) StdoutLine: {'line': b'-- Up-to-date: /home/mcfb/ros2_ws/install/px4_msgs/include/px4_msgs/px4_msgs/msg/detail/mount_orientation__rosidl_typesupport_introspection_cpp.hpp\n'}
[1.619792] (px4_msgs) StdoutLine: {'line': b'-- Up-to-date: /home/mcfb/ros2_ws/install/px4_msgs/include/px4_msgs/px4_msgs/msg/detail/parameter_reset_request__type_support.cpp\n'}
[1.619835] (px4_msgs) StdoutLine: {'line': b'-- Up-to-date: /home/mcfb/ros2_ws/install/px4_msgs/include/px4_msgs/px4_msgs/msg/detail/tecs_status__type_support.cpp\n'}
[1.619879] (px4_msgs) StdoutLine: {'line': b'-- Up-to-date: /home/mcfb/ros2_ws/install/px4_msgs/include/px4_msgs/px4_msgs/msg/detail/uavcan_parameter_value__rosidl_typesupport_introspection_cpp.hpp\n'}
[1.619924] (px4_msgs) StdoutLine: {'line': b'-- Up-to-date: /home/mcfb/ros2_ws/install/px4_msgs/include/px4_msgs/px4_msgs/msg/detail/cpuload__rosidl_typesupport_introspection_cpp.hpp\n'}
[1.619969] (px4_msgs) StdoutLine: {'line': b'-- Up-to-date: /home/mcfb/ros2_ws/install/px4_msgs/include/px4_msgs/px4_msgs/msg/detail/mavlink_tunnel__rosidl_typesupport_introspection_cpp.hpp\n'}
[1.620012] (px4_msgs) StdoutLine: {'line': b'-- Up-to-date: /home/mcfb/ros2_ws/install/px4_msgs/include/px4_msgs/px4_msgs/msg/detail/battery_status__rosidl_typesupport_introspection_cpp.hpp\n'}
[1.620055] (px4_msgs) StdoutLine: {'line': b'-- Up-to-date: /home/mcfb/ros2_ws/install/px4_msgs/include/px4_msgs/px4_msgs/msg/detail/debug_key_value__rosidl_typesupport_introspection_cpp.hpp\n'}
[1.620099] (px4_msgs) StdoutLine: {'line': b'-- Up-to-date: /home/mcfb/ros2_ws/install/px4_msgs/include/px4_msgs/px4_msgs/msg/detail/rc_channels__type_support.cpp\n'}
[1.620144] (px4_msgs) StdoutLine: {'line': b'-- Up-to-date: /home/mcfb/ros2_ws/install/px4_msgs/include/px4_msgs/px4_msgs/msg/detail/vtol_vehicle_status__type_support.cpp\n'}
[1.620188] (px4_msgs) StdoutLine: {'line': b'-- Up-to-date: /home/mcfb/ros2_ws/install/px4_msgs/include/px4_msgs/px4_msgs/msg/detail/vehicle_global_position__type_support.cpp\n'}
[1.620233] (px4_msgs) StdoutLine: {'line': b'-- Up-to-date: /home/mcfb/ros2_ws/install/px4_msgs/include/px4_msgs/px4_msgs/msg/detail/obstacle_distance__rosidl_typesupport_introspection_cpp.hpp\n'}
[1.620300] (px4_msgs) StdoutLine: {'line': b'-- Up-to-date: /home/mcfb/ros2_ws/install/px4_msgs/include/px4_msgs/px4_msgs/msg/detail/logger_status__rosidl_typesupport_introspection_cpp.hpp\n'}
[1.620367] (px4_msgs) StdoutLine: {'line': b'-- Up-to-date: /home/mcfb/ros2_ws/install/px4_msgs/include/px4_msgs/px4_msgs/msg/detail/onboard_computer_status__rosidl_typesupport_introspection_cpp.hpp\n'}
[1.620409] (px4_msgs) StdoutLine: {'line': b'-- Up-to-date: /home/mcfb/ros2_ws/install/px4_msgs/include/px4_msgs/px4_msgs/msg/detail/takeoff_status__rosidl_typesupport_introspection_cpp.hpp\n'}
[1.620452] (px4_msgs) StdoutLine: {'line': b'-- Up-to-date: /home/mcfb/ros2_ws/install/px4_msgs/include/px4_msgs/px4_msgs/msg/detail/longitudinal_control_configuration__rosidl_typesupport_introspection_cpp.hpp\n'}
[1.620497] (px4_msgs) StdoutLine: {'line': b'-- Up-to-date: /home/mcfb/ros2_ws/install/px4_msgs/include/px4_msgs/px4_msgs/msg/detail/logger_status__type_support.cpp\n'}
[1.620539] (px4_msgs) StdoutLine: {'line': b'-- Up-to-date: /home/mcfb/ros2_ws/install/px4_msgs/include/px4_msgs/px4_msgs/msg/detail/landing_gear__rosidl_typesupport_introspection_cpp.hpp\n'}
[1.620586] (px4_msgs) StdoutLine: {'line': b'-- Up-to-date: /home/mcfb/ros2_ws/install/px4_msgs/include/px4_msgs/px4_msgs/msg/detail/dataman_response__rosidl_typesupport_introspection_cpp.hpp\n'}
[1.620633] (px4_msgs) StdoutLine: {'line': b'-- Up-to-date: /home/mcfb/ros2_ws/install/px4_msgs/include/px4_msgs/px4_msgs/msg/detail/orbit_status__type_support.cpp\n'}
[1.620680] (px4_msgs) StdoutLine: {'line': b'-- Up-to-date: /home/mcfb/ros2_ws/install/px4_msgs/include/px4_msgs/px4_msgs/msg/detail/open_drone_id_arm_status__rosidl_typesupport_introspection_cpp.hpp\n'}
[1.620726] (px4_msgs) StdoutLine: {'line': b'-- Up-to-date: /home/mcfb/ros2_ws/install/px4_msgs/include/px4_msgs/px4_msgs/msg/detail/gimbal_controls__type_support.cpp\n'}
[1.620774] (px4_msgs) StdoutLine: {'line': b'-- Up-to-date: /home/mcfb/ros2_ws/install/px4_msgs/include/px4_msgs/px4_msgs/msg/detail/fixed_wing_lateral_guidance_status__rosidl_typesupport_introspection_cpp.hpp\n'}
[1.620826] (px4_msgs) StdoutLine: {'line': b'-- Up-to-date: /home/mcfb/ros2_ws/install/px4_msgs/include/px4_msgs/px4_msgs/msg/detail/sensor_gyro__rosidl_typesupport_introspection_cpp.hpp\n'}
[1.620874] (px4_msgs) StdoutLine: {'line': b'-- Up-to-date: /home/mcfb/ros2_ws/install/px4_msgs/include/px4_msgs/px4_msgs/msg/detail/register_ext_component_request__rosidl_typesupport_introspection_cpp.hpp\n'}
[1.620921] (px4_msgs) StdoutLine: {'line': b'-- Up-to-date: /home/mcfb/ros2_ws/install/px4_msgs/include/px4_msgs/px4_msgs/msg/detail/landing_target_pose__type_support.cpp\n'}
[1.620968] (px4_msgs) StdoutLine: {'line': b'-- Up-to-date: /home/mcfb/ros2_ws/install/px4_msgs/include/px4_msgs/px4_msgs/msg/detail/sensor_accel_fifo__type_support.cpp\n'}
[1.621014] (px4_msgs) StdoutLine: {'line': b'-- Up-to-date: /home/mcfb/ros2_ws/install/px4_msgs/include/px4_msgs/px4_msgs/msg/detail/rtl_time_estimate__rosidl_typesupport_introspection_cpp.hpp\n'}
[1.621060] (px4_msgs) StdoutLine: {'line': b'-- Up-to-date: /home/mcfb/ros2_ws/install/px4_msgs/include/px4_msgs/px4_msgs/msg/detail/gpio_out__type_support.cpp\n'}
[1.621107] (px4_msgs) StdoutLine: {'line': b'-- Up-to-date: /home/mcfb/ros2_ws/install/px4_msgs/include/px4_msgs/px4_msgs/msg/detail/parameter_reset_request__rosidl_typesupport_introspection_cpp.hpp\n'}
[1.621167] (px4_msgs) StdoutLine: {'line': b'-- Up-to-date: /home/mcfb/ros2_ws/install/px4_msgs/include/px4_msgs/px4_msgs/msg/detail/home_position__rosidl_typesupport_introspection_cpp.hpp\n'}
[1.621231] (px4_msgs) StdoutLine: {'line': b'-- Up-to-date: /home/mcfb/ros2_ws/install/px4_msgs/include/px4_msgs/px4_msgs/msg/detail/sensor_preflight_mag__type_support.cpp\n'}
[1.621330] (px4_msgs) StdoutLine: {'line': b'-- Up-to-date: /home/mcfb/ros2_ws/install/px4_msgs/include/px4_msgs/px4_msgs/msg/detail/px4io_status__type_support.cpp\n'}
[1.621373] (px4_msgs) StdoutLine: {'line': b'-- Up-to-date: /home/mcfb/ros2_ws/install/px4_msgs/include/px4_msgs/px4_msgs/msg/detail/airspeed__rosidl_typesupport_introspection_cpp.hpp\n'}
[1.621417] (px4_msgs) StdoutLine: {'line': b'-- Up-to-date: /home/mcfb/ros2_ws/install/px4_msgs/include/px4_msgs/px4_msgs/msg/detail/event__type_support.cpp\n'}
[1.621462] (px4_msgs) StdoutLine: {'line': b'-- Up-to-date: /home/mcfb/ros2_ws/install/px4_msgs/include/px4_msgs/px4_msgs/msg/detail/ping__type_support.cpp\n'}
[1.621503] (px4_msgs) StdoutLine: {'line': b'-- Up-to-date: /home/mcfb/ros2_ws/install/px4_msgs/include/px4_msgs/px4_msgs/msg/detail/fixed_wing_runway_control__rosidl_typesupport_introspection_cpp.hpp\n'}
[1.621545] (px4_msgs) StdoutLine: {'line': b'-- Up-to-date: /home/mcfb/ros2_ws/install/px4_msgs/include/px4_msgs/px4_msgs/msg/detail/estimator_event_flags__type_support.cpp\n'}
[1.621585] (px4_msgs) StdoutLine: {'line': b'-- Up-to-date: /home/mcfb/ros2_ws/install/px4_msgs/include/px4_msgs/px4_msgs/msg/detail/vehicle_magnetometer__rosidl_typesupport_introspection_cpp.hpp\n'}
[1.621627] (px4_msgs) StdoutLine: {'line': b'-- Up-to-date: /home/mcfb/ros2_ws/install/px4_msgs/include/px4_msgs/px4_msgs/msg/detail/offboard_control_mode__rosidl_typesupport_introspection_cpp.hpp\n'}
[1.621688] (px4_msgs) StdoutLine: {'line': b'-- Up-to-date: /home/mcfb/ros2_ws/install/px4_msgs/include/px4_msgs/px4_msgs/msg/detail/follow_target_status__rosidl_typesupport_introspection_cpp.hpp\n'}
[1.621734] (px4_msgs) StdoutLine: {'line': b'-- Up-to-date: /home/mcfb/ros2_ws/install/px4_msgs/include/px4_msgs/px4_msgs/msg/detail/rover_attitude_setpoint__type_support.cpp\n'}
[1.621776] (px4_msgs) StdoutLine: {'line': b'-- Up-to-date: /home/mcfb/ros2_ws/install/px4_msgs/include/px4_msgs/px4_msgs/msg/detail/sensor_uwb__rosidl_typesupport_introspection_cpp.hpp\n'}
[1.621817] (px4_msgs) StdoutLine: {'line': b'-- Up-to-date: /home/mcfb/ros2_ws/install/px4_msgs/include/px4_msgs/px4_msgs/msg/detail/vehicle_roi__rosidl_typesupport_introspection_cpp.hpp\n'}
[1.621865] (px4_msgs) StdoutLine: {'line': b'-- Up-to-date: /home/mcfb/ros2_ws/install/px4_msgs/include/px4_msgs/px4_msgs/msg/detail/estimator_states__rosidl_typesupport_introspection_cpp.hpp\n'}
[1.621908] (px4_msgs) StdoutLine: {'line': b'-- Up-to-date: /home/mcfb/ros2_ws/install/px4_msgs/include/px4_msgs/px4_msgs/msg/detail/gimbal_device_set_attitude__rosidl_typesupport_introspection_cpp.hpp\n'}
[1.621949] (px4_msgs) StdoutLine: {'line': b'-- Up-to-date: /home/mcfb/ros2_ws/install/px4_msgs/include/px4_msgs/px4_msgs/msg/detail/parameter_update__rosidl_typesupport_introspection_cpp.hpp\n'}
[1.621996] (px4_msgs) StdoutLine: {'line': b'-- Up-to-date: /home/mcfb/ros2_ws/install/px4_msgs/include/px4_msgs/px4_msgs/msg/detail/arming_check_request__rosidl_typesupport_introspection_cpp.hpp\n'}
[1.622041] (px4_msgs) StdoutLine: {'line': b'-- Up-to-date: /home/mcfb/ros2_ws/install/px4_msgs/include/px4_msgs/px4_msgs/msg/detail/pps_capture__rosidl_typesupport_introspection_cpp.hpp\n'}
[1.622102] (px4_msgs) StdoutLine: {'line': b'-- Up-to-date: /home/mcfb/ros2_ws/install/px4_msgs/include/px4_msgs/px4_msgs/msg/detail/rover_speed_setpoint__rosidl_typesupport_introspection_cpp.hpp\n'}
[1.622174] (px4_msgs) StdoutLine: {'line': b'-- Up-to-date: /home/mcfb/ros2_ws/install/px4_msgs/include/px4_msgs/px4_msgs/msg/detail/fixed_wing_longitudinal_setpoint__rosidl_typesupport_introspection_cpp.hpp\n'}
[1.622369] (px4_msgs) StdoutLine: {'line': b'-- Up-to-date: /home/mcfb/ros2_ws/install/px4_msgs/include/px4_msgs/px4_msgs/msg/detail/input_rc__type_support.cpp\n'}
[1.622498] (px4_msgs) StdoutLine: {'line': b'-- Up-to-date: /home/mcfb/ros2_ws/install/px4_msgs/include/px4_msgs/px4_msgs/msg/detail/normalized_unsigned_setpoint__rosidl_typesupport_introspection_cpp.hpp\n'}
[1.622689] (px4_msgs) StdoutLine: {'line': b'-- Up-to-date: /home/mcfb/ros2_ws/install/px4_msgs/include/px4_msgs/px4_msgs/msg/detail/config_overrides__type_support.cpp\n'}
[1.622941] (px4_msgs) StdoutLine: {'line': b'-- Up-to-date: /home/mcfb/ros2_ws/install/px4_msgs/include/px4_msgs/px4_msgs/msg/detail/pwm_input__type_support.cpp\n'}
[1.623021] (px4_msgs) StdoutLine: {'line': b'-- Up-to-date: /home/mcfb/ros2_ws/install/px4_msgs/include/px4_msgs/px4_msgs/msg/detail/rate_ctrl_status__type_support.cpp\n'}
[1.623161] (px4_msgs) StdoutLine: {'line': b'-- Up-to-date: /home/mcfb/ros2_ws/install/px4_msgs/include/px4_msgs/px4_msgs/msg/detail/gimbal_manager_information__rosidl_typesupport_introspection_cpp.hpp\n'}
[1.623249] (px4_msgs) StdoutLine: {'line': b'-- Up-to-date: /home/mcfb/ros2_ws/install/px4_msgs/include/px4_msgs/px4_msgs/msg/detail/collision_constraints__rosidl_typesupport_introspection_cpp.hpp\n'}
[1.623420] (px4_msgs) StdoutLine: {'line': b'-- Up-to-date: /home/mcfb/ros2_ws/install/px4_msgs/include/px4_msgs/px4_msgs/msg/detail/trajectory_setpoint__rosidl_typesupport_introspection_cpp.hpp\n'}
[1.623509] (px4_msgs) StdoutLine: {'line': b'-- Up-to-date: /home/mcfb/ros2_ws/install/px4_msgs/include/px4_msgs/px4_msgs/msg/detail/debug_key_value__type_support.cpp\n'}
[1.623569] (px4_msgs) StdoutLine: {'line': b'-- Up-to-date: /home/mcfb/ros2_ws/install/px4_msgs/include/px4_msgs/px4_msgs/msg/detail/gripper__rosidl_typesupport_introspection_cpp.hpp\n'}
[1.623626] (px4_msgs) StdoutLine: {'line': b'-- Up-to-date: /home/mcfb/ros2_ws/install/px4_msgs/include/px4_msgs/px4_msgs/msg/detail/mount_orientation__type_support.cpp\n'}
[1.623705] (px4_msgs) StdoutLine: {'line': b'-- Up-to-date: /home/mcfb/ros2_ws/install/px4_msgs/include/px4_msgs/px4_msgs/msg/detail/vehicle_rates_setpoint__type_support.cpp\n'}
[1.623771] (px4_msgs) StdoutLine: {'line': b'-- Up-to-date: /home/mcfb/ros2_ws/install/px4_msgs/include/px4_msgs/px4_msgs/msg/detail/flight_phase_estimation__type_support.cpp\n'}
[1.623839] (px4_msgs) StdoutLine: {'line': b'-- Up-to-date: /home/mcfb/ros2_ws/install/px4_msgs/include/px4_msgs/px4_msgs/msg/detail/vehicle_status__type_support.cpp\n'}
[1.623904] (px4_msgs) StdoutLine: {'line': b'-- Up-to-date: /home/mcfb/ros2_ws/install/px4_msgs/include/px4_msgs/px4_msgs/msg/detail/mag_worker_data__rosidl_typesupport_introspection_cpp.hpp\n'}
[1.624012] (px4_msgs) StdoutLine: {'line': b'-- Up-to-date: /home/mcfb/ros2_ws/install/px4_msgs/include/px4_msgs/px4_msgs/msg/detail/position_controller_landing_status__type_support.cpp\n'}
[1.624141] (px4_msgs) StdoutLine: {'line': b'-- Up-to-date: /home/mcfb/ros2_ws/install/px4_msgs/include/px4_msgs/px4_msgs/msg/detail/gimbal_manager_set_manual_control__type_support.cpp\n'}
[1.624286] (px4_msgs) StdoutLine: {'line': b'-- Up-to-date: /home/mcfb/ros2_ws/install/px4_msgs/include/px4_msgs/px4_msgs/msg/detail/sensor_airflow__type_support.cpp\n'}
[1.624385] (px4_msgs) StdoutLine: {'line': b'-- Up-to-date: /home/mcfb/ros2_ws/install/px4_msgs/include/px4_msgs/px4_msgs/msg/detail/landing_gear_wheel__type_support.cpp\n'}
[1.624457] (px4_msgs) StdoutLine: {'line': b'-- Up-to-date: /home/mcfb/ros2_ws/install/px4_msgs/include/px4_msgs/px4_msgs/msg/detail/estimator_gps_status__type_support.cpp\n'}
[1.624554] (px4_msgs) StdoutLine: {'line': b'-- Up-to-date: /home/mcfb/ros2_ws/install/px4_msgs/include/px4_msgs/px4_msgs/msg/detail/gps_inject_data__type_support.cpp\n'}
[1.624604] (px4_msgs) StdoutLine: {'line': b'-- Up-to-date: /home/mcfb/ros2_ws/install/px4_msgs/include/px4_msgs/px4_msgs/msg/detail/launch_detection_status__type_support.cpp\n'}
[1.624651] (px4_msgs) StdoutLine: {'line': b'-- Up-to-date: /home/mcfb/ros2_ws/install/px4_msgs/include/px4_msgs/px4_msgs/msg/detail/irlock_report__rosidl_typesupport_introspection_cpp.hpp\n'}
[1.624697] (px4_msgs) StdoutLine: {'line': b'-- Up-to-date: /home/mcfb/ros2_ws/install/px4_msgs/include/px4_msgs/px4_msgs/msg/detail/navigator_status__rosidl_typesupport_introspection_cpp.hpp\n'}
[1.624742] (px4_msgs) StdoutLine: {'line': b'-- Up-to-date: /home/mcfb/ros2_ws/install/px4_msgs/include/px4_msgs/px4_msgs/msg/detail/gpio_config__type_support.cpp\n'}
[1.624818] (px4_msgs) StdoutLine: {'line': b'-- Up-to-date: /home/mcfb/ros2_ws/install/px4_msgs/include/px4_msgs/px4_msgs/msg/detail/offboard_control_mode__type_support.cpp\n'}
[1.624885] (px4_msgs) StdoutLine: {'line': b'-- Up-to-date: /home/mcfb/ros2_ws/install/px4_msgs/include/px4_msgs/px4_msgs/msg/detail/follow_target_status__type_support.cpp\n'}
[1.624954] (px4_msgs) StdoutLine: {'line': b'-- Up-to-date: /home/mcfb/ros2_ws/install/px4_msgs/include/px4_msgs/px4_msgs/msg/detail/camera_trigger__rosidl_typesupport_introspection_cpp.hpp\n'}
[1.625043] (px4_msgs) StdoutLine: {'line': b'-- Up-to-date: /home/mcfb/ros2_ws/install/px4_msgs/include/px4_msgs/px4_msgs/msg/detail/open_drone_id_operator_id__rosidl_typesupport_introspection_cpp.hpp\n'}
[1.625093] (px4_msgs) StdoutLine: {'line': b'-- Up-to-date: /home/mcfb/ros2_ws/install/px4_msgs/include/px4_msgs/px4_msgs/msg/detail/mission_result__rosidl_typesupport_introspection_cpp.hpp\n'}
[1.625165] (px4_msgs) StdoutLine: {'line': b'-- Up-to-date: /home/mcfb/ros2_ws/install/px4_msgs/include/px4_msgs/px4_msgs/msg/detail/failsafe_flags__type_support.cpp\n'}
[1.625302] (px4_msgs) StdoutLine: {'line': b'-- Up-to-date: /home/mcfb/ros2_ws/install/px4_msgs/include/px4_msgs/px4_msgs/msg/detail/wind__type_support.cpp\n'}
[1.625368] (px4_msgs) StdoutLine: {'line': b'-- Up-to-date: /home/mcfb/ros2_ws/install/px4_msgs/include/px4_msgs/px4_msgs/msg/detail/debug_array__type_support.cpp\n'}
[1.625421] (px4_msgs) StdoutLine: {'line': b'-- Up-to-date: /home/mcfb/ros2_ws/install/px4_msgs/include/px4_msgs/px4_msgs/msg/detail/vehicle_attitude_setpoint__type_support.cpp\n'}
[1.625468] (px4_msgs) StdoutLine: {'line': b'-- Up-to-date: /home/mcfb/ros2_ws/install/px4_msgs/include/px4_msgs/px4_msgs/msg/detail/rate_ctrl_status__rosidl_typesupport_introspection_cpp.hpp\n'}
[1.625512] (px4_msgs) StdoutLine: {'line': b'-- Up-to-date: /home/mcfb/ros2_ws/install/px4_msgs/include/px4_msgs/px4_msgs/msg/detail/orb_test_large__rosidl_typesupport_introspection_cpp.hpp\n'}
[1.625559] (px4_msgs) StdoutLine: {'line': b'-- Up-to-date: /home/mcfb/ros2_ws/install/px4_msgs/include/px4_msgs/px4_msgs/msg/detail/vehicle_constraints__rosidl_typesupport_introspection_cpp.hpp\n'}
[1.625605] (px4_msgs) StdoutLine: {'line': b'-- Up-to-date: /home/mcfb/ros2_ws/install/px4_msgs/include/px4_msgs/px4_msgs/msg/detail/position_setpoint__rosidl_typesupport_introspection_cpp.hpp\n'}
[1.625651] (px4_msgs) StdoutLine: {'line': b'-- Up-to-date: /home/mcfb/ros2_ws/install/px4_msgs/include/px4_msgs/px4_msgs/msg/detail/control_allocator_status__rosidl_typesupport_introspection_cpp.hpp\n'}
[1.625698] (px4_msgs) StdoutLine: {'line': b'-- Up-to-date: /home/mcfb/ros2_ws/install/px4_msgs/include/px4_msgs/px4_msgs/msg/detail/actuator_test__rosidl_typesupport_introspection_cpp.hpp\n'}
[1.625746] (px4_msgs) StdoutLine: {'line': b'-- Up-to-date: /home/mcfb/ros2_ws/install/px4_msgs/include/px4_msgs/px4_msgs/msg/detail/actuator_servos__rosidl_typesupport_introspection_cpp.hpp\n'}
[1.625793] (px4_msgs) StdoutLine: {'line': b'-- Up-to-date: /home/mcfb/ros2_ws/install/px4_msgs/include/px4_msgs/px4_msgs/msg/detail/actuator_controls_status__rosidl_typesupport_introspection_cpp.hpp\n'}
[1.625847] (px4_msgs) StdoutLine: {'line': b'-- Up-to-date: /home/mcfb/ros2_ws/install/px4_msgs/include/px4_msgs/px4_msgs/msg/detail/open_drone_id_system__rosidl_typesupport_introspection_cpp.hpp\n'}
[1.625917] (px4_msgs) StdoutLine: {'line': b'-- Up-to-date: /home/mcfb/ros2_ws/install/px4_msgs/include/px4_msgs/px4_msgs/msg/detail/goto_setpoint__type_support.cpp\n'}
[1.625974] (px4_msgs) StdoutLine: {'line': b'-- Up-to-date: /home/mcfb/ros2_ws/install/px4_msgs/include/px4_msgs/px4_msgs/msg/detail/vehicle_optical_flow_vel__rosidl_typesupport_introspection_cpp.hpp\n'}
[1.626026] (px4_msgs) StdoutLine: {'line': b'-- Up-to-date: /home/mcfb/ros2_ws/install/px4_msgs/include/px4_msgs/px4_msgs/msg/detail/gimbal_device_information__rosidl_typesupport_introspection_cpp.hpp\n'}
[1.626081] (px4_msgs) StdoutLine: {'line': b'-- Up-to-date: /home/mcfb/ros2_ws/install/px4_msgs/include/px4_msgs/px4_msgs/msg/detail/register_ext_component_reply__rosidl_typesupport_introspection_cpp.hpp\n'}
[1.626156] (px4_msgs) StdoutLine: {'line': b'-- Up-to-date: /home/mcfb/ros2_ws/install/px4_msgs/include/px4_msgs/px4_msgs/msg/detail/magnetometer_bias_estimate__rosidl_typesupport_introspection_cpp.hpp\n'}
[1.626230] (px4_msgs) StdoutLine: {'line': b'-- Up-to-date: /home/mcfb/ros2_ws/install/px4_msgs/include/px4_msgs/px4_msgs/msg/detail/fixed_wing_lateral_status__rosidl_typesupport_introspection_cpp.hpp\n'}
[1.626400] (px4_msgs) StdoutLine: {'line': b'-- Up-to-date: /home/mcfb/ros2_ws/install/px4_msgs/include/px4_msgs/px4_msgs/msg/detail/actuator_armed__rosidl_typesupport_introspection_cpp.hpp\n'}
[1.626462] (px4_msgs) StdoutLine: {'line': b'-- Up-to-date: /home/mcfb/ros2_ws/install/px4_msgs/include/px4_msgs/px4_msgs/msg/detail/trajectory_setpoint__type_support.cpp\n'}
[1.626545] (px4_msgs) StdoutLine: {'line': b'-- Up-to-date: /home/mcfb/ros2_ws/install/px4_msgs/include/px4_msgs/px4_msgs/msg/detail/rover_attitude_setpoint__rosidl_typesupport_introspection_cpp.hpp\n'}
[1.626590] (px4_msgs) StdoutLine: {'line': b'-- Up-to-date: /home/mcfb/ros2_ws/install/px4_msgs/include/px4_msgs/px4_msgs/msg/detail/wheel_encoders__rosidl_typesupport_introspection_cpp.hpp\n'}
[1.626632] (px4_msgs) StdoutLine: {'line': b'-- Up-to-date: /home/mcfb/ros2_ws/install/px4_msgs/include/px4_msgs/px4_msgs/msg/detail/rover_steering_setpoint__rosidl_typesupport_introspection_cpp.hpp\n'}
[1.626676] (px4_msgs) StdoutLine: {'line': b'-- Up-to-date: /home/mcfb/ros2_ws/install/px4_msgs/include/px4_msgs/px4_msgs/msg/detail/estimator_aid_source2d__type_support.cpp\n'}
[1.626719] (px4_msgs) StdoutLine: {'line': b'-- Up-to-date: /home/mcfb/ros2_ws/install/px4_msgs/include/px4_msgs/px4_msgs/msg/detail/sensor_airflow__rosidl_typesupport_introspection_cpp.hpp\n'}
[1.626760] (px4_msgs) StdoutLine: {'line': b'-- Up-to-date: /home/mcfb/ros2_ws/install/px4_msgs/include/px4_msgs/px4_msgs/msg/detail/estimator_sensor_bias__rosidl_typesupport_introspection_cpp.hpp\n'}
[1.626805] (px4_msgs) StdoutLine: {'line': b'-- Up-to-date: /home/mcfb/ros2_ws/install/px4_msgs/include/px4_msgs/px4_msgs/msg/detail/navigator_mission_item__type_support.cpp\n'}
[1.626848] (px4_msgs) StdoutLine: {'line': b'-- Up-to-date: /home/mcfb/ros2_ws/install/px4_msgs/include/px4_msgs/px4_msgs/msg/detail/airspeed_validated__rosidl_typesupport_introspection_cpp.hpp\n'}
[1.626893] (px4_msgs) StdoutLine: {'line': b'-- Up-to-date: /home/mcfb/ros2_ws/install/px4_msgs/include/px4_msgs/px4_msgs/msg/detail/mode_completed__rosidl_typesupport_introspection_cpp.hpp\n'}
[1.626940] (px4_msgs) StdoutLine: {'line': b'-- Up-to-date: /home/mcfb/ros2_ws/install/px4_msgs/include/px4_msgs/px4_msgs/msg/detail/message_format_response__rosidl_typesupport_introspection_cpp.hpp\n'}
[1.626984] (px4_msgs) StdoutLine: {'line': b'-- Up-to-date: /home/mcfb/ros2_ws/install/px4_msgs/include/px4_msgs/px4_msgs/msg/detail/heater_status__type_support.cpp\n'}
[1.627030] (px4_msgs) StdoutLine: {'line': b'-- Up-to-date: /home/mcfb/ros2_ws/install/px4_msgs/include/px4_msgs/px4_msgs/msg/detail/system_power__rosidl_typesupport_introspection_cpp.hpp\n'}
[1.627076] (px4_msgs) StdoutLine: {'line': b'-- Up-to-date: /home/mcfb/ros2_ws/install/px4_msgs/include/px4_msgs/px4_msgs/msg/detail/autotune_attitude_control_status__type_support.cpp\n'}
[1.627124] (px4_msgs) StdoutLine: {'line': b'-- Up-to-date: /home/mcfb/ros2_ws/install/px4_msgs/include/px4_msgs/px4_msgs/msg/detail/estimator_status_flags__type_support.cpp\n'}
[1.627172] (px4_msgs) StdoutLine: {'line': b'-- Up-to-date: /home/mcfb/ros2_ws/install/px4_msgs/lib/libpx4_msgs__rosidl_typesupport_introspection_cpp.so\n'}
[1.627217] (px4_msgs) StdoutLine: {'line': b'-- Up-to-date: /home/mcfb/ros2_ws/install/px4_msgs/lib/libpx4_msgs__rosidl_typesupport_cpp.so\n'}
[1.627261] (px4_msgs) StdoutLine: {'line': b'-- Up-to-date: /home/mcfb/ros2_ws/install/px4_msgs/share/px4_msgs/environment/pythonpath.sh\n'}
[1.627306] (px4_msgs) StdoutLine: {'line': b'-- Up-to-date: /home/mcfb/ros2_ws/install/px4_msgs/share/px4_msgs/environment/pythonpath.dsv\n'}
[1.627359] (px4_msgs) StdoutLine: {'line': b'-- Up-to-date: /home/mcfb/ros2_ws/install/px4_msgs/lib/python3.12/site-packages/px4_msgs-2.0.1-py3.12.egg-info\n'}
[1.627405] (px4_msgs) StdoutLine: {'line': b'-- Installing: /home/mcfb/ros2_ws/install/px4_msgs/lib/python3.12/site-packages/px4_msgs-2.0.1-py3.12.egg-info/dependency_links.txt\n'}
[1.627450] (px4_msgs) StdoutLine: {'line': b'-- Installing: /home/mcfb/ros2_ws/install/px4_msgs/lib/python3.12/site-packages/px4_msgs-2.0.1-py3.12.egg-info/SOURCES.txt\n'}
[1.627531] (px4_msgs) StdoutLine: {'line': b'-- Installing: /home/mcfb/ros2_ws/install/px4_msgs/lib/python3.12/site-packages/px4_msgs-2.0.1-py3.12.egg-info/top_level.txt\n'}
[1.627578] (px4_msgs) StdoutLine: {'line': b'-- Installing: /home/mcfb/ros2_ws/install/px4_msgs/lib/python3.12/site-packages/px4_msgs-2.0.1-py3.12.egg-info/PKG-INFO\n'}
[1.627619] (px4_msgs) StdoutLine: {'line': b'-- Up-to-date: /home/mcfb/ros2_ws/install/px4_msgs/lib/python3.12/site-packages/px4_msgs\n'}
[1.627663] (px4_msgs) StdoutLine: {'line': b'-- Up-to-date: /home/mcfb/ros2_ws/install/px4_msgs/lib/python3.12/site-packages/px4_msgs/srv\n'}
[1.627708] (px4_msgs) StdoutLine: {'line': b'-- Up-to-date: /home/mcfb/ros2_ws/install/px4_msgs/lib/python3.12/site-packages/px4_msgs/srv/_vehicle_command_s.c\n'}
[1.627754] (px4_msgs) StdoutLine: {'line': b'-- Up-to-date: /home/mcfb/ros2_ws/install/px4_msgs/lib/python3.12/site-packages/px4_msgs/srv/__init__.py\n'}
[1.627801] (px4_msgs) StdoutLine: {'line': b'-- Up-to-date: /home/mcfb/ros2_ws/install/px4_msgs/lib/python3.12/site-packages/px4_msgs/srv/_vehicle_command.py\n'}
[1.627842] (px4_msgs) StdoutLine: {'line': b'-- Up-to-date: /home/mcfb/ros2_ws/install/px4_msgs/lib/python3.12/site-packages/px4_msgs/px4_msgs_s__rosidl_typesupport_introspection_c.so\n'}
[1.627896] (px4_msgs) StdoutLine: {'line': b'-- Up-to-date: /home/mcfb/ros2_ws/install/px4_msgs/lib/python3.12/site-packages/px4_msgs/msg\n'}
[1.627942] (px4_msgs) StdoutLine: {'line': b'-- Up-to-date: /home/mcfb/ros2_ws/install/px4_msgs/lib/python3.12/site-packages/px4_msgs/msg/_rpm_s.c\n'}
[1.628272] (px4_msgs) StdoutLine: {'line': b'-- Up-to-date: /home/mcfb/ros2_ws/install/px4_msgs/lib/python3.12/site-packages/px4_msgs/msg/_actuator_controls_status_s.c\n'}
[1.628511] (px4_msgs) StdoutLine: {'line': b'-- Up-to-date: /home/mcfb/ros2_ws/install/px4_msgs/lib/python3.12/site-packages/px4_msgs/msg/_vehicle_acceleration_s.c\n'}
[1.628671] (px4_msgs) StdoutLine: {'line': b'-- Up-to-date: /home/mcfb/ros2_ws/install/px4_msgs/lib/python3.12/site-packages/px4_msgs/msg/_fixed_wing_lateral_setpoint_s.c\n'}
[1.628768] (px4_msgs) StdoutLine: {'line': b'-- Up-to-date: /home/mcfb/ros2_ws/install/px4_msgs/lib/python3.12/site-packages/px4_msgs/msg/_camera_status.py\n'}
[1.628835] (px4_msgs) StdoutLine: {'line': b'-- Up-to-date: /home/mcfb/ros2_ws/install/px4_msgs/lib/python3.12/site-packages/px4_msgs/msg/_estimator_status_s.c\n'}
[1.628894] (px4_msgs) StdoutLine: {'line': b'-- Up-to-date: /home/mcfb/ros2_ws/install/px4_msgs/lib/python3.12/site-packages/px4_msgs/msg/_manual_control_setpoint.py\n'}
[1.629027] (px4_msgs) StdoutLine: {'line': b'-- Up-to-date: /home/mcfb/ros2_ws/install/px4_msgs/lib/python3.12/site-packages/px4_msgs/msg/_wheel_encoders_s.c\n'}
[1.629097] (px4_msgs) StdoutLine: {'line': b'-- Up-to-date: /home/mcfb/ros2_ws/install/px4_msgs/lib/python3.12/site-packages/px4_msgs/msg/_goto_setpoint.py\n'}
[1.629152] (px4_msgs) StdoutLine: {'line': b'-- Up-to-date: /home/mcfb/ros2_ws/install/px4_msgs/lib/python3.12/site-packages/px4_msgs/msg/_flight_phase_estimation.py\n'}
[1.629272] (px4_msgs) StdoutLine: {'line': b'-- Up-to-date: /home/mcfb/ros2_ws/install/px4_msgs/lib/python3.12/site-packages/px4_msgs/msg/_hover_thrust_estimate_s.c\n'}
[1.629330] (px4_msgs) StdoutLine: {'line': b'-- Up-to-date: /home/mcfb/ros2_ws/install/px4_msgs/lib/python3.12/site-packages/px4_msgs/msg/_takeoff_status.py\n'}
[1.629377] (px4_msgs) StdoutLine: {'line': b'-- Up-to-date: /home/mcfb/ros2_ws/install/px4_msgs/lib/python3.12/site-packages/px4_msgs/msg/_landing_target_pose_s.c\n'}
[1.629434] (px4_msgs) StdoutLine: {'line': b'-- Up-to-date: /home/mcfb/ros2_ws/install/px4_msgs/lib/python3.12/site-packages/px4_msgs/msg/_message_format_response.py\n'}
[1.629481] (px4_msgs) StdoutLine: {'line': b'-- Up-to-date: /home/mcfb/ros2_ws/install/px4_msgs/lib/python3.12/site-packages/px4_msgs/msg/_actuator_motors_s.c\n'}
[1.629538] (px4_msgs) StdoutLine: {'line': b'-- Up-to-date: /home/mcfb/ros2_ws/install/px4_msgs/lib/python3.12/site-packages/px4_msgs/msg/_vehicle_attitude_setpoint_s.c\n'}
[1.629611] (px4_msgs) StdoutLine: {'line': b'-- Up-to-date: /home/mcfb/ros2_ws/install/px4_msgs/lib/python3.12/site-packages/px4_msgs/msg/_fixed_wing_runway_control.py\n'}
[1.629656] (px4_msgs) StdoutLine: {'line': b'-- Up-to-date: /home/mcfb/ros2_ws/install/px4_msgs/lib/python3.12/site-packages/px4_msgs/msg/_power_monitor_s.c\n'}
[1.629702] (px4_msgs) StdoutLine: {'line': b'-- Up-to-date: /home/mcfb/ros2_ws/install/px4_msgs/lib/python3.12/site-packages/px4_msgs/msg/_debug_key_value_s.c\n'}
[1.629746] (px4_msgs) StdoutLine: {'line': b'-- Up-to-date: /home/mcfb/ros2_ws/install/px4_msgs/lib/python3.12/site-packages/px4_msgs/msg/_camera_status_s.c\n'}
[1.629788] (px4_msgs) StdoutLine: {'line': b'-- Up-to-date: /home/mcfb/ros2_ws/install/px4_msgs/lib/python3.12/site-packages/px4_msgs/msg/_tecs_status.py\n'}
[1.629836] (px4_msgs) StdoutLine: {'line': b'-- Up-to-date: /home/mcfb/ros2_ws/install/px4_msgs/lib/python3.12/site-packages/px4_msgs/msg/_estimator_event_flags.py\n'}
[1.629898] (px4_msgs) StdoutLine: {'line': b'-- Up-to-date: /home/mcfb/ros2_ws/install/px4_msgs/lib/python3.12/site-packages/px4_msgs/msg/_vehicle_local_position_s.c\n'}
[1.629954] (px4_msgs) StdoutLine: {'line': b'-- Up-to-date: /home/mcfb/ros2_ws/install/px4_msgs/lib/python3.12/site-packages/px4_msgs/msg/_mavlink_log_s.c\n'}
[1.630014] (px4_msgs) StdoutLine: {'line': b'-- Up-to-date: /home/mcfb/ros2_ws/install/px4_msgs/lib/python3.12/site-packages/px4_msgs/msg/_adc_report.py\n'}
[1.630100] (px4_msgs) StdoutLine: {'line': b'-- Up-to-date: /home/mcfb/ros2_ws/install/px4_msgs/lib/python3.12/site-packages/px4_msgs/msg/_battery_status_s.c\n'}
[1.630181] (px4_msgs) StdoutLine: {'line': b'-- Up-to-date: /home/mcfb/ros2_ws/install/px4_msgs/lib/python3.12/site-packages/px4_msgs/msg/_longitudinal_control_configuration_s.c\n'}
[1.630249] (px4_msgs) StdoutLine: {'line': b'-- Up-to-date: /home/mcfb/ros2_ws/install/px4_msgs/lib/python3.12/site-packages/px4_msgs/msg/_navigator_mission_item.py\n'}
[1.630324] (px4_msgs) StdoutLine: {'line': b'-- Up-to-date: /home/mcfb/ros2_ws/install/px4_msgs/lib/python3.12/site-packages/px4_msgs/msg/_open_drone_id_arm_status_s.c\n'}
[1.630481] (px4_msgs) StdoutLine: {'line': b'-- Up-to-date: /home/mcfb/ros2_ws/install/px4_msgs/lib/python3.12/site-packages/px4_msgs/msg/_obstacle_distance_s.c\n'}
[1.630581] (px4_msgs) StdoutLine: {'line': b'-- Up-to-date: /home/mcfb/ros2_ws/install/px4_msgs/lib/python3.12/site-packages/px4_msgs/msg/_actuator_motors.py\n'}
[1.630659] (px4_msgs) StdoutLine: {'line': b'-- Up-to-date: /home/mcfb/ros2_ws/install/px4_msgs/lib/python3.12/site-packages/px4_msgs/msg/_actuator_servos_trim.py\n'}
[1.630833] (px4_msgs) StdoutLine: {'line': b'-- Up-to-date: /home/mcfb/ros2_ws/install/px4_msgs/lib/python3.12/site-packages/px4_msgs/msg/_sensors_status_imu.py\n'}
[1.630925] (px4_msgs) StdoutLine: {'line': b'-- Up-to-date: /home/mcfb/ros2_ws/install/px4_msgs/lib/python3.12/site-packages/px4_msgs/msg/_airspeed_validated.py\n'}
[1.630998] (px4_msgs) StdoutLine: {'line': b'-- Up-to-date: /home/mcfb/ros2_ws/install/px4_msgs/lib/python3.12/site-packages/px4_msgs/msg/_rover_rate_status.py\n'}
[1.631072] (px4_msgs) StdoutLine: {'line': b'-- Up-to-date: /home/mcfb/ros2_ws/install/px4_msgs/lib/python3.12/site-packages/px4_msgs/msg/_parameter_set_used_request.py\n'}
[1.631166] (px4_msgs) StdoutLine: {'line': b'-- Up-to-date: /home/mcfb/ros2_ws/install/px4_msgs/lib/python3.12/site-packages/px4_msgs/msg/_magnetometer_bias_estimate.py\n'}
[1.631216] (px4_msgs) StdoutLine: {'line': b'-- Up-to-date: /home/mcfb/ros2_ws/install/px4_msgs/lib/python3.12/site-packages/px4_msgs/msg/_gimbal_device_information_s.c\n'}
[1.631260] (px4_msgs) StdoutLine: {'line': b'-- Up-to-date: /home/mcfb/ros2_ws/install/px4_msgs/lib/python3.12/site-packages/px4_msgs/msg/_estimator_status_flags.py\n'}
[1.631304] (px4_msgs) StdoutLine: {'line': b'-- Up-to-date: /home/mcfb/ros2_ws/install/px4_msgs/lib/python3.12/site-packages/px4_msgs/msg/_pps_capture.py\n'}
[1.631357] (px4_msgs) StdoutLine: {'line': b'-- Up-to-date: /home/mcfb/ros2_ws/install/px4_msgs/lib/python3.12/site-packages/px4_msgs/msg/_sensor_uwb_s.c\n'}
[1.631406] (px4_msgs) StdoutLine: {'line': b'-- Up-to-date: /home/mcfb/ros2_ws/install/px4_msgs/lib/python3.12/site-packages/px4_msgs/msg/_qshell_retval_s.c\n'}
[1.631453] (px4_msgs) StdoutLine: {'line': b'-- Up-to-date: /home/mcfb/ros2_ws/install/px4_msgs/lib/python3.12/site-packages/px4_msgs/msg/_vehicle_status.py\n'}
[1.631512] (px4_msgs) StdoutLine: {'line': b'-- Up-to-date: /home/mcfb/ros2_ws/install/px4_msgs/lib/python3.12/site-packages/px4_msgs/msg/_normalized_unsigned_setpoint_s.c\n'}
[1.631601] (px4_msgs) StdoutLine: {'line': b'-- Up-to-date: /home/mcfb/ros2_ws/install/px4_msgs/lib/python3.12/site-packages/px4_msgs/msg/_qshell_retval.py\n'}
[1.631664] (px4_msgs) StdoutLine: {'line': b'-- Up-to-date: /home/mcfb/ros2_ws/install/px4_msgs/lib/python3.12/site-packages/px4_msgs/msg/_fixed_wing_lateral_guidance_status_s.c\n'}
[1.631729] (px4_msgs) StdoutLine: {'line': b'-- Up-to-date: /home/mcfb/ros2_ws/install/px4_msgs/lib/python3.12/site-packages/px4_msgs/msg/_rover_throttle_setpoint_s.c\n'}
[1.631791] (px4_msgs) StdoutLine: {'line': b'-- Up-to-date: /home/mcfb/ros2_ws/install/px4_msgs/lib/python3.12/site-packages/px4_msgs/msg/_velocity_limits_s.c\n'}
[1.631852] (px4_msgs) StdoutLine: {'line': b'-- Up-to-date: /home/mcfb/ros2_ws/install/px4_msgs/lib/python3.12/site-packages/px4_msgs/msg/_position_setpoint_triplet.py\n'}
[1.631913] (px4_msgs) StdoutLine: {'line': b'-- Up-to-date: /home/mcfb/ros2_ws/install/px4_msgs/lib/python3.12/site-packages/px4_msgs/msg/_follow_target.py\n'}
[1.631981] (px4_msgs) StdoutLine: {'line': b'-- Up-to-date: /home/mcfb/ros2_ws/install/px4_msgs/lib/python3.12/site-packages/px4_msgs/msg/_log_message.py\n'}
[1.632042] (px4_msgs) StdoutLine: {'line': b'-- Up-to-date: /home/mcfb/ros2_ws/install/px4_msgs/lib/python3.12/site-packages/px4_msgs/msg/_gps_inject_data_s.c\n'}
[1.632089] (px4_msgs) StdoutLine: {'line': b'-- Up-to-date: /home/mcfb/ros2_ws/install/px4_msgs/lib/python3.12/site-packages/px4_msgs/msg/_button_event.py\n'}
[1.632138] (px4_msgs) StdoutLine: {'line': b'-- Up-to-date: /home/mcfb/ros2_ws/install/px4_msgs/lib/python3.12/site-packages/px4_msgs/msg/_follow_target_s.c\n'}
[1.632197] (px4_msgs) StdoutLine: {'line': b'-- Up-to-date: /home/mcfb/ros2_ws/install/px4_msgs/lib/python3.12/site-packages/px4_msgs/msg/_sensor_optical_flow_s.c\n'}
[1.632258] (px4_msgs) StdoutLine: {'line': b'-- Up-to-date: /home/mcfb/ros2_ws/install/px4_msgs/lib/python3.12/site-packages/px4_msgs/msg/_position_controller_status_s.c\n'}
[1.632323] (px4_msgs) StdoutLine: {'line': b'-- Up-to-date: /home/mcfb/ros2_ws/install/px4_msgs/lib/python3.12/site-packages/px4_msgs/msg/_gimbal_manager_set_attitude_s.c\n'}
[1.632407] (px4_msgs) StdoutLine: {'line': b'-- Up-to-date: /home/mcfb/ros2_ws/install/px4_msgs/lib/python3.12/site-packages/px4_msgs/msg/_figure_eight_status_s.c\n'}
[1.632457] (px4_msgs) StdoutLine: {'line': b'-- Up-to-date: /home/mcfb/ros2_ws/install/px4_msgs/lib/python3.12/site-packages/px4_msgs/msg/_heater_status.py\n'}
[1.632501] (px4_msgs) StdoutLine: {'line': b'-- Up-to-date: /home/mcfb/ros2_ws/install/px4_msgs/lib/python3.12/site-packages/px4_msgs/msg/_vehicle_status_s.c\n'}
[1.632562] (px4_msgs) StdoutLine: {'line': b'-- Up-to-date: /home/mcfb/ros2_ws/install/px4_msgs/lib/python3.12/site-packages/px4_msgs/msg/_wind_s.c\n'}
[1.632623] (px4_msgs) StdoutLine: {'line': b'-- Up-to-date: /home/mcfb/ros2_ws/install/px4_msgs/lib/python3.12/site-packages/px4_msgs/msg/_log_message_s.c\n'}
[1.632685] (px4_msgs) StdoutLine: {'line': b'-- Up-to-date: /home/mcfb/ros2_ws/install/px4_msgs/lib/python3.12/site-packages/px4_msgs/msg/_estimator_states.py\n'}
[1.632745] (px4_msgs) StdoutLine: {'line': b'-- Up-to-date: /home/mcfb/ros2_ws/install/px4_msgs/lib/python3.12/site-packages/px4_msgs/msg/_cpuload.py\n'}
[1.632808] (px4_msgs) StdoutLine: {'line': b'-- Up-to-date: /home/mcfb/ros2_ws/install/px4_msgs/lib/python3.12/site-packages/px4_msgs/msg/_tecs_status_s.c\n'}
[1.632875] (px4_msgs) StdoutLine: {'line': b'-- Up-to-date: /home/mcfb/ros2_ws/install/px4_msgs/lib/python3.12/site-packages/px4_msgs/msg/_lateral_control_configuration.py\n'}
[1.632942] (px4_msgs) StdoutLine: {'line': b'-- Up-to-date: /home/mcfb/ros2_ws/install/px4_msgs/lib/python3.12/site-packages/px4_msgs/msg/_sensor_gyro_s.c\n'}
[1.633008] (px4_msgs) StdoutLine: {'line': b'-- Up-to-date: /home/mcfb/ros2_ws/install/px4_msgs/lib/python3.12/site-packages/px4_msgs/msg/_failsafe_flags_s.c\n'}
[1.633073] (px4_msgs) StdoutLine: {'line': b'-- Up-to-date: /home/mcfb/ros2_ws/install/px4_msgs/lib/python3.12/site-packages/px4_msgs/msg/_estimator_gps_status_s.c\n'}
[1.633133] (px4_msgs) StdoutLine: {'line': b'-- Up-to-date: /home/mcfb/ros2_ws/install/px4_msgs/lib/python3.12/site-packages/px4_msgs/msg/_mavlink_tunnel.py\n'}
[1.633193] (px4_msgs) StdoutLine: {'line': b'-- Up-to-date: /home/mcfb/ros2_ws/install/px4_msgs/lib/python3.12/site-packages/px4_msgs/msg/_collision_constraints_s.c\n'}
[1.633269] (px4_msgs) StdoutLine: {'line': b'-- Up-to-date: /home/mcfb/ros2_ws/install/px4_msgs/lib/python3.12/site-packages/px4_msgs/msg/_vehicle_control_mode_s.c\n'}
[1.633330] (px4_msgs) StdoutLine: {'line': b'-- Up-to-date: /home/mcfb/ros2_ws/install/px4_msgs/lib/python3.12/site-packages/px4_msgs/msg/_debug_array_s.c\n'}
[1.633378] (px4_msgs) StdoutLine: {'line': b'-- Up-to-date: /home/mcfb/ros2_ws/install/px4_msgs/lib/python3.12/site-packages/px4_msgs/msg/_vehicle_attitude_s.c\n'}
[1.633420] (px4_msgs) StdoutLine: {'line': b'-- Up-to-date: /home/mcfb/ros2_ws/install/px4_msgs/lib/python3.12/site-packages/px4_msgs/msg/_figure_eight_status.py\n'}
[1.633464] (px4_msgs) StdoutLine: {'line': b'-- Up-to-date: /home/mcfb/ros2_ws/install/px4_msgs/lib/python3.12/site-packages/px4_msgs/msg/_rc_channels_s.c\n'}
[1.633518] (px4_msgs) StdoutLine: {'line': b'-- Up-to-date: /home/mcfb/ros2_ws/install/px4_msgs/lib/python3.12/site-packages/px4_msgs/msg/_transponder_report.py\n'}
[1.633581] (px4_msgs) StdoutLine: {'line': b'-- Up-to-date: /home/mcfb/ros2_ws/install/px4_msgs/lib/python3.12/site-packages/px4_msgs/msg/_vehicle_global_position.py\n'}
[1.633642] (px4_msgs) StdoutLine: {'line': b'-- Up-to-date: /home/mcfb/ros2_ws/install/px4_msgs/lib/python3.12/site-packages/px4_msgs/msg/_sensors_status_imu_s.c\n'}
[1.633703] (px4_msgs) StdoutLine: {'line': b'-- Up-to-date: /home/mcfb/ros2_ws/install/px4_msgs/lib/python3.12/site-packages/px4_msgs/msg/_gimbal_device_set_attitude_s.c\n'}
[1.633775] (px4_msgs) StdoutLine: {'line': b'-- Up-to-date: /home/mcfb/ros2_ws/install/px4_msgs/lib/python3.12/site-packages/px4_msgs/msg/_pure_pursuit_status.py\n'}
[1.633839] (px4_msgs) StdoutLine: {'line': b'-- Up-to-date: /home/mcfb/ros2_ws/install/px4_msgs/lib/python3.12/site-packages/px4_msgs/msg/_vehicle_acceleration.py\n'}
[1.633903] (px4_msgs) StdoutLine: {'line': b'-- Up-to-date: /home/mcfb/ros2_ws/install/px4_msgs/lib/python3.12/site-packages/px4_msgs/msg/_sensor_accel_fifo.py\n'}
[1.633985] (px4_msgs) StdoutLine: {'line': b'-- Up-to-date: /home/mcfb/ros2_ws/install/px4_msgs/lib/python3.12/site-packages/px4_msgs/msg/_home_position.py\n'}
[1.634044] (px4_msgs) StdoutLine: {'line': b'-- Up-to-date: /home/mcfb/ros2_ws/install/px4_msgs/lib/python3.12/site-packages/px4_msgs/msg/_trajectory_setpoint.py\n'}
[1.634096] (px4_msgs) StdoutLine: {'line': b'-- Up-to-date: /home/mcfb/ros2_ws/install/px4_msgs/lib/python3.12/site-packages/px4_msgs/msg/_sensor_mag.py\n'}
[1.634147] (px4_msgs) StdoutLine: {'line': b'-- Up-to-date: /home/mcfb/ros2_ws/install/px4_msgs/lib/python3.12/site-packages/px4_msgs/msg/_parameter_reset_request_s.c\n'}
[1.634197] (px4_msgs) StdoutLine: {'line': b'-- Up-to-date: /home/mcfb/ros2_ws/install/px4_msgs/lib/python3.12/site-packages/px4_msgs/msg/_gimbal_manager_set_manual_control.py\n'}
[1.634283] (px4_msgs) StdoutLine: {'line': b'-- Up-to-date: /home/mcfb/ros2_ws/install/px4_msgs/lib/python3.12/site-packages/px4_msgs/msg/_gpio_config_s.c\n'}
[1.634375] (px4_msgs) StdoutLine: {'line': b'-- Up-to-date: /home/mcfb/ros2_ws/install/px4_msgs/lib/python3.12/site-packages/px4_msgs/msg/_pps_capture_s.c\n'}
[1.634610] (px4_msgs) StdoutLine: {'line': b'-- Up-to-date: /home/mcfb/ros2_ws/install/px4_msgs/lib/python3.12/site-packages/px4_msgs/msg/_normalized_unsigned_setpoint.py\n'}
[1.634706] (px4_msgs) StdoutLine: {'line': b'-- Up-to-date: /home/mcfb/ros2_ws/install/px4_msgs/lib/python3.12/site-packages/px4_msgs/msg/_dataman_request.py\n'}
[1.634772] (px4_msgs) StdoutLine: {'line': b'-- Up-to-date: /home/mcfb/ros2_ws/install/px4_msgs/lib/python3.12/site-packages/px4_msgs/msg/_orb_test_medium.py\n'}
[1.634839] (px4_msgs) StdoutLine: {'line': b'-- Up-to-date: /home/mcfb/ros2_ws/install/px4_msgs/lib/python3.12/site-packages/px4_msgs/msg/_camera_capture_s.c\n'}
[1.634912] (px4_msgs) StdoutLine: {'line': b'-- Up-to-date: /home/mcfb/ros2_ws/install/px4_msgs/lib/python3.12/site-packages/px4_msgs/msg/_mavlink_log.py\n'}
[1.634985] (px4_msgs) StdoutLine: {'line': b'-- Up-to-date: /home/mcfb/ros2_ws/install/px4_msgs/lib/python3.12/site-packages/px4_msgs/msg/_rover_speed_setpoint.py\n'}
[1.635058] (px4_msgs) StdoutLine: {'line': b'-- Up-to-date: /home/mcfb/ros2_ws/install/px4_msgs/lib/python3.12/site-packages/px4_msgs/msg/_sensor_gyro_fft.py\n'}
[1.635130] (px4_msgs) StdoutLine: {'line': b'-- Up-to-date: /home/mcfb/ros2_ws/install/px4_msgs/lib/python3.12/site-packages/px4_msgs/msg/_rover_rate_status_s.c\n'}
[1.635200] (px4_msgs) StdoutLine: {'line': b'-- Up-to-date: /home/mcfb/ros2_ws/install/px4_msgs/lib/python3.12/site-packages/px4_msgs/msg/_gpio_out.py\n'}
[1.635271] (px4_msgs) StdoutLine: {'line': b'-- Up-to-date: /home/mcfb/ros2_ws/install/px4_msgs/lib/python3.12/site-packages/px4_msgs/msg/_vehicle_angular_acceleration_setpoint_s.c\n'}
[1.635352] (px4_msgs) StdoutLine: {'line': b'-- Up-to-date: /home/mcfb/ros2_ws/install/px4_msgs/lib/python3.12/site-packages/px4_msgs/msg/_fuel_tank_status_s.c\n'}
[1.635426] (px4_msgs) StdoutLine: {'line': b'-- Up-to-date: /home/mcfb/ros2_ws/install/px4_msgs/lib/python3.12/site-packages/px4_msgs/msg/_orb_test_s.c\n'}
[1.635499] (px4_msgs) StdoutLine: {'line': b'-- Up-to-date: /home/mcfb/ros2_ws/install/px4_msgs/lib/python3.12/site-packages/px4_msgs/msg/_airspeed_s.c\n'}
[1.635570] (px4_msgs) StdoutLine: {'line': b'-- Up-to-date: /home/mcfb/ros2_ws/install/px4_msgs/lib/python3.12/site-packages/px4_msgs/msg/_airspeed.py\n'}
[1.635647] (px4_msgs) StdoutLine: {'line': b'-- Up-to-date: /home/mcfb/ros2_ws/install/px4_msgs/lib/python3.12/site-packages/px4_msgs/msg/_dronecan_node_status.py\n'}
[1.635718] (px4_msgs) StdoutLine: {'line': b'-- Up-to-date: /home/mcfb/ros2_ws/install/px4_msgs/lib/python3.12/site-packages/px4_msgs/msg/_airspeed_wind_s.c\n'}
[1.635791] (px4_msgs) StdoutLine: {'line': b'-- Up-to-date: /home/mcfb/ros2_ws/install/px4_msgs/lib/python3.12/site-packages/px4_msgs/msg/_px4io_status.py\n'}
[1.635903] (px4_msgs) StdoutLine: {'line': b'-- Up-to-date: /home/mcfb/ros2_ws/install/px4_msgs/lib/python3.12/site-packages/px4_msgs/msg/_adc_report_s.c\n'}
[1.635971] (px4_msgs) StdoutLine: {'line': b'-- Up-to-date: /home/mcfb/ros2_ws/install/px4_msgs/lib/python3.12/site-packages/px4_msgs/msg/_mission_result_s.c\n'}
[1.636037] (px4_msgs) StdoutLine: {'line': b'-- Up-to-date: /home/mcfb/ros2_ws/install/px4_msgs/lib/python3.12/site-packages/px4_msgs/msg/_vehicle_angular_velocity_s.c\n'}
[1.636102] (px4_msgs) StdoutLine: {'line': b'-- Up-to-date: /home/mcfb/ros2_ws/install/px4_msgs/lib/python3.12/site-packages/px4_msgs/msg/_actuator_test.py\n'}
[1.636182] (px4_msgs) StdoutLine: {'line': b'-- Up-to-date: /home/mcfb/ros2_ws/install/px4_msgs/lib/python3.12/site-packages/px4_msgs/msg/_button_event_s.c\n'}
[1.636247] (px4_msgs) StdoutLine: {'line': b'-- Up-to-date: /home/mcfb/ros2_ws/install/px4_msgs/lib/python3.12/site-packages/px4_msgs/msg/_sensor_correction_s.c\n'}
[1.636316] (px4_msgs) StdoutLine: {'line': b'-- Up-to-date: /home/mcfb/ros2_ws/install/px4_msgs/lib/python3.12/site-packages/px4_msgs/msg/_launch_detection_status_s.c\n'}
[1.636468] (px4_msgs) StdoutLine: {'line': b'-- Up-to-date: /home/mcfb/ros2_ws/install/px4_msgs/lib/python3.12/site-packages/px4_msgs/msg/_vehicle_constraints_s.c\n'}
[1.636569] (px4_msgs) StdoutLine: {'line': b'-- Up-to-date: /home/mcfb/ros2_ws/install/px4_msgs/lib/python3.12/site-packages/px4_msgs/msg/_estimator_selector_status.py\n'}
[1.636622] (px4_msgs) StdoutLine: {'line': b'-- Up-to-date: /home/mcfb/ros2_ws/install/px4_msgs/lib/python3.12/site-packages/px4_msgs/msg/_ulog_stream_s.c\n'}
[1.636673] (px4_msgs) StdoutLine: {'line': b'-- Up-to-date: /home/mcfb/ros2_ws/install/px4_msgs/lib/python3.12/site-packages/px4_msgs/msg/_internal_combustion_engine_control.py\n'}
[1.636722] (px4_msgs) StdoutLine: {'line': b'-- Up-to-date: /home/mcfb/ros2_ws/install/px4_msgs/lib/python3.12/site-packages/px4_msgs/msg/_gps_dump_s.c\n'}
[1.636770] (px4_msgs) StdoutLine: {'line': b'-- Up-to-date: /home/mcfb/ros2_ws/install/px4_msgs/lib/python3.12/site-packages/px4_msgs/msg/_mag_worker_data.py\n'}
[1.636817] (px4_msgs) StdoutLine: {'line': b'-- Up-to-date: /home/mcfb/ros2_ws/install/px4_msgs/lib/python3.12/site-packages/px4_msgs/msg/_sensors_status_s.c\n'}
[1.636863] (px4_msgs) StdoutLine: {'line': b'-- Up-to-date: /home/mcfb/ros2_ws/install/px4_msgs/lib/python3.12/site-packages/px4_msgs/msg/_onboard_computer_status_s.c\n'}
[1.636910] (px4_msgs) StdoutLine: {'line': b'-- Up-to-date: /home/mcfb/ros2_ws/install/px4_msgs/lib/python3.12/site-packages/px4_msgs/msg/_rtl_time_estimate_s.c\n'}
[1.636982] (px4_msgs) StdoutLine: {'line': b'-- Up-to-date: /home/mcfb/ros2_ws/install/px4_msgs/lib/python3.12/site-packages/px4_msgs/msg/_landing_target_pose.py\n'}
[1.637026] (px4_msgs) StdoutLine: {'line': b'-- Up-to-date: /home/mcfb/ros2_ws/install/px4_msgs/lib/python3.12/site-packages/px4_msgs/msg/_rover_attitude_setpoint_s.c\n'}
[1.637076] (px4_msgs) StdoutLine: {'line': b'-- Up-to-date: /home/mcfb/ros2_ws/install/px4_msgs/lib/python3.12/site-packages/px4_msgs/msg/_vtol_vehicle_status_s.c\n'}
[1.637121] (px4_msgs) StdoutLine: {'line': b'-- Up-to-date: /home/mcfb/ros2_ws/install/px4_msgs/lib/python3.12/site-packages/px4_msgs/msg/_gripper.py\n'}
[1.637164] (px4_msgs) StdoutLine: {'line': b'-- Up-to-date: /home/mcfb/ros2_ws/install/px4_msgs/lib/python3.12/site-packages/px4_msgs/msg/_cellular_status_s.c\n'}
[1.637215] (px4_msgs) StdoutLine: {'line': b'-- Up-to-date: /home/mcfb/ros2_ws/install/px4_msgs/lib/python3.12/site-packages/px4_msgs/msg/_telemetry_status.py\n'}
[1.637264] (px4_msgs) StdoutLine: {'line': b'-- Up-to-date: /home/mcfb/ros2_ws/install/px4_msgs/lib/python3.12/site-packages/px4_msgs/msg/_sensor_accel.py\n'}
[1.637319] (px4_msgs) StdoutLine: {'line': b'-- Up-to-date: /home/mcfb/ros2_ws/install/px4_msgs/lib/python3.12/site-packages/px4_msgs/msg/_actuator_test_s.c\n'}
[1.637371] (px4_msgs) StdoutLine: {'line': b'-- Up-to-date: /home/mcfb/ros2_ws/install/px4_msgs/lib/python3.12/site-packages/px4_msgs/msg/_sensor_preflight_mag_s.c\n'}
[1.637418] (px4_msgs) StdoutLine: {'line': b'-- Up-to-date: /home/mcfb/ros2_ws/install/px4_msgs/lib/python3.12/site-packages/px4_msgs/msg/_gimbal_device_set_attitude.py\n'}
[1.637483] (px4_msgs) StdoutLine: {'line': b'-- Up-to-date: /home/mcfb/ros2_ws/install/px4_msgs/lib/python3.12/site-packages/px4_msgs/msg/_ulog_stream_ack.py\n'}
[1.637525] (px4_msgs) StdoutLine: {'line': b'-- Up-to-date: /home/mcfb/ros2_ws/install/px4_msgs/lib/python3.12/site-packages/px4_msgs/msg/_gimbal_manager_information_s.c\n'}
[1.637566] (px4_msgs) StdoutLine: {'line': b'-- Up-to-date: /home/mcfb/ros2_ws/install/px4_msgs/lib/python3.12/site-packages/px4_msgs/msg/_yaw_estimator_status.py\n'}
[1.637609] (px4_msgs) StdoutLine: {'line': b'-- Up-to-date: /home/mcfb/ros2_ws/install/px4_msgs/lib/python3.12/site-packages/px4_msgs/msg/_open_drone_id_system.py\n'}
[1.637652] (px4_msgs) StdoutLine: {'line': b'-- Up-to-date: /home/mcfb/ros2_ws/install/px4_msgs/lib/python3.12/site-packages/px4_msgs/msg/_offboard_control_mode.py\n'}
[1.637711] (px4_msgs) StdoutLine: {'line': b'-- Up-to-date: /home/mcfb/ros2_ws/install/px4_msgs/lib/python3.12/site-packages/px4_msgs/msg/_open_drone_id_operator_id.py\n'}
[1.637784] (px4_msgs) StdoutLine: {'line': b'-- Up-to-date: /home/mcfb/ros2_ws/install/px4_msgs/lib/python3.12/site-packages/px4_msgs/msg/_uavcan_parameter_request_s.c\n'}
[1.637868] (px4_msgs) StdoutLine: {'line': b'-- Up-to-date: /home/mcfb/ros2_ws/install/px4_msgs/lib/python3.12/site-packages/px4_msgs/msg/_vehicle_imu_status.py\n'}
[1.637920] (px4_msgs) StdoutLine: {'line': b'-- Up-to-date: /home/mcfb/ros2_ws/install/px4_msgs/lib/python3.12/site-packages/px4_msgs/msg/_uavcan_parameter_value_s.c\n'}
[1.637989] (px4_msgs) StdoutLine: {'line': b'-- Up-to-date: /home/mcfb/ros2_ws/install/px4_msgs/lib/python3.12/site-packages/px4_msgs/msg/_ulog_stream_ack_s.c\n'}
[1.638043] (px4_msgs) StdoutLine: {'line': b'-- Up-to-date: /home/mcfb/ros2_ws/install/px4_msgs/lib/python3.12/site-packages/px4_msgs/msg/_timesync_status.py\n'}
[1.638111] (px4_msgs) StdoutLine: {'line': b'-- Up-to-date: /home/mcfb/ros2_ws/install/px4_msgs/lib/python3.12/site-packages/px4_msgs/msg/_config_overrides_s.c\n'}
[1.638175] (px4_msgs) StdoutLine: {'line': b'-- Up-to-date: /home/mcfb/ros2_ws/install/px4_msgs/lib/python3.12/site-packages/px4_msgs/msg/_battery_info.py\n'}
[1.638368] (px4_msgs) StdoutLine: {'line': b'-- Up-to-date: /home/mcfb/ros2_ws/install/px4_msgs/lib/python3.12/site-packages/px4_msgs/msg/_action_request.py\n'}
[1.638422] (px4_msgs) StdoutLine: {'line': b'-- Up-to-date: /home/mcfb/ros2_ws/install/px4_msgs/lib/python3.12/site-packages/px4_msgs/msg/_differential_pressure.py\n'}
[1.638472] (px4_msgs) StdoutLine: {'line': b'-- Up-to-date: /home/mcfb/ros2_ws/install/px4_msgs/lib/python3.12/site-packages/px4_msgs/msg/_arming_check_request.py\n'}
[1.638523] (px4_msgs) StdoutLine: {'line': b'-- Up-to-date: /home/mcfb/ros2_ws/install/px4_msgs/lib/python3.12/site-packages/px4_msgs/msg/_estimator_status_flags_s.c\n'}
[1.638570] (px4_msgs) StdoutLine: {'line': b'-- Up-to-date: /home/mcfb/ros2_ws/install/px4_msgs/lib/python3.12/site-packages/px4_msgs/msg/_sensor_gnss_status.py\n'}
[1.638618] (px4_msgs) StdoutLine: {'line': b'-- Up-to-date: /home/mcfb/ros2_ws/install/px4_msgs/lib/python3.12/site-packages/px4_msgs/msg/_internal_combustion_engine_control_s.c\n'}
[1.638665] (px4_msgs) StdoutLine: {'line': b'-- Up-to-date: /home/mcfb/ros2_ws/install/px4_msgs/lib/python3.12/site-packages/px4_msgs/msg/_gps_inject_data.py\n'}
[1.638711] (px4_msgs) StdoutLine: {'line': b'-- Up-to-date: /home/mcfb/ros2_ws/install/px4_msgs/lib/python3.12/site-packages/px4_msgs/msg/_mission_s.c\n'}
[1.638759] (px4_msgs) StdoutLine: {'line': b'-- Up-to-date: /home/mcfb/ros2_ws/install/px4_msgs/lib/python3.12/site-packages/px4_msgs/msg/_estimator_aid_source1d_s.c\n'}
[1.638807] (px4_msgs) StdoutLine: {'line': b'-- Up-to-date: /home/mcfb/ros2_ws/install/px4_msgs/lib/python3.12/site-packages/px4_msgs/msg/_vehicle_local_position.py\n'}
[1.638884] (px4_msgs) StdoutLine: {'line': b'-- Up-to-date: /home/mcfb/ros2_ws/install/px4_msgs/lib/python3.12/site-packages/px4_msgs/msg/_vehicle_roi_s.c\n'}
[1.638928] (px4_msgs) StdoutLine: {'line': b'-- Up-to-date: /home/mcfb/ros2_ws/install/px4_msgs/lib/python3.12/site-packages/px4_msgs/msg/_rover_speed_setpoint_s.c\n'}
[1.638971] (px4_msgs) StdoutLine: {'line': b'-- Up-to-date: /home/mcfb/ros2_ws/install/px4_msgs/lib/python3.12/site-packages/px4_msgs/msg/_orbit_status.py\n'}
[1.639016] (px4_msgs) StdoutLine: {'line': b'-- Up-to-date: /home/mcfb/ros2_ws/install/px4_msgs/lib/python3.12/site-packages/px4_msgs/msg/_parameter_update_s.c\n'}
[1.639063] (px4_msgs) StdoutLine: {'line': b'-- Up-to-date: /home/mcfb/ros2_ws/install/px4_msgs/lib/python3.12/site-packages/px4_msgs/msg/_arming_check_request_s.c\n'}
[1.639111] (px4_msgs) StdoutLine: {'line': b'-- Up-to-date: /home/mcfb/ros2_ws/install/px4_msgs/lib/python3.12/site-packages/px4_msgs/msg/_ping_s.c\n'}
[1.639159] (px4_msgs) StdoutLine: {'line': b'-- Up-to-date: /home/mcfb/ros2_ws/install/px4_msgs/lib/python3.12/site-packages/px4_msgs/msg/_mount_orientation_s.c\n'}
[1.639209] (px4_msgs) StdoutLine: {'line': b'-- Up-to-date: /home/mcfb/ros2_ws/install/px4_msgs/lib/python3.12/site-packages/px4_msgs/msg/_register_ext_component_request.py\n'}
[1.639257] (px4_msgs) StdoutLine: {'line': b'-- Up-to-date: /home/mcfb/ros2_ws/install/px4_msgs/lib/python3.12/site-packages/px4_msgs/msg/_vehicle_odometry_s.c\n'}
[1.639324] (px4_msgs) StdoutLine: {'line': b'-- Up-to-date: /home/mcfb/ros2_ws/install/px4_msgs/lib/python3.12/site-packages/px4_msgs/msg/_gpio_request_s.c\n'}
[1.639369] (px4_msgs) StdoutLine: {'line': b'-- Up-to-date: /home/mcfb/ros2_ws/install/px4_msgs/lib/python3.12/site-packages/px4_msgs/msg/_sensor_gnss_relative_s.c\n'}
[1.639413] (px4_msgs) StdoutLine: {'line': b'-- Up-to-date: /home/mcfb/ros2_ws/install/px4_msgs/lib/python3.12/site-packages/px4_msgs/msg/_cellular_status.py\n'}
[1.639456] (px4_msgs) StdoutLine: {'line': b'-- Up-to-date: /home/mcfb/ros2_ws/install/px4_msgs/lib/python3.12/site-packages/px4_msgs/msg/_autotune_attitude_control_status.py\n'}
[1.639500] (px4_msgs) StdoutLine: {'line': b'-- Up-to-date: /home/mcfb/ros2_ws/install/px4_msgs/lib/python3.12/site-packages/px4_msgs/msg/_gimbal_manager_set_manual_control_s.c\n'}
[1.639549] (px4_msgs) StdoutLine: {'line': b'-- Up-to-date: /home/mcfb/ros2_ws/install/px4_msgs/lib/python3.12/site-packages/px4_msgs/msg/_power_button_state_s.c\n'}
[1.639598] (px4_msgs) StdoutLine: {'line': b'-- Up-to-date: /home/mcfb/ros2_ws/install/px4_msgs/lib/python3.12/site-packages/px4_msgs/msg/_orb_test_medium_s.c\n'}
[1.639646] (px4_msgs) StdoutLine: {'line': b'-- Up-to-date: /home/mcfb/ros2_ws/install/px4_msgs/lib/python3.12/site-packages/px4_msgs/msg/_mount_orientation.py\n'}
[1.639694] (px4_msgs) StdoutLine: {'line': b'-- Up-to-date: /home/mcfb/ros2_ws/install/px4_msgs/lib/python3.12/site-packages/px4_msgs/msg/_open_drone_id_self_id_s.c\n'}
[1.639743] (px4_msgs) StdoutLine: {'line': b'-- Up-to-date: /home/mcfb/ros2_ws/install/px4_msgs/lib/python3.12/site-packages/px4_msgs/msg/_pwm_input.py\n'}
[1.639792] (px4_msgs) StdoutLine: {'line': b'-- Up-to-date: /home/mcfb/ros2_ws/install/px4_msgs/lib/python3.12/site-packages/px4_msgs/msg/_gimbal_manager_set_attitude.py\n'}
[1.639838] (px4_msgs) StdoutLine: {'line': b'-- Up-to-date: /home/mcfb/ros2_ws/install/px4_msgs/lib/python3.12/site-packages/px4_msgs/msg/_parameter_set_value_request_s.c\n'}
[1.639894] (px4_msgs) StdoutLine: {'line': b'-- Up-to-date: /home/mcfb/ros2_ws/install/px4_msgs/lib/python3.12/site-packages/px4_msgs/msg/_rate_ctrl_status_s.c\n'}
[1.639963] (px4_msgs) StdoutLine: {'line': b'-- Up-to-date: /home/mcfb/ros2_ws/install/px4_msgs/lib/python3.12/site-packages/px4_msgs/msg/_vehicle_optical_flow_vel_s.c\n'}
[1.640085] (px4_msgs) StdoutLine: {'line': b'-- Up-to-date: /home/mcfb/ros2_ws/install/px4_msgs/lib/python3.12/site-packages/px4_msgs/msg/_manual_control_switches_s.c\n'}
[1.640136] (px4_msgs) StdoutLine: {'line': b'-- Up-to-date: /home/mcfb/ros2_ws/install/px4_msgs/lib/python3.12/site-packages/px4_msgs/msg/_power_monitor.py\n'}
[1.640184] (px4_msgs) StdoutLine: {'line': b'-- Up-to-date: /home/mcfb/ros2_ws/install/px4_msgs/lib/python3.12/site-packages/px4_msgs/msg/_satellite_info.py\n'}
[1.640230] (px4_msgs) StdoutLine: {'line': b'-- Up-to-date: /home/mcfb/ros2_ws/install/px4_msgs/lib/python3.12/site-packages/px4_msgs/msg/_logger_status.py\n'}
[1.640278] (px4_msgs) StdoutLine: {'line': b'-- Up-to-date: /home/mcfb/ros2_ws/install/px4_msgs/lib/python3.12/site-packages/px4_msgs/msg/_parameter_set_value_response.py\n'}
[1.640332] (px4_msgs) StdoutLine: {'line': b'-- Up-to-date: /home/mcfb/ros2_ws/install/px4_msgs/lib/python3.12/site-packages/px4_msgs/msg/_gpio_in.py\n'}
[1.640379] (px4_msgs) StdoutLine: {'line': b'-- Up-to-date: /home/mcfb/ros2_ws/install/px4_msgs/lib/python3.12/site-packages/px4_msgs/msg/_health_report.py\n'}
[1.640427] (px4_msgs) StdoutLine: {'line': b'-- Up-to-date: /home/mcfb/ros2_ws/install/px4_msgs/lib/python3.12/site-packages/px4_msgs/msg/_vehicle_attitude_setpoint.py\n'}
[1.640472] (px4_msgs) StdoutLine: {'line': b'-- Up-to-date: /home/mcfb/ros2_ws/install/px4_msgs/lib/python3.12/site-packages/px4_msgs/msg/_vtol_vehicle_status.py\n'}
[1.640547] (px4_msgs) StdoutLine: {'line': b'-- Up-to-date: /home/mcfb/ros2_ws/install/px4_msgs/lib/python3.12/site-packages/px4_msgs/msg/_sensor_airflow_s.c\n'}
[1.640592] (px4_msgs) StdoutLine: {'line': b'-- Up-to-date: /home/mcfb/ros2_ws/install/px4_msgs/lib/python3.12/site-packages/px4_msgs/msg/_vehicle_constraints.py\n'}
[1.640635] (px4_msgs) StdoutLine: {'line': b'-- Up-to-date: /home/mcfb/ros2_ws/install/px4_msgs/lib/python3.12/site-packages/px4_msgs/msg/_sensor_gnss_status_s.c\n'}
[1.640679] (px4_msgs) StdoutLine: {'line': b'-- Up-to-date: /home/mcfb/ros2_ws/install/px4_msgs/lib/python3.12/site-packages/px4_msgs/msg/_estimator_event_flags_s.c\n'}
[1.640722] (px4_msgs) StdoutLine: {'line': b'-- Up-to-date: /home/mcfb/ros2_ws/install/px4_msgs/lib/python3.12/site-packages/px4_msgs/msg/_rover_rate_setpoint.py\n'}
[1.640763] (px4_msgs) StdoutLine: {'line': b'-- Up-to-date: /home/mcfb/ros2_ws/install/px4_msgs/lib/python3.12/site-packages/px4_msgs/msg/_rate_ctrl_status.py\n'}
[1.640805] (px4_msgs) StdoutLine: {'line': b'-- Up-to-date: /home/mcfb/ros2_ws/install/px4_msgs/lib/python3.12/site-packages/px4_msgs/msg/_sensor_gps.py\n'}
[1.640847] (px4_msgs) StdoutLine: {'line': b'-- Up-to-date: /home/mcfb/ros2_ws/install/px4_msgs/lib/python3.12/site-packages/px4_msgs/msg/_vehicle_magnetometer_s.c\n'}
[1.640887] (px4_msgs) StdoutLine: {'line': b'-- Up-to-date: /home/mcfb/ros2_ws/install/px4_msgs/lib/python3.12/site-packages/px4_msgs/msg/_sensor_baro_s.c\n'}
[1.640931] (px4_msgs) StdoutLine: {'line': b'-- Up-to-date: /home/mcfb/ros2_ws/install/px4_msgs/lib/python3.12/site-packages/px4_msgs/msg/_debug_array.py\n'}
[1.640977] (px4_msgs) StdoutLine: {'line': b'-- Up-to-date: /home/mcfb/ros2_ws/install/px4_msgs/lib/python3.12/site-packages/px4_msgs/msg/_position_controller_landing_status.py\n'}
[1.641022] (px4_msgs) StdoutLine: {'line': b'-- Up-to-date: /home/mcfb/ros2_ws/install/px4_msgs/lib/python3.12/site-packages/px4_msgs/msg/_position_setpoint_triplet_s.c\n'}
[1.641068] (px4_msgs) StdoutLine: {'line': b'-- Up-to-date: /home/mcfb/ros2_ws/install/px4_msgs/lib/python3.12/site-packages/px4_msgs/msg/_follow_target_status_s.c\n'}
[1.641114] (px4_msgs) StdoutLine: {'line': b'-- Up-to-date: /home/mcfb/ros2_ws/install/px4_msgs/lib/python3.12/site-packages/px4_msgs/msg/_mag_worker_data_s.c\n'}
[1.641159] (px4_msgs) StdoutLine: {'line': b'-- Up-to-date: /home/mcfb/ros2_ws/install/px4_msgs/lib/python3.12/site-packages/px4_msgs/msg/_vehicle_command_ack_s.c\n'}
[1.641205] (px4_msgs) StdoutLine: {'line': b'-- Up-to-date: /home/mcfb/ros2_ws/install/px4_msgs/lib/python3.12/site-packages/px4_msgs/msg/_sensor_accel_s.c\n'}
[1.641249] (px4_msgs) StdoutLine: {'line': b'-- Up-to-date: /home/mcfb/ros2_ws/install/px4_msgs/lib/python3.12/site-packages/px4_msgs/msg/_position_setpoint.py\n'}
[1.641295] (px4_msgs) StdoutLine: {'line': b'-- Up-to-date: /home/mcfb/ros2_ws/install/px4_msgs/lib/python3.12/site-packages/px4_msgs/msg/_landing_gear_wheel.py\n'}
[1.641349] (px4_msgs) StdoutLine: {'line': b'-- Up-to-date: /home/mcfb/ros2_ws/install/px4_msgs/lib/python3.12/site-packages/px4_msgs/msg/_vehicle_optical_flow_s.c\n'}
[1.641393] (px4_msgs) StdoutLine: {'line': b'-- Up-to-date: /home/mcfb/ros2_ws/install/px4_msgs/lib/python3.12/site-packages/px4_msgs/msg/_differential_pressure_s.c\n'}
[1.641439] (px4_msgs) StdoutLine: {'line': b'-- Up-to-date: /home/mcfb/ros2_ws/install/px4_msgs/lib/python3.12/site-packages/px4_msgs/msg/_sensor_gyro_fft_s.c\n'}
[1.641485] (px4_msgs) StdoutLine: {'line': b'-- Up-to-date: /home/mcfb/ros2_ws/install/px4_msgs/lib/python3.12/site-packages/px4_msgs/msg/_sensor_gyro_fifo_s.c\n'}
[1.641531] (px4_msgs) StdoutLine: {'line': b'-- Up-to-date: /home/mcfb/ros2_ws/install/px4_msgs/lib/python3.12/site-packages/px4_msgs/msg/_sensor_gnss_relative.py\n'}
[1.641577] (px4_msgs) StdoutLine: {'line': b'-- Up-to-date: /home/mcfb/ros2_ws/install/px4_msgs/lib/python3.12/site-packages/px4_msgs/msg/_fixed_wing_runway_control_s.c\n'}
[1.641629] (px4_msgs) StdoutLine: {'line': b'-- Up-to-date: /home/mcfb/ros2_ws/install/px4_msgs/lib/python3.12/site-packages/px4_msgs/msg/_vehicle_angular_acceleration_setpoint.py\n'}
[1.641675] (px4_msgs) StdoutLine: {'line': b'-- Up-to-date: /home/mcfb/ros2_ws/install/px4_msgs/lib/python3.12/site-packages/px4_msgs/msg/_vehicle_imu_s.c\n'}
[1.641747] (px4_msgs) StdoutLine: {'line': b'-- Up-to-date: /home/mcfb/ros2_ws/install/px4_msgs/lib/python3.12/site-packages/px4_msgs/msg/_gripper_s.c\n'}
[1.641796] (px4_msgs) StdoutLine: {'line': b'-- Up-to-date: /home/mcfb/ros2_ws/install/px4_msgs/lib/python3.12/site-packages/px4_msgs/msg/_register_ext_component_reply_s.c\n'}
[1.641869] (px4_msgs) StdoutLine: {'line': b'-- Up-to-date: /home/mcfb/ros2_ws/install/px4_msgs/lib/python3.12/site-packages/px4_msgs/msg/_arming_check_reply_s.c\n'}
[1.641920] (px4_msgs) StdoutLine: {'line': b'-- Up-to-date: /home/mcfb/ros2_ws/install/px4_msgs/lib/python3.12/site-packages/px4_msgs/msg/_rover_attitude_status_s.c\n'}
[1.641972] (px4_msgs) StdoutLine: {'line': b'-- Up-to-date: /home/mcfb/ros2_ws/install/px4_msgs/lib/python3.12/site-packages/px4_msgs/msg/_debug_value.py\n'}
[1.642021] (px4_msgs) StdoutLine: {'line': b'-- Up-to-date: /home/mcfb/ros2_ws/install/px4_msgs/lib/python3.12/site-packages/px4_msgs/msg/_sensor_mag_s.c\n'}
[1.642084] (px4_msgs) StdoutLine: {'line': b'-- Up-to-date: /home/mcfb/ros2_ws/install/px4_msgs/lib/python3.12/site-packages/px4_msgs/msg/_flight_phase_estimation_s.c\n'}
[1.642131] (px4_msgs) StdoutLine: {'line': b'-- Up-to-date: /home/mcfb/ros2_ws/install/px4_msgs/lib/python3.12/site-packages/px4_msgs/msg/_action_request_s.c\n'}
[1.642173] (px4_msgs) StdoutLine: {'line': b'-- Up-to-date: /home/mcfb/ros2_ws/install/px4_msgs/lib/python3.12/site-packages/px4_msgs/msg/_debug_value_s.c\n'}
[1.642218] (px4_msgs) StdoutLine: {'line': b'-- Up-to-date: /home/mcfb/ros2_ws/install/px4_msgs/lib/python3.12/site-packages/px4_msgs/msg/_hover_thrust_estimate.py\n'}
[1.642265] (px4_msgs) StdoutLine: {'line': b'-- Up-to-date: /home/mcfb/ros2_ws/install/px4_msgs/lib/python3.12/site-packages/px4_msgs/msg/_system_power_s.c\n'}
[1.642311] (px4_msgs) StdoutLine: {'line': b'-- Up-to-date: /home/mcfb/ros2_ws/install/px4_msgs/lib/python3.12/site-packages/px4_msgs/msg/_rover_steering_setpoint.py\n'}
[1.642363] (px4_msgs) StdoutLine: {'line': b'-- Up-to-date: /home/mcfb/ros2_ws/install/px4_msgs/lib/python3.12/site-packages/px4_msgs/msg/_system_power.py\n'}
[1.642409] (px4_msgs) StdoutLine: {'line': b'-- Up-to-date: /home/mcfb/ros2_ws/install/px4_msgs/lib/python3.12/site-packages/px4_msgs/msg/_follow_target_estimator.py\n'}
[1.642452] (px4_msgs) StdoutLine: {'line': b'-- Up-to-date: /home/mcfb/ros2_ws/install/px4_msgs/lib/python3.12/site-packages/px4_msgs/msg/_sensors_status.py\n'}
[1.642499] (px4_msgs) StdoutLine: {'line': b'-- Up-to-date: /home/mcfb/ros2_ws/install/px4_msgs/lib/python3.12/site-packages/px4_msgs/msg/_home_position_s.c\n'}
[1.642547] (px4_msgs) StdoutLine: {'line': b'-- Up-to-date: /home/mcfb/ros2_ws/install/px4_msgs/lib/python3.12/site-packages/px4_msgs/msg/_mission.py\n'}
[1.642596] (px4_msgs) StdoutLine: {'line': b'-- Up-to-date: /home/mcfb/ros2_ws/install/px4_msgs/lib/python3.12/site-packages/px4_msgs/msg/_estimator_selector_status_s.c\n'}
[1.642645] (px4_msgs) StdoutLine: {'line': b'-- Up-to-date: /home/mcfb/ros2_ws/install/px4_msgs/lib/python3.12/site-packages/px4_msgs/msg/_gps_dump.py\n'}
[1.642691] (px4_msgs) StdoutLine: {'line': b'-- Up-to-date: /home/mcfb/ros2_ws/install/px4_msgs/lib/python3.12/site-packages/px4_msgs/msg/_sensor_correction.py\n'}
[1.642736] (px4_msgs) StdoutLine: {'line': b'-- Up-to-date: /home/mcfb/ros2_ws/install/px4_msgs/lib/python3.12/site-packages/px4_msgs/msg/_orb_test.py\n'}
[1.642782] (px4_msgs) StdoutLine: {'line': b'-- Up-to-date: /home/mcfb/ros2_ws/install/px4_msgs/lib/python3.12/site-packages/px4_msgs/msg/_trajectory_setpoint6dof_s.c\n'}
[1.642828] (px4_msgs) StdoutLine: {'line': b'-- Up-to-date: /home/mcfb/ros2_ws/install/px4_msgs/lib/python3.12/site-packages/px4_msgs/msg/_dataman_response_s.c\n'}
[1.642874] (px4_msgs) StdoutLine: {'line': b'-- Up-to-date: /home/mcfb/ros2_ws/install/px4_msgs/lib/python3.12/site-packages/px4_msgs/msg/_collision_constraints.py\n'}
[1.642919] (px4_msgs) StdoutLine: {'line': b'-- Up-to-date: /home/mcfb/ros2_ws/install/px4_msgs/lib/python3.12/site-packages/px4_msgs/msg/_vehicle_command_s.c\n'}
[1.642967] (px4_msgs) StdoutLine: {'line': b'-- Up-to-date: /home/mcfb/ros2_ws/install/px4_msgs/lib/python3.12/site-packages/px4_msgs/msg/_estimator_aid_source2d_s.c\n'}
[1.643012] (px4_msgs) StdoutLine: {'line': b'-- Up-to-date: /home/mcfb/ros2_ws/install/px4_msgs/lib/python3.12/site-packages/px4_msgs/msg/_estimator_status.py\n'}
[1.643096] (px4_msgs) StdoutLine: {'line': b'-- Up-to-date: /home/mcfb/ros2_ws/install/px4_msgs/lib/python3.12/site-packages/px4_msgs/msg/_sensor_baro.py\n'}
[1.643147] (px4_msgs) StdoutLine: {'line': b'-- Up-to-date: /home/mcfb/ros2_ws/install/px4_msgs/lib/python3.12/site-packages/px4_msgs/msg/_vehicle_odometry.py\n'}
[1.643192] (px4_msgs) StdoutLine: {'line': b'-- Up-to-date: /home/mcfb/ros2_ws/install/px4_msgs/lib/python3.12/site-packages/px4_msgs/msg/_transponder_report_s.c\n'}
[1.643238] (px4_msgs) StdoutLine: {'line': b'-- Up-to-date: /home/mcfb/ros2_ws/install/px4_msgs/lib/python3.12/site-packages/px4_msgs/msg/_sensor_gyro_fifo.py\n'}
[1.643284] (px4_msgs) StdoutLine: {'line': b'-- Up-to-date: /home/mcfb/ros2_ws/install/px4_msgs/lib/python3.12/site-packages/px4_msgs/msg/_control_allocator_status.py\n'}
[1.643338] (px4_msgs) StdoutLine: {'line': b'-- Up-to-date: /home/mcfb/ros2_ws/install/px4_msgs/lib/python3.12/site-packages/px4_msgs/msg/_qshell_req.py\n'}
[1.643383] (px4_msgs) StdoutLine: {'line': b'-- Up-to-date: /home/mcfb/ros2_ws/install/px4_msgs/lib/python3.12/site-packages/px4_msgs/msg/_orb_test_large_s.c\n'}
[1.643450] (px4_msgs) StdoutLine: {'line': b'-- Up-to-date: /home/mcfb/ros2_ws/install/px4_msgs/lib/python3.12/site-packages/px4_msgs/msg/_tune_control.py\n'}
[1.643500] (px4_msgs) StdoutLine: {'line': b'-- Up-to-date: /home/mcfb/ros2_ws/install/px4_msgs/lib/python3.12/site-packages/px4_msgs/msg/_estimator_sensor_bias.py\n'}
[1.643546] (px4_msgs) StdoutLine: {'line': b'-- Up-to-date: /home/mcfb/ros2_ws/install/px4_msgs/lib/python3.12/site-packages/px4_msgs/msg/_open_drone_id_arm_status.py\n'}
[1.643593] (px4_msgs) StdoutLine: {'line': b'-- Up-to-date: /home/mcfb/ros2_ws/install/px4_msgs/lib/python3.12/site-packages/px4_msgs/msg/_vehicle_angular_velocity.py\n'}
[1.643639] (px4_msgs) StdoutLine: {'line': b'-- Up-to-date: /home/mcfb/ros2_ws/install/px4_msgs/lib/python3.12/site-packages/px4_msgs/msg/_estimator_bias3d.py\n'}
[1.643685] (px4_msgs) StdoutLine: {'line': b'-- Up-to-date: /home/mcfb/ros2_ws/install/px4_msgs/lib/python3.12/site-packages/px4_msgs/msg/_event_s.c\n'}
[1.643758] (px4_msgs) StdoutLine: {'line': b'-- Up-to-date: /home/mcfb/ros2_ws/install/px4_msgs/lib/python3.12/site-packages/px4_msgs/msg/_rover_position_setpoint.py\n'}
[1.643802] (px4_msgs) StdoutLine: {'line': b'-- Up-to-date: /home/mcfb/ros2_ws/install/px4_msgs/lib/python3.12/site-packages/px4_msgs/msg/_orbit_status_s.c\n'}
[1.643843] (px4_msgs) StdoutLine: {'line': b'-- Up-to-date: /home/mcfb/ros2_ws/install/px4_msgs/lib/python3.12/site-packages/px4_msgs/msg/_estimator_aid_source3d_s.c\n'}
[1.643887] (px4_msgs) StdoutLine: {'line': b'-- Up-to-date: /home/mcfb/ros2_ws/install/px4_msgs/lib/python3.12/site-packages/px4_msgs/msg/_lateral_control_configuration_s.c\n'}
[1.643929] (px4_msgs) StdoutLine: {'line': b'-- Up-to-date: /home/mcfb/ros2_ws/install/px4_msgs/lib/python3.12/site-packages/px4_msgs/msg/_rover_throttle_setpoint.py\n'}
[1.643970] (px4_msgs) StdoutLine: {'line': b'-- Up-to-date: /home/mcfb/ros2_ws/install/px4_msgs/lib/python3.12/site-packages/px4_msgs/msg/_actuator_armed_s.c\n'}
[1.644016] (px4_msgs) StdoutLine: {'line': b'-- Up-to-date: /home/mcfb/ros2_ws/install/px4_msgs/lib/python3.12/site-packages/px4_msgs/msg/_landing_gear_wheel_s.c\n'}
[1.644060] (px4_msgs) StdoutLine: {'line': b'-- Up-to-date: /home/mcfb/ros2_ws/install/px4_msgs/lib/python3.12/site-packages/px4_msgs/msg/_estimator_aid_source1d.py\n'}
[1.644104] (px4_msgs) StdoutLine: {'line': b'-- Up-to-date: /home/mcfb/ros2_ws/install/px4_msgs/lib/python3.12/site-packages/px4_msgs/msg/_velocity_limits.py\n'}
[1.644152] (px4_msgs) StdoutLine: {'line': b'-- Up-to-date: /home/mcfb/ros2_ws/install/px4_msgs/lib/python3.12/site-packages/px4_msgs/msg/_parameter_update.py\n'}
[1.644298] (px4_msgs) StdoutLine: {'line': b'-- Up-to-date: /home/mcfb/ros2_ws/install/px4_msgs/lib/python3.12/site-packages/px4_msgs/msg/_autotune_attitude_control_status_s.c\n'}
[1.644354] (px4_msgs) StdoutLine: {'line': b'-- Up-to-date: /home/mcfb/ros2_ws/install/px4_msgs/lib/python3.12/site-packages/px4_msgs/msg/_esc_status_s.c\n'}
[1.644403] (px4_msgs) StdoutLine: {'line': b'-- Up-to-date: /home/mcfb/ros2_ws/install/px4_msgs/lib/python3.12/site-packages/px4_msgs/msg/_estimator_gps_status.py\n'}
[1.644504] (px4_msgs) StdoutLine: {'line': b'-- Up-to-date: /home/mcfb/ros2_ws/install/px4_msgs/lib/python3.12/site-packages/px4_msgs/msg/_power_button_state.py\n'}
[1.644557] (px4_msgs) StdoutLine: {'line': b'-- Up-to-date: /home/mcfb/ros2_ws/install/px4_msgs/lib/python3.12/site-packages/px4_msgs/msg/_register_ext_component_reply.py\n'}
[1.644697] (px4_msgs) StdoutLine: {'line': b'-- Up-to-date: /home/mcfb/ros2_ws/install/px4_msgs/lib/python3.12/site-packages/px4_msgs/msg/_landing_target_innovations_s.c\n'}
[1.644746] (px4_msgs) StdoutLine: {'line': b'-- Up-to-date: /home/mcfb/ros2_ws/install/px4_msgs/lib/python3.12/site-packages/px4_msgs/msg/_rover_speed_status_s.c\n'}
[1.644798] (px4_msgs) StdoutLine: {'line': b'-- Up-to-date: /home/mcfb/ros2_ws/install/px4_msgs/lib/python3.12/site-packages/px4_msgs/msg/_sensor_combined.py\n'}
[1.644988] (px4_msgs) StdoutLine: {'line': b'-- Up-to-date: /home/mcfb/ros2_ws/install/px4_msgs/lib/python3.12/site-packages/px4_msgs/msg/_vehicle_rates_setpoint.py\n'}
[1.645113] (px4_msgs) StdoutLine: {'line': b'-- Up-to-date: /home/mcfb/ros2_ws/install/px4_msgs/lib/python3.12/site-packages/px4_msgs/msg/_sensor_accel_fifo_s.c\n'}
[1.645183] (px4_msgs) StdoutLine: {'line': b'-- Up-to-date: /home/mcfb/ros2_ws/install/px4_msgs/lib/python3.12/site-packages/px4_msgs/msg/_distance_sensor.py\n'}
[1.645248] (px4_msgs) StdoutLine: {'line': b'-- Up-to-date: /home/mcfb/ros2_ws/install/px4_msgs/lib/python3.12/site-packages/px4_msgs/msg/_fixed_wing_longitudinal_setpoint_s.c\n'}
[1.645295] (px4_msgs) StdoutLine: {'line': b'-- Up-to-date: /home/mcfb/ros2_ws/install/px4_msgs/lib/python3.12/site-packages/px4_msgs/msg/_debug_key_value.py\n'}
[1.645354] (px4_msgs) StdoutLine: {'line': b'-- Up-to-date: /home/mcfb/ros2_ws/install/px4_msgs/lib/python3.12/site-packages/px4_msgs/msg/_camera_trigger_s.c\n'}
[1.645404] (px4_msgs) StdoutLine: {'line': b'-- Up-to-date: /home/mcfb/ros2_ws/install/px4_msgs/lib/python3.12/site-packages/px4_msgs/msg/_qshell_req_s.c\n'}
[1.645461] (px4_msgs) StdoutLine: {'line': b'-- Up-to-date: /home/mcfb/ros2_ws/install/px4_msgs/lib/python3.12/site-packages/px4_msgs/msg/_led_control.py\n'}
[1.645526] (px4_msgs) StdoutLine: {'line': b'-- Up-to-date: /home/mcfb/ros2_ws/install/px4_msgs/lib/python3.12/site-packages/px4_msgs/msg/_ping.py\n'}
[1.645579] (px4_msgs) StdoutLine: {'line': b'-- Up-to-date: /home/mcfb/ros2_ws/install/px4_msgs/lib/python3.12/site-packages/px4_msgs/msg/_gimbal_manager_status_s.c\n'}
[1.645627] (px4_msgs) StdoutLine: {'line': b'-- Up-to-date: /home/mcfb/ros2_ws/install/px4_msgs/lib/python3.12/site-packages/px4_msgs/msg/_actuator_controls_status.py\n'}
[1.645707] (px4_msgs) StdoutLine: {'line': b'-- Up-to-date: /home/mcfb/ros2_ws/install/px4_msgs/lib/python3.12/site-packages/px4_msgs/msg/_failure_detector_status.py\n'}
[1.645778] (px4_msgs) StdoutLine: {'line': b'-- Up-to-date: /home/mcfb/ros2_ws/install/px4_msgs/lib/python3.12/site-packages/px4_msgs/msg/_rover_attitude_status.py\n'}
[1.645931] (px4_msgs) StdoutLine: {'line': b'-- Up-to-date: /home/mcfb/ros2_ws/install/px4_msgs/lib/python3.12/site-packages/px4_msgs/msg/_vehicle_air_data_s.c\n'}
[1.646015] (px4_msgs) StdoutLine: {'line': b'-- Up-to-date: /home/mcfb/ros2_ws/install/px4_msgs/lib/python3.12/site-packages/px4_msgs/msg/_actuator_outputs.py\n'}
[1.646068] (px4_msgs) StdoutLine: {'line': b'-- Up-to-date: /home/mcfb/ros2_ws/install/px4_msgs/lib/python3.12/site-packages/px4_msgs/msg/_navigator_mission_item_s.c\n'}
[1.646135] (px4_msgs) StdoutLine: {'line': b'-- Up-to-date: /home/mcfb/ros2_ws/install/px4_msgs/lib/python3.12/site-packages/px4_msgs/msg/_telemetry_status_s.c\n'}
[1.646207] (px4_msgs) StdoutLine: {'line': b'-- Up-to-date: /home/mcfb/ros2_ws/install/px4_msgs/lib/python3.12/site-packages/px4_msgs/msg/_radio_status_s.c\n'}
[1.646381] (px4_msgs) StdoutLine: {'line': b'-- Up-to-date: /home/mcfb/ros2_ws/install/px4_msgs/lib/python3.12/site-packages/px4_msgs/msg/_airspeed_wind.py\n'}
[1.646471] (px4_msgs) StdoutLine: {'line': b'-- Up-to-date: /home/mcfb/ros2_ws/install/px4_msgs/lib/python3.12/site-packages/px4_msgs/msg/_rover_attitude_setpoint.py\n'}
[1.646546] (px4_msgs) StdoutLine: {'line': b'-- Up-to-date: /home/mcfb/ros2_ws/install/px4_msgs/lib/python3.12/site-packages/px4_msgs/msg/_estimator_aid_source2d.py\n'}
[1.646787] (px4_msgs) StdoutLine: {'line': b'-- Up-to-date: /home/mcfb/ros2_ws/install/px4_msgs/lib/python3.12/site-packages/px4_msgs/msg/_parameter_set_used_request_s.c\n'}
[1.646848] (px4_msgs) StdoutLine: {'line': b'-- Up-to-date: /home/mcfb/ros2_ws/install/px4_msgs/lib/python3.12/site-packages/px4_msgs/msg/_vehicle_thrust_setpoint.py\n'}
[1.646919] (px4_msgs) StdoutLine: {'line': b'-- Up-to-date: /home/mcfb/ros2_ws/install/px4_msgs/lib/python3.12/site-packages/px4_msgs/msg/_sensor_combined_s.c\n'}
[1.646984] (px4_msgs) StdoutLine: {'line': b'-- Up-to-date: /home/mcfb/ros2_ws/install/px4_msgs/lib/python3.12/site-packages/px4_msgs/msg/_magnetometer_bias_estimate_s.c\n'}
[1.647038] (px4_msgs) StdoutLine: {'line': b'-- Up-to-date: /home/mcfb/ros2_ws/install/px4_msgs/lib/python3.12/site-packages/px4_msgs/msg/_uavcan_parameter_request.py\n'}
[1.647085] (px4_msgs) StdoutLine: {'line': b'-- Up-to-date: /home/mcfb/ros2_ws/install/px4_msgs/lib/python3.12/site-packages/px4_msgs/msg/_geofence_status.py\n'}
[1.647159] (px4_msgs) StdoutLine: {'line': b'-- Up-to-date: /home/mcfb/ros2_ws/install/px4_msgs/lib/python3.12/site-packages/px4_msgs/msg/_follow_target_status.py\n'}
[1.647207] (px4_msgs) StdoutLine: {'line': b'-- Up-to-date: /home/mcfb/ros2_ws/install/px4_msgs/lib/python3.12/site-packages/px4_msgs/msg/_task_stack_info_s.c\n'}
[1.647252] (px4_msgs) StdoutLine: {'line': b'-- Up-to-date: /home/mcfb/ros2_ws/install/px4_msgs/lib/python3.12/site-packages/px4_msgs/msg/_radio_status.py\n'}
[1.647300] (px4_msgs) StdoutLine: {'line': b'-- Up-to-date: /home/mcfb/ros2_ws/install/px4_msgs/lib/python3.12/site-packages/px4_msgs/msg/_gimbal_manager_information.py\n'}
[1.647354] (px4_msgs) StdoutLine: {'line': b'-- Up-to-date: /home/mcfb/ros2_ws/install/px4_msgs/lib/python3.12/site-packages/px4_msgs/msg/_gimbal_device_attitude_status_s.c\n'}
[1.647402] (px4_msgs) StdoutLine: {'line': b'-- Up-to-date: /home/mcfb/ros2_ws/install/px4_msgs/lib/python3.12/site-packages/px4_msgs/msg/_parameter_set_value_request.py\n'}
[1.647447] (px4_msgs) StdoutLine: {'line': b'-- Up-to-date: /home/mcfb/ros2_ws/install/px4_msgs/lib/python3.12/site-packages/px4_msgs/msg/_esc_report_s.c\n'}
[1.647491] (px4_msgs) StdoutLine: {'line': b'-- Up-to-date: /home/mcfb/ros2_ws/install/px4_msgs/lib/python3.12/site-packages/px4_msgs/msg/_rpm.py\n'}
[1.647578] (px4_msgs) StdoutLine: {'line': b'-- Up-to-date: /home/mcfb/ros2_ws/install/px4_msgs/lib/python3.12/site-packages/px4_msgs/msg/_uavcan_parameter_value.py\n'}
[1.647672] (px4_msgs) StdoutLine: {'line': b'-- Up-to-date: /home/mcfb/ros2_ws/install/px4_msgs/lib/python3.12/site-packages/px4_msgs/msg/_pure_pursuit_status_s.c\n'}
[1.647742] (px4_msgs) StdoutLine: {'line': b'-- Up-to-date: /home/mcfb/ros2_ws/install/px4_msgs/lib/python3.12/site-packages/px4_msgs/msg/_timesync_status_s.c\n'}
[1.647810] (px4_msgs) StdoutLine: {'line': b'-- Up-to-date: /home/mcfb/ros2_ws/install/px4_msgs/lib/python3.12/site-packages/px4_msgs/msg/_gimbal_device_attitude_status.py\n'}
[1.647866] (px4_msgs) StdoutLine: {'line': b'-- Up-to-date: /home/mcfb/ros2_ws/install/px4_msgs/lib/python3.12/site-packages/px4_msgs/msg/_position_controller_landing_status_s.c\n'}
[1.647917] (px4_msgs) StdoutLine: {'line': b'-- Up-to-date: /home/mcfb/ros2_ws/install/px4_msgs/lib/python3.12/site-packages/px4_msgs/msg/_estimator_sensor_bias_s.c\n'}
[1.648051] (px4_msgs) StdoutLine: {'line': b'-- Up-to-date: /home/mcfb/ros2_ws/install/px4_msgs/lib/python3.12/site-packages/px4_msgs/msg/_can_interface_status.py\n'}
[1.648098] (px4_msgs) StdoutLine: {'line': b'-- Up-to-date: /home/mcfb/ros2_ws/install/px4_msgs/lib/python3.12/site-packages/px4_msgs/msg/_sensor_selection.py\n'}
[1.648140] (px4_msgs) StdoutLine: {'line': b'-- Up-to-date: /home/mcfb/ros2_ws/install/px4_msgs/lib/python3.12/site-packages/px4_msgs/msg/_obstacle_distance.py\n'}
[1.648223] (px4_msgs) StdoutLine: {'line': b'-- Up-to-date: /home/mcfb/ros2_ws/install/px4_msgs/lib/python3.12/site-packages/px4_msgs/msg/_fixed_wing_lateral_guidance_status.py\n'}
[1.648280] (px4_msgs) StdoutLine: {'line': b'-- Up-to-date: /home/mcfb/ros2_ws/install/px4_msgs/lib/python3.12/site-packages/px4_msgs/msg/_offboard_control_mode_s.c\n'}
[1.648381] (px4_msgs) StdoutLine: {'line': b'-- Up-to-date: /home/mcfb/ros2_ws/install/px4_msgs/lib/python3.12/site-packages/px4_msgs/msg/_vehicle_attitude.py\n'}
[1.648428] (px4_msgs) StdoutLine: {'line': b'-- Up-to-date: /home/mcfb/ros2_ws/install/px4_msgs/lib/python3.12/site-packages/px4_msgs/msg/_goto_setpoint_s.c\n'}
[1.648472] (px4_msgs) StdoutLine: {'line': b'-- Up-to-date: /home/mcfb/ros2_ws/install/px4_msgs/lib/python3.12/site-packages/px4_msgs/msg/_vehicle_command_ack.py\n'}
[1.648514] (px4_msgs) StdoutLine: {'line': b'-- Up-to-date: /home/mcfb/ros2_ws/install/px4_msgs/lib/python3.12/site-packages/px4_msgs/msg/_wind.py\n'}
[1.648558] (px4_msgs) StdoutLine: {'line': b'-- Up-to-date: /home/mcfb/ros2_ws/install/px4_msgs/lib/python3.12/site-packages/px4_msgs/msg/_parameter_set_value_response_s.c\n'}
[1.648603] (px4_msgs) StdoutLine: {'line': b'-- Up-to-date: /home/mcfb/ros2_ws/install/px4_msgs/lib/python3.12/site-packages/px4_msgs/msg/_estimator_bias_s.c\n'}
[1.648644] (px4_msgs) StdoutLine: {'line': b'-- Up-to-date: /home/mcfb/ros2_ws/install/px4_msgs/lib/python3.12/site-packages/px4_msgs/msg/_sensor_airflow.py\n'}
[1.648688] (px4_msgs) StdoutLine: {'line': b'-- Up-to-date: /home/mcfb/ros2_ws/install/px4_msgs/lib/python3.12/site-packages/px4_msgs/msg/_onboard_computer_status.py\n'}
[1.648731] (px4_msgs) StdoutLine: {'line': b'-- Up-to-date: /home/mcfb/ros2_ws/install/px4_msgs/lib/python3.12/site-packages/px4_msgs/msg/_sensor_optical_flow.py\n'}
[1.648851] (px4_msgs) StdoutLine: {'line': b'-- Up-to-date: /home/mcfb/ros2_ws/install/px4_msgs/lib/python3.12/site-packages/px4_msgs/msg/_sensor_uwb.py\n'}
[1.648901] (px4_msgs) StdoutLine: {'line': b'-- Up-to-date: /home/mcfb/ros2_ws/install/px4_msgs/lib/python3.12/site-packages/px4_msgs/msg/_estimator_states_s.c\n'}
[1.648948] (px4_msgs) StdoutLine: {'line': b'-- Up-to-date: /home/mcfb/ros2_ws/install/px4_msgs/lib/python3.12/site-packages/px4_msgs/msg/_rc_channels.py\n'}
[1.648994] (px4_msgs) StdoutLine: {'line': b'-- Up-to-date: /home/mcfb/ros2_ws/install/px4_msgs/lib/python3.12/site-packages/px4_msgs/msg/_generator_status_s.c\n'}
[1.649039] (px4_msgs) StdoutLine: {'line': b'-- Up-to-date: /home/mcfb/ros2_ws/install/px4_msgs/lib/python3.12/site-packages/px4_msgs/msg/_px4io_status_s.c\n'}
[1.649085] (px4_msgs) StdoutLine: {'line': b'-- Up-to-date: /home/mcfb/ros2_ws/install/px4_msgs/lib/python3.12/site-packages/px4_msgs/msg/_message_format_request_s.c\n'}
[1.649129] (px4_msgs) StdoutLine: {'line': b'-- Up-to-date: /home/mcfb/ros2_ws/install/px4_msgs/lib/python3.12/site-packages/px4_msgs/msg/_actuator_servos_trim_s.c\n'}
[1.649174] (px4_msgs) StdoutLine: {'line': b'-- Up-to-date: /home/mcfb/ros2_ws/install/px4_msgs/lib/python3.12/site-packages/px4_msgs/msg/_mode_completed.py\n'}
[1.649218] (px4_msgs) StdoutLine: {'line': b'-- Up-to-date: /home/mcfb/ros2_ws/install/px4_msgs/lib/python3.12/site-packages/px4_msgs/msg/_satellite_info_s.c\n'}
[1.649264] (px4_msgs) StdoutLine: {'line': b'-- Up-to-date: /home/mcfb/ros2_ws/install/px4_msgs/lib/python3.12/site-packages/px4_msgs/msg/_camera_trigger.py\n'}
[1.649308] (px4_msgs) StdoutLine: {'line': b'-- Up-to-date: /home/mcfb/ros2_ws/install/px4_msgs/lib/python3.12/site-packages/px4_msgs/msg/_mission_result.py\n'}
[1.649511] (px4_msgs) StdoutLine: {'line': b'-- Up-to-date: /home/mcfb/ros2_ws/install/px4_msgs/lib/python3.12/site-packages/px4_msgs/msg/_navigator_status_s.c\n'}
[1.649577] (px4_msgs) StdoutLine: {'line': b'-- Up-to-date: /home/mcfb/ros2_ws/install/px4_msgs/lib/python3.12/site-packages/px4_msgs/msg/_distance_sensor_s.c\n'}
[1.649635] (px4_msgs) StdoutLine: {'line': b'-- Up-to-date: /home/mcfb/ros2_ws/install/px4_msgs/lib/python3.12/site-packages/px4_msgs/msg/_gpio_request.py\n'}
[1.649689] (px4_msgs) StdoutLine: {'line': b'-- Up-to-date: /home/mcfb/ros2_ws/install/px4_msgs/lib/python3.12/site-packages/px4_msgs/msg/_estimator_bias3d_s.c\n'}
[1.649760] (px4_msgs) StdoutLine: {'line': b'-- Up-to-date: /home/mcfb/ros2_ws/install/px4_msgs/lib/python3.12/site-packages/px4_msgs/msg/_position_controller_status.py\n'}
[1.649836] (px4_msgs) StdoutLine: {'line': b'-- Up-to-date: /home/mcfb/ros2_ws/install/px4_msgs/lib/python3.12/site-packages/px4_msgs/msg/_landing_gear_s.c\n'}
[1.649917] (px4_msgs) StdoutLine: {'line': b'-- Up-to-date: /home/mcfb/ros2_ws/install/px4_msgs/lib/python3.12/site-packages/px4_msgs/msg/_irlock_report_s.c\n'}
[1.649997] (px4_msgs) StdoutLine: {'line': b'-- Up-to-date: /home/mcfb/ros2_ws/install/px4_msgs/lib/python3.12/site-packages/px4_msgs/msg/_input_rc_s.c\n'}
[1.650079] (px4_msgs) StdoutLine: {'line': b'-- Up-to-date: /home/mcfb/ros2_ws/install/px4_msgs/lib/python3.12/site-packages/px4_msgs/msg/_internal_combustion_engine_status.py\n'}
[1.650153] (px4_msgs) StdoutLine: {'line': b'-- Up-to-date: /home/mcfb/ros2_ws/install/px4_msgs/lib/python3.12/site-packages/px4_msgs/msg/_gpio_in_s.c\n'}
[1.650213] (px4_msgs) StdoutLine: {'line': b'-- Up-to-date: /home/mcfb/ros2_ws/install/px4_msgs/lib/python3.12/site-packages/px4_msgs/msg/_sensor_gyro.py\n'}
[1.650277] (px4_msgs) StdoutLine: {'line': b'-- Up-to-date: /home/mcfb/ros2_ws/install/px4_msgs/lib/python3.12/site-packages/px4_msgs/msg/_gpio_out_s.c\n'}
[1.650333] (px4_msgs) StdoutLine: {'line': b'-- Up-to-date: /home/mcfb/ros2_ws/install/px4_msgs/lib/python3.12/site-packages/px4_msgs/msg/_rover_steering_setpoint_s.c\n'}
[1.650390] (px4_msgs) StdoutLine: {'line': b'-- Up-to-date: /home/mcfb/ros2_ws/install/px4_msgs/lib/python3.12/site-packages/px4_msgs/msg/_iridiumsbd_status_s.c\n'}
[1.650490] (px4_msgs) StdoutLine: {'line': b'-- Up-to-date: /home/mcfb/ros2_ws/install/px4_msgs/lib/python3.12/site-packages/px4_msgs/msg/_vehicle_magnetometer.py\n'}
[1.650556] (px4_msgs) StdoutLine: {'line': b'-- Up-to-date: /home/mcfb/ros2_ws/install/px4_msgs/lib/python3.12/site-packages/px4_msgs/msg/_ekf2_timestamps_s.c\n'}
[1.650601] (px4_msgs) StdoutLine: {'line': b'-- Up-to-date: /home/mcfb/ros2_ws/install/px4_msgs/lib/python3.12/site-packages/px4_msgs/msg/_generator_status.py\n'}
[1.650647] (px4_msgs) StdoutLine: {'line': b'-- Up-to-date: /home/mcfb/ros2_ws/install/px4_msgs/lib/python3.12/site-packages/px4_msgs/msg/_heater_status_s.c\n'}
[1.650693] (px4_msgs) StdoutLine: {'line': b'-- Up-to-date: /home/mcfb/ros2_ws/install/px4_msgs/lib/python3.12/site-packages/px4_msgs/msg/_mavlink_tunnel_s.c\n'}
[1.650740] (px4_msgs) StdoutLine: {'line': b'-- Up-to-date: /home/mcfb/ros2_ws/install/px4_msgs/lib/python3.12/site-packages/px4_msgs/msg/_wheel_encoders.py\n'}
[1.650786] (px4_msgs) StdoutLine: {'line': b'-- Up-to-date: /home/mcfb/ros2_ws/install/px4_msgs/lib/python3.12/site-packages/px4_msgs/msg/_vehicle_control_mode.py\n'}
[1.650833] (px4_msgs) StdoutLine: {'line': b'-- Up-to-date: /home/mcfb/ros2_ws/install/px4_msgs/lib/python3.12/site-packages/px4_msgs/msg/_estimator_bias.py\n'}
[1.650879] (px4_msgs) StdoutLine: {'line': b'-- Up-to-date: /home/mcfb/ros2_ws/install/px4_msgs/lib/python3.12/site-packages/px4_msgs/msg/_follow_target_estimator_s.c\n'}
[1.650926] (px4_msgs) StdoutLine: {'line': b'-- Up-to-date: /home/mcfb/ros2_ws/install/px4_msgs/lib/python3.12/site-packages/px4_msgs/msg/_estimator_innovations.py\n'}
[1.650972] (px4_msgs) StdoutLine: {'line': b'-- Up-to-date: /home/mcfb/ros2_ws/install/px4_msgs/lib/python3.12/site-packages/px4_msgs/msg/_gimbal_device_information.py\n'}
[1.651051] (px4_msgs) StdoutLine: {'line': b'-- Up-to-date: /home/mcfb/ros2_ws/install/px4_msgs/lib/python3.12/site-packages/px4_msgs/msg/_failure_detector_status_s.c\n'}
[1.651094] (px4_msgs) StdoutLine: {'line': b'-- Up-to-date: /home/mcfb/ros2_ws/install/px4_msgs/lib/python3.12/site-packages/px4_msgs/msg/_manual_control_switches.py\n'}
[1.651141] (px4_msgs) StdoutLine: {'line': b'-- Up-to-date: /home/mcfb/ros2_ws/install/px4_msgs/lib/python3.12/site-packages/px4_msgs/msg/_takeoff_status_s.c\n'}
[1.651185] (px4_msgs) StdoutLine: {'line': b'-- Up-to-date: /home/mcfb/ros2_ws/install/px4_msgs/lib/python3.12/site-packages/px4_msgs/msg/_vehicle_air_data.py\n'}
[1.651231] (px4_msgs) StdoutLine: {'line': b'-- Up-to-date: /home/mcfb/ros2_ws/install/px4_msgs/lib/python3.12/site-packages/px4_msgs/msg/_sensor_preflight_mag.py\n'}
[1.651280] (px4_msgs) StdoutLine: {'line': b'-- Up-to-date: /home/mcfb/ros2_ws/install/px4_msgs/lib/python3.12/site-packages/px4_msgs/msg/_fixed_wing_lateral_status.py\n'}
[1.651336] (px4_msgs) StdoutLine: {'line': b'-- Up-to-date: /home/mcfb/ros2_ws/install/px4_msgs/lib/python3.12/site-packages/px4_msgs/msg/_led_control_s.c\n'}
[1.651385] (px4_msgs) StdoutLine: {'line': b'-- Up-to-date: /home/mcfb/ros2_ws/install/px4_msgs/lib/python3.12/site-packages/px4_msgs/msg/_rover_speed_status.py\n'}
[1.651433] (px4_msgs) StdoutLine: {'line': b'-- Up-to-date: /home/mcfb/ros2_ws/install/px4_msgs/lib/python3.12/site-packages/px4_msgs/msg/_distance_sensor_mode_change_request_s.c\n'}
[1.651482] (px4_msgs) StdoutLine: {'line': b'-- Up-to-date: /home/mcfb/ros2_ws/install/px4_msgs/lib/python3.12/site-packages/px4_msgs/msg/_register_ext_component_request_s.c\n'}
[1.651530] (px4_msgs) StdoutLine: {'line': b'-- Up-to-date: /home/mcfb/ros2_ws/install/px4_msgs/lib/python3.12/site-packages/px4_msgs/msg/_geofence_result_s.c\n'}
[1.651577] (px4_msgs) StdoutLine: {'line': b'-- Up-to-date: /home/mcfb/ros2_ws/install/px4_msgs/lib/python3.12/site-packages/px4_msgs/msg/_position_setpoint_s.c\n'}
[1.651624] (px4_msgs) StdoutLine: {'line': b'-- Up-to-date: /home/mcfb/ros2_ws/install/px4_msgs/lib/python3.12/site-packages/px4_msgs/msg/__init__.py\n'}
[1.651670] (px4_msgs) StdoutLine: {'line': b'-- Up-to-date: /home/mcfb/ros2_ws/install/px4_msgs/lib/python3.12/site-packages/px4_msgs/msg/_event.py\n'}
[1.651717] (px4_msgs) StdoutLine: {'line': b'-- Up-to-date: /home/mcfb/ros2_ws/install/px4_msgs/lib/python3.12/site-packages/px4_msgs/msg/_landing_target_innovations.py\n'}
[1.651761] (px4_msgs) StdoutLine: {'line': b'-- Up-to-date: /home/mcfb/ros2_ws/install/px4_msgs/lib/python3.12/site-packages/px4_msgs/msg/_config_overrides.py\n'}
[1.651810] (px4_msgs) StdoutLine: {'line': b'-- Up-to-date: /home/mcfb/ros2_ws/install/px4_msgs/lib/python3.12/site-packages/px4_msgs/msg/_camera_capture.py\n'}
[1.651855] (px4_msgs) StdoutLine: {'line': b'-- Up-to-date: /home/mcfb/ros2_ws/install/px4_msgs/lib/python3.12/site-packages/px4_msgs/msg/_trajectory_setpoint_s.c\n'}
[1.651902] (px4_msgs) StdoutLine: {'line': b'-- Up-to-date: /home/mcfb/ros2_ws/install/px4_msgs/lib/python3.12/site-packages/px4_msgs/msg/_rtl_time_estimate.py\n'}
[1.651949] (px4_msgs) StdoutLine: {'line': b'-- Up-to-date: /home/mcfb/ros2_ws/install/px4_msgs/lib/python3.12/site-packages/px4_msgs/msg/_vehicle_thrust_setpoint_s.c\n'}
[1.651996] (px4_msgs) StdoutLine: {'line': b'-- Up-to-date: /home/mcfb/ros2_ws/install/px4_msgs/lib/python3.12/site-packages/px4_msgs/msg/_vehicle_torque_setpoint_s.c\n'}
[1.652082] (px4_msgs) StdoutLine: {'line': b'-- Up-to-date: /home/mcfb/ros2_ws/install/px4_msgs/lib/python3.12/site-packages/px4_msgs/msg/_battery_status.py\n'}
[1.652127] (px4_msgs) StdoutLine: {'line': b'-- Up-to-date: /home/mcfb/ros2_ws/install/px4_msgs/lib/python3.12/site-packages/px4_msgs/msg/_rover_rate_setpoint_s.c\n'}
[1.652170] (px4_msgs) StdoutLine: {'line': b'-- Up-to-date: /home/mcfb/ros2_ws/install/px4_msgs/lib/python3.12/site-packages/px4_msgs/msg/_gimbal_manager_status.py\n'}
[1.652214] (px4_msgs) StdoutLine: {'line': b'-- Up-to-date: /home/mcfb/ros2_ws/install/px4_msgs/lib/python3.12/site-packages/px4_msgs/msg/_actuator_servos.py\n'}
[1.652283] (px4_msgs) StdoutLine: {'line': b'-- Up-to-date: /home/mcfb/ros2_ws/install/px4_msgs/lib/python3.12/site-packages/px4_msgs/msg/_tiltrotor_extra_controls_s.c\n'}
[1.652406] (px4_msgs) StdoutLine: {'line': b'-- Up-to-date: /home/mcfb/ros2_ws/install/px4_msgs/lib/python3.12/site-packages/px4_msgs/msg/_open_drone_id_operator_id_s.c\n'}
[1.652519] (px4_msgs) StdoutLine: {'line': b'-- Up-to-date: /home/mcfb/ros2_ws/install/px4_msgs/lib/python3.12/site-packages/px4_msgs/msg/_tune_control_s.c\n'}
[1.652578] (px4_msgs) StdoutLine: {'line': b'-- Up-to-date: /home/mcfb/ros2_ws/install/px4_msgs/lib/python3.12/site-packages/px4_msgs/msg/_trajectory_setpoint6dof.py\n'}
[1.652632] (px4_msgs) StdoutLine: {'line': b'-- Up-to-date: /home/mcfb/ros2_ws/install/px4_msgs/lib/python3.12/site-packages/px4_msgs/msg/_logger_status_s.c\n'}
[1.652682] (px4_msgs) StdoutLine: {'line': b'-- Up-to-date: /home/mcfb/ros2_ws/install/px4_msgs/lib/python3.12/site-packages/px4_msgs/msg/_launch_detection_status.py\n'}
[1.652730] (px4_msgs) StdoutLine: {'line': b'-- Up-to-date: /home/mcfb/ros2_ws/install/px4_msgs/lib/python3.12/site-packages/px4_msgs/msg/_estimator_innovations_s.c\n'}
[1.652778] (px4_msgs) StdoutLine: {'line': b'-- Up-to-date: /home/mcfb/ros2_ws/install/px4_msgs/lib/python3.12/site-packages/px4_msgs/msg/_distance_sensor_mode_change_request.py\n'}
[1.652827] (px4_msgs) StdoutLine: {'line': b'-- Up-to-date: /home/mcfb/ros2_ws/install/px4_msgs/lib/python3.12/site-packages/px4_msgs/msg/_yaw_estimator_status_s.c\n'}
[1.652873] (px4_msgs) StdoutLine: {'line': b'-- Up-to-date: /home/mcfb/ros2_ws/install/px4_msgs/lib/python3.12/site-packages/px4_msgs/msg/_vehicle_land_detected.py\n'}
[1.652919] (px4_msgs) StdoutLine: {'line': b'-- Up-to-date: /home/mcfb/ros2_ws/install/px4_msgs/lib/python3.12/site-packages/px4_msgs/msg/_unregister_ext_component.py\n'}
[1.652967] (px4_msgs) StdoutLine: {'line': b'-- Up-to-date: /home/mcfb/ros2_ws/install/px4_msgs/lib/python3.12/site-packages/px4_msgs/msg/_rover_position_setpoint_s.c\n'}
[1.653013] (px4_msgs) StdoutLine: {'line': b'-- Up-to-date: /home/mcfb/ros2_ws/install/px4_msgs/lib/python3.12/site-packages/px4_msgs/msg/_open_drone_id_system_s.c\n'}
[1.653066] (px4_msgs) StdoutLine: {'line': b'-- Up-to-date: /home/mcfb/ros2_ws/install/px4_msgs/lib/python3.12/site-packages/px4_msgs/msg/_health_report_s.c\n'}
[1.653111] (px4_msgs) StdoutLine: {'line': b'-- Up-to-date: /home/mcfb/ros2_ws/install/px4_msgs/lib/python3.12/site-packages/px4_msgs/msg/_vehicle_command.py\n'}
[1.653158] (px4_msgs) StdoutLine: {'line': b'-- Up-to-date: /home/mcfb/ros2_ws/install/px4_msgs/lib/python3.12/site-packages/px4_msgs/msg/_can_interface_status_s.c\n'}
[1.653203] (px4_msgs) StdoutLine: {'line': b'-- Up-to-date: /home/mcfb/ros2_ws/install/px4_msgs/lib/python3.12/site-packages/px4_msgs/msg/_debug_vect.py\n'}
[1.653273] (px4_msgs) StdoutLine: {'line': b'-- Up-to-date: /home/mcfb/ros2_ws/install/px4_msgs/lib/python3.12/site-packages/px4_msgs/msg/_landing_gear.py\n'}
[1.653324] (px4_msgs) StdoutLine: {'line': b'-- Up-to-date: /home/mcfb/ros2_ws/install/px4_msgs/lib/python3.12/site-packages/px4_msgs/msg/_longitudinal_control_configuration.py\n'}
[1.653370] (px4_msgs) StdoutLine: {'line': b'-- Up-to-date: /home/mcfb/ros2_ws/install/px4_msgs/lib/python3.12/site-packages/px4_msgs/msg/_vehicle_local_position_setpoint_s.c\n'}
[1.653415] (px4_msgs) StdoutLine: {'line': b'-- Up-to-date: /home/mcfb/ros2_ws/install/px4_msgs/lib/python3.12/site-packages/px4_msgs/msg/_failsafe_flags.py\n'}
[1.653458] (px4_msgs) StdoutLine: {'line': b'-- Up-to-date: /home/mcfb/ros2_ws/install/px4_msgs/lib/python3.12/site-packages/px4_msgs/msg/_input_rc.py\n'}
[1.653502] (px4_msgs) StdoutLine: {'line': b'-- Up-to-date: /home/mcfb/ros2_ws/install/px4_msgs/lib/python3.12/site-packages/px4_msgs/msg/_vehicle_torque_setpoint.py\n'}
[1.653545] (px4_msgs) StdoutLine: {'line': b'-- Up-to-date: /home/mcfb/ros2_ws/install/px4_msgs/lib/python3.12/site-packages/px4_msgs/msg/_debug_vect_s.c\n'}
[1.653597] (px4_msgs) StdoutLine: {'line': b'-- Up-to-date: /home/mcfb/ros2_ws/install/px4_msgs/lib/python3.12/site-packages/px4_msgs/msg/_open_drone_id_self_id.py\n'}
[1.653639] (px4_msgs) StdoutLine: {'line': b'-- Up-to-date: /home/mcfb/ros2_ws/install/px4_msgs/lib/python3.12/site-packages/px4_msgs/msg/_vehicle_optical_flow_vel.py\n'}
[1.653679] (px4_msgs) StdoutLine: {'line': b'-- Up-to-date: /home/mcfb/ros2_ws/install/px4_msgs/lib/python3.12/site-packages/px4_msgs/msg/_cpuload_s.c\n'}
[1.653725] (px4_msgs) StdoutLine: {'line': b'-- Up-to-date: /home/mcfb/ros2_ws/install/px4_msgs/lib/python3.12/site-packages/px4_msgs/msg/_sensor_gps_s.c\n'}
[1.653773] (px4_msgs) StdoutLine: {'line': b'-- Up-to-date: /home/mcfb/ros2_ws/install/px4_msgs/lib/python3.12/site-packages/px4_msgs/msg/_dataman_response.py\n'}
[1.653858] (px4_msgs) StdoutLine: {'line': b'-- Up-to-date: /home/mcfb/ros2_ws/install/px4_msgs/lib/python3.12/site-packages/px4_msgs/msg/_task_stack_info.py\n'}
[1.653904] (px4_msgs) StdoutLine: {'line': b'-- Up-to-date: /home/mcfb/ros2_ws/install/px4_msgs/lib/python3.12/site-packages/px4_msgs/msg/_sensor_hygrometer.py\n'}
[1.653947] (px4_msgs) StdoutLine: {'line': b'-- Up-to-date: /home/mcfb/ros2_ws/install/px4_msgs/lib/python3.12/site-packages/px4_msgs/msg/_fixed_wing_longitudinal_setpoint.py\n'}
[1.653988] (px4_msgs) StdoutLine: {'line': b'-- Up-to-date: /home/mcfb/ros2_ws/install/px4_msgs/lib/python3.12/site-packages/px4_msgs/msg/_fixed_wing_lateral_status_s.c\n'}
[1.654049] (px4_msgs) StdoutLine: {'line': b'-- Up-to-date: /home/mcfb/ros2_ws/install/px4_msgs/lib/python3.12/site-packages/px4_msgs/msg/_arming_check_reply.py\n'}
[1.654120] (px4_msgs) StdoutLine: {'line': b'-- Up-to-date: /home/mcfb/ros2_ws/install/px4_msgs/lib/python3.12/site-packages/px4_msgs/msg/_airspeed_validated_s.c\n'}
[1.654191] (px4_msgs) StdoutLine: {'line': b'-- Up-to-date: /home/mcfb/ros2_ws/install/px4_msgs/lib/python3.12/site-packages/px4_msgs/msg/_mode_completed_s.c\n'}
[1.654241] (px4_msgs) StdoutLine: {'line': b'-- Up-to-date: /home/mcfb/ros2_ws/install/px4_msgs/lib/python3.12/site-packages/px4_msgs/msg/_estimator_aid_source3d.py\n'}
[1.654319] (px4_msgs) StdoutLine: {'line': b'-- Up-to-date: /home/mcfb/ros2_ws/install/px4_msgs/lib/python3.12/site-packages/px4_msgs/msg/_manual_control_setpoint_s.c\n'}
[1.654404] (px4_msgs) StdoutLine: {'line': b'-- Up-to-date: /home/mcfb/ros2_ws/install/px4_msgs/lib/python3.12/site-packages/px4_msgs/msg/_message_format_request.py\n'}
[1.654743] (px4_msgs) StdoutLine: {'line': b'-- Up-to-date: /home/mcfb/ros2_ws/install/px4_msgs/lib/python3.12/site-packages/px4_msgs/msg/_parameter_reset_request.py\n'}
[1.654836] (px4_msgs) StdoutLine: {'line': b'-- Up-to-date: /home/mcfb/ros2_ws/install/px4_msgs/lib/python3.12/site-packages/px4_msgs/msg/_dataman_request_s.c\n'}
[1.654884] (px4_msgs) StdoutLine: {'line': b'-- Up-to-date: /home/mcfb/ros2_ws/install/px4_msgs/lib/python3.12/site-packages/px4_msgs/msg/_rtl_status.py\n'}
[1.654923] (px4_msgs) StdoutLine: {'line': b'-- Up-to-date: /home/mcfb/ros2_ws/install/px4_msgs/lib/python3.12/site-packages/px4_msgs/msg/_vehicle_rates_setpoint_s.c\n'}
[1.654963] (px4_msgs) StdoutLine: {'line': b'-- Up-to-date: /home/mcfb/ros2_ws/install/px4_msgs/lib/python3.12/site-packages/px4_msgs/msg/_vehicle_optical_flow.py\n'}
[1.655004] (px4_msgs) StdoutLine: {'line': b'-- Up-to-date: /home/mcfb/ros2_ws/install/px4_msgs/lib/python3.12/site-packages/px4_msgs/msg/_pwm_input_s.c\n'}
[1.655043] (px4_msgs) StdoutLine: {'line': b'-- Up-to-date: /home/mcfb/ros2_ws/install/px4_msgs/lib/python3.12/site-packages/px4_msgs/msg/_geofence_status_s.c\n'}
[1.655083] (px4_msgs) StdoutLine: {'line': b'-- Up-to-date: /home/mcfb/ros2_ws/install/px4_msgs/lib/python3.12/site-packages/px4_msgs/msg/_gimbal_controls_s.c\n'}
[1.655190] (px4_msgs) StdoutLine: {'line': b'-- Up-to-date: /home/mcfb/ros2_ws/install/px4_msgs/lib/python3.12/site-packages/px4_msgs/msg/_irlock_report.py\n'}
[1.655230] (px4_msgs) StdoutLine: {'line': b'-- Up-to-date: /home/mcfb/ros2_ws/install/px4_msgs/lib/python3.12/site-packages/px4_msgs/msg/_ekf2_timestamps.py\n'}
[1.655282] (px4_msgs) StdoutLine: {'line': b'-- Up-to-date: /home/mcfb/ros2_ws/install/px4_msgs/lib/python3.12/site-packages/px4_msgs/msg/_actuator_outputs_s.c\n'}
[1.655327] (px4_msgs) StdoutLine: {'line': b'-- Up-to-date: /home/mcfb/ros2_ws/install/px4_msgs/lib/python3.12/site-packages/px4_msgs/msg/_neural_control.py\n'}
[1.655365] (px4_msgs) StdoutLine: {'line': b'-- Up-to-date: /home/mcfb/ros2_ws/install/px4_msgs/lib/python3.12/site-packages/px4_msgs/msg/_neural_control_s.c\n'}
[1.655407] (px4_msgs) StdoutLine: {'line': b'-- Up-to-date: /home/mcfb/ros2_ws/install/px4_msgs/lib/python3.12/site-packages/px4_msgs/msg/_unregister_ext_component_s.c\n'}
[1.655463] (px4_msgs) StdoutLine: {'line': b'-- Up-to-date: /home/mcfb/ros2_ws/install/px4_msgs/lib/python3.12/site-packages/px4_msgs/msg/_battery_info_s.c\n'}
[1.655508] (px4_msgs) StdoutLine: {'line': b'-- Up-to-date: /home/mcfb/ros2_ws/install/px4_msgs/lib/python3.12/site-packages/px4_msgs/msg/_sensor_hygrometer_s.c\n'}
[1.655557] (px4_msgs) StdoutLine: {'line': b'-- Up-to-date: /home/mcfb/ros2_ws/install/px4_msgs/lib/python3.12/site-packages/px4_msgs/msg/_vehicle_land_detected_s.c\n'}
[1.655610] (px4_msgs) StdoutLine: {'line': b'-- Up-to-date: /home/mcfb/ros2_ws/install/px4_msgs/lib/python3.12/site-packages/px4_msgs/msg/_esc_status.py\n'}
[1.655655] (px4_msgs) StdoutLine: {'line': b'-- Up-to-date: /home/mcfb/ros2_ws/install/px4_msgs/lib/python3.12/site-packages/px4_msgs/msg/_actuator_servos_s.c\n'}
[1.655720] (px4_msgs) StdoutLine: {'line': b'-- Up-to-date: /home/mcfb/ros2_ws/install/px4_msgs/lib/python3.12/site-packages/px4_msgs/msg/_vehicle_roi.py\n'}
[1.655762] (px4_msgs) StdoutLine: {'line': b'-- Up-to-date: /home/mcfb/ros2_ws/install/px4_msgs/lib/python3.12/site-packages/px4_msgs/msg/_dronecan_node_status_s.c\n'}
[1.655801] (px4_msgs) StdoutLine: {'line': b'-- Up-to-date: /home/mcfb/ros2_ws/install/px4_msgs/lib/python3.12/site-packages/px4_msgs/msg/_esc_report.py\n'}
[1.655839] (px4_msgs) StdoutLine: {'line': b'-- Up-to-date: /home/mcfb/ros2_ws/install/px4_msgs/lib/python3.12/site-packages/px4_msgs/msg/_sensor_selection_s.c\n'}
[1.655907] (px4_msgs) StdoutLine: {'line': b'-- Up-to-date: /home/mcfb/ros2_ws/install/px4_msgs/lib/python3.12/site-packages/px4_msgs/msg/_rtl_status_s.c\n'}
[1.655963] (px4_msgs) StdoutLine: {'line': b'-- Up-to-date: /home/mcfb/ros2_ws/install/px4_msgs/lib/python3.12/site-packages/px4_msgs/msg/_tiltrotor_extra_controls.py\n'}
[1.656017] (px4_msgs) StdoutLine: {'line': b'-- Up-to-date: /home/mcfb/ros2_ws/install/px4_msgs/lib/python3.12/site-packages/px4_msgs/msg/_vehicle_global_position_s.c\n'}
[1.656070] (px4_msgs) StdoutLine: {'line': b'-- Up-to-date: /home/mcfb/ros2_ws/install/px4_msgs/lib/python3.12/site-packages/px4_msgs/msg/_message_format_response_s.c\n'}
[1.656125] (px4_msgs) StdoutLine: {'line': b'-- Up-to-date: /home/mcfb/ros2_ws/install/px4_msgs/lib/python3.12/site-packages/px4_msgs/msg/_orb_test_large.py\n'}
[1.656176] (px4_msgs) StdoutLine: {'line': b'-- Up-to-date: /home/mcfb/ros2_ws/install/px4_msgs/lib/python3.12/site-packages/px4_msgs/msg/_vehicle_local_position_setpoint.py\n'}
[1.656231] (px4_msgs) StdoutLine: {'line': b'-- Up-to-date: /home/mcfb/ros2_ws/install/px4_msgs/lib/python3.12/site-packages/px4_msgs/msg/_rc_parameter_map_s.c\n'}
[1.656280] (px4_msgs) StdoutLine: {'line': b'-- Up-to-date: /home/mcfb/ros2_ws/install/px4_msgs/lib/python3.12/site-packages/px4_msgs/msg/_fuel_tank_status.py\n'}
[1.656515] (px4_msgs) StdoutLine: {'line': b'-- Up-to-date: /home/mcfb/ros2_ws/install/px4_msgs/lib/python3.12/site-packages/px4_msgs/msg/_fixed_wing_lateral_setpoint.py\n'}
[1.656589] (px4_msgs) StdoutLine: {'line': b'-- Up-to-date: /home/mcfb/ros2_ws/install/px4_msgs/lib/python3.12/site-packages/px4_msgs/msg/_rc_parameter_map.py\n'}
[1.656652] (px4_msgs) StdoutLine: {'line': b'-- Up-to-date: /home/mcfb/ros2_ws/install/px4_msgs/lib/python3.12/site-packages/px4_msgs/msg/_gpio_config.py\n'}
[1.656710] (px4_msgs) StdoutLine: {'line': b'-- Up-to-date: /home/mcfb/ros2_ws/install/px4_msgs/lib/python3.12/site-packages/px4_msgs/msg/_iridiumsbd_status.py\n'}
[1.656781] (px4_msgs) StdoutLine: {'line': b'-- Up-to-date: /home/mcfb/ros2_ws/install/px4_msgs/lib/python3.12/site-packages/px4_msgs/msg/_internal_combustion_engine_status_s.c\n'}
[1.656826] (px4_msgs) StdoutLine: {'line': b'-- Up-to-date: /home/mcfb/ros2_ws/install/px4_msgs/lib/python3.12/site-packages/px4_msgs/msg/_vehicle_imu.py\n'}
[1.656870] (px4_msgs) StdoutLine: {'line': b'-- Up-to-date: /home/mcfb/ros2_ws/install/px4_msgs/lib/python3.12/site-packages/px4_msgs/msg/_vehicle_imu_status_s.c\n'}
[1.656975] (px4_msgs) StdoutLine: {'line': b'-- Up-to-date: /home/mcfb/ros2_ws/install/px4_msgs/lib/python3.12/site-packages/px4_msgs/msg/_navigator_status.py\n'}
[1.657053] (px4_msgs) StdoutLine: {'line': b'-- Up-to-date: /home/mcfb/ros2_ws/install/px4_msgs/lib/python3.12/site-packages/px4_msgs/msg/_geofence_result.py\n'}
[1.657124] (px4_msgs) StdoutLine: {'line': b'-- Up-to-date: /home/mcfb/ros2_ws/install/px4_msgs/lib/python3.12/site-packages/px4_msgs/msg/_actuator_armed.py\n'}
[1.657189] (px4_msgs) StdoutLine: {'line': b'-- Up-to-date: /home/mcfb/ros2_ws/install/px4_msgs/lib/python3.12/site-packages/px4_msgs/msg/_control_allocator_status_s.c\n'}
[1.657260] (px4_msgs) StdoutLine: {'line': b'-- Up-to-date: /home/mcfb/ros2_ws/install/px4_msgs/lib/python3.12/site-packages/px4_msgs/msg/_gimbal_controls.py\n'}
[1.657350] (px4_msgs) StdoutLine: {'line': b'-- Up-to-date: /home/mcfb/ros2_ws/install/px4_msgs/lib/python3.12/site-packages/px4_msgs/msg/_ulog_stream.py\n'}
[1.657418] (px4_msgs) StdoutLine: {'line': b'-- Up-to-date: /home/mcfb/ros2_ws/install/px4_msgs/lib/python3.12/site-packages/px4_msgs/_px4_msgs_s.ep.rosidl_typesupport_fastrtps_c.c\n'}
[1.657489] (px4_msgs) StdoutLine: {'line': b'-- Up-to-date: /home/mcfb/ros2_ws/install/px4_msgs/lib/python3.12/site-packages/px4_msgs/__init__.py\n'}
[1.657552] (px4_msgs) StdoutLine: {'line': b'-- Up-to-date: /home/mcfb/ros2_ws/install/px4_msgs/lib/python3.12/site-packages/px4_msgs/_px4_msgs_s.ep.rosidl_typesupport_introspection_c.c\n'}
[1.657614] (px4_msgs) StdoutLine: {'line': b'-- Up-to-date: /home/mcfb/ros2_ws/install/px4_msgs/lib/python3.12/site-packages/px4_msgs/_px4_msgs_s.ep.rosidl_typesupport_c.c\n'}
[1.657674] (px4_msgs) StdoutLine: {'line': b'-- Up-to-date: /home/mcfb/ros2_ws/install/px4_msgs/lib/python3.12/site-packages/px4_msgs/px4_msgs_s__rosidl_typesupport_c.so\n'}
[1.657735] (px4_msgs) StdoutLine: {'line': b'-- Up-to-date: /home/mcfb/ros2_ws/install/px4_msgs/lib/python3.12/site-packages/px4_msgs/px4_msgs_s__rosidl_typesupport_fastrtps_c.so\n'}
[1.657797] (px4_msgs) StdoutLine: {'line': b"Listing '/home/mcfb/ros2_ws/install/px4_msgs/lib/python3.12/site-packages/px4_msgs'...\n"}
[1.657901] (px4_msgs) StdoutLine: {'line': b"Listing '/home/mcfb/ros2_ws/install/px4_msgs/lib/python3.12/site-packages/px4_msgs/msg'...\n"}
[1.657949] (px4_msgs) StdoutLine: {'line': b"Listing '/home/mcfb/ros2_ws/install/px4_msgs/lib/python3.12/site-packages/px4_msgs/srv'...\n"}
[1.657994] (px4_msgs) StdoutLine: {'line': b'-- Up-to-date: /home/mcfb/ros2_ws/install/px4_msgs/lib/python3.12/site-packages/px4_msgs/px4_msgs_s__rosidl_typesupport_fastrtps_c.so\n'}
[1.658054] (px4_msgs) StdoutLine: {'line': b'-- Up-to-date: /home/mcfb/ros2_ws/install/px4_msgs/lib/python3.12/site-packages/px4_msgs/px4_msgs_s__rosidl_typesupport_introspection_c.so\n'}
[1.658140] (px4_msgs) StdoutLine: {'line': b'-- Up-to-date: /home/mcfb/ros2_ws/install/px4_msgs/lib/python3.12/site-packages/px4_msgs/px4_msgs_s__rosidl_typesupport_c.so\n'}
[1.658199] (px4_msgs) StdoutLine: {'line': b'-- Up-to-date: /home/mcfb/ros2_ws/install/px4_msgs/lib/libpx4_msgs__rosidl_generator_py.so\n'}
[1.658260] (px4_msgs) StdoutLine: {'line': b'-- Up-to-date: /home/mcfb/ros2_ws/install/px4_msgs/share/px4_msgs/msg/ActionRequest.idl\n'}
[1.658334] (px4_msgs) StdoutLine: {'line': b'-- Up-to-date: /home/mcfb/ros2_ws/install/px4_msgs/share/px4_msgs/msg/ActuatorArmed.idl\n'}
[1.658406] (px4_msgs) StdoutLine: {'line': b'-- Up-to-date: /home/mcfb/ros2_ws/install/px4_msgs/share/px4_msgs/msg/ActuatorControlsStatus.idl\n'}
[1.658482] (px4_msgs) StdoutLine: {'line': b'-- Up-to-date: /home/mcfb/ros2_ws/install/px4_msgs/share/px4_msgs/msg/ActuatorMotors.idl\n'}
[1.658530] (px4_msgs) StdoutLine: {'line': b'-- Up-to-date: /home/mcfb/ros2_ws/install/px4_msgs/share/px4_msgs/msg/ActuatorOutputs.idl\n'}
[1.658574] (px4_msgs) StdoutLine: {'line': b'-- Up-to-date: /home/mcfb/ros2_ws/install/px4_msgs/share/px4_msgs/msg/ActuatorServos.idl\n'}
[1.658618] (px4_msgs) StdoutLine: {'line': b'-- Up-to-date: /home/mcfb/ros2_ws/install/px4_msgs/share/px4_msgs/msg/ActuatorServosTrim.idl\n'}
[1.658665] (px4_msgs) StdoutLine: {'line': b'-- Up-to-date: /home/mcfb/ros2_ws/install/px4_msgs/share/px4_msgs/msg/ActuatorTest.idl\n'}
[1.658729] (px4_msgs) StdoutLine: {'line': b'-- Up-to-date: /home/mcfb/ros2_ws/install/px4_msgs/share/px4_msgs/msg/AdcReport.idl\n'}
[1.658791] (px4_msgs) StdoutLine: {'line': b'-- Up-to-date: /home/mcfb/ros2_ws/install/px4_msgs/share/px4_msgs/msg/Airspeed.idl\n'}
[1.658850] (px4_msgs) StdoutLine: {'line': b'-- Up-to-date: /home/mcfb/ros2_ws/install/px4_msgs/share/px4_msgs/msg/AirspeedValidated.idl\n'}
[1.658909] (px4_msgs) StdoutLine: {'line': b'-- Up-to-date: /home/mcfb/ros2_ws/install/px4_msgs/share/px4_msgs/msg/AirspeedWind.idl\n'}
[1.658968] (px4_msgs) StdoutLine: {'line': b'-- Up-to-date: /home/mcfb/ros2_ws/install/px4_msgs/share/px4_msgs/msg/ArmingCheckReply.idl\n'}
[1.659045] (px4_msgs) StdoutLine: {'line': b'-- Up-to-date: /home/mcfb/ros2_ws/install/px4_msgs/share/px4_msgs/msg/ArmingCheckRequest.idl\n'}
[1.659090] (px4_msgs) StdoutLine: {'line': b'-- Up-to-date: /home/mcfb/ros2_ws/install/px4_msgs/share/px4_msgs/msg/AutotuneAttitudeControlStatus.idl\n'}
[1.659135] (px4_msgs) StdoutLine: {'line': b'-- Up-to-date: /home/mcfb/ros2_ws/install/px4_msgs/share/px4_msgs/msg/BatteryInfo.idl\n'}
[1.659178] (px4_msgs) StdoutLine: {'line': b'-- Up-to-date: /home/mcfb/ros2_ws/install/px4_msgs/share/px4_msgs/msg/BatteryStatus.idl\n'}
[1.659220] (px4_msgs) StdoutLine: {'line': b'-- Up-to-date: /home/mcfb/ros2_ws/install/px4_msgs/share/px4_msgs/msg/ButtonEvent.idl\n'}
[1.659263] (px4_msgs) StdoutLine: {'line': b'-- Up-to-date: /home/mcfb/ros2_ws/install/px4_msgs/share/px4_msgs/msg/CameraCapture.idl\n'}
[1.659324] (px4_msgs) StdoutLine: {'line': b'-- Up-to-date: /home/mcfb/ros2_ws/install/px4_msgs/share/px4_msgs/msg/CameraStatus.idl\n'}
[1.659385] (px4_msgs) StdoutLine: {'line': b'-- Up-to-date: /home/mcfb/ros2_ws/install/px4_msgs/share/px4_msgs/msg/CameraTrigger.idl\n'}
[1.659447] (px4_msgs) StdoutLine: {'line': b'-- Up-to-date: /home/mcfb/ros2_ws/install/px4_msgs/share/px4_msgs/msg/CanInterfaceStatus.idl\n'}
[1.659505] (px4_msgs) StdoutLine: {'line': b'-- Up-to-date: /home/mcfb/ros2_ws/install/px4_msgs/share/px4_msgs/msg/CellularStatus.idl\n'}
[1.659565] (px4_msgs) StdoutLine: {'line': b'-- Up-to-date: /home/mcfb/ros2_ws/install/px4_msgs/share/px4_msgs/msg/CollisionConstraints.idl\n'}
[1.659623] (px4_msgs) StdoutLine: {'line': b'-- Up-to-date: /home/mcfb/ros2_ws/install/px4_msgs/share/px4_msgs/msg/ConfigOverrides.idl\n'}
[1.659682] (px4_msgs) StdoutLine: {'line': b'-- Up-to-date: /home/mcfb/ros2_ws/install/px4_msgs/share/px4_msgs/msg/ControlAllocatorStatus.idl\n'}
[1.659744] (px4_msgs) StdoutLine: {'line': b'-- Up-to-date: /home/mcfb/ros2_ws/install/px4_msgs/share/px4_msgs/msg/Cpuload.idl\n'}
[1.659805] (px4_msgs) StdoutLine: {'line': b'-- Up-to-date: /home/mcfb/ros2_ws/install/px4_msgs/share/px4_msgs/msg/DatamanRequest.idl\n'}
[1.659864] (px4_msgs) StdoutLine: {'line': b'-- Up-to-date: /home/mcfb/ros2_ws/install/px4_msgs/share/px4_msgs/msg/DatamanResponse.idl\n'}
[1.659925] (px4_msgs) StdoutLine: {'line': b'-- Up-to-date: /home/mcfb/ros2_ws/install/px4_msgs/share/px4_msgs/msg/DebugArray.idl\n'}
[1.659985] (px4_msgs) StdoutLine: {'line': b'-- Up-to-date: /home/mcfb/ros2_ws/install/px4_msgs/share/px4_msgs/msg/DebugKeyValue.idl\n'}
[1.660046] (px4_msgs) StdoutLine: {'line': b'-- Up-to-date: /home/mcfb/ros2_ws/install/px4_msgs/share/px4_msgs/msg/DebugValue.idl\n'}
[1.660107] (px4_msgs) StdoutLine: {'line': b'-- Up-to-date: /home/mcfb/ros2_ws/install/px4_msgs/share/px4_msgs/msg/DebugVect.idl\n'}
[1.660182] (px4_msgs) StdoutLine: {'line': b'-- Up-to-date: /home/mcfb/ros2_ws/install/px4_msgs/share/px4_msgs/msg/DifferentialPressure.idl\n'}
[1.660228] (px4_msgs) StdoutLine: {'line': b'-- Up-to-date: /home/mcfb/ros2_ws/install/px4_msgs/share/px4_msgs/msg/DistanceSensor.idl\n'}
[1.660277] (px4_msgs) StdoutLine: {'line': b'-- Up-to-date: /home/mcfb/ros2_ws/install/px4_msgs/share/px4_msgs/msg/DistanceSensorModeChangeRequest.idl\n'}
[1.660347] (px4_msgs) StdoutLine: {'line': b'-- Up-to-date: /home/mcfb/ros2_ws/install/px4_msgs/share/px4_msgs/msg/DronecanNodeStatus.idl\n'}
[1.660409] (px4_msgs) StdoutLine: {'line': b'-- Up-to-date: /home/mcfb/ros2_ws/install/px4_msgs/share/px4_msgs/msg/Ekf2Timestamps.idl\n'}
[1.660471] (px4_msgs) StdoutLine: {'line': b'-- Up-to-date: /home/mcfb/ros2_ws/install/px4_msgs/share/px4_msgs/msg/EscReport.idl\n'}
[1.660548] (px4_msgs) StdoutLine: {'line': b'-- Up-to-date: /home/mcfb/ros2_ws/install/px4_msgs/share/px4_msgs/msg/EscStatus.idl\n'}
[1.660597] (px4_msgs) StdoutLine: {'line': b'-- Up-to-date: /home/mcfb/ros2_ws/install/px4_msgs/share/px4_msgs/msg/EstimatorAidSource1d.idl\n'}
[1.660662] (px4_msgs) StdoutLine: {'line': b'-- Up-to-date: /home/mcfb/ros2_ws/install/px4_msgs/share/px4_msgs/msg/EstimatorAidSource2d.idl\n'}
[1.660731] (px4_msgs) StdoutLine: {'line': b'-- Up-to-date: /home/mcfb/ros2_ws/install/px4_msgs/share/px4_msgs/msg/EstimatorAidSource3d.idl\n'}
[1.660800] (px4_msgs) StdoutLine: {'line': b'-- Up-to-date: /home/mcfb/ros2_ws/install/px4_msgs/share/px4_msgs/msg/EstimatorBias.idl\n'}
[1.660873] (px4_msgs) StdoutLine: {'line': b'-- Up-to-date: /home/mcfb/ros2_ws/install/px4_msgs/share/px4_msgs/msg/EstimatorBias3d.idl\n'}
[1.660972] (px4_msgs) StdoutLine: {'line': b'-- Up-to-date: /home/mcfb/ros2_ws/install/px4_msgs/share/px4_msgs/msg/EstimatorEventFlags.idl\n'}
[1.661054] (px4_msgs) StdoutLine: {'line': b'-- Up-to-date: /home/mcfb/ros2_ws/install/px4_msgs/share/px4_msgs/msg/EstimatorGpsStatus.idl\n'}
[1.661152] (px4_msgs) StdoutLine: {'line': b'-- Up-to-date: /home/mcfb/ros2_ws/install/px4_msgs/share/px4_msgs/msg/EstimatorInnovations.idl\n'}
[1.661243] (px4_msgs) StdoutLine: {'line': b'-- Up-to-date: /home/mcfb/ros2_ws/install/px4_msgs/share/px4_msgs/msg/EstimatorSelectorStatus.idl\n'}
[1.661318] (px4_msgs) StdoutLine: {'line': b'-- Up-to-date: /home/mcfb/ros2_ws/install/px4_msgs/share/px4_msgs/msg/EstimatorSensorBias.idl\n'}
[1.661425] (px4_msgs) StdoutLine: {'line': b'-- Up-to-date: /home/mcfb/ros2_ws/install/px4_msgs/share/px4_msgs/msg/EstimatorStates.idl\n'}
[1.661489] (px4_msgs) StdoutLine: {'line': b'-- Up-to-date: /home/mcfb/ros2_ws/install/px4_msgs/share/px4_msgs/msg/EstimatorStatus.idl\n'}
[1.661551] (px4_msgs) StdoutLine: {'line': b'-- Up-to-date: /home/mcfb/ros2_ws/install/px4_msgs/share/px4_msgs/msg/EstimatorStatusFlags.idl\n'}
[1.661631] (px4_msgs) StdoutLine: {'line': b'-- Up-to-date: /home/mcfb/ros2_ws/install/px4_msgs/share/px4_msgs/msg/Event.idl\n'}
[1.661714] (px4_msgs) StdoutLine: {'line': b'-- Up-to-date: /home/mcfb/ros2_ws/install/px4_msgs/share/px4_msgs/msg/FailsafeFlags.idl\n'}
[1.661792] (px4_msgs) StdoutLine: {'line': b'-- Up-to-date: /home/mcfb/ros2_ws/install/px4_msgs/share/px4_msgs/msg/FailureDetectorStatus.idl\n'}
[1.661866] (px4_msgs) StdoutLine: {'line': b'-- Up-to-date: /home/mcfb/ros2_ws/install/px4_msgs/share/px4_msgs/msg/FigureEightStatus.idl\n'}
[1.661936] (px4_msgs) StdoutLine: {'line': b'-- Up-to-date: /home/mcfb/ros2_ws/install/px4_msgs/share/px4_msgs/msg/FixedWingLateralGuidanceStatus.idl\n'}
[1.662129] (px4_msgs) StdoutLine: {'line': b'-- Up-to-date: /home/mcfb/ros2_ws/install/px4_msgs/share/px4_msgs/msg/FixedWingLateralSetpoint.idl\n'}
[1.662216] (px4_msgs) StdoutLine: {'line': b'-- Up-to-date: /home/mcfb/ros2_ws/install/px4_msgs/share/px4_msgs/msg/FixedWingLateralStatus.idl\n'}
[1.662287] (px4_msgs) StdoutLine: {'line': b'-- Up-to-date: /home/mcfb/ros2_ws/install/px4_msgs/share/px4_msgs/msg/FixedWingLongitudinalSetpoint.idl\n'}
[1.662376] (px4_msgs) StdoutLine: {'line': b'-- Up-to-date: /home/mcfb/ros2_ws/install/px4_msgs/share/px4_msgs/msg/FixedWingRunwayControl.idl\n'}
[1.662588] (px4_msgs) StdoutLine: {'line': b'-- Up-to-date: /home/mcfb/ros2_ws/install/px4_msgs/share/px4_msgs/msg/FlightPhaseEstimation.idl\n'}
[1.662691] (px4_msgs) StdoutLine: {'line': b'-- Up-to-date: /home/mcfb/ros2_ws/install/px4_msgs/share/px4_msgs/msg/FollowTarget.idl\n'}
[1.662761] (px4_msgs) StdoutLine: {'line': b'-- Up-to-date: /home/mcfb/ros2_ws/install/px4_msgs/share/px4_msgs/msg/FollowTargetEstimator.idl\n'}
[1.662981] (px4_msgs) StdoutLine: {'line': b'-- Up-to-date: /home/mcfb/ros2_ws/install/px4_msgs/share/px4_msgs/msg/FollowTargetStatus.idl\n'}
[1.663071] (px4_msgs) StdoutLine: {'line': b'-- Up-to-date: /home/mcfb/ros2_ws/install/px4_msgs/share/px4_msgs/msg/FuelTankStatus.idl\n'}
[1.663132] (px4_msgs) StdoutLine: {'line': b'-- Up-to-date: /home/mcfb/ros2_ws/install/px4_msgs/share/px4_msgs/msg/GeneratorStatus.idl\n'}
[1.663202] (px4_msgs) StdoutLine: {'line': b'-- Up-to-date: /home/mcfb/ros2_ws/install/px4_msgs/share/px4_msgs/msg/GeofenceResult.idl\n'}
[1.663281] (px4_msgs) StdoutLine: {'line': b'-- Up-to-date: /home/mcfb/ros2_ws/install/px4_msgs/share/px4_msgs/msg/GeofenceStatus.idl\n'}
[1.663340] (px4_msgs) StdoutLine: {'line': b'-- Up-to-date: /home/mcfb/ros2_ws/install/px4_msgs/share/px4_msgs/msg/GimbalControls.idl\n'}
[1.663389] (px4_msgs) StdoutLine: {'line': b'-- Up-to-date: /home/mcfb/ros2_ws/install/px4_msgs/share/px4_msgs/msg/GimbalDeviceAttitudeStatus.idl\n'}
[1.663463] (px4_msgs) StdoutLine: {'line': b'-- Up-to-date: /home/mcfb/ros2_ws/install/px4_msgs/share/px4_msgs/msg/GimbalDeviceInformation.idl\n'}
[1.663530] (px4_msgs) StdoutLine: {'line': b'-- Up-to-date: /home/mcfb/ros2_ws/install/px4_msgs/share/px4_msgs/msg/GimbalDeviceSetAttitude.idl\n'}
[1.663596] (px4_msgs) StdoutLine: {'line': b'-- Up-to-date: /home/mcfb/ros2_ws/install/px4_msgs/share/px4_msgs/msg/GimbalManagerInformation.idl\n'}
[1.663663] (px4_msgs) StdoutLine: {'line': b'-- Up-to-date: /home/mcfb/ros2_ws/install/px4_msgs/share/px4_msgs/msg/GimbalManagerSetAttitude.idl\n'}
[1.663711] (px4_msgs) StdoutLine: {'line': b'-- Up-to-date: /home/mcfb/ros2_ws/install/px4_msgs/share/px4_msgs/msg/GimbalManagerSetManualControl.idl\n'}
[1.663758] (px4_msgs) StdoutLine: {'line': b'-- Up-to-date: /home/mcfb/ros2_ws/install/px4_msgs/share/px4_msgs/msg/GimbalManagerStatus.idl\n'}
[1.663807] (px4_msgs) StdoutLine: {'line': b'-- Up-to-date: /home/mcfb/ros2_ws/install/px4_msgs/share/px4_msgs/msg/GotoSetpoint.idl\n'}
[1.663888] (px4_msgs) StdoutLine: {'line': b'-- Up-to-date: /home/mcfb/ros2_ws/install/px4_msgs/share/px4_msgs/msg/GpioConfig.idl\n'}
[1.663951] (px4_msgs) StdoutLine: {'line': b'-- Up-to-date: /home/mcfb/ros2_ws/install/px4_msgs/share/px4_msgs/msg/GpioIn.idl\n'}
[1.664002] (px4_msgs) StdoutLine: {'line': b'-- Up-to-date: /home/mcfb/ros2_ws/install/px4_msgs/share/px4_msgs/msg/GpioOut.idl\n'}
[1.664055] (px4_msgs) StdoutLine: {'line': b'-- Up-to-date: /home/mcfb/ros2_ws/install/px4_msgs/share/px4_msgs/msg/GpioRequest.idl\n'}
[1.664113] (px4_msgs) StdoutLine: {'line': b'-- Up-to-date: /home/mcfb/ros2_ws/install/px4_msgs/share/px4_msgs/msg/GpsDump.idl\n'}
[1.664155] (px4_msgs) StdoutLine: {'line': b'-- Up-to-date: /home/mcfb/ros2_ws/install/px4_msgs/share/px4_msgs/msg/GpsInjectData.idl\n'}
[1.664199] (px4_msgs) StdoutLine: {'line': b'-- Up-to-date: /home/mcfb/ros2_ws/install/px4_msgs/share/px4_msgs/msg/Gripper.idl\n'}
[1.664244] (px4_msgs) StdoutLine: {'line': b'-- Up-to-date: /home/mcfb/ros2_ws/install/px4_msgs/share/px4_msgs/msg/HealthReport.idl\n'}
[1.664286] (px4_msgs) StdoutLine: {'line': b'-- Up-to-date: /home/mcfb/ros2_ws/install/px4_msgs/share/px4_msgs/msg/HeaterStatus.idl\n'}
[1.664334] (px4_msgs) StdoutLine: {'line': b'-- Up-to-date: /home/mcfb/ros2_ws/install/px4_msgs/share/px4_msgs/msg/HomePosition.idl\n'}
[1.664378] (px4_msgs) StdoutLine: {'line': b'-- Up-to-date: /home/mcfb/ros2_ws/install/px4_msgs/share/px4_msgs/msg/HoverThrustEstimate.idl\n'}
[1.664445] (px4_msgs) StdoutLine: {'line': b'-- Up-to-date: /home/mcfb/ros2_ws/install/px4_msgs/share/px4_msgs/msg/InputRc.idl\n'}
[1.664516] (px4_msgs) StdoutLine: {'line': b'-- Up-to-date: /home/mcfb/ros2_ws/install/px4_msgs/share/px4_msgs/msg/InternalCombustionEngineControl.idl\n'}
[1.664584] (px4_msgs) StdoutLine: {'line': b'-- Up-to-date: /home/mcfb/ros2_ws/install/px4_msgs/share/px4_msgs/msg/InternalCombustionEngineStatus.idl\n'}
[1.664649] (px4_msgs) StdoutLine: {'line': b'-- Up-to-date: /home/mcfb/ros2_ws/install/px4_msgs/share/px4_msgs/msg/IridiumsbdStatus.idl\n'}
[1.664720] (px4_msgs) StdoutLine: {'line': b'-- Up-to-date: /home/mcfb/ros2_ws/install/px4_msgs/share/px4_msgs/msg/IrlockReport.idl\n'}
[1.664793] (px4_msgs) StdoutLine: {'line': b'-- Up-to-date: /home/mcfb/ros2_ws/install/px4_msgs/share/px4_msgs/msg/LandingGear.idl\n'}
[1.664854] (px4_msgs) StdoutLine: {'line': b'-- Up-to-date: /home/mcfb/ros2_ws/install/px4_msgs/share/px4_msgs/msg/LandingGearWheel.idl\n'}
[1.664913] (px4_msgs) StdoutLine: {'line': b'-- Up-to-date: /home/mcfb/ros2_ws/install/px4_msgs/share/px4_msgs/msg/LandingTargetInnovations.idl\n'}
[1.664968] (px4_msgs) StdoutLine: {'line': b'-- Up-to-date: /home/mcfb/ros2_ws/install/px4_msgs/share/px4_msgs/msg/LandingTargetPose.idl\n'}
[1.665014] (px4_msgs) StdoutLine: {'line': b'-- Up-to-date: /home/mcfb/ros2_ws/install/px4_msgs/share/px4_msgs/msg/LateralControlConfiguration.idl\n'}
[1.665059] (px4_msgs) StdoutLine: {'line': b'-- Up-to-date: /home/mcfb/ros2_ws/install/px4_msgs/share/px4_msgs/msg/LaunchDetectionStatus.idl\n'}
[1.665107] (px4_msgs) StdoutLine: {'line': b'-- Up-to-date: /home/mcfb/ros2_ws/install/px4_msgs/share/px4_msgs/msg/LedControl.idl\n'}
[1.665162] (px4_msgs) StdoutLine: {'line': b'-- Up-to-date: /home/mcfb/ros2_ws/install/px4_msgs/share/px4_msgs/msg/LogMessage.idl\n'}
[1.665210] (px4_msgs) StdoutLine: {'line': b'-- Up-to-date: /home/mcfb/ros2_ws/install/px4_msgs/share/px4_msgs/msg/LoggerStatus.idl\n'}
[1.665257] (px4_msgs) StdoutLine: {'line': b'-- Up-to-date: /home/mcfb/ros2_ws/install/px4_msgs/share/px4_msgs/msg/LongitudinalControlConfiguration.idl\n'}
[1.665305] (px4_msgs) StdoutLine: {'line': b'-- Up-to-date: /home/mcfb/ros2_ws/install/px4_msgs/share/px4_msgs/msg/MagWorkerData.idl\n'}
[1.665360] (px4_msgs) StdoutLine: {'line': b'-- Up-to-date: /home/mcfb/ros2_ws/install/px4_msgs/share/px4_msgs/msg/MagnetometerBiasEstimate.idl\n'}
[1.665409] (px4_msgs) StdoutLine: {'line': b'-- Up-to-date: /home/mcfb/ros2_ws/install/px4_msgs/share/px4_msgs/msg/ManualControlSetpoint.idl\n'}
[1.665452] (px4_msgs) StdoutLine: {'line': b'-- Up-to-date: /home/mcfb/ros2_ws/install/px4_msgs/share/px4_msgs/msg/ManualControlSwitches.idl\n'}
[1.665500] (px4_msgs) StdoutLine: {'line': b'-- Up-to-date: /home/mcfb/ros2_ws/install/px4_msgs/share/px4_msgs/msg/MavlinkLog.idl\n'}
[1.665544] (px4_msgs) StdoutLine: {'line': b'-- Up-to-date: /home/mcfb/ros2_ws/install/px4_msgs/share/px4_msgs/msg/MavlinkTunnel.idl\n'}
[1.665589] (px4_msgs) StdoutLine: {'line': b'-- Up-to-date: /home/mcfb/ros2_ws/install/px4_msgs/share/px4_msgs/msg/MessageFormatRequest.idl\n'}
[1.665634] (px4_msgs) StdoutLine: {'line': b'-- Up-to-date: /home/mcfb/ros2_ws/install/px4_msgs/share/px4_msgs/msg/MessageFormatResponse.idl\n'}
[1.665703] (px4_msgs) StdoutLine: {'line': b'-- Up-to-date: /home/mcfb/ros2_ws/install/px4_msgs/share/px4_msgs/msg/Mission.idl\n'}
[1.665766] (px4_msgs) StdoutLine: {'line': b'-- Up-to-date: /home/mcfb/ros2_ws/install/px4_msgs/share/px4_msgs/msg/MissionResult.idl\n'}
[1.665833] (px4_msgs) StdoutLine: {'line': b'-- Up-to-date: /home/mcfb/ros2_ws/install/px4_msgs/share/px4_msgs/msg/ModeCompleted.idl\n'}
[1.665890] (px4_msgs) StdoutLine: {'line': b'-- Up-to-date: /home/mcfb/ros2_ws/install/px4_msgs/share/px4_msgs/msg/MountOrientation.idl\n'}
[1.665963] (px4_msgs) StdoutLine: {'line': b'-- Up-to-date: /home/mcfb/ros2_ws/install/px4_msgs/share/px4_msgs/msg/NavigatorMissionItem.idl\n'}
[1.666016] (px4_msgs) StdoutLine: {'line': b'-- Up-to-date: /home/mcfb/ros2_ws/install/px4_msgs/share/px4_msgs/msg/NavigatorStatus.idl\n'}
[1.666064] (px4_msgs) StdoutLine: {'line': b'-- Up-to-date: /home/mcfb/ros2_ws/install/px4_msgs/share/px4_msgs/msg/NeuralControl.idl\n'}
[1.666119] (px4_msgs) StdoutLine: {'line': b'-- Up-to-date: /home/mcfb/ros2_ws/install/px4_msgs/share/px4_msgs/msg/NormalizedUnsignedSetpoint.idl\n'}
[1.666166] (px4_msgs) StdoutLine: {'line': b'-- Up-to-date: /home/mcfb/ros2_ws/install/px4_msgs/share/px4_msgs/msg/ObstacleDistance.idl\n'}
[1.666209] (px4_msgs) StdoutLine: {'line': b'-- Up-to-date: /home/mcfb/ros2_ws/install/px4_msgs/share/px4_msgs/msg/OffboardControlMode.idl\n'}
[1.666262] (px4_msgs) StdoutLine: {'line': b'-- Up-to-date: /home/mcfb/ros2_ws/install/px4_msgs/share/px4_msgs/msg/OnboardComputerStatus.idl\n'}
[1.666324] (px4_msgs) StdoutLine: {'line': b'-- Up-to-date: /home/mcfb/ros2_ws/install/px4_msgs/share/px4_msgs/msg/OpenDroneIdArmStatus.idl\n'}
[1.666398] (px4_msgs) StdoutLine: {'line': b'-- Up-to-date: /home/mcfb/ros2_ws/install/px4_msgs/share/px4_msgs/msg/OpenDroneIdOperatorId.idl\n'}
[1.666468] (px4_msgs) StdoutLine: {'line': b'-- Up-to-date: /home/mcfb/ros2_ws/install/px4_msgs/share/px4_msgs/msg/OpenDroneIdSelfId.idl\n'}
[1.666531] (px4_msgs) StdoutLine: {'line': b'-- Up-to-date: /home/mcfb/ros2_ws/install/px4_msgs/share/px4_msgs/msg/OpenDroneIdSystem.idl\n'}
[1.666602] (px4_msgs) StdoutLine: {'line': b'-- Up-to-date: /home/mcfb/ros2_ws/install/px4_msgs/share/px4_msgs/msg/OrbTest.idl\n'}
[1.666648] (px4_msgs) StdoutLine: {'line': b'-- Up-to-date: /home/mcfb/ros2_ws/install/px4_msgs/share/px4_msgs/msg/OrbTestLarge.idl\n'}
[1.666693] (px4_msgs) StdoutLine: {'line': b'-- Up-to-date: /home/mcfb/ros2_ws/install/px4_msgs/share/px4_msgs/msg/OrbTestMedium.idl\n'}
[1.666736] (px4_msgs) StdoutLine: {'line': b'-- Up-to-date: /home/mcfb/ros2_ws/install/px4_msgs/share/px4_msgs/msg/OrbitStatus.idl\n'}
[1.666778] (px4_msgs) StdoutLine: {'line': b'-- Up-to-date: /home/mcfb/ros2_ws/install/px4_msgs/share/px4_msgs/msg/ParameterResetRequest.idl\n'}
[1.666822] (px4_msgs) StdoutLine: {'line': b'-- Up-to-date: /home/mcfb/ros2_ws/install/px4_msgs/share/px4_msgs/msg/ParameterSetUsedRequest.idl\n'}
[1.666865] (px4_msgs) StdoutLine: {'line': b'-- Up-to-date: /home/mcfb/ros2_ws/install/px4_msgs/share/px4_msgs/msg/ParameterSetValueRequest.idl\n'}
[1.666909] (px4_msgs) StdoutLine: {'line': b'-- Up-to-date: /home/mcfb/ros2_ws/install/px4_msgs/share/px4_msgs/msg/ParameterSetValueResponse.idl\n'}
[1.666953] (px4_msgs) StdoutLine: {'line': b'-- Up-to-date: /home/mcfb/ros2_ws/install/px4_msgs/share/px4_msgs/msg/ParameterUpdate.idl\n'}
[1.666995] (px4_msgs) StdoutLine: {'line': b'-- Up-to-date: /home/mcfb/ros2_ws/install/px4_msgs/share/px4_msgs/msg/Ping.idl\n'}
[1.667037] (px4_msgs) StdoutLine: {'line': b'-- Up-to-date: /home/mcfb/ros2_ws/install/px4_msgs/share/px4_msgs/msg/PositionControllerLandingStatus.idl\n'}
[1.667083] (px4_msgs) StdoutLine: {'line': b'-- Up-to-date: /home/mcfb/ros2_ws/install/px4_msgs/share/px4_msgs/msg/PositionControllerStatus.idl\n'}
[1.667125] (px4_msgs) StdoutLine: {'line': b'-- Up-to-date: /home/mcfb/ros2_ws/install/px4_msgs/share/px4_msgs/msg/PositionSetpoint.idl\n'}
[1.667167] (px4_msgs) StdoutLine: {'line': b'-- Up-to-date: /home/mcfb/ros2_ws/install/px4_msgs/share/px4_msgs/msg/PositionSetpointTriplet.idl\n'}
[1.667210] (px4_msgs) StdoutLine: {'line': b'-- Up-to-date: /home/mcfb/ros2_ws/install/px4_msgs/share/px4_msgs/msg/PowerButtonState.idl\n'}
[1.667253] (px4_msgs) StdoutLine: {'line': b'-- Up-to-date: /home/mcfb/ros2_ws/install/px4_msgs/share/px4_msgs/msg/PowerMonitor.idl\n'}
[1.667295] (px4_msgs) StdoutLine: {'line': b'-- Up-to-date: /home/mcfb/ros2_ws/install/px4_msgs/share/px4_msgs/msg/PpsCapture.idl\n'}
[1.667344] (px4_msgs) StdoutLine: {'line': b'-- Up-to-date: /home/mcfb/ros2_ws/install/px4_msgs/share/px4_msgs/msg/PurePursuitStatus.idl\n'}
[1.667393] (px4_msgs) StdoutLine: {'line': b'-- Up-to-date: /home/mcfb/ros2_ws/install/px4_msgs/share/px4_msgs/msg/PwmInput.idl\n'}
[1.667436] (px4_msgs) StdoutLine: {'line': b'-- Up-to-date: /home/mcfb/ros2_ws/install/px4_msgs/share/px4_msgs/msg/Px4ioStatus.idl\n'}
[1.667478] (px4_msgs) StdoutLine: {'line': b'-- Up-to-date: /home/mcfb/ros2_ws/install/px4_msgs/share/px4_msgs/msg/QshellReq.idl\n'}
[1.667520] (px4_msgs) StdoutLine: {'line': b'-- Up-to-date: /home/mcfb/ros2_ws/install/px4_msgs/share/px4_msgs/msg/QshellRetval.idl\n'}
[1.667561] (px4_msgs) StdoutLine: {'line': b'-- Up-to-date: /home/mcfb/ros2_ws/install/px4_msgs/share/px4_msgs/msg/RadioStatus.idl\n'}
[1.667604] (px4_msgs) StdoutLine: {'line': b'-- Up-to-date: /home/mcfb/ros2_ws/install/px4_msgs/share/px4_msgs/msg/RateCtrlStatus.idl\n'}
[1.667645] (px4_msgs) StdoutLine: {'line': b'-- Up-to-date: /home/mcfb/ros2_ws/install/px4_msgs/share/px4_msgs/msg/RcChannels.idl\n'}
[1.667686] (px4_msgs) StdoutLine: {'line': b'-- Up-to-date: /home/mcfb/ros2_ws/install/px4_msgs/share/px4_msgs/msg/RcParameterMap.idl\n'}
[1.667728] (px4_msgs) StdoutLine: {'line': b'-- Up-to-date: /home/mcfb/ros2_ws/install/px4_msgs/share/px4_msgs/msg/RegisterExtComponentReply.idl\n'}
[1.667769] (px4_msgs) StdoutLine: {'line': b'-- Up-to-date: /home/mcfb/ros2_ws/install/px4_msgs/share/px4_msgs/msg/RegisterExtComponentRequest.idl\n'}
[1.667811] (px4_msgs) StdoutLine: {'line': b'-- Up-to-date: /home/mcfb/ros2_ws/install/px4_msgs/share/px4_msgs/msg/RoverAttitudeSetpoint.idl\n'}
[1.667852] (px4_msgs) StdoutLine: {'line': b'-- Up-to-date: /home/mcfb/ros2_ws/install/px4_msgs/share/px4_msgs/msg/RoverAttitudeStatus.idl\n'}
[1.667894] (px4_msgs) StdoutLine: {'line': b'-- Up-to-date: /home/mcfb/ros2_ws/install/px4_msgs/share/px4_msgs/msg/RoverPositionSetpoint.idl\n'}
[1.667934] (px4_msgs) StdoutLine: {'line': b'-- Up-to-date: /home/mcfb/ros2_ws/install/px4_msgs/share/px4_msgs/msg/RoverRateSetpoint.idl\n'}
[1.667976] (px4_msgs) StdoutLine: {'line': b'-- Up-to-date: /home/mcfb/ros2_ws/install/px4_msgs/share/px4_msgs/msg/RoverRateStatus.idl\n'}
[1.668022] (px4_msgs) StdoutLine: {'line': b'-- Up-to-date: /home/mcfb/ros2_ws/install/px4_msgs/share/px4_msgs/msg/RoverSpeedSetpoint.idl\n'}
[1.668065] (px4_msgs) StdoutLine: {'line': b'-- Up-to-date: /home/mcfb/ros2_ws/install/px4_msgs/share/px4_msgs/msg/RoverSpeedStatus.idl\n'}
[1.668108] (px4_msgs) StdoutLine: {'line': b'-- Up-to-date: /home/mcfb/ros2_ws/install/px4_msgs/share/px4_msgs/msg/RoverSteeringSetpoint.idl\n'}
[1.668156] (px4_msgs) StdoutLine: {'line': b'-- Up-to-date: /home/mcfb/ros2_ws/install/px4_msgs/share/px4_msgs/msg/RoverThrottleSetpoint.idl\n'}
[1.668203] (px4_msgs) StdoutLine: {'line': b'-- Up-to-date: /home/mcfb/ros2_ws/install/px4_msgs/share/px4_msgs/msg/Rpm.idl\n'}
[1.668250] (px4_msgs) StdoutLine: {'line': b'-- Up-to-date: /home/mcfb/ros2_ws/install/px4_msgs/share/px4_msgs/msg/RtlStatus.idl\n'}
[1.668295] (px4_msgs) StdoutLine: {'line': b'-- Up-to-date: /home/mcfb/ros2_ws/install/px4_msgs/share/px4_msgs/msg/RtlTimeEstimate.idl\n'}
[1.668346] (px4_msgs) StdoutLine: {'line': b'-- Up-to-date: /home/mcfb/ros2_ws/install/px4_msgs/share/px4_msgs/msg/SatelliteInfo.idl\n'}
[1.668392] (px4_msgs) StdoutLine: {'line': b'-- Up-to-date: /home/mcfb/ros2_ws/install/px4_msgs/share/px4_msgs/msg/SensorAccel.idl\n'}
[1.668438] (px4_msgs) StdoutLine: {'line': b'-- Up-to-date: /home/mcfb/ros2_ws/install/px4_msgs/share/px4_msgs/msg/SensorAccelFifo.idl\n'}
[1.668486] (px4_msgs) StdoutLine: {'line': b'-- Up-to-date: /home/mcfb/ros2_ws/install/px4_msgs/share/px4_msgs/msg/SensorAirflow.idl\n'}
[1.668535] (px4_msgs) StdoutLine: {'line': b'-- Up-to-date: /home/mcfb/ros2_ws/install/px4_msgs/share/px4_msgs/msg/SensorBaro.idl\n'}
[1.668583] (px4_msgs) StdoutLine: {'line': b'-- Up-to-date: /home/mcfb/ros2_ws/install/px4_msgs/share/px4_msgs/msg/SensorCombined.idl\n'}
[1.668632] (px4_msgs) StdoutLine: {'line': b'-- Up-to-date: /home/mcfb/ros2_ws/install/px4_msgs/share/px4_msgs/msg/SensorCorrection.idl\n'}
[1.668767] (px4_msgs) StdoutLine: {'line': b'-- Up-to-date: /home/mcfb/ros2_ws/install/px4_msgs/share/px4_msgs/msg/SensorGnssRelative.idl\n'}
[1.668821] (px4_msgs) StdoutLine: {'line': b'-- Up-to-date: /home/mcfb/ros2_ws/install/px4_msgs/share/px4_msgs/msg/SensorGnssStatus.idl\n'}
[1.668868] (px4_msgs) StdoutLine: {'line': b'-- Up-to-date: /home/mcfb/ros2_ws/install/px4_msgs/share/px4_msgs/msg/SensorGps.idl\n'}
[1.668921] (px4_msgs) StdoutLine: {'line': b'-- Up-to-date: /home/mcfb/ros2_ws/install/px4_msgs/share/px4_msgs/msg/SensorGyro.idl\n'}
[1.668967] (px4_msgs) StdoutLine: {'line': b'-- Up-to-date: /home/mcfb/ros2_ws/install/px4_msgs/share/px4_msgs/msg/SensorGyroFft.idl\n'}
[1.669019] (px4_msgs) StdoutLine: {'line': b'-- Up-to-date: /home/mcfb/ros2_ws/install/px4_msgs/share/px4_msgs/msg/SensorGyroFifo.idl\n'}
[1.669083] (px4_msgs) StdoutLine: {'line': b'-- Up-to-date: /home/mcfb/ros2_ws/install/px4_msgs/share/px4_msgs/msg/SensorHygrometer.idl\n'}
[1.669129] (px4_msgs) StdoutLine: {'line': b'-- Up-to-date: /home/mcfb/ros2_ws/install/px4_msgs/share/px4_msgs/msg/SensorMag.idl\n'}
[1.669175] (px4_msgs) StdoutLine: {'line': b'-- Up-to-date: /home/mcfb/ros2_ws/install/px4_msgs/share/px4_msgs/msg/SensorOpticalFlow.idl\n'}
[1.669223] (px4_msgs) StdoutLine: {'line': b'-- Up-to-date: /home/mcfb/ros2_ws/install/px4_msgs/share/px4_msgs/msg/SensorPreflightMag.idl\n'}
[1.669271] (px4_msgs) StdoutLine: {'line': b'-- Up-to-date: /home/mcfb/ros2_ws/install/px4_msgs/share/px4_msgs/msg/SensorSelection.idl\n'}
[1.669344] (px4_msgs) StdoutLine: {'line': b'-- Up-to-date: /home/mcfb/ros2_ws/install/px4_msgs/share/px4_msgs/msg/SensorUwb.idl\n'}
[1.669412] (px4_msgs) StdoutLine: {'line': b'-- Up-to-date: /home/mcfb/ros2_ws/install/px4_msgs/share/px4_msgs/msg/SensorsStatus.idl\n'}
[1.669461] (px4_msgs) StdoutLine: {'line': b'-- Up-to-date: /home/mcfb/ros2_ws/install/px4_msgs/share/px4_msgs/msg/SensorsStatusImu.idl\n'}
[1.669510] (px4_msgs) StdoutLine: {'line': b'-- Up-to-date: /home/mcfb/ros2_ws/install/px4_msgs/share/px4_msgs/msg/SystemPower.idl\n'}
[1.669559] (px4_msgs) StdoutLine: {'line': b'-- Up-to-date: /home/mcfb/ros2_ws/install/px4_msgs/share/px4_msgs/msg/TakeoffStatus.idl\n'}
[1.669635] (px4_msgs) StdoutLine: {'line': b'-- Up-to-date: /home/mcfb/ros2_ws/install/px4_msgs/share/px4_msgs/msg/TaskStackInfo.idl\n'}
[1.669862] (px4_msgs) StdoutLine: {'line': b'-- Up-to-date: /home/mcfb/ros2_ws/install/px4_msgs/share/px4_msgs/msg/TecsStatus.idl\n'}
[1.669917] (px4_msgs) StdoutLine: {'line': b'-- Up-to-date: /home/mcfb/ros2_ws/install/px4_msgs/share/px4_msgs/msg/TelemetryStatus.idl\n'}
[1.669968] (px4_msgs) StdoutLine: {'line': b'-- Up-to-date: /home/mcfb/ros2_ws/install/px4_msgs/share/px4_msgs/msg/TiltrotorExtraControls.idl\n'}
[1.670016] (px4_msgs) StdoutLine: {'line': b'-- Up-to-date: /home/mcfb/ros2_ws/install/px4_msgs/share/px4_msgs/msg/TimesyncStatus.idl\n'}
[1.670065] (px4_msgs) StdoutLine: {'line': b'-- Up-to-date: /home/mcfb/ros2_ws/install/px4_msgs/share/px4_msgs/msg/TrajectorySetpoint.idl\n'}
[1.670113] (px4_msgs) StdoutLine: {'line': b'-- Up-to-date: /home/mcfb/ros2_ws/install/px4_msgs/share/px4_msgs/msg/TrajectorySetpoint6dof.idl\n'}
[1.670173] (px4_msgs) StdoutLine: {'line': b'-- Up-to-date: /home/mcfb/ros2_ws/install/px4_msgs/share/px4_msgs/msg/TransponderReport.idl\n'}
[1.670246] (px4_msgs) StdoutLine: {'line': b'-- Up-to-date: /home/mcfb/ros2_ws/install/px4_msgs/share/px4_msgs/msg/TuneControl.idl\n'}
[1.670327] (px4_msgs) StdoutLine: {'line': b'-- Up-to-date: /home/mcfb/ros2_ws/install/px4_msgs/share/px4_msgs/msg/UavcanParameterRequest.idl\n'}
[1.670387] (px4_msgs) StdoutLine: {'line': b'-- Up-to-date: /home/mcfb/ros2_ws/install/px4_msgs/share/px4_msgs/msg/UavcanParameterValue.idl\n'}
[1.670442] (px4_msgs) StdoutLine: {'line': b'-- Up-to-date: /home/mcfb/ros2_ws/install/px4_msgs/share/px4_msgs/msg/UlogStream.idl\n'}
[1.670492] (px4_msgs) StdoutLine: {'line': b'-- Up-to-date: /home/mcfb/ros2_ws/install/px4_msgs/share/px4_msgs/msg/UlogStreamAck.idl\n'}
[1.670539] (px4_msgs) StdoutLine: {'line': b'-- Up-to-date: /home/mcfb/ros2_ws/install/px4_msgs/share/px4_msgs/msg/UnregisterExtComponent.idl\n'}
[1.670589] (px4_msgs) StdoutLine: {'line': b'-- Up-to-date: /home/mcfb/ros2_ws/install/px4_msgs/share/px4_msgs/msg/VehicleAcceleration.idl\n'}
[1.670637] (px4_msgs) StdoutLine: {'line': b'-- Up-to-date: /home/mcfb/ros2_ws/install/px4_msgs/share/px4_msgs/msg/VehicleAirData.idl\n'}
[1.670684] (px4_msgs) StdoutLine: {'line': b'-- Up-to-date: /home/mcfb/ros2_ws/install/px4_msgs/share/px4_msgs/msg/VehicleAngularAccelerationSetpoint.idl\n'}
[1.670736] (px4_msgs) StdoutLine: {'line': b'-- Up-to-date: /home/mcfb/ros2_ws/install/px4_msgs/share/px4_msgs/msg/VehicleAngularVelocity.idl\n'}
[1.671373] (px4_msgs) StdoutLine: {'line': b'-- Up-to-date: /home/mcfb/ros2_ws/install/px4_msgs/share/px4_msgs/msg/VehicleAttitude.idl\n'}
[1.671446] (px4_msgs) StdoutLine: {'line': b'-- Up-to-date: /home/mcfb/ros2_ws/install/px4_msgs/share/px4_msgs/msg/VehicleAttitudeSetpoint.idl\n'}
[1.671504] (px4_msgs) StdoutLine: {'line': b'-- Up-to-date: /home/mcfb/ros2_ws/install/px4_msgs/share/px4_msgs/msg/VehicleCommand.idl\n'}
[1.671554] (px4_msgs) StdoutLine: {'line': b'-- Up-to-date: /home/mcfb/ros2_ws/install/px4_msgs/share/px4_msgs/msg/VehicleCommandAck.idl\n'}
[1.671603] (px4_msgs) StdoutLine: {'line': b'-- Up-to-date: /home/mcfb/ros2_ws/install/px4_msgs/share/px4_msgs/msg/VehicleConstraints.idl\n'}
[1.671654] (px4_msgs) StdoutLine: {'line': b'-- Up-to-date: /home/mcfb/ros2_ws/install/px4_msgs/share/px4_msgs/msg/VehicleControlMode.idl\n'}
[1.671705] (px4_msgs) StdoutLine: {'line': b'-- Up-to-date: /home/mcfb/ros2_ws/install/px4_msgs/share/px4_msgs/msg/VehicleGlobalPosition.idl\n'}
[1.671751] (px4_msgs) StdoutLine: {'line': b'-- Up-to-date: /home/mcfb/ros2_ws/install/px4_msgs/share/px4_msgs/msg/VehicleImu.idl\n'}
[1.671801] (px4_msgs) StdoutLine: {'line': b'-- Up-to-date: /home/mcfb/ros2_ws/install/px4_msgs/share/px4_msgs/msg/VehicleImuStatus.idl\n'}
[1.671848] (px4_msgs) StdoutLine: {'line': b'-- Up-to-date: /home/mcfb/ros2_ws/install/px4_msgs/share/px4_msgs/msg/VehicleLandDetected.idl\n'}
[1.671893] (px4_msgs) StdoutLine: {'line': b'-- Up-to-date: /home/mcfb/ros2_ws/install/px4_msgs/share/px4_msgs/msg/VehicleLocalPosition.idl\n'}
[1.672261] (px4_msgs) StdoutLine: {'line': b'-- Up-to-date: /home/mcfb/ros2_ws/install/px4_msgs/share/px4_msgs/msg/VehicleLocalPositionSetpoint.idl\n'}
[1.672331] (px4_msgs) StdoutLine: {'line': b'-- Up-to-date: /home/mcfb/ros2_ws/install/px4_msgs/share/px4_msgs/msg/VehicleMagnetometer.idl\n'}
[1.672381] (px4_msgs) StdoutLine: {'line': b'-- Up-to-date: /home/mcfb/ros2_ws/install/px4_msgs/share/px4_msgs/msg/VehicleOdometry.idl\n'}
[1.672428] (px4_msgs) StdoutLine: {'line': b'-- Up-to-date: /home/mcfb/ros2_ws/install/px4_msgs/share/px4_msgs/msg/VehicleOpticalFlow.idl\n'}
[1.672473] (px4_msgs) StdoutLine: {'line': b'-- Up-to-date: /home/mcfb/ros2_ws/install/px4_msgs/share/px4_msgs/msg/VehicleOpticalFlowVel.idl\n'}
[1.672518] (px4_msgs) StdoutLine: {'line': b'-- Up-to-date: /home/mcfb/ros2_ws/install/px4_msgs/share/px4_msgs/msg/VehicleRatesSetpoint.idl\n'}
[1.672565] (px4_msgs) StdoutLine: {'line': b'-- Up-to-date: /home/mcfb/ros2_ws/install/px4_msgs/share/px4_msgs/msg/VehicleRoi.idl\n'}
[1.672613] (px4_msgs) StdoutLine: {'line': b'-- Up-to-date: /home/mcfb/ros2_ws/install/px4_msgs/share/px4_msgs/msg/VehicleStatus.idl\n'}
[1.672660] (px4_msgs) StdoutLine: {'line': b'-- Up-to-date: /home/mcfb/ros2_ws/install/px4_msgs/share/px4_msgs/msg/VehicleThrustSetpoint.idl\n'}
[1.672706] (px4_msgs) StdoutLine: {'line': b'-- Up-to-date: /home/mcfb/ros2_ws/install/px4_msgs/share/px4_msgs/msg/VehicleTorqueSetpoint.idl\n'}
[1.672750] (px4_msgs) StdoutLine: {'line': b'-- Up-to-date: /home/mcfb/ros2_ws/install/px4_msgs/share/px4_msgs/msg/VelocityLimits.idl\n'}
[1.672796] (px4_msgs) StdoutLine: {'line': b'-- Up-to-date: /home/mcfb/ros2_ws/install/px4_msgs/share/px4_msgs/msg/VtolVehicleStatus.idl\n'}
[1.672950] (px4_msgs) StdoutLine: {'line': b'-- Up-to-date: /home/mcfb/ros2_ws/install/px4_msgs/share/px4_msgs/msg/WheelEncoders.idl\n'}
[1.672999] (px4_msgs) StdoutLine: {'line': b'-- Up-to-date: /home/mcfb/ros2_ws/install/px4_msgs/share/px4_msgs/msg/Wind.idl\n'}
[1.673046] (px4_msgs) StdoutLine: {'line': b'-- Up-to-date: /home/mcfb/ros2_ws/install/px4_msgs/share/px4_msgs/msg/YawEstimatorStatus.idl\n'}
[1.673093] (px4_msgs) StdoutLine: {'line': b'-- Up-to-date: /home/mcfb/ros2_ws/install/px4_msgs/share/px4_msgs/srv/VehicleCommand.idl\n'}
[1.673140] (px4_msgs) StdoutLine: {'line': b'-- Up-to-date: /home/mcfb/ros2_ws/install/px4_msgs/share/px4_msgs/msg/ActionRequest.msg\n'}
[1.673219] (px4_msgs) StdoutLine: {'line': b'-- Up-to-date: /home/mcfb/ros2_ws/install/px4_msgs/share/px4_msgs/msg/ActuatorArmed.msg\n'}
[1.673270] (px4_msgs) StdoutLine: {'line': b'-- Up-to-date: /home/mcfb/ros2_ws/install/px4_msgs/share/px4_msgs/msg/ActuatorControlsStatus.msg\n'}
[1.673323] (px4_msgs) StdoutLine: {'line': b'-- Up-to-date: /home/mcfb/ros2_ws/install/px4_msgs/share/px4_msgs/msg/ActuatorMotors.msg\n'}
[1.673370] (px4_msgs) StdoutLine: {'line': b'-- Up-to-date: /home/mcfb/ros2_ws/install/px4_msgs/share/px4_msgs/msg/ActuatorOutputs.msg\n'}
[1.673417] (px4_msgs) StdoutLine: {'line': b'-- Up-to-date: /home/mcfb/ros2_ws/install/px4_msgs/share/px4_msgs/msg/ActuatorServos.msg\n'}
[1.673464] (px4_msgs) StdoutLine: {'line': b'-- Up-to-date: /home/mcfb/ros2_ws/install/px4_msgs/share/px4_msgs/msg/ActuatorServosTrim.msg\n'}
[1.673516] (px4_msgs) StdoutLine: {'line': b'-- Up-to-date: /home/mcfb/ros2_ws/install/px4_msgs/share/px4_msgs/msg/ActuatorTest.msg\n'}
[1.673722] (px4_msgs) StdoutLine: {'line': b'-- Up-to-date: /home/mcfb/ros2_ws/install/px4_msgs/share/px4_msgs/msg/AdcReport.msg\n'}
[1.673781] (px4_msgs) StdoutLine: {'line': b'-- Up-to-date: /home/mcfb/ros2_ws/install/px4_msgs/share/px4_msgs/msg/Airspeed.msg\n'}
[1.673845] (px4_msgs) StdoutLine: {'line': b'-- Up-to-date: /home/mcfb/ros2_ws/install/px4_msgs/share/px4_msgs/msg/AirspeedValidated.msg\n'}
[1.673896] (px4_msgs) StdoutLine: {'line': b'-- Up-to-date: /home/mcfb/ros2_ws/install/px4_msgs/share/px4_msgs/msg/AirspeedWind.msg\n'}
[1.673943] (px4_msgs) StdoutLine: {'line': b'-- Up-to-date: /home/mcfb/ros2_ws/install/px4_msgs/share/px4_msgs/msg/ArmingCheckReply.msg\n'}
[1.673992] (px4_msgs) StdoutLine: {'line': b'-- Up-to-date: /home/mcfb/ros2_ws/install/px4_msgs/share/px4_msgs/msg/ArmingCheckRequest.msg\n'}
[1.674053] (px4_msgs) StdoutLine: {'line': b'-- Up-to-date: /home/mcfb/ros2_ws/install/px4_msgs/share/px4_msgs/msg/AutotuneAttitudeControlStatus.msg\n'}
[1.674102] (px4_msgs) StdoutLine: {'line': b'-- Up-to-date: /home/mcfb/ros2_ws/install/px4_msgs/share/px4_msgs/msg/BatteryInfo.msg\n'}
[1.674174] (px4_msgs) StdoutLine: {'line': b'-- Up-to-date: /home/mcfb/ros2_ws/install/px4_msgs/share/px4_msgs/msg/BatteryStatus.msg\n'}
[1.674224] (px4_msgs) StdoutLine: {'line': b'-- Up-to-date: /home/mcfb/ros2_ws/install/px4_msgs/share/px4_msgs/msg/ButtonEvent.msg\n'}
[1.674285] (px4_msgs) StdoutLine: {'line': b'-- Up-to-date: /home/mcfb/ros2_ws/install/px4_msgs/share/px4_msgs/msg/CameraCapture.msg\n'}
[1.674339] (px4_msgs) StdoutLine: {'line': b'-- Up-to-date: /home/mcfb/ros2_ws/install/px4_msgs/share/px4_msgs/msg/CameraStatus.msg\n'}
[1.674397] (px4_msgs) StdoutLine: {'line': b'-- Up-to-date: /home/mcfb/ros2_ws/install/px4_msgs/share/px4_msgs/msg/CameraTrigger.msg\n'}
[1.674446] (px4_msgs) StdoutLine: {'line': b'-- Up-to-date: /home/mcfb/ros2_ws/install/px4_msgs/share/px4_msgs/msg/CanInterfaceStatus.msg\n'}
[1.674492] (px4_msgs) StdoutLine: {'line': b'-- Up-to-date: /home/mcfb/ros2_ws/install/px4_msgs/share/px4_msgs/msg/CellularStatus.msg\n'}
[1.674538] (px4_msgs) StdoutLine: {'line': b'-- Up-to-date: /home/mcfb/ros2_ws/install/px4_msgs/share/px4_msgs/msg/CollisionConstraints.msg\n'}
[1.674585] (px4_msgs) StdoutLine: {'line': b'-- Up-to-date: /home/mcfb/ros2_ws/install/px4_msgs/share/px4_msgs/msg/ConfigOverrides.msg\n'}
[1.674631] (px4_msgs) StdoutLine: {'line': b'-- Up-to-date: /home/mcfb/ros2_ws/install/px4_msgs/share/px4_msgs/msg/ControlAllocatorStatus.msg\n'}
[1.674679] (px4_msgs) StdoutLine: {'line': b'-- Up-to-date: /home/mcfb/ros2_ws/install/px4_msgs/share/px4_msgs/msg/Cpuload.msg\n'}
[1.674727] (px4_msgs) StdoutLine: {'line': b'-- Up-to-date: /home/mcfb/ros2_ws/install/px4_msgs/share/px4_msgs/msg/DatamanRequest.msg\n'}
[1.674773] (px4_msgs) StdoutLine: {'line': b'-- Up-to-date: /home/mcfb/ros2_ws/install/px4_msgs/share/px4_msgs/msg/DatamanResponse.msg\n'}
[1.674817] (px4_msgs) StdoutLine: {'line': b'-- Up-to-date: /home/mcfb/ros2_ws/install/px4_msgs/share/px4_msgs/msg/DebugArray.msg\n'}
[1.674866] (px4_msgs) StdoutLine: {'line': b'-- Up-to-date: /home/mcfb/ros2_ws/install/px4_msgs/share/px4_msgs/msg/DebugKeyValue.msg\n'}
[1.674912] (px4_msgs) StdoutLine: {'line': b'-- Up-to-date: /home/mcfb/ros2_ws/install/px4_msgs/share/px4_msgs/msg/DebugValue.msg\n'}
[1.674958] (px4_msgs) StdoutLine: {'line': b'-- Up-to-date: /home/mcfb/ros2_ws/install/px4_msgs/share/px4_msgs/msg/DebugVect.msg\n'}
[1.675005] (px4_msgs) StdoutLine: {'line': b'-- Up-to-date: /home/mcfb/ros2_ws/install/px4_msgs/share/px4_msgs/msg/DifferentialPressure.msg\n'}
[1.675052] (px4_msgs) StdoutLine: {'line': b'-- Up-to-date: /home/mcfb/ros2_ws/install/px4_msgs/share/px4_msgs/msg/DistanceSensor.msg\n'}
[1.675099] (px4_msgs) StdoutLine: {'line': b'-- Up-to-date: /home/mcfb/ros2_ws/install/px4_msgs/share/px4_msgs/msg/DistanceSensorModeChangeRequest.msg\n'}
[1.675146] (px4_msgs) StdoutLine: {'line': b'-- Up-to-date: /home/mcfb/ros2_ws/install/px4_msgs/share/px4_msgs/msg/DronecanNodeStatus.msg\n'}
[1.675192] (px4_msgs) StdoutLine: {'line': b'-- Up-to-date: /home/mcfb/ros2_ws/install/px4_msgs/share/px4_msgs/msg/Ekf2Timestamps.msg\n'}
[1.675239] (px4_msgs) StdoutLine: {'line': b'-- Up-to-date: /home/mcfb/ros2_ws/install/px4_msgs/share/px4_msgs/msg/EscReport.msg\n'}
[1.675286] (px4_msgs) StdoutLine: {'line': b'-- Up-to-date: /home/mcfb/ros2_ws/install/px4_msgs/share/px4_msgs/msg/EscStatus.msg\n'}
[1.675336] (px4_msgs) StdoutLine: {'line': b'-- Up-to-date: /home/mcfb/ros2_ws/install/px4_msgs/share/px4_msgs/msg/EstimatorAidSource1d.msg\n'}
[1.675379] (px4_msgs) StdoutLine: {'line': b'-- Up-to-date: /home/mcfb/ros2_ws/install/px4_msgs/share/px4_msgs/msg/EstimatorAidSource2d.msg\n'}
[1.675426] (px4_msgs) StdoutLine: {'line': b'-- Up-to-date: /home/mcfb/ros2_ws/install/px4_msgs/share/px4_msgs/msg/EstimatorAidSource3d.msg\n'}
[1.675471] (px4_msgs) StdoutLine: {'line': b'-- Up-to-date: /home/mcfb/ros2_ws/install/px4_msgs/share/px4_msgs/msg/EstimatorBias.msg\n'}
[1.675517] (px4_msgs) StdoutLine: {'line': b'-- Up-to-date: /home/mcfb/ros2_ws/install/px4_msgs/share/px4_msgs/msg/EstimatorBias3d.msg\n'}
[1.675565] (px4_msgs) StdoutLine: {'line': b'-- Up-to-date: /home/mcfb/ros2_ws/install/px4_msgs/share/px4_msgs/msg/EstimatorEventFlags.msg\n'}
[1.675622] (px4_msgs) StdoutLine: {'line': b'-- Up-to-date: /home/mcfb/ros2_ws/install/px4_msgs/share/px4_msgs/msg/EstimatorGpsStatus.msg\n'}
[1.675671] (px4_msgs) StdoutLine: {'line': b'-- Up-to-date: /home/mcfb/ros2_ws/install/px4_msgs/share/px4_msgs/msg/EstimatorInnovations.msg\n'}
[1.675723] (px4_msgs) StdoutLine: {'line': b'-- Up-to-date: /home/mcfb/ros2_ws/install/px4_msgs/share/px4_msgs/msg/EstimatorSelectorStatus.msg\n'}
[1.675772] (px4_msgs) StdoutLine: {'line': b'-- Up-to-date: /home/mcfb/ros2_ws/install/px4_msgs/share/px4_msgs/msg/EstimatorSensorBias.msg\n'}
[1.675820] (px4_msgs) StdoutLine: {'line': b'-- Up-to-date: /home/mcfb/ros2_ws/install/px4_msgs/share/px4_msgs/msg/EstimatorStates.msg\n'}
[1.675866] (px4_msgs) StdoutLine: {'line': b'-- Up-to-date: /home/mcfb/ros2_ws/install/px4_msgs/share/px4_msgs/msg/EstimatorStatus.msg\n'}
[1.675910] (px4_msgs) StdoutLine: {'line': b'-- Up-to-date: /home/mcfb/ros2_ws/install/px4_msgs/share/px4_msgs/msg/EstimatorStatusFlags.msg\n'}
[1.675957] (px4_msgs) StdoutLine: {'line': b'-- Up-to-date: /home/mcfb/ros2_ws/install/px4_msgs/share/px4_msgs/msg/Event.msg\n'}
[1.676002] (px4_msgs) StdoutLine: {'line': b'-- Up-to-date: /home/mcfb/ros2_ws/install/px4_msgs/share/px4_msgs/msg/FailsafeFlags.msg\n'}
[1.676049] (px4_msgs) StdoutLine: {'line': b'-- Up-to-date: /home/mcfb/ros2_ws/install/px4_msgs/share/px4_msgs/msg/FailureDetectorStatus.msg\n'}
[1.676095] (px4_msgs) StdoutLine: {'line': b'-- Up-to-date: /home/mcfb/ros2_ws/install/px4_msgs/share/px4_msgs/msg/FigureEightStatus.msg\n'}
[1.676140] (px4_msgs) StdoutLine: {'line': b'-- Up-to-date: /home/mcfb/ros2_ws/install/px4_msgs/share/px4_msgs/msg/FixedWingLateralGuidanceStatus.msg\n'}
[1.676186] (px4_msgs) StdoutLine: {'line': b'-- Up-to-date: /home/mcfb/ros2_ws/install/px4_msgs/share/px4_msgs/msg/FixedWingLateralSetpoint.msg\n'}
[1.676238] (px4_msgs) StdoutLine: {'line': b'-- Up-to-date: /home/mcfb/ros2_ws/install/px4_msgs/share/px4_msgs/msg/FixedWingLateralStatus.msg\n'}
[1.676283] (px4_msgs) StdoutLine: {'line': b'-- Up-to-date: /home/mcfb/ros2_ws/install/px4_msgs/share/px4_msgs/msg/FixedWingLongitudinalSetpoint.msg\n'}
[1.676334] (px4_msgs) StdoutLine: {'line': b'-- Up-to-date: /home/mcfb/ros2_ws/install/px4_msgs/share/px4_msgs/msg/FixedWingRunwayControl.msg\n'}
[1.676380] (px4_msgs) StdoutLine: {'line': b'-- Up-to-date: /home/mcfb/ros2_ws/install/px4_msgs/share/px4_msgs/msg/FlightPhaseEstimation.msg\n'}
[1.676425] (px4_msgs) StdoutLine: {'line': b'-- Up-to-date: /home/mcfb/ros2_ws/install/px4_msgs/share/px4_msgs/msg/FollowTarget.msg\n'}
[1.676471] (px4_msgs) StdoutLine: {'line': b'-- Up-to-date: /home/mcfb/ros2_ws/install/px4_msgs/share/px4_msgs/msg/FollowTargetEstimator.msg\n'}
[1.676515] (px4_msgs) StdoutLine: {'line': b'-- Up-to-date: /home/mcfb/ros2_ws/install/px4_msgs/share/px4_msgs/msg/FollowTargetStatus.msg\n'}
[1.676561] (px4_msgs) StdoutLine: {'line': b'-- Up-to-date: /home/mcfb/ros2_ws/install/px4_msgs/share/px4_msgs/msg/FuelTankStatus.msg\n'}
[1.676606] (px4_msgs) StdoutLine: {'line': b'-- Up-to-date: /home/mcfb/ros2_ws/install/px4_msgs/share/px4_msgs/msg/GeneratorStatus.msg\n'}
[1.676650] (px4_msgs) StdoutLine: {'line': b'-- Up-to-date: /home/mcfb/ros2_ws/install/px4_msgs/share/px4_msgs/msg/GeofenceResult.msg\n'}
[1.676696] (px4_msgs) StdoutLine: {'line': b'-- Up-to-date: /home/mcfb/ros2_ws/install/px4_msgs/share/px4_msgs/msg/GeofenceStatus.msg\n'}
[1.676741] (px4_msgs) StdoutLine: {'line': b'-- Up-to-date: /home/mcfb/ros2_ws/install/px4_msgs/share/px4_msgs/msg/GimbalControls.msg\n'}
[1.676788] (px4_msgs) StdoutLine: {'line': b'-- Up-to-date: /home/mcfb/ros2_ws/install/px4_msgs/share/px4_msgs/msg/GimbalDeviceAttitudeStatus.msg\n'}
[1.676835] (px4_msgs) StdoutLine: {'line': b'-- Up-to-date: /home/mcfb/ros2_ws/install/px4_msgs/share/px4_msgs/msg/GimbalDeviceInformation.msg\n'}
[1.676879] (px4_msgs) StdoutLine: {'line': b'-- Up-to-date: /home/mcfb/ros2_ws/install/px4_msgs/share/px4_msgs/msg/GimbalDeviceSetAttitude.msg\n'}
[1.676924] (px4_msgs) StdoutLine: {'line': b'-- Up-to-date: /home/mcfb/ros2_ws/install/px4_msgs/share/px4_msgs/msg/GimbalManagerInformation.msg\n'}
[1.676971] (px4_msgs) StdoutLine: {'line': b'-- Up-to-date: /home/mcfb/ros2_ws/install/px4_msgs/share/px4_msgs/msg/GimbalManagerSetAttitude.msg\n'}
[1.677015] (px4_msgs) StdoutLine: {'line': b'-- Up-to-date: /home/mcfb/ros2_ws/install/px4_msgs/share/px4_msgs/msg/GimbalManagerSetManualControl.msg\n'}
[1.677060] (px4_msgs) StdoutLine: {'line': b'-- Up-to-date: /home/mcfb/ros2_ws/install/px4_msgs/share/px4_msgs/msg/GimbalManagerStatus.msg\n'}
[1.677105] (px4_msgs) StdoutLine: {'line': b'-- Up-to-date: /home/mcfb/ros2_ws/install/px4_msgs/share/px4_msgs/msg/GotoSetpoint.msg\n'}
[1.677151] (px4_msgs) StdoutLine: {'line': b'-- Up-to-date: /home/mcfb/ros2_ws/install/px4_msgs/share/px4_msgs/msg/GpioConfig.msg\n'}
[1.677195] (px4_msgs) StdoutLine: {'line': b'-- Up-to-date: /home/mcfb/ros2_ws/install/px4_msgs/share/px4_msgs/msg/GpioIn.msg\n'}
[1.677241] (px4_msgs) StdoutLine: {'line': b'-- Up-to-date: /home/mcfb/ros2_ws/install/px4_msgs/share/px4_msgs/msg/GpioOut.msg\n'}
[1.677288] (px4_msgs) StdoutLine: {'line': b'-- Up-to-date: /home/mcfb/ros2_ws/install/px4_msgs/share/px4_msgs/msg/GpioRequest.msg\n'}
[1.677348] (px4_msgs) StdoutLine: {'line': b'-- Up-to-date: /home/mcfb/ros2_ws/install/px4_msgs/share/px4_msgs/msg/GpsDump.msg\n'}
[1.677395] (px4_msgs) StdoutLine: {'line': b'-- Up-to-date: /home/mcfb/ros2_ws/install/px4_msgs/share/px4_msgs/msg/GpsInjectData.msg\n'}
[1.677442] (px4_msgs) StdoutLine: {'line': b'-- Up-to-date: /home/mcfb/ros2_ws/install/px4_msgs/share/px4_msgs/msg/Gripper.msg\n'}
[1.677489] (px4_msgs) StdoutLine: {'line': b'-- Up-to-date: /home/mcfb/ros2_ws/install/px4_msgs/share/px4_msgs/msg/HealthReport.msg\n'}
[1.677534] (px4_msgs) StdoutLine: {'line': b'-- Up-to-date: /home/mcfb/ros2_ws/install/px4_msgs/share/px4_msgs/msg/HeaterStatus.msg\n'}
[1.677679] (px4_msgs) StdoutLine: {'line': b'-- Up-to-date: /home/mcfb/ros2_ws/install/px4_msgs/share/px4_msgs/msg/HomePosition.msg\n'}
[1.677731] (px4_msgs) StdoutLine: {'line': b'-- Up-to-date: /home/mcfb/ros2_ws/install/px4_msgs/share/px4_msgs/msg/HoverThrustEstimate.msg\n'}
[1.677779] (px4_msgs) StdoutLine: {'line': b'-- Up-to-date: /home/mcfb/ros2_ws/install/px4_msgs/share/px4_msgs/msg/InputRc.msg\n'}
[1.678014] (px4_msgs) StdoutLine: {'line': b'-- Up-to-date: /home/mcfb/ros2_ws/install/px4_msgs/share/px4_msgs/msg/InternalCombustionEngineControl.msg\n'}
[1.678070] (px4_msgs) StdoutLine: {'line': b'-- Up-to-date: /home/mcfb/ros2_ws/install/px4_msgs/share/px4_msgs/msg/InternalCombustionEngineStatus.msg\n'}
[1.678122] (px4_msgs) StdoutLine: {'line': b'-- Up-to-date: /home/mcfb/ros2_ws/install/px4_msgs/share/px4_msgs/msg/IridiumsbdStatus.msg\n'}
[1.678171] (px4_msgs) StdoutLine: {'line': b'-- Up-to-date: /home/mcfb/ros2_ws/install/px4_msgs/share/px4_msgs/msg/IrlockReport.msg\n'}
[1.678220] (px4_msgs) StdoutLine: {'line': b'-- Up-to-date: /home/mcfb/ros2_ws/install/px4_msgs/share/px4_msgs/msg/LandingGear.msg\n'}
[1.678291] (px4_msgs) StdoutLine: {'line': b'-- Up-to-date: /home/mcfb/ros2_ws/install/px4_msgs/share/px4_msgs/msg/LandingGearWheel.msg\n'}
[1.678378] (px4_msgs) StdoutLine: {'line': b'-- Up-to-date: /home/mcfb/ros2_ws/install/px4_msgs/share/px4_msgs/msg/LandingTargetInnovations.msg\n'}
[1.678461] (px4_msgs) StdoutLine: {'line': b'-- Up-to-date: /home/mcfb/ros2_ws/install/px4_msgs/share/px4_msgs/msg/LandingTargetPose.msg\n'}
[1.678534] (px4_msgs) StdoutLine: {'line': b'-- Up-to-date: /home/mcfb/ros2_ws/install/px4_msgs/share/px4_msgs/msg/LateralControlConfiguration.msg\n'}
[1.678608] (px4_msgs) StdoutLine: {'line': b'-- Up-to-date: /home/mcfb/ros2_ws/install/px4_msgs/share/px4_msgs/msg/LaunchDetectionStatus.msg\n'}
[1.678683] (px4_msgs) StdoutLine: {'line': b'-- Up-to-date: /home/mcfb/ros2_ws/install/px4_msgs/share/px4_msgs/msg/LedControl.msg\n'}
[1.678852] (px4_msgs) StdoutLine: {'line': b'-- Up-to-date: /home/mcfb/ros2_ws/install/px4_msgs/share/px4_msgs/msg/LogMessage.msg\n'}
[1.678925] (px4_msgs) StdoutLine: {'line': b'-- Up-to-date: /home/mcfb/ros2_ws/install/px4_msgs/share/px4_msgs/msg/LoggerStatus.msg\n'}
[1.678981] (px4_msgs) StdoutLine: {'line': b'-- Up-to-date: /home/mcfb/ros2_ws/install/px4_msgs/share/px4_msgs/msg/LongitudinalControlConfiguration.msg\n'}
[1.679032] (px4_msgs) StdoutLine: {'line': b'-- Up-to-date: /home/mcfb/ros2_ws/install/px4_msgs/share/px4_msgs/msg/MagWorkerData.msg\n'}
[1.679102] (px4_msgs) StdoutLine: {'line': b'-- Up-to-date: /home/mcfb/ros2_ws/install/px4_msgs/share/px4_msgs/msg/MagnetometerBiasEstimate.msg\n'}
[1.679156] (px4_msgs) StdoutLine: {'line': b'-- Up-to-date: /home/mcfb/ros2_ws/install/px4_msgs/share/px4_msgs/msg/ManualControlSetpoint.msg\n'}
[1.679225] (px4_msgs) StdoutLine: {'line': b'-- Up-to-date: /home/mcfb/ros2_ws/install/px4_msgs/share/px4_msgs/msg/ManualControlSwitches.msg\n'}
[1.679274] (px4_msgs) StdoutLine: {'line': b'-- Up-to-date: /home/mcfb/ros2_ws/install/px4_msgs/share/px4_msgs/msg/MavlinkLog.msg\n'}
[1.679551] (px4_msgs) StdoutLine: {'line': b'-- Up-to-date: /home/mcfb/ros2_ws/install/px4_msgs/share/px4_msgs/msg/MavlinkTunnel.msg\n'}
[1.679680] (px4_msgs) StdoutLine: {'line': b'-- Up-to-date: /home/mcfb/ros2_ws/install/px4_msgs/share/px4_msgs/msg/MessageFormatRequest.msg\n'}
[1.679755] (px4_msgs) StdoutLine: {'line': b'-- Up-to-date: /home/mcfb/ros2_ws/install/px4_msgs/share/px4_msgs/msg/MessageFormatResponse.msg\n'}
[1.679820] (px4_msgs) StdoutLine: {'line': b'-- Up-to-date: /home/mcfb/ros2_ws/install/px4_msgs/share/px4_msgs/msg/Mission.msg\n'}
[1.679869] (px4_msgs) StdoutLine: {'line': b'-- Up-to-date: /home/mcfb/ros2_ws/install/px4_msgs/share/px4_msgs/msg/MissionResult.msg\n'}
[1.679914] (px4_msgs) StdoutLine: {'line': b'-- Up-to-date: /home/mcfb/ros2_ws/install/px4_msgs/share/px4_msgs/msg/ModeCompleted.msg\n'}
[1.679962] (px4_msgs) StdoutLine: {'line': b'-- Up-to-date: /home/mcfb/ros2_ws/install/px4_msgs/share/px4_msgs/msg/MountOrientation.msg\n'}
[1.680038] (px4_msgs) StdoutLine: {'line': b'-- Up-to-date: /home/mcfb/ros2_ws/install/px4_msgs/share/px4_msgs/msg/NavigatorMissionItem.msg\n'}
[1.680087] (px4_msgs) StdoutLine: {'line': b'-- Up-to-date: /home/mcfb/ros2_ws/install/px4_msgs/share/px4_msgs/msg/NavigatorStatus.msg\n'}
[1.680159] (px4_msgs) StdoutLine: {'line': b'-- Up-to-date: /home/mcfb/ros2_ws/install/px4_msgs/share/px4_msgs/msg/NeuralControl.msg\n'}
[1.680223] (px4_msgs) StdoutLine: {'line': b'-- Up-to-date: /home/mcfb/ros2_ws/install/px4_msgs/share/px4_msgs/msg/NormalizedUnsignedSetpoint.msg\n'}
[1.680274] (px4_msgs) StdoutLine: {'line': b'-- Up-to-date: /home/mcfb/ros2_ws/install/px4_msgs/share/px4_msgs/msg/ObstacleDistance.msg\n'}
[1.680329] (px4_msgs) StdoutLine: {'line': b'-- Up-to-date: /home/mcfb/ros2_ws/install/px4_msgs/share/px4_msgs/msg/OffboardControlMode.msg\n'}
[1.680378] (px4_msgs) StdoutLine: {'line': b'-- Up-to-date: /home/mcfb/ros2_ws/install/px4_msgs/share/px4_msgs/msg/OnboardComputerStatus.msg\n'}
[1.680440] (px4_msgs) StdoutLine: {'line': b'-- Up-to-date: /home/mcfb/ros2_ws/install/px4_msgs/share/px4_msgs/msg/OpenDroneIdArmStatus.msg\n'}
[1.680532] (px4_msgs) StdoutLine: {'line': b'-- Up-to-date: /home/mcfb/ros2_ws/install/px4_msgs/share/px4_msgs/msg/OpenDroneIdOperatorId.msg\n'}
[1.680584] (px4_msgs) StdoutLine: {'line': b'-- Up-to-date: /home/mcfb/ros2_ws/install/px4_msgs/share/px4_msgs/msg/OpenDroneIdSelfId.msg\n'}
[1.680631] (px4_msgs) StdoutLine: {'line': b'-- Up-to-date: /home/mcfb/ros2_ws/install/px4_msgs/share/px4_msgs/msg/OpenDroneIdSystem.msg\n'}
[1.680680] (px4_msgs) StdoutLine: {'line': b'-- Up-to-date: /home/mcfb/ros2_ws/install/px4_msgs/share/px4_msgs/msg/OrbTest.msg\n'}
[1.680761] (px4_msgs) StdoutLine: {'line': b'-- Up-to-date: /home/mcfb/ros2_ws/install/px4_msgs/share/px4_msgs/msg/OrbTestLarge.msg\n'}
[1.680813] (px4_msgs) StdoutLine: {'line': b'-- Up-to-date: /home/mcfb/ros2_ws/install/px4_msgs/share/px4_msgs/msg/OrbTestMedium.msg\n'}
[1.680860] (px4_msgs) StdoutLine: {'line': b'-- Up-to-date: /home/mcfb/ros2_ws/install/px4_msgs/share/px4_msgs/msg/OrbitStatus.msg\n'}
[1.680930] (px4_msgs) StdoutLine: {'line': b'-- Up-to-date: /home/mcfb/ros2_ws/install/px4_msgs/share/px4_msgs/msg/ParameterResetRequest.msg\n'}
[1.681007] (px4_msgs) StdoutLine: {'line': b'-- Up-to-date: /home/mcfb/ros2_ws/install/px4_msgs/share/px4_msgs/msg/ParameterSetUsedRequest.msg\n'}
[1.681071] (px4_msgs) StdoutLine: {'line': b'-- Up-to-date: /home/mcfb/ros2_ws/install/px4_msgs/share/px4_msgs/msg/ParameterSetValueRequest.msg\n'}
[1.681138] (px4_msgs) StdoutLine: {'line': b'-- Up-to-date: /home/mcfb/ros2_ws/install/px4_msgs/share/px4_msgs/msg/ParameterSetValueResponse.msg\n'}
[1.681181] (px4_msgs) StdoutLine: {'line': b'-- Up-to-date: /home/mcfb/ros2_ws/install/px4_msgs/share/px4_msgs/msg/ParameterUpdate.msg\n'}
[1.681223] (px4_msgs) StdoutLine: {'line': b'-- Up-to-date: /home/mcfb/ros2_ws/install/px4_msgs/share/px4_msgs/msg/Ping.msg\n'}
[1.681268] (px4_msgs) StdoutLine: {'line': b'-- Up-to-date: /home/mcfb/ros2_ws/install/px4_msgs/share/px4_msgs/msg/PositionControllerLandingStatus.msg\n'}
[1.681337] (px4_msgs) StdoutLine: {'line': b'-- Up-to-date: /home/mcfb/ros2_ws/install/px4_msgs/share/px4_msgs/msg/PositionControllerStatus.msg\n'}
[1.681398] (px4_msgs) StdoutLine: {'line': b'-- Up-to-date: /home/mcfb/ros2_ws/install/px4_msgs/share/px4_msgs/msg/PositionSetpoint.msg\n'}
[1.681465] (px4_msgs) StdoutLine: {'line': b'-- Up-to-date: /home/mcfb/ros2_ws/install/px4_msgs/share/px4_msgs/msg/PositionSetpointTriplet.msg\n'}
[1.681633] (px4_msgs) StdoutLine: {'line': b'-- Up-to-date: /home/mcfb/ros2_ws/install/px4_msgs/share/px4_msgs/msg/PowerButtonState.msg\n'}
[1.681715] (px4_msgs) StdoutLine: {'line': b'-- Up-to-date: /home/mcfb/ros2_ws/install/px4_msgs/share/px4_msgs/msg/PowerMonitor.msg\n'}
[1.681771] (px4_msgs) StdoutLine: {'line': b'-- Up-to-date: /home/mcfb/ros2_ws/install/px4_msgs/share/px4_msgs/msg/PpsCapture.msg\n'}
[1.681831] (px4_msgs) StdoutLine: {'line': b'-- Up-to-date: /home/mcfb/ros2_ws/install/px4_msgs/share/px4_msgs/msg/PurePursuitStatus.msg\n'}
[1.681897] (px4_msgs) StdoutLine: {'line': b'-- Up-to-date: /home/mcfb/ros2_ws/install/px4_msgs/share/px4_msgs/msg/PwmInput.msg\n'}
[1.681948] (px4_msgs) StdoutLine: {'line': b'-- Up-to-date: /home/mcfb/ros2_ws/install/px4_msgs/share/px4_msgs/msg/Px4ioStatus.msg\n'}
[1.681998] (px4_msgs) StdoutLine: {'line': b'-- Up-to-date: /home/mcfb/ros2_ws/install/px4_msgs/share/px4_msgs/msg/QshellReq.msg\n'}
[1.682046] (px4_msgs) StdoutLine: {'line': b'-- Up-to-date: /home/mcfb/ros2_ws/install/px4_msgs/share/px4_msgs/msg/QshellRetval.msg\n'}
[1.682096] (px4_msgs) StdoutLine: {'line': b'-- Up-to-date: /home/mcfb/ros2_ws/install/px4_msgs/share/px4_msgs/msg/RadioStatus.msg\n'}
[1.682144] (px4_msgs) StdoutLine: {'line': b'-- Up-to-date: /home/mcfb/ros2_ws/install/px4_msgs/share/px4_msgs/msg/RateCtrlStatus.msg\n'}
[1.682191] (px4_msgs) StdoutLine: {'line': b'-- Up-to-date: /home/mcfb/ros2_ws/install/px4_msgs/share/px4_msgs/msg/RcChannels.msg\n'}
[1.682243] (px4_msgs) StdoutLine: {'line': b'-- Up-to-date: /home/mcfb/ros2_ws/install/px4_msgs/share/px4_msgs/msg/RcParameterMap.msg\n'}
[1.682302] (px4_msgs) StdoutLine: {'line': b'-- Up-to-date: /home/mcfb/ros2_ws/install/px4_msgs/share/px4_msgs/msg/RegisterExtComponentReply.msg\n'}
[1.682379] (px4_msgs) StdoutLine: {'line': b'-- Up-to-date: /home/mcfb/ros2_ws/install/px4_msgs/share/px4_msgs/msg/RegisterExtComponentRequest.msg\n'}
[1.682433] (px4_msgs) StdoutLine: {'line': b'-- Up-to-date: /home/mcfb/ros2_ws/install/px4_msgs/share/px4_msgs/msg/RoverAttitudeSetpoint.msg\n'}
[1.682489] (px4_msgs) StdoutLine: {'line': b'-- Up-to-date: /home/mcfb/ros2_ws/install/px4_msgs/share/px4_msgs/msg/RoverAttitudeStatus.msg\n'}
[1.682583] (px4_msgs) StdoutLine: {'line': b'-- Up-to-date: /home/mcfb/ros2_ws/install/px4_msgs/share/px4_msgs/msg/RoverPositionSetpoint.msg\n'}
[1.682633] (px4_msgs) StdoutLine: {'line': b'-- Up-to-date: /home/mcfb/ros2_ws/install/px4_msgs/share/px4_msgs/msg/RoverRateSetpoint.msg\n'}
[1.682684] (px4_msgs) StdoutLine: {'line': b'-- Up-to-date: /home/mcfb/ros2_ws/install/px4_msgs/share/px4_msgs/msg/RoverRateStatus.msg\n'}
[1.682732] (px4_msgs) StdoutLine: {'line': b'-- Up-to-date: /home/mcfb/ros2_ws/install/px4_msgs/share/px4_msgs/msg/RoverSpeedSetpoint.msg\n'}
[1.682779] (px4_msgs) StdoutLine: {'line': b'-- Up-to-date: /home/mcfb/ros2_ws/install/px4_msgs/share/px4_msgs/msg/RoverSpeedStatus.msg\n'}
[1.682825] (px4_msgs) StdoutLine: {'line': b'-- Up-to-date: /home/mcfb/ros2_ws/install/px4_msgs/share/px4_msgs/msg/RoverSteeringSetpoint.msg\n'}
[1.682872] (px4_msgs) StdoutLine: {'line': b'-- Up-to-date: /home/mcfb/ros2_ws/install/px4_msgs/share/px4_msgs/msg/RoverThrottleSetpoint.msg\n'}
[1.682920] (px4_msgs) StdoutLine: {'line': b'-- Up-to-date: /home/mcfb/ros2_ws/install/px4_msgs/share/px4_msgs/msg/Rpm.msg\n'}
[1.682967] (px4_msgs) StdoutLine: {'line': b'-- Up-to-date: /home/mcfb/ros2_ws/install/px4_msgs/share/px4_msgs/msg/RtlStatus.msg\n'}
[1.683013] (px4_msgs) StdoutLine: {'line': b'-- Up-to-date: /home/mcfb/ros2_ws/install/px4_msgs/share/px4_msgs/msg/RtlTimeEstimate.msg\n'}
[1.683062] (px4_msgs) StdoutLine: {'line': b'-- Up-to-date: /home/mcfb/ros2_ws/install/px4_msgs/share/px4_msgs/msg/SatelliteInfo.msg\n'}
[1.683108] (px4_msgs) StdoutLine: {'line': b'-- Up-to-date: /home/mcfb/ros2_ws/install/px4_msgs/share/px4_msgs/msg/SensorAccel.msg\n'}
[1.683159] (px4_msgs) StdoutLine: {'line': b'-- Up-to-date: /home/mcfb/ros2_ws/install/px4_msgs/share/px4_msgs/msg/SensorAccelFifo.msg\n'}
[1.683207] (px4_msgs) StdoutLine: {'line': b'-- Up-to-date: /home/mcfb/ros2_ws/install/px4_msgs/share/px4_msgs/msg/SensorAirflow.msg\n'}
[1.683251] (px4_msgs) StdoutLine: {'line': b'-- Up-to-date: /home/mcfb/ros2_ws/install/px4_msgs/share/px4_msgs/msg/SensorBaro.msg\n'}
[1.683300] (px4_msgs) StdoutLine: {'line': b'-- Up-to-date: /home/mcfb/ros2_ws/install/px4_msgs/share/px4_msgs/msg/SensorCombined.msg\n'}
[1.683373] (px4_msgs) StdoutLine: {'line': b'-- Up-to-date: /home/mcfb/ros2_ws/install/px4_msgs/share/px4_msgs/msg/SensorCorrection.msg\n'}
[1.683422] (px4_msgs) StdoutLine: {'line': b'-- Up-to-date: /home/mcfb/ros2_ws/install/px4_msgs/share/px4_msgs/msg/SensorGnssRelative.msg\n'}
[1.683489] (px4_msgs) StdoutLine: {'line': b'-- Up-to-date: /home/mcfb/ros2_ws/install/px4_msgs/share/px4_msgs/msg/SensorGnssStatus.msg\n'}
[1.683537] (px4_msgs) StdoutLine: {'line': b'-- Up-to-date: /home/mcfb/ros2_ws/install/px4_msgs/share/px4_msgs/msg/SensorGps.msg\n'}
[1.683584] (px4_msgs) StdoutLine: {'line': b'-- Up-to-date: /home/mcfb/ros2_ws/install/px4_msgs/share/px4_msgs/msg/SensorGyro.msg\n'}
[1.683631] (px4_msgs) StdoutLine: {'line': b'-- Up-to-date: /home/mcfb/ros2_ws/install/px4_msgs/share/px4_msgs/msg/SensorGyroFft.msg\n'}
[1.683739] (px4_msgs) StdoutLine: {'line': b'-- Up-to-date: /home/mcfb/ros2_ws/install/px4_msgs/share/px4_msgs/msg/SensorGyroFifo.msg\n'}
[1.683791] (px4_msgs) StdoutLine: {'line': b'-- Up-to-date: /home/mcfb/ros2_ws/install/px4_msgs/share/px4_msgs/msg/SensorHygrometer.msg\n'}
[1.683839] (px4_msgs) StdoutLine: {'line': b'-- Up-to-date: /home/mcfb/ros2_ws/install/px4_msgs/share/px4_msgs/msg/SensorMag.msg\n'}
[1.683885] (px4_msgs) StdoutLine: {'line': b'-- Up-to-date: /home/mcfb/ros2_ws/install/px4_msgs/share/px4_msgs/msg/SensorOpticalFlow.msg\n'}
[1.683933] (px4_msgs) StdoutLine: {'line': b'-- Up-to-date: /home/mcfb/ros2_ws/install/px4_msgs/share/px4_msgs/msg/SensorPreflightMag.msg\n'}
[1.683979] (px4_msgs) StdoutLine: {'line': b'-- Up-to-date: /home/mcfb/ros2_ws/install/px4_msgs/share/px4_msgs/msg/SensorSelection.msg\n'}
[1.684026] (px4_msgs) StdoutLine: {'line': b'-- Up-to-date: /home/mcfb/ros2_ws/install/px4_msgs/share/px4_msgs/msg/SensorUwb.msg\n'}
[1.684073] (px4_msgs) StdoutLine: {'line': b'-- Up-to-date: /home/mcfb/ros2_ws/install/px4_msgs/share/px4_msgs/msg/SensorsStatus.msg\n'}
[1.684119] (px4_msgs) StdoutLine: {'line': b'-- Up-to-date: /home/mcfb/ros2_ws/install/px4_msgs/share/px4_msgs/msg/SensorsStatusImu.msg\n'}
[1.684164] (px4_msgs) StdoutLine: {'line': b'-- Up-to-date: /home/mcfb/ros2_ws/install/px4_msgs/share/px4_msgs/msg/SystemPower.msg\n'}
[1.684212] (px4_msgs) StdoutLine: {'line': b'-- Up-to-date: /home/mcfb/ros2_ws/install/px4_msgs/share/px4_msgs/msg/TakeoffStatus.msg\n'}
[1.684259] (px4_msgs) StdoutLine: {'line': b'-- Up-to-date: /home/mcfb/ros2_ws/install/px4_msgs/share/px4_msgs/msg/TaskStackInfo.msg\n'}
[1.684307] (px4_msgs) StdoutLine: {'line': b'-- Up-to-date: /home/mcfb/ros2_ws/install/px4_msgs/share/px4_msgs/msg/TecsStatus.msg\n'}
[1.684359] (px4_msgs) StdoutLine: {'line': b'-- Up-to-date: /home/mcfb/ros2_ws/install/px4_msgs/share/px4_msgs/msg/TelemetryStatus.msg\n'}
[1.684406] (px4_msgs) StdoutLine: {'line': b'-- Up-to-date: /home/mcfb/ros2_ws/install/px4_msgs/share/px4_msgs/msg/TiltrotorExtraControls.msg\n'}
[1.684453] (px4_msgs) StdoutLine: {'line': b'-- Up-to-date: /home/mcfb/ros2_ws/install/px4_msgs/share/px4_msgs/msg/TimesyncStatus.msg\n'}
[1.684498] (px4_msgs) StdoutLine: {'line': b'-- Up-to-date: /home/mcfb/ros2_ws/install/px4_msgs/share/px4_msgs/msg/TrajectorySetpoint.msg\n'}
[1.684544] (px4_msgs) StdoutLine: {'line': b'-- Up-to-date: /home/mcfb/ros2_ws/install/px4_msgs/share/px4_msgs/msg/TrajectorySetpoint6dof.msg\n'}
[1.684589] (px4_msgs) StdoutLine: {'line': b'-- Up-to-date: /home/mcfb/ros2_ws/install/px4_msgs/share/px4_msgs/msg/TransponderReport.msg\n'}
[1.684636] (px4_msgs) StdoutLine: {'line': b'-- Up-to-date: /home/mcfb/ros2_ws/install/px4_msgs/share/px4_msgs/msg/TuneControl.msg\n'}
[1.684683] (px4_msgs) StdoutLine: {'line': b'-- Up-to-date: /home/mcfb/ros2_ws/install/px4_msgs/share/px4_msgs/msg/UavcanParameterRequest.msg\n'}
[1.684729] (px4_msgs) StdoutLine: {'line': b'-- Up-to-date: /home/mcfb/ros2_ws/install/px4_msgs/share/px4_msgs/msg/UavcanParameterValue.msg\n'}
[1.684773] (px4_msgs) StdoutLine: {'line': b'-- Up-to-date: /home/mcfb/ros2_ws/install/px4_msgs/share/px4_msgs/msg/UlogStream.msg\n'}
[1.684820] (px4_msgs) StdoutLine: {'line': b'-- Up-to-date: /home/mcfb/ros2_ws/install/px4_msgs/share/px4_msgs/msg/UlogStreamAck.msg\n'}
[1.684866] (px4_msgs) StdoutLine: {'line': b'-- Up-to-date: /home/mcfb/ros2_ws/install/px4_msgs/share/px4_msgs/msg/UnregisterExtComponent.msg\n'}
[1.684929] (px4_msgs) StdoutLine: {'line': b'-- Up-to-date: /home/mcfb/ros2_ws/install/px4_msgs/share/px4_msgs/msg/VehicleAcceleration.msg\n'}
[1.684990] (px4_msgs) StdoutLine: {'line': b'-- Up-to-date: /home/mcfb/ros2_ws/install/px4_msgs/share/px4_msgs/msg/VehicleAirData.msg\n'}
[1.685038] (px4_msgs) StdoutLine: {'line': b'-- Up-to-date: /home/mcfb/ros2_ws/install/px4_msgs/share/px4_msgs/msg/VehicleAngularAccelerationSetpoint.msg\n'}
[1.685085] (px4_msgs) StdoutLine: {'line': b'-- Up-to-date: /home/mcfb/ros2_ws/install/px4_msgs/share/px4_msgs/msg/VehicleAngularVelocity.msg\n'}
[1.685131] (px4_msgs) StdoutLine: {'line': b'-- Up-to-date: /home/mcfb/ros2_ws/install/px4_msgs/share/px4_msgs/msg/VehicleAttitude.msg\n'}
[1.685179] (px4_msgs) StdoutLine: {'line': b'-- Up-to-date: /home/mcfb/ros2_ws/install/px4_msgs/share/px4_msgs/msg/VehicleAttitudeSetpoint.msg\n'}
[1.685244] (px4_msgs) StdoutLine: {'line': b'-- Up-to-date: /home/mcfb/ros2_ws/install/px4_msgs/share/px4_msgs/msg/VehicleCommand.msg\n'}
[1.685295] (px4_msgs) StdoutLine: {'line': b'-- Up-to-date: /home/mcfb/ros2_ws/install/px4_msgs/share/px4_msgs/msg/VehicleCommandAck.msg\n'}
[1.685349] (px4_msgs) StdoutLine: {'line': b'-- Up-to-date: /home/mcfb/ros2_ws/install/px4_msgs/share/px4_msgs/msg/VehicleConstraints.msg\n'}
[1.685395] (px4_msgs) StdoutLine: {'line': b'-- Up-to-date: /home/mcfb/ros2_ws/install/px4_msgs/share/px4_msgs/msg/VehicleControlMode.msg\n'}
[1.685443] (px4_msgs) StdoutLine: {'line': b'-- Up-to-date: /home/mcfb/ros2_ws/install/px4_msgs/share/px4_msgs/msg/VehicleGlobalPosition.msg\n'}
[1.685501] (px4_msgs) StdoutLine: {'line': b'-- Up-to-date: /home/mcfb/ros2_ws/install/px4_msgs/share/px4_msgs/msg/VehicleImu.msg\n'}
[1.685549] (px4_msgs) StdoutLine: {'line': b'-- Up-to-date: /home/mcfb/ros2_ws/install/px4_msgs/share/px4_msgs/msg/VehicleImuStatus.msg\n'}
[1.685596] (px4_msgs) StdoutLine: {'line': b'-- Up-to-date: /home/mcfb/ros2_ws/install/px4_msgs/share/px4_msgs/msg/VehicleLandDetected.msg\n'}
[1.685645] (px4_msgs) StdoutLine: {'line': b'-- Up-to-date: /home/mcfb/ros2_ws/install/px4_msgs/share/px4_msgs/msg/VehicleLocalPosition.msg\n'}
[1.685691] (px4_msgs) StdoutLine: {'line': b'-- Up-to-date: /home/mcfb/ros2_ws/install/px4_msgs/share/px4_msgs/msg/VehicleLocalPositionSetpoint.msg\n'}
[1.685737] (px4_msgs) StdoutLine: {'line': b'-- Up-to-date: /home/mcfb/ros2_ws/install/px4_msgs/share/px4_msgs/msg/VehicleMagnetometer.msg\n'}
[1.685792] (px4_msgs) StdoutLine: {'line': b'-- Up-to-date: /home/mcfb/ros2_ws/install/px4_msgs/share/px4_msgs/msg/VehicleOdometry.msg\n'}
[1.685844] (px4_msgs) StdoutLine: {'line': b'-- Up-to-date: /home/mcfb/ros2_ws/install/px4_msgs/share/px4_msgs/msg/VehicleOpticalFlow.msg\n'}
[1.685890] (px4_msgs) StdoutLine: {'line': b'-- Up-to-date: /home/mcfb/ros2_ws/install/px4_msgs/share/px4_msgs/msg/VehicleOpticalFlowVel.msg\n'}
[1.685952] (px4_msgs) StdoutLine: {'line': b'-- Up-to-date: /home/mcfb/ros2_ws/install/px4_msgs/share/px4_msgs/msg/VehicleRatesSetpoint.msg\n'}
[1.686000] (px4_msgs) StdoutLine: {'line': b'-- Up-to-date: /home/mcfb/ros2_ws/install/px4_msgs/share/px4_msgs/msg/VehicleRoi.msg\n'}
[1.686067] (px4_msgs) StdoutLine: {'line': b'-- Up-to-date: /home/mcfb/ros2_ws/install/px4_msgs/share/px4_msgs/msg/VehicleStatus.msg\n'}
[1.686141] (px4_msgs) StdoutLine: {'line': b'-- Up-to-date: /home/mcfb/ros2_ws/install/px4_msgs/share/px4_msgs/msg/VehicleThrustSetpoint.msg\n'}
[1.686199] (px4_msgs) StdoutLine: {'line': b'-- Up-to-date: /home/mcfb/ros2_ws/install/px4_msgs/share/px4_msgs/msg/VehicleTorqueSetpoint.msg\n'}
[1.686263] (px4_msgs) StdoutLine: {'line': b'-- Up-to-date: /home/mcfb/ros2_ws/install/px4_msgs/share/px4_msgs/msg/VelocityLimits.msg\n'}
[1.686403] (px4_msgs) StdoutLine: {'line': b'-- Up-to-date: /home/mcfb/ros2_ws/install/px4_msgs/share/px4_msgs/msg/VtolVehicleStatus.msg\n'}
[1.686591] (px4_msgs) StdoutLine: {'line': b'-- Up-to-date: /home/mcfb/ros2_ws/install/px4_msgs/share/px4_msgs/msg/WheelEncoders.msg\n'}
[1.686654] (px4_msgs) StdoutLine: {'line': b'-- Up-to-date: /home/mcfb/ros2_ws/install/px4_msgs/share/px4_msgs/msg/Wind.msg\n'}
[1.686818] (px4_msgs) StdoutLine: {'line': b'-- Up-to-date: /home/mcfb/ros2_ws/install/px4_msgs/share/px4_msgs/msg/YawEstimatorStatus.msg\n'}
[1.686984] (px4_msgs) StdoutLine: {'line': b'-- Up-to-date: /home/mcfb/ros2_ws/install/px4_msgs/share/px4_msgs/srv/VehicleCommand.srv\n'}
[1.687074] (px4_msgs) StdoutLine: {'line': b'-- Up-to-date: /home/mcfb/ros2_ws/install/px4_msgs/share/ament_index/resource_index/package_run_dependencies/px4_msgs\n'}
[1.687135] (px4_msgs) StdoutLine: {'line': b'-- Up-to-date: /home/mcfb/ros2_ws/install/px4_msgs/share/ament_index/resource_index/parent_prefix_path/px4_msgs\n'}
[1.687188] (px4_msgs) StdoutLine: {'line': b'-- Up-to-date: /home/mcfb/ros2_ws/install/px4_msgs/share/px4_msgs/environment/ament_prefix_path.sh\n'}
[1.687240] (px4_msgs) StdoutLine: {'line': b'-- Up-to-date: /home/mcfb/ros2_ws/install/px4_msgs/share/px4_msgs/environment/ament_prefix_path.dsv\n'}
[1.687291] (px4_msgs) StdoutLine: {'line': b'-- Up-to-date: /home/mcfb/ros2_ws/install/px4_msgs/share/px4_msgs/environment/path.sh\n'}
[1.687360] (px4_msgs) StdoutLine: {'line': b'-- Up-to-date: /home/mcfb/ros2_ws/install/px4_msgs/share/px4_msgs/environment/path.dsv\n'}
[1.687417] (px4_msgs) StdoutLine: {'line': b'-- Up-to-date: /home/mcfb/ros2_ws/install/px4_msgs/share/px4_msgs/local_setup.bash\n'}
[1.687482] (px4_msgs) StdoutLine: {'line': b'-- Up-to-date: /home/mcfb/ros2_ws/install/px4_msgs/share/px4_msgs/local_setup.sh\n'}
[1.687535] (px4_msgs) StdoutLine: {'line': b'-- Up-to-date: /home/mcfb/ros2_ws/install/px4_msgs/share/px4_msgs/local_setup.zsh\n'}
[1.687583] (px4_msgs) StdoutLine: {'line': b'-- Up-to-date: /home/mcfb/ros2_ws/install/px4_msgs/share/px4_msgs/local_setup.dsv\n'}
[1.687631] (px4_msgs) StdoutLine: {'line': b'-- Installing: /home/mcfb/ros2_ws/install/px4_msgs/share/px4_msgs/package.dsv\n'}
[1.687680] (px4_msgs) StdoutLine: {'line': b'-- Up-to-date: /home/mcfb/ros2_ws/install/px4_msgs/share/ament_index/resource_index/packages/px4_msgs\n'}
[1.687730] (px4_msgs) StdoutLine: {'line': b'-- Up-to-date: /home/mcfb/ros2_ws/install/px4_msgs/share/px4_msgs/cmake/export_px4_msgs__rosidl_generator_cExport.cmake\n'}
[1.687847] (px4_msgs) StdoutLine: {'line': b'-- Up-to-date: /home/mcfb/ros2_ws/install/px4_msgs/share/px4_msgs/cmake/export_px4_msgs__rosidl_generator_cExport-noconfig.cmake\n'}
[1.687927] (px4_msgs) StdoutLine: {'line': b'-- Up-to-date: /home/mcfb/ros2_ws/install/px4_msgs/share/px4_msgs/cmake/export_px4_msgs__rosidl_typesupport_fastrtps_cExport.cmake\n'}
[1.688001] (px4_msgs) StdoutLine: {'line': b'-- Up-to-date: /home/mcfb/ros2_ws/install/px4_msgs/share/px4_msgs/cmake/export_px4_msgs__rosidl_typesupport_fastrtps_cExport-noconfig.cmake\n'}
[1.688069] (px4_msgs) StdoutLine: {'line': b'-- Up-to-date: /home/mcfb/ros2_ws/install/px4_msgs/share/px4_msgs/cmake/export_px4_msgs__rosidl_generator_cppExport.cmake\n'}
[1.688191] (px4_msgs) StdoutLine: {'line': b'-- Up-to-date: /home/mcfb/ros2_ws/install/px4_msgs/share/px4_msgs/cmake/export_px4_msgs__rosidl_typesupport_fastrtps_cppExport.cmake\n'}
[1.688259] (px4_msgs) StdoutLine: {'line': b'-- Up-to-date: /home/mcfb/ros2_ws/install/px4_msgs/share/px4_msgs/cmake/export_px4_msgs__rosidl_typesupport_fastrtps_cppExport-noconfig.cmake\n'}
[1.688329] (px4_msgs) StdoutLine: {'line': b'-- Up-to-date: /home/mcfb/ros2_ws/install/px4_msgs/share/px4_msgs/cmake/px4_msgs__rosidl_typesupport_introspection_cExport.cmake\n'}
[1.688400] (px4_msgs) StdoutLine: {'line': b'-- Up-to-date: /home/mcfb/ros2_ws/install/px4_msgs/share/px4_msgs/cmake/px4_msgs__rosidl_typesupport_introspection_cExport-noconfig.cmake\n'}
[1.688459] (px4_msgs) StdoutLine: {'line': b'-- Up-to-date: /home/mcfb/ros2_ws/install/px4_msgs/share/px4_msgs/cmake/px4_msgs__rosidl_typesupport_cExport.cmake\n'}
[1.688539] (px4_msgs) StdoutLine: {'line': b'-- Up-to-date: /home/mcfb/ros2_ws/install/px4_msgs/share/px4_msgs/cmake/px4_msgs__rosidl_typesupport_cExport-noconfig.cmake\n'}
[1.688602] (px4_msgs) StdoutLine: {'line': b'-- Up-to-date: /home/mcfb/ros2_ws/install/px4_msgs/share/px4_msgs/cmake/px4_msgs__rosidl_typesupport_introspection_cppExport.cmake\n'}
[1.688683] (px4_msgs) StdoutLine: {'line': b'-- Up-to-date: /home/mcfb/ros2_ws/install/px4_msgs/share/px4_msgs/cmake/px4_msgs__rosidl_typesupport_introspection_cppExport-noconfig.cmake\n'}
[1.688738] (px4_msgs) StdoutLine: {'line': b'-- Up-to-date: /home/mcfb/ros2_ws/install/px4_msgs/share/px4_msgs/cmake/px4_msgs__rosidl_typesupport_cppExport.cmake\n'}
[1.688800] (px4_msgs) StdoutLine: {'line': b'-- Up-to-date: /home/mcfb/ros2_ws/install/px4_msgs/share/px4_msgs/cmake/px4_msgs__rosidl_typesupport_cppExport-noconfig.cmake\n'}
[1.688882] (px4_msgs) StdoutLine: {'line': b'-- Up-to-date: /home/mcfb/ros2_ws/install/px4_msgs/share/px4_msgs/cmake/export_px4_msgs__rosidl_generator_pyExport.cmake\n'}
[1.688949] (px4_msgs) StdoutLine: {'line': b'-- Up-to-date: /home/mcfb/ros2_ws/install/px4_msgs/share/px4_msgs/cmake/export_px4_msgs__rosidl_generator_pyExport-noconfig.cmake\n'}
[1.689016] (px4_msgs) StdoutLine: {'line': b'-- Up-to-date: /home/mcfb/ros2_ws/install/px4_msgs/share/px4_msgs/cmake/rosidl_cmake-extras.cmake\n'}
[1.689086] (px4_msgs) StdoutLine: {'line': b'-- Up-to-date: /home/mcfb/ros2_ws/install/px4_msgs/share/px4_msgs/cmake/ament_cmake_export_dependencies-extras.cmake\n'}
[1.689150] (px4_msgs) StdoutLine: {'line': b'-- Up-to-date: /home/mcfb/ros2_ws/install/px4_msgs/share/px4_msgs/cmake/ament_cmake_export_include_directories-extras.cmake\n'}
[1.689301] (px4_msgs) StdoutLine: {'line': b'-- Up-to-date: /home/mcfb/ros2_ws/install/px4_msgs/share/px4_msgs/cmake/ament_cmake_export_libraries-extras.cmake\n'}
[1.689376] (px4_msgs) StdoutLine: {'line': b'-- Up-to-date: /home/mcfb/ros2_ws/install/px4_msgs/share/px4_msgs/cmake/ament_cmake_export_targets-extras.cmake\n'}
[1.689421] (px4_msgs) StdoutLine: {'line': b'-- Up-to-date: /home/mcfb/ros2_ws/install/px4_msgs/share/px4_msgs/cmake/rosidl_cmake_export_typesupport_targets-extras.cmake\n'}
[1.689468] (px4_msgs) StdoutLine: {'line': b'-- Up-to-date: /home/mcfb/ros2_ws/install/px4_msgs/share/px4_msgs/cmake/rosidl_cmake_export_typesupport_libraries-extras.cmake\n'}
[1.689510] (px4_msgs) StdoutLine: {'line': b'-- Up-to-date: /home/mcfb/ros2_ws/install/px4_msgs/share/px4_msgs/cmake/px4_msgsConfig.cmake\n'}
[1.689553] (px4_msgs) StdoutLine: {'line': b'-- Up-to-date: /home/mcfb/ros2_ws/install/px4_msgs/share/px4_msgs/cmake/px4_msgsConfig-version.cmake\n'}
[1.689594] (px4_msgs) StdoutLine: {'line': b'-- Up-to-date: /home/mcfb/ros2_ws/install/px4_msgs/share/px4_msgs/package.xml\n'}
[1.689637] (px4_msgs) CommandEnded: {'returncode': 0}
[1.702379] (-) TimerEvent: {}
[1.705468] (px4_msgs) JobEnded: {'identifier': 'px4_msgs', 'rc': 0}
[1.706484] (px4_offboard) JobStarted: {'identifier': 'px4_offboard'}
[1.710058] (px4_ros_com) JobStarted: {'identifier': 'px4_ros_com'}
[1.802554] (-) TimerEvent: {}
[1.902855] (-) TimerEvent: {}
[1.918479] (px4_ros_com) JobProgress: {'identifier': 'px4_ros_com', 'progress': 'cmake'}
[1.918975] (px4_ros_com) JobProgress: {'identifier': 'px4_ros_com', 'progress': 'build'}
[1.919580] (px4_ros_com) Command: {'cmd': ['/usr/bin/cmake', '--build', '/home/mcfb/ros2_ws/build/px4_ros_com', '--', '-j12', '-l12'], 'cwd': '/home/mcfb/ros2_ws/build/px4_ros_com', 'env': OrderedDict({'LESSOPEN': '| /usr/bin/lesspipe %s', 'USER': 'mcfb', 'GZ_CONFIG_PATH': '/opt/ros/jazzy/opt/gz_sim_vendor/share/gz:/opt/ros/jazzy/opt/sdformat_vendor/share/gz:/opt/ros/jazzy/opt/gz_gui_vendor/share/gz:/opt/ros/jazzy/opt/gz_transport_vendor/share/gz:/opt/ros/jazzy/opt/gz_rendering_vendor/share/gz:/opt/ros/jazzy/opt/gz_plugin_vendor/share/gz:/opt/ros/jazzy/opt/gz_fuel_tools_vendor/share/gz:/opt/ros/jazzy/opt/gz_msgs_vendor/share/gz:/opt/ros/jazzy/opt/gz_common_vendor/share/gz', 'XDG_SESSION_TYPE': 'x11', 'CLUTTER_DISABLE_MIPMAPPED_TEXT': '1', 'SHLVL': '1', 'LD_LIBRARY_PATH': '/home/mcfb/ros2_ws/install/px4_msgs/lib:/home/mcfb/ros2_ws/install/px4_ros_com/lib:/opt/ros/jazzy/opt/gz_sim_vendor/lib:/opt/ros/jazzy/opt/gz_sensors_vendor/lib:/opt/ros/jazzy/opt/gz_physics_vendor/lib:/opt/ros/jazzy/opt/sdformat_vendor/lib:/opt/ros/jazzy/opt/rviz_ogre_vendor/lib:/opt/ros/jazzy/lib/x86_64-linux-gnu:/opt/ros/jazzy/opt/gz_gui_vendor/lib:/opt/ros/jazzy/opt/gz_transport_vendor/lib:/opt/ros/jazzy/opt/gz_rendering_vendor/lib:/opt/ros/jazzy/opt/gz_plugin_vendor/lib:/opt/ros/jazzy/opt/gz_fuel_tools_vendor/lib:/opt/ros/jazzy/opt/gz_msgs_vendor/lib:/opt/ros/jazzy/opt/gz_common_vendor/lib:/opt/ros/jazzy/opt/gz_math_vendor/lib:/opt/ros/jazzy/opt/gz_utils_vendor/lib:/opt/ros/jazzy/opt/gz_tools_vendor/lib:/opt/ros/jazzy/opt/gz_ogre_next_vendor/lib:/opt/ros/jazzy/opt/gz_dartsim_vendor/lib:/opt/ros/jazzy/opt/gz_cmake_vendor/lib:/opt/ros/jazzy/lib', 'HOME': '/home/mcfb', 'OLDPWD': '/home/mcfb', 'DESKTOP_SESSION': 'ubuntu', 'ROS_PYTHON_VERSION': '3', 'GNOME_SHELL_SESSION_MODE': 'ubuntu', 'GTK_MODULES': 'gail:atk-bridge', 'SYSTEMD_EXEC_PID': '2892', 'GSM_SKIP_SSH_AGENT_WORKAROUND': 'true', 'DBUS_SESSION_BUS_ADDRESS': 'unix:path=/run/user/1000/bus', 'COLORTERM': 'truecolor', 'DEBUGINFOD_URLS': 'https://debuginfod.ubuntu.com', 'COLCON_PREFIX_PATH': '/home/mcfb/ros2_ws/install', 'ROS_DISTRO': 'jazzy', 'LOGNAME': 'mcfb', '_': '/usr/bin/colcon', 'ROS_VERSION': '2', 'MEMORY_PRESSURE_WATCH': '/sys/fs/cgroup/user.slice/user-1000.slice/user@1000.service/session.slice/org.gnome.Shell@x11.service/memory.pressure', 'XDG_SESSION_CLASS': 'user', 'USERNAME': 'mcfb', 'TERM': 'xterm-256color', 'GNOME_DESKTOP_SESSION_ID': 'this-is-deprecated', 'WINDOWPATH': '2', 'PATH': '/opt/ros/jazzy/opt/gz_msgs_vendor/bin:/opt/ros/jazzy/opt/gz_tools_vendor/bin:/opt/ros/jazzy/opt/gz_ogre_next_vendor/bin:/opt/ros/jazzy/bin:/home/mcfb/.local/bin:/usr/local/sbin:/usr/local/bin:/usr/sbin:/usr/bin:/sbin:/bin:/usr/games:/usr/local/games:/snap/bin:/snap/bin:/opt/xtensa-esp-elf/bin/', 'SESSION_MANAGER': 'local/mcfb:@/tmp/.ICE-unix/2860,unix/mcfb:/tmp/.ICE-unix/2860', 'XDG_MENU_PREFIX': 'gnome-', 'GNOME_TERMINAL_SCREEN': '/org/gnome/Terminal/screen/635fe134_8057_4151_bd4d_d98d51531782', 'XDG_RUNTIME_DIR': '/run/user/1000', 'DISPLAY': ':1', 'LANG': 'en_US.UTF-8', 'XDG_CURRENT_DESKTOP': 'ubuntu:GNOME', 'XMODIFIERS': '@im=ibus', 'XDG_SESSION_DESKTOP': 'ubuntu', 'XAUTHORITY': '/run/user/1000/gdm/Xauthority', 'LS_COLORS': 'rs=0:di=01;34:ln=01;36:mh=00:pi=40;33:so=01;35:do=01;35:bd=40;33;01:cd=40;33;01:or=40;31;01:mi=00:su=37;41:sg=30;43:ca=00:tw=30;42:ow=34;42:st=37;44:ex=01;32:*.tar=01;31:*.tgz=01;31:*.arc=01;31:*.arj=01;31:*.taz=01;31:*.lha=01;31:*.lz4=01;31:*.lzh=01;31:*.lzma=01;31:*.tlz=01;31:*.txz=01;31:*.tzo=01;31:*.t7z=01;31:*.zip=01;31:*.z=01;31:*.dz=01;31:*.gz=01;31:*.lrz=01;31:*.lz=01;31:*.lzo=01;31:*.xz=01;31:*.zst=01;31:*.tzst=01;31:*.bz2=01;31:*.bz=01;31:*.tbz=01;31:*.tbz2=01;31:*.tz=01;31:*.deb=01;31:*.rpm=01;31:*.jar=01;31:*.war=01;31:*.ear=01;31:*.sar=01;31:*.rar=01;31:*.alz=01;31:*.ace=01;31:*.zoo=01;31:*.cpio=01;31:*.7z=01;31:*.rz=01;31:*.cab=01;31:*.wim=01;31:*.swm=01;31:*.dwm=01;31:*.esd=01;31:*.avif=01;35:*.jpg=01;35:*.jpeg=01;35:*.mjpg=01;35:*.mjpeg=01;35:*.gif=01;35:*.bmp=01;35:*.pbm=01;35:*.pgm=01;35:*.ppm=01;35:*.tga=01;35:*.xbm=01;35:*.xpm=01;35:*.tif=01;35:*.tiff=01;35:*.png=01;35:*.svg=01;35:*.svgz=01;35:*.mng=01;35:*.pcx=01;35:*.mov=01;35:*.mpg=01;35:*.mpeg=01;35:*.m2v=01;35:*.mkv=01;35:*.webm=01;35:*.webp=01;35:*.ogm=01;35:*.mp4=01;35:*.m4v=01;35:*.mp4v=01;35:*.vob=01;35:*.qt=01;35:*.nuv=01;35:*.wmv=01;35:*.asf=01;35:*.rm=01;35:*.rmvb=01;35:*.flc=01;35:*.avi=01;35:*.fli=01;35:*.flv=01;35:*.gl=01;35:*.dl=01;35:*.xcf=01;35:*.xwd=01;35:*.yuv=01;35:*.cgm=01;35:*.emf=01;35:*.ogv=01;35:*.ogx=01;35:*.aac=00;36:*.au=00;36:*.flac=00;36:*.m4a=00;36:*.mid=00;36:*.midi=00;36:*.mka=00;36:*.mp3=00;36:*.mpc=00;36:*.ogg=00;36:*.ra=00;36:*.wav=00;36:*.oga=00;36:*.opus=00;36:*.spx=00;36:*.xspf=00;36:*~=00;90:*#=00;90:*.bak=00;90:*.crdownload=00;90:*.dpkg-dist=00;90:*.dpkg-new=00;90:*.dpkg-old=00;90:*.dpkg-tmp=00;90:*.old=00;90:*.orig=00;90:*.part=00;90:*.rej=00;90:*.rpmnew=00;90:*.rpmorig=00;90:*.rpmsave=00;90:*.swp=00;90:*.tmp=00;90:*.ucf-dist=00;90:*.ucf-new=00;90:*.ucf-old=00;90:', 'GNOME_TERMINAL_SERVICE': ':1.114', 'SSH_AUTH_SOCK': '/run/user/1000/keyring/ssh', 'AMENT_PREFIX_PATH': '/home/mcfb/ros2_ws/install/ai_navigator:/home/mcfb/ros2_ws/install/px4_ros_com:/home/mcfb/ros2_ws/install/px4_offboard:/home/mcfb/ros2_ws/install/px4_msgs:/opt/ros/jazzy', 'SHELL': '/bin/bash', 'QT_ACCESSIBILITY': '1', 'GDMSESSION': 'ubuntu', 'LESSCLOSE': '/usr/bin/lesspipe %s %s', 'IGN_GAZEBO_RESOURCE_PATH': '/opt/ros/jazzy/share', 'GPG_AGENT_INFO': '/run/user/1000/gnupg/S.gpg-agent:0:1', 'ROS_AUTOMATIC_DISCOVERY_RANGE': 'SUBNET', 'QT_IM_MODULE': 'ibus', 'PWD': '/home/mcfb/ros2_ws/build/px4_ros_com', 'LC_ALL': 'en_US.UTF-8', 'XDG_CONFIG_DIRS': '/etc/xdg/xdg-ubuntu:/etc/xdg', 'XDG_DATA_DIRS': '/usr/share/ubuntu:/usr/share/gnome:/usr/local/share/:/usr/share/:/var/lib/snapd/desktop', 'PYTHONPATH': '/home/mcfb/ros2_ws/install/px4_msgs/lib/python3.12/site-packages:/home/mcfb/ros2_ws/install/ai_navigator/lib/python3.12/site-packages:/home/mcfb/ros2_ws/install/px4_ros_com/lib/python3.12/site-packages:/home/mcfb/ros2_ws/install/px4_offboard/lib/python3.12/site-packages:/home/mcfb/drone_venv/lib/python3.12/site-packages:/opt/ros/jazzy/lib/python3.12/site-packages', 'COLCON': '1', 'MEMORY_PRESSURE_WRITE': 'c29tZSAyMDAwMDAgMjAwMDAwMAA=', 'VTE_VERSION': '7600', 'CMAKE_PREFIX_PATH': '/home/mcfb/ros2_ws/install/px4_msgs:/home/mcfb/ros2_ws/install/px4_ros_com:/opt/ros/jazzy/opt/gz_sim_vendor:/opt/ros/jazzy/opt/gz_sensors_vendor:/opt/ros/jazzy/opt/gz_physics_vendor:/opt/ros/jazzy/opt/sdformat_vendor:/opt/ros/jazzy/opt/gz_gui_vendor:/opt/ros/jazzy/opt/gz_transport_vendor:/opt/ros/jazzy/opt/gz_rendering_vendor:/opt/ros/jazzy/opt/gz_plugin_vendor:/opt/ros/jazzy/opt/gz_fuel_tools_vendor:/opt/ros/jazzy/opt/gz_msgs_vendor:/opt/ros/jazzy/opt/gz_common_vendor:/opt/ros/jazzy/opt/gz_math_vendor:/opt/ros/jazzy/opt/gz_utils_vendor:/opt/ros/jazzy/opt/gz_tools_vendor:/opt/ros/jazzy/opt/gz_ogre_next_vendor:/opt/ros/jazzy/opt/gz_dartsim_vendor:/opt/ros/jazzy/opt/gz_cmake_vendor:/home/mcfb/ros2_ws/install/ai_navigator:/home/mcfb/ros2_ws/install/px4_offboard:/opt/ros/jazzy'}), 'shell': False}
[1.978601] (px4_ros_com) StdoutLine: {'line': b'[ 33%] Built target sensor_combined_listener\n'}
[1.978843] (px4_ros_com) StdoutLine: {'line': b'[ 33%] Built target frame_transforms\n'}
[1.980710] (px4_ros_com) StdoutLine: {'line': b'[ 50%] Built target offboard_control_srv\n'}
[1.981853] (px4_ros_com) StdoutLine: {'line': b'[ 66%] Built target vehicle_gps_position_listener\n'}
[1.982384] (px4_ros_com) StdoutLine: {'line': b'[100%] Built target debug_vect_advertiser\n'}
[1.982550] (px4_ros_com) StdoutLine: {'line': b'[100%] Built target offboard_control\n'}
[1.986584] (px4_ros_com) StdoutLine: {'line': b'[100%] Built target ament_cmake_python_copy_px4_ros_com\n'}
[2.002949] (-) TimerEvent: {}
[2.103201] (-) TimerEvent: {}
[2.195096] (px4_ros_com) StdoutLine: {'line': b'running egg_info\n'}
[2.203290] (-) TimerEvent: {}
[2.211412] (px4_ros_com) StdoutLine: {'line': b'writing px4_ros_com.egg-info/PKG-INFO\n'}
[2.211798] (px4_ros_com) StdoutLine: {'line': b'writing dependency_links to px4_ros_com.egg-info/dependency_links.txt\n'}
[2.212112] (px4_ros_com) StdoutLine: {'line': b'writing top-level names to px4_ros_com.egg-info/top_level.txt\n'}
[2.266106] (px4_ros_com) StdoutLine: {'line': b"reading manifest file 'px4_ros_com.egg-info/SOURCES.txt'\n"}
[2.266756] (px4_ros_com) StdoutLine: {'line': b"writing manifest file 'px4_ros_com.egg-info/SOURCES.txt'\n"}
[2.295428] (px4_ros_com) StdoutLine: {'line': b'[100%] Built target ament_cmake_python_build_px4_ros_com_egg\n'}
[2.303365] (-) TimerEvent: {}
[2.305877] (px4_ros_com) CommandEnded: {'returncode': 0}
[2.306492] (px4_ros_com) JobProgress: {'identifier': 'px4_ros_com', 'progress': 'install'}
[2.306833] (px4_ros_com) Command: {'cmd': ['/usr/bin/cmake', '--install', '/home/mcfb/ros2_ws/build/px4_ros_com'], 'cwd': '/home/mcfb/ros2_ws/build/px4_ros_com', 'env': OrderedDict({'LESSOPEN': '| /usr/bin/lesspipe %s', 'USER': 'mcfb', 'GZ_CONFIG_PATH': '/opt/ros/jazzy/opt/gz_sim_vendor/share/gz:/opt/ros/jazzy/opt/sdformat_vendor/share/gz:/opt/ros/jazzy/opt/gz_gui_vendor/share/gz:/opt/ros/jazzy/opt/gz_transport_vendor/share/gz:/opt/ros/jazzy/opt/gz_rendering_vendor/share/gz:/opt/ros/jazzy/opt/gz_plugin_vendor/share/gz:/opt/ros/jazzy/opt/gz_fuel_tools_vendor/share/gz:/opt/ros/jazzy/opt/gz_msgs_vendor/share/gz:/opt/ros/jazzy/opt/gz_common_vendor/share/gz', 'XDG_SESSION_TYPE': 'x11', 'CLUTTER_DISABLE_MIPMAPPED_TEXT': '1', 'SHLVL': '1', 'LD_LIBRARY_PATH': '/home/mcfb/ros2_ws/install/px4_msgs/lib:/home/mcfb/ros2_ws/install/px4_ros_com/lib:/opt/ros/jazzy/opt/gz_sim_vendor/lib:/opt/ros/jazzy/opt/gz_sensors_vendor/lib:/opt/ros/jazzy/opt/gz_physics_vendor/lib:/opt/ros/jazzy/opt/sdformat_vendor/lib:/opt/ros/jazzy/opt/rviz_ogre_vendor/lib:/opt/ros/jazzy/lib/x86_64-linux-gnu:/opt/ros/jazzy/opt/gz_gui_vendor/lib:/opt/ros/jazzy/opt/gz_transport_vendor/lib:/opt/ros/jazzy/opt/gz_rendering_vendor/lib:/opt/ros/jazzy/opt/gz_plugin_vendor/lib:/opt/ros/jazzy/opt/gz_fuel_tools_vendor/lib:/opt/ros/jazzy/opt/gz_msgs_vendor/lib:/opt/ros/jazzy/opt/gz_common_vendor/lib:/opt/ros/jazzy/opt/gz_math_vendor/lib:/opt/ros/jazzy/opt/gz_utils_vendor/lib:/opt/ros/jazzy/opt/gz_tools_vendor/lib:/opt/ros/jazzy/opt/gz_ogre_next_vendor/lib:/opt/ros/jazzy/opt/gz_dartsim_vendor/lib:/opt/ros/jazzy/opt/gz_cmake_vendor/lib:/opt/ros/jazzy/lib', 'HOME': '/home/mcfb', 'OLDPWD': '/home/mcfb', 'DESKTOP_SESSION': 'ubuntu', 'ROS_PYTHON_VERSION': '3', 'GNOME_SHELL_SESSION_MODE': 'ubuntu', 'GTK_MODULES': 'gail:atk-bridge', 'SYSTEMD_EXEC_PID': '2892', 'GSM_SKIP_SSH_AGENT_WORKAROUND': 'true', 'DBUS_SESSION_BUS_ADDRESS': 'unix:path=/run/user/1000/bus', 'COLORTERM': 'truecolor', 'DEBUGINFOD_URLS': 'https://debuginfod.ubuntu.com', 'COLCON_PREFIX_PATH': '/home/mcfb/ros2_ws/install', 'ROS_DISTRO': 'jazzy', 'LOGNAME': 'mcfb', '_': '/usr/bin/colcon', 'ROS_VERSION': '2', 'MEMORY_PRESSURE_WATCH': '/sys/fs/cgroup/user.slice/user-1000.slice/user@1000.service/session.slice/org.gnome.Shell@x11.service/memory.pressure', 'XDG_SESSION_CLASS': 'user', 'USERNAME': 'mcfb', 'TERM': 'xterm-256color', 'GNOME_DESKTOP_SESSION_ID': 'this-is-deprecated', 'WINDOWPATH': '2', 'PATH': '/opt/ros/jazzy/opt/gz_msgs_vendor/bin:/opt/ros/jazzy/opt/gz_tools_vendor/bin:/opt/ros/jazzy/opt/gz_ogre_next_vendor/bin:/opt/ros/jazzy/bin:/home/mcfb/.local/bin:/usr/local/sbin:/usr/local/bin:/usr/sbin:/usr/bin:/sbin:/bin:/usr/games:/usr/local/games:/snap/bin:/snap/bin:/opt/xtensa-esp-elf/bin/', 'SESSION_MANAGER': 'local/mcfb:@/tmp/.ICE-unix/2860,unix/mcfb:/tmp/.ICE-unix/2860', 'XDG_MENU_PREFIX': 'gnome-', 'GNOME_TERMINAL_SCREEN': '/org/gnome/Terminal/screen/635fe134_8057_4151_bd4d_d98d51531782', 'XDG_RUNTIME_DIR': '/run/user/1000', 'DISPLAY': ':1', 'LANG': 'en_US.UTF-8', 'XDG_CURRENT_DESKTOP': 'ubuntu:GNOME', 'XMODIFIERS': '@im=ibus', 'XDG_SESSION_DESKTOP': 'ubuntu', 'XAUTHORITY': '/run/user/1000/gdm/Xauthority', 'LS_COLORS': 'rs=0:di=01;34:ln=01;36:mh=00:pi=40;33:so=01;35:do=01;35:bd=40;33;01:cd=40;33;01:or=40;31;01:mi=00:su=37;41:sg=30;43:ca=00:tw=30;42:ow=34;42:st=37;44:ex=01;32:*.tar=01;31:*.tgz=01;31:*.arc=01;31:*.arj=01;31:*.taz=01;31:*.lha=01;31:*.lz4=01;31:*.lzh=01;31:*.lzma=01;31:*.tlz=01;31:*.txz=01;31:*.tzo=01;31:*.t7z=01;31:*.zip=01;31:*.z=01;31:*.dz=01;31:*.gz=01;31:*.lrz=01;31:*.lz=01;31:*.lzo=01;31:*.xz=01;31:*.zst=01;31:*.tzst=01;31:*.bz2=01;31:*.bz=01;31:*.tbz=01;31:*.tbz2=01;31:*.tz=01;31:*.deb=01;31:*.rpm=01;31:*.jar=01;31:*.war=01;31:*.ear=01;31:*.sar=01;31:*.rar=01;31:*.alz=01;31:*.ace=01;31:*.zoo=01;31:*.cpio=01;31:*.7z=01;31:*.rz=01;31:*.cab=01;31:*.wim=01;31:*.swm=01;31:*.dwm=01;31:*.esd=01;31:*.avif=01;35:*.jpg=01;35:*.jpeg=01;35:*.mjpg=01;35:*.mjpeg=01;35:*.gif=01;35:*.bmp=01;35:*.pbm=01;35:*.pgm=01;35:*.ppm=01;35:*.tga=01;35:*.xbm=01;35:*.xpm=01;35:*.tif=01;35:*.tiff=01;35:*.png=01;35:*.svg=01;35:*.svgz=01;35:*.mng=01;35:*.pcx=01;35:*.mov=01;35:*.mpg=01;35:*.mpeg=01;35:*.m2v=01;35:*.mkv=01;35:*.webm=01;35:*.webp=01;35:*.ogm=01;35:*.mp4=01;35:*.m4v=01;35:*.mp4v=01;35:*.vob=01;35:*.qt=01;35:*.nuv=01;35:*.wmv=01;35:*.asf=01;35:*.rm=01;35:*.rmvb=01;35:*.flc=01;35:*.avi=01;35:*.fli=01;35:*.flv=01;35:*.gl=01;35:*.dl=01;35:*.xcf=01;35:*.xwd=01;35:*.yuv=01;35:*.cgm=01;35:*.emf=01;35:*.ogv=01;35:*.ogx=01;35:*.aac=00;36:*.au=00;36:*.flac=00;36:*.m4a=00;36:*.mid=00;36:*.midi=00;36:*.mka=00;36:*.mp3=00;36:*.mpc=00;36:*.ogg=00;36:*.ra=00;36:*.wav=00;36:*.oga=00;36:*.opus=00;36:*.spx=00;36:*.xspf=00;36:*~=00;90:*#=00;90:*.bak=00;90:*.crdownload=00;90:*.dpkg-dist=00;90:*.dpkg-new=00;90:*.dpkg-old=00;90:*.dpkg-tmp=00;90:*.old=00;90:*.orig=00;90:*.part=00;90:*.rej=00;90:*.rpmnew=00;90:*.rpmorig=00;90:*.rpmsave=00;90:*.swp=00;90:*.tmp=00;90:*.ucf-dist=00;90:*.ucf-new=00;90:*.ucf-old=00;90:', 'GNOME_TERMINAL_SERVICE': ':1.114', 'SSH_AUTH_SOCK': '/run/user/1000/keyring/ssh', 'AMENT_PREFIX_PATH': '/home/mcfb/ros2_ws/install/ai_navigator:/home/mcfb/ros2_ws/install/px4_ros_com:/home/mcfb/ros2_ws/install/px4_offboard:/home/mcfb/ros2_ws/install/px4_msgs:/opt/ros/jazzy', 'SHELL': '/bin/bash', 'QT_ACCESSIBILITY': '1', 'GDMSESSION': 'ubuntu', 'LESSCLOSE': '/usr/bin/lesspipe %s %s', 'IGN_GAZEBO_RESOURCE_PATH': '/opt/ros/jazzy/share', 'GPG_AGENT_INFO': '/run/user/1000/gnupg/S.gpg-agent:0:1', 'ROS_AUTOMATIC_DISCOVERY_RANGE': 'SUBNET', 'QT_IM_MODULE': 'ibus', 'PWD': '/home/mcfb/ros2_ws/build/px4_ros_com', 'LC_ALL': 'en_US.UTF-8', 'XDG_CONFIG_DIRS': '/etc/xdg/xdg-ubuntu:/etc/xdg', 'XDG_DATA_DIRS': '/usr/share/ubuntu:/usr/share/gnome:/usr/local/share/:/usr/share/:/var/lib/snapd/desktop', 'PYTHONPATH': '/home/mcfb/ros2_ws/install/px4_msgs/lib/python3.12/site-packages:/home/mcfb/ros2_ws/install/ai_navigator/lib/python3.12/site-packages:/home/mcfb/ros2_ws/install/px4_ros_com/lib/python3.12/site-packages:/home/mcfb/ros2_ws/install/px4_offboard/lib/python3.12/site-packages:/home/mcfb/drone_venv/lib/python3.12/site-packages:/opt/ros/jazzy/lib/python3.12/site-packages', 'COLCON': '1', 'MEMORY_PRESSURE_WRITE': 'c29tZSAyMDAwMDAgMjAwMDAwMAA=', 'VTE_VERSION': '7600', 'CMAKE_PREFIX_PATH': '/home/mcfb/ros2_ws/install/px4_msgs:/home/mcfb/ros2_ws/install/px4_ros_com:/opt/ros/jazzy/opt/gz_sim_vendor:/opt/ros/jazzy/opt/gz_sensors_vendor:/opt/ros/jazzy/opt/gz_physics_vendor:/opt/ros/jazzy/opt/sdformat_vendor:/opt/ros/jazzy/opt/gz_gui_vendor:/opt/ros/jazzy/opt/gz_transport_vendor:/opt/ros/jazzy/opt/gz_rendering_vendor:/opt/ros/jazzy/opt/gz_plugin_vendor:/opt/ros/jazzy/opt/gz_fuel_tools_vendor:/opt/ros/jazzy/opt/gz_msgs_vendor:/opt/ros/jazzy/opt/gz_common_vendor:/opt/ros/jazzy/opt/gz_math_vendor:/opt/ros/jazzy/opt/gz_utils_vendor:/opt/ros/jazzy/opt/gz_tools_vendor:/opt/ros/jazzy/opt/gz_ogre_next_vendor:/opt/ros/jazzy/opt/gz_dartsim_vendor:/opt/ros/jazzy/opt/gz_cmake_vendor:/home/mcfb/ros2_ws/install/ai_navigator:/home/mcfb/ros2_ws/install/px4_offboard:/opt/ros/jazzy'}), 'shell': False}
[2.313721] (px4_ros_com) StdoutLine: {'line': b'-- Install configuration: ""\n'}
[2.313900] (px4_ros_com) StdoutLine: {'line': b'-- Up-to-date: /home/mcfb/ros2_ws/install/px4_ros_com/lib/px4_ros_com/sensor_combined_listener\n'}
[2.314030] (px4_ros_com) StdoutLine: {'line': b'-- Up-to-date: /home/mcfb/ros2_ws/install/px4_ros_com/lib/px4_ros_com/vehicle_gps_position_listener\n'}
[2.314237] (px4_ros_com) StdoutLine: {'line': b'-- Up-to-date: /home/mcfb/ros2_ws/install/px4_ros_com/lib/px4_ros_com/debug_vect_advertiser\n'}
[2.314353] (px4_ros_com) StdoutLine: {'line': b'-- Up-to-date: /home/mcfb/ros2_ws/install/px4_ros_com/lib/px4_ros_com/offboard_control\n'}
[2.314630] (px4_ros_com) StdoutLine: {'line': b'-- Up-to-date: /home/mcfb/ros2_ws/install/px4_ros_com/lib/px4_ros_com/offboard_control_srv\n'}
[2.314755] (px4_ros_com) StdoutLine: {'line': b'-- Up-to-date: /home/mcfb/ros2_ws/install/px4_ros_com/share/px4_ros_com/environment/library_path.sh\n'}
[2.314811] (px4_ros_com) StdoutLine: {'line': b'-- Up-to-date: /home/mcfb/ros2_ws/install/px4_ros_com/share/px4_ros_com/environment/library_path.dsv\n'}
[2.314874] (px4_ros_com) StdoutLine: {'line': b'-- Up-to-date: /home/mcfb/ros2_ws/install/px4_ros_com/include/px4_ros_com\n'}
[2.314926] (px4_ros_com) StdoutLine: {'line': b'-- Up-to-date: /home/mcfb/ros2_ws/install/px4_ros_com/include/px4_ros_com/frame_transforms.h\n'}
[2.314976] (px4_ros_com) StdoutLine: {'line': b'-- Up-to-date: /home/mcfb/ros2_ws/install/px4_ros_com/lib/libframe_transforms.so\n'}
[2.315025] (px4_ros_com) StdoutLine: {'line': b'-- Up-to-date: /home/mcfb/ros2_ws/install/px4_ros_com/share/px4_ros_com//launch\n'}
[2.315104] (px4_ros_com) StdoutLine: {'line': b'-- Up-to-date: /home/mcfb/ros2_ws/install/px4_ros_com/share/px4_ros_com//launch/offboard_control_launch.yaml\n'}
[2.315153] (px4_ros_com) StdoutLine: {'line': b'-- Up-to-date: /home/mcfb/ros2_ws/install/px4_ros_com/share/px4_ros_com//launch/sensor_combined_listener.launch.py\n'}
[2.315204] (px4_ros_com) StdoutLine: {'line': b'-- Up-to-date: /home/mcfb/ros2_ws/install/px4_ros_com/share/px4_ros_com//test\n'}
[2.315251] (px4_ros_com) StdoutLine: {'line': b'-- Up-to-date: /home/mcfb/ros2_ws/install/px4_ros_com/share/px4_ros_com//test/pipeline_io_test.py\n'}
[2.315299] (px4_ros_com) StdoutLine: {'line': b'-- Up-to-date: /home/mcfb/ros2_ws/install/px4_ros_com/share/px4_ros_com//test/test_input.py\n'}
[2.315421] (px4_ros_com) StdoutLine: {'line': b'-- Up-to-date: /home/mcfb/ros2_ws/install/px4_ros_com/share/px4_ros_com//test/test_output.py\n'}
[2.315532] (px4_ros_com) StdoutLine: {'line': b'-- Up-to-date: /home/mcfb/ros2_ws/install/px4_ros_com/share/px4_ros_com//test/__init__.py\n'}
[2.315591] (px4_ros_com) StdoutLine: {'line': b'-- Up-to-date: /home/mcfb/ros2_ws/install/px4_ros_com/share/px4_ros_com/environment/pythonpath.sh\n'}
[2.315641] (px4_ros_com) StdoutLine: {'line': b'-- Up-to-date: /home/mcfb/ros2_ws/install/px4_ros_com/share/px4_ros_com/environment/pythonpath.dsv\n'}
[2.315698] (px4_ros_com) StdoutLine: {'line': b'-- Up-to-date: /home/mcfb/ros2_ws/install/px4_ros_com/lib/python3.12/site-packages/px4_ros_com-0.1.0-py3.12.egg-info\n'}
[2.315744] (px4_ros_com) StdoutLine: {'line': b'-- Installing: /home/mcfb/ros2_ws/install/px4_ros_com/lib/python3.12/site-packages/px4_ros_com-0.1.0-py3.12.egg-info/dependency_links.txt\n'}
[2.315791] (px4_ros_com) StdoutLine: {'line': b'-- Installing: /home/mcfb/ros2_ws/install/px4_ros_com/lib/python3.12/site-packages/px4_ros_com-0.1.0-py3.12.egg-info/SOURCES.txt\n'}
[2.315837] (px4_ros_com) StdoutLine: {'line': b'-- Installing: /home/mcfb/ros2_ws/install/px4_ros_com/lib/python3.12/site-packages/px4_ros_com-0.1.0-py3.12.egg-info/top_level.txt\n'}
[2.315883] (px4_ros_com) StdoutLine: {'line': b'-- Installing: /home/mcfb/ros2_ws/install/px4_ros_com/lib/python3.12/site-packages/px4_ros_com-0.1.0-py3.12.egg-info/PKG-INFO\n'}
[2.315928] (px4_ros_com) StdoutLine: {'line': b'-- Up-to-date: /home/mcfb/ros2_ws/install/px4_ros_com/lib/python3.12/site-packages/px4_ros_com\n'}
[2.315974] (px4_ros_com) StdoutLine: {'line': b'-- Up-to-date: /home/mcfb/ros2_ws/install/px4_ros_com/lib/python3.12/site-packages/px4_ros_com/__init__.py\n'}
[2.316020] (px4_ros_com) StdoutLine: {'line': b'-- Up-to-date: /home/mcfb/ros2_ws/install/px4_ros_com/lib/python3.12/site-packages/px4_ros_com/module_to_import.py\n'}
[2.353703] (px4_ros_com) StdoutLine: {'line': b"Listing '/home/mcfb/ros2_ws/install/px4_ros_com/lib/python3.12/site-packages/px4_ros_com'...\n"}
[2.359326] (px4_ros_com) StdoutLine: {'line': b'-- Up-to-date: /home/mcfb/ros2_ws/install/px4_ros_com/lib/px4_ros_com/offboard_control.py\n'}
[2.359509] (px4_ros_com) StdoutLine: {'line': b'-- Up-to-date: /home/mcfb/ros2_ws/install/px4_ros_com/share/ament_index/resource_index/package_run_dependencies/px4_ros_com\n'}
[2.359618] (px4_ros_com) StdoutLine: {'line': b'-- Up-to-date: /home/mcfb/ros2_ws/install/px4_ros_com/share/ament_index/resource_index/parent_prefix_path/px4_ros_com\n'}
[2.359675] (px4_ros_com) StdoutLine: {'line': b'-- Up-to-date: /home/mcfb/ros2_ws/install/px4_ros_com/share/px4_ros_com/environment/ament_prefix_path.sh\n'}
[2.359725] (px4_ros_com) StdoutLine: {'line': b'-- Up-to-date: /home/mcfb/ros2_ws/install/px4_ros_com/share/px4_ros_com/environment/ament_prefix_path.dsv\n'}
[2.359792] (px4_ros_com) StdoutLine: {'line': b'-- Up-to-date: /home/mcfb/ros2_ws/install/px4_ros_com/share/px4_ros_com/environment/path.sh\n'}
[2.359842] (px4_ros_com) StdoutLine: {'line': b'-- Up-to-date: /home/mcfb/ros2_ws/install/px4_ros_com/share/px4_ros_com/environment/path.dsv\n'}
[2.359892] (px4_ros_com) StdoutLine: {'line': b'-- Up-to-date: /home/mcfb/ros2_ws/install/px4_ros_com/share/px4_ros_com/local_setup.bash\n'}
[2.359963] (px4_ros_com) StdoutLine: {'line': b'-- Up-to-date: /home/mcfb/ros2_ws/install/px4_ros_com/share/px4_ros_com/local_setup.sh\n'}
[2.360014] (px4_ros_com) StdoutLine: {'line': b'-- Up-to-date: /home/mcfb/ros2_ws/install/px4_ros_com/share/px4_ros_com/local_setup.zsh\n'}
[2.360062] (px4_ros_com) StdoutLine: {'line': b'-- Up-to-date: /home/mcfb/ros2_ws/install/px4_ros_com/share/px4_ros_com/local_setup.dsv\n'}
[2.360146] (px4_ros_com) StdoutLine: {'line': b'-- Installing: /home/mcfb/ros2_ws/install/px4_ros_com/share/px4_ros_com/package.dsv\n'}
[2.360192] (px4_ros_com) StdoutLine: {'line': b'-- Up-to-date: /home/mcfb/ros2_ws/install/px4_ros_com/share/ament_index/resource_index/packages/px4_ros_com\n'}
[2.360234] (px4_ros_com) StdoutLine: {'line': b'-- Up-to-date: /home/mcfb/ros2_ws/install/px4_ros_com/share/px4_ros_com/cmake/export_frame_transformsExport.cmake\n'}
[2.360279] (px4_ros_com) StdoutLine: {'line': b'-- Up-to-date: /home/mcfb/ros2_ws/install/px4_ros_com/share/px4_ros_com/cmake/export_frame_transformsExport-noconfig.cmake\n'}
[2.360334] (px4_ros_com) StdoutLine: {'line': b'-- Up-to-date: /home/mcfb/ros2_ws/install/px4_ros_com/share/px4_ros_com/cmake/ament_cmake_export_dependencies-extras.cmake\n'}
[2.360380] (px4_ros_com) StdoutLine: {'line': b'-- Up-to-date: /home/mcfb/ros2_ws/install/px4_ros_com/share/px4_ros_com/cmake/ament_cmake_export_targets-extras.cmake\n'}
[2.360427] (px4_ros_com) StdoutLine: {'line': b'-- Up-to-date: /home/mcfb/ros2_ws/install/px4_ros_com/share/px4_ros_com/cmake/ament_cmake_export_include_directories-extras.cmake\n'}
[2.360472] (px4_ros_com) StdoutLine: {'line': b'-- Up-to-date: /home/mcfb/ros2_ws/install/px4_ros_com/share/px4_ros_com/cmake/ament_cmake_export_libraries-extras.cmake\n'}
[2.360534] (px4_ros_com) StdoutLine: {'line': b'-- Up-to-date: /home/mcfb/ros2_ws/install/px4_ros_com/share/px4_ros_com/cmake/px4_ros_comConfig.cmake\n'}
[2.360582] (px4_ros_com) StdoutLine: {'line': b'-- Up-to-date: /home/mcfb/ros2_ws/install/px4_ros_com/share/px4_ros_com/cmake/px4_ros_comConfig-version.cmake\n'}
[2.360632] (px4_ros_com) StdoutLine: {'line': b'-- Up-to-date: /home/mcfb/ros2_ws/install/px4_ros_com/share/px4_ros_com/package.xml\n'}
[2.362169] (px4_ros_com) CommandEnded: {'returncode': 0}
[2.382566] (px4_ros_com) JobEnded: {'identifier': 'px4_ros_com', 'rc': 0}
[2.383552] (px4_offboard) Command: {'cmd': ['/usr/bin/python3', '-W', 'ignore:setup.py install is deprecated', '-W', 'ignore:easy_install command is deprecated', 'setup.py', 'egg_info', '--egg-base', '../../build/px4_offboard', 'build', '--build-base', '/home/mcfb/ros2_ws/build/px4_offboard/build', 'install', '--record', '/home/mcfb/ros2_ws/build/px4_offboard/install.log', '--single-version-externally-managed', 'install_data'], 'cwd': '/home/mcfb/ros2_ws/src/px4-offboard', 'env': {'LESSOPEN': '| /usr/bin/lesspipe %s', 'USER': 'mcfb', 'GZ_CONFIG_PATH': '/opt/ros/jazzy/opt/gz_sim_vendor/share/gz:/opt/ros/jazzy/opt/sdformat_vendor/share/gz:/opt/ros/jazzy/opt/gz_gui_vendor/share/gz:/opt/ros/jazzy/opt/gz_transport_vendor/share/gz:/opt/ros/jazzy/opt/gz_rendering_vendor/share/gz:/opt/ros/jazzy/opt/gz_plugin_vendor/share/gz:/opt/ros/jazzy/opt/gz_fuel_tools_vendor/share/gz:/opt/ros/jazzy/opt/gz_msgs_vendor/share/gz:/opt/ros/jazzy/opt/gz_common_vendor/share/gz', 'XDG_SESSION_TYPE': 'x11', 'CLUTTER_DISABLE_MIPMAPPED_TEXT': '1', 'SHLVL': '1', 'LD_LIBRARY_PATH': '/home/mcfb/ros2_ws/install/px4_msgs/lib:/home/mcfb/ros2_ws/install/px4_ros_com/lib:/opt/ros/jazzy/opt/gz_sim_vendor/lib:/opt/ros/jazzy/opt/gz_sensors_vendor/lib:/opt/ros/jazzy/opt/gz_physics_vendor/lib:/opt/ros/jazzy/opt/sdformat_vendor/lib:/opt/ros/jazzy/opt/rviz_ogre_vendor/lib:/opt/ros/jazzy/lib/x86_64-linux-gnu:/opt/ros/jazzy/opt/gz_gui_vendor/lib:/opt/ros/jazzy/opt/gz_transport_vendor/lib:/opt/ros/jazzy/opt/gz_rendering_vendor/lib:/opt/ros/jazzy/opt/gz_plugin_vendor/lib:/opt/ros/jazzy/opt/gz_fuel_tools_vendor/lib:/opt/ros/jazzy/opt/gz_msgs_vendor/lib:/opt/ros/jazzy/opt/gz_common_vendor/lib:/opt/ros/jazzy/opt/gz_math_vendor/lib:/opt/ros/jazzy/opt/gz_utils_vendor/lib:/opt/ros/jazzy/opt/gz_tools_vendor/lib:/opt/ros/jazzy/opt/gz_ogre_next_vendor/lib:/opt/ros/jazzy/opt/gz_dartsim_vendor/lib:/opt/ros/jazzy/opt/gz_cmake_vendor/lib:/opt/ros/jazzy/lib', 'HOME': '/home/mcfb', 'OLDPWD': '/home/mcfb', 'DESKTOP_SESSION': 'ubuntu', 'ROS_PYTHON_VERSION': '3', 'GNOME_SHELL_SESSION_MODE': 'ubuntu', 'GTK_MODULES': 'gail:atk-bridge', 'SYSTEMD_EXEC_PID': '2892', 'GSM_SKIP_SSH_AGENT_WORKAROUND': 'true', 'DBUS_SESSION_BUS_ADDRESS': 'unix:path=/run/user/1000/bus', 'COLORTERM': 'truecolor', 'DEBUGINFOD_URLS': 'https://debuginfod.ubuntu.com', 'COLCON_PREFIX_PATH': '/home/mcfb/ros2_ws/install', 'ROS_DISTRO': 'jazzy', 'LOGNAME': 'mcfb', '_': '/usr/bin/colcon', 'ROS_VERSION': '2', 'MEMORY_PRESSURE_WATCH': '/sys/fs/cgroup/user.slice/user-1000.slice/user@1000.service/session.slice/org.gnome.Shell@x11.service/memory.pressure', 'XDG_SESSION_CLASS': 'user', 'USERNAME': 'mcfb', 'TERM': 'xterm-256color', 'GNOME_DESKTOP_SESSION_ID': 'this-is-deprecated', 'WINDOWPATH': '2', 'PATH': '/opt/ros/jazzy/opt/gz_msgs_vendor/bin:/opt/ros/jazzy/opt/gz_tools_vendor/bin:/opt/ros/jazzy/opt/gz_ogre_next_vendor/bin:/opt/ros/jazzy/bin:/home/mcfb/.local/bin:/usr/local/sbin:/usr/local/bin:/usr/sbin:/usr/bin:/sbin:/bin:/usr/games:/usr/local/games:/snap/bin:/snap/bin:/opt/xtensa-esp-elf/bin/', 'SESSION_MANAGER': 'local/mcfb:@/tmp/.ICE-unix/2860,unix/mcfb:/tmp/.ICE-unix/2860', 'XDG_MENU_PREFIX': 'gnome-', 'GNOME_TERMINAL_SCREEN': '/org/gnome/Terminal/screen/635fe134_8057_4151_bd4d_d98d51531782', 'XDG_RUNTIME_DIR': '/run/user/1000', 'DISPLAY': ':1', 'LANG': 'en_US.UTF-8', 'XDG_CURRENT_DESKTOP': 'ubuntu:GNOME', 'XMODIFIERS': '@im=ibus', 'XDG_SESSION_DESKTOP': 'ubuntu', 'XAUTHORITY': '/run/user/1000/gdm/Xauthority', 'LS_COLORS': 'rs=0:di=01;34:ln=01;36:mh=00:pi=40;33:so=01;35:do=01;35:bd=40;33;01:cd=40;33;01:or=40;31;01:mi=00:su=37;41:sg=30;43:ca=00:tw=30;42:ow=34;42:st=37;44:ex=01;32:*.tar=01;31:*.tgz=01;31:*.arc=01;31:*.arj=01;31:*.taz=01;31:*.lha=01;31:*.lz4=01;31:*.lzh=01;31:*.lzma=01;31:*.tlz=01;31:*.txz=01;31:*.tzo=01;31:*.t7z=01;31:*.zip=01;31:*.z=01;31:*.dz=01;31:*.gz=01;31:*.lrz=01;31:*.lz=01;31:*.lzo=01;31:*.xz=01;31:*.zst=01;31:*.tzst=01;31:*.bz2=01;31:*.bz=01;31:*.tbz=01;31:*.tbz2=01;31:*.tz=01;31:*.deb=01;31:*.rpm=01;31:*.jar=01;31:*.war=01;31:*.ear=01;31:*.sar=01;31:*.rar=01;31:*.alz=01;31:*.ace=01;31:*.zoo=01;31:*.cpio=01;31:*.7z=01;31:*.rz=01;31:*.cab=01;31:*.wim=01;31:*.swm=01;31:*.dwm=01;31:*.esd=01;31:*.avif=01;35:*.jpg=01;35:*.jpeg=01;35:*.mjpg=01;35:*.mjpeg=01;35:*.gif=01;35:*.bmp=01;35:*.pbm=01;35:*.pgm=01;35:*.ppm=01;35:*.tga=01;35:*.xbm=01;35:*.xpm=01;35:*.tif=01;35:*.tiff=01;35:*.png=01;35:*.svg=01;35:*.svgz=01;35:*.mng=01;35:*.pcx=01;35:*.mov=01;35:*.mpg=01;35:*.mpeg=01;35:*.m2v=01;35:*.mkv=01;35:*.webm=01;35:*.webp=01;35:*.ogm=01;35:*.mp4=01;35:*.m4v=01;35:*.mp4v=01;35:*.vob=01;35:*.qt=01;35:*.nuv=01;35:*.wmv=01;35:*.asf=01;35:*.rm=01;35:*.rmvb=01;35:*.flc=01;35:*.avi=01;35:*.fli=01;35:*.flv=01;35:*.gl=01;35:*.dl=01;35:*.xcf=01;35:*.xwd=01;35:*.yuv=01;35:*.cgm=01;35:*.emf=01;35:*.ogv=01;35:*.ogx=01;35:*.aac=00;36:*.au=00;36:*.flac=00;36:*.m4a=00;36:*.mid=00;36:*.midi=00;36:*.mka=00;36:*.mp3=00;36:*.mpc=00;36:*.ogg=00;36:*.ra=00;36:*.wav=00;36:*.oga=00;36:*.opus=00;36:*.spx=00;36:*.xspf=00;36:*~=00;90:*#=00;90:*.bak=00;90:*.crdownload=00;90:*.dpkg-dist=00;90:*.dpkg-new=00;90:*.dpkg-old=00;90:*.dpkg-tmp=00;90:*.old=00;90:*.orig=00;90:*.part=00;90:*.rej=00;90:*.rpmnew=00;90:*.rpmorig=00;90:*.rpmsave=00;90:*.swp=00;90:*.tmp=00;90:*.ucf-dist=00;90:*.ucf-new=00;90:*.ucf-old=00;90:', 'GNOME_TERMINAL_SERVICE': ':1.114', 'SSH_AUTH_SOCK': '/run/user/1000/keyring/ssh', 'AMENT_PREFIX_PATH': '/home/mcfb/ros2_ws/install/ai_navigator:/home/mcfb/ros2_ws/install/px4_ros_com:/home/mcfb/ros2_ws/install/px4_offboard:/home/mcfb/ros2_ws/install/px4_msgs:/opt/ros/jazzy', 'SHELL': '/bin/bash', 'QT_ACCESSIBILITY': '1', 'GDMSESSION': 'ubuntu', 'LESSCLOSE': '/usr/bin/lesspipe %s %s', 'IGN_GAZEBO_RESOURCE_PATH': '/opt/ros/jazzy/share', 'GPG_AGENT_INFO': '/run/user/1000/gnupg/S.gpg-agent:0:1', 'ROS_AUTOMATIC_DISCOVERY_RANGE': 'SUBNET', 'QT_IM_MODULE': 'ibus', 'PWD': '/home/mcfb/ros2_ws/build/px4_offboard', 'LC_ALL': 'en_US.UTF-8', 'XDG_CONFIG_DIRS': '/etc/xdg/xdg-ubuntu:/etc/xdg', 'XDG_DATA_DIRS': '/usr/share/ubuntu:/usr/share/gnome:/usr/local/share/:/usr/share/:/var/lib/snapd/desktop', 'PYTHONPATH': '/home/mcfb/ros2_ws/build/px4_offboard/prefix_override:/usr/lib/python3/dist-packages/colcon_core/task/python/colcon_distutils_commands:/home/mcfb/ros2_ws/install/px4_offboard/lib/python3.12/site-packages:/home/mcfb/ros2_ws/install/px4_msgs/lib/python3.12/site-packages:/home/mcfb/ros2_ws/install/ai_navigator/lib/python3.12/site-packages:/home/mcfb/ros2_ws/install/px4_ros_com/lib/python3.12/site-packages:/home/mcfb/ros2_ws/install/px4_offboard/lib/python3.12/site-packages:/home/mcfb/drone_venv/lib/python3.12/site-packages:/opt/ros/jazzy/lib/python3.12/site-packages', 'COLCON': '1', 'MEMORY_PRESSURE_WRITE': 'c29tZSAyMDAwMDAgMjAwMDAwMAA=', 'VTE_VERSION': '7600', 'CMAKE_PREFIX_PATH': '/home/mcfb/ros2_ws/install/px4_msgs:/home/mcfb/ros2_ws/install/px4_ros_com:/opt/ros/jazzy/opt/gz_sim_vendor:/opt/ros/jazzy/opt/gz_sensors_vendor:/opt/ros/jazzy/opt/gz_physics_vendor:/opt/ros/jazzy/opt/sdformat_vendor:/opt/ros/jazzy/opt/gz_gui_vendor:/opt/ros/jazzy/opt/gz_transport_vendor:/opt/ros/jazzy/opt/gz_rendering_vendor:/opt/ros/jazzy/opt/gz_plugin_vendor:/opt/ros/jazzy/opt/gz_fuel_tools_vendor:/opt/ros/jazzy/opt/gz_msgs_vendor:/opt/ros/jazzy/opt/gz_common_vendor:/opt/ros/jazzy/opt/gz_math_vendor:/opt/ros/jazzy/opt/gz_utils_vendor:/opt/ros/jazzy/opt/gz_tools_vendor:/opt/ros/jazzy/opt/gz_ogre_next_vendor:/opt/ros/jazzy/opt/gz_dartsim_vendor:/opt/ros/jazzy/opt/gz_cmake_vendor'}, 'shell': False}
[2.403458] (-) TimerEvent: {}
[2.503721] (-) TimerEvent: {}
[2.530328] (px4_offboard) StderrLine: {'line': b"/home/mcfb/drone_venv/lib/python3.12/site-packages/setuptools/_distutils/dist.py:289: UserWarning: Unknown distribution option: 'tests_require'\n"}
[2.530593] (px4_offboard) StderrLine: {'line': b'  warnings.warn(msg)\n'}
[2.603823] (-) TimerEvent: {}
[2.633552] (px4_offboard) StdoutLine: {'line': b'running egg_info\n'}
[2.653469] (px4_offboard) StdoutLine: {'line': b'writing ../../build/px4_offboard/px4_offboard.egg-info/PKG-INFO\n'}
[2.653910] (px4_offboard) StdoutLine: {'line': b'writing dependency_links to ../../build/px4_offboard/px4_offboard.egg-info/dependency_links.txt\n'}
[2.654072] (px4_offboard) StdoutLine: {'line': b'writing entry points to ../../build/px4_offboard/px4_offboard.egg-info/entry_points.txt\n'}
[2.654159] (px4_offboard) StdoutLine: {'line': b'writing requirements to ../../build/px4_offboard/px4_offboard.egg-info/requires.txt\n'}
[2.654238] (px4_offboard) StdoutLine: {'line': b'writing top-level names to ../../build/px4_offboard/px4_offboard.egg-info/top_level.txt\n'}
[2.691066] (px4_offboard) StdoutLine: {'line': b"reading manifest file '../../build/px4_offboard/px4_offboard.egg-info/SOURCES.txt'\n"}
[2.691360] (px4_offboard) StdoutLine: {'line': b"adding license file 'LICENSE'\n"}
[2.692009] (px4_offboard) StdoutLine: {'line': b"writing manifest file '../../build/px4_offboard/px4_offboard.egg-info/SOURCES.txt'\n"}
[2.692165] (px4_offboard) StdoutLine: {'line': b'running build\n'}
[2.692241] (px4_offboard) StdoutLine: {'line': b'running build_py\n'}
[2.692404] (px4_offboard) StdoutLine: {'line': b'copying px4_offboard/offboard_control.py -> /home/mcfb/ros2_ws/build/px4_offboard/build/lib/px4_offboard\n'}
[2.692569] (px4_offboard) StdoutLine: {'line': b'copying px4_offboard/__init__.py -> /home/mcfb/ros2_ws/build/px4_offboard/build/lib/px4_offboard\n'}
[2.692722] (px4_offboard) StdoutLine: {'line': b'copying px4_offboard/visualizer.py -> /home/mcfb/ros2_ws/build/px4_offboard/build/lib/px4_offboard\n'}
[2.692878] (px4_offboard) StdoutLine: {'line': b'running install\n'}
[2.697277] (px4_offboard) StdoutLine: {'line': b'running install_lib\n'}
[2.703896] (-) TimerEvent: {}
[2.713548] (px4_offboard) StdoutLine: {'line': b'running install_data\n'}
[2.713787] (px4_offboard) StdoutLine: {'line': b'copying resource/px4_offboard -> /home/mcfb/ros2_ws/install/px4_offboard/share/ament_index/resource_index/packages\n'}
[2.714136] (px4_offboard) StdoutLine: {'line': b'copying resource/visualize.rviz -> /home/mcfb/ros2_ws/install/px4_offboard/share/ament_index/resource_index/packages\n'}
[2.714487] (px4_offboard) StdoutLine: {'line': b'copying package.xml -> /home/mcfb/ros2_ws/install/px4_offboard/share/px4_offboard\n'}
[2.715066] (px4_offboard) StdoutLine: {'line': b'copying launch/offboard_position_control.launch.py -> /home/mcfb/ros2_ws/install/px4_offboard/share/px4_offboard\n'}
[2.715218] (px4_offboard) StdoutLine: {'line': b'copying launch/offboard_hardware_position_control.launch.py -> /home/mcfb/ros2_ws/install/px4_offboard/share/px4_offboard\n'}
[2.715297] (px4_offboard) StdoutLine: {'line': b'copying launch/visualize.launch.py -> /home/mcfb/ros2_ws/install/px4_offboard/share/px4_offboard\n'}
[2.715371] (px4_offboard) StdoutLine: {'line': b'copying resource/visualize.rviz -> /home/mcfb/ros2_ws/install/px4_offboard/share/px4_offboard\n'}
[2.715433] (px4_offboard) StdoutLine: {'line': b'running install_egg_info\n'}
[2.734750] (px4_offboard) StdoutLine: {'line': b"removing '/home/mcfb/ros2_ws/install/px4_offboard/lib/python3.12/site-packages/px4_offboard-0.0.0-py3.12.egg-info' (and everything under it)\n"}
[2.734981] (px4_offboard) StdoutLine: {'line': b'Copying ../../build/px4_offboard/px4_offboard.egg-info to /home/mcfb/ros2_ws/install/px4_offboard/lib/python3.12/site-packages/px4_offboard-0.0.0-py3.12.egg-info\n'}
[2.735441] (px4_offboard) StdoutLine: {'line': b'running install_scripts\n'}
[2.769452] (px4_offboard) StdoutLine: {'line': b'Installing offboard_control script to /home/mcfb/ros2_ws/install/px4_offboard/lib/px4_offboard\n'}
[2.769665] (px4_offboard) StdoutLine: {'line': b'Installing visualizer script to /home/mcfb/ros2_ws/install/px4_offboard/lib/px4_offboard\n'}
[2.769898] (px4_offboard) StdoutLine: {'line': b"writing list of installed files to '/home/mcfb/ros2_ws/build/px4_offboard/install.log'\n"}
[2.801035] (px4_offboard) CommandEnded: {'returncode': 0}
[2.804067] (-) TimerEvent: {}
[2.806597] (px4_offboard) JobEnded: {'identifier': 'px4_offboard', 'rc': 0}
[2.807449] (-) EventReactorShutdown: {}
