[0.000000] (-) TimerEvent: {}
[0.000660] (ai_navigator) JobQueued: {'identifier': 'ai_navigator', 'dependencies': OrderedDict()}
[0.000732] (px4_msgs) JobQueued: {'identifier': 'px4_msgs', 'dependencies': OrderedDict()}
[0.000757] (px4_offboard) JobQueued: {'identifier': 'px4_offboard', 'dependencies': OrderedDict({'px4_msgs': '/home/mcfb/ros2_ws/install/px4_msgs'})}
[0.000783] (px4_ros_com) JobQueued: {'identifier': 'px4_ros_com', 'dependencies': OrderedDict({'px4_msgs': '/home/mcfb/ros2_ws/install/px4_msgs'})}
[0.000810] (px4_msgs) JobStarted: {'identifier': 'px4_msgs'}
[0.006696] (ai_navigator) JobStarted: {'identifier': 'ai_navigator'}
[0.012112] (px4_msgs) JobProgress: {'identifier': 'px4_msgs', 'progress': 'cmake'}
[0.012352] (px4_msgs) JobProgress: {'identifier': 'px4_msgs', 'progress': 'build'}
[0.012878] (px4_msgs) Command: {'cmd': ['/usr/bin/cmake', '--build', '/home/mcfb/ros2_ws/build/px4_msgs', '--', '-j12', '-l12'], 'cwd': '/home/mcfb/ros2_ws/build/px4_msgs', 'env': OrderedDict({'LESSOPEN': '| /usr/bin/lesspipe %s', 'USER': 'mcfb', 'GZ_CONFIG_PATH': '/opt/ros/jazzy/opt/gz_sim_vendor/share/gz:/opt/ros/jazzy/opt/sdformat_vendor/share/gz:/opt/ros/jazzy/opt/gz_gui_vendor/share/gz:/opt/ros/jazzy/opt/gz_transport_vendor/share/gz:/opt/ros/jazzy/opt/gz_rendering_vendor/share/gz:/opt/ros/jazzy/opt/gz_plugin_vendor/share/gz:/opt/ros/jazzy/opt/gz_fuel_tools_vendor/share/gz:/opt/ros/jazzy/opt/gz_msgs_vendor/share/gz:/opt/ros/jazzy/opt/gz_common_vendor/share/gz', 'XDG_SESSION_TYPE': 'x11', 'CLUTTER_DISABLE_MIPMAPPED_TEXT': '1', 'SHLVL': '1', 'LD_LIBRARY_PATH': '/home/mcfb/ros2_ws/install/px4_ros_com/lib:/home/mcfb/ros2_ws/install/px4_msgs/lib:/opt/ros/jazzy/opt/gz_sim_vendor/lib:/opt/ros/jazzy/opt/gz_sensors_vendor/lib:/opt/ros/jazzy/opt/gz_physics_vendor/lib:/opt/ros/jazzy/opt/sdformat_vendor/lib:/opt/ros/jazzy/opt/rviz_ogre_vendor/lib:/opt/ros/jazzy/lib/x86_64-linux-gnu:/opt/ros/jazzy/opt/gz_gui_vendor/lib:/opt/ros/jazzy/opt/gz_transport_vendor/lib:/opt/ros/jazzy/opt/gz_rendering_vendor/lib:/opt/ros/jazzy/opt/gz_plugin_vendor/lib:/opt/ros/jazzy/opt/gz_fuel_tools_vendor/lib:/opt/ros/jazzy/opt/gz_msgs_vendor/lib:/opt/ros/jazzy/opt/gz_common_vendor/lib:/opt/ros/jazzy/opt/gz_math_vendor/lib:/opt/ros/jazzy/opt/gz_utils_vendor/lib:/opt/ros/jazzy/opt/gz_tools_vendor/lib:/opt/ros/jazzy/opt/gz_ogre_next_vendor/lib:/opt/ros/jazzy/opt/gz_dartsim_vendor/lib:/opt/ros/jazzy/opt/gz_cmake_vendor/lib:/opt/ros/jazzy/lib', 'HOME': '/home/mcfb', 'OLDPWD': '/home/mcfb/ros2_ws/install', 'DESKTOP_SESSION': 'ubuntu', 'ROS_PYTHON_VERSION': '3', 'GNOME_SHELL_SESSION_MODE': 'ubuntu', 'GTK_MODULES': 'gail:atk-bridge', 'SYSTEMD_EXEC_PID': '2870', 'GSM_SKIP_SSH_AGENT_WORKAROUND': 'true', 'DBUS_SESSION_BUS_ADDRESS': 'unix:path=/run/user/1000/bus', 'COLORTERM': 'truecolor', 'DEBUGINFOD_URLS': 'https://debuginfod.ubuntu.com', 'COLCON_PREFIX_PATH': '/home/mcfb/ros2_ws/install', 'ROS_DISTRO': 'jazzy', 'LOGNAME': 'mcfb', '_': '/usr/bin/colcon', 'ROS_VERSION': '2', 'MEMORY_PRESSURE_WATCH': '/sys/fs/cgroup/user.slice/user-1000.slice/user@1000.service/session.slice/org.gnome.Shell@x11.service/memory.pressure', 'XDG_SESSION_CLASS': 'user', 'USERNAME': 'mcfb', 'TERM': 'xterm-256color', 'GNOME_DESKTOP_SESSION_ID': 'this-is-deprecated', 'WINDOWPATH': '2', 'PATH': '/opt/ros/jazzy/opt/gz_msgs_vendor/bin:/opt/ros/jazzy/opt/gz_tools_vendor/bin:/opt/ros/jazzy/opt/gz_ogre_next_vendor/bin:/opt/ros/jazzy/bin:/home/mcfb/.local/bin:/usr/local/sbin:/usr/local/bin:/usr/sbin:/usr/bin:/sbin:/bin:/usr/games:/usr/local/games:/snap/bin:/snap/bin:/opt/xtensa-esp-elf/bin/', 'SESSION_MANAGER': 'local/mcfb:@/tmp/.ICE-unix/2791,unix/mcfb:/tmp/.ICE-unix/2791', 'XDG_MENU_PREFIX': 'gnome-', 'GNOME_TERMINAL_SCREEN': '/org/gnome/Terminal/screen/cde57785_6625_4299_87b9_aa10803801d7', 'XDG_RUNTIME_DIR': '/run/user/1000', 'DISPLAY': ':1', 'LANG': 'en_US.UTF-8', 'XDG_CURRENT_DESKTOP': 'ubuntu:GNOME', 'XMODIFIERS': '@im=ibus', 'XDG_SESSION_DESKTOP': 'ubuntu', 'XAUTHORITY': '/run/user/1000/gdm/Xauthority', 'LS_COLORS': 'rs=0:di=01;34:ln=01;36:mh=00:pi=40;33:so=01;35:do=01;35:bd=40;33;01:cd=40;33;01:or=40;31;01:mi=00:su=37;41:sg=30;43:ca=00:tw=30;42:ow=34;42:st=37;44:ex=01;32:*.tar=01;31:*.tgz=01;31:*.arc=01;31:*.arj=01;31:*.taz=01;31:*.lha=01;31:*.lz4=01;31:*.lzh=01;31:*.lzma=01;31:*.tlz=01;31:*.txz=01;31:*.tzo=01;31:*.t7z=01;31:*.zip=01;31:*.z=01;31:*.dz=01;31:*.gz=01;31:*.lrz=01;31:*.lz=01;31:*.lzo=01;31:*.xz=01;31:*.zst=01;31:*.tzst=01;31:*.bz2=01;31:*.bz=01;31:*.tbz=01;31:*.tbz2=01;31:*.tz=01;31:*.deb=01;31:*.rpm=01;31:*.jar=01;31:*.war=01;31:*.ear=01;31:*.sar=01;31:*.rar=01;31:*.alz=01;31:*.ace=01;31:*.zoo=01;31:*.cpio=01;31:*.7z=01;31:*.rz=01;31:*.cab=01;31:*.wim=01;31:*.swm=01;31:*.dwm=01;31:*.esd=01;31:*.avif=01;35:*.jpg=01;35:*.jpeg=01;35:*.mjpg=01;35:*.mjpeg=01;35:*.gif=01;35:*.bmp=01;35:*.pbm=01;35:*.pgm=01;35:*.ppm=01;35:*.tga=01;35:*.xbm=01;35:*.xpm=01;35:*.tif=01;35:*.tiff=01;35:*.png=01;35:*.svg=01;35:*.svgz=01;35:*.mng=01;35:*.pcx=01;35:*.mov=01;35:*.mpg=01;35:*.mpeg=01;35:*.m2v=01;35:*.mkv=01;35:*.webm=01;35:*.webp=01;35:*.ogm=01;35:*.mp4=01;35:*.m4v=01;35:*.mp4v=01;35:*.vob=01;35:*.qt=01;35:*.nuv=01;35:*.wmv=01;35:*.asf=01;35:*.rm=01;35:*.rmvb=01;35:*.flc=01;35:*.avi=01;35:*.fli=01;35:*.flv=01;35:*.gl=01;35:*.dl=01;35:*.xcf=01;35:*.xwd=01;35:*.yuv=01;35:*.cgm=01;35:*.emf=01;35:*.ogv=01;35:*.ogx=01;35:*.aac=00;36:*.au=00;36:*.flac=00;36:*.m4a=00;36:*.mid=00;36:*.midi=00;36:*.mka=00;36:*.mp3=00;36:*.mpc=00;36:*.ogg=00;36:*.ra=00;36:*.wav=00;36:*.oga=00;36:*.opus=00;36:*.spx=00;36:*.xspf=00;36:*~=00;90:*#=00;90:*.bak=00;90:*.crdownload=00;90:*.dpkg-dist=00;90:*.dpkg-new=00;90:*.dpkg-old=00;90:*.dpkg-tmp=00;90:*.old=00;90:*.orig=00;90:*.part=00;90:*.rej=00;90:*.rpmnew=00;90:*.rpmorig=00;90:*.rpmsave=00;90:*.swp=00;90:*.tmp=00;90:*.ucf-dist=00;90:*.ucf-new=00;90:*.ucf-old=00;90:', 'GNOME_TERMINAL_SERVICE': ':1.116', 'SSH_AUTH_SOCK': '/run/user/1000/keyring/ssh', 'AMENT_PREFIX_PATH': '/home/mcfb/ros2_ws/install/px4_ros_com:/home/mcfb/ros2_ws/install/px4_offboard:/home/mcfb/ros2_ws/install/px4_msgs:/home/mcfb/ros2_ws/install/ai_navigator:/opt/ros/jazzy', 'SHELL': '/bin/bash', 'QT_ACCESSIBILITY': '1', 'GDMSESSION': 'ubuntu', 'LESSCLOSE': '/usr/bin/lesspipe %s %s', 'IGN_GAZEBO_RESOURCE_PATH': '/opt/ros/jazzy/share', 'GPG_AGENT_INFO': '/run/user/1000/gnupg/S.gpg-agent:0:1', 'ROS_AUTOMATIC_DISCOVERY_RANGE': 'SUBNET', 'QT_IM_MODULE': 'ibus', 'PWD': '/home/mcfb/ros2_ws/build/px4_msgs', 'LC_ALL': 'en_US.UTF-8', 'XDG_CONFIG_DIRS': '/etc/xdg/xdg-ubuntu:/etc/xdg', 'XDG_DATA_DIRS': '/usr/share/ubuntu:/usr/share/gnome:/usr/local/share/:/usr/share/:/var/lib/snapd/desktop', 'PYTHONPATH': '/home/mcfb/ros2_ws/install/px4_ros_com/lib/python3.12/site-packages:/home/mcfb/ros2_ws/install/px4_offboard/lib/python3.12/site-packages:/home/mcfb/ros2_ws/install/px4_msgs/lib/python3.12/site-packages:/home/mcfb/ros2_ws/install/ai_navigator/lib/python3.12/site-packages:/home/mcfb/drone_venv/lib/python3.12/site-packages:/opt/ros/jazzy/lib/python3.12/site-packages', 'COLCON': '1', 'MEMORY_PRESSURE_WRITE': 'c29tZSAyMDAwMDAgMjAwMDAwMAA=', 'VTE_VERSION': '7600', 'CMAKE_PREFIX_PATH': '/home/mcfb/ros2_ws/install/px4_ros_com:/home/mcfb/ros2_ws/install/px4_msgs:/opt/ros/jazzy/opt/gz_sim_vendor:/opt/ros/jazzy/opt/gz_sensors_vendor:/opt/ros/jazzy/opt/gz_physics_vendor:/opt/ros/jazzy/opt/sdformat_vendor:/opt/ros/jazzy/opt/gz_gui_vendor:/opt/ros/jazzy/opt/gz_transport_vendor:/opt/ros/jazzy/opt/gz_rendering_vendor:/opt/ros/jazzy/opt/gz_plugin_vendor:/opt/ros/jazzy/opt/gz_fuel_tools_vendor:/opt/ros/jazzy/opt/gz_msgs_vendor:/opt/ros/jazzy/opt/gz_common_vendor:/opt/ros/jazzy/opt/gz_math_vendor:/opt/ros/jazzy/opt/gz_utils_vendor:/opt/ros/jazzy/opt/gz_tools_vendor:/opt/ros/jazzy/opt/gz_ogre_next_vendor:/opt/ros/jazzy/opt/gz_dartsim_vendor:/opt/ros/jazzy/opt/gz_cmake_vendor:/home/mcfb/ros2_ws/install/px4_offboard:/home/mcfb/ros2_ws/install/ai_navigator:/opt/ros/jazzy'}), 'shell': False}
[0.099599] (-) TimerEvent: {}
[0.199898] (-) TimerEvent: {}
[0.300274] (-) TimerEvent: {}
[0.400639] (-) TimerEvent: {}
[0.500917] (-) TimerEvent: {}
[0.601271] (-) TimerEvent: {}
[0.616271] (ai_navigator) Command: {'cmd': ['/usr/bin/python3', '-W', 'ignore:setup.py install is deprecated', '-W', 'ignore:easy_install command is deprecated', 'setup.py', 'egg_info', '--egg-base', '../../build/ai_navigator', 'build', '--build-base', '/home/mcfb/ros2_ws/build/ai_navigator/build', 'install', '--record', '/home/mcfb/ros2_ws/build/ai_navigator/install.log', '--single-version-externally-managed', 'install_data'], 'cwd': '/home/mcfb/ros2_ws/src/ai_navigator', 'env': {'LESSOPEN': '| /usr/bin/lesspipe %s', 'USER': 'mcfb', 'GZ_CONFIG_PATH': '/opt/ros/jazzy/opt/gz_sim_vendor/share/gz:/opt/ros/jazzy/opt/sdformat_vendor/share/gz:/opt/ros/jazzy/opt/gz_gui_vendor/share/gz:/opt/ros/jazzy/opt/gz_transport_vendor/share/gz:/opt/ros/jazzy/opt/gz_rendering_vendor/share/gz:/opt/ros/jazzy/opt/gz_plugin_vendor/share/gz:/opt/ros/jazzy/opt/gz_fuel_tools_vendor/share/gz:/opt/ros/jazzy/opt/gz_msgs_vendor/share/gz:/opt/ros/jazzy/opt/gz_common_vendor/share/gz', 'XDG_SESSION_TYPE': 'x11', 'CLUTTER_DISABLE_MIPMAPPED_TEXT': '1', 'SHLVL': '1', 'LD_LIBRARY_PATH': '/home/mcfb/ros2_ws/install/px4_ros_com/lib:/home/mcfb/ros2_ws/install/px4_msgs/lib:/opt/ros/jazzy/opt/gz_sim_vendor/lib:/opt/ros/jazzy/opt/gz_sensors_vendor/lib:/opt/ros/jazzy/opt/gz_physics_vendor/lib:/opt/ros/jazzy/opt/sdformat_vendor/lib:/opt/ros/jazzy/opt/rviz_ogre_vendor/lib:/opt/ros/jazzy/lib/x86_64-linux-gnu:/opt/ros/jazzy/opt/gz_gui_vendor/lib:/opt/ros/jazzy/opt/gz_transport_vendor/lib:/opt/ros/jazzy/opt/gz_rendering_vendor/lib:/opt/ros/jazzy/opt/gz_plugin_vendor/lib:/opt/ros/jazzy/opt/gz_fuel_tools_vendor/lib:/opt/ros/jazzy/opt/gz_msgs_vendor/lib:/opt/ros/jazzy/opt/gz_common_vendor/lib:/opt/ros/jazzy/opt/gz_math_vendor/lib:/opt/ros/jazzy/opt/gz_utils_vendor/lib:/opt/ros/jazzy/opt/gz_tools_vendor/lib:/opt/ros/jazzy/opt/gz_ogre_next_vendor/lib:/opt/ros/jazzy/opt/gz_dartsim_vendor/lib:/opt/ros/jazzy/opt/gz_cmake_vendor/lib:/opt/ros/jazzy/lib', 'HOME': '/home/mcfb', 'OLDPWD': '/home/mcfb/ros2_ws/install', 'DESKTOP_SESSION': 'ubuntu', 'ROS_PYTHON_VERSION': '3', 'GNOME_SHELL_SESSION_MODE': 'ubuntu', 'GTK_MODULES': 'gail:atk-bridge', 'SYSTEMD_EXEC_PID': '2870', 'GSM_SKIP_SSH_AGENT_WORKAROUND': 'true', 'DBUS_SESSION_BUS_ADDRESS': 'unix:path=/run/user/1000/bus', 'COLORTERM': 'truecolor', 'DEBUGINFOD_URLS': 'https://debuginfod.ubuntu.com', 'COLCON_PREFIX_PATH': '/home/mcfb/ros2_ws/install', 'ROS_DISTRO': 'jazzy', 'LOGNAME': 'mcfb', '_': '/usr/bin/colcon', 'ROS_VERSION': '2', 'MEMORY_PRESSURE_WATCH': '/sys/fs/cgroup/user.slice/user-1000.slice/user@1000.service/session.slice/org.gnome.Shell@x11.service/memory.pressure', 'XDG_SESSION_CLASS': 'user', 'USERNAME': 'mcfb', 'TERM': 'xterm-256color', 'GNOME_DESKTOP_SESSION_ID': 'this-is-deprecated', 'WINDOWPATH': '2', 'PATH': '/opt/ros/jazzy/opt/gz_msgs_vendor/bin:/opt/ros/jazzy/opt/gz_tools_vendor/bin:/opt/ros/jazzy/opt/gz_ogre_next_vendor/bin:/opt/ros/jazzy/bin:/home/mcfb/.local/bin:/usr/local/sbin:/usr/local/bin:/usr/sbin:/usr/bin:/sbin:/bin:/usr/games:/usr/local/games:/snap/bin:/snap/bin:/opt/xtensa-esp-elf/bin/', 'SESSION_MANAGER': 'local/mcfb:@/tmp/.ICE-unix/2791,unix/mcfb:/tmp/.ICE-unix/2791', 'XDG_MENU_PREFIX': 'gnome-', 'GNOME_TERMINAL_SCREEN': '/org/gnome/Terminal/screen/cde57785_6625_4299_87b9_aa10803801d7', 'XDG_RUNTIME_DIR': '/run/user/1000', 'DISPLAY': ':1', 'LANG': 'en_US.UTF-8', 'XDG_CURRENT_DESKTOP': 'ubuntu:GNOME', 'XMODIFIERS': '@im=ibus', 'XDG_SESSION_DESKTOP': 'ubuntu', 'XAUTHORITY': '/run/user/1000/gdm/Xauthority', 'LS_COLORS': 'rs=0:di=01;34:ln=01;36:mh=00:pi=40;33:so=01;35:do=01;35:bd=40;33;01:cd=40;33;01:or=40;31;01:mi=00:su=37;41:sg=30;43:ca=00:tw=30;42:ow=34;42:st=37;44:ex=01;32:*.tar=01;31:*.tgz=01;31:*.arc=01;31:*.arj=01;31:*.taz=01;31:*.lha=01;31:*.lz4=01;31:*.lzh=01;31:*.lzma=01;31:*.tlz=01;31:*.txz=01;31:*.tzo=01;31:*.t7z=01;31:*.zip=01;31:*.z=01;31:*.dz=01;31:*.gz=01;31:*.lrz=01;31:*.lz=01;31:*.lzo=01;31:*.xz=01;31:*.zst=01;31:*.tzst=01;31:*.bz2=01;31:*.bz=01;31:*.tbz=01;31:*.tbz2=01;31:*.tz=01;31:*.deb=01;31:*.rpm=01;31:*.jar=01;31:*.war=01;31:*.ear=01;31:*.sar=01;31:*.rar=01;31:*.alz=01;31:*.ace=01;31:*.zoo=01;31:*.cpio=01;31:*.7z=01;31:*.rz=01;31:*.cab=01;31:*.wim=01;31:*.swm=01;31:*.dwm=01;31:*.esd=01;31:*.avif=01;35:*.jpg=01;35:*.jpeg=01;35:*.mjpg=01;35:*.mjpeg=01;35:*.gif=01;35:*.bmp=01;35:*.pbm=01;35:*.pgm=01;35:*.ppm=01;35:*.tga=01;35:*.xbm=01;35:*.xpm=01;35:*.tif=01;35:*.tiff=01;35:*.png=01;35:*.svg=01;35:*.svgz=01;35:*.mng=01;35:*.pcx=01;35:*.mov=01;35:*.mpg=01;35:*.mpeg=01;35:*.m2v=01;35:*.mkv=01;35:*.webm=01;35:*.webp=01;35:*.ogm=01;35:*.mp4=01;35:*.m4v=01;35:*.mp4v=01;35:*.vob=01;35:*.qt=01;35:*.nuv=01;35:*.wmv=01;35:*.asf=01;35:*.rm=01;35:*.rmvb=01;35:*.flc=01;35:*.avi=01;35:*.fli=01;35:*.flv=01;35:*.gl=01;35:*.dl=01;35:*.xcf=01;35:*.xwd=01;35:*.yuv=01;35:*.cgm=01;35:*.emf=01;35:*.ogv=01;35:*.ogx=01;35:*.aac=00;36:*.au=00;36:*.flac=00;36:*.m4a=00;36:*.mid=00;36:*.midi=00;36:*.mka=00;36:*.mp3=00;36:*.mpc=00;36:*.ogg=00;36:*.ra=00;36:*.wav=00;36:*.oga=00;36:*.opus=00;36:*.spx=00;36:*.xspf=00;36:*~=00;90:*#=00;90:*.bak=00;90:*.crdownload=00;90:*.dpkg-dist=00;90:*.dpkg-new=00;90:*.dpkg-old=00;90:*.dpkg-tmp=00;90:*.old=00;90:*.orig=00;90:*.part=00;90:*.rej=00;90:*.rpmnew=00;90:*.rpmorig=00;90:*.rpmsave=00;90:*.swp=00;90:*.tmp=00;90:*.ucf-dist=00;90:*.ucf-new=00;90:*.ucf-old=00;90:', 'GNOME_TERMINAL_SERVICE': ':1.116', 'SSH_AUTH_SOCK': '/run/user/1000/keyring/ssh', 'AMENT_PREFIX_PATH': '/home/mcfb/ros2_ws/install/px4_ros_com:/home/mcfb/ros2_ws/install/px4_offboard:/home/mcfb/ros2_ws/install/px4_msgs:/home/mcfb/ros2_ws/install/ai_navigator:/opt/ros/jazzy', 'SHELL': '/bin/bash', 'QT_ACCESSIBILITY': '1', 'GDMSESSION': 'ubuntu', 'LESSCLOSE': '/usr/bin/lesspipe %s %s', 'IGN_GAZEBO_RESOURCE_PATH': '/opt/ros/jazzy/share', 'GPG_AGENT_INFO': '/run/user/1000/gnupg/S.gpg-agent:0:1', 'ROS_AUTOMATIC_DISCOVERY_RANGE': 'SUBNET', 'QT_IM_MODULE': 'ibus', 'PWD': '/home/mcfb/ros2_ws/build/ai_navigator', 'LC_ALL': 'en_US.UTF-8', 'XDG_CONFIG_DIRS': '/etc/xdg/xdg-ubuntu:/etc/xdg', 'XDG_DATA_DIRS': '/usr/share/ubuntu:/usr/share/gnome:/usr/local/share/:/usr/share/:/var/lib/snapd/desktop', 'PYTHONPATH': '/home/mcfb/ros2_ws/build/ai_navigator/prefix_override:/usr/lib/python3/dist-packages/colcon_core/task/python/colcon_distutils_commands:/home/mcfb/ros2_ws/install/ai_navigator/lib/python3.12/site-packages:/home/mcfb/ros2_ws/install/px4_ros_com/lib/python3.12/site-packages:/home/mcfb/ros2_ws/install/px4_offboard/lib/python3.12/site-packages:/home/mcfb/ros2_ws/install/px4_msgs/lib/python3.12/site-packages:/home/mcfb/ros2_ws/install/ai_navigator/lib/python3.12/site-packages:/home/mcfb/drone_venv/lib/python3.12/site-packages:/opt/ros/jazzy/lib/python3.12/site-packages', 'COLCON': '1', 'MEMORY_PRESSURE_WRITE': 'c29tZSAyMDAwMDAgMjAwMDAwMAA=', 'VTE_VERSION': '7600', 'CMAKE_PREFIX_PATH': '/home/mcfb/ros2_ws/install/px4_ros_com:/home/mcfb/ros2_ws/install/px4_msgs:/opt/ros/jazzy/opt/gz_sim_vendor:/opt/ros/jazzy/opt/gz_sensors_vendor:/opt/ros/jazzy/opt/gz_physics_vendor:/opt/ros/jazzy/opt/sdformat_vendor:/opt/ros/jazzy/opt/gz_gui_vendor:/opt/ros/jazzy/opt/gz_transport_vendor:/opt/ros/jazzy/opt/gz_rendering_vendor:/opt/ros/jazzy/opt/gz_plugin_vendor:/opt/ros/jazzy/opt/gz_fuel_tools_vendor:/opt/ros/jazzy/opt/gz_msgs_vendor:/opt/ros/jazzy/opt/gz_common_vendor:/opt/ros/jazzy/opt/gz_math_vendor:/opt/ros/jazzy/opt/gz_utils_vendor:/opt/ros/jazzy/opt/gz_tools_vendor:/opt/ros/jazzy/opt/gz_ogre_next_vendor:/opt/ros/jazzy/opt/gz_dartsim_vendor:/opt/ros/jazzy/opt/gz_cmake_vendor'}, 'shell': False}
[0.698302] (px4_msgs) StdoutLine: {'line': b'[  0%] Built target px4_msgs__rosidl_generator_type_description\n'}
[0.701370] (-) TimerEvent: {}
[0.723265] (px4_msgs) StdoutLine: {'line': b'[  0%] Built target ament_cmake_python_copy_px4_msgs\n'}
[0.745249] (px4_msgs) StdoutLine: {'line': b'[  0%] Built target px4_msgs__cpp\n'}
[0.801488] (-) TimerEvent: {}
[0.866813] (ai_navigator) StdoutLine: {'line': b'running egg_info\n'}
[0.869347] (px4_msgs) StdoutLine: {'line': b'[ 29%] Built target px4_msgs__rosidl_generator_c\n'}
[0.882771] (ai_navigator) StdoutLine: {'line': b'writing ../../build/ai_navigator/ai_navigator.egg-info/PKG-INFO\n'}
[0.884396] (ai_navigator) StdoutLine: {'line': b'writing dependency_links to ../../build/ai_navigator/ai_navigator.egg-info/dependency_links.txt\n'}
[0.884566] (ai_navigator) StdoutLine: {'line': b'writing entry points to ../../build/ai_navigator/ai_navigator.egg-info/entry_points.txt\n'}
[0.884649] (ai_navigator) StdoutLine: {'line': b'writing requirements to ../../build/ai_navigator/ai_navigator.egg-info/requires.txt\n'}
[0.884722] (ai_navigator) StdoutLine: {'line': b'writing top-level names to ../../build/ai_navigator/ai_navigator.egg-info/top_level.txt\n'}
[0.901585] (-) TimerEvent: {}
[0.934515] (ai_navigator) StdoutLine: {'line': b"reading manifest file '../../build/ai_navigator/ai_navigator.egg-info/SOURCES.txt'\n"}
[0.935064] (ai_navigator) StdoutLine: {'line': b"adding license file 'LICENSE'\n"}
[0.936232] (ai_navigator) StdoutLine: {'line': b"writing manifest file '../../build/ai_navigator/ai_navigator.egg-info/SOURCES.txt'\n"}
[0.936593] (ai_navigator) StdoutLine: {'line': b'running build\n'}
[0.936773] (ai_navigator) StdoutLine: {'line': b'running build_py\n'}
[0.937435] (ai_navigator) StdoutLine: {'line': b'copying ai_navigator/smart_navigator.py -> /home/mcfb/ros2_ws/build/ai_navigator/build/lib/ai_navigator\n'}
[0.938156] (ai_navigator) StdoutLine: {'line': b'running install\n'}
[0.945029] (ai_navigator) StdoutLine: {'line': b'running install_lib\n'}
[0.949246] (px4_msgs) StdoutLine: {'line': b'running egg_info\n'}
[0.965525] (ai_navigator) StdoutLine: {'line': b'copying /home/mcfb/ros2_ws/build/ai_navigator/build/lib/ai_navigator/smart_navigator.py -> /home/mcfb/ros2_ws/install/ai_navigator/lib/python3.12/site-packages/ai_navigator\n'}
[0.966622] (ai_navigator) StdoutLine: {'line': b'byte-compiling /home/mcfb/ros2_ws/install/ai_navigator/lib/python3.12/site-packages/ai_navigator/smart_navigator.py to smart_navigator.cpython-312.pyc\n'}
[0.969520] (px4_msgs) StdoutLine: {'line': b'[ 39%] Built target px4_msgs__rosidl_typesupport_c\n'}
[0.970181] (px4_msgs) StdoutLine: {'line': b'writing px4_msgs.egg-info/PKG-INFO\n'}
[0.970838] (px4_msgs) StdoutLine: {'line': b'[ 49%] Built target px4_msgs__rosidl_typesupport_introspection_c\n'}
[0.970984] (px4_msgs) StdoutLine: {'line': b'writing dependency_links to px4_msgs.egg-info/dependency_links.txt\n'}
[0.971057] (px4_msgs) StdoutLine: {'line': b'writing top-level names to px4_msgs.egg-info/top_level.txt\n'}
[0.982112] (ai_navigator) StdoutLine: {'line': b'running install_data\n'}
[0.982455] (ai_navigator) StdoutLine: {'line': b'copying resource/ai_navigator -> /home/mcfb/ros2_ws/install/ai_navigator/share/ament_index/resource_index/packages\n'}
[0.982740] (ai_navigator) StdoutLine: {'line': b'copying package.xml -> /home/mcfb/ros2_ws/install/ai_navigator/share/ai_navigator\n'}
[0.982886] (ai_navigator) StdoutLine: {'line': b'running install_egg_info\n'}
[0.990988] (px4_msgs) StdoutLine: {'line': b'[ 59%] Built target px4_msgs__rosidl_typesupport_cpp\n'}
[1.001687] (-) TimerEvent: {}
[1.005216] (ai_navigator) StdoutLine: {'line': b"removing '/home/mcfb/ros2_ws/install/ai_navigator/lib/python3.12/site-packages/ai_navigator-0.0.0-py3.12.egg-info' (and everything under it)\n"}
[1.005517] (ai_navigator) StdoutLine: {'line': b'Copying ../../build/ai_navigator/ai_navigator.egg-info to /home/mcfb/ros2_ws/install/ai_navigator/lib/python3.12/site-packages/ai_navigator-0.0.0-py3.12.egg-info\n'}
[1.006225] (ai_navigator) StdoutLine: {'line': b'running install_scripts\n'}
[1.013852] (px4_msgs) StdoutLine: {'line': b'[ 69%] Built target px4_msgs__rosidl_typesupport_fastrtps_c\n'}
[1.014947] (px4_msgs) StdoutLine: {'line': b'[ 79%] Built target px4_msgs__rosidl_typesupport_introspection_cpp\n'}
[1.029353] (px4_msgs) StdoutLine: {'line': b'[ 89%] Built target px4_msgs__rosidl_typesupport_fastrtps_cpp\n'}
[1.031580] (px4_msgs) StdoutLine: {'line': b"reading manifest file 'px4_msgs.egg-info/SOURCES.txt'\n"}
[1.036471] (px4_msgs) StdoutLine: {'line': b"writing manifest file 'px4_msgs.egg-info/SOURCES.txt'\n"}
[1.044552] (ai_navigator) StdoutLine: {'line': b'Installing ai_camera_sub script to /home/mcfb/ros2_ws/install/ai_navigator/lib/ai_navigator\n'}
[1.044818] (ai_navigator) StdoutLine: {'line': b'Installing autonomous_navigation script to /home/mcfb/ros2_ws/install/ai_navigator/lib/ai_navigator\n'}
[1.044930] (ai_navigator) StdoutLine: {'line': b'Installing navigate_to_point script to /home/mcfb/ros2_ws/install/ai_navigator/lib/ai_navigator\n'}
[1.045012] (ai_navigator) StdoutLine: {'line': b'Installing point_to_point_nav script to /home/mcfb/ros2_ws/install/ai_navigator/lib/ai_navigator\n'}
[1.045191] (ai_navigator) StdoutLine: {'line': b"writing list of installed files to '/home/mcfb/ros2_ws/build/ai_navigator/install.log'\n"}
[1.049955] (px4_msgs) StdoutLine: {'line': b'[ 89%] Built target px4_msgs\n'}
[1.070106] (px4_msgs) StdoutLine: {'line': b'[ 89%] Built target ament_cmake_python_build_px4_msgs_egg\n'}
[1.072112] (ai_navigator) CommandEnded: {'returncode': 0}
[1.080401] (px4_msgs) StdoutLine: {'line': b'[ 89%] Built target px4_msgs__py\n'}
[1.080702] (ai_navigator) JobEnded: {'identifier': 'ai_navigator', 'rc': 0}
[1.101809] (-) TimerEvent: {}
[1.191184] (px4_msgs) StdoutLine: {'line': b'[ 99%] Built target px4_msgs__rosidl_generator_py\n'}
[1.201898] (-) TimerEvent: {}
[1.215176] (px4_msgs) StdoutLine: {'line': b'[ 99%] Built target px4_msgs_s__rosidl_typesupport_c\n'}
[1.215386] (px4_msgs) StdoutLine: {'line': b'[100%] Built target px4_msgs_s__rosidl_typesupport_introspection_c\n'}
[1.215492] (px4_msgs) StdoutLine: {'line': b'[100%] Built target px4_msgs_s__rosidl_typesupport_fastrtps_c\n'}
[1.226784] (px4_msgs) CommandEnded: {'returncode': 0}
[1.227666] (px4_msgs) JobProgress: {'identifier': 'px4_msgs', 'progress': 'install'}
[1.237571] (px4_msgs) Command: {'cmd': ['/usr/bin/cmake', '--install', '/home/mcfb/ros2_ws/build/px4_msgs'], 'cwd': '/home/mcfb/ros2_ws/build/px4_msgs', 'env': OrderedDict({'LESSOPEN': '| /usr/bin/lesspipe %s', 'USER': 'mcfb', 'GZ_CONFIG_PATH': '/opt/ros/jazzy/opt/gz_sim_vendor/share/gz:/opt/ros/jazzy/opt/sdformat_vendor/share/gz:/opt/ros/jazzy/opt/gz_gui_vendor/share/gz:/opt/ros/jazzy/opt/gz_transport_vendor/share/gz:/opt/ros/jazzy/opt/gz_rendering_vendor/share/gz:/opt/ros/jazzy/opt/gz_plugin_vendor/share/gz:/opt/ros/jazzy/opt/gz_fuel_tools_vendor/share/gz:/opt/ros/jazzy/opt/gz_msgs_vendor/share/gz:/opt/ros/jazzy/opt/gz_common_vendor/share/gz', 'XDG_SESSION_TYPE': 'x11', 'CLUTTER_DISABLE_MIPMAPPED_TEXT': '1', 'SHLVL': '1', 'LD_LIBRARY_PATH': '/home/mcfb/ros2_ws/install/px4_ros_com/lib:/home/mcfb/ros2_ws/install/px4_msgs/lib:/opt/ros/jazzy/opt/gz_sim_vendor/lib:/opt/ros/jazzy/opt/gz_sensors_vendor/lib:/opt/ros/jazzy/opt/gz_physics_vendor/lib:/opt/ros/jazzy/opt/sdformat_vendor/lib:/opt/ros/jazzy/opt/rviz_ogre_vendor/lib:/opt/ros/jazzy/lib/x86_64-linux-gnu:/opt/ros/jazzy/opt/gz_gui_vendor/lib:/opt/ros/jazzy/opt/gz_transport_vendor/lib:/opt/ros/jazzy/opt/gz_rendering_vendor/lib:/opt/ros/jazzy/opt/gz_plugin_vendor/lib:/opt/ros/jazzy/opt/gz_fuel_tools_vendor/lib:/opt/ros/jazzy/opt/gz_msgs_vendor/lib:/opt/ros/jazzy/opt/gz_common_vendor/lib:/opt/ros/jazzy/opt/gz_math_vendor/lib:/opt/ros/jazzy/opt/gz_utils_vendor/lib:/opt/ros/jazzy/opt/gz_tools_vendor/lib:/opt/ros/jazzy/opt/gz_ogre_next_vendor/lib:/opt/ros/jazzy/opt/gz_dartsim_vendor/lib:/opt/ros/jazzy/opt/gz_cmake_vendor/lib:/opt/ros/jazzy/lib', 'HOME': '/home/mcfb', 'OLDPWD': '/home/mcfb/ros2_ws/install', 'DESKTOP_SESSION': 'ubuntu', 'ROS_PYTHON_VERSION': '3', 'GNOME_SHELL_SESSION_MODE': 'ubuntu', 'GTK_MODULES': 'gail:atk-bridge', 'SYSTEMD_EXEC_PID': '2870', 'GSM_SKIP_SSH_AGENT_WORKAROUND': 'true', 'DBUS_SESSION_BUS_ADDRESS': 'unix:path=/run/user/1000/bus', 'COLORTERM': 'truecolor', 'DEBUGINFOD_URLS': 'https://debuginfod.ubuntu.com', 'COLCON_PREFIX_PATH': '/home/mcfb/ros2_ws/install', 'ROS_DISTRO': 'jazzy', 'LOGNAME': 'mcfb', '_': '/usr/bin/colcon', 'ROS_VERSION': '2', 'MEMORY_PRESSURE_WATCH': '/sys/fs/cgroup/user.slice/user-1000.slice/user@1000.service/session.slice/org.gnome.Shell@x11.service/memory.pressure', 'XDG_SESSION_CLASS': 'user', 'USERNAME': 'mcfb', 'TERM': 'xterm-256color', 'GNOME_DESKTOP_SESSION_ID': 'this-is-deprecated', 'WINDOWPATH': '2', 'PATH': '/opt/ros/jazzy/opt/gz_msgs_vendor/bin:/opt/ros/jazzy/opt/gz_tools_vendor/bin:/opt/ros/jazzy/opt/gz_ogre_next_vendor/bin:/opt/ros/jazzy/bin:/home/mcfb/.local/bin:/usr/local/sbin:/usr/local/bin:/usr/sbin:/usr/bin:/sbin:/bin:/usr/games:/usr/local/games:/snap/bin:/snap/bin:/opt/xtensa-esp-elf/bin/', 'SESSION_MANAGER': 'local/mcfb:@/tmp/.ICE-unix/2791,unix/mcfb:/tmp/.ICE-unix/2791', 'XDG_MENU_PREFIX': 'gnome-', 'GNOME_TERMINAL_SCREEN': '/org/gnome/Terminal/screen/cde57785_6625_4299_87b9_aa10803801d7', 'XDG_RUNTIME_DIR': '/run/user/1000', 'DISPLAY': ':1', 'LANG': 'en_US.UTF-8', 'XDG_CURRENT_DESKTOP': 'ubuntu:GNOME', 'XMODIFIERS': '@im=ibus', 'XDG_SESSION_DESKTOP': 'ubuntu', 'XAUTHORITY': '/run/user/1000/gdm/Xauthority', 'LS_COLORS': 'rs=0:di=01;34:ln=01;36:mh=00:pi=40;33:so=01;35:do=01;35:bd=40;33;01:cd=40;33;01:or=40;31;01:mi=00:su=37;41:sg=30;43:ca=00:tw=30;42:ow=34;42:st=37;44:ex=01;32:*.tar=01;31:*.tgz=01;31:*.arc=01;31:*.arj=01;31:*.taz=01;31:*.lha=01;31:*.lz4=01;31:*.lzh=01;31:*.lzma=01;31:*.tlz=01;31:*.txz=01;31:*.tzo=01;31:*.t7z=01;31:*.zip=01;31:*.z=01;31:*.dz=01;31:*.gz=01;31:*.lrz=01;31:*.lz=01;31:*.lzo=01;31:*.xz=01;31:*.zst=01;31:*.tzst=01;31:*.bz2=01;31:*.bz=01;31:*.tbz=01;31:*.tbz2=01;31:*.tz=01;31:*.deb=01;31:*.rpm=01;31:*.jar=01;31:*.war=01;31:*.ear=01;31:*.sar=01;31:*.rar=01;31:*.alz=01;31:*.ace=01;31:*.zoo=01;31:*.cpio=01;31:*.7z=01;31:*.rz=01;31:*.cab=01;31:*.wim=01;31:*.swm=01;31:*.dwm=01;31:*.esd=01;31:*.avif=01;35:*.jpg=01;35:*.jpeg=01;35:*.mjpg=01;35:*.mjpeg=01;35:*.gif=01;35:*.bmp=01;35:*.pbm=01;35:*.pgm=01;35:*.ppm=01;35:*.tga=01;35:*.xbm=01;35:*.xpm=01;35:*.tif=01;35:*.tiff=01;35:*.png=01;35:*.svg=01;35:*.svgz=01;35:*.mng=01;35:*.pcx=01;35:*.mov=01;35:*.mpg=01;35:*.mpeg=01;35:*.m2v=01;35:*.mkv=01;35:*.webm=01;35:*.webp=01;35:*.ogm=01;35:*.mp4=01;35:*.m4v=01;35:*.mp4v=01;35:*.vob=01;35:*.qt=01;35:*.nuv=01;35:*.wmv=01;35:*.asf=01;35:*.rm=01;35:*.rmvb=01;35:*.flc=01;35:*.avi=01;35:*.fli=01;35:*.flv=01;35:*.gl=01;35:*.dl=01;35:*.xcf=01;35:*.xwd=01;35:*.yuv=01;35:*.cgm=01;35:*.emf=01;35:*.ogv=01;35:*.ogx=01;35:*.aac=00;36:*.au=00;36:*.flac=00;36:*.m4a=00;36:*.mid=00;36:*.midi=00;36:*.mka=00;36:*.mp3=00;36:*.mpc=00;36:*.ogg=00;36:*.ra=00;36:*.wav=00;36:*.oga=00;36:*.opus=00;36:*.spx=00;36:*.xspf=00;36:*~=00;90:*#=00;90:*.bak=00;90:*.crdownload=00;90:*.dpkg-dist=00;90:*.dpkg-new=00;90:*.dpkg-old=00;90:*.dpkg-tmp=00;90:*.old=00;90:*.orig=00;90:*.part=00;90:*.rej=00;90:*.rpmnew=00;90:*.rpmorig=00;90:*.rpmsave=00;90:*.swp=00;90:*.tmp=00;90:*.ucf-dist=00;90:*.ucf-new=00;90:*.ucf-old=00;90:', 'GNOME_TERMINAL_SERVICE': ':1.116', 'SSH_AUTH_SOCK': '/run/user/1000/keyring/ssh', 'AMENT_PREFIX_PATH': '/home/mcfb/ros2_ws/install/px4_ros_com:/home/mcfb/ros2_ws/install/px4_offboard:/home/mcfb/ros2_ws/install/px4_msgs:/home/mcfb/ros2_ws/install/ai_navigator:/opt/ros/jazzy', 'SHELL': '/bin/bash', 'QT_ACCESSIBILITY': '1', 'GDMSESSION': 'ubuntu', 'LESSCLOSE': '/usr/bin/lesspipe %s %s', 'IGN_GAZEBO_RESOURCE_PATH': '/opt/ros/jazzy/share', 'GPG_AGENT_INFO': '/run/user/1000/gnupg/S.gpg-agent:0:1', 'ROS_AUTOMATIC_DISCOVERY_RANGE': 'SUBNET', 'QT_IM_MODULE': 'ibus', 'PWD': '/home/mcfb/ros2_ws/build/px4_msgs', 'LC_ALL': 'en_US.UTF-8', 'XDG_CONFIG_DIRS': '/etc/xdg/xdg-ubuntu:/etc/xdg', 'XDG_DATA_DIRS': '/usr/share/ubuntu:/usr/share/gnome:/usr/local/share/:/usr/share/:/var/lib/snapd/desktop', 'PYTHONPATH': '/home/mcfb/ros2_ws/install/px4_ros_com/lib/python3.12/site-packages:/home/mcfb/ros2_ws/install/px4_offboard/lib/python3.12/site-packages:/home/mcfb/ros2_ws/install/px4_msgs/lib/python3.12/site-packages:/home/mcfb/ros2_ws/install/ai_navigator/lib/python3.12/site-packages:/home/mcfb/drone_venv/lib/python3.12/site-packages:/opt/ros/jazzy/lib/python3.12/site-packages', 'COLCON': '1', 'MEMORY_PRESSURE_WRITE': 'c29tZSAyMDAwMDAgMjAwMDAwMAA=', 'VTE_VERSION': '7600', 'CMAKE_PREFIX_PATH': '/home/mcfb/ros2_ws/install/px4_ros_com:/home/mcfb/ros2_ws/install/px4_msgs:/opt/ros/jazzy/opt/gz_sim_vendor:/opt/ros/jazzy/opt/gz_sensors_vendor:/opt/ros/jazzy/opt/gz_physics_vendor:/opt/ros/jazzy/opt/sdformat_vendor:/opt/ros/jazzy/opt/gz_gui_vendor:/opt/ros/jazzy/opt/gz_transport_vendor:/opt/ros/jazzy/opt/gz_rendering_vendor:/opt/ros/jazzy/opt/gz_plugin_vendor:/opt/ros/jazzy/opt/gz_fuel_tools_vendor:/opt/ros/jazzy/opt/gz_msgs_vendor:/opt/ros/jazzy/opt/gz_common_vendor:/opt/ros/jazzy/opt/gz_math_vendor:/opt/ros/jazzy/opt/gz_utils_vendor:/opt/ros/jazzy/opt/gz_tools_vendor:/opt/ros/jazzy/opt/gz_ogre_next_vendor:/opt/ros/jazzy/opt/gz_dartsim_vendor:/opt/ros/jazzy/opt/gz_cmake_vendor:/home/mcfb/ros2_ws/install/px4_offboard:/home/mcfb/ros2_ws/install/ai_navigator:/opt/ros/jazzy'}), 'shell': False}
[1.247509] (px4_msgs) StdoutLine: {'line': b'-- Install configuration: ""\n'}
[1.247666] (px4_msgs) StdoutLine: {'line': b'-- Up-to-date: /home/mcfb/ros2_ws/install/px4_msgs/share/ament_index/resource_index/rosidl_interfaces/px4_msgs\n'}
[1.247720] (px4_msgs) StdoutLine: {'line': b'-- Up-to-date: /home/mcfb/ros2_ws/install/px4_msgs/share/px4_msgs/msg/ActionRequest.json\n'}
[1.247791] (px4_msgs) StdoutLine: {'line': b'-- Up-to-date: /home/mcfb/ros2_ws/install/px4_msgs/share/px4_msgs/msg/ActuatorArmed.json\n'}
[1.247910] (px4_msgs) StdoutLine: {'line': b'-- Up-to-date: /home/mcfb/ros2_ws/install/px4_msgs/share/px4_msgs/msg/ActuatorControlsStatus.json\n'}
[1.247956] (px4_msgs) StdoutLine: {'line': b'-- Up-to-date: /home/mcfb/ros2_ws/install/px4_msgs/share/px4_msgs/msg/ActuatorMotors.json\n'}
[1.247997] (px4_msgs) StdoutLine: {'line': b'-- Up-to-date: /home/mcfb/ros2_ws/install/px4_msgs/share/px4_msgs/msg/ActuatorOutputs.json\n'}
[1.248037] (px4_msgs) StdoutLine: {'line': b'-- Up-to-date: /home/mcfb/ros2_ws/install/px4_msgs/share/px4_msgs/msg/ActuatorServos.json\n'}
[1.248077] (px4_msgs) StdoutLine: {'line': b'-- Up-to-date: /home/mcfb/ros2_ws/install/px4_msgs/share/px4_msgs/msg/ActuatorServosTrim.json\n'}
[1.248118] (px4_msgs) StdoutLine: {'line': b'-- Up-to-date: /home/mcfb/ros2_ws/install/px4_msgs/share/px4_msgs/msg/ActuatorTest.json\n'}
[1.248158] (px4_msgs) StdoutLine: {'line': b'-- Up-to-date: /home/mcfb/ros2_ws/install/px4_msgs/share/px4_msgs/msg/AdcReport.json\n'}
[1.248199] (px4_msgs) StdoutLine: {'line': b'-- Up-to-date: /home/mcfb/ros2_ws/install/px4_msgs/share/px4_msgs/msg/Airspeed.json\n'}
[1.248239] (px4_msgs) StdoutLine: {'line': b'-- Up-to-date: /home/mcfb/ros2_ws/install/px4_msgs/share/px4_msgs/msg/AirspeedValidated.json\n'}
[1.248280] (px4_msgs) StdoutLine: {'line': b'-- Up-to-date: /home/mcfb/ros2_ws/install/px4_msgs/share/px4_msgs/msg/AirspeedWind.json\n'}
[1.248319] (px4_msgs) StdoutLine: {'line': b'-- Up-to-date: /home/mcfb/ros2_ws/install/px4_msgs/share/px4_msgs/msg/ArmingCheckReply.json\n'}
[1.248357] (px4_msgs) StdoutLine: {'line': b'-- Up-to-date: /home/mcfb/ros2_ws/install/px4_msgs/share/px4_msgs/msg/ArmingCheckRequest.json\n'}
[1.248394] (px4_msgs) StdoutLine: {'line': b'-- Up-to-date: /home/mcfb/ros2_ws/install/px4_msgs/share/px4_msgs/msg/AutotuneAttitudeControlStatus.json\n'}
[1.248434] (px4_msgs) StdoutLine: {'line': b'-- Up-to-date: /home/mcfb/ros2_ws/install/px4_msgs/share/px4_msgs/msg/BatteryInfo.json\n'}
[1.248483] (px4_msgs) StdoutLine: {'line': b'-- Up-to-date: /home/mcfb/ros2_ws/install/px4_msgs/share/px4_msgs/msg/BatteryStatus.json\n'}
[1.248523] (px4_msgs) StdoutLine: {'line': b'-- Up-to-date: /home/mcfb/ros2_ws/install/px4_msgs/share/px4_msgs/msg/ButtonEvent.json\n'}
[1.248578] (px4_msgs) StdoutLine: {'line': b'-- Up-to-date: /home/mcfb/ros2_ws/install/px4_msgs/share/px4_msgs/msg/CameraCapture.json\n'}
[1.248630] (px4_msgs) StdoutLine: {'line': b'-- Up-to-date: /home/mcfb/ros2_ws/install/px4_msgs/share/px4_msgs/msg/CameraStatus.json\n'}
[1.248769] (px4_msgs) StdoutLine: {'line': b'-- Up-to-date: /home/mcfb/ros2_ws/install/px4_msgs/share/px4_msgs/msg/CameraTrigger.json\n'}
[1.248816] (px4_msgs) StdoutLine: {'line': b'-- Up-to-date: /home/mcfb/ros2_ws/install/px4_msgs/share/px4_msgs/msg/CanInterfaceStatus.json\n'}
[1.248867] (px4_msgs) StdoutLine: {'line': b'-- Up-to-date: /home/mcfb/ros2_ws/install/px4_msgs/share/px4_msgs/msg/CellularStatus.json\n'}
[1.248909] (px4_msgs) StdoutLine: {'line': b'-- Up-to-date: /home/mcfb/ros2_ws/install/px4_msgs/share/px4_msgs/msg/CollisionConstraints.json\n'}
[1.248976] (px4_msgs) StdoutLine: {'line': b'-- Up-to-date: /home/mcfb/ros2_ws/install/px4_msgs/share/px4_msgs/msg/ConfigOverrides.json\n'}
[1.249158] (px4_msgs) StdoutLine: {'line': b'-- Up-to-date: /home/mcfb/ros2_ws/install/px4_msgs/share/px4_msgs/msg/ControlAllocatorStatus.json\n'}
[1.249211] (px4_msgs) StdoutLine: {'line': b'-- Up-to-date: /home/mcfb/ros2_ws/install/px4_msgs/share/px4_msgs/msg/Cpuload.json\n'}
[1.249271] (px4_msgs) StdoutLine: {'line': b'-- Up-to-date: /home/mcfb/ros2_ws/install/px4_msgs/share/px4_msgs/msg/DatamanRequest.json\n'}
[1.249333] (px4_msgs) StdoutLine: {'line': b'-- Up-to-date: /home/mcfb/ros2_ws/install/px4_msgs/share/px4_msgs/msg/DatamanResponse.json\n'}
[1.249555] (px4_msgs) StdoutLine: {'line': b'-- Up-to-date: /home/mcfb/ros2_ws/install/px4_msgs/share/px4_msgs/msg/DebugArray.json\n'}
[1.249633] (px4_msgs) StdoutLine: {'line': b'-- Up-to-date: /home/mcfb/ros2_ws/install/px4_msgs/share/px4_msgs/msg/DebugKeyValue.json\n'}
[1.249880] (px4_msgs) StdoutLine: {'line': b'-- Up-to-date: /home/mcfb/ros2_ws/install/px4_msgs/share/px4_msgs/msg/DebugValue.json\n'}
[1.249948] (px4_msgs) StdoutLine: {'line': b'-- Up-to-date: /home/mcfb/ros2_ws/install/px4_msgs/share/px4_msgs/msg/DebugVect.json\n'}
[1.249994] (px4_msgs) StdoutLine: {'line': b'-- Up-to-date: /home/mcfb/ros2_ws/install/px4_msgs/share/px4_msgs/msg/DifferentialPressure.json\n'}
[1.250046] (px4_msgs) StdoutLine: {'line': b'-- Up-to-date: /home/mcfb/ros2_ws/install/px4_msgs/share/px4_msgs/msg/DistanceSensor.json\n'}
[1.250095] (px4_msgs) StdoutLine: {'line': b'-- Up-to-date: /home/mcfb/ros2_ws/install/px4_msgs/share/px4_msgs/msg/DistanceSensorModeChangeRequest.json\n'}
[1.250146] (px4_msgs) StdoutLine: {'line': b'-- Up-to-date: /home/mcfb/ros2_ws/install/px4_msgs/share/px4_msgs/msg/DronecanNodeStatus.json\n'}
[1.250199] (px4_msgs) StdoutLine: {'line': b'-- Up-to-date: /home/mcfb/ros2_ws/install/px4_msgs/share/px4_msgs/msg/Ekf2Timestamps.json\n'}
[1.250256] (px4_msgs) StdoutLine: {'line': b'-- Up-to-date: /home/mcfb/ros2_ws/install/px4_msgs/share/px4_msgs/msg/EscReport.json\n'}
[1.250313] (px4_msgs) StdoutLine: {'line': b'-- Up-to-date: /home/mcfb/ros2_ws/install/px4_msgs/share/px4_msgs/msg/EscStatus.json\n'}
[1.250382] (px4_msgs) StdoutLine: {'line': b'-- Up-to-date: /home/mcfb/ros2_ws/install/px4_msgs/share/px4_msgs/msg/EstimatorAidSource1d.json\n'}
[1.250445] (px4_msgs) StdoutLine: {'line': b'-- Up-to-date: /home/mcfb/ros2_ws/install/px4_msgs/share/px4_msgs/msg/EstimatorAidSource2d.json\n'}
[1.250499] (px4_msgs) StdoutLine: {'line': b'-- Up-to-date: /home/mcfb/ros2_ws/install/px4_msgs/share/px4_msgs/msg/EstimatorAidSource3d.json\n'}
[1.250553] (px4_msgs) StdoutLine: {'line': b'-- Up-to-date: /home/mcfb/ros2_ws/install/px4_msgs/share/px4_msgs/msg/EstimatorBias.json\n'}
[1.250611] (px4_msgs) StdoutLine: {'line': b'-- Up-to-date: /home/mcfb/ros2_ws/install/px4_msgs/share/px4_msgs/msg/EstimatorBias3d.json\n'}
[1.250668] (px4_msgs) StdoutLine: {'line': b'-- Up-to-date: /home/mcfb/ros2_ws/install/px4_msgs/share/px4_msgs/msg/EstimatorEventFlags.json\n'}
[1.250724] (px4_msgs) StdoutLine: {'line': b'-- Up-to-date: /home/mcfb/ros2_ws/install/px4_msgs/share/px4_msgs/msg/EstimatorGpsStatus.json\n'}
[1.250783] (px4_msgs) StdoutLine: {'line': b'-- Up-to-date: /home/mcfb/ros2_ws/install/px4_msgs/share/px4_msgs/msg/EstimatorInnovations.json\n'}
[1.250852] (px4_msgs) StdoutLine: {'line': b'-- Up-to-date: /home/mcfb/ros2_ws/install/px4_msgs/share/px4_msgs/msg/EstimatorSelectorStatus.json\n'}
[1.250909] (px4_msgs) StdoutLine: {'line': b'-- Up-to-date: /home/mcfb/ros2_ws/install/px4_msgs/share/px4_msgs/msg/EstimatorSensorBias.json\n'}
[1.250974] (px4_msgs) StdoutLine: {'line': b'-- Up-to-date: /home/mcfb/ros2_ws/install/px4_msgs/share/px4_msgs/msg/EstimatorStates.json\n'}
[1.251030] (px4_msgs) StdoutLine: {'line': b'-- Up-to-date: /home/mcfb/ros2_ws/install/px4_msgs/share/px4_msgs/msg/EstimatorStatus.json\n'}
[1.251087] (px4_msgs) StdoutLine: {'line': b'-- Up-to-date: /home/mcfb/ros2_ws/install/px4_msgs/share/px4_msgs/msg/EstimatorStatusFlags.json\n'}
[1.251132] (px4_msgs) StdoutLine: {'line': b'-- Up-to-date: /home/mcfb/ros2_ws/install/px4_msgs/share/px4_msgs/msg/Event.json\n'}
[1.251194] (px4_msgs) StdoutLine: {'line': b'-- Up-to-date: /home/mcfb/ros2_ws/install/px4_msgs/share/px4_msgs/msg/FailsafeFlags.json\n'}
[1.251253] (px4_msgs) StdoutLine: {'line': b'-- Up-to-date: /home/mcfb/ros2_ws/install/px4_msgs/share/px4_msgs/msg/FailureDetectorStatus.json\n'}
[1.251315] (px4_msgs) StdoutLine: {'line': b'-- Up-to-date: /home/mcfb/ros2_ws/install/px4_msgs/share/px4_msgs/msg/FigureEightStatus.json\n'}
[1.251375] (px4_msgs) StdoutLine: {'line': b'-- Up-to-date: /home/mcfb/ros2_ws/install/px4_msgs/share/px4_msgs/msg/FixedWingLateralGuidanceStatus.json\n'}
[1.251434] (px4_msgs) StdoutLine: {'line': b'-- Up-to-date: /home/mcfb/ros2_ws/install/px4_msgs/share/px4_msgs/msg/FixedWingLateralSetpoint.json\n'}
[1.251478] (px4_msgs) StdoutLine: {'line': b'-- Up-to-date: /home/mcfb/ros2_ws/install/px4_msgs/share/px4_msgs/msg/FixedWingLateralStatus.json\n'}
[1.251515] (px4_msgs) StdoutLine: {'line': b'-- Up-to-date: /home/mcfb/ros2_ws/install/px4_msgs/share/px4_msgs/msg/FixedWingLongitudinalSetpoint.json\n'}
[1.251550] (px4_msgs) StdoutLine: {'line': b'-- Up-to-date: /home/mcfb/ros2_ws/install/px4_msgs/share/px4_msgs/msg/FixedWingRunwayControl.json\n'}
[1.251598] (px4_msgs) StdoutLine: {'line': b'-- Up-to-date: /home/mcfb/ros2_ws/install/px4_msgs/share/px4_msgs/msg/FlightPhaseEstimation.json\n'}
[1.251640] (px4_msgs) StdoutLine: {'line': b'-- Up-to-date: /home/mcfb/ros2_ws/install/px4_msgs/share/px4_msgs/msg/FollowTarget.json\n'}
[1.251683] (px4_msgs) StdoutLine: {'line': b'-- Up-to-date: /home/mcfb/ros2_ws/install/px4_msgs/share/px4_msgs/msg/FollowTargetEstimator.json\n'}
[1.251728] (px4_msgs) StdoutLine: {'line': b'-- Up-to-date: /home/mcfb/ros2_ws/install/px4_msgs/share/px4_msgs/msg/FollowTargetStatus.json\n'}
[1.251843] (px4_msgs) StdoutLine: {'line': b'-- Up-to-date: /home/mcfb/ros2_ws/install/px4_msgs/share/px4_msgs/msg/FuelTankStatus.json\n'}
[1.252436] (px4_msgs) StdoutLine: {'line': b'-- Up-to-date: /home/mcfb/ros2_ws/install/px4_msgs/share/px4_msgs/msg/GeneratorStatus.json\n'}
[1.252548] (px4_msgs) StdoutLine: {'line': b'-- Up-to-date: /home/mcfb/ros2_ws/install/px4_msgs/share/px4_msgs/msg/GeofenceResult.json\n'}
[1.252601] (px4_msgs) StdoutLine: {'line': b'-- Up-to-date: /home/mcfb/ros2_ws/install/px4_msgs/share/px4_msgs/msg/GeofenceStatus.json\n'}
[1.252664] (px4_msgs) StdoutLine: {'line': b'-- Up-to-date: /home/mcfb/ros2_ws/install/px4_msgs/share/px4_msgs/msg/GimbalControls.json\n'}
[1.252707] (px4_msgs) StdoutLine: {'line': b'-- Up-to-date: /home/mcfb/ros2_ws/install/px4_msgs/share/px4_msgs/msg/GimbalDeviceAttitudeStatus.json\n'}
[1.252761] (px4_msgs) StdoutLine: {'line': b'-- Up-to-date: /home/mcfb/ros2_ws/install/px4_msgs/share/px4_msgs/msg/GimbalDeviceInformation.json\n'}
[1.252812] (px4_msgs) StdoutLine: {'line': b'-- Up-to-date: /home/mcfb/ros2_ws/install/px4_msgs/share/px4_msgs/msg/GimbalDeviceSetAttitude.json\n'}
[1.252872] (px4_msgs) StdoutLine: {'line': b'-- Up-to-date: /home/mcfb/ros2_ws/install/px4_msgs/share/px4_msgs/msg/GimbalManagerInformation.json\n'}
[1.253035] (px4_msgs) StdoutLine: {'line': b'-- Up-to-date: /home/mcfb/ros2_ws/install/px4_msgs/share/px4_msgs/msg/GimbalManagerSetAttitude.json\n'}
[1.253325] (px4_msgs) StdoutLine: {'line': b'-- Up-to-date: /home/mcfb/ros2_ws/install/px4_msgs/share/px4_msgs/msg/GimbalManagerSetManualControl.json\n'}
[1.253399] (px4_msgs) StdoutLine: {'line': b'-- Up-to-date: /home/mcfb/ros2_ws/install/px4_msgs/share/px4_msgs/msg/GimbalManagerStatus.json\n'}
[1.253459] (px4_msgs) StdoutLine: {'line': b'-- Up-to-date: /home/mcfb/ros2_ws/install/px4_msgs/share/px4_msgs/msg/GotoSetpoint.json\n'}
[1.253890] (px4_msgs) StdoutLine: {'line': b'-- Up-to-date: /home/mcfb/ros2_ws/install/px4_msgs/share/px4_msgs/msg/GpioConfig.json\n'}
[1.254572] (px4_msgs) StdoutLine: {'line': b'-- Up-to-date: /home/mcfb/ros2_ws/install/px4_msgs/share/px4_msgs/msg/GpioIn.json\n'}
[1.254630] (px4_msgs) StdoutLine: {'line': b'-- Up-to-date: /home/mcfb/ros2_ws/install/px4_msgs/share/px4_msgs/msg/GpioOut.json\n'}
[1.254692] (px4_msgs) StdoutLine: {'line': b'-- Up-to-date: /home/mcfb/ros2_ws/install/px4_msgs/share/px4_msgs/msg/GpioRequest.json\n'}
[1.254736] (px4_msgs) StdoutLine: {'line': b'-- Up-to-date: /home/mcfb/ros2_ws/install/px4_msgs/share/px4_msgs/msg/GpsDump.json\n'}
[1.254778] (px4_msgs) StdoutLine: {'line': b'-- Up-to-date: /home/mcfb/ros2_ws/install/px4_msgs/share/px4_msgs/msg/GpsInjectData.json\n'}
[1.254821] (px4_msgs) StdoutLine: {'line': b'-- Up-to-date: /home/mcfb/ros2_ws/install/px4_msgs/share/px4_msgs/msg/Gripper.json\n'}
[1.254910] (px4_msgs) StdoutLine: {'line': b'-- Up-to-date: /home/mcfb/ros2_ws/install/px4_msgs/share/px4_msgs/msg/HealthReport.json\n'}
[1.254955] (px4_msgs) StdoutLine: {'line': b'-- Up-to-date: /home/mcfb/ros2_ws/install/px4_msgs/share/px4_msgs/msg/HeaterStatus.json\n'}
[1.254997] (px4_msgs) StdoutLine: {'line': b'-- Up-to-date: /home/mcfb/ros2_ws/install/px4_msgs/share/px4_msgs/msg/HomePosition.json\n'}
[1.255038] (px4_msgs) StdoutLine: {'line': b'-- Up-to-date: /home/mcfb/ros2_ws/install/px4_msgs/share/px4_msgs/msg/HoverThrustEstimate.json\n'}
[1.255082] (px4_msgs) StdoutLine: {'line': b'-- Up-to-date: /home/mcfb/ros2_ws/install/px4_msgs/share/px4_msgs/msg/InputRc.json\n'}
[1.255127] (px4_msgs) StdoutLine: {'line': b'-- Up-to-date: /home/mcfb/ros2_ws/install/px4_msgs/share/px4_msgs/msg/InternalCombustionEngineControl.json\n'}
[1.255228] (px4_msgs) StdoutLine: {'line': b'-- Up-to-date: /home/mcfb/ros2_ws/install/px4_msgs/share/px4_msgs/msg/InternalCombustionEngineStatus.json\n'}
[1.255275] (px4_msgs) StdoutLine: {'line': b'-- Up-to-date: /home/mcfb/ros2_ws/install/px4_msgs/share/px4_msgs/msg/IridiumsbdStatus.json\n'}
[1.255318] (px4_msgs) StdoutLine: {'line': b'-- Up-to-date: /home/mcfb/ros2_ws/install/px4_msgs/share/px4_msgs/msg/IrlockReport.json\n'}
[1.255357] (px4_msgs) StdoutLine: {'line': b'-- Up-to-date: /home/mcfb/ros2_ws/install/px4_msgs/share/px4_msgs/msg/LandingGear.json\n'}
[1.255394] (px4_msgs) StdoutLine: {'line': b'-- Up-to-date: /home/mcfb/ros2_ws/install/px4_msgs/share/px4_msgs/msg/LandingGearWheel.json\n'}
[1.255454] (px4_msgs) StdoutLine: {'line': b'-- Up-to-date: /home/mcfb/ros2_ws/install/px4_msgs/share/px4_msgs/msg/LandingTargetInnovations.json\n'}
[1.255496] (px4_msgs) StdoutLine: {'line': b'-- Up-to-date: /home/mcfb/ros2_ws/install/px4_msgs/share/px4_msgs/msg/LandingTargetPose.json\n'}
[1.255535] (px4_msgs) StdoutLine: {'line': b'-- Up-to-date: /home/mcfb/ros2_ws/install/px4_msgs/share/px4_msgs/msg/LateralControlConfiguration.json\n'}
[1.255575] (px4_msgs) StdoutLine: {'line': b'-- Up-to-date: /home/mcfb/ros2_ws/install/px4_msgs/share/px4_msgs/msg/LaunchDetectionStatus.json\n'}
[1.255615] (px4_msgs) StdoutLine: {'line': b'-- Up-to-date: /home/mcfb/ros2_ws/install/px4_msgs/share/px4_msgs/msg/LedControl.json\n'}
[1.255658] (px4_msgs) StdoutLine: {'line': b'-- Up-to-date: /home/mcfb/ros2_ws/install/px4_msgs/share/px4_msgs/msg/LogMessage.json\n'}
[1.255699] (px4_msgs) StdoutLine: {'line': b'-- Up-to-date: /home/mcfb/ros2_ws/install/px4_msgs/share/px4_msgs/msg/LoggerStatus.json\n'}
[1.255741] (px4_msgs) StdoutLine: {'line': b'-- Up-to-date: /home/mcfb/ros2_ws/install/px4_msgs/share/px4_msgs/msg/LongitudinalControlConfiguration.json\n'}
[1.255782] (px4_msgs) StdoutLine: {'line': b'-- Up-to-date: /home/mcfb/ros2_ws/install/px4_msgs/share/px4_msgs/msg/MagWorkerData.json\n'}
[1.255822] (px4_msgs) StdoutLine: {'line': b'-- Up-to-date: /home/mcfb/ros2_ws/install/px4_msgs/share/px4_msgs/msg/MagnetometerBiasEstimate.json\n'}
[1.255867] (px4_msgs) StdoutLine: {'line': b'-- Up-to-date: /home/mcfb/ros2_ws/install/px4_msgs/share/px4_msgs/msg/ManualControlSetpoint.json\n'}
[1.255905] (px4_msgs) StdoutLine: {'line': b'-- Up-to-date: /home/mcfb/ros2_ws/install/px4_msgs/share/px4_msgs/msg/ManualControlSwitches.json\n'}
[1.255943] (px4_msgs) StdoutLine: {'line': b'-- Up-to-date: /home/mcfb/ros2_ws/install/px4_msgs/share/px4_msgs/msg/MavlinkLog.json\n'}
[1.255983] (px4_msgs) StdoutLine: {'line': b'-- Up-to-date: /home/mcfb/ros2_ws/install/px4_msgs/share/px4_msgs/msg/MavlinkTunnel.json\n'}
[1.256076] (px4_msgs) StdoutLine: {'line': b'-- Up-to-date: /home/mcfb/ros2_ws/install/px4_msgs/share/px4_msgs/msg/MessageFormatRequest.json\n'}
[1.256119] (px4_msgs) StdoutLine: {'line': b'-- Up-to-date: /home/mcfb/ros2_ws/install/px4_msgs/share/px4_msgs/msg/MessageFormatResponse.json\n'}
[1.256160] (px4_msgs) StdoutLine: {'line': b'-- Up-to-date: /home/mcfb/ros2_ws/install/px4_msgs/share/px4_msgs/msg/Mission.json\n'}
[1.256200] (px4_msgs) StdoutLine: {'line': b'-- Up-to-date: /home/mcfb/ros2_ws/install/px4_msgs/share/px4_msgs/msg/MissionResult.json\n'}
[1.256237] (px4_msgs) StdoutLine: {'line': b'-- Up-to-date: /home/mcfb/ros2_ws/install/px4_msgs/share/px4_msgs/msg/ModeCompleted.json\n'}
[1.256278] (px4_msgs) StdoutLine: {'line': b'-- Up-to-date: /home/mcfb/ros2_ws/install/px4_msgs/share/px4_msgs/msg/MountOrientation.json\n'}
[1.256316] (px4_msgs) StdoutLine: {'line': b'-- Up-to-date: /home/mcfb/ros2_ws/install/px4_msgs/share/px4_msgs/msg/NavigatorMissionItem.json\n'}
[1.256355] (px4_msgs) StdoutLine: {'line': b'-- Up-to-date: /home/mcfb/ros2_ws/install/px4_msgs/share/px4_msgs/msg/NavigatorStatus.json\n'}
[1.256488] (px4_msgs) StdoutLine: {'line': b'-- Up-to-date: /home/mcfb/ros2_ws/install/px4_msgs/share/px4_msgs/msg/NeuralControl.json\n'}
[1.256529] (px4_msgs) StdoutLine: {'line': b'-- Up-to-date: /home/mcfb/ros2_ws/install/px4_msgs/share/px4_msgs/msg/NormalizedUnsignedSetpoint.json\n'}
[1.256567] (px4_msgs) StdoutLine: {'line': b'-- Up-to-date: /home/mcfb/ros2_ws/install/px4_msgs/share/px4_msgs/msg/ObstacleDistance.json\n'}
[1.256624] (px4_msgs) StdoutLine: {'line': b'-- Up-to-date: /home/mcfb/ros2_ws/install/px4_msgs/share/px4_msgs/msg/OffboardControlMode.json\n'}
[1.256665] (px4_msgs) StdoutLine: {'line': b'-- Up-to-date: /home/mcfb/ros2_ws/install/px4_msgs/share/px4_msgs/msg/OnboardComputerStatus.json\n'}
[1.256705] (px4_msgs) StdoutLine: {'line': b'-- Up-to-date: /home/mcfb/ros2_ws/install/px4_msgs/share/px4_msgs/msg/OpenDroneIdArmStatus.json\n'}
[1.256743] (px4_msgs) StdoutLine: {'line': b'-- Up-to-date: /home/mcfb/ros2_ws/install/px4_msgs/share/px4_msgs/msg/OpenDroneIdOperatorId.json\n'}
[1.256780] (px4_msgs) StdoutLine: {'line': b'-- Up-to-date: /home/mcfb/ros2_ws/install/px4_msgs/share/px4_msgs/msg/OpenDroneIdSelfId.json\n'}
[1.256819] (px4_msgs) StdoutLine: {'line': b'-- Up-to-date: /home/mcfb/ros2_ws/install/px4_msgs/share/px4_msgs/msg/OpenDroneIdSystem.json\n'}
[1.256863] (px4_msgs) StdoutLine: {'line': b'-- Up-to-date: /home/mcfb/ros2_ws/install/px4_msgs/share/px4_msgs/msg/OrbTest.json\n'}
[1.256902] (px4_msgs) StdoutLine: {'line': b'-- Up-to-date: /home/mcfb/ros2_ws/install/px4_msgs/share/px4_msgs/msg/OrbTestLarge.json\n'}
[1.256941] (px4_msgs) StdoutLine: {'line': b'-- Up-to-date: /home/mcfb/ros2_ws/install/px4_msgs/share/px4_msgs/msg/OrbTestMedium.json\n'}
[1.256979] (px4_msgs) StdoutLine: {'line': b'-- Up-to-date: /home/mcfb/ros2_ws/install/px4_msgs/share/px4_msgs/msg/OrbitStatus.json\n'}
[1.257019] (px4_msgs) StdoutLine: {'line': b'-- Up-to-date: /home/mcfb/ros2_ws/install/px4_msgs/share/px4_msgs/msg/ParameterResetRequest.json\n'}
[1.257057] (px4_msgs) StdoutLine: {'line': b'-- Up-to-date: /home/mcfb/ros2_ws/install/px4_msgs/share/px4_msgs/msg/ParameterSetUsedRequest.json\n'}
[1.257098] (px4_msgs) StdoutLine: {'line': b'-- Up-to-date: /home/mcfb/ros2_ws/install/px4_msgs/share/px4_msgs/msg/ParameterSetValueRequest.json\n'}
[1.257141] (px4_msgs) StdoutLine: {'line': b'-- Up-to-date: /home/mcfb/ros2_ws/install/px4_msgs/share/px4_msgs/msg/ParameterSetValueResponse.json\n'}
[1.257180] (px4_msgs) StdoutLine: {'line': b'-- Up-to-date: /home/mcfb/ros2_ws/install/px4_msgs/share/px4_msgs/msg/ParameterUpdate.json\n'}
[1.257244] (px4_msgs) StdoutLine: {'line': b'-- Up-to-date: /home/mcfb/ros2_ws/install/px4_msgs/share/px4_msgs/msg/Ping.json\n'}
[1.257289] (px4_msgs) StdoutLine: {'line': b'-- Up-to-date: /home/mcfb/ros2_ws/install/px4_msgs/share/px4_msgs/msg/PositionControllerLandingStatus.json\n'}
[1.257332] (px4_msgs) StdoutLine: {'line': b'-- Up-to-date: /home/mcfb/ros2_ws/install/px4_msgs/share/px4_msgs/msg/PositionControllerStatus.json\n'}
[1.257498] (px4_msgs) StdoutLine: {'line': b'-- Up-to-date: /home/mcfb/ros2_ws/install/px4_msgs/share/px4_msgs/msg/PositionSetpoint.json\n'}
[1.257542] (px4_msgs) StdoutLine: {'line': b'-- Up-to-date: /home/mcfb/ros2_ws/install/px4_msgs/share/px4_msgs/msg/PositionSetpointTriplet.json\n'}
[1.257582] (px4_msgs) StdoutLine: {'line': b'-- Up-to-date: /home/mcfb/ros2_ws/install/px4_msgs/share/px4_msgs/msg/PowerButtonState.json\n'}
[1.257625] (px4_msgs) StdoutLine: {'line': b'-- Up-to-date: /home/mcfb/ros2_ws/install/px4_msgs/share/px4_msgs/msg/PowerMonitor.json\n'}
[1.257669] (px4_msgs) StdoutLine: {'line': b'-- Up-to-date: /home/mcfb/ros2_ws/install/px4_msgs/share/px4_msgs/msg/PpsCapture.json\n'}
[1.257713] (px4_msgs) StdoutLine: {'line': b'-- Up-to-date: /home/mcfb/ros2_ws/install/px4_msgs/share/px4_msgs/msg/PurePursuitStatus.json\n'}
[1.257758] (px4_msgs) StdoutLine: {'line': b'-- Up-to-date: /home/mcfb/ros2_ws/install/px4_msgs/share/px4_msgs/msg/PwmInput.json\n'}
[1.257804] (px4_msgs) StdoutLine: {'line': b'-- Up-to-date: /home/mcfb/ros2_ws/install/px4_msgs/share/px4_msgs/msg/Px4ioStatus.json\n'}
[1.257859] (px4_msgs) StdoutLine: {'line': b'-- Up-to-date: /home/mcfb/ros2_ws/install/px4_msgs/share/px4_msgs/msg/QshellReq.json\n'}
[1.257902] (px4_msgs) StdoutLine: {'line': b'-- Up-to-date: /home/mcfb/ros2_ws/install/px4_msgs/share/px4_msgs/msg/QshellRetval.json\n'}
[1.257949] (px4_msgs) StdoutLine: {'line': b'-- Up-to-date: /home/mcfb/ros2_ws/install/px4_msgs/share/px4_msgs/msg/RadioStatus.json\n'}
[1.257998] (px4_msgs) StdoutLine: {'line': b'-- Up-to-date: /home/mcfb/ros2_ws/install/px4_msgs/share/px4_msgs/msg/RateCtrlStatus.json\n'}
[1.258046] (px4_msgs) StdoutLine: {'line': b'-- Up-to-date: /home/mcfb/ros2_ws/install/px4_msgs/share/px4_msgs/msg/RcChannels.json\n'}
[1.258095] (px4_msgs) StdoutLine: {'line': b'-- Up-to-date: /home/mcfb/ros2_ws/install/px4_msgs/share/px4_msgs/msg/RcParameterMap.json\n'}
[1.258145] (px4_msgs) StdoutLine: {'line': b'-- Up-to-date: /home/mcfb/ros2_ws/install/px4_msgs/share/px4_msgs/msg/RegisterExtComponentReply.json\n'}
[1.258193] (px4_msgs) StdoutLine: {'line': b'-- Up-to-date: /home/mcfb/ros2_ws/install/px4_msgs/share/px4_msgs/msg/RegisterExtComponentRequest.json\n'}
[1.258272] (px4_msgs) StdoutLine: {'line': b'-- Up-to-date: /home/mcfb/ros2_ws/install/px4_msgs/share/px4_msgs/msg/RoverAttitudeSetpoint.json\n'}
[1.258328] (px4_msgs) StdoutLine: {'line': b'-- Up-to-date: /home/mcfb/ros2_ws/install/px4_msgs/share/px4_msgs/msg/RoverAttitudeStatus.json\n'}
[1.258376] (px4_msgs) StdoutLine: {'line': b'-- Up-to-date: /home/mcfb/ros2_ws/install/px4_msgs/share/px4_msgs/msg/RoverPositionSetpoint.json\n'}
[1.258422] (px4_msgs) StdoutLine: {'line': b'-- Up-to-date: /home/mcfb/ros2_ws/install/px4_msgs/share/px4_msgs/msg/RoverRateSetpoint.json\n'}
[1.258469] (px4_msgs) StdoutLine: {'line': b'-- Up-to-date: /home/mcfb/ros2_ws/install/px4_msgs/share/px4_msgs/msg/RoverRateStatus.json\n'}
[1.258521] (px4_msgs) StdoutLine: {'line': b'-- Up-to-date: /home/mcfb/ros2_ws/install/px4_msgs/share/px4_msgs/msg/RoverSpeedSetpoint.json\n'}
[1.258567] (px4_msgs) StdoutLine: {'line': b'-- Up-to-date: /home/mcfb/ros2_ws/install/px4_msgs/share/px4_msgs/msg/RoverSpeedStatus.json\n'}
[1.258762] (px4_msgs) StdoutLine: {'line': b'-- Up-to-date: /home/mcfb/ros2_ws/install/px4_msgs/share/px4_msgs/msg/RoverSteeringSetpoint.json\n'}
[1.258833] (px4_msgs) StdoutLine: {'line': b'-- Up-to-date: /home/mcfb/ros2_ws/install/px4_msgs/share/px4_msgs/msg/RoverThrottleSetpoint.json\n'}
[1.258884] (px4_msgs) StdoutLine: {'line': b'-- Up-to-date: /home/mcfb/ros2_ws/install/px4_msgs/share/px4_msgs/msg/Rpm.json\n'}
[1.258928] (px4_msgs) StdoutLine: {'line': b'-- Up-to-date: /home/mcfb/ros2_ws/install/px4_msgs/share/px4_msgs/msg/RtlStatus.json\n'}
[1.258975] (px4_msgs) StdoutLine: {'line': b'-- Up-to-date: /home/mcfb/ros2_ws/install/px4_msgs/share/px4_msgs/msg/RtlTimeEstimate.json\n'}
[1.259037] (px4_msgs) StdoutLine: {'line': b'-- Up-to-date: /home/mcfb/ros2_ws/install/px4_msgs/share/px4_msgs/msg/SatelliteInfo.json\n'}
[1.259109] (px4_msgs) StdoutLine: {'line': b'-- Up-to-date: /home/mcfb/ros2_ws/install/px4_msgs/share/px4_msgs/msg/SensorAccel.json\n'}
[1.259173] (px4_msgs) StdoutLine: {'line': b'-- Up-to-date: /home/mcfb/ros2_ws/install/px4_msgs/share/px4_msgs/msg/SensorAccelFifo.json\n'}
[1.259233] (px4_msgs) StdoutLine: {'line': b'-- Up-to-date: /home/mcfb/ros2_ws/install/px4_msgs/share/px4_msgs/msg/SensorAirflow.json\n'}
[1.259287] (px4_msgs) StdoutLine: {'line': b'-- Up-to-date: /home/mcfb/ros2_ws/install/px4_msgs/share/px4_msgs/msg/SensorBaro.json\n'}
[1.259382] (px4_msgs) StdoutLine: {'line': b'-- Up-to-date: /home/mcfb/ros2_ws/install/px4_msgs/share/px4_msgs/msg/SensorCombined.json\n'}
[1.259509] (px4_msgs) StdoutLine: {'line': b'-- Up-to-date: /home/mcfb/ros2_ws/install/px4_msgs/share/px4_msgs/msg/SensorCorrection.json\n'}
[1.259579] (px4_msgs) StdoutLine: {'line': b'-- Up-to-date: /home/mcfb/ros2_ws/install/px4_msgs/share/px4_msgs/msg/SensorGnssRelative.json\n'}
[1.259680] (px4_msgs) StdoutLine: {'line': b'-- Up-to-date: /home/mcfb/ros2_ws/install/px4_msgs/share/px4_msgs/msg/SensorGnssStatus.json\n'}
[1.259756] (px4_msgs) StdoutLine: {'line': b'-- Up-to-date: /home/mcfb/ros2_ws/install/px4_msgs/share/px4_msgs/msg/SensorGps.json\n'}
[1.259819] (px4_msgs) StdoutLine: {'line': b'-- Up-to-date: /home/mcfb/ros2_ws/install/px4_msgs/share/px4_msgs/msg/SensorGyro.json\n'}
[1.259916] (px4_msgs) StdoutLine: {'line': b'-- Up-to-date: /home/mcfb/ros2_ws/install/px4_msgs/share/px4_msgs/msg/SensorGyroFft.json\n'}
[1.260011] (px4_msgs) StdoutLine: {'line': b'-- Up-to-date: /home/mcfb/ros2_ws/install/px4_msgs/share/px4_msgs/msg/SensorGyroFifo.json\n'}
[1.260076] (px4_msgs) StdoutLine: {'line': b'-- Up-to-date: /home/mcfb/ros2_ws/install/px4_msgs/share/px4_msgs/msg/SensorHygrometer.json\n'}
[1.260133] (px4_msgs) StdoutLine: {'line': b'-- Up-to-date: /home/mcfb/ros2_ws/install/px4_msgs/share/px4_msgs/msg/SensorMag.json\n'}
[1.260187] (px4_msgs) StdoutLine: {'line': b'-- Up-to-date: /home/mcfb/ros2_ws/install/px4_msgs/share/px4_msgs/msg/SensorOpticalFlow.json\n'}
[1.260272] (px4_msgs) StdoutLine: {'line': b'-- Up-to-date: /home/mcfb/ros2_ws/install/px4_msgs/share/px4_msgs/msg/SensorPreflightMag.json\n'}
[1.260334] (px4_msgs) StdoutLine: {'line': b'-- Up-to-date: /home/mcfb/ros2_ws/install/px4_msgs/share/px4_msgs/msg/SensorSelection.json\n'}
[1.260406] (px4_msgs) StdoutLine: {'line': b'-- Up-to-date: /home/mcfb/ros2_ws/install/px4_msgs/share/px4_msgs/msg/SensorUwb.json\n'}
[1.260459] (px4_msgs) StdoutLine: {'line': b'-- Up-to-date: /home/mcfb/ros2_ws/install/px4_msgs/share/px4_msgs/msg/SensorsStatus.json\n'}
[1.260521] (px4_msgs) StdoutLine: {'line': b'-- Up-to-date: /home/mcfb/ros2_ws/install/px4_msgs/share/px4_msgs/msg/SensorsStatusImu.json\n'}
[1.260713] (px4_msgs) StdoutLine: {'line': b'-- Up-to-date: /home/mcfb/ros2_ws/install/px4_msgs/share/px4_msgs/msg/SystemPower.json\n'}
[1.260796] (px4_msgs) StdoutLine: {'line': b'-- Up-to-date: /home/mcfb/ros2_ws/install/px4_msgs/share/px4_msgs/msg/TakeoffStatus.json\n'}
[1.260861] (px4_msgs) StdoutLine: {'line': b'-- Up-to-date: /home/mcfb/ros2_ws/install/px4_msgs/share/px4_msgs/msg/TaskStackInfo.json\n'}
[1.260939] (px4_msgs) StdoutLine: {'line': b'-- Up-to-date: /home/mcfb/ros2_ws/install/px4_msgs/share/px4_msgs/msg/TecsStatus.json\n'}
[1.261009] (px4_msgs) StdoutLine: {'line': b'-- Up-to-date: /home/mcfb/ros2_ws/install/px4_msgs/share/px4_msgs/msg/TelemetryStatus.json\n'}
[1.261061] (px4_msgs) StdoutLine: {'line': b'-- Up-to-date: /home/mcfb/ros2_ws/install/px4_msgs/share/px4_msgs/msg/TiltrotorExtraControls.json\n'}
[1.261174] (px4_msgs) StdoutLine: {'line': b'-- Up-to-date: /home/mcfb/ros2_ws/install/px4_msgs/share/px4_msgs/msg/TimesyncStatus.json\n'}
[1.261229] (px4_msgs) StdoutLine: {'line': b'-- Up-to-date: /home/mcfb/ros2_ws/install/px4_msgs/share/px4_msgs/msg/TrajectorySetpoint.json\n'}
[1.261284] (px4_msgs) StdoutLine: {'line': b'-- Up-to-date: /home/mcfb/ros2_ws/install/px4_msgs/share/px4_msgs/msg/TrajectorySetpoint6dof.json\n'}
[1.261357] (px4_msgs) StdoutLine: {'line': b'-- Up-to-date: /home/mcfb/ros2_ws/install/px4_msgs/share/px4_msgs/msg/TransponderReport.json\n'}
[1.261435] (px4_msgs) StdoutLine: {'line': b'-- Up-to-date: /home/mcfb/ros2_ws/install/px4_msgs/share/px4_msgs/msg/TuneControl.json\n'}
[1.261487] (px4_msgs) StdoutLine: {'line': b'-- Up-to-date: /home/mcfb/ros2_ws/install/px4_msgs/share/px4_msgs/msg/UavcanParameterRequest.json\n'}
[1.261538] (px4_msgs) StdoutLine: {'line': b'-- Up-to-date: /home/mcfb/ros2_ws/install/px4_msgs/share/px4_msgs/msg/UavcanParameterValue.json\n'}
[1.261590] (px4_msgs) StdoutLine: {'line': b'-- Up-to-date: /home/mcfb/ros2_ws/install/px4_msgs/share/px4_msgs/msg/UlogStream.json\n'}
[1.261695] (px4_msgs) StdoutLine: {'line': b'-- Up-to-date: /home/mcfb/ros2_ws/install/px4_msgs/share/px4_msgs/msg/UlogStreamAck.json\n'}
[1.261754] (px4_msgs) StdoutLine: {'line': b'-- Up-to-date: /home/mcfb/ros2_ws/install/px4_msgs/share/px4_msgs/msg/UnregisterExtComponent.json\n'}
[1.261799] (px4_msgs) StdoutLine: {'line': b'-- Up-to-date: /home/mcfb/ros2_ws/install/px4_msgs/share/px4_msgs/msg/VehicleAcceleration.json\n'}
[1.261870] (px4_msgs) StdoutLine: {'line': b'-- Up-to-date: /home/mcfb/ros2_ws/install/px4_msgs/share/px4_msgs/msg/VehicleAirData.json\n'}
[1.261964] (px4_msgs) StdoutLine: {'line': b'-- Up-to-date: /home/mcfb/ros2_ws/install/px4_msgs/share/px4_msgs/msg/VehicleAngularAccelerationSetpoint.json\n'}
[1.262028] (px4_msgs) StdoutLine: {'line': b'-- Up-to-date: /home/mcfb/ros2_ws/install/px4_msgs/share/px4_msgs/msg/VehicleAngularVelocity.json\n'}
[1.262069] (px4_msgs) StdoutLine: {'line': b'-- Up-to-date: /home/mcfb/ros2_ws/install/px4_msgs/share/px4_msgs/msg/VehicleAttitude.json\n'}
[1.262154] (px4_msgs) StdoutLine: {'line': b'-- Up-to-date: /home/mcfb/ros2_ws/install/px4_msgs/share/px4_msgs/msg/VehicleAttitudeSetpoint.json\n'}
[1.262197] (px4_msgs) StdoutLine: {'line': b'-- Up-to-date: /home/mcfb/ros2_ws/install/px4_msgs/share/px4_msgs/msg/VehicleCommand.json\n'}
[1.262322] (px4_msgs) StdoutLine: {'line': b'-- Up-to-date: /home/mcfb/ros2_ws/install/px4_msgs/share/px4_msgs/msg/VehicleCommandAck.json\n'}
[1.262371] (px4_msgs) StdoutLine: {'line': b'-- Up-to-date: /home/mcfb/ros2_ws/install/px4_msgs/share/px4_msgs/msg/VehicleConstraints.json\n'}
[1.262413] (px4_msgs) StdoutLine: {'line': b'-- Up-to-date: /home/mcfb/ros2_ws/install/px4_msgs/share/px4_msgs/msg/VehicleControlMode.json\n'}
[1.262457] (px4_msgs) StdoutLine: {'line': b'-- Up-to-date: /home/mcfb/ros2_ws/install/px4_msgs/share/px4_msgs/msg/VehicleGlobalPosition.json\n'}
[1.262499] (px4_msgs) StdoutLine: {'line': b'-- Up-to-date: /home/mcfb/ros2_ws/install/px4_msgs/share/px4_msgs/msg/VehicleImu.json\n'}
[1.262541] (px4_msgs) StdoutLine: {'line': b'-- Up-to-date: /home/mcfb/ros2_ws/install/px4_msgs/share/px4_msgs/msg/VehicleImuStatus.json\n'}
[1.262709] (px4_msgs) StdoutLine: {'line': b'-- Up-to-date: /home/mcfb/ros2_ws/install/px4_msgs/share/px4_msgs/msg/VehicleLandDetected.json\n'}
[1.262769] (px4_msgs) StdoutLine: {'line': b'-- Up-to-date: /home/mcfb/ros2_ws/install/px4_msgs/share/px4_msgs/msg/VehicleLocalPosition.json\n'}
[1.262820] (px4_msgs) StdoutLine: {'line': b'-- Up-to-date: /home/mcfb/ros2_ws/install/px4_msgs/share/px4_msgs/msg/VehicleLocalPositionSetpoint.json\n'}
[1.262879] (px4_msgs) StdoutLine: {'line': b'-- Up-to-date: /home/mcfb/ros2_ws/install/px4_msgs/share/px4_msgs/msg/VehicleMagnetometer.json\n'}
[1.262937] (px4_msgs) StdoutLine: {'line': b'-- Up-to-date: /home/mcfb/ros2_ws/install/px4_msgs/share/px4_msgs/msg/VehicleOdometry.json\n'}
[1.262981] (px4_msgs) StdoutLine: {'line': b'-- Up-to-date: /home/mcfb/ros2_ws/install/px4_msgs/share/px4_msgs/msg/VehicleOpticalFlow.json\n'}
[1.263021] (px4_msgs) StdoutLine: {'line': b'-- Up-to-date: /home/mcfb/ros2_ws/install/px4_msgs/share/px4_msgs/msg/VehicleOpticalFlowVel.json\n'}
[1.263060] (px4_msgs) StdoutLine: {'line': b'-- Up-to-date: /home/mcfb/ros2_ws/install/px4_msgs/share/px4_msgs/msg/VehicleRatesSetpoint.json\n'}
[1.263096] (px4_msgs) StdoutLine: {'line': b'-- Up-to-date: /home/mcfb/ros2_ws/install/px4_msgs/share/px4_msgs/msg/VehicleRoi.json\n'}
[1.263213] (px4_msgs) StdoutLine: {'line': b'-- Up-to-date: /home/mcfb/ros2_ws/install/px4_msgs/share/px4_msgs/msg/VehicleStatus.json\n'}
[1.263254] (px4_msgs) StdoutLine: {'line': b'-- Up-to-date: /home/mcfb/ros2_ws/install/px4_msgs/share/px4_msgs/msg/VehicleThrustSetpoint.json\n'}
[1.263294] (px4_msgs) StdoutLine: {'line': b'-- Up-to-date: /home/mcfb/ros2_ws/install/px4_msgs/share/px4_msgs/msg/VehicleTorqueSetpoint.json\n'}
[1.263335] (px4_msgs) StdoutLine: {'line': b'-- Up-to-date: /home/mcfb/ros2_ws/install/px4_msgs/share/px4_msgs/msg/VelocityLimits.json\n'}
[1.263377] (px4_msgs) StdoutLine: {'line': b'-- Up-to-date: /home/mcfb/ros2_ws/install/px4_msgs/share/px4_msgs/msg/VtolVehicleStatus.json\n'}
[1.263418] (px4_msgs) StdoutLine: {'line': b'-- Up-to-date: /home/mcfb/ros2_ws/install/px4_msgs/share/px4_msgs/msg/WheelEncoders.json\n'}
[1.263458] (px4_msgs) StdoutLine: {'line': b'-- Up-to-date: /home/mcfb/ros2_ws/install/px4_msgs/share/px4_msgs/msg/Wind.json\n'}
[1.263497] (px4_msgs) StdoutLine: {'line': b'-- Up-to-date: /home/mcfb/ros2_ws/install/px4_msgs/share/px4_msgs/msg/YawEstimatorStatus.json\n'}
[1.263538] (px4_msgs) StdoutLine: {'line': b'-- Up-to-date: /home/mcfb/ros2_ws/install/px4_msgs/share/px4_msgs/srv/VehicleCommand.json\n'}
[1.263579] (px4_msgs) StdoutLine: {'line': b'-- Up-to-date: /home/mcfb/ros2_ws/install/px4_msgs/include/px4_msgs/px4_msgs\n'}
[1.263620] (px4_msgs) StdoutLine: {'line': b'-- Up-to-date: /home/mcfb/ros2_ws/install/px4_msgs/include/px4_msgs/px4_msgs/srv\n'}
[1.263659] (px4_msgs) StdoutLine: {'line': b'-- Up-to-date: /home/mcfb/ros2_ws/install/px4_msgs/include/px4_msgs/px4_msgs/srv/detail\n'}
[1.263696] (px4_msgs) StdoutLine: {'line': b'-- Up-to-date: /home/mcfb/ros2_ws/install/px4_msgs/include/px4_msgs/px4_msgs/srv/detail/vehicle_command__struct.h\n'}
[1.263750] (px4_msgs) StdoutLine: {'line': b'-- Up-to-date: /home/mcfb/ros2_ws/install/px4_msgs/include/px4_msgs/px4_msgs/srv/detail/vehicle_command__type_support.h\n'}
[1.263794] (px4_msgs) StdoutLine: {'line': b'-- Up-to-date: /home/mcfb/ros2_ws/install/px4_msgs/include/px4_msgs/px4_msgs/srv/detail/vehicle_command__description.c\n'}
[1.263841] (px4_msgs) StdoutLine: {'line': b'-- Up-to-date: /home/mcfb/ros2_ws/install/px4_msgs/include/px4_msgs/px4_msgs/srv/detail/vehicle_command__functions.h\n'}
[1.263884] (px4_msgs) StdoutLine: {'line': b'-- Installing: /home/mcfb/ros2_ws/install/px4_msgs/include/px4_msgs/px4_msgs/srv/detail/vehicle_command__type_support.c\n'}
[1.263923] (px4_msgs) StdoutLine: {'line': b'-- Up-to-date: /home/mcfb/ros2_ws/install/px4_msgs/include/px4_msgs/px4_msgs/srv/detail/vehicle_command__functions.c\n'}
[1.263960] (px4_msgs) StdoutLine: {'line': b'-- Up-to-date: /home/mcfb/ros2_ws/install/px4_msgs/include/px4_msgs/px4_msgs/srv/vehicle_command.h\n'}
[1.264001] (px4_msgs) StdoutLine: {'line': b'-- Up-to-date: /home/mcfb/ros2_ws/install/px4_msgs/include/px4_msgs/px4_msgs/msg\n'}
[1.264044] (px4_msgs) StdoutLine: {'line': b'-- Up-to-date: /home/mcfb/ros2_ws/install/px4_msgs/include/px4_msgs/px4_msgs/msg/goto_setpoint.h\n'}
[1.264086] (px4_msgs) StdoutLine: {'line': b'-- Up-to-date: /home/mcfb/ros2_ws/install/px4_msgs/include/px4_msgs/px4_msgs/msg/offboard_control_mode.h\n'}
[1.264128] (px4_msgs) StdoutLine: {'line': b'-- Up-to-date: /home/mcfb/ros2_ws/install/px4_msgs/include/px4_msgs/px4_msgs/msg/log_message.h\n'}
[1.264172] (px4_msgs) StdoutLine: {'line': b'-- Up-to-date: /home/mcfb/ros2_ws/install/px4_msgs/include/px4_msgs/px4_msgs/msg/sensor_accel.h\n'}
[1.264217] (px4_msgs) StdoutLine: {'line': b'-- Up-to-date: /home/mcfb/ros2_ws/install/px4_msgs/include/px4_msgs/px4_msgs/msg/open_drone_id_self_id.h\n'}
[1.264257] (px4_msgs) StdoutLine: {'line': b'-- Up-to-date: /home/mcfb/ros2_ws/install/px4_msgs/include/px4_msgs/px4_msgs/msg/action_request.h\n'}
[1.264296] (px4_msgs) StdoutLine: {'line': b'-- Up-to-date: /home/mcfb/ros2_ws/install/px4_msgs/include/px4_msgs/px4_msgs/msg/battery_status.h\n'}
[1.264334] (px4_msgs) StdoutLine: {'line': b'-- Up-to-date: /home/mcfb/ros2_ws/install/px4_msgs/include/px4_msgs/px4_msgs/msg/rover_speed_status.h\n'}
[1.264472] (px4_msgs) StdoutLine: {'line': b'-- Up-to-date: /home/mcfb/ros2_ws/install/px4_msgs/include/px4_msgs/px4_msgs/msg/distance_sensor.h\n'}
[1.264511] (px4_msgs) StdoutLine: {'line': b'-- Up-to-date: /home/mcfb/ros2_ws/install/px4_msgs/include/px4_msgs/px4_msgs/msg/debug_array.h\n'}
[1.264636] (px4_msgs) StdoutLine: {'line': b'-- Up-to-date: /home/mcfb/ros2_ws/install/px4_msgs/include/px4_msgs/px4_msgs/msg/vehicle_air_data.h\n'}
[1.264678] (px4_msgs) StdoutLine: {'line': b'-- Up-to-date: /home/mcfb/ros2_ws/install/px4_msgs/include/px4_msgs/px4_msgs/msg/gimbal_manager_information.h\n'}
[1.264717] (px4_msgs) StdoutLine: {'line': b'-- Up-to-date: /home/mcfb/ros2_ws/install/px4_msgs/include/px4_msgs/px4_msgs/msg/estimator_status.h\n'}
[1.264756] (px4_msgs) StdoutLine: {'line': b'-- Up-to-date: /home/mcfb/ros2_ws/install/px4_msgs/include/px4_msgs/px4_msgs/msg/vehicle_command_ack.h\n'}
[1.264795] (px4_msgs) StdoutLine: {'line': b'-- Up-to-date: /home/mcfb/ros2_ws/install/px4_msgs/include/px4_msgs/px4_msgs/msg/sensor_uwb.h\n'}
[1.264841] (px4_msgs) StdoutLine: {'line': b'-- Up-to-date: /home/mcfb/ros2_ws/install/px4_msgs/include/px4_msgs/px4_msgs/msg/follow_target_estimator.h\n'}
[1.264883] (px4_msgs) StdoutLine: {'line': b'-- Up-to-date: /home/mcfb/ros2_ws/install/px4_msgs/include/px4_msgs/px4_msgs/msg/follow_target_status.h\n'}
[1.264924] (px4_msgs) StdoutLine: {'line': b'-- Up-to-date: /home/mcfb/ros2_ws/install/px4_msgs/include/px4_msgs/px4_msgs/msg/tune_control.h\n'}
[1.264965] (px4_msgs) StdoutLine: {'line': b'-- Up-to-date: /home/mcfb/ros2_ws/install/px4_msgs/include/px4_msgs/px4_msgs/msg/trajectory_setpoint.h\n'}
[1.265059] (px4_msgs) StdoutLine: {'line': b'-- Up-to-date: /home/mcfb/ros2_ws/install/px4_msgs/include/px4_msgs/px4_msgs/msg/gripper.h\n'}
[1.265117] (px4_msgs) StdoutLine: {'line': b'-- Up-to-date: /home/mcfb/ros2_ws/install/px4_msgs/include/px4_msgs/px4_msgs/msg/dataman_response.h\n'}
[1.265158] (px4_msgs) StdoutLine: {'line': b'-- Up-to-date: /home/mcfb/ros2_ws/install/px4_msgs/include/px4_msgs/px4_msgs/msg/dataman_request.h\n'}
[1.265195] (px4_msgs) StdoutLine: {'line': b'-- Up-to-date: /home/mcfb/ros2_ws/install/px4_msgs/include/px4_msgs/px4_msgs/msg/lateral_control_configuration.h\n'}
[1.265260] (px4_msgs) StdoutLine: {'line': b'-- Up-to-date: /home/mcfb/ros2_ws/install/px4_msgs/include/px4_msgs/px4_msgs/msg/rosidl_generator_c__visibility_control.h\n'}
[1.265317] (px4_msgs) StdoutLine: {'line': b'-- Up-to-date: /home/mcfb/ros2_ws/install/px4_msgs/include/px4_msgs/px4_msgs/msg/orbit_status.h\n'}
[1.265374] (px4_msgs) StdoutLine: {'line': b'-- Up-to-date: /home/mcfb/ros2_ws/install/px4_msgs/include/px4_msgs/px4_msgs/msg/launch_detection_status.h\n'}
[1.265422] (px4_msgs) StdoutLine: {'line': b'-- Up-to-date: /home/mcfb/ros2_ws/install/px4_msgs/include/px4_msgs/px4_msgs/msg/arming_check_request.h\n'}
[1.265460] (px4_msgs) StdoutLine: {'line': b'-- Up-to-date: /home/mcfb/ros2_ws/install/px4_msgs/include/px4_msgs/px4_msgs/msg/manual_control_switches.h\n'}
[1.265501] (px4_msgs) StdoutLine: {'line': b'-- Up-to-date: /home/mcfb/ros2_ws/install/px4_msgs/include/px4_msgs/px4_msgs/msg/debug_value.h\n'}
[1.265543] (px4_msgs) StdoutLine: {'line': b'-- Up-to-date: /home/mcfb/ros2_ws/install/px4_msgs/include/px4_msgs/px4_msgs/msg/register_ext_component_reply.h\n'}
[1.265586] (px4_msgs) StdoutLine: {'line': b'-- Up-to-date: /home/mcfb/ros2_ws/install/px4_msgs/include/px4_msgs/px4_msgs/msg/satellite_info.h\n'}
[1.265630] (px4_msgs) StdoutLine: {'line': b'-- Up-to-date: /home/mcfb/ros2_ws/install/px4_msgs/include/px4_msgs/px4_msgs/msg/follow_target.h\n'}
[1.265672] (px4_msgs) StdoutLine: {'line': b'-- Up-to-date: /home/mcfb/ros2_ws/install/px4_msgs/include/px4_msgs/px4_msgs/msg/mavlink_tunnel.h\n'}
[1.265720] (px4_msgs) StdoutLine: {'line': b'-- Up-to-date: /home/mcfb/ros2_ws/install/px4_msgs/include/px4_msgs/px4_msgs/msg/gimbal_device_set_attitude.h\n'}
[1.265766] (px4_msgs) StdoutLine: {'line': b'-- Up-to-date: /home/mcfb/ros2_ws/install/px4_msgs/include/px4_msgs/px4_msgs/msg/rover_attitude_status.h\n'}
[1.265981] (px4_msgs) StdoutLine: {'line': b'-- Up-to-date: /home/mcfb/ros2_ws/install/px4_msgs/include/px4_msgs/px4_msgs/msg/sensor_baro.h\n'}
[1.266042] (px4_msgs) StdoutLine: {'line': b'-- Up-to-date: /home/mcfb/ros2_ws/install/px4_msgs/include/px4_msgs/px4_msgs/msg/navigator_status.h\n'}
[1.266084] (px4_msgs) StdoutLine: {'line': b'-- Up-to-date: /home/mcfb/ros2_ws/install/px4_msgs/include/px4_msgs/px4_msgs/msg/actuator_servos_trim.h\n'}
[1.266125] (px4_msgs) StdoutLine: {'line': b'-- Up-to-date: /home/mcfb/ros2_ws/install/px4_msgs/include/px4_msgs/px4_msgs/msg/gps_inject_data.h\n'}
[1.266163] (px4_msgs) StdoutLine: {'line': b'-- Up-to-date: /home/mcfb/ros2_ws/install/px4_msgs/include/px4_msgs/px4_msgs/msg/estimator_status_flags.h\n'}
[1.266201] (px4_msgs) StdoutLine: {'line': b'-- Up-to-date: /home/mcfb/ros2_ws/install/px4_msgs/include/px4_msgs/px4_msgs/msg/landing_target_innovations.h\n'}
[1.266259] (px4_msgs) StdoutLine: {'line': b'-- Up-to-date: /home/mcfb/ros2_ws/install/px4_msgs/include/px4_msgs/px4_msgs/msg/estimator_aid_source3d.h\n'}
[1.266328] (px4_msgs) StdoutLine: {'line': b'-- Up-to-date: /home/mcfb/ros2_ws/install/px4_msgs/include/px4_msgs/px4_msgs/msg/sensor_selection.h\n'}
[1.266395] (px4_msgs) StdoutLine: {'line': b'-- Up-to-date: /home/mcfb/ros2_ws/install/px4_msgs/include/px4_msgs/px4_msgs/msg/rover_throttle_setpoint.h\n'}
[1.266531] (px4_msgs) StdoutLine: {'line': b'-- Up-to-date: /home/mcfb/ros2_ws/install/px4_msgs/include/px4_msgs/px4_msgs/msg/internal_combustion_engine_control.h\n'}
[1.266579] (px4_msgs) StdoutLine: {'line': b'-- Up-to-date: /home/mcfb/ros2_ws/install/px4_msgs/include/px4_msgs/px4_msgs/msg/power_button_state.h\n'}
[1.266638] (px4_msgs) StdoutLine: {'line': b'-- Up-to-date: /home/mcfb/ros2_ws/install/px4_msgs/include/px4_msgs/px4_msgs/msg/vehicle_optical_flow.h\n'}
[1.266736] (px4_msgs) StdoutLine: {'line': b'-- Up-to-date: /home/mcfb/ros2_ws/install/px4_msgs/include/px4_msgs/px4_msgs/msg/sensor_accel_fifo.h\n'}
[1.266792] (px4_msgs) StdoutLine: {'line': b'-- Up-to-date: /home/mcfb/ros2_ws/install/px4_msgs/include/px4_msgs/px4_msgs/msg/open_drone_id_system.h\n'}
[1.266853] (px4_msgs) StdoutLine: {'line': b'-- Up-to-date: /home/mcfb/ros2_ws/install/px4_msgs/include/px4_msgs/px4_msgs/msg/rtl_time_estimate.h\n'}
[1.266918] (px4_msgs) StdoutLine: {'line': b'-- Up-to-date: /home/mcfb/ros2_ws/install/px4_msgs/include/px4_msgs/px4_msgs/msg/collision_constraints.h\n'}
[1.266964] (px4_msgs) StdoutLine: {'line': b'-- Up-to-date: /home/mcfb/ros2_ws/install/px4_msgs/include/px4_msgs/px4_msgs/msg/sensors_status.h\n'}
[1.267018] (px4_msgs) StdoutLine: {'line': b'-- Up-to-date: /home/mcfb/ros2_ws/install/px4_msgs/include/px4_msgs/px4_msgs/msg/telemetry_status.h\n'}
[1.267060] (px4_msgs) StdoutLine: {'line': b'-- Up-to-date: /home/mcfb/ros2_ws/install/px4_msgs/include/px4_msgs/px4_msgs/msg/open_drone_id_arm_status.h\n'}
[1.267098] (px4_msgs) StdoutLine: {'line': b'-- Up-to-date: /home/mcfb/ros2_ws/install/px4_msgs/include/px4_msgs/px4_msgs/msg/parameter_set_value_response.h\n'}
[1.267136] (px4_msgs) StdoutLine: {'line': b'-- Up-to-date: /home/mcfb/ros2_ws/install/px4_msgs/include/px4_msgs/px4_msgs/msg/estimator_gps_status.h\n'}
[1.267176] (px4_msgs) StdoutLine: {'line': b'-- Up-to-date: /home/mcfb/ros2_ws/install/px4_msgs/include/px4_msgs/px4_msgs/msg/sensor_gnss_status.h\n'}
[1.267233] (px4_msgs) StdoutLine: {'line': b'-- Up-to-date: /home/mcfb/ros2_ws/install/px4_msgs/include/px4_msgs/px4_msgs/msg/vehicle_acceleration.h\n'}
[1.267311] (px4_msgs) StdoutLine: {'line': b'-- Up-to-date: /home/mcfb/ros2_ws/install/px4_msgs/include/px4_msgs/px4_msgs/msg/failsafe_flags.h\n'}
[1.267353] (px4_msgs) StdoutLine: {'line': b'-- Up-to-date: /home/mcfb/ros2_ws/install/px4_msgs/include/px4_msgs/px4_msgs/msg/position_controller_status.h\n'}
[1.267391] (px4_msgs) StdoutLine: {'line': b'-- Up-to-date: /home/mcfb/ros2_ws/install/px4_msgs/include/px4_msgs/px4_msgs/msg/actuator_test.h\n'}
[1.267440] (px4_msgs) StdoutLine: {'line': b'-- Up-to-date: /home/mcfb/ros2_ws/install/px4_msgs/include/px4_msgs/px4_msgs/msg/vehicle_land_detected.h\n'}
[1.267499] (px4_msgs) StdoutLine: {'line': b'-- Up-to-date: /home/mcfb/ros2_ws/install/px4_msgs/include/px4_msgs/px4_msgs/msg/vehicle_status.h\n'}
[1.267538] (px4_msgs) StdoutLine: {'line': b'-- Up-to-date: /home/mcfb/ros2_ws/install/px4_msgs/include/px4_msgs/px4_msgs/msg/pps_capture.h\n'}
[1.267578] (px4_msgs) StdoutLine: {'line': b'-- Up-to-date: /home/mcfb/ros2_ws/install/px4_msgs/include/px4_msgs/px4_msgs/msg/vehicle_attitude_setpoint.h\n'}
[1.267644] (px4_msgs) StdoutLine: {'line': b'-- Up-to-date: /home/mcfb/ros2_ws/install/px4_msgs/include/px4_msgs/px4_msgs/msg/mode_completed.h\n'}
[1.267694] (px4_msgs) StdoutLine: {'line': b'-- Up-to-date: /home/mcfb/ros2_ws/install/px4_msgs/include/px4_msgs/px4_msgs/msg/sensor_combined.h\n'}
[1.267746] (px4_msgs) StdoutLine: {'line': b'-- Up-to-date: /home/mcfb/ros2_ws/install/px4_msgs/include/px4_msgs/px4_msgs/msg/estimator_bias3d.h\n'}
[1.267797] (px4_msgs) StdoutLine: {'line': b'-- Up-to-date: /home/mcfb/ros2_ws/install/px4_msgs/include/px4_msgs/px4_msgs/msg/landing_gear_wheel.h\n'}
[1.267852] (px4_msgs) StdoutLine: {'line': b'-- Up-to-date: /home/mcfb/ros2_ws/install/px4_msgs/include/px4_msgs/px4_msgs/msg/gimbal_manager_status.h\n'}
[1.267904] (px4_msgs) StdoutLine: {'line': b'-- Up-to-date: /home/mcfb/ros2_ws/install/px4_msgs/include/px4_msgs/px4_msgs/msg/sensor_hygrometer.h\n'}
[1.267968] (px4_msgs) StdoutLine: {'line': b'-- Up-to-date: /home/mcfb/ros2_ws/install/px4_msgs/include/px4_msgs/px4_msgs/msg/estimator_states.h\n'}
[1.268014] (px4_msgs) StdoutLine: {'line': b'-- Up-to-date: /home/mcfb/ros2_ws/install/px4_msgs/include/px4_msgs/px4_msgs/msg/orb_test_medium.h\n'}
[1.268055] (px4_msgs) StdoutLine: {'line': b'-- Up-to-date: /home/mcfb/ros2_ws/install/px4_msgs/include/px4_msgs/px4_msgs/msg/estimator_innovations.h\n'}
[1.268106] (px4_msgs) StdoutLine: {'line': b'-- Up-to-date: /home/mcfb/ros2_ws/install/px4_msgs/include/px4_msgs/px4_msgs/msg/button_event.h\n'}
[1.268198] (px4_msgs) StdoutLine: {'line': b'-- Up-to-date: /home/mcfb/ros2_ws/install/px4_msgs/include/px4_msgs/px4_msgs/msg/tecs_status.h\n'}
[1.268255] (px4_msgs) StdoutLine: {'line': b'-- Up-to-date: /home/mcfb/ros2_ws/install/px4_msgs/include/px4_msgs/px4_msgs/msg/geofence_result.h\n'}
[1.268312] (px4_msgs) StdoutLine: {'line': b'-- Up-to-date: /home/mcfb/ros2_ws/install/px4_msgs/include/px4_msgs/px4_msgs/msg/vehicle_thrust_setpoint.h\n'}
[1.268360] (px4_msgs) StdoutLine: {'line': b'-- Up-to-date: /home/mcfb/ros2_ws/install/px4_msgs/include/px4_msgs/px4_msgs/msg/vehicle_local_position_setpoint.h\n'}
[1.268405] (px4_msgs) StdoutLine: {'line': b'-- Up-to-date: /home/mcfb/ros2_ws/install/px4_msgs/include/px4_msgs/px4_msgs/msg/estimator_aid_source1d.h\n'}
[1.268443] (px4_msgs) StdoutLine: {'line': b'-- Up-to-date: /home/mcfb/ros2_ws/install/px4_msgs/include/px4_msgs/px4_msgs/msg/sensor_gnss_relative.h\n'}
[1.268478] (px4_msgs) StdoutLine: {'line': b'-- Up-to-date: /home/mcfb/ros2_ws/install/px4_msgs/include/px4_msgs/px4_msgs/msg/sensors_status_imu.h\n'}
[1.268514] (px4_msgs) StdoutLine: {'line': b'-- Up-to-date: /home/mcfb/ros2_ws/install/px4_msgs/include/px4_msgs/px4_msgs/msg/mag_worker_data.h\n'}
[1.268554] (px4_msgs) StdoutLine: {'line': b'-- Up-to-date: /home/mcfb/ros2_ws/install/px4_msgs/include/px4_msgs/px4_msgs/msg/vehicle_torque_setpoint.h\n'}
[1.268594] (px4_msgs) StdoutLine: {'line': b'-- Up-to-date: /home/mcfb/ros2_ws/install/px4_msgs/include/px4_msgs/px4_msgs/msg/parameter_set_used_request.h\n'}
[1.268631] (px4_msgs) StdoutLine: {'line': b'-- Up-to-date: /home/mcfb/ros2_ws/install/px4_msgs/include/px4_msgs/px4_msgs/msg/rc_channels.h\n'}
[1.268668] (px4_msgs) StdoutLine: {'line': b'-- Up-to-date: /home/mcfb/ros2_ws/install/px4_msgs/include/px4_msgs/px4_msgs/msg/velocity_limits.h\n'}
[1.268706] (px4_msgs) StdoutLine: {'line': b'-- Up-to-date: /home/mcfb/ros2_ws/install/px4_msgs/include/px4_msgs/px4_msgs/msg/gimbal_device_information.h\n'}
[1.268751] (px4_msgs) StdoutLine: {'line': b'-- Up-to-date: /home/mcfb/ros2_ws/install/px4_msgs/include/px4_msgs/px4_msgs/msg/vehicle_odometry.h\n'}
[1.269100] (px4_msgs) StdoutLine: {'line': b'-- Up-to-date: /home/mcfb/ros2_ws/install/px4_msgs/include/px4_msgs/px4_msgs/msg/mission.h\n'}
[1.269143] (px4_msgs) StdoutLine: {'line': b'-- Up-to-date: /home/mcfb/ros2_ws/install/px4_msgs/include/px4_msgs/px4_msgs/msg/sensor_gyro_fifo.h\n'}
[1.269199] (px4_msgs) StdoutLine: {'line': b'-- Up-to-date: /home/mcfb/ros2_ws/install/px4_msgs/include/px4_msgs/px4_msgs/msg/navigator_mission_item.h\n'}
[1.269249] (px4_msgs) StdoutLine: {'line': b'-- Up-to-date: /home/mcfb/ros2_ws/install/px4_msgs/include/px4_msgs/px4_msgs/msg/qshell_req.h\n'}
[1.269296] (px4_msgs) StdoutLine: {'line': b'-- Up-to-date: /home/mcfb/ros2_ws/install/px4_msgs/include/px4_msgs/px4_msgs/msg/rover_speed_setpoint.h\n'}
[1.269340] (px4_msgs) StdoutLine: {'line': b'-- Up-to-date: /home/mcfb/ros2_ws/install/px4_msgs/include/px4_msgs/px4_msgs/msg/rpm.h\n'}
[1.269383] (px4_msgs) StdoutLine: {'line': b'-- Up-to-date: /home/mcfb/ros2_ws/install/px4_msgs/include/px4_msgs/px4_msgs/msg/vehicle_global_position.h\n'}
[1.269422] (px4_msgs) StdoutLine: {'line': b'-- Up-to-date: /home/mcfb/ros2_ws/install/px4_msgs/include/px4_msgs/px4_msgs/msg/estimator_sensor_bias.h\n'}
[1.269461] (px4_msgs) StdoutLine: {'line': b'-- Up-to-date: /home/mcfb/ros2_ws/install/px4_msgs/include/px4_msgs/px4_msgs/msg/radio_status.h\n'}
[1.269514] (px4_msgs) StdoutLine: {'line': b'-- Up-to-date: /home/mcfb/ros2_ws/install/px4_msgs/include/px4_msgs/px4_msgs/msg/fixed_wing_lateral_setpoint.h\n'}
[1.269559] (px4_msgs) StdoutLine: {'line': b'-- Up-to-date: /home/mcfb/ros2_ws/install/px4_msgs/include/px4_msgs/px4_msgs/msg/hover_thrust_estimate.h\n'}
[1.269604] (px4_msgs) StdoutLine: {'line': b'-- Up-to-date: /home/mcfb/ros2_ws/install/px4_msgs/include/px4_msgs/px4_msgs/msg/can_interface_status.h\n'}
[1.269778] (px4_msgs) StdoutLine: {'line': b'-- Up-to-date: /home/mcfb/ros2_ws/install/px4_msgs/include/px4_msgs/px4_msgs/msg/gpio_in.h\n'}
[1.269821] (px4_msgs) StdoutLine: {'line': b'-- Up-to-date: /home/mcfb/ros2_ws/install/px4_msgs/include/px4_msgs/px4_msgs/msg/vehicle_angular_velocity.h\n'}
[1.269895] (px4_msgs) StdoutLine: {'line': b'-- Up-to-date: /home/mcfb/ros2_ws/install/px4_msgs/include/px4_msgs/px4_msgs/msg/vehicle_angular_acceleration_setpoint.h\n'}
[1.269935] (px4_msgs) StdoutLine: {'line': b'-- Up-to-date: /home/mcfb/ros2_ws/install/px4_msgs/include/px4_msgs/px4_msgs/msg/camera_capture.h\n'}
[1.269978] (px4_msgs) StdoutLine: {'line': b'-- Up-to-date: /home/mcfb/ros2_ws/install/px4_msgs/include/px4_msgs/px4_msgs/msg/vehicle_control_mode.h\n'}
[1.270017] (px4_msgs) StdoutLine: {'line': b'-- Up-to-date: /home/mcfb/ros2_ws/install/px4_msgs/include/px4_msgs/px4_msgs/msg/arming_check_reply.h\n'}
[1.270058] (px4_msgs) StdoutLine: {'line': b'-- Up-to-date: /home/mcfb/ros2_ws/install/px4_msgs/include/px4_msgs/px4_msgs/msg/ping.h\n'}
[1.270095] (px4_msgs) StdoutLine: {'line': b'-- Up-to-date: /home/mcfb/ros2_ws/install/px4_msgs/include/px4_msgs/px4_msgs/msg/sensor_gyro.h\n'}
[1.270142] (px4_msgs) StdoutLine: {'line': b'-- Up-to-date: /home/mcfb/ros2_ws/install/px4_msgs/include/px4_msgs/px4_msgs/msg/autotune_attitude_control_status.h\n'}
[1.270197] (px4_msgs) StdoutLine: {'line': b'-- Up-to-date: /home/mcfb/ros2_ws/install/px4_msgs/include/px4_msgs/px4_msgs/msg/orb_test_large.h\n'}
[1.270239] (px4_msgs) StdoutLine: {'line': b'-- Up-to-date: /home/mcfb/ros2_ws/install/px4_msgs/include/px4_msgs/px4_msgs/msg/task_stack_info.h\n'}
[1.270278] (px4_msgs) StdoutLine: {'line': b'-- Up-to-date: /home/mcfb/ros2_ws/install/px4_msgs/include/px4_msgs/px4_msgs/msg/fuel_tank_status.h\n'}
[1.270343] (px4_msgs) StdoutLine: {'line': b'-- Up-to-date: /home/mcfb/ros2_ws/install/px4_msgs/include/px4_msgs/px4_msgs/msg/unregister_ext_component.h\n'}
[1.270394] (px4_msgs) StdoutLine: {'line': b'-- Up-to-date: /home/mcfb/ros2_ws/install/px4_msgs/include/px4_msgs/px4_msgs/msg/longitudinal_control_configuration.h\n'}
[1.270436] (px4_msgs) StdoutLine: {'line': b'-- Up-to-date: /home/mcfb/ros2_ws/install/px4_msgs/include/px4_msgs/px4_msgs/msg/gimbal_manager_set_attitude.h\n'}
[1.270635] (px4_msgs) StdoutLine: {'line': b'-- Up-to-date: /home/mcfb/ros2_ws/install/px4_msgs/include/px4_msgs/px4_msgs/msg/gpio_request.h\n'}
[1.270719] (px4_msgs) StdoutLine: {'line': b'-- Up-to-date: /home/mcfb/ros2_ws/install/px4_msgs/include/px4_msgs/px4_msgs/msg/normalized_unsigned_setpoint.h\n'}
[1.270775] (px4_msgs) StdoutLine: {'line': b'-- Up-to-date: /home/mcfb/ros2_ws/install/px4_msgs/include/px4_msgs/px4_msgs/msg/sensor_correction.h\n'}
[1.270837] (px4_msgs) StdoutLine: {'line': b'-- Up-to-date: /home/mcfb/ros2_ws/install/px4_msgs/include/px4_msgs/px4_msgs/msg/rc_parameter_map.h\n'}
[1.270939] (px4_msgs) StdoutLine: {'line': b'-- Up-to-date: /home/mcfb/ros2_ws/install/px4_msgs/include/px4_msgs/px4_msgs/msg/pwm_input.h\n'}
[1.271052] (px4_msgs) StdoutLine: {'line': b'-- Up-to-date: /home/mcfb/ros2_ws/install/px4_msgs/include/px4_msgs/px4_msgs/msg/landing_gear.h\n'}
[1.271112] (px4_msgs) StdoutLine: {'line': b'-- Up-to-date: /home/mcfb/ros2_ws/install/px4_msgs/include/px4_msgs/px4_msgs/msg/estimator_bias.h\n'}
[1.271420] (px4_msgs) StdoutLine: {'line': b'-- Up-to-date: /home/mcfb/ros2_ws/install/px4_msgs/include/px4_msgs/px4_msgs/msg/gpio_out.h\n'}
[1.271617] (px4_msgs) StdoutLine: {'line': b'-- Up-to-date: /home/mcfb/ros2_ws/install/px4_msgs/include/px4_msgs/px4_msgs/msg/detail\n'}
[1.271676] (px4_msgs) StdoutLine: {'line': b'-- Up-to-date: /home/mcfb/ros2_ws/install/px4_msgs/include/px4_msgs/px4_msgs/msg/detail/home_position__functions.h\n'}
[1.271723] (px4_msgs) StdoutLine: {'line': b'-- Up-to-date: /home/mcfb/ros2_ws/install/px4_msgs/include/px4_msgs/px4_msgs/msg/detail/geofence_result__description.c\n'}
[1.271771] (px4_msgs) StdoutLine: {'line': b'-- Up-to-date: /home/mcfb/ros2_ws/install/px4_msgs/include/px4_msgs/px4_msgs/msg/detail/gpio_config__functions.c\n'}
[1.271821] (px4_msgs) StdoutLine: {'line': b'-- Up-to-date: /home/mcfb/ros2_ws/install/px4_msgs/include/px4_msgs/px4_msgs/msg/detail/airspeed_wind__description.c\n'}
[1.271869] (px4_msgs) StdoutLine: {'line': b'-- Installing: /home/mcfb/ros2_ws/install/px4_msgs/include/px4_msgs/px4_msgs/msg/detail/airspeed__type_support.c\n'}
[1.271915] (px4_msgs) StdoutLine: {'line': b'-- Up-to-date: /home/mcfb/ros2_ws/install/px4_msgs/include/px4_msgs/px4_msgs/msg/detail/estimator_aid_source1d__functions.c\n'}
[1.272009] (px4_msgs) StdoutLine: {'line': b'-- Installing: /home/mcfb/ros2_ws/install/px4_msgs/include/px4_msgs/px4_msgs/msg/detail/failure_detector_status__type_support.c\n'}
[1.272069] (px4_msgs) StdoutLine: {'line': b'-- Installing: /home/mcfb/ros2_ws/install/px4_msgs/include/px4_msgs/px4_msgs/msg/detail/ulog_stream__type_support.c\n'}
[1.272111] (px4_msgs) StdoutLine: {'line': b'-- Up-to-date: /home/mcfb/ros2_ws/install/px4_msgs/include/px4_msgs/px4_msgs/msg/detail/fixed_wing_lateral_guidance_status__description.c\n'}
[1.272155] (px4_msgs) StdoutLine: {'line': b'-- Installing: /home/mcfb/ros2_ws/install/px4_msgs/include/px4_msgs/px4_msgs/msg/detail/can_interface_status__type_support.c\n'}
[1.272197] (px4_msgs) StdoutLine: {'line': b'-- Up-to-date: /home/mcfb/ros2_ws/install/px4_msgs/include/px4_msgs/px4_msgs/msg/detail/radio_status__struct.h\n'}
[1.272238] (px4_msgs) StdoutLine: {'line': b'-- Up-to-date: /home/mcfb/ros2_ws/install/px4_msgs/include/px4_msgs/px4_msgs/msg/detail/estimator_aid_source1d__functions.h\n'}
[1.272276] (px4_msgs) StdoutLine: {'line': b'-- Up-to-date: /home/mcfb/ros2_ws/install/px4_msgs/include/px4_msgs/px4_msgs/msg/detail/arming_check_request__type_support.h\n'}
[1.272319] (px4_msgs) StdoutLine: {'line': b'-- Up-to-date: /home/mcfb/ros2_ws/install/px4_msgs/include/px4_msgs/px4_msgs/msg/detail/generator_status__type_support.h\n'}
[1.272359] (px4_msgs) StdoutLine: {'line': b'-- Up-to-date: /home/mcfb/ros2_ws/install/px4_msgs/include/px4_msgs/px4_msgs/msg/detail/message_format_request__description.c\n'}
[1.272398] (px4_msgs) StdoutLine: {'line': b'-- Up-to-date: /home/mcfb/ros2_ws/install/px4_msgs/include/px4_msgs/px4_msgs/msg/detail/parameter_set_used_request__type_support.h\n'}
[1.272439] (px4_msgs) StdoutLine: {'line': b'-- Up-to-date: /home/mcfb/ros2_ws/install/px4_msgs/include/px4_msgs/px4_msgs/msg/detail/vehicle_local_position_setpoint__functions.h\n'}
[1.272497] (px4_msgs) StdoutLine: {'line': b'-- Installing: /home/mcfb/ros2_ws/install/px4_msgs/include/px4_msgs/px4_msgs/msg/detail/esc_report__type_support.c\n'}
[1.272540] (px4_msgs) StdoutLine: {'line': b'-- Up-to-date: /home/mcfb/ros2_ws/install/px4_msgs/include/px4_msgs/px4_msgs/msg/detail/sensor_combined__description.c\n'}
[1.272583] (px4_msgs) StdoutLine: {'line': b'-- Up-to-date: /home/mcfb/ros2_ws/install/px4_msgs/include/px4_msgs/px4_msgs/msg/detail/actuator_armed__description.c\n'}
[1.272625] (px4_msgs) StdoutLine: {'line': b'-- Up-to-date: /home/mcfb/ros2_ws/install/px4_msgs/include/px4_msgs/px4_msgs/msg/detail/power_button_state__type_support.h\n'}
[1.272665] (px4_msgs) StdoutLine: {'line': b'-- Installing: /home/mcfb/ros2_ws/install/px4_msgs/include/px4_msgs/px4_msgs/msg/detail/vehicle_air_data__type_support.c\n'}
[1.272706] (px4_msgs) StdoutLine: {'line': b'-- Installing: /home/mcfb/ros2_ws/install/px4_msgs/include/px4_msgs/px4_msgs/msg/detail/gimbal_controls__type_support.c\n'}
[1.272746] (px4_msgs) StdoutLine: {'line': b'-- Up-to-date: /home/mcfb/ros2_ws/install/px4_msgs/include/px4_msgs/px4_msgs/msg/detail/register_ext_component_request__type_support.h\n'}
[1.272786] (px4_msgs) StdoutLine: {'line': b'-- Installing: /home/mcfb/ros2_ws/install/px4_msgs/include/px4_msgs/px4_msgs/msg/detail/sensor_gnss_status__type_support.c\n'}
[1.272832] (px4_msgs) StdoutLine: {'line': b'-- Up-to-date: /home/mcfb/ros2_ws/install/px4_msgs/include/px4_msgs/px4_msgs/msg/detail/mavlink_tunnel__functions.c\n'}
[1.272876] (px4_msgs) StdoutLine: {'line': b'-- Up-to-date: /home/mcfb/ros2_ws/install/px4_msgs/include/px4_msgs/px4_msgs/msg/detail/sensors_status_imu__functions.h\n'}
[1.272920] (px4_msgs) StdoutLine: {'line': b'-- Up-to-date: /home/mcfb/ros2_ws/install/px4_msgs/include/px4_msgs/px4_msgs/msg/detail/sensor_gps__functions.h\n'}
[1.272960] (px4_msgs) StdoutLine: {'line': b'-- Up-to-date: /home/mcfb/ros2_ws/install/px4_msgs/include/px4_msgs/px4_msgs/msg/detail/vehicle_command__struct.h\n'}
[1.273000] (px4_msgs) StdoutLine: {'line': b'-- Up-to-date: /home/mcfb/ros2_ws/install/px4_msgs/include/px4_msgs/px4_msgs/msg/detail/rtl_status__functions.c\n'}
[1.273041] (px4_msgs) StdoutLine: {'line': b'-- Up-to-date: /home/mcfb/ros2_ws/install/px4_msgs/include/px4_msgs/px4_msgs/msg/detail/gimbal_manager_information__functions.c\n'}
[1.273081] (px4_msgs) StdoutLine: {'line': b'-- Up-to-date: /home/mcfb/ros2_ws/install/px4_msgs/include/px4_msgs/px4_msgs/msg/detail/actuator_test__functions.c\n'}
[1.273122] (px4_msgs) StdoutLine: {'line': b'-- Up-to-date: /home/mcfb/ros2_ws/install/px4_msgs/include/px4_msgs/px4_msgs/msg/detail/geofence_status__struct.h\n'}
[1.273168] (px4_msgs) StdoutLine: {'line': b'-- Up-to-date: /home/mcfb/ros2_ws/install/px4_msgs/include/px4_msgs/px4_msgs/msg/detail/heater_status__struct.h\n'}
[1.273209] (px4_msgs) StdoutLine: {'line': b'-- Up-to-date: /home/mcfb/ros2_ws/install/px4_msgs/include/px4_msgs/px4_msgs/msg/detail/autotune_attitude_control_status__functions.h\n'}
[1.273249] (px4_msgs) StdoutLine: {'line': b'-- Up-to-date: /home/mcfb/ros2_ws/install/px4_msgs/include/px4_msgs/px4_msgs/msg/detail/vehicle_attitude_setpoint__functions.c\n'}
[1.273384] (px4_msgs) StdoutLine: {'line': b'-- Up-to-date: /home/mcfb/ros2_ws/install/px4_msgs/include/px4_msgs/px4_msgs/msg/detail/estimator_bias__description.c\n'}
[1.273426] (px4_msgs) StdoutLine: {'line': b'-- Up-to-date: /home/mcfb/ros2_ws/install/px4_msgs/include/px4_msgs/px4_msgs/msg/detail/launch_detection_status__struct.h\n'}
[1.273466] (px4_msgs) StdoutLine: {'line': b'-- Up-to-date: /home/mcfb/ros2_ws/install/px4_msgs/include/px4_msgs/px4_msgs/msg/detail/sensor_baro__description.c\n'}
[1.273507] (px4_msgs) StdoutLine: {'line': b'-- Installing: /home/mcfb/ros2_ws/install/px4_msgs/include/px4_msgs/px4_msgs/msg/detail/estimator_bias__type_support.c\n'}
[1.273549] (px4_msgs) StdoutLine: {'line': b'-- Up-to-date: /home/mcfb/ros2_ws/install/px4_msgs/include/px4_msgs/px4_msgs/msg/detail/arming_check_reply__struct.h\n'}
[1.273591] (px4_msgs) StdoutLine: {'line': b'-- Up-to-date: /home/mcfb/ros2_ws/install/px4_msgs/include/px4_msgs/px4_msgs/msg/detail/open_drone_id_system__functions.c\n'}
[1.273629] (px4_msgs) StdoutLine: {'line': b'-- Up-to-date: /home/mcfb/ros2_ws/install/px4_msgs/include/px4_msgs/px4_msgs/msg/detail/action_request__functions.h\n'}
[1.273668] (px4_msgs) StdoutLine: {'line': b'-- Up-to-date: /home/mcfb/ros2_ws/install/px4_msgs/include/px4_msgs/px4_msgs/msg/detail/gimbal_controls__type_support.h\n'}
[1.273707] (px4_msgs) StdoutLine: {'line': b'-- Up-to-date: /home/mcfb/ros2_ws/install/px4_msgs/include/px4_msgs/px4_msgs/msg/detail/ulog_stream__struct.h\n'}
[1.273748] (px4_msgs) StdoutLine: {'line': b'-- Up-to-date: /home/mcfb/ros2_ws/install/px4_msgs/include/px4_msgs/px4_msgs/msg/detail/collision_constraints__functions.c\n'}
[1.273785] (px4_msgs) StdoutLine: {'line': b'-- Up-to-date: /home/mcfb/ros2_ws/install/px4_msgs/include/px4_msgs/px4_msgs/msg/detail/sensor_airflow__type_support.h\n'}
[1.273846] (px4_msgs) StdoutLine: {'line': b'-- Up-to-date: /home/mcfb/ros2_ws/install/px4_msgs/include/px4_msgs/px4_msgs/msg/detail/iridiumsbd_status__description.c\n'}
[1.273888] (px4_msgs) StdoutLine: {'line': b'-- Up-to-date: /home/mcfb/ros2_ws/install/px4_msgs/include/px4_msgs/px4_msgs/msg/detail/actuator_outputs__type_support.h\n'}
[1.274538] (px4_msgs) StdoutLine: {'line': b'-- Up-to-date: /home/mcfb/ros2_ws/install/px4_msgs/include/px4_msgs/px4_msgs/msg/detail/onboard_computer_status__struct.h\n'}
[1.274599] (px4_msgs) StdoutLine: {'line': b'-- Up-to-date: /home/mcfb/ros2_ws/install/px4_msgs/include/px4_msgs/px4_msgs/msg/detail/vehicle_air_data__struct.h\n'}
[1.274663] (px4_msgs) StdoutLine: {'line': b'-- Up-to-date: /home/mcfb/ros2_ws/install/px4_msgs/include/px4_msgs/px4_msgs/msg/detail/failsafe_flags__type_support.h\n'}
[1.274715] (px4_msgs) StdoutLine: {'line': b'-- Installing: /home/mcfb/ros2_ws/install/px4_msgs/include/px4_msgs/px4_msgs/msg/detail/gimbal_manager_information__type_support.c\n'}
[1.274759] (px4_msgs) StdoutLine: {'line': b'-- Up-to-date: /home/mcfb/ros2_ws/install/px4_msgs/include/px4_msgs/px4_msgs/msg/detail/rover_position_setpoint__struct.h\n'}
[1.274798] (px4_msgs) StdoutLine: {'line': b'-- Up-to-date: /home/mcfb/ros2_ws/install/px4_msgs/include/px4_msgs/px4_msgs/msg/detail/vehicle_rates_setpoint__functions.h\n'}
[1.274844] (px4_msgs) StdoutLine: {'line': b'-- Installing: /home/mcfb/ros2_ws/install/px4_msgs/include/px4_msgs/px4_msgs/msg/detail/follow_target__type_support.c\n'}
[1.274883] (px4_msgs) StdoutLine: {'line': b'-- Up-to-date: /home/mcfb/ros2_ws/install/px4_msgs/include/px4_msgs/px4_msgs/msg/detail/register_ext_component_request__functions.c\n'}
[1.274922] (px4_msgs) StdoutLine: {'line': b'-- Up-to-date: /home/mcfb/ros2_ws/install/px4_msgs/include/px4_msgs/px4_msgs/msg/detail/vehicle_odometry__description.c\n'}
[1.274962] (px4_msgs) StdoutLine: {'line': b'-- Up-to-date: /home/mcfb/ros2_ws/install/px4_msgs/include/px4_msgs/px4_msgs/msg/detail/follow_target_status__struct.h\n'}
[1.275040] (px4_msgs) StdoutLine: {'line': b'-- Up-to-date: /home/mcfb/ros2_ws/install/px4_msgs/include/px4_msgs/px4_msgs/msg/detail/normalized_unsigned_setpoint__struct.h\n'}
[1.275082] (px4_msgs) StdoutLine: {'line': b'-- Up-to-date: /home/mcfb/ros2_ws/install/px4_msgs/include/px4_msgs/px4_msgs/msg/detail/power_button_state__functions.c\n'}
[1.275120] (px4_msgs) StdoutLine: {'line': b'-- Installing: /home/mcfb/ros2_ws/install/px4_msgs/include/px4_msgs/px4_msgs/msg/detail/vehicle_imu_status__type_support.c\n'}
[1.275161] (px4_msgs) StdoutLine: {'line': b'-- Up-to-date: /home/mcfb/ros2_ws/install/px4_msgs/include/px4_msgs/px4_msgs/msg/detail/geofence_status__functions.h\n'}
[1.275201] (px4_msgs) StdoutLine: {'line': b'-- Up-to-date: /home/mcfb/ros2_ws/install/px4_msgs/include/px4_msgs/px4_msgs/msg/detail/distance_sensor_mode_change_request__description.c\n'}
[1.275241] (px4_msgs) StdoutLine: {'line': b'-- Up-to-date: /home/mcfb/ros2_ws/install/px4_msgs/include/px4_msgs/px4_msgs/msg/detail/internal_combustion_engine_status__functions.c\n'}
[1.275390] (px4_msgs) StdoutLine: {'line': b'-- Up-to-date: /home/mcfb/ros2_ws/install/px4_msgs/include/px4_msgs/px4_msgs/msg/detail/dataman_response__description.c\n'}
[1.275431] (px4_msgs) StdoutLine: {'line': b'-- Up-to-date: /home/mcfb/ros2_ws/install/px4_msgs/include/px4_msgs/px4_msgs/msg/detail/estimator_innovations__description.c\n'}
[1.275509] (px4_msgs) StdoutLine: {'line': b'-- Up-to-date: /home/mcfb/ros2_ws/install/px4_msgs/include/px4_msgs/px4_msgs/msg/detail/airspeed_wind__functions.c\n'}
[1.275552] (px4_msgs) StdoutLine: {'line': b'-- Up-to-date: /home/mcfb/ros2_ws/install/px4_msgs/include/px4_msgs/px4_msgs/msg/detail/tiltrotor_extra_controls__type_support.h\n'}
[1.275594] (px4_msgs) StdoutLine: {'line': b'-- Up-to-date: /home/mcfb/ros2_ws/install/px4_msgs/include/px4_msgs/px4_msgs/msg/detail/sensor_selection__struct.h\n'}
[1.275635] (px4_msgs) StdoutLine: {'line': b'-- Up-to-date: /home/mcfb/ros2_ws/install/px4_msgs/include/px4_msgs/px4_msgs/msg/detail/gpio_request__struct.h\n'}
[1.275677] (px4_msgs) StdoutLine: {'line': b'-- Up-to-date: /home/mcfb/ros2_ws/install/px4_msgs/include/px4_msgs/px4_msgs/msg/detail/battery_status__struct.h\n'}
[1.275716] (px4_msgs) StdoutLine: {'line': b'-- Up-to-date: /home/mcfb/ros2_ws/install/px4_msgs/include/px4_msgs/px4_msgs/msg/detail/qshell_req__description.c\n'}
[1.275754] (px4_msgs) StdoutLine: {'line': b'-- Up-to-date: /home/mcfb/ros2_ws/install/px4_msgs/include/px4_msgs/px4_msgs/msg/detail/estimator_sensor_bias__type_support.h\n'}
[1.275793] (px4_msgs) StdoutLine: {'line': b'-- Up-to-date: /home/mcfb/ros2_ws/install/px4_msgs/include/px4_msgs/px4_msgs/msg/detail/internal_combustion_engine_control__functions.c\n'}
[1.275835] (px4_msgs) StdoutLine: {'line': b'-- Up-to-date: /home/mcfb/ros2_ws/install/px4_msgs/include/px4_msgs/px4_msgs/msg/detail/satellite_info__functions.c\n'}
[1.275875] (px4_msgs) StdoutLine: {'line': b'-- Up-to-date: /home/mcfb/ros2_ws/install/px4_msgs/include/px4_msgs/px4_msgs/msg/detail/estimator_selector_status__description.c\n'}
[1.275914] (px4_msgs) StdoutLine: {'line': b'-- Up-to-date: /home/mcfb/ros2_ws/install/px4_msgs/include/px4_msgs/px4_msgs/msg/detail/gripper__struct.h\n'}
[1.275953] (px4_msgs) StdoutLine: {'line': b'-- Up-to-date: /home/mcfb/ros2_ws/install/px4_msgs/include/px4_msgs/px4_msgs/msg/detail/position_setpoint__functions.c\n'}
[1.275991] (px4_msgs) StdoutLine: {'line': b'-- Up-to-date: /home/mcfb/ros2_ws/install/px4_msgs/include/px4_msgs/px4_msgs/msg/detail/rover_attitude_setpoint__functions.h\n'}
[1.276030] (px4_msgs) StdoutLine: {'line': b'-- Up-to-date: /home/mcfb/ros2_ws/install/px4_msgs/include/px4_msgs/px4_msgs/msg/detail/gpio_out__struct.h\n'}
[1.276068] (px4_msgs) StdoutLine: {'line': b'-- Up-to-date: /home/mcfb/ros2_ws/install/px4_msgs/include/px4_msgs/px4_msgs/msg/detail/message_format_response__struct.h\n'}
[1.276107] (px4_msgs) StdoutLine: {'line': b'-- Installing: /home/mcfb/ros2_ws/install/px4_msgs/include/px4_msgs/px4_msgs/msg/detail/estimator_states__type_support.c\n'}
[1.276147] (px4_msgs) StdoutLine: {'line': b'-- Up-to-date: /home/mcfb/ros2_ws/install/px4_msgs/include/px4_msgs/px4_msgs/msg/detail/rover_attitude_status__functions.c\n'}
[1.276187] (px4_msgs) StdoutLine: {'line': b'-- Installing: /home/mcfb/ros2_ws/install/px4_msgs/include/px4_msgs/px4_msgs/msg/detail/fixed_wing_runway_control__type_support.c\n'}
[1.276227] (px4_msgs) StdoutLine: {'line': b'-- Up-to-date: /home/mcfb/ros2_ws/install/px4_msgs/include/px4_msgs/px4_msgs/msg/detail/log_message__struct.h\n'}
[1.276265] (px4_msgs) StdoutLine: {'line': b'-- Up-to-date: /home/mcfb/ros2_ws/install/px4_msgs/include/px4_msgs/px4_msgs/msg/detail/arming_check_request__functions.c\n'}
[1.276303] (px4_msgs) StdoutLine: {'line': b'-- Up-to-date: /home/mcfb/ros2_ws/install/px4_msgs/include/px4_msgs/px4_msgs/msg/detail/mission_result__functions.h\n'}
[1.276341] (px4_msgs) StdoutLine: {'line': b'-- Up-to-date: /home/mcfb/ros2_ws/install/px4_msgs/include/px4_msgs/px4_msgs/msg/detail/tiltrotor_extra_controls__functions.h\n'}
[1.276400] (px4_msgs) StdoutLine: {'line': b'-- Up-to-date: /home/mcfb/ros2_ws/install/px4_msgs/include/px4_msgs/px4_msgs/msg/detail/radio_status__functions.h\n'}
[1.276439] (px4_msgs) StdoutLine: {'line': b'-- Up-to-date: /home/mcfb/ros2_ws/install/px4_msgs/include/px4_msgs/px4_msgs/msg/detail/gimbal_manager_set_attitude__functions.c\n'}
[1.276623] (px4_msgs) StdoutLine: {'line': b'-- Up-to-date: /home/mcfb/ros2_ws/install/px4_msgs/include/px4_msgs/px4_msgs/msg/detail/parameter_set_used_request__description.c\n'}
[1.276664] (px4_msgs) StdoutLine: {'line': b'-- Up-to-date: /home/mcfb/ros2_ws/install/px4_msgs/include/px4_msgs/px4_msgs/msg/detail/vehicle_status__functions.h\n'}
[1.276705] (px4_msgs) StdoutLine: {'line': b'-- Up-to-date: /home/mcfb/ros2_ws/install/px4_msgs/include/px4_msgs/px4_msgs/msg/detail/sensor_gnss_status__struct.h\n'}
[1.276743] (px4_msgs) StdoutLine: {'line': b'-- Up-to-date: /home/mcfb/ros2_ws/install/px4_msgs/include/px4_msgs/px4_msgs/msg/detail/goto_setpoint__struct.h\n'}
[1.276781] (px4_msgs) StdoutLine: {'line': b'-- Up-to-date: /home/mcfb/ros2_ws/install/px4_msgs/include/px4_msgs/px4_msgs/msg/detail/differential_pressure__functions.c\n'}
[1.276820] (px4_msgs) StdoutLine: {'line': b'-- Up-to-date: /home/mcfb/ros2_ws/install/px4_msgs/include/px4_msgs/px4_msgs/msg/detail/sensor_gyro_fifo__functions.c\n'}
[1.276866] (px4_msgs) StdoutLine: {'line': b'-- Installing: /home/mcfb/ros2_ws/install/px4_msgs/include/px4_msgs/px4_msgs/msg/detail/fixed_wing_lateral_status__type_support.c\n'}
[1.276903] (px4_msgs) StdoutLine: {'line': b'-- Up-to-date: /home/mcfb/ros2_ws/install/px4_msgs/include/px4_msgs/px4_msgs/msg/detail/telemetry_status__type_support.h\n'}
[1.276942] (px4_msgs) StdoutLine: {'line': b'-- Up-to-date: /home/mcfb/ros2_ws/install/px4_msgs/include/px4_msgs/px4_msgs/msg/detail/ulog_stream_ack__functions.h\n'}
[1.276979] (px4_msgs) StdoutLine: {'line': b'-- Installing: /home/mcfb/ros2_ws/install/px4_msgs/include/px4_msgs/px4_msgs/msg/detail/qshell_retval__type_support.c\n'}
[1.277082] (px4_msgs) StdoutLine: {'line': b'-- Up-to-date: /home/mcfb/ros2_ws/install/px4_msgs/include/px4_msgs/px4_msgs/msg/detail/iridiumsbd_status__functions.h\n'}
[1.277126] (px4_msgs) StdoutLine: {'line': b'-- Up-to-date: /home/mcfb/ros2_ws/install/px4_msgs/include/px4_msgs/px4_msgs/msg/detail/timesync_status__struct.h\n'}
[1.277170] (px4_msgs) StdoutLine: {'line': b'-- Up-to-date: /home/mcfb/ros2_ws/install/px4_msgs/include/px4_msgs/px4_msgs/msg/detail/follow_target__type_support.h\n'}
[1.277210] (px4_msgs) StdoutLine: {'line': b'-- Up-to-date: /home/mcfb/ros2_ws/install/px4_msgs/include/px4_msgs/px4_msgs/msg/detail/rtl_time_estimate__functions.c\n'}
[1.277250] (px4_msgs) StdoutLine: {'line': b'-- Up-to-date: /home/mcfb/ros2_ws/install/px4_msgs/include/px4_msgs/px4_msgs/msg/detail/autotune_attitude_control_status__struct.h\n'}
[1.277290] (px4_msgs) StdoutLine: {'line': b'-- Up-to-date: /home/mcfb/ros2_ws/install/px4_msgs/include/px4_msgs/px4_msgs/msg/detail/fixed_wing_runway_control__type_support.h\n'}
[1.277329] (px4_msgs) StdoutLine: {'line': b'-- Up-to-date: /home/mcfb/ros2_ws/install/px4_msgs/include/px4_msgs/px4_msgs/msg/detail/open_drone_id_system__struct.h\n'}
[1.277369] (px4_msgs) StdoutLine: {'line': b'-- Up-to-date: /home/mcfb/ros2_ws/install/px4_msgs/include/px4_msgs/px4_msgs/msg/detail/open_drone_id_arm_status__struct.h\n'}
[1.277407] (px4_msgs) StdoutLine: {'line': b'-- Up-to-date: /home/mcfb/ros2_ws/install/px4_msgs/include/px4_msgs/px4_msgs/msg/detail/irlock_report__struct.h\n'}
[1.277448] (px4_msgs) StdoutLine: {'line': b'-- Installing: /home/mcfb/ros2_ws/install/px4_msgs/include/px4_msgs/px4_msgs/msg/detail/failsafe_flags__type_support.c\n'}
[1.277488] (px4_msgs) StdoutLine: {'line': b'-- Up-to-date: /home/mcfb/ros2_ws/install/px4_msgs/include/px4_msgs/px4_msgs/msg/detail/sensor_preflight_mag__type_support.h\n'}
[1.277527] (px4_msgs) StdoutLine: {'line': b'-- Up-to-date: /home/mcfb/ros2_ws/install/px4_msgs/include/px4_msgs/px4_msgs/msg/detail/input_rc__functions.c\n'}
[1.277631] (px4_msgs) StdoutLine: {'line': b'-- Up-to-date: /home/mcfb/ros2_ws/install/px4_msgs/include/px4_msgs/px4_msgs/msg/detail/lateral_control_configuration__description.c\n'}
[1.277672] (px4_msgs) StdoutLine: {'line': b'-- Up-to-date: /home/mcfb/ros2_ws/install/px4_msgs/include/px4_msgs/px4_msgs/msg/detail/geofence_status__description.c\n'}
[1.277711] (px4_msgs) StdoutLine: {'line': b'-- Up-to-date: /home/mcfb/ros2_ws/install/px4_msgs/include/px4_msgs/px4_msgs/msg/detail/estimator_status_flags__description.c\n'}
[1.277751] (px4_msgs) StdoutLine: {'line': b'-- Up-to-date: /home/mcfb/ros2_ws/install/px4_msgs/include/px4_msgs/px4_msgs/msg/detail/vehicle_angular_velocity__functions.h\n'}
[1.277791] (px4_msgs) StdoutLine: {'line': b'-- Up-to-date: /home/mcfb/ros2_ws/install/px4_msgs/include/px4_msgs/px4_msgs/msg/detail/sensor_correction__functions.c\n'}
[1.277836] (px4_msgs) StdoutLine: {'line': b'-- Up-to-date: /home/mcfb/ros2_ws/install/px4_msgs/include/px4_msgs/px4_msgs/msg/detail/navigator_status__struct.h\n'}
[1.277876] (px4_msgs) StdoutLine: {'line': b'-- Up-to-date: /home/mcfb/ros2_ws/install/px4_msgs/include/px4_msgs/px4_msgs/msg/detail/actuator_servos__functions.c\n'}
[1.277914] (px4_msgs) StdoutLine: {'line': b'-- Up-to-date: /home/mcfb/ros2_ws/install/px4_msgs/include/px4_msgs/px4_msgs/msg/detail/gripper__functions.h\n'}
[1.277953] (px4_msgs) StdoutLine: {'line': b'-- Up-to-date: /home/mcfb/ros2_ws/install/px4_msgs/include/px4_msgs/px4_msgs/msg/detail/yaw_estimator_status__functions.h\n'}
[1.278004] (px4_msgs) StdoutLine: {'line': b'-- Up-to-date: /home/mcfb/ros2_ws/install/px4_msgs/include/px4_msgs/px4_msgs/msg/detail/actuator_servos__struct.h\n'}
[1.278094] (px4_msgs) StdoutLine: {'line': b'-- Up-to-date: /home/mcfb/ros2_ws/install/px4_msgs/include/px4_msgs/px4_msgs/msg/detail/ulog_stream__functions.h\n'}
[1.278133] (px4_msgs) StdoutLine: {'line': b'-- Installing: /home/mcfb/ros2_ws/install/px4_msgs/include/px4_msgs/px4_msgs/msg/detail/action_request__type_support.c\n'}
[1.278171] (px4_msgs) StdoutLine: {'line': b'-- Up-to-date: /home/mcfb/ros2_ws/install/px4_msgs/include/px4_msgs/px4_msgs/msg/detail/control_allocator_status__description.c\n'}
[1.278212] (px4_msgs) StdoutLine: {'line': b'-- Up-to-date: /home/mcfb/ros2_ws/install/px4_msgs/include/px4_msgs/px4_msgs/msg/detail/gimbal_manager_status__type_support.h\n'}
[1.278264] (px4_msgs) StdoutLine: {'line': b'-- Up-to-date: /home/mcfb/ros2_ws/install/px4_msgs/include/px4_msgs/px4_msgs/msg/detail/goto_setpoint__type_support.h\n'}
[1.278304] (px4_msgs) StdoutLine: {'line': b'-- Up-to-date: /home/mcfb/ros2_ws/install/px4_msgs/include/px4_msgs/px4_msgs/msg/detail/system_power__struct.h\n'}
[1.278341] (px4_msgs) StdoutLine: {'line': b'-- Up-to-date: /home/mcfb/ros2_ws/install/px4_msgs/include/px4_msgs/px4_msgs/msg/detail/estimator_bias3d__functions.h\n'}
[1.278379] (px4_msgs) StdoutLine: {'line': b'-- Up-to-date: /home/mcfb/ros2_ws/install/px4_msgs/include/px4_msgs/px4_msgs/msg/detail/vehicle_land_detected__type_support.h\n'}
[1.278431] (px4_msgs) StdoutLine: {'line': b'-- Up-to-date: /home/mcfb/ros2_ws/install/px4_msgs/include/px4_msgs/px4_msgs/msg/detail/control_allocator_status__functions.h\n'}
[1.278519] (px4_msgs) StdoutLine: {'line': b'-- Up-to-date: /home/mcfb/ros2_ws/install/px4_msgs/include/px4_msgs/px4_msgs/msg/detail/button_event__struct.h\n'}
[1.278575] (px4_msgs) StdoutLine: {'line': b'-- Up-to-date: /home/mcfb/ros2_ws/install/px4_msgs/include/px4_msgs/px4_msgs/msg/detail/sensor_combined__type_support.h\n'}
[1.278634] (px4_msgs) StdoutLine: {'line': b'-- Up-to-date: /home/mcfb/ros2_ws/install/px4_msgs/include/px4_msgs/px4_msgs/msg/detail/sensor_gps__description.c\n'}
[1.278687] (px4_msgs) StdoutLine: {'line': b'-- Up-to-date: /home/mcfb/ros2_ws/install/px4_msgs/include/px4_msgs/px4_msgs/msg/detail/autotune_attitude_control_status__functions.c\n'}
[1.278732] (px4_msgs) StdoutLine: {'line': b'-- Up-to-date: /home/mcfb/ros2_ws/install/px4_msgs/include/px4_msgs/px4_msgs/msg/detail/flight_phase_estimation__description.c\n'}
[1.278860] (px4_msgs) StdoutLine: {'line': b'-- Up-to-date: /home/mcfb/ros2_ws/install/px4_msgs/include/px4_msgs/px4_msgs/msg/detail/position_setpoint_triplet__functions.c\n'}
[1.278902] (px4_msgs) StdoutLine: {'line': b'-- Installing: /home/mcfb/ros2_ws/install/px4_msgs/include/px4_msgs/px4_msgs/msg/detail/vehicle_magnetometer__type_support.c\n'}
[1.278944] (px4_msgs) StdoutLine: {'line': b'-- Up-to-date: /home/mcfb/ros2_ws/install/px4_msgs/include/px4_msgs/px4_msgs/msg/detail/gimbal_device_information__struct.h\n'}
[1.278983] (px4_msgs) StdoutLine: {'line': b'-- Up-to-date: /home/mcfb/ros2_ws/install/px4_msgs/include/px4_msgs/px4_msgs/msg/detail/estimator_gps_status__type_support.h\n'}
[1.279024] (px4_msgs) StdoutLine: {'line': b'-- Installing: /home/mcfb/ros2_ws/install/px4_msgs/include/px4_msgs/px4_msgs/msg/detail/follow_target_status__type_support.c\n'}
[1.279065] (px4_msgs) StdoutLine: {'line': b'-- Up-to-date: /home/mcfb/ros2_ws/install/px4_msgs/include/px4_msgs/px4_msgs/msg/detail/led_control__type_support.h\n'}
[1.279106] (px4_msgs) StdoutLine: {'line': b'-- Up-to-date: /home/mcfb/ros2_ws/install/px4_msgs/include/px4_msgs/px4_msgs/msg/detail/open_drone_id_self_id__functions.c\n'}
[1.279146] (px4_msgs) StdoutLine: {'line': b'-- Up-to-date: /home/mcfb/ros2_ws/install/px4_msgs/include/px4_msgs/px4_msgs/msg/detail/estimator_states__type_support.h\n'}
[1.279187] (px4_msgs) StdoutLine: {'line': b'-- Up-to-date: /home/mcfb/ros2_ws/install/px4_msgs/include/px4_msgs/px4_msgs/msg/detail/position_setpoint_triplet__struct.h\n'}
[1.279225] (px4_msgs) StdoutLine: {'line': b'-- Installing: /home/mcfb/ros2_ws/install/px4_msgs/include/px4_msgs/px4_msgs/msg/detail/log_message__type_support.c\n'}
[1.279265] (px4_msgs) StdoutLine: {'line': b'-- Up-to-date: /home/mcfb/ros2_ws/install/px4_msgs/include/px4_msgs/px4_msgs/msg/detail/landing_gear_wheel__description.c\n'}
[1.279303] (px4_msgs) StdoutLine: {'line': b'-- Installing: /home/mcfb/ros2_ws/install/px4_msgs/include/px4_msgs/px4_msgs/msg/detail/sensor_optical_flow__type_support.c\n'}
[1.279341] (px4_msgs) StdoutLine: {'line': b'-- Up-to-date: /home/mcfb/ros2_ws/install/px4_msgs/include/px4_msgs/px4_msgs/msg/detail/adc_report__struct.h\n'}
[1.279379] (px4_msgs) StdoutLine: {'line': b'-- Up-to-date: /home/mcfb/ros2_ws/install/px4_msgs/include/px4_msgs/px4_msgs/msg/detail/actuator_servos__type_support.h\n'}
[1.279418] (px4_msgs) StdoutLine: {'line': b'-- Up-to-date: /home/mcfb/ros2_ws/install/px4_msgs/include/px4_msgs/px4_msgs/msg/detail/battery_info__struct.h\n'}
[1.279457] (px4_msgs) StdoutLine: {'line': b'-- Up-to-date: /home/mcfb/ros2_ws/install/px4_msgs/include/px4_msgs/px4_msgs/msg/detail/dataman_request__functions.c\n'}
[1.279496] (px4_msgs) StdoutLine: {'line': b'-- Installing: /home/mcfb/ros2_ws/install/px4_msgs/include/px4_msgs/px4_msgs/msg/detail/parameter_set_value_request__type_support.c\n'}
[1.279538] (px4_msgs) StdoutLine: {'line': b'-- Up-to-date: /home/mcfb/ros2_ws/install/px4_msgs/include/px4_msgs/px4_msgs/msg/detail/actuator_servos_trim__struct.h\n'}
[1.279577] (px4_msgs) StdoutLine: {'line': b'-- Up-to-date: /home/mcfb/ros2_ws/install/px4_msgs/include/px4_msgs/px4_msgs/msg/detail/health_report__description.c\n'}
[1.279617] (px4_msgs) StdoutLine: {'line': b'-- Up-to-date: /home/mcfb/ros2_ws/install/px4_msgs/include/px4_msgs/px4_msgs/msg/detail/parameter_set_value_request__struct.h\n'}
[1.279657] (px4_msgs) StdoutLine: {'line': b'-- Up-to-date: /home/mcfb/ros2_ws/install/px4_msgs/include/px4_msgs/px4_msgs/msg/detail/pure_pursuit_status__functions.h\n'}
[1.279695] (px4_msgs) StdoutLine: {'line': b'-- Up-to-date: /home/mcfb/ros2_ws/install/px4_msgs/include/px4_msgs/px4_msgs/msg/detail/estimator_aid_source3d__functions.h\n'}
[1.279733] (px4_msgs) StdoutLine: {'line': b'-- Installing: /home/mcfb/ros2_ws/install/px4_msgs/include/px4_msgs/px4_msgs/msg/detail/vehicle_status__type_support.c\n'}
[1.279771] (px4_msgs) StdoutLine: {'line': b'-- Up-to-date: /home/mcfb/ros2_ws/install/px4_msgs/include/px4_msgs/px4_msgs/msg/detail/timesync_status__functions.c\n'}
[1.279833] (px4_msgs) StdoutLine: {'line': b'-- Up-to-date: /home/mcfb/ros2_ws/install/px4_msgs/include/px4_msgs/px4_msgs/msg/detail/vehicle_command_ack__description.c\n'}
[1.279872] (px4_msgs) StdoutLine: {'line': b'-- Up-to-date: /home/mcfb/ros2_ws/install/px4_msgs/include/px4_msgs/px4_msgs/msg/detail/rover_rate_status__functions.c\n'}
[1.279910] (px4_msgs) StdoutLine: {'line': b'-- Up-to-date: /home/mcfb/ros2_ws/install/px4_msgs/include/px4_msgs/px4_msgs/msg/detail/rover_attitude_setpoint__description.c\n'}
[1.279949] (px4_msgs) StdoutLine: {'line': b'-- Up-to-date: /home/mcfb/ros2_ws/install/px4_msgs/include/px4_msgs/px4_msgs/msg/detail/sensor_accel__functions.h\n'}
[1.279988] (px4_msgs) StdoutLine: {'line': b'-- Up-to-date: /home/mcfb/ros2_ws/install/px4_msgs/include/px4_msgs/px4_msgs/msg/detail/navigator_mission_item__functions.c\n'}
[1.280026] (px4_msgs) StdoutLine: {'line': b'-- Installing: /home/mcfb/ros2_ws/install/px4_msgs/include/px4_msgs/px4_msgs/msg/detail/timesync_status__type_support.c\n'}
[1.280065] (px4_msgs) StdoutLine: {'line': b'-- Up-to-date: /home/mcfb/ros2_ws/install/px4_msgs/include/px4_msgs/px4_msgs/msg/detail/pps_capture__description.c\n'}
[1.280104] (px4_msgs) StdoutLine: {'line': b'-- Up-to-date: /home/mcfb/ros2_ws/install/px4_msgs/include/px4_msgs/px4_msgs/msg/detail/gimbal_manager_set_manual_control__functions.h\n'}
[1.280269] (px4_msgs) StdoutLine: {'line': b'-- Installing: /home/mcfb/ros2_ws/install/px4_msgs/include/px4_msgs/px4_msgs/msg/detail/battery_info__type_support.c\n'}
[1.280311] (px4_msgs) StdoutLine: {'line': b'-- Up-to-date: /home/mcfb/ros2_ws/install/px4_msgs/include/px4_msgs/px4_msgs/msg/detail/debug_value__functions.h\n'}
[1.280352] (px4_msgs) StdoutLine: {'line': b'-- Up-to-date: /home/mcfb/ros2_ws/install/px4_msgs/include/px4_msgs/px4_msgs/msg/detail/message_format_request__functions.c\n'}
[1.280392] (px4_msgs) StdoutLine: {'line': b'-- Up-to-date: /home/mcfb/ros2_ws/install/px4_msgs/include/px4_msgs/px4_msgs/msg/detail/sensors_status_imu__type_support.h\n'}
[1.280431] (px4_msgs) StdoutLine: {'line': b'-- Up-to-date: /home/mcfb/ros2_ws/install/px4_msgs/include/px4_msgs/px4_msgs/msg/detail/hover_thrust_estimate__functions.h\n'}
[1.280472] (px4_msgs) StdoutLine: {'line': b'-- Up-to-date: /home/mcfb/ros2_ws/install/px4_msgs/include/px4_msgs/px4_msgs/msg/detail/task_stack_info__functions.h\n'}
[1.280512] (px4_msgs) StdoutLine: {'line': b'-- Up-to-date: /home/mcfb/ros2_ws/install/px4_msgs/include/px4_msgs/px4_msgs/msg/detail/sensor_gps__functions.c\n'}
[1.280552] (px4_msgs) StdoutLine: {'line': b'-- Up-to-date: /home/mcfb/ros2_ws/install/px4_msgs/include/px4_msgs/px4_msgs/msg/detail/orb_test__functions.h\n'}
[1.280591] (px4_msgs) StdoutLine: {'line': b'-- Up-to-date: /home/mcfb/ros2_ws/install/px4_msgs/include/px4_msgs/px4_msgs/msg/detail/gpio_in__functions.h\n'}
[1.280629] (px4_msgs) StdoutLine: {'line': b'-- Up-to-date: /home/mcfb/ros2_ws/install/px4_msgs/include/px4_msgs/px4_msgs/msg/detail/actuator_outputs__functions.c\n'}
[1.280666] (px4_msgs) StdoutLine: {'line': b'-- Up-to-date: /home/mcfb/ros2_ws/install/px4_msgs/include/px4_msgs/px4_msgs/msg/detail/led_control__struct.h\n'}
[1.280706] (px4_msgs) StdoutLine: {'line': b'-- Installing: /home/mcfb/ros2_ws/install/px4_msgs/include/px4_msgs/px4_msgs/msg/detail/vehicle_odometry__type_support.c\n'}
[1.280743] (px4_msgs) StdoutLine: {'line': b'-- Installing: /home/mcfb/ros2_ws/install/px4_msgs/include/px4_msgs/px4_msgs/msg/detail/hover_thrust_estimate__type_support.c\n'}
[1.280781] (px4_msgs) StdoutLine: {'line': b'-- Up-to-date: /home/mcfb/ros2_ws/install/px4_msgs/include/px4_msgs/px4_msgs/msg/detail/sensor_gyro__type_support.h\n'}
[1.280819] (px4_msgs) StdoutLine: {'line': b'-- Up-to-date: /home/mcfb/ros2_ws/install/px4_msgs/include/px4_msgs/px4_msgs/msg/detail/config_overrides__functions.c\n'}
[1.280865] (px4_msgs) StdoutLine: {'line': b'-- Up-to-date: /home/mcfb/ros2_ws/install/px4_msgs/include/px4_msgs/px4_msgs/msg/detail/camera_capture__functions.c\n'}
[1.280905] (px4_msgs) StdoutLine: {'line': b'-- Installing: /home/mcfb/ros2_ws/install/px4_msgs/include/px4_msgs/px4_msgs/msg/detail/sensor_accel_fifo__type_support.c\n'}
[1.280967] (px4_msgs) StdoutLine: {'line': b'-- Up-to-date: /home/mcfb/ros2_ws/install/px4_msgs/include/px4_msgs/px4_msgs/msg/detail/cpuload__description.c\n'}
[1.281008] (px4_msgs) StdoutLine: {'line': b'-- Up-to-date: /home/mcfb/ros2_ws/install/px4_msgs/include/px4_msgs/px4_msgs/msg/detail/pwm_input__type_support.h\n'}
[1.281049] (px4_msgs) StdoutLine: {'line': b'-- Up-to-date: /home/mcfb/ros2_ws/install/px4_msgs/include/px4_msgs/px4_msgs/msg/detail/pps_capture__functions.h\n'}
[1.281087] (px4_msgs) StdoutLine: {'line': b'-- Up-to-date: /home/mcfb/ros2_ws/install/px4_msgs/include/px4_msgs/px4_msgs/msg/detail/estimator_aid_source2d__struct.h\n'}
[1.281126] (px4_msgs) StdoutLine: {'line': b'-- Up-to-date: /home/mcfb/ros2_ws/install/px4_msgs/include/px4_msgs/px4_msgs/msg/detail/mavlink_tunnel__struct.h\n'}
[1.281163] (px4_msgs) StdoutLine: {'line': b'-- Up-to-date: /home/mcfb/ros2_ws/install/px4_msgs/include/px4_msgs/px4_msgs/msg/detail/register_ext_component_request__functions.h\n'}
[1.281202] (px4_msgs) StdoutLine: {'line': b'-- Up-to-date: /home/mcfb/ros2_ws/install/px4_msgs/include/px4_msgs/px4_msgs/msg/detail/tune_control__struct.h\n'}
[1.281238] (px4_msgs) StdoutLine: {'line': b'-- Up-to-date: /home/mcfb/ros2_ws/install/px4_msgs/include/px4_msgs/px4_msgs/msg/detail/gimbal_manager_status__struct.h\n'}
[1.281276] (px4_msgs) StdoutLine: {'line': b'-- Installing: /home/mcfb/ros2_ws/install/px4_msgs/include/px4_msgs/px4_msgs/msg/detail/rc_channels__type_support.c\n'}
[1.281314] (px4_msgs) StdoutLine: {'line': b'-- Installing: /home/mcfb/ros2_ws/install/px4_msgs/include/px4_msgs/px4_msgs/msg/detail/yaw_estimator_status__type_support.c\n'}
[1.281352] (px4_msgs) StdoutLine: {'line': b'-- Installing: /home/mcfb/ros2_ws/install/px4_msgs/include/px4_msgs/px4_msgs/msg/detail/pps_capture__type_support.c\n'}
[1.281391] (px4_msgs) StdoutLine: {'line': b'-- Up-to-date: /home/mcfb/ros2_ws/install/px4_msgs/include/px4_msgs/px4_msgs/msg/detail/vehicle_torque_setpoint__struct.h\n'}
[1.281430] (px4_msgs) StdoutLine: {'line': b'-- Installing: /home/mcfb/ros2_ws/install/px4_msgs/include/px4_msgs/px4_msgs/msg/detail/actuator_outputs__type_support.c\n'}
[1.281470] (px4_msgs) StdoutLine: {'line': b'-- Up-to-date: /home/mcfb/ros2_ws/install/px4_msgs/include/px4_msgs/px4_msgs/msg/detail/offboard_control_mode__functions.h\n'}
[1.281510] (px4_msgs) StdoutLine: {'line': b'-- Up-to-date: /home/mcfb/ros2_ws/install/px4_msgs/include/px4_msgs/px4_msgs/msg/detail/actuator_armed__type_support.h\n'}
[1.281549] (px4_msgs) StdoutLine: {'line': b'-- Up-to-date: /home/mcfb/ros2_ws/install/px4_msgs/include/px4_msgs/px4_msgs/msg/detail/landing_target_innovations__functions.h\n'}
[1.281587] (px4_msgs) StdoutLine: {'line': b'-- Up-to-date: /home/mcfb/ros2_ws/install/px4_msgs/include/px4_msgs/px4_msgs/msg/detail/mavlink_tunnel__type_support.h\n'}
[1.281627] (px4_msgs) StdoutLine: {'line': b'-- Up-to-date: /home/mcfb/ros2_ws/install/px4_msgs/include/px4_msgs/px4_msgs/msg/detail/vehicle_control_mode__type_support.h\n'}
[1.281672] (px4_msgs) StdoutLine: {'line': b'-- Up-to-date: /home/mcfb/ros2_ws/install/px4_msgs/include/px4_msgs/px4_msgs/msg/detail/position_setpoint_triplet__description.c\n'}
[1.281712] (px4_msgs) StdoutLine: {'line': b'-- Up-to-date: /home/mcfb/ros2_ws/install/px4_msgs/include/px4_msgs/px4_msgs/msg/detail/estimator_bias3d__functions.c\n'}
[1.281750] (px4_msgs) StdoutLine: {'line': b'-- Up-to-date: /home/mcfb/ros2_ws/install/px4_msgs/include/px4_msgs/px4_msgs/msg/detail/geofence_result__type_support.h\n'}
[1.281788] (px4_msgs) StdoutLine: {'line': b'-- Up-to-date: /home/mcfb/ros2_ws/install/px4_msgs/include/px4_msgs/px4_msgs/msg/detail/estimator_status_flags__type_support.h\n'}
[1.281839] (px4_msgs) StdoutLine: {'line': b'-- Up-to-date: /home/mcfb/ros2_ws/install/px4_msgs/include/px4_msgs/px4_msgs/msg/detail/open_drone_id_self_id__description.c\n'}
[1.281883] (px4_msgs) StdoutLine: {'line': b'-- Up-to-date: /home/mcfb/ros2_ws/install/px4_msgs/include/px4_msgs/px4_msgs/msg/detail/flight_phase_estimation__functions.h\n'}
[1.282030] (px4_msgs) StdoutLine: {'line': b'-- Up-to-date: /home/mcfb/ros2_ws/install/px4_msgs/include/px4_msgs/px4_msgs/msg/detail/vehicle_optical_flow_vel__struct.h\n'}
[1.282069] (px4_msgs) StdoutLine: {'line': b'-- Up-to-date: /home/mcfb/ros2_ws/install/px4_msgs/include/px4_msgs/px4_msgs/msg/detail/log_message__functions.h\n'}
[1.282108] (px4_msgs) StdoutLine: {'line': b'-- Up-to-date: /home/mcfb/ros2_ws/install/px4_msgs/include/px4_msgs/px4_msgs/msg/detail/vehicle_magnetometer__functions.c\n'}
[1.282149] (px4_msgs) StdoutLine: {'line': b'-- Up-to-date: /home/mcfb/ros2_ws/install/px4_msgs/include/px4_msgs/px4_msgs/msg/detail/airspeed_validated__functions.c\n'}
[1.282188] (px4_msgs) StdoutLine: {'line': b'-- Installing: /home/mcfb/ros2_ws/install/px4_msgs/include/px4_msgs/px4_msgs/msg/detail/vehicle_control_mode__type_support.c\n'}
[1.282234] (px4_msgs) StdoutLine: {'line': b'-- Up-to-date: /home/mcfb/ros2_ws/install/px4_msgs/include/px4_msgs/px4_msgs/msg/detail/ulog_stream_ack__type_support.h\n'}
[1.282285] (px4_msgs) StdoutLine: {'line': b'-- Installing: /home/mcfb/ros2_ws/install/px4_msgs/include/px4_msgs/px4_msgs/msg/detail/normalized_unsigned_setpoint__type_support.c\n'}
[1.282453] (px4_msgs) StdoutLine: {'line': b'-- Up-to-date: /home/mcfb/ros2_ws/install/px4_msgs/include/px4_msgs/px4_msgs/msg/detail/vehicle_optical_flow_vel__description.c\n'}
[1.282524] (px4_msgs) StdoutLine: {'line': b'-- Up-to-date: /home/mcfb/ros2_ws/install/px4_msgs/include/px4_msgs/px4_msgs/msg/detail/estimator_bias3d__description.c\n'}
[1.282583] (px4_msgs) StdoutLine: {'line': b'-- Up-to-date: /home/mcfb/ros2_ws/install/px4_msgs/include/px4_msgs/px4_msgs/msg/detail/trajectory_setpoint6dof__functions.c\n'}
[1.282650] (px4_msgs) StdoutLine: {'line': b'-- Up-to-date: /home/mcfb/ros2_ws/install/px4_msgs/include/px4_msgs/px4_msgs/msg/detail/vehicle_local_position__struct.h\n'}
[1.282864] (px4_msgs) StdoutLine: {'line': b'-- Up-to-date: /home/mcfb/ros2_ws/install/px4_msgs/include/px4_msgs/px4_msgs/msg/detail/debug_vect__struct.h\n'}
[1.283064] (px4_msgs) StdoutLine: {'line': b'-- Up-to-date: /home/mcfb/ros2_ws/install/px4_msgs/include/px4_msgs/px4_msgs/msg/detail/battery_info__description.c\n'}
[1.283315] (px4_msgs) StdoutLine: {'line': b'-- Up-to-date: /home/mcfb/ros2_ws/install/px4_msgs/include/px4_msgs/px4_msgs/msg/detail/rover_speed_status__functions.h\n'}
[1.283427] (px4_msgs) StdoutLine: {'line': b'-- Up-to-date: /home/mcfb/ros2_ws/install/px4_msgs/include/px4_msgs/px4_msgs/msg/detail/mavlink_log__type_support.h\n'}
[1.283479] (px4_msgs) StdoutLine: {'line': b'-- Installing: /home/mcfb/ros2_ws/install/px4_msgs/include/px4_msgs/px4_msgs/msg/detail/heater_status__type_support.c\n'}
[1.283526] (px4_msgs) StdoutLine: {'line': b'-- Up-to-date: /home/mcfb/ros2_ws/install/px4_msgs/include/px4_msgs/px4_msgs/msg/detail/task_stack_info__description.c\n'}
[1.283571] (px4_msgs) StdoutLine: {'line': b'-- Installing: /home/mcfb/ros2_ws/install/px4_msgs/include/px4_msgs/px4_msgs/msg/detail/camera_capture__type_support.c\n'}
[1.283615] (px4_msgs) StdoutLine: {'line': b'-- Up-to-date: /home/mcfb/ros2_ws/install/px4_msgs/include/px4_msgs/px4_msgs/msg/detail/orb_test__type_support.h\n'}
[1.283666] (px4_msgs) StdoutLine: {'line': b'-- Up-to-date: /home/mcfb/ros2_ws/install/px4_msgs/include/px4_msgs/px4_msgs/msg/detail/neural_control__struct.h\n'}
[1.283733] (px4_msgs) StdoutLine: {'line': b'-- Up-to-date: /home/mcfb/ros2_ws/install/px4_msgs/include/px4_msgs/px4_msgs/msg/detail/vehicle_roi__functions.h\n'}
[1.283789] (px4_msgs) StdoutLine: {'line': b'-- Up-to-date: /home/mcfb/ros2_ws/install/px4_msgs/include/px4_msgs/px4_msgs/msg/detail/geofence_result__functions.c\n'}
[1.283861] (px4_msgs) StdoutLine: {'line': b'-- Up-to-date: /home/mcfb/ros2_ws/install/px4_msgs/include/px4_msgs/px4_msgs/msg/detail/pps_capture__struct.h\n'}
[1.283918] (px4_msgs) StdoutLine: {'line': b'-- Installing: /home/mcfb/ros2_ws/install/px4_msgs/include/px4_msgs/px4_msgs/msg/detail/message_format_response__type_support.c\n'}
[1.284167] (px4_msgs) StdoutLine: {'line': b'-- Up-to-date: /home/mcfb/ros2_ws/install/px4_msgs/include/px4_msgs/px4_msgs/msg/detail/debug_vect__functions.c\n'}
[1.284252] (px4_msgs) StdoutLine: {'line': b'-- Up-to-date: /home/mcfb/ros2_ws/install/px4_msgs/include/px4_msgs/px4_msgs/msg/detail/parameter_set_value_request__functions.h\n'}
[1.284311] (px4_msgs) StdoutLine: {'line': b'-- Up-to-date: /home/mcfb/ros2_ws/install/px4_msgs/include/px4_msgs/px4_msgs/msg/detail/vehicle_constraints__struct.h\n'}
[1.284367] (px4_msgs) StdoutLine: {'line': b'-- Up-to-date: /home/mcfb/ros2_ws/install/px4_msgs/include/px4_msgs/px4_msgs/msg/detail/uavcan_parameter_value__functions.c\n'}
[1.284485] (px4_msgs) StdoutLine: {'line': b'-- Up-to-date: /home/mcfb/ros2_ws/install/px4_msgs/include/px4_msgs/px4_msgs/msg/detail/camera_status__description.c\n'}
[1.284528] (px4_msgs) StdoutLine: {'line': b'-- Installing: /home/mcfb/ros2_ws/install/px4_msgs/include/px4_msgs/px4_msgs/msg/detail/estimator_selector_status__type_support.c\n'}
[1.284575] (px4_msgs) StdoutLine: {'line': b'-- Up-to-date: /home/mcfb/ros2_ws/install/px4_msgs/include/px4_msgs/px4_msgs/msg/detail/estimator_aid_source2d__type_support.h\n'}
[1.284618] (px4_msgs) StdoutLine: {'line': b'-- Up-to-date: /home/mcfb/ros2_ws/install/px4_msgs/include/px4_msgs/px4_msgs/msg/detail/geofence_status__type_support.h\n'}
[1.284660] (px4_msgs) StdoutLine: {'line': b'-- Up-to-date: /home/mcfb/ros2_ws/install/px4_msgs/include/px4_msgs/px4_msgs/msg/detail/internal_combustion_engine_control__type_support.h\n'}
[1.284722] (px4_msgs) StdoutLine: {'line': b'-- Installing: /home/mcfb/ros2_ws/install/px4_msgs/include/px4_msgs/px4_msgs/msg/detail/uavcan_parameter_request__type_support.c\n'}
[1.284776] (px4_msgs) StdoutLine: {'line': b'-- Up-to-date: /home/mcfb/ros2_ws/install/px4_msgs/include/px4_msgs/px4_msgs/msg/detail/message_format_request__functions.h\n'}
[1.284836] (px4_msgs) StdoutLine: {'line': b'-- Up-to-date: /home/mcfb/ros2_ws/install/px4_msgs/include/px4_msgs/px4_msgs/msg/detail/landing_gear_wheel__type_support.h\n'}
[1.284886] (px4_msgs) StdoutLine: {'line': b'-- Up-to-date: /home/mcfb/ros2_ws/install/px4_msgs/include/px4_msgs/px4_msgs/msg/detail/sensor_gnss_relative__functions.c\n'}
[1.284923] (px4_msgs) StdoutLine: {'line': b'-- Up-to-date: /home/mcfb/ros2_ws/install/px4_msgs/include/px4_msgs/px4_msgs/msg/detail/sensor_preflight_mag__functions.h\n'}
[1.284958] (px4_msgs) StdoutLine: {'line': b'-- Up-to-date: /home/mcfb/ros2_ws/install/px4_msgs/include/px4_msgs/px4_msgs/msg/detail/landing_gear_wheel__struct.h\n'}
[1.284998] (px4_msgs) StdoutLine: {'line': b'-- Up-to-date: /home/mcfb/ros2_ws/install/px4_msgs/include/px4_msgs/px4_msgs/msg/detail/differential_pressure__description.c\n'}
[1.285035] (px4_msgs) StdoutLine: {'line': b'-- Installing: /home/mcfb/ros2_ws/install/px4_msgs/include/px4_msgs/px4_msgs/msg/detail/mavlink_log__type_support.c\n'}
[1.285083] (px4_msgs) StdoutLine: {'line': b'-- Up-to-date: /home/mcfb/ros2_ws/install/px4_msgs/include/px4_msgs/px4_msgs/msg/detail/position_setpoint__description.c\n'}
[1.285122] (px4_msgs) StdoutLine: {'line': b'-- Up-to-date: /home/mcfb/ros2_ws/install/px4_msgs/include/px4_msgs/px4_msgs/msg/detail/orb_test_large__functions.c\n'}
[1.285162] (px4_msgs) StdoutLine: {'line': b'-- Up-to-date: /home/mcfb/ros2_ws/install/px4_msgs/include/px4_msgs/px4_msgs/msg/detail/vehicle_odometry__functions.h\n'}
[1.285214] (px4_msgs) StdoutLine: {'line': b'-- Up-to-date: /home/mcfb/ros2_ws/install/px4_msgs/include/px4_msgs/px4_msgs/msg/detail/rpm__type_support.h\n'}
[1.285263] (px4_msgs) StdoutLine: {'line': b'-- Installing: /home/mcfb/ros2_ws/install/px4_msgs/include/px4_msgs/px4_msgs/msg/detail/velocity_limits__type_support.c\n'}
[1.285306] (px4_msgs) StdoutLine: {'line': b'-- Up-to-date: /home/mcfb/ros2_ws/install/px4_msgs/include/px4_msgs/px4_msgs/msg/detail/vehicle_optical_flow_vel__functions.c\n'}
[1.285347] (px4_msgs) StdoutLine: {'line': b'-- Up-to-date: /home/mcfb/ros2_ws/install/px4_msgs/include/px4_msgs/px4_msgs/msg/detail/distance_sensor_mode_change_request__struct.h\n'}
[1.285424] (px4_msgs) StdoutLine: {'line': b'-- Installing: /home/mcfb/ros2_ws/install/px4_msgs/include/px4_msgs/px4_msgs/msg/detail/vehicle_imu__type_support.c\n'}
[1.285465] (px4_msgs) StdoutLine: {'line': b'-- Installing: /home/mcfb/ros2_ws/install/px4_msgs/include/px4_msgs/px4_msgs/msg/detail/orb_test_large__type_support.c\n'}
[1.285511] (px4_msgs) StdoutLine: {'line': b'-- Up-to-date: /home/mcfb/ros2_ws/install/px4_msgs/include/px4_msgs/px4_msgs/msg/detail/tune_control__functions.c\n'}
[1.285661] (px4_msgs) StdoutLine: {'line': b'-- Up-to-date: /home/mcfb/ros2_ws/install/px4_msgs/include/px4_msgs/px4_msgs/msg/detail/collision_constraints__functions.h\n'}
[1.303282] (-) TimerEvent: {}
[1.303511] (px4_msgs) StdoutLine: {'line': b'-- Up-to-date: /home/mcfb/ros2_ws/install/px4_msgs/include/px4_msgs/px4_msgs/msg/detail/hover_thrust_estimate__type_support.h\n'}
[1.303670] (px4_msgs) StdoutLine: {'line': b'-- Up-to-date: /home/mcfb/ros2_ws/install/px4_msgs/include/px4_msgs/px4_msgs/msg/detail/pure_pursuit_status__functions.c\n'}
[1.303744] (px4_msgs) StdoutLine: {'line': b'-- Up-to-date: /home/mcfb/ros2_ws/install/px4_msgs/include/px4_msgs/px4_msgs/msg/detail/takeoff_status__struct.h\n'}
[1.303810] (px4_msgs) StdoutLine: {'line': b'-- Up-to-date: /home/mcfb/ros2_ws/install/px4_msgs/include/px4_msgs/px4_msgs/msg/detail/rover_throttle_setpoint__functions.h\n'}
[1.303881] (px4_msgs) StdoutLine: {'line': b'-- Up-to-date: /home/mcfb/ros2_ws/install/px4_msgs/include/px4_msgs/px4_msgs/msg/detail/sensor_correction__type_support.h\n'}
[1.303943] (px4_msgs) StdoutLine: {'line': b'-- Up-to-date: /home/mcfb/ros2_ws/install/px4_msgs/include/px4_msgs/px4_msgs/msg/detail/fixed_wing_runway_control__functions.c\n'}
[1.304005] (px4_msgs) StdoutLine: {'line': b'-- Up-to-date: /home/mcfb/ros2_ws/install/px4_msgs/include/px4_msgs/px4_msgs/msg/detail/rc_channels__struct.h\n'}
[1.304061] (px4_msgs) StdoutLine: {'line': b'-- Up-to-date: /home/mcfb/ros2_ws/install/px4_msgs/include/px4_msgs/px4_msgs/msg/detail/magnetometer_bias_estimate__functions.c\n'}
[1.304139] (px4_msgs) StdoutLine: {'line': b'-- Up-to-date: /home/mcfb/ros2_ws/install/px4_msgs/include/px4_msgs/px4_msgs/msg/detail/satellite_info__description.c\n'}
[1.304293] (px4_msgs) StdoutLine: {'line': b'-- Up-to-date: /home/mcfb/ros2_ws/install/px4_msgs/include/px4_msgs/px4_msgs/msg/detail/vehicle_acceleration__functions.h\n'}
[1.304339] (px4_msgs) StdoutLine: {'line': b'-- Up-to-date: /home/mcfb/ros2_ws/install/px4_msgs/include/px4_msgs/px4_msgs/msg/detail/internal_combustion_engine_status__description.c\n'}
[1.304383] (px4_msgs) StdoutLine: {'line': b'-- Up-to-date: /home/mcfb/ros2_ws/install/px4_msgs/include/px4_msgs/px4_msgs/msg/detail/actuator_servos__description.c\n'}
[1.304424] (px4_msgs) StdoutLine: {'line': b'-- Up-to-date: /home/mcfb/ros2_ws/install/px4_msgs/include/px4_msgs/px4_msgs/msg/detail/dronecan_node_status__type_support.h\n'}
[1.304463] (px4_msgs) StdoutLine: {'line': b'-- Up-to-date: /home/mcfb/ros2_ws/install/px4_msgs/include/px4_msgs/px4_msgs/msg/detail/camera_trigger__functions.h\n'}
[1.304503] (px4_msgs) StdoutLine: {'line': b'-- Up-to-date: /home/mcfb/ros2_ws/install/px4_msgs/include/px4_msgs/px4_msgs/msg/detail/estimator_status_flags__struct.h\n'}
[1.304543] (px4_msgs) StdoutLine: {'line': b'-- Up-to-date: /home/mcfb/ros2_ws/install/px4_msgs/include/px4_msgs/px4_msgs/msg/detail/camera_trigger__description.c\n'}
[1.304585] (px4_msgs) StdoutLine: {'line': b'-- Up-to-date: /home/mcfb/ros2_ws/install/px4_msgs/include/px4_msgs/px4_msgs/msg/detail/velocity_limits__type_support.h\n'}
[1.304624] (px4_msgs) StdoutLine: {'line': b'-- Up-to-date: /home/mcfb/ros2_ws/install/px4_msgs/include/px4_msgs/px4_msgs/msg/detail/vehicle_roi__functions.c\n'}
[1.304663] (px4_msgs) StdoutLine: {'line': b'-- Up-to-date: /home/mcfb/ros2_ws/install/px4_msgs/include/px4_msgs/px4_msgs/msg/detail/sensor_gyro_fifo__functions.h\n'}
[1.304713] (px4_msgs) StdoutLine: {'line': b'-- Up-to-date: /home/mcfb/ros2_ws/install/px4_msgs/include/px4_msgs/px4_msgs/msg/detail/esc_report__functions.h\n'}
[1.304814] (px4_msgs) StdoutLine: {'line': b'-- Installing: /home/mcfb/ros2_ws/install/px4_msgs/include/px4_msgs/px4_msgs/msg/detail/input_rc__type_support.c\n'}
[1.304862] (px4_msgs) StdoutLine: {'line': b'-- Installing: /home/mcfb/ros2_ws/install/px4_msgs/include/px4_msgs/px4_msgs/msg/detail/sensor_hygrometer__type_support.c\n'}
[1.304903] (px4_msgs) StdoutLine: {'line': b'-- Up-to-date: /home/mcfb/ros2_ws/install/px4_msgs/include/px4_msgs/px4_msgs/msg/detail/wind__struct.h\n'}
[1.304946] (px4_msgs) StdoutLine: {'line': b'-- Up-to-date: /home/mcfb/ros2_ws/install/px4_msgs/include/px4_msgs/px4_msgs/msg/detail/takeoff_status__functions.h\n'}
[1.304987] (px4_msgs) StdoutLine: {'line': b'-- Up-to-date: /home/mcfb/ros2_ws/install/px4_msgs/include/px4_msgs/px4_msgs/msg/detail/radio_status__type_support.h\n'}
[1.305026] (px4_msgs) StdoutLine: {'line': b'-- Up-to-date: /home/mcfb/ros2_ws/install/px4_msgs/include/px4_msgs/px4_msgs/msg/detail/sensor_accel__struct.h\n'}
[1.305064] (px4_msgs) StdoutLine: {'line': b'-- Up-to-date: /home/mcfb/ros2_ws/install/px4_msgs/include/px4_msgs/px4_msgs/msg/detail/velocity_limits__functions.h\n'}
[1.305105] (px4_msgs) StdoutLine: {'line': b'-- Up-to-date: /home/mcfb/ros2_ws/install/px4_msgs/include/px4_msgs/px4_msgs/msg/detail/distance_sensor__description.c\n'}
[1.305148] (px4_msgs) StdoutLine: {'line': b'-- Up-to-date: /home/mcfb/ros2_ws/install/px4_msgs/include/px4_msgs/px4_msgs/msg/detail/estimator_aid_source3d__functions.c\n'}
[1.305191] (px4_msgs) StdoutLine: {'line': b'-- Up-to-date: /home/mcfb/ros2_ws/install/px4_msgs/include/px4_msgs/px4_msgs/msg/detail/uavcan_parameter_request__type_support.h\n'}
[1.305233] (px4_msgs) StdoutLine: {'line': b'-- Up-to-date: /home/mcfb/ros2_ws/install/px4_msgs/include/px4_msgs/px4_msgs/msg/detail/wind__functions.c\n'}
[1.305272] (px4_msgs) StdoutLine: {'line': b'-- Up-to-date: /home/mcfb/ros2_ws/install/px4_msgs/include/px4_msgs/px4_msgs/msg/detail/dataman_response__type_support.h\n'}
[1.305315] (px4_msgs) StdoutLine: {'line': b'-- Up-to-date: /home/mcfb/ros2_ws/install/px4_msgs/include/px4_msgs/px4_msgs/msg/detail/parameter_set_value_response__type_support.h\n'}
[1.305355] (px4_msgs) StdoutLine: {'line': b'-- Up-to-date: /home/mcfb/ros2_ws/install/px4_msgs/include/px4_msgs/px4_msgs/msg/detail/rate_ctrl_status__struct.h\n'}
[1.305397] (px4_msgs) StdoutLine: {'line': b'-- Installing: /home/mcfb/ros2_ws/install/px4_msgs/include/px4_msgs/px4_msgs/msg/detail/vehicle_angular_acceleration_setpoint__type_support.c\n'}
[1.305437] (px4_msgs) StdoutLine: {'line': b'-- Up-to-date: /home/mcfb/ros2_ws/install/px4_msgs/include/px4_msgs/px4_msgs/msg/detail/landing_gear_wheel__functions.h\n'}
[1.305478] (px4_msgs) StdoutLine: {'line': b'-- Up-to-date: /home/mcfb/ros2_ws/install/px4_msgs/include/px4_msgs/px4_msgs/msg/detail/logger_status__functions.c\n'}
[1.305520] (px4_msgs) StdoutLine: {'line': b'-- Up-to-date: /home/mcfb/ros2_ws/install/px4_msgs/include/px4_msgs/px4_msgs/msg/detail/airspeed_validated__struct.h\n'}
[1.305561] (px4_msgs) StdoutLine: {'line': b'-- Up-to-date: /home/mcfb/ros2_ws/install/px4_msgs/include/px4_msgs/px4_msgs/msg/detail/sensor_gnss_relative__description.c\n'}
[1.305600] (px4_msgs) StdoutLine: {'line': b'-- Up-to-date: /home/mcfb/ros2_ws/install/px4_msgs/include/px4_msgs/px4_msgs/msg/detail/log_message__functions.c\n'}
[1.305639] (px4_msgs) StdoutLine: {'line': b'-- Installing: /home/mcfb/ros2_ws/install/px4_msgs/include/px4_msgs/px4_msgs/msg/detail/gimbal_manager_set_attitude__type_support.c\n'}
[1.305678] (px4_msgs) StdoutLine: {'line': b'-- Up-to-date: /home/mcfb/ros2_ws/install/px4_msgs/include/px4_msgs/px4_msgs/msg/detail/task_stack_info__functions.c\n'}
[1.305718] (px4_msgs) StdoutLine: {'line': b'-- Up-to-date: /home/mcfb/ros2_ws/install/px4_msgs/include/px4_msgs/px4_msgs/msg/detail/gpio_request__description.c\n'}
[1.305961] (px4_msgs) StdoutLine: {'line': b'-- Up-to-date: /home/mcfb/ros2_ws/install/px4_msgs/include/px4_msgs/px4_msgs/msg/detail/parameter_reset_request__struct.h\n'}
[1.306097] (px4_msgs) StdoutLine: {'line': b'-- Installing: /home/mcfb/ros2_ws/install/px4_msgs/include/px4_msgs/px4_msgs/msg/detail/camera_status__type_support.c\n'}
[1.306164] (px4_msgs) StdoutLine: {'line': b'-- Up-to-date: /home/mcfb/ros2_ws/install/px4_msgs/include/px4_msgs/px4_msgs/msg/detail/rate_ctrl_status__type_support.h\n'}
[1.306219] (px4_msgs) StdoutLine: {'line': b'-- Up-to-date: /home/mcfb/ros2_ws/install/px4_msgs/include/px4_msgs/px4_msgs/msg/detail/debug_vect__description.c\n'}
[1.306268] (px4_msgs) StdoutLine: {'line': b'-- Up-to-date: /home/mcfb/ros2_ws/install/px4_msgs/include/px4_msgs/px4_msgs/msg/detail/fixed_wing_lateral_status__type_support.h\n'}
[1.306314] (px4_msgs) StdoutLine: {'line': b'-- Up-to-date: /home/mcfb/ros2_ws/install/px4_msgs/include/px4_msgs/px4_msgs/msg/detail/vehicle_imu__struct.h\n'}
[1.306364] (px4_msgs) StdoutLine: {'line': b'-- Up-to-date: /home/mcfb/ros2_ws/install/px4_msgs/include/px4_msgs/px4_msgs/msg/detail/unregister_ext_component__functions.h\n'}
[1.306415] (px4_msgs) StdoutLine: {'line': b'-- Up-to-date: /home/mcfb/ros2_ws/install/px4_msgs/include/px4_msgs/px4_msgs/msg/detail/orb_test__description.c\n'}
[1.306526] (px4_msgs) StdoutLine: {'line': b'-- Up-to-date: /home/mcfb/ros2_ws/install/px4_msgs/include/px4_msgs/px4_msgs/msg/detail/estimator_bias3d__type_support.h\n'}
[1.306567] (px4_msgs) StdoutLine: {'line': b'-- Up-to-date: /home/mcfb/ros2_ws/install/px4_msgs/include/px4_msgs/px4_msgs/msg/detail/tiltrotor_extra_controls__struct.h\n'}
[1.306604] (px4_msgs) StdoutLine: {'line': b'-- Installing: /home/mcfb/ros2_ws/install/px4_msgs/include/px4_msgs/px4_msgs/msg/detail/landing_target_pose__type_support.c\n'}
[1.306642] (px4_msgs) StdoutLine: {'line': b'-- Up-to-date: /home/mcfb/ros2_ws/install/px4_msgs/include/px4_msgs/px4_msgs/msg/detail/ping__functions.h\n'}
[1.306685] (px4_msgs) StdoutLine: {'line': b'-- Up-to-date: /home/mcfb/ros2_ws/install/px4_msgs/include/px4_msgs/px4_msgs/msg/detail/gps_inject_data__functions.c\n'}
[1.306725] (px4_msgs) StdoutLine: {'line': b'-- Up-to-date: /home/mcfb/ros2_ws/install/px4_msgs/include/px4_msgs/px4_msgs/msg/detail/rover_steering_setpoint__type_support.h\n'}
[1.306788] (px4_msgs) StdoutLine: {'line': b'-- Up-to-date: /home/mcfb/ros2_ws/install/px4_msgs/include/px4_msgs/px4_msgs/msg/detail/vehicle_constraints__type_support.h\n'}
[1.306897] (px4_msgs) StdoutLine: {'line': b'-- Up-to-date: /home/mcfb/ros2_ws/install/px4_msgs/include/px4_msgs/px4_msgs/msg/detail/cpuload__struct.h\n'}
[1.306991] (px4_msgs) StdoutLine: {'line': b'-- Up-to-date: /home/mcfb/ros2_ws/install/px4_msgs/include/px4_msgs/px4_msgs/msg/detail/open_drone_id_system__functions.h\n'}
[1.307039] (px4_msgs) StdoutLine: {'line': b'-- Up-to-date: /home/mcfb/ros2_ws/install/px4_msgs/include/px4_msgs/px4_msgs/msg/detail/rover_steering_setpoint__functions.h\n'}
[1.307094] (px4_msgs) StdoutLine: {'line': b'-- Up-to-date: /home/mcfb/ros2_ws/install/px4_msgs/include/px4_msgs/px4_msgs/msg/detail/flight_phase_estimation__struct.h\n'}
[1.307146] (px4_msgs) StdoutLine: {'line': b'-- Up-to-date: /home/mcfb/ros2_ws/install/px4_msgs/include/px4_msgs/px4_msgs/msg/detail/battery_info__functions.h\n'}
[1.307197] (px4_msgs) StdoutLine: {'line': b'-- Up-to-date: /home/mcfb/ros2_ws/install/px4_msgs/include/px4_msgs/px4_msgs/msg/detail/orb_test_medium__functions.h\n'}
[1.307295] (px4_msgs) StdoutLine: {'line': b'-- Installing: /home/mcfb/ros2_ws/install/px4_msgs/include/px4_msgs/px4_msgs/msg/detail/dataman_request__type_support.c\n'}
[1.307350] (px4_msgs) StdoutLine: {'line': b'-- Up-to-date: /home/mcfb/ros2_ws/install/px4_msgs/include/px4_msgs/px4_msgs/msg/detail/orbit_status__struct.h\n'}
[1.307410] (px4_msgs) StdoutLine: {'line': b'-- Up-to-date: /home/mcfb/ros2_ws/install/px4_msgs/include/px4_msgs/px4_msgs/msg/detail/orbit_status__description.c\n'}
[1.307511] (px4_msgs) StdoutLine: {'line': b'-- Up-to-date: /home/mcfb/ros2_ws/install/px4_msgs/include/px4_msgs/px4_msgs/msg/detail/obstacle_distance__struct.h\n'}
[1.307564] (px4_msgs) StdoutLine: {'line': b'-- Up-to-date: /home/mcfb/ros2_ws/install/px4_msgs/include/px4_msgs/px4_msgs/msg/detail/obstacle_distance__functions.h\n'}
[1.307694] (px4_msgs) StdoutLine: {'line': b'-- Up-to-date: /home/mcfb/ros2_ws/install/px4_msgs/include/px4_msgs/px4_msgs/msg/detail/px4io_status__struct.h\n'}
[1.307749] (px4_msgs) StdoutLine: {'line': b'-- Installing: /home/mcfb/ros2_ws/install/px4_msgs/include/px4_msgs/px4_msgs/msg/detail/open_drone_id_system__type_support.c\n'}
[1.307802] (px4_msgs) StdoutLine: {'line': b'-- Up-to-date: /home/mcfb/ros2_ws/install/px4_msgs/include/px4_msgs/px4_msgs/msg/detail/can_interface_status__functions.h\n'}
[1.307872] (px4_msgs) StdoutLine: {'line': b'-- Up-to-date: /home/mcfb/ros2_ws/install/px4_msgs/include/px4_msgs/px4_msgs/msg/detail/estimator_aid_source1d__description.c\n'}
[1.307925] (px4_msgs) StdoutLine: {'line': b'-- Installing: /home/mcfb/ros2_ws/install/px4_msgs/include/px4_msgs/px4_msgs/msg/detail/fuel_tank_status__type_support.c\n'}
[1.307978] (px4_msgs) StdoutLine: {'line': b'-- Up-to-date: /home/mcfb/ros2_ws/install/px4_msgs/include/px4_msgs/px4_msgs/msg/detail/parameter_reset_request__functions.c\n'}
[1.308028] (px4_msgs) StdoutLine: {'line': b'-- Up-to-date: /home/mcfb/ros2_ws/install/px4_msgs/include/px4_msgs/px4_msgs/msg/detail/estimator_states__functions.h\n'}
[1.308080] (px4_msgs) StdoutLine: {'line': b'-- Up-to-date: /home/mcfb/ros2_ws/install/px4_msgs/include/px4_msgs/px4_msgs/msg/detail/sensor_accel__functions.c\n'}
[1.308161] (px4_msgs) StdoutLine: {'line': b'-- Up-to-date: /home/mcfb/ros2_ws/install/px4_msgs/include/px4_msgs/px4_msgs/msg/detail/sensor_accel__description.c\n'}
[1.308294] (px4_msgs) StdoutLine: {'line': b'-- Up-to-date: /home/mcfb/ros2_ws/install/px4_msgs/include/px4_msgs/px4_msgs/msg/detail/longitudinal_control_configuration__functions.c\n'}
[1.308352] (px4_msgs) StdoutLine: {'line': b'-- Up-to-date: /home/mcfb/ros2_ws/install/px4_msgs/include/px4_msgs/px4_msgs/msg/detail/neural_control__functions.h\n'}
[1.308405] (px4_msgs) StdoutLine: {'line': b'-- Installing: /home/mcfb/ros2_ws/install/px4_msgs/include/px4_msgs/px4_msgs/msg/detail/rover_position_setpoint__type_support.c\n'}
[1.308457] (px4_msgs) StdoutLine: {'line': b'-- Up-to-date: /home/mcfb/ros2_ws/install/px4_msgs/include/px4_msgs/px4_msgs/msg/detail/vehicle_air_data__description.c\n'}
[1.308509] (px4_msgs) StdoutLine: {'line': b'-- Installing: /home/mcfb/ros2_ws/install/px4_msgs/include/px4_msgs/px4_msgs/msg/detail/manual_control_setpoint__type_support.c\n'}
[1.308580] (px4_msgs) StdoutLine: {'line': b'-- Up-to-date: /home/mcfb/ros2_ws/install/px4_msgs/include/px4_msgs/px4_msgs/msg/detail/parameter_set_used_request__functions.c\n'}
[1.308635] (px4_msgs) StdoutLine: {'line': b'-- Up-to-date: /home/mcfb/ros2_ws/install/px4_msgs/include/px4_msgs/px4_msgs/msg/detail/satellite_info__type_support.h\n'}
[1.308693] (px4_msgs) StdoutLine: {'line': b'-- Up-to-date: /home/mcfb/ros2_ws/install/px4_msgs/include/px4_msgs/px4_msgs/msg/detail/estimator_aid_source3d__struct.h\n'}
[1.308755] (px4_msgs) StdoutLine: {'line': b'-- Up-to-date: /home/mcfb/ros2_ws/install/px4_msgs/include/px4_msgs/px4_msgs/msg/detail/vehicle_command__type_support.h\n'}
[1.308805] (px4_msgs) StdoutLine: {'line': b'-- Installing: /home/mcfb/ros2_ws/install/px4_msgs/include/px4_msgs/px4_msgs/msg/detail/landing_gear__type_support.c\n'}
[1.308861] (px4_msgs) StdoutLine: {'line': b'-- Up-to-date: /home/mcfb/ros2_ws/install/px4_msgs/include/px4_msgs/px4_msgs/msg/detail/airspeed__description.c\n'}
[1.308910] (px4_msgs) StdoutLine: {'line': b'-- Up-to-date: /home/mcfb/ros2_ws/install/px4_msgs/include/px4_msgs/px4_msgs/msg/detail/dataman_request__type_support.h\n'}
[1.308960] (px4_msgs) StdoutLine: {'line': b'-- Up-to-date: /home/mcfb/ros2_ws/install/px4_msgs/include/px4_msgs/px4_msgs/msg/detail/qshell_req__functions.c\n'}
[1.309009] (px4_msgs) StdoutLine: {'line': b'-- Up-to-date: /home/mcfb/ros2_ws/install/px4_msgs/include/px4_msgs/px4_msgs/msg/detail/gimbal_manager_status__functions.h\n'}
[1.309059] (px4_msgs) StdoutLine: {'line': b'-- Up-to-date: /home/mcfb/ros2_ws/install/px4_msgs/include/px4_msgs/px4_msgs/msg/detail/sensor_uwb__struct.h\n'}
[1.309184] (px4_msgs) StdoutLine: {'line': b'-- Up-to-date: /home/mcfb/ros2_ws/install/px4_msgs/include/px4_msgs/px4_msgs/msg/detail/estimator_gps_status__description.c\n'}
[1.309239] (px4_msgs) StdoutLine: {'line': b'-- Up-to-date: /home/mcfb/ros2_ws/install/px4_msgs/include/px4_msgs/px4_msgs/msg/detail/airspeed__functions.c\n'}
[1.309292] (px4_msgs) StdoutLine: {'line': b'-- Up-to-date: /home/mcfb/ros2_ws/install/px4_msgs/include/px4_msgs/px4_msgs/msg/detail/can_interface_status__type_support.h\n'}
[1.309344] (px4_msgs) StdoutLine: {'line': b'-- Up-to-date: /home/mcfb/ros2_ws/install/px4_msgs/include/px4_msgs/px4_msgs/msg/detail/rc_channels__description.c\n'}
[1.309407] (px4_msgs) StdoutLine: {'line': b'-- Up-to-date: /home/mcfb/ros2_ws/install/px4_msgs/include/px4_msgs/px4_msgs/msg/detail/rover_throttle_setpoint__description.c\n'}
[1.309458] (px4_msgs) StdoutLine: {'line': b'-- Installing: /home/mcfb/ros2_ws/install/px4_msgs/include/px4_msgs/px4_msgs/msg/detail/orbit_status__type_support.c\n'}
[1.309580] (px4_msgs) StdoutLine: {'line': b'-- Up-to-date: /home/mcfb/ros2_ws/install/px4_msgs/include/px4_msgs/px4_msgs/msg/detail/fixed_wing_lateral_setpoint__struct.h\n'}
[1.309636] (px4_msgs) StdoutLine: {'line': b'-- Up-to-date: /home/mcfb/ros2_ws/install/px4_msgs/include/px4_msgs/px4_msgs/msg/detail/estimator_aid_source1d__type_support.h\n'}
[1.309689] (px4_msgs) StdoutLine: {'line': b'-- Up-to-date: /home/mcfb/ros2_ws/install/px4_msgs/include/px4_msgs/px4_msgs/msg/detail/estimator_states__description.c\n'}
[1.309740] (px4_msgs) StdoutLine: {'line': b'-- Installing: /home/mcfb/ros2_ws/install/px4_msgs/include/px4_msgs/px4_msgs/msg/detail/gripper__type_support.c\n'}
[1.309790] (px4_msgs) StdoutLine: {'line': b'-- Installing: /home/mcfb/ros2_ws/install/px4_msgs/include/px4_msgs/px4_msgs/msg/detail/tune_control__type_support.c\n'}
[1.309842] (px4_msgs) StdoutLine: {'line': b'-- Installing: /home/mcfb/ros2_ws/install/px4_msgs/include/px4_msgs/px4_msgs/msg/detail/rtl_time_estimate__type_support.c\n'}
[1.309893] (px4_msgs) StdoutLine: {'line': b'-- Up-to-date: /home/mcfb/ros2_ws/install/px4_msgs/include/px4_msgs/px4_msgs/msg/detail/pwm_input__functions.h\n'}
[1.309943] (px4_msgs) StdoutLine: {'line': b'-- Installing: /home/mcfb/ros2_ws/install/px4_msgs/include/px4_msgs/px4_msgs/msg/detail/transponder_report__type_support.c\n'}
[1.310006] (px4_msgs) StdoutLine: {'line': b'-- Installing: /home/mcfb/ros2_ws/install/px4_msgs/include/px4_msgs/px4_msgs/msg/detail/parameter_set_value_response__type_support.c\n'}
[1.310055] (px4_msgs) StdoutLine: {'line': b'-- Installing: /home/mcfb/ros2_ws/install/px4_msgs/include/px4_msgs/px4_msgs/msg/detail/logger_status__type_support.c\n'}
[1.310118] (px4_msgs) StdoutLine: {'line': b'-- Up-to-date: /home/mcfb/ros2_ws/install/px4_msgs/include/px4_msgs/px4_msgs/msg/detail/airspeed_wind__struct.h\n'}
[1.310166] (px4_msgs) StdoutLine: {'line': b'-- Up-to-date: /home/mcfb/ros2_ws/install/px4_msgs/include/px4_msgs/px4_msgs/msg/detail/lateral_control_configuration__functions.c\n'}
[1.310215] (px4_msgs) StdoutLine: {'line': b'-- Up-to-date: /home/mcfb/ros2_ws/install/px4_msgs/include/px4_msgs/px4_msgs/msg/detail/tiltrotor_extra_controls__description.c\n'}
[1.310347] (px4_msgs) StdoutLine: {'line': b'-- Up-to-date: /home/mcfb/ros2_ws/install/px4_msgs/include/px4_msgs/px4_msgs/msg/detail/sensor_optical_flow__functions.c\n'}
[1.310404] (px4_msgs) StdoutLine: {'line': b'-- Up-to-date: /home/mcfb/ros2_ws/install/px4_msgs/include/px4_msgs/px4_msgs/msg/detail/rc_parameter_map__struct.h\n'}
[1.310461] (px4_msgs) StdoutLine: {'line': b'-- Up-to-date: /home/mcfb/ros2_ws/install/px4_msgs/include/px4_msgs/px4_msgs/msg/detail/uavcan_parameter_request__functions.h\n'}
[1.310502] (px4_msgs) StdoutLine: {'line': b'-- Up-to-date: /home/mcfb/ros2_ws/install/px4_msgs/include/px4_msgs/px4_msgs/msg/detail/vehicle_thrust_setpoint__functions.h\n'}
[1.310542] (px4_msgs) StdoutLine: {'line': b'-- Up-to-date: /home/mcfb/ros2_ws/install/px4_msgs/include/px4_msgs/px4_msgs/msg/detail/estimator_event_flags__functions.c\n'}
[1.310908] (px4_msgs) StdoutLine: {'line': b'-- Up-to-date: /home/mcfb/ros2_ws/install/px4_msgs/include/px4_msgs/px4_msgs/msg/detail/position_setpoint_triplet__type_support.h\n'}
[1.310994] (px4_msgs) StdoutLine: {'line': b'-- Up-to-date: /home/mcfb/ros2_ws/install/px4_msgs/include/px4_msgs/px4_msgs/msg/detail/led_control__description.c\n'}
[1.311057] (px4_msgs) StdoutLine: {'line': b'-- Up-to-date: /home/mcfb/ros2_ws/install/px4_msgs/include/px4_msgs/px4_msgs/msg/detail/fuel_tank_status__functions.c\n'}
[1.311115] (px4_msgs) StdoutLine: {'line': b'-- Up-to-date: /home/mcfb/ros2_ws/install/px4_msgs/include/px4_msgs/px4_msgs/msg/detail/actuator_armed__struct.h\n'}
[1.311169] (px4_msgs) StdoutLine: {'line': b'-- Up-to-date: /home/mcfb/ros2_ws/install/px4_msgs/include/px4_msgs/px4_msgs/msg/detail/gimbal_controls__functions.h\n'}
[1.311224] (px4_msgs) StdoutLine: {'line': b'-- Up-to-date: /home/mcfb/ros2_ws/install/px4_msgs/include/px4_msgs/px4_msgs/msg/detail/vehicle_attitude_setpoint__functions.h\n'}
[1.311279] (px4_msgs) StdoutLine: {'line': b'-- Up-to-date: /home/mcfb/ros2_ws/install/px4_msgs/include/px4_msgs/px4_msgs/msg/detail/debug_vect__type_support.h\n'}
[1.311331] (px4_msgs) StdoutLine: {'line': b'-- Up-to-date: /home/mcfb/ros2_ws/install/px4_msgs/include/px4_msgs/px4_msgs/msg/detail/vehicle_torque_setpoint__description.c\n'}
[1.311386] (px4_msgs) StdoutLine: {'line': b'-- Up-to-date: /home/mcfb/ros2_ws/install/px4_msgs/include/px4_msgs/px4_msgs/msg/detail/vehicle_angular_velocity__type_support.h\n'}
[1.311439] (px4_msgs) StdoutLine: {'line': b'-- Up-to-date: /home/mcfb/ros2_ws/install/px4_msgs/include/px4_msgs/px4_msgs/msg/detail/mag_worker_data__type_support.h\n'}
[1.311493] (px4_msgs) StdoutLine: {'line': b'-- Up-to-date: /home/mcfb/ros2_ws/install/px4_msgs/include/px4_msgs/px4_msgs/msg/detail/rover_attitude_setpoint__struct.h\n'}
[1.311542] (px4_msgs) StdoutLine: {'line': b'-- Up-to-date: /home/mcfb/ros2_ws/install/px4_msgs/include/px4_msgs/px4_msgs/msg/detail/esc_status__description.c\n'}
[1.311592] (px4_msgs) StdoutLine: {'line': b'-- Up-to-date: /home/mcfb/ros2_ws/install/px4_msgs/include/px4_msgs/px4_msgs/msg/detail/task_stack_info__type_support.h\n'}
[1.311714] (px4_msgs) StdoutLine: {'line': b'-- Up-to-date: /home/mcfb/ros2_ws/install/px4_msgs/include/px4_msgs/px4_msgs/msg/detail/orb_test_medium__description.c\n'}
[1.311911] (px4_msgs) StdoutLine: {'line': b'-- Up-to-date: /home/mcfb/ros2_ws/install/px4_msgs/include/px4_msgs/px4_msgs/msg/detail/rover_rate_status__struct.h\n'}
[1.311987] (px4_msgs) StdoutLine: {'line': b'-- Up-to-date: /home/mcfb/ros2_ws/install/px4_msgs/include/px4_msgs/px4_msgs/msg/detail/fixed_wing_longitudinal_setpoint__functions.c\n'}
[1.312058] (px4_msgs) StdoutLine: {'line': b'-- Up-to-date: /home/mcfb/ros2_ws/install/px4_msgs/include/px4_msgs/px4_msgs/msg/detail/action_request__description.c\n'}
[1.312136] (px4_msgs) StdoutLine: {'line': b'-- Installing: /home/mcfb/ros2_ws/install/px4_msgs/include/px4_msgs/px4_msgs/msg/detail/open_drone_id_arm_status__type_support.c\n'}
[1.312211] (px4_msgs) StdoutLine: {'line': b'-- Up-to-date: /home/mcfb/ros2_ws/install/px4_msgs/include/px4_msgs/px4_msgs/msg/detail/open_drone_id_arm_status__functions.h\n'}
[1.312284] (px4_msgs) StdoutLine: {'line': b'-- Up-to-date: /home/mcfb/ros2_ws/install/px4_msgs/include/px4_msgs/px4_msgs/msg/detail/rover_rate_setpoint__functions.h\n'}
[1.312358] (px4_msgs) StdoutLine: {'line': b'-- Up-to-date: /home/mcfb/ros2_ws/install/px4_msgs/include/px4_msgs/px4_msgs/msg/detail/battery_info__type_support.h\n'}
[1.312430] (px4_msgs) StdoutLine: {'line': b'-- Up-to-date: /home/mcfb/ros2_ws/install/px4_msgs/include/px4_msgs/px4_msgs/msg/detail/rtl_time_estimate__description.c\n'}
[1.312506] (px4_msgs) StdoutLine: {'line': b'-- Up-to-date: /home/mcfb/ros2_ws/install/px4_msgs/include/px4_msgs/px4_msgs/msg/detail/vehicle_attitude__struct.h\n'}
[1.312578] (px4_msgs) StdoutLine: {'line': b'-- Up-to-date: /home/mcfb/ros2_ws/install/px4_msgs/include/px4_msgs/px4_msgs/msg/detail/vehicle_attitude_setpoint__struct.h\n'}
[1.312764] (px4_msgs) StdoutLine: {'line': b'-- Up-to-date: /home/mcfb/ros2_ws/install/px4_msgs/include/px4_msgs/px4_msgs/msg/detail/vehicle_local_position__type_support.h\n'}
[1.312818] (px4_msgs) StdoutLine: {'line': b'-- Up-to-date: /home/mcfb/ros2_ws/install/px4_msgs/include/px4_msgs/px4_msgs/msg/detail/gimbal_manager_set_manual_control__description.c\n'}
[1.312876] (px4_msgs) StdoutLine: {'line': b'-- Up-to-date: /home/mcfb/ros2_ws/install/px4_msgs/include/px4_msgs/px4_msgs/msg/detail/distance_sensor_mode_change_request__type_support.h\n'}
[1.312928] (px4_msgs) StdoutLine: {'line': b'-- Up-to-date: /home/mcfb/ros2_ws/install/px4_msgs/include/px4_msgs/px4_msgs/msg/detail/estimator_sensor_bias__struct.h\n'}
[1.313097] (px4_msgs) StdoutLine: {'line': b'-- Up-to-date: /home/mcfb/ros2_ws/install/px4_msgs/include/px4_msgs/px4_msgs/msg/detail/radio_status__description.c\n'}
[1.313152] (px4_msgs) StdoutLine: {'line': b'-- Up-to-date: /home/mcfb/ros2_ws/install/px4_msgs/include/px4_msgs/px4_msgs/msg/detail/dronecan_node_status__struct.h\n'}
[1.313204] (px4_msgs) StdoutLine: {'line': b'-- Up-to-date: /home/mcfb/ros2_ws/install/px4_msgs/include/px4_msgs/px4_msgs/msg/detail/tune_control__type_support.h\n'}
[1.313258] (px4_msgs) StdoutLine: {'line': b'-- Up-to-date: /home/mcfb/ros2_ws/install/px4_msgs/include/px4_msgs/px4_msgs/msg/detail/position_controller_status__functions.h\n'}
[1.313308] (px4_msgs) StdoutLine: {'line': b'-- Up-to-date: /home/mcfb/ros2_ws/install/px4_msgs/include/px4_msgs/px4_msgs/msg/detail/position_controller_status__description.c\n'}
[1.313358] (px4_msgs) StdoutLine: {'line': b'-- Up-to-date: /home/mcfb/ros2_ws/install/px4_msgs/include/px4_msgs/px4_msgs/msg/detail/landing_target_innovations__type_support.h\n'}
[1.313411] (px4_msgs) StdoutLine: {'line': b'-- Up-to-date: /home/mcfb/ros2_ws/install/px4_msgs/include/px4_msgs/px4_msgs/msg/detail/rover_speed_setpoint__description.c\n'}
[1.313464] (px4_msgs) StdoutLine: {'line': b'-- Up-to-date: /home/mcfb/ros2_ws/install/px4_msgs/include/px4_msgs/px4_msgs/msg/detail/tune_control__description.c\n'}
[1.313514] (px4_msgs) StdoutLine: {'line': b'-- Installing: /home/mcfb/ros2_ws/install/px4_msgs/include/px4_msgs/px4_msgs/msg/detail/offboard_control_mode__type_support.c\n'}
[1.313565] (px4_msgs) StdoutLine: {'line': b'-- Up-to-date: /home/mcfb/ros2_ws/install/px4_msgs/include/px4_msgs/px4_msgs/msg/detail/figure_eight_status__type_support.h\n'}
[1.313615] (px4_msgs) StdoutLine: {'line': b'-- Up-to-date: /home/mcfb/ros2_ws/install/px4_msgs/include/px4_msgs/px4_msgs/msg/detail/trajectory_setpoint6dof__type_support.h\n'}
[1.313663] (px4_msgs) StdoutLine: {'line': b'-- Up-to-date: /home/mcfb/ros2_ws/install/px4_msgs/include/px4_msgs/px4_msgs/msg/detail/home_position__type_support.h\n'}
[1.313713] (px4_msgs) StdoutLine: {'line': b'-- Up-to-date: /home/mcfb/ros2_ws/install/px4_msgs/include/px4_msgs/px4_msgs/msg/detail/launch_detection_status__functions.h\n'}
[1.313761] (px4_msgs) StdoutLine: {'line': b'-- Installing: /home/mcfb/ros2_ws/install/px4_msgs/include/px4_msgs/px4_msgs/msg/detail/trajectory_setpoint6dof__type_support.c\n'}
[1.313810] (px4_msgs) StdoutLine: {'line': b'-- Up-to-date: /home/mcfb/ros2_ws/install/px4_msgs/include/px4_msgs/px4_msgs/msg/detail/orbit_status__functions.c\n'}
[1.313867] (px4_msgs) StdoutLine: {'line': b'-- Up-to-date: /home/mcfb/ros2_ws/install/px4_msgs/include/px4_msgs/px4_msgs/msg/detail/dataman_request__struct.h\n'}
[1.313917] (px4_msgs) StdoutLine: {'line': b'-- Installing: /home/mcfb/ros2_ws/install/px4_msgs/include/px4_msgs/px4_msgs/msg/detail/estimator_aid_source2d__type_support.c\n'}
[1.313967] (px4_msgs) StdoutLine: {'line': b'-- Up-to-date: /home/mcfb/ros2_ws/install/px4_msgs/include/px4_msgs/px4_msgs/msg/detail/debug_key_value__description.c\n'}
[1.314015] (px4_msgs) StdoutLine: {'line': b'-- Installing: /home/mcfb/ros2_ws/install/px4_msgs/include/px4_msgs/px4_msgs/msg/detail/home_position__type_support.c\n'}
[1.314063] (px4_msgs) StdoutLine: {'line': b'-- Up-to-date: /home/mcfb/ros2_ws/install/px4_msgs/include/px4_msgs/px4_msgs/msg/detail/event__type_support.h\n'}
[1.314133] (px4_msgs) StdoutLine: {'line': b'-- Up-to-date: /home/mcfb/ros2_ws/install/px4_msgs/include/px4_msgs/px4_msgs/msg/detail/position_controller_landing_status__struct.h\n'}
[1.314183] (px4_msgs) StdoutLine: {'line': b'-- Up-to-date: /home/mcfb/ros2_ws/install/px4_msgs/include/px4_msgs/px4_msgs/msg/detail/sensor_gyro__struct.h\n'}
[1.314410] (px4_msgs) StdoutLine: {'line': b'-- Up-to-date: /home/mcfb/ros2_ws/install/px4_msgs/include/px4_msgs/px4_msgs/msg/detail/rtl_time_estimate__type_support.h\n'}
[1.314486] (px4_msgs) StdoutLine: {'line': b'-- Up-to-date: /home/mcfb/ros2_ws/install/px4_msgs/include/px4_msgs/px4_msgs/msg/detail/rpm__description.c\n'}
[1.314556] (px4_msgs) StdoutLine: {'line': b'-- Up-to-date: /home/mcfb/ros2_ws/install/px4_msgs/include/px4_msgs/px4_msgs/msg/detail/differential_pressure__type_support.h\n'}
[1.314632] (px4_msgs) StdoutLine: {'line': b'-- Up-to-date: /home/mcfb/ros2_ws/install/px4_msgs/include/px4_msgs/px4_msgs/msg/detail/actuator_controls_status__type_support.h\n'}
[1.314705] (px4_msgs) StdoutLine: {'line': b'-- Up-to-date: /home/mcfb/ros2_ws/install/px4_msgs/include/px4_msgs/px4_msgs/msg/detail/sensor_preflight_mag__struct.h\n'}
[1.314779] (px4_msgs) StdoutLine: {'line': b'-- Up-to-date: /home/mcfb/ros2_ws/install/px4_msgs/include/px4_msgs/px4_msgs/msg/detail/flight_phase_estimation__type_support.h\n'}
[1.314857] (px4_msgs) StdoutLine: {'line': b'-- Up-to-date: /home/mcfb/ros2_ws/install/px4_msgs/include/px4_msgs/px4_msgs/msg/detail/log_message__description.c\n'}
[1.314932] (px4_msgs) StdoutLine: {'line': b'-- Up-to-date: /home/mcfb/ros2_ws/install/px4_msgs/include/px4_msgs/px4_msgs/msg/detail/camera_trigger__type_support.h\n'}
[1.315001] (px4_msgs) StdoutLine: {'line': b'-- Up-to-date: /home/mcfb/ros2_ws/install/px4_msgs/include/px4_msgs/px4_msgs/msg/detail/actuator_outputs__functions.h\n'}
[1.315073] (px4_msgs) StdoutLine: {'line': b'-- Up-to-date: /home/mcfb/ros2_ws/install/px4_msgs/include/px4_msgs/px4_msgs/msg/detail/vehicle_odometry__functions.c\n'}
[1.315169] (px4_msgs) StdoutLine: {'line': b'-- Up-to-date: /home/mcfb/ros2_ws/install/px4_msgs/include/px4_msgs/px4_msgs/msg/detail/cellular_status__type_support.h\n'}
[1.315257] (px4_msgs) StdoutLine: {'line': b'-- Installing: /home/mcfb/ros2_ws/install/px4_msgs/include/px4_msgs/px4_msgs/msg/detail/health_report__type_support.c\n'}
[1.315440] (px4_msgs) StdoutLine: {'line': b'-- Installing: /home/mcfb/ros2_ws/install/px4_msgs/include/px4_msgs/px4_msgs/msg/detail/distance_sensor_mode_change_request__type_support.c\n'}
[1.315674] (px4_msgs) StdoutLine: {'line': b'-- Installing: /home/mcfb/ros2_ws/install/px4_msgs/include/px4_msgs/px4_msgs/msg/detail/vtol_vehicle_status__type_support.c\n'}
[1.315775] (px4_msgs) StdoutLine: {'line': b'-- Up-to-date: /home/mcfb/ros2_ws/install/px4_msgs/include/px4_msgs/px4_msgs/msg/detail/parameter_set_used_request__functions.h\n'}
[1.316008] (px4_msgs) StdoutLine: {'line': b'-- Up-to-date: /home/mcfb/ros2_ws/install/px4_msgs/include/px4_msgs/px4_msgs/msg/detail/fuel_tank_status__struct.h\n'}
[1.316119] (px4_msgs) StdoutLine: {'line': b'-- Installing: /home/mcfb/ros2_ws/install/px4_msgs/include/px4_msgs/px4_msgs/msg/detail/radio_status__type_support.c\n'}
[1.316163] (px4_msgs) StdoutLine: {'line': b'-- Up-to-date: /home/mcfb/ros2_ws/install/px4_msgs/include/px4_msgs/px4_msgs/msg/detail/parameter_update__description.c\n'}
[1.316230] (px4_msgs) StdoutLine: {'line': b'-- Up-to-date: /home/mcfb/ros2_ws/install/px4_msgs/include/px4_msgs/px4_msgs/msg/detail/sensor_hygrometer__functions.h\n'}
[1.316276] (px4_msgs) StdoutLine: {'line': b'-- Installing: /home/mcfb/ros2_ws/install/px4_msgs/include/px4_msgs/px4_msgs/msg/detail/distance_sensor__type_support.c\n'}
[1.316319] (px4_msgs) StdoutLine: {'line': b'-- Up-to-date: /home/mcfb/ros2_ws/install/px4_msgs/include/px4_msgs/px4_msgs/msg/detail/iridiumsbd_status__struct.h\n'}
[1.316376] (px4_msgs) StdoutLine: {'line': b'-- Up-to-date: /home/mcfb/ros2_ws/install/px4_msgs/include/px4_msgs/px4_msgs/msg/detail/parameter_update__type_support.h\n'}
[1.316667] (px4_msgs) StdoutLine: {'line': b'-- Up-to-date: /home/mcfb/ros2_ws/install/px4_msgs/include/px4_msgs/px4_msgs/msg/detail/wheel_encoders__struct.h\n'}
[1.316748] (px4_msgs) StdoutLine: {'line': b'-- Up-to-date: /home/mcfb/ros2_ws/install/px4_msgs/include/px4_msgs/px4_msgs/msg/detail/rover_position_setpoint__functions.c\n'}
[1.316811] (px4_msgs) StdoutLine: {'line': b'-- Installing: /home/mcfb/ros2_ws/install/px4_msgs/include/px4_msgs/px4_msgs/msg/detail/pure_pursuit_status__type_support.c\n'}
[1.316879] (px4_msgs) StdoutLine: {'line': b'-- Up-to-date: /home/mcfb/ros2_ws/install/px4_msgs/include/px4_msgs/px4_msgs/msg/detail/sensor_baro__struct.h\n'}
[1.316941] (px4_msgs) StdoutLine: {'line': b'-- Up-to-date: /home/mcfb/ros2_ws/install/px4_msgs/include/px4_msgs/px4_msgs/msg/detail/tecs_status__type_support.h\n'}
[1.317005] (px4_msgs) StdoutLine: {'line': b'-- Up-to-date: /home/mcfb/ros2_ws/install/px4_msgs/include/px4_msgs/px4_msgs/msg/detail/power_button_state__description.c\n'}
[1.317057] (px4_msgs) StdoutLine: {'line': b'-- Up-to-date: /home/mcfb/ros2_ws/install/px4_msgs/include/px4_msgs/px4_msgs/msg/detail/sensor_hygrometer__struct.h\n'}
[1.317108] (px4_msgs) StdoutLine: {'line': b'-- Up-to-date: /home/mcfb/ros2_ws/install/px4_msgs/include/px4_msgs/px4_msgs/msg/detail/debug_key_value__functions.c\n'}
[1.317164] (px4_msgs) StdoutLine: {'line': b'-- Up-to-date: /home/mcfb/ros2_ws/install/px4_msgs/include/px4_msgs/px4_msgs/msg/detail/camera_status__functions.h\n'}
[1.317701] (px4_msgs) StdoutLine: {'line': b'-- Up-to-date: /home/mcfb/ros2_ws/install/px4_msgs/include/px4_msgs/px4_msgs/msg/detail/arming_check_reply__functions.c\n'}
[1.317842] (px4_msgs) StdoutLine: {'line': b'-- Installing: /home/mcfb/ros2_ws/install/px4_msgs/include/px4_msgs/px4_msgs/msg/detail/fixed_wing_longitudinal_setpoint__type_support.c\n'}
[1.317910] (px4_msgs) StdoutLine: {'line': b'-- Installing: /home/mcfb/ros2_ws/install/px4_msgs/include/px4_msgs/px4_msgs/msg/detail/estimator_event_flags__type_support.c\n'}
[1.317966] (px4_msgs) StdoutLine: {'line': b'-- Up-to-date: /home/mcfb/ros2_ws/install/px4_msgs/include/px4_msgs/px4_msgs/msg/detail/neural_control__functions.c\n'}
[1.318006] (px4_msgs) StdoutLine: {'line': b'-- Up-to-date: /home/mcfb/ros2_ws/install/px4_msgs/include/px4_msgs/px4_msgs/msg/detail/arming_check_request__struct.h\n'}
[1.318046] (px4_msgs) StdoutLine: {'line': b'-- Up-to-date: /home/mcfb/ros2_ws/install/px4_msgs/include/px4_msgs/px4_msgs/msg/detail/follow_target__functions.h\n'}
[1.318087] (px4_msgs) StdoutLine: {'line': b'-- Up-to-date: /home/mcfb/ros2_ws/install/px4_msgs/include/px4_msgs/px4_msgs/msg/detail/sensor_hygrometer__functions.c\n'}
[1.318141] (px4_msgs) StdoutLine: {'line': b'-- Up-to-date: /home/mcfb/ros2_ws/install/px4_msgs/include/px4_msgs/px4_msgs/msg/detail/power_monitor__description.c\n'}
[1.318201] (px4_msgs) StdoutLine: {'line': b'-- Up-to-date: /home/mcfb/ros2_ws/install/px4_msgs/include/px4_msgs/px4_msgs/msg/detail/goto_setpoint__functions.h\n'}
[1.318244] (px4_msgs) StdoutLine: {'line': b'-- Up-to-date: /home/mcfb/ros2_ws/install/px4_msgs/include/px4_msgs/px4_msgs/msg/detail/orb_test__functions.c\n'}
[1.318283] (px4_msgs) StdoutLine: {'line': b'-- Up-to-date: /home/mcfb/ros2_ws/install/px4_msgs/include/px4_msgs/px4_msgs/msg/detail/adc_report__type_support.h\n'}
[1.318345] (px4_msgs) StdoutLine: {'line': b'-- Up-to-date: /home/mcfb/ros2_ws/install/px4_msgs/include/px4_msgs/px4_msgs/msg/detail/rtl_status__description.c\n'}
[1.318407] (px4_msgs) StdoutLine: {'line': b'-- Up-to-date: /home/mcfb/ros2_ws/install/px4_msgs/include/px4_msgs/px4_msgs/msg/detail/normalized_unsigned_setpoint__functions.h\n'}
[1.318465] (px4_msgs) StdoutLine: {'line': b'-- Up-to-date: /home/mcfb/ros2_ws/install/px4_msgs/include/px4_msgs/px4_msgs/msg/detail/open_drone_id_operator_id__description.c\n'}
[1.318530] (px4_msgs) StdoutLine: {'line': b'-- Installing: /home/mcfb/ros2_ws/install/px4_msgs/include/px4_msgs/px4_msgs/msg/detail/vehicle_constraints__type_support.c\n'}
[1.318693] (px4_msgs) StdoutLine: {'line': b'-- Up-to-date: /home/mcfb/ros2_ws/install/px4_msgs/include/px4_msgs/px4_msgs/msg/detail/onboard_computer_status__type_support.h\n'}
[1.318767] (px4_msgs) StdoutLine: {'line': b'-- Installing: /home/mcfb/ros2_ws/install/px4_msgs/include/px4_msgs/px4_msgs/msg/detail/tecs_status__type_support.c\n'}
[1.318832] (px4_msgs) StdoutLine: {'line': b'-- Installing: /home/mcfb/ros2_ws/install/px4_msgs/include/px4_msgs/px4_msgs/msg/detail/estimator_innovations__type_support.c\n'}
[1.318897] (px4_msgs) StdoutLine: {'line': b'-- Up-to-date: /home/mcfb/ros2_ws/install/px4_msgs/include/px4_msgs/px4_msgs/msg/detail/ping__description.c\n'}
[1.318952] (px4_msgs) StdoutLine: {'line': b'-- Up-to-date: /home/mcfb/ros2_ws/install/px4_msgs/include/px4_msgs/px4_msgs/msg/detail/vehicle_rates_setpoint__struct.h\n'}
[1.318998] (px4_msgs) StdoutLine: {'line': b'-- Up-to-date: /home/mcfb/ros2_ws/install/px4_msgs/include/px4_msgs/px4_msgs/msg/detail/obstacle_distance__functions.c\n'}
[1.319047] (px4_msgs) StdoutLine: {'line': b'-- Installing: /home/mcfb/ros2_ws/install/px4_msgs/include/px4_msgs/px4_msgs/msg/detail/manual_control_switches__type_support.c\n'}
[1.319104] (px4_msgs) StdoutLine: {'line': b'-- Up-to-date: /home/mcfb/ros2_ws/install/px4_msgs/include/px4_msgs/px4_msgs/msg/detail/landing_target_pose__functions.h\n'}
[1.319160] (px4_msgs) StdoutLine: {'line': b'-- Up-to-date: /home/mcfb/ros2_ws/install/px4_msgs/include/px4_msgs/px4_msgs/msg/detail/transponder_report__description.c\n'}
[1.319214] (px4_msgs) StdoutLine: {'line': b'-- Up-to-date: /home/mcfb/ros2_ws/install/px4_msgs/include/px4_msgs/px4_msgs/msg/detail/camera_status__functions.c\n'}
[1.319256] (px4_msgs) StdoutLine: {'line': b'-- Up-to-date: /home/mcfb/ros2_ws/install/px4_msgs/include/px4_msgs/px4_msgs/msg/detail/gimbal_device_attitude_status__type_support.h\n'}
[1.319297] (px4_msgs) StdoutLine: {'line': b'-- Up-to-date: /home/mcfb/ros2_ws/install/px4_msgs/include/px4_msgs/px4_msgs/msg/detail/vehicle_torque_setpoint__functions.c\n'}
[1.319338] (px4_msgs) StdoutLine: {'line': b'-- Up-to-date: /home/mcfb/ros2_ws/install/px4_msgs/include/px4_msgs/px4_msgs/msg/detail/normalized_unsigned_setpoint__functions.c\n'}
[1.319379] (px4_msgs) StdoutLine: {'line': b'-- Up-to-date: /home/mcfb/ros2_ws/install/px4_msgs/include/px4_msgs/px4_msgs/msg/detail/rover_rate_setpoint__struct.h\n'}
[1.319418] (px4_msgs) StdoutLine: {'line': b'-- Up-to-date: /home/mcfb/ros2_ws/install/px4_msgs/include/px4_msgs/px4_msgs/msg/detail/vehicle_angular_acceleration_setpoint__type_support.h\n'}
[1.319460] (px4_msgs) StdoutLine: {'line': b'-- Up-to-date: /home/mcfb/ros2_ws/install/px4_msgs/include/px4_msgs/px4_msgs/msg/detail/fixed_wing_runway_control__description.c\n'}
[1.319812] (px4_msgs) StdoutLine: {'line': b'-- Up-to-date: /home/mcfb/ros2_ws/install/px4_msgs/include/px4_msgs/px4_msgs/msg/detail/vehicle_optical_flow__type_support.h\n'}
[1.319895] (px4_msgs) StdoutLine: {'line': b'-- Up-to-date: /home/mcfb/ros2_ws/install/px4_msgs/include/px4_msgs/px4_msgs/msg/detail/failure_detector_status__struct.h\n'}
[1.319942] (px4_msgs) StdoutLine: {'line': b'-- Up-to-date: /home/mcfb/ros2_ws/install/px4_msgs/include/px4_msgs/px4_msgs/msg/detail/esc_status__functions.c\n'}
[1.320087] (px4_msgs) StdoutLine: {'line': b'-- Up-to-date: /home/mcfb/ros2_ws/install/px4_msgs/include/px4_msgs/px4_msgs/msg/detail/debug_array__functions.h\n'}
[1.320262] (px4_msgs) StdoutLine: {'line': b'-- Up-to-date: /home/mcfb/ros2_ws/install/px4_msgs/include/px4_msgs/px4_msgs/msg/detail/magnetometer_bias_estimate__functions.h\n'}
[1.320345] (px4_msgs) StdoutLine: {'line': b'-- Up-to-date: /home/mcfb/ros2_ws/install/px4_msgs/include/px4_msgs/px4_msgs/msg/detail/failure_detector_status__type_support.h\n'}
[1.320401] (px4_msgs) StdoutLine: {'line': b'-- Up-to-date: /home/mcfb/ros2_ws/install/px4_msgs/include/px4_msgs/px4_msgs/msg/detail/mission__functions.c\n'}
[1.320462] (px4_msgs) StdoutLine: {'line': b'-- Up-to-date: /home/mcfb/ros2_ws/install/px4_msgs/include/px4_msgs/px4_msgs/msg/detail/fixed_wing_lateral_status__functions.h\n'}
[1.320666] (px4_msgs) StdoutLine: {'line': b'-- Up-to-date: /home/mcfb/ros2_ws/install/px4_msgs/include/px4_msgs/px4_msgs/msg/detail/sensor_preflight_mag__functions.c\n'}
[1.320835] (px4_msgs) StdoutLine: {'line': b'-- Up-to-date: /home/mcfb/ros2_ws/install/px4_msgs/include/px4_msgs/px4_msgs/msg/detail/rover_speed_status__functions.c\n'}
[1.320917] (px4_msgs) StdoutLine: {'line': b'-- Installing: /home/mcfb/ros2_ws/install/px4_msgs/include/px4_msgs/px4_msgs/msg/detail/gimbal_manager_status__type_support.c\n'}
[1.321043] (px4_msgs) StdoutLine: {'line': b'-- Up-to-date: /home/mcfb/ros2_ws/install/px4_msgs/include/px4_msgs/px4_msgs/msg/detail/camera_capture__functions.h\n'}
[1.321114] (px4_msgs) StdoutLine: {'line': b'-- Up-to-date: /home/mcfb/ros2_ws/install/px4_msgs/include/px4_msgs/px4_msgs/msg/detail/mission__type_support.h\n'}
[1.321156] (px4_msgs) StdoutLine: {'line': b'-- Installing: /home/mcfb/ros2_ws/install/px4_msgs/include/px4_msgs/px4_msgs/msg/detail/vehicle_optical_flow_vel__type_support.c\n'}
[1.321198] (px4_msgs) StdoutLine: {'line': b'-- Up-to-date: /home/mcfb/ros2_ws/install/px4_msgs/include/px4_msgs/px4_msgs/msg/detail/rover_position_setpoint__description.c\n'}
[1.321246] (px4_msgs) StdoutLine: {'line': b'-- Up-to-date: /home/mcfb/ros2_ws/install/px4_msgs/include/px4_msgs/px4_msgs/msg/detail/qshell_retval__functions.c\n'}
[1.321383] (px4_msgs) StdoutLine: {'line': b'-- Up-to-date: /home/mcfb/ros2_ws/install/px4_msgs/include/px4_msgs/px4_msgs/msg/detail/velocity_limits__struct.h\n'}
[1.321469] (px4_msgs) StdoutLine: {'line': b'-- Up-to-date: /home/mcfb/ros2_ws/install/px4_msgs/include/px4_msgs/px4_msgs/msg/detail/manual_control_setpoint__functions.c\n'}
[1.321553] (px4_msgs) StdoutLine: {'line': b'-- Up-to-date: /home/mcfb/ros2_ws/install/px4_msgs/include/px4_msgs/px4_msgs/msg/detail/rtl_time_estimate__struct.h\n'}
[1.321597] (px4_msgs) StdoutLine: {'line': b'-- Up-to-date: /home/mcfb/ros2_ws/install/px4_msgs/include/px4_msgs/px4_msgs/msg/detail/gpio_config__struct.h\n'}
[1.321636] (px4_msgs) StdoutLine: {'line': b'-- Up-to-date: /home/mcfb/ros2_ws/install/px4_msgs/include/px4_msgs/px4_msgs/msg/detail/arming_check_reply__type_support.h\n'}
[1.321677] (px4_msgs) StdoutLine: {'line': b'-- Installing: /home/mcfb/ros2_ws/install/px4_msgs/include/px4_msgs/px4_msgs/msg/detail/actuator_armed__type_support.c\n'}
[1.321723] (px4_msgs) StdoutLine: {'line': b'-- Up-to-date: /home/mcfb/ros2_ws/install/px4_msgs/include/px4_msgs/px4_msgs/msg/detail/distance_sensor__struct.h\n'}
[1.321779] (px4_msgs) StdoutLine: {'line': b'-- Up-to-date: /home/mcfb/ros2_ws/install/px4_msgs/include/px4_msgs/px4_msgs/msg/detail/input_rc__struct.h\n'}
[1.321840] (px4_msgs) StdoutLine: {'line': b'-- Up-to-date: /home/mcfb/ros2_ws/install/px4_msgs/include/px4_msgs/px4_msgs/msg/detail/dataman_response__functions.h\n'}
[1.321892] (px4_msgs) StdoutLine: {'line': b'-- Up-to-date: /home/mcfb/ros2_ws/install/px4_msgs/include/px4_msgs/px4_msgs/msg/detail/position_controller_status__functions.c\n'}
[1.321945] (px4_msgs) StdoutLine: {'line': b'-- Up-to-date: /home/mcfb/ros2_ws/install/px4_msgs/include/px4_msgs/px4_msgs/msg/detail/qshell_req__struct.h\n'}
[1.321998] (px4_msgs) StdoutLine: {'line': b'-- Installing: /home/mcfb/ros2_ws/install/px4_msgs/include/px4_msgs/px4_msgs/msg/detail/trajectory_setpoint__type_support.c\n'}
[1.322048] (px4_msgs) StdoutLine: {'line': b'-- Up-to-date: /home/mcfb/ros2_ws/install/px4_msgs/include/px4_msgs/px4_msgs/msg/detail/gimbal_device_set_attitude__functions.c\n'}
[1.322164] (px4_msgs) StdoutLine: {'line': b'-- Up-to-date: /home/mcfb/ros2_ws/install/px4_msgs/include/px4_msgs/px4_msgs/msg/detail/actuator_armed__functions.h\n'}
[1.322378] (px4_msgs) StdoutLine: {'line': b'-- Installing: /home/mcfb/ros2_ws/install/px4_msgs/include/px4_msgs/px4_msgs/msg/detail/follow_target_estimator__type_support.c\n'}
[1.322448] (px4_msgs) StdoutLine: {'line': b'-- Up-to-date: /home/mcfb/ros2_ws/install/px4_msgs/include/px4_msgs/px4_msgs/msg/detail/generator_status__functions.h\n'}
[1.322506] (px4_msgs) StdoutLine: {'line': b'-- Up-to-date: /home/mcfb/ros2_ws/install/px4_msgs/include/px4_msgs/px4_msgs/msg/detail/airspeed__functions.h\n'}
[1.322590] (px4_msgs) StdoutLine: {'line': b'-- Up-to-date: /home/mcfb/ros2_ws/install/px4_msgs/include/px4_msgs/px4_msgs/msg/detail/trajectory_setpoint6dof__functions.h\n'}
[1.322634] (px4_msgs) StdoutLine: {'line': b'-- Up-to-date: /home/mcfb/ros2_ws/install/px4_msgs/include/px4_msgs/px4_msgs/msg/detail/gimbal_device_information__type_support.h\n'}
[1.322677] (px4_msgs) StdoutLine: {'line': b'-- Installing: /home/mcfb/ros2_ws/install/px4_msgs/include/px4_msgs/px4_msgs/msg/detail/sensor_uwb__type_support.c\n'}
[1.322732] (px4_msgs) StdoutLine: {'line': b'-- Up-to-date: /home/mcfb/ros2_ws/install/px4_msgs/include/px4_msgs/px4_msgs/msg/detail/rover_rate_setpoint__description.c\n'}
[1.322781] (px4_msgs) StdoutLine: {'line': b'-- Up-to-date: /home/mcfb/ros2_ws/install/px4_msgs/include/px4_msgs/px4_msgs/msg/detail/estimator_status__type_support.h\n'}
[1.322846] (px4_msgs) StdoutLine: {'line': b'-- Up-to-date: /home/mcfb/ros2_ws/install/px4_msgs/include/px4_msgs/px4_msgs/msg/detail/follow_target_estimator__struct.h\n'}
[1.322896] (px4_msgs) StdoutLine: {'line': b'-- Up-to-date: /home/mcfb/ros2_ws/install/px4_msgs/include/px4_msgs/px4_msgs/msg/detail/sensor_airflow__description.c\n'}
[1.322958] (px4_msgs) StdoutLine: {'line': b'-- Up-to-date: /home/mcfb/ros2_ws/install/px4_msgs/include/px4_msgs/px4_msgs/msg/detail/mavlink_log__functions.c\n'}
[1.323004] (px4_msgs) StdoutLine: {'line': b'-- Up-to-date: /home/mcfb/ros2_ws/install/px4_msgs/include/px4_msgs/px4_msgs/msg/detail/vehicle_command_ack__struct.h\n'}
[1.323046] (px4_msgs) StdoutLine: {'line': b'-- Up-to-date: /home/mcfb/ros2_ws/install/px4_msgs/include/px4_msgs/px4_msgs/msg/detail/sensor_correction__description.c\n'}
[1.323138] (px4_msgs) StdoutLine: {'line': b'-- Up-to-date: /home/mcfb/ros2_ws/install/px4_msgs/include/px4_msgs/px4_msgs/msg/detail/config_overrides__type_support.h\n'}
[1.323371] (px4_msgs) StdoutLine: {'line': b'-- Up-to-date: /home/mcfb/ros2_ws/install/px4_msgs/include/px4_msgs/px4_msgs/msg/detail/gimbal_device_set_attitude__functions.h\n'}
[1.323427] (px4_msgs) StdoutLine: {'line': b'-- Up-to-date: /home/mcfb/ros2_ws/install/px4_msgs/include/px4_msgs/px4_msgs/msg/detail/tune_control__functions.h\n'}
[1.323472] (px4_msgs) StdoutLine: {'line': b'-- Up-to-date: /home/mcfb/ros2_ws/install/px4_msgs/include/px4_msgs/px4_msgs/msg/detail/follow_target_status__functions.h\n'}
[1.323513] (px4_msgs) StdoutLine: {'line': b'-- Up-to-date: /home/mcfb/ros2_ws/install/px4_msgs/include/px4_msgs/px4_msgs/msg/detail/sensors_status__description.c\n'}
[1.323554] (px4_msgs) StdoutLine: {'line': b'-- Up-to-date: /home/mcfb/ros2_ws/install/px4_msgs/include/px4_msgs/px4_msgs/msg/detail/gimbal_manager_status__description.c\n'}
[1.323598] (px4_msgs) StdoutLine: {'line': b'-- Up-to-date: /home/mcfb/ros2_ws/install/px4_msgs/include/px4_msgs/px4_msgs/msg/detail/autotune_attitude_control_status__type_support.h\n'}
[1.323642] (px4_msgs) StdoutLine: {'line': b'-- Up-to-date: /home/mcfb/ros2_ws/install/px4_msgs/include/px4_msgs/px4_msgs/msg/detail/vehicle_imu__description.c\n'}
[1.323684] (px4_msgs) StdoutLine: {'line': b'-- Installing: /home/mcfb/ros2_ws/install/px4_msgs/include/px4_msgs/px4_msgs/msg/detail/ping__type_support.c\n'}
[1.323846] (px4_msgs) StdoutLine: {'line': b'-- Up-to-date: /home/mcfb/ros2_ws/install/px4_msgs/include/px4_msgs/px4_msgs/msg/detail/parameter_reset_request__functions.h\n'}
[1.323892] (px4_msgs) StdoutLine: {'line': b'-- Up-to-date: /home/mcfb/ros2_ws/install/px4_msgs/include/px4_msgs/px4_msgs/msg/detail/open_drone_id_arm_status__description.c\n'}
[1.323931] (px4_msgs) StdoutLine: {'line': b'-- Up-to-date: /home/mcfb/ros2_ws/install/px4_msgs/include/px4_msgs/px4_msgs/msg/detail/ekf2_timestamps__struct.h\n'}
[1.323973] (px4_msgs) StdoutLine: {'line': b'-- Up-to-date: /home/mcfb/ros2_ws/install/px4_msgs/include/px4_msgs/px4_msgs/msg/detail/health_report__functions.c\n'}
[1.324010] (px4_msgs) StdoutLine: {'line': b'-- Up-to-date: /home/mcfb/ros2_ws/install/px4_msgs/include/px4_msgs/px4_msgs/msg/detail/gps_dump__struct.h\n'}
[1.324050] (px4_msgs) StdoutLine: {'line': b'-- Up-to-date: /home/mcfb/ros2_ws/install/px4_msgs/include/px4_msgs/px4_msgs/msg/detail/gps_inject_data__description.c\n'}
[1.324089] (px4_msgs) StdoutLine: {'line': b'-- Up-to-date: /home/mcfb/ros2_ws/install/px4_msgs/include/px4_msgs/px4_msgs/msg/detail/gpio_in__functions.c\n'}
[1.324126] (px4_msgs) StdoutLine: {'line': b'-- Up-to-date: /home/mcfb/ros2_ws/install/px4_msgs/include/px4_msgs/px4_msgs/msg/detail/gimbal_device_attitude_status__struct.h\n'}
[1.324164] (px4_msgs) StdoutLine: {'line': b'-- Up-to-date: /home/mcfb/ros2_ws/install/px4_msgs/include/px4_msgs/px4_msgs/msg/detail/rpm__functions.c\n'}
[1.324203] (px4_msgs) StdoutLine: {'line': b'-- Up-to-date: /home/mcfb/ros2_ws/install/px4_msgs/include/px4_msgs/px4_msgs/msg/detail/unregister_ext_component__struct.h\n'}
[1.324240] (px4_msgs) StdoutLine: {'line': b'-- Up-to-date: /home/mcfb/ros2_ws/install/px4_msgs/include/px4_msgs/px4_msgs/msg/detail/gps_inject_data__struct.h\n'}
[1.324276] (px4_msgs) StdoutLine: {'line': b'-- Up-to-date: /home/mcfb/ros2_ws/install/px4_msgs/include/px4_msgs/px4_msgs/msg/detail/config_overrides__description.c\n'}
[1.324314] (px4_msgs) StdoutLine: {'line': b'-- Up-to-date: /home/mcfb/ros2_ws/install/px4_msgs/include/px4_msgs/px4_msgs/msg/detail/register_ext_component_reply__description.c\n'}
[1.324352] (px4_msgs) StdoutLine: {'line': b'-- Up-to-date: /home/mcfb/ros2_ws/install/px4_msgs/include/px4_msgs/px4_msgs/msg/detail/fixed_wing_lateral_guidance_status__struct.h\n'}
[1.324389] (px4_msgs) StdoutLine: {'line': b'-- Up-to-date: /home/mcfb/ros2_ws/install/px4_msgs/include/px4_msgs/px4_msgs/msg/detail/gpio_request__functions.h\n'}
[1.324425] (px4_msgs) StdoutLine: {'line': b'-- Up-to-date: /home/mcfb/ros2_ws/install/px4_msgs/include/px4_msgs/px4_msgs/msg/detail/manual_control_switches__type_support.h\n'}
[1.324464] (px4_msgs) StdoutLine: {'line': b'-- Up-to-date: /home/mcfb/ros2_ws/install/px4_msgs/include/px4_msgs/px4_msgs/msg/detail/offboard_control_mode__struct.h\n'}
[1.324502] (px4_msgs) StdoutLine: {'line': b'-- Up-to-date: /home/mcfb/ros2_ws/install/px4_msgs/include/px4_msgs/px4_msgs/msg/detail/home_position__struct.h\n'}
[1.324541] (px4_msgs) StdoutLine: {'line': b'-- Up-to-date: /home/mcfb/ros2_ws/install/px4_msgs/include/px4_msgs/px4_msgs/msg/detail/orb_test_large__struct.h\n'}
[1.324579] (px4_msgs) StdoutLine: {'line': b'-- Up-to-date: /home/mcfb/ros2_ws/install/px4_msgs/include/px4_msgs/px4_msgs/msg/detail/vehicle_air_data__type_support.h\n'}
[1.324616] (px4_msgs) StdoutLine: {'line': b'-- Up-to-date: /home/mcfb/ros2_ws/install/px4_msgs/include/px4_msgs/px4_msgs/msg/detail/orb_test__struct.h\n'}
[1.324653] (px4_msgs) StdoutLine: {'line': b'-- Up-to-date: /home/mcfb/ros2_ws/install/px4_msgs/include/px4_msgs/px4_msgs/msg/detail/open_drone_id_operator_id__type_support.h\n'}
[1.324689] (px4_msgs) StdoutLine: {'line': b'-- Up-to-date: /home/mcfb/ros2_ws/install/px4_msgs/include/px4_msgs/px4_msgs/msg/detail/vehicle_control_mode__functions.c\n'}
[1.324727] (px4_msgs) StdoutLine: {'line': b'-- Up-to-date: /home/mcfb/ros2_ws/install/px4_msgs/include/px4_msgs/px4_msgs/msg/detail/gripper__type_support.h\n'}
[1.325007] (px4_msgs) StdoutLine: {'line': b'-- Up-to-date: /home/mcfb/ros2_ws/install/px4_msgs/include/px4_msgs/px4_msgs/msg/detail/vehicle_odometry__type_support.h\n'}
[1.325174] (px4_msgs) StdoutLine: {'line': b'-- Up-to-date: /home/mcfb/ros2_ws/install/px4_msgs/include/px4_msgs/px4_msgs/msg/detail/position_setpoint_triplet__functions.h\n'}
[1.325474] (px4_msgs) StdoutLine: {'line': b'-- Up-to-date: /home/mcfb/ros2_ws/install/px4_msgs/include/px4_msgs/px4_msgs/msg/detail/rate_ctrl_status__functions.c\n'}
[1.325545] (px4_msgs) StdoutLine: {'line': b'-- Up-to-date: /home/mcfb/ros2_ws/install/px4_msgs/include/px4_msgs/px4_msgs/msg/detail/sensors_status__struct.h\n'}
[1.325595] (px4_msgs) StdoutLine: {'line': b'-- Up-to-date: /home/mcfb/ros2_ws/install/px4_msgs/include/px4_msgs/px4_msgs/msg/detail/rc_channels__functions.c\n'}
[1.325700] (px4_msgs) StdoutLine: {'line': b'-- Up-to-date: /home/mcfb/ros2_ws/install/px4_msgs/include/px4_msgs/px4_msgs/msg/detail/power_monitor__type_support.h\n'}
[1.325743] (px4_msgs) StdoutLine: {'line': b'-- Installing: /home/mcfb/ros2_ws/install/px4_msgs/include/px4_msgs/px4_msgs/msg/detail/rover_rate_setpoint__type_support.c\n'}
[1.325783] (px4_msgs) StdoutLine: {'line': b'-- Up-to-date: /home/mcfb/ros2_ws/install/px4_msgs/include/px4_msgs/px4_msgs/msg/detail/trajectory_setpoint6dof__struct.h\n'}
[1.325830] (px4_msgs) StdoutLine: {'line': b'-- Up-to-date: /home/mcfb/ros2_ws/install/px4_msgs/include/px4_msgs/px4_msgs/msg/detail/fixed_wing_lateral_status__functions.c\n'}
[1.325873] (px4_msgs) StdoutLine: {'line': b'-- Up-to-date: /home/mcfb/ros2_ws/install/px4_msgs/include/px4_msgs/px4_msgs/msg/detail/onboard_computer_status__functions.h\n'}
[1.325917] (px4_msgs) StdoutLine: {'line': b'-- Up-to-date: /home/mcfb/ros2_ws/install/px4_msgs/include/px4_msgs/px4_msgs/msg/detail/navigator_status__type_support.h\n'}
[1.325955] (px4_msgs) StdoutLine: {'line': b'-- Up-to-date: /home/mcfb/ros2_ws/install/px4_msgs/include/px4_msgs/px4_msgs/msg/detail/timesync_status__functions.h\n'}
[1.325993] (px4_msgs) StdoutLine: {'line': b'-- Up-to-date: /home/mcfb/ros2_ws/install/px4_msgs/include/px4_msgs/px4_msgs/msg/detail/led_control__functions.h\n'}
[1.326034] (px4_msgs) StdoutLine: {'line': b'-- Up-to-date: /home/mcfb/ros2_ws/install/px4_msgs/include/px4_msgs/px4_msgs/msg/detail/longitudinal_control_configuration__struct.h\n'}
[1.326078] (px4_msgs) StdoutLine: {'line': b'-- Up-to-date: /home/mcfb/ros2_ws/install/px4_msgs/include/px4_msgs/px4_msgs/msg/detail/transponder_report__struct.h\n'}
[1.326120] (px4_msgs) StdoutLine: {'line': b'-- Up-to-date: /home/mcfb/ros2_ws/install/px4_msgs/include/px4_msgs/px4_msgs/msg/detail/estimator_selector_status__struct.h\n'}
[1.326166] (px4_msgs) StdoutLine: {'line': b'-- Up-to-date: /home/mcfb/ros2_ws/install/px4_msgs/include/px4_msgs/px4_msgs/msg/detail/parameter_set_value_response__description.c\n'}
[1.326209] (px4_msgs) StdoutLine: {'line': b'-- Installing: /home/mcfb/ros2_ws/install/px4_msgs/include/px4_msgs/px4_msgs/msg/detail/mode_completed__type_support.c\n'}
[1.326256] (px4_msgs) StdoutLine: {'line': b'-- Up-to-date: /home/mcfb/ros2_ws/install/px4_msgs/include/px4_msgs/px4_msgs/msg/detail/event__description.c\n'}
[1.326302] (px4_msgs) StdoutLine: {'line': b'-- Up-to-date: /home/mcfb/ros2_ws/install/px4_msgs/include/px4_msgs/px4_msgs/msg/detail/qshell_retval__functions.h\n'}
[1.326344] (px4_msgs) StdoutLine: {'line': b'-- Up-to-date: /home/mcfb/ros2_ws/install/px4_msgs/include/px4_msgs/px4_msgs/msg/detail/goto_setpoint__description.c\n'}
[1.326401] (px4_msgs) StdoutLine: {'line': b'-- Installing: /home/mcfb/ros2_ws/install/px4_msgs/include/px4_msgs/px4_msgs/msg/detail/vehicle_local_position__type_support.c\n'}
[1.326452] (px4_msgs) StdoutLine: {'line': b'-- Installing: /home/mcfb/ros2_ws/install/px4_msgs/include/px4_msgs/px4_msgs/msg/detail/cpuload__type_support.c\n'}
[1.326500] (px4_msgs) StdoutLine: {'line': b'-- Up-to-date: /home/mcfb/ros2_ws/install/px4_msgs/include/px4_msgs/px4_msgs/msg/detail/sensor_hygrometer__type_support.h\n'}
[1.326553] (px4_msgs) StdoutLine: {'line': b'-- Up-to-date: /home/mcfb/ros2_ws/install/px4_msgs/include/px4_msgs/px4_msgs/msg/detail/estimator_status__description.c\n'}
[1.326606] (px4_msgs) StdoutLine: {'line': b'-- Up-to-date: /home/mcfb/ros2_ws/install/px4_msgs/include/px4_msgs/px4_msgs/msg/detail/arming_check_reply__functions.h\n'}
[1.326717] (px4_msgs) StdoutLine: {'line': b'-- Installing: /home/mcfb/ros2_ws/install/px4_msgs/include/px4_msgs/px4_msgs/msg/detail/vehicle_attitude__type_support.c\n'}
[1.326768] (px4_msgs) StdoutLine: {'line': b'-- Up-to-date: /home/mcfb/ros2_ws/install/px4_msgs/include/px4_msgs/px4_msgs/msg/detail/vehicle_angular_acceleration_setpoint__functions.h\n'}
[1.326818] (px4_msgs) StdoutLine: {'line': b'-- Installing: /home/mcfb/ros2_ws/install/px4_msgs/include/px4_msgs/px4_msgs/msg/detail/gps_dump__type_support.c\n'}
[1.326873] (px4_msgs) StdoutLine: {'line': b'-- Installing: /home/mcfb/ros2_ws/install/px4_msgs/include/px4_msgs/px4_msgs/msg/detail/sensor_gps__type_support.c\n'}
[1.326998] (px4_msgs) StdoutLine: {'line': b'-- Up-to-date: /home/mcfb/ros2_ws/install/px4_msgs/include/px4_msgs/px4_msgs/msg/detail/lateral_control_configuration__type_support.h\n'}
[1.327068] (px4_msgs) StdoutLine: {'line': b'-- Up-to-date: /home/mcfb/ros2_ws/install/px4_msgs/include/px4_msgs/px4_msgs/msg/detail/sensor_selection__type_support.h\n'}
[1.327120] (px4_msgs) StdoutLine: {'line': b'-- Up-to-date: /home/mcfb/ros2_ws/install/px4_msgs/include/px4_msgs/px4_msgs/msg/detail/battery_info__functions.c\n'}
[1.327167] (px4_msgs) StdoutLine: {'line': b'-- Up-to-date: /home/mcfb/ros2_ws/install/px4_msgs/include/px4_msgs/px4_msgs/msg/detail/rover_attitude_setpoint__type_support.h\n'}
[1.327214] (px4_msgs) StdoutLine: {'line': b'-- Up-to-date: /home/mcfb/ros2_ws/install/px4_msgs/include/px4_msgs/px4_msgs/msg/detail/sensors_status__functions.c\n'}
[1.327265] (px4_msgs) StdoutLine: {'line': b'-- Up-to-date: /home/mcfb/ros2_ws/install/px4_msgs/include/px4_msgs/px4_msgs/msg/detail/estimator_innovations__functions.h\n'}
[1.327334] (px4_msgs) StdoutLine: {'line': b'-- Up-to-date: /home/mcfb/ros2_ws/install/px4_msgs/include/px4_msgs/px4_msgs/msg/detail/ulog_stream__description.c\n'}
[1.327386] (px4_msgs) StdoutLine: {'line': b'-- Up-to-date: /home/mcfb/ros2_ws/install/px4_msgs/include/px4_msgs/px4_msgs/msg/detail/rover_rate_setpoint__functions.c\n'}
[1.327434] (px4_msgs) StdoutLine: {'line': b'-- Up-to-date: /home/mcfb/ros2_ws/install/px4_msgs/include/px4_msgs/px4_msgs/msg/detail/gpio_out__type_support.h\n'}
[1.327484] (px4_msgs) StdoutLine: {'line': b'-- Up-to-date: /home/mcfb/ros2_ws/install/px4_msgs/include/px4_msgs/px4_msgs/msg/detail/figure_eight_status__functions.c\n'}
[1.327551] (px4_msgs) StdoutLine: {'line': b'-- Up-to-date: /home/mcfb/ros2_ws/install/px4_msgs/include/px4_msgs/px4_msgs/msg/detail/vehicle_imu_status__struct.h\n'}
[1.327994] (px4_msgs) StdoutLine: {'line': b'-- Up-to-date: /home/mcfb/ros2_ws/install/px4_msgs/include/px4_msgs/px4_msgs/msg/detail/mode_completed__type_support.h\n'}
[1.328290] (px4_msgs) StdoutLine: {'line': b'-- Up-to-date: /home/mcfb/ros2_ws/install/px4_msgs/include/px4_msgs/px4_msgs/msg/detail/estimator_innovations__functions.c\n'}
[1.328341] (px4_msgs) StdoutLine: {'line': b'-- Up-to-date: /home/mcfb/ros2_ws/install/px4_msgs/include/px4_msgs/px4_msgs/msg/detail/flight_phase_estimation__functions.c\n'}
[1.328418] (px4_msgs) StdoutLine: {'line': b'-- Up-to-date: /home/mcfb/ros2_ws/install/px4_msgs/include/px4_msgs/px4_msgs/msg/detail/sensor_preflight_mag__description.c\n'}
[1.328460] (px4_msgs) StdoutLine: {'line': b'-- Up-to-date: /home/mcfb/ros2_ws/install/px4_msgs/include/px4_msgs/px4_msgs/msg/detail/sensor_optical_flow__type_support.h\n'}
[1.328501] (px4_msgs) StdoutLine: {'line': b'-- Up-to-date: /home/mcfb/ros2_ws/install/px4_msgs/include/px4_msgs/px4_msgs/msg/detail/register_ext_component_request__description.c\n'}
[1.328541] (px4_msgs) StdoutLine: {'line': b'-- Up-to-date: /home/mcfb/ros2_ws/install/px4_msgs/include/px4_msgs/px4_msgs/msg/detail/actuator_test__type_support.h\n'}
[1.328581] (px4_msgs) StdoutLine: {'line': b'-- Up-to-date: /home/mcfb/ros2_ws/install/px4_msgs/include/px4_msgs/px4_msgs/msg/detail/manual_control_setpoint__description.c\n'}
[1.328623] (px4_msgs) StdoutLine: {'line': b'-- Up-to-date: /home/mcfb/ros2_ws/install/px4_msgs/include/px4_msgs/px4_msgs/msg/detail/estimator_bias__functions.h\n'}
[1.328665] (px4_msgs) StdoutLine: {'line': b'-- Up-to-date: /home/mcfb/ros2_ws/install/px4_msgs/include/px4_msgs/px4_msgs/msg/detail/input_rc__type_support.h\n'}
[1.328706] (px4_msgs) StdoutLine: {'line': b'-- Up-to-date: /home/mcfb/ros2_ws/install/px4_msgs/include/px4_msgs/px4_msgs/msg/detail/esc_status__functions.h\n'}
[1.328748] (px4_msgs) StdoutLine: {'line': b'-- Installing: /home/mcfb/ros2_ws/install/px4_msgs/include/px4_msgs/px4_msgs/msg/detail/sensors_status_imu__type_support.c\n'}
[1.328788] (px4_msgs) StdoutLine: {'line': b'-- Up-to-date: /home/mcfb/ros2_ws/install/px4_msgs/include/px4_msgs/px4_msgs/msg/detail/telemetry_status__description.c\n'}
[1.328885] (px4_msgs) StdoutLine: {'line': b'-- Up-to-date: /home/mcfb/ros2_ws/install/px4_msgs/include/px4_msgs/px4_msgs/msg/detail/register_ext_component_reply__struct.h\n'}
[1.328928] (px4_msgs) StdoutLine: {'line': b'-- Up-to-date: /home/mcfb/ros2_ws/install/px4_msgs/include/px4_msgs/px4_msgs/msg/detail/manual_control_setpoint__type_support.h\n'}
[1.328971] (px4_msgs) StdoutLine: {'line': b'-- Up-to-date: /home/mcfb/ros2_ws/install/px4_msgs/include/px4_msgs/px4_msgs/msg/detail/airspeed__type_support.h\n'}
[1.329015] (px4_msgs) StdoutLine: {'line': b'-- Up-to-date: /home/mcfb/ros2_ws/install/px4_msgs/include/px4_msgs/px4_msgs/msg/detail/vehicle_optical_flow_vel__functions.h\n'}
[1.329057] (px4_msgs) StdoutLine: {'line': b'-- Up-to-date: /home/mcfb/ros2_ws/install/px4_msgs/include/px4_msgs/px4_msgs/msg/detail/takeoff_status__type_support.h\n'}
[1.329096] (px4_msgs) StdoutLine: {'line': b'-- Up-to-date: /home/mcfb/ros2_ws/install/px4_msgs/include/px4_msgs/px4_msgs/msg/detail/parameter_set_value_response__functions.h\n'}
[1.329135] (px4_msgs) StdoutLine: {'line': b'-- Installing: /home/mcfb/ros2_ws/install/px4_msgs/include/px4_msgs/px4_msgs/msg/detail/sensor_selection__type_support.c\n'}
[1.329176] (px4_msgs) StdoutLine: {'line': b'-- Up-to-date: /home/mcfb/ros2_ws/install/px4_msgs/include/px4_msgs/px4_msgs/msg/detail/gpio_out__functions.h\n'}
[1.329234] (px4_msgs) StdoutLine: {'line': b'-- Up-to-date: /home/mcfb/ros2_ws/install/px4_msgs/include/px4_msgs/px4_msgs/msg/detail/figure_eight_status__functions.h\n'}
[1.329275] (px4_msgs) StdoutLine: {'line': b'-- Installing: /home/mcfb/ros2_ws/install/px4_msgs/include/px4_msgs/px4_msgs/msg/detail/rover_attitude_setpoint__type_support.c\n'}
[1.329317] (px4_msgs) StdoutLine: {'line': b'-- Installing: /home/mcfb/ros2_ws/install/px4_msgs/include/px4_msgs/px4_msgs/msg/detail/estimator_status_flags__type_support.c\n'}
[1.329358] (px4_msgs) StdoutLine: {'line': b'-- Up-to-date: /home/mcfb/ros2_ws/install/px4_msgs/include/px4_msgs/px4_msgs/msg/detail/transponder_report__functions.c\n'}
[1.329399] (px4_msgs) StdoutLine: {'line': b'-- Installing: /home/mcfb/ros2_ws/install/px4_msgs/include/px4_msgs/px4_msgs/msg/detail/gpio_config__type_support.c\n'}
[1.329439] (px4_msgs) StdoutLine: {'line': b'-- Up-to-date: /home/mcfb/ros2_ws/install/px4_msgs/include/px4_msgs/px4_msgs/msg/detail/estimator_aid_source3d__description.c\n'}
[1.329482] (px4_msgs) StdoutLine: {'line': b'-- Up-to-date: /home/mcfb/ros2_ws/install/px4_msgs/include/px4_msgs/px4_msgs/msg/detail/failure_detector_status__functions.h\n'}
[1.329522] (px4_msgs) StdoutLine: {'line': b'-- Up-to-date: /home/mcfb/ros2_ws/install/px4_msgs/include/px4_msgs/px4_msgs/msg/detail/launch_detection_status__type_support.h\n'}
[1.329564] (px4_msgs) StdoutLine: {'line': b'-- Up-to-date: /home/mcfb/ros2_ws/install/px4_msgs/include/px4_msgs/px4_msgs/msg/detail/debug_value__type_support.h\n'}
[1.329604] (px4_msgs) StdoutLine: {'line': b'-- Up-to-date: /home/mcfb/ros2_ws/install/px4_msgs/include/px4_msgs/px4_msgs/msg/detail/vehicle_magnetometer__struct.h\n'}
[1.329645] (px4_msgs) StdoutLine: {'line': b'-- Up-to-date: /home/mcfb/ros2_ws/install/px4_msgs/include/px4_msgs/px4_msgs/msg/detail/dataman_request__functions.h\n'}
[1.329686] (px4_msgs) StdoutLine: {'line': b'-- Installing: /home/mcfb/ros2_ws/install/px4_msgs/include/px4_msgs/px4_msgs/msg/detail/debug_key_value__type_support.c\n'}
[1.329727] (px4_msgs) StdoutLine: {'line': b'-- Installing: /home/mcfb/ros2_ws/install/px4_msgs/include/px4_msgs/px4_msgs/msg/detail/power_button_state__type_support.c\n'}
[1.329767] (px4_msgs) StdoutLine: {'line': b'-- Up-to-date: /home/mcfb/ros2_ws/install/px4_msgs/include/px4_msgs/px4_msgs/msg/detail/qshell_req__functions.h\n'}
[1.329806] (px4_msgs) StdoutLine: {'line': b'-- Up-to-date: /home/mcfb/ros2_ws/install/px4_msgs/include/px4_msgs/px4_msgs/msg/detail/logger_status__type_support.h\n'}
[1.329901] (px4_msgs) StdoutLine: {'line': b'-- Up-to-date: /home/mcfb/ros2_ws/install/px4_msgs/include/px4_msgs/px4_msgs/msg/detail/position_controller_landing_status__functions.h\n'}
[1.330047] (px4_msgs) StdoutLine: {'line': b'-- Up-to-date: /home/mcfb/ros2_ws/install/px4_msgs/include/px4_msgs/px4_msgs/msg/detail/position_controller_landing_status__description.c\n'}
[1.330106] (px4_msgs) StdoutLine: {'line': b'-- Up-to-date: /home/mcfb/ros2_ws/install/px4_msgs/include/px4_msgs/px4_msgs/msg/detail/arming_check_request__functions.h\n'}
[1.330149] (px4_msgs) StdoutLine: {'line': b'-- Up-to-date: /home/mcfb/ros2_ws/install/px4_msgs/include/px4_msgs/px4_msgs/msg/detail/sensor_optical_flow__struct.h\n'}
[1.330193] (px4_msgs) StdoutLine: {'line': b'-- Up-to-date: /home/mcfb/ros2_ws/install/px4_msgs/include/px4_msgs/px4_msgs/msg/detail/gps_dump__functions.c\n'}
[1.330236] (px4_msgs) StdoutLine: {'line': b'-- Up-to-date: /home/mcfb/ros2_ws/install/px4_msgs/include/px4_msgs/px4_msgs/msg/detail/debug_vect__functions.h\n'}
[1.330279] (px4_msgs) StdoutLine: {'line': b'-- Up-to-date: /home/mcfb/ros2_ws/install/px4_msgs/include/px4_msgs/px4_msgs/msg/detail/distance_sensor__functions.h\n'}
[1.330319] (px4_msgs) StdoutLine: {'line': b'-- Up-to-date: /home/mcfb/ros2_ws/install/px4_msgs/include/px4_msgs/px4_msgs/msg/detail/landing_gear__functions.c\n'}
[1.330363] (px4_msgs) StdoutLine: {'line': b'-- Up-to-date: /home/mcfb/ros2_ws/install/px4_msgs/include/px4_msgs/px4_msgs/msg/detail/vehicle_air_data__functions.h\n'}
[1.330407] (px4_msgs) StdoutLine: {'line': b'-- Up-to-date: /home/mcfb/ros2_ws/install/px4_msgs/include/px4_msgs/px4_msgs/msg/detail/battery_status__type_support.h\n'}
[1.330451] (px4_msgs) StdoutLine: {'line': b'-- Up-to-date: /home/mcfb/ros2_ws/install/px4_msgs/include/px4_msgs/px4_msgs/msg/detail/landing_target_innovations__description.c\n'}
[1.330492] (px4_msgs) StdoutLine: {'line': b'-- Up-to-date: /home/mcfb/ros2_ws/install/px4_msgs/include/px4_msgs/px4_msgs/msg/detail/sensor_combined__functions.h\n'}
[1.330534] (px4_msgs) StdoutLine: {'line': b'-- Up-to-date: /home/mcfb/ros2_ws/install/px4_msgs/include/px4_msgs/px4_msgs/msg/detail/vehicle_thrust_setpoint__struct.h\n'}
[1.330595] (px4_msgs) StdoutLine: {'line': b'-- Installing: /home/mcfb/ros2_ws/install/px4_msgs/include/px4_msgs/px4_msgs/msg/detail/sensor_accel__type_support.c\n'}
[1.330764] (px4_msgs) StdoutLine: {'line': b'-- Up-to-date: /home/mcfb/ros2_ws/install/px4_msgs/include/px4_msgs/px4_msgs/msg/detail/heater_status__description.c\n'}
[1.330952] (px4_msgs) StdoutLine: {'line': b'-- Up-to-date: /home/mcfb/ros2_ws/install/px4_msgs/include/px4_msgs/px4_msgs/msg/detail/pure_pursuit_status__struct.h\n'}
[1.331135] (px4_msgs) StdoutLine: {'line': b'-- Up-to-date: /home/mcfb/ros2_ws/install/px4_msgs/include/px4_msgs/px4_msgs/msg/detail/ulog_stream__functions.c\n'}
[1.331337] (px4_msgs) StdoutLine: {'line': b'-- Up-to-date: /home/mcfb/ros2_ws/install/px4_msgs/include/px4_msgs/px4_msgs/msg/detail/sensor_gyro_fft__struct.h\n'}
[1.331430] (px4_msgs) StdoutLine: {'line': b'-- Up-to-date: /home/mcfb/ros2_ws/install/px4_msgs/include/px4_msgs/px4_msgs/msg/detail/estimator_selector_status__functions.c\n'}
[1.331510] (px4_msgs) StdoutLine: {'line': b'-- Up-to-date: /home/mcfb/ros2_ws/install/px4_msgs/include/px4_msgs/px4_msgs/msg/detail/actuator_motors__struct.h\n'}
[1.331588] (px4_msgs) StdoutLine: {'line': b'-- Up-to-date: /home/mcfb/ros2_ws/install/px4_msgs/include/px4_msgs/px4_msgs/msg/detail/vtol_vehicle_status__struct.h\n'}
[1.331708] (px4_msgs) StdoutLine: {'line': b'-- Up-to-date: /home/mcfb/ros2_ws/install/px4_msgs/include/px4_msgs/px4_msgs/msg/detail/estimator_innovations__struct.h\n'}
[1.331787] (px4_msgs) StdoutLine: {'line': b'-- Up-to-date: /home/mcfb/ros2_ws/install/px4_msgs/include/px4_msgs/px4_msgs/msg/detail/navigator_status__functions.c\n'}
[1.331867] (px4_msgs) StdoutLine: {'line': b'-- Up-to-date: /home/mcfb/ros2_ws/install/px4_msgs/include/px4_msgs/px4_msgs/msg/detail/message_format_request__type_support.h\n'}
[1.331944] (px4_msgs) StdoutLine: {'line': b'-- Installing: /home/mcfb/ros2_ws/install/px4_msgs/include/px4_msgs/px4_msgs/msg/detail/button_event__type_support.c\n'}
[1.332082] (px4_msgs) StdoutLine: {'line': b'-- Up-to-date: /home/mcfb/ros2_ws/install/px4_msgs/include/px4_msgs/px4_msgs/msg/detail/follow_target_status__description.c\n'}
[1.332164] (px4_msgs) StdoutLine: {'line': b'-- Up-to-date: /home/mcfb/ros2_ws/install/px4_msgs/include/px4_msgs/px4_msgs/msg/detail/parameter_reset_request__description.c\n'}
[1.332244] (px4_msgs) StdoutLine: {'line': b'-- Up-to-date: /home/mcfb/ros2_ws/install/px4_msgs/include/px4_msgs/px4_msgs/msg/detail/ekf2_timestamps__type_support.h\n'}
[1.332320] (px4_msgs) StdoutLine: {'line': b'-- Up-to-date: /home/mcfb/ros2_ws/install/px4_msgs/include/px4_msgs/px4_msgs/msg/detail/failsafe_flags__functions.h\n'}
[1.332408] (px4_msgs) StdoutLine: {'line': b'-- Up-to-date: /home/mcfb/ros2_ws/install/px4_msgs/include/px4_msgs/px4_msgs/msg/detail/message_format_response__functions.c\n'}
[1.332487] (px4_msgs) StdoutLine: {'line': b'-- Up-to-date: /home/mcfb/ros2_ws/install/px4_msgs/include/px4_msgs/px4_msgs/msg/detail/vehicle_status__struct.h\n'}
[1.332567] (px4_msgs) StdoutLine: {'line': b'-- Up-to-date: /home/mcfb/ros2_ws/install/px4_msgs/include/px4_msgs/px4_msgs/msg/detail/vehicle_rates_setpoint__description.c\n'}
[1.332645] (px4_msgs) StdoutLine: {'line': b'-- Up-to-date: /home/mcfb/ros2_ws/install/px4_msgs/include/px4_msgs/px4_msgs/msg/detail/vehicle_rates_setpoint__functions.c\n'}
[1.332723] (px4_msgs) StdoutLine: {'line': b'-- Up-to-date: /home/mcfb/ros2_ws/install/px4_msgs/include/px4_msgs/px4_msgs/msg/detail/obstacle_distance__description.c\n'}
[1.332802] (px4_msgs) StdoutLine: {'line': b'-- Up-to-date: /home/mcfb/ros2_ws/install/px4_msgs/include/px4_msgs/px4_msgs/msg/detail/vtol_vehicle_status__functions.c\n'}
[1.332993] (px4_msgs) StdoutLine: {'line': b'-- Installing: /home/mcfb/ros2_ws/install/px4_msgs/include/px4_msgs/px4_msgs/msg/detail/wheel_encoders__type_support.c\n'}
[1.333090] (px4_msgs) StdoutLine: {'line': b'-- Installing: /home/mcfb/ros2_ws/install/px4_msgs/include/px4_msgs/px4_msgs/msg/detail/collision_constraints__type_support.c\n'}
[1.333177] (px4_msgs) StdoutLine: {'line': b'-- Up-to-date: /home/mcfb/ros2_ws/install/px4_msgs/include/px4_msgs/px4_msgs/msg/detail/mission_result__description.c\n'}
[1.333367] (px4_msgs) StdoutLine: {'line': b'-- Up-to-date: /home/mcfb/ros2_ws/install/px4_msgs/include/px4_msgs/px4_msgs/msg/detail/logger_status__struct.h\n'}
[1.333568] (px4_msgs) StdoutLine: {'line': b'-- Up-to-date: /home/mcfb/ros2_ws/install/px4_msgs/include/px4_msgs/px4_msgs/msg/detail/mavlink_tunnel__functions.h\n'}
[1.333798] (px4_msgs) StdoutLine: {'line': b'-- Up-to-date: /home/mcfb/ros2_ws/install/px4_msgs/include/px4_msgs/px4_msgs/msg/detail/rover_position_setpoint__functions.h\n'}
[1.333942] (px4_msgs) StdoutLine: {'line': b'-- Up-to-date: /home/mcfb/ros2_ws/install/px4_msgs/include/px4_msgs/px4_msgs/msg/detail/home_position__description.c\n'}
[1.334006] (px4_msgs) StdoutLine: {'line': b'-- Installing: /home/mcfb/ros2_ws/install/px4_msgs/include/px4_msgs/px4_msgs/msg/detail/orb_test_medium__type_support.c\n'}
[1.334067] (px4_msgs) StdoutLine: {'line': b'-- Up-to-date: /home/mcfb/ros2_ws/install/px4_msgs/include/px4_msgs/px4_msgs/msg/detail/message_format_response__description.c\n'}
[1.334129] (px4_msgs) StdoutLine: {'line': b'-- Up-to-date: /home/mcfb/ros2_ws/install/px4_msgs/include/px4_msgs/px4_msgs/msg/detail/mission_result__type_support.h\n'}
[1.334184] (px4_msgs) StdoutLine: {'line': b'-- Up-to-date: /home/mcfb/ros2_ws/install/px4_msgs/include/px4_msgs/px4_msgs/msg/detail/sensor_gnss_status__functions.c\n'}
[1.334238] (px4_msgs) StdoutLine: {'line': b'-- Installing: /home/mcfb/ros2_ws/install/px4_msgs/include/px4_msgs/px4_msgs/msg/detail/sensor_correction__type_support.c\n'}
[1.334299] (px4_msgs) StdoutLine: {'line': b'-- Up-to-date: /home/mcfb/ros2_ws/install/px4_msgs/include/px4_msgs/px4_msgs/msg/detail/parameter_set_value_request__description.c\n'}
[1.334388] (px4_msgs) StdoutLine: {'line': b'-- Up-to-date: /home/mcfb/ros2_ws/install/px4_msgs/include/px4_msgs/px4_msgs/msg/detail/rover_steering_setpoint__struct.h\n'}
[1.334502] (px4_msgs) StdoutLine: {'line': b'-- Up-to-date: /home/mcfb/ros2_ws/install/px4_msgs/include/px4_msgs/px4_msgs/msg/detail/autotune_attitude_control_status__description.c\n'}
[1.334565] (px4_msgs) StdoutLine: {'line': b'-- Up-to-date: /home/mcfb/ros2_ws/install/px4_msgs/include/px4_msgs/px4_msgs/msg/detail/control_allocator_status__struct.h\n'}
[1.334856] (px4_msgs) StdoutLine: {'line': b'-- Up-to-date: /home/mcfb/ros2_ws/install/px4_msgs/include/px4_msgs/px4_msgs/msg/detail/internal_combustion_engine_status__type_support.h\n'}
[1.334977] (px4_msgs) StdoutLine: {'line': b'-- Up-to-date: /home/mcfb/ros2_ws/install/px4_msgs/include/px4_msgs/px4_msgs/msg/detail/actuator_controls_status__functions.c\n'}
[1.335060] (px4_msgs) StdoutLine: {'line': b'-- Up-to-date: /home/mcfb/ros2_ws/install/px4_msgs/include/px4_msgs/px4_msgs/msg/detail/estimator_status__functions.h\n'}
[1.335138] (px4_msgs) StdoutLine: {'line': b'-- Up-to-date: /home/mcfb/ros2_ws/install/px4_msgs/include/px4_msgs/px4_msgs/msg/detail/fixed_wing_lateral_guidance_status__functions.h\n'}
[1.335208] (px4_msgs) StdoutLine: {'line': b'-- Up-to-date: /home/mcfb/ros2_ws/install/px4_msgs/include/px4_msgs/px4_msgs/msg/detail/open_drone_id_operator_id__functions.h\n'}
[1.335290] (px4_msgs) StdoutLine: {'line': b'-- Up-to-date: /home/mcfb/ros2_ws/install/px4_msgs/include/px4_msgs/px4_msgs/msg/detail/register_ext_component_request__struct.h\n'}
[1.335371] (px4_msgs) StdoutLine: {'line': b'-- Up-to-date: /home/mcfb/ros2_ws/install/px4_msgs/include/px4_msgs/px4_msgs/msg/detail/parameter_set_value_response__functions.c\n'}
[1.335447] (px4_msgs) StdoutLine: {'line': b'-- Up-to-date: /home/mcfb/ros2_ws/install/px4_msgs/include/px4_msgs/px4_msgs/msg/detail/vtol_vehicle_status__type_support.h\n'}
[1.335504] (px4_msgs) StdoutLine: {'line': b'-- Up-to-date: /home/mcfb/ros2_ws/install/px4_msgs/include/px4_msgs/px4_msgs/msg/detail/landing_target_pose__description.c\n'}
[1.335561] (px4_msgs) StdoutLine: {'line': b'-- Up-to-date: /home/mcfb/ros2_ws/install/px4_msgs/include/px4_msgs/px4_msgs/msg/detail/open_drone_id_self_id__functions.h\n'}
[1.335620] (px4_msgs) StdoutLine: {'line': b'-- Up-to-date: /home/mcfb/ros2_ws/install/px4_msgs/include/px4_msgs/px4_msgs/msg/detail/timesync_status__type_support.h\n'}
[1.335704] (px4_msgs) StdoutLine: {'line': b'-- Installing: /home/mcfb/ros2_ws/install/px4_msgs/include/px4_msgs/px4_msgs/msg/detail/navigator_mission_item__type_support.c\n'}
[1.335847] (px4_msgs) StdoutLine: {'line': b'-- Up-to-date: /home/mcfb/ros2_ws/install/px4_msgs/include/px4_msgs/px4_msgs/msg/detail/mode_completed__struct.h\n'}
[1.335899] (px4_msgs) StdoutLine: {'line': b'-- Up-to-date: /home/mcfb/ros2_ws/install/px4_msgs/include/px4_msgs/px4_msgs/msg/detail/dataman_request__description.c\n'}
[1.335946] (px4_msgs) StdoutLine: {'line': b'-- Up-to-date: /home/mcfb/ros2_ws/install/px4_msgs/include/px4_msgs/px4_msgs/msg/detail/rc_parameter_map__description.c\n'}
[1.336005] (px4_msgs) StdoutLine: {'line': b'-- Up-to-date: /home/mcfb/ros2_ws/install/px4_msgs/include/px4_msgs/px4_msgs/msg/detail/tiltrotor_extra_controls__functions.c\n'}
[1.336054] (px4_msgs) StdoutLine: {'line': b'-- Installing: /home/mcfb/ros2_ws/install/px4_msgs/include/px4_msgs/px4_msgs/msg/detail/vehicle_land_detected__type_support.c\n'}
[1.336203] (px4_msgs) StdoutLine: {'line': b'-- Up-to-date: /home/mcfb/ros2_ws/install/px4_msgs/include/px4_msgs/px4_msgs/msg/detail/rover_attitude_status__struct.h\n'}
[1.336256] (px4_msgs) StdoutLine: {'line': b'-- Up-to-date: /home/mcfb/ros2_ws/install/px4_msgs/include/px4_msgs/px4_msgs/msg/detail/sensor_uwb__functions.h\n'}
[1.336302] (px4_msgs) StdoutLine: {'line': b'-- Up-to-date: /home/mcfb/ros2_ws/install/px4_msgs/include/px4_msgs/px4_msgs/msg/detail/sensors_status__functions.h\n'}
[1.336344] (px4_msgs) StdoutLine: {'line': b'-- Up-to-date: /home/mcfb/ros2_ws/install/px4_msgs/include/px4_msgs/px4_msgs/msg/detail/wind__description.c\n'}
[1.336391] (px4_msgs) StdoutLine: {'line': b'-- Installing: /home/mcfb/ros2_ws/install/px4_msgs/include/px4_msgs/px4_msgs/msg/detail/vehicle_angular_velocity__type_support.c\n'}
[1.336472] (px4_msgs) StdoutLine: {'line': b'-- Up-to-date: /home/mcfb/ros2_ws/install/px4_msgs/include/px4_msgs/px4_msgs/msg/detail/rpm__functions.h\n'}
[1.336520] (px4_msgs) StdoutLine: {'line': b'-- Up-to-date: /home/mcfb/ros2_ws/install/px4_msgs/include/px4_msgs/px4_msgs/msg/detail/gimbal_device_information__functions.c\n'}
[1.336566] (px4_msgs) StdoutLine: {'line': b'-- Up-to-date: /home/mcfb/ros2_ws/install/px4_msgs/include/px4_msgs/px4_msgs/msg/detail/trajectory_setpoint__struct.h\n'}
[1.336610] (px4_msgs) StdoutLine: {'line': b'-- Up-to-date: /home/mcfb/ros2_ws/install/px4_msgs/include/px4_msgs/px4_msgs/msg/detail/camera_trigger__struct.h\n'}
[1.336660] (px4_msgs) StdoutLine: {'line': b'-- Installing: /home/mcfb/ros2_ws/install/px4_msgs/include/px4_msgs/px4_msgs/msg/detail/rate_ctrl_status__type_support.c\n'}
[1.336704] (px4_msgs) StdoutLine: {'line': b'-- Up-to-date: /home/mcfb/ros2_ws/install/px4_msgs/include/px4_msgs/px4_msgs/msg/detail/sensor_gyro__functions.h\n'}
[1.336799] (px4_msgs) StdoutLine: {'line': b'-- Up-to-date: /home/mcfb/ros2_ws/install/px4_msgs/include/px4_msgs/px4_msgs/msg/detail/vehicle_optical_flow_vel__type_support.h\n'}
[1.336854] (px4_msgs) StdoutLine: {'line': b'-- Up-to-date: /home/mcfb/ros2_ws/install/px4_msgs/include/px4_msgs/px4_msgs/msg/detail/adc_report__functions.h\n'}
[1.336897] (px4_msgs) StdoutLine: {'line': b'-- Up-to-date: /home/mcfb/ros2_ws/install/px4_msgs/include/px4_msgs/px4_msgs/msg/detail/input_rc__description.c\n'}
[1.336939] (px4_msgs) StdoutLine: {'line': b'-- Up-to-date: /home/mcfb/ros2_ws/install/px4_msgs/include/px4_msgs/px4_msgs/msg/detail/parameter_update__functions.h\n'}
[1.336980] (px4_msgs) StdoutLine: {'line': b'-- Up-to-date: /home/mcfb/ros2_ws/install/px4_msgs/include/px4_msgs/px4_msgs/msg/detail/geofence_status__functions.c\n'}
[1.337021] (px4_msgs) StdoutLine: {'line': b'-- Up-to-date: /home/mcfb/ros2_ws/install/px4_msgs/include/px4_msgs/px4_msgs/msg/detail/sensors_status_imu__struct.h\n'}
[1.337063] (px4_msgs) StdoutLine: {'line': b'-- Up-to-date: /home/mcfb/ros2_ws/install/px4_msgs/include/px4_msgs/px4_msgs/msg/detail/estimator_selector_status__type_support.h\n'}
[1.337105] (px4_msgs) StdoutLine: {'line': b'-- Up-to-date: /home/mcfb/ros2_ws/install/px4_msgs/include/px4_msgs/px4_msgs/msg/detail/rover_steering_setpoint__description.c\n'}
[1.337145] (px4_msgs) StdoutLine: {'line': b'-- Up-to-date: /home/mcfb/ros2_ws/install/px4_msgs/include/px4_msgs/px4_msgs/msg/detail/ulog_stream_ack__struct.h\n'}
[1.337187] (px4_msgs) StdoutLine: {'line': b'-- Up-to-date: /home/mcfb/ros2_ws/install/px4_msgs/include/px4_msgs/px4_msgs/msg/detail/pps_capture__functions.c\n'}
[1.337229] (px4_msgs) StdoutLine: {'line': b'-- Installing: /home/mcfb/ros2_ws/install/px4_msgs/include/px4_msgs/px4_msgs/msg/detail/gimbal_device_set_attitude__type_support.c\n'}
[1.337272] (px4_msgs) StdoutLine: {'line': b'-- Up-to-date: /home/mcfb/ros2_ws/install/px4_msgs/include/px4_msgs/px4_msgs/msg/detail/estimator_sensor_bias__description.c\n'}
[1.337315] (px4_msgs) StdoutLine: {'line': b'-- Up-to-date: /home/mcfb/ros2_ws/install/px4_msgs/include/px4_msgs/px4_msgs/msg/detail/rover_position_setpoint__type_support.h\n'}
[1.337356] (px4_msgs) StdoutLine: {'line': b'-- Up-to-date: /home/mcfb/ros2_ws/install/px4_msgs/include/px4_msgs/px4_msgs/msg/detail/dronecan_node_status__functions.c\n'}
[1.337397] (px4_msgs) StdoutLine: {'line': b'-- Up-to-date: /home/mcfb/ros2_ws/install/px4_msgs/include/px4_msgs/px4_msgs/msg/detail/fixed_wing_lateral_guidance_status__functions.c\n'}
[1.337438] (px4_msgs) StdoutLine: {'line': b'-- Up-to-date: /home/mcfb/ros2_ws/install/px4_msgs/include/px4_msgs/px4_msgs/msg/detail/vehicle_attitude__description.c\n'}
[1.337478] (px4_msgs) StdoutLine: {'line': b'-- Up-to-date: /home/mcfb/ros2_ws/install/px4_msgs/include/px4_msgs/px4_msgs/msg/detail/arming_check_reply__description.c\n'}
[1.337520] (px4_msgs) StdoutLine: {'line': b'-- Up-to-date: /home/mcfb/ros2_ws/install/px4_msgs/include/px4_msgs/px4_msgs/msg/detail/manual_control_setpoint__struct.h\n'}
[1.337619] (px4_msgs) StdoutLine: {'line': b'-- Up-to-date: /home/mcfb/ros2_ws/install/px4_msgs/include/px4_msgs/px4_msgs/msg/detail/pwm_input__description.c\n'}
[1.337660] (px4_msgs) StdoutLine: {'line': b'-- Up-to-date: /home/mcfb/ros2_ws/install/px4_msgs/include/px4_msgs/px4_msgs/msg/detail/message_format_request__struct.h\n'}
[1.337702] (px4_msgs) StdoutLine: {'line': b'-- Up-to-date: /home/mcfb/ros2_ws/install/px4_msgs/include/px4_msgs/px4_msgs/msg/detail/vehicle_magnetometer__functions.h\n'}
[1.337742] (px4_msgs) StdoutLine: {'line': b'-- Installing: /home/mcfb/ros2_ws/install/px4_msgs/include/px4_msgs/px4_msgs/msg/detail/obstacle_distance__type_support.c\n'}
[1.337782] (px4_msgs) StdoutLine: {'line': b'-- Up-to-date: /home/mcfb/ros2_ws/install/px4_msgs/include/px4_msgs/px4_msgs/msg/detail/rtl_status__functions.h\n'}
[1.337821] (px4_msgs) StdoutLine: {'line': b'-- Up-to-date: /home/mcfb/ros2_ws/install/px4_msgs/include/px4_msgs/px4_msgs/msg/detail/battery_status__description.c\n'}
[1.337934] (px4_msgs) StdoutLine: {'line': b'-- Up-to-date: /home/mcfb/ros2_ws/install/px4_msgs/include/px4_msgs/px4_msgs/msg/detail/power_button_state__functions.h\n'}
[1.337991] (px4_msgs) StdoutLine: {'line': b'-- Up-to-date: /home/mcfb/ros2_ws/install/px4_msgs/include/px4_msgs/px4_msgs/msg/detail/estimator_status_flags__functions.h\n'}
[1.338033] (px4_msgs) StdoutLine: {'line': b'-- Up-to-date: /home/mcfb/ros2_ws/install/px4_msgs/include/px4_msgs/px4_msgs/msg/detail/esc_status__type_support.h\n'}
[1.338110] (px4_msgs) StdoutLine: {'line': b'-- Up-to-date: /home/mcfb/ros2_ws/install/px4_msgs/include/px4_msgs/px4_msgs/msg/detail/landing_target_pose__struct.h\n'}
[1.338155] (px4_msgs) StdoutLine: {'line': b'-- Up-to-date: /home/mcfb/ros2_ws/install/px4_msgs/include/px4_msgs/px4_msgs/msg/detail/vehicle_imu__functions.c\n'}
[1.338196] (px4_msgs) StdoutLine: {'line': b'-- Installing: /home/mcfb/ros2_ws/install/px4_msgs/include/px4_msgs/px4_msgs/msg/detail/uavcan_parameter_value__type_support.c\n'}
[1.338239] (px4_msgs) StdoutLine: {'line': b'-- Installing: /home/mcfb/ros2_ws/install/px4_msgs/include/px4_msgs/px4_msgs/msg/detail/internal_combustion_engine_control__type_support.c\n'}
[1.338282] (px4_msgs) StdoutLine: {'line': b'-- Up-to-date: /home/mcfb/ros2_ws/install/px4_msgs/include/px4_msgs/px4_msgs/msg/detail/trajectory_setpoint6dof__description.c\n'}
[1.338362] (px4_msgs) StdoutLine: {'line': b'-- Up-to-date: /home/mcfb/ros2_ws/install/px4_msgs/include/px4_msgs/px4_msgs/msg/detail/vehicle_angular_acceleration_setpoint__struct.h\n'}
[1.338419] (px4_msgs) StdoutLine: {'line': b'-- Up-to-date: /home/mcfb/ros2_ws/install/px4_msgs/include/px4_msgs/px4_msgs/msg/detail/rover_attitude_status__description.c\n'}
[1.338463] (px4_msgs) StdoutLine: {'line': b'-- Installing: /home/mcfb/ros2_ws/install/px4_msgs/include/px4_msgs/px4_msgs/msg/detail/battery_status__type_support.c\n'}
[1.338505] (px4_msgs) StdoutLine: {'line': b'-- Installing: /home/mcfb/ros2_ws/install/px4_msgs/include/px4_msgs/px4_msgs/msg/detail/estimator_aid_source3d__type_support.c\n'}
[1.338547] (px4_msgs) StdoutLine: {'line': b'-- Up-to-date: /home/mcfb/ros2_ws/install/px4_msgs/include/px4_msgs/px4_msgs/msg/detail/trajectory_setpoint__description.c\n'}
[1.338595] (px4_msgs) StdoutLine: {'line': b'-- Installing: /home/mcfb/ros2_ws/install/px4_msgs/include/px4_msgs/px4_msgs/msg/detail/unregister_ext_component__type_support.c\n'}
[1.338648] (px4_msgs) StdoutLine: {'line': b'-- Installing: /home/mcfb/ros2_ws/install/px4_msgs/include/px4_msgs/px4_msgs/msg/detail/open_drone_id_self_id__type_support.c\n'}
[1.338745] (px4_msgs) StdoutLine: {'line': b'-- Up-to-date: /home/mcfb/ros2_ws/install/px4_msgs/include/px4_msgs/px4_msgs/msg/detail/tecs_status__description.c\n'}
[1.338805] (px4_msgs) StdoutLine: {'line': b'-- Up-to-date: /home/mcfb/ros2_ws/install/px4_msgs/include/px4_msgs/px4_msgs/msg/detail/sensor_accel__type_support.h\n'}
[1.338871] (px4_msgs) StdoutLine: {'line': b'-- Installing: /home/mcfb/ros2_ws/install/px4_msgs/include/px4_msgs/px4_msgs/msg/detail/sensor_gyro__type_support.c\n'}
[1.338927] (px4_msgs) StdoutLine: {'line': b'-- Up-to-date: /home/mcfb/ros2_ws/install/px4_msgs/include/px4_msgs/px4_msgs/msg/detail/fixed_wing_longitudinal_setpoint__struct.h\n'}
[1.338987] (px4_msgs) StdoutLine: {'line': b'-- Up-to-date: /home/mcfb/ros2_ws/install/px4_msgs/include/px4_msgs/px4_msgs/msg/detail/vehicle_land_detected__functions.h\n'}
[1.339043] (px4_msgs) StdoutLine: {'line': b'-- Up-to-date: /home/mcfb/ros2_ws/install/px4_msgs/include/px4_msgs/px4_msgs/msg/detail/failsafe_flags__struct.h\n'}
[1.339097] (px4_msgs) StdoutLine: {'line': b'-- Installing: /home/mcfb/ros2_ws/install/px4_msgs/include/px4_msgs/px4_msgs/msg/detail/message_format_request__type_support.c\n'}
[1.339141] (px4_msgs) StdoutLine: {'line': b'-- Installing: /home/mcfb/ros2_ws/install/px4_msgs/include/px4_msgs/px4_msgs/msg/detail/parameter_update__type_support.c\n'}
[1.339183] (px4_msgs) StdoutLine: {'line': b'-- Up-to-date: /home/mcfb/ros2_ws/install/px4_msgs/include/px4_msgs/px4_msgs/msg/detail/estimator_gps_status__functions.c\n'}
[1.339223] (px4_msgs) StdoutLine: {'line': b'-- Up-to-date: /home/mcfb/ros2_ws/install/px4_msgs/include/px4_msgs/px4_msgs/msg/detail/fixed_wing_lateral_setpoint__description.c\n'}
[1.339264] (px4_msgs) StdoutLine: {'line': b'-- Up-to-date: /home/mcfb/ros2_ws/install/px4_msgs/include/px4_msgs/px4_msgs/msg/detail/vehicle_global_position__functions.h\n'}
[1.339303] (px4_msgs) StdoutLine: {'line': b'-- Installing: /home/mcfb/ros2_ws/install/px4_msgs/include/px4_msgs/px4_msgs/msg/detail/system_power__type_support.c\n'}
[1.339343] (px4_msgs) StdoutLine: {'line': b'-- Up-to-date: /home/mcfb/ros2_ws/install/px4_msgs/include/px4_msgs/px4_msgs/msg/detail/generator_status__description.c\n'}
[1.339383] (px4_msgs) StdoutLine: {'line': b'-- Installing: /home/mcfb/ros2_ws/install/px4_msgs/include/px4_msgs/px4_msgs/msg/detail/estimator_gps_status__type_support.c\n'}
[1.339424] (px4_msgs) StdoutLine: {'line': b'-- Up-to-date: /home/mcfb/ros2_ws/install/px4_msgs/include/px4_msgs/px4_msgs/msg/detail/gimbal_device_attitude_status__functions.h\n'}
[1.339465] (px4_msgs) StdoutLine: {'line': b'-- Up-to-date: /home/mcfb/ros2_ws/install/px4_msgs/include/px4_msgs/px4_msgs/msg/detail/debug_array__functions.c\n'}
[1.339507] (px4_msgs) StdoutLine: {'line': b'-- Up-to-date: /home/mcfb/ros2_ws/install/px4_msgs/include/px4_msgs/px4_msgs/msg/detail/gimbal_manager_set_attitude__struct.h\n'}
[1.339548] (px4_msgs) StdoutLine: {'line': b'-- Up-to-date: /home/mcfb/ros2_ws/install/px4_msgs/include/px4_msgs/px4_msgs/msg/detail/airspeed_validated__type_support.h\n'}
[1.339716] (px4_msgs) StdoutLine: {'line': b'-- Installing: /home/mcfb/ros2_ws/install/px4_msgs/include/px4_msgs/px4_msgs/msg/detail/iridiumsbd_status__type_support.c\n'}
[1.339756] (px4_msgs) StdoutLine: {'line': b'-- Installing: /home/mcfb/ros2_ws/install/px4_msgs/include/px4_msgs/px4_msgs/msg/detail/mag_worker_data__type_support.c\n'}
[1.339798] (px4_msgs) StdoutLine: {'line': b'-- Up-to-date: /home/mcfb/ros2_ws/install/px4_msgs/include/px4_msgs/px4_msgs/msg/detail/goto_setpoint__functions.c\n'}
[1.339843] (px4_msgs) StdoutLine: {'line': b'-- Up-to-date: /home/mcfb/ros2_ws/install/px4_msgs/include/px4_msgs/px4_msgs/msg/detail/actuator_outputs__struct.h\n'}
[1.339881] (px4_msgs) StdoutLine: {'line': b'-- Up-to-date: /home/mcfb/ros2_ws/install/px4_msgs/include/px4_msgs/px4_msgs/msg/detail/esc_report__description.c\n'}
[1.339920] (px4_msgs) StdoutLine: {'line': b'-- Up-to-date: /home/mcfb/ros2_ws/install/px4_msgs/include/px4_msgs/px4_msgs/msg/detail/actuator_motors__type_support.h\n'}
[1.339992] (px4_msgs) StdoutLine: {'line': b'-- Up-to-date: /home/mcfb/ros2_ws/install/px4_msgs/include/px4_msgs/px4_msgs/msg/detail/hover_thrust_estimate__description.c\n'}
[1.340037] (px4_msgs) StdoutLine: {'line': b'-- Up-to-date: /home/mcfb/ros2_ws/install/px4_msgs/include/px4_msgs/px4_msgs/msg/detail/pure_pursuit_status__description.c\n'}
[1.340078] (px4_msgs) StdoutLine: {'line': b'-- Up-to-date: /home/mcfb/ros2_ws/install/px4_msgs/include/px4_msgs/px4_msgs/msg/detail/offboard_control_mode__functions.c\n'}
[1.340169] (px4_msgs) StdoutLine: {'line': b'-- Up-to-date: /home/mcfb/ros2_ws/install/px4_msgs/include/px4_msgs/px4_msgs/msg/detail/px4io_status__functions.h\n'}
[1.340211] (px4_msgs) StdoutLine: {'line': b'-- Up-to-date: /home/mcfb/ros2_ws/install/px4_msgs/include/px4_msgs/px4_msgs/msg/detail/health_report__functions.h\n'}
[1.340253] (px4_msgs) StdoutLine: {'line': b'-- Installing: /home/mcfb/ros2_ws/install/px4_msgs/include/px4_msgs/px4_msgs/msg/detail/irlock_report__type_support.c\n'}
[1.340294] (px4_msgs) StdoutLine: {'line': b'-- Up-to-date: /home/mcfb/ros2_ws/install/px4_msgs/include/px4_msgs/px4_msgs/msg/detail/actuator_servos_trim__description.c\n'}
[1.340379] (px4_msgs) StdoutLine: {'line': b'-- Up-to-date: /home/mcfb/ros2_ws/install/px4_msgs/include/px4_msgs/px4_msgs/msg/detail/vehicle_acceleration__struct.h\n'}
[1.340452] (px4_msgs) StdoutLine: {'line': b'-- Up-to-date: /home/mcfb/ros2_ws/install/px4_msgs/include/px4_msgs/px4_msgs/msg/detail/arming_check_request__description.c\n'}
[1.340493] (px4_msgs) StdoutLine: {'line': b'-- Up-to-date: /home/mcfb/ros2_ws/install/px4_msgs/include/px4_msgs/px4_msgs/msg/detail/uavcan_parameter_value__description.c\n'}
[1.340537] (px4_msgs) StdoutLine: {'line': b'-- Up-to-date: /home/mcfb/ros2_ws/install/px4_msgs/include/px4_msgs/px4_msgs/msg/detail/parameter_set_used_request__struct.h\n'}
[1.340581] (px4_msgs) StdoutLine: {'line': b'-- Up-to-date: /home/mcfb/ros2_ws/install/px4_msgs/include/px4_msgs/px4_msgs/msg/detail/mission_result__functions.c\n'}
[1.340644] (px4_msgs) StdoutLine: {'line': b'-- Installing: /home/mcfb/ros2_ws/install/px4_msgs/include/px4_msgs/px4_msgs/msg/detail/generator_status__type_support.c\n'}
[1.340687] (px4_msgs) StdoutLine: {'line': b'-- Installing: /home/mcfb/ros2_ws/install/px4_msgs/include/px4_msgs/px4_msgs/msg/detail/ekf2_timestamps__type_support.c\n'}
[1.340728] (px4_msgs) StdoutLine: {'line': b'-- Installing: /home/mcfb/ros2_ws/install/px4_msgs/include/px4_msgs/px4_msgs/msg/detail/mission__type_support.c\n'}
[1.340769] (px4_msgs) StdoutLine: {'line': b'-- Installing: /home/mcfb/ros2_ws/install/px4_msgs/include/px4_msgs/px4_msgs/msg/detail/camera_trigger__type_support.c\n'}
[1.340810] (px4_msgs) StdoutLine: {'line': b'-- Up-to-date: /home/mcfb/ros2_ws/install/px4_msgs/include/px4_msgs/px4_msgs/msg/detail/event__functions.c\n'}
[1.340851] (px4_msgs) StdoutLine: {'line': b'-- Up-to-date: /home/mcfb/ros2_ws/install/px4_msgs/include/px4_msgs/px4_msgs/msg/detail/vehicle_attitude__functions.c\n'}
[1.340887] (px4_msgs) StdoutLine: {'line': b'-- Up-to-date: /home/mcfb/ros2_ws/install/px4_msgs/include/px4_msgs/px4_msgs/msg/detail/onboard_computer_status__description.c\n'}
[1.340962] (px4_msgs) StdoutLine: {'line': b'-- Up-to-date: /home/mcfb/ros2_ws/install/px4_msgs/include/px4_msgs/px4_msgs/msg/detail/gimbal_manager_information__functions.h\n'}
[1.341005] (px4_msgs) StdoutLine: {'line': b'-- Installing: /home/mcfb/ros2_ws/install/px4_msgs/include/px4_msgs/px4_msgs/msg/detail/parameter_set_used_request__type_support.c\n'}
[1.341048] (px4_msgs) StdoutLine: {'line': b'-- Up-to-date: /home/mcfb/ros2_ws/install/px4_msgs/include/px4_msgs/px4_msgs/msg/detail/vehicle_optical_flow__struct.h\n'}
[1.341089] (px4_msgs) StdoutLine: {'line': b'-- Up-to-date: /home/mcfb/ros2_ws/install/px4_msgs/include/px4_msgs/px4_msgs/msg/detail/orb_test_medium__functions.c\n'}
[1.341132] (px4_msgs) StdoutLine: {'line': b'-- Up-to-date: /home/mcfb/ros2_ws/install/px4_msgs/include/px4_msgs/px4_msgs/msg/detail/landing_target_innovations__struct.h\n'}
[1.341174] (px4_msgs) StdoutLine: {'line': b'-- Up-to-date: /home/mcfb/ros2_ws/install/px4_msgs/include/px4_msgs/px4_msgs/msg/detail/mount_orientation__description.c\n'}
[1.341213] (px4_msgs) StdoutLine: {'line': b'-- Up-to-date: /home/mcfb/ros2_ws/install/px4_msgs/include/px4_msgs/px4_msgs/msg/detail/magnetometer_bias_estimate__struct.h\n'}
[1.341283] (px4_msgs) StdoutLine: {'line': b'-- Installing: /home/mcfb/ros2_ws/install/px4_msgs/include/px4_msgs/px4_msgs/msg/detail/goto_setpoint__type_support.c\n'}
[1.341336] (px4_msgs) StdoutLine: {'line': b'-- Up-to-date: /home/mcfb/ros2_ws/install/px4_msgs/include/px4_msgs/px4_msgs/msg/detail/follow_target_estimator__description.c\n'}
[1.341386] (px4_msgs) StdoutLine: {'line': b'-- Up-to-date: /home/mcfb/ros2_ws/install/px4_msgs/include/px4_msgs/px4_msgs/msg/detail/rc_parameter_map__type_support.h\n'}
[1.341427] (px4_msgs) StdoutLine: {'line': b'-- Up-to-date: /home/mcfb/ros2_ws/install/px4_msgs/include/px4_msgs/px4_msgs/msg/detail/geofence_result__functions.h\n'}
[1.341470] (px4_msgs) StdoutLine: {'line': b'-- Installing: /home/mcfb/ros2_ws/install/px4_msgs/include/px4_msgs/px4_msgs/msg/detail/sensor_combined__type_support.c\n'}
[1.341514] (px4_msgs) StdoutLine: {'line': b'-- Installing: /home/mcfb/ros2_ws/install/px4_msgs/include/px4_msgs/px4_msgs/msg/detail/control_allocator_status__type_support.c\n'}
[1.341554] (px4_msgs) StdoutLine: {'line': b'-- Up-to-date: /home/mcfb/ros2_ws/install/px4_msgs/include/px4_msgs/px4_msgs/msg/detail/fixed_wing_lateral_setpoint__functions.c\n'}
[1.341596] (px4_msgs) StdoutLine: {'line': b'-- Installing: /home/mcfb/ros2_ws/install/px4_msgs/include/px4_msgs/px4_msgs/msg/detail/dronecan_node_status__type_support.c\n'}
[1.341636] (px4_msgs) StdoutLine: {'line': b'-- Up-to-date: /home/mcfb/ros2_ws/install/px4_msgs/include/px4_msgs/px4_msgs/msg/detail/wind__functions.h\n'}
[1.341676] (px4_msgs) StdoutLine: {'line': b'-- Up-to-date: /home/mcfb/ros2_ws/install/px4_msgs/include/px4_msgs/px4_msgs/msg/detail/failure_detector_status__description.c\n'}
[1.341720] (px4_msgs) StdoutLine: {'line': b'-- Up-to-date: /home/mcfb/ros2_ws/install/px4_msgs/include/px4_msgs/px4_msgs/msg/detail/gimbal_device_information__functions.h\n'}
[1.341763] (px4_msgs) StdoutLine: {'line': b'-- Up-to-date: /home/mcfb/ros2_ws/install/px4_msgs/include/px4_msgs/px4_msgs/msg/detail/gimbal_controls__description.c\n'}
[1.341805] (px4_msgs) StdoutLine: {'line': b'-- Up-to-date: /home/mcfb/ros2_ws/install/px4_msgs/include/px4_msgs/px4_msgs/msg/detail/fixed_wing_runway_control__struct.h\n'}
[1.341851] (px4_msgs) StdoutLine: {'line': b'-- Up-to-date: /home/mcfb/ros2_ws/install/px4_msgs/include/px4_msgs/px4_msgs/msg/detail/gps_inject_data__functions.h\n'}
[1.341891] (px4_msgs) StdoutLine: {'line': b'-- Installing: /home/mcfb/ros2_ws/install/px4_msgs/include/px4_msgs/px4_msgs/msg/detail/rover_speed_setpoint__type_support.c\n'}
[1.341931] (px4_msgs) StdoutLine: {'line': b'-- Up-to-date: /home/mcfb/ros2_ws/install/px4_msgs/include/px4_msgs/px4_msgs/msg/detail/ping__struct.h\n'}
[1.341972] (px4_msgs) StdoutLine: {'line': b'-- Installing: /home/mcfb/ros2_ws/install/px4_msgs/include/px4_msgs/px4_msgs/msg/detail/figure_eight_status__type_support.c\n'}
[1.342012] (px4_msgs) StdoutLine: {'line': b'-- Up-to-date: /home/mcfb/ros2_ws/install/px4_msgs/include/px4_msgs/px4_msgs/msg/detail/gpio_in__struct.h\n'}
[1.342056] (px4_msgs) StdoutLine: {'line': b'-- Up-to-date: /home/mcfb/ros2_ws/install/px4_msgs/include/px4_msgs/px4_msgs/msg/detail/position_setpoint__functions.h\n'}
[1.342095] (px4_msgs) StdoutLine: {'line': b'-- Up-to-date: /home/mcfb/ros2_ws/install/px4_msgs/include/px4_msgs/px4_msgs/msg/detail/register_ext_component_reply__functions.c\n'}
[1.342136] (px4_msgs) StdoutLine: {'line': b'-- Installing: /home/mcfb/ros2_ws/install/px4_msgs/include/px4_msgs/px4_msgs/msg/detail/magnetometer_bias_estimate__type_support.c\n'}
[1.342179] (px4_msgs) StdoutLine: {'line': b'-- Up-to-date: /home/mcfb/ros2_ws/install/px4_msgs/include/px4_msgs/px4_msgs/msg/detail/sensor_correction__struct.h\n'}
[1.342222] (px4_msgs) StdoutLine: {'line': b'-- Up-to-date: /home/mcfb/ros2_ws/install/px4_msgs/include/px4_msgs/px4_msgs/msg/detail/landing_target_pose__type_support.h\n'}
[1.342261] (px4_msgs) StdoutLine: {'line': b'-- Up-to-date: /home/mcfb/ros2_ws/install/px4_msgs/include/px4_msgs/px4_msgs/msg/detail/sensor_gnss_relative__struct.h\n'}
[1.342310] (px4_msgs) StdoutLine: {'line': b'-- Installing: /home/mcfb/ros2_ws/install/px4_msgs/include/px4_msgs/px4_msgs/msg/detail/rover_rate_status__type_support.c\n'}
[1.342356] (px4_msgs) StdoutLine: {'line': b'-- Up-to-date: /home/mcfb/ros2_ws/install/px4_msgs/include/px4_msgs/px4_msgs/msg/detail/transponder_report__type_support.h\n'}
[1.342400] (px4_msgs) StdoutLine: {'line': b'-- Up-to-date: /home/mcfb/ros2_ws/install/px4_msgs/include/px4_msgs/px4_msgs/msg/detail/ping__type_support.h\n'}
[1.342442] (px4_msgs) StdoutLine: {'line': b'-- Up-to-date: /home/mcfb/ros2_ws/install/px4_msgs/include/px4_msgs/px4_msgs/msg/detail/estimator_aid_source2d__functions.h\n'}
[1.342483] (px4_msgs) StdoutLine: {'line': b'-- Up-to-date: /home/mcfb/ros2_ws/install/px4_msgs/include/px4_msgs/px4_msgs/msg/detail/estimator_event_flags__struct.h\n'}
[1.342524] (px4_msgs) StdoutLine: {'line': b'-- Installing: /home/mcfb/ros2_ws/install/px4_msgs/include/px4_msgs/px4_msgs/msg/detail/landing_target_innovations__type_support.c\n'}
[1.342565] (px4_msgs) StdoutLine: {'line': b'-- Up-to-date: /home/mcfb/ros2_ws/install/px4_msgs/include/px4_msgs/px4_msgs/msg/detail/vehicle_imu_status__functions.c\n'}
[1.342620] (px4_msgs) StdoutLine: {'line': b'-- Installing: /home/mcfb/ros2_ws/install/px4_msgs/include/px4_msgs/px4_msgs/msg/detail/actuator_servos_trim__type_support.c\n'}
[1.342665] (px4_msgs) StdoutLine: {'line': b'-- Up-to-date: /home/mcfb/ros2_ws/install/px4_msgs/include/px4_msgs/px4_msgs/msg/detail/navigator_mission_item__struct.h\n'}
[1.342707] (px4_msgs) StdoutLine: {'line': b'-- Up-to-date: /home/mcfb/ros2_ws/install/px4_msgs/include/px4_msgs/px4_msgs/msg/detail/debug_key_value__functions.h\n'}
[1.342748] (px4_msgs) StdoutLine: {'line': b'-- Up-to-date: /home/mcfb/ros2_ws/install/px4_msgs/include/px4_msgs/px4_msgs/msg/detail/qshell_retval__type_support.h\n'}
[1.342789] (px4_msgs) StdoutLine: {'line': b'-- Up-to-date: /home/mcfb/ros2_ws/install/px4_msgs/include/px4_msgs/px4_msgs/msg/detail/sensor_selection__description.c\n'}
[1.342990] (px4_msgs) StdoutLine: {'line': b'-- Up-to-date: /home/mcfb/ros2_ws/install/px4_msgs/include/px4_msgs/px4_msgs/msg/detail/navigator_mission_item__description.c\n'}
[1.343054] (px4_msgs) StdoutLine: {'line': b'-- Up-to-date: /home/mcfb/ros2_ws/install/px4_msgs/include/px4_msgs/px4_msgs/msg/detail/sensor_selection__functions.c\n'}
[1.343105] (px4_msgs) StdoutLine: {'line': b'-- Up-to-date: /home/mcfb/ros2_ws/install/px4_msgs/include/px4_msgs/px4_msgs/msg/detail/rc_channels__functions.h\n'}
[1.343149] (px4_msgs) StdoutLine: {'line': b'-- Up-to-date: /home/mcfb/ros2_ws/install/px4_msgs/include/px4_msgs/px4_msgs/msg/detail/home_position__functions.c\n'}
[1.343192] (px4_msgs) StdoutLine: {'line': b'-- Up-to-date: /home/mcfb/ros2_ws/install/px4_msgs/include/px4_msgs/px4_msgs/msg/detail/mavlink_log__functions.h\n'}
[1.343236] (px4_msgs) StdoutLine: {'line': b'-- Installing: /home/mcfb/ros2_ws/install/px4_msgs/include/px4_msgs/px4_msgs/msg/detail/qshell_req__type_support.c\n'}
[1.343279] (px4_msgs) StdoutLine: {'line': b'-- Up-to-date: /home/mcfb/ros2_ws/install/px4_msgs/include/px4_msgs/px4_msgs/msg/detail/gimbal_device_information__description.c\n'}
[1.343321] (px4_msgs) StdoutLine: {'line': b'-- Installing: /home/mcfb/ros2_ws/install/px4_msgs/include/px4_msgs/px4_msgs/msg/detail/mount_orientation__type_support.c\n'}
[1.343366] (px4_msgs) StdoutLine: {'line': b'-- Up-to-date: /home/mcfb/ros2_ws/install/px4_msgs/include/px4_msgs/px4_msgs/msg/detail/airspeed_validated__description.c\n'}
[1.343409] (px4_msgs) StdoutLine: {'line': b'-- Up-to-date: /home/mcfb/ros2_ws/install/px4_msgs/include/px4_msgs/px4_msgs/msg/detail/pwm_input__struct.h\n'}
[1.343449] (px4_msgs) StdoutLine: {'line': b'-- Up-to-date: /home/mcfb/ros2_ws/install/px4_msgs/include/px4_msgs/px4_msgs/msg/detail/vehicle_acceleration__functions.c\n'}
[1.343492] (px4_msgs) StdoutLine: {'line': b'-- Up-to-date: /home/mcfb/ros2_ws/install/px4_msgs/include/px4_msgs/px4_msgs/msg/detail/rover_speed_status__type_support.h\n'}
[1.343534] (px4_msgs) StdoutLine: {'line': b'-- Up-to-date: /home/mcfb/ros2_ws/install/px4_msgs/include/px4_msgs/px4_msgs/msg/detail/control_allocator_status__type_support.h\n'}
[1.343610] (px4_msgs) StdoutLine: {'line': b'-- Up-to-date: /home/mcfb/ros2_ws/install/px4_msgs/include/px4_msgs/px4_msgs/msg/detail/navigator_mission_item__functions.h\n'}
[1.343654] (px4_msgs) StdoutLine: {'line': b'-- Up-to-date: /home/mcfb/ros2_ws/install/px4_msgs/include/px4_msgs/px4_msgs/msg/detail/vehicle_attitude__type_support.h\n'}
[1.343696] (px4_msgs) StdoutLine: {'line': b'-- Installing: /home/mcfb/ros2_ws/install/px4_msgs/include/px4_msgs/px4_msgs/msg/detail/autotune_attitude_control_status__type_support.c\n'}
[1.343737] (px4_msgs) StdoutLine: {'line': b'-- Installing: /home/mcfb/ros2_ws/install/px4_msgs/include/px4_msgs/px4_msgs/msg/detail/tiltrotor_extra_controls__type_support.c\n'}
[1.343779] (px4_msgs) StdoutLine: {'line': b'-- Up-to-date: /home/mcfb/ros2_ws/install/px4_msgs/include/px4_msgs/px4_msgs/msg/detail/sensor_gyro_fft__type_support.h\n'}
[1.343820] (px4_msgs) StdoutLine: {'line': b'-- Up-to-date: /home/mcfb/ros2_ws/install/px4_msgs/include/px4_msgs/px4_msgs/msg/detail/task_stack_info__struct.h\n'}
[1.343915] (px4_msgs) StdoutLine: {'line': b'-- Up-to-date: /home/mcfb/ros2_ws/install/px4_msgs/include/px4_msgs/px4_msgs/msg/detail/estimator_states__struct.h\n'}
[1.343957] (px4_msgs) StdoutLine: {'line': b'-- Up-to-date: /home/mcfb/ros2_ws/install/px4_msgs/include/px4_msgs/px4_msgs/msg/detail/collision_constraints__struct.h\n'}
[1.344001] (px4_msgs) StdoutLine: {'line': b'-- Up-to-date: /home/mcfb/ros2_ws/install/px4_msgs/include/px4_msgs/px4_msgs/msg/detail/rover_throttle_setpoint__type_support.h\n'}
[1.344044] (px4_msgs) StdoutLine: {'line': b'-- Installing: /home/mcfb/ros2_ws/install/px4_msgs/include/px4_msgs/px4_msgs/msg/detail/gpio_in__type_support.c\n'}
[1.344085] (px4_msgs) StdoutLine: {'line': b'-- Up-to-date: /home/mcfb/ros2_ws/install/px4_msgs/include/px4_msgs/px4_msgs/msg/detail/open_drone_id_operator_id__struct.h\n'}
[1.344125] (px4_msgs) StdoutLine: {'line': b'-- Up-to-date: /home/mcfb/ros2_ws/install/px4_msgs/include/px4_msgs/px4_msgs/msg/detail/vehicle_roi__type_support.h\n'}
[1.344167] (px4_msgs) StdoutLine: {'line': b'-- Installing: /home/mcfb/ros2_ws/install/px4_msgs/include/px4_msgs/px4_msgs/msg/detail/actuator_motors__type_support.c\n'}
[1.344207] (px4_msgs) StdoutLine: {'line': b'-- Installing: /home/mcfb/ros2_ws/install/px4_msgs/include/px4_msgs/px4_msgs/msg/detail/arming_check_reply__type_support.c\n'}
[1.344248] (px4_msgs) StdoutLine: {'line': b'-- Up-to-date: /home/mcfb/ros2_ws/install/px4_msgs/include/px4_msgs/px4_msgs/msg/detail/geofence_result__struct.h\n'}
[1.344288] (px4_msgs) StdoutLine: {'line': b'-- Up-to-date: /home/mcfb/ros2_ws/install/px4_msgs/include/px4_msgs/px4_msgs/msg/detail/button_event__functions.c\n'}
[1.344330] (px4_msgs) StdoutLine: {'line': b'-- Up-to-date: /home/mcfb/ros2_ws/install/px4_msgs/include/px4_msgs/px4_msgs/msg/detail/sensors_status__type_support.h\n'}
[1.344372] (px4_msgs) StdoutLine: {'line': b'-- Up-to-date: /home/mcfb/ros2_ws/install/px4_msgs/include/px4_msgs/px4_msgs/msg/detail/landing_gear__struct.h\n'}
[1.344415] (px4_msgs) StdoutLine: {'line': b'-- Up-to-date: /home/mcfb/ros2_ws/install/px4_msgs/include/px4_msgs/px4_msgs/msg/detail/camera_capture__struct.h\n'}
[1.344456] (px4_msgs) StdoutLine: {'line': b'-- Up-to-date: /home/mcfb/ros2_ws/install/px4_msgs/include/px4_msgs/px4_msgs/msg/detail/vehicle_thrust_setpoint__type_support.h\n'}
[1.344507] (px4_msgs) StdoutLine: {'line': b'-- Up-to-date: /home/mcfb/ros2_ws/install/px4_msgs/include/px4_msgs/px4_msgs/msg/detail/esc_report__type_support.h\n'}
[1.344609] (px4_msgs) StdoutLine: {'line': b'-- Up-to-date: /home/mcfb/ros2_ws/install/px4_msgs/include/px4_msgs/px4_msgs/msg/detail/cpuload__functions.h\n'}
[1.344653] (px4_msgs) StdoutLine: {'line': b'-- Up-to-date: /home/mcfb/ros2_ws/install/px4_msgs/include/px4_msgs/px4_msgs/msg/detail/rtl_status__struct.h\n'}
[1.344698] (px4_msgs) StdoutLine: {'line': b'-- Up-to-date: /home/mcfb/ros2_ws/install/px4_msgs/include/px4_msgs/px4_msgs/msg/detail/yaw_estimator_status__struct.h\n'}
[1.344739] (px4_msgs) StdoutLine: {'line': b'-- Up-to-date: /home/mcfb/ros2_ws/install/px4_msgs/include/px4_msgs/px4_msgs/msg/detail/fixed_wing_lateral_setpoint__type_support.h\n'}
[1.344803] (px4_msgs) StdoutLine: {'line': b'-- Up-to-date: /home/mcfb/ros2_ws/install/px4_msgs/include/px4_msgs/px4_msgs/msg/detail/transponder_report__functions.h\n'}
[1.344845] (px4_msgs) StdoutLine: {'line': b'-- Up-to-date: /home/mcfb/ros2_ws/install/px4_msgs/include/px4_msgs/px4_msgs/msg/detail/vehicle_command_ack__functions.c\n'}
[1.344882] (px4_msgs) StdoutLine: {'line': b'-- Installing: /home/mcfb/ros2_ws/install/px4_msgs/include/px4_msgs/px4_msgs/msg/detail/open_drone_id_operator_id__type_support.c\n'}
[1.344919] (px4_msgs) StdoutLine: {'line': b'-- Up-to-date: /home/mcfb/ros2_ws/install/px4_msgs/include/px4_msgs/px4_msgs/msg/detail/dataman_response__struct.h\n'}
[1.344957] (px4_msgs) StdoutLine: {'line': b'-- Up-to-date: /home/mcfb/ros2_ws/install/px4_msgs/include/px4_msgs/px4_msgs/msg/detail/estimator_bias__type_support.h\n'}
[1.344992] (px4_msgs) StdoutLine: {'line': b'-- Up-to-date: /home/mcfb/ros2_ws/install/px4_msgs/include/px4_msgs/px4_msgs/msg/detail/launch_detection_status__description.c\n'}
[1.345029] (px4_msgs) StdoutLine: {'line': b'-- Up-to-date: /home/mcfb/ros2_ws/install/px4_msgs/include/px4_msgs/px4_msgs/msg/detail/config_overrides__struct.h\n'}
[1.345065] (px4_msgs) StdoutLine: {'line': b'-- Up-to-date: /home/mcfb/ros2_ws/install/px4_msgs/include/px4_msgs/px4_msgs/msg/detail/vehicle_thrust_setpoint__description.c\n'}
[1.345101] (px4_msgs) StdoutLine: {'line': b'-- Up-to-date: /home/mcfb/ros2_ws/install/px4_msgs/include/px4_msgs/px4_msgs/msg/detail/vehicle_roi__struct.h\n'}
[1.345139] (px4_msgs) StdoutLine: {'line': b'-- Up-to-date: /home/mcfb/ros2_ws/install/px4_msgs/include/px4_msgs/px4_msgs/msg/detail/gpio_request__functions.c\n'}
[1.345180] (px4_msgs) StdoutLine: {'line': b'-- Up-to-date: /home/mcfb/ros2_ws/install/px4_msgs/include/px4_msgs/px4_msgs/msg/detail/logger_status__description.c\n'}
[1.345220] (px4_msgs) StdoutLine: {'line': b'-- Up-to-date: /home/mcfb/ros2_ws/install/px4_msgs/include/px4_msgs/px4_msgs/msg/detail/figure_eight_status__struct.h\n'}
[1.345260] (px4_msgs) StdoutLine: {'line': b'-- Installing: /home/mcfb/ros2_ws/install/px4_msgs/include/px4_msgs/px4_msgs/msg/detail/dataman_response__type_support.c\n'}
[1.345301] (px4_msgs) StdoutLine: {'line': b'-- Up-to-date: /home/mcfb/ros2_ws/install/px4_msgs/include/px4_msgs/px4_msgs/msg/detail/adc_report__functions.c\n'}
[1.345340] (px4_msgs) StdoutLine: {'line': b'-- Up-to-date: /home/mcfb/ros2_ws/install/px4_msgs/include/px4_msgs/px4_msgs/msg/detail/neural_control__description.c\n'}
[1.345381] (px4_msgs) StdoutLine: {'line': b'-- Up-to-date: /home/mcfb/ros2_ws/install/px4_msgs/include/px4_msgs/px4_msgs/msg/detail/rover_speed_status__description.c\n'}
[1.345421] (px4_msgs) StdoutLine: {'line': b'-- Up-to-date: /home/mcfb/ros2_ws/install/px4_msgs/include/px4_msgs/px4_msgs/msg/detail/satellite_info__functions.h\n'}
[1.345459] (px4_msgs) StdoutLine: {'line': b'-- Up-to-date: /home/mcfb/ros2_ws/install/px4_msgs/include/px4_msgs/px4_msgs/msg/detail/sensor_airflow__functions.c\n'}
[1.345499] (px4_msgs) StdoutLine: {'line': b'-- Up-to-date: /home/mcfb/ros2_ws/install/px4_msgs/include/px4_msgs/px4_msgs/msg/detail/estimator_aid_source1d__struct.h\n'}
[1.345537] (px4_msgs) StdoutLine: {'line': b'-- Up-to-date: /home/mcfb/ros2_ws/install/px4_msgs/include/px4_msgs/px4_msgs/msg/detail/logger_status__functions.h\n'}
[1.345576] (px4_msgs) StdoutLine: {'line': b'-- Up-to-date: /home/mcfb/ros2_ws/install/px4_msgs/include/px4_msgs/px4_msgs/msg/detail/dronecan_node_status__functions.h\n'}
[1.345618] (px4_msgs) StdoutLine: {'line': b'-- Up-to-date: /home/mcfb/ros2_ws/install/px4_msgs/include/px4_msgs/px4_msgs/msg/detail/internal_combustion_engine_control__functions.h\n'}
[1.345658] (px4_msgs) StdoutLine: {'line': b'-- Up-to-date: /home/mcfb/ros2_ws/install/px4_msgs/include/px4_msgs/px4_msgs/msg/detail/heater_status__functions.h\n'}
[1.345698] (px4_msgs) StdoutLine: {'line': b'-- Up-to-date: /home/mcfb/ros2_ws/install/px4_msgs/include/px4_msgs/px4_msgs/msg/detail/vehicle_status__type_support.h\n'}
[1.345757] (px4_msgs) StdoutLine: {'line': b'-- Up-to-date: /home/mcfb/ros2_ws/install/px4_msgs/include/px4_msgs/px4_msgs/msg/detail/takeoff_status__description.c\n'}
[1.345794] (px4_msgs) StdoutLine: {'line': b'-- Installing: /home/mcfb/ros2_ws/install/px4_msgs/include/px4_msgs/px4_msgs/msg/detail/takeoff_status__type_support.c\n'}
[1.345835] (px4_msgs) StdoutLine: {'line': b'-- Up-to-date: /home/mcfb/ros2_ws/install/px4_msgs/include/px4_msgs/px4_msgs/msg/detail/gimbal_controls__struct.h\n'}
[1.345918] (px4_msgs) StdoutLine: {'line': b'-- Up-to-date: /home/mcfb/ros2_ws/install/px4_msgs/include/px4_msgs/px4_msgs/msg/detail/action_request__functions.c\n'}
[1.345955] (px4_msgs) StdoutLine: {'line': b'-- Up-to-date: /home/mcfb/ros2_ws/install/px4_msgs/include/px4_msgs/px4_msgs/msg/detail/mission__functions.h\n'}
[1.345991] (px4_msgs) StdoutLine: {'line': b'-- Up-to-date: /home/mcfb/ros2_ws/install/px4_msgs/include/px4_msgs/px4_msgs/msg/detail/actuator_armed__functions.c\n'}
[1.346028] (px4_msgs) StdoutLine: {'line': b'-- Installing: /home/mcfb/ros2_ws/install/px4_msgs/include/px4_msgs/px4_msgs/msg/detail/gpio_out__type_support.c\n'}
[1.346095] (px4_msgs) StdoutLine: {'line': b'-- Installing: /home/mcfb/ros2_ws/install/px4_msgs/include/px4_msgs/px4_msgs/msg/detail/vehicle_command_ack__type_support.c\n'}
[1.346132] (px4_msgs) StdoutLine: {'line': b'-- Up-to-date: /home/mcfb/ros2_ws/install/px4_msgs/include/px4_msgs/px4_msgs/msg/detail/irlock_report__functions.h\n'}
[1.346168] (px4_msgs) StdoutLine: {'line': b'-- Up-to-date: /home/mcfb/ros2_ws/install/px4_msgs/include/px4_msgs/px4_msgs/msg/detail/sensor_gps__type_support.h\n'}
[1.346203] (px4_msgs) StdoutLine: {'line': b'-- Up-to-date: /home/mcfb/ros2_ws/install/px4_msgs/include/px4_msgs/px4_msgs/msg/detail/ulog_stream_ack__description.c\n'}
[1.346240] (px4_msgs) StdoutLine: {'line': b'-- Installing: /home/mcfb/ros2_ws/install/px4_msgs/include/px4_msgs/px4_msgs/msg/detail/actuator_controls_status__type_support.c\n'}
[1.346281] (px4_msgs) StdoutLine: {'line': b'-- Up-to-date: /home/mcfb/ros2_ws/install/px4_msgs/include/px4_msgs/px4_msgs/msg/detail/wheel_encoders__type_support.h\n'}
[1.346321] (px4_msgs) StdoutLine: {'line': b'-- Up-to-date: /home/mcfb/ros2_ws/install/px4_msgs/include/px4_msgs/px4_msgs/msg/detail/control_allocator_status__functions.c\n'}
[1.346361] (px4_msgs) StdoutLine: {'line': b'-- Up-to-date: /home/mcfb/ros2_ws/install/px4_msgs/include/px4_msgs/px4_msgs/msg/detail/sensor_gnss_status__functions.h\n'}
[1.346400] (px4_msgs) StdoutLine: {'line': b'-- Up-to-date: /home/mcfb/ros2_ws/install/px4_msgs/include/px4_msgs/px4_msgs/msg/detail/health_report__type_support.h\n'}
[1.346441] (px4_msgs) StdoutLine: {'line': b'-- Up-to-date: /home/mcfb/ros2_ws/install/px4_msgs/include/px4_msgs/px4_msgs/msg/detail/mavlink_log__struct.h\n'}
[1.346480] (px4_msgs) StdoutLine: {'line': b'-- Installing: /home/mcfb/ros2_ws/install/px4_msgs/include/px4_msgs/px4_msgs/msg/detail/navigator_status__type_support.c\n'}
[1.346530] (px4_msgs) StdoutLine: {'line': b'-- Up-to-date: /home/mcfb/ros2_ws/install/px4_msgs/include/px4_msgs/px4_msgs/msg/detail/tecs_status__functions.h\n'}
[1.346572] (px4_msgs) StdoutLine: {'line': b'-- Up-to-date: /home/mcfb/ros2_ws/install/px4_msgs/include/px4_msgs/px4_msgs/msg/detail/rover_rate_setpoint__type_support.h\n'}
[1.346624] (px4_msgs) StdoutLine: {'line': b'-- Up-to-date: /home/mcfb/ros2_ws/install/px4_msgs/include/px4_msgs/px4_msgs/msg/detail/fuel_tank_status__type_support.h\n'}
[1.346667] (px4_msgs) StdoutLine: {'line': b'-- Up-to-date: /home/mcfb/ros2_ws/install/px4_msgs/include/px4_msgs/px4_msgs/msg/detail/estimator_selector_status__functions.h\n'}
[1.346710] (px4_msgs) StdoutLine: {'line': b'-- Up-to-date: /home/mcfb/ros2_ws/install/px4_msgs/include/px4_msgs/px4_msgs/msg/detail/sensor_airflow__functions.h\n'}
[1.346750] (px4_msgs) StdoutLine: {'line': b'-- Up-to-date: /home/mcfb/ros2_ws/install/px4_msgs/include/px4_msgs/px4_msgs/msg/detail/heater_status__functions.c\n'}
[1.346899] (px4_msgs) StdoutLine: {'line': b'-- Up-to-date: /home/mcfb/ros2_ws/install/px4_msgs/include/px4_msgs/px4_msgs/msg/detail/dronecan_node_status__description.c\n'}
[1.346965] (px4_msgs) StdoutLine: {'line': b'-- Up-to-date: /home/mcfb/ros2_ws/install/px4_msgs/include/px4_msgs/px4_msgs/msg/detail/sensor_baro__functions.c\n'}
[1.347015] (px4_msgs) StdoutLine: {'line': b'-- Up-to-date: /home/mcfb/ros2_ws/install/px4_msgs/include/px4_msgs/px4_msgs/msg/detail/irlock_report__functions.c\n'}
[1.347066] (px4_msgs) StdoutLine: {'line': b'-- Up-to-date: /home/mcfb/ros2_ws/install/px4_msgs/include/px4_msgs/px4_msgs/msg/detail/vehicle_local_position_setpoint__type_support.h\n'}
[1.347108] (px4_msgs) StdoutLine: {'line': b'-- Up-to-date: /home/mcfb/ros2_ws/install/px4_msgs/include/px4_msgs/px4_msgs/msg/detail/vehicle_command_ack__functions.h\n'}
[1.347150] (px4_msgs) StdoutLine: {'line': b'-- Up-to-date: /home/mcfb/ros2_ws/install/px4_msgs/include/px4_msgs/px4_msgs/msg/detail/landing_target_innovations__functions.c\n'}
[1.347192] (px4_msgs) StdoutLine: {'line': b'-- Installing: /home/mcfb/ros2_ws/install/px4_msgs/include/px4_msgs/px4_msgs/msg/detail/arming_check_request__type_support.c\n'}
[1.347232] (px4_msgs) StdoutLine: {'line': b'-- Installing: /home/mcfb/ros2_ws/install/px4_msgs/include/px4_msgs/px4_msgs/msg/detail/gimbal_device_attitude_status__type_support.c\n'}
[1.347271] (px4_msgs) StdoutLine: {'line': b'-- Up-to-date: /home/mcfb/ros2_ws/install/px4_msgs/include/px4_msgs/px4_msgs/msg/detail/gimbal_device_set_attitude__description.c\n'}
[1.347312] (px4_msgs) StdoutLine: {'line': b'-- Up-to-date: /home/mcfb/ros2_ws/install/px4_msgs/include/px4_msgs/px4_msgs/msg/detail/airspeed_validated__functions.h\n'}
[1.347441] (px4_msgs) StdoutLine: {'line': b'-- Up-to-date: /home/mcfb/ros2_ws/install/px4_msgs/include/px4_msgs/px4_msgs/msg/detail/mission__struct.h\n'}
[1.347489] (px4_msgs) StdoutLine: {'line': b'-- Up-to-date: /home/mcfb/ros2_ws/install/px4_msgs/include/px4_msgs/px4_msgs/msg/detail/rover_rate_status__type_support.h\n'}
[1.347529] (px4_msgs) StdoutLine: {'line': b'-- Up-to-date: /home/mcfb/ros2_ws/install/px4_msgs/include/px4_msgs/px4_msgs/msg/detail/estimator_aid_source3d__type_support.h\n'}
[1.347572] (px4_msgs) StdoutLine: {'line': b'-- Up-to-date: /home/mcfb/ros2_ws/install/px4_msgs/include/px4_msgs/px4_msgs/msg/detail/neural_control__type_support.h\n'}
[1.347614] (px4_msgs) StdoutLine: {'line': b'-- Up-to-date: /home/mcfb/ros2_ws/install/px4_msgs/include/px4_msgs/px4_msgs/msg/detail/onboard_computer_status__functions.c\n'}
[1.347654] (px4_msgs) StdoutLine: {'line': b'-- Up-to-date: /home/mcfb/ros2_ws/install/px4_msgs/include/px4_msgs/px4_msgs/msg/detail/parameter_update__struct.h\n'}
[1.347695] (px4_msgs) StdoutLine: {'line': b'-- Up-to-date: /home/mcfb/ros2_ws/install/px4_msgs/include/px4_msgs/px4_msgs/msg/detail/sensor_uwb__description.c\n'}
[1.347738] (px4_msgs) StdoutLine: {'line': b'-- Up-to-date: /home/mcfb/ros2_ws/install/px4_msgs/include/px4_msgs/px4_msgs/msg/detail/velocity_limits__description.c\n'}
[1.347780] (px4_msgs) StdoutLine: {'line': b'-- Up-to-date: /home/mcfb/ros2_ws/install/px4_msgs/include/px4_msgs/px4_msgs/msg/detail/power_monitor__functions.h\n'}
[1.347820] (px4_msgs) StdoutLine: {'line': b'-- Up-to-date: /home/mcfb/ros2_ws/install/px4_msgs/include/px4_msgs/px4_msgs/msg/detail/internal_combustion_engine_control__description.c\n'}
[1.347867] (px4_msgs) StdoutLine: {'line': b'-- Up-to-date: /home/mcfb/ros2_ws/install/px4_msgs/include/px4_msgs/px4_msgs/msg/detail/led_control__functions.c\n'}
[1.347906] (px4_msgs) StdoutLine: {'line': b'-- Up-to-date: /home/mcfb/ros2_ws/install/px4_msgs/include/px4_msgs/px4_msgs/msg/detail/adc_report__description.c\n'}
[1.347946] (px4_msgs) StdoutLine: {'line': b'-- Up-to-date: /home/mcfb/ros2_ws/install/px4_msgs/include/px4_msgs/px4_msgs/msg/detail/iridiumsbd_status__functions.c\n'}
[1.347985] (px4_msgs) StdoutLine: {'line': b'-- Installing: /home/mcfb/ros2_ws/install/px4_msgs/include/px4_msgs/px4_msgs/msg/detail/position_setpoint_triplet__type_support.c\n'}
[1.348119] (px4_msgs) StdoutLine: {'line': b'-- Up-to-date: /home/mcfb/ros2_ws/install/px4_msgs/include/px4_msgs/px4_msgs/msg/detail/ping__functions.c\n'}
[1.348161] (px4_msgs) StdoutLine: {'line': b'-- Up-to-date: /home/mcfb/ros2_ws/install/px4_msgs/include/px4_msgs/px4_msgs/msg/detail/follow_target__functions.c\n'}
[1.348202] (px4_msgs) StdoutLine: {'line': b'-- Up-to-date: /home/mcfb/ros2_ws/install/px4_msgs/include/px4_msgs/px4_msgs/msg/detail/qshell_req__type_support.h\n'}
[1.348242] (px4_msgs) StdoutLine: {'line': b'-- Up-to-date: /home/mcfb/ros2_ws/install/px4_msgs/include/px4_msgs/px4_msgs/msg/detail/unregister_ext_component__type_support.h\n'}
[1.348283] (px4_msgs) StdoutLine: {'line': b'-- Up-to-date: /home/mcfb/ros2_ws/install/px4_msgs/include/px4_msgs/px4_msgs/msg/detail/sensor_gnss_status__description.c\n'}
[1.348330] (px4_msgs) StdoutLine: {'line': b'-- Up-to-date: /home/mcfb/ros2_ws/install/px4_msgs/include/px4_msgs/px4_msgs/msg/detail/gimbal_manager_information__type_support.h\n'}
[1.348371] (px4_msgs) StdoutLine: {'line': b'-- Up-to-date: /home/mcfb/ros2_ws/install/px4_msgs/include/px4_msgs/px4_msgs/msg/detail/parameter_reset_request__type_support.h\n'}
[1.348413] (px4_msgs) StdoutLine: {'line': b'-- Up-to-date: /home/mcfb/ros2_ws/install/px4_msgs/include/px4_msgs/px4_msgs/msg/detail/rover_speed_setpoint__functions.h\n'}
[1.348451] (px4_msgs) StdoutLine: {'line': b'-- Up-to-date: /home/mcfb/ros2_ws/install/px4_msgs/include/px4_msgs/px4_msgs/msg/detail/vehicle_control_mode__functions.h\n'}
[1.348491] (px4_msgs) StdoutLine: {'line': b'-- Up-to-date: /home/mcfb/ros2_ws/install/px4_msgs/include/px4_msgs/px4_msgs/msg/detail/gimbal_manager_set_manual_control__functions.c\n'}
[1.348541] (px4_msgs) StdoutLine: {'line': b'-- Up-to-date: /home/mcfb/ros2_ws/install/px4_msgs/include/px4_msgs/px4_msgs/msg/detail/estimator_states__functions.c\n'}
[1.348602] (px4_msgs) StdoutLine: {'line': b'-- Up-to-date: /home/mcfb/ros2_ws/install/px4_msgs/include/px4_msgs/px4_msgs/msg/detail/radio_status__functions.c\n'}
[1.348654] (px4_msgs) StdoutLine: {'line': b'-- Up-to-date: /home/mcfb/ros2_ws/install/px4_msgs/include/px4_msgs/px4_msgs/msg/detail/manual_control_setpoint__functions.h\n'}
[1.348714] (px4_msgs) StdoutLine: {'line': b'-- Up-to-date: /home/mcfb/ros2_ws/install/px4_msgs/include/px4_msgs/px4_msgs/msg/detail/camera_status__struct.h\n'}
[1.348761] (px4_msgs) StdoutLine: {'line': b'-- Up-to-date: /home/mcfb/ros2_ws/install/px4_msgs/include/px4_msgs/px4_msgs/msg/detail/estimator_status__functions.c\n'}
[1.348803] (px4_msgs) StdoutLine: {'line': b'-- Up-to-date: /home/mcfb/ros2_ws/install/px4_msgs/include/px4_msgs/px4_msgs/msg/detail/sensor_mag__functions.h\n'}
[1.348869] (px4_msgs) StdoutLine: {'line': b'-- Up-to-date: /home/mcfb/ros2_ws/install/px4_msgs/include/px4_msgs/px4_msgs/msg/detail/action_request__type_support.h\n'}
[1.348920] (px4_msgs) StdoutLine: {'line': b'-- Up-to-date: /home/mcfb/ros2_ws/install/px4_msgs/include/px4_msgs/px4_msgs/msg/detail/ekf2_timestamps__functions.h\n'}
[1.349098] (px4_msgs) StdoutLine: {'line': b'-- Up-to-date: /home/mcfb/ros2_ws/install/px4_msgs/include/px4_msgs/px4_msgs/msg/detail/actuator_outputs__description.c\n'}
[1.349711] (px4_msgs) StdoutLine: {'line': b'-- Up-to-date: /home/mcfb/ros2_ws/install/px4_msgs/include/px4_msgs/px4_msgs/msg/detail/vehicle_status__functions.c\n'}
[1.349914] (px4_msgs) StdoutLine: {'line': b'-- Up-to-date: /home/mcfb/ros2_ws/install/px4_msgs/include/px4_msgs/px4_msgs/msg/detail/sensor_combined__struct.h\n'}
[1.349969] (px4_msgs) StdoutLine: {'line': b'-- Up-to-date: /home/mcfb/ros2_ws/install/px4_msgs/include/px4_msgs/px4_msgs/msg/detail/lateral_control_configuration__functions.h\n'}
[1.350022] (px4_msgs) StdoutLine: {'line': b'-- Up-to-date: /home/mcfb/ros2_ws/install/px4_msgs/include/px4_msgs/px4_msgs/msg/detail/sensor_gyro__functions.c\n'}
[1.350087] (px4_msgs) StdoutLine: {'line': b'-- Up-to-date: /home/mcfb/ros2_ws/install/px4_msgs/include/px4_msgs/px4_msgs/msg/detail/px4io_status__type_support.h\n'}
[1.350130] (px4_msgs) StdoutLine: {'line': b'-- Up-to-date: /home/mcfb/ros2_ws/install/px4_msgs/include/px4_msgs/px4_msgs/msg/detail/config_overrides__functions.h\n'}
[1.350321] (px4_msgs) StdoutLine: {'line': b'-- Up-to-date: /home/mcfb/ros2_ws/install/px4_msgs/include/px4_msgs/px4_msgs/msg/detail/orb_test_medium__type_support.h\n'}
[1.350369] (px4_msgs) StdoutLine: {'line': b'-- Up-to-date: /home/mcfb/ros2_ws/install/px4_msgs/include/px4_msgs/px4_msgs/msg/detail/gps_inject_data__type_support.h\n'}
[1.350489] (px4_msgs) StdoutLine: {'line': b'-- Up-to-date: /home/mcfb/ros2_ws/install/px4_msgs/include/px4_msgs/px4_msgs/msg/detail/mount_orientation__functions.h\n'}
[1.350546] (px4_msgs) StdoutLine: {'line': b'-- Up-to-date: /home/mcfb/ros2_ws/install/px4_msgs/include/px4_msgs/px4_msgs/msg/detail/system_power__functions.h\n'}
[1.350600] (px4_msgs) StdoutLine: {'line': b'-- Up-to-date: /home/mcfb/ros2_ws/install/px4_msgs/include/px4_msgs/px4_msgs/msg/detail/manual_control_switches__description.c\n'}
[1.350661] (px4_msgs) StdoutLine: {'line': b'-- Up-to-date: /home/mcfb/ros2_ws/install/px4_msgs/include/px4_msgs/px4_msgs/msg/detail/gps_dump__type_support.h\n'}
[1.350719] (px4_msgs) StdoutLine: {'line': b'-- Up-to-date: /home/mcfb/ros2_ws/install/px4_msgs/include/px4_msgs/px4_msgs/msg/detail/yaw_estimator_status__description.c\n'}
[1.350771] (px4_msgs) StdoutLine: {'line': b'-- Up-to-date: /home/mcfb/ros2_ws/install/px4_msgs/include/px4_msgs/px4_msgs/msg/detail/telemetry_status__functions.h\n'}
[1.350816] (px4_msgs) StdoutLine: {'line': b'-- Up-to-date: /home/mcfb/ros2_ws/install/px4_msgs/include/px4_msgs/px4_msgs/msg/detail/mag_worker_data__struct.h\n'}
[1.350870] (px4_msgs) StdoutLine: {'line': b'-- Up-to-date: /home/mcfb/ros2_ws/install/px4_msgs/include/px4_msgs/px4_msgs/msg/detail/sensor_airflow__struct.h\n'}
[1.350928] (px4_msgs) StdoutLine: {'line': b'-- Up-to-date: /home/mcfb/ros2_ws/install/px4_msgs/include/px4_msgs/px4_msgs/msg/detail/obstacle_distance__type_support.h\n'}
[1.350995] (px4_msgs) StdoutLine: {'line': b'-- Installing: /home/mcfb/ros2_ws/install/px4_msgs/include/px4_msgs/px4_msgs/msg/detail/internal_combustion_engine_status__type_support.c\n'}
[1.351060] (px4_msgs) StdoutLine: {'line': b'-- Up-to-date: /home/mcfb/ros2_ws/install/px4_msgs/include/px4_msgs/px4_msgs/msg/detail/vehicle_attitude_setpoint__type_support.h\n'}
[1.351121] (px4_msgs) StdoutLine: {'line': b'-- Up-to-date: /home/mcfb/ros2_ws/install/px4_msgs/include/px4_msgs/px4_msgs/msg/detail/log_message__type_support.h\n'}
[1.351192] (px4_msgs) StdoutLine: {'line': b'-- Up-to-date: /home/mcfb/ros2_ws/install/px4_msgs/include/px4_msgs/px4_msgs/msg/detail/normalized_unsigned_setpoint__type_support.h\n'}
[1.351246] (px4_msgs) StdoutLine: {'line': b'-- Up-to-date: /home/mcfb/ros2_ws/install/px4_msgs/include/px4_msgs/px4_msgs/msg/detail/fixed_wing_lateral_setpoint__functions.h\n'}
[1.351306] (px4_msgs) StdoutLine: {'line': b'-- Up-to-date: /home/mcfb/ros2_ws/install/px4_msgs/include/px4_msgs/px4_msgs/msg/detail/unregister_ext_component__description.c\n'}
[1.351375] (px4_msgs) StdoutLine: {'line': b'-- Up-to-date: /home/mcfb/ros2_ws/install/px4_msgs/include/px4_msgs/px4_msgs/msg/detail/sensor_accel_fifo__functions.h\n'}
[1.351434] (px4_msgs) StdoutLine: {'line': b'-- Installing: /home/mcfb/ros2_ws/install/px4_msgs/include/px4_msgs/px4_msgs/msg/detail/px4io_status__type_support.c\n'}
[1.351496] (px4_msgs) StdoutLine: {'line': b'-- Installing: /home/mcfb/ros2_ws/install/px4_msgs/include/px4_msgs/px4_msgs/msg/detail/sensors_status__type_support.c\n'}
[1.351812] (px4_msgs) StdoutLine: {'line': b'-- Up-to-date: /home/mcfb/ros2_ws/install/px4_msgs/include/px4_msgs/px4_msgs/msg/detail/landing_gear_wheel__functions.c\n'}
[1.352017] (px4_msgs) StdoutLine: {'line': b'-- Up-to-date: /home/mcfb/ros2_ws/install/px4_msgs/include/px4_msgs/px4_msgs/msg/detail/takeoff_status__functions.c\n'}
[1.352080] (px4_msgs) StdoutLine: {'line': b'-- Up-to-date: /home/mcfb/ros2_ws/install/px4_msgs/include/px4_msgs/px4_msgs/msg/detail/lateral_control_configuration__struct.h\n'}
[1.352138] (px4_msgs) StdoutLine: {'line': b'-- Up-to-date: /home/mcfb/ros2_ws/install/px4_msgs/include/px4_msgs/px4_msgs/msg/detail/vtol_vehicle_status__description.c\n'}
[1.352235] (px4_msgs) StdoutLine: {'line': b'-- Up-to-date: /home/mcfb/ros2_ws/install/px4_msgs/include/px4_msgs/px4_msgs/msg/detail/actuator_motors__functions.c\n'}
[1.352324] (px4_msgs) StdoutLine: {'line': b'-- Installing: /home/mcfb/ros2_ws/install/px4_msgs/include/px4_msgs/px4_msgs/msg/detail/esc_status__type_support.c\n'}
[1.352445] (px4_msgs) StdoutLine: {'line': b'-- Up-to-date: /home/mcfb/ros2_ws/install/px4_msgs/include/px4_msgs/px4_msgs/msg/detail/sensor_gyro_fifo__struct.h\n'}
[1.352779] (px4_msgs) StdoutLine: {'line': b'-- Installing: /home/mcfb/ros2_ws/install/px4_msgs/include/px4_msgs/px4_msgs/msg/detail/task_stack_info__type_support.c\n'}
[1.352857] (px4_msgs) StdoutLine: {'line': b'-- Up-to-date: /home/mcfb/ros2_ws/install/px4_msgs/include/px4_msgs/px4_msgs/msg/detail/parameter_update__functions.c\n'}
[1.352923] (px4_msgs) StdoutLine: {'line': b'-- Up-to-date: /home/mcfb/ros2_ws/install/px4_msgs/include/px4_msgs/px4_msgs/msg/detail/orb_test_medium__struct.h\n'}
[1.352982] (px4_msgs) StdoutLine: {'line': b'-- Up-to-date: /home/mcfb/ros2_ws/install/px4_msgs/include/px4_msgs/px4_msgs/msg/detail/sensor_gyro_fifo__type_support.h\n'}
[1.353043] (px4_msgs) StdoutLine: {'line': b'-- Up-to-date: /home/mcfb/ros2_ws/install/px4_msgs/include/px4_msgs/px4_msgs/msg/detail/estimator_aid_source2d__description.c\n'}
[1.353112] (px4_msgs) StdoutLine: {'line': b'-- Up-to-date: /home/mcfb/ros2_ws/install/px4_msgs/include/px4_msgs/px4_msgs/msg/detail/mag_worker_data__functions.h\n'}
[1.353168] (px4_msgs) StdoutLine: {'line': b'-- Up-to-date: /home/mcfb/ros2_ws/install/px4_msgs/include/px4_msgs/px4_msgs/msg/detail/sensor_uwb__functions.c\n'}
[1.353220] (px4_msgs) StdoutLine: {'line': b'-- Up-to-date: /home/mcfb/ros2_ws/install/px4_msgs/include/px4_msgs/px4_msgs/msg/detail/trajectory_setpoint__functions.h\n'}
[1.353271] (px4_msgs) StdoutLine: {'line': b'-- Installing: /home/mcfb/ros2_ws/install/px4_msgs/include/px4_msgs/px4_msgs/msg/detail/register_ext_component_request__type_support.c\n'}
[1.353420] (px4_msgs) StdoutLine: {'line': b'-- Up-to-date: /home/mcfb/ros2_ws/install/px4_msgs/include/px4_msgs/px4_msgs/msg/detail/rover_attitude_setpoint__functions.c\n'}
[1.353478] (px4_msgs) StdoutLine: {'line': b'-- Up-to-date: /home/mcfb/ros2_ws/install/px4_msgs/include/px4_msgs/px4_msgs/msg/detail/actuator_test__description.c\n'}
[1.353523] (px4_msgs) StdoutLine: {'line': b'-- Up-to-date: /home/mcfb/ros2_ws/install/px4_msgs/include/px4_msgs/px4_msgs/msg/detail/can_interface_status__struct.h\n'}
[1.353563] (px4_msgs) StdoutLine: {'line': b'-- Installing: /home/mcfb/ros2_ws/install/px4_msgs/include/px4_msgs/px4_msgs/msg/detail/vehicle_thrust_setpoint__type_support.c\n'}
[1.353601] (px4_msgs) StdoutLine: {'line': b'-- Up-to-date: /home/mcfb/ros2_ws/install/px4_msgs/include/px4_msgs/px4_msgs/msg/detail/power_button_state__struct.h\n'}
[1.353670] (px4_msgs) StdoutLine: {'line': b'-- Up-to-date: /home/mcfb/ros2_ws/install/px4_msgs/include/px4_msgs/px4_msgs/msg/detail/rover_speed_setpoint__type_support.h\n'}
[1.353720] (px4_msgs) StdoutLine: {'line': b'-- Up-to-date: /home/mcfb/ros2_ws/install/px4_msgs/include/px4_msgs/px4_msgs/msg/detail/gpio_out__functions.c\n'}
[1.353759] (px4_msgs) StdoutLine: {'line': b'-- Up-to-date: /home/mcfb/ros2_ws/install/px4_msgs/include/px4_msgs/px4_msgs/msg/detail/follow_target__struct.h\n'}
[1.353798] (px4_msgs) StdoutLine: {'line': b'-- Up-to-date: /home/mcfb/ros2_ws/install/px4_msgs/include/px4_msgs/px4_msgs/msg/detail/vehicle_imu_status__type_support.h\n'}
[1.353849] (px4_msgs) StdoutLine: {'line': b'-- Up-to-date: /home/mcfb/ros2_ws/install/px4_msgs/include/px4_msgs/px4_msgs/msg/detail/sensor_optical_flow__description.c\n'}
[1.353898] (px4_msgs) StdoutLine: {'line': b'-- Up-to-date: /home/mcfb/ros2_ws/install/px4_msgs/include/px4_msgs/px4_msgs/msg/detail/rover_speed_setpoint__functions.c\n'}
[1.353936] (px4_msgs) StdoutLine: {'line': b'-- Up-to-date: /home/mcfb/ros2_ws/install/px4_msgs/include/px4_msgs/px4_msgs/msg/detail/power_monitor__functions.c\n'}
[1.353985] (px4_msgs) StdoutLine: {'line': b'-- Up-to-date: /home/mcfb/ros2_ws/install/px4_msgs/include/px4_msgs/px4_msgs/msg/detail/open_drone_id_arm_status__type_support.h\n'}
[1.354035] (px4_msgs) StdoutLine: {'line': b'-- Up-to-date: /home/mcfb/ros2_ws/install/px4_msgs/include/px4_msgs/px4_msgs/msg/detail/qshell_retval__struct.h\n'}
[1.354089] (px4_msgs) StdoutLine: {'line': b'-- Installing: /home/mcfb/ros2_ws/install/px4_msgs/include/px4_msgs/px4_msgs/msg/detail/estimator_sensor_bias__type_support.c\n'}
[1.354145] (px4_msgs) StdoutLine: {'line': b'-- Up-to-date: /home/mcfb/ros2_ws/install/px4_msgs/include/px4_msgs/px4_msgs/msg/detail/sensor_gnss_relative__type_support.h\n'}
[1.354259] (px4_msgs) StdoutLine: {'line': b'-- Installing: /home/mcfb/ros2_ws/install/px4_msgs/include/px4_msgs/px4_msgs/msg/detail/gps_inject_data__type_support.c\n'}
[1.354298] (px4_msgs) StdoutLine: {'line': b'-- Up-to-date: /home/mcfb/ros2_ws/install/px4_msgs/include/px4_msgs/px4_msgs/msg/detail/telemetry_status__struct.h\n'}
[1.354337] (px4_msgs) StdoutLine: {'line': b'-- Up-to-date: /home/mcfb/ros2_ws/install/px4_msgs/include/px4_msgs/px4_msgs/msg/detail/vehicle_constraints__functions.h\n'}
[1.354376] (px4_msgs) StdoutLine: {'line': b'-- Up-to-date: /home/mcfb/ros2_ws/install/px4_msgs/include/px4_msgs/px4_msgs/msg/detail/sensor_optical_flow__functions.h\n'}
[1.354433] (px4_msgs) StdoutLine: {'line': b'-- Installing: /home/mcfb/ros2_ws/install/px4_msgs/include/px4_msgs/px4_msgs/msg/detail/wind__type_support.c\n'}
[1.354477] (px4_msgs) StdoutLine: {'line': b'-- Up-to-date: /home/mcfb/ros2_ws/install/px4_msgs/include/px4_msgs/px4_msgs/msg/detail/rtl_time_estimate__functions.h\n'}
[1.354519] (px4_msgs) StdoutLine: {'line': b'-- Up-to-date: /home/mcfb/ros2_ws/install/px4_msgs/include/px4_msgs/px4_msgs/msg/detail/sensor_uwb__type_support.h\n'}
[1.354566] (px4_msgs) StdoutLine: {'line': b'-- Up-to-date: /home/mcfb/ros2_ws/install/px4_msgs/include/px4_msgs/px4_msgs/msg/detail/gimbal_device_set_attitude__struct.h\n'}
[1.354605] (px4_msgs) StdoutLine: {'line': b'-- Up-to-date: /home/mcfb/ros2_ws/install/px4_msgs/include/px4_msgs/px4_msgs/msg/detail/open_drone_id_arm_status__functions.c\n'}
[1.354658] (px4_msgs) StdoutLine: {'line': b'-- Up-to-date: /home/mcfb/ros2_ws/install/px4_msgs/include/px4_msgs/px4_msgs/msg/detail/irlock_report__type_support.h\n'}
[1.354712] (px4_msgs) StdoutLine: {'line': b'-- Up-to-date: /home/mcfb/ros2_ws/install/px4_msgs/include/px4_msgs/px4_msgs/msg/detail/estimator_status__struct.h\n'}
[1.354768] (px4_msgs) StdoutLine: {'line': b'-- Installing: /home/mcfb/ros2_ws/install/px4_msgs/include/px4_msgs/px4_msgs/msg/detail/rover_steering_setpoint__type_support.c\n'}
[1.354829] (px4_msgs) StdoutLine: {'line': b'-- Up-to-date: /home/mcfb/ros2_ws/install/px4_msgs/include/px4_msgs/px4_msgs/msg/detail/gpio_config__type_support.h\n'}
[1.354894] (px4_msgs) StdoutLine: {'line': b'-- Up-to-date: /home/mcfb/ros2_ws/install/px4_msgs/include/px4_msgs/px4_msgs/msg/detail/rtl_status__type_support.h\n'}
[1.354965] (px4_msgs) StdoutLine: {'line': b'-- Installing: /home/mcfb/ros2_ws/install/px4_msgs/include/px4_msgs/px4_msgs/msg/detail/satellite_info__type_support.c\n'}
[1.355032] (px4_msgs) StdoutLine: {'line': b'-- Up-to-date: /home/mcfb/ros2_ws/install/px4_msgs/include/px4_msgs/px4_msgs/msg/detail/gimbal_device_set_attitude__type_support.h\n'}
[1.355091] (px4_msgs) StdoutLine: {'line': b'-- Up-to-date: /home/mcfb/ros2_ws/install/px4_msgs/include/px4_msgs/px4_msgs/msg/detail/differential_pressure__functions.h\n'}
[1.355150] (px4_msgs) StdoutLine: {'line': b'-- Installing: /home/mcfb/ros2_ws/install/px4_msgs/include/px4_msgs/px4_msgs/msg/detail/adc_report__type_support.c\n'}
[1.355223] (px4_msgs) StdoutLine: {'line': b'-- Up-to-date: /home/mcfb/ros2_ws/install/px4_msgs/include/px4_msgs/px4_msgs/msg/detail/gimbal_controls__functions.c\n'}
[1.355283] (px4_msgs) StdoutLine: {'line': b'-- Up-to-date: /home/mcfb/ros2_ws/install/px4_msgs/include/px4_msgs/px4_msgs/msg/detail/sensor_mag__functions.c\n'}
[1.355349] (px4_msgs) StdoutLine: {'line': b'-- Up-to-date: /home/mcfb/ros2_ws/install/px4_msgs/include/px4_msgs/px4_msgs/msg/detail/airspeed_wind__type_support.h\n'}
[1.355406] (px4_msgs) StdoutLine: {'line': b'-- Up-to-date: /home/mcfb/ros2_ws/install/px4_msgs/include/px4_msgs/px4_msgs/msg/detail/mag_worker_data__description.c\n'}
[1.355476] (px4_msgs) StdoutLine: {'line': b'-- Up-to-date: /home/mcfb/ros2_ws/install/px4_msgs/include/px4_msgs/px4_msgs/msg/detail/figure_eight_status__description.c\n'}
[1.355518] (px4_msgs) StdoutLine: {'line': b'-- Up-to-date: /home/mcfb/ros2_ws/install/px4_msgs/include/px4_msgs/px4_msgs/msg/detail/vehicle_land_detected__functions.c\n'}
[1.355565] (px4_msgs) StdoutLine: {'line': b'-- Up-to-date: /home/mcfb/ros2_ws/install/px4_msgs/include/px4_msgs/px4_msgs/msg/detail/uavcan_parameter_request__description.c\n'}
[1.355637] (px4_msgs) StdoutLine: {'line': b'-- Up-to-date: /home/mcfb/ros2_ws/install/px4_msgs/include/px4_msgs/px4_msgs/msg/detail/vehicle_control_mode__description.c\n'}
[1.355704] (px4_msgs) StdoutLine: {'line': b'-- Up-to-date: /home/mcfb/ros2_ws/install/px4_msgs/include/px4_msgs/px4_msgs/msg/detail/open_drone_id_system__description.c\n'}
[1.355756] (px4_msgs) StdoutLine: {'line': b'-- Installing: /home/mcfb/ros2_ws/install/px4_msgs/include/px4_msgs/px4_msgs/msg/detail/sensor_gyro_fifo__type_support.c\n'}
[1.355809] (px4_msgs) StdoutLine: {'line': b'-- Up-to-date: /home/mcfb/ros2_ws/install/px4_msgs/include/px4_msgs/px4_msgs/msg/detail/event__struct.h\n'}
[1.355867] (px4_msgs) StdoutLine: {'line': b'-- Installing: /home/mcfb/ros2_ws/install/px4_msgs/include/px4_msgs/px4_msgs/msg/detail/gpio_request__type_support.c\n'}
[1.355920] (px4_msgs) StdoutLine: {'line': b'-- Up-to-date: /home/mcfb/ros2_ws/install/px4_msgs/include/px4_msgs/px4_msgs/msg/detail/sensor_gnss_relative__functions.h\n'}
[1.355973] (px4_msgs) StdoutLine: {'line': b'-- Up-to-date: /home/mcfb/ros2_ws/install/px4_msgs/include/px4_msgs/px4_msgs/msg/detail/actuator_controls_status__description.c\n'}
[1.356026] (px4_msgs) StdoutLine: {'line': b'-- Up-to-date: /home/mcfb/ros2_ws/install/px4_msgs/include/px4_msgs/px4_msgs/msg/detail/tecs_status__functions.c\n'}
[1.356078] (px4_msgs) StdoutLine: {'line': b'-- Up-to-date: /home/mcfb/ros2_ws/install/px4_msgs/include/px4_msgs/px4_msgs/msg/detail/gimbal_device_attitude_status__description.c\n'}
[1.356128] (px4_msgs) StdoutLine: {'line': b'-- Up-to-date: /home/mcfb/ros2_ws/install/px4_msgs/include/px4_msgs/px4_msgs/msg/detail/position_controller_landing_status__functions.c\n'}
[1.356180] (px4_msgs) StdoutLine: {'line': b'-- Up-to-date: /home/mcfb/ros2_ws/install/px4_msgs/include/px4_msgs/px4_msgs/msg/detail/vehicle_command__description.c\n'}
[1.356255] (px4_msgs) StdoutLine: {'line': b'-- Up-to-date: /home/mcfb/ros2_ws/install/px4_msgs/include/px4_msgs/px4_msgs/msg/detail/heater_status__type_support.h\n'}
[1.356298] (px4_msgs) StdoutLine: {'line': b'-- Up-to-date: /home/mcfb/ros2_ws/install/px4_msgs/include/px4_msgs/px4_msgs/msg/detail/wind__type_support.h\n'}
[1.356337] (px4_msgs) StdoutLine: {'line': b'-- Installing: /home/mcfb/ros2_ws/install/px4_msgs/include/px4_msgs/px4_msgs/msg/detail/mission_result__type_support.c\n'}
[1.356390] (px4_msgs) StdoutLine: {'line': b'-- Up-to-date: /home/mcfb/ros2_ws/install/px4_msgs/include/px4_msgs/px4_msgs/msg/detail/position_controller_status__type_support.h\n'}
[1.356443] (px4_msgs) StdoutLine: {'line': b'-- Up-to-date: /home/mcfb/ros2_ws/install/px4_msgs/include/px4_msgs/px4_msgs/msg/detail/fuel_tank_status__description.c\n'}
[1.356494] (px4_msgs) StdoutLine: {'line': b'-- Up-to-date: /home/mcfb/ros2_ws/install/px4_msgs/include/px4_msgs/px4_msgs/msg/detail/sensor_gyro_fft__description.c\n'}
[1.356547] (px4_msgs) StdoutLine: {'line': b'-- Up-to-date: /home/mcfb/ros2_ws/install/px4_msgs/include/px4_msgs/px4_msgs/msg/detail/mavlink_tunnel__description.c\n'}
[1.356599] (px4_msgs) StdoutLine: {'line': b'-- Up-to-date: /home/mcfb/ros2_ws/install/px4_msgs/include/px4_msgs/px4_msgs/msg/detail/esc_status__struct.h\n'}
[1.356650] (px4_msgs) StdoutLine: {'line': b'-- Up-to-date: /home/mcfb/ros2_ws/install/px4_msgs/include/px4_msgs/px4_msgs/msg/detail/button_event__description.c\n'}
[1.356752] (px4_msgs) StdoutLine: {'line': b'-- Up-to-date: /home/mcfb/ros2_ws/install/px4_msgs/include/px4_msgs/px4_msgs/msg/detail/vehicle_command__functions.h\n'}
[1.356806] (px4_msgs) StdoutLine: {'line': b'-- Up-to-date: /home/mcfb/ros2_ws/install/px4_msgs/include/px4_msgs/px4_msgs/msg/detail/sensor_baro__functions.h\n'}
[1.356864] (px4_msgs) StdoutLine: {'line': b'-- Up-to-date: /home/mcfb/ros2_ws/install/px4_msgs/include/px4_msgs/px4_msgs/msg/detail/actuator_motors__functions.h\n'}
[1.356917] (px4_msgs) StdoutLine: {'line': b'-- Up-to-date: /home/mcfb/ros2_ws/install/px4_msgs/include/px4_msgs/px4_msgs/msg/detail/vehicle_status__description.c\n'}
[1.356968] (px4_msgs) StdoutLine: {'line': b'-- Up-to-date: /home/mcfb/ros2_ws/install/px4_msgs/include/px4_msgs/px4_msgs/msg/detail/mount_orientation__type_support.h\n'}
[1.357039] (px4_msgs) StdoutLine: {'line': b'-- Up-to-date: /home/mcfb/ros2_ws/install/px4_msgs/include/px4_msgs/px4_msgs/msg/detail/differential_pressure__struct.h\n'}
[1.357149] (px4_msgs) StdoutLine: {'line': b'-- Up-to-date: /home/mcfb/ros2_ws/install/px4_msgs/include/px4_msgs/px4_msgs/msg/detail/position_setpoint__type_support.h\n'}
[1.357272] (px4_msgs) StdoutLine: {'line': b'-- Up-to-date: /home/mcfb/ros2_ws/install/px4_msgs/include/px4_msgs/px4_msgs/msg/detail/register_ext_component_reply__type_support.h\n'}
[1.357348] (px4_msgs) StdoutLine: {'line': b'-- Installing: /home/mcfb/ros2_ws/install/px4_msgs/include/px4_msgs/px4_msgs/msg/detail/vehicle_global_position__type_support.c\n'}
[1.357401] (px4_msgs) StdoutLine: {'line': b'-- Up-to-date: /home/mcfb/ros2_ws/install/px4_msgs/include/px4_msgs/px4_msgs/msg/detail/orb_test_large__description.c\n'}
[1.357455] (px4_msgs) StdoutLine: {'line': b'-- Up-to-date: /home/mcfb/ros2_ws/install/px4_msgs/include/px4_msgs/px4_msgs/msg/detail/parameter_set_value_response__struct.h\n'}
[1.357521] (px4_msgs) StdoutLine: {'line': b'-- Up-to-date: /home/mcfb/ros2_ws/install/px4_msgs/include/px4_msgs/px4_msgs/msg/detail/vehicle_control_mode__struct.h\n'}
[1.357581] (px4_msgs) StdoutLine: {'line': b'-- Up-to-date: /home/mcfb/ros2_ws/install/px4_msgs/include/px4_msgs/px4_msgs/msg/detail/system_power__type_support.h\n'}
[1.357634] (px4_msgs) StdoutLine: {'line': b'-- Up-to-date: /home/mcfb/ros2_ws/install/px4_msgs/include/px4_msgs/px4_msgs/msg/detail/rover_rate_status__description.c\n'}
[1.357732] (px4_msgs) StdoutLine: {'line': b'-- Up-to-date: /home/mcfb/ros2_ws/install/px4_msgs/include/px4_msgs/px4_msgs/msg/detail/magnetometer_bias_estimate__description.c\n'}
[1.357931] (px4_msgs) StdoutLine: {'line': b'-- Up-to-date: /home/mcfb/ros2_ws/install/px4_msgs/include/px4_msgs/px4_msgs/msg/detail/vehicle_thrust_setpoint__functions.c\n'}
[1.358105] (px4_msgs) StdoutLine: {'line': b'-- Up-to-date: /home/mcfb/ros2_ws/install/px4_msgs/include/px4_msgs/px4_msgs/msg/detail/follow_target_estimator__type_support.h\n'}
[1.358241] (px4_msgs) StdoutLine: {'line': b'-- Up-to-date: /home/mcfb/ros2_ws/install/px4_msgs/include/px4_msgs/px4_msgs/msg/detail/distance_sensor_mode_change_request__functions.h\n'}
[1.358389] (px4_msgs) StdoutLine: {'line': b'-- Up-to-date: /home/mcfb/ros2_ws/install/px4_msgs/include/px4_msgs/px4_msgs/msg/detail/mag_worker_data__functions.c\n'}
[1.358485] (px4_msgs) StdoutLine: {'line': b'-- Up-to-date: /home/mcfb/ros2_ws/install/px4_msgs/include/px4_msgs/px4_msgs/msg/detail/vehicle_global_position__struct.h\n'}
[1.358623] (px4_msgs) StdoutLine: {'line': b'-- Up-to-date: /home/mcfb/ros2_ws/install/px4_msgs/include/px4_msgs/px4_msgs/msg/detail/estimator_gps_status__functions.h\n'}
[1.358733] (px4_msgs) StdoutLine: {'line': b'-- Up-to-date: /home/mcfb/ros2_ws/install/px4_msgs/include/px4_msgs/px4_msgs/msg/detail/camera_capture__type_support.h\n'}
[1.358791] (px4_msgs) StdoutLine: {'line': b'-- Up-to-date: /home/mcfb/ros2_ws/install/px4_msgs/include/px4_msgs/px4_msgs/msg/detail/dataman_response__functions.c\n'}
[1.358949] (px4_msgs) StdoutLine: {'line': b'-- Up-to-date: /home/mcfb/ros2_ws/install/px4_msgs/include/px4_msgs/px4_msgs/msg/detail/button_event__functions.h\n'}
[1.358999] (px4_msgs) StdoutLine: {'line': b'-- Up-to-date: /home/mcfb/ros2_ws/install/px4_msgs/include/px4_msgs/px4_msgs/msg/detail/yaw_estimator_status__functions.c\n'}
[1.359045] (px4_msgs) StdoutLine: {'line': b'-- Installing: /home/mcfb/ros2_ws/install/px4_msgs/include/px4_msgs/px4_msgs/msg/detail/vehicle_optical_flow__type_support.c\n'}
[1.359090] (px4_msgs) StdoutLine: {'line': b'-- Up-to-date: /home/mcfb/ros2_ws/install/px4_msgs/include/px4_msgs/px4_msgs/msg/detail/button_event__type_support.h\n'}
[1.359136] (px4_msgs) StdoutLine: {'line': b'-- Up-to-date: /home/mcfb/ros2_ws/install/px4_msgs/include/px4_msgs/px4_msgs/msg/detail/mount_orientation__functions.c\n'}
[1.359186] (px4_msgs) StdoutLine: {'line': b'-- Up-to-date: /home/mcfb/ros2_ws/install/px4_msgs/include/px4_msgs/px4_msgs/msg/detail/ekf2_timestamps__description.c\n'}
[1.359247] (px4_msgs) StdoutLine: {'line': b'-- Up-to-date: /home/mcfb/ros2_ws/install/px4_msgs/include/px4_msgs/px4_msgs/msg/detail/actuator_servos_trim__type_support.h\n'}
[1.359343] (px4_msgs) StdoutLine: {'line': b'-- Up-to-date: /home/mcfb/ros2_ws/install/px4_msgs/include/px4_msgs/px4_msgs/msg/detail/rate_ctrl_status__functions.h\n'}
[1.359408] (px4_msgs) StdoutLine: {'line': b'-- Up-to-date: /home/mcfb/ros2_ws/install/px4_msgs/include/px4_msgs/px4_msgs/msg/detail/follow_target_status__functions.c\n'}
[1.359464] (px4_msgs) StdoutLine: {'line': b'-- Up-to-date: /home/mcfb/ros2_ws/install/px4_msgs/include/px4_msgs/px4_msgs/msg/detail/orbit_status__functions.h\n'}
[1.359571] (px4_msgs) StdoutLine: {'line': b'-- Up-to-date: /home/mcfb/ros2_ws/install/px4_msgs/include/px4_msgs/px4_msgs/msg/detail/satellite_info__struct.h\n'}
[1.359737] (px4_msgs) StdoutLine: {'line': b'-- Up-to-date: /home/mcfb/ros2_ws/install/px4_msgs/include/px4_msgs/px4_msgs/msg/detail/vtol_vehicle_status__functions.h\n'}
[1.359844] (px4_msgs) StdoutLine: {'line': b'-- Up-to-date: /home/mcfb/ros2_ws/install/px4_msgs/include/px4_msgs/px4_msgs/msg/detail/sensors_status_imu__description.c\n'}
[1.359896] (px4_msgs) StdoutLine: {'line': b'-- Up-to-date: /home/mcfb/ros2_ws/install/px4_msgs/include/px4_msgs/px4_msgs/msg/detail/vehicle_magnetometer__description.c\n'}
[1.360041] (px4_msgs) StdoutLine: {'line': b'-- Installing: /home/mcfb/ros2_ws/install/px4_msgs/include/px4_msgs/px4_msgs/msg/detail/longitudinal_control_configuration__type_support.c\n'}
[1.360148] (px4_msgs) StdoutLine: {'line': b'-- Up-to-date: /home/mcfb/ros2_ws/install/px4_msgs/include/px4_msgs/px4_msgs/msg/detail/action_request__struct.h\n'}
[1.360204] (px4_msgs) StdoutLine: {'line': b'-- Up-to-date: /home/mcfb/ros2_ws/install/px4_msgs/include/px4_msgs/px4_msgs/msg/detail/gimbal_manager_set_manual_control__struct.h\n'}
[1.360305] (px4_msgs) StdoutLine: {'line': b'-- Up-to-date: /home/mcfb/ros2_ws/install/px4_msgs/include/px4_msgs/px4_msgs/msg/detail/generator_status__struct.h\n'}
[1.360362] (px4_msgs) StdoutLine: {'line': b'-- Up-to-date: /home/mcfb/ros2_ws/install/px4_msgs/include/px4_msgs/px4_msgs/msg/detail/longitudinal_control_configuration__functions.h\n'}
[1.360470] (px4_msgs) StdoutLine: {'line': b'-- Up-to-date: /home/mcfb/ros2_ws/install/px4_msgs/include/px4_msgs/px4_msgs/msg/detail/vehicle_angular_acceleration_setpoint__description.c\n'}
[1.360554] (px4_msgs) StdoutLine: {'line': b'-- Installing: /home/mcfb/ros2_ws/install/px4_msgs/include/px4_msgs/px4_msgs/msg/detail/onboard_computer_status__type_support.c\n'}
[1.360694] (px4_msgs) StdoutLine: {'line': b'-- Installing: /home/mcfb/ros2_ws/install/px4_msgs/include/px4_msgs/px4_msgs/msg/detail/estimator_bias3d__type_support.c\n'}
[1.360771] (px4_msgs) StdoutLine: {'line': b'-- Up-to-date: /home/mcfb/ros2_ws/install/px4_msgs/include/px4_msgs/px4_msgs/msg/detail/debug_array__type_support.h\n'}
[1.360831] (px4_msgs) StdoutLine: {'line': b'-- Up-to-date: /home/mcfb/ros2_ws/install/px4_msgs/include/px4_msgs/px4_msgs/msg/detail/landing_gear__type_support.h\n'}
[1.360887] (px4_msgs) StdoutLine: {'line': b'-- Up-to-date: /home/mcfb/ros2_ws/install/px4_msgs/include/px4_msgs/px4_msgs/msg/detail/unregister_ext_component__functions.c\n'}
[1.360930] (px4_msgs) StdoutLine: {'line': b'-- Up-to-date: /home/mcfb/ros2_ws/install/px4_msgs/include/px4_msgs/px4_msgs/msg/detail/vehicle_attitude_setpoint__description.c\n'}
[1.360972] (px4_msgs) StdoutLine: {'line': b'-- Up-to-date: /home/mcfb/ros2_ws/install/px4_msgs/include/px4_msgs/px4_msgs/msg/detail/follow_target_estimator__functions.c\n'}
[1.361016] (px4_msgs) StdoutLine: {'line': b'-- Up-to-date: /home/mcfb/ros2_ws/install/px4_msgs/include/px4_msgs/px4_msgs/msg/detail/sensor_hygrometer__description.c\n'}
[1.361057] (px4_msgs) StdoutLine: {'line': b'-- Installing: /home/mcfb/ros2_ws/install/px4_msgs/include/px4_msgs/px4_msgs/msg/detail/debug_array__type_support.c\n'}
[1.361097] (px4_msgs) StdoutLine: {'line': b'-- Installing: /home/mcfb/ros2_ws/install/px4_msgs/include/px4_msgs/px4_msgs/msg/detail/vehicle_command__type_support.c\n'}
[1.361139] (px4_msgs) StdoutLine: {'line': b'-- Up-to-date: /home/mcfb/ros2_ws/install/px4_msgs/include/px4_msgs/px4_msgs/msg/detail/px4io_status__description.c\n'}
[1.361215] (px4_msgs) StdoutLine: {'line': b'-- Installing: /home/mcfb/ros2_ws/install/px4_msgs/include/px4_msgs/px4_msgs/msg/detail/launch_detection_status__type_support.c\n'}
[1.361255] (px4_msgs) StdoutLine: {'line': b'-- Installing: /home/mcfb/ros2_ws/install/px4_msgs/include/px4_msgs/px4_msgs/msg/detail/position_controller_status__type_support.c\n'}
[1.361294] (px4_msgs) StdoutLine: {'line': b'-- Up-to-date: /home/mcfb/ros2_ws/install/px4_msgs/include/px4_msgs/px4_msgs/msg/detail/telemetry_status__functions.c\n'}
[1.361334] (px4_msgs) StdoutLine: {'line': b'-- Up-to-date: /home/mcfb/ros2_ws/install/px4_msgs/include/px4_msgs/px4_msgs/msg/detail/cellular_status__functions.c\n'}
[1.361373] (px4_msgs) StdoutLine: {'line': b'-- Up-to-date: /home/mcfb/ros2_ws/install/px4_msgs/include/px4_msgs/px4_msgs/msg/detail/power_monitor__struct.h\n'}
[1.361414] (px4_msgs) StdoutLine: {'line': b'-- Up-to-date: /home/mcfb/ros2_ws/install/px4_msgs/include/px4_msgs/px4_msgs/msg/detail/estimator_aid_source2d__functions.c\n'}
[1.361453] (px4_msgs) StdoutLine: {'line': b'-- Up-to-date: /home/mcfb/ros2_ws/install/px4_msgs/include/px4_msgs/px4_msgs/msg/detail/debug_array__description.c\n'}
[1.361492] (px4_msgs) StdoutLine: {'line': b'-- Up-to-date: /home/mcfb/ros2_ws/install/px4_msgs/include/px4_msgs/px4_msgs/msg/detail/vehicle_local_position_setpoint__functions.c\n'}
[1.361532] (px4_msgs) StdoutLine: {'line': b'-- Up-to-date: /home/mcfb/ros2_ws/install/px4_msgs/include/px4_msgs/px4_msgs/msg/detail/rover_attitude_status__type_support.h\n'}
[1.361571] (px4_msgs) StdoutLine: {'line': b'-- Up-to-date: /home/mcfb/ros2_ws/install/px4_msgs/include/px4_msgs/px4_msgs/msg/detail/vehicle_torque_setpoint__type_support.h\n'}
[1.361610] (px4_msgs) StdoutLine: {'line': b'-- Installing: /home/mcfb/ros2_ws/install/px4_msgs/include/px4_msgs/px4_msgs/msg/detail/pwm_input__type_support.c\n'}
[1.361650] (px4_msgs) StdoutLine: {'line': b'-- Up-to-date: /home/mcfb/ros2_ws/install/px4_msgs/include/px4_msgs/px4_msgs/msg/detail/follow_target__description.c\n'}
[1.361689] (px4_msgs) StdoutLine: {'line': b'-- Up-to-date: /home/mcfb/ros2_ws/install/px4_msgs/include/px4_msgs/px4_msgs/msg/detail/pure_pursuit_status__type_support.h\n'}
[1.361728] (px4_msgs) StdoutLine: {'line': b'-- Up-to-date: /home/mcfb/ros2_ws/install/px4_msgs/include/px4_msgs/px4_msgs/msg/detail/iridiumsbd_status__type_support.h\n'}
[1.361768] (px4_msgs) StdoutLine: {'line': b'-- Installing: /home/mcfb/ros2_ws/install/px4_msgs/include/px4_msgs/px4_msgs/msg/detail/event__type_support.c\n'}
[1.361808] (px4_msgs) StdoutLine: {'line': b'-- Up-to-date: /home/mcfb/ros2_ws/install/px4_msgs/include/px4_msgs/px4_msgs/msg/detail/sensor_accel_fifo__type_support.h\n'}
[1.361855] (px4_msgs) StdoutLine: {'line': b'-- Up-to-date: /home/mcfb/ros2_ws/install/px4_msgs/include/px4_msgs/px4_msgs/msg/detail/fixed_wing_lateral_status__description.c\n'}
[1.362088] (px4_msgs) StdoutLine: {'line': b'-- Installing: /home/mcfb/ros2_ws/install/px4_msgs/include/px4_msgs/px4_msgs/msg/detail/position_setpoint__type_support.c\n'}
[1.362128] (px4_msgs) StdoutLine: {'line': b'-- Installing: /home/mcfb/ros2_ws/install/px4_msgs/include/px4_msgs/px4_msgs/msg/detail/fixed_wing_lateral_setpoint__type_support.c\n'}
[1.362167] (px4_msgs) StdoutLine: {'line': b'-- Up-to-date: /home/mcfb/ros2_ws/install/px4_msgs/include/px4_msgs/px4_msgs/msg/detail/open_drone_id_operator_id__functions.c\n'}
[1.362212] (px4_msgs) StdoutLine: {'line': b'-- Installing: /home/mcfb/ros2_ws/install/px4_msgs/include/px4_msgs/px4_msgs/msg/detail/neural_control__type_support.c\n'}
[1.362252] (px4_msgs) StdoutLine: {'line': b'-- Up-to-date: /home/mcfb/ros2_ws/install/px4_msgs/include/px4_msgs/px4_msgs/msg/detail/estimator_gps_status__struct.h\n'}
[1.362290] (px4_msgs) StdoutLine: {'line': b'-- Up-to-date: /home/mcfb/ros2_ws/install/px4_msgs/include/px4_msgs/px4_msgs/msg/detail/sensor_gyro_fft__functions.c\n'}
[1.362329] (px4_msgs) StdoutLine: {'line': b'-- Up-to-date: /home/mcfb/ros2_ws/install/px4_msgs/include/px4_msgs/px4_msgs/msg/detail/actuator_controls_status__struct.h\n'}
[1.362367] (px4_msgs) StdoutLine: {'line': b'-- Up-to-date: /home/mcfb/ros2_ws/install/px4_msgs/include/px4_msgs/px4_msgs/msg/detail/vehicle_global_position__functions.c\n'}
[1.362405] (px4_msgs) StdoutLine: {'line': b'-- Up-to-date: /home/mcfb/ros2_ws/install/px4_msgs/include/px4_msgs/px4_msgs/msg/detail/gpio_request__type_support.h\n'}
[1.362443] (px4_msgs) StdoutLine: {'line': b'-- Up-to-date: /home/mcfb/ros2_ws/install/px4_msgs/include/px4_msgs/px4_msgs/msg/detail/register_ext_component_reply__functions.h\n'}
[1.362481] (px4_msgs) StdoutLine: {'line': b'-- Up-to-date: /home/mcfb/ros2_ws/install/px4_msgs/include/px4_msgs/px4_msgs/msg/detail/fixed_wing_runway_control__functions.h\n'}
[1.362520] (px4_msgs) StdoutLine: {'line': b'-- Up-to-date: /home/mcfb/ros2_ws/install/px4_msgs/include/px4_msgs/px4_msgs/msg/detail/vehicle_command_ack__type_support.h\n'}
[1.362558] (px4_msgs) StdoutLine: {'line': b'-- Up-to-date: /home/mcfb/ros2_ws/install/px4_msgs/include/px4_msgs/px4_msgs/msg/detail/can_interface_status__functions.c\n'}
[1.362595] (px4_msgs) StdoutLine: {'line': b'-- Installing: /home/mcfb/ros2_ws/install/px4_msgs/include/px4_msgs/px4_msgs/msg/detail/ulog_stream_ack__type_support.c\n'}
[1.362636] (px4_msgs) StdoutLine: {'line': b'-- Up-to-date: /home/mcfb/ros2_ws/install/px4_msgs/include/px4_msgs/px4_msgs/msg/detail/gpio_config__functions.h\n'}
[1.362675] (px4_msgs) StdoutLine: {'line': b'-- Installing: /home/mcfb/ros2_ws/install/px4_msgs/include/px4_msgs/px4_msgs/msg/detail/sensor_preflight_mag__type_support.c\n'}
[1.362714] (px4_msgs) StdoutLine: {'line': b'-- Up-to-date: /home/mcfb/ros2_ws/install/px4_msgs/include/px4_msgs/px4_msgs/msg/detail/message_format_response__functions.h\n'}
[1.362754] (px4_msgs) StdoutLine: {'line': b'-- Up-to-date: /home/mcfb/ros2_ws/install/px4_msgs/include/px4_msgs/px4_msgs/msg/detail/uavcan_parameter_value__type_support.h\n'}
[1.362792] (px4_msgs) StdoutLine: {'line': b'-- Installing: /home/mcfb/ros2_ws/install/px4_msgs/include/px4_msgs/px4_msgs/msg/detail/vehicle_torque_setpoint__type_support.c\n'}
[1.362840] (px4_msgs) StdoutLine: {'line': b'-- Up-to-date: /home/mcfb/ros2_ws/install/px4_msgs/include/px4_msgs/px4_msgs/msg/detail/debug_value__struct.h\n'}
[1.362899] (px4_msgs) StdoutLine: {'line': b'-- Up-to-date: /home/mcfb/ros2_ws/install/px4_msgs/include/px4_msgs/px4_msgs/msg/detail/hover_thrust_estimate__functions.c\n'}
[1.362962] (px4_msgs) StdoutLine: {'line': b'-- Installing: /home/mcfb/ros2_ws/install/px4_msgs/include/px4_msgs/px4_msgs/msg/detail/fixed_wing_lateral_guidance_status__type_support.c\n'}
[1.363007] (px4_msgs) StdoutLine: {'line': b'-- Up-to-date: /home/mcfb/ros2_ws/install/px4_msgs/include/px4_msgs/px4_msgs/msg/detail/rc_channels__type_support.h\n'}
[1.363046] (px4_msgs) StdoutLine: {'line': b'-- Up-to-date: /home/mcfb/ros2_ws/install/px4_msgs/include/px4_msgs/px4_msgs/msg/detail/mavlink_log__description.c\n'}
[1.363085] (px4_msgs) StdoutLine: {'line': b'-- Up-to-date: /home/mcfb/ros2_ws/install/px4_msgs/include/px4_msgs/px4_msgs/msg/detail/rpm__struct.h\n'}
[1.363124] (px4_msgs) StdoutLine: {'line': b'-- Up-to-date: /home/mcfb/ros2_ws/install/px4_msgs/include/px4_msgs/px4_msgs/msg/detail/position_controller_landing_status__type_support.h\n'}
[1.363161] (px4_msgs) StdoutLine: {'line': b'-- Up-to-date: /home/mcfb/ros2_ws/install/px4_msgs/include/px4_msgs/px4_msgs/msg/detail/vehicle_angular_velocity__functions.c\n'}
[1.363213] (px4_msgs) StdoutLine: {'line': b'-- Installing: /home/mcfb/ros2_ws/install/px4_msgs/include/px4_msgs/px4_msgs/msg/detail/rover_throttle_setpoint__type_support.c\n'}
[1.363268] (px4_msgs) StdoutLine: {'line': b'-- Up-to-date: /home/mcfb/ros2_ws/install/px4_msgs/include/px4_msgs/px4_msgs/msg/detail/vehicle_air_data__functions.c\n'}
[1.363326] (px4_msgs) StdoutLine: {'line': b'-- Up-to-date: /home/mcfb/ros2_ws/install/px4_msgs/include/px4_msgs/px4_msgs/msg/detail/offboard_control_mode__description.c\n'}
[1.363364] (px4_msgs) StdoutLine: {'line': b'-- Up-to-date: /home/mcfb/ros2_ws/install/px4_msgs/include/px4_msgs/px4_msgs/msg/detail/health_report__struct.h\n'}
[1.363401] (px4_msgs) StdoutLine: {'line': b'-- Up-to-date: /home/mcfb/ros2_ws/install/px4_msgs/include/px4_msgs/px4_msgs/msg/detail/vehicle_imu_status__description.c\n'}
[1.363438] (px4_msgs) StdoutLine: {'line': b'-- Installing: /home/mcfb/ros2_ws/install/px4_msgs/include/px4_msgs/px4_msgs/msg/detail/vehicle_roi__type_support.c\n'}
[1.363476] (px4_msgs) StdoutLine: {'line': b'-- Installing: /home/mcfb/ros2_ws/install/px4_msgs/include/px4_msgs/px4_msgs/msg/detail/debug_vect__type_support.c\n'}
[1.363527] (px4_msgs) StdoutLine: {'line': b'-- Up-to-date: /home/mcfb/ros2_ws/install/px4_msgs/include/px4_msgs/px4_msgs/msg/detail/debug_array__struct.h\n'}
[1.363568] (px4_msgs) StdoutLine: {'line': b'-- Installing: /home/mcfb/ros2_ws/install/px4_msgs/include/px4_msgs/px4_msgs/msg/detail/landing_gear_wheel__type_support.c\n'}
[1.363614] (px4_msgs) StdoutLine: {'line': b'-- Up-to-date: /home/mcfb/ros2_ws/install/px4_msgs/include/px4_msgs/px4_msgs/msg/detail/camera_capture__description.c\n'}
[1.363657] (px4_msgs) StdoutLine: {'line': b'-- Up-to-date: /home/mcfb/ros2_ws/install/px4_msgs/include/px4_msgs/px4_msgs/msg/detail/vehicle_optical_flow__description.c\n'}
[1.363694] (px4_msgs) StdoutLine: {'line': b'-- Up-to-date: /home/mcfb/ros2_ws/install/px4_msgs/include/px4_msgs/px4_msgs/msg/detail/gripper__description.c\n'}
[1.363730] (px4_msgs) StdoutLine: {'line': b'-- Installing: /home/mcfb/ros2_ws/install/px4_msgs/include/px4_msgs/px4_msgs/msg/detail/cellular_status__type_support.c\n'}
[1.363768] (px4_msgs) StdoutLine: {'line': b'-- Installing: /home/mcfb/ros2_ws/install/px4_msgs/include/px4_msgs/px4_msgs/msg/detail/sensor_gnss_relative__type_support.c\n'}
[1.363804] (px4_msgs) StdoutLine: {'line': b'-- Up-to-date: /home/mcfb/ros2_ws/install/px4_msgs/include/px4_msgs/px4_msgs/msg/detail/trajectory_setpoint__type_support.h\n'}
[1.363850] (px4_msgs) StdoutLine: {'line': b'-- Up-to-date: /home/mcfb/ros2_ws/install/px4_msgs/include/px4_msgs/px4_msgs/msg/detail/estimator_bias3d__struct.h\n'}
[1.363890] (px4_msgs) StdoutLine: {'line': b'-- Up-to-date: /home/mcfb/ros2_ws/install/px4_msgs/include/px4_msgs/px4_msgs/msg/detail/wheel_encoders__description.c\n'}
[1.363926] (px4_msgs) StdoutLine: {'line': b'-- Up-to-date: /home/mcfb/ros2_ws/install/px4_msgs/include/px4_msgs/px4_msgs/msg/detail/vehicle_command__functions.c\n'}
[1.363965] (px4_msgs) StdoutLine: {'line': b'-- Up-to-date: /home/mcfb/ros2_ws/install/px4_msgs/include/px4_msgs/px4_msgs/msg/detail/gpio_in__description.c\n'}
[1.364007] (px4_msgs) StdoutLine: {'line': b'-- Installing: /home/mcfb/ros2_ws/install/px4_msgs/include/px4_msgs/px4_msgs/msg/detail/geofence_status__type_support.c\n'}
[1.364044] (px4_msgs) StdoutLine: {'line': b'-- Up-to-date: /home/mcfb/ros2_ws/install/px4_msgs/include/px4_msgs/px4_msgs/msg/detail/sensor_accel_fifo__functions.c\n'}
[1.364082] (px4_msgs) StdoutLine: {'line': b'-- Installing: /home/mcfb/ros2_ws/install/px4_msgs/include/px4_msgs/px4_msgs/msg/detail/position_controller_landing_status__type_support.c\n'}
[1.364122] (px4_msgs) StdoutLine: {'line': b'-- Up-to-date: /home/mcfb/ros2_ws/install/px4_msgs/include/px4_msgs/px4_msgs/msg/detail/distance_sensor_mode_change_request__functions.c\n'}
[1.364161] (px4_msgs) StdoutLine: {'line': b'-- Up-to-date: /home/mcfb/ros2_ws/install/px4_msgs/include/px4_msgs/px4_msgs/msg/detail/fixed_wing_lateral_status__struct.h\n'}
[1.364198] (px4_msgs) StdoutLine: {'line': b'-- Installing: /home/mcfb/ros2_ws/install/px4_msgs/include/px4_msgs/px4_msgs/msg/detail/debug_value__type_support.c\n'}
[1.364235] (px4_msgs) StdoutLine: {'line': b'-- Up-to-date: /home/mcfb/ros2_ws/install/px4_msgs/include/px4_msgs/px4_msgs/msg/detail/yaw_estimator_status__type_support.h\n'}
[1.364272] (px4_msgs) StdoutLine: {'line': b'-- Up-to-date: /home/mcfb/ros2_ws/install/px4_msgs/include/px4_msgs/px4_msgs/msg/detail/rate_ctrl_status__description.c\n'}
[1.364311] (px4_msgs) StdoutLine: {'line': b'-- Installing: /home/mcfb/ros2_ws/install/px4_msgs/include/px4_msgs/px4_msgs/msg/detail/gimbal_device_information__type_support.c\n'}
[1.364348] (px4_msgs) StdoutLine: {'line': b'-- Up-to-date: /home/mcfb/ros2_ws/install/px4_msgs/include/px4_msgs/px4_msgs/msg/detail/debug_key_value__struct.h\n'}
[1.364386] (px4_msgs) StdoutLine: {'line': b'-- Up-to-date: /home/mcfb/ros2_ws/install/px4_msgs/include/px4_msgs/px4_msgs/msg/detail/offboard_control_mode__type_support.h\n'}
[1.364423] (px4_msgs) StdoutLine: {'line': b'-- Installing: /home/mcfb/ros2_ws/install/px4_msgs/include/px4_msgs/px4_msgs/msg/detail/estimator_status__type_support.c\n'}
[1.364461] (px4_msgs) StdoutLine: {'line': b'-- Up-to-date: /home/mcfb/ros2_ws/install/px4_msgs/include/px4_msgs/px4_msgs/msg/detail/wheel_encoders__functions.h\n'}
[1.364497] (px4_msgs) StdoutLine: {'line': b'-- Installing: /home/mcfb/ros2_ws/install/px4_msgs/include/px4_msgs/px4_msgs/msg/detail/rc_parameter_map__type_support.c\n'}
[1.364532] (px4_msgs) StdoutLine: {'line': b'-- Up-to-date: /home/mcfb/ros2_ws/install/px4_msgs/include/px4_msgs/px4_msgs/msg/detail/cpuload__functions.c\n'}
[1.364568] (px4_msgs) StdoutLine: {'line': b'-- Up-to-date: /home/mcfb/ros2_ws/install/px4_msgs/include/px4_msgs/px4_msgs/msg/detail/orb_test_large__functions.h\n'}
[1.364604] (px4_msgs) StdoutLine: {'line': b'-- Installing: /home/mcfb/ros2_ws/install/px4_msgs/include/px4_msgs/px4_msgs/msg/detail/sensor_gyro_fft__type_support.c\n'}
[1.364641] (px4_msgs) StdoutLine: {'line': b'-- Up-to-date: /home/mcfb/ros2_ws/install/px4_msgs/include/px4_msgs/px4_msgs/msg/detail/vehicle_acceleration__description.c\n'}
[1.364679] (px4_msgs) StdoutLine: {'line': b'-- Up-to-date: /home/mcfb/ros2_ws/install/px4_msgs/include/px4_msgs/px4_msgs/msg/detail/estimator_bias__functions.c\n'}
[1.364715] (px4_msgs) StdoutLine: {'line': b'-- Up-to-date: /home/mcfb/ros2_ws/install/px4_msgs/include/px4_msgs/px4_msgs/msg/detail/vehicle_local_position_setpoint__struct.h\n'}
[1.364751] (px4_msgs) StdoutLine: {'line': b'-- Up-to-date: /home/mcfb/ros2_ws/install/px4_msgs/include/px4_msgs/px4_msgs/msg/detail/sensor_correction__functions.h\n'}
[1.364788] (px4_msgs) StdoutLine: {'line': b'-- Installing: /home/mcfb/ros2_ws/install/px4_msgs/include/px4_msgs/px4_msgs/msg/detail/airspeed_wind__type_support.c\n'}
[1.364831] (px4_msgs) StdoutLine: {'line': b'-- Up-to-date: /home/mcfb/ros2_ws/install/px4_msgs/include/px4_msgs/px4_msgs/msg/detail/mission_result__struct.h\n'}
[1.364871] (px4_msgs) StdoutLine: {'line': b'-- Up-to-date: /home/mcfb/ros2_ws/install/px4_msgs/include/px4_msgs/px4_msgs/msg/detail/fixed_wing_longitudinal_setpoint__functions.h\n'}
[1.364914] (px4_msgs) StdoutLine: {'line': b'-- Up-to-date: /home/mcfb/ros2_ws/install/px4_msgs/include/px4_msgs/px4_msgs/msg/detail/vehicle_rates_setpoint__type_support.h\n'}
[1.364952] (px4_msgs) StdoutLine: {'line': b'-- Up-to-date: /home/mcfb/ros2_ws/install/px4_msgs/include/px4_msgs/px4_msgs/msg/detail/actuator_motors__description.c\n'}
[1.364989] (px4_msgs) StdoutLine: {'line': b'-- Up-to-date: /home/mcfb/ros2_ws/install/px4_msgs/include/px4_msgs/px4_msgs/msg/detail/actuator_controls_status__functions.h\n'}
[1.365031] (px4_msgs) StdoutLine: {'line': b'-- Up-to-date: /home/mcfb/ros2_ws/install/px4_msgs/include/px4_msgs/px4_msgs/msg/detail/px4io_status__functions.c\n'}
[1.365070] (px4_msgs) StdoutLine: {'line': b'-- Up-to-date: /home/mcfb/ros2_ws/install/px4_msgs/include/px4_msgs/px4_msgs/msg/detail/longitudinal_control_configuration__type_support.h\n'}
[1.365109] (px4_msgs) StdoutLine: {'line': b'-- Up-to-date: /home/mcfb/ros2_ws/install/px4_msgs/include/px4_msgs/px4_msgs/msg/detail/event__functions.h\n'}
[1.365147] (px4_msgs) StdoutLine: {'line': b'-- Up-to-date: /home/mcfb/ros2_ws/install/px4_msgs/include/px4_msgs/px4_msgs/msg/detail/navigator_status__functions.h\n'}
[1.365186] (px4_msgs) StdoutLine: {'line': b'-- Up-to-date: /home/mcfb/ros2_ws/install/px4_msgs/include/px4_msgs/px4_msgs/msg/detail/trajectory_setpoint__functions.c\n'}
[1.365221] (px4_msgs) StdoutLine: {'line': b'-- Up-to-date: /home/mcfb/ros2_ws/install/px4_msgs/include/px4_msgs/px4_msgs/msg/detail/ulog_stream_ack__functions.c\n'}
[1.365280] (px4_msgs) StdoutLine: {'line': b'-- Up-to-date: /home/mcfb/ros2_ws/install/px4_msgs/include/px4_msgs/px4_msgs/msg/detail/follow_target_status__type_support.h\n'}
[1.365337] (px4_msgs) StdoutLine: {'line': b'-- Up-to-date: /home/mcfb/ros2_ws/install/px4_msgs/include/px4_msgs/px4_msgs/msg/detail/uavcan_parameter_request__struct.h\n'}
[1.365374] (px4_msgs) StdoutLine: {'line': b'-- Installing: /home/mcfb/ros2_ws/install/px4_msgs/include/px4_msgs/px4_msgs/msg/detail/vehicle_rates_setpoint__type_support.c\n'}
[1.365416] (px4_msgs) StdoutLine: {'line': b'-- Up-to-date: /home/mcfb/ros2_ws/install/px4_msgs/include/px4_msgs/px4_msgs/msg/detail/internal_combustion_engine_status__functions.h\n'}
[1.365459] (px4_msgs) StdoutLine: {'line': b'-- Up-to-date: /home/mcfb/ros2_ws/install/px4_msgs/include/px4_msgs/px4_msgs/msg/detail/vehicle_magnetometer__type_support.h\n'}
[1.365497] (px4_msgs) StdoutLine: {'line': b'-- Up-to-date: /home/mcfb/ros2_ws/install/px4_msgs/include/px4_msgs/px4_msgs/msg/detail/gimbal_manager_information__description.c\n'}
[1.365533] (px4_msgs) StdoutLine: {'line': b'-- Up-to-date: /home/mcfb/ros2_ws/install/px4_msgs/include/px4_msgs/px4_msgs/msg/detail/gpio_in__type_support.h\n'}
[1.365571] (px4_msgs) StdoutLine: {'line': b'-- Up-to-date: /home/mcfb/ros2_ws/install/px4_msgs/include/px4_msgs/px4_msgs/msg/detail/distance_sensor__type_support.h\n'}
[1.365606] (px4_msgs) StdoutLine: {'line': b'-- Up-to-date: /home/mcfb/ros2_ws/install/px4_msgs/include/px4_msgs/px4_msgs/msg/detail/collision_constraints__type_support.h\n'}
[1.365642] (px4_msgs) StdoutLine: {'line': b'-- Up-to-date: /home/mcfb/ros2_ws/install/px4_msgs/include/px4_msgs/px4_msgs/msg/detail/magnetometer_bias_estimate__type_support.h\n'}
[1.365686] (px4_msgs) StdoutLine: {'line': b'-- Installing: /home/mcfb/ros2_ws/install/px4_msgs/include/px4_msgs/px4_msgs/msg/detail/power_monitor__type_support.c\n'}
[1.365738] (px4_msgs) StdoutLine: {'line': b'-- Up-to-date: /home/mcfb/ros2_ws/install/px4_msgs/include/px4_msgs/px4_msgs/msg/detail/cellular_status__functions.h\n'}
[1.365795] (px4_msgs) StdoutLine: {'line': b'-- Up-to-date: /home/mcfb/ros2_ws/install/px4_msgs/include/px4_msgs/px4_msgs/msg/detail/parameter_set_value_request__functions.c\n'}
[1.365855] (px4_msgs) StdoutLine: {'line': b'-- Up-to-date: /home/mcfb/ros2_ws/install/px4_msgs/include/px4_msgs/px4_msgs/msg/detail/gimbal_device_attitude_status__functions.c\n'}
[1.365915] (px4_msgs) StdoutLine: {'line': b'-- Up-to-date: /home/mcfb/ros2_ws/install/px4_msgs/include/px4_msgs/px4_msgs/msg/detail/camera_status__type_support.h\n'}
[1.365971] (px4_msgs) StdoutLine: {'line': b'-- Up-to-date: /home/mcfb/ros2_ws/install/px4_msgs/include/px4_msgs/px4_msgs/msg/detail/distance_sensor__functions.c\n'}
[1.366032] (px4_msgs) StdoutLine: {'line': b'-- Up-to-date: /home/mcfb/ros2_ws/install/px4_msgs/include/px4_msgs/px4_msgs/msg/detail/uavcan_parameter_request__functions.c\n'}
[1.366096] (px4_msgs) StdoutLine: {'line': b'-- Installing: /home/mcfb/ros2_ws/install/px4_msgs/include/px4_msgs/px4_msgs/msg/detail/sensor_airflow__type_support.c\n'}
[1.366152] (px4_msgs) StdoutLine: {'line': b'-- Up-to-date: /home/mcfb/ros2_ws/install/px4_msgs/include/px4_msgs/px4_msgs/msg/detail/landing_target_pose__functions.c\n'}
[1.366198] (px4_msgs) StdoutLine: {'line': b'-- Up-to-date: /home/mcfb/ros2_ws/install/px4_msgs/include/px4_msgs/px4_msgs/msg/detail/can_interface_status__description.c\n'}
[1.366248] (px4_msgs) StdoutLine: {'line': b'-- Up-to-date: /home/mcfb/ros2_ws/install/px4_msgs/include/px4_msgs/px4_msgs/msg/detail/vehicle_attitude__functions.h\n'}
[1.366285] (px4_msgs) StdoutLine: {'line': b'-- Up-to-date: /home/mcfb/ros2_ws/install/px4_msgs/include/px4_msgs/px4_msgs/msg/detail/vehicle_local_position__description.c\n'}
[1.366327] (px4_msgs) StdoutLine: {'line': b'-- Installing: /home/mcfb/ros2_ws/install/px4_msgs/include/px4_msgs/px4_msgs/msg/detail/estimator_aid_source1d__type_support.c\n'}
[1.366376] (px4_msgs) StdoutLine: {'line': b'-- Up-to-date: /home/mcfb/ros2_ws/install/px4_msgs/include/px4_msgs/px4_msgs/msg/detail/vehicle_angular_velocity__description.c\n'}
[1.366620] (px4_msgs) StdoutLine: {'line': b'-- Installing: /home/mcfb/ros2_ws/install/px4_msgs/include/px4_msgs/px4_msgs/msg/detail/actuator_servos__type_support.c\n'}
[1.366695] (px4_msgs) StdoutLine: {'line': b'-- Up-to-date: /home/mcfb/ros2_ws/install/px4_msgs/include/px4_msgs/px4_msgs/msg/detail/mode_completed__description.c\n'}
[1.366754] (px4_msgs) StdoutLine: {'line': b'-- Up-to-date: /home/mcfb/ros2_ws/install/px4_msgs/include/px4_msgs/px4_msgs/msg/detail/sensor_mag__type_support.h\n'}
[1.366979] (px4_msgs) StdoutLine: {'line': b'-- Up-to-date: /home/mcfb/ros2_ws/install/px4_msgs/include/px4_msgs/px4_msgs/msg/detail/landing_gear__description.c\n'}
[1.367065] (px4_msgs) StdoutLine: {'line': b'-- Installing: /home/mcfb/ros2_ws/install/px4_msgs/include/px4_msgs/px4_msgs/msg/detail/rover_attitude_status__type_support.c\n'}
[1.367136] (px4_msgs) StdoutLine: {'line': b'-- Up-to-date: /home/mcfb/ros2_ws/install/px4_msgs/include/px4_msgs/px4_msgs/msg/detail/fixed_wing_longitudinal_setpoint__description.c\n'}
[1.367186] (px4_msgs) StdoutLine: {'line': b'-- Up-to-date: /home/mcfb/ros2_ws/install/px4_msgs/include/px4_msgs/px4_msgs/msg/detail/cellular_status__description.c\n'}
[1.367242] (px4_msgs) StdoutLine: {'line': b'-- Installing: /home/mcfb/ros2_ws/install/px4_msgs/include/px4_msgs/px4_msgs/msg/detail/orb_test__type_support.c\n'}
[1.367346] (px4_msgs) StdoutLine: {'line': b'-- Up-to-date: /home/mcfb/ros2_ws/install/px4_msgs/include/px4_msgs/px4_msgs/msg/detail/estimator_bias__struct.h\n'}
[1.367412] (px4_msgs) StdoutLine: {'line': b'-- Up-to-date: /home/mcfb/ros2_ws/install/px4_msgs/include/px4_msgs/px4_msgs/msg/detail/vehicle_local_position_setpoint__description.c\n'}
[1.367465] (px4_msgs) StdoutLine: {'line': b'-- Up-to-date: /home/mcfb/ros2_ws/install/px4_msgs/include/px4_msgs/px4_msgs/msg/detail/pps_capture__type_support.h\n'}
[1.367504] (px4_msgs) StdoutLine: {'line': b'-- Up-to-date: /home/mcfb/ros2_ws/install/px4_msgs/include/px4_msgs/px4_msgs/msg/detail/uavcan_parameter_value__functions.h\n'}
[1.367540] (px4_msgs) StdoutLine: {'line': b'-- Up-to-date: /home/mcfb/ros2_ws/install/px4_msgs/include/px4_msgs/px4_msgs/msg/detail/manual_control_switches__functions.c\n'}
[1.367590] (px4_msgs) StdoutLine: {'line': b'-- Up-to-date: /home/mcfb/ros2_ws/install/px4_msgs/include/px4_msgs/px4_msgs/msg/detail/manual_control_switches__struct.h\n'}
[1.367644] (px4_msgs) StdoutLine: {'line': b'-- Installing: /home/mcfb/ros2_ws/install/px4_msgs/include/px4_msgs/px4_msgs/msg/detail/vehicle_attitude_setpoint__type_support.c\n'}
[1.367701] (px4_msgs) StdoutLine: {'line': b'-- Up-to-date: /home/mcfb/ros2_ws/install/px4_msgs/include/px4_msgs/px4_msgs/msg/detail/airspeed__struct.h\n'}
[1.367756] (px4_msgs) StdoutLine: {'line': b'-- Up-to-date: /home/mcfb/ros2_ws/install/px4_msgs/include/px4_msgs/px4_msgs/msg/detail/esc_report__functions.c\n'}
[1.367819] (px4_msgs) StdoutLine: {'line': b'-- Up-to-date: /home/mcfb/ros2_ws/install/px4_msgs/include/px4_msgs/px4_msgs/msg/detail/rc_parameter_map__functions.h\n'}
[1.367869] (px4_msgs) StdoutLine: {'line': b'-- Up-to-date: /home/mcfb/ros2_ws/install/px4_msgs/include/px4_msgs/px4_msgs/msg/detail/estimator_event_flags__type_support.h\n'}
[1.367906] (px4_msgs) StdoutLine: {'line': b'-- Up-to-date: /home/mcfb/ros2_ws/install/px4_msgs/include/px4_msgs/px4_msgs/msg/detail/vehicle_torque_setpoint__functions.h\n'}
[1.367942] (px4_msgs) StdoutLine: {'line': b'-- Up-to-date: /home/mcfb/ros2_ws/install/px4_msgs/include/px4_msgs/px4_msgs/msg/detail/gpio_out__description.c\n'}
[1.367978] (px4_msgs) StdoutLine: {'line': b'-- Installing: /home/mcfb/ros2_ws/install/px4_msgs/include/px4_msgs/px4_msgs/msg/detail/flight_phase_estimation__type_support.c\n'}
[1.368019] (px4_msgs) StdoutLine: {'line': b'-- Up-to-date: /home/mcfb/ros2_ws/install/px4_msgs/include/px4_msgs/px4_msgs/msg/detail/vehicle_land_detected__description.c\n'}
[1.368059] (px4_msgs) StdoutLine: {'line': b'-- Up-to-date: /home/mcfb/ros2_ws/install/px4_msgs/include/px4_msgs/px4_msgs/msg/detail/vehicle_local_position__functions.h\n'}
[1.368095] (px4_msgs) StdoutLine: {'line': b'-- Up-to-date: /home/mcfb/ros2_ws/install/px4_msgs/include/px4_msgs/px4_msgs/msg/detail/fixed_wing_longitudinal_setpoint__type_support.h\n'}
[1.368151] (px4_msgs) StdoutLine: {'line': b'-- Up-to-date: /home/mcfb/ros2_ws/install/px4_msgs/include/px4_msgs/px4_msgs/msg/detail/vehicle_roi__description.c\n'}
[1.368201] (px4_msgs) StdoutLine: {'line': b'-- Up-to-date: /home/mcfb/ros2_ws/install/px4_msgs/include/px4_msgs/px4_msgs/msg/detail/rover_attitude_status__functions.h\n'}
[1.368242] (px4_msgs) StdoutLine: {'line': b'-- Up-to-date: /home/mcfb/ros2_ws/install/px4_msgs/include/px4_msgs/px4_msgs/msg/detail/rover_speed_status__struct.h\n'}
[1.368292] (px4_msgs) StdoutLine: {'line': b'-- Up-to-date: /home/mcfb/ros2_ws/install/px4_msgs/include/px4_msgs/px4_msgs/msg/detail/debug_key_value__type_support.h\n'}
[1.368343] (px4_msgs) StdoutLine: {'line': b'-- Up-to-date: /home/mcfb/ros2_ws/install/px4_msgs/include/px4_msgs/px4_msgs/msg/detail/follow_target_estimator__functions.h\n'}
[1.368380] (px4_msgs) StdoutLine: {'line': b'-- Up-to-date: /home/mcfb/ros2_ws/install/px4_msgs/include/px4_msgs/px4_msgs/msg/detail/launch_detection_status__functions.c\n'}
[1.368416] (px4_msgs) StdoutLine: {'line': b'-- Up-to-date: /home/mcfb/ros2_ws/install/px4_msgs/include/px4_msgs/px4_msgs/msg/detail/estimator_status_flags__functions.c\n'}
[1.368451] (px4_msgs) StdoutLine: {'line': b'-- Up-to-date: /home/mcfb/ros2_ws/install/px4_msgs/include/px4_msgs/px4_msgs/msg/detail/gps_dump__functions.h\n'}
[1.368485] (px4_msgs) StdoutLine: {'line': b'-- Up-to-date: /home/mcfb/ros2_ws/install/px4_msgs/include/px4_msgs/px4_msgs/msg/detail/pwm_input__functions.c\n'}
[1.368521] (px4_msgs) StdoutLine: {'line': b'-- Up-to-date: /home/mcfb/ros2_ws/install/px4_msgs/include/px4_msgs/px4_msgs/msg/detail/open_drone_id_system__type_support.h\n'}
[1.368564] (px4_msgs) StdoutLine: {'line': b'-- Up-to-date: /home/mcfb/ros2_ws/install/px4_msgs/include/px4_msgs/px4_msgs/msg/detail/normalized_unsigned_setpoint__description.c\n'}
[1.368601] (px4_msgs) StdoutLine: {'line': b'-- Up-to-date: /home/mcfb/ros2_ws/install/px4_msgs/include/px4_msgs/px4_msgs/msg/detail/sensor_gyro__description.c\n'}
[1.368641] (px4_msgs) StdoutLine: {'line': b'-- Up-to-date: /home/mcfb/ros2_ws/install/px4_msgs/include/px4_msgs/px4_msgs/msg/detail/actuator_servos_trim__functions.h\n'}
[1.368686] (px4_msgs) StdoutLine: {'line': b'-- Up-to-date: /home/mcfb/ros2_ws/install/px4_msgs/include/px4_msgs/px4_msgs/msg/detail/navigator_mission_item__type_support.h\n'}
[1.368735] (px4_msgs) StdoutLine: {'line': b'-- Up-to-date: /home/mcfb/ros2_ws/install/px4_msgs/include/px4_msgs/px4_msgs/msg/detail/vehicle_global_position__type_support.h\n'}
[1.368787] (px4_msgs) StdoutLine: {'line': b'-- Up-to-date: /home/mcfb/ros2_ws/install/px4_msgs/include/px4_msgs/px4_msgs/msg/detail/mount_orientation__struct.h\n'}
[1.368844] (px4_msgs) StdoutLine: {'line': b'-- Up-to-date: /home/mcfb/ros2_ws/install/px4_msgs/include/px4_msgs/px4_msgs/msg/detail/message_format_response__type_support.h\n'}
[1.368896] (px4_msgs) StdoutLine: {'line': b'-- Up-to-date: /home/mcfb/ros2_ws/install/px4_msgs/include/px4_msgs/px4_msgs/msg/detail/mode_completed__functions.c\n'}
[1.368946] (px4_msgs) StdoutLine: {'line': b'-- Up-to-date: /home/mcfb/ros2_ws/install/px4_msgs/include/px4_msgs/px4_msgs/msg/detail/qshell_retval__description.c\n'}
[1.368989] (px4_msgs) StdoutLine: {'line': b'-- Up-to-date: /home/mcfb/ros2_ws/install/px4_msgs/include/px4_msgs/px4_msgs/msg/detail/cpuload__type_support.h\n'}
[1.369038] (px4_msgs) StdoutLine: {'line': b'-- Up-to-date: /home/mcfb/ros2_ws/install/px4_msgs/include/px4_msgs/px4_msgs/msg/detail/battery_status__functions.c\n'}
[1.369078] (px4_msgs) StdoutLine: {'line': b'-- Up-to-date: /home/mcfb/ros2_ws/install/px4_msgs/include/px4_msgs/px4_msgs/msg/detail/open_drone_id_self_id__struct.h\n'}
[1.369117] (px4_msgs) StdoutLine: {'line': b'-- Up-to-date: /home/mcfb/ros2_ws/install/px4_msgs/include/px4_msgs/px4_msgs/msg/detail/tecs_status__struct.h\n'}
[1.369193] (px4_msgs) StdoutLine: {'line': b'-- Up-to-date: /home/mcfb/ros2_ws/install/px4_msgs/include/px4_msgs/px4_msgs/msg/detail/sensors_status_imu__functions.c\n'}
[1.369229] (px4_msgs) StdoutLine: {'line': b'-- Up-to-date: /home/mcfb/ros2_ws/install/px4_msgs/include/px4_msgs/px4_msgs/msg/detail/timesync_status__description.c\n'}
[1.369264] (px4_msgs) StdoutLine: {'line': b'-- Installing: /home/mcfb/ros2_ws/install/px4_msgs/include/px4_msgs/px4_msgs/msg/detail/telemetry_status__type_support.c\n'}
[1.369299] (px4_msgs) StdoutLine: {'line': b'-- Up-to-date: /home/mcfb/ros2_ws/install/px4_msgs/include/px4_msgs/px4_msgs/msg/detail/sensor_gyro_fft__functions.h\n'}
[1.369334] (px4_msgs) StdoutLine: {'line': b'-- Up-to-date: /home/mcfb/ros2_ws/install/px4_msgs/include/px4_msgs/px4_msgs/msg/detail/longitudinal_control_configuration__description.c\n'}
[1.369370] (px4_msgs) StdoutLine: {'line': b'-- Installing: /home/mcfb/ros2_ws/install/px4_msgs/include/px4_msgs/px4_msgs/msg/detail/sensor_mag__type_support.c\n'}
[1.369404] (px4_msgs) StdoutLine: {'line': b'-- Up-to-date: /home/mcfb/ros2_ws/install/px4_msgs/include/px4_msgs/px4_msgs/msg/detail/sensor_combined__functions.c\n'}
[1.369440] (px4_msgs) StdoutLine: {'line': b'-- Up-to-date: /home/mcfb/ros2_ws/install/px4_msgs/include/px4_msgs/px4_msgs/msg/detail/rc_parameter_map__functions.c\n'}
[1.369476] (px4_msgs) StdoutLine: {'line': b'-- Up-to-date: /home/mcfb/ros2_ws/install/px4_msgs/include/px4_msgs/px4_msgs/msg/detail/gimbal_manager_set_attitude__description.c\n'}
[1.369512] (px4_msgs) StdoutLine: {'line': b'-- Installing: /home/mcfb/ros2_ws/install/px4_msgs/include/px4_msgs/px4_msgs/msg/detail/vehicle_local_position_setpoint__type_support.c\n'}
[1.369547] (px4_msgs) StdoutLine: {'line': b'-- Installing: /home/mcfb/ros2_ws/install/px4_msgs/include/px4_msgs/px4_msgs/msg/detail/led_control__type_support.c\n'}
[1.369583] (px4_msgs) StdoutLine: {'line': b'-- Up-to-date: /home/mcfb/ros2_ws/install/px4_msgs/include/px4_msgs/px4_msgs/msg/detail/gpio_config__description.c\n'}
[1.369616] (px4_msgs) StdoutLine: {'line': b'-- Up-to-date: /home/mcfb/ros2_ws/install/px4_msgs/include/px4_msgs/px4_msgs/msg/detail/estimator_sensor_bias__functions.c\n'}
[1.369651] (px4_msgs) StdoutLine: {'line': b'-- Up-to-date: /home/mcfb/ros2_ws/install/px4_msgs/include/px4_msgs/px4_msgs/msg/detail/collision_constraints__description.c\n'}
[1.369685] (px4_msgs) StdoutLine: {'line': b'-- Up-to-date: /home/mcfb/ros2_ws/install/px4_msgs/include/px4_msgs/px4_msgs/msg/detail/airspeed_wind__functions.h\n'}
[1.369720] (px4_msgs) StdoutLine: {'line': b'-- Up-to-date: /home/mcfb/ros2_ws/install/px4_msgs/include/px4_msgs/px4_msgs/msg/detail/debug_value__description.c\n'}
[1.369754] (px4_msgs) StdoutLine: {'line': b'-- Up-to-date: /home/mcfb/ros2_ws/install/px4_msgs/include/px4_msgs/px4_msgs/msg/detail/gripper__functions.c\n'}
[1.369790] (px4_msgs) StdoutLine: {'line': b'-- Installing: /home/mcfb/ros2_ws/install/px4_msgs/include/px4_msgs/px4_msgs/msg/detail/parameter_reset_request__type_support.c\n'}
[1.369835] (px4_msgs) StdoutLine: {'line': b'-- Installing: /home/mcfb/ros2_ws/install/px4_msgs/include/px4_msgs/px4_msgs/msg/detail/config_overrides__type_support.c\n'}
[1.369871] (px4_msgs) StdoutLine: {'line': b'-- Up-to-date: /home/mcfb/ros2_ws/install/px4_msgs/include/px4_msgs/px4_msgs/msg/detail/vehicle_acceleration__type_support.h\n'}
[1.369924] (px4_msgs) StdoutLine: {'line': b'-- Installing: /home/mcfb/ros2_ws/install/px4_msgs/include/px4_msgs/px4_msgs/msg/detail/rover_speed_status__type_support.c\n'}
[1.369960] (px4_msgs) StdoutLine: {'line': b'-- Up-to-date: /home/mcfb/ros2_ws/install/px4_msgs/include/px4_msgs/px4_msgs/msg/detail/input_rc__functions.h\n'}
[1.369996] (px4_msgs) StdoutLine: {'line': b'-- Up-to-date: /home/mcfb/ros2_ws/install/px4_msgs/include/px4_msgs/px4_msgs/msg/detail/vehicle_constraints__functions.c\n'}
[1.370031] (px4_msgs) StdoutLine: {'line': b'-- Up-to-date: /home/mcfb/ros2_ws/install/px4_msgs/include/px4_msgs/px4_msgs/msg/detail/vehicle_imu__type_support.h\n'}
[1.370066] (px4_msgs) StdoutLine: {'line': b'-- Installing: /home/mcfb/ros2_ws/install/px4_msgs/include/px4_msgs/px4_msgs/msg/detail/mavlink_tunnel__type_support.c\n'}
[1.370101] (px4_msgs) StdoutLine: {'line': b'-- Up-to-date: /home/mcfb/ros2_ws/install/px4_msgs/include/px4_msgs/px4_msgs/msg/detail/mission__description.c\n'}
[1.370137] (px4_msgs) StdoutLine: {'line': b'-- Up-to-date: /home/mcfb/ros2_ws/install/px4_msgs/include/px4_msgs/px4_msgs/msg/detail/sensor_selection__functions.h\n'}
[1.370172] (px4_msgs) StdoutLine: {'line': b'-- Up-to-date: /home/mcfb/ros2_ws/install/px4_msgs/include/px4_msgs/px4_msgs/msg/detail/actuator_test__functions.h\n'}
[1.370207] (px4_msgs) StdoutLine: {'line': b'-- Up-to-date: /home/mcfb/ros2_ws/install/px4_msgs/include/px4_msgs/px4_msgs/msg/detail/estimator_event_flags__functions.h\n'}
[1.370243] (px4_msgs) StdoutLine: {'line': b'-- Up-to-date: /home/mcfb/ros2_ws/install/px4_msgs/include/px4_msgs/px4_msgs/msg/detail/vehicle_local_position__functions.c\n'}
[1.370278] (px4_msgs) StdoutLine: {'line': b'-- Up-to-date: /home/mcfb/ros2_ws/install/px4_msgs/include/px4_msgs/px4_msgs/msg/detail/gimbal_manager_set_manual_control__type_support.h\n'}
[1.370315] (px4_msgs) StdoutLine: {'line': b'-- Installing: /home/mcfb/ros2_ws/install/px4_msgs/include/px4_msgs/px4_msgs/msg/detail/vehicle_acceleration__type_support.c\n'}
[1.370349] (px4_msgs) StdoutLine: {'line': b'-- Up-to-date: /home/mcfb/ros2_ws/install/px4_msgs/include/px4_msgs/px4_msgs/msg/detail/position_setpoint__struct.h\n'}
[1.370385] (px4_msgs) StdoutLine: {'line': b'-- Up-to-date: /home/mcfb/ros2_ws/install/px4_msgs/include/px4_msgs/px4_msgs/msg/detail/vehicle_optical_flow__functions.c\n'}
[1.370420] (px4_msgs) StdoutLine: {'line': b'-- Up-to-date: /home/mcfb/ros2_ws/install/px4_msgs/include/px4_msgs/px4_msgs/msg/detail/rover_rate_status__functions.h\n'}
[1.370456] (px4_msgs) StdoutLine: {'line': b'-- Up-to-date: /home/mcfb/ros2_ws/install/px4_msgs/include/px4_msgs/px4_msgs/msg/detail/mode_completed__functions.h\n'}
[1.370491] (px4_msgs) StdoutLine: {'line': b'-- Up-to-date: /home/mcfb/ros2_ws/install/px4_msgs/include/px4_msgs/px4_msgs/msg/detail/parameter_set_value_request__type_support.h\n'}
[1.370527] (px4_msgs) StdoutLine: {'line': b'-- Up-to-date: /home/mcfb/ros2_ws/install/px4_msgs/include/px4_msgs/px4_msgs/msg/detail/sensor_gnss_status__type_support.h\n'}
[1.370562] (px4_msgs) StdoutLine: {'line': b'-- Up-to-date: /home/mcfb/ros2_ws/install/px4_msgs/include/px4_msgs/px4_msgs/msg/detail/failure_detector_status__functions.c\n'}
[1.370598] (px4_msgs) StdoutLine: {'line': b'-- Up-to-date: /home/mcfb/ros2_ws/install/px4_msgs/include/px4_msgs/px4_msgs/msg/detail/internal_combustion_engine_control__struct.h\n'}
[1.370634] (px4_msgs) StdoutLine: {'line': b'-- Up-to-date: /home/mcfb/ros2_ws/install/px4_msgs/include/px4_msgs/px4_msgs/msg/detail/estimator_innovations__type_support.h\n'}
[1.370669] (px4_msgs) StdoutLine: {'line': b'-- Up-to-date: /home/mcfb/ros2_ws/install/px4_msgs/include/px4_msgs/px4_msgs/msg/detail/failsafe_flags__description.c\n'}
[1.370707] (px4_msgs) StdoutLine: {'line': b'-- Up-to-date: /home/mcfb/ros2_ws/install/px4_msgs/include/px4_msgs/px4_msgs/msg/detail/vehicle_imu_status__functions.h\n'}
[1.370743] (px4_msgs) StdoutLine: {'line': b'-- Installing: /home/mcfb/ros2_ws/install/px4_msgs/include/px4_msgs/px4_msgs/msg/detail/gimbal_manager_set_manual_control__type_support.c\n'}
[1.370778] (px4_msgs) StdoutLine: {'line': b'-- Up-to-date: /home/mcfb/ros2_ws/install/px4_msgs/include/px4_msgs/px4_msgs/msg/detail/gimbal_manager_information__struct.h\n'}
[1.370815] (px4_msgs) StdoutLine: {'line': b'-- Installing: /home/mcfb/ros2_ws/install/px4_msgs/include/px4_msgs/px4_msgs/msg/detail/lateral_control_configuration__type_support.c\n'}
[1.370857] (px4_msgs) StdoutLine: {'line': b'-- Up-to-date: /home/mcfb/ros2_ws/install/px4_msgs/include/px4_msgs/px4_msgs/msg/detail/battery_status__functions.h\n'}
[1.370905] (px4_msgs) StdoutLine: {'line': b'-- Up-to-date: /home/mcfb/ros2_ws/install/px4_msgs/include/px4_msgs/px4_msgs/msg/detail/manual_control_switches__functions.h\n'}
[1.370952] (px4_msgs) StdoutLine: {'line': b'-- Up-to-date: /home/mcfb/ros2_ws/install/px4_msgs/include/px4_msgs/px4_msgs/msg/detail/cellular_status__struct.h\n'}
[1.370992] (px4_msgs) StdoutLine: {'line': b'-- Up-to-date: /home/mcfb/ros2_ws/install/px4_msgs/include/px4_msgs/px4_msgs/msg/detail/open_drone_id_self_id__type_support.h\n'}
[1.371029] (px4_msgs) StdoutLine: {'line': b'-- Up-to-date: /home/mcfb/ros2_ws/install/px4_msgs/include/px4_msgs/px4_msgs/msg/detail/actuator_servos__functions.h\n'}
[1.371067] (px4_msgs) StdoutLine: {'line': b'-- Up-to-date: /home/mcfb/ros2_ws/install/px4_msgs/include/px4_msgs/px4_msgs/msg/detail/irlock_report__description.c\n'}
[1.371116] (px4_msgs) StdoutLine: {'line': b'-- Up-to-date: /home/mcfb/ros2_ws/install/px4_msgs/include/px4_msgs/px4_msgs/msg/detail/camera_trigger__functions.c\n'}
[1.371162] (px4_msgs) StdoutLine: {'line': b'-- Up-to-date: /home/mcfb/ros2_ws/install/px4_msgs/include/px4_msgs/px4_msgs/msg/detail/uavcan_parameter_value__struct.h\n'}
[1.371200] (px4_msgs) StdoutLine: {'line': b'-- Installing: /home/mcfb/ros2_ws/install/px4_msgs/include/px4_msgs/px4_msgs/msg/detail/airspeed_validated__type_support.c\n'}
[1.371245] (px4_msgs) StdoutLine: {'line': b'-- Up-to-date: /home/mcfb/ros2_ws/install/px4_msgs/include/px4_msgs/px4_msgs/msg/detail/vehicle_land_detected__struct.h\n'}
[1.371287] (px4_msgs) StdoutLine: {'line': b'-- Up-to-date: /home/mcfb/ros2_ws/install/px4_msgs/include/px4_msgs/px4_msgs/msg/detail/internal_combustion_engine_status__struct.h\n'}
[1.371330] (px4_msgs) StdoutLine: {'line': b'-- Up-to-date: /home/mcfb/ros2_ws/install/px4_msgs/include/px4_msgs/px4_msgs/msg/detail/system_power__functions.c\n'}
[1.371366] (px4_msgs) StdoutLine: {'line': b'-- Up-to-date: /home/mcfb/ros2_ws/install/px4_msgs/include/px4_msgs/px4_msgs/msg/detail/vehicle_optical_flow__functions.h\n'}
[1.371402] (px4_msgs) StdoutLine: {'line': b'-- Up-to-date: /home/mcfb/ros2_ws/install/px4_msgs/include/px4_msgs/px4_msgs/msg/detail/fuel_tank_status__functions.h\n'}
[1.371437] (px4_msgs) StdoutLine: {'line': b'-- Installing: /home/mcfb/ros2_ws/install/px4_msgs/include/px4_msgs/px4_msgs/msg/detail/actuator_test__type_support.c\n'}
[1.371474] (px4_msgs) StdoutLine: {'line': b'-- Up-to-date: /home/mcfb/ros2_ws/install/px4_msgs/include/px4_msgs/px4_msgs/msg/detail/gimbal_manager_set_attitude__type_support.h\n'}
[1.371516] (px4_msgs) StdoutLine: {'line': b'-- Up-to-date: /home/mcfb/ros2_ws/install/px4_msgs/include/px4_msgs/px4_msgs/msg/detail/gimbal_manager_status__functions.c\n'}
[1.371551] (px4_msgs) StdoutLine: {'line': b'-- Up-to-date: /home/mcfb/ros2_ws/install/px4_msgs/include/px4_msgs/px4_msgs/msg/detail/sensor_gps__struct.h\n'}
[1.371587] (px4_msgs) StdoutLine: {'line': b'-- Up-to-date: /home/mcfb/ros2_ws/install/px4_msgs/include/px4_msgs/px4_msgs/msg/detail/hover_thrust_estimate__struct.h\n'}
[1.371622] (px4_msgs) StdoutLine: {'line': b'-- Up-to-date: /home/mcfb/ros2_ws/install/px4_msgs/include/px4_msgs/px4_msgs/msg/detail/sensor_mag__description.c\n'}
[1.371658] (px4_msgs) StdoutLine: {'line': b'-- Up-to-date: /home/mcfb/ros2_ws/install/px4_msgs/include/px4_msgs/px4_msgs/msg/detail/navigator_status__description.c\n'}
[1.371692] (px4_msgs) StdoutLine: {'line': b'-- Up-to-date: /home/mcfb/ros2_ws/install/px4_msgs/include/px4_msgs/px4_msgs/msg/detail/gps_dump__description.c\n'}
[1.371726] (px4_msgs) StdoutLine: {'line': b'-- Up-to-date: /home/mcfb/ros2_ws/install/px4_msgs/include/px4_msgs/px4_msgs/msg/detail/rover_speed_setpoint__struct.h\n'}
[1.371761] (px4_msgs) StdoutLine: {'line': b'-- Up-to-date: /home/mcfb/ros2_ws/install/px4_msgs/include/px4_msgs/px4_msgs/msg/detail/sensor_gyro_fifo__description.c\n'}
[1.371795] (px4_msgs) StdoutLine: {'line': b'-- Up-to-date: /home/mcfb/ros2_ws/install/px4_msgs/include/px4_msgs/px4_msgs/msg/detail/vehicle_odometry__struct.h\n'}
[1.371838] (px4_msgs) StdoutLine: {'line': b'-- Up-to-date: /home/mcfb/ros2_ws/install/px4_msgs/include/px4_msgs/px4_msgs/msg/detail/position_controller_status__struct.h\n'}
[1.371873] (px4_msgs) StdoutLine: {'line': b'-- Up-to-date: /home/mcfb/ros2_ws/install/px4_msgs/include/px4_msgs/px4_msgs/msg/detail/estimator_event_flags__description.c\n'}
[1.371916] (px4_msgs) StdoutLine: {'line': b'-- Up-to-date: /home/mcfb/ros2_ws/install/px4_msgs/include/px4_msgs/px4_msgs/msg/detail/sensor_accel_fifo__struct.h\n'}
[1.371952] (px4_msgs) StdoutLine: {'line': b'-- Installing: /home/mcfb/ros2_ws/install/px4_msgs/include/px4_msgs/px4_msgs/msg/detail/register_ext_component_reply__type_support.c\n'}
[1.371988] (px4_msgs) StdoutLine: {'line': b'-- Up-to-date: /home/mcfb/ros2_ws/install/px4_msgs/include/px4_msgs/px4_msgs/msg/detail/ulog_stream__type_support.h\n'}
[1.372028] (px4_msgs) StdoutLine: {'line': b'-- Up-to-date: /home/mcfb/ros2_ws/install/px4_msgs/include/px4_msgs/px4_msgs/msg/detail/sensor_accel_fifo__description.c\n'}
[1.372062] (px4_msgs) StdoutLine: {'line': b'-- Up-to-date: /home/mcfb/ros2_ws/install/px4_msgs/include/px4_msgs/px4_msgs/msg/detail/debug_value__functions.c\n'}
[1.372095] (px4_msgs) StdoutLine: {'line': b'-- Installing: /home/mcfb/ros2_ws/install/px4_msgs/include/px4_msgs/px4_msgs/msg/detail/geofence_result__type_support.c\n'}
[1.372129] (px4_msgs) StdoutLine: {'line': b'-- Up-to-date: /home/mcfb/ros2_ws/install/px4_msgs/include/px4_msgs/px4_msgs/msg/detail/fixed_wing_lateral_guidance_status__type_support.h\n'}
[1.372165] (px4_msgs) StdoutLine: {'line': b'-- Up-to-date: /home/mcfb/ros2_ws/install/px4_msgs/include/px4_msgs/px4_msgs/msg/detail/wheel_encoders__functions.c\n'}
[1.372199] (px4_msgs) StdoutLine: {'line': b'-- Up-to-date: /home/mcfb/ros2_ws/install/px4_msgs/include/px4_msgs/px4_msgs/msg/detail/vehicle_angular_acceleration_setpoint__functions.c\n'}
[1.372233] (px4_msgs) StdoutLine: {'line': b'-- Up-to-date: /home/mcfb/ros2_ws/install/px4_msgs/include/px4_msgs/px4_msgs/msg/detail/actuator_test__struct.h\n'}
[1.372271] (px4_msgs) StdoutLine: {'line': b'-- Up-to-date: /home/mcfb/ros2_ws/install/px4_msgs/include/px4_msgs/px4_msgs/msg/detail/generator_status__functions.c\n'}
[1.372306] (px4_msgs) StdoutLine: {'line': b'-- Up-to-date: /home/mcfb/ros2_ws/install/px4_msgs/include/px4_msgs/px4_msgs/msg/detail/velocity_limits__functions.c\n'}
[1.372340] (px4_msgs) StdoutLine: {'line': b'-- Installing: /home/mcfb/ros2_ws/install/px4_msgs/include/px4_msgs/px4_msgs/msg/detail/rpm__type_support.c\n'}
[1.372375] (px4_msgs) StdoutLine: {'line': b'-- Up-to-date: /home/mcfb/ros2_ws/install/px4_msgs/include/px4_msgs/px4_msgs/msg/detail/vehicle_angular_velocity__struct.h\n'}
[1.372411] (px4_msgs) StdoutLine: {'line': b'-- Up-to-date: /home/mcfb/ros2_ws/install/px4_msgs/include/px4_msgs/px4_msgs/msg/detail/sensor_mag__struct.h\n'}
[1.372451] (px4_msgs) StdoutLine: {'line': b'-- Up-to-date: /home/mcfb/ros2_ws/install/px4_msgs/include/px4_msgs/px4_msgs/msg/detail/rover_steering_setpoint__functions.c\n'}
[1.372486] (px4_msgs) StdoutLine: {'line': b'-- Up-to-date: /home/mcfb/ros2_ws/install/px4_msgs/include/px4_msgs/px4_msgs/msg/detail/actuator_servos_trim__functions.c\n'}
[1.372524] (px4_msgs) StdoutLine: {'line': b'-- Up-to-date: /home/mcfb/ros2_ws/install/px4_msgs/include/px4_msgs/px4_msgs/msg/detail/esc_report__struct.h\n'}
[1.372560] (px4_msgs) StdoutLine: {'line': b'-- Up-to-date: /home/mcfb/ros2_ws/install/px4_msgs/include/px4_msgs/px4_msgs/msg/detail/system_power__description.c\n'}
[1.372595] (px4_msgs) StdoutLine: {'line': b'-- Up-to-date: /home/mcfb/ros2_ws/install/px4_msgs/include/px4_msgs/px4_msgs/msg/detail/vehicle_constraints__description.c\n'}
[1.372629] (px4_msgs) StdoutLine: {'line': b'-- Up-to-date: /home/mcfb/ros2_ws/install/px4_msgs/include/px4_msgs/px4_msgs/msg/detail/vehicle_imu__functions.h\n'}
[1.372665] (px4_msgs) StdoutLine: {'line': b'-- Up-to-date: /home/mcfb/ros2_ws/install/px4_msgs/include/px4_msgs/px4_msgs/msg/detail/estimator_sensor_bias__functions.h\n'}
[1.372700] (px4_msgs) StdoutLine: {'line': b'-- Up-to-date: /home/mcfb/ros2_ws/install/px4_msgs/include/px4_msgs/px4_msgs/msg/detail/orb_test_large__type_support.h\n'}
[1.372737] (px4_msgs) StdoutLine: {'line': b'-- Up-to-date: /home/mcfb/ros2_ws/install/px4_msgs/include/px4_msgs/px4_msgs/msg/detail/failsafe_flags__functions.c\n'}
[1.372772] (px4_msgs) StdoutLine: {'line': b'-- Installing: /home/mcfb/ros2_ws/install/px4_msgs/include/px4_msgs/px4_msgs/msg/detail/rtl_status__type_support.c\n'}
[1.372807] (px4_msgs) StdoutLine: {'line': b'-- Installing: /home/mcfb/ros2_ws/install/px4_msgs/include/px4_msgs/px4_msgs/msg/detail/differential_pressure__type_support.c\n'}
[1.372852] (px4_msgs) StdoutLine: {'line': b'-- Up-to-date: /home/mcfb/ros2_ws/install/px4_msgs/include/px4_msgs/px4_msgs/msg/detail/vehicle_global_position__description.c\n'}
[1.372889] (px4_msgs) StdoutLine: {'line': b'-- Up-to-date: /home/mcfb/ros2_ws/install/px4_msgs/include/px4_msgs/px4_msgs/msg/detail/sensor_baro__type_support.h\n'}
[1.372923] (px4_msgs) StdoutLine: {'line': b'-- Up-to-date: /home/mcfb/ros2_ws/install/px4_msgs/include/px4_msgs/px4_msgs/msg/detail/rover_throttle_setpoint__functions.c\n'}
[1.372957] (px4_msgs) StdoutLine: {'line': b'-- Up-to-date: /home/mcfb/ros2_ws/install/px4_msgs/include/px4_msgs/px4_msgs/msg/detail/gimbal_manager_set_attitude__functions.h\n'}
[1.372992] (px4_msgs) StdoutLine: {'line': b'-- Up-to-date: /home/mcfb/ros2_ws/install/px4_msgs/include/px4_msgs/px4_msgs/msg/detail/landing_gear__functions.h\n'}
[1.373026] (px4_msgs) StdoutLine: {'line': b'-- Up-to-date: /home/mcfb/ros2_ws/install/px4_msgs/include/px4_msgs/px4_msgs/msg/detail/rover_throttle_setpoint__struct.h\n'}
[1.373060] (px4_msgs) StdoutLine: {'line': b'-- Up-to-date: /home/mcfb/ros2_ws/install/px4_msgs/include/px4_msgs/px4_msgs/msg/detail/ekf2_timestamps__functions.c\n'}
[1.373099] (px4_msgs) StdoutLine: {'line': b'-- Installing: /home/mcfb/ros2_ws/install/px4_msgs/include/px4_msgs/px4_msgs/msg/detail/sensor_baro__type_support.c\n'}
[1.373134] (px4_msgs) StdoutLine: {'line': b'-- Up-to-date: /home/mcfb/ros2_ws/install/px4_msgs/include/px4_msgs/px4_msgs/msg/detail/orbit_status__type_support.h\n'}
[1.373169] (px4_msgs) StdoutLine: {'line': b'-- Up-to-date: /home/mcfb/ros2_ws/install/px4_msgs/include/px4_msgs/px4_msgs/msg/actuator_outputs.h\n'}
[1.373205] (px4_msgs) StdoutLine: {'line': b'-- Up-to-date: /home/mcfb/ros2_ws/install/px4_msgs/include/px4_msgs/px4_msgs/msg/sensor_airflow.h\n'}
[1.373242] (px4_msgs) StdoutLine: {'line': b'-- Up-to-date: /home/mcfb/ros2_ws/install/px4_msgs/include/px4_msgs/px4_msgs/msg/ekf2_timestamps.h\n'}
[1.373279] (px4_msgs) StdoutLine: {'line': b'-- Up-to-date: /home/mcfb/ros2_ws/install/px4_msgs/include/px4_msgs/px4_msgs/msg/parameter_update.h\n'}
[1.373317] (px4_msgs) StdoutLine: {'line': b'-- Up-to-date: /home/mcfb/ros2_ws/install/px4_msgs/include/px4_msgs/px4_msgs/msg/neural_control.h\n'}
[1.373355] (px4_msgs) StdoutLine: {'line': b'-- Up-to-date: /home/mcfb/ros2_ws/install/px4_msgs/include/px4_msgs/px4_msgs/msg/ulog_stream.h\n'}
[1.373392] (px4_msgs) StdoutLine: {'line': b'-- Up-to-date: /home/mcfb/ros2_ws/install/px4_msgs/include/px4_msgs/px4_msgs/msg/airspeed.h\n'}
[1.373430] (px4_msgs) StdoutLine: {'line': b'-- Up-to-date: /home/mcfb/ros2_ws/install/px4_msgs/include/px4_msgs/px4_msgs/msg/landing_target_pose.h\n'}
[1.373468] (px4_msgs) StdoutLine: {'line': b'-- Up-to-date: /home/mcfb/ros2_ws/install/px4_msgs/include/px4_msgs/px4_msgs/msg/health_report.h\n'}
[1.373504] (px4_msgs) StdoutLine: {'line': b'-- Up-to-date: /home/mcfb/ros2_ws/install/px4_msgs/include/px4_msgs/px4_msgs/msg/trajectory_setpoint6dof.h\n'}
[1.373537] (px4_msgs) StdoutLine: {'line': b'-- Up-to-date: /home/mcfb/ros2_ws/install/px4_msgs/include/px4_msgs/px4_msgs/msg/airspeed_validated.h\n'}
[1.373574] (px4_msgs) StdoutLine: {'line': b'-- Up-to-date: /home/mcfb/ros2_ws/install/px4_msgs/include/px4_msgs/px4_msgs/msg/actuator_servos.h\n'}
[1.373610] (px4_msgs) StdoutLine: {'line': b'-- Up-to-date: /home/mcfb/ros2_ws/install/px4_msgs/include/px4_msgs/px4_msgs/msg/rover_rate_setpoint.h\n'}
[1.373644] (px4_msgs) StdoutLine: {'line': b'-- Up-to-date: /home/mcfb/ros2_ws/install/px4_msgs/include/px4_msgs/px4_msgs/msg/flight_phase_estimation.h\n'}
[1.373679] (px4_msgs) StdoutLine: {'line': b'-- Up-to-date: /home/mcfb/ros2_ws/install/px4_msgs/include/px4_msgs/px4_msgs/msg/register_ext_component_request.h\n'}
[1.373715] (px4_msgs) StdoutLine: {'line': b'-- Up-to-date: /home/mcfb/ros2_ws/install/px4_msgs/include/px4_msgs/px4_msgs/msg/home_position.h\n'}
[1.373752] (px4_msgs) StdoutLine: {'line': b'-- Up-to-date: /home/mcfb/ros2_ws/install/px4_msgs/include/px4_msgs/px4_msgs/msg/esc_status.h\n'}
[1.373793] (px4_msgs) StdoutLine: {'line': b'-- Up-to-date: /home/mcfb/ros2_ws/install/px4_msgs/include/px4_msgs/px4_msgs/msg/wheel_encoders.h\n'}
[1.373834] (px4_msgs) StdoutLine: {'line': b'-- Up-to-date: /home/mcfb/ros2_ws/install/px4_msgs/include/px4_msgs/px4_msgs/msg/yaw_estimator_status.h\n'}
[1.373869] (px4_msgs) StdoutLine: {'line': b'-- Up-to-date: /home/mcfb/ros2_ws/install/px4_msgs/include/px4_msgs/px4_msgs/msg/qshell_retval.h\n'}
[1.373905] (px4_msgs) StdoutLine: {'line': b'-- Up-to-date: /home/mcfb/ros2_ws/install/px4_msgs/include/px4_msgs/px4_msgs/msg/airspeed_wind.h\n'}
[1.373941] (px4_msgs) StdoutLine: {'line': b'-- Up-to-date: /home/mcfb/ros2_ws/install/px4_msgs/include/px4_msgs/px4_msgs/msg/sensor_optical_flow.h\n'}
[1.373976] (px4_msgs) StdoutLine: {'line': b'-- Up-to-date: /home/mcfb/ros2_ws/install/px4_msgs/include/px4_msgs/px4_msgs/msg/gimbal_controls.h\n'}
[1.374013] (px4_msgs) StdoutLine: {'line': b'-- Up-to-date: /home/mcfb/ros2_ws/install/px4_msgs/include/px4_msgs/px4_msgs/msg/distance_sensor_mode_change_request.h\n'}
[1.374048] (px4_msgs) StdoutLine: {'line': b'-- Up-to-date: /home/mcfb/ros2_ws/install/px4_msgs/include/px4_msgs/px4_msgs/msg/input_rc.h\n'}
[1.374084] (px4_msgs) StdoutLine: {'line': b'-- Up-to-date: /home/mcfb/ros2_ws/install/px4_msgs/include/px4_msgs/px4_msgs/msg/message_format_request.h\n'}
[1.374121] (px4_msgs) StdoutLine: {'line': b'-- Up-to-date: /home/mcfb/ros2_ws/install/px4_msgs/include/px4_msgs/px4_msgs/msg/actuator_motors.h\n'}
[1.374161] (px4_msgs) StdoutLine: {'line': b'-- Up-to-date: /home/mcfb/ros2_ws/install/px4_msgs/include/px4_msgs/px4_msgs/msg/estimator_aid_source2d.h\n'}
[1.374196] (px4_msgs) StdoutLine: {'line': b'-- Up-to-date: /home/mcfb/ros2_ws/install/px4_msgs/include/px4_msgs/px4_msgs/msg/uavcan_parameter_value.h\n'}
[1.374232] (px4_msgs) StdoutLine: {'line': b'-- Up-to-date: /home/mcfb/ros2_ws/install/px4_msgs/include/px4_msgs/px4_msgs/msg/cpuload.h\n'}
[1.374267] (px4_msgs) StdoutLine: {'line': b'-- Up-to-date: /home/mcfb/ros2_ws/install/px4_msgs/include/px4_msgs/px4_msgs/msg/vehicle_local_position.h\n'}
[1.374302] (px4_msgs) StdoutLine: {'line': b'-- Up-to-date: /home/mcfb/ros2_ws/install/px4_msgs/include/px4_msgs/px4_msgs/msg/control_allocator_status.h\n'}
[1.374337] (px4_msgs) StdoutLine: {'line': b'-- Up-to-date: /home/mcfb/ros2_ws/install/px4_msgs/include/px4_msgs/px4_msgs/msg/ulog_stream_ack.h\n'}
[1.374375] (px4_msgs) StdoutLine: {'line': b'-- Up-to-date: /home/mcfb/ros2_ws/install/px4_msgs/include/px4_msgs/px4_msgs/msg/rtl_status.h\n'}
[1.374413] (px4_msgs) StdoutLine: {'line': b'-- Up-to-date: /home/mcfb/ros2_ws/install/px4_msgs/include/px4_msgs/px4_msgs/msg/uavcan_parameter_request.h\n'}
[1.374448] (px4_msgs) StdoutLine: {'line': b'-- Up-to-date: /home/mcfb/ros2_ws/install/px4_msgs/include/px4_msgs/px4_msgs/msg/obstacle_distance.h\n'}
[1.374485] (px4_msgs) StdoutLine: {'line': b'-- Up-to-date: /home/mcfb/ros2_ws/install/px4_msgs/include/px4_msgs/px4_msgs/msg/actuator_armed.h\n'}
[1.374521] (px4_msgs) StdoutLine: {'line': b'-- Up-to-date: /home/mcfb/ros2_ws/install/px4_msgs/include/px4_msgs/px4_msgs/msg/estimator_selector_status.h\n'}
[1.374558] (px4_msgs) StdoutLine: {'line': b'-- Up-to-date: /home/mcfb/ros2_ws/install/px4_msgs/include/px4_msgs/px4_msgs/msg/internal_combustion_engine_status.h\n'}
[1.374593] (px4_msgs) StdoutLine: {'line': b'-- Up-to-date: /home/mcfb/ros2_ws/install/px4_msgs/include/px4_msgs/px4_msgs/msg/magnetometer_bias_estimate.h\n'}
[1.374627] (px4_msgs) StdoutLine: {'line': b'-- Up-to-date: /home/mcfb/ros2_ws/install/px4_msgs/include/px4_msgs/px4_msgs/msg/px4io_status.h\n'}
[1.374663] (px4_msgs) StdoutLine: {'line': b'-- Up-to-date: /home/mcfb/ros2_ws/install/px4_msgs/include/px4_msgs/px4_msgs/msg/iridiumsbd_status.h\n'}
[1.374699] (px4_msgs) StdoutLine: {'line': b'-- Up-to-date: /home/mcfb/ros2_ws/install/px4_msgs/include/px4_msgs/px4_msgs/msg/geofence_status.h\n'}
[1.374733] (px4_msgs) StdoutLine: {'line': b'-- Up-to-date: /home/mcfb/ros2_ws/install/px4_msgs/include/px4_msgs/px4_msgs/msg/vtol_vehicle_status.h\n'}
[1.374766] (px4_msgs) StdoutLine: {'line': b'-- Up-to-date: /home/mcfb/ros2_ws/install/px4_msgs/include/px4_msgs/px4_msgs/msg/generator_status.h\n'}
[1.374804] (px4_msgs) StdoutLine: {'line': b'-- Up-to-date: /home/mcfb/ros2_ws/install/px4_msgs/include/px4_msgs/px4_msgs/msg/cellular_status.h\n'}
[1.374849] (px4_msgs) StdoutLine: {'line': b'-- Up-to-date: /home/mcfb/ros2_ws/install/px4_msgs/include/px4_msgs/px4_msgs/msg/manual_control_setpoint.h\n'}
[1.374902] (px4_msgs) StdoutLine: {'line': b'-- Up-to-date: /home/mcfb/ros2_ws/install/px4_msgs/include/px4_msgs/px4_msgs/msg/fixed_wing_longitudinal_setpoint.h\n'}
[1.374941] (px4_msgs) StdoutLine: {'line': b'-- Up-to-date: /home/mcfb/ros2_ws/install/px4_msgs/include/px4_msgs/px4_msgs/msg/vehicle_imu_status.h\n'}
[1.374979] (px4_msgs) StdoutLine: {'line': b'-- Up-to-date: /home/mcfb/ros2_ws/install/px4_msgs/include/px4_msgs/px4_msgs/msg/takeoff_status.h\n'}
[1.375017] (px4_msgs) StdoutLine: {'line': b'-- Up-to-date: /home/mcfb/ros2_ws/install/px4_msgs/include/px4_msgs/px4_msgs/msg/debug_vect.h\n'}
[1.375052] (px4_msgs) StdoutLine: {'line': b'-- Up-to-date: /home/mcfb/ros2_ws/install/px4_msgs/include/px4_msgs/px4_msgs/msg/vehicle_constraints.h\n'}
[1.375110] (px4_msgs) StdoutLine: {'line': b'-- Up-to-date: /home/mcfb/ros2_ws/install/px4_msgs/include/px4_msgs/px4_msgs/msg/camera_status.h\n'}
[1.375161] (px4_msgs) StdoutLine: {'line': b'-- Up-to-date: /home/mcfb/ros2_ws/install/px4_msgs/include/px4_msgs/px4_msgs/msg/actuator_controls_status.h\n'}
[1.375209] (px4_msgs) StdoutLine: {'line': b'-- Up-to-date: /home/mcfb/ros2_ws/install/px4_msgs/include/px4_msgs/px4_msgs/msg/failure_detector_status.h\n'}
[1.375245] (px4_msgs) StdoutLine: {'line': b'-- Up-to-date: /home/mcfb/ros2_ws/install/px4_msgs/include/px4_msgs/px4_msgs/msg/battery_info.h\n'}
[1.375280] (px4_msgs) StdoutLine: {'line': b'-- Up-to-date: /home/mcfb/ros2_ws/install/px4_msgs/include/px4_msgs/px4_msgs/msg/position_controller_landing_status.h\n'}
[1.375335] (px4_msgs) StdoutLine: {'line': b'-- Up-to-date: /home/mcfb/ros2_ws/install/px4_msgs/include/px4_msgs/px4_msgs/msg/fixed_wing_lateral_status.h\n'}
[1.375370] (px4_msgs) StdoutLine: {'line': b'-- Up-to-date: /home/mcfb/ros2_ws/install/px4_msgs/include/px4_msgs/px4_msgs/msg/orb_test.h\n'}
[1.375406] (px4_msgs) StdoutLine: {'line': b'-- Up-to-date: /home/mcfb/ros2_ws/install/px4_msgs/include/px4_msgs/px4_msgs/msg/esc_report.h\n'}
[1.375441] (px4_msgs) StdoutLine: {'line': b'-- Up-to-date: /home/mcfb/ros2_ws/install/px4_msgs/include/px4_msgs/px4_msgs/msg/tiltrotor_extra_controls.h\n'}
[1.375479] (px4_msgs) StdoutLine: {'line': b'-- Up-to-date: /home/mcfb/ros2_ws/install/px4_msgs/include/px4_msgs/px4_msgs/msg/vehicle_command.h\n'}
[1.375515] (px4_msgs) StdoutLine: {'line': b'-- Up-to-date: /home/mcfb/ros2_ws/install/px4_msgs/include/px4_msgs/px4_msgs/msg/sensor_gyro_fft.h\n'}
[1.375550] (px4_msgs) StdoutLine: {'line': b'-- Up-to-date: /home/mcfb/ros2_ws/install/px4_msgs/include/px4_msgs/px4_msgs/msg/mission_result.h\n'}
[1.375587] (px4_msgs) StdoutLine: {'line': b'-- Up-to-date: /home/mcfb/ros2_ws/install/px4_msgs/include/px4_msgs/px4_msgs/msg/onboard_computer_status.h\n'}
[1.375621] (px4_msgs) StdoutLine: {'line': b'-- Up-to-date: /home/mcfb/ros2_ws/install/px4_msgs/include/px4_msgs/px4_msgs/msg/vehicle_magnetometer.h\n'}
[1.375657] (px4_msgs) StdoutLine: {'line': b'-- Up-to-date: /home/mcfb/ros2_ws/install/px4_msgs/include/px4_msgs/px4_msgs/msg/vehicle_imu.h\n'}
[1.375693] (px4_msgs) StdoutLine: {'line': b'-- Up-to-date: /home/mcfb/ros2_ws/install/px4_msgs/include/px4_msgs/px4_msgs/msg/message_format_response.h\n'}
[1.375727] (px4_msgs) StdoutLine: {'line': b'-- Up-to-date: /home/mcfb/ros2_ws/install/px4_msgs/include/px4_msgs/px4_msgs/msg/figure_eight_status.h\n'}
[1.375761] (px4_msgs) StdoutLine: {'line': b'-- Up-to-date: /home/mcfb/ros2_ws/install/px4_msgs/include/px4_msgs/px4_msgs/msg/vehicle_attitude.h\n'}
[1.375796] (px4_msgs) StdoutLine: {'line': b'-- Up-to-date: /home/mcfb/ros2_ws/install/px4_msgs/include/px4_msgs/px4_msgs/msg/parameter_set_value_request.h\n'}
[1.375838] (px4_msgs) StdoutLine: {'line': b'-- Up-to-date: /home/mcfb/ros2_ws/install/px4_msgs/include/px4_msgs/px4_msgs/msg/rate_ctrl_status.h\n'}
[1.375873] (px4_msgs) StdoutLine: {'line': b'-- Up-to-date: /home/mcfb/ros2_ws/install/px4_msgs/include/px4_msgs/px4_msgs/msg/open_drone_id_operator_id.h\n'}
[1.375909] (px4_msgs) StdoutLine: {'line': b'-- Up-to-date: /home/mcfb/ros2_ws/install/px4_msgs/include/px4_msgs/px4_msgs/msg/timesync_status.h\n'}
[1.375946] (px4_msgs) StdoutLine: {'line': b'-- Up-to-date: /home/mcfb/ros2_ws/install/px4_msgs/include/px4_msgs/px4_msgs/msg/led_control.h\n'}
[1.375983] (px4_msgs) StdoutLine: {'line': b'-- Up-to-date: /home/mcfb/ros2_ws/install/px4_msgs/include/px4_msgs/px4_msgs/msg/sensor_gps.h\n'}
[1.376020] (px4_msgs) StdoutLine: {'line': b'-- Up-to-date: /home/mcfb/ros2_ws/install/px4_msgs/include/px4_msgs/px4_msgs/msg/vehicle_optical_flow_vel.h\n'}
[1.376056] (px4_msgs) StdoutLine: {'line': b'-- Up-to-date: /home/mcfb/ros2_ws/install/px4_msgs/include/px4_msgs/px4_msgs/msg/estimator_event_flags.h\n'}
[1.376092] (px4_msgs) StdoutLine: {'line': b'-- Up-to-date: /home/mcfb/ros2_ws/install/px4_msgs/include/px4_msgs/px4_msgs/msg/sensor_mag.h\n'}
[1.376127] (px4_msgs) StdoutLine: {'line': b'-- Up-to-date: /home/mcfb/ros2_ws/install/px4_msgs/include/px4_msgs/px4_msgs/msg/debug_key_value.h\n'}
[1.376164] (px4_msgs) StdoutLine: {'line': b'-- Up-to-date: /home/mcfb/ros2_ws/install/px4_msgs/include/px4_msgs/px4_msgs/msg/heater_status.h\n'}
[1.376200] (px4_msgs) StdoutLine: {'line': b'-- Up-to-date: /home/mcfb/ros2_ws/install/px4_msgs/include/px4_msgs/px4_msgs/msg/power_monitor.h\n'}
[1.376237] (px4_msgs) StdoutLine: {'line': b'-- Up-to-date: /home/mcfb/ros2_ws/install/px4_msgs/include/px4_msgs/px4_msgs/msg/vehicle_roi.h\n'}
[1.376272] (px4_msgs) StdoutLine: {'line': b'-- Up-to-date: /home/mcfb/ros2_ws/install/px4_msgs/include/px4_msgs/px4_msgs/msg/differential_pressure.h\n'}
[1.376307] (px4_msgs) StdoutLine: {'line': b'-- Up-to-date: /home/mcfb/ros2_ws/install/px4_msgs/include/px4_msgs/px4_msgs/msg/vehicle_rates_setpoint.h\n'}
[1.376343] (px4_msgs) StdoutLine: {'line': b'-- Up-to-date: /home/mcfb/ros2_ws/install/px4_msgs/include/px4_msgs/px4_msgs/msg/position_setpoint_triplet.h\n'}
[1.376377] (px4_msgs) StdoutLine: {'line': b'-- Up-to-date: /home/mcfb/ros2_ws/install/px4_msgs/include/px4_msgs/px4_msgs/msg/gpio_config.h\n'}
[1.376412] (px4_msgs) StdoutLine: {'line': b'-- Up-to-date: /home/mcfb/ros2_ws/install/px4_msgs/include/px4_msgs/px4_msgs/msg/wind.h\n'}
[1.376449] (px4_msgs) StdoutLine: {'line': b'-- Up-to-date: /home/mcfb/ros2_ws/install/px4_msgs/include/px4_msgs/px4_msgs/msg/parameter_reset_request.h\n'}
[1.376482] (px4_msgs) StdoutLine: {'line': b'-- Up-to-date: /home/mcfb/ros2_ws/install/px4_msgs/include/px4_msgs/px4_msgs/msg/dronecan_node_status.h\n'}
[1.376517] (px4_msgs) StdoutLine: {'line': b'-- Up-to-date: /home/mcfb/ros2_ws/install/px4_msgs/include/px4_msgs/px4_msgs/msg/fixed_wing_runway_control.h\n'}
[1.376552] (px4_msgs) StdoutLine: {'line': b'-- Up-to-date: /home/mcfb/ros2_ws/install/px4_msgs/include/px4_msgs/px4_msgs/msg/transponder_report.h\n'}
[1.376586] (px4_msgs) StdoutLine: {'line': b'-- Up-to-date: /home/mcfb/ros2_ws/install/px4_msgs/include/px4_msgs/px4_msgs/msg/sensor_preflight_mag.h\n'}
[1.376620] (px4_msgs) StdoutLine: {'line': b'-- Up-to-date: /home/mcfb/ros2_ws/install/px4_msgs/include/px4_msgs/px4_msgs/msg/gps_dump.h\n'}
[1.376654] (px4_msgs) StdoutLine: {'line': b'-- Up-to-date: /home/mcfb/ros2_ws/install/px4_msgs/include/px4_msgs/px4_msgs/msg/fixed_wing_lateral_guidance_status.h\n'}
[1.376690] (px4_msgs) StdoutLine: {'line': b'-- Up-to-date: /home/mcfb/ros2_ws/install/px4_msgs/include/px4_msgs/px4_msgs/msg/rover_steering_setpoint.h\n'}
[1.376725] (px4_msgs) StdoutLine: {'line': b'-- Up-to-date: /home/mcfb/ros2_ws/install/px4_msgs/include/px4_msgs/px4_msgs/msg/system_power.h\n'}
[1.376764] (px4_msgs) StdoutLine: {'line': b'-- Up-to-date: /home/mcfb/ros2_ws/install/px4_msgs/include/px4_msgs/px4_msgs/msg/gimbal_manager_set_manual_control.h\n'}
[1.376800] (px4_msgs) StdoutLine: {'line': b'-- Up-to-date: /home/mcfb/ros2_ws/install/px4_msgs/include/px4_msgs/px4_msgs/msg/camera_trigger.h\n'}
[1.376840] (px4_msgs) StdoutLine: {'line': b'-- Up-to-date: /home/mcfb/ros2_ws/install/px4_msgs/include/px4_msgs/px4_msgs/msg/mount_orientation.h\n'}
[1.376874] (px4_msgs) StdoutLine: {'line': b'-- Up-to-date: /home/mcfb/ros2_ws/install/px4_msgs/include/px4_msgs/px4_msgs/msg/event.h\n'}
[1.376911] (px4_msgs) StdoutLine: {'line': b'-- Up-to-date: /home/mcfb/ros2_ws/install/px4_msgs/include/px4_msgs/px4_msgs/msg/pure_pursuit_status.h\n'}
[1.376946] (px4_msgs) StdoutLine: {'line': b'-- Up-to-date: /home/mcfb/ros2_ws/install/px4_msgs/include/px4_msgs/px4_msgs/msg/adc_report.h\n'}
[1.376980] (px4_msgs) StdoutLine: {'line': b'-- Up-to-date: /home/mcfb/ros2_ws/install/px4_msgs/include/px4_msgs/px4_msgs/msg/gimbal_device_attitude_status.h\n'}
[1.377014] (px4_msgs) StdoutLine: {'line': b'-- Up-to-date: /home/mcfb/ros2_ws/install/px4_msgs/include/px4_msgs/px4_msgs/msg/logger_status.h\n'}
[1.377048] (px4_msgs) StdoutLine: {'line': b'-- Up-to-date: /home/mcfb/ros2_ws/install/px4_msgs/include/px4_msgs/px4_msgs/msg/rover_attitude_setpoint.h\n'}
[1.377082] (px4_msgs) StdoutLine: {'line': b'-- Up-to-date: /home/mcfb/ros2_ws/install/px4_msgs/include/px4_msgs/px4_msgs/msg/position_setpoint.h\n'}
[1.377116] (px4_msgs) StdoutLine: {'line': b'-- Up-to-date: /home/mcfb/ros2_ws/install/px4_msgs/include/px4_msgs/px4_msgs/msg/rover_position_setpoint.h\n'}
[1.377151] (px4_msgs) StdoutLine: {'line': b'-- Up-to-date: /home/mcfb/ros2_ws/install/px4_msgs/include/px4_msgs/px4_msgs/msg/config_overrides.h\n'}
[1.377186] (px4_msgs) StdoutLine: {'line': b'-- Up-to-date: /home/mcfb/ros2_ws/install/px4_msgs/include/px4_msgs/px4_msgs/msg/mavlink_log.h\n'}
[1.377220] (px4_msgs) StdoutLine: {'line': b'-- Up-to-date: /home/mcfb/ros2_ws/install/px4_msgs/include/px4_msgs/px4_msgs/msg/rover_rate_status.h\n'}
[1.377255] (px4_msgs) StdoutLine: {'line': b'-- Up-to-date: /home/mcfb/ros2_ws/install/px4_msgs/include/px4_msgs/px4_msgs/msg/irlock_report.h\n'}
[1.377291] (px4_msgs) StdoutLine: {'line': b'-- Up-to-date: /home/mcfb/ros2_ws/install/px4_msgs/share/px4_msgs/environment/library_path.sh\n'}
[1.377324] (px4_msgs) StdoutLine: {'line': b'-- Up-to-date: /home/mcfb/ros2_ws/install/px4_msgs/share/px4_msgs/environment/library_path.dsv\n'}
[1.377358] (px4_msgs) StdoutLine: {'line': b'-- Up-to-date: /home/mcfb/ros2_ws/install/px4_msgs/lib/libpx4_msgs__rosidl_generator_c.so\n'}
[1.377392] (px4_msgs) StdoutLine: {'line': b'-- Up-to-date: /home/mcfb/ros2_ws/install/px4_msgs/include/px4_msgs/px4_msgs\n'}
[1.377429] (px4_msgs) StdoutLine: {'line': b'-- Up-to-date: /home/mcfb/ros2_ws/install/px4_msgs/include/px4_msgs/px4_msgs/srv\n'}
[1.377464] (px4_msgs) StdoutLine: {'line': b'-- Up-to-date: /home/mcfb/ros2_ws/install/px4_msgs/include/px4_msgs/px4_msgs/srv/detail\n'}
[1.377500] (px4_msgs) StdoutLine: {'line': b'-- Up-to-date: /home/mcfb/ros2_ws/install/px4_msgs/include/px4_msgs/px4_msgs/srv/detail/vehicle_command__rosidl_typesupport_fastrtps_c.h\n'}
[1.377537] (px4_msgs) StdoutLine: {'line': b'-- Up-to-date: /home/mcfb/ros2_ws/install/px4_msgs/include/px4_msgs/px4_msgs/msg\n'}
[1.377575] (px4_msgs) StdoutLine: {'line': b'-- Up-to-date: /home/mcfb/ros2_ws/install/px4_msgs/include/px4_msgs/px4_msgs/msg/detail\n'}
[1.377611] (px4_msgs) StdoutLine: {'line': b'-- Up-to-date: /home/mcfb/ros2_ws/install/px4_msgs/include/px4_msgs/px4_msgs/msg/detail/sensor_gnss_status__rosidl_typesupport_fastrtps_c.h\n'}
[1.377650] (px4_msgs) StdoutLine: {'line': b'-- Up-to-date: /home/mcfb/ros2_ws/install/px4_msgs/include/px4_msgs/px4_msgs/msg/detail/sensor_accel__rosidl_typesupport_fastrtps_c.h\n'}
[1.377685] (px4_msgs) StdoutLine: {'line': b'-- Up-to-date: /home/mcfb/ros2_ws/install/px4_msgs/include/px4_msgs/px4_msgs/msg/detail/camera_trigger__rosidl_typesupport_fastrtps_c.h\n'}
[1.377721] (px4_msgs) StdoutLine: {'line': b'-- Up-to-date: /home/mcfb/ros2_ws/install/px4_msgs/include/px4_msgs/px4_msgs/msg/detail/rtl_time_estimate__rosidl_typesupport_fastrtps_c.h\n'}
[1.377758] (px4_msgs) StdoutLine: {'line': b'-- Up-to-date: /home/mcfb/ros2_ws/install/px4_msgs/include/px4_msgs/px4_msgs/msg/detail/tiltrotor_extra_controls__rosidl_typesupport_fastrtps_c.h\n'}
[1.377794] (px4_msgs) StdoutLine: {'line': b'-- Up-to-date: /home/mcfb/ros2_ws/install/px4_msgs/include/px4_msgs/px4_msgs/msg/detail/fixed_wing_lateral_setpoint__rosidl_typesupport_fastrtps_c.h\n'}
[1.377836] (px4_msgs) StdoutLine: {'line': b'-- Up-to-date: /home/mcfb/ros2_ws/install/px4_msgs/include/px4_msgs/px4_msgs/msg/detail/irlock_report__rosidl_typesupport_fastrtps_c.h\n'}
[1.377872] (px4_msgs) StdoutLine: {'line': b'-- Up-to-date: /home/mcfb/ros2_ws/install/px4_msgs/include/px4_msgs/px4_msgs/msg/detail/led_control__rosidl_typesupport_fastrtps_c.h\n'}
[1.377908] (px4_msgs) StdoutLine: {'line': b'-- Up-to-date: /home/mcfb/ros2_ws/install/px4_msgs/include/px4_msgs/px4_msgs/msg/detail/battery_info__rosidl_typesupport_fastrtps_c.h\n'}
[1.377943] (px4_msgs) StdoutLine: {'line': b'-- Up-to-date: /home/mcfb/ros2_ws/install/px4_msgs/include/px4_msgs/px4_msgs/msg/detail/vehicle_odometry__rosidl_typesupport_fastrtps_c.h\n'}
[1.377977] (px4_msgs) StdoutLine: {'line': b'-- Up-to-date: /home/mcfb/ros2_ws/install/px4_msgs/include/px4_msgs/px4_msgs/msg/detail/navigator_mission_item__rosidl_typesupport_fastrtps_c.h\n'}
[1.378012] (px4_msgs) StdoutLine: {'line': b'-- Up-to-date: /home/mcfb/ros2_ws/install/px4_msgs/include/px4_msgs/px4_msgs/msg/detail/generator_status__rosidl_typesupport_fastrtps_c.h\n'}
[1.378048] (px4_msgs) StdoutLine: {'line': b'-- Up-to-date: /home/mcfb/ros2_ws/install/px4_msgs/include/px4_msgs/px4_msgs/msg/detail/vehicle_local_position__rosidl_typesupport_fastrtps_c.h\n'}
[1.378086] (px4_msgs) StdoutLine: {'line': b'-- Up-to-date: /home/mcfb/ros2_ws/install/px4_msgs/include/px4_msgs/px4_msgs/msg/detail/onboard_computer_status__rosidl_typesupport_fastrtps_c.h\n'}
[1.378121] (px4_msgs) StdoutLine: {'line': b'-- Up-to-date: /home/mcfb/ros2_ws/install/px4_msgs/include/px4_msgs/px4_msgs/msg/detail/sensor_gps__rosidl_typesupport_fastrtps_c.h\n'}
[1.378157] (px4_msgs) StdoutLine: {'line': b'-- Up-to-date: /home/mcfb/ros2_ws/install/px4_msgs/include/px4_msgs/px4_msgs/msg/detail/config_overrides__rosidl_typesupport_fastrtps_c.h\n'}
[1.378192] (px4_msgs) StdoutLine: {'line': b'-- Up-to-date: /home/mcfb/ros2_ws/install/px4_msgs/include/px4_msgs/px4_msgs/msg/detail/actuator_servos__rosidl_typesupport_fastrtps_c.h\n'}
[1.378227] (px4_msgs) StdoutLine: {'line': b'-- Up-to-date: /home/mcfb/ros2_ws/install/px4_msgs/include/px4_msgs/px4_msgs/msg/detail/fixed_wing_lateral_status__rosidl_typesupport_fastrtps_c.h\n'}
[1.378265] (px4_msgs) StdoutLine: {'line': b'-- Up-to-date: /home/mcfb/ros2_ws/install/px4_msgs/include/px4_msgs/px4_msgs/msg/detail/wind__rosidl_typesupport_fastrtps_c.h\n'}
[1.378301] (px4_msgs) StdoutLine: {'line': b'-- Up-to-date: /home/mcfb/ros2_ws/install/px4_msgs/include/px4_msgs/px4_msgs/msg/detail/vehicle_command_ack__rosidl_typesupport_fastrtps_c.h\n'}
[1.378337] (px4_msgs) StdoutLine: {'line': b'-- Up-to-date: /home/mcfb/ros2_ws/install/px4_msgs/include/px4_msgs/px4_msgs/msg/detail/orb_test_medium__rosidl_typesupport_fastrtps_c.h\n'}
[1.378372] (px4_msgs) StdoutLine: {'line': b'-- Up-to-date: /home/mcfb/ros2_ws/install/px4_msgs/include/px4_msgs/px4_msgs/msg/detail/heater_status__rosidl_typesupport_fastrtps_c.h\n'}
[1.378406] (px4_msgs) StdoutLine: {'line': b'-- Up-to-date: /home/mcfb/ros2_ws/install/px4_msgs/include/px4_msgs/px4_msgs/msg/detail/mavlink_log__rosidl_typesupport_fastrtps_c.h\n'}
[1.378442] (px4_msgs) StdoutLine: {'line': b'-- Up-to-date: /home/mcfb/ros2_ws/install/px4_msgs/include/px4_msgs/px4_msgs/msg/detail/estimator_sensor_bias__rosidl_typesupport_fastrtps_c.h\n'}
[1.378478] (px4_msgs) StdoutLine: {'line': b'-- Up-to-date: /home/mcfb/ros2_ws/install/px4_msgs/include/px4_msgs/px4_msgs/msg/detail/airspeed__rosidl_typesupport_fastrtps_c.h\n'}
[1.378513] (px4_msgs) StdoutLine: {'line': b'-- Up-to-date: /home/mcfb/ros2_ws/install/px4_msgs/include/px4_msgs/px4_msgs/msg/detail/differential_pressure__rosidl_typesupport_fastrtps_c.h\n'}
[1.378549] (px4_msgs) StdoutLine: {'line': b'-- Up-to-date: /home/mcfb/ros2_ws/install/px4_msgs/include/px4_msgs/px4_msgs/msg/detail/tecs_status__rosidl_typesupport_fastrtps_c.h\n'}
[1.378586] (px4_msgs) StdoutLine: {'line': b'-- Up-to-date: /home/mcfb/ros2_ws/install/px4_msgs/include/px4_msgs/px4_msgs/msg/detail/failsafe_flags__rosidl_typesupport_fastrtps_c.h\n'}
[1.378623] (px4_msgs) StdoutLine: {'line': b'-- Up-to-date: /home/mcfb/ros2_ws/install/px4_msgs/include/px4_msgs/px4_msgs/msg/detail/airspeed_validated__rosidl_typesupport_fastrtps_c.h\n'}
[1.378658] (px4_msgs) StdoutLine: {'line': b'-- Up-to-date: /home/mcfb/ros2_ws/install/px4_msgs/include/px4_msgs/px4_msgs/msg/detail/landing_gear__rosidl_typesupport_fastrtps_c.h\n'}
[1.378693] (px4_msgs) StdoutLine: {'line': b'-- Up-to-date: /home/mcfb/ros2_ws/install/px4_msgs/include/px4_msgs/px4_msgs/msg/detail/estimator_aid_source1d__rosidl_typesupport_fastrtps_c.h\n'}
[1.378728] (px4_msgs) StdoutLine: {'line': b'-- Up-to-date: /home/mcfb/ros2_ws/install/px4_msgs/include/px4_msgs/px4_msgs/msg/detail/geofence_result__rosidl_typesupport_fastrtps_c.h\n'}
[1.378764] (px4_msgs) StdoutLine: {'line': b'-- Up-to-date: /home/mcfb/ros2_ws/install/px4_msgs/include/px4_msgs/px4_msgs/msg/detail/uavcan_parameter_value__rosidl_typesupport_fastrtps_c.h\n'}
[1.378798] (px4_msgs) StdoutLine: {'line': b'-- Up-to-date: /home/mcfb/ros2_ws/install/px4_msgs/include/px4_msgs/px4_msgs/msg/detail/parameter_set_used_request__rosidl_typesupport_fastrtps_c.h\n'}
[1.378839] (px4_msgs) StdoutLine: {'line': b'-- Up-to-date: /home/mcfb/ros2_ws/install/px4_msgs/include/px4_msgs/px4_msgs/msg/detail/mag_worker_data__rosidl_typesupport_fastrtps_c.h\n'}
[1.378886] (px4_msgs) StdoutLine: {'line': b'-- Up-to-date: /home/mcfb/ros2_ws/install/px4_msgs/include/px4_msgs/px4_msgs/msg/detail/log_message__rosidl_typesupport_fastrtps_c.h\n'}
[1.378928] (px4_msgs) StdoutLine: {'line': b'-- Up-to-date: /home/mcfb/ros2_ws/install/px4_msgs/include/px4_msgs/px4_msgs/msg/detail/internal_combustion_engine_status__rosidl_typesupport_fastrtps_c.h\n'}
[1.378964] (px4_msgs) StdoutLine: {'line': b'-- Up-to-date: /home/mcfb/ros2_ws/install/px4_msgs/include/px4_msgs/px4_msgs/msg/detail/vehicle_status__rosidl_typesupport_fastrtps_c.h\n'}
[1.379009] (px4_msgs) StdoutLine: {'line': b'-- Up-to-date: /home/mcfb/ros2_ws/install/px4_msgs/include/px4_msgs/px4_msgs/msg/detail/arming_check_reply__rosidl_typesupport_fastrtps_c.h\n'}
[1.379061] (px4_msgs) StdoutLine: {'line': b'-- Up-to-date: /home/mcfb/ros2_ws/install/px4_msgs/include/px4_msgs/px4_msgs/msg/detail/gripper__rosidl_typesupport_fastrtps_c.h\n'}
[1.379285] (px4_msgs) StdoutLine: {'line': b'-- Up-to-date: /home/mcfb/ros2_ws/install/px4_msgs/include/px4_msgs/px4_msgs/msg/detail/gpio_in__rosidl_typesupport_fastrtps_c.h\n'}
[1.379370] (px4_msgs) StdoutLine: {'line': b'-- Up-to-date: /home/mcfb/ros2_ws/install/px4_msgs/include/px4_msgs/px4_msgs/msg/detail/landing_gear_wheel__rosidl_typesupport_fastrtps_c.h\n'}
[1.379420] (px4_msgs) StdoutLine: {'line': b'-- Up-to-date: /home/mcfb/ros2_ws/install/px4_msgs/include/px4_msgs/px4_msgs/msg/detail/collision_constraints__rosidl_typesupport_fastrtps_c.h\n'}
[1.379480] (px4_msgs) StdoutLine: {'line': b'-- Up-to-date: /home/mcfb/ros2_ws/install/px4_msgs/include/px4_msgs/px4_msgs/msg/detail/parameter_reset_request__rosidl_typesupport_fastrtps_c.h\n'}
[1.379525] (px4_msgs) StdoutLine: {'line': b'-- Up-to-date: /home/mcfb/ros2_ws/install/px4_msgs/include/px4_msgs/px4_msgs/msg/detail/debug_vect__rosidl_typesupport_fastrtps_c.h\n'}
[1.379568] (px4_msgs) StdoutLine: {'line': b'-- Up-to-date: /home/mcfb/ros2_ws/install/px4_msgs/include/px4_msgs/px4_msgs/msg/detail/landing_target_pose__rosidl_typesupport_fastrtps_c.h\n'}
[1.379611] (px4_msgs) StdoutLine: {'line': b'-- Up-to-date: /home/mcfb/ros2_ws/install/px4_msgs/include/px4_msgs/px4_msgs/msg/detail/gps_dump__rosidl_typesupport_fastrtps_c.h\n'}
[1.379652] (px4_msgs) StdoutLine: {'line': b'-- Up-to-date: /home/mcfb/ros2_ws/install/px4_msgs/include/px4_msgs/px4_msgs/msg/detail/px4io_status__rosidl_typesupport_fastrtps_c.h\n'}
[1.379691] (px4_msgs) StdoutLine: {'line': b'-- Up-to-date: /home/mcfb/ros2_ws/install/px4_msgs/include/px4_msgs/px4_msgs/msg/detail/sensor_combined__rosidl_typesupport_fastrtps_c.h\n'}
[1.379732] (px4_msgs) StdoutLine: {'line': b'-- Up-to-date: /home/mcfb/ros2_ws/install/px4_msgs/include/px4_msgs/px4_msgs/msg/detail/camera_status__rosidl_typesupport_fastrtps_c.h\n'}
[1.379772] (px4_msgs) StdoutLine: {'line': b'-- Up-to-date: /home/mcfb/ros2_ws/install/px4_msgs/include/px4_msgs/px4_msgs/msg/detail/pure_pursuit_status__rosidl_typesupport_fastrtps_c.h\n'}
[1.379813] (px4_msgs) StdoutLine: {'line': b'-- Up-to-date: /home/mcfb/ros2_ws/install/px4_msgs/include/px4_msgs/px4_msgs/msg/detail/arming_check_request__rosidl_typesupport_fastrtps_c.h\n'}
[1.379862] (px4_msgs) StdoutLine: {'line': b'-- Up-to-date: /home/mcfb/ros2_ws/install/px4_msgs/include/px4_msgs/px4_msgs/msg/detail/ulog_stream__rosidl_typesupport_fastrtps_c.h\n'}
[1.379904] (px4_msgs) StdoutLine: {'line': b'-- Up-to-date: /home/mcfb/ros2_ws/install/px4_msgs/include/px4_msgs/px4_msgs/msg/detail/sensor_gyro_fft__rosidl_typesupport_fastrtps_c.h\n'}
[1.379945] (px4_msgs) StdoutLine: {'line': b'-- Up-to-date: /home/mcfb/ros2_ws/install/px4_msgs/include/px4_msgs/px4_msgs/msg/detail/follow_target_status__rosidl_typesupport_fastrtps_c.h\n'}
[1.379990] (px4_msgs) StdoutLine: {'line': b'-- Up-to-date: /home/mcfb/ros2_ws/install/px4_msgs/include/px4_msgs/px4_msgs/msg/detail/velocity_limits__rosidl_typesupport_fastrtps_c.h\n'}
[1.380031] (px4_msgs) StdoutLine: {'line': b'-- Up-to-date: /home/mcfb/ros2_ws/install/px4_msgs/include/px4_msgs/px4_msgs/msg/detail/register_ext_component_reply__rosidl_typesupport_fastrtps_c.h\n'}
[1.380071] (px4_msgs) StdoutLine: {'line': b'-- Up-to-date: /home/mcfb/ros2_ws/install/px4_msgs/include/px4_msgs/px4_msgs/msg/detail/rover_speed_setpoint__rosidl_typesupport_fastrtps_c.h\n'}
[1.380110] (px4_msgs) StdoutLine: {'line': b'-- Up-to-date: /home/mcfb/ros2_ws/install/px4_msgs/include/px4_msgs/px4_msgs/msg/detail/ulog_stream_ack__rosidl_typesupport_fastrtps_c.h\n'}
[1.380149] (px4_msgs) StdoutLine: {'line': b'-- Up-to-date: /home/mcfb/ros2_ws/install/px4_msgs/include/px4_msgs/px4_msgs/msg/detail/sensor_hygrometer__rosidl_typesupport_fastrtps_c.h\n'}
[1.380188] (px4_msgs) StdoutLine: {'line': b'-- Up-to-date: /home/mcfb/ros2_ws/install/px4_msgs/include/px4_msgs/px4_msgs/msg/detail/actuator_test__rosidl_typesupport_fastrtps_c.h\n'}
[1.380227] (px4_msgs) StdoutLine: {'line': b'-- Up-to-date: /home/mcfb/ros2_ws/install/px4_msgs/include/px4_msgs/px4_msgs/msg/detail/gimbal_device_information__rosidl_typesupport_fastrtps_c.h\n'}
[1.380268] (px4_msgs) StdoutLine: {'line': b'-- Up-to-date: /home/mcfb/ros2_ws/install/px4_msgs/include/px4_msgs/px4_msgs/msg/detail/sensor_optical_flow__rosidl_typesupport_fastrtps_c.h\n'}
[1.380306] (px4_msgs) StdoutLine: {'line': b'-- Up-to-date: /home/mcfb/ros2_ws/install/px4_msgs/include/px4_msgs/px4_msgs/msg/detail/position_setpoint__rosidl_typesupport_fastrtps_c.h\n'}
[1.380344] (px4_msgs) StdoutLine: {'line': b'-- Up-to-date: /home/mcfb/ros2_ws/install/px4_msgs/include/px4_msgs/px4_msgs/msg/detail/actuator_controls_status__rosidl_typesupport_fastrtps_c.h\n'}
[1.380382] (px4_msgs) StdoutLine: {'line': b'-- Up-to-date: /home/mcfb/ros2_ws/install/px4_msgs/include/px4_msgs/px4_msgs/msg/detail/sensor_preflight_mag__rosidl_typesupport_fastrtps_c.h\n'}
[1.380419] (px4_msgs) StdoutLine: {'line': b'-- Up-to-date: /home/mcfb/ros2_ws/install/px4_msgs/include/px4_msgs/px4_msgs/msg/detail/mount_orientation__rosidl_typesupport_fastrtps_c.h\n'}
[1.380457] (px4_msgs) StdoutLine: {'line': b'-- Up-to-date: /home/mcfb/ros2_ws/install/px4_msgs/include/px4_msgs/px4_msgs/msg/detail/radio_status__rosidl_typesupport_fastrtps_c.h\n'}
[1.380496] (px4_msgs) StdoutLine: {'line': b'-- Up-to-date: /home/mcfb/ros2_ws/install/px4_msgs/include/px4_msgs/px4_msgs/msg/detail/sensor_uwb__rosidl_typesupport_fastrtps_c.h\n'}
[1.380535] (px4_msgs) StdoutLine: {'line': b'-- Up-to-date: /home/mcfb/ros2_ws/install/px4_msgs/include/px4_msgs/px4_msgs/msg/detail/actuator_motors__rosidl_typesupport_fastrtps_c.h\n'}
[1.380573] (px4_msgs) StdoutLine: {'line': b'-- Up-to-date: /home/mcfb/ros2_ws/install/px4_msgs/include/px4_msgs/px4_msgs/msg/detail/rover_attitude_setpoint__rosidl_typesupport_fastrtps_c.h\n'}
[1.380614] (px4_msgs) StdoutLine: {'line': b'-- Up-to-date: /home/mcfb/ros2_ws/install/px4_msgs/include/px4_msgs/px4_msgs/msg/detail/orbit_status__rosidl_typesupport_fastrtps_c.h\n'}
[1.380658] (px4_msgs) StdoutLine: {'line': b'-- Up-to-date: /home/mcfb/ros2_ws/install/px4_msgs/include/px4_msgs/px4_msgs/msg/detail/vehicle_magnetometer__rosidl_typesupport_fastrtps_c.h\n'}
[1.380697] (px4_msgs) StdoutLine: {'line': b'-- Up-to-date: /home/mcfb/ros2_ws/install/px4_msgs/include/px4_msgs/px4_msgs/msg/detail/dataman_request__rosidl_typesupport_fastrtps_c.h\n'}
[1.380736] (px4_msgs) StdoutLine: {'line': b'-- Up-to-date: /home/mcfb/ros2_ws/install/px4_msgs/include/px4_msgs/px4_msgs/msg/detail/parameter_set_value_response__rosidl_typesupport_fastrtps_c.h\n'}
[1.380775] (px4_msgs) StdoutLine: {'line': b'-- Up-to-date: /home/mcfb/ros2_ws/install/px4_msgs/include/px4_msgs/px4_msgs/msg/detail/fixed_wing_runway_control__rosidl_typesupport_fastrtps_c.h\n'}
[1.380813] (px4_msgs) StdoutLine: {'line': b'-- Up-to-date: /home/mcfb/ros2_ws/install/px4_msgs/include/px4_msgs/px4_msgs/msg/detail/actuator_outputs__rosidl_typesupport_fastrtps_c.h\n'}
[1.380860] (px4_msgs) StdoutLine: {'line': b'-- Up-to-date: /home/mcfb/ros2_ws/install/px4_msgs/include/px4_msgs/px4_msgs/msg/detail/actuator_armed__rosidl_typesupport_fastrtps_c.h\n'}
[1.380900] (px4_msgs) StdoutLine: {'line': b'-- Up-to-date: /home/mcfb/ros2_ws/install/px4_msgs/include/px4_msgs/px4_msgs/msg/detail/rover_position_setpoint__rosidl_typesupport_fastrtps_c.h\n'}
[1.380937] (px4_msgs) StdoutLine: {'line': b'-- Up-to-date: /home/mcfb/ros2_ws/install/px4_msgs/include/px4_msgs/px4_msgs/msg/detail/vehicle_optical_flow__rosidl_typesupport_fastrtps_c.h\n'}
[1.380977] (px4_msgs) StdoutLine: {'line': b'-- Up-to-date: /home/mcfb/ros2_ws/install/px4_msgs/include/px4_msgs/px4_msgs/msg/detail/airspeed_wind__rosidl_typesupport_fastrtps_c.h\n'}
[1.381016] (px4_msgs) StdoutLine: {'line': b'-- Up-to-date: /home/mcfb/ros2_ws/install/px4_msgs/include/px4_msgs/px4_msgs/msg/detail/orb_test__rosidl_typesupport_fastrtps_c.h\n'}
[1.381057] (px4_msgs) StdoutLine: {'line': b'-- Up-to-date: /home/mcfb/ros2_ws/install/px4_msgs/include/px4_msgs/px4_msgs/msg/detail/open_drone_id_system__rosidl_typesupport_fastrtps_c.h\n'}
[1.381097] (px4_msgs) StdoutLine: {'line': b'-- Up-to-date: /home/mcfb/ros2_ws/install/px4_msgs/include/px4_msgs/px4_msgs/msg/detail/vehicle_command__rosidl_typesupport_fastrtps_c.h\n'}
[1.381136] (px4_msgs) StdoutLine: {'line': b'-- Up-to-date: /home/mcfb/ros2_ws/install/px4_msgs/include/px4_msgs/px4_msgs/msg/detail/power_button_state__rosidl_typesupport_fastrtps_c.h\n'}
[1.381175] (px4_msgs) StdoutLine: {'line': b'-- Up-to-date: /home/mcfb/ros2_ws/install/px4_msgs/include/px4_msgs/px4_msgs/msg/detail/sensor_correction__rosidl_typesupport_fastrtps_c.h\n'}
[1.381214] (px4_msgs) StdoutLine: {'line': b'-- Up-to-date: /home/mcfb/ros2_ws/install/px4_msgs/include/px4_msgs/px4_msgs/msg/detail/message_format_request__rosidl_typesupport_fastrtps_c.h\n'}
[1.381254] (px4_msgs) StdoutLine: {'line': b'-- Up-to-date: /home/mcfb/ros2_ws/install/px4_msgs/include/px4_msgs/px4_msgs/msg/detail/sensors_status__rosidl_typesupport_fastrtps_c.h\n'}
[1.381294] (px4_msgs) StdoutLine: {'line': b'-- Up-to-date: /home/mcfb/ros2_ws/install/px4_msgs/include/px4_msgs/px4_msgs/msg/detail/open_drone_id_self_id__rosidl_typesupport_fastrtps_c.h\n'}
[1.381333] (px4_msgs) StdoutLine: {'line': b'-- Up-to-date: /home/mcfb/ros2_ws/install/px4_msgs/include/px4_msgs/px4_msgs/msg/detail/vehicle_control_mode__rosidl_typesupport_fastrtps_c.h\n'}
[1.381372] (px4_msgs) StdoutLine: {'line': b'-- Up-to-date: /home/mcfb/ros2_ws/install/px4_msgs/include/px4_msgs/px4_msgs/msg/detail/rc_parameter_map__rosidl_typesupport_fastrtps_c.h\n'}
[1.381409] (px4_msgs) StdoutLine: {'line': b'-- Up-to-date: /home/mcfb/ros2_ws/install/px4_msgs/include/px4_msgs/px4_msgs/msg/detail/rover_rate_status__rosidl_typesupport_fastrtps_c.h\n'}
[1.381448] (px4_msgs) StdoutLine: {'line': b'-- Up-to-date: /home/mcfb/ros2_ws/install/px4_msgs/include/px4_msgs/px4_msgs/msg/detail/fixed_wing_lateral_guidance_status__rosidl_typesupport_fastrtps_c.h\n'}
[1.381488] (px4_msgs) StdoutLine: {'line': b'-- Up-to-date: /home/mcfb/ros2_ws/install/px4_msgs/include/px4_msgs/px4_msgs/msg/detail/rc_channels__rosidl_typesupport_fastrtps_c.h\n'}
[1.381527] (px4_msgs) StdoutLine: {'line': b'-- Up-to-date: /home/mcfb/ros2_ws/install/px4_msgs/include/px4_msgs/px4_msgs/msg/detail/button_event__rosidl_typesupport_fastrtps_c.h\n'}
[1.381566] (px4_msgs) StdoutLine: {'line': b'-- Up-to-date: /home/mcfb/ros2_ws/install/px4_msgs/include/px4_msgs/px4_msgs/msg/detail/navigator_status__rosidl_typesupport_fastrtps_c.h\n'}
[1.381604] (px4_msgs) StdoutLine: {'line': b'-- Up-to-date: /home/mcfb/ros2_ws/install/px4_msgs/include/px4_msgs/px4_msgs/msg/detail/vehicle_attitude_setpoint__rosidl_typesupport_fastrtps_c.h\n'}
[1.381642] (px4_msgs) StdoutLine: {'line': b'-- Up-to-date: /home/mcfb/ros2_ws/install/px4_msgs/include/px4_msgs/px4_msgs/msg/detail/gimbal_device_set_attitude__rosidl_typesupport_fastrtps_c.h\n'}
[1.381679] (px4_msgs) StdoutLine: {'line': b'-- Up-to-date: /home/mcfb/ros2_ws/install/px4_msgs/include/px4_msgs/px4_msgs/msg/detail/rover_speed_status__rosidl_typesupport_fastrtps_c.h\n'}
[1.381716] (px4_msgs) StdoutLine: {'line': b'-- Up-to-date: /home/mcfb/ros2_ws/install/px4_msgs/include/px4_msgs/px4_msgs/msg/detail/rtl_status__rosidl_typesupport_fastrtps_c.h\n'}
[1.381753] (px4_msgs) StdoutLine: {'line': b'-- Up-to-date: /home/mcfb/ros2_ws/install/px4_msgs/include/px4_msgs/px4_msgs/msg/detail/follow_target__rosidl_typesupport_fastrtps_c.h\n'}
[1.381795] (px4_msgs) StdoutLine: {'line': b'-- Up-to-date: /home/mcfb/ros2_ws/install/px4_msgs/include/px4_msgs/px4_msgs/msg/detail/estimator_innovations__rosidl_typesupport_fastrtps_c.h\n'}
[1.381837] (px4_msgs) StdoutLine: {'line': b'-- Up-to-date: /home/mcfb/ros2_ws/install/px4_msgs/include/px4_msgs/px4_msgs/msg/detail/iridiumsbd_status__rosidl_typesupport_fastrtps_c.h\n'}
[1.381884] (px4_msgs) StdoutLine: {'line': b'-- Up-to-date: /home/mcfb/ros2_ws/install/px4_msgs/include/px4_msgs/px4_msgs/msg/detail/sensor_gyro__rosidl_typesupport_fastrtps_c.h\n'}
[1.381940] (px4_msgs) StdoutLine: {'line': b'-- Up-to-date: /home/mcfb/ros2_ws/install/px4_msgs/include/px4_msgs/px4_msgs/msg/detail/landing_target_innovations__rosidl_typesupport_fastrtps_c.h\n'}
[1.381989] (px4_msgs) StdoutLine: {'line': b'-- Up-to-date: /home/mcfb/ros2_ws/install/px4_msgs/include/px4_msgs/px4_msgs/msg/detail/manual_control_switches__rosidl_typesupport_fastrtps_c.h\n'}
[1.382038] (px4_msgs) StdoutLine: {'line': b'-- Up-to-date: /home/mcfb/ros2_ws/install/px4_msgs/include/px4_msgs/px4_msgs/msg/detail/cpuload__rosidl_typesupport_fastrtps_c.h\n'}
[1.382080] (px4_msgs) StdoutLine: {'line': b'-- Up-to-date: /home/mcfb/ros2_ws/install/px4_msgs/include/px4_msgs/px4_msgs/msg/detail/trajectory_setpoint6dof__rosidl_typesupport_fastrtps_c.h\n'}
[1.382122] (px4_msgs) StdoutLine: {'line': b'-- Up-to-date: /home/mcfb/ros2_ws/install/px4_msgs/include/px4_msgs/px4_msgs/msg/detail/position_controller_status__rosidl_typesupport_fastrtps_c.h\n'}
[1.382162] (px4_msgs) StdoutLine: {'line': b'-- Up-to-date: /home/mcfb/ros2_ws/install/px4_msgs/include/px4_msgs/px4_msgs/msg/detail/power_monitor__rosidl_typesupport_fastrtps_c.h\n'}
[1.382211] (px4_msgs) StdoutLine: {'line': b'-- Up-to-date: /home/mcfb/ros2_ws/install/px4_msgs/include/px4_msgs/px4_msgs/msg/detail/estimator_status_flags__rosidl_typesupport_fastrtps_c.h\n'}
[1.382267] (px4_msgs) StdoutLine: {'line': b'-- Up-to-date: /home/mcfb/ros2_ws/install/px4_msgs/include/px4_msgs/px4_msgs/msg/detail/orb_test_large__rosidl_typesupport_fastrtps_c.h\n'}
[1.382327] (px4_msgs) StdoutLine: {'line': b'-- Up-to-date: /home/mcfb/ros2_ws/install/px4_msgs/include/px4_msgs/px4_msgs/msg/detail/longitudinal_control_configuration__rosidl_typesupport_fastrtps_c.h\n'}
[1.382382] (px4_msgs) StdoutLine: {'line': b'-- Up-to-date: /home/mcfb/ros2_ws/install/px4_msgs/include/px4_msgs/px4_msgs/msg/detail/satellite_info__rosidl_typesupport_fastrtps_c.h\n'}
[1.382446] (px4_msgs) StdoutLine: {'line': b'-- Up-to-date: /home/mcfb/ros2_ws/install/px4_msgs/include/px4_msgs/px4_msgs/msg/detail/launch_detection_status__rosidl_typesupport_fastrtps_c.h\n'}
[1.382506] (px4_msgs) StdoutLine: {'line': b'-- Up-to-date: /home/mcfb/ros2_ws/install/px4_msgs/include/px4_msgs/px4_msgs/msg/detail/failure_detector_status__rosidl_typesupport_fastrtps_c.h\n'}
[1.382549] (px4_msgs) StdoutLine: {'line': b'-- Up-to-date: /home/mcfb/ros2_ws/install/px4_msgs/include/px4_msgs/px4_msgs/msg/detail/esc_report__rosidl_typesupport_fastrtps_c.h\n'}
[1.382626] (px4_msgs) StdoutLine: {'line': b'-- Up-to-date: /home/mcfb/ros2_ws/install/px4_msgs/include/px4_msgs/px4_msgs/msg/detail/gpio_config__rosidl_typesupport_fastrtps_c.h\n'}
[1.382778] (px4_msgs) StdoutLine: {'line': b'-- Up-to-date: /home/mcfb/ros2_ws/install/px4_msgs/include/px4_msgs/px4_msgs/msg/detail/battery_status__rosidl_typesupport_fastrtps_c.h\n'}
[1.382847] (px4_msgs) StdoutLine: {'line': b'-- Up-to-date: /home/mcfb/ros2_ws/install/px4_msgs/include/px4_msgs/px4_msgs/msg/detail/flight_phase_estimation__rosidl_typesupport_fastrtps_c.h\n'}
[1.382926] (px4_msgs) StdoutLine: {'line': b'-- Up-to-date: /home/mcfb/ros2_ws/install/px4_msgs/include/px4_msgs/px4_msgs/msg/detail/yaw_estimator_status__rosidl_typesupport_fastrtps_c.h\n'}
[1.382987] (px4_msgs) StdoutLine: {'line': b'-- Up-to-date: /home/mcfb/ros2_ws/install/px4_msgs/include/px4_msgs/px4_msgs/msg/detail/ping__rosidl_typesupport_fastrtps_c.h\n'}
[1.383030] (px4_msgs) StdoutLine: {'line': b'-- Up-to-date: /home/mcfb/ros2_ws/install/px4_msgs/include/px4_msgs/px4_msgs/msg/detail/autotune_attitude_control_status__rosidl_typesupport_fastrtps_c.h\n'}
[1.383069] (px4_msgs) StdoutLine: {'line': b'-- Up-to-date: /home/mcfb/ros2_ws/install/px4_msgs/include/px4_msgs/px4_msgs/msg/detail/esc_status__rosidl_typesupport_fastrtps_c.h\n'}
[1.383111] (px4_msgs) StdoutLine: {'line': b'-- Up-to-date: /home/mcfb/ros2_ws/install/px4_msgs/include/px4_msgs/px4_msgs/msg/detail/rover_rate_setpoint__rosidl_typesupport_fastrtps_c.h\n'}
[1.383165] (px4_msgs) StdoutLine: {'line': b'-- Up-to-date: /home/mcfb/ros2_ws/install/px4_msgs/include/px4_msgs/px4_msgs/msg/detail/qshell_retval__rosidl_typesupport_fastrtps_c.h\n'}
[1.383221] (px4_msgs) StdoutLine: {'line': b'-- Up-to-date: /home/mcfb/ros2_ws/install/px4_msgs/include/px4_msgs/px4_msgs/msg/detail/qshell_req__rosidl_typesupport_fastrtps_c.h\n'}
[1.383287] (px4_msgs) StdoutLine: {'line': b'-- Up-to-date: /home/mcfb/ros2_ws/install/px4_msgs/include/px4_msgs/px4_msgs/msg/detail/rpm__rosidl_typesupport_fastrtps_c.h\n'}
[1.383346] (px4_msgs) StdoutLine: {'line': b'-- Up-to-date: /home/mcfb/ros2_ws/install/px4_msgs/include/px4_msgs/px4_msgs/msg/detail/rover_throttle_setpoint__rosidl_typesupport_fastrtps_c.h\n'}
[1.383510] (px4_msgs) StdoutLine: {'line': b'-- Up-to-date: /home/mcfb/ros2_ws/install/px4_msgs/include/px4_msgs/px4_msgs/msg/detail/sensor_baro__rosidl_typesupport_fastrtps_c.h\n'}
[1.383642] (px4_msgs) StdoutLine: {'line': b'-- Up-to-date: /home/mcfb/ros2_ws/install/px4_msgs/include/px4_msgs/px4_msgs/msg/detail/health_report__rosidl_typesupport_fastrtps_c.h\n'}
[1.383758] (px4_msgs) StdoutLine: {'line': b'-- Up-to-date: /home/mcfb/ros2_ws/install/px4_msgs/include/px4_msgs/px4_msgs/msg/detail/dataman_response__rosidl_typesupport_fastrtps_c.h\n'}
[1.383838] (px4_msgs) StdoutLine: {'line': b'-- Up-to-date: /home/mcfb/ros2_ws/install/px4_msgs/include/px4_msgs/px4_msgs/msg/detail/rover_steering_setpoint__rosidl_typesupport_fastrtps_c.h\n'}
[1.383899] (px4_msgs) StdoutLine: {'line': b'-- Up-to-date: /home/mcfb/ros2_ws/install/px4_msgs/include/px4_msgs/px4_msgs/msg/detail/cellular_status__rosidl_typesupport_fastrtps_c.h\n'}
[1.384064] (px4_msgs) StdoutLine: {'line': b'-- Up-to-date: /home/mcfb/ros2_ws/install/px4_msgs/include/px4_msgs/px4_msgs/msg/detail/transponder_report__rosidl_typesupport_fastrtps_c.h\n'}
[1.384138] (px4_msgs) StdoutLine: {'line': b'-- Up-to-date: /home/mcfb/ros2_ws/install/px4_msgs/include/px4_msgs/px4_msgs/msg/detail/position_setpoint_triplet__rosidl_typesupport_fastrtps_c.h\n'}
[1.384197] (px4_msgs) StdoutLine: {'line': b'-- Up-to-date: /home/mcfb/ros2_ws/install/px4_msgs/include/px4_msgs/px4_msgs/msg/detail/wheel_encoders__rosidl_typesupport_fastrtps_c.h\n'}
[1.384276] (px4_msgs) StdoutLine: {'line': b'-- Up-to-date: /home/mcfb/ros2_ws/install/px4_msgs/include/px4_msgs/px4_msgs/msg/detail/debug_value__rosidl_typesupport_fastrtps_c.h\n'}
[1.384338] (px4_msgs) StdoutLine: {'line': b'-- Up-to-date: /home/mcfb/ros2_ws/install/px4_msgs/include/px4_msgs/px4_msgs/msg/detail/tune_control__rosidl_typesupport_fastrtps_c.h\n'}
[1.384382] (px4_msgs) StdoutLine: {'line': b'-- Up-to-date: /home/mcfb/ros2_ws/install/px4_msgs/include/px4_msgs/px4_msgs/msg/detail/sensor_accel_fifo__rosidl_typesupport_fastrtps_c.h\n'}
[1.384421] (px4_msgs) StdoutLine: {'line': b'-- Up-to-date: /home/mcfb/ros2_ws/install/px4_msgs/include/px4_msgs/px4_msgs/msg/detail/vehicle_constraints__rosidl_typesupport_fastrtps_c.h\n'}
[1.384457] (px4_msgs) StdoutLine: {'line': b'-- Up-to-date: /home/mcfb/ros2_ws/install/px4_msgs/include/px4_msgs/px4_msgs/msg/detail/estimator_aid_source2d__rosidl_typesupport_fastrtps_c.h\n'}
[1.384505] (px4_msgs) StdoutLine: {'line': b'-- Up-to-date: /home/mcfb/ros2_ws/install/px4_msgs/include/px4_msgs/px4_msgs/msg/detail/unregister_ext_component__rosidl_typesupport_fastrtps_c.h\n'}
[1.384557] (px4_msgs) StdoutLine: {'line': b'-- Up-to-date: /home/mcfb/ros2_ws/install/px4_msgs/include/px4_msgs/px4_msgs/msg/detail/vehicle_thrust_setpoint__rosidl_typesupport_fastrtps_c.h\n'}
[1.384595] (px4_msgs) StdoutLine: {'line': b'-- Up-to-date: /home/mcfb/ros2_ws/install/px4_msgs/include/px4_msgs/px4_msgs/msg/detail/vehicle_global_position__rosidl_typesupport_fastrtps_c.h\n'}
[1.384630] (px4_msgs) StdoutLine: {'line': b'-- Up-to-date: /home/mcfb/ros2_ws/install/px4_msgs/include/px4_msgs/px4_msgs/msg/detail/pwm_input__rosidl_typesupport_fastrtps_c.h\n'}
[1.384677] (px4_msgs) StdoutLine: {'line': b'-- Up-to-date: /home/mcfb/ros2_ws/install/px4_msgs/include/px4_msgs/px4_msgs/msg/detail/vehicle_angular_velocity__rosidl_typesupport_fastrtps_c.h\n'}
[1.384732] (px4_msgs) StdoutLine: {'line': b'-- Up-to-date: /home/mcfb/ros2_ws/install/px4_msgs/include/px4_msgs/px4_msgs/msg/detail/gimbal_manager_status__rosidl_typesupport_fastrtps_c.h\n'}
[1.384789] (px4_msgs) StdoutLine: {'line': b'-- Up-to-date: /home/mcfb/ros2_ws/install/px4_msgs/include/px4_msgs/px4_msgs/msg/detail/follow_target_estimator__rosidl_typesupport_fastrtps_c.h\n'}
[1.384846] (px4_msgs) StdoutLine: {'line': b'-- Up-to-date: /home/mcfb/ros2_ws/install/px4_msgs/include/px4_msgs/px4_msgs/msg/detail/estimator_status__rosidl_typesupport_fastrtps_c.h\n'}
[1.384896] (px4_msgs) StdoutLine: {'line': b'-- Up-to-date: /home/mcfb/ros2_ws/install/px4_msgs/include/px4_msgs/px4_msgs/msg/detail/position_controller_landing_status__rosidl_typesupport_fastrtps_c.h\n'}
[1.384950] (px4_msgs) StdoutLine: {'line': b'-- Up-to-date: /home/mcfb/ros2_ws/install/px4_msgs/include/px4_msgs/px4_msgs/msg/detail/debug_array__rosidl_typesupport_fastrtps_c.h\n'}
[1.385002] (px4_msgs) StdoutLine: {'line': b'-- Up-to-date: /home/mcfb/ros2_ws/install/px4_msgs/include/px4_msgs/px4_msgs/msg/detail/input_rc__rosidl_typesupport_fastrtps_c.h\n'}
[1.385055] (px4_msgs) StdoutLine: {'line': b'-- Up-to-date: /home/mcfb/ros2_ws/install/px4_msgs/include/px4_msgs/px4_msgs/msg/detail/trajectory_setpoint__rosidl_typesupport_fastrtps_c.h\n'}
[1.385110] (px4_msgs) StdoutLine: {'line': b'-- Up-to-date: /home/mcfb/ros2_ws/install/px4_msgs/include/px4_msgs/px4_msgs/msg/detail/vehicle_air_data__rosidl_typesupport_fastrtps_c.h\n'}
[1.385149] (px4_msgs) StdoutLine: {'line': b'-- Up-to-date: /home/mcfb/ros2_ws/install/px4_msgs/include/px4_msgs/px4_msgs/msg/detail/gpio_out__rosidl_typesupport_fastrtps_c.h\n'}
[1.385196] (px4_msgs) StdoutLine: {'line': b'-- Up-to-date: /home/mcfb/ros2_ws/install/px4_msgs/include/px4_msgs/px4_msgs/msg/detail/distance_sensor_mode_change_request__rosidl_typesupport_fastrtps_c.h\n'}
[1.385262] (px4_msgs) StdoutLine: {'line': b'-- Up-to-date: /home/mcfb/ros2_ws/install/px4_msgs/include/px4_msgs/px4_msgs/msg/detail/camera_capture__rosidl_typesupport_fastrtps_c.h\n'}
[1.385297] (px4_msgs) StdoutLine: {'line': b'-- Up-to-date: /home/mcfb/ros2_ws/install/px4_msgs/include/px4_msgs/px4_msgs/msg/detail/goto_setpoint__rosidl_typesupport_fastrtps_c.h\n'}
[1.385335] (px4_msgs) StdoutLine: {'line': b'-- Up-to-date: /home/mcfb/ros2_ws/install/px4_msgs/include/px4_msgs/px4_msgs/msg/detail/pps_capture__rosidl_typesupport_fastrtps_c.h\n'}
[1.385374] (px4_msgs) StdoutLine: {'line': b'-- Up-to-date: /home/mcfb/ros2_ws/install/px4_msgs/include/px4_msgs/px4_msgs/msg/detail/internal_combustion_engine_control__rosidl_typesupport_fastrtps_c.h\n'}
[1.385422] (px4_msgs) StdoutLine: {'line': b'-- Up-to-date: /home/mcfb/ros2_ws/install/px4_msgs/include/px4_msgs/px4_msgs/msg/detail/estimator_bias3d__rosidl_typesupport_fastrtps_c.h\n'}
[1.385474] (px4_msgs) StdoutLine: {'line': b'-- Up-to-date: /home/mcfb/ros2_ws/install/px4_msgs/include/px4_msgs/px4_msgs/msg/detail/estimator_bias__rosidl_typesupport_fastrtps_c.h\n'}
[1.385522] (px4_msgs) StdoutLine: {'line': b'-- Up-to-date: /home/mcfb/ros2_ws/install/px4_msgs/include/px4_msgs/px4_msgs/msg/detail/manual_control_setpoint__rosidl_typesupport_fastrtps_c.h\n'}
[1.385572] (px4_msgs) StdoutLine: {'line': b'-- Up-to-date: /home/mcfb/ros2_ws/install/px4_msgs/include/px4_msgs/px4_msgs/msg/detail/adc_report__rosidl_typesupport_fastrtps_c.h\n'}
[1.385632] (px4_msgs) StdoutLine: {'line': b'-- Up-to-date: /home/mcfb/ros2_ws/install/px4_msgs/include/px4_msgs/px4_msgs/msg/detail/geofence_status__rosidl_typesupport_fastrtps_c.h\n'}
[1.385689] (px4_msgs) StdoutLine: {'line': b'-- Up-to-date: /home/mcfb/ros2_ws/install/px4_msgs/include/px4_msgs/px4_msgs/msg/detail/dronecan_node_status__rosidl_typesupport_fastrtps_c.h\n'}
[1.385741] (px4_msgs) StdoutLine: {'line': b'-- Up-to-date: /home/mcfb/ros2_ws/install/px4_msgs/include/px4_msgs/px4_msgs/msg/detail/gps_inject_data__rosidl_typesupport_fastrtps_c.h\n'}
[1.385777] (px4_msgs) StdoutLine: {'line': b'-- Up-to-date: /home/mcfb/ros2_ws/install/px4_msgs/include/px4_msgs/px4_msgs/msg/detail/event__rosidl_typesupport_fastrtps_c.h\n'}
[1.385814] (px4_msgs) StdoutLine: {'line': b'-- Up-to-date: /home/mcfb/ros2_ws/install/px4_msgs/include/px4_msgs/px4_msgs/msg/detail/gimbal_manager_information__rosidl_typesupport_fastrtps_c.h\n'}
[1.385865] (px4_msgs) StdoutLine: {'line': b'-- Up-to-date: /home/mcfb/ros2_ws/install/px4_msgs/include/px4_msgs/px4_msgs/msg/detail/lateral_control_configuration__rosidl_typesupport_fastrtps_c.h\n'}
[1.385906] (px4_msgs) StdoutLine: {'line': b'-- Up-to-date: /home/mcfb/ros2_ws/install/px4_msgs/include/px4_msgs/px4_msgs/msg/detail/message_format_response__rosidl_typesupport_fastrtps_c.h\n'}
[1.385943] (px4_msgs) StdoutLine: {'line': b'-- Up-to-date: /home/mcfb/ros2_ws/install/px4_msgs/include/px4_msgs/px4_msgs/msg/detail/rate_ctrl_status__rosidl_typesupport_fastrtps_c.h\n'}
[1.385983] (px4_msgs) StdoutLine: {'line': b'-- Up-to-date: /home/mcfb/ros2_ws/install/px4_msgs/include/px4_msgs/px4_msgs/msg/detail/vehicle_imu_status__rosidl_typesupport_fastrtps_c.h\n'}
[1.386037] (px4_msgs) StdoutLine: {'line': b'-- Up-to-date: /home/mcfb/ros2_ws/install/px4_msgs/include/px4_msgs/px4_msgs/msg/detail/offboard_control_mode__rosidl_typesupport_fastrtps_c.h\n'}
[1.386095] (px4_msgs) StdoutLine: {'line': b'-- Up-to-date: /home/mcfb/ros2_ws/install/px4_msgs/include/px4_msgs/px4_msgs/msg/detail/vehicle_optical_flow_vel__rosidl_typesupport_fastrtps_c.h\n'}
[1.386131] (px4_msgs) StdoutLine: {'line': b'-- Up-to-date: /home/mcfb/ros2_ws/install/px4_msgs/include/px4_msgs/px4_msgs/msg/detail/control_allocator_status__rosidl_typesupport_fastrtps_c.h\n'}
[1.386168] (px4_msgs) StdoutLine: {'line': b'-- Up-to-date: /home/mcfb/ros2_ws/install/px4_msgs/include/px4_msgs/px4_msgs/msg/detail/gimbal_manager_set_attitude__rosidl_typesupport_fastrtps_c.h\n'}
[1.386219] (px4_msgs) StdoutLine: {'line': b'-- Up-to-date: /home/mcfb/ros2_ws/install/px4_msgs/include/px4_msgs/px4_msgs/msg/detail/sensor_mag__rosidl_typesupport_fastrtps_c.h\n'}
[1.386256] (px4_msgs) StdoutLine: {'line': b'-- Up-to-date: /home/mcfb/ros2_ws/install/px4_msgs/include/px4_msgs/px4_msgs/msg/detail/vehicle_land_detected__rosidl_typesupport_fastrtps_c.h\n'}
[1.386303] (px4_msgs) StdoutLine: {'line': b'-- Up-to-date: /home/mcfb/ros2_ws/install/px4_msgs/include/px4_msgs/px4_msgs/msg/detail/action_request__rosidl_typesupport_fastrtps_c.h\n'}
[1.386339] (px4_msgs) StdoutLine: {'line': b'-- Up-to-date: /home/mcfb/ros2_ws/install/px4_msgs/include/px4_msgs/px4_msgs/msg/detail/distance_sensor__rosidl_typesupport_fastrtps_c.h\n'}
[1.386375] (px4_msgs) StdoutLine: {'line': b'-- Up-to-date: /home/mcfb/ros2_ws/install/px4_msgs/include/px4_msgs/px4_msgs/msg/detail/task_stack_info__rosidl_typesupport_fastrtps_c.h\n'}
[1.386411] (px4_msgs) StdoutLine: {'line': b'-- Up-to-date: /home/mcfb/ros2_ws/install/px4_msgs/include/px4_msgs/px4_msgs/msg/detail/logger_status__rosidl_typesupport_fastrtps_c.h\n'}
[1.386447] (px4_msgs) StdoutLine: {'line': b'-- Up-to-date: /home/mcfb/ros2_ws/install/px4_msgs/include/px4_msgs/px4_msgs/msg/detail/normalized_unsigned_setpoint__rosidl_typesupport_fastrtps_c.h\n'}
[1.386482] (px4_msgs) StdoutLine: {'line': b'-- Up-to-date: /home/mcfb/ros2_ws/install/px4_msgs/include/px4_msgs/px4_msgs/msg/detail/estimator_states__rosidl_typesupport_fastrtps_c.h\n'}
[1.386515] (px4_msgs) StdoutLine: {'line': b'-- Up-to-date: /home/mcfb/ros2_ws/install/px4_msgs/include/px4_msgs/px4_msgs/msg/detail/sensor_selection__rosidl_typesupport_fastrtps_c.h\n'}
[1.386550] (px4_msgs) StdoutLine: {'line': b'-- Up-to-date: /home/mcfb/ros2_ws/install/px4_msgs/include/px4_msgs/px4_msgs/msg/detail/vehicle_local_position_setpoint__rosidl_typesupport_fastrtps_c.h\n'}
[1.386586] (px4_msgs) StdoutLine: {'line': b'-- Up-to-date: /home/mcfb/ros2_ws/install/px4_msgs/include/px4_msgs/px4_msgs/msg/detail/vehicle_roi__rosidl_typesupport_fastrtps_c.h\n'}
[1.386645] (px4_msgs) StdoutLine: {'line': b'-- Up-to-date: /home/mcfb/ros2_ws/install/px4_msgs/include/px4_msgs/px4_msgs/msg/detail/parameter_update__rosidl_typesupport_fastrtps_c.h\n'}
[1.386696] (px4_msgs) StdoutLine: {'line': b'-- Up-to-date: /home/mcfb/ros2_ws/install/px4_msgs/include/px4_msgs/px4_msgs/msg/detail/mavlink_tunnel__rosidl_typesupport_fastrtps_c.h\n'}
[1.386748] (px4_msgs) StdoutLine: {'line': b'-- Up-to-date: /home/mcfb/ros2_ws/install/px4_msgs/include/px4_msgs/px4_msgs/msg/detail/magnetometer_bias_estimate__rosidl_typesupport_fastrtps_c.h\n'}
[1.386805] (px4_msgs) StdoutLine: {'line': b'-- Up-to-date: /home/mcfb/ros2_ws/install/px4_msgs/include/px4_msgs/px4_msgs/msg/detail/gimbal_controls__rosidl_typesupport_fastrtps_c.h\n'}
[1.386861] (px4_msgs) StdoutLine: {'line': b'-- Up-to-date: /home/mcfb/ros2_ws/install/px4_msgs/include/px4_msgs/px4_msgs/msg/detail/estimator_aid_source3d__rosidl_typesupport_fastrtps_c.h\n'}
[1.386901] (px4_msgs) StdoutLine: {'line': b'-- Up-to-date: /home/mcfb/ros2_ws/install/px4_msgs/include/px4_msgs/px4_msgs/msg/detail/ekf2_timestamps__rosidl_typesupport_fastrtps_c.h\n'}
[1.386935] (px4_msgs) StdoutLine: {'line': b'-- Up-to-date: /home/mcfb/ros2_ws/install/px4_msgs/include/px4_msgs/px4_msgs/msg/detail/gimbal_device_attitude_status__rosidl_typesupport_fastrtps_c.h\n'}
[1.386970] (px4_msgs) StdoutLine: {'line': b'-- Up-to-date: /home/mcfb/ros2_ws/install/px4_msgs/include/px4_msgs/px4_msgs/msg/detail/vehicle_torque_setpoint__rosidl_typesupport_fastrtps_c.h\n'}
[1.387007] (px4_msgs) StdoutLine: {'line': b'-- Up-to-date: /home/mcfb/ros2_ws/install/px4_msgs/include/px4_msgs/px4_msgs/msg/detail/sensor_gyro_fifo__rosidl_typesupport_fastrtps_c.h\n'}
[1.387060] (px4_msgs) StdoutLine: {'line': b'-- Up-to-date: /home/mcfb/ros2_ws/install/px4_msgs/include/px4_msgs/px4_msgs/msg/detail/can_interface_status__rosidl_typesupport_fastrtps_c.h\n'}
[1.387102] (px4_msgs) StdoutLine: {'line': b'-- Up-to-date: /home/mcfb/ros2_ws/install/px4_msgs/include/px4_msgs/px4_msgs/msg/detail/actuator_servos_trim__rosidl_typesupport_fastrtps_c.h\n'}
[1.387146] (px4_msgs) StdoutLine: {'line': b'-- Up-to-date: /home/mcfb/ros2_ws/install/px4_msgs/include/px4_msgs/px4_msgs/msg/detail/mode_completed__rosidl_typesupport_fastrtps_c.h\n'}
[1.387200] (px4_msgs) StdoutLine: {'line': b'-- Up-to-date: /home/mcfb/ros2_ws/install/px4_msgs/include/px4_msgs/px4_msgs/msg/detail/open_drone_id_operator_id__rosidl_typesupport_fastrtps_c.h\n'}
[1.387235] (px4_msgs) StdoutLine: {'line': b'-- Up-to-date: /home/mcfb/ros2_ws/install/px4_msgs/include/px4_msgs/px4_msgs/msg/detail/fuel_tank_status__rosidl_typesupport_fastrtps_c.h\n'}
[1.387268] (px4_msgs) StdoutLine: {'line': b'-- Up-to-date: /home/mcfb/ros2_ws/install/px4_msgs/include/px4_msgs/px4_msgs/msg/detail/sensors_status_imu__rosidl_typesupport_fastrtps_c.h\n'}
[1.387306] (px4_msgs) StdoutLine: {'line': b'-- Up-to-date: /home/mcfb/ros2_ws/install/px4_msgs/include/px4_msgs/px4_msgs/msg/detail/mission_result__rosidl_typesupport_fastrtps_c.h\n'}
[1.387351] (px4_msgs) StdoutLine: {'line': b'-- Up-to-date: /home/mcfb/ros2_ws/install/px4_msgs/include/px4_msgs/px4_msgs/msg/detail/uavcan_parameter_request__rosidl_typesupport_fastrtps_c.h\n'}
[1.387391] (px4_msgs) StdoutLine: {'line': b'-- Up-to-date: /home/mcfb/ros2_ws/install/px4_msgs/include/px4_msgs/px4_msgs/msg/detail/takeoff_status__rosidl_typesupport_fastrtps_c.h\n'}
[1.387429] (px4_msgs) StdoutLine: {'line': b'-- Up-to-date: /home/mcfb/ros2_ws/install/px4_msgs/include/px4_msgs/px4_msgs/msg/detail/parameter_set_value_request__rosidl_typesupport_fastrtps_c.h\n'}
[1.387464] (px4_msgs) StdoutLine: {'line': b'-- Up-to-date: /home/mcfb/ros2_ws/install/px4_msgs/include/px4_msgs/px4_msgs/msg/detail/debug_key_value__rosidl_typesupport_fastrtps_c.h\n'}
[1.387499] (px4_msgs) StdoutLine: {'line': b'-- Up-to-date: /home/mcfb/ros2_ws/install/px4_msgs/include/px4_msgs/px4_msgs/msg/detail/vehicle_attitude__rosidl_typesupport_fastrtps_c.h\n'}
[1.387533] (px4_msgs) StdoutLine: {'line': b'-- Up-to-date: /home/mcfb/ros2_ws/install/px4_msgs/include/px4_msgs/px4_msgs/msg/detail/estimator_gps_status__rosidl_typesupport_fastrtps_c.h\n'}
[1.387568] (px4_msgs) StdoutLine: {'line': b'-- Up-to-date: /home/mcfb/ros2_ws/install/px4_msgs/include/px4_msgs/px4_msgs/msg/detail/figure_eight_status__rosidl_typesupport_fastrtps_c.h\n'}
[1.387602] (px4_msgs) StdoutLine: {'line': b'-- Up-to-date: /home/mcfb/ros2_ws/install/px4_msgs/include/px4_msgs/px4_msgs/msg/detail/estimator_selector_status__rosidl_typesupport_fastrtps_c.h\n'}
[1.387641] (px4_msgs) StdoutLine: {'line': b'-- Up-to-date: /home/mcfb/ros2_ws/install/px4_msgs/include/px4_msgs/px4_msgs/msg/detail/vehicle_angular_acceleration_setpoint__rosidl_typesupport_fastrtps_c.h\n'}
[1.387675] (px4_msgs) StdoutLine: {'line': b'-- Up-to-date: /home/mcfb/ros2_ws/install/px4_msgs/include/px4_msgs/px4_msgs/msg/detail/home_position__rosidl_typesupport_fastrtps_c.h\n'}
[1.387709] (px4_msgs) StdoutLine: {'line': b'-- Up-to-date: /home/mcfb/ros2_ws/install/px4_msgs/include/px4_msgs/px4_msgs/msg/detail/vehicle_rates_setpoint__rosidl_typesupport_fastrtps_c.h\n'}
[1.387743] (px4_msgs) StdoutLine: {'line': b'-- Up-to-date: /home/mcfb/ros2_ws/install/px4_msgs/include/px4_msgs/px4_msgs/msg/detail/open_drone_id_arm_status__rosidl_typesupport_fastrtps_c.h\n'}
[1.387781] (px4_msgs) StdoutLine: {'line': b'-- Up-to-date: /home/mcfb/ros2_ws/install/px4_msgs/include/px4_msgs/px4_msgs/msg/detail/vehicle_acceleration__rosidl_typesupport_fastrtps_c.h\n'}
[1.387845] (px4_msgs) StdoutLine: {'line': b'-- Up-to-date: /home/mcfb/ros2_ws/install/px4_msgs/include/px4_msgs/px4_msgs/msg/detail/hover_thrust_estimate__rosidl_typesupport_fastrtps_c.h\n'}
[1.387892] (px4_msgs) StdoutLine: {'line': b'-- Up-to-date: /home/mcfb/ros2_ws/install/px4_msgs/include/px4_msgs/px4_msgs/msg/detail/vtol_vehicle_status__rosidl_typesupport_fastrtps_c.h\n'}
[1.387930] (px4_msgs) StdoutLine: {'line': b'-- Up-to-date: /home/mcfb/ros2_ws/install/px4_msgs/include/px4_msgs/px4_msgs/msg/detail/timesync_status__rosidl_typesupport_fastrtps_c.h\n'}
[1.387969] (px4_msgs) StdoutLine: {'line': b'-- Up-to-date: /home/mcfb/ros2_ws/install/px4_msgs/include/px4_msgs/px4_msgs/msg/detail/fixed_wing_longitudinal_setpoint__rosidl_typesupport_fastrtps_c.h\n'}
[1.388005] (px4_msgs) StdoutLine: {'line': b'-- Up-to-date: /home/mcfb/ros2_ws/install/px4_msgs/include/px4_msgs/px4_msgs/msg/detail/sensor_airflow__rosidl_typesupport_fastrtps_c.h\n'}
[1.388042] (px4_msgs) StdoutLine: {'line': b'-- Up-to-date: /home/mcfb/ros2_ws/install/px4_msgs/include/px4_msgs/px4_msgs/msg/detail/telemetry_status__rosidl_typesupport_fastrtps_c.h\n'}
[1.388077] (px4_msgs) StdoutLine: {'line': b'-- Up-to-date: /home/mcfb/ros2_ws/install/px4_msgs/include/px4_msgs/px4_msgs/msg/detail/mission__rosidl_typesupport_fastrtps_c.h\n'}
[1.388113] (px4_msgs) StdoutLine: {'line': b'-- Up-to-date: /home/mcfb/ros2_ws/install/px4_msgs/include/px4_msgs/px4_msgs/msg/detail/gimbal_manager_set_manual_control__rosidl_typesupport_fastrtps_c.h\n'}
[1.388147] (px4_msgs) StdoutLine: {'line': b'-- Up-to-date: /home/mcfb/ros2_ws/install/px4_msgs/include/px4_msgs/px4_msgs/msg/detail/gpio_request__rosidl_typesupport_fastrtps_c.h\n'}
[1.388181] (px4_msgs) StdoutLine: {'line': b'-- Up-to-date: /home/mcfb/ros2_ws/install/px4_msgs/include/px4_msgs/px4_msgs/msg/detail/system_power__rosidl_typesupport_fastrtps_c.h\n'}
[1.388216] (px4_msgs) StdoutLine: {'line': b'-- Up-to-date: /home/mcfb/ros2_ws/install/px4_msgs/include/px4_msgs/px4_msgs/msg/detail/neural_control__rosidl_typesupport_fastrtps_c.h\n'}
[1.388251] (px4_msgs) StdoutLine: {'line': b'-- Up-to-date: /home/mcfb/ros2_ws/install/px4_msgs/include/px4_msgs/px4_msgs/msg/detail/rover_attitude_status__rosidl_typesupport_fastrtps_c.h\n'}
[1.388285] (px4_msgs) StdoutLine: {'line': b'-- Up-to-date: /home/mcfb/ros2_ws/install/px4_msgs/include/px4_msgs/px4_msgs/msg/detail/register_ext_component_request__rosidl_typesupport_fastrtps_c.h\n'}
[1.388322] (px4_msgs) StdoutLine: {'line': b'-- Up-to-date: /home/mcfb/ros2_ws/install/px4_msgs/include/px4_msgs/px4_msgs/msg/detail/vehicle_imu__rosidl_typesupport_fastrtps_c.h\n'}
[1.388357] (px4_msgs) StdoutLine: {'line': b'-- Up-to-date: /home/mcfb/ros2_ws/install/px4_msgs/include/px4_msgs/px4_msgs/msg/detail/sensor_gnss_relative__rosidl_typesupport_fastrtps_c.h\n'}
[1.388392] (px4_msgs) StdoutLine: {'line': b'-- Up-to-date: /home/mcfb/ros2_ws/install/px4_msgs/include/px4_msgs/px4_msgs/msg/detail/obstacle_distance__rosidl_typesupport_fastrtps_c.h\n'}
[1.388428] (px4_msgs) StdoutLine: {'line': b'-- Up-to-date: /home/mcfb/ros2_ws/install/px4_msgs/include/px4_msgs/px4_msgs/msg/detail/estimator_event_flags__rosidl_typesupport_fastrtps_c.h\n'}
[1.388467] (px4_msgs) StdoutLine: {'line': b'-- Up-to-date: /home/mcfb/ros2_ws/install/px4_msgs/include/px4_msgs/px4_msgs/msg/rosidl_typesupport_fastrtps_c__visibility_control.h\n'}
[1.388503] (px4_msgs) StdoutLine: {'line': b'-- Up-to-date: /home/mcfb/ros2_ws/install/px4_msgs/lib/libpx4_msgs__rosidl_typesupport_fastrtps_c.so\n'}
[1.388539] (px4_msgs) StdoutLine: {'line': b'-- Up-to-date: /home/mcfb/ros2_ws/install/px4_msgs/include/px4_msgs/px4_msgs\n'}
[1.388573] (px4_msgs) StdoutLine: {'line': b'-- Up-to-date: /home/mcfb/ros2_ws/install/px4_msgs/include/px4_msgs/px4_msgs/srv\n'}
[1.388610] (px4_msgs) StdoutLine: {'line': b'-- Up-to-date: /home/mcfb/ros2_ws/install/px4_msgs/include/px4_msgs/px4_msgs/srv/detail\n'}
[1.388645] (px4_msgs) StdoutLine: {'line': b'-- Up-to-date: /home/mcfb/ros2_ws/install/px4_msgs/include/px4_msgs/px4_msgs/srv/detail/vehicle_command__type_support.hpp\n'}
[1.388682] (px4_msgs) StdoutLine: {'line': b'-- Up-to-date: /home/mcfb/ros2_ws/install/px4_msgs/include/px4_msgs/px4_msgs/srv/detail/vehicle_command__traits.hpp\n'}
[1.388716] (px4_msgs) StdoutLine: {'line': b'-- Up-to-date: /home/mcfb/ros2_ws/install/px4_msgs/include/px4_msgs/px4_msgs/srv/detail/vehicle_command__builder.hpp\n'}
[1.388750] (px4_msgs) StdoutLine: {'line': b'-- Up-to-date: /home/mcfb/ros2_ws/install/px4_msgs/include/px4_msgs/px4_msgs/srv/detail/vehicle_command__struct.hpp\n'}
[1.388783] (px4_msgs) StdoutLine: {'line': b'-- Up-to-date: /home/mcfb/ros2_ws/install/px4_msgs/include/px4_msgs/px4_msgs/srv/vehicle_command.hpp\n'}
[1.388817] (px4_msgs) StdoutLine: {'line': b'-- Up-to-date: /home/mcfb/ros2_ws/install/px4_msgs/include/px4_msgs/px4_msgs/msg\n'}
[1.388858] (px4_msgs) StdoutLine: {'line': b'-- Up-to-date: /home/mcfb/ros2_ws/install/px4_msgs/include/px4_msgs/px4_msgs/msg/estimator_status_flags.hpp\n'}
[1.388895] (px4_msgs) StdoutLine: {'line': b'-- Up-to-date: /home/mcfb/ros2_ws/install/px4_msgs/include/px4_msgs/px4_msgs/msg/estimator_aid_source3d.hpp\n'}
[1.388929] (px4_msgs) StdoutLine: {'line': b'-- Up-to-date: /home/mcfb/ros2_ws/install/px4_msgs/include/px4_msgs/px4_msgs/msg/fixed_wing_lateral_status.hpp\n'}
[1.388963] (px4_msgs) StdoutLine: {'line': b'-- Up-to-date: /home/mcfb/ros2_ws/install/px4_msgs/include/px4_msgs/px4_msgs/msg/fixed_wing_runway_control.hpp\n'}
[1.389000] (px4_msgs) StdoutLine: {'line': b'-- Up-to-date: /home/mcfb/ros2_ws/install/px4_msgs/include/px4_msgs/px4_msgs/msg/vehicle_rates_setpoint.hpp\n'}
[1.389038] (px4_msgs) StdoutLine: {'line': b'-- Up-to-date: /home/mcfb/ros2_ws/install/px4_msgs/include/px4_msgs/px4_msgs/msg/can_interface_status.hpp\n'}
[1.389072] (px4_msgs) StdoutLine: {'line': b'-- Up-to-date: /home/mcfb/ros2_ws/install/px4_msgs/include/px4_msgs/px4_msgs/msg/estimator_sensor_bias.hpp\n'}
[1.389107] (px4_msgs) StdoutLine: {'line': b'-- Up-to-date: /home/mcfb/ros2_ws/install/px4_msgs/include/px4_msgs/px4_msgs/msg/actuator_servos_trim.hpp\n'}
[1.389140] (px4_msgs) StdoutLine: {'line': b'-- Up-to-date: /home/mcfb/ros2_ws/install/px4_msgs/include/px4_msgs/px4_msgs/msg/figure_eight_status.hpp\n'}
[1.389174] (px4_msgs) StdoutLine: {'line': b'-- Up-to-date: /home/mcfb/ros2_ws/install/px4_msgs/include/px4_msgs/px4_msgs/msg/internal_combustion_engine_control.hpp\n'}
[1.389207] (px4_msgs) StdoutLine: {'line': b'-- Up-to-date: /home/mcfb/ros2_ws/install/px4_msgs/include/px4_msgs/px4_msgs/msg/parameter_reset_request.hpp\n'}
[1.389242] (px4_msgs) StdoutLine: {'line': b'-- Up-to-date: /home/mcfb/ros2_ws/install/px4_msgs/include/px4_msgs/px4_msgs/msg/position_controller_landing_status.hpp\n'}
[1.389275] (px4_msgs) StdoutLine: {'line': b'-- Up-to-date: /home/mcfb/ros2_ws/install/px4_msgs/include/px4_msgs/px4_msgs/msg/battery_status.hpp\n'}
[1.389308] (px4_msgs) StdoutLine: {'line': b'-- Up-to-date: /home/mcfb/ros2_ws/install/px4_msgs/include/px4_msgs/px4_msgs/msg/message_format_request.hpp\n'}
[1.389343] (px4_msgs) StdoutLine: {'line': b'-- Up-to-date: /home/mcfb/ros2_ws/install/px4_msgs/include/px4_msgs/px4_msgs/msg/open_drone_id_arm_status.hpp\n'}
[1.389380] (px4_msgs) StdoutLine: {'line': b'-- Up-to-date: /home/mcfb/ros2_ws/install/px4_msgs/include/px4_msgs/px4_msgs/msg/fixed_wing_longitudinal_setpoint.hpp\n'}
[1.389413] (px4_msgs) StdoutLine: {'line': b'-- Up-to-date: /home/mcfb/ros2_ws/install/px4_msgs/include/px4_msgs/px4_msgs/msg/sensor_gnss_status.hpp\n'}
[1.389448] (px4_msgs) StdoutLine: {'line': b'-- Up-to-date: /home/mcfb/ros2_ws/install/px4_msgs/include/px4_msgs/px4_msgs/msg/manual_control_switches.hpp\n'}
[1.389484] (px4_msgs) StdoutLine: {'line': b'-- Up-to-date: /home/mcfb/ros2_ws/install/px4_msgs/include/px4_msgs/px4_msgs/msg/rover_rate_status.hpp\n'}
[1.389517] (px4_msgs) StdoutLine: {'line': b'-- Up-to-date: /home/mcfb/ros2_ws/install/px4_msgs/include/px4_msgs/px4_msgs/msg/telemetry_status.hpp\n'}
[1.389551] (px4_msgs) StdoutLine: {'line': b'-- Up-to-date: /home/mcfb/ros2_ws/install/px4_msgs/include/px4_msgs/px4_msgs/msg/config_overrides.hpp\n'}
[1.389585] (px4_msgs) StdoutLine: {'line': b'-- Up-to-date: /home/mcfb/ros2_ws/install/px4_msgs/include/px4_msgs/px4_msgs/msg/health_report.hpp\n'}
[1.389619] (px4_msgs) StdoutLine: {'line': b'-- Up-to-date: /home/mcfb/ros2_ws/install/px4_msgs/include/px4_msgs/px4_msgs/msg/manual_control_setpoint.hpp\n'}
[1.389654] (px4_msgs) StdoutLine: {'line': b'-- Up-to-date: /home/mcfb/ros2_ws/install/px4_msgs/include/px4_msgs/px4_msgs/msg/qshell_req.hpp\n'}
[1.389691] (px4_msgs) StdoutLine: {'line': b'-- Up-to-date: /home/mcfb/ros2_ws/install/px4_msgs/include/px4_msgs/px4_msgs/msg/position_setpoint.hpp\n'}
[1.389729] (px4_msgs) StdoutLine: {'line': b'-- Up-to-date: /home/mcfb/ros2_ws/install/px4_msgs/include/px4_msgs/px4_msgs/msg/dronecan_node_status.hpp\n'}
[1.389772] (px4_msgs) StdoutLine: {'line': b'-- Up-to-date: /home/mcfb/ros2_ws/install/px4_msgs/include/px4_msgs/px4_msgs/msg/distance_sensor.hpp\n'}
[1.389818] (px4_msgs) StdoutLine: {'line': b'-- Up-to-date: /home/mcfb/ros2_ws/install/px4_msgs/include/px4_msgs/px4_msgs/msg/gimbal_controls.hpp\n'}
[1.389879] (px4_msgs) StdoutLine: {'line': b'-- Up-to-date: /home/mcfb/ros2_ws/install/px4_msgs/include/px4_msgs/px4_msgs/msg/home_position.hpp\n'}
[1.389945] (px4_msgs) StdoutLine: {'line': b'-- Up-to-date: /home/mcfb/ros2_ws/install/px4_msgs/include/px4_msgs/px4_msgs/msg/airspeed_wind.hpp\n'}
[1.390013] (px4_msgs) StdoutLine: {'line': b'-- Up-to-date: /home/mcfb/ros2_ws/install/px4_msgs/include/px4_msgs/px4_msgs/msg/adc_report.hpp\n'}
[1.390082] (px4_msgs) StdoutLine: {'line': b'-- Up-to-date: /home/mcfb/ros2_ws/install/px4_msgs/include/px4_msgs/px4_msgs/msg/landing_target_pose.hpp\n'}
[1.390142] (px4_msgs) StdoutLine: {'line': b'-- Up-to-date: /home/mcfb/ros2_ws/install/px4_msgs/include/px4_msgs/px4_msgs/msg/geofence_status.hpp\n'}
[1.390205] (px4_msgs) StdoutLine: {'line': b'-- Up-to-date: /home/mcfb/ros2_ws/install/px4_msgs/include/px4_msgs/px4_msgs/msg/gimbal_manager_set_manual_control.hpp\n'}
[1.390268] (px4_msgs) StdoutLine: {'line': b'-- Up-to-date: /home/mcfb/ros2_ws/install/px4_msgs/include/px4_msgs/px4_msgs/msg/ekf2_timestamps.hpp\n'}
[1.390330] (px4_msgs) StdoutLine: {'line': b'-- Up-to-date: /home/mcfb/ros2_ws/install/px4_msgs/include/px4_msgs/px4_msgs/msg/sensor_gps.hpp\n'}
[1.390394] (px4_msgs) StdoutLine: {'line': b'-- Up-to-date: /home/mcfb/ros2_ws/install/px4_msgs/include/px4_msgs/px4_msgs/msg/estimator_gps_status.hpp\n'}
[1.390457] (px4_msgs) StdoutLine: {'line': b'-- Up-to-date: /home/mcfb/ros2_ws/install/px4_msgs/include/px4_msgs/px4_msgs/msg/vehicle_imu_status.hpp\n'}
[1.390524] (px4_msgs) StdoutLine: {'line': b'-- Up-to-date: /home/mcfb/ros2_ws/install/px4_msgs/include/px4_msgs/px4_msgs/msg/mavlink_tunnel.hpp\n'}
[1.390591] (px4_msgs) StdoutLine: {'line': b'-- Up-to-date: /home/mcfb/ros2_ws/install/px4_msgs/include/px4_msgs/px4_msgs/msg/gimbal_manager_set_attitude.hpp\n'}
[1.390665] (px4_msgs) StdoutLine: {'line': b'-- Up-to-date: /home/mcfb/ros2_ws/install/px4_msgs/include/px4_msgs/px4_msgs/msg/transponder_report.hpp\n'}
[1.390736] (px4_msgs) StdoutLine: {'line': b'-- Up-to-date: /home/mcfb/ros2_ws/install/px4_msgs/include/px4_msgs/px4_msgs/msg/parameter_update.hpp\n'}
[1.390802] (px4_msgs) StdoutLine: {'line': b'-- Up-to-date: /home/mcfb/ros2_ws/install/px4_msgs/include/px4_msgs/px4_msgs/msg/obstacle_distance.hpp\n'}
[1.390872] (px4_msgs) StdoutLine: {'line': b'-- Up-to-date: /home/mcfb/ros2_ws/install/px4_msgs/include/px4_msgs/px4_msgs/msg/gps_dump.hpp\n'}
[1.390950] (px4_msgs) StdoutLine: {'line': b'-- Up-to-date: /home/mcfb/ros2_ws/install/px4_msgs/include/px4_msgs/px4_msgs/msg/mode_completed.hpp\n'}
[1.391027] (px4_msgs) StdoutLine: {'line': b'-- Up-to-date: /home/mcfb/ros2_ws/install/px4_msgs/include/px4_msgs/px4_msgs/msg/collision_constraints.hpp\n'}
[1.391099] (px4_msgs) StdoutLine: {'line': b'-- Up-to-date: /home/mcfb/ros2_ws/install/px4_msgs/include/px4_msgs/px4_msgs/msg/actuator_servos.hpp\n'}
[1.391164] (px4_msgs) StdoutLine: {'line': b'-- Up-to-date: /home/mcfb/ros2_ws/install/px4_msgs/include/px4_msgs/px4_msgs/msg/position_setpoint_triplet.hpp\n'}
[1.391231] (px4_msgs) StdoutLine: {'line': b'-- Up-to-date: /home/mcfb/ros2_ws/install/px4_msgs/include/px4_msgs/px4_msgs/msg/sensor_gyro_fifo.hpp\n'}
[1.391300] (px4_msgs) StdoutLine: {'line': b'-- Up-to-date: /home/mcfb/ros2_ws/install/px4_msgs/include/px4_msgs/px4_msgs/msg/actuator_motors.hpp\n'}
[1.391364] (px4_msgs) StdoutLine: {'line': b'-- Up-to-date: /home/mcfb/ros2_ws/install/px4_msgs/include/px4_msgs/px4_msgs/msg/follow_target_status.hpp\n'}
[1.391429] (px4_msgs) StdoutLine: {'line': b'-- Up-to-date: /home/mcfb/ros2_ws/install/px4_msgs/include/px4_msgs/px4_msgs/msg/sensor_baro.hpp\n'}
[1.391492] (px4_msgs) StdoutLine: {'line': b'-- Up-to-date: /home/mcfb/ros2_ws/install/px4_msgs/include/px4_msgs/px4_msgs/msg/gimbal_device_set_attitude.hpp\n'}
[1.391556] (px4_msgs) StdoutLine: {'line': b'-- Up-to-date: /home/mcfb/ros2_ws/install/px4_msgs/include/px4_msgs/px4_msgs/msg/arming_check_reply.hpp\n'}
[1.391627] (px4_msgs) StdoutLine: {'line': b'-- Up-to-date: /home/mcfb/ros2_ws/install/px4_msgs/include/px4_msgs/px4_msgs/msg/rover_speed_status.hpp\n'}
[1.391673] (px4_msgs) StdoutLine: {'line': b'-- Up-to-date: /home/mcfb/ros2_ws/install/px4_msgs/include/px4_msgs/px4_msgs/msg/sensor_airflow.hpp\n'}
[1.391714] (px4_msgs) StdoutLine: {'line': b'-- Up-to-date: /home/mcfb/ros2_ws/install/px4_msgs/include/px4_msgs/px4_msgs/msg/uavcan_parameter_value.hpp\n'}
[1.391756] (px4_msgs) StdoutLine: {'line': b'-- Up-to-date: /home/mcfb/ros2_ws/install/px4_msgs/include/px4_msgs/px4_msgs/msg/unregister_ext_component.hpp\n'}
[1.391796] (px4_msgs) StdoutLine: {'line': b'-- Up-to-date: /home/mcfb/ros2_ws/install/px4_msgs/include/px4_msgs/px4_msgs/msg/ulog_stream.hpp\n'}
[1.391843] (px4_msgs) StdoutLine: {'line': b'-- Up-to-date: /home/mcfb/ros2_ws/install/px4_msgs/include/px4_msgs/px4_msgs/msg/sensor_optical_flow.hpp\n'}
[1.391879] (px4_msgs) StdoutLine: {'line': b'-- Up-to-date: /home/mcfb/ros2_ws/install/px4_msgs/include/px4_msgs/px4_msgs/msg/arming_check_request.hpp\n'}
[1.391918] (px4_msgs) StdoutLine: {'line': b'-- Up-to-date: /home/mcfb/ros2_ws/install/px4_msgs/include/px4_msgs/px4_msgs/msg/sensor_accel_fifo.hpp\n'}
[1.391956] (px4_msgs) StdoutLine: {'line': b'-- Up-to-date: /home/mcfb/ros2_ws/install/px4_msgs/include/px4_msgs/px4_msgs/msg/task_stack_info.hpp\n'}
[1.391995] (px4_msgs) StdoutLine: {'line': b'-- Up-to-date: /home/mcfb/ros2_ws/install/px4_msgs/include/px4_msgs/px4_msgs/msg/rover_steering_setpoint.hpp\n'}
[1.392033] (px4_msgs) StdoutLine: {'line': b'-- Up-to-date: /home/mcfb/ros2_ws/install/px4_msgs/include/px4_msgs/px4_msgs/msg/rpm.hpp\n'}
[1.392074] (px4_msgs) StdoutLine: {'line': b'-- Up-to-date: /home/mcfb/ros2_ws/install/px4_msgs/include/px4_msgs/px4_msgs/msg/debug_vect.hpp\n'}
[1.392111] (px4_msgs) StdoutLine: {'line': b'-- Up-to-date: /home/mcfb/ros2_ws/install/px4_msgs/include/px4_msgs/px4_msgs/msg/tecs_status.hpp\n'}
[1.392152] (px4_msgs) StdoutLine: {'line': b'-- Up-to-date: /home/mcfb/ros2_ws/install/px4_msgs/include/px4_msgs/px4_msgs/msg/vehicle_imu.hpp\n'}
[1.392192] (px4_msgs) StdoutLine: {'line': b'-- Up-to-date: /home/mcfb/ros2_ws/install/px4_msgs/include/px4_msgs/px4_msgs/msg/vtol_vehicle_status.hpp\n'}
[1.392237] (px4_msgs) StdoutLine: {'line': b'-- Up-to-date: /home/mcfb/ros2_ws/install/px4_msgs/include/px4_msgs/px4_msgs/msg/pure_pursuit_status.hpp\n'}
[1.392274] (px4_msgs) StdoutLine: {'line': b'-- Up-to-date: /home/mcfb/ros2_ws/install/px4_msgs/include/px4_msgs/px4_msgs/msg/mission_result.hpp\n'}
[1.392310] (px4_msgs) StdoutLine: {'line': b'-- Up-to-date: /home/mcfb/ros2_ws/install/px4_msgs/include/px4_msgs/px4_msgs/msg/rc_parameter_map.hpp\n'}
[1.392355] (px4_msgs) StdoutLine: {'line': b'-- Up-to-date: /home/mcfb/ros2_ws/install/px4_msgs/include/px4_msgs/px4_msgs/msg/control_allocator_status.hpp\n'}
[1.392400] (px4_msgs) StdoutLine: {'line': b'-- Up-to-date: /home/mcfb/ros2_ws/install/px4_msgs/include/px4_msgs/px4_msgs/msg/vehicle_local_position_setpoint.hpp\n'}
[1.392444] (px4_msgs) StdoutLine: {'line': b'-- Up-to-date: /home/mcfb/ros2_ws/install/px4_msgs/include/px4_msgs/px4_msgs/msg/vehicle_torque_setpoint.hpp\n'}
[1.392484] (px4_msgs) StdoutLine: {'line': b'-- Up-to-date: /home/mcfb/ros2_ws/install/px4_msgs/include/px4_msgs/px4_msgs/msg/actuator_test.hpp\n'}
[1.392530] (px4_msgs) StdoutLine: {'line': b'-- Up-to-date: /home/mcfb/ros2_ws/install/px4_msgs/include/px4_msgs/px4_msgs/msg/sensors_status.hpp\n'}
[1.392576] (px4_msgs) StdoutLine: {'line': b'-- Up-to-date: /home/mcfb/ros2_ws/install/px4_msgs/include/px4_msgs/px4_msgs/msg/iridiumsbd_status.hpp\n'}
[1.392617] (px4_msgs) StdoutLine: {'line': b'-- Up-to-date: /home/mcfb/ros2_ws/install/px4_msgs/include/px4_msgs/px4_msgs/msg/sensor_selection.hpp\n'}
[1.392659] (px4_msgs) StdoutLine: {'line': b'-- Up-to-date: /home/mcfb/ros2_ws/install/px4_msgs/include/px4_msgs/px4_msgs/msg/gpio_out.hpp\n'}
[1.392698] (px4_msgs) StdoutLine: {'line': b'-- Up-to-date: /home/mcfb/ros2_ws/install/px4_msgs/include/px4_msgs/px4_msgs/msg/system_power.hpp\n'}
[1.392735] (px4_msgs) StdoutLine: {'line': b'-- Up-to-date: /home/mcfb/ros2_ws/install/px4_msgs/include/px4_msgs/px4_msgs/msg/normalized_unsigned_setpoint.hpp\n'}
[1.392774] (px4_msgs) StdoutLine: {'line': b'-- Up-to-date: /home/mcfb/ros2_ws/install/px4_msgs/include/px4_msgs/px4_msgs/msg/orb_test.hpp\n'}
[1.392813] (px4_msgs) StdoutLine: {'line': b'-- Up-to-date: /home/mcfb/ros2_ws/install/px4_msgs/include/px4_msgs/px4_msgs/msg/sensor_correction.hpp\n'}
[1.392865] (px4_msgs) StdoutLine: {'line': b'-- Up-to-date: /home/mcfb/ros2_ws/install/px4_msgs/include/px4_msgs/px4_msgs/msg/navigator_status.hpp\n'}
[1.392908] (px4_msgs) StdoutLine: {'line': b'-- Up-to-date: /home/mcfb/ros2_ws/install/px4_msgs/include/px4_msgs/px4_msgs/msg/pwm_input.hpp\n'}
[1.392946] (px4_msgs) StdoutLine: {'line': b'-- Up-to-date: /home/mcfb/ros2_ws/install/px4_msgs/include/px4_msgs/px4_msgs/msg/wind.hpp\n'}
[1.392983] (px4_msgs) StdoutLine: {'line': b'-- Up-to-date: /home/mcfb/ros2_ws/install/px4_msgs/include/px4_msgs/px4_msgs/msg/rtl_time_estimate.hpp\n'}
[1.393020] (px4_msgs) StdoutLine: {'line': b'-- Up-to-date: /home/mcfb/ros2_ws/install/px4_msgs/include/px4_msgs/px4_msgs/msg/airspeed_validated.hpp\n'}
[1.393055] (px4_msgs) StdoutLine: {'line': b'-- Up-to-date: /home/mcfb/ros2_ws/install/px4_msgs/include/px4_msgs/px4_msgs/msg/power_button_state.hpp\n'}
[1.393091] (px4_msgs) StdoutLine: {'line': b'-- Up-to-date: /home/mcfb/ros2_ws/install/px4_msgs/include/px4_msgs/px4_msgs/msg/vehicle_magnetometer.hpp\n'}
[1.393129] (px4_msgs) StdoutLine: {'line': b'-- Up-to-date: /home/mcfb/ros2_ws/install/px4_msgs/include/px4_msgs/px4_msgs/msg/radio_status.hpp\n'}
[1.393166] (px4_msgs) StdoutLine: {'line': b'-- Up-to-date: /home/mcfb/ros2_ws/install/px4_msgs/include/px4_msgs/px4_msgs/msg/dataman_response.hpp\n'}
[1.393202] (px4_msgs) StdoutLine: {'line': b'-- Up-to-date: /home/mcfb/ros2_ws/install/px4_msgs/include/px4_msgs/px4_msgs/msg/irlock_report.hpp\n'}
[1.393238] (px4_msgs) StdoutLine: {'line': b'-- Up-to-date: /home/mcfb/ros2_ws/install/px4_msgs/include/px4_msgs/px4_msgs/msg/vehicle_air_data.hpp\n'}
[1.393273] (px4_msgs) StdoutLine: {'line': b'-- Up-to-date: /home/mcfb/ros2_ws/install/px4_msgs/include/px4_msgs/px4_msgs/msg/heater_status.hpp\n'}
[1.393311] (px4_msgs) StdoutLine: {'line': b'-- Up-to-date: /home/mcfb/ros2_ws/install/px4_msgs/include/px4_msgs/px4_msgs/msg/lateral_control_configuration.hpp\n'}
[1.393345] (px4_msgs) StdoutLine: {'line': b'-- Up-to-date: /home/mcfb/ros2_ws/install/px4_msgs/include/px4_msgs/px4_msgs/msg/estimator_states.hpp\n'}
[1.393380] (px4_msgs) StdoutLine: {'line': b'-- Up-to-date: /home/mcfb/ros2_ws/install/px4_msgs/include/px4_msgs/px4_msgs/msg/position_controller_status.hpp\n'}
[1.393419] (px4_msgs) StdoutLine: {'line': b'-- Up-to-date: /home/mcfb/ros2_ws/install/px4_msgs/include/px4_msgs/px4_msgs/msg/vehicle_angular_acceleration_setpoint.hpp\n'}
[1.393454] (px4_msgs) StdoutLine: {'line': b'-- Up-to-date: /home/mcfb/ros2_ws/install/px4_msgs/include/px4_msgs/px4_msgs/msg/fuel_tank_status.hpp\n'}
[1.393491] (px4_msgs) StdoutLine: {'line': b'-- Up-to-date: /home/mcfb/ros2_ws/install/px4_msgs/include/px4_msgs/px4_msgs/msg/rover_position_setpoint.hpp\n'}
[1.393526] (px4_msgs) StdoutLine: {'line': b'-- Up-to-date: /home/mcfb/ros2_ws/install/px4_msgs/include/px4_msgs/px4_msgs/msg/sensors_status_imu.hpp\n'}
[1.393561] (px4_msgs) StdoutLine: {'line': b'-- Up-to-date: /home/mcfb/ros2_ws/install/px4_msgs/include/px4_msgs/px4_msgs/msg/follow_target.hpp\n'}
[1.393596] (px4_msgs) StdoutLine: {'line': b'-- Up-to-date: /home/mcfb/ros2_ws/install/px4_msgs/include/px4_msgs/px4_msgs/msg/launch_detection_status.hpp\n'}
[1.393632] (px4_msgs) StdoutLine: {'line': b'-- Up-to-date: /home/mcfb/ros2_ws/install/px4_msgs/include/px4_msgs/px4_msgs/msg/sensor_accel.hpp\n'}
[1.393667] (px4_msgs) StdoutLine: {'line': b'-- Up-to-date: /home/mcfb/ros2_ws/install/px4_msgs/include/px4_msgs/px4_msgs/msg/vehicle_constraints.hpp\n'}
[1.393701] (px4_msgs) StdoutLine: {'line': b'-- Up-to-date: /home/mcfb/ros2_ws/install/px4_msgs/include/px4_msgs/px4_msgs/msg/open_drone_id_self_id.hpp\n'}
[1.393736] (px4_msgs) StdoutLine: {'line': b'-- Up-to-date: /home/mcfb/ros2_ws/install/px4_msgs/include/px4_msgs/px4_msgs/msg/rtl_status.hpp\n'}
[1.393771] (px4_msgs) StdoutLine: {'line': b'-- Up-to-date: /home/mcfb/ros2_ws/install/px4_msgs/include/px4_msgs/px4_msgs/msg/satellite_info.hpp\n'}
[1.393806] (px4_msgs) StdoutLine: {'line': b'-- Up-to-date: /home/mcfb/ros2_ws/install/px4_msgs/include/px4_msgs/px4_msgs/msg/parameter_set_used_request.hpp\n'}
[1.393844] (px4_msgs) StdoutLine: {'line': b'-- Up-to-date: /home/mcfb/ros2_ws/install/px4_msgs/include/px4_msgs/px4_msgs/msg/detail\n'}
[1.393883] (px4_msgs) StdoutLine: {'line': b'-- Up-to-date: /home/mcfb/ros2_ws/install/px4_msgs/include/px4_msgs/px4_msgs/msg/detail/message_format_request__type_support.hpp\n'}
[1.393927] (px4_msgs) StdoutLine: {'line': b'-- Up-to-date: /home/mcfb/ros2_ws/install/px4_msgs/include/px4_msgs/px4_msgs/msg/detail/navigator_status__builder.hpp\n'}
[1.393964] (px4_msgs) StdoutLine: {'line': b'-- Up-to-date: /home/mcfb/ros2_ws/install/px4_msgs/include/px4_msgs/px4_msgs/msg/detail/rover_rate_setpoint__struct.hpp\n'}
[1.394002] (px4_msgs) StdoutLine: {'line': b'-- Up-to-date: /home/mcfb/ros2_ws/install/px4_msgs/include/px4_msgs/px4_msgs/msg/detail/system_power__struct.hpp\n'}
[1.394037] (px4_msgs) StdoutLine: {'line': b'-- Up-to-date: /home/mcfb/ros2_ws/install/px4_msgs/include/px4_msgs/px4_msgs/msg/detail/dronecan_node_status__builder.hpp\n'}
[1.394071] (px4_msgs) StdoutLine: {'line': b'-- Up-to-date: /home/mcfb/ros2_ws/install/px4_msgs/include/px4_msgs/px4_msgs/msg/detail/estimator_selector_status__traits.hpp\n'}
[1.394108] (px4_msgs) StdoutLine: {'line': b'-- Up-to-date: /home/mcfb/ros2_ws/install/px4_msgs/include/px4_msgs/px4_msgs/msg/detail/estimator_status_flags__builder.hpp\n'}
[1.394144] (px4_msgs) StdoutLine: {'line': b'-- Up-to-date: /home/mcfb/ros2_ws/install/px4_msgs/include/px4_msgs/px4_msgs/msg/detail/input_rc__type_support.hpp\n'}
[1.394179] (px4_msgs) StdoutLine: {'line': b'-- Up-to-date: /home/mcfb/ros2_ws/install/px4_msgs/include/px4_msgs/px4_msgs/msg/detail/estimator_innovations__struct.hpp\n'}
[1.394215] (px4_msgs) StdoutLine: {'line': b'-- Up-to-date: /home/mcfb/ros2_ws/install/px4_msgs/include/px4_msgs/px4_msgs/msg/detail/camera_trigger__traits.hpp\n'}
[1.394258] (px4_msgs) StdoutLine: {'line': b'-- Up-to-date: /home/mcfb/ros2_ws/install/px4_msgs/include/px4_msgs/px4_msgs/msg/detail/vehicle_land_detected__type_support.hpp\n'}
[1.394294] (px4_msgs) StdoutLine: {'line': b'-- Up-to-date: /home/mcfb/ros2_ws/install/px4_msgs/include/px4_msgs/px4_msgs/msg/detail/uavcan_parameter_request__type_support.hpp\n'}
[1.394328] (px4_msgs) StdoutLine: {'line': b'-- Up-to-date: /home/mcfb/ros2_ws/install/px4_msgs/include/px4_msgs/px4_msgs/msg/detail/trajectory_setpoint__struct.hpp\n'}
[1.394363] (px4_msgs) StdoutLine: {'line': b'-- Up-to-date: /home/mcfb/ros2_ws/install/px4_msgs/include/px4_msgs/px4_msgs/msg/detail/unregister_ext_component__builder.hpp\n'}
[1.394398] (px4_msgs) StdoutLine: {'line': b'-- Up-to-date: /home/mcfb/ros2_ws/install/px4_msgs/include/px4_msgs/px4_msgs/msg/detail/battery_info__builder.hpp\n'}
[1.394432] (px4_msgs) StdoutLine: {'line': b'-- Up-to-date: /home/mcfb/ros2_ws/install/px4_msgs/include/px4_msgs/px4_msgs/msg/detail/estimator_aid_source2d__traits.hpp\n'}
[1.394467] (px4_msgs) StdoutLine: {'line': b'-- Up-to-date: /home/mcfb/ros2_ws/install/px4_msgs/include/px4_msgs/px4_msgs/msg/detail/gps_dump__type_support.hpp\n'}
[1.394501] (px4_msgs) StdoutLine: {'line': b'-- Up-to-date: /home/mcfb/ros2_ws/install/px4_msgs/include/px4_msgs/px4_msgs/msg/detail/position_controller_status__builder.hpp\n'}
[1.394536] (px4_msgs) StdoutLine: {'line': b'-- Up-to-date: /home/mcfb/ros2_ws/install/px4_msgs/include/px4_msgs/px4_msgs/msg/detail/telemetry_status__struct.hpp\n'}
[1.394571] (px4_msgs) StdoutLine: {'line': b'-- Up-to-date: /home/mcfb/ros2_ws/install/px4_msgs/include/px4_msgs/px4_msgs/msg/detail/vehicle_land_detected__builder.hpp\n'}
[1.394607] (px4_msgs) StdoutLine: {'line': b'-- Up-to-date: /home/mcfb/ros2_ws/install/px4_msgs/include/px4_msgs/px4_msgs/msg/detail/sensor_airflow__type_support.hpp\n'}
[1.394642] (px4_msgs) StdoutLine: {'line': b'-- Up-to-date: /home/mcfb/ros2_ws/install/px4_msgs/include/px4_msgs/px4_msgs/msg/detail/vehicle_magnetometer__builder.hpp\n'}
[1.394679] (px4_msgs) StdoutLine: {'line': b'-- Up-to-date: /home/mcfb/ros2_ws/install/px4_msgs/include/px4_msgs/px4_msgs/msg/detail/vehicle_control_mode__builder.hpp\n'}
[1.394714] (px4_msgs) StdoutLine: {'line': b'-- Up-to-date: /home/mcfb/ros2_ws/install/px4_msgs/include/px4_msgs/px4_msgs/msg/detail/gimbal_manager_status__builder.hpp\n'}
[1.394750] (px4_msgs) StdoutLine: {'line': b'-- Up-to-date: /home/mcfb/ros2_ws/install/px4_msgs/include/px4_msgs/px4_msgs/msg/detail/collision_constraints__type_support.hpp\n'}
[1.394784] (px4_msgs) StdoutLine: {'line': b'-- Up-to-date: /home/mcfb/ros2_ws/install/px4_msgs/include/px4_msgs/px4_msgs/msg/detail/rover_rate_setpoint__traits.hpp\n'}
[1.394818] (px4_msgs) StdoutLine: {'line': b'-- Up-to-date: /home/mcfb/ros2_ws/install/px4_msgs/include/px4_msgs/px4_msgs/msg/detail/differential_pressure__builder.hpp\n'}
[1.394857] (px4_msgs) StdoutLine: {'line': b'-- Up-to-date: /home/mcfb/ros2_ws/install/px4_msgs/include/px4_msgs/px4_msgs/msg/detail/estimator_innovations__traits.hpp\n'}
[1.394894] (px4_msgs) StdoutLine: {'line': b'-- Up-to-date: /home/mcfb/ros2_ws/install/px4_msgs/include/px4_msgs/px4_msgs/msg/detail/rover_attitude_status__type_support.hpp\n'}
[1.394929] (px4_msgs) StdoutLine: {'line': b'-- Up-to-date: /home/mcfb/ros2_ws/install/px4_msgs/include/px4_msgs/px4_msgs/msg/detail/gimbal_manager_status__traits.hpp\n'}
[1.394966] (px4_msgs) StdoutLine: {'line': b'-- Up-to-date: /home/mcfb/ros2_ws/install/px4_msgs/include/px4_msgs/px4_msgs/msg/detail/yaw_estimator_status__builder.hpp\n'}
[1.395002] (px4_msgs) StdoutLine: {'line': b'-- Up-to-date: /home/mcfb/ros2_ws/install/px4_msgs/include/px4_msgs/px4_msgs/msg/detail/dataman_request__type_support.hpp\n'}
[1.395039] (px4_msgs) StdoutLine: {'line': b'-- Up-to-date: /home/mcfb/ros2_ws/install/px4_msgs/include/px4_msgs/px4_msgs/msg/detail/goto_setpoint__builder.hpp\n'}
[1.395080] (px4_msgs) StdoutLine: {'line': b'-- Up-to-date: /home/mcfb/ros2_ws/install/px4_msgs/include/px4_msgs/px4_msgs/msg/detail/takeoff_status__builder.hpp\n'}
[1.395118] (px4_msgs) StdoutLine: {'line': b'-- Up-to-date: /home/mcfb/ros2_ws/install/px4_msgs/include/px4_msgs/px4_msgs/msg/detail/vehicle_imu_status__builder.hpp\n'}
[1.395173] (px4_msgs) StdoutLine: {'line': b'-- Up-to-date: /home/mcfb/ros2_ws/install/px4_msgs/include/px4_msgs/px4_msgs/msg/detail/vehicle_angular_velocity__builder.hpp\n'}
[1.395224] (px4_msgs) StdoutLine: {'line': b'-- Up-to-date: /home/mcfb/ros2_ws/install/px4_msgs/include/px4_msgs/px4_msgs/msg/detail/actuator_servos__builder.hpp\n'}
[1.395262] (px4_msgs) StdoutLine: {'line': b'-- Up-to-date: /home/mcfb/ros2_ws/install/px4_msgs/include/px4_msgs/px4_msgs/msg/detail/offboard_control_mode__type_support.hpp\n'}
[1.395299] (px4_msgs) StdoutLine: {'line': b'-- Up-to-date: /home/mcfb/ros2_ws/install/px4_msgs/include/px4_msgs/px4_msgs/msg/detail/open_drone_id_self_id__traits.hpp\n'}
[1.395334] (px4_msgs) StdoutLine: {'line': b'-- Up-to-date: /home/mcfb/ros2_ws/install/px4_msgs/include/px4_msgs/px4_msgs/msg/detail/sensor_gyro_fifo__type_support.hpp\n'}
[1.395370] (px4_msgs) StdoutLine: {'line': b'-- Up-to-date: /home/mcfb/ros2_ws/install/px4_msgs/include/px4_msgs/px4_msgs/msg/detail/gimbal_controls__struct.hpp\n'}
[1.395407] (px4_msgs) StdoutLine: {'line': b'-- Up-to-date: /home/mcfb/ros2_ws/install/px4_msgs/include/px4_msgs/px4_msgs/msg/detail/vehicle_imu_status__type_support.hpp\n'}
[1.395443] (px4_msgs) StdoutLine: {'line': b'-- Up-to-date: /home/mcfb/ros2_ws/install/px4_msgs/include/px4_msgs/px4_msgs/msg/detail/neural_control__type_support.hpp\n'}
[1.395480] (px4_msgs) StdoutLine: {'line': b'-- Up-to-date: /home/mcfb/ros2_ws/install/px4_msgs/include/px4_msgs/px4_msgs/msg/detail/estimator_status_flags__struct.hpp\n'}
[1.395522] (px4_msgs) StdoutLine: {'line': b'-- Up-to-date: /home/mcfb/ros2_ws/install/px4_msgs/include/px4_msgs/px4_msgs/msg/detail/gpio_request__type_support.hpp\n'}
[1.395558] (px4_msgs) StdoutLine: {'line': b'-- Up-to-date: /home/mcfb/ros2_ws/install/px4_msgs/include/px4_msgs/px4_msgs/msg/detail/message_format_response__struct.hpp\n'}
[1.395606] (px4_msgs) StdoutLine: {'line': b'-- Up-to-date: /home/mcfb/ros2_ws/install/px4_msgs/include/px4_msgs/px4_msgs/msg/detail/lateral_control_configuration__struct.hpp\n'}
[1.395661] (px4_msgs) StdoutLine: {'line': b'-- Up-to-date: /home/mcfb/ros2_ws/install/px4_msgs/include/px4_msgs/px4_msgs/msg/detail/flight_phase_estimation__type_support.hpp\n'}
[1.395718] (px4_msgs) StdoutLine: {'line': b'-- Up-to-date: /home/mcfb/ros2_ws/install/px4_msgs/include/px4_msgs/px4_msgs/msg/detail/vehicle_command_ack__builder.hpp\n'}
[1.395754] (px4_msgs) StdoutLine: {'line': b'-- Up-to-date: /home/mcfb/ros2_ws/install/px4_msgs/include/px4_msgs/px4_msgs/msg/detail/obstacle_distance__traits.hpp\n'}
[1.395788] (px4_msgs) StdoutLine: {'line': b'-- Up-to-date: /home/mcfb/ros2_ws/install/px4_msgs/include/px4_msgs/px4_msgs/msg/detail/tiltrotor_extra_controls__type_support.hpp\n'}
[1.395841] (px4_msgs) StdoutLine: {'line': b'-- Up-to-date: /home/mcfb/ros2_ws/install/px4_msgs/include/px4_msgs/px4_msgs/msg/detail/sensor_accel_fifo__struct.hpp\n'}
[1.395878] (px4_msgs) StdoutLine: {'line': b'-- Up-to-date: /home/mcfb/ros2_ws/install/px4_msgs/include/px4_msgs/px4_msgs/msg/detail/battery_status__traits.hpp\n'}
[1.395913] (px4_msgs) StdoutLine: {'line': b'-- Up-to-date: /home/mcfb/ros2_ws/install/px4_msgs/include/px4_msgs/px4_msgs/msg/detail/landing_target_pose__struct.hpp\n'}
[1.395947] (px4_msgs) StdoutLine: {'line': b'-- Up-to-date: /home/mcfb/ros2_ws/install/px4_msgs/include/px4_msgs/px4_msgs/msg/detail/telemetry_status__traits.hpp\n'}
[1.395982] (px4_msgs) StdoutLine: {'line': b'-- Up-to-date: /home/mcfb/ros2_ws/install/px4_msgs/include/px4_msgs/px4_msgs/msg/detail/vehicle_angular_velocity__type_support.hpp\n'}
[1.396017] (px4_msgs) StdoutLine: {'line': b'-- Up-to-date: /home/mcfb/ros2_ws/install/px4_msgs/include/px4_msgs/px4_msgs/msg/detail/lateral_control_configuration__builder.hpp\n'}
[1.396066] (px4_msgs) StdoutLine: {'line': b'-- Up-to-date: /home/mcfb/ros2_ws/install/px4_msgs/include/px4_msgs/px4_msgs/msg/detail/sensors_status_imu__builder.hpp\n'}
[1.396104] (px4_msgs) StdoutLine: {'line': b'-- Up-to-date: /home/mcfb/ros2_ws/install/px4_msgs/include/px4_msgs/px4_msgs/msg/detail/action_request__type_support.hpp\n'}
[1.396143] (px4_msgs) StdoutLine: {'line': b'-- Up-to-date: /home/mcfb/ros2_ws/install/px4_msgs/include/px4_msgs/px4_msgs/msg/detail/gimbal_manager_set_manual_control__traits.hpp\n'}
[1.396182] (px4_msgs) StdoutLine: {'line': b'-- Up-to-date: /home/mcfb/ros2_ws/install/px4_msgs/include/px4_msgs/px4_msgs/msg/detail/power_monitor__builder.hpp\n'}
[1.396221] (px4_msgs) StdoutLine: {'line': b'-- Up-to-date: /home/mcfb/ros2_ws/install/px4_msgs/include/px4_msgs/px4_msgs/msg/detail/estimator_gps_status__traits.hpp\n'}
[1.396259] (px4_msgs) StdoutLine: {'line': b'-- Up-to-date: /home/mcfb/ros2_ws/install/px4_msgs/include/px4_msgs/px4_msgs/msg/detail/rc_parameter_map__struct.hpp\n'}
[1.396297] (px4_msgs) StdoutLine: {'line': b'-- Up-to-date: /home/mcfb/ros2_ws/install/px4_msgs/include/px4_msgs/px4_msgs/msg/detail/config_overrides__struct.hpp\n'}
[1.396339] (px4_msgs) StdoutLine: {'line': b'-- Up-to-date: /home/mcfb/ros2_ws/install/px4_msgs/include/px4_msgs/px4_msgs/msg/detail/follow_target__builder.hpp\n'}
[1.396379] (px4_msgs) StdoutLine: {'line': b'-- Up-to-date: /home/mcfb/ros2_ws/install/px4_msgs/include/px4_msgs/px4_msgs/msg/detail/estimator_bias__builder.hpp\n'}
[1.396418] (px4_msgs) StdoutLine: {'line': b'-- Up-to-date: /home/mcfb/ros2_ws/install/px4_msgs/include/px4_msgs/px4_msgs/msg/detail/sensor_accel_fifo__builder.hpp\n'}
[1.396458] (px4_msgs) StdoutLine: {'line': b'-- Up-to-date: /home/mcfb/ros2_ws/install/px4_msgs/include/px4_msgs/px4_msgs/msg/detail/landing_target_pose__builder.hpp\n'}
[1.396496] (px4_msgs) StdoutLine: {'line': b'-- Up-to-date: /home/mcfb/ros2_ws/install/px4_msgs/include/px4_msgs/px4_msgs/msg/detail/actuator_servos__type_support.hpp\n'}
[1.396533] (px4_msgs) StdoutLine: {'line': b'-- Up-to-date: /home/mcfb/ros2_ws/install/px4_msgs/include/px4_msgs/px4_msgs/msg/detail/obstacle_distance__struct.hpp\n'}
[1.396574] (px4_msgs) StdoutLine: {'line': b'-- Up-to-date: /home/mcfb/ros2_ws/install/px4_msgs/include/px4_msgs/px4_msgs/msg/detail/generator_status__struct.hpp\n'}
[1.396611] (px4_msgs) StdoutLine: {'line': b'-- Up-to-date: /home/mcfb/ros2_ws/install/px4_msgs/include/px4_msgs/px4_msgs/msg/detail/mavlink_tunnel__traits.hpp\n'}
[1.396650] (px4_msgs) StdoutLine: {'line': b'-- Up-to-date: /home/mcfb/ros2_ws/install/px4_msgs/include/px4_msgs/px4_msgs/msg/detail/vtol_vehicle_status__builder.hpp\n'}
[1.396688] (px4_msgs) StdoutLine: {'line': b'-- Up-to-date: /home/mcfb/ros2_ws/install/px4_msgs/include/px4_msgs/px4_msgs/msg/detail/lateral_control_configuration__traits.hpp\n'}
[1.396725] (px4_msgs) StdoutLine: {'line': b'-- Up-to-date: /home/mcfb/ros2_ws/install/px4_msgs/include/px4_msgs/px4_msgs/msg/detail/gimbal_manager_set_manual_control__struct.hpp\n'}
[1.396764] (px4_msgs) StdoutLine: {'line': b'-- Up-to-date: /home/mcfb/ros2_ws/install/px4_msgs/include/px4_msgs/px4_msgs/msg/detail/longitudinal_control_configuration__type_support.hpp\n'}
[1.396803] (px4_msgs) StdoutLine: {'line': b'-- Up-to-date: /home/mcfb/ros2_ws/install/px4_msgs/include/px4_msgs/px4_msgs/msg/detail/open_drone_id_arm_status__struct.hpp\n'}
[1.396852] (px4_msgs) StdoutLine: {'line': b'-- Up-to-date: /home/mcfb/ros2_ws/install/px4_msgs/include/px4_msgs/px4_msgs/msg/detail/battery_status__type_support.hpp\n'}
[1.396889] (px4_msgs) StdoutLine: {'line': b'-- Up-to-date: /home/mcfb/ros2_ws/install/px4_msgs/include/px4_msgs/px4_msgs/msg/detail/magnetometer_bias_estimate__traits.hpp\n'}
[1.396926] (px4_msgs) StdoutLine: {'line': b'-- Up-to-date: /home/mcfb/ros2_ws/install/px4_msgs/include/px4_msgs/px4_msgs/msg/detail/airspeed__builder.hpp\n'}
[1.396969] (px4_msgs) StdoutLine: {'line': b'-- Up-to-date: /home/mcfb/ros2_ws/install/px4_msgs/include/px4_msgs/px4_msgs/msg/detail/event__builder.hpp\n'}
[1.397016] (px4_msgs) StdoutLine: {'line': b'-- Up-to-date: /home/mcfb/ros2_ws/install/px4_msgs/include/px4_msgs/px4_msgs/msg/detail/mission__builder.hpp\n'}
[1.397059] (px4_msgs) StdoutLine: {'line': b'-- Up-to-date: /home/mcfb/ros2_ws/install/px4_msgs/include/px4_msgs/px4_msgs/msg/detail/vehicle_air_data__builder.hpp\n'}
[1.397102] (px4_msgs) StdoutLine: {'line': b'-- Up-to-date: /home/mcfb/ros2_ws/install/px4_msgs/include/px4_msgs/px4_msgs/msg/detail/vehicle_land_detected__traits.hpp\n'}
[1.397141] (px4_msgs) StdoutLine: {'line': b'-- Up-to-date: /home/mcfb/ros2_ws/install/px4_msgs/include/px4_msgs/px4_msgs/msg/detail/rover_rate_setpoint__builder.hpp\n'}
[1.397179] (px4_msgs) StdoutLine: {'line': b'-- Up-to-date: /home/mcfb/ros2_ws/install/px4_msgs/include/px4_msgs/px4_msgs/msg/detail/debug_array__builder.hpp\n'}
[1.397219] (px4_msgs) StdoutLine: {'line': b'-- Up-to-date: /home/mcfb/ros2_ws/install/px4_msgs/include/px4_msgs/px4_msgs/msg/detail/parameter_set_value_response__struct.hpp\n'}
[1.397263] (px4_msgs) StdoutLine: {'line': b'-- Up-to-date: /home/mcfb/ros2_ws/install/px4_msgs/include/px4_msgs/px4_msgs/msg/detail/collision_constraints__struct.hpp\n'}
[1.397303] (px4_msgs) StdoutLine: {'line': b'-- Up-to-date: /home/mcfb/ros2_ws/install/px4_msgs/include/px4_msgs/px4_msgs/msg/detail/log_message__struct.hpp\n'}
[1.397340] (px4_msgs) StdoutLine: {'line': b'-- Up-to-date: /home/mcfb/ros2_ws/install/px4_msgs/include/px4_msgs/px4_msgs/msg/detail/pps_capture__traits.hpp\n'}
[1.397374] (px4_msgs) StdoutLine: {'line': b'-- Up-to-date: /home/mcfb/ros2_ws/install/px4_msgs/include/px4_msgs/px4_msgs/msg/detail/battery_status__builder.hpp\n'}
[1.397408] (px4_msgs) StdoutLine: {'line': b'-- Up-to-date: /home/mcfb/ros2_ws/install/px4_msgs/include/px4_msgs/px4_msgs/msg/detail/mount_orientation__type_support.hpp\n'}
[1.397443] (px4_msgs) StdoutLine: {'line': b'-- Up-to-date: /home/mcfb/ros2_ws/install/px4_msgs/include/px4_msgs/px4_msgs/msg/detail/rover_speed_status__builder.hpp\n'}
[1.397477] (px4_msgs) StdoutLine: {'line': b'-- Up-to-date: /home/mcfb/ros2_ws/install/px4_msgs/include/px4_msgs/px4_msgs/msg/detail/sensor_mag__builder.hpp\n'}
[1.397511] (px4_msgs) StdoutLine: {'line': b'-- Up-to-date: /home/mcfb/ros2_ws/install/px4_msgs/include/px4_msgs/px4_msgs/msg/detail/vehicle_rates_setpoint__builder.hpp\n'}
[1.397547] (px4_msgs) StdoutLine: {'line': b'-- Up-to-date: /home/mcfb/ros2_ws/install/px4_msgs/include/px4_msgs/px4_msgs/msg/detail/arming_check_reply__traits.hpp\n'}
[1.397584] (px4_msgs) StdoutLine: {'line': b'-- Up-to-date: /home/mcfb/ros2_ws/install/px4_msgs/include/px4_msgs/px4_msgs/msg/detail/sensor_accel__struct.hpp\n'}
[1.397618] (px4_msgs) StdoutLine: {'line': b'-- Up-to-date: /home/mcfb/ros2_ws/install/px4_msgs/include/px4_msgs/px4_msgs/msg/detail/fixed_wing_longitudinal_setpoint__struct.hpp\n'}
[1.397653] (px4_msgs) StdoutLine: {'line': b'-- Up-to-date: /home/mcfb/ros2_ws/install/px4_msgs/include/px4_msgs/px4_msgs/msg/detail/velocity_limits__type_support.hpp\n'}
[1.397689] (px4_msgs) StdoutLine: {'line': b'-- Up-to-date: /home/mcfb/ros2_ws/install/px4_msgs/include/px4_msgs/px4_msgs/msg/detail/actuator_motors__traits.hpp\n'}
[1.397723] (px4_msgs) StdoutLine: {'line': b'-- Up-to-date: /home/mcfb/ros2_ws/install/px4_msgs/include/px4_msgs/px4_msgs/msg/detail/radio_status__struct.hpp\n'}
[1.397757] (px4_msgs) StdoutLine: {'line': b'-- Up-to-date: /home/mcfb/ros2_ws/install/px4_msgs/include/px4_msgs/px4_msgs/msg/detail/rover_throttle_setpoint__type_support.hpp\n'}
[1.397793] (px4_msgs) StdoutLine: {'line': b'-- Up-to-date: /home/mcfb/ros2_ws/install/px4_msgs/include/px4_msgs/px4_msgs/msg/detail/navigator_mission_item__builder.hpp\n'}
[1.397841] (px4_msgs) StdoutLine: {'line': b'-- Up-to-date: /home/mcfb/ros2_ws/install/px4_msgs/include/px4_msgs/px4_msgs/msg/detail/actuator_controls_status__builder.hpp\n'}
[1.397887] (px4_msgs) StdoutLine: {'line': b'-- Up-to-date: /home/mcfb/ros2_ws/install/px4_msgs/include/px4_msgs/px4_msgs/msg/detail/sensor_gnss_status__type_support.hpp\n'}
[1.397927] (px4_msgs) StdoutLine: {'line': b'-- Up-to-date: /home/mcfb/ros2_ws/install/px4_msgs/include/px4_msgs/px4_msgs/msg/detail/task_stack_info__struct.hpp\n'}
[1.397970] (px4_msgs) StdoutLine: {'line': b'-- Up-to-date: /home/mcfb/ros2_ws/install/px4_msgs/include/px4_msgs/px4_msgs/msg/detail/power_monitor__traits.hpp\n'}
[1.398009] (px4_msgs) StdoutLine: {'line': b'-- Up-to-date: /home/mcfb/ros2_ws/install/px4_msgs/include/px4_msgs/px4_msgs/msg/detail/parameter_set_value_response__type_support.hpp\n'}
[1.398048] (px4_msgs) StdoutLine: {'line': b'-- Up-to-date: /home/mcfb/ros2_ws/install/px4_msgs/include/px4_msgs/px4_msgs/msg/detail/vehicle_imu__type_support.hpp\n'}
[1.398085] (px4_msgs) StdoutLine: {'line': b'-- Up-to-date: /home/mcfb/ros2_ws/install/px4_msgs/include/px4_msgs/px4_msgs/msg/detail/gimbal_manager_set_attitude__type_support.hpp\n'}
[1.398122] (px4_msgs) StdoutLine: {'line': b'-- Up-to-date: /home/mcfb/ros2_ws/install/px4_msgs/include/px4_msgs/px4_msgs/msg/detail/camera_capture__builder.hpp\n'}
[1.398164] (px4_msgs) StdoutLine: {'line': b'-- Up-to-date: /home/mcfb/ros2_ws/install/px4_msgs/include/px4_msgs/px4_msgs/msg/detail/hover_thrust_estimate__builder.hpp\n'}
[1.398204] (px4_msgs) StdoutLine: {'line': b'-- Up-to-date: /home/mcfb/ros2_ws/install/px4_msgs/include/px4_msgs/px4_msgs/msg/detail/pwm_input__builder.hpp\n'}
[1.398241] (px4_msgs) StdoutLine: {'line': b'-- Up-to-date: /home/mcfb/ros2_ws/install/px4_msgs/include/px4_msgs/px4_msgs/msg/detail/action_request__builder.hpp\n'}
[1.398276] (px4_msgs) StdoutLine: {'line': b'-- Up-to-date: /home/mcfb/ros2_ws/install/px4_msgs/include/px4_msgs/px4_msgs/msg/detail/mission_result__traits.hpp\n'}
[1.398319] (px4_msgs) StdoutLine: {'line': b'-- Up-to-date: /home/mcfb/ros2_ws/install/px4_msgs/include/px4_msgs/px4_msgs/msg/detail/internal_combustion_engine_status__struct.hpp\n'}
[1.398354] (px4_msgs) StdoutLine: {'line': b'-- Up-to-date: /home/mcfb/ros2_ws/install/px4_msgs/include/px4_msgs/px4_msgs/msg/detail/gpio_config__type_support.hpp\n'}
[1.398391] (px4_msgs) StdoutLine: {'line': b'-- Up-to-date: /home/mcfb/ros2_ws/install/px4_msgs/include/px4_msgs/px4_msgs/msg/detail/position_setpoint__struct.hpp\n'}
[1.398429] (px4_msgs) StdoutLine: {'line': b'-- Up-to-date: /home/mcfb/ros2_ws/install/px4_msgs/include/px4_msgs/px4_msgs/msg/detail/qshell_retval__traits.hpp\n'}
[1.398465] (px4_msgs) StdoutLine: {'line': b'-- Up-to-date: /home/mcfb/ros2_ws/install/px4_msgs/include/px4_msgs/px4_msgs/msg/detail/distance_sensor_mode_change_request__type_support.hpp\n'}
[1.398505] (px4_msgs) StdoutLine: {'line': b'-- Up-to-date: /home/mcfb/ros2_ws/install/px4_msgs/include/px4_msgs/px4_msgs/msg/detail/rpm__traits.hpp\n'}
[1.398544] (px4_msgs) StdoutLine: {'line': b'-- Up-to-date: /home/mcfb/ros2_ws/install/px4_msgs/include/px4_msgs/px4_msgs/msg/detail/open_drone_id_operator_id__builder.hpp\n'}
[1.398578] (px4_msgs) StdoutLine: {'line': b'-- Up-to-date: /home/mcfb/ros2_ws/install/px4_msgs/include/px4_msgs/px4_msgs/msg/detail/takeoff_status__struct.hpp\n'}
[1.398613] (px4_msgs) StdoutLine: {'line': b'-- Up-to-date: /home/mcfb/ros2_ws/install/px4_msgs/include/px4_msgs/px4_msgs/msg/detail/ping__type_support.hpp\n'}
[1.398646] (px4_msgs) StdoutLine: {'line': b'-- Up-to-date: /home/mcfb/ros2_ws/install/px4_msgs/include/px4_msgs/px4_msgs/msg/detail/fixed_wing_longitudinal_setpoint__type_support.hpp\n'}
[1.398680] (px4_msgs) StdoutLine: {'line': b'-- Up-to-date: /home/mcfb/ros2_ws/install/px4_msgs/include/px4_msgs/px4_msgs/msg/detail/ulog_stream_ack__traits.hpp\n'}
[1.398715] (px4_msgs) StdoutLine: {'line': b'-- Up-to-date: /home/mcfb/ros2_ws/install/px4_msgs/include/px4_msgs/px4_msgs/msg/detail/longitudinal_control_configuration__builder.hpp\n'}
[1.398752] (px4_msgs) StdoutLine: {'line': b'-- Up-to-date: /home/mcfb/ros2_ws/install/px4_msgs/include/px4_msgs/px4_msgs/msg/detail/internal_combustion_engine_control__type_support.hpp\n'}
[1.398787] (px4_msgs) StdoutLine: {'line': b'-- Up-to-date: /home/mcfb/ros2_ws/install/px4_msgs/include/px4_msgs/px4_msgs/msg/detail/vehicle_imu__traits.hpp\n'}
[1.398821] (px4_msgs) StdoutLine: {'line': b'-- Up-to-date: /home/mcfb/ros2_ws/install/px4_msgs/include/px4_msgs/px4_msgs/msg/detail/rover_attitude_status__traits.hpp\n'}
[1.398868] (px4_msgs) StdoutLine: {'line': b'-- Up-to-date: /home/mcfb/ros2_ws/install/px4_msgs/include/px4_msgs/px4_msgs/msg/detail/pwm_input__struct.hpp\n'}
[1.398904] (px4_msgs) StdoutLine: {'line': b'-- Up-to-date: /home/mcfb/ros2_ws/install/px4_msgs/include/px4_msgs/px4_msgs/msg/detail/onboard_computer_status__builder.hpp\n'}
[1.398940] (px4_msgs) StdoutLine: {'line': b'-- Up-to-date: /home/mcfb/ros2_ws/install/px4_msgs/include/px4_msgs/px4_msgs/msg/detail/sensor_gyro__struct.hpp\n'}
[1.398977] (px4_msgs) StdoutLine: {'line': b'-- Up-to-date: /home/mcfb/ros2_ws/install/px4_msgs/include/px4_msgs/px4_msgs/msg/detail/internal_combustion_engine_status__traits.hpp\n'}
[1.399017] (px4_msgs) StdoutLine: {'line': b'-- Up-to-date: /home/mcfb/ros2_ws/install/px4_msgs/include/px4_msgs/px4_msgs/msg/detail/longitudinal_control_configuration__traits.hpp\n'}
[1.399065] (px4_msgs) StdoutLine: {'line': b'-- Up-to-date: /home/mcfb/ros2_ws/install/px4_msgs/include/px4_msgs/px4_msgs/msg/detail/vehicle_local_position__type_support.hpp\n'}
[1.399118] (px4_msgs) StdoutLine: {'line': b'-- Up-to-date: /home/mcfb/ros2_ws/install/px4_msgs/include/px4_msgs/px4_msgs/msg/detail/sensor_combined__traits.hpp\n'}
[1.399172] (px4_msgs) StdoutLine: {'line': b'-- Up-to-date: /home/mcfb/ros2_ws/install/px4_msgs/include/px4_msgs/px4_msgs/msg/detail/vehicle_rates_setpoint__traits.hpp\n'}
[1.399228] (px4_msgs) StdoutLine: {'line': b'-- Up-to-date: /home/mcfb/ros2_ws/install/px4_msgs/include/px4_msgs/px4_msgs/msg/detail/message_format_response__type_support.hpp\n'}
[1.399287] (px4_msgs) StdoutLine: {'line': b'-- Up-to-date: /home/mcfb/ros2_ws/install/px4_msgs/include/px4_msgs/px4_msgs/msg/detail/rover_steering_setpoint__type_support.hpp\n'}
[1.399345] (px4_msgs) StdoutLine: {'line': b'-- Up-to-date: /home/mcfb/ros2_ws/install/px4_msgs/include/px4_msgs/px4_msgs/msg/detail/gimbal_device_attitude_status__builder.hpp\n'}
[1.399400] (px4_msgs) StdoutLine: {'line': b'-- Up-to-date: /home/mcfb/ros2_ws/install/px4_msgs/include/px4_msgs/px4_msgs/msg/detail/magnetometer_bias_estimate__struct.hpp\n'}
[1.399456] (px4_msgs) StdoutLine: {'line': b'-- Up-to-date: /home/mcfb/ros2_ws/install/px4_msgs/include/px4_msgs/px4_msgs/msg/detail/gimbal_manager_set_attitude__struct.hpp\n'}
[1.399503] (px4_msgs) StdoutLine: {'line': b'-- Up-to-date: /home/mcfb/ros2_ws/install/px4_msgs/include/px4_msgs/px4_msgs/msg/detail/open_drone_id_operator_id__traits.hpp\n'}
[1.399563] (px4_msgs) StdoutLine: {'line': b'-- Up-to-date: /home/mcfb/ros2_ws/install/px4_msgs/include/px4_msgs/px4_msgs/msg/detail/geofence_result__type_support.hpp\n'}
[1.399614] (px4_msgs) StdoutLine: {'line': b'-- Up-to-date: /home/mcfb/ros2_ws/install/px4_msgs/include/px4_msgs/px4_msgs/msg/detail/mag_worker_data__traits.hpp\n'}
[1.399664] (px4_msgs) StdoutLine: {'line': b'-- Up-to-date: /home/mcfb/ros2_ws/install/px4_msgs/include/px4_msgs/px4_msgs/msg/detail/parameter_set_used_request__traits.hpp\n'}
[1.399710] (px4_msgs) StdoutLine: {'line': b'-- Up-to-date: /home/mcfb/ros2_ws/install/px4_msgs/include/px4_msgs/px4_msgs/msg/detail/onboard_computer_status__traits.hpp\n'}
[1.399767] (px4_msgs) StdoutLine: {'line': b'-- Up-to-date: /home/mcfb/ros2_ws/install/px4_msgs/include/px4_msgs/px4_msgs/msg/detail/rover_rate_status__type_support.hpp\n'}
[1.399835] (px4_msgs) StdoutLine: {'line': b'-- Up-to-date: /home/mcfb/ros2_ws/install/px4_msgs/include/px4_msgs/px4_msgs/msg/detail/sensor_gps__builder.hpp\n'}
[1.399896] (px4_msgs) StdoutLine: {'line': b'-- Up-to-date: /home/mcfb/ros2_ws/install/px4_msgs/include/px4_msgs/px4_msgs/msg/detail/dataman_response__type_support.hpp\n'}
[1.399944] (px4_msgs) StdoutLine: {'line': b'-- Up-to-date: /home/mcfb/ros2_ws/install/px4_msgs/include/px4_msgs/px4_msgs/msg/detail/sensor_uwb__traits.hpp\n'}
[1.399980] (px4_msgs) StdoutLine: {'line': b'-- Up-to-date: /home/mcfb/ros2_ws/install/px4_msgs/include/px4_msgs/px4_msgs/msg/detail/uavcan_parameter_value__type_support.hpp\n'}
[1.400021] (px4_msgs) StdoutLine: {'line': b'-- Up-to-date: /home/mcfb/ros2_ws/install/px4_msgs/include/px4_msgs/px4_msgs/msg/detail/neural_control__builder.hpp\n'}
[1.400065] (px4_msgs) StdoutLine: {'line': b'-- Up-to-date: /home/mcfb/ros2_ws/install/px4_msgs/include/px4_msgs/px4_msgs/msg/detail/mission__traits.hpp\n'}
[1.400122] (px4_msgs) StdoutLine: {'line': b'-- Up-to-date: /home/mcfb/ros2_ws/install/px4_msgs/include/px4_msgs/px4_msgs/msg/detail/estimator_aid_source1d__builder.hpp\n'}
[1.400162] (px4_msgs) StdoutLine: {'line': b'-- Up-to-date: /home/mcfb/ros2_ws/install/px4_msgs/include/px4_msgs/px4_msgs/msg/detail/failure_detector_status__traits.hpp\n'}
[1.400197] (px4_msgs) StdoutLine: {'line': b'-- Up-to-date: /home/mcfb/ros2_ws/install/px4_msgs/include/px4_msgs/px4_msgs/msg/detail/normalized_unsigned_setpoint__struct.hpp\n'}
[1.400336] (px4_msgs) StdoutLine: {'line': b'-- Up-to-date: /home/mcfb/ros2_ws/install/px4_msgs/include/px4_msgs/px4_msgs/msg/detail/sensor_gnss_status__struct.hpp\n'}
[1.400528] (px4_msgs) StdoutLine: {'line': b'-- Up-to-date: /home/mcfb/ros2_ws/install/px4_msgs/include/px4_msgs/px4_msgs/msg/detail/vehicle_optical_flow__type_support.hpp\n'}
[1.400623] (px4_msgs) StdoutLine: {'line': b'-- Up-to-date: /home/mcfb/ros2_ws/install/px4_msgs/include/px4_msgs/px4_msgs/msg/detail/event__type_support.hpp\n'}
[1.400690] (px4_msgs) StdoutLine: {'line': b'-- Up-to-date: /home/mcfb/ros2_ws/install/px4_msgs/include/px4_msgs/px4_msgs/msg/detail/fixed_wing_runway_control__traits.hpp\n'}
[1.400750] (px4_msgs) StdoutLine: {'line': b'-- Up-to-date: /home/mcfb/ros2_ws/install/px4_msgs/include/px4_msgs/px4_msgs/msg/detail/parameter_set_value_request__type_support.hpp\n'}
[1.400808] (px4_msgs) StdoutLine: {'line': b'-- Up-to-date: /home/mcfb/ros2_ws/install/px4_msgs/include/px4_msgs/px4_msgs/msg/detail/qshell_retval__builder.hpp\n'}
[1.400871] (px4_msgs) StdoutLine: {'line': b'-- Up-to-date: /home/mcfb/ros2_ws/install/px4_msgs/include/px4_msgs/px4_msgs/msg/detail/action_request__struct.hpp\n'}
[1.400927] (px4_msgs) StdoutLine: {'line': b'-- Up-to-date: /home/mcfb/ros2_ws/install/px4_msgs/include/px4_msgs/px4_msgs/msg/detail/orb_test_large__type_support.hpp\n'}
[1.400969] (px4_msgs) StdoutLine: {'line': b'-- Up-to-date: /home/mcfb/ros2_ws/install/px4_msgs/include/px4_msgs/px4_msgs/msg/detail/vehicle_status__type_support.hpp\n'}
[1.401006] (px4_msgs) StdoutLine: {'line': b'-- Up-to-date: /home/mcfb/ros2_ws/install/px4_msgs/include/px4_msgs/px4_msgs/msg/detail/airspeed_validated__builder.hpp\n'}
[1.401049] (px4_msgs) StdoutLine: {'line': b'-- Up-to-date: /home/mcfb/ros2_ws/install/px4_msgs/include/px4_msgs/px4_msgs/msg/detail/position_controller_status__traits.hpp\n'}
[1.401085] (px4_msgs) StdoutLine: {'line': b'-- Up-to-date: /home/mcfb/ros2_ws/install/px4_msgs/include/px4_msgs/px4_msgs/msg/detail/register_ext_component_request__builder.hpp\n'}
[1.401131] (px4_msgs) StdoutLine: {'line': b'-- Up-to-date: /home/mcfb/ros2_ws/install/px4_msgs/include/px4_msgs/px4_msgs/msg/detail/estimator_event_flags__builder.hpp\n'}
[1.401185] (px4_msgs) StdoutLine: {'line': b'-- Up-to-date: /home/mcfb/ros2_ws/install/px4_msgs/include/px4_msgs/px4_msgs/msg/detail/autotune_attitude_control_status__traits.hpp\n'}
[1.401235] (px4_msgs) StdoutLine: {'line': b'-- Up-to-date: /home/mcfb/ros2_ws/install/px4_msgs/include/px4_msgs/px4_msgs/msg/detail/transponder_report__type_support.hpp\n'}
[1.401273] (px4_msgs) StdoutLine: {'line': b'-- Up-to-date: /home/mcfb/ros2_ws/install/px4_msgs/include/px4_msgs/px4_msgs/msg/detail/vehicle_odometry__traits.hpp\n'}
[1.401311] (px4_msgs) StdoutLine: {'line': b'-- Up-to-date: /home/mcfb/ros2_ws/install/px4_msgs/include/px4_msgs/px4_msgs/msg/detail/estimator_event_flags__struct.hpp\n'}
[1.401364] (px4_msgs) StdoutLine: {'line': b'-- Up-to-date: /home/mcfb/ros2_ws/install/px4_msgs/include/px4_msgs/px4_msgs/msg/detail/battery_info__struct.hpp\n'}
[1.401410] (px4_msgs) StdoutLine: {'line': b'-- Up-to-date: /home/mcfb/ros2_ws/install/px4_msgs/include/px4_msgs/px4_msgs/msg/detail/vehicle_attitude__traits.hpp\n'}
[1.401454] (px4_msgs) StdoutLine: {'line': b'-- Up-to-date: /home/mcfb/ros2_ws/install/px4_msgs/include/px4_msgs/px4_msgs/msg/detail/home_position__traits.hpp\n'}
[1.401494] (px4_msgs) StdoutLine: {'line': b'-- Up-to-date: /home/mcfb/ros2_ws/install/px4_msgs/include/px4_msgs/px4_msgs/msg/detail/ekf2_timestamps__struct.hpp\n'}
[1.401531] (px4_msgs) StdoutLine: {'line': b'-- Up-to-date: /home/mcfb/ros2_ws/install/px4_msgs/include/px4_msgs/px4_msgs/msg/detail/landing_target_pose__type_support.hpp\n'}
[1.401569] (px4_msgs) StdoutLine: {'line': b'-- Up-to-date: /home/mcfb/ros2_ws/install/px4_msgs/include/px4_msgs/px4_msgs/msg/detail/qshell_req__type_support.hpp\n'}
[1.401604] (px4_msgs) StdoutLine: {'line': b'-- Up-to-date: /home/mcfb/ros2_ws/install/px4_msgs/include/px4_msgs/px4_msgs/msg/detail/estimator_sensor_bias__type_support.hpp\n'}
[1.401642] (px4_msgs) StdoutLine: {'line': b'-- Up-to-date: /home/mcfb/ros2_ws/install/px4_msgs/include/px4_msgs/px4_msgs/msg/detail/sensor_gyro__builder.hpp\n'}
[1.401679] (px4_msgs) StdoutLine: {'line': b'-- Up-to-date: /home/mcfb/ros2_ws/install/px4_msgs/include/px4_msgs/px4_msgs/msg/detail/landing_gear__traits.hpp\n'}
[1.401714] (px4_msgs) StdoutLine: {'line': b'-- Up-to-date: /home/mcfb/ros2_ws/install/px4_msgs/include/px4_msgs/px4_msgs/msg/detail/sensor_airflow__struct.hpp\n'}
[1.401839] (px4_msgs) StdoutLine: {'line': b'-- Up-to-date: /home/mcfb/ros2_ws/install/px4_msgs/include/px4_msgs/px4_msgs/msg/detail/mavlink_tunnel__type_support.hpp\n'}
[1.401937] (px4_msgs) StdoutLine: {'line': b'-- Up-to-date: /home/mcfb/ros2_ws/install/px4_msgs/include/px4_msgs/px4_msgs/msg/detail/collision_constraints__builder.hpp\n'}
[1.402000] (px4_msgs) StdoutLine: {'line': b'-- Up-to-date: /home/mcfb/ros2_ws/install/px4_msgs/include/px4_msgs/px4_msgs/msg/detail/ping__traits.hpp\n'}
[1.402158] (px4_msgs) StdoutLine: {'line': b'-- Up-to-date: /home/mcfb/ros2_ws/install/px4_msgs/include/px4_msgs/px4_msgs/msg/detail/failsafe_flags__type_support.hpp\n'}
[1.402230] (px4_msgs) StdoutLine: {'line': b'-- Up-to-date: /home/mcfb/ros2_ws/install/px4_msgs/include/px4_msgs/px4_msgs/msg/detail/logger_status__traits.hpp\n'}
[1.402288] (px4_msgs) StdoutLine: {'line': b'-- Up-to-date: /home/mcfb/ros2_ws/install/px4_msgs/include/px4_msgs/px4_msgs/msg/detail/geofence_status__builder.hpp\n'}
[1.402332] (px4_msgs) StdoutLine: {'line': b'-- Up-to-date: /home/mcfb/ros2_ws/install/px4_msgs/include/px4_msgs/px4_msgs/msg/detail/satellite_info__builder.hpp\n'}
[1.402390] (px4_msgs) StdoutLine: {'line': b'-- Up-to-date: /home/mcfb/ros2_ws/install/px4_msgs/include/px4_msgs/px4_msgs/msg/detail/estimator_states__type_support.hpp\n'}
[1.402442] (px4_msgs) StdoutLine: {'line': b'-- Up-to-date: /home/mcfb/ros2_ws/install/px4_msgs/include/px4_msgs/px4_msgs/msg/detail/camera_status__type_support.hpp\n'}
[1.402485] (px4_msgs) StdoutLine: {'line': b'-- Up-to-date: /home/mcfb/ros2_ws/install/px4_msgs/include/px4_msgs/px4_msgs/msg/detail/config_overrides__builder.hpp\n'}
[1.402535] (px4_msgs) StdoutLine: {'line': b'-- Up-to-date: /home/mcfb/ros2_ws/install/px4_msgs/include/px4_msgs/px4_msgs/msg/detail/satellite_info__type_support.hpp\n'}
[1.402572] (px4_msgs) StdoutLine: {'line': b'-- Up-to-date: /home/mcfb/ros2_ws/install/px4_msgs/include/px4_msgs/px4_msgs/msg/detail/vehicle_control_mode__type_support.hpp\n'}
[1.402611] (px4_msgs) StdoutLine: {'line': b'-- Up-to-date: /home/mcfb/ros2_ws/install/px4_msgs/include/px4_msgs/px4_msgs/msg/detail/takeoff_status__traits.hpp\n'}
[1.402668] (px4_msgs) StdoutLine: {'line': b'-- Up-to-date: /home/mcfb/ros2_ws/install/px4_msgs/include/px4_msgs/px4_msgs/msg/detail/orb_test_large__struct.hpp\n'}
[1.402725] (px4_msgs) StdoutLine: {'line': b'-- Up-to-date: /home/mcfb/ros2_ws/install/px4_msgs/include/px4_msgs/px4_msgs/msg/detail/estimator_aid_source3d__type_support.hpp\n'}
[1.402784] (px4_msgs) StdoutLine: {'line': b'-- Up-to-date: /home/mcfb/ros2_ws/install/px4_msgs/include/px4_msgs/px4_msgs/msg/detail/landing_gear__struct.hpp\n'}
[1.402848] (px4_msgs) StdoutLine: {'line': b'-- Up-to-date: /home/mcfb/ros2_ws/install/px4_msgs/include/px4_msgs/px4_msgs/msg/detail/rpm__struct.hpp\n'}
[1.402890] (px4_msgs) StdoutLine: {'line': b'-- Up-to-date: /home/mcfb/ros2_ws/install/px4_msgs/include/px4_msgs/px4_msgs/msg/detail/vehicle_torque_setpoint__builder.hpp\n'}
[1.402927] (px4_msgs) StdoutLine: {'line': b'-- Up-to-date: /home/mcfb/ros2_ws/install/px4_msgs/include/px4_msgs/px4_msgs/msg/detail/estimator_aid_source1d__struct.hpp\n'}
[1.402962] (px4_msgs) StdoutLine: {'line': b'-- Up-to-date: /home/mcfb/ros2_ws/install/px4_msgs/include/px4_msgs/px4_msgs/msg/detail/position_controller_status__type_support.hpp\n'}
[1.402998] (px4_msgs) StdoutLine: {'line': b'-- Up-to-date: /home/mcfb/ros2_ws/install/px4_msgs/include/px4_msgs/px4_msgs/msg/detail/orb_test_large__builder.hpp\n'}
[1.403037] (px4_msgs) StdoutLine: {'line': b'-- Up-to-date: /home/mcfb/ros2_ws/install/px4_msgs/include/px4_msgs/px4_msgs/msg/detail/navigator_mission_item__struct.hpp\n'}
[1.403085] (px4_msgs) StdoutLine: {'line': b'-- Up-to-date: /home/mcfb/ros2_ws/install/px4_msgs/include/px4_msgs/px4_msgs/msg/detail/vehicle_attitude__type_support.hpp\n'}
[1.403127] (px4_msgs) StdoutLine: {'line': b'-- Up-to-date: /home/mcfb/ros2_ws/install/px4_msgs/include/px4_msgs/px4_msgs/msg/detail/parameter_set_value_response__traits.hpp\n'}
[1.403165] (px4_msgs) StdoutLine: {'line': b'-- Up-to-date: /home/mcfb/ros2_ws/install/px4_msgs/include/px4_msgs/px4_msgs/msg/detail/hover_thrust_estimate__type_support.hpp\n'}
[1.403201] (px4_msgs) StdoutLine: {'line': b'-- Up-to-date: /home/mcfb/ros2_ws/install/px4_msgs/include/px4_msgs/px4_msgs/msg/detail/internal_combustion_engine_status__type_support.hpp\n'}
[1.403237] (px4_msgs) StdoutLine: {'line': b'-- Up-to-date: /home/mcfb/ros2_ws/install/px4_msgs/include/px4_msgs/px4_msgs/msg/detail/vehicle_attitude_setpoint__builder.hpp\n'}
[1.403278] (-) TimerEvent: {}
[1.403350] (px4_msgs) StdoutLine: {'line': b'-- Up-to-date: /home/mcfb/ros2_ws/install/px4_msgs/include/px4_msgs/px4_msgs/msg/detail/rover_attitude_setpoint__struct.hpp\n'}
[1.403395] (px4_msgs) StdoutLine: {'line': b'-- Up-to-date: /home/mcfb/ros2_ws/install/px4_msgs/include/px4_msgs/px4_msgs/msg/detail/rover_rate_status__traits.hpp\n'}
[1.403434] (px4_msgs) StdoutLine: {'line': b'-- Up-to-date: /home/mcfb/ros2_ws/install/px4_msgs/include/px4_msgs/px4_msgs/msg/detail/debug_vect__builder.hpp\n'}
[1.403482] (px4_msgs) StdoutLine: {'line': b'-- Up-to-date: /home/mcfb/ros2_ws/install/px4_msgs/include/px4_msgs/px4_msgs/msg/detail/vehicle_local_position__builder.hpp\n'}
[1.403535] (px4_msgs) StdoutLine: {'line': b'-- Up-to-date: /home/mcfb/ros2_ws/install/px4_msgs/include/px4_msgs/px4_msgs/msg/detail/ulog_stream__traits.hpp\n'}
[1.403576] (px4_msgs) StdoutLine: {'line': b'-- Up-to-date: /home/mcfb/ros2_ws/install/px4_msgs/include/px4_msgs/px4_msgs/msg/detail/sensor_selection__type_support.hpp\n'}
[1.403614] (px4_msgs) StdoutLine: {'line': b'-- Up-to-date: /home/mcfb/ros2_ws/install/px4_msgs/include/px4_msgs/px4_msgs/msg/detail/actuator_servos__struct.hpp\n'}
[1.403649] (px4_msgs) StdoutLine: {'line': b'-- Up-to-date: /home/mcfb/ros2_ws/install/px4_msgs/include/px4_msgs/px4_msgs/msg/detail/sensor_accel__type_support.hpp\n'}
[1.403699] (px4_msgs) StdoutLine: {'line': b'-- Up-to-date: /home/mcfb/ros2_ws/install/px4_msgs/include/px4_msgs/px4_msgs/msg/detail/sensor_hygrometer__type_support.hpp\n'}
[1.403749] (px4_msgs) StdoutLine: {'line': b'-- Up-to-date: /home/mcfb/ros2_ws/install/px4_msgs/include/px4_msgs/px4_msgs/msg/detail/dataman_response__traits.hpp\n'}
[1.403785] (px4_msgs) StdoutLine: {'line': b'-- Up-to-date: /home/mcfb/ros2_ws/install/px4_msgs/include/px4_msgs/px4_msgs/msg/detail/mode_completed__struct.hpp\n'}
[1.403821] (px4_msgs) StdoutLine: {'line': b'-- Up-to-date: /home/mcfb/ros2_ws/install/px4_msgs/include/px4_msgs/px4_msgs/msg/detail/vehicle_global_position__builder.hpp\n'}
[1.403866] (px4_msgs) StdoutLine: {'line': b'-- Up-to-date: /home/mcfb/ros2_ws/install/px4_msgs/include/px4_msgs/px4_msgs/msg/detail/onboard_computer_status__type_support.hpp\n'}
[1.403902] (px4_msgs) StdoutLine: {'line': b'-- Up-to-date: /home/mcfb/ros2_ws/install/px4_msgs/include/px4_msgs/px4_msgs/msg/detail/arming_check_request__type_support.hpp\n'}
[1.403941] (px4_msgs) StdoutLine: {'line': b'-- Up-to-date: /home/mcfb/ros2_ws/install/px4_msgs/include/px4_msgs/px4_msgs/msg/detail/offboard_control_mode__struct.hpp\n'}
[1.403977] (px4_msgs) StdoutLine: {'line': b'-- Up-to-date: /home/mcfb/ros2_ws/install/px4_msgs/include/px4_msgs/px4_msgs/msg/detail/gripper__builder.hpp\n'}
[1.404018] (px4_msgs) StdoutLine: {'line': b'-- Up-to-date: /home/mcfb/ros2_ws/install/px4_msgs/include/px4_msgs/px4_msgs/msg/detail/vehicle_local_position_setpoint__traits.hpp\n'}
[1.404053] (px4_msgs) StdoutLine: {'line': b'-- Up-to-date: /home/mcfb/ros2_ws/install/px4_msgs/include/px4_msgs/px4_msgs/msg/detail/airspeed_validated__traits.hpp\n'}
[1.404088] (px4_msgs) StdoutLine: {'line': b'-- Up-to-date: /home/mcfb/ros2_ws/install/px4_msgs/include/px4_msgs/px4_msgs/msg/detail/rover_rate_status__builder.hpp\n'}
[1.404122] (px4_msgs) StdoutLine: {'line': b'-- Up-to-date: /home/mcfb/ros2_ws/install/px4_msgs/include/px4_msgs/px4_msgs/msg/detail/ulog_stream_ack__type_support.hpp\n'}
[1.404156] (px4_msgs) StdoutLine: {'line': b'-- Up-to-date: /home/mcfb/ros2_ws/install/px4_msgs/include/px4_msgs/px4_msgs/msg/detail/sensor_hygrometer__builder.hpp\n'}
[1.404191] (px4_msgs) StdoutLine: {'line': b'-- Up-to-date: /home/mcfb/ros2_ws/install/px4_msgs/include/px4_msgs/px4_msgs/msg/detail/landing_gear__builder.hpp\n'}
[1.404226] (px4_msgs) StdoutLine: {'line': b'-- Up-to-date: /home/mcfb/ros2_ws/install/px4_msgs/include/px4_msgs/px4_msgs/msg/detail/sensor_gnss_relative__type_support.hpp\n'}
[1.404261] (px4_msgs) StdoutLine: {'line': b'-- Up-to-date: /home/mcfb/ros2_ws/install/px4_msgs/include/px4_msgs/px4_msgs/msg/detail/can_interface_status__type_support.hpp\n'}
[1.404297] (px4_msgs) StdoutLine: {'line': b'-- Up-to-date: /home/mcfb/ros2_ws/install/px4_msgs/include/px4_msgs/px4_msgs/msg/detail/generator_status__type_support.hpp\n'}
[1.404332] (px4_msgs) StdoutLine: {'line': b'-- Up-to-date: /home/mcfb/ros2_ws/install/px4_msgs/include/px4_msgs/px4_msgs/msg/detail/rate_ctrl_status__builder.hpp\n'}
[1.404375] (px4_msgs) StdoutLine: {'line': b'-- Up-to-date: /home/mcfb/ros2_ws/install/px4_msgs/include/px4_msgs/px4_msgs/msg/detail/vehicle_optical_flow_vel__type_support.hpp\n'}
[1.404411] (px4_msgs) StdoutLine: {'line': b'-- Up-to-date: /home/mcfb/ros2_ws/install/px4_msgs/include/px4_msgs/px4_msgs/msg/detail/figure_eight_status__traits.hpp\n'}
[1.404449] (px4_msgs) StdoutLine: {'line': b'-- Up-to-date: /home/mcfb/ros2_ws/install/px4_msgs/include/px4_msgs/px4_msgs/msg/detail/esc_report__type_support.hpp\n'}
[1.404484] (px4_msgs) StdoutLine: {'line': b'-- Up-to-date: /home/mcfb/ros2_ws/install/px4_msgs/include/px4_msgs/px4_msgs/msg/detail/geofence_status__type_support.hpp\n'}
[1.404520] (px4_msgs) StdoutLine: {'line': b'-- Up-to-date: /home/mcfb/ros2_ws/install/px4_msgs/include/px4_msgs/px4_msgs/msg/detail/landing_gear_wheel__traits.hpp\n'}
[1.404556] (px4_msgs) StdoutLine: {'line': b'-- Up-to-date: /home/mcfb/ros2_ws/install/px4_msgs/include/px4_msgs/px4_msgs/msg/detail/mavlink_log__type_support.hpp\n'}
[1.404593] (px4_msgs) StdoutLine: {'line': b'-- Up-to-date: /home/mcfb/ros2_ws/install/px4_msgs/include/px4_msgs/px4_msgs/msg/detail/vehicle_thrust_setpoint__struct.hpp\n'}
[1.404627] (px4_msgs) StdoutLine: {'line': b'-- Up-to-date: /home/mcfb/ros2_ws/install/px4_msgs/include/px4_msgs/px4_msgs/msg/detail/esc_status__builder.hpp\n'}
[1.404668] (px4_msgs) StdoutLine: {'line': b'-- Up-to-date: /home/mcfb/ros2_ws/install/px4_msgs/include/px4_msgs/px4_msgs/msg/detail/orb_test__type_support.hpp\n'}
[1.404702] (px4_msgs) StdoutLine: {'line': b'-- Up-to-date: /home/mcfb/ros2_ws/install/px4_msgs/include/px4_msgs/px4_msgs/msg/detail/log_message__traits.hpp\n'}
[1.404736] (px4_msgs) StdoutLine: {'line': b'-- Up-to-date: /home/mcfb/ros2_ws/install/px4_msgs/include/px4_msgs/px4_msgs/msg/detail/orb_test__traits.hpp\n'}
[1.404779] (px4_msgs) StdoutLine: {'line': b'-- Up-to-date: /home/mcfb/ros2_ws/install/px4_msgs/include/px4_msgs/px4_msgs/msg/detail/generator_status__builder.hpp\n'}
[1.404816] (px4_msgs) StdoutLine: {'line': b'-- Up-to-date: /home/mcfb/ros2_ws/install/px4_msgs/include/px4_msgs/px4_msgs/msg/detail/gpio_out__builder.hpp\n'}
[1.404856] (px4_msgs) StdoutLine: {'line': b'-- Up-to-date: /home/mcfb/ros2_ws/install/px4_msgs/include/px4_msgs/px4_msgs/msg/detail/button_event__struct.hpp\n'}
[1.404893] (px4_msgs) StdoutLine: {'line': b'-- Up-to-date: /home/mcfb/ros2_ws/install/px4_msgs/include/px4_msgs/px4_msgs/msg/detail/distance_sensor__struct.hpp\n'}
[1.404931] (px4_msgs) StdoutLine: {'line': b'-- Up-to-date: /home/mcfb/ros2_ws/install/px4_msgs/include/px4_msgs/px4_msgs/msg/detail/vehicle_angular_velocity__struct.hpp\n'}
[1.404972] (px4_msgs) StdoutLine: {'line': b'-- Up-to-date: /home/mcfb/ros2_ws/install/px4_msgs/include/px4_msgs/px4_msgs/msg/detail/trajectory_setpoint6dof__traits.hpp\n'}
[1.405007] (px4_msgs) StdoutLine: {'line': b'-- Up-to-date: /home/mcfb/ros2_ws/install/px4_msgs/include/px4_msgs/px4_msgs/msg/detail/launch_detection_status__traits.hpp\n'}
[1.405044] (px4_msgs) StdoutLine: {'line': b'-- Up-to-date: /home/mcfb/ros2_ws/install/px4_msgs/include/px4_msgs/px4_msgs/msg/detail/gpio_out__struct.hpp\n'}
[1.405079] (px4_msgs) StdoutLine: {'line': b'-- Up-to-date: /home/mcfb/ros2_ws/install/px4_msgs/include/px4_msgs/px4_msgs/msg/detail/vehicle_air_data__type_support.hpp\n'}
[1.405113] (px4_msgs) StdoutLine: {'line': b'-- Up-to-date: /home/mcfb/ros2_ws/install/px4_msgs/include/px4_msgs/px4_msgs/msg/detail/ulog_stream_ack__struct.hpp\n'}
[1.405147] (px4_msgs) StdoutLine: {'line': b'-- Up-to-date: /home/mcfb/ros2_ws/install/px4_msgs/include/px4_msgs/px4_msgs/msg/detail/led_control__struct.hpp\n'}
[1.405183] (px4_msgs) StdoutLine: {'line': b'-- Up-to-date: /home/mcfb/ros2_ws/install/px4_msgs/include/px4_msgs/px4_msgs/msg/detail/vehicle_constraints__traits.hpp\n'}
[1.405218] (px4_msgs) StdoutLine: {'line': b'-- Up-to-date: /home/mcfb/ros2_ws/install/px4_msgs/include/px4_msgs/px4_msgs/msg/detail/heater_status__struct.hpp\n'}
[1.405252] (px4_msgs) StdoutLine: {'line': b'-- Up-to-date: /home/mcfb/ros2_ws/install/px4_msgs/include/px4_msgs/px4_msgs/msg/detail/normalized_unsigned_setpoint__builder.hpp\n'}
[1.405287] (px4_msgs) StdoutLine: {'line': b'-- Up-to-date: /home/mcfb/ros2_ws/install/px4_msgs/include/px4_msgs/px4_msgs/msg/detail/ekf2_timestamps__builder.hpp\n'}
[1.405321] (px4_msgs) StdoutLine: {'line': b'-- Up-to-date: /home/mcfb/ros2_ws/install/px4_msgs/include/px4_msgs/px4_msgs/msg/detail/gpio_request__builder.hpp\n'}
[1.405356] (px4_msgs) StdoutLine: {'line': b'-- Up-to-date: /home/mcfb/ros2_ws/install/px4_msgs/include/px4_msgs/px4_msgs/msg/detail/arming_check_request__struct.hpp\n'}
[1.405390] (px4_msgs) StdoutLine: {'line': b'-- Up-to-date: /home/mcfb/ros2_ws/install/px4_msgs/include/px4_msgs/px4_msgs/msg/detail/position_setpoint__traits.hpp\n'}
[1.405425] (px4_msgs) StdoutLine: {'line': b'-- Up-to-date: /home/mcfb/ros2_ws/install/px4_msgs/include/px4_msgs/px4_msgs/msg/detail/manual_control_setpoint__builder.hpp\n'}
[1.405459] (px4_msgs) StdoutLine: {'line': b'-- Up-to-date: /home/mcfb/ros2_ws/install/px4_msgs/include/px4_msgs/px4_msgs/msg/detail/sensor_preflight_mag__struct.hpp\n'}
[1.405493] (px4_msgs) StdoutLine: {'line': b'-- Up-to-date: /home/mcfb/ros2_ws/install/px4_msgs/include/px4_msgs/px4_msgs/msg/detail/geofence_status__struct.hpp\n'}
[1.405527] (px4_msgs) StdoutLine: {'line': b'-- Up-to-date: /home/mcfb/ros2_ws/install/px4_msgs/include/px4_msgs/px4_msgs/msg/detail/estimator_status_flags__traits.hpp\n'}
[1.405562] (px4_msgs) StdoutLine: {'line': b'-- Up-to-date: /home/mcfb/ros2_ws/install/px4_msgs/include/px4_msgs/px4_msgs/msg/detail/debug_array__type_support.hpp\n'}
[1.405597] (px4_msgs) StdoutLine: {'line': b'-- Up-to-date: /home/mcfb/ros2_ws/install/px4_msgs/include/px4_msgs/px4_msgs/msg/detail/gimbal_device_information__struct.hpp\n'}
[1.405631] (px4_msgs) StdoutLine: {'line': b'-- Up-to-date: /home/mcfb/ros2_ws/install/px4_msgs/include/px4_msgs/px4_msgs/msg/detail/debug_array__traits.hpp\n'}
[1.405670] (px4_msgs) StdoutLine: {'line': b'-- Up-to-date: /home/mcfb/ros2_ws/install/px4_msgs/include/px4_msgs/px4_msgs/msg/detail/logger_status__type_support.hpp\n'}
[1.405705] (px4_msgs) StdoutLine: {'line': b'-- Up-to-date: /home/mcfb/ros2_ws/install/px4_msgs/include/px4_msgs/px4_msgs/msg/detail/gripper__type_support.hpp\n'}
[1.405740] (px4_msgs) StdoutLine: {'line': b'-- Up-to-date: /home/mcfb/ros2_ws/install/px4_msgs/include/px4_msgs/px4_msgs/msg/detail/position_controller_landing_status__struct.hpp\n'}
[1.405776] (px4_msgs) StdoutLine: {'line': b'-- Up-to-date: /home/mcfb/ros2_ws/install/px4_msgs/include/px4_msgs/px4_msgs/msg/detail/vehicle_roi__type_support.hpp\n'}
[1.405812] (px4_msgs) StdoutLine: {'line': b'-- Up-to-date: /home/mcfb/ros2_ws/install/px4_msgs/include/px4_msgs/px4_msgs/msg/detail/gimbal_device_attitude_status__struct.hpp\n'}
[1.405850] (px4_msgs) StdoutLine: {'line': b'-- Up-to-date: /home/mcfb/ros2_ws/install/px4_msgs/include/px4_msgs/px4_msgs/msg/detail/estimator_states__builder.hpp\n'}
[1.405885] (px4_msgs) StdoutLine: {'line': b'-- Up-to-date: /home/mcfb/ros2_ws/install/px4_msgs/include/px4_msgs/px4_msgs/msg/detail/vehicle_global_position__type_support.hpp\n'}
[1.405923] (px4_msgs) StdoutLine: {'line': b'-- Up-to-date: /home/mcfb/ros2_ws/install/px4_msgs/include/px4_msgs/px4_msgs/msg/detail/ping__struct.hpp\n'}
[1.405957] (px4_msgs) StdoutLine: {'line': b'-- Up-to-date: /home/mcfb/ros2_ws/install/px4_msgs/include/px4_msgs/px4_msgs/msg/detail/normalized_unsigned_setpoint__traits.hpp\n'}
[1.405992] (px4_msgs) StdoutLine: {'line': b'-- Up-to-date: /home/mcfb/ros2_ws/install/px4_msgs/include/px4_msgs/px4_msgs/msg/detail/debug_key_value__struct.hpp\n'}
[1.406030] (px4_msgs) StdoutLine: {'line': b'-- Up-to-date: /home/mcfb/ros2_ws/install/px4_msgs/include/px4_msgs/px4_msgs/msg/detail/estimator_aid_source1d__type_support.hpp\n'}
[1.406067] (px4_msgs) StdoutLine: {'line': b'-- Up-to-date: /home/mcfb/ros2_ws/install/px4_msgs/include/px4_msgs/px4_msgs/msg/detail/gpio_config__struct.hpp\n'}
[1.406101] (px4_msgs) StdoutLine: {'line': b'-- Up-to-date: /home/mcfb/ros2_ws/install/px4_msgs/include/px4_msgs/px4_msgs/msg/detail/parameter_reset_request__type_support.hpp\n'}
[1.406135] (px4_msgs) StdoutLine: {'line': b'-- Up-to-date: /home/mcfb/ros2_ws/install/px4_msgs/include/px4_msgs/px4_msgs/msg/detail/sensor_gps__struct.hpp\n'}
[1.406171] (px4_msgs) StdoutLine: {'line': b'-- Up-to-date: /home/mcfb/ros2_ws/install/px4_msgs/include/px4_msgs/px4_msgs/msg/detail/fixed_wing_runway_control__struct.hpp\n'}
[1.406205] (px4_msgs) StdoutLine: {'line': b'-- Up-to-date: /home/mcfb/ros2_ws/install/px4_msgs/include/px4_msgs/px4_msgs/msg/detail/vehicle_angular_acceleration_setpoint__type_support.hpp\n'}
[1.406240] (px4_msgs) StdoutLine: {'line': b'-- Up-to-date: /home/mcfb/ros2_ws/install/px4_msgs/include/px4_msgs/px4_msgs/msg/detail/sensor_mag__struct.hpp\n'}
[1.406277] (px4_msgs) StdoutLine: {'line': b'-- Up-to-date: /home/mcfb/ros2_ws/install/px4_msgs/include/px4_msgs/px4_msgs/msg/detail/fixed_wing_lateral_guidance_status__traits.hpp\n'}
[1.406310] (px4_msgs) StdoutLine: {'line': b'-- Up-to-date: /home/mcfb/ros2_ws/install/px4_msgs/include/px4_msgs/px4_msgs/msg/detail/camera_status__traits.hpp\n'}
[1.406345] (px4_msgs) StdoutLine: {'line': b'-- Up-to-date: /home/mcfb/ros2_ws/install/px4_msgs/include/px4_msgs/px4_msgs/msg/detail/camera_trigger__builder.hpp\n'}
[1.406378] (px4_msgs) StdoutLine: {'line': b'-- Up-to-date: /home/mcfb/ros2_ws/install/px4_msgs/include/px4_msgs/px4_msgs/msg/detail/vehicle_control_mode__struct.hpp\n'}
[1.406411] (px4_msgs) StdoutLine: {'line': b'-- Up-to-date: /home/mcfb/ros2_ws/install/px4_msgs/include/px4_msgs/px4_msgs/msg/detail/vehicle_local_position_setpoint__type_support.hpp\n'}
[1.406446] (px4_msgs) StdoutLine: {'line': b'-- Up-to-date: /home/mcfb/ros2_ws/install/px4_msgs/include/px4_msgs/px4_msgs/msg/detail/vehicle_acceleration__builder.hpp\n'}
[1.406479] (px4_msgs) StdoutLine: {'line': b'-- Up-to-date: /home/mcfb/ros2_ws/install/px4_msgs/include/px4_msgs/px4_msgs/msg/detail/vehicle_odometry__type_support.hpp\n'}
[1.406514] (px4_msgs) StdoutLine: {'line': b'-- Up-to-date: /home/mcfb/ros2_ws/install/px4_msgs/include/px4_msgs/px4_msgs/msg/detail/rover_steering_setpoint__traits.hpp\n'}
[1.406548] (px4_msgs) StdoutLine: {'line': b'-- Up-to-date: /home/mcfb/ros2_ws/install/px4_msgs/include/px4_msgs/px4_msgs/msg/detail/distance_sensor__type_support.hpp\n'}
[1.406581] (px4_msgs) StdoutLine: {'line': b'-- Up-to-date: /home/mcfb/ros2_ws/install/px4_msgs/include/px4_msgs/px4_msgs/msg/detail/landing_gear_wheel__builder.hpp\n'}
[1.406615] (px4_msgs) StdoutLine: {'line': b'-- Up-to-date: /home/mcfb/ros2_ws/install/px4_msgs/include/px4_msgs/px4_msgs/msg/detail/sensor_gyro_fifo__builder.hpp\n'}
[1.406650] (px4_msgs) StdoutLine: {'line': b'-- Up-to-date: /home/mcfb/ros2_ws/install/px4_msgs/include/px4_msgs/px4_msgs/msg/detail/follow_target_status__struct.hpp\n'}
[1.406684] (px4_msgs) StdoutLine: {'line': b'-- Up-to-date: /home/mcfb/ros2_ws/install/px4_msgs/include/px4_msgs/px4_msgs/msg/detail/heater_status__builder.hpp\n'}
[1.406718] (px4_msgs) StdoutLine: {'line': b'-- Up-to-date: /home/mcfb/ros2_ws/install/px4_msgs/include/px4_msgs/px4_msgs/msg/detail/power_button_state__traits.hpp\n'}
[1.406752] (px4_msgs) StdoutLine: {'line': b'-- Up-to-date: /home/mcfb/ros2_ws/install/px4_msgs/include/px4_msgs/px4_msgs/msg/detail/rover_speed_status__struct.hpp\n'}
[1.406786] (px4_msgs) StdoutLine: {'line': b'-- Up-to-date: /home/mcfb/ros2_ws/install/px4_msgs/include/px4_msgs/px4_msgs/msg/detail/vehicle_local_position_setpoint__struct.hpp\n'}
[1.406822] (px4_msgs) StdoutLine: {'line': b'-- Up-to-date: /home/mcfb/ros2_ws/install/px4_msgs/include/px4_msgs/px4_msgs/msg/detail/gpio_in__builder.hpp\n'}
[1.406903] (px4_msgs) StdoutLine: {'line': b'-- Up-to-date: /home/mcfb/ros2_ws/install/px4_msgs/include/px4_msgs/px4_msgs/msg/detail/control_allocator_status__type_support.hpp\n'}
[1.406938] (px4_msgs) StdoutLine: {'line': b'-- Up-to-date: /home/mcfb/ros2_ws/install/px4_msgs/include/px4_msgs/px4_msgs/msg/detail/position_controller_landing_status__type_support.hpp\n'}
[1.406972] (px4_msgs) StdoutLine: {'line': b'-- Up-to-date: /home/mcfb/ros2_ws/install/px4_msgs/include/px4_msgs/px4_msgs/msg/detail/position_controller_landing_status__builder.hpp\n'}
[1.407007] (px4_msgs) StdoutLine: {'line': b'-- Up-to-date: /home/mcfb/ros2_ws/install/px4_msgs/include/px4_msgs/px4_msgs/msg/detail/hover_thrust_estimate__traits.hpp\n'}
[1.407042] (px4_msgs) StdoutLine: {'line': b'-- Up-to-date: /home/mcfb/ros2_ws/install/px4_msgs/include/px4_msgs/px4_msgs/msg/detail/system_power__type_support.hpp\n'}
[1.407079] (px4_msgs) StdoutLine: {'line': b'-- Up-to-date: /home/mcfb/ros2_ws/install/px4_msgs/include/px4_msgs/px4_msgs/msg/detail/estimator_sensor_bias__traits.hpp\n'}
[1.407118] (px4_msgs) StdoutLine: {'line': b'-- Up-to-date: /home/mcfb/ros2_ws/install/px4_msgs/include/px4_msgs/px4_msgs/msg/detail/distance_sensor_mode_change_request__struct.hpp\n'}
[1.407155] (px4_msgs) StdoutLine: {'line': b'-- Up-to-date: /home/mcfb/ros2_ws/install/px4_msgs/include/px4_msgs/px4_msgs/msg/detail/failure_detector_status__builder.hpp\n'}
[1.407193] (px4_msgs) StdoutLine: {'line': b'-- Up-to-date: /home/mcfb/ros2_ws/install/px4_msgs/include/px4_msgs/px4_msgs/msg/detail/sensor_combined__builder.hpp\n'}
[1.407228] (px4_msgs) StdoutLine: {'line': b'-- Up-to-date: /home/mcfb/ros2_ws/install/px4_msgs/include/px4_msgs/px4_msgs/msg/detail/rover_attitude_status__struct.hpp\n'}
[1.407263] (px4_msgs) StdoutLine: {'line': b'-- Up-to-date: /home/mcfb/ros2_ws/install/px4_msgs/include/px4_msgs/px4_msgs/msg/detail/cellular_status__type_support.hpp\n'}
[1.407297] (px4_msgs) StdoutLine: {'line': b'-- Up-to-date: /home/mcfb/ros2_ws/install/px4_msgs/include/px4_msgs/px4_msgs/msg/detail/mavlink_log__builder.hpp\n'}
[1.407332] (px4_msgs) StdoutLine: {'line': b'-- Up-to-date: /home/mcfb/ros2_ws/install/px4_msgs/include/px4_msgs/px4_msgs/msg/detail/gimbal_manager_information__traits.hpp\n'}
[1.407368] (px4_msgs) StdoutLine: {'line': b'-- Up-to-date: /home/mcfb/ros2_ws/install/px4_msgs/include/px4_msgs/px4_msgs/msg/detail/sensor_selection__traits.hpp\n'}
[1.407416] (px4_msgs) StdoutLine: {'line': b'-- Up-to-date: /home/mcfb/ros2_ws/install/px4_msgs/include/px4_msgs/px4_msgs/msg/detail/vehicle_attitude__struct.hpp\n'}
[1.407472] (px4_msgs) StdoutLine: {'line': b'-- Up-to-date: /home/mcfb/ros2_ws/install/px4_msgs/include/px4_msgs/px4_msgs/msg/detail/vehicle_command_ack__struct.hpp\n'}
[1.407514] (px4_msgs) StdoutLine: {'line': b'-- Up-to-date: /home/mcfb/ros2_ws/install/px4_msgs/include/px4_msgs/px4_msgs/msg/detail/vehicle_optical_flow_vel__traits.hpp\n'}
[1.407549] (px4_msgs) StdoutLine: {'line': b'-- Up-to-date: /home/mcfb/ros2_ws/install/px4_msgs/include/px4_msgs/px4_msgs/msg/detail/register_ext_component_reply__builder.hpp\n'}
[1.407587] (px4_msgs) StdoutLine: {'line': b'-- Up-to-date: /home/mcfb/ros2_ws/install/px4_msgs/include/px4_msgs/px4_msgs/msg/detail/actuator_armed__builder.hpp\n'}
[1.407628] (px4_msgs) StdoutLine: {'line': b'-- Up-to-date: /home/mcfb/ros2_ws/install/px4_msgs/include/px4_msgs/px4_msgs/msg/detail/position_setpoint__type_support.hpp\n'}
[1.407675] (px4_msgs) StdoutLine: {'line': b'-- Up-to-date: /home/mcfb/ros2_ws/install/px4_msgs/include/px4_msgs/px4_msgs/msg/detail/actuator_armed__traits.hpp\n'}
[1.407714] (px4_msgs) StdoutLine: {'line': b'-- Up-to-date: /home/mcfb/ros2_ws/install/px4_msgs/include/px4_msgs/px4_msgs/msg/detail/mount_orientation__traits.hpp\n'}
[1.407775] (px4_msgs) StdoutLine: {'line': b'-- Up-to-date: /home/mcfb/ros2_ws/install/px4_msgs/include/px4_msgs/px4_msgs/msg/detail/orb_test_large__traits.hpp\n'}
[1.407811] (px4_msgs) StdoutLine: {'line': b'-- Up-to-date: /home/mcfb/ros2_ws/install/px4_msgs/include/px4_msgs/px4_msgs/msg/detail/battery_info__traits.hpp\n'}
[1.407853] (px4_msgs) StdoutLine: {'line': b'-- Up-to-date: /home/mcfb/ros2_ws/install/px4_msgs/include/px4_msgs/px4_msgs/msg/detail/irlock_report__builder.hpp\n'}
[1.407890] (px4_msgs) StdoutLine: {'line': b'-- Up-to-date: /home/mcfb/ros2_ws/install/px4_msgs/include/px4_msgs/px4_msgs/msg/detail/flight_phase_estimation__builder.hpp\n'}
[1.407925] (px4_msgs) StdoutLine: {'line': b'-- Up-to-date: /home/mcfb/ros2_ws/install/px4_msgs/include/px4_msgs/px4_msgs/msg/detail/position_setpoint_triplet__struct.hpp\n'}
[1.407960] (px4_msgs) StdoutLine: {'line': b'-- Up-to-date: /home/mcfb/ros2_ws/install/px4_msgs/include/px4_msgs/px4_msgs/msg/detail/open_drone_id_system__struct.hpp\n'}
[1.407995] (px4_msgs) StdoutLine: {'line': b'-- Up-to-date: /home/mcfb/ros2_ws/install/px4_msgs/include/px4_msgs/px4_msgs/msg/detail/sensor_gyro_fft__traits.hpp\n'}
[1.408030] (px4_msgs) StdoutLine: {'line': b'-- Up-to-date: /home/mcfb/ros2_ws/install/px4_msgs/include/px4_msgs/px4_msgs/msg/detail/airspeed_validated__type_support.hpp\n'}
[1.408065] (px4_msgs) StdoutLine: {'line': b'-- Up-to-date: /home/mcfb/ros2_ws/install/px4_msgs/include/px4_msgs/px4_msgs/msg/detail/estimator_aid_source3d__builder.hpp\n'}
[1.408115] (px4_msgs) StdoutLine: {'line': b'-- Up-to-date: /home/mcfb/ros2_ws/install/px4_msgs/include/px4_msgs/px4_msgs/msg/detail/log_message__builder.hpp\n'}
[1.408176] (px4_msgs) StdoutLine: {'line': b'-- Up-to-date: /home/mcfb/ros2_ws/install/px4_msgs/include/px4_msgs/px4_msgs/msg/detail/launch_detection_status__type_support.hpp\n'}
[1.408229] (px4_msgs) StdoutLine: {'line': b'-- Up-to-date: /home/mcfb/ros2_ws/install/px4_msgs/include/px4_msgs/px4_msgs/msg/detail/fixed_wing_longitudinal_setpoint__builder.hpp\n'}
[1.408268] (px4_msgs) StdoutLine: {'line': b'-- Up-to-date: /home/mcfb/ros2_ws/install/px4_msgs/include/px4_msgs/px4_msgs/msg/detail/figure_eight_status__struct.hpp\n'}
[1.408305] (px4_msgs) StdoutLine: {'line': b'-- Up-to-date: /home/mcfb/ros2_ws/install/px4_msgs/include/px4_msgs/px4_msgs/msg/detail/estimator_event_flags__traits.hpp\n'}
[1.408342] (px4_msgs) StdoutLine: {'line': b'-- Up-to-date: /home/mcfb/ros2_ws/install/px4_msgs/include/px4_msgs/px4_msgs/msg/detail/orb_test_medium__type_support.hpp\n'}
[1.408381] (px4_msgs) StdoutLine: {'line': b'-- Up-to-date: /home/mcfb/ros2_ws/install/px4_msgs/include/px4_msgs/px4_msgs/msg/detail/sensors_status__struct.hpp\n'}
[1.408441] (px4_msgs) StdoutLine: {'line': b'-- Up-to-date: /home/mcfb/ros2_ws/install/px4_msgs/include/px4_msgs/px4_msgs/msg/detail/sensor_gyro_fifo__struct.hpp\n'}
[1.408479] (px4_msgs) StdoutLine: {'line': b'-- Up-to-date: /home/mcfb/ros2_ws/install/px4_msgs/include/px4_msgs/px4_msgs/msg/detail/estimator_bias3d__traits.hpp\n'}
[1.408520] (px4_msgs) StdoutLine: {'line': b'-- Up-to-date: /home/mcfb/ros2_ws/install/px4_msgs/include/px4_msgs/px4_msgs/msg/detail/landing_target_innovations__type_support.hpp\n'}
[1.408555] (px4_msgs) StdoutLine: {'line': b'-- Up-to-date: /home/mcfb/ros2_ws/install/px4_msgs/include/px4_msgs/px4_msgs/msg/detail/differential_pressure__struct.hpp\n'}
[1.408590] (px4_msgs) StdoutLine: {'line': b'-- Up-to-date: /home/mcfb/ros2_ws/install/px4_msgs/include/px4_msgs/px4_msgs/msg/detail/gimbal_device_attitude_status__traits.hpp\n'}
[1.408625] (px4_msgs) StdoutLine: {'line': b'-- Up-to-date: /home/mcfb/ros2_ws/install/px4_msgs/include/px4_msgs/px4_msgs/msg/detail/vehicle_status__builder.hpp\n'}
[1.408679] (px4_msgs) StdoutLine: {'line': b'-- Up-to-date: /home/mcfb/ros2_ws/install/px4_msgs/include/px4_msgs/px4_msgs/msg/detail/arming_check_reply__type_support.hpp\n'}
[1.408713] (px4_msgs) StdoutLine: {'line': b'-- Up-to-date: /home/mcfb/ros2_ws/install/px4_msgs/include/px4_msgs/px4_msgs/msg/detail/dataman_request__struct.hpp\n'}
[1.408749] (px4_msgs) StdoutLine: {'line': b'-- Up-to-date: /home/mcfb/ros2_ws/install/px4_msgs/include/px4_msgs/px4_msgs/msg/detail/rc_parameter_map__traits.hpp\n'}
[1.408783] (px4_msgs) StdoutLine: {'line': b'-- Up-to-date: /home/mcfb/ros2_ws/install/px4_msgs/include/px4_msgs/px4_msgs/msg/detail/landing_gear__type_support.hpp\n'}
[1.408817] (px4_msgs) StdoutLine: {'line': b'-- Up-to-date: /home/mcfb/ros2_ws/install/px4_msgs/include/px4_msgs/px4_msgs/msg/detail/follow_target__struct.hpp\n'}
[1.408859] (px4_msgs) StdoutLine: {'line': b'-- Up-to-date: /home/mcfb/ros2_ws/install/px4_msgs/include/px4_msgs/px4_msgs/msg/detail/parameter_update__traits.hpp\n'}
[1.408894] (px4_msgs) StdoutLine: {'line': b'-- Up-to-date: /home/mcfb/ros2_ws/install/px4_msgs/include/px4_msgs/px4_msgs/msg/detail/actuator_armed__type_support.hpp\n'}
[1.408929] (px4_msgs) StdoutLine: {'line': b'-- Up-to-date: /home/mcfb/ros2_ws/install/px4_msgs/include/px4_msgs/px4_msgs/msg/detail/actuator_armed__struct.hpp\n'}
[1.408964] (px4_msgs) StdoutLine: {'line': b'-- Up-to-date: /home/mcfb/ros2_ws/install/px4_msgs/include/px4_msgs/px4_msgs/msg/detail/home_position__struct.hpp\n'}
[1.409007] (px4_msgs) StdoutLine: {'line': b'-- Up-to-date: /home/mcfb/ros2_ws/install/px4_msgs/include/px4_msgs/px4_msgs/msg/detail/health_report__traits.hpp\n'}
[1.409046] (px4_msgs) StdoutLine: {'line': b'-- Up-to-date: /home/mcfb/ros2_ws/install/px4_msgs/include/px4_msgs/px4_msgs/msg/detail/vehicle_local_position__struct.hpp\n'}
[1.409092] (px4_msgs) StdoutLine: {'line': b'-- Up-to-date: /home/mcfb/ros2_ws/install/px4_msgs/include/px4_msgs/px4_msgs/msg/detail/gimbal_controls__type_support.hpp\n'}
[1.409132] (px4_msgs) StdoutLine: {'line': b'-- Up-to-date: /home/mcfb/ros2_ws/install/px4_msgs/include/px4_msgs/px4_msgs/msg/detail/orbit_status__builder.hpp\n'}
[1.409185] (px4_msgs) StdoutLine: {'line': b'-- Up-to-date: /home/mcfb/ros2_ws/install/px4_msgs/include/px4_msgs/px4_msgs/msg/detail/vehicle_attitude_setpoint__type_support.hpp\n'}
[1.409220] (px4_msgs) StdoutLine: {'line': b'-- Up-to-date: /home/mcfb/ros2_ws/install/px4_msgs/include/px4_msgs/px4_msgs/msg/detail/rover_steering_setpoint__struct.hpp\n'}
[1.409255] (px4_msgs) StdoutLine: {'line': b'-- Up-to-date: /home/mcfb/ros2_ws/install/px4_msgs/include/px4_msgs/px4_msgs/msg/detail/failure_detector_status__type_support.hpp\n'}
[1.409291] (px4_msgs) StdoutLine: {'line': b'-- Up-to-date: /home/mcfb/ros2_ws/install/px4_msgs/include/px4_msgs/px4_msgs/msg/detail/gripper__struct.hpp\n'}
[1.409329] (px4_msgs) StdoutLine: {'line': b'-- Up-to-date: /home/mcfb/ros2_ws/install/px4_msgs/include/px4_msgs/px4_msgs/msg/detail/vehicle_local_position__traits.hpp\n'}
[1.409375] (px4_msgs) StdoutLine: {'line': b'-- Up-to-date: /home/mcfb/ros2_ws/install/px4_msgs/include/px4_msgs/px4_msgs/msg/detail/can_interface_status__struct.hpp\n'}
[1.409410] (px4_msgs) StdoutLine: {'line': b'-- Up-to-date: /home/mcfb/ros2_ws/install/px4_msgs/include/px4_msgs/px4_msgs/msg/detail/gpio_in__struct.hpp\n'}
[1.409445] (px4_msgs) StdoutLine: {'line': b'-- Up-to-date: /home/mcfb/ros2_ws/install/px4_msgs/include/px4_msgs/px4_msgs/msg/detail/gpio_config__traits.hpp\n'}
[1.409479] (px4_msgs) StdoutLine: {'line': b'-- Up-to-date: /home/mcfb/ros2_ws/install/px4_msgs/include/px4_msgs/px4_msgs/msg/detail/vehicle_attitude_setpoint__struct.hpp\n'}
[1.409514] (px4_msgs) StdoutLine: {'line': b'-- Up-to-date: /home/mcfb/ros2_ws/install/px4_msgs/include/px4_msgs/px4_msgs/msg/detail/mavlink_log__struct.hpp\n'}
[1.409548] (px4_msgs) StdoutLine: {'line': b'-- Up-to-date: /home/mcfb/ros2_ws/install/px4_msgs/include/px4_msgs/px4_msgs/msg/detail/vehicle_constraints__type_support.hpp\n'}
[1.409581] (px4_msgs) StdoutLine: {'line': b'-- Up-to-date: /home/mcfb/ros2_ws/install/px4_msgs/include/px4_msgs/px4_msgs/msg/detail/navigator_mission_item__type_support.hpp\n'}
[1.409616] (px4_msgs) StdoutLine: {'line': b'-- Up-to-date: /home/mcfb/ros2_ws/install/px4_msgs/include/px4_msgs/px4_msgs/msg/detail/yaw_estimator_status__traits.hpp\n'}
[1.409649] (px4_msgs) StdoutLine: {'line': b'-- Up-to-date: /home/mcfb/ros2_ws/install/px4_msgs/include/px4_msgs/px4_msgs/msg/detail/parameter_reset_request__builder.hpp\n'}
[1.409685] (px4_msgs) StdoutLine: {'line': b'-- Up-to-date: /home/mcfb/ros2_ws/install/px4_msgs/include/px4_msgs/px4_msgs/msg/detail/uavcan_parameter_request__traits.hpp\n'}
[1.409721] (px4_msgs) StdoutLine: {'line': b'-- Up-to-date: /home/mcfb/ros2_ws/install/px4_msgs/include/px4_msgs/px4_msgs/msg/detail/airspeed__traits.hpp\n'}
[1.409760] (px4_msgs) StdoutLine: {'line': b'-- Up-to-date: /home/mcfb/ros2_ws/install/px4_msgs/include/px4_msgs/px4_msgs/msg/detail/parameter_set_value_response__builder.hpp\n'}
[1.409829] (px4_msgs) StdoutLine: {'line': b'-- Up-to-date: /home/mcfb/ros2_ws/install/px4_msgs/include/px4_msgs/px4_msgs/msg/detail/button_event__type_support.hpp\n'}
[1.409871] (px4_msgs) StdoutLine: {'line': b'-- Up-to-date: /home/mcfb/ros2_ws/install/px4_msgs/include/px4_msgs/px4_msgs/msg/detail/sensor_baro__type_support.hpp\n'}
[1.409906] (px4_msgs) StdoutLine: {'line': b'-- Up-to-date: /home/mcfb/ros2_ws/install/px4_msgs/include/px4_msgs/px4_msgs/msg/detail/open_drone_id_operator_id__struct.hpp\n'}
[1.409941] (px4_msgs) StdoutLine: {'line': b'-- Up-to-date: /home/mcfb/ros2_ws/install/px4_msgs/include/px4_msgs/px4_msgs/msg/detail/rc_channels__type_support.hpp\n'}
[1.409976] (px4_msgs) StdoutLine: {'line': b'-- Up-to-date: /home/mcfb/ros2_ws/install/px4_msgs/include/px4_msgs/px4_msgs/msg/detail/open_drone_id_arm_status__builder.hpp\n'}
[1.410017] (px4_msgs) StdoutLine: {'line': b'-- Up-to-date: /home/mcfb/ros2_ws/install/px4_msgs/include/px4_msgs/px4_msgs/msg/detail/message_format_request__struct.hpp\n'}
[1.410055] (px4_msgs) StdoutLine: {'line': b'-- Up-to-date: /home/mcfb/ros2_ws/install/px4_msgs/include/px4_msgs/px4_msgs/msg/detail/vehicle_odometry__builder.hpp\n'}
[1.410095] (px4_msgs) StdoutLine: {'line': b'-- Up-to-date: /home/mcfb/ros2_ws/install/px4_msgs/include/px4_msgs/px4_msgs/msg/detail/qshell_retval__struct.hpp\n'}
[1.410134] (px4_msgs) StdoutLine: {'line': b'-- Up-to-date: /home/mcfb/ros2_ws/install/px4_msgs/include/px4_msgs/px4_msgs/msg/detail/gps_dump__builder.hpp\n'}
[1.410173] (px4_msgs) StdoutLine: {'line': b'-- Up-to-date: /home/mcfb/ros2_ws/install/px4_msgs/include/px4_msgs/px4_msgs/msg/detail/arming_check_reply__struct.hpp\n'}
[1.410211] (px4_msgs) StdoutLine: {'line': b'-- Up-to-date: /home/mcfb/ros2_ws/install/px4_msgs/include/px4_msgs/px4_msgs/msg/detail/vehicle_optical_flow__traits.hpp\n'}
[1.410251] (px4_msgs) StdoutLine: {'line': b'-- Up-to-date: /home/mcfb/ros2_ws/install/px4_msgs/include/px4_msgs/px4_msgs/msg/detail/trajectory_setpoint6dof__type_support.hpp\n'}
[1.410289] (px4_msgs) StdoutLine: {'line': b'-- Up-to-date: /home/mcfb/ros2_ws/install/px4_msgs/include/px4_msgs/px4_msgs/msg/detail/tecs_status__traits.hpp\n'}
[1.410332] (px4_msgs) StdoutLine: {'line': b'-- Up-to-date: /home/mcfb/ros2_ws/install/px4_msgs/include/px4_msgs/px4_msgs/msg/detail/sensor_gnss_status__builder.hpp\n'}
[1.410371] (px4_msgs) StdoutLine: {'line': b'-- Up-to-date: /home/mcfb/ros2_ws/install/px4_msgs/include/px4_msgs/px4_msgs/msg/detail/mavlink_tunnel__builder.hpp\n'}
[1.410409] (px4_msgs) StdoutLine: {'line': b'-- Up-to-date: /home/mcfb/ros2_ws/install/px4_msgs/include/px4_msgs/px4_msgs/msg/detail/pure_pursuit_status__traits.hpp\n'}
[1.410449] (px4_msgs) StdoutLine: {'line': b'-- Up-to-date: /home/mcfb/ros2_ws/install/px4_msgs/include/px4_msgs/px4_msgs/msg/detail/rover_attitude_status__builder.hpp\n'}
[1.410489] (px4_msgs) StdoutLine: {'line': b'-- Up-to-date: /home/mcfb/ros2_ws/install/px4_msgs/include/px4_msgs/px4_msgs/msg/detail/gripper__traits.hpp\n'}
[1.410529] (px4_msgs) StdoutLine: {'line': b'-- Up-to-date: /home/mcfb/ros2_ws/install/px4_msgs/include/px4_msgs/px4_msgs/msg/detail/gps_dump__traits.hpp\n'}
[1.410567] (px4_msgs) StdoutLine: {'line': b'-- Up-to-date: /home/mcfb/ros2_ws/install/px4_msgs/include/px4_msgs/px4_msgs/msg/detail/rtl_status__type_support.hpp\n'}
[1.410605] (px4_msgs) StdoutLine: {'line': b'-- Up-to-date: /home/mcfb/ros2_ws/install/px4_msgs/include/px4_msgs/px4_msgs/msg/detail/position_setpoint_triplet__type_support.hpp\n'}
[1.410643] (px4_msgs) StdoutLine: {'line': b'-- Up-to-date: /home/mcfb/ros2_ws/install/px4_msgs/include/px4_msgs/px4_msgs/msg/detail/actuator_outputs__struct.hpp\n'}
[1.410680] (px4_msgs) StdoutLine: {'line': b'-- Up-to-date: /home/mcfb/ros2_ws/install/px4_msgs/include/px4_msgs/px4_msgs/msg/detail/rate_ctrl_status__traits.hpp\n'}
[1.410719] (px4_msgs) StdoutLine: {'line': b'-- Up-to-date: /home/mcfb/ros2_ws/install/px4_msgs/include/px4_msgs/px4_msgs/msg/detail/message_format_response__builder.hpp\n'}
[1.410757] (px4_msgs) StdoutLine: {'line': b'-- Up-to-date: /home/mcfb/ros2_ws/install/px4_msgs/include/px4_msgs/px4_msgs/msg/detail/rover_speed_setpoint__type_support.hpp\n'}
[1.410794] (px4_msgs) StdoutLine: {'line': b'-- Up-to-date: /home/mcfb/ros2_ws/install/px4_msgs/include/px4_msgs/px4_msgs/msg/detail/gimbal_manager_status__type_support.hpp\n'}
[1.410859] (px4_msgs) StdoutLine: {'line': b'-- Up-to-date: /home/mcfb/ros2_ws/install/px4_msgs/include/px4_msgs/px4_msgs/msg/detail/gimbal_manager_information__builder.hpp\n'}
[1.410896] (px4_msgs) StdoutLine: {'line': b'-- Up-to-date: /home/mcfb/ros2_ws/install/px4_msgs/include/px4_msgs/px4_msgs/msg/detail/cellular_status__traits.hpp\n'}
[1.410934] (px4_msgs) StdoutLine: {'line': b'-- Up-to-date: /home/mcfb/ros2_ws/install/px4_msgs/include/px4_msgs/px4_msgs/msg/detail/orb_test_medium__struct.hpp\n'}
[1.410983] (px4_msgs) StdoutLine: {'line': b'-- Up-to-date: /home/mcfb/ros2_ws/install/px4_msgs/include/px4_msgs/px4_msgs/msg/detail/trajectory_setpoint6dof__builder.hpp\n'}
[1.411019] (px4_msgs) StdoutLine: {'line': b'-- Up-to-date: /home/mcfb/ros2_ws/install/px4_msgs/include/px4_msgs/px4_msgs/msg/detail/gimbal_controls__traits.hpp\n'}
[1.411052] (px4_msgs) StdoutLine: {'line': b'-- Up-to-date: /home/mcfb/ros2_ws/install/px4_msgs/include/px4_msgs/px4_msgs/msg/detail/geofence_status__traits.hpp\n'}
[1.411088] (px4_msgs) StdoutLine: {'line': b'-- Up-to-date: /home/mcfb/ros2_ws/install/px4_msgs/include/px4_msgs/px4_msgs/msg/detail/radio_status__builder.hpp\n'}
[1.411123] (px4_msgs) StdoutLine: {'line': b'-- Up-to-date: /home/mcfb/ros2_ws/install/px4_msgs/include/px4_msgs/px4_msgs/msg/detail/rate_ctrl_status__struct.hpp\n'}
[1.411165] (px4_msgs) StdoutLine: {'line': b'-- Up-to-date: /home/mcfb/ros2_ws/install/px4_msgs/include/px4_msgs/px4_msgs/msg/detail/led_control__builder.hpp\n'}
[1.411201] (px4_msgs) StdoutLine: {'line': b'-- Up-to-date: /home/mcfb/ros2_ws/install/px4_msgs/include/px4_msgs/px4_msgs/msg/detail/rtl_status__struct.hpp\n'}
[1.411241] (px4_msgs) StdoutLine: {'line': b'-- Up-to-date: /home/mcfb/ros2_ws/install/px4_msgs/include/px4_msgs/px4_msgs/msg/detail/debug_key_value__type_support.hpp\n'}
[1.411291] (px4_msgs) StdoutLine: {'line': b'-- Up-to-date: /home/mcfb/ros2_ws/install/px4_msgs/include/px4_msgs/px4_msgs/msg/detail/can_interface_status__traits.hpp\n'}
[1.411326] (px4_msgs) StdoutLine: {'line': b'-- Up-to-date: /home/mcfb/ros2_ws/install/px4_msgs/include/px4_msgs/px4_msgs/msg/detail/estimator_gps_status__struct.hpp\n'}
[1.411361] (px4_msgs) StdoutLine: {'line': b'-- Up-to-date: /home/mcfb/ros2_ws/install/px4_msgs/include/px4_msgs/px4_msgs/msg/detail/health_report__builder.hpp\n'}
[1.411406] (px4_msgs) StdoutLine: {'line': b'-- Up-to-date: /home/mcfb/ros2_ws/install/px4_msgs/include/px4_msgs/px4_msgs/msg/detail/ekf2_timestamps__type_support.hpp\n'}
[1.411443] (px4_msgs) StdoutLine: {'line': b'-- Up-to-date: /home/mcfb/ros2_ws/install/px4_msgs/include/px4_msgs/px4_msgs/msg/detail/estimator_status__type_support.hpp\n'}
[1.411482] (px4_msgs) StdoutLine: {'line': b'-- Up-to-date: /home/mcfb/ros2_ws/install/px4_msgs/include/px4_msgs/px4_msgs/msg/detail/gimbal_manager_set_attitude__traits.hpp\n'}
[1.411636] (px4_msgs) StdoutLine: {'line': b'-- Up-to-date: /home/mcfb/ros2_ws/install/px4_msgs/include/px4_msgs/px4_msgs/msg/detail/trajectory_setpoint6dof__struct.hpp\n'}
[1.411702] (px4_msgs) StdoutLine: {'line': b'-- Up-to-date: /home/mcfb/ros2_ws/install/px4_msgs/include/px4_msgs/px4_msgs/msg/detail/rate_ctrl_status__type_support.hpp\n'}
[1.411743] (px4_msgs) StdoutLine: {'line': b'-- Up-to-date: /home/mcfb/ros2_ws/install/px4_msgs/include/px4_msgs/px4_msgs/msg/detail/estimator_status__struct.hpp\n'}
[1.411784] (px4_msgs) StdoutLine: {'line': b'-- Up-to-date: /home/mcfb/ros2_ws/install/px4_msgs/include/px4_msgs/px4_msgs/msg/detail/navigator_status__struct.hpp\n'}
[1.411845] (px4_msgs) StdoutLine: {'line': b'-- Up-to-date: /home/mcfb/ros2_ws/install/px4_msgs/include/px4_msgs/px4_msgs/msg/detail/open_drone_id_self_id__builder.hpp\n'}
[1.411883] (px4_msgs) StdoutLine: {'line': b'-- Up-to-date: /home/mcfb/ros2_ws/install/px4_msgs/include/px4_msgs/px4_msgs/msg/detail/parameter_update__type_support.hpp\n'}
[1.411920] (px4_msgs) StdoutLine: {'line': b'-- Up-to-date: /home/mcfb/ros2_ws/install/px4_msgs/include/px4_msgs/px4_msgs/msg/detail/trajectory_setpoint__type_support.hpp\n'}
[1.411956] (px4_msgs) StdoutLine: {'line': b'-- Up-to-date: /home/mcfb/ros2_ws/install/px4_msgs/include/px4_msgs/px4_msgs/msg/detail/power_monitor__type_support.hpp\n'}
[1.411992] (px4_msgs) StdoutLine: {'line': b'-- Up-to-date: /home/mcfb/ros2_ws/install/px4_msgs/include/px4_msgs/px4_msgs/msg/detail/estimator_aid_source3d__struct.hpp\n'}
[1.412029] (px4_msgs) StdoutLine: {'line': b'-- Up-to-date: /home/mcfb/ros2_ws/install/px4_msgs/include/px4_msgs/px4_msgs/msg/detail/estimator_bias3d__builder.hpp\n'}
[1.412065] (px4_msgs) StdoutLine: {'line': b'-- Up-to-date: /home/mcfb/ros2_ws/install/px4_msgs/include/px4_msgs/px4_msgs/msg/detail/mount_orientation__builder.hpp\n'}
[1.412101] (px4_msgs) StdoutLine: {'line': b'-- Up-to-date: /home/mcfb/ros2_ws/install/px4_msgs/include/px4_msgs/px4_msgs/msg/detail/offboard_control_mode__traits.hpp\n'}
[1.412137] (px4_msgs) StdoutLine: {'line': b'-- Up-to-date: /home/mcfb/ros2_ws/install/px4_msgs/include/px4_msgs/px4_msgs/msg/detail/gimbal_device_information__traits.hpp\n'}
[1.412171] (px4_msgs) StdoutLine: {'line': b'-- Up-to-date: /home/mcfb/ros2_ws/install/px4_msgs/include/px4_msgs/px4_msgs/msg/detail/follow_target_status__type_support.hpp\n'}
[1.412205] (px4_msgs) StdoutLine: {'line': b'-- Up-to-date: /home/mcfb/ros2_ws/install/px4_msgs/include/px4_msgs/px4_msgs/msg/detail/sensor_accel_fifo__traits.hpp\n'}
[1.412255] (px4_msgs) StdoutLine: {'line': b'-- Up-to-date: /home/mcfb/ros2_ws/install/px4_msgs/include/px4_msgs/px4_msgs/msg/detail/orbit_status__type_support.hpp\n'}
[1.412293] (px4_msgs) StdoutLine: {'line': b'-- Up-to-date: /home/mcfb/ros2_ws/install/px4_msgs/include/px4_msgs/px4_msgs/msg/detail/fixed_wing_lateral_guidance_status__type_support.hpp\n'}
[1.412337] (px4_msgs) StdoutLine: {'line': b'-- Up-to-date: /home/mcfb/ros2_ws/install/px4_msgs/include/px4_msgs/px4_msgs/msg/detail/estimator_aid_source2d__struct.hpp\n'}
[1.412375] (px4_msgs) StdoutLine: {'line': b'-- Up-to-date: /home/mcfb/ros2_ws/install/px4_msgs/include/px4_msgs/px4_msgs/msg/detail/heater_status__type_support.hpp\n'}
[1.412410] (px4_msgs) StdoutLine: {'line': b'-- Up-to-date: /home/mcfb/ros2_ws/install/px4_msgs/include/px4_msgs/px4_msgs/msg/detail/normalized_unsigned_setpoint__type_support.hpp\n'}
[1.412445] (px4_msgs) StdoutLine: {'line': b'-- Up-to-date: /home/mcfb/ros2_ws/install/px4_msgs/include/px4_msgs/px4_msgs/msg/detail/velocity_limits__traits.hpp\n'}
[1.412480] (px4_msgs) StdoutLine: {'line': b'-- Up-to-date: /home/mcfb/ros2_ws/install/px4_msgs/include/px4_msgs/px4_msgs/msg/detail/sensor_gyro_fifo__traits.hpp\n'}
[1.412516] (px4_msgs) StdoutLine: {'line': b'-- Up-to-date: /home/mcfb/ros2_ws/install/px4_msgs/include/px4_msgs/px4_msgs/msg/detail/adc_report__struct.hpp\n'}
[1.412551] (px4_msgs) StdoutLine: {'line': b'-- Up-to-date: /home/mcfb/ros2_ws/install/px4_msgs/include/px4_msgs/px4_msgs/msg/detail/register_ext_component_request__traits.hpp\n'}
[1.412586] (px4_msgs) StdoutLine: {'line': b'-- Up-to-date: /home/mcfb/ros2_ws/install/px4_msgs/include/px4_msgs/px4_msgs/msg/detail/autotune_attitude_control_status__builder.hpp\n'}
[1.412626] (px4_msgs) StdoutLine: {'line': b'-- Up-to-date: /home/mcfb/ros2_ws/install/px4_msgs/include/px4_msgs/px4_msgs/msg/detail/orbit_status__traits.hpp\n'}
[1.412678] (px4_msgs) StdoutLine: {'line': b'-- Up-to-date: /home/mcfb/ros2_ws/install/px4_msgs/include/px4_msgs/px4_msgs/msg/detail/config_overrides__type_support.hpp\n'}
[1.412729] (px4_msgs) StdoutLine: {'line': b'-- Up-to-date: /home/mcfb/ros2_ws/install/px4_msgs/include/px4_msgs/px4_msgs/msg/detail/vehicle_optical_flow__struct.hpp\n'}
[1.412780] (px4_msgs) StdoutLine: {'line': b'-- Up-to-date: /home/mcfb/ros2_ws/install/px4_msgs/include/px4_msgs/px4_msgs/msg/detail/rtl_status__builder.hpp\n'}
[1.412833] (px4_msgs) StdoutLine: {'line': b'-- Up-to-date: /home/mcfb/ros2_ws/install/px4_msgs/include/px4_msgs/px4_msgs/msg/detail/pps_capture__builder.hpp\n'}
[1.412883] (px4_msgs) StdoutLine: {'line': b'-- Up-to-date: /home/mcfb/ros2_ws/install/px4_msgs/include/px4_msgs/px4_msgs/msg/detail/vehicle_command__type_support.hpp\n'}
[1.412959] (px4_msgs) StdoutLine: {'line': b'-- Up-to-date: /home/mcfb/ros2_ws/install/px4_msgs/include/px4_msgs/px4_msgs/msg/detail/sensor_preflight_mag__type_support.hpp\n'}
[1.412995] (px4_msgs) StdoutLine: {'line': b'-- Up-to-date: /home/mcfb/ros2_ws/install/px4_msgs/include/px4_msgs/px4_msgs/msg/detail/control_allocator_status__struct.hpp\n'}
[1.413031] (px4_msgs) StdoutLine: {'line': b'-- Up-to-date: /home/mcfb/ros2_ws/install/px4_msgs/include/px4_msgs/px4_msgs/msg/detail/fixed_wing_longitudinal_setpoint__traits.hpp\n'}
[1.413067] (px4_msgs) StdoutLine: {'line': b'-- Up-to-date: /home/mcfb/ros2_ws/install/px4_msgs/include/px4_msgs/px4_msgs/msg/detail/neural_control__traits.hpp\n'}
[1.413103] (px4_msgs) StdoutLine: {'line': b'-- Up-to-date: /home/mcfb/ros2_ws/install/px4_msgs/include/px4_msgs/px4_msgs/msg/detail/parameter_set_value_request__traits.hpp\n'}
[1.413140] (px4_msgs) StdoutLine: {'line': b'-- Up-to-date: /home/mcfb/ros2_ws/install/px4_msgs/include/px4_msgs/px4_msgs/msg/detail/transponder_report__builder.hpp\n'}
[1.413176] (px4_msgs) StdoutLine: {'line': b'-- Up-to-date: /home/mcfb/ros2_ws/install/px4_msgs/include/px4_msgs/px4_msgs/msg/detail/estimator_states__struct.hpp\n'}
[1.413228] (px4_msgs) StdoutLine: {'line': b'-- Up-to-date: /home/mcfb/ros2_ws/install/px4_msgs/include/px4_msgs/px4_msgs/msg/detail/follow_target_status__traits.hpp\n'}
[1.413277] (px4_msgs) StdoutLine: {'line': b'-- Up-to-date: /home/mcfb/ros2_ws/install/px4_msgs/include/px4_msgs/px4_msgs/msg/detail/vehicle_land_detected__struct.hpp\n'}
[1.413325] (px4_msgs) StdoutLine: {'line': b'-- Up-to-date: /home/mcfb/ros2_ws/install/px4_msgs/include/px4_msgs/px4_msgs/msg/detail/manual_control_switches__traits.hpp\n'}
[1.413374] (px4_msgs) StdoutLine: {'line': b'-- Up-to-date: /home/mcfb/ros2_ws/install/px4_msgs/include/px4_msgs/px4_msgs/msg/detail/satellite_info__struct.hpp\n'}
[1.413427] (px4_msgs) StdoutLine: {'line': b'-- Up-to-date: /home/mcfb/ros2_ws/install/px4_msgs/include/px4_msgs/px4_msgs/msg/detail/heater_status__traits.hpp\n'}
[1.413464] (px4_msgs) StdoutLine: {'line': b'-- Up-to-date: /home/mcfb/ros2_ws/install/px4_msgs/include/px4_msgs/px4_msgs/msg/detail/open_drone_id_self_id__type_support.hpp\n'}
[1.413498] (px4_msgs) StdoutLine: {'line': b'-- Up-to-date: /home/mcfb/ros2_ws/install/px4_msgs/include/px4_msgs/px4_msgs/msg/detail/launch_detection_status__builder.hpp\n'}
[1.413533] (px4_msgs) StdoutLine: {'line': b'-- Up-to-date: /home/mcfb/ros2_ws/install/px4_msgs/include/px4_msgs/px4_msgs/msg/detail/actuator_servos_trim__type_support.hpp\n'}
[1.413568] (px4_msgs) StdoutLine: {'line': b'-- Up-to-date: /home/mcfb/ros2_ws/install/px4_msgs/include/px4_msgs/px4_msgs/msg/detail/debug_vect__type_support.hpp\n'}
[1.413631] (px4_msgs) StdoutLine: {'line': b'-- Up-to-date: /home/mcfb/ros2_ws/install/px4_msgs/include/px4_msgs/px4_msgs/msg/detail/sensor_uwb__builder.hpp\n'}
[1.413681] (px4_msgs) StdoutLine: {'line': b'-- Up-to-date: /home/mcfb/ros2_ws/install/px4_msgs/include/px4_msgs/px4_msgs/msg/detail/irlock_report__type_support.hpp\n'}
[1.413740] (px4_msgs) StdoutLine: {'line': b'-- Up-to-date: /home/mcfb/ros2_ws/install/px4_msgs/include/px4_msgs/px4_msgs/msg/detail/open_drone_id_system__traits.hpp\n'}
[1.413778] (px4_msgs) StdoutLine: {'line': b'-- Up-to-date: /home/mcfb/ros2_ws/install/px4_msgs/include/px4_msgs/px4_msgs/msg/detail/camera_capture__traits.hpp\n'}
[1.413815] (px4_msgs) StdoutLine: {'line': b'-- Up-to-date: /home/mcfb/ros2_ws/install/px4_msgs/include/px4_msgs/px4_msgs/msg/detail/irlock_report__struct.hpp\n'}
[1.413868] (px4_msgs) StdoutLine: {'line': b'-- Up-to-date: /home/mcfb/ros2_ws/install/px4_msgs/include/px4_msgs/px4_msgs/msg/detail/actuator_outputs__traits.hpp\n'}
[1.413917] (px4_msgs) StdoutLine: {'line': b'-- Up-to-date: /home/mcfb/ros2_ws/install/px4_msgs/include/px4_msgs/px4_msgs/msg/detail/sensors_status_imu__traits.hpp\n'}
[1.413967] (px4_msgs) StdoutLine: {'line': b'-- Up-to-date: /home/mcfb/ros2_ws/install/px4_msgs/include/px4_msgs/px4_msgs/msg/detail/airspeed_wind__type_support.hpp\n'}
[1.414016] (px4_msgs) StdoutLine: {'line': b'-- Up-to-date: /home/mcfb/ros2_ws/install/px4_msgs/include/px4_msgs/px4_msgs/msg/detail/pps_capture__type_support.hpp\n'}
[1.414065] (px4_msgs) StdoutLine: {'line': b'-- Up-to-date: /home/mcfb/ros2_ws/install/px4_msgs/include/px4_msgs/px4_msgs/msg/detail/sensor_hygrometer__struct.hpp\n'}
[1.414129] (px4_msgs) StdoutLine: {'line': b'-- Up-to-date: /home/mcfb/ros2_ws/install/px4_msgs/include/px4_msgs/px4_msgs/msg/detail/sensors_status__builder.hpp\n'}
[1.414168] (px4_msgs) StdoutLine: {'line': b'-- Up-to-date: /home/mcfb/ros2_ws/install/px4_msgs/include/px4_msgs/px4_msgs/msg/detail/navigator_status__traits.hpp\n'}
[1.414212] (px4_msgs) StdoutLine: {'line': b'-- Up-to-date: /home/mcfb/ros2_ws/install/px4_msgs/include/px4_msgs/px4_msgs/msg/detail/sensor_accel__traits.hpp\n'}
[1.414246] (px4_msgs) StdoutLine: {'line': b'-- Up-to-date: /home/mcfb/ros2_ws/install/px4_msgs/include/px4_msgs/px4_msgs/msg/detail/camera_trigger__type_support.hpp\n'}
[1.414283] (px4_msgs) StdoutLine: {'line': b'-- Up-to-date: /home/mcfb/ros2_ws/install/px4_msgs/include/px4_msgs/px4_msgs/msg/detail/geofence_result__traits.hpp\n'}
[1.414318] (px4_msgs) StdoutLine: {'line': b'-- Up-to-date: /home/mcfb/ros2_ws/install/px4_msgs/include/px4_msgs/px4_msgs/msg/detail/actuator_outputs__type_support.hpp\n'}
[1.414353] (px4_msgs) StdoutLine: {'line': b'-- Up-to-date: /home/mcfb/ros2_ws/install/px4_msgs/include/px4_msgs/px4_msgs/msg/detail/fuel_tank_status__builder.hpp\n'}
[1.414401] (px4_msgs) StdoutLine: {'line': b'-- Up-to-date: /home/mcfb/ros2_ws/install/px4_msgs/include/px4_msgs/px4_msgs/msg/detail/landing_target_innovations__struct.hpp\n'}
[1.414438] (px4_msgs) StdoutLine: {'line': b'-- Up-to-date: /home/mcfb/ros2_ws/install/px4_msgs/include/px4_msgs/px4_msgs/msg/detail/gimbal_manager_information__type_support.hpp\n'}
[1.414479] (px4_msgs) StdoutLine: {'line': b'-- Up-to-date: /home/mcfb/ros2_ws/install/px4_msgs/include/px4_msgs/px4_msgs/msg/detail/actuator_servos__traits.hpp\n'}
[1.414516] (px4_msgs) StdoutLine: {'line': b'-- Up-to-date: /home/mcfb/ros2_ws/install/px4_msgs/include/px4_msgs/px4_msgs/msg/detail/rover_attitude_setpoint__builder.hpp\n'}
[1.414553] (px4_msgs) StdoutLine: {'line': b'-- Up-to-date: /home/mcfb/ros2_ws/install/px4_msgs/include/px4_msgs/px4_msgs/msg/detail/register_ext_component_reply__type_support.hpp\n'}
[1.414588] (px4_msgs) StdoutLine: {'line': b'-- Up-to-date: /home/mcfb/ros2_ws/install/px4_msgs/include/px4_msgs/px4_msgs/msg/detail/tiltrotor_extra_controls__struct.hpp\n'}
[1.414625] (px4_msgs) StdoutLine: {'line': b'-- Up-to-date: /home/mcfb/ros2_ws/install/px4_msgs/include/px4_msgs/px4_msgs/msg/detail/mount_orientation__struct.hpp\n'}
[1.414660] (px4_msgs) StdoutLine: {'line': b'-- Up-to-date: /home/mcfb/ros2_ws/install/px4_msgs/include/px4_msgs/px4_msgs/msg/detail/rover_attitude_setpoint__type_support.hpp\n'}
[1.414695] (px4_msgs) StdoutLine: {'line': b'-- Up-to-date: /home/mcfb/ros2_ws/install/px4_msgs/include/px4_msgs/px4_msgs/msg/detail/button_event__builder.hpp\n'}
[1.414729] (px4_msgs) StdoutLine: {'line': b'-- Up-to-date: /home/mcfb/ros2_ws/install/px4_msgs/include/px4_msgs/px4_msgs/msg/detail/rover_steering_setpoint__builder.hpp\n'}
[1.414772] (px4_msgs) StdoutLine: {'line': b'-- Up-to-date: /home/mcfb/ros2_ws/install/px4_msgs/include/px4_msgs/px4_msgs/msg/detail/vehicle_optical_flow__builder.hpp\n'}
[1.414821] (px4_msgs) StdoutLine: {'line': b'-- Up-to-date: /home/mcfb/ros2_ws/install/px4_msgs/include/px4_msgs/px4_msgs/msg/detail/sensor_gps__type_support.hpp\n'}
[1.414878] (px4_msgs) StdoutLine: {'line': b'-- Up-to-date: /home/mcfb/ros2_ws/install/px4_msgs/include/px4_msgs/px4_msgs/msg/detail/vehicle_angular_velocity__traits.hpp\n'}
[1.414928] (px4_msgs) StdoutLine: {'line': b'-- Up-to-date: /home/mcfb/ros2_ws/install/px4_msgs/include/px4_msgs/px4_msgs/msg/detail/arming_check_request__traits.hpp\n'}
[1.414977] (px4_msgs) StdoutLine: {'line': b'-- Up-to-date: /home/mcfb/ros2_ws/install/px4_msgs/include/px4_msgs/px4_msgs/msg/detail/transponder_report__struct.hpp\n'}
[1.415027] (px4_msgs) StdoutLine: {'line': b'-- Up-to-date: /home/mcfb/ros2_ws/install/px4_msgs/include/px4_msgs/px4_msgs/msg/detail/ulog_stream__struct.hpp\n'}
[1.415197] (px4_msgs) StdoutLine: {'line': b'-- Up-to-date: /home/mcfb/ros2_ws/install/px4_msgs/include/px4_msgs/px4_msgs/msg/detail/estimator_innovations__builder.hpp\n'}
[1.415422] (px4_msgs) StdoutLine: {'line': b'-- Up-to-date: /home/mcfb/ros2_ws/install/px4_msgs/include/px4_msgs/px4_msgs/msg/detail/vehicle_status__struct.hpp\n'}
[1.415561] (px4_msgs) StdoutLine: {'line': b'-- Up-to-date: /home/mcfb/ros2_ws/install/px4_msgs/include/px4_msgs/px4_msgs/msg/detail/mag_worker_data__builder.hpp\n'}
[1.415630] (px4_msgs) StdoutLine: {'line': b'-- Up-to-date: /home/mcfb/ros2_ws/install/px4_msgs/include/px4_msgs/px4_msgs/msg/detail/iridiumsbd_status__traits.hpp\n'}
[1.415739] (px4_msgs) StdoutLine: {'line': b'-- Up-to-date: /home/mcfb/ros2_ws/install/px4_msgs/include/px4_msgs/px4_msgs/msg/detail/velocity_limits__struct.hpp\n'}
[1.415793] (px4_msgs) StdoutLine: {'line': b'-- Up-to-date: /home/mcfb/ros2_ws/install/px4_msgs/include/px4_msgs/px4_msgs/msg/detail/px4io_status__builder.hpp\n'}
[1.415853] (px4_msgs) StdoutLine: {'line': b'-- Up-to-date: /home/mcfb/ros2_ws/install/px4_msgs/include/px4_msgs/px4_msgs/msg/detail/rover_speed_setpoint__struct.hpp\n'}
[1.415905] (px4_msgs) StdoutLine: {'line': b'-- Up-to-date: /home/mcfb/ros2_ws/install/px4_msgs/include/px4_msgs/px4_msgs/msg/detail/parameter_set_value_request__struct.hpp\n'}
[1.415957] (px4_msgs) StdoutLine: {'line': b'-- Up-to-date: /home/mcfb/ros2_ws/install/px4_msgs/include/px4_msgs/px4_msgs/msg/detail/timesync_status__type_support.hpp\n'}
[1.415996] (px4_msgs) StdoutLine: {'line': b'-- Up-to-date: /home/mcfb/ros2_ws/install/px4_msgs/include/px4_msgs/px4_msgs/msg/detail/health_report__type_support.hpp\n'}
[1.416041] (px4_msgs) StdoutLine: {'line': b'-- Up-to-date: /home/mcfb/ros2_ws/install/px4_msgs/include/px4_msgs/px4_msgs/msg/detail/parameter_set_value_request__builder.hpp\n'}
[1.416119] (px4_msgs) StdoutLine: {'line': b'-- Up-to-date: /home/mcfb/ros2_ws/install/px4_msgs/include/px4_msgs/px4_msgs/msg/detail/fixed_wing_lateral_status__builder.hpp\n'}
[1.416189] (px4_msgs) StdoutLine: {'line': b'-- Up-to-date: /home/mcfb/ros2_ws/install/px4_msgs/include/px4_msgs/px4_msgs/msg/detail/follow_target__traits.hpp\n'}
[1.416252] (px4_msgs) StdoutLine: {'line': b'-- Up-to-date: /home/mcfb/ros2_ws/install/px4_msgs/include/px4_msgs/px4_msgs/msg/detail/airspeed_wind__struct.hpp\n'}
[1.416294] (px4_msgs) StdoutLine: {'line': b'-- Up-to-date: /home/mcfb/ros2_ws/install/px4_msgs/include/px4_msgs/px4_msgs/msg/detail/rover_speed_status__type_support.hpp\n'}
[1.416335] (px4_msgs) StdoutLine: {'line': b'-- Up-to-date: /home/mcfb/ros2_ws/install/px4_msgs/include/px4_msgs/px4_msgs/msg/detail/rover_throttle_setpoint__builder.hpp\n'}
[1.416375] (px4_msgs) StdoutLine: {'line': b'-- Up-to-date: /home/mcfb/ros2_ws/install/px4_msgs/include/px4_msgs/px4_msgs/msg/detail/rover_rate_setpoint__type_support.hpp\n'}
[1.416415] (px4_msgs) StdoutLine: {'line': b'-- Up-to-date: /home/mcfb/ros2_ws/install/px4_msgs/include/px4_msgs/px4_msgs/msg/detail/estimator_states__traits.hpp\n'}
[1.416646] (px4_msgs) StdoutLine: {'line': b'-- Up-to-date: /home/mcfb/ros2_ws/install/px4_msgs/include/px4_msgs/px4_msgs/msg/detail/sensor_gnss_status__traits.hpp\n'}
[1.416730] (px4_msgs) StdoutLine: {'line': b'-- Up-to-date: /home/mcfb/ros2_ws/install/px4_msgs/include/px4_msgs/px4_msgs/msg/detail/flight_phase_estimation__struct.hpp\n'}
[1.416774] (px4_msgs) StdoutLine: {'line': b'-- Up-to-date: /home/mcfb/ros2_ws/install/px4_msgs/include/px4_msgs/px4_msgs/msg/detail/actuator_outputs__builder.hpp\n'}
[1.416813] (px4_msgs) StdoutLine: {'line': b'-- Up-to-date: /home/mcfb/ros2_ws/install/px4_msgs/include/px4_msgs/px4_msgs/msg/detail/rover_position_setpoint__struct.hpp\n'}
[1.416874] (px4_msgs) StdoutLine: {'line': b'-- Up-to-date: /home/mcfb/ros2_ws/install/px4_msgs/include/px4_msgs/px4_msgs/msg/detail/dronecan_node_status__traits.hpp\n'}
[1.416926] (px4_msgs) StdoutLine: {'line': b'-- Up-to-date: /home/mcfb/ros2_ws/install/px4_msgs/include/px4_msgs/px4_msgs/msg/detail/vehicle_imu__struct.hpp\n'}
[1.416981] (px4_msgs) StdoutLine: {'line': b'-- Up-to-date: /home/mcfb/ros2_ws/install/px4_msgs/include/px4_msgs/px4_msgs/msg/detail/landing_gear_wheel__struct.hpp\n'}
[1.417035] (px4_msgs) StdoutLine: {'line': b'-- Up-to-date: /home/mcfb/ros2_ws/install/px4_msgs/include/px4_msgs/px4_msgs/msg/detail/estimator_sensor_bias__builder.hpp\n'}
[1.417086] (px4_msgs) StdoutLine: {'line': b'-- Up-to-date: /home/mcfb/ros2_ws/install/px4_msgs/include/px4_msgs/px4_msgs/msg/detail/actuator_motors__struct.hpp\n'}
[1.417141] (px4_msgs) StdoutLine: {'line': b'-- Up-to-date: /home/mcfb/ros2_ws/install/px4_msgs/include/px4_msgs/px4_msgs/msg/detail/mode_completed__traits.hpp\n'}
[1.417313] (px4_msgs) StdoutLine: {'line': b'-- Up-to-date: /home/mcfb/ros2_ws/install/px4_msgs/include/px4_msgs/px4_msgs/msg/detail/actuator_test__builder.hpp\n'}
[1.417432] (px4_msgs) StdoutLine: {'line': b'-- Up-to-date: /home/mcfb/ros2_ws/install/px4_msgs/include/px4_msgs/px4_msgs/msg/detail/uavcan_parameter_value__builder.hpp\n'}
[1.417490] (px4_msgs) StdoutLine: {'line': b'-- Up-to-date: /home/mcfb/ros2_ws/install/px4_msgs/include/px4_msgs/px4_msgs/msg/detail/wheel_encoders__traits.hpp\n'}
[1.417540] (px4_msgs) StdoutLine: {'line': b'-- Up-to-date: /home/mcfb/ros2_ws/install/px4_msgs/include/px4_msgs/px4_msgs/msg/detail/vehicle_rates_setpoint__struct.hpp\n'}
[1.417604] (px4_msgs) StdoutLine: {'line': b'-- Up-to-date: /home/mcfb/ros2_ws/install/px4_msgs/include/px4_msgs/px4_msgs/msg/detail/landing_target_innovations__traits.hpp\n'}
[1.417755] (px4_msgs) StdoutLine: {'line': b'-- Up-to-date: /home/mcfb/ros2_ws/install/px4_msgs/include/px4_msgs/px4_msgs/msg/detail/goto_setpoint__struct.hpp\n'}
[1.417826] (px4_msgs) StdoutLine: {'line': b'-- Up-to-date: /home/mcfb/ros2_ws/install/px4_msgs/include/px4_msgs/px4_msgs/msg/detail/iridiumsbd_status__builder.hpp\n'}
[1.417874] (px4_msgs) StdoutLine: {'line': b'-- Up-to-date: /home/mcfb/ros2_ws/install/px4_msgs/include/px4_msgs/px4_msgs/msg/detail/sensor_correction__traits.hpp\n'}
[1.417913] (px4_msgs) StdoutLine: {'line': b'-- Up-to-date: /home/mcfb/ros2_ws/install/px4_msgs/include/px4_msgs/px4_msgs/msg/detail/sensor_gyro_fft__struct.hpp\n'}
[1.417950] (px4_msgs) StdoutLine: {'line': b'-- Up-to-date: /home/mcfb/ros2_ws/install/px4_msgs/include/px4_msgs/px4_msgs/msg/detail/distance_sensor__builder.hpp\n'}
[1.417989] (px4_msgs) StdoutLine: {'line': b'-- Up-to-date: /home/mcfb/ros2_ws/install/px4_msgs/include/px4_msgs/px4_msgs/msg/detail/fixed_wing_lateral_setpoint__builder.hpp\n'}
[1.418040] (px4_msgs) StdoutLine: {'line': b'-- Up-to-date: /home/mcfb/ros2_ws/install/px4_msgs/include/px4_msgs/px4_msgs/msg/detail/task_stack_info__traits.hpp\n'}
[1.418095] (px4_msgs) StdoutLine: {'line': b'-- Up-to-date: /home/mcfb/ros2_ws/install/px4_msgs/include/px4_msgs/px4_msgs/msg/detail/fixed_wing_lateral_guidance_status__builder.hpp\n'}
[1.418148] (px4_msgs) StdoutLine: {'line': b'-- Up-to-date: /home/mcfb/ros2_ws/install/px4_msgs/include/px4_msgs/px4_msgs/msg/detail/fixed_wing_runway_control__type_support.hpp\n'}
[1.418204] (px4_msgs) StdoutLine: {'line': b'-- Up-to-date: /home/mcfb/ros2_ws/install/px4_msgs/include/px4_msgs/px4_msgs/msg/detail/vehicle_control_mode__traits.hpp\n'}
[1.418240] (px4_msgs) StdoutLine: {'line': b'-- Up-to-date: /home/mcfb/ros2_ws/install/px4_msgs/include/px4_msgs/px4_msgs/msg/detail/sensor_uwb__struct.hpp\n'}
[1.418278] (px4_msgs) StdoutLine: {'line': b'-- Up-to-date: /home/mcfb/ros2_ws/install/px4_msgs/include/px4_msgs/px4_msgs/msg/detail/vehicle_acceleration__type_support.hpp\n'}
[1.418317] (px4_msgs) StdoutLine: {'line': b'-- Up-to-date: /home/mcfb/ros2_ws/install/px4_msgs/include/px4_msgs/px4_msgs/msg/detail/orb_test_medium__builder.hpp\n'}
[1.418356] (px4_msgs) StdoutLine: {'line': b'-- Up-to-date: /home/mcfb/ros2_ws/install/px4_msgs/include/px4_msgs/px4_msgs/msg/detail/pwm_input__type_support.hpp\n'}
[1.418399] (px4_msgs) StdoutLine: {'line': b'-- Up-to-date: /home/mcfb/ros2_ws/install/px4_msgs/include/px4_msgs/px4_msgs/msg/detail/timesync_status__struct.hpp\n'}
[1.418438] (px4_msgs) StdoutLine: {'line': b'-- Up-to-date: /home/mcfb/ros2_ws/install/px4_msgs/include/px4_msgs/px4_msgs/msg/detail/gimbal_device_information__builder.hpp\n'}
[1.418484] (px4_msgs) StdoutLine: {'line': b'-- Up-to-date: /home/mcfb/ros2_ws/install/px4_msgs/include/px4_msgs/px4_msgs/msg/detail/estimator_bias3d__type_support.hpp\n'}
[1.418524] (px4_msgs) StdoutLine: {'line': b'-- Up-to-date: /home/mcfb/ros2_ws/install/px4_msgs/include/px4_msgs/px4_msgs/msg/detail/rover_throttle_setpoint__struct.hpp\n'}
[1.418608] (px4_msgs) StdoutLine: {'line': b'-- Up-to-date: /home/mcfb/ros2_ws/install/px4_msgs/include/px4_msgs/px4_msgs/msg/detail/cellular_status__struct.hpp\n'}
[1.418647] (px4_msgs) StdoutLine: {'line': b'-- Up-to-date: /home/mcfb/ros2_ws/install/px4_msgs/include/px4_msgs/px4_msgs/msg/detail/mavlink_tunnel__struct.hpp\n'}
[1.418685] (px4_msgs) StdoutLine: {'line': b'-- Up-to-date: /home/mcfb/ros2_ws/install/px4_msgs/include/px4_msgs/px4_msgs/msg/detail/iridiumsbd_status__struct.hpp\n'}
[1.418722] (px4_msgs) StdoutLine: {'line': b'-- Up-to-date: /home/mcfb/ros2_ws/install/px4_msgs/include/px4_msgs/px4_msgs/msg/detail/gimbal_device_attitude_status__type_support.hpp\n'}
[1.418760] (px4_msgs) StdoutLine: {'line': b'-- Up-to-date: /home/mcfb/ros2_ws/install/px4_msgs/include/px4_msgs/px4_msgs/msg/detail/arming_check_reply__builder.hpp\n'}
[1.418797] (px4_msgs) StdoutLine: {'line': b'-- Up-to-date: /home/mcfb/ros2_ws/install/px4_msgs/include/px4_msgs/px4_msgs/msg/detail/gps_dump__struct.hpp\n'}
[1.418842] (px4_msgs) StdoutLine: {'line': b'-- Up-to-date: /home/mcfb/ros2_ws/install/px4_msgs/include/px4_msgs/px4_msgs/msg/detail/estimator_status__traits.hpp\n'}
[1.418880] (px4_msgs) StdoutLine: {'line': b'-- Up-to-date: /home/mcfb/ros2_ws/install/px4_msgs/include/px4_msgs/px4_msgs/msg/detail/manual_control_setpoint__struct.hpp\n'}
[1.418954] (px4_msgs) StdoutLine: {'line': b'-- Up-to-date: /home/mcfb/ros2_ws/install/px4_msgs/include/px4_msgs/px4_msgs/msg/detail/failsafe_flags__builder.hpp\n'}
[1.419000] (px4_msgs) StdoutLine: {'line': b'-- Up-to-date: /home/mcfb/ros2_ws/install/px4_msgs/include/px4_msgs/px4_msgs/msg/detail/tecs_status__type_support.hpp\n'}
[1.419038] (px4_msgs) StdoutLine: {'line': b'-- Up-to-date: /home/mcfb/ros2_ws/install/px4_msgs/include/px4_msgs/px4_msgs/msg/detail/parameter_set_used_request__struct.hpp\n'}
[1.419081] (px4_msgs) StdoutLine: {'line': b'-- Up-to-date: /home/mcfb/ros2_ws/install/px4_msgs/include/px4_msgs/px4_msgs/msg/detail/fixed_wing_lateral_status__traits.hpp\n'}
[1.419129] (px4_msgs) StdoutLine: {'line': b'-- Up-to-date: /home/mcfb/ros2_ws/install/px4_msgs/include/px4_msgs/px4_msgs/msg/detail/rover_position_setpoint__builder.hpp\n'}
[1.419197] (px4_msgs) StdoutLine: {'line': b'-- Up-to-date: /home/mcfb/ros2_ws/install/px4_msgs/include/px4_msgs/px4_msgs/msg/detail/vehicle_torque_setpoint__struct.hpp\n'}
[1.419243] (px4_msgs) StdoutLine: {'line': b'-- Up-to-date: /home/mcfb/ros2_ws/install/px4_msgs/include/px4_msgs/px4_msgs/msg/detail/gpio_in__type_support.hpp\n'}
[1.419280] (px4_msgs) StdoutLine: {'line': b'-- Up-to-date: /home/mcfb/ros2_ws/install/px4_msgs/include/px4_msgs/px4_msgs/msg/detail/manual_control_setpoint__traits.hpp\n'}
[1.419318] (px4_msgs) StdoutLine: {'line': b'-- Up-to-date: /home/mcfb/ros2_ws/install/px4_msgs/include/px4_msgs/px4_msgs/msg/detail/dataman_request__builder.hpp\n'}
[1.419353] (px4_msgs) StdoutLine: {'line': b'-- Up-to-date: /home/mcfb/ros2_ws/install/px4_msgs/include/px4_msgs/px4_msgs/msg/detail/debug_vect__struct.hpp\n'}
[1.419392] (px4_msgs) StdoutLine: {'line': b'-- Up-to-date: /home/mcfb/ros2_ws/install/px4_msgs/include/px4_msgs/px4_msgs/msg/detail/message_format_request__builder.hpp\n'}
[1.419432] (px4_msgs) StdoutLine: {'line': b'-- Up-to-date: /home/mcfb/ros2_ws/install/px4_msgs/include/px4_msgs/px4_msgs/msg/detail/mission_result__struct.hpp\n'}
[1.419477] (px4_msgs) StdoutLine: {'line': b'-- Up-to-date: /home/mcfb/ros2_ws/install/px4_msgs/include/px4_msgs/px4_msgs/msg/detail/failsafe_flags__traits.hpp\n'}
[1.419520] (px4_msgs) StdoutLine: {'line': b'-- Up-to-date: /home/mcfb/ros2_ws/install/px4_msgs/include/px4_msgs/px4_msgs/msg/detail/dronecan_node_status__struct.hpp\n'}
[1.419576] (px4_msgs) StdoutLine: {'line': b'-- Up-to-date: /home/mcfb/ros2_ws/install/px4_msgs/include/px4_msgs/px4_msgs/msg/detail/collision_constraints__traits.hpp\n'}
[1.419677] (px4_msgs) StdoutLine: {'line': b'-- Up-to-date: /home/mcfb/ros2_ws/install/px4_msgs/include/px4_msgs/px4_msgs/msg/detail/geofence_result__builder.hpp\n'}
[1.419716] (px4_msgs) StdoutLine: {'line': b'-- Up-to-date: /home/mcfb/ros2_ws/install/px4_msgs/include/px4_msgs/px4_msgs/msg/detail/autotune_attitude_control_status__struct.hpp\n'}
[1.419762] (px4_msgs) StdoutLine: {'line': b'-- Up-to-date: /home/mcfb/ros2_ws/install/px4_msgs/include/px4_msgs/px4_msgs/msg/detail/sensor_hygrometer__traits.hpp\n'}
[1.419814] (px4_msgs) StdoutLine: {'line': b'-- Up-to-date: /home/mcfb/ros2_ws/install/px4_msgs/include/px4_msgs/px4_msgs/msg/detail/estimator_sensor_bias__struct.hpp\n'}
[1.419871] (px4_msgs) StdoutLine: {'line': b'-- Up-to-date: /home/mcfb/ros2_ws/install/px4_msgs/include/px4_msgs/px4_msgs/msg/detail/register_ext_component_reply__traits.hpp\n'}
[1.419964] (px4_msgs) StdoutLine: {'line': b'-- Up-to-date: /home/mcfb/ros2_ws/install/px4_msgs/include/px4_msgs/px4_msgs/msg/detail/sensor_gnss_relative__traits.hpp\n'}
[1.420017] (px4_msgs) StdoutLine: {'line': b'-- Up-to-date: /home/mcfb/ros2_ws/install/px4_msgs/include/px4_msgs/px4_msgs/msg/detail/sensors_status_imu__type_support.hpp\n'}
[1.420069] (px4_msgs) StdoutLine: {'line': b'-- Up-to-date: /home/mcfb/ros2_ws/install/px4_msgs/include/px4_msgs/px4_msgs/msg/detail/button_event__traits.hpp\n'}
[1.420117] (px4_msgs) StdoutLine: {'line': b'-- Up-to-date: /home/mcfb/ros2_ws/install/px4_msgs/include/px4_msgs/px4_msgs/msg/detail/radio_status__type_support.hpp\n'}
[1.420165] (px4_msgs) StdoutLine: {'line': b'-- Up-to-date: /home/mcfb/ros2_ws/install/px4_msgs/include/px4_msgs/px4_msgs/msg/detail/rtl_time_estimate__builder.hpp\n'}
[1.420223] (px4_msgs) StdoutLine: {'line': b'-- Up-to-date: /home/mcfb/ros2_ws/install/px4_msgs/include/px4_msgs/px4_msgs/msg/detail/event__traits.hpp\n'}
[1.420275] (px4_msgs) StdoutLine: {'line': b'-- Up-to-date: /home/mcfb/ros2_ws/install/px4_msgs/include/px4_msgs/px4_msgs/msg/detail/vehicle_angular_acceleration_setpoint__struct.hpp\n'}
[1.420316] (px4_msgs) StdoutLine: {'line': b'-- Up-to-date: /home/mcfb/ros2_ws/install/px4_msgs/include/px4_msgs/px4_msgs/msg/detail/sensor_combined__type_support.hpp\n'}
[1.420356] (px4_msgs) StdoutLine: {'line': b'-- Up-to-date: /home/mcfb/ros2_ws/install/px4_msgs/include/px4_msgs/px4_msgs/msg/detail/sensor_preflight_mag__traits.hpp\n'}
[1.420409] (px4_msgs) StdoutLine: {'line': b'-- Up-to-date: /home/mcfb/ros2_ws/install/px4_msgs/include/px4_msgs/px4_msgs/msg/detail/vtol_vehicle_status__struct.hpp\n'}
[1.420462] (px4_msgs) StdoutLine: {'line': b'-- Up-to-date: /home/mcfb/ros2_ws/install/px4_msgs/include/px4_msgs/px4_msgs/msg/detail/sensor_accel_fifo__type_support.hpp\n'}
[1.420505] (px4_msgs) StdoutLine: {'line': b'-- Up-to-date: /home/mcfb/ros2_ws/install/px4_msgs/include/px4_msgs/px4_msgs/msg/detail/open_drone_id_arm_status__traits.hpp\n'}
[1.420543] (px4_msgs) StdoutLine: {'line': b'-- Up-to-date: /home/mcfb/ros2_ws/install/px4_msgs/include/px4_msgs/px4_msgs/msg/detail/follow_target_estimator__builder.hpp\n'}
[1.420639] (px4_msgs) StdoutLine: {'line': b'-- Up-to-date: /home/mcfb/ros2_ws/install/px4_msgs/include/px4_msgs/px4_msgs/msg/detail/input_rc__builder.hpp\n'}
[1.420679] (px4_msgs) StdoutLine: {'line': b'-- Up-to-date: /home/mcfb/ros2_ws/install/px4_msgs/include/px4_msgs/px4_msgs/msg/detail/mag_worker_data__type_support.hpp\n'}
[1.420721] (px4_msgs) StdoutLine: {'line': b'-- Up-to-date: /home/mcfb/ros2_ws/install/px4_msgs/include/px4_msgs/px4_msgs/msg/detail/sensor_gyro__traits.hpp\n'}
[1.420771] (px4_msgs) StdoutLine: {'line': b'-- Up-to-date: /home/mcfb/ros2_ws/install/px4_msgs/include/px4_msgs/px4_msgs/msg/detail/follow_target__type_support.hpp\n'}
[1.420808] (px4_msgs) StdoutLine: {'line': b'-- Up-to-date: /home/mcfb/ros2_ws/install/px4_msgs/include/px4_msgs/px4_msgs/msg/detail/position_setpoint__builder.hpp\n'}
[1.420866] (px4_msgs) StdoutLine: {'line': b'-- Up-to-date: /home/mcfb/ros2_ws/install/px4_msgs/include/px4_msgs/px4_msgs/msg/detail/sensor_gnss_relative__struct.hpp\n'}
[1.420917] (px4_msgs) StdoutLine: {'line': b'-- Up-to-date: /home/mcfb/ros2_ws/install/px4_msgs/include/px4_msgs/px4_msgs/msg/detail/estimator_aid_source2d__type_support.hpp\n'}
[1.420968] (px4_msgs) StdoutLine: {'line': b'-- Up-to-date: /home/mcfb/ros2_ws/install/px4_msgs/include/px4_msgs/px4_msgs/msg/detail/rpm__builder.hpp\n'}
[1.421022] (px4_msgs) StdoutLine: {'line': b'-- Up-to-date: /home/mcfb/ros2_ws/install/px4_msgs/include/px4_msgs/px4_msgs/msg/detail/vehicle_air_data__traits.hpp\n'}
[1.421372] (px4_msgs) StdoutLine: {'line': b'-- Up-to-date: /home/mcfb/ros2_ws/install/px4_msgs/include/px4_msgs/px4_msgs/msg/detail/rtl_time_estimate__traits.hpp\n'}
[1.421438] (px4_msgs) StdoutLine: {'line': b'-- Up-to-date: /home/mcfb/ros2_ws/install/px4_msgs/include/px4_msgs/px4_msgs/msg/detail/esc_report__builder.hpp\n'}
[1.421501] (px4_msgs) StdoutLine: {'line': b'-- Up-to-date: /home/mcfb/ros2_ws/install/px4_msgs/include/px4_msgs/px4_msgs/msg/detail/action_request__traits.hpp\n'}
[1.421548] (px4_msgs) StdoutLine: {'line': b'-- Up-to-date: /home/mcfb/ros2_ws/install/px4_msgs/include/px4_msgs/px4_msgs/msg/detail/open_drone_id_system__builder.hpp\n'}
[1.421588] (px4_msgs) StdoutLine: {'line': b'-- Up-to-date: /home/mcfb/ros2_ws/install/px4_msgs/include/px4_msgs/px4_msgs/msg/detail/uavcan_parameter_request__builder.hpp\n'}
[1.421629] (px4_msgs) StdoutLine: {'line': b'-- Up-to-date: /home/mcfb/ros2_ws/install/px4_msgs/include/px4_msgs/px4_msgs/msg/detail/parameter_set_used_request__type_support.hpp\n'}
[1.421734] (px4_msgs) StdoutLine: {'line': b'-- Up-to-date: /home/mcfb/ros2_ws/install/px4_msgs/include/px4_msgs/px4_msgs/msg/detail/fuel_tank_status__type_support.hpp\n'}
[1.421789] (px4_msgs) StdoutLine: {'line': b'-- Up-to-date: /home/mcfb/ros2_ws/install/px4_msgs/include/px4_msgs/px4_msgs/msg/detail/rover_speed_status__traits.hpp\n'}
[1.421865] (px4_msgs) StdoutLine: {'line': b'-- Up-to-date: /home/mcfb/ros2_ws/install/px4_msgs/include/px4_msgs/px4_msgs/msg/detail/velocity_limits__builder.hpp\n'}
[1.421907] (px4_msgs) StdoutLine: {'line': b'-- Up-to-date: /home/mcfb/ros2_ws/install/px4_msgs/include/px4_msgs/px4_msgs/msg/detail/led_control__traits.hpp\n'}
[1.421946] (px4_msgs) StdoutLine: {'line': b'-- Up-to-date: /home/mcfb/ros2_ws/install/px4_msgs/include/px4_msgs/px4_msgs/msg/detail/fixed_wing_lateral_setpoint__type_support.hpp\n'}
[1.421983] (px4_msgs) StdoutLine: {'line': b'-- Up-to-date: /home/mcfb/ros2_ws/install/px4_msgs/include/px4_msgs/px4_msgs/msg/detail/sensor_correction__type_support.hpp\n'}
[1.422023] (px4_msgs) StdoutLine: {'line': b'-- Up-to-date: /home/mcfb/ros2_ws/install/px4_msgs/include/px4_msgs/px4_msgs/msg/detail/estimator_selector_status__builder.hpp\n'}
[1.422071] (px4_msgs) StdoutLine: {'line': b'-- Up-to-date: /home/mcfb/ros2_ws/install/px4_msgs/include/px4_msgs/px4_msgs/msg/detail/sensor_airflow__builder.hpp\n'}
[1.422135] (px4_msgs) StdoutLine: {'line': b'-- Up-to-date: /home/mcfb/ros2_ws/install/px4_msgs/include/px4_msgs/px4_msgs/msg/detail/figure_eight_status__builder.hpp\n'}
[1.422191] (px4_msgs) StdoutLine: {'line': b'-- Up-to-date: /home/mcfb/ros2_ws/install/px4_msgs/include/px4_msgs/px4_msgs/msg/detail/camera_capture__struct.hpp\n'}
[1.422251] (px4_msgs) StdoutLine: {'line': b'-- Up-to-date: /home/mcfb/ros2_ws/install/px4_msgs/include/px4_msgs/px4_msgs/msg/detail/sensors_status__traits.hpp\n'}
[1.422307] (px4_msgs) StdoutLine: {'line': b'-- Up-to-date: /home/mcfb/ros2_ws/install/px4_msgs/include/px4_msgs/px4_msgs/msg/detail/sensor_mag__type_support.hpp\n'}
[1.422364] (px4_msgs) StdoutLine: {'line': b'-- Up-to-date: /home/mcfb/ros2_ws/install/px4_msgs/include/px4_msgs/px4_msgs/msg/detail/offboard_control_mode__builder.hpp\n'}
[1.422422] (px4_msgs) StdoutLine: {'line': b'-- Up-to-date: /home/mcfb/ros2_ws/install/px4_msgs/include/px4_msgs/px4_msgs/msg/detail/pps_capture__struct.hpp\n'}
[1.422490] (px4_msgs) StdoutLine: {'line': b'-- Up-to-date: /home/mcfb/ros2_ws/install/px4_msgs/include/px4_msgs/px4_msgs/msg/detail/tecs_status__builder.hpp\n'}
[1.422550] (px4_msgs) StdoutLine: {'line': b'-- Up-to-date: /home/mcfb/ros2_ws/install/px4_msgs/include/px4_msgs/px4_msgs/msg/detail/orb_test__struct.hpp\n'}
[1.422611] (px4_msgs) StdoutLine: {'line': b'-- Up-to-date: /home/mcfb/ros2_ws/install/px4_msgs/include/px4_msgs/px4_msgs/msg/detail/gpio_config__builder.hpp\n'}
[1.422658] (px4_msgs) StdoutLine: {'line': b'-- Up-to-date: /home/mcfb/ros2_ws/install/px4_msgs/include/px4_msgs/px4_msgs/msg/detail/differential_pressure__traits.hpp\n'}
[1.422702] (px4_msgs) StdoutLine: {'line': b'-- Up-to-date: /home/mcfb/ros2_ws/install/px4_msgs/include/px4_msgs/px4_msgs/msg/detail/vehicle_attitude__builder.hpp\n'}
[1.422741] (px4_msgs) StdoutLine: {'line': b'-- Up-to-date: /home/mcfb/ros2_ws/install/px4_msgs/include/px4_msgs/px4_msgs/msg/detail/position_controller_landing_status__traits.hpp\n'}
[1.422810] (px4_msgs) StdoutLine: {'line': b'-- Up-to-date: /home/mcfb/ros2_ws/install/px4_msgs/include/px4_msgs/px4_msgs/msg/detail/manual_control_switches__type_support.hpp\n'}
[1.422854] (px4_msgs) StdoutLine: {'line': b'-- Up-to-date: /home/mcfb/ros2_ws/install/px4_msgs/include/px4_msgs/px4_msgs/msg/detail/vehicle_air_data__struct.hpp\n'}
[1.422889] (px4_msgs) StdoutLine: {'line': b'-- Up-to-date: /home/mcfb/ros2_ws/install/px4_msgs/include/px4_msgs/px4_msgs/msg/detail/fixed_wing_runway_control__builder.hpp\n'}
[1.422926] (px4_msgs) StdoutLine: {'line': b'-- Up-to-date: /home/mcfb/ros2_ws/install/px4_msgs/include/px4_msgs/px4_msgs/msg/detail/flight_phase_estimation__traits.hpp\n'}
[1.422963] (px4_msgs) StdoutLine: {'line': b'-- Up-to-date: /home/mcfb/ros2_ws/install/px4_msgs/include/px4_msgs/px4_msgs/msg/detail/gimbal_device_set_attitude__traits.hpp\n'}
[1.422998] (px4_msgs) StdoutLine: {'line': b'-- Up-to-date: /home/mcfb/ros2_ws/install/px4_msgs/include/px4_msgs/px4_msgs/msg/detail/sensor_gyro_fft__builder.hpp\n'}
[1.423036] (px4_msgs) StdoutLine: {'line': b'-- Up-to-date: /home/mcfb/ros2_ws/install/px4_msgs/include/px4_msgs/px4_msgs/msg/detail/logger_status__struct.hpp\n'}
[1.423074] (px4_msgs) StdoutLine: {'line': b'-- Up-to-date: /home/mcfb/ros2_ws/install/px4_msgs/include/px4_msgs/px4_msgs/msg/detail/open_drone_id_self_id__struct.hpp\n'}
[1.423128] (px4_msgs) StdoutLine: {'line': b'-- Up-to-date: /home/mcfb/ros2_ws/install/px4_msgs/include/px4_msgs/px4_msgs/msg/detail/vehicle_roi__traits.hpp\n'}
[1.423183] (px4_msgs) StdoutLine: {'line': b'-- Up-to-date: /home/mcfb/ros2_ws/install/px4_msgs/include/px4_msgs/px4_msgs/msg/detail/control_allocator_status__builder.hpp\n'}
[1.423233] (px4_msgs) StdoutLine: {'line': b'-- Up-to-date: /home/mcfb/ros2_ws/install/px4_msgs/include/px4_msgs/px4_msgs/msg/detail/mag_worker_data__struct.hpp\n'}
[1.423278] (px4_msgs) StdoutLine: {'line': b'-- Up-to-date: /home/mcfb/ros2_ws/install/px4_msgs/include/px4_msgs/px4_msgs/msg/detail/ekf2_timestamps__traits.hpp\n'}
[1.423318] (px4_msgs) StdoutLine: {'line': b'-- Up-to-date: /home/mcfb/ros2_ws/install/px4_msgs/include/px4_msgs/px4_msgs/msg/detail/wind__traits.hpp\n'}
[1.423380] (px4_msgs) StdoutLine: {'line': b'-- Up-to-date: /home/mcfb/ros2_ws/install/px4_msgs/include/px4_msgs/px4_msgs/msg/detail/rover_speed_setpoint__builder.hpp\n'}
[1.423424] (px4_msgs) StdoutLine: {'line': b'-- Up-to-date: /home/mcfb/ros2_ws/install/px4_msgs/include/px4_msgs/px4_msgs/msg/detail/fuel_tank_status__struct.hpp\n'}
[1.423487] (px4_msgs) StdoutLine: {'line': b'-- Up-to-date: /home/mcfb/ros2_ws/install/px4_msgs/include/px4_msgs/px4_msgs/msg/detail/mission_result__builder.hpp\n'}
[1.423533] (px4_msgs) StdoutLine: {'line': b'-- Up-to-date: /home/mcfb/ros2_ws/install/px4_msgs/include/px4_msgs/px4_msgs/msg/detail/actuator_controls_status__struct.hpp\n'}
[1.423590] (px4_msgs) StdoutLine: {'line': b'-- Up-to-date: /home/mcfb/ros2_ws/install/px4_msgs/include/px4_msgs/px4_msgs/msg/detail/adc_report__type_support.hpp\n'}
[1.423651] (px4_msgs) StdoutLine: {'line': b'-- Up-to-date: /home/mcfb/ros2_ws/install/px4_msgs/include/px4_msgs/px4_msgs/msg/detail/debug_vect__traits.hpp\n'}
[1.423700] (px4_msgs) StdoutLine: {'line': b'-- Up-to-date: /home/mcfb/ros2_ws/install/px4_msgs/include/px4_msgs/px4_msgs/msg/detail/mode_completed__type_support.hpp\n'}
[1.423741] (px4_msgs) StdoutLine: {'line': b'-- Up-to-date: /home/mcfb/ros2_ws/install/px4_msgs/include/px4_msgs/px4_msgs/msg/detail/esc_report__traits.hpp\n'}
[1.423780] (px4_msgs) StdoutLine: {'line': b'-- Up-to-date: /home/mcfb/ros2_ws/install/px4_msgs/include/px4_msgs/px4_msgs/msg/detail/vehicle_command__traits.hpp\n'}
[1.423867] (px4_msgs) StdoutLine: {'line': b'-- Up-to-date: /home/mcfb/ros2_ws/install/px4_msgs/include/px4_msgs/px4_msgs/msg/detail/estimator_bias__traits.hpp\n'}
[1.423904] (px4_msgs) StdoutLine: {'line': b'-- Up-to-date: /home/mcfb/ros2_ws/install/px4_msgs/include/px4_msgs/px4_msgs/msg/detail/vehicle_command__builder.hpp\n'}
[1.423941] (px4_msgs) StdoutLine: {'line': b'-- Up-to-date: /home/mcfb/ros2_ws/install/px4_msgs/include/px4_msgs/px4_msgs/msg/detail/magnetometer_bias_estimate__type_support.hpp\n'}
[1.423977] (px4_msgs) StdoutLine: {'line': b'-- Up-to-date: /home/mcfb/ros2_ws/install/px4_msgs/include/px4_msgs/px4_msgs/msg/detail/landing_target_pose__traits.hpp\n'}
[1.424011] (px4_msgs) StdoutLine: {'line': b'-- Up-to-date: /home/mcfb/ros2_ws/install/px4_msgs/include/px4_msgs/px4_msgs/msg/detail/orb_test__builder.hpp\n'}
[1.424060] (px4_msgs) StdoutLine: {'line': b'-- Up-to-date: /home/mcfb/ros2_ws/install/px4_msgs/include/px4_msgs/px4_msgs/msg/detail/internal_combustion_engine_control__traits.hpp\n'}
[1.424101] (px4_msgs) StdoutLine: {'line': b'-- Up-to-date: /home/mcfb/ros2_ws/install/px4_msgs/include/px4_msgs/px4_msgs/msg/detail/rc_channels__builder.hpp\n'}
[1.424157] (px4_msgs) StdoutLine: {'line': b'-- Up-to-date: /home/mcfb/ros2_ws/install/px4_msgs/include/px4_msgs/px4_msgs/msg/detail/task_stack_info__builder.hpp\n'}
[1.424193] (px4_msgs) StdoutLine: {'line': b'-- Up-to-date: /home/mcfb/ros2_ws/install/px4_msgs/include/px4_msgs/px4_msgs/msg/detail/actuator_motors__type_support.hpp\n'}
[1.424227] (px4_msgs) StdoutLine: {'line': b'-- Up-to-date: /home/mcfb/ros2_ws/install/px4_msgs/include/px4_msgs/px4_msgs/msg/detail/open_drone_id_system__type_support.hpp\n'}
[1.424266] (px4_msgs) StdoutLine: {'line': b'-- Up-to-date: /home/mcfb/ros2_ws/install/px4_msgs/include/px4_msgs/px4_msgs/msg/detail/can_interface_status__builder.hpp\n'}
[1.424304] (px4_msgs) StdoutLine: {'line': b'-- Up-to-date: /home/mcfb/ros2_ws/install/px4_msgs/include/px4_msgs/px4_msgs/msg/detail/debug_value__struct.hpp\n'}
[1.424343] (px4_msgs) StdoutLine: {'line': b'-- Up-to-date: /home/mcfb/ros2_ws/install/px4_msgs/include/px4_msgs/px4_msgs/msg/detail/goto_setpoint__traits.hpp\n'}
[1.424382] (px4_msgs) StdoutLine: {'line': b'-- Up-to-date: /home/mcfb/ros2_ws/install/px4_msgs/include/px4_msgs/px4_msgs/msg/detail/gimbal_manager_status__struct.hpp\n'}
[1.424420] (px4_msgs) StdoutLine: {'line': b'-- Up-to-date: /home/mcfb/ros2_ws/install/px4_msgs/include/px4_msgs/px4_msgs/msg/detail/fixed_wing_lateral_setpoint__struct.hpp\n'}
[1.424458] (px4_msgs) StdoutLine: {'line': b'-- Up-to-date: /home/mcfb/ros2_ws/install/px4_msgs/include/px4_msgs/px4_msgs/msg/detail/adc_report__builder.hpp\n'}
[1.424497] (px4_msgs) StdoutLine: {'line': b'-- Up-to-date: /home/mcfb/ros2_ws/install/px4_msgs/include/px4_msgs/px4_msgs/msg/detail/wheel_encoders__type_support.hpp\n'}
[1.424534] (px4_msgs) StdoutLine: {'line': b'-- Up-to-date: /home/mcfb/ros2_ws/install/px4_msgs/include/px4_msgs/px4_msgs/msg/detail/vehicle_imu_status__struct.hpp\n'}
[1.424571] (px4_msgs) StdoutLine: {'line': b'-- Up-to-date: /home/mcfb/ros2_ws/install/px4_msgs/include/px4_msgs/px4_msgs/msg/detail/input_rc__traits.hpp\n'}
[1.424610] (px4_msgs) StdoutLine: {'line': b'-- Up-to-date: /home/mcfb/ros2_ws/install/px4_msgs/include/px4_msgs/px4_msgs/msg/detail/fixed_wing_lateral_status__type_support.hpp\n'}
[1.424648] (px4_msgs) StdoutLine: {'line': b'-- Up-to-date: /home/mcfb/ros2_ws/install/px4_msgs/include/px4_msgs/px4_msgs/msg/detail/vehicle_command__struct.hpp\n'}
[1.424687] (px4_msgs) StdoutLine: {'line': b'-- Up-to-date: /home/mcfb/ros2_ws/install/px4_msgs/include/px4_msgs/px4_msgs/msg/detail/iridiumsbd_status__type_support.hpp\n'}
[1.424726] (px4_msgs) StdoutLine: {'line': b'-- Up-to-date: /home/mcfb/ros2_ws/install/px4_msgs/include/px4_msgs/px4_msgs/msg/detail/sensor_gnss_relative__builder.hpp\n'}
[1.424766] (px4_msgs) StdoutLine: {'line': b'-- Up-to-date: /home/mcfb/ros2_ws/install/px4_msgs/include/px4_msgs/px4_msgs/msg/detail/vehicle_status__traits.hpp\n'}
[1.424805] (px4_msgs) StdoutLine: {'line': b'-- Up-to-date: /home/mcfb/ros2_ws/install/px4_msgs/include/px4_msgs/px4_msgs/msg/detail/qshell_req__builder.hpp\n'}
[1.424852] (px4_msgs) StdoutLine: {'line': b'-- Up-to-date: /home/mcfb/ros2_ws/install/px4_msgs/include/px4_msgs/px4_msgs/msg/detail/vehicle_roi__struct.hpp\n'}
[1.424893] (px4_msgs) StdoutLine: {'line': b'-- Up-to-date: /home/mcfb/ros2_ws/install/px4_msgs/include/px4_msgs/px4_msgs/msg/detail/dataman_response__builder.hpp\n'}
[1.424932] (px4_msgs) StdoutLine: {'line': b'-- Up-to-date: /home/mcfb/ros2_ws/install/px4_msgs/include/px4_msgs/px4_msgs/msg/detail/follow_target_status__builder.hpp\n'}
[1.424970] (px4_msgs) StdoutLine: {'line': b'-- Up-to-date: /home/mcfb/ros2_ws/install/px4_msgs/include/px4_msgs/px4_msgs/msg/detail/gps_inject_data__builder.hpp\n'}
[1.425008] (px4_msgs) StdoutLine: {'line': b'-- Up-to-date: /home/mcfb/ros2_ws/install/px4_msgs/include/px4_msgs/px4_msgs/msg/detail/tiltrotor_extra_controls__traits.hpp\n'}
[1.425048] (px4_msgs) StdoutLine: {'line': b'-- Up-to-date: /home/mcfb/ros2_ws/install/px4_msgs/include/px4_msgs/px4_msgs/msg/detail/cpuload__struct.hpp\n'}
[1.425131] (px4_msgs) StdoutLine: {'line': b'-- Up-to-date: /home/mcfb/ros2_ws/install/px4_msgs/include/px4_msgs/px4_msgs/msg/detail/rtl_time_estimate__type_support.hpp\n'}
[1.425165] (px4_msgs) StdoutLine: {'line': b'-- Up-to-date: /home/mcfb/ros2_ws/install/px4_msgs/include/px4_msgs/px4_msgs/msg/detail/navigator_mission_item__traits.hpp\n'}
[1.425204] (px4_msgs) StdoutLine: {'line': b'-- Up-to-date: /home/mcfb/ros2_ws/install/px4_msgs/include/px4_msgs/px4_msgs/msg/detail/vehicle_local_position_setpoint__builder.hpp\n'}
[1.425239] (px4_msgs) StdoutLine: {'line': b'-- Up-to-date: /home/mcfb/ros2_ws/install/px4_msgs/include/px4_msgs/px4_msgs/msg/detail/airspeed_wind__builder.hpp\n'}
[1.425288] (px4_msgs) StdoutLine: {'line': b'-- Up-to-date: /home/mcfb/ros2_ws/install/px4_msgs/include/px4_msgs/px4_msgs/msg/detail/rc_parameter_map__type_support.hpp\n'}
[1.425329] (px4_msgs) StdoutLine: {'line': b'-- Up-to-date: /home/mcfb/ros2_ws/install/px4_msgs/include/px4_msgs/px4_msgs/msg/detail/vehicle_attitude_setpoint__traits.hpp\n'}
[1.425373] (px4_msgs) StdoutLine: {'line': b'-- Up-to-date: /home/mcfb/ros2_ws/install/px4_msgs/include/px4_msgs/px4_msgs/msg/detail/debug_value__builder.hpp\n'}
[1.425412] (px4_msgs) StdoutLine: {'line': b'-- Up-to-date: /home/mcfb/ros2_ws/install/px4_msgs/include/px4_msgs/px4_msgs/msg/detail/magnetometer_bias_estimate__builder.hpp\n'}
[1.425454] (px4_msgs) StdoutLine: {'line': b'-- Up-to-date: /home/mcfb/ros2_ws/install/px4_msgs/include/px4_msgs/px4_msgs/msg/detail/trajectory_setpoint__traits.hpp\n'}
[1.425497] (px4_msgs) StdoutLine: {'line': b'-- Up-to-date: /home/mcfb/ros2_ws/install/px4_msgs/include/px4_msgs/px4_msgs/msg/detail/wheel_encoders__struct.hpp\n'}
[1.425539] (px4_msgs) StdoutLine: {'line': b'-- Up-to-date: /home/mcfb/ros2_ws/install/px4_msgs/include/px4_msgs/px4_msgs/msg/detail/ulog_stream__type_support.hpp\n'}
[1.425588] (px4_msgs) StdoutLine: {'line': b'-- Up-to-date: /home/mcfb/ros2_ws/install/px4_msgs/include/px4_msgs/px4_msgs/msg/detail/irlock_report__traits.hpp\n'}
[1.425629] (px4_msgs) StdoutLine: {'line': b'-- Up-to-date: /home/mcfb/ros2_ws/install/px4_msgs/include/px4_msgs/px4_msgs/msg/detail/camera_status__builder.hpp\n'}
[1.425668] (px4_msgs) StdoutLine: {'line': b'-- Up-to-date: /home/mcfb/ros2_ws/install/px4_msgs/include/px4_msgs/px4_msgs/msg/detail/ping__builder.hpp\n'}
[1.425709] (px4_msgs) StdoutLine: {'line': b'-- Up-to-date: /home/mcfb/ros2_ws/install/px4_msgs/include/px4_msgs/px4_msgs/msg/detail/rc_channels__traits.hpp\n'}
[1.425746] (px4_msgs) StdoutLine: {'line': b'-- Up-to-date: /home/mcfb/ros2_ws/install/px4_msgs/include/px4_msgs/px4_msgs/msg/detail/gimbal_device_information__type_support.hpp\n'}
[1.425785] (px4_msgs) StdoutLine: {'line': b'-- Up-to-date: /home/mcfb/ros2_ws/install/px4_msgs/include/px4_msgs/px4_msgs/msg/detail/sensor_optical_flow__struct.hpp\n'}
[1.425828] (px4_msgs) StdoutLine: {'line': b'-- Up-to-date: /home/mcfb/ros2_ws/install/px4_msgs/include/px4_msgs/px4_msgs/msg/detail/gps_inject_data__traits.hpp\n'}
[1.425869] (px4_msgs) StdoutLine: {'line': b'-- Up-to-date: /home/mcfb/ros2_ws/install/px4_msgs/include/px4_msgs/px4_msgs/msg/detail/airspeed__type_support.hpp\n'}
[1.425924] (px4_msgs) StdoutLine: {'line': b'-- Up-to-date: /home/mcfb/ros2_ws/install/px4_msgs/include/px4_msgs/px4_msgs/msg/detail/takeoff_status__type_support.hpp\n'}
[1.425962] (px4_msgs) StdoutLine: {'line': b'-- Up-to-date: /home/mcfb/ros2_ws/install/px4_msgs/include/px4_msgs/px4_msgs/msg/detail/fixed_wing_lateral_setpoint__traits.hpp\n'}
[1.425998] (px4_msgs) StdoutLine: {'line': b'-- Up-to-date: /home/mcfb/ros2_ws/install/px4_msgs/include/px4_msgs/px4_msgs/msg/detail/led_control__type_support.hpp\n'}
[1.426036] (px4_msgs) StdoutLine: {'line': b'-- Up-to-date: /home/mcfb/ros2_ws/install/px4_msgs/include/px4_msgs/px4_msgs/msg/detail/control_allocator_status__traits.hpp\n'}
[1.426077] (px4_msgs) StdoutLine: {'line': b'-- Up-to-date: /home/mcfb/ros2_ws/install/px4_msgs/include/px4_msgs/px4_msgs/msg/detail/generator_status__traits.hpp\n'}
[1.426136] (px4_msgs) StdoutLine: {'line': b'-- Up-to-date: /home/mcfb/ros2_ws/install/px4_msgs/include/px4_msgs/px4_msgs/msg/detail/internal_combustion_engine_status__builder.hpp\n'}
[1.426173] (px4_msgs) StdoutLine: {'line': b'-- Up-to-date: /home/mcfb/ros2_ws/install/px4_msgs/include/px4_msgs/px4_msgs/msg/detail/follow_target_estimator__traits.hpp\n'}
[1.426208] (px4_msgs) StdoutLine: {'line': b'-- Up-to-date: /home/mcfb/ros2_ws/install/px4_msgs/include/px4_msgs/px4_msgs/msg/detail/distance_sensor_mode_change_request__builder.hpp\n'}
[1.426244] (px4_msgs) StdoutLine: {'line': b'-- Up-to-date: /home/mcfb/ros2_ws/install/px4_msgs/include/px4_msgs/px4_msgs/msg/detail/wind__builder.hpp\n'}
[1.426283] (px4_msgs) StdoutLine: {'line': b'-- Up-to-date: /home/mcfb/ros2_ws/install/px4_msgs/include/px4_msgs/px4_msgs/msg/detail/airspeed_wind__traits.hpp\n'}
[1.426323] (px4_msgs) StdoutLine: {'line': b'-- Up-to-date: /home/mcfb/ros2_ws/install/px4_msgs/include/px4_msgs/px4_msgs/msg/detail/vehicle_torque_setpoint__traits.hpp\n'}
[1.426377] (px4_msgs) StdoutLine: {'line': b'-- Up-to-date: /home/mcfb/ros2_ws/install/px4_msgs/include/px4_msgs/px4_msgs/msg/detail/obstacle_distance__type_support.hpp\n'}
[1.426415] (px4_msgs) StdoutLine: {'line': b'-- Up-to-date: /home/mcfb/ros2_ws/install/px4_msgs/include/px4_msgs/px4_msgs/msg/detail/camera_capture__type_support.hpp\n'}
[1.426453] (px4_msgs) StdoutLine: {'line': b'-- Up-to-date: /home/mcfb/ros2_ws/install/px4_msgs/include/px4_msgs/px4_msgs/msg/detail/rover_throttle_setpoint__traits.hpp\n'}
[1.426496] (px4_msgs) StdoutLine: {'line': b'-- Up-to-date: /home/mcfb/ros2_ws/install/px4_msgs/include/px4_msgs/px4_msgs/msg/detail/estimator_selector_status__type_support.hpp\n'}
[1.426537] (px4_msgs) StdoutLine: {'line': b'-- Up-to-date: /home/mcfb/ros2_ws/install/px4_msgs/include/px4_msgs/px4_msgs/msg/detail/unregister_ext_component__traits.hpp\n'}
[1.426575] (px4_msgs) StdoutLine: {'line': b'-- Up-to-date: /home/mcfb/ros2_ws/install/px4_msgs/include/px4_msgs/px4_msgs/msg/detail/dataman_request__traits.hpp\n'}
[1.426623] (px4_msgs) StdoutLine: {'line': b'-- Up-to-date: /home/mcfb/ros2_ws/install/px4_msgs/include/px4_msgs/px4_msgs/msg/detail/event__struct.hpp\n'}
[1.426659] (px4_msgs) StdoutLine: {'line': b'-- Up-to-date: /home/mcfb/ros2_ws/install/px4_msgs/include/px4_msgs/px4_msgs/msg/detail/landing_target_innovations__builder.hpp\n'}
[1.426700] (px4_msgs) StdoutLine: {'line': b'-- Up-to-date: /home/mcfb/ros2_ws/install/px4_msgs/include/px4_msgs/px4_msgs/msg/detail/cpuload__builder.hpp\n'}
[1.426741] (px4_msgs) StdoutLine: {'line': b'-- Up-to-date: /home/mcfb/ros2_ws/install/px4_msgs/include/px4_msgs/px4_msgs/msg/detail/message_format_request__traits.hpp\n'}
[1.426782] (px4_msgs) StdoutLine: {'line': b'-- Up-to-date: /home/mcfb/ros2_ws/install/px4_msgs/include/px4_msgs/px4_msgs/msg/detail/vtol_vehicle_status__type_support.hpp\n'}
[1.426821] (px4_msgs) StdoutLine: {'line': b'-- Up-to-date: /home/mcfb/ros2_ws/install/px4_msgs/include/px4_msgs/px4_msgs/msg/detail/open_drone_id_operator_id__type_support.hpp\n'}
[1.426870] (px4_msgs) StdoutLine: {'line': b'-- Up-to-date: /home/mcfb/ros2_ws/install/px4_msgs/include/px4_msgs/px4_msgs/msg/detail/landing_gear_wheel__type_support.hpp\n'}
[1.426914] (px4_msgs) StdoutLine: {'line': b'-- Up-to-date: /home/mcfb/ros2_ws/install/px4_msgs/include/px4_msgs/px4_msgs/msg/detail/manual_control_switches__struct.hpp\n'}
[1.426954] (px4_msgs) StdoutLine: {'line': b'-- Up-to-date: /home/mcfb/ros2_ws/install/px4_msgs/include/px4_msgs/px4_msgs/msg/detail/vehicle_acceleration__traits.hpp\n'}
[1.426992] (px4_msgs) StdoutLine: {'line': b'-- Up-to-date: /home/mcfb/ros2_ws/install/px4_msgs/include/px4_msgs/px4_msgs/msg/detail/vehicle_acceleration__struct.hpp\n'}
[1.427030] (px4_msgs) StdoutLine: {'line': b'-- Up-to-date: /home/mcfb/ros2_ws/install/px4_msgs/include/px4_msgs/px4_msgs/msg/detail/wind__type_support.hpp\n'}
[1.427071] (px4_msgs) StdoutLine: {'line': b'-- Up-to-date: /home/mcfb/ros2_ws/install/px4_msgs/include/px4_msgs/px4_msgs/msg/detail/sensor_baro__traits.hpp\n'}
[1.427108] (px4_msgs) StdoutLine: {'line': b'-- Up-to-date: /home/mcfb/ros2_ws/install/px4_msgs/include/px4_msgs/px4_msgs/msg/detail/vehicle_angular_acceleration_setpoint__traits.hpp\n'}
[1.427144] (px4_msgs) StdoutLine: {'line': b'-- Up-to-date: /home/mcfb/ros2_ws/install/px4_msgs/include/px4_msgs/px4_msgs/msg/detail/sensor_mag__traits.hpp\n'}
[1.427185] (px4_msgs) StdoutLine: {'line': b'-- Up-to-date: /home/mcfb/ros2_ws/install/px4_msgs/include/px4_msgs/px4_msgs/msg/detail/manual_control_setpoint__type_support.hpp\n'}
[1.427234] (px4_msgs) StdoutLine: {'line': b'-- Up-to-date: /home/mcfb/ros2_ws/install/px4_msgs/include/px4_msgs/px4_msgs/msg/detail/vehicle_command_ack__type_support.hpp\n'}
[1.427276] (px4_msgs) StdoutLine: {'line': b'-- Up-to-date: /home/mcfb/ros2_ws/install/px4_msgs/include/px4_msgs/px4_msgs/msg/detail/pure_pursuit_status__type_support.hpp\n'}
[1.427317] (px4_msgs) StdoutLine: {'line': b'-- Up-to-date: /home/mcfb/ros2_ws/install/px4_msgs/include/px4_msgs/px4_msgs/msg/detail/estimator_event_flags__type_support.hpp\n'}
[1.427358] (px4_msgs) StdoutLine: {'line': b'-- Up-to-date: /home/mcfb/ros2_ws/install/px4_msgs/include/px4_msgs/px4_msgs/msg/detail/esc_status__traits.hpp\n'}
[1.427397] (px4_msgs) StdoutLine: {'line': b'-- Up-to-date: /home/mcfb/ros2_ws/install/px4_msgs/include/px4_msgs/px4_msgs/msg/detail/sensor_optical_flow__traits.hpp\n'}
[1.427460] (px4_msgs) StdoutLine: {'line': b'-- Up-to-date: /home/mcfb/ros2_ws/install/px4_msgs/include/px4_msgs/px4_msgs/msg/detail/power_monitor__struct.hpp\n'}
[1.427511] (px4_msgs) StdoutLine: {'line': b'-- Up-to-date: /home/mcfb/ros2_ws/install/px4_msgs/include/px4_msgs/px4_msgs/msg/detail/debug_value__type_support.hpp\n'}
[1.427555] (px4_msgs) StdoutLine: {'line': b'-- Up-to-date: /home/mcfb/ros2_ws/install/px4_msgs/include/px4_msgs/px4_msgs/msg/detail/vehicle_roi__builder.hpp\n'}
[1.427617] (px4_msgs) StdoutLine: {'line': b'-- Up-to-date: /home/mcfb/ros2_ws/install/px4_msgs/include/px4_msgs/px4_msgs/msg/detail/sensor_correction__struct.hpp\n'}
[1.427665] (px4_msgs) StdoutLine: {'line': b'-- Up-to-date: /home/mcfb/ros2_ws/install/px4_msgs/include/px4_msgs/px4_msgs/msg/detail/uavcan_parameter_value__traits.hpp\n'}
[1.427711] (px4_msgs) StdoutLine: {'line': b'-- Up-to-date: /home/mcfb/ros2_ws/install/px4_msgs/include/px4_msgs/px4_msgs/msg/detail/sensor_airflow__traits.hpp\n'}
[1.427879] (px4_msgs) StdoutLine: {'line': b'-- Up-to-date: /home/mcfb/ros2_ws/install/px4_msgs/include/px4_msgs/px4_msgs/msg/detail/timesync_status__builder.hpp\n'}
[1.427961] (px4_msgs) StdoutLine: {'line': b'-- Up-to-date: /home/mcfb/ros2_ws/install/px4_msgs/include/px4_msgs/px4_msgs/msg/detail/parameter_set_used_request__builder.hpp\n'}
[1.428039] (px4_msgs) StdoutLine: {'line': b'-- Up-to-date: /home/mcfb/ros2_ws/install/px4_msgs/include/px4_msgs/px4_msgs/msg/detail/vehicle_odometry__struct.hpp\n'}
[1.428115] (px4_msgs) StdoutLine: {'line': b'-- Up-to-date: /home/mcfb/ros2_ws/install/px4_msgs/include/px4_msgs/px4_msgs/msg/detail/trajectory_setpoint__builder.hpp\n'}
[1.428209] (px4_msgs) StdoutLine: {'line': b'-- Up-to-date: /home/mcfb/ros2_ws/install/px4_msgs/include/px4_msgs/px4_msgs/msg/detail/internal_combustion_engine_control__builder.hpp\n'}
[1.428288] (px4_msgs) StdoutLine: {'line': b'-- Up-to-date: /home/mcfb/ros2_ws/install/px4_msgs/include/px4_msgs/px4_msgs/msg/detail/actuator_servos_trim__builder.hpp\n'}
[1.428353] (px4_msgs) StdoutLine: {'line': b'-- Up-to-date: /home/mcfb/ros2_ws/install/px4_msgs/include/px4_msgs/px4_msgs/msg/detail/estimator_status_flags__type_support.hpp\n'}
[1.428414] (px4_msgs) StdoutLine: {'line': b'-- Up-to-date: /home/mcfb/ros2_ws/install/px4_msgs/include/px4_msgs/px4_msgs/msg/detail/onboard_computer_status__struct.hpp\n'}
[1.428559] (px4_msgs) StdoutLine: {'line': b'-- Up-to-date: /home/mcfb/ros2_ws/install/px4_msgs/include/px4_msgs/px4_msgs/msg/detail/tune_control__struct.hpp\n'}
[1.428705] (px4_msgs) StdoutLine: {'line': b'-- Up-to-date: /home/mcfb/ros2_ws/install/px4_msgs/include/px4_msgs/px4_msgs/msg/detail/esc_status__type_support.hpp\n'}
[1.428784] (px4_msgs) StdoutLine: {'line': b'-- Up-to-date: /home/mcfb/ros2_ws/install/px4_msgs/include/px4_msgs/px4_msgs/msg/detail/navigator_status__type_support.hpp\n'}
[1.428856] (px4_msgs) StdoutLine: {'line': b'-- Up-to-date: /home/mcfb/ros2_ws/install/px4_msgs/include/px4_msgs/px4_msgs/msg/detail/arming_check_request__builder.hpp\n'}
[1.428900] (px4_msgs) StdoutLine: {'line': b'-- Up-to-date: /home/mcfb/ros2_ws/install/px4_msgs/include/px4_msgs/px4_msgs/msg/detail/camera_status__struct.hpp\n'}
[1.428938] (px4_msgs) StdoutLine: {'line': b'-- Up-to-date: /home/mcfb/ros2_ws/install/px4_msgs/include/px4_msgs/px4_msgs/msg/detail/logger_status__builder.hpp\n'}
[1.428977] (px4_msgs) StdoutLine: {'line': b'-- Up-to-date: /home/mcfb/ros2_ws/install/px4_msgs/include/px4_msgs/px4_msgs/msg/detail/vehicle_global_position__struct.hpp\n'}
[1.429016] (px4_msgs) StdoutLine: {'line': b'-- Up-to-date: /home/mcfb/ros2_ws/install/px4_msgs/include/px4_msgs/px4_msgs/msg/detail/rover_attitude_setpoint__traits.hpp\n'}
[1.429052] (px4_msgs) StdoutLine: {'line': b'-- Up-to-date: /home/mcfb/ros2_ws/install/px4_msgs/include/px4_msgs/px4_msgs/msg/detail/pure_pursuit_status__struct.hpp\n'}
[1.429094] (px4_msgs) StdoutLine: {'line': b'-- Up-to-date: /home/mcfb/ros2_ws/install/px4_msgs/include/px4_msgs/px4_msgs/msg/detail/ulog_stream_ack__builder.hpp\n'}
[1.429135] (px4_msgs) StdoutLine: {'line': b'-- Up-to-date: /home/mcfb/ros2_ws/install/px4_msgs/include/px4_msgs/px4_msgs/msg/detail/pwm_input__traits.hpp\n'}
[1.429173] (px4_msgs) StdoutLine: {'line': b'-- Up-to-date: /home/mcfb/ros2_ws/install/px4_msgs/include/px4_msgs/px4_msgs/msg/detail/estimator_bias__type_support.hpp\n'}
[1.429212] (px4_msgs) StdoutLine: {'line': b'-- Up-to-date: /home/mcfb/ros2_ws/install/px4_msgs/include/px4_msgs/px4_msgs/msg/detail/follow_target_estimator__struct.hpp\n'}
[1.429251] (px4_msgs) StdoutLine: {'line': b'-- Up-to-date: /home/mcfb/ros2_ws/install/px4_msgs/include/px4_msgs/px4_msgs/msg/detail/tune_control__builder.hpp\n'}
[1.429290] (px4_msgs) StdoutLine: {'line': b'-- Up-to-date: /home/mcfb/ros2_ws/install/px4_msgs/include/px4_msgs/px4_msgs/msg/detail/gimbal_controls__builder.hpp\n'}
[1.429331] (px4_msgs) StdoutLine: {'line': b'-- Up-to-date: /home/mcfb/ros2_ws/install/px4_msgs/include/px4_msgs/px4_msgs/msg/detail/cpuload__type_support.hpp\n'}
[1.429375] (px4_msgs) StdoutLine: {'line': b'-- Up-to-date: /home/mcfb/ros2_ws/install/px4_msgs/include/px4_msgs/px4_msgs/msg/detail/battery_status__struct.hpp\n'}
[1.429416] (px4_msgs) StdoutLine: {'line': b'-- Up-to-date: /home/mcfb/ros2_ws/install/px4_msgs/include/px4_msgs/px4_msgs/msg/detail/vehicle_constraints__struct.hpp\n'}
[1.429458] (px4_msgs) StdoutLine: {'line': b'-- Up-to-date: /home/mcfb/ros2_ws/install/px4_msgs/include/px4_msgs/px4_msgs/msg/detail/vehicle_constraints__builder.hpp\n'}
[1.429501] (px4_msgs) StdoutLine: {'line': b'-- Up-to-date: /home/mcfb/ros2_ws/install/px4_msgs/include/px4_msgs/px4_msgs/msg/detail/rpm__type_support.hpp\n'}
[1.429542] (px4_msgs) StdoutLine: {'line': b'-- Up-to-date: /home/mcfb/ros2_ws/install/px4_msgs/include/px4_msgs/px4_msgs/msg/detail/fixed_wing_lateral_guidance_status__struct.hpp\n'}
[1.429582] (px4_msgs) StdoutLine: {'line': b'-- Up-to-date: /home/mcfb/ros2_ws/install/px4_msgs/include/px4_msgs/px4_msgs/msg/detail/neural_control__struct.hpp\n'}
[1.429626] (px4_msgs) StdoutLine: {'line': b'-- Up-to-date: /home/mcfb/ros2_ws/install/px4_msgs/include/px4_msgs/px4_msgs/msg/detail/qshell_req__struct.hpp\n'}
[1.429667] (px4_msgs) StdoutLine: {'line': b'-- Up-to-date: /home/mcfb/ros2_ws/install/px4_msgs/include/px4_msgs/px4_msgs/msg/detail/actuator_test__type_support.hpp\n'}
[1.429707] (px4_msgs) StdoutLine: {'line': b'-- Up-to-date: /home/mcfb/ros2_ws/install/px4_msgs/include/px4_msgs/px4_msgs/msg/detail/rover_position_setpoint__type_support.hpp\n'}
[1.429746] (px4_msgs) StdoutLine: {'line': b'-- Up-to-date: /home/mcfb/ros2_ws/install/px4_msgs/include/px4_msgs/px4_msgs/msg/detail/estimator_gps_status__builder.hpp\n'}
[1.429788] (px4_msgs) StdoutLine: {'line': b'-- Up-to-date: /home/mcfb/ros2_ws/install/px4_msgs/include/px4_msgs/px4_msgs/msg/detail/power_button_state__type_support.hpp\n'}
[1.429927] (px4_msgs) StdoutLine: {'line': b'-- Up-to-date: /home/mcfb/ros2_ws/install/px4_msgs/include/px4_msgs/px4_msgs/msg/detail/orbit_status__struct.hpp\n'}
[1.429966] (px4_msgs) StdoutLine: {'line': b'-- Up-to-date: /home/mcfb/ros2_ws/install/px4_msgs/include/px4_msgs/px4_msgs/msg/detail/sensor_gps__traits.hpp\n'}
[1.430012] (px4_msgs) StdoutLine: {'line': b'-- Up-to-date: /home/mcfb/ros2_ws/install/px4_msgs/include/px4_msgs/px4_msgs/msg/detail/cpuload__traits.hpp\n'}
[1.430082] (px4_msgs) StdoutLine: {'line': b'-- Up-to-date: /home/mcfb/ros2_ws/install/px4_msgs/include/px4_msgs/px4_msgs/msg/detail/cellular_status__builder.hpp\n'}
[1.430117] (px4_msgs) StdoutLine: {'line': b'-- Up-to-date: /home/mcfb/ros2_ws/install/px4_msgs/include/px4_msgs/px4_msgs/msg/detail/satellite_info__traits.hpp\n'}
[1.430153] (px4_msgs) StdoutLine: {'line': b'-- Up-to-date: /home/mcfb/ros2_ws/install/px4_msgs/include/px4_msgs/px4_msgs/msg/detail/position_setpoint_triplet__builder.hpp\n'}
[1.430188] (px4_msgs) StdoutLine: {'line': b'-- Up-to-date: /home/mcfb/ros2_ws/install/px4_msgs/include/px4_msgs/px4_msgs/msg/detail/gimbal_manager_set_manual_control__builder.hpp\n'}
[1.430229] (px4_msgs) StdoutLine: {'line': b'-- Up-to-date: /home/mcfb/ros2_ws/install/px4_msgs/include/px4_msgs/px4_msgs/msg/detail/vtol_vehicle_status__traits.hpp\n'}
[1.430264] (px4_msgs) StdoutLine: {'line': b'-- Up-to-date: /home/mcfb/ros2_ws/install/px4_msgs/include/px4_msgs/px4_msgs/msg/detail/vehicle_magnetometer__traits.hpp\n'}
[1.430305] (px4_msgs) StdoutLine: {'line': b'-- Up-to-date: /home/mcfb/ros2_ws/install/px4_msgs/include/px4_msgs/px4_msgs/msg/detail/failure_detector_status__struct.hpp\n'}
[1.430339] (px4_msgs) StdoutLine: {'line': b'-- Up-to-date: /home/mcfb/ros2_ws/install/px4_msgs/include/px4_msgs/px4_msgs/msg/detail/open_drone_id_arm_status__type_support.hpp\n'}
[1.430374] (px4_msgs) StdoutLine: {'line': b'-- Up-to-date: /home/mcfb/ros2_ws/install/px4_msgs/include/px4_msgs/px4_msgs/msg/detail/gpio_out__traits.hpp\n'}
[1.430409] (px4_msgs) StdoutLine: {'line': b'-- Up-to-date: /home/mcfb/ros2_ws/install/px4_msgs/include/px4_msgs/px4_msgs/msg/detail/tune_control__type_support.hpp\n'}
[1.430444] (px4_msgs) StdoutLine: {'line': b'-- Up-to-date: /home/mcfb/ros2_ws/install/px4_msgs/include/px4_msgs/px4_msgs/msg/detail/geofence_result__struct.hpp\n'}
[1.430501] (px4_msgs) StdoutLine: {'line': b'-- Up-to-date: /home/mcfb/ros2_ws/install/px4_msgs/include/px4_msgs/px4_msgs/msg/detail/dataman_response__struct.hpp\n'}
[1.430537] (px4_msgs) StdoutLine: {'line': b'-- Up-to-date: /home/mcfb/ros2_ws/install/px4_msgs/include/px4_msgs/px4_msgs/msg/detail/position_controller_status__struct.hpp\n'}
[1.430572] (px4_msgs) StdoutLine: {'line': b'-- Up-to-date: /home/mcfb/ros2_ws/install/px4_msgs/include/px4_msgs/px4_msgs/msg/detail/vehicle_optical_flow_vel__builder.hpp\n'}
[1.430608] (px4_msgs) StdoutLine: {'line': b'-- Up-to-date: /home/mcfb/ros2_ws/install/px4_msgs/include/px4_msgs/px4_msgs/msg/detail/wind__struct.hpp\n'}
[1.430644] (px4_msgs) StdoutLine: {'line': b'-- Up-to-date: /home/mcfb/ros2_ws/install/px4_msgs/include/px4_msgs/px4_msgs/msg/detail/sensor_preflight_mag__builder.hpp\n'}
[1.430679] (px4_msgs) StdoutLine: {'line': b'-- Up-to-date: /home/mcfb/ros2_ws/install/px4_msgs/include/px4_msgs/px4_msgs/msg/detail/launch_detection_status__struct.hpp\n'}
[1.430714] (px4_msgs) StdoutLine: {'line': b'-- Up-to-date: /home/mcfb/ros2_ws/install/px4_msgs/include/px4_msgs/px4_msgs/msg/detail/vehicle_command_ack__traits.hpp\n'}
[1.430748] (px4_msgs) StdoutLine: {'line': b'-- Up-to-date: /home/mcfb/ros2_ws/install/px4_msgs/include/px4_msgs/px4_msgs/msg/detail/sensor_correction__builder.hpp\n'}
[1.430784] (px4_msgs) StdoutLine: {'line': b'-- Up-to-date: /home/mcfb/ros2_ws/install/px4_msgs/include/px4_msgs/px4_msgs/msg/detail/rc_parameter_map__builder.hpp\n'}
[1.430819] (px4_msgs) StdoutLine: {'line': b'-- Up-to-date: /home/mcfb/ros2_ws/install/px4_msgs/include/px4_msgs/px4_msgs/msg/detail/gpio_out__type_support.hpp\n'}
[1.430861] (px4_msgs) StdoutLine: {'line': b'-- Up-to-date: /home/mcfb/ros2_ws/install/px4_msgs/include/px4_msgs/px4_msgs/msg/detail/estimator_gps_status__type_support.hpp\n'}
[1.430895] (px4_msgs) StdoutLine: {'line': b'-- Up-to-date: /home/mcfb/ros2_ws/install/px4_msgs/include/px4_msgs/px4_msgs/msg/detail/rtl_status__traits.hpp\n'}
[1.430931] (px4_msgs) StdoutLine: {'line': b'-- Up-to-date: /home/mcfb/ros2_ws/install/px4_msgs/include/px4_msgs/px4_msgs/msg/detail/qshell_retval__type_support.hpp\n'}
[1.430967] (px4_msgs) StdoutLine: {'line': b'-- Up-to-date: /home/mcfb/ros2_ws/install/px4_msgs/include/px4_msgs/px4_msgs/msg/detail/position_setpoint_triplet__traits.hpp\n'}
[1.431004] (px4_msgs) StdoutLine: {'line': b'-- Up-to-date: /home/mcfb/ros2_ws/install/px4_msgs/include/px4_msgs/px4_msgs/msg/detail/dronecan_node_status__type_support.hpp\n'}
[1.431039] (px4_msgs) StdoutLine: {'line': b'-- Up-to-date: /home/mcfb/ros2_ws/install/px4_msgs/include/px4_msgs/px4_msgs/msg/detail/gimbal_device_set_attitude__builder.hpp\n'}
[1.431074] (px4_msgs) StdoutLine: {'line': b'-- Up-to-date: /home/mcfb/ros2_ws/install/px4_msgs/include/px4_msgs/px4_msgs/msg/detail/vehicle_thrust_setpoint__builder.hpp\n'}
[1.431110] (px4_msgs) StdoutLine: {'line': b'-- Up-to-date: /home/mcfb/ros2_ws/install/px4_msgs/include/px4_msgs/px4_msgs/msg/detail/mission__type_support.hpp\n'}
[1.431145] (px4_msgs) StdoutLine: {'line': b'-- Up-to-date: /home/mcfb/ros2_ws/install/px4_msgs/include/px4_msgs/px4_msgs/msg/detail/estimator_bias3d__struct.hpp\n'}
[1.431180] (px4_msgs) StdoutLine: {'line': b'-- Up-to-date: /home/mcfb/ros2_ws/install/px4_msgs/include/px4_msgs/px4_msgs/msg/detail/mavlink_log__traits.hpp\n'}
[1.431217] (px4_msgs) StdoutLine: {'line': b'-- Up-to-date: /home/mcfb/ros2_ws/install/px4_msgs/include/px4_msgs/px4_msgs/msg/detail/manual_control_switches__builder.hpp\n'}
[1.431253] (px4_msgs) StdoutLine: {'line': b'-- Up-to-date: /home/mcfb/ros2_ws/install/px4_msgs/include/px4_msgs/px4_msgs/msg/detail/debug_value__traits.hpp\n'}
[1.431292] (px4_msgs) StdoutLine: {'line': b'-- Up-to-date: /home/mcfb/ros2_ws/install/px4_msgs/include/px4_msgs/px4_msgs/msg/detail/vehicle_imu__builder.hpp\n'}
[1.431335] (px4_msgs) StdoutLine: {'line': b'-- Up-to-date: /home/mcfb/ros2_ws/install/px4_msgs/include/px4_msgs/px4_msgs/msg/detail/px4io_status__struct.hpp\n'}
[1.431375] (px4_msgs) StdoutLine: {'line': b'-- Up-to-date: /home/mcfb/ros2_ws/install/px4_msgs/include/px4_msgs/px4_msgs/msg/detail/obstacle_distance__builder.hpp\n'}
[1.431415] (px4_msgs) StdoutLine: {'line': b'-- Up-to-date: /home/mcfb/ros2_ws/install/px4_msgs/include/px4_msgs/px4_msgs/msg/detail/config_overrides__traits.hpp\n'}
[1.431453] (px4_msgs) StdoutLine: {'line': b'-- Up-to-date: /home/mcfb/ros2_ws/install/px4_msgs/include/px4_msgs/px4_msgs/msg/detail/estimator_bias__struct.hpp\n'}
[1.431514] (px4_msgs) StdoutLine: {'line': b'-- Up-to-date: /home/mcfb/ros2_ws/install/px4_msgs/include/px4_msgs/px4_msgs/msg/detail/px4io_status__type_support.hpp\n'}
[1.431549] (px4_msgs) StdoutLine: {'line': b'-- Up-to-date: /home/mcfb/ros2_ws/install/px4_msgs/include/px4_msgs/px4_msgs/msg/detail/gpio_request__traits.hpp\n'}
[1.431590] (px4_msgs) StdoutLine: {'line': b'-- Up-to-date: /home/mcfb/ros2_ws/install/px4_msgs/include/px4_msgs/px4_msgs/msg/detail/actuator_motors__builder.hpp\n'}
[1.431625] (px4_msgs) StdoutLine: {'line': b'-- Up-to-date: /home/mcfb/ros2_ws/install/px4_msgs/include/px4_msgs/px4_msgs/msg/detail/power_button_state__struct.hpp\n'}
[1.431668] (px4_msgs) StdoutLine: {'line': b'-- Up-to-date: /home/mcfb/ros2_ws/install/px4_msgs/include/px4_msgs/px4_msgs/msg/detail/input_rc__struct.hpp\n'}
[1.431708] (px4_msgs) StdoutLine: {'line': b'-- Up-to-date: /home/mcfb/ros2_ws/install/px4_msgs/include/px4_msgs/px4_msgs/msg/detail/estimator_aid_source2d__builder.hpp\n'}
[1.431745] (px4_msgs) StdoutLine: {'line': b'-- Up-to-date: /home/mcfb/ros2_ws/install/px4_msgs/include/px4_msgs/px4_msgs/msg/detail/vehicle_torque_setpoint__type_support.hpp\n'}
[1.431795] (px4_msgs) StdoutLine: {'line': b'-- Up-to-date: /home/mcfb/ros2_ws/install/px4_msgs/include/px4_msgs/px4_msgs/msg/detail/fuel_tank_status__traits.hpp\n'}
[1.431839] (px4_msgs) StdoutLine: {'line': b'-- Up-to-date: /home/mcfb/ros2_ws/install/px4_msgs/include/px4_msgs/px4_msgs/msg/detail/mode_completed__builder.hpp\n'}
[1.431891] (px4_msgs) StdoutLine: {'line': b'-- Up-to-date: /home/mcfb/ros2_ws/install/px4_msgs/include/px4_msgs/px4_msgs/msg/detail/estimator_aid_source3d__traits.hpp\n'}
[1.431931] (px4_msgs) StdoutLine: {'line': b'-- Up-to-date: /home/mcfb/ros2_ws/install/px4_msgs/include/px4_msgs/px4_msgs/msg/detail/distance_sensor__traits.hpp\n'}
[1.431966] (px4_msgs) StdoutLine: {'line': b'-- Up-to-date: /home/mcfb/ros2_ws/install/px4_msgs/include/px4_msgs/px4_msgs/msg/detail/adc_report__traits.hpp\n'}
[1.432003] (px4_msgs) StdoutLine: {'line': b'-- Up-to-date: /home/mcfb/ros2_ws/install/px4_msgs/include/px4_msgs/px4_msgs/msg/detail/system_power__traits.hpp\n'}
[1.432045] (px4_msgs) StdoutLine: {'line': b'-- Up-to-date: /home/mcfb/ros2_ws/install/px4_msgs/include/px4_msgs/px4_msgs/msg/detail/gimbal_manager_set_attitude__builder.hpp\n'}
[1.432106] (px4_msgs) StdoutLine: {'line': b'-- Up-to-date: /home/mcfb/ros2_ws/install/px4_msgs/include/px4_msgs/px4_msgs/msg/detail/px4io_status__traits.hpp\n'}
[1.432158] (px4_msgs) StdoutLine: {'line': b'-- Up-to-date: /home/mcfb/ros2_ws/install/px4_msgs/include/px4_msgs/px4_msgs/msg/detail/follow_target_estimator__type_support.hpp\n'}
[1.432215] (px4_msgs) StdoutLine: {'line': b'-- Up-to-date: /home/mcfb/ros2_ws/install/px4_msgs/include/px4_msgs/px4_msgs/msg/detail/yaw_estimator_status__type_support.hpp\n'}
[1.432305] (px4_msgs) StdoutLine: {'line': b'-- Up-to-date: /home/mcfb/ros2_ws/install/px4_msgs/include/px4_msgs/px4_msgs/msg/detail/rtl_time_estimate__struct.hpp\n'}
[1.432358] (px4_msgs) StdoutLine: {'line': b'-- Up-to-date: /home/mcfb/ros2_ws/install/px4_msgs/include/px4_msgs/px4_msgs/msg/detail/fixed_wing_lateral_status__struct.hpp\n'}
[1.432408] (px4_msgs) StdoutLine: {'line': b'-- Up-to-date: /home/mcfb/ros2_ws/install/px4_msgs/include/px4_msgs/px4_msgs/msg/detail/gimbal_manager_information__struct.hpp\n'}
[1.432460] (px4_msgs) StdoutLine: {'line': b'-- Up-to-date: /home/mcfb/ros2_ws/install/px4_msgs/include/px4_msgs/px4_msgs/msg/detail/goto_setpoint__type_support.hpp\n'}
[1.432514] (px4_msgs) StdoutLine: {'line': b'-- Up-to-date: /home/mcfb/ros2_ws/install/px4_msgs/include/px4_msgs/px4_msgs/msg/detail/gimbal_device_set_attitude__struct.hpp\n'}
[1.432567] (px4_msgs) StdoutLine: {'line': b'-- Up-to-date: /home/mcfb/ros2_ws/install/px4_msgs/include/px4_msgs/px4_msgs/msg/detail/vehicle_global_position__traits.hpp\n'}
[1.432618] (px4_msgs) StdoutLine: {'line': b'-- Up-to-date: /home/mcfb/ros2_ws/install/px4_msgs/include/px4_msgs/px4_msgs/msg/detail/wheel_encoders__builder.hpp\n'}
[1.432673] (px4_msgs) StdoutLine: {'line': b'-- Up-to-date: /home/mcfb/ros2_ws/install/px4_msgs/include/px4_msgs/px4_msgs/msg/detail/tiltrotor_extra_controls__builder.hpp\n'}
[1.432729] (px4_msgs) StdoutLine: {'line': b'-- Up-to-date: /home/mcfb/ros2_ws/install/px4_msgs/include/px4_msgs/px4_msgs/msg/detail/gimbal_device_set_attitude__type_support.hpp\n'}
[1.432781] (px4_msgs) StdoutLine: {'line': b'-- Up-to-date: /home/mcfb/ros2_ws/install/px4_msgs/include/px4_msgs/px4_msgs/msg/detail/sensors_status_imu__struct.hpp\n'}
[1.432840] (px4_msgs) StdoutLine: {'line': b'-- Up-to-date: /home/mcfb/ros2_ws/install/px4_msgs/include/px4_msgs/px4_msgs/msg/detail/parameter_reset_request__traits.hpp\n'}
[1.432889] (px4_msgs) StdoutLine: {'line': b'-- Up-to-date: /home/mcfb/ros2_ws/install/px4_msgs/include/px4_msgs/px4_msgs/msg/detail/airspeed__struct.hpp\n'}
[1.432928] (px4_msgs) StdoutLine: {'line': b'-- Up-to-date: /home/mcfb/ros2_ws/install/px4_msgs/include/px4_msgs/px4_msgs/msg/detail/gpio_request__struct.hpp\n'}
[1.432971] (px4_msgs) StdoutLine: {'line': b'-- Up-to-date: /home/mcfb/ros2_ws/install/px4_msgs/include/px4_msgs/px4_msgs/msg/detail/parameter_update__struct.hpp\n'}
[1.433030] (px4_msgs) StdoutLine: {'line': b'-- Up-to-date: /home/mcfb/ros2_ws/install/px4_msgs/include/px4_msgs/px4_msgs/msg/detail/rover_rate_status__struct.hpp\n'}
[1.433122] (px4_msgs) StdoutLine: {'line': b'-- Up-to-date: /home/mcfb/ros2_ws/install/px4_msgs/include/px4_msgs/px4_msgs/msg/detail/power_button_state__builder.hpp\n'}
[1.433156] (px4_msgs) StdoutLine: {'line': b'-- Up-to-date: /home/mcfb/ros2_ws/install/px4_msgs/include/px4_msgs/px4_msgs/msg/detail/estimator_selector_status__struct.hpp\n'}
[1.433194] (px4_msgs) StdoutLine: {'line': b'-- Up-to-date: /home/mcfb/ros2_ws/install/px4_msgs/include/px4_msgs/px4_msgs/msg/detail/unregister_ext_component__struct.hpp\n'}
[1.433229] (px4_msgs) StdoutLine: {'line': b'-- Up-to-date: /home/mcfb/ros2_ws/install/px4_msgs/include/px4_msgs/px4_msgs/msg/detail/parameter_update__builder.hpp\n'}
[1.433270] (px4_msgs) StdoutLine: {'line': b'-- Up-to-date: /home/mcfb/ros2_ws/install/px4_msgs/include/px4_msgs/px4_msgs/msg/detail/gps_inject_data__struct.hpp\n'}
[1.433305] (px4_msgs) StdoutLine: {'line': b'-- Up-to-date: /home/mcfb/ros2_ws/install/px4_msgs/include/px4_msgs/px4_msgs/msg/detail/log_message__type_support.hpp\n'}
[1.433343] (px4_msgs) StdoutLine: {'line': b'-- Up-to-date: /home/mcfb/ros2_ws/install/px4_msgs/include/px4_msgs/px4_msgs/msg/detail/rc_channels__struct.hpp\n'}
[1.433390] (px4_msgs) StdoutLine: {'line': b'-- Up-to-date: /home/mcfb/ros2_ws/install/px4_msgs/include/px4_msgs/px4_msgs/msg/detail/mission_result__type_support.hpp\n'}
[1.433445] (px4_msgs) StdoutLine: {'line': b'-- Up-to-date: /home/mcfb/ros2_ws/install/px4_msgs/include/px4_msgs/px4_msgs/msg/detail/sensor_gyro_fft__type_support.hpp\n'}
[1.433483] (px4_msgs) StdoutLine: {'line': b'-- Up-to-date: /home/mcfb/ros2_ws/install/px4_msgs/include/px4_msgs/px4_msgs/msg/detail/actuator_servos_trim__traits.hpp\n'}
[1.433529] (px4_msgs) StdoutLine: {'line': b'-- Up-to-date: /home/mcfb/ros2_ws/install/px4_msgs/include/px4_msgs/px4_msgs/msg/detail/hover_thrust_estimate__struct.hpp\n'}
[1.433626] (px4_msgs) StdoutLine: {'line': b'-- Up-to-date: /home/mcfb/ros2_ws/install/px4_msgs/include/px4_msgs/px4_msgs/msg/detail/uavcan_parameter_request__struct.hpp\n'}
[1.433661] (px4_msgs) StdoutLine: {'line': b'-- Up-to-date: /home/mcfb/ros2_ws/install/px4_msgs/include/px4_msgs/px4_msgs/msg/detail/airspeed_validated__struct.hpp\n'}
[1.433696] (px4_msgs) StdoutLine: {'line': b'-- Up-to-date: /home/mcfb/ros2_ws/install/px4_msgs/include/px4_msgs/px4_msgs/msg/detail/system_power__builder.hpp\n'}
[1.433742] (px4_msgs) StdoutLine: {'line': b'-- Up-to-date: /home/mcfb/ros2_ws/install/px4_msgs/include/px4_msgs/px4_msgs/msg/detail/vehicle_magnetometer__type_support.hpp\n'}
[1.433784] (px4_msgs) StdoutLine: {'line': b'-- Up-to-date: /home/mcfb/ros2_ws/install/px4_msgs/include/px4_msgs/px4_msgs/msg/detail/esc_status__struct.hpp\n'}
[1.433880] (px4_msgs) StdoutLine: {'line': b'-- Up-to-date: /home/mcfb/ros2_ws/install/px4_msgs/include/px4_msgs/px4_msgs/msg/detail/lateral_control_configuration__type_support.hpp\n'}
[1.433919] (px4_msgs) StdoutLine: {'line': b'-- Up-to-date: /home/mcfb/ros2_ws/install/px4_msgs/include/px4_msgs/px4_msgs/msg/detail/actuator_test__traits.hpp\n'}
[1.433956] (px4_msgs) StdoutLine: {'line': b'-- Up-to-date: /home/mcfb/ros2_ws/install/px4_msgs/include/px4_msgs/px4_msgs/msg/detail/sensor_selection__struct.hpp\n'}
[1.434002] (px4_msgs) StdoutLine: {'line': b'-- Up-to-date: /home/mcfb/ros2_ws/install/px4_msgs/include/px4_msgs/px4_msgs/msg/detail/ulog_stream__builder.hpp\n'}
[1.434037] (px4_msgs) StdoutLine: {'line': b'-- Up-to-date: /home/mcfb/ros2_ws/install/px4_msgs/include/px4_msgs/px4_msgs/msg/detail/task_stack_info__type_support.hpp\n'}
[1.434072] (px4_msgs) StdoutLine: {'line': b'-- Up-to-date: /home/mcfb/ros2_ws/install/px4_msgs/include/px4_msgs/px4_msgs/msg/detail/sensor_gyro__type_support.hpp\n'}
[1.434107] (px4_msgs) StdoutLine: {'line': b'-- Up-to-date: /home/mcfb/ros2_ws/install/px4_msgs/include/px4_msgs/px4_msgs/msg/detail/message_format_response__traits.hpp\n'}
[1.434142] (px4_msgs) StdoutLine: {'line': b'-- Up-to-date: /home/mcfb/ros2_ws/install/px4_msgs/include/px4_msgs/px4_msgs/msg/detail/figure_eight_status__type_support.hpp\n'}
[1.434203] (px4_msgs) StdoutLine: {'line': b'-- Up-to-date: /home/mcfb/ros2_ws/install/px4_msgs/include/px4_msgs/px4_msgs/msg/detail/radio_status__traits.hpp\n'}
[1.434262] (px4_msgs) StdoutLine: {'line': b'-- Up-to-date: /home/mcfb/ros2_ws/install/px4_msgs/include/px4_msgs/px4_msgs/msg/detail/longitudinal_control_configuration__struct.hpp\n'}
[1.434312] (px4_msgs) StdoutLine: {'line': b'-- Up-to-date: /home/mcfb/ros2_ws/install/px4_msgs/include/px4_msgs/px4_msgs/msg/detail/vehicle_rates_setpoint__type_support.hpp\n'}
[1.434364] (px4_msgs) StdoutLine: {'line': b'-- Up-to-date: /home/mcfb/ros2_ws/install/px4_msgs/include/px4_msgs/px4_msgs/msg/detail/gpio_in__traits.hpp\n'}
[1.434415] (px4_msgs) StdoutLine: {'line': b'-- Up-to-date: /home/mcfb/ros2_ws/install/px4_msgs/include/px4_msgs/px4_msgs/msg/detail/timesync_status__traits.hpp\n'}
[1.434478] (px4_msgs) StdoutLine: {'line': b'-- Up-to-date: /home/mcfb/ros2_ws/install/px4_msgs/include/px4_msgs/px4_msgs/msg/detail/actuator_controls_status__type_support.hpp\n'}
[1.434541] (px4_msgs) StdoutLine: {'line': b'-- Up-to-date: /home/mcfb/ros2_ws/install/px4_msgs/include/px4_msgs/px4_msgs/msg/detail/actuator_servos_trim__struct.hpp\n'}
[1.434636] (px4_msgs) StdoutLine: {'line': b'-- Up-to-date: /home/mcfb/ros2_ws/install/px4_msgs/include/px4_msgs/px4_msgs/msg/detail/estimator_status__builder.hpp\n'}
[1.434692] (px4_msgs) StdoutLine: {'line': b'-- Up-to-date: /home/mcfb/ros2_ws/install/px4_msgs/include/px4_msgs/px4_msgs/msg/detail/sensor_uwb__type_support.hpp\n'}
[1.434743] (px4_msgs) StdoutLine: {'line': b'-- Up-to-date: /home/mcfb/ros2_ws/install/px4_msgs/include/px4_msgs/px4_msgs/msg/detail/vehicle_imu_status__traits.hpp\n'}
[1.434801] (px4_msgs) StdoutLine: {'line': b'-- Up-to-date: /home/mcfb/ros2_ws/install/px4_msgs/include/px4_msgs/px4_msgs/msg/detail/rover_speed_setpoint__traits.hpp\n'}
[1.434849] (px4_msgs) StdoutLine: {'line': b'-- Up-to-date: /home/mcfb/ros2_ws/install/px4_msgs/include/px4_msgs/px4_msgs/msg/detail/vehicle_angular_acceleration_setpoint__builder.hpp\n'}
[1.434901] (px4_msgs) StdoutLine: {'line': b'-- Up-to-date: /home/mcfb/ros2_ws/install/px4_msgs/include/px4_msgs/px4_msgs/msg/detail/rover_position_setpoint__traits.hpp\n'}
[1.434939] (px4_msgs) StdoutLine: {'line': b'-- Up-to-date: /home/mcfb/ros2_ws/install/px4_msgs/include/px4_msgs/px4_msgs/msg/detail/distance_sensor_mode_change_request__traits.hpp\n'}
[1.435053] (px4_msgs) StdoutLine: {'line': b'-- Up-to-date: /home/mcfb/ros2_ws/install/px4_msgs/include/px4_msgs/px4_msgs/msg/detail/actuator_test__struct.hpp\n'}
[1.435095] (px4_msgs) StdoutLine: {'line': b'-- Up-to-date: /home/mcfb/ros2_ws/install/px4_msgs/include/px4_msgs/px4_msgs/msg/detail/internal_combustion_engine_control__struct.hpp\n'}
[1.435149] (px4_msgs) StdoutLine: {'line': b'-- Up-to-date: /home/mcfb/ros2_ws/install/px4_msgs/include/px4_msgs/px4_msgs/msg/detail/sensors_status__type_support.hpp\n'}
[1.435185] (px4_msgs) StdoutLine: {'line': b'-- Up-to-date: /home/mcfb/ros2_ws/install/px4_msgs/include/px4_msgs/px4_msgs/msg/detail/gps_inject_data__type_support.hpp\n'}
[1.435225] (px4_msgs) StdoutLine: {'line': b'-- Up-to-date: /home/mcfb/ros2_ws/install/px4_msgs/include/px4_msgs/px4_msgs/msg/detail/unregister_ext_component__type_support.hpp\n'}
[1.435273] (px4_msgs) StdoutLine: {'line': b'-- Up-to-date: /home/mcfb/ros2_ws/install/px4_msgs/include/px4_msgs/px4_msgs/msg/detail/health_report__struct.hpp\n'}
[1.435312] (px4_msgs) StdoutLine: {'line': b'-- Up-to-date: /home/mcfb/ros2_ws/install/px4_msgs/include/px4_msgs/px4_msgs/msg/detail/debug_key_value__traits.hpp\n'}
[1.435364] (px4_msgs) StdoutLine: {'line': b'-- Up-to-date: /home/mcfb/ros2_ws/install/px4_msgs/include/px4_msgs/px4_msgs/msg/detail/debug_key_value__builder.hpp\n'}
[1.435414] (px4_msgs) StdoutLine: {'line': b'-- Up-to-date: /home/mcfb/ros2_ws/install/px4_msgs/include/px4_msgs/px4_msgs/msg/detail/battery_info__type_support.hpp\n'}
[1.435467] (px4_msgs) StdoutLine: {'line': b'-- Up-to-date: /home/mcfb/ros2_ws/install/px4_msgs/include/px4_msgs/px4_msgs/msg/detail/vehicle_magnetometer__struct.hpp\n'}
[1.435510] (px4_msgs) StdoutLine: {'line': b'-- Up-to-date: /home/mcfb/ros2_ws/install/px4_msgs/include/px4_msgs/px4_msgs/msg/detail/tecs_status__struct.hpp\n'}
[1.435546] (px4_msgs) StdoutLine: {'line': b'-- Up-to-date: /home/mcfb/ros2_ws/install/px4_msgs/include/px4_msgs/px4_msgs/msg/detail/vehicle_optical_flow_vel__struct.hpp\n'}
[1.435583] (px4_msgs) StdoutLine: {'line': b'-- Up-to-date: /home/mcfb/ros2_ws/install/px4_msgs/include/px4_msgs/px4_msgs/msg/detail/yaw_estimator_status__struct.hpp\n'}
[1.435617] (px4_msgs) StdoutLine: {'line': b'-- Up-to-date: /home/mcfb/ros2_ws/install/px4_msgs/include/px4_msgs/px4_msgs/msg/detail/estimator_aid_source1d__traits.hpp\n'}
[1.435656] (px4_msgs) StdoutLine: {'line': b'-- Up-to-date: /home/mcfb/ros2_ws/install/px4_msgs/include/px4_msgs/px4_msgs/msg/detail/orb_test_medium__traits.hpp\n'}
[1.435748] (px4_msgs) StdoutLine: {'line': b'-- Up-to-date: /home/mcfb/ros2_ws/install/px4_msgs/include/px4_msgs/px4_msgs/msg/detail/vehicle_thrust_setpoint__traits.hpp\n'}
[1.435802] (px4_msgs) StdoutLine: {'line': b'-- Up-to-date: /home/mcfb/ros2_ws/install/px4_msgs/include/px4_msgs/px4_msgs/msg/detail/home_position__builder.hpp\n'}
[1.435852] (px4_msgs) StdoutLine: {'line': b'-- Up-to-date: /home/mcfb/ros2_ws/install/px4_msgs/include/px4_msgs/px4_msgs/msg/detail/sensor_baro__builder.hpp\n'}
[1.435893] (px4_msgs) StdoutLine: {'line': b'-- Up-to-date: /home/mcfb/ros2_ws/install/px4_msgs/include/px4_msgs/px4_msgs/msg/detail/qshell_req__traits.hpp\n'}
[1.435933] (px4_msgs) StdoutLine: {'line': b'-- Up-to-date: /home/mcfb/ros2_ws/install/px4_msgs/include/px4_msgs/px4_msgs/msg/detail/camera_trigger__struct.hpp\n'}
[1.435986] (px4_msgs) StdoutLine: {'line': b'-- Up-to-date: /home/mcfb/ros2_ws/install/px4_msgs/include/px4_msgs/px4_msgs/msg/detail/transponder_report__traits.hpp\n'}
[1.436022] (px4_msgs) StdoutLine: {'line': b'-- Up-to-date: /home/mcfb/ros2_ws/install/px4_msgs/include/px4_msgs/px4_msgs/msg/detail/home_position__type_support.hpp\n'}
[1.436063] (px4_msgs) StdoutLine: {'line': b'-- Up-to-date: /home/mcfb/ros2_ws/install/px4_msgs/include/px4_msgs/px4_msgs/msg/detail/sensor_baro__struct.hpp\n'}
[1.436109] (px4_msgs) StdoutLine: {'line': b'-- Up-to-date: /home/mcfb/ros2_ws/install/px4_msgs/include/px4_msgs/px4_msgs/msg/detail/sensor_selection__builder.hpp\n'}
[1.436150] (px4_msgs) StdoutLine: {'line': b'-- Up-to-date: /home/mcfb/ros2_ws/install/px4_msgs/include/px4_msgs/px4_msgs/msg/detail/debug_array__struct.hpp\n'}
[1.436215] (px4_msgs) StdoutLine: {'line': b'-- Up-to-date: /home/mcfb/ros2_ws/install/px4_msgs/include/px4_msgs/px4_msgs/msg/detail/failsafe_flags__struct.hpp\n'}
[1.436252] (px4_msgs) StdoutLine: {'line': b'-- Up-to-date: /home/mcfb/ros2_ws/install/px4_msgs/include/px4_msgs/px4_msgs/msg/detail/sensor_optical_flow__type_support.hpp\n'}
[1.436298] (px4_msgs) StdoutLine: {'line': b'-- Up-to-date: /home/mcfb/ros2_ws/install/px4_msgs/include/px4_msgs/px4_msgs/msg/detail/autotune_attitude_control_status__type_support.hpp\n'}
[1.436350] (px4_msgs) StdoutLine: {'line': b'-- Up-to-date: /home/mcfb/ros2_ws/install/px4_msgs/include/px4_msgs/px4_msgs/msg/detail/sensor_combined__struct.hpp\n'}
[1.436402] (px4_msgs) StdoutLine: {'line': b'-- Up-to-date: /home/mcfb/ros2_ws/install/px4_msgs/include/px4_msgs/px4_msgs/msg/detail/pure_pursuit_status__builder.hpp\n'}
[1.436455] (px4_msgs) StdoutLine: {'line': b'-- Up-to-date: /home/mcfb/ros2_ws/install/px4_msgs/include/px4_msgs/px4_msgs/msg/detail/telemetry_status__type_support.hpp\n'}
[1.436505] (px4_msgs) StdoutLine: {'line': b'-- Up-to-date: /home/mcfb/ros2_ws/install/px4_msgs/include/px4_msgs/px4_msgs/msg/detail/esc_report__struct.hpp\n'}
[1.436558] (px4_msgs) StdoutLine: {'line': b'-- Up-to-date: /home/mcfb/ros2_ws/install/px4_msgs/include/px4_msgs/px4_msgs/msg/detail/vehicle_thrust_setpoint__type_support.hpp\n'}
[1.436615] (px4_msgs) StdoutLine: {'line': b'-- Up-to-date: /home/mcfb/ros2_ws/install/px4_msgs/include/px4_msgs/px4_msgs/msg/detail/uavcan_parameter_value__struct.hpp\n'}
[1.436682] (px4_msgs) StdoutLine: {'line': b'-- Up-to-date: /home/mcfb/ros2_ws/install/px4_msgs/include/px4_msgs/px4_msgs/msg/detail/estimator_innovations__type_support.hpp\n'}
[1.436717] (px4_msgs) StdoutLine: {'line': b'-- Up-to-date: /home/mcfb/ros2_ws/install/px4_msgs/include/px4_msgs/px4_msgs/msg/detail/sensor_accel__builder.hpp\n'}
[1.436754] (px4_msgs) StdoutLine: {'line': b'-- Up-to-date: /home/mcfb/ros2_ws/install/px4_msgs/include/px4_msgs/px4_msgs/msg/detail/register_ext_component_request__struct.hpp\n'}
[1.436812] (px4_msgs) StdoutLine: {'line': b'-- Up-to-date: /home/mcfb/ros2_ws/install/px4_msgs/include/px4_msgs/px4_msgs/msg/detail/sensor_optical_flow__builder.hpp\n'}
[1.436862] (px4_msgs) StdoutLine: {'line': b'-- Up-to-date: /home/mcfb/ros2_ws/install/px4_msgs/include/px4_msgs/px4_msgs/msg/detail/telemetry_status__builder.hpp\n'}
[1.436914] (px4_msgs) StdoutLine: {'line': b'-- Up-to-date: /home/mcfb/ros2_ws/install/px4_msgs/include/px4_msgs/px4_msgs/msg/detail/mission__struct.hpp\n'}
[1.436974] (px4_msgs) StdoutLine: {'line': b'-- Up-to-date: /home/mcfb/ros2_ws/install/px4_msgs/include/px4_msgs/px4_msgs/msg/detail/register_ext_component_request__type_support.hpp\n'}
[1.437030] (px4_msgs) StdoutLine: {'line': b'-- Up-to-date: /home/mcfb/ros2_ws/install/px4_msgs/include/px4_msgs/px4_msgs/msg/detail/gimbal_manager_set_manual_control__type_support.hpp\n'}
[1.437080] (px4_msgs) StdoutLine: {'line': b'-- Up-to-date: /home/mcfb/ros2_ws/install/px4_msgs/include/px4_msgs/px4_msgs/msg/detail/parameter_reset_request__struct.hpp\n'}
[1.437130] (px4_msgs) StdoutLine: {'line': b'-- Up-to-date: /home/mcfb/ros2_ws/install/px4_msgs/include/px4_msgs/px4_msgs/msg/detail/actuator_controls_status__traits.hpp\n'}
[1.437204] (px4_msgs) StdoutLine: {'line': b'-- Up-to-date: /home/mcfb/ros2_ws/install/px4_msgs/include/px4_msgs/px4_msgs/msg/detail/differential_pressure__type_support.hpp\n'}
[1.437257] (px4_msgs) StdoutLine: {'line': b'-- Up-to-date: /home/mcfb/ros2_ws/install/px4_msgs/include/px4_msgs/px4_msgs/msg/detail/register_ext_component_reply__struct.hpp\n'}
[1.437309] (px4_msgs) StdoutLine: {'line': b'-- Up-to-date: /home/mcfb/ros2_ws/install/px4_msgs/include/px4_msgs/px4_msgs/msg/detail/tune_control__traits.hpp\n'}
[1.437362] (px4_msgs) StdoutLine: {'line': b'-- Up-to-date: /home/mcfb/ros2_ws/install/px4_msgs/include/px4_msgs/px4_msgs/msg/debug_array.hpp\n'}
[1.437414] (px4_msgs) StdoutLine: {'line': b'-- Up-to-date: /home/mcfb/ros2_ws/install/px4_msgs/include/px4_msgs/px4_msgs/msg/rover_rate_setpoint.hpp\n'}
[1.437477] (px4_msgs) StdoutLine: {'line': b'-- Up-to-date: /home/mcfb/ros2_ws/install/px4_msgs/include/px4_msgs/px4_msgs/msg/debug_key_value.hpp\n'}
[1.437534] (px4_msgs) StdoutLine: {'line': b'-- Up-to-date: /home/mcfb/ros2_ws/install/px4_msgs/include/px4_msgs/px4_msgs/msg/sensor_uwb.hpp\n'}
[1.437589] (px4_msgs) StdoutLine: {'line': b'-- Up-to-date: /home/mcfb/ros2_ws/install/px4_msgs/include/px4_msgs/px4_msgs/msg/longitudinal_control_configuration.hpp\n'}
[1.437643] (px4_msgs) StdoutLine: {'line': b'-- Up-to-date: /home/mcfb/ros2_ws/install/px4_msgs/include/px4_msgs/px4_msgs/msg/parameter_set_value_request.hpp\n'}
[1.437693] (px4_msgs) StdoutLine: {'line': b'-- Up-to-date: /home/mcfb/ros2_ws/install/px4_msgs/include/px4_msgs/px4_msgs/msg/vehicle_acceleration.hpp\n'}
[1.437742] (px4_msgs) StdoutLine: {'line': b'-- Up-to-date: /home/mcfb/ros2_ws/install/px4_msgs/include/px4_msgs/px4_msgs/msg/velocity_limits.hpp\n'}
[1.437791] (px4_msgs) StdoutLine: {'line': b'-- Up-to-date: /home/mcfb/ros2_ws/install/px4_msgs/include/px4_msgs/px4_msgs/msg/differential_pressure.hpp\n'}
[1.437847] (px4_msgs) StdoutLine: {'line': b'-- Up-to-date: /home/mcfb/ros2_ws/install/px4_msgs/include/px4_msgs/px4_msgs/msg/sensor_combined.hpp\n'}
[1.437921] (px4_msgs) StdoutLine: {'line': b'-- Up-to-date: /home/mcfb/ros2_ws/install/px4_msgs/include/px4_msgs/px4_msgs/msg/vehicle_command.hpp\n'}
[1.437973] (px4_msgs) StdoutLine: {'line': b'-- Up-to-date: /home/mcfb/ros2_ws/install/px4_msgs/include/px4_msgs/px4_msgs/msg/gps_inject_data.hpp\n'}
[1.438013] (px4_msgs) StdoutLine: {'line': b'-- Up-to-date: /home/mcfb/ros2_ws/install/px4_msgs/include/px4_msgs/px4_msgs/msg/vehicle_command_ack.hpp\n'}
[1.438050] (px4_msgs) StdoutLine: {'line': b'-- Up-to-date: /home/mcfb/ros2_ws/install/px4_msgs/include/px4_msgs/px4_msgs/msg/tune_control.hpp\n'}
[1.438086] (px4_msgs) StdoutLine: {'line': b'-- Up-to-date: /home/mcfb/ros2_ws/install/px4_msgs/include/px4_msgs/px4_msgs/msg/mavlink_log.hpp\n'}
[1.438121] (px4_msgs) StdoutLine: {'line': b'-- Up-to-date: /home/mcfb/ros2_ws/install/px4_msgs/include/px4_msgs/px4_msgs/msg/esc_report.hpp\n'}
[1.438168] (px4_msgs) StdoutLine: {'line': b'-- Up-to-date: /home/mcfb/ros2_ws/install/px4_msgs/include/px4_msgs/px4_msgs/msg/vehicle_optical_flow_vel.hpp\n'}
[1.438218] (px4_msgs) StdoutLine: {'line': b'-- Up-to-date: /home/mcfb/ros2_ws/install/px4_msgs/include/px4_msgs/px4_msgs/msg/estimator_aid_source1d.hpp\n'}
[1.438267] (px4_msgs) StdoutLine: {'line': b'-- Up-to-date: /home/mcfb/ros2_ws/install/px4_msgs/include/px4_msgs/px4_msgs/msg/sensor_mag.hpp\n'}
[1.438328] (px4_msgs) StdoutLine: {'line': b'-- Up-to-date: /home/mcfb/ros2_ws/install/px4_msgs/include/px4_msgs/px4_msgs/msg/vehicle_attitude.hpp\n'}
[1.438378] (px4_msgs) StdoutLine: {'line': b'-- Up-to-date: /home/mcfb/ros2_ws/install/px4_msgs/include/px4_msgs/px4_msgs/msg/camera_status.hpp\n'}
[1.438429] (px4_msgs) StdoutLine: {'line': b'-- Up-to-date: /home/mcfb/ros2_ws/install/px4_msgs/include/px4_msgs/px4_msgs/msg/follow_target_estimator.hpp\n'}
[1.438478] (px4_msgs) StdoutLine: {'line': b'-- Up-to-date: /home/mcfb/ros2_ws/install/px4_msgs/include/px4_msgs/px4_msgs/msg/camera_trigger.hpp\n'}
[1.438528] (px4_msgs) StdoutLine: {'line': b'-- Up-to-date: /home/mcfb/ros2_ws/install/px4_msgs/include/px4_msgs/px4_msgs/msg/neural_control.hpp\n'}
[1.438590] (px4_msgs) StdoutLine: {'line': b'-- Up-to-date: /home/mcfb/ros2_ws/install/px4_msgs/include/px4_msgs/px4_msgs/msg/trajectory_setpoint6dof.hpp\n'}
[1.438641] (px4_msgs) StdoutLine: {'line': b'-- Up-to-date: /home/mcfb/ros2_ws/install/px4_msgs/include/px4_msgs/px4_msgs/msg/onboard_computer_status.hpp\n'}
[1.438692] (px4_msgs) StdoutLine: {'line': b'-- Up-to-date: /home/mcfb/ros2_ws/install/px4_msgs/include/px4_msgs/px4_msgs/msg/failsafe_flags.hpp\n'}
[1.438740] (px4_msgs) StdoutLine: {'line': b'-- Up-to-date: /home/mcfb/ros2_ws/install/px4_msgs/include/px4_msgs/px4_msgs/msg/power_monitor.hpp\n'}
[1.438790] (px4_msgs) StdoutLine: {'line': b'-- Up-to-date: /home/mcfb/ros2_ws/install/px4_msgs/include/px4_msgs/px4_msgs/msg/rover_speed_setpoint.hpp\n'}
[1.438844] (px4_msgs) StdoutLine: {'line': b'-- Up-to-date: /home/mcfb/ros2_ws/install/px4_msgs/include/px4_msgs/px4_msgs/msg/px4io_status.hpp\n'}
[1.438897] (px4_msgs) StdoutLine: {'line': b'-- Up-to-date: /home/mcfb/ros2_ws/install/px4_msgs/include/px4_msgs/px4_msgs/msg/orbit_status.hpp\n'}
[1.438946] (px4_msgs) StdoutLine: {'line': b'-- Up-to-date: /home/mcfb/ros2_ws/install/px4_msgs/include/px4_msgs/px4_msgs/msg/ping.hpp\n'}
[1.438995] (px4_msgs) StdoutLine: {'line': b'-- Up-to-date: /home/mcfb/ros2_ws/install/px4_msgs/include/px4_msgs/px4_msgs/msg/esc_status.hpp\n'}
[1.439056] (px4_msgs) StdoutLine: {'line': b'-- Up-to-date: /home/mcfb/ros2_ws/install/px4_msgs/include/px4_msgs/px4_msgs/msg/debug_value.hpp\n'}
[1.439107] (px4_msgs) StdoutLine: {'line': b'-- Up-to-date: /home/mcfb/ros2_ws/install/px4_msgs/include/px4_msgs/px4_msgs/msg/sensor_gyro_fft.hpp\n'}
[1.439158] (px4_msgs) StdoutLine: {'line': b'-- Up-to-date: /home/mcfb/ros2_ws/install/px4_msgs/include/px4_msgs/px4_msgs/msg/gimbal_device_attitude_status.hpp\n'}
[1.439208] (px4_msgs) StdoutLine: {'line': b'-- Up-to-date: /home/mcfb/ros2_ws/install/px4_msgs/include/px4_msgs/px4_msgs/msg/logger_status.hpp\n'}
[1.439260] (px4_msgs) StdoutLine: {'line': b'-- Up-to-date: /home/mcfb/ros2_ws/install/px4_msgs/include/px4_msgs/px4_msgs/msg/autotune_attitude_control_status.hpp\n'}
[1.439316] (px4_msgs) StdoutLine: {'line': b'-- Up-to-date: /home/mcfb/ros2_ws/install/px4_msgs/include/px4_msgs/px4_msgs/msg/vehicle_local_position.hpp\n'}
[1.439391] (px4_msgs) StdoutLine: {'line': b'-- Up-to-date: /home/mcfb/ros2_ws/install/px4_msgs/include/px4_msgs/px4_msgs/msg/takeoff_status.hpp\n'}
[1.439443] (px4_msgs) StdoutLine: {'line': b'-- Up-to-date: /home/mcfb/ros2_ws/install/px4_msgs/include/px4_msgs/px4_msgs/msg/sensor_gnss_relative.hpp\n'}
[1.439493] (px4_msgs) StdoutLine: {'line': b'-- Up-to-date: /home/mcfb/ros2_ws/install/px4_msgs/include/px4_msgs/px4_msgs/msg/rate_ctrl_status.hpp\n'}
[1.439543] (px4_msgs) StdoutLine: {'line': b'-- Up-to-date: /home/mcfb/ros2_ws/install/px4_msgs/include/px4_msgs/px4_msgs/msg/landing_gear.hpp\n'}
[1.439593] (px4_msgs) StdoutLine: {'line': b'-- Up-to-date: /home/mcfb/ros2_ws/install/px4_msgs/include/px4_msgs/px4_msgs/msg/vehicle_land_detected.hpp\n'}
[1.439647] (px4_msgs) StdoutLine: {'line': b'-- Up-to-date: /home/mcfb/ros2_ws/install/px4_msgs/include/px4_msgs/px4_msgs/msg/event.hpp\n'}
[1.439704] (px4_msgs) StdoutLine: {'line': b'-- Up-to-date: /home/mcfb/ros2_ws/install/px4_msgs/include/px4_msgs/px4_msgs/msg/vehicle_attitude_setpoint.hpp\n'}
[1.439777] (px4_msgs) StdoutLine: {'line': b'-- Up-to-date: /home/mcfb/ros2_ws/install/px4_msgs/include/px4_msgs/px4_msgs/msg/rover_attitude_status.hpp\n'}
[1.439885] (px4_msgs) StdoutLine: {'line': b'-- Up-to-date: /home/mcfb/ros2_ws/install/px4_msgs/include/px4_msgs/px4_msgs/msg/generator_status.hpp\n'}
[1.439933] (px4_msgs) StdoutLine: {'line': b'-- Up-to-date: /home/mcfb/ros2_ws/install/px4_msgs/include/px4_msgs/px4_msgs/msg/vehicle_thrust_setpoint.hpp\n'}
[1.439991] (px4_msgs) StdoutLine: {'line': b'-- Up-to-date: /home/mcfb/ros2_ws/install/px4_msgs/include/px4_msgs/px4_msgs/msg/estimator_innovations.hpp\n'}
[1.440027] (px4_msgs) StdoutLine: {'line': b'-- Up-to-date: /home/mcfb/ros2_ws/install/px4_msgs/include/px4_msgs/px4_msgs/msg/gimbal_manager_information.hpp\n'}
[1.440064] (px4_msgs) StdoutLine: {'line': b'-- Up-to-date: /home/mcfb/ros2_ws/install/px4_msgs/include/px4_msgs/px4_msgs/msg/hover_thrust_estimate.hpp\n'}
[1.440103] (px4_msgs) StdoutLine: {'line': b'-- Up-to-date: /home/mcfb/ros2_ws/install/px4_msgs/include/px4_msgs/px4_msgs/msg/action_request.hpp\n'}
[1.440141] (px4_msgs) StdoutLine: {'line': b'-- Up-to-date: /home/mcfb/ros2_ws/install/px4_msgs/include/px4_msgs/px4_msgs/msg/vehicle_control_mode.hpp\n'}
[1.440180] (px4_msgs) StdoutLine: {'line': b'-- Up-to-date: /home/mcfb/ros2_ws/install/px4_msgs/include/px4_msgs/px4_msgs/msg/register_ext_component_reply.hpp\n'}
[1.440219] (px4_msgs) StdoutLine: {'line': b'-- Up-to-date: /home/mcfb/ros2_ws/install/px4_msgs/include/px4_msgs/px4_msgs/msg/estimator_status.hpp\n'}
[1.440256] (px4_msgs) StdoutLine: {'line': b'-- Up-to-date: /home/mcfb/ros2_ws/install/px4_msgs/include/px4_msgs/px4_msgs/msg/gpio_config.hpp\n'}
[1.440294] (px4_msgs) StdoutLine: {'line': b'-- Up-to-date: /home/mcfb/ros2_ws/install/px4_msgs/include/px4_msgs/px4_msgs/msg/vehicle_angular_velocity.hpp\n'}
[1.440332] (px4_msgs) StdoutLine: {'line': b'-- Up-to-date: /home/mcfb/ros2_ws/install/px4_msgs/include/px4_msgs/px4_msgs/msg/estimator_event_flags.hpp\n'}
[1.440370] (px4_msgs) StdoutLine: {'line': b'-- Up-to-date: /home/mcfb/ros2_ws/install/px4_msgs/include/px4_msgs/px4_msgs/msg/estimator_selector_status.hpp\n'}
[1.440407] (px4_msgs) StdoutLine: {'line': b'-- Up-to-date: /home/mcfb/ros2_ws/install/px4_msgs/include/px4_msgs/px4_msgs/msg/vehicle_odometry.hpp\n'}
[1.440446] (px4_msgs) StdoutLine: {'line': b'-- Up-to-date: /home/mcfb/ros2_ws/install/px4_msgs/include/px4_msgs/px4_msgs/msg/tiltrotor_extra_controls.hpp\n'}
[1.440488] (px4_msgs) StdoutLine: {'line': b'-- Up-to-date: /home/mcfb/ros2_ws/install/px4_msgs/include/px4_msgs/px4_msgs/msg/vehicle_global_position.hpp\n'}
[1.440556] (px4_msgs) StdoutLine: {'line': b'-- Up-to-date: /home/mcfb/ros2_ws/install/px4_msgs/include/px4_msgs/px4_msgs/msg/offboard_control_mode.hpp\n'}
[1.440591] (px4_msgs) StdoutLine: {'line': b'-- Up-to-date: /home/mcfb/ros2_ws/install/px4_msgs/include/px4_msgs/px4_msgs/msg/orb_test_medium.hpp\n'}
[1.440625] (px4_msgs) StdoutLine: {'line': b'-- Up-to-date: /home/mcfb/ros2_ws/install/px4_msgs/include/px4_msgs/px4_msgs/msg/wheel_encoders.hpp\n'}
[1.440663] (px4_msgs) StdoutLine: {'line': b'-- Up-to-date: /home/mcfb/ros2_ws/install/px4_msgs/include/px4_msgs/px4_msgs/msg/mag_worker_data.hpp\n'}
[1.440698] (px4_msgs) StdoutLine: {'line': b'-- Up-to-date: /home/mcfb/ros2_ws/install/px4_msgs/include/px4_msgs/px4_msgs/msg/internal_combustion_engine_status.hpp\n'}
[1.440733] (px4_msgs) StdoutLine: {'line': b'-- Up-to-date: /home/mcfb/ros2_ws/install/px4_msgs/include/px4_msgs/px4_msgs/msg/open_drone_id_system.hpp\n'}
[1.440767] (px4_msgs) StdoutLine: {'line': b'-- Up-to-date: /home/mcfb/ros2_ws/install/px4_msgs/include/px4_msgs/px4_msgs/msg/mission.hpp\n'}
[1.440802] (px4_msgs) StdoutLine: {'line': b'-- Up-to-date: /home/mcfb/ros2_ws/install/px4_msgs/include/px4_msgs/px4_msgs/msg/fixed_wing_lateral_setpoint.hpp\n'}
[1.440840] (px4_msgs) StdoutLine: {'line': b'-- Up-to-date: /home/mcfb/ros2_ws/install/px4_msgs/include/px4_msgs/px4_msgs/msg/actuator_outputs.hpp\n'}
[1.440881] (px4_msgs) StdoutLine: {'line': b'-- Up-to-date: /home/mcfb/ros2_ws/install/px4_msgs/include/px4_msgs/px4_msgs/msg/navigator_mission_item.hpp\n'}
[1.440920] (px4_msgs) StdoutLine: {'line': b'-- Up-to-date: /home/mcfb/ros2_ws/install/px4_msgs/include/px4_msgs/px4_msgs/msg/cellular_status.hpp\n'}
[1.440960] (px4_msgs) StdoutLine: {'line': b'-- Up-to-date: /home/mcfb/ros2_ws/install/px4_msgs/include/px4_msgs/px4_msgs/msg/fixed_wing_lateral_guidance_status.hpp\n'}
[1.441002] (px4_msgs) StdoutLine: {'line': b'-- Up-to-date: /home/mcfb/ros2_ws/install/px4_msgs/include/px4_msgs/px4_msgs/msg/parameter_set_value_response.hpp\n'}
[1.441042] (px4_msgs) StdoutLine: {'line': b'-- Up-to-date: /home/mcfb/ros2_ws/install/px4_msgs/include/px4_msgs/px4_msgs/msg/estimator_bias3d.hpp\n'}
[1.441113] (px4_msgs) StdoutLine: {'line': b'-- Up-to-date: /home/mcfb/ros2_ws/install/px4_msgs/include/px4_msgs/px4_msgs/msg/open_drone_id_operator_id.hpp\n'}
[1.441148] (px4_msgs) StdoutLine: {'line': b'-- Up-to-date: /home/mcfb/ros2_ws/install/px4_msgs/include/px4_msgs/px4_msgs/msg/register_ext_component_request.hpp\n'}
[1.441183] (px4_msgs) StdoutLine: {'line': b'-- Up-to-date: /home/mcfb/ros2_ws/install/px4_msgs/include/px4_msgs/px4_msgs/msg/qshell_retval.hpp\n'}
[1.441229] (px4_msgs) StdoutLine: {'line': b'-- Up-to-date: /home/mcfb/ros2_ws/install/px4_msgs/include/px4_msgs/px4_msgs/msg/sensor_gyro.hpp\n'}
[1.441268] (px4_msgs) StdoutLine: {'line': b'-- Up-to-date: /home/mcfb/ros2_ws/install/px4_msgs/include/px4_msgs/px4_msgs/msg/dataman_request.hpp\n'}
[1.441304] (px4_msgs) StdoutLine: {'line': b'-- Up-to-date: /home/mcfb/ros2_ws/install/px4_msgs/include/px4_msgs/px4_msgs/msg/rc_channels.hpp\n'}
[1.441361] (px4_msgs) StdoutLine: {'line': b'-- Up-to-date: /home/mcfb/ros2_ws/install/px4_msgs/include/px4_msgs/px4_msgs/msg/vehicle_status.hpp\n'}
[1.441396] (px4_msgs) StdoutLine: {'line': b'-- Up-to-date: /home/mcfb/ros2_ws/install/px4_msgs/include/px4_msgs/px4_msgs/msg/gripper.hpp\n'}
[1.441452] (px4_msgs) StdoutLine: {'line': b'-- Up-to-date: /home/mcfb/ros2_ws/install/px4_msgs/include/px4_msgs/px4_msgs/msg/landing_target_innovations.hpp\n'}
[1.441487] (px4_msgs) StdoutLine: {'line': b'-- Up-to-date: /home/mcfb/ros2_ws/install/px4_msgs/include/px4_msgs/px4_msgs/msg/landing_gear_wheel.hpp\n'}
[1.441523] (px4_msgs) StdoutLine: {'line': b'-- Up-to-date: /home/mcfb/ros2_ws/install/px4_msgs/include/px4_msgs/px4_msgs/msg/vehicle_roi.hpp\n'}
[1.441560] (px4_msgs) StdoutLine: {'line': b'-- Up-to-date: /home/mcfb/ros2_ws/install/px4_msgs/include/px4_msgs/px4_msgs/msg/estimator_aid_source2d.hpp\n'}
[1.441597] (px4_msgs) StdoutLine: {'line': b'-- Up-to-date: /home/mcfb/ros2_ws/install/px4_msgs/include/px4_msgs/px4_msgs/msg/actuator_armed.hpp\n'}
[1.441642] (px4_msgs) StdoutLine: {'line': b'-- Up-to-date: /home/mcfb/ros2_ws/install/px4_msgs/include/px4_msgs/px4_msgs/msg/gimbal_device_information.hpp\n'}
[1.441683] (px4_msgs) StdoutLine: {'line': b'-- Up-to-date: /home/mcfb/ros2_ws/install/px4_msgs/include/px4_msgs/px4_msgs/msg/rover_attitude_setpoint.hpp\n'}
[1.441736] (px4_msgs) StdoutLine: {'line': b'-- Up-to-date: /home/mcfb/ros2_ws/install/px4_msgs/include/px4_msgs/px4_msgs/msg/input_rc.hpp\n'}
[1.441779] (px4_msgs) StdoutLine: {'line': b'-- Up-to-date: /home/mcfb/ros2_ws/install/px4_msgs/include/px4_msgs/px4_msgs/msg/gimbal_manager_status.hpp\n'}
[1.441815] (px4_msgs) StdoutLine: {'line': b'-- Up-to-date: /home/mcfb/ros2_ws/install/px4_msgs/include/px4_msgs/px4_msgs/msg/magnetometer_bias_estimate.hpp\n'}
[1.441858] (px4_msgs) StdoutLine: {'line': b'-- Up-to-date: /home/mcfb/ros2_ws/install/px4_msgs/include/px4_msgs/px4_msgs/msg/airspeed.hpp\n'}
[1.441925] (px4_msgs) StdoutLine: {'line': b'-- Up-to-date: /home/mcfb/ros2_ws/install/px4_msgs/include/px4_msgs/px4_msgs/msg/camera_capture.hpp\n'}
[1.441974] (px4_msgs) StdoutLine: {'line': b'-- Up-to-date: /home/mcfb/ros2_ws/install/px4_msgs/include/px4_msgs/px4_msgs/msg/battery_info.hpp\n'}
[1.442018] (px4_msgs) StdoutLine: {'line': b'-- Up-to-date: /home/mcfb/ros2_ws/install/px4_msgs/include/px4_msgs/px4_msgs/msg/actuator_controls_status.hpp\n'}
[1.442059] (px4_msgs) StdoutLine: {'line': b'-- Up-to-date: /home/mcfb/ros2_ws/install/px4_msgs/include/px4_msgs/px4_msgs/msg/log_message.hpp\n'}
[1.442095] (px4_msgs) StdoutLine: {'line': b'-- Up-to-date: /home/mcfb/ros2_ws/install/px4_msgs/include/px4_msgs/px4_msgs/msg/button_event.hpp\n'}
[1.442130] (px4_msgs) StdoutLine: {'line': b'-- Up-to-date: /home/mcfb/ros2_ws/install/px4_msgs/include/px4_msgs/px4_msgs/msg/sensor_hygrometer.hpp\n'}
[1.442163] (px4_msgs) StdoutLine: {'line': b'-- Up-to-date: /home/mcfb/ros2_ws/install/px4_msgs/include/px4_msgs/px4_msgs/msg/flight_phase_estimation.hpp\n'}
[1.442201] (px4_msgs) StdoutLine: {'line': b'-- Up-to-date: /home/mcfb/ros2_ws/install/px4_msgs/include/px4_msgs/px4_msgs/msg/distance_sensor_mode_change_request.hpp\n'}
[1.442241] (px4_msgs) StdoutLine: {'line': b'-- Up-to-date: /home/mcfb/ros2_ws/install/px4_msgs/include/px4_msgs/px4_msgs/msg/mount_orientation.hpp\n'}
[1.442298] (px4_msgs) StdoutLine: {'line': b'-- Up-to-date: /home/mcfb/ros2_ws/install/px4_msgs/include/px4_msgs/px4_msgs/msg/failure_detector_status.hpp\n'}
[1.442333] (px4_msgs) StdoutLine: {'line': b'-- Up-to-date: /home/mcfb/ros2_ws/install/px4_msgs/include/px4_msgs/px4_msgs/msg/pps_capture.hpp\n'}
[1.442368] (px4_msgs) StdoutLine: {'line': b'-- Up-to-date: /home/mcfb/ros2_ws/install/px4_msgs/include/px4_msgs/px4_msgs/msg/message_format_response.hpp\n'}
[1.442402] (px4_msgs) StdoutLine: {'line': b'-- Up-to-date: /home/mcfb/ros2_ws/install/px4_msgs/include/px4_msgs/px4_msgs/msg/uavcan_parameter_request.hpp\n'}
[1.442440] (px4_msgs) StdoutLine: {'line': b'-- Up-to-date: /home/mcfb/ros2_ws/install/px4_msgs/include/px4_msgs/px4_msgs/msg/gpio_in.hpp\n'}
[1.442479] (px4_msgs) StdoutLine: {'line': b'-- Up-to-date: /home/mcfb/ros2_ws/install/px4_msgs/include/px4_msgs/px4_msgs/msg/rover_throttle_setpoint.hpp\n'}
[1.442517] (px4_msgs) StdoutLine: {'line': b'-- Up-to-date: /home/mcfb/ros2_ws/install/px4_msgs/include/px4_msgs/px4_msgs/msg/estimator_bias.hpp\n'}
[1.442554] (px4_msgs) StdoutLine: {'line': b'-- Up-to-date: /home/mcfb/ros2_ws/install/px4_msgs/include/px4_msgs/px4_msgs/msg/rosidl_generator_cpp__visibility_control.hpp\n'}
[1.442591] (px4_msgs) StdoutLine: {'line': b'-- Up-to-date: /home/mcfb/ros2_ws/install/px4_msgs/include/px4_msgs/px4_msgs/msg/geofence_result.hpp\n'}
[1.442629] (px4_msgs) StdoutLine: {'line': b'-- Up-to-date: /home/mcfb/ros2_ws/install/px4_msgs/include/px4_msgs/px4_msgs/msg/vehicle_optical_flow.hpp\n'}
[1.442670] (px4_msgs) StdoutLine: {'line': b'-- Up-to-date: /home/mcfb/ros2_ws/install/px4_msgs/include/px4_msgs/px4_msgs/msg/goto_setpoint.hpp\n'}
[1.442707] (px4_msgs) StdoutLine: {'line': b'-- Up-to-date: /home/mcfb/ros2_ws/install/px4_msgs/include/px4_msgs/px4_msgs/msg/ulog_stream_ack.hpp\n'}
[1.442745] (px4_msgs) StdoutLine: {'line': b'-- Up-to-date: /home/mcfb/ros2_ws/install/px4_msgs/include/px4_msgs/px4_msgs/msg/sensor_preflight_mag.hpp\n'}
[1.442783] (px4_msgs) StdoutLine: {'line': b'-- Up-to-date: /home/mcfb/ros2_ws/install/px4_msgs/include/px4_msgs/px4_msgs/msg/led_control.hpp\n'}
[1.442844] (px4_msgs) StdoutLine: {'line': b'-- Up-to-date: /home/mcfb/ros2_ws/install/px4_msgs/include/px4_msgs/px4_msgs/msg/trajectory_setpoint.hpp\n'}
[1.442880] (px4_msgs) StdoutLine: {'line': b'-- Up-to-date: /home/mcfb/ros2_ws/install/px4_msgs/include/px4_msgs/px4_msgs/msg/yaw_estimator_status.hpp\n'}
[1.442915] (px4_msgs) StdoutLine: {'line': b'-- Up-to-date: /home/mcfb/ros2_ws/install/px4_msgs/include/px4_msgs/px4_msgs/msg/timesync_status.hpp\n'}
[1.442949] (px4_msgs) StdoutLine: {'line': b'-- Up-to-date: /home/mcfb/ros2_ws/install/px4_msgs/include/px4_msgs/px4_msgs/msg/cpuload.hpp\n'}
[1.442983] (px4_msgs) StdoutLine: {'line': b'-- Up-to-date: /home/mcfb/ros2_ws/install/px4_msgs/include/px4_msgs/px4_msgs/msg/gpio_request.hpp\n'}
[1.443025] (px4_msgs) StdoutLine: {'line': b'-- Up-to-date: /home/mcfb/ros2_ws/install/px4_msgs/include/px4_msgs/px4_msgs/msg/orb_test_large.hpp\n'}
[1.443062] (px4_msgs) StdoutLine: {'line': b'-- Up-to-date: /home/mcfb/ros2_ws/install/px4_msgs/include/px4_msgs/px4_msgs\n'}
[1.443100] (px4_msgs) StdoutLine: {'line': b'-- Up-to-date: /home/mcfb/ros2_ws/install/px4_msgs/include/px4_msgs/px4_msgs/srv\n'}
[1.443142] (px4_msgs) StdoutLine: {'line': b'-- Up-to-date: /home/mcfb/ros2_ws/install/px4_msgs/include/px4_msgs/px4_msgs/srv/detail\n'}
[1.443188] (px4_msgs) StdoutLine: {'line': b'-- Up-to-date: /home/mcfb/ros2_ws/install/px4_msgs/include/px4_msgs/px4_msgs/srv/detail/dds_fastrtps\n'}
[1.443247] (px4_msgs) StdoutLine: {'line': b'-- Up-to-date: /home/mcfb/ros2_ws/install/px4_msgs/include/px4_msgs/px4_msgs/srv/detail/vehicle_command__rosidl_typesupport_fastrtps_cpp.hpp\n'}
[1.443310] (px4_msgs) StdoutLine: {'line': b'-- Up-to-date: /home/mcfb/ros2_ws/install/px4_msgs/include/px4_msgs/px4_msgs/msg\n'}
[1.443365] (px4_msgs) StdoutLine: {'line': b'-- Up-to-date: /home/mcfb/ros2_ws/install/px4_msgs/include/px4_msgs/px4_msgs/msg/detail\n'}
[1.443429] (px4_msgs) StdoutLine: {'line': b'-- Up-to-date: /home/mcfb/ros2_ws/install/px4_msgs/include/px4_msgs/px4_msgs/msg/detail/register_ext_component_request__rosidl_typesupport_fastrtps_cpp.hpp\n'}
[1.443498] (px4_msgs) StdoutLine: {'line': b'-- Up-to-date: /home/mcfb/ros2_ws/install/px4_msgs/include/px4_msgs/px4_msgs/msg/detail/airspeed_wind__rosidl_typesupport_fastrtps_cpp.hpp\n'}
[1.443564] (px4_msgs) StdoutLine: {'line': b'-- Up-to-date: /home/mcfb/ros2_ws/install/px4_msgs/include/px4_msgs/px4_msgs/msg/detail/vehicle_air_data__rosidl_typesupport_fastrtps_cpp.hpp\n'}
[1.443625] (px4_msgs) StdoutLine: {'line': b'-- Up-to-date: /home/mcfb/ros2_ws/install/px4_msgs/include/px4_msgs/px4_msgs/msg/detail/unregister_ext_component__rosidl_typesupport_fastrtps_cpp.hpp\n'}
[1.443682] (px4_msgs) StdoutLine: {'line': b'-- Up-to-date: /home/mcfb/ros2_ws/install/px4_msgs/include/px4_msgs/px4_msgs/msg/detail/sensor_baro__rosidl_typesupport_fastrtps_cpp.hpp\n'}
[1.443886] (px4_msgs) StdoutLine: {'line': b'-- Up-to-date: /home/mcfb/ros2_ws/install/px4_msgs/include/px4_msgs/px4_msgs/msg/detail/estimator_bias3d__rosidl_typesupport_fastrtps_cpp.hpp\n'}
[1.443987] (px4_msgs) StdoutLine: {'line': b'-- Up-to-date: /home/mcfb/ros2_ws/install/px4_msgs/include/px4_msgs/px4_msgs/msg/detail/tune_control__rosidl_typesupport_fastrtps_cpp.hpp\n'}
[1.444048] (px4_msgs) StdoutLine: {'line': b'-- Up-to-date: /home/mcfb/ros2_ws/install/px4_msgs/include/px4_msgs/px4_msgs/msg/detail/vehicle_command_ack__rosidl_typesupport_fastrtps_cpp.hpp\n'}
[1.444130] (px4_msgs) StdoutLine: {'line': b'-- Up-to-date: /home/mcfb/ros2_ws/install/px4_msgs/include/px4_msgs/px4_msgs/msg/detail/fixed_wing_lateral_guidance_status__rosidl_typesupport_fastrtps_cpp.hpp\n'}
[1.444183] (px4_msgs) StdoutLine: {'line': b'-- Up-to-date: /home/mcfb/ros2_ws/install/px4_msgs/include/px4_msgs/px4_msgs/msg/detail/gimbal_device_set_attitude__rosidl_typesupport_fastrtps_cpp.hpp\n'}
[1.444235] (px4_msgs) StdoutLine: {'line': b'-- Up-to-date: /home/mcfb/ros2_ws/install/px4_msgs/include/px4_msgs/px4_msgs/msg/detail/battery_status__rosidl_typesupport_fastrtps_cpp.hpp\n'}
[1.444286] (px4_msgs) StdoutLine: {'line': b'-- Up-to-date: /home/mcfb/ros2_ws/install/px4_msgs/include/px4_msgs/px4_msgs/msg/detail/task_stack_info__rosidl_typesupport_fastrtps_cpp.hpp\n'}
[1.444355] (px4_msgs) StdoutLine: {'line': b'-- Up-to-date: /home/mcfb/ros2_ws/install/px4_msgs/include/px4_msgs/px4_msgs/msg/detail/sensor_preflight_mag__rosidl_typesupport_fastrtps_cpp.hpp\n'}
[1.444400] (px4_msgs) StdoutLine: {'line': b'-- Up-to-date: /home/mcfb/ros2_ws/install/px4_msgs/include/px4_msgs/px4_msgs/msg/detail/sensor_mag__rosidl_typesupport_fastrtps_cpp.hpp\n'}
[1.444448] (px4_msgs) StdoutLine: {'line': b'-- Up-to-date: /home/mcfb/ros2_ws/install/px4_msgs/include/px4_msgs/px4_msgs/msg/detail/estimator_states__rosidl_typesupport_fastrtps_cpp.hpp\n'}
[1.444494] (px4_msgs) StdoutLine: {'line': b'-- Up-to-date: /home/mcfb/ros2_ws/install/px4_msgs/include/px4_msgs/px4_msgs/msg/detail/sensor_accel__rosidl_typesupport_fastrtps_cpp.hpp\n'}
[1.444544] (px4_msgs) StdoutLine: {'line': b'-- Up-to-date: /home/mcfb/ros2_ws/install/px4_msgs/include/px4_msgs/px4_msgs/msg/detail/debug_value__rosidl_typesupport_fastrtps_cpp.hpp\n'}
[1.444596] (px4_msgs) StdoutLine: {'line': b'-- Up-to-date: /home/mcfb/ros2_ws/install/px4_msgs/include/px4_msgs/px4_msgs/msg/detail/camera_status__rosidl_typesupport_fastrtps_cpp.hpp\n'}
[1.444661] (px4_msgs) StdoutLine: {'line': b'-- Up-to-date: /home/mcfb/ros2_ws/install/px4_msgs/include/px4_msgs/px4_msgs/msg/detail/adc_report__rosidl_typesupport_fastrtps_cpp.hpp\n'}
[1.444708] (px4_msgs) StdoutLine: {'line': b'-- Up-to-date: /home/mcfb/ros2_ws/install/px4_msgs/include/px4_msgs/px4_msgs/msg/detail/takeoff_status__rosidl_typesupport_fastrtps_cpp.hpp\n'}
[1.444753] (px4_msgs) StdoutLine: {'line': b'-- Up-to-date: /home/mcfb/ros2_ws/install/px4_msgs/include/px4_msgs/px4_msgs/msg/detail/actuator_motors__rosidl_typesupport_fastrtps_cpp.hpp\n'}
[1.444799] (px4_msgs) StdoutLine: {'line': b'-- Up-to-date: /home/mcfb/ros2_ws/install/px4_msgs/include/px4_msgs/px4_msgs/msg/detail/sensor_gnss_status__rosidl_typesupport_fastrtps_cpp.hpp\n'}
[1.444856] (px4_msgs) StdoutLine: {'line': b'-- Up-to-date: /home/mcfb/ros2_ws/install/px4_msgs/include/px4_msgs/px4_msgs/msg/detail/navigator_mission_item__rosidl_typesupport_fastrtps_cpp.hpp\n'}
[1.444904] (px4_msgs) StdoutLine: {'line': b'-- Up-to-date: /home/mcfb/ros2_ws/install/px4_msgs/include/px4_msgs/px4_msgs/msg/detail/airspeed_validated__rosidl_typesupport_fastrtps_cpp.hpp\n'}
[1.444953] (px4_msgs) StdoutLine: {'line': b'-- Up-to-date: /home/mcfb/ros2_ws/install/px4_msgs/include/px4_msgs/px4_msgs/msg/detail/vehicle_imu_status__rosidl_typesupport_fastrtps_cpp.hpp\n'}
[1.445002] (px4_msgs) StdoutLine: {'line': b'-- Up-to-date: /home/mcfb/ros2_ws/install/px4_msgs/include/px4_msgs/px4_msgs/msg/detail/vehicle_local_position__rosidl_typesupport_fastrtps_cpp.hpp\n'}
[1.445052] (px4_msgs) StdoutLine: {'line': b'-- Up-to-date: /home/mcfb/ros2_ws/install/px4_msgs/include/px4_msgs/px4_msgs/msg/detail/telemetry_status__rosidl_typesupport_fastrtps_cpp.hpp\n'}
[1.445102] (px4_msgs) StdoutLine: {'line': b'-- Up-to-date: /home/mcfb/ros2_ws/install/px4_msgs/include/px4_msgs/px4_msgs/msg/detail/fuel_tank_status__rosidl_typesupport_fastrtps_cpp.hpp\n'}
[1.445149] (px4_msgs) StdoutLine: {'line': b'-- Up-to-date: /home/mcfb/ros2_ws/install/px4_msgs/include/px4_msgs/px4_msgs/msg/detail/vehicle_angular_acceleration_setpoint__rosidl_typesupport_fastrtps_cpp.hpp\n'}
[1.445197] (px4_msgs) StdoutLine: {'line': b'-- Up-to-date: /home/mcfb/ros2_ws/install/px4_msgs/include/px4_msgs/px4_msgs/msg/detail/ping__rosidl_typesupport_fastrtps_cpp.hpp\n'}
[1.445245] (px4_msgs) StdoutLine: {'line': b'-- Up-to-date: /home/mcfb/ros2_ws/install/px4_msgs/include/px4_msgs/px4_msgs/msg/detail/sensor_gnss_relative__rosidl_typesupport_fastrtps_cpp.hpp\n'}
[1.445293] (px4_msgs) StdoutLine: {'line': b'-- Up-to-date: /home/mcfb/ros2_ws/install/px4_msgs/include/px4_msgs/px4_msgs/msg/detail/fixed_wing_lateral_status__rosidl_typesupport_fastrtps_cpp.hpp\n'}
[1.445345] (px4_msgs) StdoutLine: {'line': b'-- Up-to-date: /home/mcfb/ros2_ws/install/px4_msgs/include/px4_msgs/px4_msgs/msg/detail/vehicle_status__rosidl_typesupport_fastrtps_cpp.hpp\n'}
[1.445424] (px4_msgs) StdoutLine: {'line': b'-- Up-to-date: /home/mcfb/ros2_ws/install/px4_msgs/include/px4_msgs/px4_msgs/msg/detail/pps_capture__rosidl_typesupport_fastrtps_cpp.hpp\n'}
[1.445470] (px4_msgs) StdoutLine: {'line': b'-- Up-to-date: /home/mcfb/ros2_ws/install/px4_msgs/include/px4_msgs/px4_msgs/msg/detail/pwm_input__rosidl_typesupport_fastrtps_cpp.hpp\n'}
[1.445516] (px4_msgs) StdoutLine: {'line': b'-- Up-to-date: /home/mcfb/ros2_ws/install/px4_msgs/include/px4_msgs/px4_msgs/msg/detail/estimator_event_flags__rosidl_typesupport_fastrtps_cpp.hpp\n'}
[1.445562] (px4_msgs) StdoutLine: {'line': b'-- Up-to-date: /home/mcfb/ros2_ws/install/px4_msgs/include/px4_msgs/px4_msgs/msg/detail/gpio_in__rosidl_typesupport_fastrtps_cpp.hpp\n'}
[1.445613] (px4_msgs) StdoutLine: {'line': b'-- Up-to-date: /home/mcfb/ros2_ws/install/px4_msgs/include/px4_msgs/px4_msgs/msg/detail/gps_dump__rosidl_typesupport_fastrtps_cpp.hpp\n'}
[1.445658] (px4_msgs) StdoutLine: {'line': b'-- Up-to-date: /home/mcfb/ros2_ws/install/px4_msgs/include/px4_msgs/px4_msgs/msg/detail/actuator_servos__rosidl_typesupport_fastrtps_cpp.hpp\n'}
[1.445703] (px4_msgs) StdoutLine: {'line': b'-- Up-to-date: /home/mcfb/ros2_ws/install/px4_msgs/include/px4_msgs/px4_msgs/msg/detail/dds_fastrtps\n'}
[1.445770] (px4_msgs) StdoutLine: {'line': b'-- Up-to-date: /home/mcfb/ros2_ws/install/px4_msgs/include/px4_msgs/px4_msgs/msg/detail/ekf2_timestamps__rosidl_typesupport_fastrtps_cpp.hpp\n'}
[1.445817] (px4_msgs) StdoutLine: {'line': b'-- Up-to-date: /home/mcfb/ros2_ws/install/px4_msgs/include/px4_msgs/px4_msgs/msg/detail/esc_report__rosidl_typesupport_fastrtps_cpp.hpp\n'}
[1.445868] (px4_msgs) StdoutLine: {'line': b'-- Up-to-date: /home/mcfb/ros2_ws/install/px4_msgs/include/px4_msgs/px4_msgs/msg/detail/mavlink_log__rosidl_typesupport_fastrtps_cpp.hpp\n'}
[1.445913] (px4_msgs) StdoutLine: {'line': b'-- Up-to-date: /home/mcfb/ros2_ws/install/px4_msgs/include/px4_msgs/px4_msgs/msg/detail/sensor_accel_fifo__rosidl_typesupport_fastrtps_cpp.hpp\n'}
[1.445960] (px4_msgs) StdoutLine: {'line': b'-- Up-to-date: /home/mcfb/ros2_ws/install/px4_msgs/include/px4_msgs/px4_msgs/msg/detail/estimator_aid_source2d__rosidl_typesupport_fastrtps_cpp.hpp\n'}
[1.446027] (px4_msgs) StdoutLine: {'line': b'-- Up-to-date: /home/mcfb/ros2_ws/install/px4_msgs/include/px4_msgs/px4_msgs/msg/detail/landing_gear_wheel__rosidl_typesupport_fastrtps_cpp.hpp\n'}
[1.446072] (px4_msgs) StdoutLine: {'line': b'-- Up-to-date: /home/mcfb/ros2_ws/install/px4_msgs/include/px4_msgs/px4_msgs/msg/detail/vehicle_land_detected__rosidl_typesupport_fastrtps_cpp.hpp\n'}
[1.446117] (px4_msgs) StdoutLine: {'line': b'-- Up-to-date: /home/mcfb/ros2_ws/install/px4_msgs/include/px4_msgs/px4_msgs/msg/detail/estimator_innovations__rosidl_typesupport_fastrtps_cpp.hpp\n'}
[1.446164] (px4_msgs) StdoutLine: {'line': b'-- Up-to-date: /home/mcfb/ros2_ws/install/px4_msgs/include/px4_msgs/px4_msgs/msg/detail/dataman_response__rosidl_typesupport_fastrtps_cpp.hpp\n'}
[1.446211] (px4_msgs) StdoutLine: {'line': b'-- Up-to-date: /home/mcfb/ros2_ws/install/px4_msgs/include/px4_msgs/px4_msgs/msg/detail/control_allocator_status__rosidl_typesupport_fastrtps_cpp.hpp\n'}
[1.446259] (px4_msgs) StdoutLine: {'line': b'-- Up-to-date: /home/mcfb/ros2_ws/install/px4_msgs/include/px4_msgs/px4_msgs/msg/detail/irlock_report__rosidl_typesupport_fastrtps_cpp.hpp\n'}
[1.446304] (px4_msgs) StdoutLine: {'line': b'-- Up-to-date: /home/mcfb/ros2_ws/install/px4_msgs/include/px4_msgs/px4_msgs/msg/detail/vehicle_command__rosidl_typesupport_fastrtps_cpp.hpp\n'}
[1.446352] (px4_msgs) StdoutLine: {'line': b'-- Up-to-date: /home/mcfb/ros2_ws/install/px4_msgs/include/px4_msgs/px4_msgs/msg/detail/gimbal_device_attitude_status__rosidl_typesupport_fastrtps_cpp.hpp\n'}
[1.446400] (px4_msgs) StdoutLine: {'line': b'-- Up-to-date: /home/mcfb/ros2_ws/install/px4_msgs/include/px4_msgs/px4_msgs/msg/detail/vehicle_optical_flow__rosidl_typesupport_fastrtps_cpp.hpp\n'}
[1.446446] (px4_msgs) StdoutLine: {'line': b'-- Up-to-date: /home/mcfb/ros2_ws/install/px4_msgs/include/px4_msgs/px4_msgs/msg/detail/power_monitor__rosidl_typesupport_fastrtps_cpp.hpp\n'}
[1.446521] (px4_msgs) StdoutLine: {'line': b'-- Up-to-date: /home/mcfb/ros2_ws/install/px4_msgs/include/px4_msgs/px4_msgs/msg/detail/estimator_bias__rosidl_typesupport_fastrtps_cpp.hpp\n'}
[1.446565] (px4_msgs) StdoutLine: {'line': b'-- Up-to-date: /home/mcfb/ros2_ws/install/px4_msgs/include/px4_msgs/px4_msgs/msg/detail/vehicle_control_mode__rosidl_typesupport_fastrtps_cpp.hpp\n'}
[1.446612] (px4_msgs) StdoutLine: {'line': b'-- Up-to-date: /home/mcfb/ros2_ws/install/px4_msgs/include/px4_msgs/px4_msgs/msg/detail/gpio_out__rosidl_typesupport_fastrtps_cpp.hpp\n'}
[1.446656] (px4_msgs) StdoutLine: {'line': b'-- Up-to-date: /home/mcfb/ros2_ws/install/px4_msgs/include/px4_msgs/px4_msgs/msg/detail/manual_control_switches__rosidl_typesupport_fastrtps_cpp.hpp\n'}
[1.446699] (px4_msgs) StdoutLine: {'line': b'-- Up-to-date: /home/mcfb/ros2_ws/install/px4_msgs/include/px4_msgs/px4_msgs/msg/detail/vehicle_constraints__rosidl_typesupport_fastrtps_cpp.hpp\n'}
[1.446744] (px4_msgs) StdoutLine: {'line': b'-- Up-to-date: /home/mcfb/ros2_ws/install/px4_msgs/include/px4_msgs/px4_msgs/msg/detail/gimbal_controls__rosidl_typesupport_fastrtps_cpp.hpp\n'}
[1.446787] (px4_msgs) StdoutLine: {'line': b'-- Up-to-date: /home/mcfb/ros2_ws/install/px4_msgs/include/px4_msgs/px4_msgs/msg/detail/battery_info__rosidl_typesupport_fastrtps_cpp.hpp\n'}
[1.446840] (px4_msgs) StdoutLine: {'line': b'-- Up-to-date: /home/mcfb/ros2_ws/install/px4_msgs/include/px4_msgs/px4_msgs/msg/detail/fixed_wing_lateral_setpoint__rosidl_typesupport_fastrtps_cpp.hpp\n'}
[1.446889] (px4_msgs) StdoutLine: {'line': b'-- Up-to-date: /home/mcfb/ros2_ws/install/px4_msgs/include/px4_msgs/px4_msgs/msg/detail/sensor_gyro_fft__rosidl_typesupport_fastrtps_cpp.hpp\n'}
[1.446937] (px4_msgs) StdoutLine: {'line': b'-- Up-to-date: /home/mcfb/ros2_ws/install/px4_msgs/include/px4_msgs/px4_msgs/msg/detail/landing_gear__rosidl_typesupport_fastrtps_cpp.hpp\n'}
[1.446985] (px4_msgs) StdoutLine: {'line': b'-- Up-to-date: /home/mcfb/ros2_ws/install/px4_msgs/include/px4_msgs/px4_msgs/msg/detail/estimator_gps_status__rosidl_typesupport_fastrtps_cpp.hpp\n'}
[1.447061] (px4_msgs) StdoutLine: {'line': b'-- Up-to-date: /home/mcfb/ros2_ws/install/px4_msgs/include/px4_msgs/px4_msgs/msg/detail/vehicle_odometry__rosidl_typesupport_fastrtps_cpp.hpp\n'}
[1.447111] (px4_msgs) StdoutLine: {'line': b'-- Up-to-date: /home/mcfb/ros2_ws/install/px4_msgs/include/px4_msgs/px4_msgs/msg/detail/vtol_vehicle_status__rosidl_typesupport_fastrtps_cpp.hpp\n'}
[1.447159] (px4_msgs) StdoutLine: {'line': b'-- Up-to-date: /home/mcfb/ros2_ws/install/px4_msgs/include/px4_msgs/px4_msgs/msg/detail/sensors_status__rosidl_typesupport_fastrtps_cpp.hpp\n'}
[1.447210] (px4_msgs) StdoutLine: {'line': b'-- Up-to-date: /home/mcfb/ros2_ws/install/px4_msgs/include/px4_msgs/px4_msgs/msg/detail/follow_target_estimator__rosidl_typesupport_fastrtps_cpp.hpp\n'}
[1.447281] (px4_msgs) StdoutLine: {'line': b'-- Up-to-date: /home/mcfb/ros2_ws/install/px4_msgs/include/px4_msgs/px4_msgs/msg/detail/log_message__rosidl_typesupport_fastrtps_cpp.hpp\n'}
[1.447345] (px4_msgs) StdoutLine: {'line': b'-- Up-to-date: /home/mcfb/ros2_ws/install/px4_msgs/include/px4_msgs/px4_msgs/msg/detail/arming_check_request__rosidl_typesupport_fastrtps_cpp.hpp\n'}
[1.447405] (px4_msgs) StdoutLine: {'line': b'-- Up-to-date: /home/mcfb/ros2_ws/install/px4_msgs/include/px4_msgs/px4_msgs/msg/detail/debug_vect__rosidl_typesupport_fastrtps_cpp.hpp\n'}
[1.447474] (px4_msgs) StdoutLine: {'line': b'-- Up-to-date: /home/mcfb/ros2_ws/install/px4_msgs/include/px4_msgs/px4_msgs/msg/detail/mag_worker_data__rosidl_typesupport_fastrtps_cpp.hpp\n'}
[1.447536] (px4_msgs) StdoutLine: {'line': b'-- Up-to-date: /home/mcfb/ros2_ws/install/px4_msgs/include/px4_msgs/px4_msgs/msg/detail/gps_inject_data__rosidl_typesupport_fastrtps_cpp.hpp\n'}
[1.447736] (px4_msgs) StdoutLine: {'line': b'-- Up-to-date: /home/mcfb/ros2_ws/install/px4_msgs/include/px4_msgs/px4_msgs/msg/detail/tecs_status__rosidl_typesupport_fastrtps_cpp.hpp\n'}
[1.447834] (px4_msgs) StdoutLine: {'line': b'-- Up-to-date: /home/mcfb/ros2_ws/install/px4_msgs/include/px4_msgs/px4_msgs/msg/detail/vehicle_attitude_setpoint__rosidl_typesupport_fastrtps_cpp.hpp\n'}
[1.447904] (px4_msgs) StdoutLine: {'line': b'-- Up-to-date: /home/mcfb/ros2_ws/install/px4_msgs/include/px4_msgs/px4_msgs/msg/detail/event__rosidl_typesupport_fastrtps_cpp.hpp\n'}
[1.447967] (px4_msgs) StdoutLine: {'line': b'-- Up-to-date: /home/mcfb/ros2_ws/install/px4_msgs/include/px4_msgs/px4_msgs/msg/detail/rc_channels__rosidl_typesupport_fastrtps_cpp.hpp\n'}
[1.448030] (px4_msgs) StdoutLine: {'line': b'-- Up-to-date: /home/mcfb/ros2_ws/install/px4_msgs/include/px4_msgs/px4_msgs/msg/detail/debug_key_value__rosidl_typesupport_fastrtps_cpp.hpp\n'}
[1.448091] (px4_msgs) StdoutLine: {'line': b'-- Up-to-date: /home/mcfb/ros2_ws/install/px4_msgs/include/px4_msgs/px4_msgs/msg/detail/timesync_status__rosidl_typesupport_fastrtps_cpp.hpp\n'}
[1.448152] (px4_msgs) StdoutLine: {'line': b'-- Up-to-date: /home/mcfb/ros2_ws/install/px4_msgs/include/px4_msgs/px4_msgs/msg/detail/rover_steering_setpoint__rosidl_typesupport_fastrtps_cpp.hpp\n'}
[1.448214] (px4_msgs) StdoutLine: {'line': b'-- Up-to-date: /home/mcfb/ros2_ws/install/px4_msgs/include/px4_msgs/px4_msgs/msg/detail/longitudinal_control_configuration__rosidl_typesupport_fastrtps_cpp.hpp\n'}
[1.448281] (px4_msgs) StdoutLine: {'line': b'-- Up-to-date: /home/mcfb/ros2_ws/install/px4_msgs/include/px4_msgs/px4_msgs/msg/detail/rpm__rosidl_typesupport_fastrtps_cpp.hpp\n'}
[1.448350] (px4_msgs) StdoutLine: {'line': b'-- Up-to-date: /home/mcfb/ros2_ws/install/px4_msgs/include/px4_msgs/px4_msgs/msg/detail/parameter_reset_request__rosidl_typesupport_fastrtps_cpp.hpp\n'}
[1.448419] (px4_msgs) StdoutLine: {'line': b'-- Up-to-date: /home/mcfb/ros2_ws/install/px4_msgs/include/px4_msgs/px4_msgs/msg/detail/sensor_selection__rosidl_typesupport_fastrtps_cpp.hpp\n'}
[1.448489] (px4_msgs) StdoutLine: {'line': b'-- Up-to-date: /home/mcfb/ros2_ws/install/px4_msgs/include/px4_msgs/px4_msgs/msg/detail/wind__rosidl_typesupport_fastrtps_cpp.hpp\n'}
[1.448560] (px4_msgs) StdoutLine: {'line': b'-- Up-to-date: /home/mcfb/ros2_ws/install/px4_msgs/include/px4_msgs/px4_msgs/msg/detail/rover_attitude_setpoint__rosidl_typesupport_fastrtps_cpp.hpp\n'}
[1.448630] (px4_msgs) StdoutLine: {'line': b'-- Up-to-date: /home/mcfb/ros2_ws/install/px4_msgs/include/px4_msgs/px4_msgs/msg/detail/position_setpoint_triplet__rosidl_typesupport_fastrtps_cpp.hpp\n'}
[1.448696] (px4_msgs) StdoutLine: {'line': b'-- Up-to-date: /home/mcfb/ros2_ws/install/px4_msgs/include/px4_msgs/px4_msgs/msg/detail/vehicle_local_position_setpoint__rosidl_typesupport_fastrtps_cpp.hpp\n'}
[1.448762] (px4_msgs) StdoutLine: {'line': b'-- Up-to-date: /home/mcfb/ros2_ws/install/px4_msgs/include/px4_msgs/px4_msgs/msg/detail/vehicle_imu__rosidl_typesupport_fastrtps_cpp.hpp\n'}
[1.448873] (px4_msgs) StdoutLine: {'line': b'-- Up-to-date: /home/mcfb/ros2_ws/install/px4_msgs/include/px4_msgs/px4_msgs/msg/detail/gripper__rosidl_typesupport_fastrtps_cpp.hpp\n'}
[1.448935] (px4_msgs) StdoutLine: {'line': b'-- Up-to-date: /home/mcfb/ros2_ws/install/px4_msgs/include/px4_msgs/px4_msgs/msg/detail/satellite_info__rosidl_typesupport_fastrtps_cpp.hpp\n'}
[1.448993] (px4_msgs) StdoutLine: {'line': b'-- Up-to-date: /home/mcfb/ros2_ws/install/px4_msgs/include/px4_msgs/px4_msgs/msg/detail/wheel_encoders__rosidl_typesupport_fastrtps_cpp.hpp\n'}
[1.449109] (px4_msgs) StdoutLine: {'line': b'-- Up-to-date: /home/mcfb/ros2_ws/install/px4_msgs/include/px4_msgs/px4_msgs/msg/detail/rc_parameter_map__rosidl_typesupport_fastrtps_cpp.hpp\n'}
[1.449173] (px4_msgs) StdoutLine: {'line': b'-- Up-to-date: /home/mcfb/ros2_ws/install/px4_msgs/include/px4_msgs/px4_msgs/msg/detail/rtl_time_estimate__rosidl_typesupport_fastrtps_cpp.hpp\n'}
[1.449225] (px4_msgs) StdoutLine: {'line': b'-- Up-to-date: /home/mcfb/ros2_ws/install/px4_msgs/include/px4_msgs/px4_msgs/msg/detail/magnetometer_bias_estimate__rosidl_typesupport_fastrtps_cpp.hpp\n'}
[1.449286] (px4_msgs) StdoutLine: {'line': b'-- Up-to-date: /home/mcfb/ros2_ws/install/px4_msgs/include/px4_msgs/px4_msgs/msg/detail/rover_speed_setpoint__rosidl_typesupport_fastrtps_cpp.hpp\n'}
[1.449325] (px4_msgs) StdoutLine: {'line': b'-- Up-to-date: /home/mcfb/ros2_ws/install/px4_msgs/include/px4_msgs/px4_msgs/msg/detail/manual_control_setpoint__rosidl_typesupport_fastrtps_cpp.hpp\n'}
[1.449365] (px4_msgs) StdoutLine: {'line': b'-- Up-to-date: /home/mcfb/ros2_ws/install/px4_msgs/include/px4_msgs/px4_msgs/msg/detail/sensors_status_imu__rosidl_typesupport_fastrtps_cpp.hpp\n'}
[1.449421] (px4_msgs) StdoutLine: {'line': b'-- Up-to-date: /home/mcfb/ros2_ws/install/px4_msgs/include/px4_msgs/px4_msgs/msg/detail/generator_status__rosidl_typesupport_fastrtps_cpp.hpp\n'}
[1.449459] (px4_msgs) StdoutLine: {'line': b'-- Up-to-date: /home/mcfb/ros2_ws/install/px4_msgs/include/px4_msgs/px4_msgs/msg/detail/vehicle_thrust_setpoint__rosidl_typesupport_fastrtps_cpp.hpp\n'}
[1.449497] (px4_msgs) StdoutLine: {'line': b'-- Up-to-date: /home/mcfb/ros2_ws/install/px4_msgs/include/px4_msgs/px4_msgs/msg/detail/mission_result__rosidl_typesupport_fastrtps_cpp.hpp\n'}
[1.449553] (px4_msgs) StdoutLine: {'line': b'-- Up-to-date: /home/mcfb/ros2_ws/install/px4_msgs/include/px4_msgs/px4_msgs/msg/detail/figure_eight_status__rosidl_typesupport_fastrtps_cpp.hpp\n'}
[1.449689] (px4_msgs) StdoutLine: {'line': b'-- Up-to-date: /home/mcfb/ros2_ws/install/px4_msgs/include/px4_msgs/px4_msgs/msg/detail/qshell_req__rosidl_typesupport_fastrtps_cpp.hpp\n'}
[1.449759] (px4_msgs) StdoutLine: {'line': b'-- Up-to-date: /home/mcfb/ros2_ws/install/px4_msgs/include/px4_msgs/px4_msgs/msg/detail/rover_rate_setpoint__rosidl_typesupport_fastrtps_cpp.hpp\n'}
[1.449839] (px4_msgs) StdoutLine: {'line': b'-- Up-to-date: /home/mcfb/ros2_ws/install/px4_msgs/include/px4_msgs/px4_msgs/msg/detail/open_drone_id_system__rosidl_typesupport_fastrtps_cpp.hpp\n'}
[1.449905] (px4_msgs) StdoutLine: {'line': b'-- Up-to-date: /home/mcfb/ros2_ws/install/px4_msgs/include/px4_msgs/px4_msgs/msg/detail/sensor_hygrometer__rosidl_typesupport_fastrtps_cpp.hpp\n'}
[1.449972] (px4_msgs) StdoutLine: {'line': b'-- Up-to-date: /home/mcfb/ros2_ws/install/px4_msgs/include/px4_msgs/px4_msgs/msg/detail/parameter_set_used_request__rosidl_typesupport_fastrtps_cpp.hpp\n'}
[1.450172] (px4_msgs) StdoutLine: {'line': b'-- Up-to-date: /home/mcfb/ros2_ws/install/px4_msgs/include/px4_msgs/px4_msgs/msg/detail/can_interface_status__rosidl_typesupport_fastrtps_cpp.hpp\n'}
[1.450252] (px4_msgs) StdoutLine: {'line': b'-- Up-to-date: /home/mcfb/ros2_ws/install/px4_msgs/include/px4_msgs/px4_msgs/msg/detail/internal_combustion_engine_control__rosidl_typesupport_fastrtps_cpp.hpp\n'}
[1.450311] (px4_msgs) StdoutLine: {'line': b'-- Up-to-date: /home/mcfb/ros2_ws/install/px4_msgs/include/px4_msgs/px4_msgs/msg/detail/flight_phase_estimation__rosidl_typesupport_fastrtps_cpp.hpp\n'}
[1.450364] (px4_msgs) StdoutLine: {'line': b'-- Up-to-date: /home/mcfb/ros2_ws/install/px4_msgs/include/px4_msgs/px4_msgs/msg/detail/camera_capture__rosidl_typesupport_fastrtps_cpp.hpp\n'}
[1.450410] (px4_msgs) StdoutLine: {'line': b'-- Up-to-date: /home/mcfb/ros2_ws/install/px4_msgs/include/px4_msgs/px4_msgs/msg/detail/sensor_gyro__rosidl_typesupport_fastrtps_cpp.hpp\n'}
[1.450453] (px4_msgs) StdoutLine: {'line': b'-- Up-to-date: /home/mcfb/ros2_ws/install/px4_msgs/include/px4_msgs/px4_msgs/msg/detail/qshell_retval__rosidl_typesupport_fastrtps_cpp.hpp\n'}
[1.450495] (px4_msgs) StdoutLine: {'line': b'-- Up-to-date: /home/mcfb/ros2_ws/install/px4_msgs/include/px4_msgs/px4_msgs/msg/detail/ulog_stream__rosidl_typesupport_fastrtps_cpp.hpp\n'}
[1.450541] (px4_msgs) StdoutLine: {'line': b'-- Up-to-date: /home/mcfb/ros2_ws/install/px4_msgs/include/px4_msgs/px4_msgs/msg/detail/estimator_aid_source1d__rosidl_typesupport_fastrtps_cpp.hpp\n'}
[1.450583] (px4_msgs) StdoutLine: {'line': b'-- Up-to-date: /home/mcfb/ros2_ws/install/px4_msgs/include/px4_msgs/px4_msgs/msg/detail/mount_orientation__rosidl_typesupport_fastrtps_cpp.hpp\n'}
[1.450650] (px4_msgs) StdoutLine: {'line': b'-- Up-to-date: /home/mcfb/ros2_ws/install/px4_msgs/include/px4_msgs/px4_msgs/msg/detail/parameter_set_value_request__rosidl_typesupport_fastrtps_cpp.hpp\n'}
[1.450793] (px4_msgs) StdoutLine: {'line': b'-- Up-to-date: /home/mcfb/ros2_ws/install/px4_msgs/include/px4_msgs/px4_msgs/msg/detail/register_ext_component_reply__rosidl_typesupport_fastrtps_cpp.hpp\n'}
[1.450848] (px4_msgs) StdoutLine: {'line': b'-- Up-to-date: /home/mcfb/ros2_ws/install/px4_msgs/include/px4_msgs/px4_msgs/msg/detail/differential_pressure__rosidl_typesupport_fastrtps_cpp.hpp\n'}
[1.450888] (px4_msgs) StdoutLine: {'line': b'-- Up-to-date: /home/mcfb/ros2_ws/install/px4_msgs/include/px4_msgs/px4_msgs/msg/detail/actuator_armed__rosidl_typesupport_fastrtps_cpp.hpp\n'}
[1.450928] (px4_msgs) StdoutLine: {'line': b'-- Up-to-date: /home/mcfb/ros2_ws/install/px4_msgs/include/px4_msgs/px4_msgs/msg/detail/position_controller_landing_status__rosidl_typesupport_fastrtps_cpp.hpp\n'}
[1.450975] (px4_msgs) StdoutLine: {'line': b'-- Up-to-date: /home/mcfb/ros2_ws/install/px4_msgs/include/px4_msgs/px4_msgs/msg/detail/uavcan_parameter_request__rosidl_typesupport_fastrtps_cpp.hpp\n'}
[1.451012] (px4_msgs) StdoutLine: {'line': b'-- Up-to-date: /home/mcfb/ros2_ws/install/px4_msgs/include/px4_msgs/px4_msgs/msg/detail/cpuload__rosidl_typesupport_fastrtps_cpp.hpp\n'}
[1.451050] (px4_msgs) StdoutLine: {'line': b'-- Up-to-date: /home/mcfb/ros2_ws/install/px4_msgs/include/px4_msgs/px4_msgs/msg/detail/vehicle_optical_flow_vel__rosidl_typesupport_fastrtps_cpp.hpp\n'}
[1.451098] (px4_msgs) StdoutLine: {'line': b'-- Up-to-date: /home/mcfb/ros2_ws/install/px4_msgs/include/px4_msgs/px4_msgs/msg/detail/rover_position_setpoint__rosidl_typesupport_fastrtps_cpp.hpp\n'}
[1.451149] (px4_msgs) StdoutLine: {'line': b'-- Up-to-date: /home/mcfb/ros2_ws/install/px4_msgs/include/px4_msgs/px4_msgs/msg/detail/sensor_optical_flow__rosidl_typesupport_fastrtps_cpp.hpp\n'}
[1.451208] (px4_msgs) StdoutLine: {'line': b'-- Up-to-date: /home/mcfb/ros2_ws/install/px4_msgs/include/px4_msgs/px4_msgs/msg/detail/debug_array__rosidl_typesupport_fastrtps_cpp.hpp\n'}
[1.451274] (px4_msgs) StdoutLine: {'line': b'-- Up-to-date: /home/mcfb/ros2_ws/install/px4_msgs/include/px4_msgs/px4_msgs/msg/detail/orb_test_medium__rosidl_typesupport_fastrtps_cpp.hpp\n'}
[1.451360] (px4_msgs) StdoutLine: {'line': b'-- Up-to-date: /home/mcfb/ros2_ws/install/px4_msgs/include/px4_msgs/px4_msgs/msg/detail/estimator_selector_status__rosidl_typesupport_fastrtps_cpp.hpp\n'}
[1.451413] (px4_msgs) StdoutLine: {'line': b'-- Up-to-date: /home/mcfb/ros2_ws/install/px4_msgs/include/px4_msgs/px4_msgs/msg/detail/gpio_request__rosidl_typesupport_fastrtps_cpp.hpp\n'}
[1.451453] (px4_msgs) StdoutLine: {'line': b'-- Up-to-date: /home/mcfb/ros2_ws/install/px4_msgs/include/px4_msgs/px4_msgs/msg/detail/follow_target_status__rosidl_typesupport_fastrtps_cpp.hpp\n'}
[1.451494] (px4_msgs) StdoutLine: {'line': b'-- Up-to-date: /home/mcfb/ros2_ws/install/px4_msgs/include/px4_msgs/px4_msgs/msg/detail/launch_detection_status__rosidl_typesupport_fastrtps_cpp.hpp\n'}
[1.451546] (px4_msgs) StdoutLine: {'line': b'-- Up-to-date: /home/mcfb/ros2_ws/install/px4_msgs/include/px4_msgs/px4_msgs/msg/detail/health_report__rosidl_typesupport_fastrtps_cpp.hpp\n'}
[1.451608] (px4_msgs) StdoutLine: {'line': b'-- Up-to-date: /home/mcfb/ros2_ws/install/px4_msgs/include/px4_msgs/px4_msgs/msg/detail/collision_constraints__rosidl_typesupport_fastrtps_cpp.hpp\n'}
[1.451661] (px4_msgs) StdoutLine: {'line': b'-- Up-to-date: /home/mcfb/ros2_ws/install/px4_msgs/include/px4_msgs/px4_msgs/msg/detail/home_position__rosidl_typesupport_fastrtps_cpp.hpp\n'}
[1.451710] (px4_msgs) StdoutLine: {'line': b'-- Up-to-date: /home/mcfb/ros2_ws/install/px4_msgs/include/px4_msgs/px4_msgs/msg/detail/offboard_control_mode__rosidl_typesupport_fastrtps_cpp.hpp\n'}
[1.451760] (px4_msgs) StdoutLine: {'line': b'-- Up-to-date: /home/mcfb/ros2_ws/install/px4_msgs/include/px4_msgs/px4_msgs/msg/detail/mission__rosidl_typesupport_fastrtps_cpp.hpp\n'}
[1.451811] (px4_msgs) StdoutLine: {'line': b'-- Up-to-date: /home/mcfb/ros2_ws/install/px4_msgs/include/px4_msgs/px4_msgs/msg/detail/onboard_computer_status__rosidl_typesupport_fastrtps_cpp.hpp\n'}
[1.451883] (px4_msgs) StdoutLine: {'line': b'-- Up-to-date: /home/mcfb/ros2_ws/install/px4_msgs/include/px4_msgs/px4_msgs/msg/detail/gimbal_manager_set_manual_control__rosidl_typesupport_fastrtps_cpp.hpp\n'}
[1.451944] (px4_msgs) StdoutLine: {'line': b'-- Up-to-date: /home/mcfb/ros2_ws/install/px4_msgs/include/px4_msgs/px4_msgs/msg/detail/transponder_report__rosidl_typesupport_fastrtps_cpp.hpp\n'}
[1.451999] (px4_msgs) StdoutLine: {'line': b'-- Up-to-date: /home/mcfb/ros2_ws/install/px4_msgs/include/px4_msgs/px4_msgs/msg/detail/heater_status__rosidl_typesupport_fastrtps_cpp.hpp\n'}
[1.452055] (px4_msgs) StdoutLine: {'line': b'-- Up-to-date: /home/mcfb/ros2_ws/install/px4_msgs/include/px4_msgs/px4_msgs/msg/detail/vehicle_torque_setpoint__rosidl_typesupport_fastrtps_cpp.hpp\n'}
[1.452123] (px4_msgs) StdoutLine: {'line': b'-- Up-to-date: /home/mcfb/ros2_ws/install/px4_msgs/include/px4_msgs/px4_msgs/msg/detail/sensor_gps__rosidl_typesupport_fastrtps_cpp.hpp\n'}
[1.452182] (px4_msgs) StdoutLine: {'line': b'-- Up-to-date: /home/mcfb/ros2_ws/install/px4_msgs/include/px4_msgs/px4_msgs/msg/detail/ulog_stream_ack__rosidl_typesupport_fastrtps_cpp.hpp\n'}
[1.452235] (px4_msgs) StdoutLine: {'line': b'-- Up-to-date: /home/mcfb/ros2_ws/install/px4_msgs/include/px4_msgs/px4_msgs/msg/detail/vehicle_roi__rosidl_typesupport_fastrtps_cpp.hpp\n'}
[1.452284] (px4_msgs) StdoutLine: {'line': b'-- Up-to-date: /home/mcfb/ros2_ws/install/px4_msgs/include/px4_msgs/px4_msgs/msg/detail/message_format_request__rosidl_typesupport_fastrtps_cpp.hpp\n'}
[1.452344] (px4_msgs) StdoutLine: {'line': b'-- Up-to-date: /home/mcfb/ros2_ws/install/px4_msgs/include/px4_msgs/px4_msgs/msg/detail/orb_test__rosidl_typesupport_fastrtps_cpp.hpp\n'}
[1.452409] (px4_msgs) StdoutLine: {'line': b'-- Up-to-date: /home/mcfb/ros2_ws/install/px4_msgs/include/px4_msgs/px4_msgs/msg/detail/velocity_limits__rosidl_typesupport_fastrtps_cpp.hpp\n'}
[1.452467] (px4_msgs) StdoutLine: {'line': b'-- Up-to-date: /home/mcfb/ros2_ws/install/px4_msgs/include/px4_msgs/px4_msgs/msg/detail/neural_control__rosidl_typesupport_fastrtps_cpp.hpp\n'}
[1.452595] (px4_msgs) StdoutLine: {'line': b'-- Up-to-date: /home/mcfb/ros2_ws/install/px4_msgs/include/px4_msgs/px4_msgs/msg/detail/yaw_estimator_status__rosidl_typesupport_fastrtps_cpp.hpp\n'}
[1.452659] (px4_msgs) StdoutLine: {'line': b'-- Up-to-date: /home/mcfb/ros2_ws/install/px4_msgs/include/px4_msgs/px4_msgs/msg/detail/estimator_sensor_bias__rosidl_typesupport_fastrtps_cpp.hpp\n'}
[1.452701] (px4_msgs) StdoutLine: {'line': b'-- Up-to-date: /home/mcfb/ros2_ws/install/px4_msgs/include/px4_msgs/px4_msgs/msg/detail/vehicle_rates_setpoint__rosidl_typesupport_fastrtps_cpp.hpp\n'}
[1.452737] (px4_msgs) StdoutLine: {'line': b'-- Up-to-date: /home/mcfb/ros2_ws/install/px4_msgs/include/px4_msgs/px4_msgs/msg/detail/actuator_servos_trim__rosidl_typesupport_fastrtps_cpp.hpp\n'}
[1.452779] (px4_msgs) StdoutLine: {'line': b'-- Up-to-date: /home/mcfb/ros2_ws/install/px4_msgs/include/px4_msgs/px4_msgs/msg/detail/lateral_control_configuration__rosidl_typesupport_fastrtps_cpp.hpp\n'}
[1.452816] (px4_msgs) StdoutLine: {'line': b'-- Up-to-date: /home/mcfb/ros2_ws/install/px4_msgs/include/px4_msgs/px4_msgs/msg/detail/power_button_state__rosidl_typesupport_fastrtps_cpp.hpp\n'}
[1.452886] (px4_msgs) StdoutLine: {'line': b'-- Up-to-date: /home/mcfb/ros2_ws/install/px4_msgs/include/px4_msgs/px4_msgs/msg/detail/goto_setpoint__rosidl_typesupport_fastrtps_cpp.hpp\n'}
[1.452935] (px4_msgs) StdoutLine: {'line': b'-- Up-to-date: /home/mcfb/ros2_ws/install/px4_msgs/include/px4_msgs/px4_msgs/msg/detail/follow_target__rosidl_typesupport_fastrtps_cpp.hpp\n'}
[1.452978] (px4_msgs) StdoutLine: {'line': b'-- Up-to-date: /home/mcfb/ros2_ws/install/px4_msgs/include/px4_msgs/px4_msgs/msg/detail/landing_target_pose__rosidl_typesupport_fastrtps_cpp.hpp\n'}
[1.453017] (px4_msgs) StdoutLine: {'line': b'-- Up-to-date: /home/mcfb/ros2_ws/install/px4_msgs/include/px4_msgs/px4_msgs/msg/detail/landing_target_innovations__rosidl_typesupport_fastrtps_cpp.hpp\n'}
[1.453059] (px4_msgs) StdoutLine: {'line': b'-- Up-to-date: /home/mcfb/ros2_ws/install/px4_msgs/include/px4_msgs/px4_msgs/msg/detail/position_setpoint__rosidl_typesupport_fastrtps_cpp.hpp\n'}
[1.453115] (px4_msgs) StdoutLine: {'line': b'-- Up-to-date: /home/mcfb/ros2_ws/install/px4_msgs/include/px4_msgs/px4_msgs/msg/detail/open_drone_id_arm_status__rosidl_typesupport_fastrtps_cpp.hpp\n'}
[1.453163] (px4_msgs) StdoutLine: {'line': b'-- Up-to-date: /home/mcfb/ros2_ws/install/px4_msgs/include/px4_msgs/px4_msgs/msg/detail/sensor_correction__rosidl_typesupport_fastrtps_cpp.hpp\n'}
[1.453204] (px4_msgs) StdoutLine: {'line': b'-- Up-to-date: /home/mcfb/ros2_ws/install/px4_msgs/include/px4_msgs/px4_msgs/msg/detail/parameter_update__rosidl_typesupport_fastrtps_cpp.hpp\n'}
[1.453240] (px4_msgs) StdoutLine: {'line': b'-- Up-to-date: /home/mcfb/ros2_ws/install/px4_msgs/include/px4_msgs/px4_msgs/msg/detail/system_power__rosidl_typesupport_fastrtps_cpp.hpp\n'}
[1.453276] (px4_msgs) StdoutLine: {'line': b'-- Up-to-date: /home/mcfb/ros2_ws/install/px4_msgs/include/px4_msgs/px4_msgs/msg/detail/rover_rate_status__rosidl_typesupport_fastrtps_cpp.hpp\n'}
[1.453316] (px4_msgs) StdoutLine: {'line': b'-- Up-to-date: /home/mcfb/ros2_ws/install/px4_msgs/include/px4_msgs/px4_msgs/msg/detail/logger_status__rosidl_typesupport_fastrtps_cpp.hpp\n'}
[1.453367] (px4_msgs) StdoutLine: {'line': b'-- Up-to-date: /home/mcfb/ros2_ws/install/px4_msgs/include/px4_msgs/px4_msgs/msg/detail/gimbal_manager_set_attitude__rosidl_typesupport_fastrtps_cpp.hpp\n'}
[1.453422] (px4_msgs) StdoutLine: {'line': b'-- Up-to-date: /home/mcfb/ros2_ws/install/px4_msgs/include/px4_msgs/px4_msgs/msg/detail/sensor_gyro_fifo__rosidl_typesupport_fastrtps_cpp.hpp\n'}
[1.453481] (px4_msgs) StdoutLine: {'line': b'-- Up-to-date: /home/mcfb/ros2_ws/install/px4_msgs/include/px4_msgs/px4_msgs/msg/detail/geofence_status__rosidl_typesupport_fastrtps_cpp.hpp\n'}
[1.453528] (px4_msgs) StdoutLine: {'line': b'-- Up-to-date: /home/mcfb/ros2_ws/install/px4_msgs/include/px4_msgs/px4_msgs/msg/detail/actuator_controls_status__rosidl_typesupport_fastrtps_cpp.hpp\n'}
[1.453568] (px4_msgs) StdoutLine: {'line': b'-- Up-to-date: /home/mcfb/ros2_ws/install/px4_msgs/include/px4_msgs/px4_msgs/msg/detail/rover_attitude_status__rosidl_typesupport_fastrtps_cpp.hpp\n'}
[1.453605] (px4_msgs) StdoutLine: {'line': b'-- Up-to-date: /home/mcfb/ros2_ws/install/px4_msgs/include/px4_msgs/px4_msgs/msg/detail/distance_sensor__rosidl_typesupport_fastrtps_cpp.hpp\n'}
[1.453652] (px4_msgs) StdoutLine: {'line': b'-- Up-to-date: /home/mcfb/ros2_ws/install/px4_msgs/include/px4_msgs/px4_msgs/msg/detail/pure_pursuit_status__rosidl_typesupport_fastrtps_cpp.hpp\n'}
[1.453712] (px4_msgs) StdoutLine: {'line': b'-- Up-to-date: /home/mcfb/ros2_ws/install/px4_msgs/include/px4_msgs/px4_msgs/msg/detail/rate_ctrl_status__rosidl_typesupport_fastrtps_cpp.hpp\n'}
[1.453768] (px4_msgs) StdoutLine: {'line': b'-- Up-to-date: /home/mcfb/ros2_ws/install/px4_msgs/include/px4_msgs/px4_msgs/msg/detail/rover_speed_status__rosidl_typesupport_fastrtps_cpp.hpp\n'}
[1.453822] (px4_msgs) StdoutLine: {'line': b'-- Up-to-date: /home/mcfb/ros2_ws/install/px4_msgs/include/px4_msgs/px4_msgs/msg/detail/button_event__rosidl_typesupport_fastrtps_cpp.hpp\n'}
[1.453883] (px4_msgs) StdoutLine: {'line': b'-- Up-to-date: /home/mcfb/ros2_ws/install/px4_msgs/include/px4_msgs/px4_msgs/msg/detail/tiltrotor_extra_controls__rosidl_typesupport_fastrtps_cpp.hpp\n'}
[1.453976] (px4_msgs) StdoutLine: {'line': b'-- Up-to-date: /home/mcfb/ros2_ws/install/px4_msgs/include/px4_msgs/px4_msgs/msg/detail/uavcan_parameter_value__rosidl_typesupport_fastrtps_cpp.hpp\n'}
[1.454017] (px4_msgs) StdoutLine: {'line': b'-- Up-to-date: /home/mcfb/ros2_ws/install/px4_msgs/include/px4_msgs/px4_msgs/msg/detail/vehicle_attitude__rosidl_typesupport_fastrtps_cpp.hpp\n'}
[1.454062] (px4_msgs) StdoutLine: {'line': b'-- Up-to-date: /home/mcfb/ros2_ws/install/px4_msgs/include/px4_msgs/px4_msgs/msg/detail/obstacle_distance__rosidl_typesupport_fastrtps_cpp.hpp\n'}
[1.454136] (px4_msgs) StdoutLine: {'line': b'-- Up-to-date: /home/mcfb/ros2_ws/install/px4_msgs/include/px4_msgs/px4_msgs/msg/detail/fixed_wing_runway_control__rosidl_typesupport_fastrtps_cpp.hpp\n'}
[1.454176] (px4_msgs) StdoutLine: {'line': b'-- Up-to-date: /home/mcfb/ros2_ws/install/px4_msgs/include/px4_msgs/px4_msgs/msg/detail/vehicle_magnetometer__rosidl_typesupport_fastrtps_cpp.hpp\n'}
[1.454398] (px4_msgs) StdoutLine: {'line': b'-- Up-to-date: /home/mcfb/ros2_ws/install/px4_msgs/include/px4_msgs/px4_msgs/msg/detail/parameter_set_value_response__rosidl_typesupport_fastrtps_cpp.hpp\n'}
[1.454484] (px4_msgs) StdoutLine: {'line': b'-- Up-to-date: /home/mcfb/ros2_ws/install/px4_msgs/include/px4_msgs/px4_msgs/msg/detail/gimbal_manager_information__rosidl_typesupport_fastrtps_cpp.hpp\n'}
[1.454546] (px4_msgs) StdoutLine: {'line': b'-- Up-to-date: /home/mcfb/ros2_ws/install/px4_msgs/include/px4_msgs/px4_msgs/msg/detail/vehicle_angular_velocity__rosidl_typesupport_fastrtps_cpp.hpp\n'}
[1.454600] (px4_msgs) StdoutLine: {'line': b'-- Up-to-date: /home/mcfb/ros2_ws/install/px4_msgs/include/px4_msgs/px4_msgs/msg/detail/cellular_status__rosidl_typesupport_fastrtps_cpp.hpp\n'}
[1.454652] (px4_msgs) StdoutLine: {'line': b'-- Up-to-date: /home/mcfb/ros2_ws/install/px4_msgs/include/px4_msgs/px4_msgs/msg/detail/sensor_uwb__rosidl_typesupport_fastrtps_cpp.hpp\n'}
[1.454705] (px4_msgs) StdoutLine: {'line': b'-- Up-to-date: /home/mcfb/ros2_ws/install/px4_msgs/include/px4_msgs/px4_msgs/msg/detail/arming_check_reply__rosidl_typesupport_fastrtps_cpp.hpp\n'}
[1.455030] (px4_msgs) StdoutLine: {'line': b'-- Up-to-date: /home/mcfb/ros2_ws/install/px4_msgs/include/px4_msgs/px4_msgs/msg/detail/estimator_status_flags__rosidl_typesupport_fastrtps_cpp.hpp\n'}
[1.455073] (px4_msgs) StdoutLine: {'line': b'-- Up-to-date: /home/mcfb/ros2_ws/install/px4_msgs/include/px4_msgs/px4_msgs/msg/detail/mode_completed__rosidl_typesupport_fastrtps_cpp.hpp\n'}
[1.455111] (px4_msgs) StdoutLine: {'line': b'-- Up-to-date: /home/mcfb/ros2_ws/install/px4_msgs/include/px4_msgs/px4_msgs/msg/detail/rover_throttle_setpoint__rosidl_typesupport_fastrtps_cpp.hpp\n'}
[1.455149] (px4_msgs) StdoutLine: {'line': b'-- Up-to-date: /home/mcfb/ros2_ws/install/px4_msgs/include/px4_msgs/px4_msgs/msg/detail/sensor_airflow__rosidl_typesupport_fastrtps_cpp.hpp\n'}
[1.455197] (px4_msgs) StdoutLine: {'line': b'-- Up-to-date: /home/mcfb/ros2_ws/install/px4_msgs/include/px4_msgs/px4_msgs/msg/detail/orbit_status__rosidl_typesupport_fastrtps_cpp.hpp\n'}
[1.455250] (px4_msgs) StdoutLine: {'line': b'-- Up-to-date: /home/mcfb/ros2_ws/install/px4_msgs/include/px4_msgs/px4_msgs/msg/detail/trajectory_setpoint6dof__rosidl_typesupport_fastrtps_cpp.hpp\n'}
[1.455288] (px4_msgs) StdoutLine: {'line': b'-- Up-to-date: /home/mcfb/ros2_ws/install/px4_msgs/include/px4_msgs/px4_msgs/msg/detail/navigator_status__rosidl_typesupport_fastrtps_cpp.hpp\n'}
[1.455328] (px4_msgs) StdoutLine: {'line': b'-- Up-to-date: /home/mcfb/ros2_ws/install/px4_msgs/include/px4_msgs/px4_msgs/msg/detail/dronecan_node_status__rosidl_typesupport_fastrtps_cpp.hpp\n'}
[1.455370] (px4_msgs) StdoutLine: {'line': b'-- Up-to-date: /home/mcfb/ros2_ws/install/px4_msgs/include/px4_msgs/px4_msgs/msg/detail/hover_thrust_estimate__rosidl_typesupport_fastrtps_cpp.hpp\n'}
[1.455409] (px4_msgs) StdoutLine: {'line': b'-- Up-to-date: /home/mcfb/ros2_ws/install/px4_msgs/include/px4_msgs/px4_msgs/msg/detail/radio_status__rosidl_typesupport_fastrtps_cpp.hpp\n'}
[1.455453] (px4_msgs) StdoutLine: {'line': b'-- Up-to-date: /home/mcfb/ros2_ws/install/px4_msgs/include/px4_msgs/px4_msgs/msg/detail/orb_test_large__rosidl_typesupport_fastrtps_cpp.hpp\n'}
[1.455492] (px4_msgs) StdoutLine: {'line': b'-- Up-to-date: /home/mcfb/ros2_ws/install/px4_msgs/include/px4_msgs/px4_msgs/msg/detail/actuator_test__rosidl_typesupport_fastrtps_cpp.hpp\n'}
[1.455541] (px4_msgs) StdoutLine: {'line': b'-- Up-to-date: /home/mcfb/ros2_ws/install/px4_msgs/include/px4_msgs/px4_msgs/msg/detail/geofence_result__rosidl_typesupport_fastrtps_cpp.hpp\n'}
[1.455600] (px4_msgs) StdoutLine: {'line': b'-- Up-to-date: /home/mcfb/ros2_ws/install/px4_msgs/include/px4_msgs/px4_msgs/msg/detail/config_overrides__rosidl_typesupport_fastrtps_cpp.hpp\n'}
[1.455641] (px4_msgs) StdoutLine: {'line': b'-- Up-to-date: /home/mcfb/ros2_ws/install/px4_msgs/include/px4_msgs/px4_msgs/msg/detail/fixed_wing_longitudinal_setpoint__rosidl_typesupport_fastrtps_cpp.hpp\n'}
[1.455694] (px4_msgs) StdoutLine: {'line': b'-- Up-to-date: /home/mcfb/ros2_ws/install/px4_msgs/include/px4_msgs/px4_msgs/msg/detail/vehicle_acceleration__rosidl_typesupport_fastrtps_cpp.hpp\n'}
[1.455776] (px4_msgs) StdoutLine: {'line': b'-- Up-to-date: /home/mcfb/ros2_ws/install/px4_msgs/include/px4_msgs/px4_msgs/msg/detail/rtl_status__rosidl_typesupport_fastrtps_cpp.hpp\n'}
[1.455815] (px4_msgs) StdoutLine: {'line': b'-- Up-to-date: /home/mcfb/ros2_ws/install/px4_msgs/include/px4_msgs/px4_msgs/msg/detail/gimbal_manager_status__rosidl_typesupport_fastrtps_cpp.hpp\n'}
[1.455863] (px4_msgs) StdoutLine: {'line': b'-- Up-to-date: /home/mcfb/ros2_ws/install/px4_msgs/include/px4_msgs/px4_msgs/msg/detail/esc_status__rosidl_typesupport_fastrtps_cpp.hpp\n'}
[1.455898] (px4_msgs) StdoutLine: {'line': b'-- Up-to-date: /home/mcfb/ros2_ws/install/px4_msgs/include/px4_msgs/px4_msgs/msg/detail/open_drone_id_self_id__rosidl_typesupport_fastrtps_cpp.hpp\n'}
[1.455934] (px4_msgs) StdoutLine: {'line': b'-- Up-to-date: /home/mcfb/ros2_ws/install/px4_msgs/include/px4_msgs/px4_msgs/msg/detail/normalized_unsigned_setpoint__rosidl_typesupport_fastrtps_cpp.hpp\n'}
[1.455980] (px4_msgs) StdoutLine: {'line': b'-- Up-to-date: /home/mcfb/ros2_ws/install/px4_msgs/include/px4_msgs/px4_msgs/msg/detail/action_request__rosidl_typesupport_fastrtps_cpp.hpp\n'}
[1.456025] (px4_msgs) StdoutLine: {'line': b'-- Up-to-date: /home/mcfb/ros2_ws/install/px4_msgs/include/px4_msgs/px4_msgs/msg/detail/mavlink_tunnel__rosidl_typesupport_fastrtps_cpp.hpp\n'}
[1.456075] (px4_msgs) StdoutLine: {'line': b'-- Up-to-date: /home/mcfb/ros2_ws/install/px4_msgs/include/px4_msgs/px4_msgs/msg/detail/camera_trigger__rosidl_typesupport_fastrtps_cpp.hpp\n'}
[1.456119] (px4_msgs) StdoutLine: {'line': b'-- Up-to-date: /home/mcfb/ros2_ws/install/px4_msgs/include/px4_msgs/px4_msgs/msg/detail/led_control__rosidl_typesupport_fastrtps_cpp.hpp\n'}
[1.456174] (px4_msgs) StdoutLine: {'line': b'-- Up-to-date: /home/mcfb/ros2_ws/install/px4_msgs/include/px4_msgs/px4_msgs/msg/detail/gpio_config__rosidl_typesupport_fastrtps_cpp.hpp\n'}
[1.456263] (px4_msgs) StdoutLine: {'line': b'-- Up-to-date: /home/mcfb/ros2_ws/install/px4_msgs/include/px4_msgs/px4_msgs/msg/detail/airspeed__rosidl_typesupport_fastrtps_cpp.hpp\n'}
[1.456302] (px4_msgs) StdoutLine: {'line': b'-- Up-to-date: /home/mcfb/ros2_ws/install/px4_msgs/include/px4_msgs/px4_msgs/msg/detail/actuator_outputs__rosidl_typesupport_fastrtps_cpp.hpp\n'}
[1.456339] (px4_msgs) StdoutLine: {'line': b'-- Up-to-date: /home/mcfb/ros2_ws/install/px4_msgs/include/px4_msgs/px4_msgs/msg/detail/failure_detector_status__rosidl_typesupport_fastrtps_cpp.hpp\n'}
[1.456376] (px4_msgs) StdoutLine: {'line': b'-- Up-to-date: /home/mcfb/ros2_ws/install/px4_msgs/include/px4_msgs/px4_msgs/msg/detail/internal_combustion_engine_status__rosidl_typesupport_fastrtps_cpp.hpp\n'}
[1.456415] (px4_msgs) StdoutLine: {'line': b'-- Up-to-date: /home/mcfb/ros2_ws/install/px4_msgs/include/px4_msgs/px4_msgs/msg/detail/px4io_status__rosidl_typesupport_fastrtps_cpp.hpp\n'}
[1.456454] (px4_msgs) StdoutLine: {'line': b'-- Up-to-date: /home/mcfb/ros2_ws/install/px4_msgs/include/px4_msgs/px4_msgs/msg/detail/distance_sensor_mode_change_request__rosidl_typesupport_fastrtps_cpp.hpp\n'}
[1.456494] (px4_msgs) StdoutLine: {'line': b'-- Up-to-date: /home/mcfb/ros2_ws/install/px4_msgs/include/px4_msgs/px4_msgs/msg/detail/autotune_attitude_control_status__rosidl_typesupport_fastrtps_cpp.hpp\n'}
[1.456532] (px4_msgs) StdoutLine: {'line': b'-- Up-to-date: /home/mcfb/ros2_ws/install/px4_msgs/include/px4_msgs/px4_msgs/msg/detail/position_controller_status__rosidl_typesupport_fastrtps_cpp.hpp\n'}
[1.456585] (px4_msgs) StdoutLine: {'line': b'-- Up-to-date: /home/mcfb/ros2_ws/install/px4_msgs/include/px4_msgs/px4_msgs/msg/detail/dataman_request__rosidl_typesupport_fastrtps_cpp.hpp\n'}
[1.456623] (px4_msgs) StdoutLine: {'line': b'-- Up-to-date: /home/mcfb/ros2_ws/install/px4_msgs/include/px4_msgs/px4_msgs/msg/detail/gimbal_device_information__rosidl_typesupport_fastrtps_cpp.hpp\n'}
[1.456661] (px4_msgs) StdoutLine: {'line': b'-- Up-to-date: /home/mcfb/ros2_ws/install/px4_msgs/include/px4_msgs/px4_msgs/msg/detail/input_rc__rosidl_typesupport_fastrtps_cpp.hpp\n'}
[1.456700] (px4_msgs) StdoutLine: {'line': b'-- Up-to-date: /home/mcfb/ros2_ws/install/px4_msgs/include/px4_msgs/px4_msgs/msg/detail/message_format_response__rosidl_typesupport_fastrtps_cpp.hpp\n'}
[1.456740] (px4_msgs) StdoutLine: {'line': b'-- Up-to-date: /home/mcfb/ros2_ws/install/px4_msgs/include/px4_msgs/px4_msgs/msg/detail/iridiumsbd_status__rosidl_typesupport_fastrtps_cpp.hpp\n'}
[1.456779] (px4_msgs) StdoutLine: {'line': b'-- Up-to-date: /home/mcfb/ros2_ws/install/px4_msgs/include/px4_msgs/px4_msgs/msg/detail/sensor_combined__rosidl_typesupport_fastrtps_cpp.hpp\n'}
[1.456818] (px4_msgs) StdoutLine: {'line': b'-- Up-to-date: /home/mcfb/ros2_ws/install/px4_msgs/include/px4_msgs/px4_msgs/msg/detail/vehicle_global_position__rosidl_typesupport_fastrtps_cpp.hpp\n'}
[1.456863] (px4_msgs) StdoutLine: {'line': b'-- Up-to-date: /home/mcfb/ros2_ws/install/px4_msgs/include/px4_msgs/px4_msgs/msg/detail/trajectory_setpoint__rosidl_typesupport_fastrtps_cpp.hpp\n'}
[1.456904] (px4_msgs) StdoutLine: {'line': b'-- Up-to-date: /home/mcfb/ros2_ws/install/px4_msgs/include/px4_msgs/px4_msgs/msg/detail/failsafe_flags__rosidl_typesupport_fastrtps_cpp.hpp\n'}
[1.456949] (px4_msgs) StdoutLine: {'line': b'-- Up-to-date: /home/mcfb/ros2_ws/install/px4_msgs/include/px4_msgs/px4_msgs/msg/detail/estimator_aid_source3d__rosidl_typesupport_fastrtps_cpp.hpp\n'}
[1.456996] (px4_msgs) StdoutLine: {'line': b'-- Up-to-date: /home/mcfb/ros2_ws/install/px4_msgs/include/px4_msgs/px4_msgs/msg/detail/estimator_status__rosidl_typesupport_fastrtps_cpp.hpp\n'}
[1.457039] (px4_msgs) StdoutLine: {'line': b'-- Up-to-date: /home/mcfb/ros2_ws/install/px4_msgs/include/px4_msgs/px4_msgs/msg/detail/open_drone_id_operator_id__rosidl_typesupport_fastrtps_cpp.hpp\n'}
[1.457106] (px4_msgs) StdoutLine: {'line': b'-- Up-to-date: /home/mcfb/ros2_ws/install/px4_msgs/include/px4_msgs/px4_msgs/msg/rosidl_typesupport_fastrtps_cpp__visibility_control.h\n'}
[1.457147] (px4_msgs) StdoutLine: {'line': b'-- Up-to-date: /home/mcfb/ros2_ws/install/px4_msgs/lib/libpx4_msgs__rosidl_typesupport_fastrtps_cpp.so\n'}
[1.457185] (px4_msgs) StdoutLine: {'line': b'-- Up-to-date: /home/mcfb/ros2_ws/install/px4_msgs/include/px4_msgs/px4_msgs\n'}
[1.457235] (px4_msgs) StdoutLine: {'line': b'-- Up-to-date: /home/mcfb/ros2_ws/install/px4_msgs/include/px4_msgs/px4_msgs/srv\n'}
[1.457271] (px4_msgs) StdoutLine: {'line': b'-- Up-to-date: /home/mcfb/ros2_ws/install/px4_msgs/include/px4_msgs/px4_msgs/srv/detail\n'}
[1.457309] (px4_msgs) StdoutLine: {'line': b'-- Installing: /home/mcfb/ros2_ws/install/px4_msgs/include/px4_msgs/px4_msgs/srv/detail/vehicle_command__type_support.c\n'}
[1.457344] (px4_msgs) StdoutLine: {'line': b'-- Up-to-date: /home/mcfb/ros2_ws/install/px4_msgs/include/px4_msgs/px4_msgs/srv/detail/vehicle_command__rosidl_typesupport_introspection_c.h\n'}
[1.457381] (px4_msgs) StdoutLine: {'line': b'-- Up-to-date: /home/mcfb/ros2_ws/install/px4_msgs/include/px4_msgs/px4_msgs/msg\n'}
[1.457416] (px4_msgs) StdoutLine: {'line': b'-- Up-to-date: /home/mcfb/ros2_ws/install/px4_msgs/include/px4_msgs/px4_msgs/msg/rosidl_typesupport_introspection_c__visibility_control.h\n'}
[1.457451] (px4_msgs) StdoutLine: {'line': b'-- Up-to-date: /home/mcfb/ros2_ws/install/px4_msgs/include/px4_msgs/px4_msgs/msg/detail\n'}
[1.457486] (px4_msgs) StdoutLine: {'line': b'-- Up-to-date: /home/mcfb/ros2_ws/install/px4_msgs/include/px4_msgs/px4_msgs/msg/detail/battery_info__rosidl_typesupport_introspection_c.h\n'}
[1.457520] (px4_msgs) StdoutLine: {'line': b'-- Up-to-date: /home/mcfb/ros2_ws/install/px4_msgs/include/px4_msgs/px4_msgs/msg/detail/vehicle_local_position_setpoint__rosidl_typesupport_introspection_c.h\n'}
[1.457561] (px4_msgs) StdoutLine: {'line': b'-- Installing: /home/mcfb/ros2_ws/install/px4_msgs/include/px4_msgs/px4_msgs/msg/detail/airspeed__type_support.c\n'}
[1.457598] (px4_msgs) StdoutLine: {'line': b'-- Installing: /home/mcfb/ros2_ws/install/px4_msgs/include/px4_msgs/px4_msgs/msg/detail/failure_detector_status__type_support.c\n'}
[1.457637] (px4_msgs) StdoutLine: {'line': b'-- Installing: /home/mcfb/ros2_ws/install/px4_msgs/include/px4_msgs/px4_msgs/msg/detail/ulog_stream__type_support.c\n'}
[1.457675] (px4_msgs) StdoutLine: {'line': b'-- Installing: /home/mcfb/ros2_ws/install/px4_msgs/include/px4_msgs/px4_msgs/msg/detail/can_interface_status__type_support.c\n'}
[1.457713] (px4_msgs) StdoutLine: {'line': b'-- Up-to-date: /home/mcfb/ros2_ws/install/px4_msgs/include/px4_msgs/px4_msgs/msg/detail/sensor_optical_flow__rosidl_typesupport_introspection_c.h\n'}
[1.457751] (px4_msgs) StdoutLine: {'line': b'-- Up-to-date: /home/mcfb/ros2_ws/install/px4_msgs/include/px4_msgs/px4_msgs/msg/detail/mavlink_log__rosidl_typesupport_introspection_c.h\n'}
[1.457791] (px4_msgs) StdoutLine: {'line': b'-- Installing: /home/mcfb/ros2_ws/install/px4_msgs/include/px4_msgs/px4_msgs/msg/detail/esc_report__type_support.c\n'}
[1.457834] (px4_msgs) StdoutLine: {'line': b'-- Installing: /home/mcfb/ros2_ws/install/px4_msgs/include/px4_msgs/px4_msgs/msg/detail/vehicle_air_data__type_support.c\n'}
[1.457872] (px4_msgs) StdoutLine: {'line': b'-- Installing: /home/mcfb/ros2_ws/install/px4_msgs/include/px4_msgs/px4_msgs/msg/detail/gimbal_controls__type_support.c\n'}
[1.457910] (px4_msgs) StdoutLine: {'line': b'-- Installing: /home/mcfb/ros2_ws/install/px4_msgs/include/px4_msgs/px4_msgs/msg/detail/sensor_gnss_status__type_support.c\n'}
[1.457948] (px4_msgs) StdoutLine: {'line': b'-- Up-to-date: /home/mcfb/ros2_ws/install/px4_msgs/include/px4_msgs/px4_msgs/msg/detail/ulog_stream_ack__rosidl_typesupport_introspection_c.h\n'}
[1.457987] (px4_msgs) StdoutLine: {'line': b'-- Up-to-date: /home/mcfb/ros2_ws/install/px4_msgs/include/px4_msgs/px4_msgs/msg/detail/velocity_limits__rosidl_typesupport_introspection_c.h\n'}
[1.458025] (px4_msgs) StdoutLine: {'line': b'-- Up-to-date: /home/mcfb/ros2_ws/install/px4_msgs/include/px4_msgs/px4_msgs/msg/detail/vehicle_thrust_setpoint__rosidl_typesupport_introspection_c.h\n'}
[1.458064] (px4_msgs) StdoutLine: {'line': b'-- Up-to-date: /home/mcfb/ros2_ws/install/px4_msgs/include/px4_msgs/px4_msgs/msg/detail/yaw_estimator_status__rosidl_typesupport_introspection_c.h\n'}
[1.458104] (px4_msgs) StdoutLine: {'line': b'-- Up-to-date: /home/mcfb/ros2_ws/install/px4_msgs/include/px4_msgs/px4_msgs/msg/detail/ping__rosidl_typesupport_introspection_c.h\n'}
[1.458144] (px4_msgs) StdoutLine: {'line': b'-- Installing: /home/mcfb/ros2_ws/install/px4_msgs/include/px4_msgs/px4_msgs/msg/detail/estimator_bias__type_support.c\n'}
[1.458184] (px4_msgs) StdoutLine: {'line': b'-- Up-to-date: /home/mcfb/ros2_ws/install/px4_msgs/include/px4_msgs/px4_msgs/msg/detail/estimator_status_flags__rosidl_typesupport_introspection_c.h\n'}
[1.458222] (px4_msgs) StdoutLine: {'line': b'-- Up-to-date: /home/mcfb/ros2_ws/install/px4_msgs/include/px4_msgs/px4_msgs/msg/detail/ulog_stream__rosidl_typesupport_introspection_c.h\n'}
[1.458261] (px4_msgs) StdoutLine: {'line': b'-- Installing: /home/mcfb/ros2_ws/install/px4_msgs/include/px4_msgs/px4_msgs/msg/detail/gimbal_manager_information__type_support.c\n'}
[1.458301] (px4_msgs) StdoutLine: {'line': b'-- Installing: /home/mcfb/ros2_ws/install/px4_msgs/include/px4_msgs/px4_msgs/msg/detail/follow_target__type_support.c\n'}
[1.458341] (px4_msgs) StdoutLine: {'line': b'-- Up-to-date: /home/mcfb/ros2_ws/install/px4_msgs/include/px4_msgs/px4_msgs/msg/detail/rover_rate_setpoint__rosidl_typesupport_introspection_c.h\n'}
[1.458403] (px4_msgs) StdoutLine: {'line': b'-- Up-to-date: /home/mcfb/ros2_ws/install/px4_msgs/include/px4_msgs/px4_msgs/msg/detail/navigator_mission_item__rosidl_typesupport_introspection_c.h\n'}
[1.458463] (px4_msgs) StdoutLine: {'line': b'-- Up-to-date: /home/mcfb/ros2_ws/install/px4_msgs/include/px4_msgs/px4_msgs/msg/detail/sensor_gnss_relative__rosidl_typesupport_introspection_c.h\n'}
[1.458497] (px4_msgs) StdoutLine: {'line': b'-- Installing: /home/mcfb/ros2_ws/install/px4_msgs/include/px4_msgs/px4_msgs/msg/detail/vehicle_imu_status__type_support.c\n'}
[1.458534] (px4_msgs) StdoutLine: {'line': b'-- Up-to-date: /home/mcfb/ros2_ws/install/px4_msgs/include/px4_msgs/px4_msgs/msg/detail/parameter_update__rosidl_typesupport_introspection_c.h\n'}
[1.458581] (px4_msgs) StdoutLine: {'line': b'-- Installing: /home/mcfb/ros2_ws/install/px4_msgs/include/px4_msgs/px4_msgs/msg/detail/estimator_states__type_support.c\n'}
[1.458618] (px4_msgs) StdoutLine: {'line': b'-- Installing: /home/mcfb/ros2_ws/install/px4_msgs/include/px4_msgs/px4_msgs/msg/detail/fixed_wing_runway_control__type_support.c\n'}
[1.458654] (px4_msgs) StdoutLine: {'line': b'-- Up-to-date: /home/mcfb/ros2_ws/install/px4_msgs/include/px4_msgs/px4_msgs/msg/detail/vehicle_angular_velocity__rosidl_typesupport_introspection_c.h\n'}
[1.458689] (px4_msgs) StdoutLine: {'line': b'-- Up-to-date: /home/mcfb/ros2_ws/install/px4_msgs/include/px4_msgs/px4_msgs/msg/detail/magnetometer_bias_estimate__rosidl_typesupport_introspection_c.h\n'}
[1.458726] (px4_msgs) StdoutLine: {'line': b'-- Up-to-date: /home/mcfb/ros2_ws/install/px4_msgs/include/px4_msgs/px4_msgs/msg/detail/adc_report__rosidl_typesupport_introspection_c.h\n'}
[1.458765] (px4_msgs) StdoutLine: {'line': b'-- Up-to-date: /home/mcfb/ros2_ws/install/px4_msgs/include/px4_msgs/px4_msgs/msg/detail/system_power__rosidl_typesupport_introspection_c.h\n'}
[1.458809] (px4_msgs) StdoutLine: {'line': b'-- Installing: /home/mcfb/ros2_ws/install/px4_msgs/include/px4_msgs/px4_msgs/msg/detail/fixed_wing_lateral_status__type_support.c\n'}
[1.458856] (px4_msgs) StdoutLine: {'line': b'-- Installing: /home/mcfb/ros2_ws/install/px4_msgs/include/px4_msgs/px4_msgs/msg/detail/qshell_retval__type_support.c\n'}
[1.458896] (px4_msgs) StdoutLine: {'line': b'-- Installing: /home/mcfb/ros2_ws/install/px4_msgs/include/px4_msgs/px4_msgs/msg/detail/failsafe_flags__type_support.c\n'}
[1.458936] (px4_msgs) StdoutLine: {'line': b'-- Up-to-date: /home/mcfb/ros2_ws/install/px4_msgs/include/px4_msgs/px4_msgs/msg/detail/gps_inject_data__rosidl_typesupport_introspection_c.h\n'}
[1.458977] (px4_msgs) StdoutLine: {'line': b'-- Up-to-date: /home/mcfb/ros2_ws/install/px4_msgs/include/px4_msgs/px4_msgs/msg/detail/arming_check_reply__rosidl_typesupport_introspection_c.h\n'}
[1.459016] (px4_msgs) StdoutLine: {'line': b'-- Installing: /home/mcfb/ros2_ws/install/px4_msgs/include/px4_msgs/px4_msgs/msg/detail/action_request__type_support.c\n'}
[1.459056] (px4_msgs) StdoutLine: {'line': b'-- Up-to-date: /home/mcfb/ros2_ws/install/px4_msgs/include/px4_msgs/px4_msgs/msg/detail/gimbal_manager_set_attitude__rosidl_typesupport_introspection_c.h\n'}
[1.459096] (px4_msgs) StdoutLine: {'line': b'-- Up-to-date: /home/mcfb/ros2_ws/install/px4_msgs/include/px4_msgs/px4_msgs/msg/detail/vehicle_acceleration__rosidl_typesupport_introspection_c.h\n'}
[1.459133] (px4_msgs) StdoutLine: {'line': b'-- Up-to-date: /home/mcfb/ros2_ws/install/px4_msgs/include/px4_msgs/px4_msgs/msg/detail/airspeed_validated__rosidl_typesupport_introspection_c.h\n'}
[1.459172] (px4_msgs) StdoutLine: {'line': b'-- Up-to-date: /home/mcfb/ros2_ws/install/px4_msgs/include/px4_msgs/px4_msgs/msg/detail/longitudinal_control_configuration__rosidl_typesupport_introspection_c.h\n'}
[1.459210] (px4_msgs) StdoutLine: {'line': b'-- Up-to-date: /home/mcfb/ros2_ws/install/px4_msgs/include/px4_msgs/px4_msgs/msg/detail/vehicle_optical_flow__rosidl_typesupport_introspection_c.h\n'}
[1.459247] (px4_msgs) StdoutLine: {'line': b'-- Up-to-date: /home/mcfb/ros2_ws/install/px4_msgs/include/px4_msgs/px4_msgs/msg/detail/gpio_request__rosidl_typesupport_introspection_c.h\n'}
[1.459287] (px4_msgs) StdoutLine: {'line': b'-- Installing: /home/mcfb/ros2_ws/install/px4_msgs/include/px4_msgs/px4_msgs/msg/detail/vehicle_magnetometer__type_support.c\n'}
[1.459330] (px4_msgs) StdoutLine: {'line': b'-- Installing: /home/mcfb/ros2_ws/install/px4_msgs/include/px4_msgs/px4_msgs/msg/detail/follow_target_status__type_support.c\n'}
[1.459368] (px4_msgs) StdoutLine: {'line': b'-- Up-to-date: /home/mcfb/ros2_ws/install/px4_msgs/include/px4_msgs/px4_msgs/msg/detail/vehicle_angular_acceleration_setpoint__rosidl_typesupport_introspection_c.h\n'}
[1.459407] (px4_msgs) StdoutLine: {'line': b'-- Installing: /home/mcfb/ros2_ws/install/px4_msgs/include/px4_msgs/px4_msgs/msg/detail/log_message__type_support.c\n'}
[1.459445] (px4_msgs) StdoutLine: {'line': b'-- Installing: /home/mcfb/ros2_ws/install/px4_msgs/include/px4_msgs/px4_msgs/msg/detail/sensor_optical_flow__type_support.c\n'}
[1.459486] (px4_msgs) StdoutLine: {'line': b'-- Installing: /home/mcfb/ros2_ws/install/px4_msgs/include/px4_msgs/px4_msgs/msg/detail/parameter_set_value_request__type_support.c\n'}
[1.459530] (px4_msgs) StdoutLine: {'line': b'-- Installing: /home/mcfb/ros2_ws/install/px4_msgs/include/px4_msgs/px4_msgs/msg/detail/vehicle_status__type_support.c\n'}
[1.459587] (px4_msgs) StdoutLine: {'line': b'-- Up-to-date: /home/mcfb/ros2_ws/install/px4_msgs/include/px4_msgs/px4_msgs/msg/detail/vehicle_rates_setpoint__rosidl_typesupport_introspection_c.h\n'}
[1.459746] (px4_msgs) StdoutLine: {'line': b'-- Up-to-date: /home/mcfb/ros2_ws/install/px4_msgs/include/px4_msgs/px4_msgs/msg/detail/flight_phase_estimation__rosidl_typesupport_introspection_c.h\n'}
[1.459883] (px4_msgs) StdoutLine: {'line': b'-- Up-to-date: /home/mcfb/ros2_ws/install/px4_msgs/include/px4_msgs/px4_msgs/msg/detail/esc_status__rosidl_typesupport_introspection_c.h\n'}
[1.459957] (px4_msgs) StdoutLine: {'line': b'-- Installing: /home/mcfb/ros2_ws/install/px4_msgs/include/px4_msgs/px4_msgs/msg/detail/timesync_status__type_support.c\n'}
[1.460033] (px4_msgs) StdoutLine: {'line': b'-- Installing: /home/mcfb/ros2_ws/install/px4_msgs/include/px4_msgs/px4_msgs/msg/detail/battery_info__type_support.c\n'}
[1.460117] (px4_msgs) StdoutLine: {'line': b'-- Up-to-date: /home/mcfb/ros2_ws/install/px4_msgs/include/px4_msgs/px4_msgs/msg/detail/vehicle_imu_status__rosidl_typesupport_introspection_c.h\n'}
[1.460289] (px4_msgs) StdoutLine: {'line': b'-- Installing: /home/mcfb/ros2_ws/install/px4_msgs/include/px4_msgs/px4_msgs/msg/detail/vehicle_odometry__type_support.c\n'}
[1.460404] (px4_msgs) StdoutLine: {'line': b'-- Installing: /home/mcfb/ros2_ws/install/px4_msgs/include/px4_msgs/px4_msgs/msg/detail/hover_thrust_estimate__type_support.c\n'}
[1.460467] (px4_msgs) StdoutLine: {'line': b'-- Installing: /home/mcfb/ros2_ws/install/px4_msgs/include/px4_msgs/px4_msgs/msg/detail/sensor_accel_fifo__type_support.c\n'}
[1.460521] (px4_msgs) StdoutLine: {'line': b'-- Up-to-date: /home/mcfb/ros2_ws/install/px4_msgs/include/px4_msgs/px4_msgs/msg/detail/dataman_request__rosidl_typesupport_introspection_c.h\n'}
[1.460576] (px4_msgs) StdoutLine: {'line': b'-- Up-to-date: /home/mcfb/ros2_ws/install/px4_msgs/include/px4_msgs/px4_msgs/msg/detail/landing_target_innovations__rosidl_typesupport_introspection_c.h\n'}
[1.460640] (px4_msgs) StdoutLine: {'line': b'-- Installing: /home/mcfb/ros2_ws/install/px4_msgs/include/px4_msgs/px4_msgs/msg/detail/rc_channels__type_support.c\n'}
[1.460702] (px4_msgs) StdoutLine: {'line': b'-- Installing: /home/mcfb/ros2_ws/install/px4_msgs/include/px4_msgs/px4_msgs/msg/detail/yaw_estimator_status__type_support.c\n'}
[1.460755] (px4_msgs) StdoutLine: {'line': b'-- Installing: /home/mcfb/ros2_ws/install/px4_msgs/include/px4_msgs/px4_msgs/msg/detail/pps_capture__type_support.c\n'}
[1.460808] (px4_msgs) StdoutLine: {'line': b'-- Installing: /home/mcfb/ros2_ws/install/px4_msgs/include/px4_msgs/px4_msgs/msg/detail/actuator_outputs__type_support.c\n'}
[1.460870] (px4_msgs) StdoutLine: {'line': b'-- Up-to-date: /home/mcfb/ros2_ws/install/px4_msgs/include/px4_msgs/px4_msgs/msg/detail/message_format_response__rosidl_typesupport_introspection_c.h\n'}
[1.460929] (px4_msgs) StdoutLine: {'line': b'-- Up-to-date: /home/mcfb/ros2_ws/install/px4_msgs/include/px4_msgs/px4_msgs/msg/detail/estimator_aid_source2d__rosidl_typesupport_introspection_c.h\n'}
[1.461001] (px4_msgs) StdoutLine: {'line': b'-- Up-to-date: /home/mcfb/ros2_ws/install/px4_msgs/include/px4_msgs/px4_msgs/msg/detail/generator_status__rosidl_typesupport_introspection_c.h\n'}
[1.461054] (px4_msgs) StdoutLine: {'line': b'-- Up-to-date: /home/mcfb/ros2_ws/install/px4_msgs/include/px4_msgs/px4_msgs/msg/detail/parameter_set_value_request__rosidl_typesupport_introspection_c.h\n'}
[1.461108] (px4_msgs) StdoutLine: {'line': b'-- Installing: /home/mcfb/ros2_ws/install/px4_msgs/include/px4_msgs/px4_msgs/msg/detail/vehicle_control_mode__type_support.c\n'}
[1.461187] (px4_msgs) StdoutLine: {'line': b'-- Installing: /home/mcfb/ros2_ws/install/px4_msgs/include/px4_msgs/px4_msgs/msg/detail/normalized_unsigned_setpoint__type_support.c\n'}
[1.461244] (px4_msgs) StdoutLine: {'line': b'-- Up-to-date: /home/mcfb/ros2_ws/install/px4_msgs/include/px4_msgs/px4_msgs/msg/detail/heater_status__rosidl_typesupport_introspection_c.h\n'}
[1.461298] (px4_msgs) StdoutLine: {'line': b'-- Installing: /home/mcfb/ros2_ws/install/px4_msgs/include/px4_msgs/px4_msgs/msg/detail/heater_status__type_support.c\n'}
[1.461348] (px4_msgs) StdoutLine: {'line': b'-- Up-to-date: /home/mcfb/ros2_ws/install/px4_msgs/include/px4_msgs/px4_msgs/msg/detail/logger_status__rosidl_typesupport_introspection_c.h\n'}
[1.461400] (px4_msgs) StdoutLine: {'line': b'-- Installing: /home/mcfb/ros2_ws/install/px4_msgs/include/px4_msgs/px4_msgs/msg/detail/camera_capture__type_support.c\n'}
[1.461454] (px4_msgs) StdoutLine: {'line': b'-- Up-to-date: /home/mcfb/ros2_ws/install/px4_msgs/include/px4_msgs/px4_msgs/msg/detail/timesync_status__rosidl_typesupport_introspection_c.h\n'}
[1.461514] (px4_msgs) StdoutLine: {'line': b'-- Up-to-date: /home/mcfb/ros2_ws/install/px4_msgs/include/px4_msgs/px4_msgs/msg/detail/estimator_bias__rosidl_typesupport_introspection_c.h\n'}
[1.461569] (px4_msgs) StdoutLine: {'line': b'-- Up-to-date: /home/mcfb/ros2_ws/install/px4_msgs/include/px4_msgs/px4_msgs/msg/detail/rover_speed_status__rosidl_typesupport_introspection_c.h\n'}
[1.461624] (px4_msgs) StdoutLine: {'line': b'-- Up-to-date: /home/mcfb/ros2_ws/install/px4_msgs/include/px4_msgs/px4_msgs/msg/detail/message_format_request__rosidl_typesupport_introspection_c.h\n'}
[1.461683] (px4_msgs) StdoutLine: {'line': b'-- Up-to-date: /home/mcfb/ros2_ws/install/px4_msgs/include/px4_msgs/px4_msgs/msg/detail/rover_throttle_setpoint__rosidl_typesupport_introspection_c.h\n'}
[1.461739] (px4_msgs) StdoutLine: {'line': b'-- Up-to-date: /home/mcfb/ros2_ws/install/px4_msgs/include/px4_msgs/px4_msgs/msg/detail/collision_constraints__rosidl_typesupport_introspection_c.h\n'}
[1.461863] (px4_msgs) StdoutLine: {'line': b'-- Installing: /home/mcfb/ros2_ws/install/px4_msgs/include/px4_msgs/px4_msgs/msg/detail/message_format_response__type_support.c\n'}
[1.462016] (px4_msgs) StdoutLine: {'line': b'-- Up-to-date: /home/mcfb/ros2_ws/install/px4_msgs/include/px4_msgs/px4_msgs/msg/detail/position_setpoint_triplet__rosidl_typesupport_introspection_c.h\n'}
[1.462072] (px4_msgs) StdoutLine: {'line': b'-- Installing: /home/mcfb/ros2_ws/install/px4_msgs/include/px4_msgs/px4_msgs/msg/detail/estimator_selector_status__type_support.c\n'}
[1.462121] (px4_msgs) StdoutLine: {'line': b'-- Installing: /home/mcfb/ros2_ws/install/px4_msgs/include/px4_msgs/px4_msgs/msg/detail/uavcan_parameter_request__type_support.c\n'}
[1.462164] (px4_msgs) StdoutLine: {'line': b'-- Up-to-date: /home/mcfb/ros2_ws/install/px4_msgs/include/px4_msgs/px4_msgs/msg/detail/vehicle_odometry__rosidl_typesupport_introspection_c.h\n'}
[1.462206] (px4_msgs) StdoutLine: {'line': b'-- Up-to-date: /home/mcfb/ros2_ws/install/px4_msgs/include/px4_msgs/px4_msgs/msg/detail/esc_report__rosidl_typesupport_introspection_c.h\n'}
[1.462250] (px4_msgs) StdoutLine: {'line': b'-- Installing: /home/mcfb/ros2_ws/install/px4_msgs/include/px4_msgs/px4_msgs/msg/detail/mavlink_log__type_support.c\n'}
[1.462294] (px4_msgs) StdoutLine: {'line': b'-- Up-to-date: /home/mcfb/ros2_ws/install/px4_msgs/include/px4_msgs/px4_msgs/msg/detail/position_controller_landing_status__rosidl_typesupport_introspection_c.h\n'}
[1.462358] (px4_msgs) StdoutLine: {'line': b'-- Installing: /home/mcfb/ros2_ws/install/px4_msgs/include/px4_msgs/px4_msgs/msg/detail/velocity_limits__type_support.c\n'}
[1.462407] (px4_msgs) StdoutLine: {'line': b'-- Up-to-date: /home/mcfb/ros2_ws/install/px4_msgs/include/px4_msgs/px4_msgs/msg/detail/pps_capture__rosidl_typesupport_introspection_c.h\n'}
[1.462453] (px4_msgs) StdoutLine: {'line': b'-- Installing: /home/mcfb/ros2_ws/install/px4_msgs/include/px4_msgs/px4_msgs/msg/detail/vehicle_imu__type_support.c\n'}
[1.462496] (px4_msgs) StdoutLine: {'line': b'-- Installing: /home/mcfb/ros2_ws/install/px4_msgs/include/px4_msgs/px4_msgs/msg/detail/orb_test_large__type_support.c\n'}
[1.462540] (px4_msgs) StdoutLine: {'line': b'-- Up-to-date: /home/mcfb/ros2_ws/install/px4_msgs/include/px4_msgs/px4_msgs/msg/detail/led_control__rosidl_typesupport_introspection_c.h\n'}
[1.462583] (px4_msgs) StdoutLine: {'line': b'-- Up-to-date: /home/mcfb/ros2_ws/install/px4_msgs/include/px4_msgs/px4_msgs/msg/detail/differential_pressure__rosidl_typesupport_introspection_c.h\n'}
[1.462629] (px4_msgs) StdoutLine: {'line': b'-- Up-to-date: /home/mcfb/ros2_ws/install/px4_msgs/include/px4_msgs/px4_msgs/msg/detail/open_drone_id_system__rosidl_typesupport_introspection_c.h\n'}
[1.462673] (px4_msgs) StdoutLine: {'line': b'-- Up-to-date: /home/mcfb/ros2_ws/install/px4_msgs/include/px4_msgs/px4_msgs/msg/detail/log_message__rosidl_typesupport_introspection_c.h\n'}
[1.462717] (px4_msgs) StdoutLine: {'line': b'-- Installing: /home/mcfb/ros2_ws/install/px4_msgs/include/px4_msgs/px4_msgs/msg/detail/input_rc__type_support.c\n'}
[1.462759] (px4_msgs) StdoutLine: {'line': b'-- Installing: /home/mcfb/ros2_ws/install/px4_msgs/include/px4_msgs/px4_msgs/msg/detail/sensor_hygrometer__type_support.c\n'}
[1.462806] (px4_msgs) StdoutLine: {'line': b'-- Up-to-date: /home/mcfb/ros2_ws/install/px4_msgs/include/px4_msgs/px4_msgs/msg/detail/camera_status__rosidl_typesupport_introspection_c.h\n'}
[1.462887] (px4_msgs) StdoutLine: {'line': b'-- Up-to-date: /home/mcfb/ros2_ws/install/px4_msgs/include/px4_msgs/px4_msgs/msg/detail/register_ext_component_reply__rosidl_typesupport_introspection_c.h\n'}
[1.462931] (px4_msgs) StdoutLine: {'line': b'-- Installing: /home/mcfb/ros2_ws/install/px4_msgs/include/px4_msgs/px4_msgs/msg/detail/vehicle_angular_acceleration_setpoint__type_support.c\n'}
[1.462971] (px4_msgs) StdoutLine: {'line': b'-- Up-to-date: /home/mcfb/ros2_ws/install/px4_msgs/include/px4_msgs/px4_msgs/msg/detail/rover_attitude_setpoint__rosidl_typesupport_introspection_c.h\n'}
[1.463011] (px4_msgs) StdoutLine: {'line': b'-- Installing: /home/mcfb/ros2_ws/install/px4_msgs/include/px4_msgs/px4_msgs/msg/detail/gimbal_manager_set_attitude__type_support.c\n'}
[1.463052] (px4_msgs) StdoutLine: {'line': b'-- Installing: /home/mcfb/ros2_ws/install/px4_msgs/include/px4_msgs/px4_msgs/msg/detail/camera_status__type_support.c\n'}
[1.463098] (px4_msgs) StdoutLine: {'line': b'-- Installing: /home/mcfb/ros2_ws/install/px4_msgs/include/px4_msgs/px4_msgs/msg/detail/landing_target_pose__type_support.c\n'}
[1.463141] (px4_msgs) StdoutLine: {'line': b'-- Up-to-date: /home/mcfb/ros2_ws/install/px4_msgs/include/px4_msgs/px4_msgs/msg/detail/onboard_computer_status__rosidl_typesupport_introspection_c.h\n'}
[1.463182] (px4_msgs) StdoutLine: {'line': b'-- Up-to-date: /home/mcfb/ros2_ws/install/px4_msgs/include/px4_msgs/px4_msgs/msg/detail/iridiumsbd_status__rosidl_typesupport_introspection_c.h\n'}
[1.463225] (px4_msgs) StdoutLine: {'line': b'-- Up-to-date: /home/mcfb/ros2_ws/install/px4_msgs/include/px4_msgs/px4_msgs/msg/detail/gimbal_manager_information__rosidl_typesupport_introspection_c.h\n'}
[1.463268] (px4_msgs) StdoutLine: {'line': b'-- Installing: /home/mcfb/ros2_ws/install/px4_msgs/include/px4_msgs/px4_msgs/msg/detail/dataman_request__type_support.c\n'}
[1.463307] (px4_msgs) StdoutLine: {'line': b'-- Up-to-date: /home/mcfb/ros2_ws/install/px4_msgs/include/px4_msgs/px4_msgs/msg/detail/gpio_in__rosidl_typesupport_introspection_c.h\n'}
[1.463371] (px4_msgs) StdoutLine: {'line': b'-- Installing: /home/mcfb/ros2_ws/install/px4_msgs/include/px4_msgs/px4_msgs/msg/detail/open_drone_id_system__type_support.c\n'}
[1.463407] (px4_msgs) StdoutLine: {'line': b'-- Up-to-date: /home/mcfb/ros2_ws/install/px4_msgs/include/px4_msgs/px4_msgs/msg/detail/satellite_info__rosidl_typesupport_introspection_c.h\n'}
[1.463450] (px4_msgs) StdoutLine: {'line': b'-- Installing: /home/mcfb/ros2_ws/install/px4_msgs/include/px4_msgs/px4_msgs/msg/detail/fuel_tank_status__type_support.c\n'}
[1.463490] (px4_msgs) StdoutLine: {'line': b'-- Up-to-date: /home/mcfb/ros2_ws/install/px4_msgs/include/px4_msgs/px4_msgs/msg/detail/sensors_status_imu__rosidl_typesupport_introspection_c.h\n'}
[1.463530] (px4_msgs) StdoutLine: {'line': b'-- Up-to-date: /home/mcfb/ros2_ws/install/px4_msgs/include/px4_msgs/px4_msgs/msg/detail/health_report__rosidl_typesupport_introspection_c.h\n'}
[1.463576] (px4_msgs) StdoutLine: {'line': b'-- Installing: /home/mcfb/ros2_ws/install/px4_msgs/include/px4_msgs/px4_msgs/msg/detail/rover_position_setpoint__type_support.c\n'}
[1.463619] (px4_msgs) StdoutLine: {'line': b'-- Up-to-date: /home/mcfb/ros2_ws/install/px4_msgs/include/px4_msgs/px4_msgs/msg/detail/offboard_control_mode__rosidl_typesupport_introspection_c.h\n'}
[1.463663] (px4_msgs) StdoutLine: {'line': b'-- Up-to-date: /home/mcfb/ros2_ws/install/px4_msgs/include/px4_msgs/px4_msgs/msg/detail/distance_sensor__rosidl_typesupport_introspection_c.h\n'}
[1.463707] (px4_msgs) StdoutLine: {'line': b'-- Installing: /home/mcfb/ros2_ws/install/px4_msgs/include/px4_msgs/px4_msgs/msg/detail/manual_control_setpoint__type_support.c\n'}
[1.463758] (px4_msgs) StdoutLine: {'line': b'-- Up-to-date: /home/mcfb/ros2_ws/install/px4_msgs/include/px4_msgs/px4_msgs/msg/detail/fixed_wing_lateral_setpoint__rosidl_typesupport_introspection_c.h\n'}
[1.463805] (px4_msgs) StdoutLine: {'line': b'-- Up-to-date: /home/mcfb/ros2_ws/install/px4_msgs/include/px4_msgs/px4_msgs/msg/detail/rover_rate_status__rosidl_typesupport_introspection_c.h\n'}
[1.463857] (px4_msgs) StdoutLine: {'line': b'-- Installing: /home/mcfb/ros2_ws/install/px4_msgs/include/px4_msgs/px4_msgs/msg/detail/landing_gear__type_support.c\n'}
[1.463898] (px4_msgs) StdoutLine: {'line': b'-- Up-to-date: /home/mcfb/ros2_ws/install/px4_msgs/include/px4_msgs/px4_msgs/msg/detail/fuel_tank_status__rosidl_typesupport_introspection_c.h\n'}
[1.463939] (px4_msgs) StdoutLine: {'line': b'-- Up-to-date: /home/mcfb/ros2_ws/install/px4_msgs/include/px4_msgs/px4_msgs/msg/detail/gimbal_manager_set_manual_control__rosidl_typesupport_introspection_c.h\n'}
[1.463981] (px4_msgs) StdoutLine: {'line': b'-- Up-to-date: /home/mcfb/ros2_ws/install/px4_msgs/include/px4_msgs/px4_msgs/msg/detail/airspeed__rosidl_typesupport_introspection_c.h\n'}
[1.464069] (px4_msgs) StdoutLine: {'line': b'-- Installing: /home/mcfb/ros2_ws/install/px4_msgs/include/px4_msgs/px4_msgs/msg/detail/orbit_status__type_support.c\n'}
[1.464253] (px4_msgs) StdoutLine: {'line': b'-- Installing: /home/mcfb/ros2_ws/install/px4_msgs/include/px4_msgs/px4_msgs/msg/detail/gripper__type_support.c\n'}
[1.464322] (px4_msgs) StdoutLine: {'line': b'-- Installing: /home/mcfb/ros2_ws/install/px4_msgs/include/px4_msgs/px4_msgs/msg/detail/tune_control__type_support.c\n'}
[1.464374] (px4_msgs) StdoutLine: {'line': b'-- Installing: /home/mcfb/ros2_ws/install/px4_msgs/include/px4_msgs/px4_msgs/msg/detail/rtl_time_estimate__type_support.c\n'}
[1.464435] (px4_msgs) StdoutLine: {'line': b'-- Installing: /home/mcfb/ros2_ws/install/px4_msgs/include/px4_msgs/px4_msgs/msg/detail/transponder_report__type_support.c\n'}
[1.464492] (px4_msgs) StdoutLine: {'line': b'-- Installing: /home/mcfb/ros2_ws/install/px4_msgs/include/px4_msgs/px4_msgs/msg/detail/parameter_set_value_response__type_support.c\n'}
[1.464558] (px4_msgs) StdoutLine: {'line': b'-- Installing: /home/mcfb/ros2_ws/install/px4_msgs/include/px4_msgs/px4_msgs/msg/detail/logger_status__type_support.c\n'}
[1.464642] (px4_msgs) StdoutLine: {'line': b'-- Up-to-date: /home/mcfb/ros2_ws/install/px4_msgs/include/px4_msgs/px4_msgs/msg/detail/trajectory_setpoint__rosidl_typesupport_introspection_c.h\n'}
[1.464712] (px4_msgs) StdoutLine: {'line': b'-- Installing: /home/mcfb/ros2_ws/install/px4_msgs/include/px4_msgs/px4_msgs/msg/detail/open_drone_id_arm_status__type_support.c\n'}
[1.464759] (px4_msgs) StdoutLine: {'line': b'-- Up-to-date: /home/mcfb/ros2_ws/install/px4_msgs/include/px4_msgs/px4_msgs/msg/detail/fixed_wing_longitudinal_setpoint__rosidl_typesupport_introspection_c.h\n'}
[1.464804] (px4_msgs) StdoutLine: {'line': b'-- Installing: /home/mcfb/ros2_ws/install/px4_msgs/include/px4_msgs/px4_msgs/msg/detail/offboard_control_mode__type_support.c\n'}
[1.464873] (px4_msgs) StdoutLine: {'line': b'-- Up-to-date: /home/mcfb/ros2_ws/install/px4_msgs/include/px4_msgs/px4_msgs/msg/detail/rate_ctrl_status__rosidl_typesupport_introspection_c.h\n'}
[1.464915] (px4_msgs) StdoutLine: {'line': b'-- Installing: /home/mcfb/ros2_ws/install/px4_msgs/include/px4_msgs/px4_msgs/msg/detail/trajectory_setpoint6dof__type_support.c\n'}
[1.464956] (px4_msgs) StdoutLine: {'line': b'-- Installing: /home/mcfb/ros2_ws/install/px4_msgs/include/px4_msgs/px4_msgs/msg/detail/estimator_aid_source2d__type_support.c\n'}
[1.465002] (px4_msgs) StdoutLine: {'line': b'-- Installing: /home/mcfb/ros2_ws/install/px4_msgs/include/px4_msgs/px4_msgs/msg/detail/home_position__type_support.c\n'}
[1.465045] (px4_msgs) StdoutLine: {'line': b'-- Up-to-date: /home/mcfb/ros2_ws/install/px4_msgs/include/px4_msgs/px4_msgs/msg/detail/control_allocator_status__rosidl_typesupport_introspection_c.h\n'}
[1.465121] (px4_msgs) StdoutLine: {'line': b'-- Installing: /home/mcfb/ros2_ws/install/px4_msgs/include/px4_msgs/px4_msgs/msg/detail/health_report__type_support.c\n'}
[1.465170] (px4_msgs) StdoutLine: {'line': b'-- Installing: /home/mcfb/ros2_ws/install/px4_msgs/include/px4_msgs/px4_msgs/msg/detail/distance_sensor_mode_change_request__type_support.c\n'}
[1.465238] (px4_msgs) StdoutLine: {'line': b'-- Installing: /home/mcfb/ros2_ws/install/px4_msgs/include/px4_msgs/px4_msgs/msg/detail/vtol_vehicle_status__type_support.c\n'}
[1.465296] (px4_msgs) StdoutLine: {'line': b'-- Up-to-date: /home/mcfb/ros2_ws/install/px4_msgs/include/px4_msgs/px4_msgs/msg/detail/task_stack_info__rosidl_typesupport_introspection_c.h\n'}
[1.465344] (px4_msgs) StdoutLine: {'line': b'-- Installing: /home/mcfb/ros2_ws/install/px4_msgs/include/px4_msgs/px4_msgs/msg/detail/radio_status__type_support.c\n'}
[1.465462] (px4_msgs) StdoutLine: {'line': b'-- Up-to-date: /home/mcfb/ros2_ws/install/px4_msgs/include/px4_msgs/px4_msgs/msg/detail/autotune_attitude_control_status__rosidl_typesupport_introspection_c.h\n'}
[1.465506] (px4_msgs) StdoutLine: {'line': b'-- Up-to-date: /home/mcfb/ros2_ws/install/px4_msgs/include/px4_msgs/px4_msgs/msg/detail/vehicle_imu__rosidl_typesupport_introspection_c.h\n'}
[1.465546] (px4_msgs) StdoutLine: {'line': b'-- Installing: /home/mcfb/ros2_ws/install/px4_msgs/include/px4_msgs/px4_msgs/msg/detail/distance_sensor__type_support.c\n'}
[1.465588] (px4_msgs) StdoutLine: {'line': b'-- Installing: /home/mcfb/ros2_ws/install/px4_msgs/include/px4_msgs/px4_msgs/msg/detail/pure_pursuit_status__type_support.c\n'}
[1.465628] (px4_msgs) StdoutLine: {'line': b'-- Installing: /home/mcfb/ros2_ws/install/px4_msgs/include/px4_msgs/px4_msgs/msg/detail/fixed_wing_longitudinal_setpoint__type_support.c\n'}
[1.465674] (px4_msgs) StdoutLine: {'line': b'-- Installing: /home/mcfb/ros2_ws/install/px4_msgs/include/px4_msgs/px4_msgs/msg/detail/estimator_event_flags__type_support.c\n'}
[1.465766] (px4_msgs) StdoutLine: {'line': b'-- Up-to-date: /home/mcfb/ros2_ws/install/px4_msgs/include/px4_msgs/px4_msgs/msg/detail/ekf2_timestamps__rosidl_typesupport_introspection_c.h\n'}
[1.465816] (px4_msgs) StdoutLine: {'line': b'-- Installing: /home/mcfb/ros2_ws/install/px4_msgs/include/px4_msgs/px4_msgs/msg/detail/vehicle_constraints__type_support.c\n'}
[1.465884] (px4_msgs) StdoutLine: {'line': b'-- Installing: /home/mcfb/ros2_ws/install/px4_msgs/include/px4_msgs/px4_msgs/msg/detail/tecs_status__type_support.c\n'}
[1.466037] (px4_msgs) StdoutLine: {'line': b'-- Installing: /home/mcfb/ros2_ws/install/px4_msgs/include/px4_msgs/px4_msgs/msg/detail/estimator_innovations__type_support.c\n'}
[1.466086] (px4_msgs) StdoutLine: {'line': b'-- Installing: /home/mcfb/ros2_ws/install/px4_msgs/include/px4_msgs/px4_msgs/msg/detail/manual_control_switches__type_support.c\n'}
[1.466152] (px4_msgs) StdoutLine: {'line': b'-- Up-to-date: /home/mcfb/ros2_ws/install/px4_msgs/include/px4_msgs/px4_msgs/msg/detail/estimator_states__rosidl_typesupport_introspection_c.h\n'}
[1.466194] (px4_msgs) StdoutLine: {'line': b'-- Installing: /home/mcfb/ros2_ws/install/px4_msgs/include/px4_msgs/px4_msgs/msg/detail/gimbal_manager_status__type_support.c\n'}
[1.466231] (px4_msgs) StdoutLine: {'line': b'-- Installing: /home/mcfb/ros2_ws/install/px4_msgs/include/px4_msgs/px4_msgs/msg/detail/vehicle_optical_flow_vel__type_support.c\n'}
[1.466269] (px4_msgs) StdoutLine: {'line': b'-- Up-to-date: /home/mcfb/ros2_ws/install/px4_msgs/include/px4_msgs/px4_msgs/msg/detail/actuator_motors__rosidl_typesupport_introspection_c.h\n'}
[1.466305] (px4_msgs) StdoutLine: {'line': b'-- Up-to-date: /home/mcfb/ros2_ws/install/px4_msgs/include/px4_msgs/px4_msgs/msg/detail/qshell_retval__rosidl_typesupport_introspection_c.h\n'}
[1.466342] (px4_msgs) StdoutLine: {'line': b'-- Installing: /home/mcfb/ros2_ws/install/px4_msgs/include/px4_msgs/px4_msgs/msg/detail/actuator_armed__type_support.c\n'}
[1.466384] (px4_msgs) StdoutLine: {'line': b'-- Up-to-date: /home/mcfb/ros2_ws/install/px4_msgs/include/px4_msgs/px4_msgs/msg/detail/rover_speed_setpoint__rosidl_typesupport_introspection_c.h\n'}
[1.466424] (px4_msgs) StdoutLine: {'line': b'-- Installing: /home/mcfb/ros2_ws/install/px4_msgs/include/px4_msgs/px4_msgs/msg/detail/trajectory_setpoint__type_support.c\n'}
[1.466464] (px4_msgs) StdoutLine: {'line': b'-- Installing: /home/mcfb/ros2_ws/install/px4_msgs/include/px4_msgs/px4_msgs/msg/detail/follow_target_estimator__type_support.c\n'}
[1.466507] (px4_msgs) StdoutLine: {'line': b'-- Up-to-date: /home/mcfb/ros2_ws/install/px4_msgs/include/px4_msgs/px4_msgs/msg/detail/trajectory_setpoint6dof__rosidl_typesupport_introspection_c.h\n'}
[1.466547] (px4_msgs) StdoutLine: {'line': b'-- Up-to-date: /home/mcfb/ros2_ws/install/px4_msgs/include/px4_msgs/px4_msgs/msg/detail/pure_pursuit_status__rosidl_typesupport_introspection_c.h\n'}
[1.466588] (px4_msgs) StdoutLine: {'line': b'-- Installing: /home/mcfb/ros2_ws/install/px4_msgs/include/px4_msgs/px4_msgs/msg/detail/sensor_uwb__type_support.c\n'}
[1.466656] (px4_msgs) StdoutLine: {'line': b'-- Up-to-date: /home/mcfb/ros2_ws/install/px4_msgs/include/px4_msgs/px4_msgs/msg/detail/sensor_airflow__rosidl_typesupport_introspection_c.h\n'}
[1.466708] (px4_msgs) StdoutLine: {'line': b'-- Up-to-date: /home/mcfb/ros2_ws/install/px4_msgs/include/px4_msgs/px4_msgs/msg/detail/sensor_baro__rosidl_typesupport_introspection_c.h\n'}
[1.466769] (px4_msgs) StdoutLine: {'line': b'-- Up-to-date: /home/mcfb/ros2_ws/install/px4_msgs/include/px4_msgs/px4_msgs/msg/detail/tecs_status__rosidl_typesupport_introspection_c.h\n'}
[1.466870] (px4_msgs) StdoutLine: {'line': b'-- Up-to-date: /home/mcfb/ros2_ws/install/px4_msgs/include/px4_msgs/px4_msgs/msg/detail/airspeed_wind__rosidl_typesupport_introspection_c.h\n'}
[1.466922] (px4_msgs) StdoutLine: {'line': b'-- Installing: /home/mcfb/ros2_ws/install/px4_msgs/include/px4_msgs/px4_msgs/msg/detail/ping__type_support.c\n'}
[1.466969] (px4_msgs) StdoutLine: {'line': b'-- Up-to-date: /home/mcfb/ros2_ws/install/px4_msgs/include/px4_msgs/px4_msgs/msg/detail/gripper__rosidl_typesupport_introspection_c.h\n'}
[1.467043] (px4_msgs) StdoutLine: {'line': b'-- Up-to-date: /home/mcfb/ros2_ws/install/px4_msgs/include/px4_msgs/px4_msgs/msg/detail/gpio_out__rosidl_typesupport_introspection_c.h\n'}
[1.467098] (px4_msgs) StdoutLine: {'line': b'-- Up-to-date: /home/mcfb/ros2_ws/install/px4_msgs/include/px4_msgs/px4_msgs/msg/detail/estimator_selector_status__rosidl_typesupport_introspection_c.h\n'}
[1.467168] (px4_msgs) StdoutLine: {'line': b'-- Up-to-date: /home/mcfb/ros2_ws/install/px4_msgs/include/px4_msgs/px4_msgs/msg/detail/rover_steering_setpoint__rosidl_typesupport_introspection_c.h\n'}
[1.467208] (px4_msgs) StdoutLine: {'line': b'-- Up-to-date: /home/mcfb/ros2_ws/install/px4_msgs/include/px4_msgs/px4_msgs/msg/detail/sensor_gyro_fft__rosidl_typesupport_introspection_c.h\n'}
[1.467249] (px4_msgs) StdoutLine: {'line': b'-- Up-to-date: /home/mcfb/ros2_ws/install/px4_msgs/include/px4_msgs/px4_msgs/msg/detail/wind__rosidl_typesupport_introspection_c.h\n'}
[1.467321] (px4_msgs) StdoutLine: {'line': b'-- Up-to-date: /home/mcfb/ros2_ws/install/px4_msgs/include/px4_msgs/px4_msgs/msg/detail/wheel_encoders__rosidl_typesupport_introspection_c.h\n'}
[1.467362] (px4_msgs) StdoutLine: {'line': b'-- Up-to-date: /home/mcfb/ros2_ws/install/px4_msgs/include/px4_msgs/px4_msgs/msg/detail/goto_setpoint__rosidl_typesupport_introspection_c.h\n'}
[1.467401] (px4_msgs) StdoutLine: {'line': b'-- Installing: /home/mcfb/ros2_ws/install/px4_msgs/include/px4_msgs/px4_msgs/msg/detail/rover_rate_setpoint__type_support.c\n'}
[1.467450] (px4_msgs) StdoutLine: {'line': b'-- Installing: /home/mcfb/ros2_ws/install/px4_msgs/include/px4_msgs/px4_msgs/msg/detail/mode_completed__type_support.c\n'}
[1.467496] (px4_msgs) StdoutLine: {'line': b'-- Installing: /home/mcfb/ros2_ws/install/px4_msgs/include/px4_msgs/px4_msgs/msg/detail/vehicle_local_position__type_support.c\n'}
[1.467556] (px4_msgs) StdoutLine: {'line': b'-- Installing: /home/mcfb/ros2_ws/install/px4_msgs/include/px4_msgs/px4_msgs/msg/detail/cpuload__type_support.c\n'}
[1.467615] (px4_msgs) StdoutLine: {'line': b'-- Installing: /home/mcfb/ros2_ws/install/px4_msgs/include/px4_msgs/px4_msgs/msg/detail/vehicle_attitude__type_support.c\n'}
[1.467690] (px4_msgs) StdoutLine: {'line': b'-- Up-to-date: /home/mcfb/ros2_ws/install/px4_msgs/include/px4_msgs/px4_msgs/msg/detail/sensor_gyro_fifo__rosidl_typesupport_introspection_c.h\n'}
[1.467752] (px4_msgs) StdoutLine: {'line': b'-- Up-to-date: /home/mcfb/ros2_ws/install/px4_msgs/include/px4_msgs/px4_msgs/msg/detail/register_ext_component_request__rosidl_typesupport_introspection_c.h\n'}
[1.467865] (px4_msgs) StdoutLine: {'line': b'-- Installing: /home/mcfb/ros2_ws/install/px4_msgs/include/px4_msgs/px4_msgs/msg/detail/gps_dump__type_support.c\n'}
[1.467913] (px4_msgs) StdoutLine: {'line': b'-- Installing: /home/mcfb/ros2_ws/install/px4_msgs/include/px4_msgs/px4_msgs/msg/detail/sensor_gps__type_support.c\n'}
[1.467952] (px4_msgs) StdoutLine: {'line': b'-- Up-to-date: /home/mcfb/ros2_ws/install/px4_msgs/include/px4_msgs/px4_msgs/msg/detail/tune_control__rosidl_typesupport_introspection_c.h\n'}
[1.468013] (px4_msgs) StdoutLine: {'line': b'-- Up-to-date: /home/mcfb/ros2_ws/install/px4_msgs/include/px4_msgs/px4_msgs/msg/detail/sensor_gyro__rosidl_typesupport_introspection_c.h\n'}
[1.468058] (px4_msgs) StdoutLine: {'line': b'-- Installing: /home/mcfb/ros2_ws/install/px4_msgs/include/px4_msgs/px4_msgs/msg/detail/sensors_status_imu__type_support.c\n'}
[1.468098] (px4_msgs) StdoutLine: {'line': b'-- Installing: /home/mcfb/ros2_ws/install/px4_msgs/include/px4_msgs/px4_msgs/msg/detail/sensor_selection__type_support.c\n'}
[1.468136] (px4_msgs) StdoutLine: {'line': b'-- Installing: /home/mcfb/ros2_ws/install/px4_msgs/include/px4_msgs/px4_msgs/msg/detail/rover_attitude_setpoint__type_support.c\n'}
[1.468180] (px4_msgs) StdoutLine: {'line': b'-- Installing: /home/mcfb/ros2_ws/install/px4_msgs/include/px4_msgs/px4_msgs/msg/detail/estimator_status_flags__type_support.c\n'}
[1.468241] (px4_msgs) StdoutLine: {'line': b'-- Installing: /home/mcfb/ros2_ws/install/px4_msgs/include/px4_msgs/px4_msgs/msg/detail/gpio_config__type_support.c\n'}
[1.468299] (px4_msgs) StdoutLine: {'line': b'-- Up-to-date: /home/mcfb/ros2_ws/install/px4_msgs/include/px4_msgs/px4_msgs/msg/detail/open_drone_id_operator_id__rosidl_typesupport_introspection_c.h\n'}
[1.468359] (px4_msgs) StdoutLine: {'line': b'-- Up-to-date: /home/mcfb/ros2_ws/install/px4_msgs/include/px4_msgs/px4_msgs/msg/detail/sensor_preflight_mag__rosidl_typesupport_introspection_c.h\n'}
[1.468437] (px4_msgs) StdoutLine: {'line': b'-- Installing: /home/mcfb/ros2_ws/install/px4_msgs/include/px4_msgs/px4_msgs/msg/detail/debug_key_value__type_support.c\n'}
[1.468480] (px4_msgs) StdoutLine: {'line': b'-- Installing: /home/mcfb/ros2_ws/install/px4_msgs/include/px4_msgs/px4_msgs/msg/detail/power_button_state__type_support.c\n'}
[1.468530] (px4_msgs) StdoutLine: {'line': b'-- Up-to-date: /home/mcfb/ros2_ws/install/px4_msgs/include/px4_msgs/px4_msgs/msg/detail/debug_vect__rosidl_typesupport_introspection_c.h\n'}
[1.468579] (px4_msgs) StdoutLine: {'line': b'-- Up-to-date: /home/mcfb/ros2_ws/install/px4_msgs/include/px4_msgs/px4_msgs/msg/detail/sensor_combined__rosidl_typesupport_introspection_c.h\n'}
[1.469003] (px4_msgs) StdoutLine: {'line': b'-- Up-to-date: /home/mcfb/ros2_ws/install/px4_msgs/include/px4_msgs/px4_msgs/msg/detail/position_controller_status__rosidl_typesupport_introspection_c.h\n'}
[1.469141] (px4_msgs) StdoutLine: {'line': b'-- Installing: /home/mcfb/ros2_ws/install/px4_msgs/include/px4_msgs/px4_msgs/msg/detail/sensor_accel__type_support.c\n'}
[1.469204] (px4_msgs) StdoutLine: {'line': b'-- Up-to-date: /home/mcfb/ros2_ws/install/px4_msgs/include/px4_msgs/px4_msgs/msg/detail/gps_dump__rosidl_typesupport_introspection_c.h\n'}
[1.469278] (px4_msgs) StdoutLine: {'line': b'-- Installing: /home/mcfb/ros2_ws/install/px4_msgs/include/px4_msgs/px4_msgs/msg/detail/button_event__type_support.c\n'}
[1.469352] (px4_msgs) StdoutLine: {'line': b'-- Up-to-date: /home/mcfb/ros2_ws/install/px4_msgs/include/px4_msgs/px4_msgs/msg/detail/input_rc__rosidl_typesupport_introspection_c.h\n'}
[1.469410] (px4_msgs) StdoutLine: {'line': b'-- Installing: /home/mcfb/ros2_ws/install/px4_msgs/include/px4_msgs/px4_msgs/msg/detail/wheel_encoders__type_support.c\n'}
[1.469488] (px4_msgs) StdoutLine: {'line': b'-- Installing: /home/mcfb/ros2_ws/install/px4_msgs/include/px4_msgs/px4_msgs/msg/detail/collision_constraints__type_support.c\n'}
[1.469540] (px4_msgs) StdoutLine: {'line': b'-- Installing: /home/mcfb/ros2_ws/install/px4_msgs/include/px4_msgs/px4_msgs/msg/detail/orb_test_medium__type_support.c\n'}
[1.469595] (px4_msgs) StdoutLine: {'line': b'-- Installing: /home/mcfb/ros2_ws/install/px4_msgs/include/px4_msgs/px4_msgs/msg/detail/sensor_correction__type_support.c\n'}
[1.469645] (px4_msgs) StdoutLine: {'line': b'-- Up-to-date: /home/mcfb/ros2_ws/install/px4_msgs/include/px4_msgs/px4_msgs/msg/detail/parameter_reset_request__rosidl_typesupport_introspection_c.h\n'}
[1.469700] (px4_msgs) StdoutLine: {'line': b'-- Up-to-date: /home/mcfb/ros2_ws/install/px4_msgs/include/px4_msgs/px4_msgs/msg/detail/sensor_gnss_status__rosidl_typesupport_introspection_c.h\n'}
[1.469773] (px4_msgs) StdoutLine: {'line': b'-- Up-to-date: /home/mcfb/ros2_ws/install/px4_msgs/include/px4_msgs/px4_msgs/msg/detail/sensor_gps__rosidl_typesupport_introspection_c.h\n'}
[1.469910] (px4_msgs) StdoutLine: {'line': b'-- Up-to-date: /home/mcfb/ros2_ws/install/px4_msgs/include/px4_msgs/px4_msgs/msg/detail/vehicle_local_position__rosidl_typesupport_introspection_c.h\n'}
[1.469994] (px4_msgs) StdoutLine: {'line': b'-- Installing: /home/mcfb/ros2_ws/install/px4_msgs/include/px4_msgs/px4_msgs/msg/detail/navigator_mission_item__type_support.c\n'}
[1.470135] (px4_msgs) StdoutLine: {'line': b'-- Up-to-date: /home/mcfb/ros2_ws/install/px4_msgs/include/px4_msgs/px4_msgs/msg/detail/hover_thrust_estimate__rosidl_typesupport_introspection_c.h\n'}
[1.470209] (px4_msgs) StdoutLine: {'line': b'-- Installing: /home/mcfb/ros2_ws/install/px4_msgs/include/px4_msgs/px4_msgs/msg/detail/vehicle_land_detected__type_support.c\n'}
[1.470268] (px4_msgs) StdoutLine: {'line': b'-- Up-to-date: /home/mcfb/ros2_ws/install/px4_msgs/include/px4_msgs/px4_msgs/msg/detail/estimator_aid_source3d__rosidl_typesupport_introspection_c.h\n'}
[1.470347] (px4_msgs) StdoutLine: {'line': b'-- Installing: /home/mcfb/ros2_ws/install/px4_msgs/include/px4_msgs/px4_msgs/msg/detail/vehicle_angular_velocity__type_support.c\n'}
[1.470436] (px4_msgs) StdoutLine: {'line': b'-- Installing: /home/mcfb/ros2_ws/install/px4_msgs/include/px4_msgs/px4_msgs/msg/detail/rate_ctrl_status__type_support.c\n'}
[1.470487] (px4_msgs) StdoutLine: {'line': b'-- Up-to-date: /home/mcfb/ros2_ws/install/px4_msgs/include/px4_msgs/px4_msgs/msg/detail/unregister_ext_component__rosidl_typesupport_introspection_c.h\n'}
[1.470538] (px4_msgs) StdoutLine: {'line': b'-- Installing: /home/mcfb/ros2_ws/install/px4_msgs/include/px4_msgs/px4_msgs/msg/detail/gimbal_device_set_attitude__type_support.c\n'}
[1.470591] (px4_msgs) StdoutLine: {'line': b'-- Up-to-date: /home/mcfb/ros2_ws/install/px4_msgs/include/px4_msgs/px4_msgs/msg/detail/rtl_status__rosidl_typesupport_introspection_c.h\n'}
[1.470644] (px4_msgs) StdoutLine: {'line': b'-- Up-to-date: /home/mcfb/ros2_ws/install/px4_msgs/include/px4_msgs/px4_msgs/msg/detail/fixed_wing_runway_control__rosidl_typesupport_introspection_c.h\n'}
[1.470716] (px4_msgs) StdoutLine: {'line': b'-- Up-to-date: /home/mcfb/ros2_ws/install/px4_msgs/include/px4_msgs/px4_msgs/msg/detail/sensor_uwb__rosidl_typesupport_introspection_c.h\n'}
[1.470775] (px4_msgs) StdoutLine: {'line': b'-- Up-to-date: /home/mcfb/ros2_ws/install/px4_msgs/include/px4_msgs/px4_msgs/msg/detail/orb_test__rosidl_typesupport_introspection_c.h\n'}
[1.470833] (px4_msgs) StdoutLine: {'line': b'-- Up-to-date: /home/mcfb/ros2_ws/install/px4_msgs/include/px4_msgs/px4_msgs/msg/detail/gimbal_device_information__rosidl_typesupport_introspection_c.h\n'}
[1.470885] (px4_msgs) StdoutLine: {'line': b'-- Up-to-date: /home/mcfb/ros2_ws/install/px4_msgs/include/px4_msgs/px4_msgs/msg/detail/actuator_test__rosidl_typesupport_introspection_c.h\n'}
[1.470936] (px4_msgs) StdoutLine: {'line': b'-- Installing: /home/mcfb/ros2_ws/install/px4_msgs/include/px4_msgs/px4_msgs/msg/detail/obstacle_distance__type_support.c\n'}
[1.470987] (px4_msgs) StdoutLine: {'line': b'-- Installing: /home/mcfb/ros2_ws/install/px4_msgs/include/px4_msgs/px4_msgs/msg/detail/uavcan_parameter_value__type_support.c\n'}
[1.471061] (px4_msgs) StdoutLine: {'line': b'-- Installing: /home/mcfb/ros2_ws/install/px4_msgs/include/px4_msgs/px4_msgs/msg/detail/internal_combustion_engine_control__type_support.c\n'}
[1.471107] (px4_msgs) StdoutLine: {'line': b'-- Up-to-date: /home/mcfb/ros2_ws/install/px4_msgs/include/px4_msgs/px4_msgs/msg/detail/uavcan_parameter_value__rosidl_typesupport_introspection_c.h\n'}
[1.471151] (px4_msgs) StdoutLine: {'line': b'-- Installing: /home/mcfb/ros2_ws/install/px4_msgs/include/px4_msgs/px4_msgs/msg/detail/battery_status__type_support.c\n'}
[1.471198] (px4_msgs) StdoutLine: {'line': b'-- Installing: /home/mcfb/ros2_ws/install/px4_msgs/include/px4_msgs/px4_msgs/msg/detail/estimator_aid_source3d__type_support.c\n'}
[1.471245] (px4_msgs) StdoutLine: {'line': b'-- Installing: /home/mcfb/ros2_ws/install/px4_msgs/include/px4_msgs/px4_msgs/msg/detail/unregister_ext_component__type_support.c\n'}
[1.471294] (px4_msgs) StdoutLine: {'line': b'-- Installing: /home/mcfb/ros2_ws/install/px4_msgs/include/px4_msgs/px4_msgs/msg/detail/open_drone_id_self_id__type_support.c\n'}
[1.471358] (px4_msgs) StdoutLine: {'line': b'-- Up-to-date: /home/mcfb/ros2_ws/install/px4_msgs/include/px4_msgs/px4_msgs/msg/detail/distance_sensor_mode_change_request__rosidl_typesupport_introspection_c.h\n'}
[1.471417] (px4_msgs) StdoutLine: {'line': b'-- Installing: /home/mcfb/ros2_ws/install/px4_msgs/include/px4_msgs/px4_msgs/msg/detail/sensor_gyro__type_support.c\n'}
[1.471467] (px4_msgs) StdoutLine: {'line': b'-- Installing: /home/mcfb/ros2_ws/install/px4_msgs/include/px4_msgs/px4_msgs/msg/detail/message_format_request__type_support.c\n'}
[1.471517] (px4_msgs) StdoutLine: {'line': b'-- Installing: /home/mcfb/ros2_ws/install/px4_msgs/include/px4_msgs/px4_msgs/msg/detail/parameter_update__type_support.c\n'}
[1.471597] (px4_msgs) StdoutLine: {'line': b'-- Up-to-date: /home/mcfb/ros2_ws/install/px4_msgs/include/px4_msgs/px4_msgs/msg/detail/sensor_selection__rosidl_typesupport_introspection_c.h\n'}
[1.471645] (px4_msgs) StdoutLine: {'line': b'-- Up-to-date: /home/mcfb/ros2_ws/install/px4_msgs/include/px4_msgs/px4_msgs/msg/detail/telemetry_status__rosidl_typesupport_introspection_c.h\n'}
[1.471694] (px4_msgs) StdoutLine: {'line': b'-- Installing: /home/mcfb/ros2_ws/install/px4_msgs/include/px4_msgs/px4_msgs/msg/detail/system_power__type_support.c\n'}
[1.471741] (px4_msgs) StdoutLine: {'line': b'-- Installing: /home/mcfb/ros2_ws/install/px4_msgs/include/px4_msgs/px4_msgs/msg/detail/estimator_gps_status__type_support.c\n'}
[1.471802] (px4_msgs) StdoutLine: {'line': b'-- Up-to-date: /home/mcfb/ros2_ws/install/px4_msgs/include/px4_msgs/px4_msgs/msg/detail/tiltrotor_extra_controls__rosidl_typesupport_introspection_c.h\n'}
[1.471871] (px4_msgs) StdoutLine: {'line': b'-- Installing: /home/mcfb/ros2_ws/install/px4_msgs/include/px4_msgs/px4_msgs/msg/detail/iridiumsbd_status__type_support.c\n'}
[1.471924] (px4_msgs) StdoutLine: {'line': b'-- Installing: /home/mcfb/ros2_ws/install/px4_msgs/include/px4_msgs/px4_msgs/msg/detail/mag_worker_data__type_support.c\n'}
[1.471991] (px4_msgs) StdoutLine: {'line': b'-- Up-to-date: /home/mcfb/ros2_ws/install/px4_msgs/include/px4_msgs/px4_msgs/msg/detail/can_interface_status__rosidl_typesupport_introspection_c.h\n'}
[1.472041] (px4_msgs) StdoutLine: {'line': b'-- Up-to-date: /home/mcfb/ros2_ws/install/px4_msgs/include/px4_msgs/px4_msgs/msg/detail/estimator_bias3d__rosidl_typesupport_introspection_c.h\n'}
[1.472089] (px4_msgs) StdoutLine: {'line': b'-- Installing: /home/mcfb/ros2_ws/install/px4_msgs/include/px4_msgs/px4_msgs/msg/detail/irlock_report__type_support.c\n'}
[1.472141] (px4_msgs) StdoutLine: {'line': b'-- Up-to-date: /home/mcfb/ros2_ws/install/px4_msgs/include/px4_msgs/px4_msgs/msg/detail/actuator_servos__rosidl_typesupport_introspection_c.h\n'}
[1.472212] (px4_msgs) StdoutLine: {'line': b'-- Up-to-date: /home/mcfb/ros2_ws/install/px4_msgs/include/px4_msgs/px4_msgs/msg/detail/estimator_sensor_bias__rosidl_typesupport_introspection_c.h\n'}
[1.472272] (px4_msgs) StdoutLine: {'line': b'-- Installing: /home/mcfb/ros2_ws/install/px4_msgs/include/px4_msgs/px4_msgs/msg/detail/generator_status__type_support.c\n'}
[1.472351] (px4_msgs) StdoutLine: {'line': b'-- Installing: /home/mcfb/ros2_ws/install/px4_msgs/include/px4_msgs/px4_msgs/msg/detail/ekf2_timestamps__type_support.c\n'}
[1.472421] (px4_msgs) StdoutLine: {'line': b'-- Up-to-date: /home/mcfb/ros2_ws/install/px4_msgs/include/px4_msgs/px4_msgs/msg/detail/manual_control_switches__rosidl_typesupport_introspection_c.h\n'}
[1.472513] (px4_msgs) StdoutLine: {'line': b'-- Up-to-date: /home/mcfb/ros2_ws/install/px4_msgs/include/px4_msgs/px4_msgs/msg/detail/power_button_state__rosidl_typesupport_introspection_c.h\n'}
[1.472561] (px4_msgs) StdoutLine: {'line': b'-- Installing: /home/mcfb/ros2_ws/install/px4_msgs/include/px4_msgs/px4_msgs/msg/detail/mission__type_support.c\n'}
[1.472608] (px4_msgs) StdoutLine: {'line': b'-- Installing: /home/mcfb/ros2_ws/install/px4_msgs/include/px4_msgs/px4_msgs/msg/detail/camera_trigger__type_support.c\n'}
[1.472655] (px4_msgs) StdoutLine: {'line': b'-- Installing: /home/mcfb/ros2_ws/install/px4_msgs/include/px4_msgs/px4_msgs/msg/detail/parameter_set_used_request__type_support.c\n'}
[1.472703] (px4_msgs) StdoutLine: {'line': b'-- Installing: /home/mcfb/ros2_ws/install/px4_msgs/include/px4_msgs/px4_msgs/msg/detail/goto_setpoint__type_support.c\n'}
[1.472748] (px4_msgs) StdoutLine: {'line': b'-- Installing: /home/mcfb/ros2_ws/install/px4_msgs/include/px4_msgs/px4_msgs/msg/detail/sensor_combined__type_support.c\n'}
[1.472792] (px4_msgs) StdoutLine: {'line': b'-- Installing: /home/mcfb/ros2_ws/install/px4_msgs/include/px4_msgs/px4_msgs/msg/detail/control_allocator_status__type_support.c\n'}
[1.472870] (px4_msgs) StdoutLine: {'line': b'-- Installing: /home/mcfb/ros2_ws/install/px4_msgs/include/px4_msgs/px4_msgs/msg/detail/dronecan_node_status__type_support.c\n'}
[1.472914] (px4_msgs) StdoutLine: {'line': b'-- Up-to-date: /home/mcfb/ros2_ws/install/px4_msgs/include/px4_msgs/px4_msgs/msg/detail/camera_trigger__rosidl_typesupport_introspection_c.h\n'}
[1.472962] (px4_msgs) StdoutLine: {'line': b'-- Installing: /home/mcfb/ros2_ws/install/px4_msgs/include/px4_msgs/px4_msgs/msg/detail/rover_speed_setpoint__type_support.c\n'}
[1.473007] (px4_msgs) StdoutLine: {'line': b'-- Installing: /home/mcfb/ros2_ws/install/px4_msgs/include/px4_msgs/px4_msgs/msg/detail/figure_eight_status__type_support.c\n'}
[1.473055] (px4_msgs) StdoutLine: {'line': b'-- Up-to-date: /home/mcfb/ros2_ws/install/px4_msgs/include/px4_msgs/px4_msgs/msg/detail/gimbal_manager_status__rosidl_typesupport_introspection_c.h\n'}
[1.473104] (px4_msgs) StdoutLine: {'line': b'-- Installing: /home/mcfb/ros2_ws/install/px4_msgs/include/px4_msgs/px4_msgs/msg/detail/magnetometer_bias_estimate__type_support.c\n'}
[1.473158] (px4_msgs) StdoutLine: {'line': b'-- Installing: /home/mcfb/ros2_ws/install/px4_msgs/include/px4_msgs/px4_msgs/msg/detail/rover_rate_status__type_support.c\n'}
[1.473232] (px4_msgs) StdoutLine: {'line': b'-- Up-to-date: /home/mcfb/ros2_ws/install/px4_msgs/include/px4_msgs/px4_msgs/msg/detail/actuator_controls_status__rosidl_typesupport_introspection_c.h\n'}
[1.473279] (px4_msgs) StdoutLine: {'line': b'-- Up-to-date: /home/mcfb/ros2_ws/install/px4_msgs/include/px4_msgs/px4_msgs/msg/detail/actuator_servos_trim__rosidl_typesupport_introspection_c.h\n'}
[1.473327] (px4_msgs) StdoutLine: {'line': b'-- Up-to-date: /home/mcfb/ros2_ws/install/px4_msgs/include/px4_msgs/px4_msgs/msg/detail/navigator_status__rosidl_typesupport_introspection_c.h\n'}
[1.473372] (px4_msgs) StdoutLine: {'line': b'-- Installing: /home/mcfb/ros2_ws/install/px4_msgs/include/px4_msgs/px4_msgs/msg/detail/landing_target_innovations__type_support.c\n'}
[1.473419] (px4_msgs) StdoutLine: {'line': b'-- Installing: /home/mcfb/ros2_ws/install/px4_msgs/include/px4_msgs/px4_msgs/msg/detail/actuator_servos_trim__type_support.c\n'}
[1.473480] (px4_msgs) StdoutLine: {'line': b'-- Installing: /home/mcfb/ros2_ws/install/px4_msgs/include/px4_msgs/px4_msgs/msg/detail/qshell_req__type_support.c\n'}
[1.473525] (px4_msgs) StdoutLine: {'line': b'-- Installing: /home/mcfb/ros2_ws/install/px4_msgs/include/px4_msgs/px4_msgs/msg/detail/mount_orientation__type_support.c\n'}
[1.473584] (px4_msgs) StdoutLine: {'line': b'-- Up-to-date: /home/mcfb/ros2_ws/install/px4_msgs/include/px4_msgs/px4_msgs/msg/detail/vehicle_torque_setpoint__rosidl_typesupport_introspection_c.h\n'}
[1.473643] (px4_msgs) StdoutLine: {'line': b'-- Up-to-date: /home/mcfb/ros2_ws/install/px4_msgs/include/px4_msgs/px4_msgs/msg/detail/debug_array__rosidl_typesupport_introspection_c.h\n'}
[1.473691] (px4_msgs) StdoutLine: {'line': b'-- Installing: /home/mcfb/ros2_ws/install/px4_msgs/include/px4_msgs/px4_msgs/msg/detail/autotune_attitude_control_status__type_support.c\n'}
[1.473739] (px4_msgs) StdoutLine: {'line': b'-- Up-to-date: /home/mcfb/ros2_ws/install/px4_msgs/include/px4_msgs/px4_msgs/msg/detail/gpio_config__rosidl_typesupport_introspection_c.h\n'}
[1.473785] (px4_msgs) StdoutLine: {'line': b'-- Up-to-date: /home/mcfb/ros2_ws/install/px4_msgs/include/px4_msgs/px4_msgs/msg/detail/vehicle_attitude_setpoint__rosidl_typesupport_introspection_c.h\n'}
[1.473853] (px4_msgs) StdoutLine: {'line': b'-- Installing: /home/mcfb/ros2_ws/install/px4_msgs/include/px4_msgs/px4_msgs/msg/detail/tiltrotor_extra_controls__type_support.c\n'}
[1.473898] (px4_msgs) StdoutLine: {'line': b'-- Up-to-date: /home/mcfb/ros2_ws/install/px4_msgs/include/px4_msgs/px4_msgs/msg/detail/gimbal_device_set_attitude__rosidl_typesupport_introspection_c.h\n'}
[1.473949] (px4_msgs) StdoutLine: {'line': b'-- Up-to-date: /home/mcfb/ros2_ws/install/px4_msgs/include/px4_msgs/px4_msgs/msg/detail/parameter_set_used_request__rosidl_typesupport_introspection_c.h\n'}
[1.473994] (px4_msgs) StdoutLine: {'line': b'-- Up-to-date: /home/mcfb/ros2_ws/install/px4_msgs/include/px4_msgs/px4_msgs/msg/detail/rc_parameter_map__rosidl_typesupport_introspection_c.h\n'}
[1.474041] (px4_msgs) StdoutLine: {'line': b'-- Installing: /home/mcfb/ros2_ws/install/px4_msgs/include/px4_msgs/px4_msgs/msg/detail/gpio_in__type_support.c\n'}
[1.474091] (px4_msgs) StdoutLine: {'line': b'-- Up-to-date: /home/mcfb/ros2_ws/install/px4_msgs/include/px4_msgs/px4_msgs/msg/detail/debug_key_value__rosidl_typesupport_introspection_c.h\n'}
[1.474160] (px4_msgs) StdoutLine: {'line': b'-- Installing: /home/mcfb/ros2_ws/install/px4_msgs/include/px4_msgs/px4_msgs/msg/detail/actuator_motors__type_support.c\n'}
[1.474206] (px4_msgs) StdoutLine: {'line': b'-- Installing: /home/mcfb/ros2_ws/install/px4_msgs/include/px4_msgs/px4_msgs/msg/detail/arming_check_reply__type_support.c\n'}
[1.474252] (px4_msgs) StdoutLine: {'line': b'-- Up-to-date: /home/mcfb/ros2_ws/install/px4_msgs/include/px4_msgs/px4_msgs/msg/detail/estimator_aid_source1d__rosidl_typesupport_introspection_c.h\n'}
[1.474301] (px4_msgs) StdoutLine: {'line': b'-- Installing: /home/mcfb/ros2_ws/install/px4_msgs/include/px4_msgs/px4_msgs/msg/detail/open_drone_id_operator_id__type_support.c\n'}
[1.474349] (px4_msgs) StdoutLine: {'line': b'-- Up-to-date: /home/mcfb/ros2_ws/install/px4_msgs/include/px4_msgs/px4_msgs/msg/detail/pwm_input__rosidl_typesupport_introspection_c.h\n'}
[1.474404] (px4_msgs) StdoutLine: {'line': b'-- Installing: /home/mcfb/ros2_ws/install/px4_msgs/include/px4_msgs/px4_msgs/msg/detail/dataman_response__type_support.c\n'}
[1.474455] (px4_msgs) StdoutLine: {'line': b'-- Up-to-date: /home/mcfb/ros2_ws/install/px4_msgs/include/px4_msgs/px4_msgs/msg/detail/qshell_req__rosidl_typesupport_introspection_c.h\n'}
[1.474504] (px4_msgs) StdoutLine: {'line': b'-- Installing: /home/mcfb/ros2_ws/install/px4_msgs/include/px4_msgs/px4_msgs/msg/detail/takeoff_status__type_support.c\n'}
[1.474555] (px4_msgs) StdoutLine: {'line': b'-- Installing: /home/mcfb/ros2_ws/install/px4_msgs/include/px4_msgs/px4_msgs/msg/detail/gpio_out__type_support.c\n'}
[1.474608] (px4_msgs) StdoutLine: {'line': b'-- Installing: /home/mcfb/ros2_ws/install/px4_msgs/include/px4_msgs/px4_msgs/msg/detail/vehicle_command_ack__type_support.c\n'}
[1.474657] (px4_msgs) StdoutLine: {'line': b'-- Up-to-date: /home/mcfb/ros2_ws/install/px4_msgs/include/px4_msgs/px4_msgs/msg/detail/vtol_vehicle_status__rosidl_typesupport_introspection_c.h\n'}
[1.474723] (px4_msgs) StdoutLine: {'line': b'-- Up-to-date: /home/mcfb/ros2_ws/install/px4_msgs/include/px4_msgs/px4_msgs/msg/detail/actuator_outputs__rosidl_typesupport_introspection_c.h\n'}
[1.474772] (px4_msgs) StdoutLine: {'line': b'-- Up-to-date: /home/mcfb/ros2_ws/install/px4_msgs/include/px4_msgs/px4_msgs/msg/detail/open_drone_id_self_id__rosidl_typesupport_introspection_c.h\n'}
[1.474816] (px4_msgs) StdoutLine: {'line': b'-- Up-to-date: /home/mcfb/ros2_ws/install/px4_msgs/include/px4_msgs/px4_msgs/msg/detail/rtl_time_estimate__rosidl_typesupport_introspection_c.h\n'}
[1.474869] (px4_msgs) StdoutLine: {'line': b'-- Up-to-date: /home/mcfb/ros2_ws/install/px4_msgs/include/px4_msgs/px4_msgs/msg/detail/failure_detector_status__rosidl_typesupport_introspection_c.h\n'}
[1.474917] (px4_msgs) StdoutLine: {'line': b'-- Installing: /home/mcfb/ros2_ws/install/px4_msgs/include/px4_msgs/px4_msgs/msg/detail/actuator_controls_status__type_support.c\n'}
[1.474964] (px4_msgs) StdoutLine: {'line': b'-- Up-to-date: /home/mcfb/ros2_ws/install/px4_msgs/include/px4_msgs/px4_msgs/msg/detail/failsafe_flags__rosidl_typesupport_introspection_c.h\n'}
[1.475012] (px4_msgs) StdoutLine: {'line': b'-- Installing: /home/mcfb/ros2_ws/install/px4_msgs/include/px4_msgs/px4_msgs/msg/detail/navigator_status__type_support.c\n'}
[1.475061] (px4_msgs) StdoutLine: {'line': b'-- Up-to-date: /home/mcfb/ros2_ws/install/px4_msgs/include/px4_msgs/px4_msgs/msg/detail/landing_gear__rosidl_typesupport_introspection_c.h\n'}
[1.475108] (px4_msgs) StdoutLine: {'line': b'-- Up-to-date: /home/mcfb/ros2_ws/install/px4_msgs/include/px4_msgs/px4_msgs/msg/detail/vehicle_status__rosidl_typesupport_introspection_c.h\n'}
[1.475156] (px4_msgs) StdoutLine: {'line': b'-- Up-to-date: /home/mcfb/ros2_ws/install/px4_msgs/include/px4_msgs/px4_msgs/msg/detail/sensor_accel__rosidl_typesupport_introspection_c.h\n'}
[1.475205] (px4_msgs) StdoutLine: {'line': b'-- Up-to-date: /home/mcfb/ros2_ws/install/px4_msgs/include/px4_msgs/px4_msgs/msg/detail/arming_check_request__rosidl_typesupport_introspection_c.h\n'}
[1.475267] (px4_msgs) StdoutLine: {'line': b'-- Up-to-date: /home/mcfb/ros2_ws/install/px4_msgs/include/px4_msgs/px4_msgs/msg/detail/estimator_event_flags__rosidl_typesupport_introspection_c.h\n'}
[1.475319] (px4_msgs) StdoutLine: {'line': b'-- Installing: /home/mcfb/ros2_ws/install/px4_msgs/include/px4_msgs/px4_msgs/msg/detail/arming_check_request__type_support.c\n'}
[1.475368] (px4_msgs) StdoutLine: {'line': b'-- Installing: /home/mcfb/ros2_ws/install/px4_msgs/include/px4_msgs/px4_msgs/msg/detail/gimbal_device_attitude_status__type_support.c\n'}
[1.475416] (px4_msgs) StdoutLine: {'line': b'-- Up-to-date: /home/mcfb/ros2_ws/install/px4_msgs/include/px4_msgs/px4_msgs/msg/detail/estimator_status__rosidl_typesupport_introspection_c.h\n'}
[1.475466] (px4_msgs) StdoutLine: {'line': b'-- Installing: /home/mcfb/ros2_ws/install/px4_msgs/include/px4_msgs/px4_msgs/msg/detail/position_setpoint_triplet__type_support.c\n'}
[1.475515] (px4_msgs) StdoutLine: {'line': b'-- Up-to-date: /home/mcfb/ros2_ws/install/px4_msgs/include/px4_msgs/px4_msgs/msg/detail/sensor_correction__rosidl_typesupport_introspection_c.h\n'}
[1.475565] (px4_msgs) StdoutLine: {'line': b'-- Up-to-date: /home/mcfb/ros2_ws/install/px4_msgs/include/px4_msgs/px4_msgs/msg/detail/launch_detection_status__rosidl_typesupport_introspection_c.h\n'}
[1.475612] (px4_msgs) StdoutLine: {'line': b'-- Up-to-date: /home/mcfb/ros2_ws/install/px4_msgs/include/px4_msgs/px4_msgs/msg/detail/mavlink_tunnel__rosidl_typesupport_introspection_c.h\n'}
[1.475660] (px4_msgs) StdoutLine: {'line': b'-- Up-to-date: /home/mcfb/ros2_ws/install/px4_msgs/include/px4_msgs/px4_msgs/msg/detail/orb_test_medium__rosidl_typesupport_introspection_c.h\n'}
[1.475713] (px4_msgs) StdoutLine: {'line': b'-- Up-to-date: /home/mcfb/ros2_ws/install/px4_msgs/include/px4_msgs/px4_msgs/msg/detail/lateral_control_configuration__rosidl_typesupport_introspection_c.h\n'}
[1.475781] (px4_msgs) StdoutLine: {'line': b'-- Up-to-date: /home/mcfb/ros2_ws/install/px4_msgs/include/px4_msgs/px4_msgs/msg/detail/parameter_set_value_response__rosidl_typesupport_introspection_c.h\n'}
[1.475877] (px4_msgs) StdoutLine: {'line': b'-- Up-to-date: /home/mcfb/ros2_ws/install/px4_msgs/include/px4_msgs/px4_msgs/msg/detail/config_overrides__rosidl_typesupport_introspection_c.h\n'}
[1.476057] (px4_msgs) StdoutLine: {'line': b'-- Up-to-date: /home/mcfb/ros2_ws/install/px4_msgs/include/px4_msgs/px4_msgs/msg/detail/px4io_status__rosidl_typesupport_introspection_c.h\n'}
[1.476152] (px4_msgs) StdoutLine: {'line': b'-- Installing: /home/mcfb/ros2_ws/install/px4_msgs/include/px4_msgs/px4_msgs/msg/detail/internal_combustion_engine_status__type_support.c\n'}
[1.476193] (px4_msgs) StdoutLine: {'line': b'-- Up-to-date: /home/mcfb/ros2_ws/install/px4_msgs/include/px4_msgs/px4_msgs/msg/detail/normalized_unsigned_setpoint__rosidl_typesupport_introspection_c.h\n'}
[1.476234] (px4_msgs) StdoutLine: {'line': b'-- Installing: /home/mcfb/ros2_ws/install/px4_msgs/include/px4_msgs/px4_msgs/msg/detail/px4io_status__type_support.c\n'}
[1.476274] (px4_msgs) StdoutLine: {'line': b'-- Installing: /home/mcfb/ros2_ws/install/px4_msgs/include/px4_msgs/px4_msgs/msg/detail/sensors_status__type_support.c\n'}
[1.476333] (px4_msgs) StdoutLine: {'line': b'-- Up-to-date: /home/mcfb/ros2_ws/install/px4_msgs/include/px4_msgs/px4_msgs/msg/detail/manual_control_setpoint__rosidl_typesupport_introspection_c.h\n'}
[1.476369] (px4_msgs) StdoutLine: {'line': b'-- Installing: /home/mcfb/ros2_ws/install/px4_msgs/include/px4_msgs/px4_msgs/msg/detail/esc_status__type_support.c\n'}
[1.476405] (px4_msgs) StdoutLine: {'line': b'-- Installing: /home/mcfb/ros2_ws/install/px4_msgs/include/px4_msgs/px4_msgs/msg/detail/task_stack_info__type_support.c\n'}
[1.476440] (px4_msgs) StdoutLine: {'line': b'-- Installing: /home/mcfb/ros2_ws/install/px4_msgs/include/px4_msgs/px4_msgs/msg/detail/register_ext_component_request__type_support.c\n'}
[1.476477] (px4_msgs) StdoutLine: {'line': b'-- Installing: /home/mcfb/ros2_ws/install/px4_msgs/include/px4_msgs/px4_msgs/msg/detail/vehicle_thrust_setpoint__type_support.c\n'}
[1.476515] (px4_msgs) StdoutLine: {'line': b'-- Up-to-date: /home/mcfb/ros2_ws/install/px4_msgs/include/px4_msgs/px4_msgs/msg/detail/debug_value__rosidl_typesupport_introspection_c.h\n'}
[1.476555] (px4_msgs) StdoutLine: {'line': b'-- Up-to-date: /home/mcfb/ros2_ws/install/px4_msgs/include/px4_msgs/px4_msgs/msg/detail/sensor_accel_fifo__rosidl_typesupport_introspection_c.h\n'}
[1.476597] (px4_msgs) StdoutLine: {'line': b'-- Installing: /home/mcfb/ros2_ws/install/px4_msgs/include/px4_msgs/px4_msgs/msg/detail/estimator_sensor_bias__type_support.c\n'}
[1.476634] (px4_msgs) StdoutLine: {'line': b'-- Installing: /home/mcfb/ros2_ws/install/px4_msgs/include/px4_msgs/px4_msgs/msg/detail/gps_inject_data__type_support.c\n'}
[1.476673] (px4_msgs) StdoutLine: {'line': b'-- Installing: /home/mcfb/ros2_ws/install/px4_msgs/include/px4_msgs/px4_msgs/msg/detail/wind__type_support.c\n'}
[1.476714] (px4_msgs) StdoutLine: {'line': b'-- Installing: /home/mcfb/ros2_ws/install/px4_msgs/include/px4_msgs/px4_msgs/msg/detail/rover_steering_setpoint__type_support.c\n'}
[1.476756] (px4_msgs) StdoutLine: {'line': b'-- Up-to-date: /home/mcfb/ros2_ws/install/px4_msgs/include/px4_msgs/px4_msgs/msg/detail/follow_target_status__rosidl_typesupport_introspection_c.h\n'}
[1.476800] (px4_msgs) StdoutLine: {'line': b'-- Installing: /home/mcfb/ros2_ws/install/px4_msgs/include/px4_msgs/px4_msgs/msg/detail/satellite_info__type_support.c\n'}
[1.476844] (px4_msgs) StdoutLine: {'line': b'-- Installing: /home/mcfb/ros2_ws/install/px4_msgs/include/px4_msgs/px4_msgs/msg/detail/adc_report__type_support.c\n'}
[1.476885] (px4_msgs) StdoutLine: {'line': b'-- Up-to-date: /home/mcfb/ros2_ws/install/px4_msgs/include/px4_msgs/px4_msgs/msg/detail/action_request__rosidl_typesupport_introspection_c.h\n'}
[1.476925] (px4_msgs) StdoutLine: {'line': b'-- Installing: /home/mcfb/ros2_ws/install/px4_msgs/include/px4_msgs/px4_msgs/msg/detail/sensor_gyro_fifo__type_support.c\n'}
[1.476962] (px4_msgs) StdoutLine: {'line': b'-- Installing: /home/mcfb/ros2_ws/install/px4_msgs/include/px4_msgs/px4_msgs/msg/detail/gpio_request__type_support.c\n'}
[1.477001] (px4_msgs) StdoutLine: {'line': b'-- Installing: /home/mcfb/ros2_ws/install/px4_msgs/include/px4_msgs/px4_msgs/msg/detail/mission_result__type_support.c\n'}
[1.477043] (px4_msgs) StdoutLine: {'line': b'-- Up-to-date: /home/mcfb/ros2_ws/install/px4_msgs/include/px4_msgs/px4_msgs/msg/detail/rpm__rosidl_typesupport_introspection_c.h\n'}
[1.477085] (px4_msgs) StdoutLine: {'line': b'-- Up-to-date: /home/mcfb/ros2_ws/install/px4_msgs/include/px4_msgs/px4_msgs/msg/detail/takeoff_status__rosidl_typesupport_introspection_c.h\n'}
[1.477123] (px4_msgs) StdoutLine: {'line': b'-- Installing: /home/mcfb/ros2_ws/install/px4_msgs/include/px4_msgs/px4_msgs/msg/detail/vehicle_global_position__type_support.c\n'}
[1.477164] (px4_msgs) StdoutLine: {'line': b'-- Up-to-date: /home/mcfb/ros2_ws/install/px4_msgs/include/px4_msgs/px4_msgs/msg/detail/vehicle_global_position__rosidl_typesupport_introspection_c.h\n'}
[1.477203] (px4_msgs) StdoutLine: {'line': b'-- Up-to-date: /home/mcfb/ros2_ws/install/px4_msgs/include/px4_msgs/px4_msgs/msg/detail/vehicle_roi__rosidl_typesupport_introspection_c.h\n'}
[1.477242] (px4_msgs) StdoutLine: {'line': b'-- Up-to-date: /home/mcfb/ros2_ws/install/px4_msgs/include/px4_msgs/px4_msgs/msg/detail/actuator_armed__rosidl_typesupport_introspection_c.h\n'}
[1.477282] (px4_msgs) StdoutLine: {'line': b'-- Up-to-date: /home/mcfb/ros2_ws/install/px4_msgs/include/px4_msgs/px4_msgs/msg/detail/geofence_result__rosidl_typesupport_introspection_c.h\n'}
[1.477321] (px4_msgs) StdoutLine: {'line': b'-- Installing: /home/mcfb/ros2_ws/install/px4_msgs/include/px4_msgs/px4_msgs/msg/detail/vehicle_optical_flow__type_support.c\n'}
[1.477360] (px4_msgs) StdoutLine: {'line': b'-- Installing: /home/mcfb/ros2_ws/install/px4_msgs/include/px4_msgs/px4_msgs/msg/detail/longitudinal_control_configuration__type_support.c\n'}
[1.477425] (px4_msgs) StdoutLine: {'line': b'-- Up-to-date: /home/mcfb/ros2_ws/install/px4_msgs/include/px4_msgs/px4_msgs/msg/detail/camera_capture__rosidl_typesupport_introspection_c.h\n'}
[1.477463] (px4_msgs) StdoutLine: {'line': b'-- Installing: /home/mcfb/ros2_ws/install/px4_msgs/include/px4_msgs/px4_msgs/msg/detail/onboard_computer_status__type_support.c\n'}
[1.477499] (px4_msgs) StdoutLine: {'line': b'-- Installing: /home/mcfb/ros2_ws/install/px4_msgs/include/px4_msgs/px4_msgs/msg/detail/estimator_bias3d__type_support.c\n'}
[1.477538] (px4_msgs) StdoutLine: {'line': b'-- Up-to-date: /home/mcfb/ros2_ws/install/px4_msgs/include/px4_msgs/px4_msgs/msg/detail/obstacle_distance__rosidl_typesupport_introspection_c.h\n'}
[1.477577] (px4_msgs) StdoutLine: {'line': b'-- Installing: /home/mcfb/ros2_ws/install/px4_msgs/include/px4_msgs/px4_msgs/msg/detail/debug_array__type_support.c\n'}
[1.477615] (px4_msgs) StdoutLine: {'line': b'-- Up-to-date: /home/mcfb/ros2_ws/install/px4_msgs/include/px4_msgs/px4_msgs/msg/detail/vehicle_attitude__rosidl_typesupport_introspection_c.h\n'}
[1.477652] (px4_msgs) StdoutLine: {'line': b'-- Installing: /home/mcfb/ros2_ws/install/px4_msgs/include/px4_msgs/px4_msgs/msg/detail/vehicle_command__type_support.c\n'}
[1.477692] (px4_msgs) StdoutLine: {'line': b'-- Installing: /home/mcfb/ros2_ws/install/px4_msgs/include/px4_msgs/px4_msgs/msg/detail/launch_detection_status__type_support.c\n'}
[1.477731] (px4_msgs) StdoutLine: {'line': b'-- Installing: /home/mcfb/ros2_ws/install/px4_msgs/include/px4_msgs/px4_msgs/msg/detail/position_controller_status__type_support.c\n'}
[1.477769] (px4_msgs) StdoutLine: {'line': b'-- Up-to-date: /home/mcfb/ros2_ws/install/px4_msgs/include/px4_msgs/px4_msgs/msg/detail/vehicle_land_detected__rosidl_typesupport_introspection_c.h\n'}
[1.477809] (px4_msgs) StdoutLine: {'line': b'-- Installing: /home/mcfb/ros2_ws/install/px4_msgs/include/px4_msgs/px4_msgs/msg/detail/pwm_input__type_support.c\n'}
[1.477853] (px4_msgs) StdoutLine: {'line': b'-- Up-to-date: /home/mcfb/ros2_ws/install/px4_msgs/include/px4_msgs/px4_msgs/msg/detail/rover_attitude_status__rosidl_typesupport_introspection_c.h\n'}
[1.477891] (px4_msgs) StdoutLine: {'line': b'-- Installing: /home/mcfb/ros2_ws/install/px4_msgs/include/px4_msgs/px4_msgs/msg/detail/event__type_support.c\n'}
[1.477929] (px4_msgs) StdoutLine: {'line': b'-- Installing: /home/mcfb/ros2_ws/install/px4_msgs/include/px4_msgs/px4_msgs/msg/detail/position_setpoint__type_support.c\n'}
[1.477992] (px4_msgs) StdoutLine: {'line': b'-- Installing: /home/mcfb/ros2_ws/install/px4_msgs/include/px4_msgs/px4_msgs/msg/detail/fixed_wing_lateral_setpoint__type_support.c\n'}
[1.478042] (px4_msgs) StdoutLine: {'line': b'-- Installing: /home/mcfb/ros2_ws/install/px4_msgs/include/px4_msgs/px4_msgs/msg/detail/neural_control__type_support.c\n'}
[1.478115] (px4_msgs) StdoutLine: {'line': b'-- Up-to-date: /home/mcfb/ros2_ws/install/px4_msgs/include/px4_msgs/px4_msgs/msg/detail/follow_target_estimator__rosidl_typesupport_introspection_c.h\n'}
[1.478154] (px4_msgs) StdoutLine: {'line': b'-- Installing: /home/mcfb/ros2_ws/install/px4_msgs/include/px4_msgs/px4_msgs/msg/detail/ulog_stream_ack__type_support.c\n'}
[1.478191] (px4_msgs) StdoutLine: {'line': b'-- Up-to-date: /home/mcfb/ros2_ws/install/px4_msgs/include/px4_msgs/px4_msgs/msg/detail/vehicle_optical_flow_vel__rosidl_typesupport_introspection_c.h\n'}
[1.478228] (px4_msgs) StdoutLine: {'line': b'-- Up-to-date: /home/mcfb/ros2_ws/install/px4_msgs/include/px4_msgs/px4_msgs/msg/detail/power_monitor__rosidl_typesupport_introspection_c.h\n'}
[1.478278] (px4_msgs) StdoutLine: {'line': b'-- Up-to-date: /home/mcfb/ros2_ws/install/px4_msgs/include/px4_msgs/px4_msgs/msg/detail/internal_combustion_engine_status__rosidl_typesupport_introspection_c.h\n'}
[1.478328] (px4_msgs) StdoutLine: {'line': b'-- Installing: /home/mcfb/ros2_ws/install/px4_msgs/include/px4_msgs/px4_msgs/msg/detail/sensor_preflight_mag__type_support.c\n'}
[1.478377] (px4_msgs) StdoutLine: {'line': b'-- Installing: /home/mcfb/ros2_ws/install/px4_msgs/include/px4_msgs/px4_msgs/msg/detail/vehicle_torque_setpoint__type_support.c\n'}
[1.478426] (px4_msgs) StdoutLine: {'line': b'-- Installing: /home/mcfb/ros2_ws/install/px4_msgs/include/px4_msgs/px4_msgs/msg/detail/fixed_wing_lateral_guidance_status__type_support.c\n'}
[1.478466] (px4_msgs) StdoutLine: {'line': b'-- Installing: /home/mcfb/ros2_ws/install/px4_msgs/include/px4_msgs/px4_msgs/msg/detail/rover_throttle_setpoint__type_support.c\n'}
[1.478512] (px4_msgs) StdoutLine: {'line': b'-- Up-to-date: /home/mcfb/ros2_ws/install/px4_msgs/include/px4_msgs/px4_msgs/msg/detail/neural_control__rosidl_typesupport_introspection_c.h\n'}
[1.478563] (px4_msgs) StdoutLine: {'line': b'-- Installing: /home/mcfb/ros2_ws/install/px4_msgs/include/px4_msgs/px4_msgs/msg/detail/vehicle_roi__type_support.c\n'}
[1.478612] (px4_msgs) StdoutLine: {'line': b'-- Installing: /home/mcfb/ros2_ws/install/px4_msgs/include/px4_msgs/px4_msgs/msg/detail/debug_vect__type_support.c\n'}
[1.478661] (px4_msgs) StdoutLine: {'line': b'-- Installing: /home/mcfb/ros2_ws/install/px4_msgs/include/px4_msgs/px4_msgs/msg/detail/landing_gear_wheel__type_support.c\n'}
[1.478721] (px4_msgs) StdoutLine: {'line': b'-- Up-to-date: /home/mcfb/ros2_ws/install/px4_msgs/include/px4_msgs/px4_msgs/msg/detail/fixed_wing_lateral_guidance_status__rosidl_typesupport_introspection_c.h\n'}
[1.478771] (px4_msgs) StdoutLine: {'line': b'-- Installing: /home/mcfb/ros2_ws/install/px4_msgs/include/px4_msgs/px4_msgs/msg/detail/cellular_status__type_support.c\n'}
[1.478832] (px4_msgs) StdoutLine: {'line': b'-- Installing: /home/mcfb/ros2_ws/install/px4_msgs/include/px4_msgs/px4_msgs/msg/detail/sensor_gnss_relative__type_support.c\n'}
[1.478885] (px4_msgs) StdoutLine: {'line': b'-- Up-to-date: /home/mcfb/ros2_ws/install/px4_msgs/include/px4_msgs/px4_msgs/msg/detail/sensors_status__rosidl_typesupport_introspection_c.h\n'}
[1.478935] (px4_msgs) StdoutLine: {'line': b'-- Installing: /home/mcfb/ros2_ws/install/px4_msgs/include/px4_msgs/px4_msgs/msg/detail/geofence_status__type_support.c\n'}
[1.478983] (px4_msgs) StdoutLine: {'line': b'-- Installing: /home/mcfb/ros2_ws/install/px4_msgs/include/px4_msgs/px4_msgs/msg/detail/position_controller_landing_status__type_support.c\n'}
[1.479032] (px4_msgs) StdoutLine: {'line': b'-- Installing: /home/mcfb/ros2_ws/install/px4_msgs/include/px4_msgs/px4_msgs/msg/detail/debug_value__type_support.c\n'}
[1.479082] (px4_msgs) StdoutLine: {'line': b'-- Installing: /home/mcfb/ros2_ws/install/px4_msgs/include/px4_msgs/px4_msgs/msg/detail/gimbal_device_information__type_support.c\n'}
[1.479132] (px4_msgs) StdoutLine: {'line': b'-- Up-to-date: /home/mcfb/ros2_ws/install/px4_msgs/include/px4_msgs/px4_msgs/msg/detail/mission__rosidl_typesupport_introspection_c.h\n'}
[1.479182] (px4_msgs) StdoutLine: {'line': b'-- Installing: /home/mcfb/ros2_ws/install/px4_msgs/include/px4_msgs/px4_msgs/msg/detail/estimator_status__type_support.c\n'}
[1.479231] (px4_msgs) StdoutLine: {'line': b'-- Installing: /home/mcfb/ros2_ws/install/px4_msgs/include/px4_msgs/px4_msgs/msg/detail/rc_parameter_map__type_support.c\n'}
[1.479280] (px4_msgs) StdoutLine: {'line': b'-- Up-to-date: /home/mcfb/ros2_ws/install/px4_msgs/include/px4_msgs/px4_msgs/msg/detail/cpuload__rosidl_typesupport_introspection_c.h\n'}
[1.479330] (px4_msgs) StdoutLine: {'line': b'-- Up-to-date: /home/mcfb/ros2_ws/install/px4_msgs/include/px4_msgs/px4_msgs/msg/detail/sensor_mag__rosidl_typesupport_introspection_c.h\n'}
[1.479380] (px4_msgs) StdoutLine: {'line': b'-- Installing: /home/mcfb/ros2_ws/install/px4_msgs/include/px4_msgs/px4_msgs/msg/detail/sensor_gyro_fft__type_support.c\n'}
[1.479440] (px4_msgs) StdoutLine: {'line': b'-- Up-to-date: /home/mcfb/ros2_ws/install/px4_msgs/include/px4_msgs/px4_msgs/msg/detail/home_position__rosidl_typesupport_introspection_c.h\n'}
[1.479489] (px4_msgs) StdoutLine: {'line': b'-- Installing: /home/mcfb/ros2_ws/install/px4_msgs/include/px4_msgs/px4_msgs/msg/detail/airspeed_wind__type_support.c\n'}
[1.479537] (px4_msgs) StdoutLine: {'line': b'-- Up-to-date: /home/mcfb/ros2_ws/install/px4_msgs/include/px4_msgs/px4_msgs/msg/detail/mission_result__rosidl_typesupport_introspection_c.h\n'}
[1.479596] (px4_msgs) StdoutLine: {'line': b'-- Up-to-date: /home/mcfb/ros2_ws/install/px4_msgs/include/px4_msgs/px4_msgs/msg/detail/cellular_status__rosidl_typesupport_introspection_c.h\n'}
[1.479643] (px4_msgs) StdoutLine: {'line': b'-- Up-to-date: /home/mcfb/ros2_ws/install/px4_msgs/include/px4_msgs/px4_msgs/msg/detail/uavcan_parameter_request__rosidl_typesupport_introspection_c.h\n'}
[1.479696] (px4_msgs) StdoutLine: {'line': b'-- Installing: /home/mcfb/ros2_ws/install/px4_msgs/include/px4_msgs/px4_msgs/msg/detail/vehicle_rates_setpoint__type_support.c\n'}
[1.479749] (px4_msgs) StdoutLine: {'line': b'-- Up-to-date: /home/mcfb/ros2_ws/install/px4_msgs/include/px4_msgs/px4_msgs/msg/detail/vehicle_air_data__rosidl_typesupport_introspection_c.h\n'}
[1.479792] (px4_msgs) StdoutLine: {'line': b'-- Up-to-date: /home/mcfb/ros2_ws/install/px4_msgs/include/px4_msgs/px4_msgs/msg/detail/follow_target__rosidl_typesupport_introspection_c.h\n'}
[1.479838] (px4_msgs) StdoutLine: {'line': b'-- Installing: /home/mcfb/ros2_ws/install/px4_msgs/include/px4_msgs/px4_msgs/msg/detail/power_monitor__type_support.c\n'}
[1.479877] (px4_msgs) StdoutLine: {'line': b'-- Installing: /home/mcfb/ros2_ws/install/px4_msgs/include/px4_msgs/px4_msgs/msg/detail/sensor_airflow__type_support.c\n'}
[1.479917] (px4_msgs) StdoutLine: {'line': b'-- Installing: /home/mcfb/ros2_ws/install/px4_msgs/include/px4_msgs/px4_msgs/msg/detail/estimator_aid_source1d__type_support.c\n'}
[1.479966] (px4_msgs) StdoutLine: {'line': b'-- Up-to-date: /home/mcfb/ros2_ws/install/px4_msgs/include/px4_msgs/px4_msgs/msg/detail/vehicle_control_mode__rosidl_typesupport_introspection_c.h\n'}
[1.480096] (px4_msgs) StdoutLine: {'line': b'-- Up-to-date: /home/mcfb/ros2_ws/install/px4_msgs/include/px4_msgs/px4_msgs/msg/detail/estimator_gps_status__rosidl_typesupport_introspection_c.h\n'}
[1.480154] (px4_msgs) StdoutLine: {'line': b'-- Up-to-date: /home/mcfb/ros2_ws/install/px4_msgs/include/px4_msgs/px4_msgs/msg/detail/orb_test_large__rosidl_typesupport_introspection_c.h\n'}
[1.480242] (px4_msgs) StdoutLine: {'line': b'-- Installing: /home/mcfb/ros2_ws/install/px4_msgs/include/px4_msgs/px4_msgs/msg/detail/actuator_servos__type_support.c\n'}
[1.480300] (px4_msgs) StdoutLine: {'line': b'-- Up-to-date: /home/mcfb/ros2_ws/install/px4_msgs/include/px4_msgs/px4_msgs/msg/detail/dataman_response__rosidl_typesupport_introspection_c.h\n'}
[1.480347] (px4_msgs) StdoutLine: {'line': b'-- Installing: /home/mcfb/ros2_ws/install/px4_msgs/include/px4_msgs/px4_msgs/msg/detail/rover_attitude_status__type_support.c\n'}
[1.480416] (px4_msgs) StdoutLine: {'line': b'-- Installing: /home/mcfb/ros2_ws/install/px4_msgs/include/px4_msgs/px4_msgs/msg/detail/orb_test__type_support.c\n'}
[1.480458] (px4_msgs) StdoutLine: {'line': b'-- Up-to-date: /home/mcfb/ros2_ws/install/px4_msgs/include/px4_msgs/px4_msgs/msg/detail/vehicle_magnetometer__rosidl_typesupport_introspection_c.h\n'}
[1.480517] (px4_msgs) StdoutLine: {'line': b'-- Installing: /home/mcfb/ros2_ws/install/px4_msgs/include/px4_msgs/px4_msgs/msg/detail/vehicle_attitude_setpoint__type_support.c\n'}
[1.480554] (px4_msgs) StdoutLine: {'line': b'-- Installing: /home/mcfb/ros2_ws/install/px4_msgs/include/px4_msgs/px4_msgs/msg/detail/flight_phase_estimation__type_support.c\n'}
[1.480591] (px4_msgs) StdoutLine: {'line': b'-- Up-to-date: /home/mcfb/ros2_ws/install/px4_msgs/include/px4_msgs/px4_msgs/msg/detail/vehicle_command__rosidl_typesupport_introspection_c.h\n'}
[1.480629] (px4_msgs) StdoutLine: {'line': b'-- Up-to-date: /home/mcfb/ros2_ws/install/px4_msgs/include/px4_msgs/px4_msgs/msg/detail/transponder_report__rosidl_typesupport_introspection_c.h\n'}
[1.480665] (px4_msgs) StdoutLine: {'line': b'-- Up-to-date: /home/mcfb/ros2_ws/install/px4_msgs/include/px4_msgs/px4_msgs/msg/detail/mag_worker_data__rosidl_typesupport_introspection_c.h\n'}
[1.480703] (px4_msgs) StdoutLine: {'line': b'-- Up-to-date: /home/mcfb/ros2_ws/install/px4_msgs/include/px4_msgs/px4_msgs/msg/detail/position_setpoint__rosidl_typesupport_introspection_c.h\n'}
[1.480759] (px4_msgs) StdoutLine: {'line': b'-- Up-to-date: /home/mcfb/ros2_ws/install/px4_msgs/include/px4_msgs/px4_msgs/msg/detail/event__rosidl_typesupport_introspection_c.h\n'}
[1.480795] (px4_msgs) StdoutLine: {'line': b'-- Installing: /home/mcfb/ros2_ws/install/px4_msgs/include/px4_msgs/px4_msgs/msg/detail/telemetry_status__type_support.c\n'}
[1.480839] (px4_msgs) StdoutLine: {'line': b'-- Up-to-date: /home/mcfb/ros2_ws/install/px4_msgs/include/px4_msgs/px4_msgs/msg/detail/orbit_status__rosidl_typesupport_introspection_c.h\n'}
[1.480878] (px4_msgs) StdoutLine: {'line': b'-- Installing: /home/mcfb/ros2_ws/install/px4_msgs/include/px4_msgs/px4_msgs/msg/detail/sensor_mag__type_support.c\n'}
[1.480914] (px4_msgs) StdoutLine: {'line': b'-- Installing: /home/mcfb/ros2_ws/install/px4_msgs/include/px4_msgs/px4_msgs/msg/detail/vehicle_local_position_setpoint__type_support.c\n'}
[1.480951] (px4_msgs) StdoutLine: {'line': b'-- Installing: /home/mcfb/ros2_ws/install/px4_msgs/include/px4_msgs/px4_msgs/msg/detail/led_control__type_support.c\n'}
[1.480990] (px4_msgs) StdoutLine: {'line': b'-- Up-to-date: /home/mcfb/ros2_ws/install/px4_msgs/include/px4_msgs/px4_msgs/msg/detail/open_drone_id_arm_status__rosidl_typesupport_introspection_c.h\n'}
[1.481026] (px4_msgs) StdoutLine: {'line': b'-- Installing: /home/mcfb/ros2_ws/install/px4_msgs/include/px4_msgs/px4_msgs/msg/detail/parameter_reset_request__type_support.c\n'}
[1.481067] (px4_msgs) StdoutLine: {'line': b'-- Installing: /home/mcfb/ros2_ws/install/px4_msgs/include/px4_msgs/px4_msgs/msg/detail/config_overrides__type_support.c\n'}
[1.481106] (px4_msgs) StdoutLine: {'line': b'-- Installing: /home/mcfb/ros2_ws/install/px4_msgs/include/px4_msgs/px4_msgs/msg/detail/rover_speed_status__type_support.c\n'}
[1.481147] (px4_msgs) StdoutLine: {'line': b'-- Up-to-date: /home/mcfb/ros2_ws/install/px4_msgs/include/px4_msgs/px4_msgs/msg/detail/dronecan_node_status__rosidl_typesupport_introspection_c.h\n'}
[1.481186] (px4_msgs) StdoutLine: {'line': b'-- Installing: /home/mcfb/ros2_ws/install/px4_msgs/include/px4_msgs/px4_msgs/msg/detail/mavlink_tunnel__type_support.c\n'}
[1.481225] (px4_msgs) StdoutLine: {'line': b'-- Up-to-date: /home/mcfb/ros2_ws/install/px4_msgs/include/px4_msgs/px4_msgs/msg/detail/irlock_report__rosidl_typesupport_introspection_c.h\n'}
[1.481268] (px4_msgs) StdoutLine: {'line': b'-- Up-to-date: /home/mcfb/ros2_ws/install/px4_msgs/include/px4_msgs/px4_msgs/msg/detail/internal_combustion_engine_control__rosidl_typesupport_introspection_c.h\n'}
[1.481307] (px4_msgs) StdoutLine: {'line': b'-- Installing: /home/mcfb/ros2_ws/install/px4_msgs/include/px4_msgs/px4_msgs/msg/detail/vehicle_acceleration__type_support.c\n'}
[1.481373] (px4_msgs) StdoutLine: {'line': b'-- Up-to-date: /home/mcfb/ros2_ws/install/px4_msgs/include/px4_msgs/px4_msgs/msg/detail/figure_eight_status__rosidl_typesupport_introspection_c.h\n'}
[1.481409] (px4_msgs) StdoutLine: {'line': b'-- Installing: /home/mcfb/ros2_ws/install/px4_msgs/include/px4_msgs/px4_msgs/msg/detail/gimbal_manager_set_manual_control__type_support.c\n'}
[1.481444] (px4_msgs) StdoutLine: {'line': b'-- Up-to-date: /home/mcfb/ros2_ws/install/px4_msgs/include/px4_msgs/px4_msgs/msg/detail/gimbal_controls__rosidl_typesupport_introspection_c.h\n'}
[1.481487] (px4_msgs) StdoutLine: {'line': b'-- Installing: /home/mcfb/ros2_ws/install/px4_msgs/include/px4_msgs/px4_msgs/msg/detail/lateral_control_configuration__type_support.c\n'}
[1.481525] (px4_msgs) StdoutLine: {'line': b'-- Installing: /home/mcfb/ros2_ws/install/px4_msgs/include/px4_msgs/px4_msgs/msg/detail/airspeed_validated__type_support.c\n'}
[1.481577] (px4_msgs) StdoutLine: {'line': b'-- Up-to-date: /home/mcfb/ros2_ws/install/px4_msgs/include/px4_msgs/px4_msgs/msg/detail/gimbal_device_attitude_status__rosidl_typesupport_introspection_c.h\n'}
[1.481638] (px4_msgs) StdoutLine: {'line': b'-- Installing: /home/mcfb/ros2_ws/install/px4_msgs/include/px4_msgs/px4_msgs/msg/detail/actuator_test__type_support.c\n'}
[1.481675] (px4_msgs) StdoutLine: {'line': b'-- Up-to-date: /home/mcfb/ros2_ws/install/px4_msgs/include/px4_msgs/px4_msgs/msg/detail/battery_status__rosidl_typesupport_introspection_c.h\n'}
[1.481717] (px4_msgs) StdoutLine: {'line': b'-- Up-to-date: /home/mcfb/ros2_ws/install/px4_msgs/include/px4_msgs/px4_msgs/msg/detail/sensor_hygrometer__rosidl_typesupport_introspection_c.h\n'}
[1.481762] (px4_msgs) StdoutLine: {'line': b'-- Up-to-date: /home/mcfb/ros2_ws/install/px4_msgs/include/px4_msgs/px4_msgs/msg/detail/geofence_status__rosidl_typesupport_introspection_c.h\n'}
[1.481801] (px4_msgs) StdoutLine: {'line': b'-- Up-to-date: /home/mcfb/ros2_ws/install/px4_msgs/include/px4_msgs/px4_msgs/msg/detail/landing_target_pose__rosidl_typesupport_introspection_c.h\n'}
[1.481854] (px4_msgs) StdoutLine: {'line': b'-- Up-to-date: /home/mcfb/ros2_ws/install/px4_msgs/include/px4_msgs/px4_msgs/msg/detail/fixed_wing_lateral_status__rosidl_typesupport_introspection_c.h\n'}
[1.481926] (px4_msgs) StdoutLine: {'line': b'-- Installing: /home/mcfb/ros2_ws/install/px4_msgs/include/px4_msgs/px4_msgs/msg/detail/register_ext_component_reply__type_support.c\n'}
[1.481965] (px4_msgs) StdoutLine: {'line': b'-- Installing: /home/mcfb/ros2_ws/install/px4_msgs/include/px4_msgs/px4_msgs/msg/detail/geofence_result__type_support.c\n'}
[1.482009] (px4_msgs) StdoutLine: {'line': b'-- Installing: /home/mcfb/ros2_ws/install/px4_msgs/include/px4_msgs/px4_msgs/msg/detail/rpm__type_support.c\n'}
[1.482069] (px4_msgs) StdoutLine: {'line': b'-- Up-to-date: /home/mcfb/ros2_ws/install/px4_msgs/include/px4_msgs/px4_msgs/msg/detail/rc_channels__rosidl_typesupport_introspection_c.h\n'}
[1.482133] (px4_msgs) StdoutLine: {'line': b'-- Up-to-date: /home/mcfb/ros2_ws/install/px4_msgs/include/px4_msgs/px4_msgs/msg/detail/estimator_innovations__rosidl_typesupport_introspection_c.h\n'}
[1.482194] (px4_msgs) StdoutLine: {'line': b'-- Up-to-date: /home/mcfb/ros2_ws/install/px4_msgs/include/px4_msgs/px4_msgs/msg/detail/mount_orientation__rosidl_typesupport_introspection_c.h\n'}
[1.482250] (px4_msgs) StdoutLine: {'line': b'-- Up-to-date: /home/mcfb/ros2_ws/install/px4_msgs/include/px4_msgs/px4_msgs/msg/detail/vehicle_command_ack__rosidl_typesupport_introspection_c.h\n'}
[1.482306] (px4_msgs) StdoutLine: {'line': b'-- Installing: /home/mcfb/ros2_ws/install/px4_msgs/include/px4_msgs/px4_msgs/msg/detail/rtl_status__type_support.c\n'}
[1.482355] (px4_msgs) StdoutLine: {'line': b'-- Up-to-date: /home/mcfb/ros2_ws/install/px4_msgs/include/px4_msgs/px4_msgs/msg/detail/landing_gear_wheel__rosidl_typesupport_introspection_c.h\n'}
[1.482412] (px4_msgs) StdoutLine: {'line': b'-- Installing: /home/mcfb/ros2_ws/install/px4_msgs/include/px4_msgs/px4_msgs/msg/detail/differential_pressure__type_support.c\n'}
[1.482473] (px4_msgs) StdoutLine: {'line': b'-- Up-to-date: /home/mcfb/ros2_ws/install/px4_msgs/include/px4_msgs/px4_msgs/msg/detail/button_event__rosidl_typesupport_introspection_c.h\n'}
[1.482535] (px4_msgs) StdoutLine: {'line': b'-- Up-to-date: /home/mcfb/ros2_ws/install/px4_msgs/include/px4_msgs/px4_msgs/msg/detail/rover_position_setpoint__rosidl_typesupport_introspection_c.h\n'}
[1.482577] (px4_msgs) StdoutLine: {'line': b'-- Up-to-date: /home/mcfb/ros2_ws/install/px4_msgs/include/px4_msgs/px4_msgs/msg/detail/vehicle_constraints__rosidl_typesupport_introspection_c.h\n'}
[1.482616] (px4_msgs) StdoutLine: {'line': b'-- Installing: /home/mcfb/ros2_ws/install/px4_msgs/include/px4_msgs/px4_msgs/msg/detail/sensor_baro__type_support.c\n'}
[1.482656] (px4_msgs) StdoutLine: {'line': b'-- Up-to-date: /home/mcfb/ros2_ws/install/px4_msgs/include/px4_msgs/px4_msgs/msg/detail/mode_completed__rosidl_typesupport_introspection_c.h\n'}
[1.482696] (px4_msgs) StdoutLine: {'line': b'-- Up-to-date: /home/mcfb/ros2_ws/install/px4_msgs/include/px4_msgs/px4_msgs/msg/detail/radio_status__rosidl_typesupport_introspection_c.h\n'}
[1.482737] (px4_msgs) StdoutLine: {'line': b'-- Up-to-date: /home/mcfb/ros2_ws/install/px4_msgs/lib/libpx4_msgs__rosidl_typesupport_introspection_c.so\n'}
[1.482819] (px4_msgs) StdoutLine: {'line': b'-- Up-to-date: /home/mcfb/ros2_ws/install/px4_msgs/lib/libpx4_msgs__rosidl_typesupport_c.so\n'}
[1.482892] (px4_msgs) StdoutLine: {'line': b'-- Up-to-date: /home/mcfb/ros2_ws/install/px4_msgs/include/px4_msgs/px4_msgs\n'}
[1.482949] (px4_msgs) StdoutLine: {'line': b'-- Up-to-date: /home/mcfb/ros2_ws/install/px4_msgs/include/px4_msgs/px4_msgs/srv\n'}
[1.483006] (px4_msgs) StdoutLine: {'line': b'-- Up-to-date: /home/mcfb/ros2_ws/install/px4_msgs/include/px4_msgs/px4_msgs/srv/detail\n'}
[1.483064] (px4_msgs) StdoutLine: {'line': b'-- Up-to-date: /home/mcfb/ros2_ws/install/px4_msgs/include/px4_msgs/px4_msgs/srv/detail/vehicle_command__rosidl_typesupport_introspection_cpp.hpp\n'}
[1.483116] (px4_msgs) StdoutLine: {'line': b'-- Up-to-date: /home/mcfb/ros2_ws/install/px4_msgs/include/px4_msgs/px4_msgs/srv/detail/vehicle_command__type_support.cpp\n'}
[1.483165] (px4_msgs) StdoutLine: {'line': b'-- Up-to-date: /home/mcfb/ros2_ws/install/px4_msgs/include/px4_msgs/px4_msgs/msg\n'}
[1.483226] (px4_msgs) StdoutLine: {'line': b'-- Up-to-date: /home/mcfb/ros2_ws/install/px4_msgs/include/px4_msgs/px4_msgs/msg/detail\n'}
[1.483283] (px4_msgs) StdoutLine: {'line': b'-- Up-to-date: /home/mcfb/ros2_ws/install/px4_msgs/include/px4_msgs/px4_msgs/msg/detail/vehicle_roi__type_support.cpp\n'}
[1.483344] (px4_msgs) StdoutLine: {'line': b'-- Up-to-date: /home/mcfb/ros2_ws/install/px4_msgs/include/px4_msgs/px4_msgs/msg/detail/sensors_status__type_support.cpp\n'}
[1.483406] (px4_msgs) StdoutLine: {'line': b'-- Up-to-date: /home/mcfb/ros2_ws/install/px4_msgs/include/px4_msgs/px4_msgs/msg/detail/actuator_test__type_support.cpp\n'}
[1.483470] (px4_msgs) StdoutLine: {'line': b'-- Up-to-date: /home/mcfb/ros2_ws/install/px4_msgs/include/px4_msgs/px4_msgs/msg/detail/esc_report__rosidl_typesupport_introspection_cpp.hpp\n'}
[1.483520] (px4_msgs) StdoutLine: {'line': b'-- Up-to-date: /home/mcfb/ros2_ws/install/px4_msgs/include/px4_msgs/px4_msgs/msg/detail/distance_sensor_mode_change_request__rosidl_typesupport_introspection_cpp.hpp\n'}
[1.483614] (px4_msgs) StdoutLine: {'line': b'-- Up-to-date: /home/mcfb/ros2_ws/install/px4_msgs/include/px4_msgs/px4_msgs/msg/detail/telemetry_status__type_support.cpp\n'}
[1.483655] (px4_msgs) StdoutLine: {'line': b'-- Up-to-date: /home/mcfb/ros2_ws/install/px4_msgs/include/px4_msgs/px4_msgs/msg/detail/manual_control_setpoint__rosidl_typesupport_introspection_cpp.hpp\n'}
[1.483720] (px4_msgs) StdoutLine: {'line': b'-- Up-to-date: /home/mcfb/ros2_ws/install/px4_msgs/include/px4_msgs/px4_msgs/msg/detail/rover_throttle_setpoint__rosidl_typesupport_introspection_cpp.hpp\n'}
[1.483776] (px4_msgs) StdoutLine: {'line': b'-- Up-to-date: /home/mcfb/ros2_ws/install/px4_msgs/include/px4_msgs/px4_msgs/msg/detail/wheel_encoders__type_support.cpp\n'}
[1.483814] (px4_msgs) StdoutLine: {'line': b'-- Up-to-date: /home/mcfb/ros2_ws/install/px4_msgs/include/px4_msgs/px4_msgs/msg/detail/position_controller_landing_status__rosidl_typesupport_introspection_cpp.hpp\n'}
[1.483873] (px4_msgs) StdoutLine: {'line': b'-- Up-to-date: /home/mcfb/ros2_ws/install/px4_msgs/include/px4_msgs/px4_msgs/msg/detail/sensor_gyro__type_support.cpp\n'}
[1.483919] (px4_msgs) StdoutLine: {'line': b'-- Up-to-date: /home/mcfb/ros2_ws/install/px4_msgs/include/px4_msgs/px4_msgs/msg/detail/gimbal_manager_set_manual_control__rosidl_typesupport_introspection_cpp.hpp\n'}
[1.483959] (px4_msgs) StdoutLine: {'line': b'-- Up-to-date: /home/mcfb/ros2_ws/install/px4_msgs/include/px4_msgs/px4_msgs/msg/detail/parameter_set_used_request__type_support.cpp\n'}
[1.484012] (px4_msgs) StdoutLine: {'line': b'-- Up-to-date: /home/mcfb/ros2_ws/install/px4_msgs/include/px4_msgs/px4_msgs/msg/detail/trajectory_setpoint6dof__type_support.cpp\n'}
[1.484074] (px4_msgs) StdoutLine: {'line': b'-- Up-to-date: /home/mcfb/ros2_ws/install/px4_msgs/include/px4_msgs/px4_msgs/msg/detail/uavcan_parameter_request__rosidl_typesupport_introspection_cpp.hpp\n'}
[1.484135] (px4_msgs) StdoutLine: {'line': b'-- Up-to-date: /home/mcfb/ros2_ws/install/px4_msgs/include/px4_msgs/px4_msgs/msg/detail/takeoff_status__type_support.cpp\n'}
[1.484193] (px4_msgs) StdoutLine: {'line': b'-- Up-to-date: /home/mcfb/ros2_ws/install/px4_msgs/include/px4_msgs/px4_msgs/msg/detail/vehicle_optical_flow_vel__type_support.cpp\n'}
[1.484254] (px4_msgs) StdoutLine: {'line': b'-- Up-to-date: /home/mcfb/ros2_ws/install/px4_msgs/include/px4_msgs/px4_msgs/msg/detail/sensor_gyro_fifo__type_support.cpp\n'}
[1.484313] (px4_msgs) StdoutLine: {'line': b'-- Up-to-date: /home/mcfb/ros2_ws/install/px4_msgs/include/px4_msgs/px4_msgs/msg/detail/health_report__rosidl_typesupport_introspection_cpp.hpp\n'}
[1.484382] (px4_msgs) StdoutLine: {'line': b'-- Up-to-date: /home/mcfb/ros2_ws/install/px4_msgs/include/px4_msgs/px4_msgs/msg/detail/sensor_hygrometer__type_support.cpp\n'}
[1.484451] (px4_msgs) StdoutLine: {'line': b'-- Up-to-date: /home/mcfb/ros2_ws/install/px4_msgs/include/px4_msgs/px4_msgs/msg/detail/position_controller_status__type_support.cpp\n'}
[1.484527] (px4_msgs) StdoutLine: {'line': b'-- Up-to-date: /home/mcfb/ros2_ws/install/px4_msgs/include/px4_msgs/px4_msgs/msg/detail/estimator_status__rosidl_typesupport_introspection_cpp.hpp\n'}
[1.484605] (px4_msgs) StdoutLine: {'line': b'-- Up-to-date: /home/mcfb/ros2_ws/install/px4_msgs/include/px4_msgs/px4_msgs/msg/detail/estimator_aid_source2d__rosidl_typesupport_introspection_cpp.hpp\n'}
[1.484666] (px4_msgs) StdoutLine: {'line': b'-- Up-to-date: /home/mcfb/ros2_ws/install/px4_msgs/include/px4_msgs/px4_msgs/msg/detail/fixed_wing_lateral_status__type_support.cpp\n'}
[1.484740] (px4_msgs) StdoutLine: {'line': b'-- Up-to-date: /home/mcfb/ros2_ws/install/px4_msgs/include/px4_msgs/px4_msgs/msg/detail/airspeed_wind__type_support.cpp\n'}
[1.484802] (px4_msgs) StdoutLine: {'line': b'-- Up-to-date: /home/mcfb/ros2_ws/install/px4_msgs/include/px4_msgs/px4_msgs/msg/detail/airspeed_validated__type_support.cpp\n'}
[1.484870] (px4_msgs) StdoutLine: {'line': b'-- Up-to-date: /home/mcfb/ros2_ws/install/px4_msgs/include/px4_msgs/px4_msgs/msg/detail/geofence_result__rosidl_typesupport_introspection_cpp.hpp\n'}
[1.484975] (px4_msgs) StdoutLine: {'line': b'-- Up-to-date: /home/mcfb/ros2_ws/install/px4_msgs/include/px4_msgs/px4_msgs/msg/detail/yaw_estimator_status__type_support.cpp\n'}
[1.485058] (px4_msgs) StdoutLine: {'line': b'-- Up-to-date: /home/mcfb/ros2_ws/install/px4_msgs/include/px4_msgs/px4_msgs/msg/detail/vehicle_attitude_setpoint__rosidl_typesupport_introspection_cpp.hpp\n'}
[1.485115] (px4_msgs) StdoutLine: {'line': b'-- Up-to-date: /home/mcfb/ros2_ws/install/px4_msgs/include/px4_msgs/px4_msgs/msg/detail/estimator_status_flags__rosidl_typesupport_introspection_cpp.hpp\n'}
[1.485185] (px4_msgs) StdoutLine: {'line': b'-- Up-to-date: /home/mcfb/ros2_ws/install/px4_msgs/include/px4_msgs/px4_msgs/msg/detail/estimator_selector_status__rosidl_typesupport_introspection_cpp.hpp\n'}
[1.485239] (px4_msgs) StdoutLine: {'line': b'-- Up-to-date: /home/mcfb/ros2_ws/install/px4_msgs/include/px4_msgs/px4_msgs/msg/detail/rover_throttle_setpoint__type_support.cpp\n'}
[1.485294] (px4_msgs) StdoutLine: {'line': b'-- Up-to-date: /home/mcfb/ros2_ws/install/px4_msgs/include/px4_msgs/px4_msgs/msg/detail/tiltrotor_extra_controls__type_support.cpp\n'}
[1.485348] (px4_msgs) StdoutLine: {'line': b'-- Up-to-date: /home/mcfb/ros2_ws/install/px4_msgs/include/px4_msgs/px4_msgs/msg/detail/input_rc__rosidl_typesupport_introspection_cpp.hpp\n'}
[1.485405] (px4_msgs) StdoutLine: {'line': b'-- Up-to-date: /home/mcfb/ros2_ws/install/px4_msgs/include/px4_msgs/px4_msgs/msg/detail/estimator_innovations__rosidl_typesupport_introspection_cpp.hpp\n'}
[1.485466] (px4_msgs) StdoutLine: {'line': b'-- Up-to-date: /home/mcfb/ros2_ws/install/px4_msgs/include/px4_msgs/px4_msgs/msg/detail/rover_rate_setpoint__type_support.cpp\n'}
[1.485521] (px4_msgs) StdoutLine: {'line': b'-- Up-to-date: /home/mcfb/ros2_ws/install/px4_msgs/include/px4_msgs/px4_msgs/msg/detail/sensor_uwb__type_support.cpp\n'}
[1.485562] (px4_msgs) StdoutLine: {'line': b'-- Up-to-date: /home/mcfb/ros2_ws/install/px4_msgs/include/px4_msgs/px4_msgs/msg/detail/fuel_tank_status__type_support.cpp\n'}
[1.485623] (px4_msgs) StdoutLine: {'line': b'-- Up-to-date: /home/mcfb/ros2_ws/install/px4_msgs/include/px4_msgs/px4_msgs/msg/detail/follow_target_estimator__type_support.cpp\n'}
[1.485875] (px4_msgs) StdoutLine: {'line': b'-- Up-to-date: /home/mcfb/ros2_ws/install/px4_msgs/include/px4_msgs/px4_msgs/msg/detail/unregister_ext_component__type_support.cpp\n'}
[1.485966] (px4_msgs) StdoutLine: {'line': b'-- Up-to-date: /home/mcfb/ros2_ws/install/px4_msgs/include/px4_msgs/px4_msgs/msg/detail/ekf2_timestamps__type_support.cpp\n'}
[1.486053] (px4_msgs) StdoutLine: {'line': b'-- Up-to-date: /home/mcfb/ros2_ws/install/px4_msgs/include/px4_msgs/px4_msgs/msg/detail/pps_capture__type_support.cpp\n'}
[1.486129] (px4_msgs) StdoutLine: {'line': b'-- Up-to-date: /home/mcfb/ros2_ws/install/px4_msgs/include/px4_msgs/px4_msgs/msg/detail/arming_check_request__type_support.cpp\n'}
[1.486216] (px4_msgs) StdoutLine: {'line': b'-- Up-to-date: /home/mcfb/ros2_ws/install/px4_msgs/include/px4_msgs/px4_msgs/msg/detail/battery_info__type_support.cpp\n'}
[1.486278] (px4_msgs) StdoutLine: {'line': b'-- Up-to-date: /home/mcfb/ros2_ws/install/px4_msgs/include/px4_msgs/px4_msgs/msg/detail/follow_target__type_support.cpp\n'}
[1.486339] (px4_msgs) StdoutLine: {'line': b'-- Up-to-date: /home/mcfb/ros2_ws/install/px4_msgs/include/px4_msgs/px4_msgs/msg/detail/sensor_hygrometer__rosidl_typesupport_introspection_cpp.hpp\n'}
[1.486407] (px4_msgs) StdoutLine: {'line': b'-- Up-to-date: /home/mcfb/ros2_ws/install/px4_msgs/include/px4_msgs/px4_msgs/msg/detail/fixed_wing_runway_control__type_support.cpp\n'}
[1.486473] (px4_msgs) StdoutLine: {'line': b'-- Up-to-date: /home/mcfb/ros2_ws/install/px4_msgs/include/px4_msgs/px4_msgs/msg/detail/message_format_response__type_support.cpp\n'}
[1.486540] (px4_msgs) StdoutLine: {'line': b'-- Up-to-date: /home/mcfb/ros2_ws/install/px4_msgs/include/px4_msgs/px4_msgs/msg/detail/mavlink_log__type_support.cpp\n'}
[1.486658] (px4_msgs) StdoutLine: {'line': b'-- Up-to-date: /home/mcfb/ros2_ws/install/px4_msgs/include/px4_msgs/px4_msgs/msg/detail/vehicle_magnetometer__type_support.cpp\n'}
[1.486735] (px4_msgs) StdoutLine: {'line': b'-- Up-to-date: /home/mcfb/ros2_ws/install/px4_msgs/include/px4_msgs/px4_msgs/msg/detail/generator_status__type_support.cpp\n'}
[1.486789] (px4_msgs) StdoutLine: {'line': b'-- Up-to-date: /home/mcfb/ros2_ws/install/px4_msgs/include/px4_msgs/px4_msgs/msg/detail/sensor_baro__rosidl_typesupport_introspection_cpp.hpp\n'}
[1.486848] (px4_msgs) StdoutLine: {'line': b'-- Up-to-date: /home/mcfb/ros2_ws/install/px4_msgs/include/px4_msgs/px4_msgs/msg/detail/debug_vect__rosidl_typesupport_introspection_cpp.hpp\n'}
[1.486905] (px4_msgs) StdoutLine: {'line': b'-- Up-to-date: /home/mcfb/ros2_ws/install/px4_msgs/include/px4_msgs/px4_msgs/msg/detail/gpio_in__type_support.cpp\n'}
[1.486983] (px4_msgs) StdoutLine: {'line': b'-- Up-to-date: /home/mcfb/ros2_ws/install/px4_msgs/include/px4_msgs/px4_msgs/msg/detail/gpio_request__rosidl_typesupport_introspection_cpp.hpp\n'}
[1.487039] (px4_msgs) StdoutLine: {'line': b'-- Up-to-date: /home/mcfb/ros2_ws/install/px4_msgs/include/px4_msgs/px4_msgs/msg/detail/vehicle_acceleration__type_support.cpp\n'}
[1.487107] (px4_msgs) StdoutLine: {'line': b'-- Up-to-date: /home/mcfb/ros2_ws/install/px4_msgs/include/px4_msgs/px4_msgs/msg/detail/gpio_request__type_support.cpp\n'}
[1.487148] (px4_msgs) StdoutLine: {'line': b'-- Up-to-date: /home/mcfb/ros2_ws/install/px4_msgs/include/px4_msgs/px4_msgs/msg/detail/orb_test_large__type_support.cpp\n'}
[1.487185] (px4_msgs) StdoutLine: {'line': b'-- Up-to-date: /home/mcfb/ros2_ws/install/px4_msgs/include/px4_msgs/px4_msgs/msg/detail/manual_control_switches__type_support.cpp\n'}
[1.487232] (px4_msgs) StdoutLine: {'line': b'-- Up-to-date: /home/mcfb/ros2_ws/install/px4_msgs/include/px4_msgs/px4_msgs/msg/detail/vehicle_local_position_setpoint__type_support.cpp\n'}
[1.487283] (px4_msgs) StdoutLine: {'line': b'-- Up-to-date: /home/mcfb/ros2_ws/install/px4_msgs/include/px4_msgs/px4_msgs/msg/detail/pure_pursuit_status__type_support.cpp\n'}
[1.487338] (px4_msgs) StdoutLine: {'line': b'-- Up-to-date: /home/mcfb/ros2_ws/install/px4_msgs/include/px4_msgs/px4_msgs/msg/detail/vehicle_local_position_setpoint__rosidl_typesupport_introspection_cpp.hpp\n'}
[1.487401] (px4_msgs) StdoutLine: {'line': b'-- Up-to-date: /home/mcfb/ros2_ws/install/px4_msgs/include/px4_msgs/px4_msgs/msg/detail/vehicle_imu_status__type_support.cpp\n'}
[1.487457] (px4_msgs) StdoutLine: {'line': b'-- Up-to-date: /home/mcfb/ros2_ws/install/px4_msgs/include/px4_msgs/px4_msgs/msg/detail/can_interface_status__type_support.cpp\n'}
[1.487512] (px4_msgs) StdoutLine: {'line': b'-- Up-to-date: /home/mcfb/ros2_ws/install/px4_msgs/include/px4_msgs/px4_msgs/msg/detail/ping__rosidl_typesupport_introspection_cpp.hpp\n'}
[1.487566] (px4_msgs) StdoutLine: {'line': b'-- Up-to-date: /home/mcfb/ros2_ws/install/px4_msgs/include/px4_msgs/px4_msgs/msg/detail/ulog_stream__type_support.cpp\n'}
[1.487666] (px4_msgs) StdoutLine: {'line': b'-- Up-to-date: /home/mcfb/ros2_ws/install/px4_msgs/include/px4_msgs/px4_msgs/msg/detail/qshell_retval__rosidl_typesupport_introspection_cpp.hpp\n'}
[1.487717] (px4_msgs) StdoutLine: {'line': b'-- Up-to-date: /home/mcfb/ros2_ws/install/px4_msgs/include/px4_msgs/px4_msgs/msg/detail/rover_rate_status__type_support.cpp\n'}
[1.487759] (px4_msgs) StdoutLine: {'line': b'-- Up-to-date: /home/mcfb/ros2_ws/install/px4_msgs/include/px4_msgs/px4_msgs/msg/detail/gps_dump__rosidl_typesupport_introspection_cpp.hpp\n'}
[1.487809] (px4_msgs) StdoutLine: {'line': b'-- Up-to-date: /home/mcfb/ros2_ws/install/px4_msgs/include/px4_msgs/px4_msgs/msg/detail/camera_status__type_support.cpp\n'}
[1.487852] (px4_msgs) StdoutLine: {'line': b'-- Up-to-date: /home/mcfb/ros2_ws/install/px4_msgs/include/px4_msgs/px4_msgs/msg/detail/vehicle_command_ack__type_support.cpp\n'}
[1.487889] (px4_msgs) StdoutLine: {'line': b'-- Up-to-date: /home/mcfb/ros2_ws/install/px4_msgs/include/px4_msgs/px4_msgs/msg/detail/landing_target_innovations__type_support.cpp\n'}
[1.487925] (px4_msgs) StdoutLine: {'line': b'-- Up-to-date: /home/mcfb/ros2_ws/install/px4_msgs/include/px4_msgs/px4_msgs/msg/detail/mission__rosidl_typesupport_introspection_cpp.hpp\n'}
[1.487972] (px4_msgs) StdoutLine: {'line': b'-- Up-to-date: /home/mcfb/ros2_ws/install/px4_msgs/include/px4_msgs/px4_msgs/msg/detail/rpm__type_support.cpp\n'}
[1.488024] (px4_msgs) StdoutLine: {'line': b'-- Up-to-date: /home/mcfb/ros2_ws/install/px4_msgs/include/px4_msgs/px4_msgs/msg/detail/gimbal_manager_set_attitude__rosidl_typesupport_introspection_cpp.hpp\n'}
[1.488075] (px4_msgs) StdoutLine: {'line': b'-- Up-to-date: /home/mcfb/ros2_ws/install/px4_msgs/include/px4_msgs/px4_msgs/msg/detail/estimator_aid_source3d__type_support.cpp\n'}
[1.488131] (px4_msgs) StdoutLine: {'line': b'-- Up-to-date: /home/mcfb/ros2_ws/install/px4_msgs/include/px4_msgs/px4_msgs/msg/detail/cpuload__type_support.cpp\n'}
[1.488190] (px4_msgs) StdoutLine: {'line': b'-- Up-to-date: /home/mcfb/ros2_ws/install/px4_msgs/include/px4_msgs/px4_msgs/msg/detail/satellite_info__rosidl_typesupport_introspection_cpp.hpp\n'}
[1.488246] (px4_msgs) StdoutLine: {'line': b'-- Up-to-date: /home/mcfb/ros2_ws/install/px4_msgs/include/px4_msgs/px4_msgs/msg/detail/sensor_selection__type_support.cpp\n'}
[1.488304] (px4_msgs) StdoutLine: {'line': b'-- Up-to-date: /home/mcfb/ros2_ws/install/px4_msgs/include/px4_msgs/px4_msgs/msg/detail/actuator_armed__type_support.cpp\n'}
[1.488350] (px4_msgs) StdoutLine: {'line': b'-- Up-to-date: /home/mcfb/ros2_ws/install/px4_msgs/include/px4_msgs/px4_msgs/msg/detail/launch_detection_status__rosidl_typesupport_introspection_cpp.hpp\n'}
[1.488390] (px4_msgs) StdoutLine: {'line': b'-- Up-to-date: /home/mcfb/ros2_ws/install/px4_msgs/include/px4_msgs/px4_msgs/msg/detail/rover_steering_setpoint__type_support.cpp\n'}
[1.488429] (px4_msgs) StdoutLine: {'line': b'-- Up-to-date: /home/mcfb/ros2_ws/install/px4_msgs/include/px4_msgs/px4_msgs/msg/detail/sensor_baro__type_support.cpp\n'}
[1.488468] (px4_msgs) StdoutLine: {'line': b'-- Up-to-date: /home/mcfb/ros2_ws/install/px4_msgs/include/px4_msgs/px4_msgs/msg/detail/dronecan_node_status__rosidl_typesupport_introspection_cpp.hpp\n'}
[1.488506] (px4_msgs) StdoutLine: {'line': b'-- Up-to-date: /home/mcfb/ros2_ws/install/px4_msgs/include/px4_msgs/px4_msgs/msg/detail/sensor_gyro_fifo__rosidl_typesupport_introspection_cpp.hpp\n'}
[1.488611] (px4_msgs) StdoutLine: {'line': b'-- Up-to-date: /home/mcfb/ros2_ws/install/px4_msgs/include/px4_msgs/px4_msgs/msg/detail/estimator_aid_source1d__rosidl_typesupport_introspection_cpp.hpp\n'}
[1.488649] (px4_msgs) StdoutLine: {'line': b'-- Up-to-date: /home/mcfb/ros2_ws/install/px4_msgs/include/px4_msgs/px4_msgs/msg/detail/fixed_wing_longitudinal_setpoint__type_support.cpp\n'}
[1.488685] (px4_msgs) StdoutLine: {'line': b'-- Up-to-date: /home/mcfb/ros2_ws/install/px4_msgs/include/px4_msgs/px4_msgs/msg/detail/rtl_status__rosidl_typesupport_introspection_cpp.hpp\n'}
[1.488720] (px4_msgs) StdoutLine: {'line': b'-- Up-to-date: /home/mcfb/ros2_ws/install/px4_msgs/include/px4_msgs/px4_msgs/msg/detail/config_overrides__rosidl_typesupport_introspection_cpp.hpp\n'}
[1.488755] (px4_msgs) StdoutLine: {'line': b'-- Up-to-date: /home/mcfb/ros2_ws/install/px4_msgs/include/px4_msgs/px4_msgs/msg/detail/gpio_config__rosidl_typesupport_introspection_cpp.hpp\n'}
[1.488789] (px4_msgs) StdoutLine: {'line': b'-- Up-to-date: /home/mcfb/ros2_ws/install/px4_msgs/include/px4_msgs/px4_msgs/msg/detail/sensor_accel_fifo__rosidl_typesupport_introspection_cpp.hpp\n'}
[1.488832] (px4_msgs) StdoutLine: {'line': b'-- Up-to-date: /home/mcfb/ros2_ws/install/px4_msgs/include/px4_msgs/px4_msgs/msg/detail/event__rosidl_typesupport_introspection_cpp.hpp\n'}
[1.488871] (px4_msgs) StdoutLine: {'line': b'-- Up-to-date: /home/mcfb/ros2_ws/install/px4_msgs/include/px4_msgs/px4_msgs/msg/detail/debug_value__rosidl_typesupport_introspection_cpp.hpp\n'}
[1.488910] (px4_msgs) StdoutLine: {'line': b'-- Up-to-date: /home/mcfb/ros2_ws/install/px4_msgs/include/px4_msgs/px4_msgs/msg/detail/sensor_optical_flow__type_support.cpp\n'}
[1.488948] (px4_msgs) StdoutLine: {'line': b'-- Up-to-date: /home/mcfb/ros2_ws/install/px4_msgs/include/px4_msgs/px4_msgs/msg/detail/navigator_mission_item__rosidl_typesupport_introspection_cpp.hpp\n'}
[1.488987] (px4_msgs) StdoutLine: {'line': b'-- Up-to-date: /home/mcfb/ros2_ws/install/px4_msgs/include/px4_msgs/px4_msgs/msg/detail/estimator_status__type_support.cpp\n'}
[1.489025] (px4_msgs) StdoutLine: {'line': b'-- Up-to-date: /home/mcfb/ros2_ws/install/px4_msgs/include/px4_msgs/px4_msgs/msg/detail/lateral_control_configuration__rosidl_typesupport_introspection_cpp.hpp\n'}
[1.489068] (px4_msgs) StdoutLine: {'line': b'-- Up-to-date: /home/mcfb/ros2_ws/install/px4_msgs/include/px4_msgs/px4_msgs/msg/detail/cellular_status__type_support.cpp\n'}
[1.489106] (px4_msgs) StdoutLine: {'line': b'-- Up-to-date: /home/mcfb/ros2_ws/install/px4_msgs/include/px4_msgs/px4_msgs/msg/detail/tiltrotor_extra_controls__rosidl_typesupport_introspection_cpp.hpp\n'}
[1.489145] (px4_msgs) StdoutLine: {'line': b'-- Up-to-date: /home/mcfb/ros2_ws/install/px4_msgs/include/px4_msgs/px4_msgs/msg/detail/position_setpoint__type_support.cpp\n'}
[1.489183] (px4_msgs) StdoutLine: {'line': b'-- Up-to-date: /home/mcfb/ros2_ws/install/px4_msgs/include/px4_msgs/px4_msgs/msg/detail/landing_gear__type_support.cpp\n'}
[1.489221] (px4_msgs) StdoutLine: {'line': b'-- Up-to-date: /home/mcfb/ros2_ws/install/px4_msgs/include/px4_msgs/px4_msgs/msg/detail/position_setpoint_triplet__type_support.cpp\n'}
[1.489260] (px4_msgs) StdoutLine: {'line': b'-- Up-to-date: /home/mcfb/ros2_ws/install/px4_msgs/include/px4_msgs/px4_msgs/msg/detail/distance_sensor__type_support.cpp\n'}
[1.489318] (px4_msgs) StdoutLine: {'line': b'-- Up-to-date: /home/mcfb/ros2_ws/install/px4_msgs/include/px4_msgs/px4_msgs/msg/detail/open_drone_id_self_id__rosidl_typesupport_introspection_cpp.hpp\n'}
[1.489376] (px4_msgs) StdoutLine: {'line': b'-- Up-to-date: /home/mcfb/ros2_ws/install/px4_msgs/include/px4_msgs/px4_msgs/msg/detail/parameter_set_value_request__rosidl_typesupport_introspection_cpp.hpp\n'}
[1.489423] (px4_msgs) StdoutLine: {'line': b'-- Up-to-date: /home/mcfb/ros2_ws/install/px4_msgs/include/px4_msgs/px4_msgs/msg/detail/log_message__type_support.cpp\n'}
[1.489487] (px4_msgs) StdoutLine: {'line': b'-- Up-to-date: /home/mcfb/ros2_ws/install/px4_msgs/include/px4_msgs/px4_msgs/msg/detail/landing_target_pose__rosidl_typesupport_introspection_cpp.hpp\n'}
[1.489553] (px4_msgs) StdoutLine: {'line': b'-- Up-to-date: /home/mcfb/ros2_ws/install/px4_msgs/include/px4_msgs/px4_msgs/msg/detail/orb_test_medium__rosidl_typesupport_introspection_cpp.hpp\n'}
[1.489593] (px4_msgs) StdoutLine: {'line': b'-- Up-to-date: /home/mcfb/ros2_ws/install/px4_msgs/include/px4_msgs/px4_msgs/msg/detail/vehicle_command__rosidl_typesupport_introspection_cpp.hpp\n'}
[1.489632] (px4_msgs) StdoutLine: {'line': b'-- Up-to-date: /home/mcfb/ros2_ws/install/px4_msgs/include/px4_msgs/px4_msgs/msg/detail/open_drone_id_operator_id__type_support.cpp\n'}
[1.489672] (px4_msgs) StdoutLine: {'line': b'-- Up-to-date: /home/mcfb/ros2_ws/install/px4_msgs/include/px4_msgs/px4_msgs/msg/detail/gimbal_manager_set_attitude__type_support.cpp\n'}
[1.489711] (px4_msgs) StdoutLine: {'line': b'-- Up-to-date: /home/mcfb/ros2_ws/install/px4_msgs/include/px4_msgs/px4_msgs/msg/detail/vehicle_acceleration__rosidl_typesupport_introspection_cpp.hpp\n'}
[1.489751] (px4_msgs) StdoutLine: {'line': b'-- Up-to-date: /home/mcfb/ros2_ws/install/px4_msgs/include/px4_msgs/px4_msgs/msg/detail/gpio_out__rosidl_typesupport_introspection_cpp.hpp\n'}
[1.489810] (px4_msgs) StdoutLine: {'line': b'-- Up-to-date: /home/mcfb/ros2_ws/install/px4_msgs/include/px4_msgs/px4_msgs/msg/detail/cellular_status__rosidl_typesupport_introspection_cpp.hpp\n'}
[1.489852] (px4_msgs) StdoutLine: {'line': b'-- Up-to-date: /home/mcfb/ros2_ws/install/px4_msgs/include/px4_msgs/px4_msgs/msg/detail/sensor_combined__rosidl_typesupport_introspection_cpp.hpp\n'}
[1.489886] (px4_msgs) StdoutLine: {'line': b'-- Up-to-date: /home/mcfb/ros2_ws/install/px4_msgs/include/px4_msgs/px4_msgs/msg/detail/vehicle_angular_velocity__rosidl_typesupport_introspection_cpp.hpp\n'}
[1.489921] (px4_msgs) StdoutLine: {'line': b'-- Up-to-date: /home/mcfb/ros2_ws/install/px4_msgs/include/px4_msgs/px4_msgs/msg/detail/uavcan_parameter_value__type_support.cpp\n'}
[1.489956] (px4_msgs) StdoutLine: {'line': b'-- Up-to-date: /home/mcfb/ros2_ws/install/px4_msgs/include/px4_msgs/px4_msgs/msg/detail/mode_completed__type_support.cpp\n'}
[1.489995] (px4_msgs) StdoutLine: {'line': b'-- Up-to-date: /home/mcfb/ros2_ws/install/px4_msgs/include/px4_msgs/px4_msgs/msg/detail/sensor_gnss_status__type_support.cpp\n'}
[1.490034] (px4_msgs) StdoutLine: {'line': b'-- Up-to-date: /home/mcfb/ros2_ws/install/px4_msgs/include/px4_msgs/px4_msgs/msg/detail/rover_position_setpoint__rosidl_typesupport_introspection_cpp.hpp\n'}
[1.490072] (px4_msgs) StdoutLine: {'line': b'-- Up-to-date: /home/mcfb/ros2_ws/install/px4_msgs/include/px4_msgs/px4_msgs/msg/detail/timesync_status__rosidl_typesupport_introspection_cpp.hpp\n'}
[1.490110] (px4_msgs) StdoutLine: {'line': b'-- Up-to-date: /home/mcfb/ros2_ws/install/px4_msgs/include/px4_msgs/px4_msgs/msg/detail/message_format_request__type_support.cpp\n'}
[1.490150] (px4_msgs) StdoutLine: {'line': b'-- Up-to-date: /home/mcfb/ros2_ws/install/px4_msgs/include/px4_msgs/px4_msgs/msg/detail/lateral_control_configuration__type_support.cpp\n'}
[1.490189] (px4_msgs) StdoutLine: {'line': b'-- Up-to-date: /home/mcfb/ros2_ws/install/px4_msgs/include/px4_msgs/px4_msgs/msg/detail/actuator_servos_trim__rosidl_typesupport_introspection_cpp.hpp\n'}
[1.490226] (px4_msgs) StdoutLine: {'line': b'-- Up-to-date: /home/mcfb/ros2_ws/install/px4_msgs/include/px4_msgs/px4_msgs/msg/detail/vehicle_thrust_setpoint__type_support.cpp\n'}
[1.490265] (px4_msgs) StdoutLine: {'line': b'-- Up-to-date: /home/mcfb/ros2_ws/install/px4_msgs/include/px4_msgs/px4_msgs/msg/detail/vehicle_imu__rosidl_typesupport_introspection_cpp.hpp\n'}
[1.490328] (px4_msgs) StdoutLine: {'line': b'-- Up-to-date: /home/mcfb/ros2_ws/install/px4_msgs/include/px4_msgs/px4_msgs/msg/detail/task_stack_info__type_support.cpp\n'}
[1.490364] (px4_msgs) StdoutLine: {'line': b'-- Up-to-date: /home/mcfb/ros2_ws/install/px4_msgs/include/px4_msgs/px4_msgs/msg/detail/vehicle_thrust_setpoint__rosidl_typesupport_introspection_cpp.hpp\n'}
[1.490402] (px4_msgs) StdoutLine: {'line': b'-- Up-to-date: /home/mcfb/ros2_ws/install/px4_msgs/include/px4_msgs/px4_msgs/msg/detail/estimator_selector_status__type_support.cpp\n'}
[1.490436] (px4_msgs) StdoutLine: {'line': b'-- Up-to-date: /home/mcfb/ros2_ws/install/px4_msgs/include/px4_msgs/px4_msgs/msg/detail/sensor_gnss_relative__rosidl_typesupport_introspection_cpp.hpp\n'}
[1.490474] (px4_msgs) StdoutLine: {'line': b'-- Up-to-date: /home/mcfb/ros2_ws/install/px4_msgs/include/px4_msgs/px4_msgs/msg/detail/rover_rate_status__rosidl_typesupport_introspection_cpp.hpp\n'}
[1.490508] (px4_msgs) StdoutLine: {'line': b'-- Up-to-date: /home/mcfb/ros2_ws/install/px4_msgs/include/px4_msgs/px4_msgs/msg/detail/internal_combustion_engine_status__rosidl_typesupport_introspection_cpp.hpp\n'}
[1.490544] (px4_msgs) StdoutLine: {'line': b'-- Up-to-date: /home/mcfb/ros2_ws/install/px4_msgs/include/px4_msgs/px4_msgs/msg/detail/hover_thrust_estimate__type_support.cpp\n'}
[1.490579] (px4_msgs) StdoutLine: {'line': b'-- Up-to-date: /home/mcfb/ros2_ws/install/px4_msgs/include/px4_msgs/px4_msgs/msg/detail/esc_status__rosidl_typesupport_introspection_cpp.hpp\n'}
[1.490616] (px4_msgs) StdoutLine: {'line': b'-- Up-to-date: /home/mcfb/ros2_ws/install/px4_msgs/include/px4_msgs/px4_msgs/msg/detail/estimator_sensor_bias__type_support.cpp\n'}
[1.490654] (px4_msgs) StdoutLine: {'line': b'-- Up-to-date: /home/mcfb/ros2_ws/install/px4_msgs/include/px4_msgs/px4_msgs/msg/detail/action_request__type_support.cpp\n'}
[1.490692] (px4_msgs) StdoutLine: {'line': b'-- Up-to-date: /home/mcfb/ros2_ws/install/px4_msgs/include/px4_msgs/px4_msgs/msg/detail/gimbal_device_information__type_support.cpp\n'}
[1.490731] (px4_msgs) StdoutLine: {'line': b'-- Up-to-date: /home/mcfb/ros2_ws/install/px4_msgs/include/px4_msgs/px4_msgs/msg/detail/follow_target__rosidl_typesupport_introspection_cpp.hpp\n'}
[1.490771] (px4_msgs) StdoutLine: {'line': b'-- Up-to-date: /home/mcfb/ros2_ws/install/px4_msgs/include/px4_msgs/px4_msgs/msg/detail/manual_control_switches__rosidl_typesupport_introspection_cpp.hpp\n'}
[1.490809] (px4_msgs) StdoutLine: {'line': b'-- Up-to-date: /home/mcfb/ros2_ws/install/px4_msgs/include/px4_msgs/px4_msgs/msg/detail/vehicle_status__rosidl_typesupport_introspection_cpp.hpp\n'}
[1.490878] (px4_msgs) StdoutLine: {'line': b'-- Up-to-date: /home/mcfb/ros2_ws/install/px4_msgs/include/px4_msgs/px4_msgs/msg/detail/vehicle_air_data__rosidl_typesupport_introspection_cpp.hpp\n'}
[1.490933] (px4_msgs) StdoutLine: {'line': b'-- Up-to-date: /home/mcfb/ros2_ws/install/px4_msgs/include/px4_msgs/px4_msgs/msg/detail/rover_attitude_status__type_support.cpp\n'}
[1.490969] (px4_msgs) StdoutLine: {'line': b'-- Up-to-date: /home/mcfb/ros2_ws/install/px4_msgs/include/px4_msgs/px4_msgs/msg/detail/sensor_gnss_status__rosidl_typesupport_introspection_cpp.hpp\n'}
[1.491005] (px4_msgs) StdoutLine: {'line': b'-- Up-to-date: /home/mcfb/ros2_ws/install/px4_msgs/include/px4_msgs/px4_msgs/msg/detail/navigator_status__type_support.cpp\n'}
[1.491042] (px4_msgs) StdoutLine: {'line': b'-- Up-to-date: /home/mcfb/ros2_ws/install/px4_msgs/include/px4_msgs/px4_msgs/msg/detail/velocity_limits__type_support.cpp\n'}
[1.491078] (px4_msgs) StdoutLine: {'line': b'-- Up-to-date: /home/mcfb/ros2_ws/install/px4_msgs/include/px4_msgs/px4_msgs/msg/detail/pwm_input__rosidl_typesupport_introspection_cpp.hpp\n'}
[1.491114] (px4_msgs) StdoutLine: {'line': b'-- Up-to-date: /home/mcfb/ros2_ws/install/px4_msgs/include/px4_msgs/px4_msgs/msg/detail/esc_status__type_support.cpp\n'}
[1.491173] (px4_msgs) StdoutLine: {'line': b'-- Up-to-date: /home/mcfb/ros2_ws/install/px4_msgs/include/px4_msgs/px4_msgs/msg/detail/register_ext_component_request__type_support.cpp\n'}
[1.491210] (px4_msgs) StdoutLine: {'line': b'-- Up-to-date: /home/mcfb/ros2_ws/install/px4_msgs/include/px4_msgs/px4_msgs/msg/detail/qshell_req__type_support.cpp\n'}
[1.491246] (px4_msgs) StdoutLine: {'line': b'-- Up-to-date: /home/mcfb/ros2_ws/install/px4_msgs/include/px4_msgs/px4_msgs/msg/detail/magnetometer_bias_estimate__type_support.cpp\n'}
[1.491284] (px4_msgs) StdoutLine: {'line': b'-- Up-to-date: /home/mcfb/ros2_ws/install/px4_msgs/include/px4_msgs/px4_msgs/msg/detail/estimator_aid_source1d__type_support.cpp\n'}
[1.491320] (px4_msgs) StdoutLine: {'line': b'-- Up-to-date: /home/mcfb/ros2_ws/install/px4_msgs/include/px4_msgs/px4_msgs/msg/detail/irlock_report__type_support.cpp\n'}
[1.491356] (px4_msgs) StdoutLine: {'line': b'-- Up-to-date: /home/mcfb/ros2_ws/install/px4_msgs/include/px4_msgs/px4_msgs/msg/detail/distance_sensor__rosidl_typesupport_introspection_cpp.hpp\n'}
[1.491392] (px4_msgs) StdoutLine: {'line': b'-- Up-to-date: /home/mcfb/ros2_ws/install/px4_msgs/include/px4_msgs/px4_msgs/msg/detail/gimbal_device_set_attitude__type_support.cpp\n'}
[1.491431] (px4_msgs) StdoutLine: {'line': b'-- Up-to-date: /home/mcfb/ros2_ws/install/px4_msgs/include/px4_msgs/px4_msgs/msg/detail/fixed_wing_lateral_setpoint__rosidl_typesupport_introspection_cpp.hpp\n'}
[1.491471] (px4_msgs) StdoutLine: {'line': b'-- Up-to-date: /home/mcfb/ros2_ws/install/px4_msgs/include/px4_msgs/px4_msgs/msg/detail/geofence_result__type_support.cpp\n'}
[1.491531] (px4_msgs) StdoutLine: {'line': b'-- Up-to-date: /home/mcfb/ros2_ws/install/px4_msgs/include/px4_msgs/px4_msgs/msg/detail/gps_dump__type_support.cpp\n'}
[1.491569] (px4_msgs) StdoutLine: {'line': b'-- Up-to-date: /home/mcfb/ros2_ws/install/px4_msgs/include/px4_msgs/px4_msgs/msg/detail/sensor_gnss_relative__type_support.cpp\n'}
[1.491608] (px4_msgs) StdoutLine: {'line': b'-- Up-to-date: /home/mcfb/ros2_ws/install/px4_msgs/include/px4_msgs/px4_msgs/msg/detail/actuator_servos__type_support.cpp\n'}
[1.491647] (px4_msgs) StdoutLine: {'line': b'-- Up-to-date: /home/mcfb/ros2_ws/install/px4_msgs/include/px4_msgs/px4_msgs/msg/detail/sensor_combined__type_support.cpp\n'}
[1.491683] (px4_msgs) StdoutLine: {'line': b'-- Up-to-date: /home/mcfb/ros2_ws/install/px4_msgs/include/px4_msgs/px4_msgs/msg/detail/orbit_status__rosidl_typesupport_introspection_cpp.hpp\n'}
[1.491722] (px4_msgs) StdoutLine: {'line': b'-- Up-to-date: /home/mcfb/ros2_ws/install/px4_msgs/include/px4_msgs/px4_msgs/msg/detail/sensor_mag__type_support.cpp\n'}
[1.491770] (px4_msgs) StdoutLine: {'line': b'-- Up-to-date: /home/mcfb/ros2_ws/install/px4_msgs/include/px4_msgs/px4_msgs/msg/detail/vehicle_odometry__type_support.cpp\n'}
[1.491821] (px4_msgs) StdoutLine: {'line': b'-- Up-to-date: /home/mcfb/ros2_ws/install/px4_msgs/include/px4_msgs/px4_msgs/msg/detail/follow_target_estimator__rosidl_typesupport_introspection_cpp.hpp\n'}
[1.491886] (px4_msgs) StdoutLine: {'line': b'-- Up-to-date: /home/mcfb/ros2_ws/install/px4_msgs/include/px4_msgs/px4_msgs/msg/detail/differential_pressure__rosidl_typesupport_introspection_cpp.hpp\n'}
[1.491927] (px4_msgs) StdoutLine: {'line': b'-- Up-to-date: /home/mcfb/ros2_ws/install/px4_msgs/include/px4_msgs/px4_msgs/msg/detail/ulog_stream_ack__rosidl_typesupport_introspection_cpp.hpp\n'}
[1.491968] (px4_msgs) StdoutLine: {'line': b'-- Up-to-date: /home/mcfb/ros2_ws/install/px4_msgs/include/px4_msgs/px4_msgs/msg/detail/adc_report__rosidl_typesupport_introspection_cpp.hpp\n'}
[1.492010] (px4_msgs) StdoutLine: {'line': b'-- Up-to-date: /home/mcfb/ros2_ws/install/px4_msgs/include/px4_msgs/px4_msgs/msg/detail/can_interface_status__rosidl_typesupport_introspection_cpp.hpp\n'}
[1.492050] (px4_msgs) StdoutLine: {'line': b'-- Up-to-date: /home/mcfb/ros2_ws/install/px4_msgs/include/px4_msgs/px4_msgs/msg/detail/rover_speed_status__rosidl_typesupport_introspection_cpp.hpp\n'}
[1.492116] (px4_msgs) StdoutLine: {'line': b'-- Up-to-date: /home/mcfb/ros2_ws/install/px4_msgs/include/px4_msgs/px4_msgs/msg/detail/estimator_innovations__type_support.cpp\n'}
[1.492157] (px4_msgs) StdoutLine: {'line': b'-- Up-to-date: /home/mcfb/ros2_ws/install/px4_msgs/include/px4_msgs/px4_msgs/msg/detail/rtl_time_estimate__type_support.cpp\n'}
[1.492208] (px4_msgs) StdoutLine: {'line': b'-- Up-to-date: /home/mcfb/ros2_ws/install/px4_msgs/include/px4_msgs/px4_msgs/msg/detail/landing_target_innovations__rosidl_typesupport_introspection_cpp.hpp\n'}
[1.492251] (px4_msgs) StdoutLine: {'line': b'-- Up-to-date: /home/mcfb/ros2_ws/install/px4_msgs/include/px4_msgs/px4_msgs/msg/detail/vehicle_rates_setpoint__rosidl_typesupport_introspection_cpp.hpp\n'}
[1.492301] (px4_msgs) StdoutLine: {'line': b'-- Up-to-date: /home/mcfb/ros2_ws/install/px4_msgs/include/px4_msgs/px4_msgs/msg/detail/control_allocator_status__type_support.cpp\n'}
[1.492395] (px4_msgs) StdoutLine: {'line': b'-- Up-to-date: /home/mcfb/ros2_ws/install/px4_msgs/include/px4_msgs/px4_msgs/msg/detail/mavlink_log__rosidl_typesupport_introspection_cpp.hpp\n'}
[1.492435] (px4_msgs) StdoutLine: {'line': b'-- Up-to-date: /home/mcfb/ros2_ws/install/px4_msgs/include/px4_msgs/px4_msgs/msg/detail/camera_capture__type_support.cpp\n'}
[1.492475] (px4_msgs) StdoutLine: {'line': b'-- Up-to-date: /home/mcfb/ros2_ws/install/px4_msgs/include/px4_msgs/px4_msgs/msg/detail/mavlink_tunnel__type_support.cpp\n'}
[1.492514] (px4_msgs) StdoutLine: {'line': b'-- Up-to-date: /home/mcfb/ros2_ws/install/px4_msgs/include/px4_msgs/px4_msgs/msg/detail/message_format_request__rosidl_typesupport_introspection_cpp.hpp\n'}
[1.492551] (px4_msgs) StdoutLine: {'line': b'-- Up-to-date: /home/mcfb/ros2_ws/install/px4_msgs/include/px4_msgs/px4_msgs/msg/detail/led_control__type_support.cpp\n'}
[1.492594] (px4_msgs) StdoutLine: {'line': b'-- Up-to-date: /home/mcfb/ros2_ws/install/px4_msgs/include/px4_msgs/px4_msgs/msg/detail/estimator_gps_status__rosidl_typesupport_introspection_cpp.hpp\n'}
[1.492635] (px4_msgs) StdoutLine: {'line': b'-- Up-to-date: /home/mcfb/ros2_ws/install/px4_msgs/include/px4_msgs/px4_msgs/msg/detail/vehicle_optical_flow__rosidl_typesupport_introspection_cpp.hpp\n'}
[1.492677] (px4_msgs) StdoutLine: {'line': b'-- Up-to-date: /home/mcfb/ros2_ws/install/px4_msgs/include/px4_msgs/px4_msgs/msg/detail/ulog_stream_ack__type_support.cpp\n'}
[1.492716] (px4_msgs) StdoutLine: {'line': b'-- Up-to-date: /home/mcfb/ros2_ws/install/px4_msgs/include/px4_msgs/px4_msgs/msg/detail/failsafe_flags__rosidl_typesupport_introspection_cpp.hpp\n'}
[1.492756] (px4_msgs) StdoutLine: {'line': b'-- Up-to-date: /home/mcfb/ros2_ws/install/px4_msgs/include/px4_msgs/px4_msgs/msg/detail/vehicle_attitude__type_support.cpp\n'}
[1.492795] (px4_msgs) StdoutLine: {'line': b'-- Up-to-date: /home/mcfb/ros2_ws/install/px4_msgs/include/px4_msgs/px4_msgs/msg/detail/home_position__type_support.cpp\n'}
[1.492842] (px4_msgs) StdoutLine: {'line': b'-- Up-to-date: /home/mcfb/ros2_ws/install/px4_msgs/include/px4_msgs/px4_msgs/msg/detail/vehicle_land_detected__rosidl_typesupport_introspection_cpp.hpp\n'}
[1.492910] (px4_msgs) StdoutLine: {'line': b'-- Up-to-date: /home/mcfb/ros2_ws/install/px4_msgs/include/px4_msgs/px4_msgs/msg/detail/gimbal_manager_status__type_support.cpp\n'}
[1.492959] (px4_msgs) StdoutLine: {'line': b'-- Up-to-date: /home/mcfb/ros2_ws/install/px4_msgs/include/px4_msgs/px4_msgs/msg/detail/vehicle_land_detected__type_support.cpp\n'}
[1.493000] (px4_msgs) StdoutLine: {'line': b'-- Up-to-date: /home/mcfb/ros2_ws/install/px4_msgs/include/px4_msgs/px4_msgs/msg/detail/open_drone_id_system__type_support.cpp\n'}
[1.493041] (px4_msgs) StdoutLine: {'line': b'-- Up-to-date: /home/mcfb/ros2_ws/install/px4_msgs/include/px4_msgs/px4_msgs/msg/detail/vehicle_command__type_support.cpp\n'}
[1.493081] (px4_msgs) StdoutLine: {'line': b'-- Up-to-date: /home/mcfb/ros2_ws/install/px4_msgs/include/px4_msgs/px4_msgs/msg/detail/rpm__rosidl_typesupport_introspection_cpp.hpp\n'}
[1.493123] (px4_msgs) StdoutLine: {'line': b'-- Up-to-date: /home/mcfb/ros2_ws/install/px4_msgs/include/px4_msgs/px4_msgs/msg/detail/qshell_retval__type_support.cpp\n'}
[1.493165] (px4_msgs) StdoutLine: {'line': b'-- Up-to-date: /home/mcfb/ros2_ws/install/px4_msgs/include/px4_msgs/px4_msgs/msg/detail/qshell_req__rosidl_typesupport_introspection_cpp.hpp\n'}
[1.493205] (px4_msgs) StdoutLine: {'line': b'-- Up-to-date: /home/mcfb/ros2_ws/install/px4_msgs/include/px4_msgs/px4_msgs/msg/detail/radio_status__rosidl_typesupport_introspection_cpp.hpp\n'}
[1.493246] (px4_msgs) StdoutLine: {'line': b'-- Up-to-date: /home/mcfb/ros2_ws/install/px4_msgs/include/px4_msgs/px4_msgs/msg/detail/telemetry_status__rosidl_typesupport_introspection_cpp.hpp\n'}
[1.493310] (px4_msgs) StdoutLine: {'line': b'-- Up-to-date: /home/mcfb/ros2_ws/install/px4_msgs/include/px4_msgs/px4_msgs/msg/detail/parameter_set_value_response__rosidl_typesupport_introspection_cpp.hpp\n'}
[1.493351] (px4_msgs) StdoutLine: {'line': b'-- Up-to-date: /home/mcfb/ros2_ws/install/px4_msgs/include/px4_msgs/px4_msgs/msg/detail/collision_constraints__type_support.cpp\n'}
[1.493415] (px4_msgs) StdoutLine: {'line': b'-- Up-to-date: /home/mcfb/ros2_ws/install/px4_msgs/include/px4_msgs/px4_msgs/msg/detail/vehicle_local_position__type_support.cpp\n'}
[1.493453] (px4_msgs) StdoutLine: {'line': b'-- Up-to-date: /home/mcfb/ros2_ws/install/px4_msgs/include/px4_msgs/px4_msgs/msg/detail/arming_check_reply__type_support.cpp\n'}
[1.493490] (px4_msgs) StdoutLine: {'line': b'-- Up-to-date: /home/mcfb/ros2_ws/install/px4_msgs/include/px4_msgs/px4_msgs/msg/detail/vehicle_angular_acceleration_setpoint__rosidl_typesupport_introspection_cpp.hpp\n'}
[1.493528] (px4_msgs) StdoutLine: {'line': b'-- Up-to-date: /home/mcfb/ros2_ws/install/px4_msgs/include/px4_msgs/px4_msgs/msg/detail/satellite_info__type_support.cpp\n'}
[1.493565] (px4_msgs) StdoutLine: {'line': b'-- Up-to-date: /home/mcfb/ros2_ws/install/px4_msgs/include/px4_msgs/px4_msgs/msg/detail/vehicle_control_mode__type_support.cpp\n'}
[1.493607] (px4_msgs) StdoutLine: {'line': b'-- Up-to-date: /home/mcfb/ros2_ws/install/px4_msgs/include/px4_msgs/px4_msgs/msg/detail/button_event__rosidl_typesupport_introspection_cpp.hpp\n'}
[1.493647] (px4_msgs) StdoutLine: {'line': b'-- Up-to-date: /home/mcfb/ros2_ws/install/px4_msgs/include/px4_msgs/px4_msgs/msg/detail/tune_control__rosidl_typesupport_introspection_cpp.hpp\n'}
[1.493688] (px4_msgs) StdoutLine: {'line': b'-- Up-to-date: /home/mcfb/ros2_ws/install/px4_msgs/include/px4_msgs/px4_msgs/msg/detail/manual_control_setpoint__type_support.cpp\n'}
[1.493728] (px4_msgs) StdoutLine: {'line': b'-- Up-to-date: /home/mcfb/ros2_ws/install/px4_msgs/include/px4_msgs/px4_msgs/msg/detail/vehicle_air_data__type_support.cpp\n'}
[1.493768] (px4_msgs) StdoutLine: {'line': b'-- Up-to-date: /home/mcfb/ros2_ws/install/px4_msgs/include/px4_msgs/px4_msgs/msg/detail/sensors_status__rosidl_typesupport_introspection_cpp.hpp\n'}
[1.493810] (px4_msgs) StdoutLine: {'line': b'-- Up-to-date: /home/mcfb/ros2_ws/install/px4_msgs/include/px4_msgs/px4_msgs/msg/detail/log_message__rosidl_typesupport_introspection_cpp.hpp\n'}
[1.493857] (px4_msgs) StdoutLine: {'line': b'-- Up-to-date: /home/mcfb/ros2_ws/install/px4_msgs/include/px4_msgs/px4_msgs/msg/detail/dronecan_node_status__type_support.cpp\n'}
[1.493897] (px4_msgs) StdoutLine: {'line': b'-- Up-to-date: /home/mcfb/ros2_ws/install/px4_msgs/include/px4_msgs/px4_msgs/msg/detail/power_button_state__rosidl_typesupport_introspection_cpp.hpp\n'}
[1.493938] (px4_msgs) StdoutLine: {'line': b'-- Up-to-date: /home/mcfb/ros2_ws/install/px4_msgs/include/px4_msgs/px4_msgs/msg/detail/position_setpoint_triplet__rosidl_typesupport_introspection_cpp.hpp\n'}
[1.493978] (px4_msgs) StdoutLine: {'line': b'-- Up-to-date: /home/mcfb/ros2_ws/install/px4_msgs/include/px4_msgs/px4_msgs/msg/detail/orb_test__type_support.cpp\n'}
[1.494019] (px4_msgs) StdoutLine: {'line': b'-- Up-to-date: /home/mcfb/ros2_ws/install/px4_msgs/include/px4_msgs/px4_msgs/msg/detail/rover_position_setpoint__type_support.cpp\n'}
[1.494059] (px4_msgs) StdoutLine: {'line': b'-- Up-to-date: /home/mcfb/ros2_ws/install/px4_msgs/include/px4_msgs/px4_msgs/msg/detail/longitudinal_control_configuration__type_support.cpp\n'}
[1.494102] (px4_msgs) StdoutLine: {'line': b'-- Up-to-date: /home/mcfb/ros2_ws/install/px4_msgs/include/px4_msgs/px4_msgs/msg/detail/led_control__rosidl_typesupport_introspection_cpp.hpp\n'}
[1.494143] (px4_msgs) StdoutLine: {'line': b'-- Up-to-date: /home/mcfb/ros2_ws/install/px4_msgs/include/px4_msgs/px4_msgs/msg/detail/figure_eight_status__rosidl_typesupport_introspection_cpp.hpp\n'}
[1.494229] (px4_msgs) StdoutLine: {'line': b'-- Up-to-date: /home/mcfb/ros2_ws/install/px4_msgs/include/px4_msgs/px4_msgs/msg/detail/power_button_state__type_support.cpp\n'}
[1.494269] (px4_msgs) StdoutLine: {'line': b'-- Up-to-date: /home/mcfb/ros2_ws/install/px4_msgs/include/px4_msgs/px4_msgs/msg/detail/differential_pressure__type_support.cpp\n'}
[1.494305] (px4_msgs) StdoutLine: {'line': b'-- Up-to-date: /home/mcfb/ros2_ws/install/px4_msgs/include/px4_msgs/px4_msgs/msg/detail/actuator_outputs__rosidl_typesupport_introspection_cpp.hpp\n'}
[1.494342] (px4_msgs) StdoutLine: {'line': b'-- Up-to-date: /home/mcfb/ros2_ws/install/px4_msgs/include/px4_msgs/px4_msgs/msg/detail/adc_report__type_support.cpp\n'}
[1.494382] (px4_msgs) StdoutLine: {'line': b'-- Up-to-date: /home/mcfb/ros2_ws/install/px4_msgs/include/px4_msgs/px4_msgs/msg/detail/airspeed__type_support.cpp\n'}
[1.494422] (px4_msgs) StdoutLine: {'line': b'-- Up-to-date: /home/mcfb/ros2_ws/install/px4_msgs/include/px4_msgs/px4_msgs/msg/detail/actuator_controls_status__type_support.cpp\n'}
[1.494461] (px4_msgs) StdoutLine: {'line': b'-- Up-to-date: /home/mcfb/ros2_ws/install/px4_msgs/include/px4_msgs/px4_msgs/msg/detail/iridiumsbd_status__type_support.cpp\n'}
[1.494499] (px4_msgs) StdoutLine: {'line': b'-- Up-to-date: /home/mcfb/ros2_ws/install/px4_msgs/include/px4_msgs/px4_msgs/msg/detail/sensor_accel__type_support.cpp\n'}
[1.494538] (px4_msgs) StdoutLine: {'line': b'-- Up-to-date: /home/mcfb/ros2_ws/install/px4_msgs/include/px4_msgs/px4_msgs/msg/detail/sensors_status_imu__type_support.cpp\n'}
[1.494577] (px4_msgs) StdoutLine: {'line': b'-- Up-to-date: /home/mcfb/ros2_ws/install/px4_msgs/include/px4_msgs/px4_msgs/msg/detail/parameter_set_value_request__type_support.cpp\n'}
[1.494651] (px4_msgs) StdoutLine: {'line': b'-- Up-to-date: /home/mcfb/ros2_ws/install/px4_msgs/include/px4_msgs/px4_msgs/msg/detail/health_report__type_support.cpp\n'}
[1.494689] (px4_msgs) StdoutLine: {'line': b'-- Up-to-date: /home/mcfb/ros2_ws/install/px4_msgs/include/px4_msgs/px4_msgs/msg/detail/estimator_bias__rosidl_typesupport_introspection_cpp.hpp\n'}
[1.494728] (px4_msgs) StdoutLine: {'line': b'-- Up-to-date: /home/mcfb/ros2_ws/install/px4_msgs/include/px4_msgs/px4_msgs/msg/detail/figure_eight_status__type_support.cpp\n'}
[1.494767] (px4_msgs) StdoutLine: {'line': b'-- Up-to-date: /home/mcfb/ros2_ws/install/px4_msgs/include/px4_msgs/px4_msgs/msg/detail/sensor_gyro_fft__rosidl_typesupport_introspection_cpp.hpp\n'}
[1.494805] (px4_msgs) StdoutLine: {'line': b'-- Up-to-date: /home/mcfb/ros2_ws/install/px4_msgs/include/px4_msgs/px4_msgs/msg/detail/unregister_ext_component__rosidl_typesupport_introspection_cpp.hpp\n'}
[1.494852] (px4_msgs) StdoutLine: {'line': b'-- Up-to-date: /home/mcfb/ros2_ws/install/px4_msgs/include/px4_msgs/px4_msgs/msg/detail/vehicle_angular_acceleration_setpoint__type_support.cpp\n'}
[1.494892] (px4_msgs) StdoutLine: {'line': b'-- Up-to-date: /home/mcfb/ros2_ws/install/px4_msgs/include/px4_msgs/px4_msgs/msg/detail/vehicle_local_position__rosidl_typesupport_introspection_cpp.hpp\n'}
[1.494932] (px4_msgs) StdoutLine: {'line': b'-- Up-to-date: /home/mcfb/ros2_ws/install/px4_msgs/include/px4_msgs/px4_msgs/msg/detail/task_stack_info__rosidl_typesupport_introspection_cpp.hpp\n'}
[1.494972] (px4_msgs) StdoutLine: {'line': b'-- Up-to-date: /home/mcfb/ros2_ws/install/px4_msgs/include/px4_msgs/px4_msgs/msg/detail/estimator_states__type_support.cpp\n'}
[1.495009] (px4_msgs) StdoutLine: {'line': b'-- Up-to-date: /home/mcfb/ros2_ws/install/px4_msgs/include/px4_msgs/px4_msgs/msg/detail/timesync_status__type_support.cpp\n'}
[1.495046] (px4_msgs) StdoutLine: {'line': b'-- Up-to-date: /home/mcfb/ros2_ws/install/px4_msgs/include/px4_msgs/px4_msgs/msg/detail/open_drone_id_self_id__type_support.cpp\n'}
[1.495086] (px4_msgs) StdoutLine: {'line': b'-- Up-to-date: /home/mcfb/ros2_ws/install/px4_msgs/include/px4_msgs/px4_msgs/msg/detail/rover_speed_status__type_support.cpp\n'}
[1.495124] (px4_msgs) StdoutLine: {'line': b'-- Up-to-date: /home/mcfb/ros2_ws/install/px4_msgs/include/px4_msgs/px4_msgs/msg/detail/fuel_tank_status__rosidl_typesupport_introspection_cpp.hpp\n'}
[1.495182] (px4_msgs) StdoutLine: {'line': b'-- Up-to-date: /home/mcfb/ros2_ws/install/px4_msgs/include/px4_msgs/px4_msgs/msg/detail/landing_gear_wheel__rosidl_typesupport_introspection_cpp.hpp\n'}
[1.495217] (px4_msgs) StdoutLine: {'line': b'-- Up-to-date: /home/mcfb/ros2_ws/install/px4_msgs/include/px4_msgs/px4_msgs/msg/detail/vehicle_attitude__rosidl_typesupport_introspection_cpp.hpp\n'}
[1.495251] (px4_msgs) StdoutLine: {'line': b'-- Up-to-date: /home/mcfb/ros2_ws/install/px4_msgs/include/px4_msgs/px4_msgs/msg/detail/gps_inject_data__rosidl_typesupport_introspection_cpp.hpp\n'}
[1.495286] (px4_msgs) StdoutLine: {'line': b'-- Up-to-date: /home/mcfb/ros2_ws/install/px4_msgs/include/px4_msgs/px4_msgs/msg/detail/position_controller_status__rosidl_typesupport_introspection_cpp.hpp\n'}
[1.495322] (px4_msgs) StdoutLine: {'line': b'-- Up-to-date: /home/mcfb/ros2_ws/install/px4_msgs/include/px4_msgs/px4_msgs/msg/detail/generator_status__rosidl_typesupport_introspection_cpp.hpp\n'}
[1.495358] (px4_msgs) StdoutLine: {'line': b'-- Up-to-date: /home/mcfb/ros2_ws/install/px4_msgs/include/px4_msgs/px4_msgs/msg/detail/esc_report__type_support.cpp\n'}
[1.495393] (px4_msgs) StdoutLine: {'line': b'-- Up-to-date: /home/mcfb/ros2_ws/install/px4_msgs/include/px4_msgs/px4_msgs/msg/detail/velocity_limits__rosidl_typesupport_introspection_cpp.hpp\n'}
[1.495428] (px4_msgs) StdoutLine: {'line': b'-- Up-to-date: /home/mcfb/ros2_ws/install/px4_msgs/include/px4_msgs/px4_msgs/msg/detail/transponder_report__rosidl_typesupport_introspection_cpp.hpp\n'}
[1.495479] (px4_msgs) StdoutLine: {'line': b'-- Up-to-date: /home/mcfb/ros2_ws/install/px4_msgs/include/px4_msgs/px4_msgs/msg/detail/trajectory_setpoint6dof__rosidl_typesupport_introspection_cpp.hpp\n'}
[1.495538] (px4_msgs) StdoutLine: {'line': b'-- Up-to-date: /home/mcfb/ros2_ws/install/px4_msgs/include/px4_msgs/px4_msgs/msg/detail/heater_status__rosidl_typesupport_introspection_cpp.hpp\n'}
[1.495577] (px4_msgs) StdoutLine: {'line': b'-- Up-to-date: /home/mcfb/ros2_ws/install/px4_msgs/include/px4_msgs/px4_msgs/msg/detail/sensor_optical_flow__rosidl_typesupport_introspection_cpp.hpp\n'}
[1.495616] (px4_msgs) StdoutLine: {'line': b'-- Up-to-date: /home/mcfb/ros2_ws/install/px4_msgs/include/px4_msgs/px4_msgs/msg/detail/estimator_bias3d__type_support.cpp\n'}
[1.495653] (px4_msgs) StdoutLine: {'line': b'-- Up-to-date: /home/mcfb/ros2_ws/install/px4_msgs/include/px4_msgs/px4_msgs/msg/detail/failure_detector_status__type_support.cpp\n'}
[1.495693] (px4_msgs) StdoutLine: {'line': b'-- Up-to-date: /home/mcfb/ros2_ws/install/px4_msgs/include/px4_msgs/px4_msgs/msg/detail/fixed_wing_lateral_guidance_status__type_support.cpp\n'}
[1.495732] (px4_msgs) StdoutLine: {'line': b'-- Up-to-date: /home/mcfb/ros2_ws/install/px4_msgs/include/px4_msgs/px4_msgs/msg/detail/register_ext_component_reply__type_support.cpp\n'}
[1.495789] (px4_msgs) StdoutLine: {'line': b'-- Up-to-date: /home/mcfb/ros2_ws/install/px4_msgs/include/px4_msgs/px4_msgs/msg/detail/fixed_wing_lateral_setpoint__type_support.cpp\n'}
[1.495828] (px4_msgs) StdoutLine: {'line': b'-- Up-to-date: /home/mcfb/ros2_ws/install/px4_msgs/include/px4_msgs/px4_msgs/msg/detail/actuator_motors__rosidl_typesupport_introspection_cpp.hpp\n'}
[1.495863] (px4_msgs) StdoutLine: {'line': b'-- Up-to-date: /home/mcfb/ros2_ws/install/px4_msgs/include/px4_msgs/px4_msgs/msg/detail/rc_parameter_map__type_support.cpp\n'}
[1.495898] (px4_msgs) StdoutLine: {'line': b'-- Up-to-date: /home/mcfb/ros2_ws/install/px4_msgs/include/px4_msgs/px4_msgs/msg/detail/transponder_report__type_support.cpp\n'}
[1.495934] (px4_msgs) StdoutLine: {'line': b'-- Up-to-date: /home/mcfb/ros2_ws/install/px4_msgs/include/px4_msgs/px4_msgs/msg/detail/sensor_mag__rosidl_typesupport_introspection_cpp.hpp\n'}
[1.495970] (px4_msgs) StdoutLine: {'line': b'-- Up-to-date: /home/mcfb/ros2_ws/install/px4_msgs/include/px4_msgs/px4_msgs/msg/detail/rc_parameter_map__rosidl_typesupport_introspection_cpp.hpp\n'}
[1.496006] (px4_msgs) StdoutLine: {'line': b'-- Up-to-date: /home/mcfb/ros2_ws/install/px4_msgs/include/px4_msgs/px4_msgs/msg/detail/parameter_set_value_response__type_support.cpp\n'}
[1.496061] (px4_msgs) StdoutLine: {'line': b'-- Up-to-date: /home/mcfb/ros2_ws/install/px4_msgs/include/px4_msgs/px4_msgs/msg/detail/sensor_gps__rosidl_typesupport_introspection_cpp.hpp\n'}
[1.496097] (px4_msgs) StdoutLine: {'line': b'-- Up-to-date: /home/mcfb/ros2_ws/install/px4_msgs/include/px4_msgs/px4_msgs/msg/detail/open_drone_id_arm_status__type_support.cpp\n'}
[1.496130] (px4_msgs) StdoutLine: {'line': b'-- Up-to-date: /home/mcfb/ros2_ws/install/px4_msgs/include/px4_msgs/px4_msgs/msg/detail/vehicle_angular_velocity__type_support.cpp\n'}
[1.496178] (px4_msgs) StdoutLine: {'line': b'-- Up-to-date: /home/mcfb/ros2_ws/install/px4_msgs/include/px4_msgs/px4_msgs/msg/detail/distance_sensor_mode_change_request__type_support.cpp\n'}
[1.496234] (px4_msgs) StdoutLine: {'line': b'-- Up-to-date: /home/mcfb/ros2_ws/install/px4_msgs/include/px4_msgs/px4_msgs/msg/detail/ulog_stream__rosidl_typesupport_introspection_cpp.hpp\n'}
[1.496288] (px4_msgs) StdoutLine: {'line': b'-- Up-to-date: /home/mcfb/ros2_ws/install/px4_msgs/include/px4_msgs/px4_msgs/msg/detail/rc_channels__rosidl_typesupport_introspection_cpp.hpp\n'}
[1.496338] (px4_msgs) StdoutLine: {'line': b'-- Up-to-date: /home/mcfb/ros2_ws/install/px4_msgs/include/px4_msgs/px4_msgs/msg/detail/wind__rosidl_typesupport_introspection_cpp.hpp\n'}
[1.496392] (px4_msgs) StdoutLine: {'line': b'-- Up-to-date: /home/mcfb/ros2_ws/install/px4_msgs/include/px4_msgs/px4_msgs/msg/detail/vehicle_torque_setpoint__rosidl_typesupport_introspection_cpp.hpp\n'}
[1.496448] (px4_msgs) StdoutLine: {'line': b'-- Up-to-date: /home/mcfb/ros2_ws/install/px4_msgs/include/px4_msgs/px4_msgs/msg/detail/neural_control__type_support.cpp\n'}
[1.496491] (px4_msgs) StdoutLine: {'line': b'-- Up-to-date: /home/mcfb/ros2_ws/install/px4_msgs/include/px4_msgs/px4_msgs/msg/detail/gimbal_device_attitude_status__type_support.cpp\n'}
[1.496531] (px4_msgs) StdoutLine: {'line': b'-- Up-to-date: /home/mcfb/ros2_ws/install/px4_msgs/include/px4_msgs/px4_msgs/msg/detail/actuator_servos_trim__type_support.cpp\n'}
[1.496570] (px4_msgs) StdoutLine: {'line': b'-- Up-to-date: /home/mcfb/ros2_ws/install/px4_msgs/include/px4_msgs/px4_msgs/msg/detail/debug_array__rosidl_typesupport_introspection_cpp.hpp\n'}
[1.496608] (px4_msgs) StdoutLine: {'line': b'-- Up-to-date: /home/mcfb/ros2_ws/install/px4_msgs/include/px4_msgs/px4_msgs/msg/detail/actuator_motors__type_support.cpp\n'}
[1.496648] (px4_msgs) StdoutLine: {'line': b'-- Up-to-date: /home/mcfb/ros2_ws/install/px4_msgs/include/px4_msgs/px4_msgs/msg/detail/arming_check_reply__rosidl_typesupport_introspection_cpp.hpp\n'}
[1.496687] (px4_msgs) StdoutLine: {'line': b'-- Up-to-date: /home/mcfb/ros2_ws/install/px4_msgs/include/px4_msgs/px4_msgs/msg/detail/geofence_status__rosidl_typesupport_introspection_cpp.hpp\n'}
[1.496755] (px4_msgs) StdoutLine: {'line': b'-- Up-to-date: /home/mcfb/ros2_ws/install/px4_msgs/include/px4_msgs/px4_msgs/msg/detail/obstacle_distance__type_support.cpp\n'}
[1.496793] (px4_msgs) StdoutLine: {'line': b'-- Up-to-date: /home/mcfb/ros2_ws/install/px4_msgs/include/px4_msgs/px4_msgs/msg/detail/rover_rate_setpoint__rosidl_typesupport_introspection_cpp.hpp\n'}
[1.496835] (px4_msgs) StdoutLine: {'line': b'-- Up-to-date: /home/mcfb/ros2_ws/install/px4_msgs/include/px4_msgs/px4_msgs/msg/detail/sensor_selection__rosidl_typesupport_introspection_cpp.hpp\n'}
[1.496874] (px4_msgs) StdoutLine: {'line': b'-- Up-to-date: /home/mcfb/ros2_ws/install/px4_msgs/include/px4_msgs/px4_msgs/msg/detail/uavcan_parameter_request__type_support.cpp\n'}
[1.496919] (px4_msgs) StdoutLine: {'line': b'-- Up-to-date: /home/mcfb/ros2_ws/install/px4_msgs/include/px4_msgs/px4_msgs/msg/detail/internal_combustion_engine_control__type_support.cpp\n'}
[1.496959] (px4_msgs) StdoutLine: {'line': b'-- Up-to-date: /home/mcfb/ros2_ws/install/px4_msgs/include/px4_msgs/px4_msgs/msg/detail/normalized_unsigned_setpoint__type_support.cpp\n'}
[1.497020] (px4_msgs) StdoutLine: {'line': b'-- Up-to-date: /home/mcfb/ros2_ws/install/px4_msgs/include/px4_msgs/px4_msgs/msg/detail/dataman_request__type_support.cpp\n'}
[1.497060] (px4_msgs) StdoutLine: {'line': b'-- Up-to-date: /home/mcfb/ros2_ws/install/px4_msgs/include/px4_msgs/px4_msgs/msg/detail/hover_thrust_estimate__rosidl_typesupport_introspection_cpp.hpp\n'}
[1.497094] (px4_msgs) StdoutLine: {'line': b'-- Up-to-date: /home/mcfb/ros2_ws/install/px4_msgs/include/px4_msgs/px4_msgs/msg/detail/sensors_status_imu__rosidl_typesupport_introspection_cpp.hpp\n'}
[1.497132] (px4_msgs) StdoutLine: {'line': b'-- Up-to-date: /home/mcfb/ros2_ws/install/px4_msgs/include/px4_msgs/px4_msgs/msg/detail/mag_worker_data__type_support.cpp\n'}
[1.497168] (px4_msgs) StdoutLine: {'line': b'-- Up-to-date: /home/mcfb/ros2_ws/install/px4_msgs/include/px4_msgs/px4_msgs/msg/detail/actuator_outputs__type_support.cpp\n'}
[1.497208] (px4_msgs) StdoutLine: {'line': b'-- Up-to-date: /home/mcfb/ros2_ws/install/px4_msgs/include/px4_msgs/px4_msgs/msg/detail/sensor_preflight_mag__rosidl_typesupport_introspection_cpp.hpp\n'}
[1.497248] (px4_msgs) StdoutLine: {'line': b'-- Up-to-date: /home/mcfb/ros2_ws/install/px4_msgs/include/px4_msgs/px4_msgs/msg/detail/action_request__rosidl_typesupport_introspection_cpp.hpp\n'}
[1.497287] (px4_msgs) StdoutLine: {'line': b'-- Up-to-date: /home/mcfb/ros2_ws/install/px4_msgs/include/px4_msgs/px4_msgs/msg/detail/camera_trigger__type_support.cpp\n'}
[1.497325] (px4_msgs) StdoutLine: {'line': b'-- Up-to-date: /home/mcfb/ros2_ws/install/px4_msgs/include/px4_msgs/px4_msgs/msg/detail/internal_combustion_engine_control__rosidl_typesupport_introspection_cpp.hpp\n'}
[1.497365] (px4_msgs) StdoutLine: {'line': b'-- Up-to-date: /home/mcfb/ros2_ws/install/px4_msgs/include/px4_msgs/px4_msgs/msg/detail/power_monitor__type_support.cpp\n'}
[1.497405] (px4_msgs) StdoutLine: {'line': b'-- Up-to-date: /home/mcfb/ros2_ws/install/px4_msgs/include/px4_msgs/px4_msgs/msg/detail/airspeed_wind__rosidl_typesupport_introspection_cpp.hpp\n'}
[1.497443] (px4_msgs) StdoutLine: {'line': b'-- Up-to-date: /home/mcfb/ros2_ws/install/px4_msgs/include/px4_msgs/px4_msgs/msg/detail/vehicle_global_position__rosidl_typesupport_introspection_cpp.hpp\n'}
[1.497482] (px4_msgs) StdoutLine: {'line': b'-- Up-to-date: /home/mcfb/ros2_ws/install/px4_msgs/include/px4_msgs/px4_msgs/msg/detail/mission_result__type_support.cpp\n'}
[1.497521] (px4_msgs) StdoutLine: {'line': b'-- Up-to-date: /home/mcfb/ros2_ws/install/px4_msgs/include/px4_msgs/px4_msgs/msg/detail/gpio_in__rosidl_typesupport_introspection_cpp.hpp\n'}
[1.497562] (px4_msgs) StdoutLine: {'line': b'-- Up-to-date: /home/mcfb/ros2_ws/install/px4_msgs/include/px4_msgs/px4_msgs/msg/detail/debug_value__type_support.cpp\n'}
[1.497601] (px4_msgs) StdoutLine: {'line': b'-- Up-to-date: /home/mcfb/ros2_ws/install/px4_msgs/include/px4_msgs/px4_msgs/msg/detail/iridiumsbd_status__rosidl_typesupport_introspection_cpp.hpp\n'}
[1.497640] (px4_msgs) StdoutLine: {'line': b'-- Up-to-date: /home/mcfb/ros2_ws/install/px4_msgs/include/px4_msgs/px4_msgs/msg/detail/dataman_request__rosidl_typesupport_introspection_cpp.hpp\n'}
[1.497677] (px4_msgs) StdoutLine: {'line': b'-- Up-to-date: /home/mcfb/ros2_ws/install/px4_msgs/include/px4_msgs/px4_msgs/msg/detail/vehicle_imu__type_support.cpp\n'}
[1.497716] (px4_msgs) StdoutLine: {'line': b'-- Up-to-date: /home/mcfb/ros2_ws/install/px4_msgs/include/px4_msgs/px4_msgs/msg/detail/goto_setpoint__rosidl_typesupport_introspection_cpp.hpp\n'}
[1.497756] (px4_msgs) StdoutLine: {'line': b'-- Up-to-date: /home/mcfb/ros2_ws/install/px4_msgs/include/px4_msgs/px4_msgs/msg/detail/gimbal_controls__rosidl_typesupport_introspection_cpp.hpp\n'}
[1.497794] (px4_msgs) StdoutLine: {'line': b'-- Up-to-date: /home/mcfb/ros2_ws/install/px4_msgs/include/px4_msgs/px4_msgs/msg/detail/vehicle_constraints__type_support.cpp\n'}
[1.497836] (px4_msgs) StdoutLine: {'line': b'-- Up-to-date: /home/mcfb/ros2_ws/install/px4_msgs/include/px4_msgs/px4_msgs/msg/detail/rover_attitude_status__rosidl_typesupport_introspection_cpp.hpp\n'}
[1.497875] (px4_msgs) StdoutLine: {'line': b'-- Up-to-date: /home/mcfb/ros2_ws/install/px4_msgs/include/px4_msgs/px4_msgs/msg/detail/sensor_correction__type_support.cpp\n'}
[1.497958] (px4_msgs) StdoutLine: {'line': b'-- Up-to-date: /home/mcfb/ros2_ws/install/px4_msgs/include/px4_msgs/px4_msgs/msg/detail/yaw_estimator_status__rosidl_typesupport_introspection_cpp.hpp\n'}
[1.497998] (px4_msgs) StdoutLine: {'line': b'-- Up-to-date: /home/mcfb/ros2_ws/install/px4_msgs/include/px4_msgs/px4_msgs/msg/detail/flight_phase_estimation__rosidl_typesupport_introspection_cpp.hpp\n'}
[1.498033] (px4_msgs) StdoutLine: {'line': b'-- Up-to-date: /home/mcfb/ros2_ws/install/px4_msgs/include/px4_msgs/px4_msgs/msg/detail/estimator_bias3d__rosidl_typesupport_introspection_cpp.hpp\n'}
[1.498070] (px4_msgs) StdoutLine: {'line': b'-- Up-to-date: /home/mcfb/ros2_ws/install/px4_msgs/include/px4_msgs/px4_msgs/msg/detail/power_monitor__rosidl_typesupport_introspection_cpp.hpp\n'}
[1.498126] (px4_msgs) StdoutLine: {'line': b'-- Up-to-date: /home/mcfb/ros2_ws/install/px4_msgs/include/px4_msgs/px4_msgs/msg/detail/rover_speed_setpoint__type_support.cpp\n'}
[1.498163] (px4_msgs) StdoutLine: {'line': b'-- Up-to-date: /home/mcfb/ros2_ws/install/px4_msgs/include/px4_msgs/px4_msgs/msg/detail/camera_capture__rosidl_typesupport_introspection_cpp.hpp\n'}
[1.498198] (px4_msgs) StdoutLine: {'line': b'-- Up-to-date: /home/mcfb/ros2_ws/install/px4_msgs/include/px4_msgs/px4_msgs/msg/detail/parameter_set_used_request__rosidl_typesupport_introspection_cpp.hpp\n'}
[1.498238] (px4_msgs) StdoutLine: {'line': b'-- Up-to-date: /home/mcfb/ros2_ws/install/px4_msgs/include/px4_msgs/px4_msgs/msg/detail/gimbal_device_attitude_status__rosidl_typesupport_introspection_cpp.hpp\n'}
[1.498290] (px4_msgs) StdoutLine: {'line': b'-- Up-to-date: /home/mcfb/ros2_ws/install/px4_msgs/include/px4_msgs/px4_msgs/msg/detail/gimbal_manager_information__type_support.cpp\n'}
[1.498339] (px4_msgs) StdoutLine: {'line': b'-- Up-to-date: /home/mcfb/ros2_ws/install/px4_msgs/include/px4_msgs/px4_msgs/msg/detail/autotune_attitude_control_status__rosidl_typesupport_introspection_cpp.hpp\n'}
[1.498382] (px4_msgs) StdoutLine: {'line': b'-- Up-to-date: /home/mcfb/ros2_ws/install/px4_msgs/include/px4_msgs/px4_msgs/msg/detail/orb_test__rosidl_typesupport_introspection_cpp.hpp\n'}
[1.498419] (px4_msgs) StdoutLine: {'line': b'-- Up-to-date: /home/mcfb/ros2_ws/install/px4_msgs/include/px4_msgs/px4_msgs/msg/detail/tune_control__type_support.cpp\n'}
[1.498462] (px4_msgs) StdoutLine: {'line': b'-- Up-to-date: /home/mcfb/ros2_ws/install/px4_msgs/include/px4_msgs/px4_msgs/msg/detail/radio_status__type_support.cpp\n'}
[1.498504] (px4_msgs) StdoutLine: {'line': b'-- Up-to-date: /home/mcfb/ros2_ws/install/px4_msgs/include/px4_msgs/px4_msgs/msg/detail/vehicle_torque_setpoint__type_support.cpp\n'}
[1.498569] (px4_msgs) StdoutLine: {'line': b'-- Up-to-date: /home/mcfb/ros2_ws/install/px4_msgs/include/px4_msgs/px4_msgs/msg/detail/vehicle_control_mode__rosidl_typesupport_introspection_cpp.hpp\n'}
[1.498624] (px4_msgs) StdoutLine: {'line': b'-- Up-to-date: /home/mcfb/ros2_ws/install/px4_msgs/include/px4_msgs/px4_msgs/msg/detail/sensor_accel__rosidl_typesupport_introspection_cpp.hpp\n'}
[1.498662] (px4_msgs) StdoutLine: {'line': b'-- Up-to-date: /home/mcfb/ros2_ws/install/px4_msgs/include/px4_msgs/px4_msgs/msg/detail/sensor_gyro_fft__type_support.cpp\n'}
[1.498719] (px4_msgs) StdoutLine: {'line': b'-- Up-to-date: /home/mcfb/ros2_ws/install/px4_msgs/include/px4_msgs/px4_msgs/msg/detail/neural_control__rosidl_typesupport_introspection_cpp.hpp\n'}
[1.498782] (px4_msgs) StdoutLine: {'line': b'-- Up-to-date: /home/mcfb/ros2_ws/install/px4_msgs/include/px4_msgs/px4_msgs/msg/detail/vehicle_optical_flow__type_support.cpp\n'}
[1.498843] (px4_msgs) StdoutLine: {'line': b'-- Up-to-date: /home/mcfb/ros2_ws/install/px4_msgs/include/px4_msgs/px4_msgs/msg/detail/vehicle_odometry__rosidl_typesupport_introspection_cpp.hpp\n'}
[1.498901] (px4_msgs) StdoutLine: {'line': b'-- Up-to-date: /home/mcfb/ros2_ws/install/px4_msgs/include/px4_msgs/px4_msgs/msg/detail/tecs_status__rosidl_typesupport_introspection_cpp.hpp\n'}
[1.498999] (px4_msgs) StdoutLine: {'line': b'-- Up-to-date: /home/mcfb/ros2_ws/install/px4_msgs/include/px4_msgs/px4_msgs/msg/detail/mission__type_support.cpp\n'}
[1.499056] (px4_msgs) StdoutLine: {'line': b'-- Up-to-date: /home/mcfb/ros2_ws/install/px4_msgs/include/px4_msgs/px4_msgs/msg/detail/battery_status__type_support.cpp\n'}
[1.499110] (px4_msgs) StdoutLine: {'line': b'-- Up-to-date: /home/mcfb/ros2_ws/install/px4_msgs/include/px4_msgs/px4_msgs/msg/detail/estimator_event_flags__rosidl_typesupport_introspection_cpp.hpp\n'}
[1.499161] (px4_msgs) StdoutLine: {'line': b'-- Up-to-date: /home/mcfb/ros2_ws/install/px4_msgs/include/px4_msgs/px4_msgs/msg/detail/camera_status__rosidl_typesupport_introspection_cpp.hpp\n'}
[1.499213] (px4_msgs) StdoutLine: {'line': b'-- Up-to-date: /home/mcfb/ros2_ws/install/px4_msgs/include/px4_msgs/px4_msgs/msg/detail/onboard_computer_status__type_support.cpp\n'}
[1.499274] (px4_msgs) StdoutLine: {'line': b'-- Up-to-date: /home/mcfb/ros2_ws/install/px4_msgs/include/px4_msgs/px4_msgs/msg/detail/battery_info__rosidl_typesupport_introspection_cpp.hpp\n'}
[1.499340] (px4_msgs) StdoutLine: {'line': b'-- Up-to-date: /home/mcfb/ros2_ws/install/px4_msgs/include/px4_msgs/px4_msgs/msg/detail/button_event__type_support.cpp\n'}
[1.499405] (px4_msgs) StdoutLine: {'line': b'-- Up-to-date: /home/mcfb/ros2_ws/install/px4_msgs/include/px4_msgs/px4_msgs/msg/detail/gripper__type_support.cpp\n'}
[1.499465] (px4_msgs) StdoutLine: {'line': b'-- Up-to-date: /home/mcfb/ros2_ws/install/px4_msgs/include/px4_msgs/px4_msgs/msg/detail/system_power__type_support.cpp\n'}
[1.499781] (px4_msgs) StdoutLine: {'line': b'-- Up-to-date: /home/mcfb/ros2_ws/install/px4_msgs/include/px4_msgs/px4_msgs/msg/detail/debug_vect__type_support.cpp\n'}
[1.499920] (px4_msgs) StdoutLine: {'line': b'-- Up-to-date: /home/mcfb/ros2_ws/install/px4_msgs/include/px4_msgs/px4_msgs/msg/detail/rtl_status__type_support.cpp\n'}
[1.500006] (px4_msgs) StdoutLine: {'line': b'-- Up-to-date: /home/mcfb/ros2_ws/install/px4_msgs/include/px4_msgs/px4_msgs/msg/detail/orb_test_medium__type_support.cpp\n'}
[1.500077] (px4_msgs) StdoutLine: {'line': b'-- Up-to-date: /home/mcfb/ros2_ws/install/px4_msgs/include/px4_msgs/px4_msgs/msg/detail/sensor_correction__rosidl_typesupport_introspection_cpp.hpp\n'}
[1.500137] (px4_msgs) StdoutLine: {'line': b'-- Up-to-date: /home/mcfb/ros2_ws/install/px4_msgs/include/px4_msgs/px4_msgs/msg/detail/estimator_bias__type_support.cpp\n'}
[1.500193] (px4_msgs) StdoutLine: {'line': b'-- Up-to-date: /home/mcfb/ros2_ws/install/px4_msgs/include/px4_msgs/px4_msgs/msg/detail/dataman_response__type_support.cpp\n'}
[1.500254] (px4_msgs) StdoutLine: {'line': b'-- Up-to-date: /home/mcfb/ros2_ws/install/px4_msgs/include/px4_msgs/px4_msgs/msg/detail/sensor_gps__type_support.cpp\n'}
[1.500415] (px4_msgs) StdoutLine: {'line': b'-- Up-to-date: /home/mcfb/ros2_ws/install/px4_msgs/include/px4_msgs/px4_msgs/msg/detail/vehicle_imu_status__rosidl_typesupport_introspection_cpp.hpp\n'}
[1.500540] (px4_msgs) StdoutLine: {'line': b'-- Up-to-date: /home/mcfb/ros2_ws/install/px4_msgs/include/px4_msgs/px4_msgs/msg/detail/internal_combustion_engine_status__type_support.cpp\n'}
[1.500617] (px4_msgs) StdoutLine: {'line': b'-- Up-to-date: /home/mcfb/ros2_ws/install/px4_msgs/include/px4_msgs/px4_msgs/msg/detail/gimbal_manager_status__rosidl_typesupport_introspection_cpp.hpp\n'}
[1.500694] (px4_msgs) StdoutLine: {'line': b'-- Up-to-date: /home/mcfb/ros2_ws/install/px4_msgs/include/px4_msgs/px4_msgs/msg/detail/vehicle_command_ack__rosidl_typesupport_introspection_cpp.hpp\n'}
[1.500878] (px4_msgs) StdoutLine: {'line': b'-- Up-to-date: /home/mcfb/ros2_ws/install/px4_msgs/include/px4_msgs/px4_msgs/msg/detail/geofence_status__type_support.cpp\n'}
[1.500952] (px4_msgs) StdoutLine: {'line': b'-- Up-to-date: /home/mcfb/ros2_ws/install/px4_msgs/include/px4_msgs/px4_msgs/msg/detail/ekf2_timestamps__rosidl_typesupport_introspection_cpp.hpp\n'}
[1.501059] (px4_msgs) StdoutLine: {'line': b'-- Up-to-date: /home/mcfb/ros2_ws/install/px4_msgs/include/px4_msgs/px4_msgs/msg/detail/estimator_aid_source3d__rosidl_typesupport_introspection_cpp.hpp\n'}
[1.501131] (px4_msgs) StdoutLine: {'line': b'-- Up-to-date: /home/mcfb/ros2_ws/install/px4_msgs/include/px4_msgs/px4_msgs/msg/detail/failure_detector_status__rosidl_typesupport_introspection_cpp.hpp\n'}
[1.501190] (px4_msgs) StdoutLine: {'line': b'-- Up-to-date: /home/mcfb/ros2_ws/install/px4_msgs/include/px4_msgs/px4_msgs/msg/detail/px4io_status__rosidl_typesupport_introspection_cpp.hpp\n'}
[1.501236] (px4_msgs) StdoutLine: {'line': b'-- Up-to-date: /home/mcfb/ros2_ws/install/px4_msgs/include/px4_msgs/px4_msgs/msg/detail/pure_pursuit_status__rosidl_typesupport_introspection_cpp.hpp\n'}
[1.501277] (px4_msgs) StdoutLine: {'line': b'-- Up-to-date: /home/mcfb/ros2_ws/install/px4_msgs/include/px4_msgs/px4_msgs/msg/detail/vtol_vehicle_status__rosidl_typesupport_introspection_cpp.hpp\n'}
[1.501316] (px4_msgs) StdoutLine: {'line': b'-- Up-to-date: /home/mcfb/ros2_ws/install/px4_msgs/include/px4_msgs/px4_msgs/msg/detail/parameter_update__type_support.cpp\n'}
[1.501356] (px4_msgs) StdoutLine: {'line': b'-- Up-to-date: /home/mcfb/ros2_ws/install/px4_msgs/include/px4_msgs/px4_msgs/msg/detail/mount_orientation__rosidl_typesupport_introspection_cpp.hpp\n'}
[1.501396] (px4_msgs) StdoutLine: {'line': b'-- Up-to-date: /home/mcfb/ros2_ws/install/px4_msgs/include/px4_msgs/px4_msgs/msg/detail/parameter_reset_request__type_support.cpp\n'}
[1.501450] (px4_msgs) StdoutLine: {'line': b'-- Up-to-date: /home/mcfb/ros2_ws/install/px4_msgs/include/px4_msgs/px4_msgs/msg/detail/tecs_status__type_support.cpp\n'}
[1.501495] (px4_msgs) StdoutLine: {'line': b'-- Up-to-date: /home/mcfb/ros2_ws/install/px4_msgs/include/px4_msgs/px4_msgs/msg/detail/uavcan_parameter_value__rosidl_typesupport_introspection_cpp.hpp\n'}
[1.501545] (px4_msgs) StdoutLine: {'line': b'-- Up-to-date: /home/mcfb/ros2_ws/install/px4_msgs/include/px4_msgs/px4_msgs/msg/detail/cpuload__rosidl_typesupport_introspection_cpp.hpp\n'}
[1.501594] (px4_msgs) StdoutLine: {'line': b'-- Up-to-date: /home/mcfb/ros2_ws/install/px4_msgs/include/px4_msgs/px4_msgs/msg/detail/mavlink_tunnel__rosidl_typesupport_introspection_cpp.hpp\n'}
[1.501643] (px4_msgs) StdoutLine: {'line': b'-- Up-to-date: /home/mcfb/ros2_ws/install/px4_msgs/include/px4_msgs/px4_msgs/msg/detail/battery_status__rosidl_typesupport_introspection_cpp.hpp\n'}
[1.501686] (px4_msgs) StdoutLine: {'line': b'-- Up-to-date: /home/mcfb/ros2_ws/install/px4_msgs/include/px4_msgs/px4_msgs/msg/detail/debug_key_value__rosidl_typesupport_introspection_cpp.hpp\n'}
[1.501734] (px4_msgs) StdoutLine: {'line': b'-- Up-to-date: /home/mcfb/ros2_ws/install/px4_msgs/include/px4_msgs/px4_msgs/msg/detail/rc_channels__type_support.cpp\n'}
[1.501781] (px4_msgs) StdoutLine: {'line': b'-- Up-to-date: /home/mcfb/ros2_ws/install/px4_msgs/include/px4_msgs/px4_msgs/msg/detail/vtol_vehicle_status__type_support.cpp\n'}
[1.501907] (px4_msgs) StdoutLine: {'line': b'-- Up-to-date: /home/mcfb/ros2_ws/install/px4_msgs/include/px4_msgs/px4_msgs/msg/detail/vehicle_global_position__type_support.cpp\n'}
[1.502036] (px4_msgs) StdoutLine: {'line': b'-- Up-to-date: /home/mcfb/ros2_ws/install/px4_msgs/include/px4_msgs/px4_msgs/msg/detail/obstacle_distance__rosidl_typesupport_introspection_cpp.hpp\n'}
[1.502125] (px4_msgs) StdoutLine: {'line': b'-- Up-to-date: /home/mcfb/ros2_ws/install/px4_msgs/include/px4_msgs/px4_msgs/msg/detail/logger_status__rosidl_typesupport_introspection_cpp.hpp\n'}
[1.502178] (px4_msgs) StdoutLine: {'line': b'-- Up-to-date: /home/mcfb/ros2_ws/install/px4_msgs/include/px4_msgs/px4_msgs/msg/detail/onboard_computer_status__rosidl_typesupport_introspection_cpp.hpp\n'}
[1.502246] (px4_msgs) StdoutLine: {'line': b'-- Up-to-date: /home/mcfb/ros2_ws/install/px4_msgs/include/px4_msgs/px4_msgs/msg/detail/takeoff_status__rosidl_typesupport_introspection_cpp.hpp\n'}
[1.502314] (px4_msgs) StdoutLine: {'line': b'-- Up-to-date: /home/mcfb/ros2_ws/install/px4_msgs/include/px4_msgs/px4_msgs/msg/detail/longitudinal_control_configuration__rosidl_typesupport_introspection_cpp.hpp\n'}
[1.502390] (px4_msgs) StdoutLine: {'line': b'-- Up-to-date: /home/mcfb/ros2_ws/install/px4_msgs/include/px4_msgs/px4_msgs/msg/detail/logger_status__type_support.cpp\n'}
[1.502460] (px4_msgs) StdoutLine: {'line': b'-- Up-to-date: /home/mcfb/ros2_ws/install/px4_msgs/include/px4_msgs/px4_msgs/msg/detail/landing_gear__rosidl_typesupport_introspection_cpp.hpp\n'}
[1.502539] (px4_msgs) StdoutLine: {'line': b'-- Up-to-date: /home/mcfb/ros2_ws/install/px4_msgs/include/px4_msgs/px4_msgs/msg/detail/dataman_response__rosidl_typesupport_introspection_cpp.hpp\n'}
[1.502667] (px4_msgs) StdoutLine: {'line': b'-- Up-to-date: /home/mcfb/ros2_ws/install/px4_msgs/include/px4_msgs/px4_msgs/msg/detail/orbit_status__type_support.cpp\n'}
[1.502856] (px4_msgs) StdoutLine: {'line': b'-- Up-to-date: /home/mcfb/ros2_ws/install/px4_msgs/include/px4_msgs/px4_msgs/msg/detail/open_drone_id_arm_status__rosidl_typesupport_introspection_cpp.hpp\n'}
[1.502923] (px4_msgs) StdoutLine: {'line': b'-- Up-to-date: /home/mcfb/ros2_ws/install/px4_msgs/include/px4_msgs/px4_msgs/msg/detail/gimbal_controls__type_support.cpp\n'}
[1.502981] (px4_msgs) StdoutLine: {'line': b'-- Up-to-date: /home/mcfb/ros2_ws/install/px4_msgs/include/px4_msgs/px4_msgs/msg/detail/fixed_wing_lateral_guidance_status__rosidl_typesupport_introspection_cpp.hpp\n'}
[1.503033] (px4_msgs) StdoutLine: {'line': b'-- Up-to-date: /home/mcfb/ros2_ws/install/px4_msgs/include/px4_msgs/px4_msgs/msg/detail/sensor_gyro__rosidl_typesupport_introspection_cpp.hpp\n'}
[1.503103] (px4_msgs) StdoutLine: {'line': b'-- Up-to-date: /home/mcfb/ros2_ws/install/px4_msgs/include/px4_msgs/px4_msgs/msg/detail/register_ext_component_request__rosidl_typesupport_introspection_cpp.hpp\n'}
[1.503158] (px4_msgs) StdoutLine: {'line': b'-- Up-to-date: /home/mcfb/ros2_ws/install/px4_msgs/include/px4_msgs/px4_msgs/msg/detail/landing_target_pose__type_support.cpp\n'}
[1.503210] (px4_msgs) StdoutLine: {'line': b'-- Up-to-date: /home/mcfb/ros2_ws/install/px4_msgs/include/px4_msgs/px4_msgs/msg/detail/sensor_accel_fifo__type_support.cpp\n'}
[1.503261] (px4_msgs) StdoutLine: {'line': b'-- Up-to-date: /home/mcfb/ros2_ws/install/px4_msgs/include/px4_msgs/px4_msgs/msg/detail/rtl_time_estimate__rosidl_typesupport_introspection_cpp.hpp\n'}
[1.503311] (-) TimerEvent: {}
[1.503415] (px4_msgs) StdoutLine: {'line': b'-- Up-to-date: /home/mcfb/ros2_ws/install/px4_msgs/include/px4_msgs/px4_msgs/msg/detail/gpio_out__type_support.cpp\n'}
[1.503481] (px4_msgs) StdoutLine: {'line': b'-- Up-to-date: /home/mcfb/ros2_ws/install/px4_msgs/include/px4_msgs/px4_msgs/msg/detail/parameter_reset_request__rosidl_typesupport_introspection_cpp.hpp\n'}
[1.503533] (px4_msgs) StdoutLine: {'line': b'-- Up-to-date: /home/mcfb/ros2_ws/install/px4_msgs/include/px4_msgs/px4_msgs/msg/detail/home_position__rosidl_typesupport_introspection_cpp.hpp\n'}
[1.503581] (px4_msgs) StdoutLine: {'line': b'-- Up-to-date: /home/mcfb/ros2_ws/install/px4_msgs/include/px4_msgs/px4_msgs/msg/detail/sensor_preflight_mag__type_support.cpp\n'}
[1.503630] (px4_msgs) StdoutLine: {'line': b'-- Up-to-date: /home/mcfb/ros2_ws/install/px4_msgs/include/px4_msgs/px4_msgs/msg/detail/px4io_status__type_support.cpp\n'}
[1.503677] (px4_msgs) StdoutLine: {'line': b'-- Up-to-date: /home/mcfb/ros2_ws/install/px4_msgs/include/px4_msgs/px4_msgs/msg/detail/airspeed__rosidl_typesupport_introspection_cpp.hpp\n'}
[1.503724] (px4_msgs) StdoutLine: {'line': b'-- Up-to-date: /home/mcfb/ros2_ws/install/px4_msgs/include/px4_msgs/px4_msgs/msg/detail/event__type_support.cpp\n'}
[1.503775] (px4_msgs) StdoutLine: {'line': b'-- Up-to-date: /home/mcfb/ros2_ws/install/px4_msgs/include/px4_msgs/px4_msgs/msg/detail/ping__type_support.cpp\n'}
[1.503831] (px4_msgs) StdoutLine: {'line': b'-- Up-to-date: /home/mcfb/ros2_ws/install/px4_msgs/include/px4_msgs/px4_msgs/msg/detail/fixed_wing_runway_control__rosidl_typesupport_introspection_cpp.hpp\n'}
[1.503881] (px4_msgs) StdoutLine: {'line': b'-- Up-to-date: /home/mcfb/ros2_ws/install/px4_msgs/include/px4_msgs/px4_msgs/msg/detail/estimator_event_flags__type_support.cpp\n'}
[1.503959] (px4_msgs) StdoutLine: {'line': b'-- Up-to-date: /home/mcfb/ros2_ws/install/px4_msgs/include/px4_msgs/px4_msgs/msg/detail/vehicle_magnetometer__rosidl_typesupport_introspection_cpp.hpp\n'}
[1.504145] (px4_msgs) StdoutLine: {'line': b'-- Up-to-date: /home/mcfb/ros2_ws/install/px4_msgs/include/px4_msgs/px4_msgs/msg/detail/offboard_control_mode__rosidl_typesupport_introspection_cpp.hpp\n'}
[1.504239] (px4_msgs) StdoutLine: {'line': b'-- Up-to-date: /home/mcfb/ros2_ws/install/px4_msgs/include/px4_msgs/px4_msgs/msg/detail/follow_target_status__rosidl_typesupport_introspection_cpp.hpp\n'}
[1.504307] (px4_msgs) StdoutLine: {'line': b'-- Up-to-date: /home/mcfb/ros2_ws/install/px4_msgs/include/px4_msgs/px4_msgs/msg/detail/rover_attitude_setpoint__type_support.cpp\n'}
[1.504457] (px4_msgs) StdoutLine: {'line': b'-- Up-to-date: /home/mcfb/ros2_ws/install/px4_msgs/include/px4_msgs/px4_msgs/msg/detail/sensor_uwb__rosidl_typesupport_introspection_cpp.hpp\n'}
[1.504546] (px4_msgs) StdoutLine: {'line': b'-- Up-to-date: /home/mcfb/ros2_ws/install/px4_msgs/include/px4_msgs/px4_msgs/msg/detail/vehicle_roi__rosidl_typesupport_introspection_cpp.hpp\n'}
[1.504596] (px4_msgs) StdoutLine: {'line': b'-- Up-to-date: /home/mcfb/ros2_ws/install/px4_msgs/include/px4_msgs/px4_msgs/msg/detail/estimator_states__rosidl_typesupport_introspection_cpp.hpp\n'}
[1.504648] (px4_msgs) StdoutLine: {'line': b'-- Up-to-date: /home/mcfb/ros2_ws/install/px4_msgs/include/px4_msgs/px4_msgs/msg/detail/gimbal_device_set_attitude__rosidl_typesupport_introspection_cpp.hpp\n'}
[1.504697] (px4_msgs) StdoutLine: {'line': b'-- Up-to-date: /home/mcfb/ros2_ws/install/px4_msgs/include/px4_msgs/px4_msgs/msg/detail/parameter_update__rosidl_typesupport_introspection_cpp.hpp\n'}
[1.504753] (px4_msgs) StdoutLine: {'line': b'-- Up-to-date: /home/mcfb/ros2_ws/install/px4_msgs/include/px4_msgs/px4_msgs/msg/detail/arming_check_request__rosidl_typesupport_introspection_cpp.hpp\n'}
[1.504800] (px4_msgs) StdoutLine: {'line': b'-- Up-to-date: /home/mcfb/ros2_ws/install/px4_msgs/include/px4_msgs/px4_msgs/msg/detail/pps_capture__rosidl_typesupport_introspection_cpp.hpp\n'}
[1.504853] (px4_msgs) StdoutLine: {'line': b'-- Up-to-date: /home/mcfb/ros2_ws/install/px4_msgs/include/px4_msgs/px4_msgs/msg/detail/rover_speed_setpoint__rosidl_typesupport_introspection_cpp.hpp\n'}
[1.504899] (px4_msgs) StdoutLine: {'line': b'-- Up-to-date: /home/mcfb/ros2_ws/install/px4_msgs/include/px4_msgs/px4_msgs/msg/detail/fixed_wing_longitudinal_setpoint__rosidl_typesupport_introspection_cpp.hpp\n'}
[1.504958] (px4_msgs) StdoutLine: {'line': b'-- Up-to-date: /home/mcfb/ros2_ws/install/px4_msgs/include/px4_msgs/px4_msgs/msg/detail/input_rc__type_support.cpp\n'}
[1.505009] (px4_msgs) StdoutLine: {'line': b'-- Up-to-date: /home/mcfb/ros2_ws/install/px4_msgs/include/px4_msgs/px4_msgs/msg/detail/normalized_unsigned_setpoint__rosidl_typesupport_introspection_cpp.hpp\n'}
[1.505059] (px4_msgs) StdoutLine: {'line': b'-- Up-to-date: /home/mcfb/ros2_ws/install/px4_msgs/include/px4_msgs/px4_msgs/msg/detail/config_overrides__type_support.cpp\n'}
[1.505108] (px4_msgs) StdoutLine: {'line': b'-- Up-to-date: /home/mcfb/ros2_ws/install/px4_msgs/include/px4_msgs/px4_msgs/msg/detail/pwm_input__type_support.cpp\n'}
[1.505190] (px4_msgs) StdoutLine: {'line': b'-- Up-to-date: /home/mcfb/ros2_ws/install/px4_msgs/include/px4_msgs/px4_msgs/msg/detail/rate_ctrl_status__type_support.cpp\n'}
[1.505261] (px4_msgs) StdoutLine: {'line': b'-- Up-to-date: /home/mcfb/ros2_ws/install/px4_msgs/include/px4_msgs/px4_msgs/msg/detail/gimbal_manager_information__rosidl_typesupport_introspection_cpp.hpp\n'}
[1.505325] (px4_msgs) StdoutLine: {'line': b'-- Up-to-date: /home/mcfb/ros2_ws/install/px4_msgs/include/px4_msgs/px4_msgs/msg/detail/collision_constraints__rosidl_typesupport_introspection_cpp.hpp\n'}
[1.505372] (px4_msgs) StdoutLine: {'line': b'-- Up-to-date: /home/mcfb/ros2_ws/install/px4_msgs/include/px4_msgs/px4_msgs/msg/detail/trajectory_setpoint__rosidl_typesupport_introspection_cpp.hpp\n'}
[1.505418] (px4_msgs) StdoutLine: {'line': b'-- Up-to-date: /home/mcfb/ros2_ws/install/px4_msgs/include/px4_msgs/px4_msgs/msg/detail/debug_key_value__type_support.cpp\n'}
[1.505472] (px4_msgs) StdoutLine: {'line': b'-- Up-to-date: /home/mcfb/ros2_ws/install/px4_msgs/include/px4_msgs/px4_msgs/msg/detail/gripper__rosidl_typesupport_introspection_cpp.hpp\n'}
[1.505521] (px4_msgs) StdoutLine: {'line': b'-- Up-to-date: /home/mcfb/ros2_ws/install/px4_msgs/include/px4_msgs/px4_msgs/msg/detail/mount_orientation__type_support.cpp\n'}
[1.505570] (px4_msgs) StdoutLine: {'line': b'-- Up-to-date: /home/mcfb/ros2_ws/install/px4_msgs/include/px4_msgs/px4_msgs/msg/detail/vehicle_rates_setpoint__type_support.cpp\n'}
[1.505616] (px4_msgs) StdoutLine: {'line': b'-- Up-to-date: /home/mcfb/ros2_ws/install/px4_msgs/include/px4_msgs/px4_msgs/msg/detail/flight_phase_estimation__type_support.cpp\n'}
[1.505666] (px4_msgs) StdoutLine: {'line': b'-- Up-to-date: /home/mcfb/ros2_ws/install/px4_msgs/include/px4_msgs/px4_msgs/msg/detail/vehicle_status__type_support.cpp\n'}
[1.505714] (px4_msgs) StdoutLine: {'line': b'-- Up-to-date: /home/mcfb/ros2_ws/install/px4_msgs/include/px4_msgs/px4_msgs/msg/detail/mag_worker_data__rosidl_typesupport_introspection_cpp.hpp\n'}
[1.505765] (px4_msgs) StdoutLine: {'line': b'-- Up-to-date: /home/mcfb/ros2_ws/install/px4_msgs/include/px4_msgs/px4_msgs/msg/detail/position_controller_landing_status__type_support.cpp\n'}
[1.505840] (px4_msgs) StdoutLine: {'line': b'-- Up-to-date: /home/mcfb/ros2_ws/install/px4_msgs/include/px4_msgs/px4_msgs/msg/detail/gimbal_manager_set_manual_control__type_support.cpp\n'}
[1.505885] (px4_msgs) StdoutLine: {'line': b'-- Up-to-date: /home/mcfb/ros2_ws/install/px4_msgs/include/px4_msgs/px4_msgs/msg/detail/sensor_airflow__type_support.cpp\n'}
[1.505930] (px4_msgs) StdoutLine: {'line': b'-- Up-to-date: /home/mcfb/ros2_ws/install/px4_msgs/include/px4_msgs/px4_msgs/msg/detail/landing_gear_wheel__type_support.cpp\n'}
[1.505973] (px4_msgs) StdoutLine: {'line': b'-- Up-to-date: /home/mcfb/ros2_ws/install/px4_msgs/include/px4_msgs/px4_msgs/msg/detail/estimator_gps_status__type_support.cpp\n'}
[1.506023] (px4_msgs) StdoutLine: {'line': b'-- Up-to-date: /home/mcfb/ros2_ws/install/px4_msgs/include/px4_msgs/px4_msgs/msg/detail/gps_inject_data__type_support.cpp\n'}
[1.506068] (px4_msgs) StdoutLine: {'line': b'-- Up-to-date: /home/mcfb/ros2_ws/install/px4_msgs/include/px4_msgs/px4_msgs/msg/detail/launch_detection_status__type_support.cpp\n'}
[1.506113] (px4_msgs) StdoutLine: {'line': b'-- Up-to-date: /home/mcfb/ros2_ws/install/px4_msgs/include/px4_msgs/px4_msgs/msg/detail/irlock_report__rosidl_typesupport_introspection_cpp.hpp\n'}
[1.506164] (px4_msgs) StdoutLine: {'line': b'-- Up-to-date: /home/mcfb/ros2_ws/install/px4_msgs/include/px4_msgs/px4_msgs/msg/detail/navigator_status__rosidl_typesupport_introspection_cpp.hpp\n'}
[1.506212] (px4_msgs) StdoutLine: {'line': b'-- Up-to-date: /home/mcfb/ros2_ws/install/px4_msgs/include/px4_msgs/px4_msgs/msg/detail/gpio_config__type_support.cpp\n'}
[1.506260] (px4_msgs) StdoutLine: {'line': b'-- Up-to-date: /home/mcfb/ros2_ws/install/px4_msgs/include/px4_msgs/px4_msgs/msg/detail/offboard_control_mode__type_support.cpp\n'}
[1.506309] (px4_msgs) StdoutLine: {'line': b'-- Up-to-date: /home/mcfb/ros2_ws/install/px4_msgs/include/px4_msgs/px4_msgs/msg/detail/follow_target_status__type_support.cpp\n'}
[1.506355] (px4_msgs) StdoutLine: {'line': b'-- Up-to-date: /home/mcfb/ros2_ws/install/px4_msgs/include/px4_msgs/px4_msgs/msg/detail/camera_trigger__rosidl_typesupport_introspection_cpp.hpp\n'}
[1.506403] (px4_msgs) StdoutLine: {'line': b'-- Up-to-date: /home/mcfb/ros2_ws/install/px4_msgs/include/px4_msgs/px4_msgs/msg/detail/open_drone_id_operator_id__rosidl_typesupport_introspection_cpp.hpp\n'}
[1.506451] (px4_msgs) StdoutLine: {'line': b'-- Up-to-date: /home/mcfb/ros2_ws/install/px4_msgs/include/px4_msgs/px4_msgs/msg/detail/mission_result__rosidl_typesupport_introspection_cpp.hpp\n'}
[1.506498] (px4_msgs) StdoutLine: {'line': b'-- Up-to-date: /home/mcfb/ros2_ws/install/px4_msgs/include/px4_msgs/px4_msgs/msg/detail/failsafe_flags__type_support.cpp\n'}
[1.506550] (px4_msgs) StdoutLine: {'line': b'-- Up-to-date: /home/mcfb/ros2_ws/install/px4_msgs/include/px4_msgs/px4_msgs/msg/detail/wind__type_support.cpp\n'}
[1.506598] (px4_msgs) StdoutLine: {'line': b'-- Up-to-date: /home/mcfb/ros2_ws/install/px4_msgs/include/px4_msgs/px4_msgs/msg/detail/debug_array__type_support.cpp\n'}
[1.506646] (px4_msgs) StdoutLine: {'line': b'-- Up-to-date: /home/mcfb/ros2_ws/install/px4_msgs/include/px4_msgs/px4_msgs/msg/detail/vehicle_attitude_setpoint__type_support.cpp\n'}
[1.506698] (px4_msgs) StdoutLine: {'line': b'-- Up-to-date: /home/mcfb/ros2_ws/install/px4_msgs/include/px4_msgs/px4_msgs/msg/detail/rate_ctrl_status__rosidl_typesupport_introspection_cpp.hpp\n'}
[1.506748] (px4_msgs) StdoutLine: {'line': b'-- Up-to-date: /home/mcfb/ros2_ws/install/px4_msgs/include/px4_msgs/px4_msgs/msg/detail/orb_test_large__rosidl_typesupport_introspection_cpp.hpp\n'}
[1.506797] (px4_msgs) StdoutLine: {'line': b'-- Up-to-date: /home/mcfb/ros2_ws/install/px4_msgs/include/px4_msgs/px4_msgs/msg/detail/vehicle_constraints__rosidl_typesupport_introspection_cpp.hpp\n'}
[1.506852] (px4_msgs) StdoutLine: {'line': b'-- Up-to-date: /home/mcfb/ros2_ws/install/px4_msgs/include/px4_msgs/px4_msgs/msg/detail/position_setpoint__rosidl_typesupport_introspection_cpp.hpp\n'}
[1.506900] (px4_msgs) StdoutLine: {'line': b'-- Up-to-date: /home/mcfb/ros2_ws/install/px4_msgs/include/px4_msgs/px4_msgs/msg/detail/control_allocator_status__rosidl_typesupport_introspection_cpp.hpp\n'}
[1.506950] (px4_msgs) StdoutLine: {'line': b'-- Up-to-date: /home/mcfb/ros2_ws/install/px4_msgs/include/px4_msgs/px4_msgs/msg/detail/actuator_test__rosidl_typesupport_introspection_cpp.hpp\n'}
[1.506998] (px4_msgs) StdoutLine: {'line': b'-- Up-to-date: /home/mcfb/ros2_ws/install/px4_msgs/include/px4_msgs/px4_msgs/msg/detail/actuator_servos__rosidl_typesupport_introspection_cpp.hpp\n'}
[1.507048] (px4_msgs) StdoutLine: {'line': b'-- Up-to-date: /home/mcfb/ros2_ws/install/px4_msgs/include/px4_msgs/px4_msgs/msg/detail/actuator_controls_status__rosidl_typesupport_introspection_cpp.hpp\n'}
[1.507096] (px4_msgs) StdoutLine: {'line': b'-- Up-to-date: /home/mcfb/ros2_ws/install/px4_msgs/include/px4_msgs/px4_msgs/msg/detail/open_drone_id_system__rosidl_typesupport_introspection_cpp.hpp\n'}
[1.507146] (px4_msgs) StdoutLine: {'line': b'-- Up-to-date: /home/mcfb/ros2_ws/install/px4_msgs/include/px4_msgs/px4_msgs/msg/detail/goto_setpoint__type_support.cpp\n'}
[1.507228] (px4_msgs) StdoutLine: {'line': b'-- Up-to-date: /home/mcfb/ros2_ws/install/px4_msgs/include/px4_msgs/px4_msgs/msg/detail/vehicle_optical_flow_vel__rosidl_typesupport_introspection_cpp.hpp\n'}
[1.507275] (px4_msgs) StdoutLine: {'line': b'-- Up-to-date: /home/mcfb/ros2_ws/install/px4_msgs/include/px4_msgs/px4_msgs/msg/detail/gimbal_device_information__rosidl_typesupport_introspection_cpp.hpp\n'}
[1.507319] (px4_msgs) StdoutLine: {'line': b'-- Up-to-date: /home/mcfb/ros2_ws/install/px4_msgs/include/px4_msgs/px4_msgs/msg/detail/register_ext_component_reply__rosidl_typesupport_introspection_cpp.hpp\n'}
[1.507368] (px4_msgs) StdoutLine: {'line': b'-- Up-to-date: /home/mcfb/ros2_ws/install/px4_msgs/include/px4_msgs/px4_msgs/msg/detail/magnetometer_bias_estimate__rosidl_typesupport_introspection_cpp.hpp\n'}
[1.507417] (px4_msgs) StdoutLine: {'line': b'-- Up-to-date: /home/mcfb/ros2_ws/install/px4_msgs/include/px4_msgs/px4_msgs/msg/detail/fixed_wing_lateral_status__rosidl_typesupport_introspection_cpp.hpp\n'}
[1.507471] (px4_msgs) StdoutLine: {'line': b'-- Up-to-date: /home/mcfb/ros2_ws/install/px4_msgs/include/px4_msgs/px4_msgs/msg/detail/actuator_armed__rosidl_typesupport_introspection_cpp.hpp\n'}
[1.507520] (px4_msgs) StdoutLine: {'line': b'-- Up-to-date: /home/mcfb/ros2_ws/install/px4_msgs/include/px4_msgs/px4_msgs/msg/detail/trajectory_setpoint__type_support.cpp\n'}
[1.507567] (px4_msgs) StdoutLine: {'line': b'-- Up-to-date: /home/mcfb/ros2_ws/install/px4_msgs/include/px4_msgs/px4_msgs/msg/detail/rover_attitude_setpoint__rosidl_typesupport_introspection_cpp.hpp\n'}
[1.507614] (px4_msgs) StdoutLine: {'line': b'-- Up-to-date: /home/mcfb/ros2_ws/install/px4_msgs/include/px4_msgs/px4_msgs/msg/detail/wheel_encoders__rosidl_typesupport_introspection_cpp.hpp\n'}
[1.507678] (px4_msgs) StdoutLine: {'line': b'-- Up-to-date: /home/mcfb/ros2_ws/install/px4_msgs/include/px4_msgs/px4_msgs/msg/detail/rover_steering_setpoint__rosidl_typesupport_introspection_cpp.hpp\n'}
[1.507722] (px4_msgs) StdoutLine: {'line': b'-- Up-to-date: /home/mcfb/ros2_ws/install/px4_msgs/include/px4_msgs/px4_msgs/msg/detail/estimator_aid_source2d__type_support.cpp\n'}
[1.507767] (px4_msgs) StdoutLine: {'line': b'-- Up-to-date: /home/mcfb/ros2_ws/install/px4_msgs/include/px4_msgs/px4_msgs/msg/detail/sensor_airflow__rosidl_typesupport_introspection_cpp.hpp\n'}
[1.507816] (px4_msgs) StdoutLine: {'line': b'-- Up-to-date: /home/mcfb/ros2_ws/install/px4_msgs/include/px4_msgs/px4_msgs/msg/detail/estimator_sensor_bias__rosidl_typesupport_introspection_cpp.hpp\n'}
[1.507875] (px4_msgs) StdoutLine: {'line': b'-- Up-to-date: /home/mcfb/ros2_ws/install/px4_msgs/include/px4_msgs/px4_msgs/msg/detail/navigator_mission_item__type_support.cpp\n'}
[1.507930] (px4_msgs) StdoutLine: {'line': b'-- Up-to-date: /home/mcfb/ros2_ws/install/px4_msgs/include/px4_msgs/px4_msgs/msg/detail/airspeed_validated__rosidl_typesupport_introspection_cpp.hpp\n'}
[1.507980] (px4_msgs) StdoutLine: {'line': b'-- Up-to-date: /home/mcfb/ros2_ws/install/px4_msgs/include/px4_msgs/px4_msgs/msg/detail/mode_completed__rosidl_typesupport_introspection_cpp.hpp\n'}
[1.508029] (px4_msgs) StdoutLine: {'line': b'-- Up-to-date: /home/mcfb/ros2_ws/install/px4_msgs/include/px4_msgs/px4_msgs/msg/detail/message_format_response__rosidl_typesupport_introspection_cpp.hpp\n'}
[1.508077] (px4_msgs) StdoutLine: {'line': b'-- Up-to-date: /home/mcfb/ros2_ws/install/px4_msgs/include/px4_msgs/px4_msgs/msg/detail/heater_status__type_support.cpp\n'}
[1.508130] (px4_msgs) StdoutLine: {'line': b'-- Up-to-date: /home/mcfb/ros2_ws/install/px4_msgs/include/px4_msgs/px4_msgs/msg/detail/system_power__rosidl_typesupport_introspection_cpp.hpp\n'}
[1.508187] (px4_msgs) StdoutLine: {'line': b'-- Up-to-date: /home/mcfb/ros2_ws/install/px4_msgs/include/px4_msgs/px4_msgs/msg/detail/autotune_attitude_control_status__type_support.cpp\n'}
[1.508260] (px4_msgs) StdoutLine: {'line': b'-- Up-to-date: /home/mcfb/ros2_ws/install/px4_msgs/include/px4_msgs/px4_msgs/msg/detail/estimator_status_flags__type_support.cpp\n'}
[1.508391] (px4_msgs) StdoutLine: {'line': b'-- Up-to-date: /home/mcfb/ros2_ws/install/px4_msgs/lib/libpx4_msgs__rosidl_typesupport_introspection_cpp.so\n'}
[1.508443] (px4_msgs) StdoutLine: {'line': b'-- Up-to-date: /home/mcfb/ros2_ws/install/px4_msgs/lib/libpx4_msgs__rosidl_typesupport_cpp.so\n'}
[1.508490] (px4_msgs) StdoutLine: {'line': b'-- Up-to-date: /home/mcfb/ros2_ws/install/px4_msgs/share/px4_msgs/environment/pythonpath.sh\n'}
[1.508536] (px4_msgs) StdoutLine: {'line': b'-- Up-to-date: /home/mcfb/ros2_ws/install/px4_msgs/share/px4_msgs/environment/pythonpath.dsv\n'}
[1.508588] (px4_msgs) StdoutLine: {'line': b'-- Up-to-date: /home/mcfb/ros2_ws/install/px4_msgs/lib/python3.12/site-packages/px4_msgs-2.0.1-py3.12.egg-info\n'}
[1.508645] (px4_msgs) StdoutLine: {'line': b'-- Installing: /home/mcfb/ros2_ws/install/px4_msgs/lib/python3.12/site-packages/px4_msgs-2.0.1-py3.12.egg-info/dependency_links.txt\n'}
[1.508701] (px4_msgs) StdoutLine: {'line': b'-- Installing: /home/mcfb/ros2_ws/install/px4_msgs/lib/python3.12/site-packages/px4_msgs-2.0.1-py3.12.egg-info/SOURCES.txt\n'}
[1.508753] (px4_msgs) StdoutLine: {'line': b'-- Installing: /home/mcfb/ros2_ws/install/px4_msgs/lib/python3.12/site-packages/px4_msgs-2.0.1-py3.12.egg-info/top_level.txt\n'}
[1.508815] (px4_msgs) StdoutLine: {'line': b'-- Installing: /home/mcfb/ros2_ws/install/px4_msgs/lib/python3.12/site-packages/px4_msgs-2.0.1-py3.12.egg-info/PKG-INFO\n'}
[1.508938] (px4_msgs) StdoutLine: {'line': b'-- Up-to-date: /home/mcfb/ros2_ws/install/px4_msgs/lib/python3.12/site-packages/px4_msgs\n'}
[1.508990] (px4_msgs) StdoutLine: {'line': b'-- Up-to-date: /home/mcfb/ros2_ws/install/px4_msgs/lib/python3.12/site-packages/px4_msgs/srv\n'}
[1.509040] (px4_msgs) StdoutLine: {'line': b'-- Up-to-date: /home/mcfb/ros2_ws/install/px4_msgs/lib/python3.12/site-packages/px4_msgs/srv/_vehicle_command_s.c\n'}
[1.509080] (px4_msgs) StdoutLine: {'line': b'-- Up-to-date: /home/mcfb/ros2_ws/install/px4_msgs/lib/python3.12/site-packages/px4_msgs/srv/__init__.py\n'}
[1.509119] (px4_msgs) StdoutLine: {'line': b'-- Up-to-date: /home/mcfb/ros2_ws/install/px4_msgs/lib/python3.12/site-packages/px4_msgs/srv/_vehicle_command.py\n'}
[1.509157] (px4_msgs) StdoutLine: {'line': b'-- Up-to-date: /home/mcfb/ros2_ws/install/px4_msgs/lib/python3.12/site-packages/px4_msgs/px4_msgs_s__rosidl_typesupport_introspection_c.so\n'}
[1.509200] (px4_msgs) StdoutLine: {'line': b'-- Up-to-date: /home/mcfb/ros2_ws/install/px4_msgs/lib/python3.12/site-packages/px4_msgs/msg\n'}
[1.509241] (px4_msgs) StdoutLine: {'line': b'-- Up-to-date: /home/mcfb/ros2_ws/install/px4_msgs/lib/python3.12/site-packages/px4_msgs/msg/_rpm_s.c\n'}
[1.509298] (px4_msgs) StdoutLine: {'line': b'-- Up-to-date: /home/mcfb/ros2_ws/install/px4_msgs/lib/python3.12/site-packages/px4_msgs/msg/_actuator_controls_status_s.c\n'}
[1.509335] (px4_msgs) StdoutLine: {'line': b'-- Up-to-date: /home/mcfb/ros2_ws/install/px4_msgs/lib/python3.12/site-packages/px4_msgs/msg/_vehicle_acceleration_s.c\n'}
[1.509373] (px4_msgs) StdoutLine: {'line': b'-- Up-to-date: /home/mcfb/ros2_ws/install/px4_msgs/lib/python3.12/site-packages/px4_msgs/msg/_fixed_wing_lateral_setpoint_s.c\n'}
[1.509416] (px4_msgs) StdoutLine: {'line': b'-- Up-to-date: /home/mcfb/ros2_ws/install/px4_msgs/lib/python3.12/site-packages/px4_msgs/msg/_camera_status.py\n'}
[1.509459] (px4_msgs) StdoutLine: {'line': b'-- Up-to-date: /home/mcfb/ros2_ws/install/px4_msgs/lib/python3.12/site-packages/px4_msgs/msg/_estimator_status_s.c\n'}
[1.509501] (px4_msgs) StdoutLine: {'line': b'-- Up-to-date: /home/mcfb/ros2_ws/install/px4_msgs/lib/python3.12/site-packages/px4_msgs/msg/_manual_control_setpoint.py\n'}
[1.509538] (px4_msgs) StdoutLine: {'line': b'-- Up-to-date: /home/mcfb/ros2_ws/install/px4_msgs/lib/python3.12/site-packages/px4_msgs/msg/_wheel_encoders_s.c\n'}
[1.509579] (px4_msgs) StdoutLine: {'line': b'-- Up-to-date: /home/mcfb/ros2_ws/install/px4_msgs/lib/python3.12/site-packages/px4_msgs/msg/_goto_setpoint.py\n'}
[1.509617] (px4_msgs) StdoutLine: {'line': b'-- Up-to-date: /home/mcfb/ros2_ws/install/px4_msgs/lib/python3.12/site-packages/px4_msgs/msg/_flight_phase_estimation.py\n'}
[1.509655] (px4_msgs) StdoutLine: {'line': b'-- Up-to-date: /home/mcfb/ros2_ws/install/px4_msgs/lib/python3.12/site-packages/px4_msgs/msg/_hover_thrust_estimate_s.c\n'}
[1.509706] (px4_msgs) StdoutLine: {'line': b'-- Up-to-date: /home/mcfb/ros2_ws/install/px4_msgs/lib/python3.12/site-packages/px4_msgs/msg/_takeoff_status.py\n'}
[1.509744] (px4_msgs) StdoutLine: {'line': b'-- Up-to-date: /home/mcfb/ros2_ws/install/px4_msgs/lib/python3.12/site-packages/px4_msgs/msg/_landing_target_pose_s.c\n'}
[1.509778] (px4_msgs) StdoutLine: {'line': b'-- Up-to-date: /home/mcfb/ros2_ws/install/px4_msgs/lib/python3.12/site-packages/px4_msgs/msg/_message_format_response.py\n'}
[1.509813] (px4_msgs) StdoutLine: {'line': b'-- Up-to-date: /home/mcfb/ros2_ws/install/px4_msgs/lib/python3.12/site-packages/px4_msgs/msg/_actuator_motors_s.c\n'}
[1.509861] (px4_msgs) StdoutLine: {'line': b'-- Up-to-date: /home/mcfb/ros2_ws/install/px4_msgs/lib/python3.12/site-packages/px4_msgs/msg/_vehicle_attitude_setpoint_s.c\n'}
[1.509906] (px4_msgs) StdoutLine: {'line': b'-- Up-to-date: /home/mcfb/ros2_ws/install/px4_msgs/lib/python3.12/site-packages/px4_msgs/msg/_fixed_wing_runway_control.py\n'}
[1.509950] (px4_msgs) StdoutLine: {'line': b'-- Up-to-date: /home/mcfb/ros2_ws/install/px4_msgs/lib/python3.12/site-packages/px4_msgs/msg/_power_monitor_s.c\n'}
[1.509994] (px4_msgs) StdoutLine: {'line': b'-- Up-to-date: /home/mcfb/ros2_ws/install/px4_msgs/lib/python3.12/site-packages/px4_msgs/msg/_debug_key_value_s.c\n'}
[1.510037] (px4_msgs) StdoutLine: {'line': b'-- Up-to-date: /home/mcfb/ros2_ws/install/px4_msgs/lib/python3.12/site-packages/px4_msgs/msg/_camera_status_s.c\n'}
[1.510087] (px4_msgs) StdoutLine: {'line': b'-- Up-to-date: /home/mcfb/ros2_ws/install/px4_msgs/lib/python3.12/site-packages/px4_msgs/msg/_tecs_status.py\n'}
[1.510125] (px4_msgs) StdoutLine: {'line': b'-- Up-to-date: /home/mcfb/ros2_ws/install/px4_msgs/lib/python3.12/site-packages/px4_msgs/msg/_estimator_event_flags.py\n'}
[1.510161] (px4_msgs) StdoutLine: {'line': b'-- Up-to-date: /home/mcfb/ros2_ws/install/px4_msgs/lib/python3.12/site-packages/px4_msgs/msg/_vehicle_local_position_s.c\n'}
[1.510201] (px4_msgs) StdoutLine: {'line': b'-- Up-to-date: /home/mcfb/ros2_ws/install/px4_msgs/lib/python3.12/site-packages/px4_msgs/msg/_mavlink_log_s.c\n'}
[1.510243] (px4_msgs) StdoutLine: {'line': b'-- Up-to-date: /home/mcfb/ros2_ws/install/px4_msgs/lib/python3.12/site-packages/px4_msgs/msg/_adc_report.py\n'}
[1.510294] (px4_msgs) StdoutLine: {'line': b'-- Up-to-date: /home/mcfb/ros2_ws/install/px4_msgs/lib/python3.12/site-packages/px4_msgs/msg/_battery_status_s.c\n'}
[1.510333] (px4_msgs) StdoutLine: {'line': b'-- Up-to-date: /home/mcfb/ros2_ws/install/px4_msgs/lib/python3.12/site-packages/px4_msgs/msg/_longitudinal_control_configuration_s.c\n'}
[1.510371] (px4_msgs) StdoutLine: {'line': b'-- Up-to-date: /home/mcfb/ros2_ws/install/px4_msgs/lib/python3.12/site-packages/px4_msgs/msg/_navigator_mission_item.py\n'}
[1.510406] (px4_msgs) StdoutLine: {'line': b'-- Up-to-date: /home/mcfb/ros2_ws/install/px4_msgs/lib/python3.12/site-packages/px4_msgs/msg/_open_drone_id_arm_status_s.c\n'}
[1.510442] (px4_msgs) StdoutLine: {'line': b'-- Up-to-date: /home/mcfb/ros2_ws/install/px4_msgs/lib/python3.12/site-packages/px4_msgs/msg/_obstacle_distance_s.c\n'}
[1.510478] (px4_msgs) StdoutLine: {'line': b'-- Up-to-date: /home/mcfb/ros2_ws/install/px4_msgs/lib/python3.12/site-packages/px4_msgs/msg/_actuator_motors.py\n'}
[1.510513] (px4_msgs) StdoutLine: {'line': b'-- Up-to-date: /home/mcfb/ros2_ws/install/px4_msgs/lib/python3.12/site-packages/px4_msgs/msg/_actuator_servos_trim.py\n'}
[1.510554] (px4_msgs) StdoutLine: {'line': b'-- Up-to-date: /home/mcfb/ros2_ws/install/px4_msgs/lib/python3.12/site-packages/px4_msgs/msg/_sensors_status_imu.py\n'}
[1.510594] (px4_msgs) StdoutLine: {'line': b'-- Up-to-date: /home/mcfb/ros2_ws/install/px4_msgs/lib/python3.12/site-packages/px4_msgs/msg/_airspeed_validated.py\n'}
[1.510633] (px4_msgs) StdoutLine: {'line': b'-- Up-to-date: /home/mcfb/ros2_ws/install/px4_msgs/lib/python3.12/site-packages/px4_msgs/msg/_rover_rate_status.py\n'}
[1.510673] (px4_msgs) StdoutLine: {'line': b'-- Up-to-date: /home/mcfb/ros2_ws/install/px4_msgs/lib/python3.12/site-packages/px4_msgs/msg/_parameter_set_used_request.py\n'}
[1.510728] (px4_msgs) StdoutLine: {'line': b'-- Up-to-date: /home/mcfb/ros2_ws/install/px4_msgs/lib/python3.12/site-packages/px4_msgs/msg/_magnetometer_bias_estimate.py\n'}
[1.510764] (px4_msgs) StdoutLine: {'line': b'-- Up-to-date: /home/mcfb/ros2_ws/install/px4_msgs/lib/python3.12/site-packages/px4_msgs/msg/_gimbal_device_information_s.c\n'}
[1.510799] (px4_msgs) StdoutLine: {'line': b'-- Up-to-date: /home/mcfb/ros2_ws/install/px4_msgs/lib/python3.12/site-packages/px4_msgs/msg/_estimator_status_flags.py\n'}
[1.510839] (px4_msgs) StdoutLine: {'line': b'-- Up-to-date: /home/mcfb/ros2_ws/install/px4_msgs/lib/python3.12/site-packages/px4_msgs/msg/_pps_capture.py\n'}
[1.510874] (px4_msgs) StdoutLine: {'line': b'-- Up-to-date: /home/mcfb/ros2_ws/install/px4_msgs/lib/python3.12/site-packages/px4_msgs/msg/_sensor_uwb_s.c\n'}
[1.510910] (px4_msgs) StdoutLine: {'line': b'-- Up-to-date: /home/mcfb/ros2_ws/install/px4_msgs/lib/python3.12/site-packages/px4_msgs/msg/_qshell_retval_s.c\n'}
[1.510946] (px4_msgs) StdoutLine: {'line': b'-- Up-to-date: /home/mcfb/ros2_ws/install/px4_msgs/lib/python3.12/site-packages/px4_msgs/msg/_vehicle_status.py\n'}
[1.510981] (px4_msgs) StdoutLine: {'line': b'-- Up-to-date: /home/mcfb/ros2_ws/install/px4_msgs/lib/python3.12/site-packages/px4_msgs/msg/_normalized_unsigned_setpoint_s.c\n'}
[1.511019] (px4_msgs) StdoutLine: {'line': b'-- Up-to-date: /home/mcfb/ros2_ws/install/px4_msgs/lib/python3.12/site-packages/px4_msgs/msg/_qshell_retval.py\n'}
[1.511065] (px4_msgs) StdoutLine: {'line': b'-- Up-to-date: /home/mcfb/ros2_ws/install/px4_msgs/lib/python3.12/site-packages/px4_msgs/msg/_fixed_wing_lateral_guidance_status_s.c\n'}
[1.511102] (px4_msgs) StdoutLine: {'line': b'-- Up-to-date: /home/mcfb/ros2_ws/install/px4_msgs/lib/python3.12/site-packages/px4_msgs/msg/_rover_throttle_setpoint_s.c\n'}
[1.511138] (px4_msgs) StdoutLine: {'line': b'-- Up-to-date: /home/mcfb/ros2_ws/install/px4_msgs/lib/python3.12/site-packages/px4_msgs/msg/_velocity_limits_s.c\n'}
[1.511173] (px4_msgs) StdoutLine: {'line': b'-- Up-to-date: /home/mcfb/ros2_ws/install/px4_msgs/lib/python3.12/site-packages/px4_msgs/msg/_position_setpoint_triplet.py\n'}
[1.511207] (px4_msgs) StdoutLine: {'line': b'-- Up-to-date: /home/mcfb/ros2_ws/install/px4_msgs/lib/python3.12/site-packages/px4_msgs/msg/_follow_target.py\n'}
[1.511242] (px4_msgs) StdoutLine: {'line': b'-- Up-to-date: /home/mcfb/ros2_ws/install/px4_msgs/lib/python3.12/site-packages/px4_msgs/msg/_log_message.py\n'}
[1.511277] (px4_msgs) StdoutLine: {'line': b'-- Up-to-date: /home/mcfb/ros2_ws/install/px4_msgs/lib/python3.12/site-packages/px4_msgs/msg/_gps_inject_data_s.c\n'}
[1.511312] (px4_msgs) StdoutLine: {'line': b'-- Up-to-date: /home/mcfb/ros2_ws/install/px4_msgs/lib/python3.12/site-packages/px4_msgs/msg/_button_event.py\n'}
[1.511352] (px4_msgs) StdoutLine: {'line': b'-- Up-to-date: /home/mcfb/ros2_ws/install/px4_msgs/lib/python3.12/site-packages/px4_msgs/msg/_follow_target_s.c\n'}
[1.511398] (px4_msgs) StdoutLine: {'line': b'-- Up-to-date: /home/mcfb/ros2_ws/install/px4_msgs/lib/python3.12/site-packages/px4_msgs/msg/_sensor_optical_flow_s.c\n'}
[1.511432] (px4_msgs) StdoutLine: {'line': b'-- Up-to-date: /home/mcfb/ros2_ws/install/px4_msgs/lib/python3.12/site-packages/px4_msgs/msg/_position_controller_status_s.c\n'}
[1.511467] (px4_msgs) StdoutLine: {'line': b'-- Up-to-date: /home/mcfb/ros2_ws/install/px4_msgs/lib/python3.12/site-packages/px4_msgs/msg/_gimbal_manager_set_attitude_s.c\n'}
[1.511510] (px4_msgs) StdoutLine: {'line': b'-- Up-to-date: /home/mcfb/ros2_ws/install/px4_msgs/lib/python3.12/site-packages/px4_msgs/msg/_figure_eight_status_s.c\n'}
[1.511546] (px4_msgs) StdoutLine: {'line': b'-- Up-to-date: /home/mcfb/ros2_ws/install/px4_msgs/lib/python3.12/site-packages/px4_msgs/msg/_heater_status.py\n'}
[1.511585] (px4_msgs) StdoutLine: {'line': b'-- Up-to-date: /home/mcfb/ros2_ws/install/px4_msgs/lib/python3.12/site-packages/px4_msgs/msg/_vehicle_status_s.c\n'}
[1.511624] (px4_msgs) StdoutLine: {'line': b'-- Up-to-date: /home/mcfb/ros2_ws/install/px4_msgs/lib/python3.12/site-packages/px4_msgs/msg/_wind_s.c\n'}
[1.511671] (px4_msgs) StdoutLine: {'line': b'-- Up-to-date: /home/mcfb/ros2_ws/install/px4_msgs/lib/python3.12/site-packages/px4_msgs/msg/_log_message_s.c\n'}
[1.511707] (px4_msgs) StdoutLine: {'line': b'-- Up-to-date: /home/mcfb/ros2_ws/install/px4_msgs/lib/python3.12/site-packages/px4_msgs/msg/_estimator_states.py\n'}
[1.511743] (px4_msgs) StdoutLine: {'line': b'-- Up-to-date: /home/mcfb/ros2_ws/install/px4_msgs/lib/python3.12/site-packages/px4_msgs/msg/_cpuload.py\n'}
[1.511781] (px4_msgs) StdoutLine: {'line': b'-- Up-to-date: /home/mcfb/ros2_ws/install/px4_msgs/lib/python3.12/site-packages/px4_msgs/msg/_tecs_status_s.c\n'}
[1.511818] (px4_msgs) StdoutLine: {'line': b'-- Up-to-date: /home/mcfb/ros2_ws/install/px4_msgs/lib/python3.12/site-packages/px4_msgs/msg/_lateral_control_configuration.py\n'}
[1.511859] (px4_msgs) StdoutLine: {'line': b'-- Up-to-date: /home/mcfb/ros2_ws/install/px4_msgs/lib/python3.12/site-packages/px4_msgs/msg/_sensor_gyro_s.c\n'}
[1.511912] (px4_msgs) StdoutLine: {'line': b'-- Up-to-date: /home/mcfb/ros2_ws/install/px4_msgs/lib/python3.12/site-packages/px4_msgs/msg/_failsafe_flags_s.c\n'}
[1.511968] (px4_msgs) StdoutLine: {'line': b'-- Up-to-date: /home/mcfb/ros2_ws/install/px4_msgs/lib/python3.12/site-packages/px4_msgs/msg/_estimator_gps_status_s.c\n'}
[1.512014] (px4_msgs) StdoutLine: {'line': b'-- Up-to-date: /home/mcfb/ros2_ws/install/px4_msgs/lib/python3.12/site-packages/px4_msgs/msg/_mavlink_tunnel.py\n'}
[1.512055] (px4_msgs) StdoutLine: {'line': b'-- Up-to-date: /home/mcfb/ros2_ws/install/px4_msgs/lib/python3.12/site-packages/px4_msgs/msg/_collision_constraints_s.c\n'}
[1.512110] (px4_msgs) StdoutLine: {'line': b'-- Up-to-date: /home/mcfb/ros2_ws/install/px4_msgs/lib/python3.12/site-packages/px4_msgs/msg/_vehicle_control_mode_s.c\n'}
[1.512147] (px4_msgs) StdoutLine: {'line': b'-- Up-to-date: /home/mcfb/ros2_ws/install/px4_msgs/lib/python3.12/site-packages/px4_msgs/msg/_debug_array_s.c\n'}
[1.512182] (px4_msgs) StdoutLine: {'line': b'-- Up-to-date: /home/mcfb/ros2_ws/install/px4_msgs/lib/python3.12/site-packages/px4_msgs/msg/_vehicle_attitude_s.c\n'}
[1.512318] (px4_msgs) StdoutLine: {'line': b'-- Up-to-date: /home/mcfb/ros2_ws/install/px4_msgs/lib/python3.12/site-packages/px4_msgs/msg/_figure_eight_status.py\n'}
[1.512394] (px4_msgs) StdoutLine: {'line': b'-- Up-to-date: /home/mcfb/ros2_ws/install/px4_msgs/lib/python3.12/site-packages/px4_msgs/msg/_rc_channels_s.c\n'}
[1.512451] (px4_msgs) StdoutLine: {'line': b'-- Up-to-date: /home/mcfb/ros2_ws/install/px4_msgs/lib/python3.12/site-packages/px4_msgs/msg/_transponder_report.py\n'}
[1.512503] (px4_msgs) StdoutLine: {'line': b'-- Up-to-date: /home/mcfb/ros2_ws/install/px4_msgs/lib/python3.12/site-packages/px4_msgs/msg/_vehicle_global_position.py\n'}
[1.512556] (px4_msgs) StdoutLine: {'line': b'-- Up-to-date: /home/mcfb/ros2_ws/install/px4_msgs/lib/python3.12/site-packages/px4_msgs/msg/_sensors_status_imu_s.c\n'}
[1.512607] (px4_msgs) StdoutLine: {'line': b'-- Up-to-date: /home/mcfb/ros2_ws/install/px4_msgs/lib/python3.12/site-packages/px4_msgs/msg/_gimbal_device_set_attitude_s.c\n'}
[1.512657] (px4_msgs) StdoutLine: {'line': b'-- Up-to-date: /home/mcfb/ros2_ws/install/px4_msgs/lib/python3.12/site-packages/px4_msgs/msg/_pure_pursuit_status.py\n'}
[1.512706] (px4_msgs) StdoutLine: {'line': b'-- Up-to-date: /home/mcfb/ros2_ws/install/px4_msgs/lib/python3.12/site-packages/px4_msgs/msg/_vehicle_acceleration.py\n'}
[1.512756] (px4_msgs) StdoutLine: {'line': b'-- Up-to-date: /home/mcfb/ros2_ws/install/px4_msgs/lib/python3.12/site-packages/px4_msgs/msg/_sensor_accel_fifo.py\n'}
[1.512806] (px4_msgs) StdoutLine: {'line': b'-- Up-to-date: /home/mcfb/ros2_ws/install/px4_msgs/lib/python3.12/site-packages/px4_msgs/msg/_home_position.py\n'}
[1.512863] (px4_msgs) StdoutLine: {'line': b'-- Up-to-date: /home/mcfb/ros2_ws/install/px4_msgs/lib/python3.12/site-packages/px4_msgs/msg/_trajectory_setpoint.py\n'}
[1.512911] (px4_msgs) StdoutLine: {'line': b'-- Up-to-date: /home/mcfb/ros2_ws/install/px4_msgs/lib/python3.12/site-packages/px4_msgs/msg/_sensor_mag.py\n'}
[1.512961] (px4_msgs) StdoutLine: {'line': b'-- Up-to-date: /home/mcfb/ros2_ws/install/px4_msgs/lib/python3.12/site-packages/px4_msgs/msg/_parameter_reset_request_s.c\n'}
[1.513010] (px4_msgs) StdoutLine: {'line': b'-- Up-to-date: /home/mcfb/ros2_ws/install/px4_msgs/lib/python3.12/site-packages/px4_msgs/msg/_gimbal_manager_set_manual_control.py\n'}
[1.513059] (px4_msgs) StdoutLine: {'line': b'-- Up-to-date: /home/mcfb/ros2_ws/install/px4_msgs/lib/python3.12/site-packages/px4_msgs/msg/_gpio_config_s.c\n'}
[1.513106] (px4_msgs) StdoutLine: {'line': b'-- Up-to-date: /home/mcfb/ros2_ws/install/px4_msgs/lib/python3.12/site-packages/px4_msgs/msg/_pps_capture_s.c\n'}
[1.513194] (px4_msgs) StdoutLine: {'line': b'-- Up-to-date: /home/mcfb/ros2_ws/install/px4_msgs/lib/python3.12/site-packages/px4_msgs/msg/_normalized_unsigned_setpoint.py\n'}
[1.513241] (px4_msgs) StdoutLine: {'line': b'-- Up-to-date: /home/mcfb/ros2_ws/install/px4_msgs/lib/python3.12/site-packages/px4_msgs/msg/_dataman_request.py\n'}
[1.513286] (px4_msgs) StdoutLine: {'line': b'-- Up-to-date: /home/mcfb/ros2_ws/install/px4_msgs/lib/python3.12/site-packages/px4_msgs/msg/_orb_test_medium.py\n'}
[1.513330] (px4_msgs) StdoutLine: {'line': b'-- Up-to-date: /home/mcfb/ros2_ws/install/px4_msgs/lib/python3.12/site-packages/px4_msgs/msg/_camera_capture_s.c\n'}
[1.513378] (px4_msgs) StdoutLine: {'line': b'-- Up-to-date: /home/mcfb/ros2_ws/install/px4_msgs/lib/python3.12/site-packages/px4_msgs/msg/_mavlink_log.py\n'}
[1.513427] (px4_msgs) StdoutLine: {'line': b'-- Up-to-date: /home/mcfb/ros2_ws/install/px4_msgs/lib/python3.12/site-packages/px4_msgs/msg/_rover_speed_setpoint.py\n'}
[1.513476] (px4_msgs) StdoutLine: {'line': b'-- Up-to-date: /home/mcfb/ros2_ws/install/px4_msgs/lib/python3.12/site-packages/px4_msgs/msg/_sensor_gyro_fft.py\n'}
[1.513525] (px4_msgs) StdoutLine: {'line': b'-- Up-to-date: /home/mcfb/ros2_ws/install/px4_msgs/lib/python3.12/site-packages/px4_msgs/msg/_rover_rate_status_s.c\n'}
[1.513573] (px4_msgs) StdoutLine: {'line': b'-- Up-to-date: /home/mcfb/ros2_ws/install/px4_msgs/lib/python3.12/site-packages/px4_msgs/msg/_gpio_out.py\n'}
[1.513619] (px4_msgs) StdoutLine: {'line': b'-- Up-to-date: /home/mcfb/ros2_ws/install/px4_msgs/lib/python3.12/site-packages/px4_msgs/msg/_vehicle_angular_acceleration_setpoint_s.c\n'}
[1.513666] (px4_msgs) StdoutLine: {'line': b'-- Up-to-date: /home/mcfb/ros2_ws/install/px4_msgs/lib/python3.12/site-packages/px4_msgs/msg/_fuel_tank_status_s.c\n'}
[1.513715] (px4_msgs) StdoutLine: {'line': b'-- Up-to-date: /home/mcfb/ros2_ws/install/px4_msgs/lib/python3.12/site-packages/px4_msgs/msg/_orb_test_s.c\n'}
[1.513785] (px4_msgs) StdoutLine: {'line': b'-- Up-to-date: /home/mcfb/ros2_ws/install/px4_msgs/lib/python3.12/site-packages/px4_msgs/msg/_airspeed_s.c\n'}
[1.513835] (px4_msgs) StdoutLine: {'line': b'-- Up-to-date: /home/mcfb/ros2_ws/install/px4_msgs/lib/python3.12/site-packages/px4_msgs/msg/_airspeed.py\n'}
[1.513881] (px4_msgs) StdoutLine: {'line': b'-- Up-to-date: /home/mcfb/ros2_ws/install/px4_msgs/lib/python3.12/site-packages/px4_msgs/msg/_dronecan_node_status.py\n'}
[1.513929] (px4_msgs) StdoutLine: {'line': b'-- Up-to-date: /home/mcfb/ros2_ws/install/px4_msgs/lib/python3.12/site-packages/px4_msgs/msg/_airspeed_wind_s.c\n'}
[1.513977] (px4_msgs) StdoutLine: {'line': b'-- Up-to-date: /home/mcfb/ros2_ws/install/px4_msgs/lib/python3.12/site-packages/px4_msgs/msg/_px4io_status.py\n'}
[1.514050] (px4_msgs) StdoutLine: {'line': b'-- Up-to-date: /home/mcfb/ros2_ws/install/px4_msgs/lib/python3.12/site-packages/px4_msgs/msg/_adc_report_s.c\n'}
[1.514094] (px4_msgs) StdoutLine: {'line': b'-- Up-to-date: /home/mcfb/ros2_ws/install/px4_msgs/lib/python3.12/site-packages/px4_msgs/msg/_mission_result_s.c\n'}
[1.514138] (px4_msgs) StdoutLine: {'line': b'-- Up-to-date: /home/mcfb/ros2_ws/install/px4_msgs/lib/python3.12/site-packages/px4_msgs/msg/_vehicle_angular_velocity_s.c\n'}
[1.514181] (px4_msgs) StdoutLine: {'line': b'-- Up-to-date: /home/mcfb/ros2_ws/install/px4_msgs/lib/python3.12/site-packages/px4_msgs/msg/_actuator_test.py\n'}
[1.514244] (px4_msgs) StdoutLine: {'line': b'-- Up-to-date: /home/mcfb/ros2_ws/install/px4_msgs/lib/python3.12/site-packages/px4_msgs/msg/_button_event_s.c\n'}
[1.514288] (px4_msgs) StdoutLine: {'line': b'-- Up-to-date: /home/mcfb/ros2_ws/install/px4_msgs/lib/python3.12/site-packages/px4_msgs/msg/_sensor_correction_s.c\n'}
[1.514331] (px4_msgs) StdoutLine: {'line': b'-- Up-to-date: /home/mcfb/ros2_ws/install/px4_msgs/lib/python3.12/site-packages/px4_msgs/msg/_launch_detection_status_s.c\n'}
[1.514374] (px4_msgs) StdoutLine: {'line': b'-- Up-to-date: /home/mcfb/ros2_ws/install/px4_msgs/lib/python3.12/site-packages/px4_msgs/msg/_vehicle_constraints_s.c\n'}
[1.514419] (px4_msgs) StdoutLine: {'line': b'-- Up-to-date: /home/mcfb/ros2_ws/install/px4_msgs/lib/python3.12/site-packages/px4_msgs/msg/_estimator_selector_status.py\n'}
[1.514486] (px4_msgs) StdoutLine: {'line': b'-- Up-to-date: /home/mcfb/ros2_ws/install/px4_msgs/lib/python3.12/site-packages/px4_msgs/msg/_ulog_stream_s.c\n'}
[1.514530] (px4_msgs) StdoutLine: {'line': b'-- Up-to-date: /home/mcfb/ros2_ws/install/px4_msgs/lib/python3.12/site-packages/px4_msgs/msg/_internal_combustion_engine_control.py\n'}
[1.514573] (px4_msgs) StdoutLine: {'line': b'-- Up-to-date: /home/mcfb/ros2_ws/install/px4_msgs/lib/python3.12/site-packages/px4_msgs/msg/_gps_dump_s.c\n'}
[1.514621] (px4_msgs) StdoutLine: {'line': b'-- Up-to-date: /home/mcfb/ros2_ws/install/px4_msgs/lib/python3.12/site-packages/px4_msgs/msg/_mag_worker_data.py\n'}
[1.514664] (px4_msgs) StdoutLine: {'line': b'-- Up-to-date: /home/mcfb/ros2_ws/install/px4_msgs/lib/python3.12/site-packages/px4_msgs/msg/_sensors_status_s.c\n'}
[1.514711] (px4_msgs) StdoutLine: {'line': b'-- Up-to-date: /home/mcfb/ros2_ws/install/px4_msgs/lib/python3.12/site-packages/px4_msgs/msg/_onboard_computer_status_s.c\n'}
[1.514758] (px4_msgs) StdoutLine: {'line': b'-- Up-to-date: /home/mcfb/ros2_ws/install/px4_msgs/lib/python3.12/site-packages/px4_msgs/msg/_rtl_time_estimate_s.c\n'}
[1.514829] (px4_msgs) StdoutLine: {'line': b'-- Up-to-date: /home/mcfb/ros2_ws/install/px4_msgs/lib/python3.12/site-packages/px4_msgs/msg/_landing_target_pose.py\n'}
[1.514873] (px4_msgs) StdoutLine: {'line': b'-- Up-to-date: /home/mcfb/ros2_ws/install/px4_msgs/lib/python3.12/site-packages/px4_msgs/msg/_rover_attitude_setpoint_s.c\n'}
[1.514916] (px4_msgs) StdoutLine: {'line': b'-- Up-to-date: /home/mcfb/ros2_ws/install/px4_msgs/lib/python3.12/site-packages/px4_msgs/msg/_vtol_vehicle_status_s.c\n'}
[1.514969] (px4_msgs) StdoutLine: {'line': b'-- Up-to-date: /home/mcfb/ros2_ws/install/px4_msgs/lib/python3.12/site-packages/px4_msgs/msg/_gripper.py\n'}
[1.515018] (px4_msgs) StdoutLine: {'line': b'-- Up-to-date: /home/mcfb/ros2_ws/install/px4_msgs/lib/python3.12/site-packages/px4_msgs/msg/_cellular_status_s.c\n'}
[1.515063] (px4_msgs) StdoutLine: {'line': b'-- Up-to-date: /home/mcfb/ros2_ws/install/px4_msgs/lib/python3.12/site-packages/px4_msgs/msg/_telemetry_status.py\n'}
[1.515132] (px4_msgs) StdoutLine: {'line': b'-- Up-to-date: /home/mcfb/ros2_ws/install/px4_msgs/lib/python3.12/site-packages/px4_msgs/msg/_sensor_accel.py\n'}
[1.515184] (px4_msgs) StdoutLine: {'line': b'-- Up-to-date: /home/mcfb/ros2_ws/install/px4_msgs/lib/python3.12/site-packages/px4_msgs/msg/_actuator_test_s.c\n'}
[1.515245] (px4_msgs) StdoutLine: {'line': b'-- Up-to-date: /home/mcfb/ros2_ws/install/px4_msgs/lib/python3.12/site-packages/px4_msgs/msg/_sensor_preflight_mag_s.c\n'}
[1.515292] (px4_msgs) StdoutLine: {'line': b'-- Up-to-date: /home/mcfb/ros2_ws/install/px4_msgs/lib/python3.12/site-packages/px4_msgs/msg/_gimbal_device_set_attitude.py\n'}
[1.515336] (px4_msgs) StdoutLine: {'line': b'-- Up-to-date: /home/mcfb/ros2_ws/install/px4_msgs/lib/python3.12/site-packages/px4_msgs/msg/_ulog_stream_ack.py\n'}
[1.515396] (px4_msgs) StdoutLine: {'line': b'-- Up-to-date: /home/mcfb/ros2_ws/install/px4_msgs/lib/python3.12/site-packages/px4_msgs/msg/_gimbal_manager_information_s.c\n'}
[1.515448] (px4_msgs) StdoutLine: {'line': b'-- Up-to-date: /home/mcfb/ros2_ws/install/px4_msgs/lib/python3.12/site-packages/px4_msgs/msg/_yaw_estimator_status.py\n'}
[1.515498] (px4_msgs) StdoutLine: {'line': b'-- Up-to-date: /home/mcfb/ros2_ws/install/px4_msgs/lib/python3.12/site-packages/px4_msgs/msg/_open_drone_id_system.py\n'}
[1.515546] (px4_msgs) StdoutLine: {'line': b'-- Up-to-date: /home/mcfb/ros2_ws/install/px4_msgs/lib/python3.12/site-packages/px4_msgs/msg/_offboard_control_mode.py\n'}
[1.515595] (px4_msgs) StdoutLine: {'line': b'-- Up-to-date: /home/mcfb/ros2_ws/install/px4_msgs/lib/python3.12/site-packages/px4_msgs/msg/_open_drone_id_operator_id.py\n'}
[1.515647] (px4_msgs) StdoutLine: {'line': b'-- Up-to-date: /home/mcfb/ros2_ws/install/px4_msgs/lib/python3.12/site-packages/px4_msgs/msg/_uavcan_parameter_request_s.c\n'}
[1.515730] (px4_msgs) StdoutLine: {'line': b'-- Up-to-date: /home/mcfb/ros2_ws/install/px4_msgs/lib/python3.12/site-packages/px4_msgs/msg/_vehicle_imu_status.py\n'}
[1.515936] (px4_msgs) StdoutLine: {'line': b'-- Up-to-date: /home/mcfb/ros2_ws/install/px4_msgs/lib/python3.12/site-packages/px4_msgs/msg/_uavcan_parameter_value_s.c\n'}
[1.516016] (px4_msgs) StdoutLine: {'line': b'-- Up-to-date: /home/mcfb/ros2_ws/install/px4_msgs/lib/python3.12/site-packages/px4_msgs/msg/_ulog_stream_ack_s.c\n'}
[1.516078] (px4_msgs) StdoutLine: {'line': b'-- Up-to-date: /home/mcfb/ros2_ws/install/px4_msgs/lib/python3.12/site-packages/px4_msgs/msg/_timesync_status.py\n'}
[1.516145] (px4_msgs) StdoutLine: {'line': b'-- Up-to-date: /home/mcfb/ros2_ws/install/px4_msgs/lib/python3.12/site-packages/px4_msgs/msg/_config_overrides_s.c\n'}
[1.516202] (px4_msgs) StdoutLine: {'line': b'-- Up-to-date: /home/mcfb/ros2_ws/install/px4_msgs/lib/python3.12/site-packages/px4_msgs/msg/_battery_info.py\n'}
[1.516249] (px4_msgs) StdoutLine: {'line': b'-- Up-to-date: /home/mcfb/ros2_ws/install/px4_msgs/lib/python3.12/site-packages/px4_msgs/msg/_action_request.py\n'}
[1.516301] (px4_msgs) StdoutLine: {'line': b'-- Up-to-date: /home/mcfb/ros2_ws/install/px4_msgs/lib/python3.12/site-packages/px4_msgs/msg/_differential_pressure.py\n'}
[1.516351] (px4_msgs) StdoutLine: {'line': b'-- Up-to-date: /home/mcfb/ros2_ws/install/px4_msgs/lib/python3.12/site-packages/px4_msgs/msg/_arming_check_request.py\n'}
[1.516406] (px4_msgs) StdoutLine: {'line': b'-- Up-to-date: /home/mcfb/ros2_ws/install/px4_msgs/lib/python3.12/site-packages/px4_msgs/msg/_estimator_status_flags_s.c\n'}
[1.516446] (px4_msgs) StdoutLine: {'line': b'-- Up-to-date: /home/mcfb/ros2_ws/install/px4_msgs/lib/python3.12/site-packages/px4_msgs/msg/_sensor_gnss_status.py\n'}
[1.516496] (px4_msgs) StdoutLine: {'line': b'-- Up-to-date: /home/mcfb/ros2_ws/install/px4_msgs/lib/python3.12/site-packages/px4_msgs/msg/_internal_combustion_engine_control_s.c\n'}
[1.516547] (px4_msgs) StdoutLine: {'line': b'-- Up-to-date: /home/mcfb/ros2_ws/install/px4_msgs/lib/python3.12/site-packages/px4_msgs/msg/_gps_inject_data.py\n'}
[1.516636] (px4_msgs) StdoutLine: {'line': b'-- Up-to-date: /home/mcfb/ros2_ws/install/px4_msgs/lib/python3.12/site-packages/px4_msgs/msg/_mission_s.c\n'}
[1.516724] (px4_msgs) StdoutLine: {'line': b'-- Up-to-date: /home/mcfb/ros2_ws/install/px4_msgs/lib/python3.12/site-packages/px4_msgs/msg/_estimator_aid_source1d_s.c\n'}
[1.516808] (px4_msgs) StdoutLine: {'line': b'-- Up-to-date: /home/mcfb/ros2_ws/install/px4_msgs/lib/python3.12/site-packages/px4_msgs/msg/_vehicle_local_position.py\n'}
[1.516891] (px4_msgs) StdoutLine: {'line': b'-- Up-to-date: /home/mcfb/ros2_ws/install/px4_msgs/lib/python3.12/site-packages/px4_msgs/msg/_vehicle_roi_s.c\n'}
[1.516954] (px4_msgs) StdoutLine: {'line': b'-- Up-to-date: /home/mcfb/ros2_ws/install/px4_msgs/lib/python3.12/site-packages/px4_msgs/msg/_rover_speed_setpoint_s.c\n'}
[1.517016] (px4_msgs) StdoutLine: {'line': b'-- Up-to-date: /home/mcfb/ros2_ws/install/px4_msgs/lib/python3.12/site-packages/px4_msgs/msg/_orbit_status.py\n'}
[1.517080] (px4_msgs) StdoutLine: {'line': b'-- Up-to-date: /home/mcfb/ros2_ws/install/px4_msgs/lib/python3.12/site-packages/px4_msgs/msg/_parameter_update_s.c\n'}
[1.517138] (px4_msgs) StdoutLine: {'line': b'-- Up-to-date: /home/mcfb/ros2_ws/install/px4_msgs/lib/python3.12/site-packages/px4_msgs/msg/_arming_check_request_s.c\n'}
[1.517196] (px4_msgs) StdoutLine: {'line': b'-- Up-to-date: /home/mcfb/ros2_ws/install/px4_msgs/lib/python3.12/site-packages/px4_msgs/msg/_ping_s.c\n'}
[1.517257] (px4_msgs) StdoutLine: {'line': b'-- Up-to-date: /home/mcfb/ros2_ws/install/px4_msgs/lib/python3.12/site-packages/px4_msgs/msg/_mount_orientation_s.c\n'}
[1.517312] (px4_msgs) StdoutLine: {'line': b'-- Up-to-date: /home/mcfb/ros2_ws/install/px4_msgs/lib/python3.12/site-packages/px4_msgs/msg/_register_ext_component_request.py\n'}
[1.517366] (px4_msgs) StdoutLine: {'line': b'-- Up-to-date: /home/mcfb/ros2_ws/install/px4_msgs/lib/python3.12/site-packages/px4_msgs/msg/_vehicle_odometry_s.c\n'}
[1.517423] (px4_msgs) StdoutLine: {'line': b'-- Up-to-date: /home/mcfb/ros2_ws/install/px4_msgs/lib/python3.12/site-packages/px4_msgs/msg/_gpio_request_s.c\n'}
[1.517471] (px4_msgs) StdoutLine: {'line': b'-- Up-to-date: /home/mcfb/ros2_ws/install/px4_msgs/lib/python3.12/site-packages/px4_msgs/msg/_sensor_gnss_relative_s.c\n'}
[1.517520] (px4_msgs) StdoutLine: {'line': b'-- Up-to-date: /home/mcfb/ros2_ws/install/px4_msgs/lib/python3.12/site-packages/px4_msgs/msg/_cellular_status.py\n'}
[1.517571] (px4_msgs) StdoutLine: {'line': b'-- Up-to-date: /home/mcfb/ros2_ws/install/px4_msgs/lib/python3.12/site-packages/px4_msgs/msg/_autotune_attitude_control_status.py\n'}
[1.517651] (px4_msgs) StdoutLine: {'line': b'-- Up-to-date: /home/mcfb/ros2_ws/install/px4_msgs/lib/python3.12/site-packages/px4_msgs/msg/_gimbal_manager_set_manual_control_s.c\n'}
[1.517694] (px4_msgs) StdoutLine: {'line': b'-- Up-to-date: /home/mcfb/ros2_ws/install/px4_msgs/lib/python3.12/site-packages/px4_msgs/msg/_power_button_state_s.c\n'}
[1.517746] (px4_msgs) StdoutLine: {'line': b'-- Up-to-date: /home/mcfb/ros2_ws/install/px4_msgs/lib/python3.12/site-packages/px4_msgs/msg/_orb_test_medium_s.c\n'}
[1.517788] (px4_msgs) StdoutLine: {'line': b'-- Up-to-date: /home/mcfb/ros2_ws/install/px4_msgs/lib/python3.12/site-packages/px4_msgs/msg/_mount_orientation.py\n'}
[1.517844] (px4_msgs) StdoutLine: {'line': b'-- Up-to-date: /home/mcfb/ros2_ws/install/px4_msgs/lib/python3.12/site-packages/px4_msgs/msg/_open_drone_id_self_id_s.c\n'}
[1.517895] (px4_msgs) StdoutLine: {'line': b'-- Up-to-date: /home/mcfb/ros2_ws/install/px4_msgs/lib/python3.12/site-packages/px4_msgs/msg/_pwm_input.py\n'}
[1.517948] (px4_msgs) StdoutLine: {'line': b'-- Up-to-date: /home/mcfb/ros2_ws/install/px4_msgs/lib/python3.12/site-packages/px4_msgs/msg/_gimbal_manager_set_attitude.py\n'}
[1.517986] (px4_msgs) StdoutLine: {'line': b'-- Up-to-date: /home/mcfb/ros2_ws/install/px4_msgs/lib/python3.12/site-packages/px4_msgs/msg/_parameter_set_value_request_s.c\n'}
[1.518041] (px4_msgs) StdoutLine: {'line': b'-- Up-to-date: /home/mcfb/ros2_ws/install/px4_msgs/lib/python3.12/site-packages/px4_msgs/msg/_rate_ctrl_status_s.c\n'}
[1.518091] (px4_msgs) StdoutLine: {'line': b'-- Up-to-date: /home/mcfb/ros2_ws/install/px4_msgs/lib/python3.12/site-packages/px4_msgs/msg/_vehicle_optical_flow_vel_s.c\n'}
[1.518141] (px4_msgs) StdoutLine: {'line': b'-- Up-to-date: /home/mcfb/ros2_ws/install/px4_msgs/lib/python3.12/site-packages/px4_msgs/msg/_manual_control_switches_s.c\n'}
[1.518191] (px4_msgs) StdoutLine: {'line': b'-- Up-to-date: /home/mcfb/ros2_ws/install/px4_msgs/lib/python3.12/site-packages/px4_msgs/msg/_power_monitor.py\n'}
[1.518242] (px4_msgs) StdoutLine: {'line': b'-- Up-to-date: /home/mcfb/ros2_ws/install/px4_msgs/lib/python3.12/site-packages/px4_msgs/msg/_satellite_info.py\n'}
[1.518303] (px4_msgs) StdoutLine: {'line': b'-- Up-to-date: /home/mcfb/ros2_ws/install/px4_msgs/lib/python3.12/site-packages/px4_msgs/msg/_logger_status.py\n'}
[1.518357] (px4_msgs) StdoutLine: {'line': b'-- Up-to-date: /home/mcfb/ros2_ws/install/px4_msgs/lib/python3.12/site-packages/px4_msgs/msg/_parameter_set_value_response.py\n'}
[1.518415] (px4_msgs) StdoutLine: {'line': b'-- Up-to-date: /home/mcfb/ros2_ws/install/px4_msgs/lib/python3.12/site-packages/px4_msgs/msg/_gpio_in.py\n'}
[1.518465] (px4_msgs) StdoutLine: {'line': b'-- Up-to-date: /home/mcfb/ros2_ws/install/px4_msgs/lib/python3.12/site-packages/px4_msgs/msg/_health_report.py\n'}
[1.518515] (px4_msgs) StdoutLine: {'line': b'-- Up-to-date: /home/mcfb/ros2_ws/install/px4_msgs/lib/python3.12/site-packages/px4_msgs/msg/_vehicle_attitude_setpoint.py\n'}
[1.518566] (px4_msgs) StdoutLine: {'line': b'-- Up-to-date: /home/mcfb/ros2_ws/install/px4_msgs/lib/python3.12/site-packages/px4_msgs/msg/_vtol_vehicle_status.py\n'}
[1.518621] (px4_msgs) StdoutLine: {'line': b'-- Up-to-date: /home/mcfb/ros2_ws/install/px4_msgs/lib/python3.12/site-packages/px4_msgs/msg/_sensor_airflow_s.c\n'}
[1.518736] (px4_msgs) StdoutLine: {'line': b'-- Up-to-date: /home/mcfb/ros2_ws/install/px4_msgs/lib/python3.12/site-packages/px4_msgs/msg/_vehicle_constraints.py\n'}
[1.518790] (px4_msgs) StdoutLine: {'line': b'-- Up-to-date: /home/mcfb/ros2_ws/install/px4_msgs/lib/python3.12/site-packages/px4_msgs/msg/_sensor_gnss_status_s.c\n'}
[1.518846] (px4_msgs) StdoutLine: {'line': b'-- Up-to-date: /home/mcfb/ros2_ws/install/px4_msgs/lib/python3.12/site-packages/px4_msgs/msg/_estimator_event_flags_s.c\n'}
[1.518886] (px4_msgs) StdoutLine: {'line': b'-- Up-to-date: /home/mcfb/ros2_ws/install/px4_msgs/lib/python3.12/site-packages/px4_msgs/msg/_rover_rate_setpoint.py\n'}
[1.518924] (px4_msgs) StdoutLine: {'line': b'-- Up-to-date: /home/mcfb/ros2_ws/install/px4_msgs/lib/python3.12/site-packages/px4_msgs/msg/_rate_ctrl_status.py\n'}
[1.518959] (px4_msgs) StdoutLine: {'line': b'-- Up-to-date: /home/mcfb/ros2_ws/install/px4_msgs/lib/python3.12/site-packages/px4_msgs/msg/_sensor_gps.py\n'}
[1.518995] (px4_msgs) StdoutLine: {'line': b'-- Up-to-date: /home/mcfb/ros2_ws/install/px4_msgs/lib/python3.12/site-packages/px4_msgs/msg/_vehicle_magnetometer_s.c\n'}
[1.519037] (px4_msgs) StdoutLine: {'line': b'-- Up-to-date: /home/mcfb/ros2_ws/install/px4_msgs/lib/python3.12/site-packages/px4_msgs/msg/_sensor_baro_s.c\n'}
[1.519080] (px4_msgs) StdoutLine: {'line': b'-- Up-to-date: /home/mcfb/ros2_ws/install/px4_msgs/lib/python3.12/site-packages/px4_msgs/msg/_debug_array.py\n'}
[1.519199] (px4_msgs) StdoutLine: {'line': b'-- Up-to-date: /home/mcfb/ros2_ws/install/px4_msgs/lib/python3.12/site-packages/px4_msgs/msg/_position_controller_landing_status.py\n'}
[1.519259] (px4_msgs) StdoutLine: {'line': b'-- Up-to-date: /home/mcfb/ros2_ws/install/px4_msgs/lib/python3.12/site-packages/px4_msgs/msg/_position_setpoint_triplet_s.c\n'}
[1.519304] (px4_msgs) StdoutLine: {'line': b'-- Up-to-date: /home/mcfb/ros2_ws/install/px4_msgs/lib/python3.12/site-packages/px4_msgs/msg/_follow_target_status_s.c\n'}
[1.519342] (px4_msgs) StdoutLine: {'line': b'-- Up-to-date: /home/mcfb/ros2_ws/install/px4_msgs/lib/python3.12/site-packages/px4_msgs/msg/_mag_worker_data_s.c\n'}
[1.519389] (px4_msgs) StdoutLine: {'line': b'-- Up-to-date: /home/mcfb/ros2_ws/install/px4_msgs/lib/python3.12/site-packages/px4_msgs/msg/_vehicle_command_ack_s.c\n'}
[1.519426] (px4_msgs) StdoutLine: {'line': b'-- Up-to-date: /home/mcfb/ros2_ws/install/px4_msgs/lib/python3.12/site-packages/px4_msgs/msg/_sensor_accel_s.c\n'}
[1.519470] (px4_msgs) StdoutLine: {'line': b'-- Up-to-date: /home/mcfb/ros2_ws/install/px4_msgs/lib/python3.12/site-packages/px4_msgs/msg/_position_setpoint.py\n'}
[1.519516] (px4_msgs) StdoutLine: {'line': b'-- Up-to-date: /home/mcfb/ros2_ws/install/px4_msgs/lib/python3.12/site-packages/px4_msgs/msg/_landing_gear_wheel.py\n'}
[1.519567] (px4_msgs) StdoutLine: {'line': b'-- Up-to-date: /home/mcfb/ros2_ws/install/px4_msgs/lib/python3.12/site-packages/px4_msgs/msg/_vehicle_optical_flow_s.c\n'}
[1.519622] (px4_msgs) StdoutLine: {'line': b'-- Up-to-date: /home/mcfb/ros2_ws/install/px4_msgs/lib/python3.12/site-packages/px4_msgs/msg/_differential_pressure_s.c\n'}
[1.519673] (px4_msgs) StdoutLine: {'line': b'-- Up-to-date: /home/mcfb/ros2_ws/install/px4_msgs/lib/python3.12/site-packages/px4_msgs/msg/_sensor_gyro_fft_s.c\n'}
[1.519728] (px4_msgs) StdoutLine: {'line': b'-- Up-to-date: /home/mcfb/ros2_ws/install/px4_msgs/lib/python3.12/site-packages/px4_msgs/msg/_sensor_gyro_fifo_s.c\n'}
[1.519784] (px4_msgs) StdoutLine: {'line': b'-- Up-to-date: /home/mcfb/ros2_ws/install/px4_msgs/lib/python3.12/site-packages/px4_msgs/msg/_sensor_gnss_relative.py\n'}
[1.519841] (px4_msgs) StdoutLine: {'line': b'-- Up-to-date: /home/mcfb/ros2_ws/install/px4_msgs/lib/python3.12/site-packages/px4_msgs/msg/_fixed_wing_runway_control_s.c\n'}
[1.519903] (px4_msgs) StdoutLine: {'line': b'-- Up-to-date: /home/mcfb/ros2_ws/install/px4_msgs/lib/python3.12/site-packages/px4_msgs/msg/_vehicle_angular_acceleration_setpoint.py\n'}
[1.519957] (px4_msgs) StdoutLine: {'line': b'-- Up-to-date: /home/mcfb/ros2_ws/install/px4_msgs/lib/python3.12/site-packages/px4_msgs/msg/_vehicle_imu_s.c\n'}
[1.520013] (px4_msgs) StdoutLine: {'line': b'-- Up-to-date: /home/mcfb/ros2_ws/install/px4_msgs/lib/python3.12/site-packages/px4_msgs/msg/_gripper_s.c\n'}
[1.520076] (px4_msgs) StdoutLine: {'line': b'-- Up-to-date: /home/mcfb/ros2_ws/install/px4_msgs/lib/python3.12/site-packages/px4_msgs/msg/_register_ext_component_reply_s.c\n'}
[1.520381] (px4_msgs) StdoutLine: {'line': b'-- Up-to-date: /home/mcfb/ros2_ws/install/px4_msgs/lib/python3.12/site-packages/px4_msgs/msg/_arming_check_reply_s.c\n'}
[1.520506] (px4_msgs) StdoutLine: {'line': b'-- Up-to-date: /home/mcfb/ros2_ws/install/px4_msgs/lib/python3.12/site-packages/px4_msgs/msg/_rover_attitude_status_s.c\n'}
[1.520672] (px4_msgs) StdoutLine: {'line': b'-- Up-to-date: /home/mcfb/ros2_ws/install/px4_msgs/lib/python3.12/site-packages/px4_msgs/msg/_debug_value.py\n'}
[1.520728] (px4_msgs) StdoutLine: {'line': b'-- Up-to-date: /home/mcfb/ros2_ws/install/px4_msgs/lib/python3.12/site-packages/px4_msgs/msg/_sensor_mag_s.c\n'}
[1.520770] (px4_msgs) StdoutLine: {'line': b'-- Up-to-date: /home/mcfb/ros2_ws/install/px4_msgs/lib/python3.12/site-packages/px4_msgs/msg/_flight_phase_estimation_s.c\n'}
[1.520817] (px4_msgs) StdoutLine: {'line': b'-- Up-to-date: /home/mcfb/ros2_ws/install/px4_msgs/lib/python3.12/site-packages/px4_msgs/msg/_action_request_s.c\n'}
[1.520867] (px4_msgs) StdoutLine: {'line': b'-- Up-to-date: /home/mcfb/ros2_ws/install/px4_msgs/lib/python3.12/site-packages/px4_msgs/msg/_debug_value_s.c\n'}
[1.520915] (px4_msgs) StdoutLine: {'line': b'-- Up-to-date: /home/mcfb/ros2_ws/install/px4_msgs/lib/python3.12/site-packages/px4_msgs/msg/_hover_thrust_estimate.py\n'}
[1.520953] (px4_msgs) StdoutLine: {'line': b'-- Up-to-date: /home/mcfb/ros2_ws/install/px4_msgs/lib/python3.12/site-packages/px4_msgs/msg/_system_power_s.c\n'}
[1.520989] (px4_msgs) StdoutLine: {'line': b'-- Up-to-date: /home/mcfb/ros2_ws/install/px4_msgs/lib/python3.12/site-packages/px4_msgs/msg/_rover_steering_setpoint.py\n'}
[1.521027] (px4_msgs) StdoutLine: {'line': b'-- Up-to-date: /home/mcfb/ros2_ws/install/px4_msgs/lib/python3.12/site-packages/px4_msgs/msg/_system_power.py\n'}
[1.521069] (px4_msgs) StdoutLine: {'line': b'-- Up-to-date: /home/mcfb/ros2_ws/install/px4_msgs/lib/python3.12/site-packages/px4_msgs/msg/_follow_target_estimator.py\n'}
[1.521108] (px4_msgs) StdoutLine: {'line': b'-- Up-to-date: /home/mcfb/ros2_ws/install/px4_msgs/lib/python3.12/site-packages/px4_msgs/msg/_sensors_status.py\n'}
[1.521148] (px4_msgs) StdoutLine: {'line': b'-- Up-to-date: /home/mcfb/ros2_ws/install/px4_msgs/lib/python3.12/site-packages/px4_msgs/msg/_home_position_s.c\n'}
[1.521187] (px4_msgs) StdoutLine: {'line': b'-- Up-to-date: /home/mcfb/ros2_ws/install/px4_msgs/lib/python3.12/site-packages/px4_msgs/msg/_mission.py\n'}
[1.521229] (px4_msgs) StdoutLine: {'line': b'-- Up-to-date: /home/mcfb/ros2_ws/install/px4_msgs/lib/python3.12/site-packages/px4_msgs/msg/_estimator_selector_status_s.c\n'}
[1.521267] (px4_msgs) StdoutLine: {'line': b'-- Up-to-date: /home/mcfb/ros2_ws/install/px4_msgs/lib/python3.12/site-packages/px4_msgs/msg/_gps_dump.py\n'}
[1.521307] (px4_msgs) StdoutLine: {'line': b'-- Up-to-date: /home/mcfb/ros2_ws/install/px4_msgs/lib/python3.12/site-packages/px4_msgs/msg/_sensor_correction.py\n'}
[1.521349] (px4_msgs) StdoutLine: {'line': b'-- Up-to-date: /home/mcfb/ros2_ws/install/px4_msgs/lib/python3.12/site-packages/px4_msgs/msg/_orb_test.py\n'}
[1.521389] (px4_msgs) StdoutLine: {'line': b'-- Up-to-date: /home/mcfb/ros2_ws/install/px4_msgs/lib/python3.12/site-packages/px4_msgs/msg/_trajectory_setpoint6dof_s.c\n'}
[1.521428] (px4_msgs) StdoutLine: {'line': b'-- Up-to-date: /home/mcfb/ros2_ws/install/px4_msgs/lib/python3.12/site-packages/px4_msgs/msg/_dataman_response_s.c\n'}
[1.521468] (px4_msgs) StdoutLine: {'line': b'-- Up-to-date: /home/mcfb/ros2_ws/install/px4_msgs/lib/python3.12/site-packages/px4_msgs/msg/_collision_constraints.py\n'}
[1.521505] (px4_msgs) StdoutLine: {'line': b'-- Up-to-date: /home/mcfb/ros2_ws/install/px4_msgs/lib/python3.12/site-packages/px4_msgs/msg/_vehicle_command_s.c\n'}
[1.521543] (px4_msgs) StdoutLine: {'line': b'-- Up-to-date: /home/mcfb/ros2_ws/install/px4_msgs/lib/python3.12/site-packages/px4_msgs/msg/_estimator_aid_source2d_s.c\n'}
[1.521581] (px4_msgs) StdoutLine: {'line': b'-- Up-to-date: /home/mcfb/ros2_ws/install/px4_msgs/lib/python3.12/site-packages/px4_msgs/msg/_estimator_status.py\n'}
[1.521619] (px4_msgs) StdoutLine: {'line': b'-- Up-to-date: /home/mcfb/ros2_ws/install/px4_msgs/lib/python3.12/site-packages/px4_msgs/msg/_sensor_baro.py\n'}
[1.521659] (px4_msgs) StdoutLine: {'line': b'-- Up-to-date: /home/mcfb/ros2_ws/install/px4_msgs/lib/python3.12/site-packages/px4_msgs/msg/_vehicle_odometry.py\n'}
[1.521733] (px4_msgs) StdoutLine: {'line': b'-- Up-to-date: /home/mcfb/ros2_ws/install/px4_msgs/lib/python3.12/site-packages/px4_msgs/msg/_transponder_report_s.c\n'}
[1.521769] (px4_msgs) StdoutLine: {'line': b'-- Up-to-date: /home/mcfb/ros2_ws/install/px4_msgs/lib/python3.12/site-packages/px4_msgs/msg/_sensor_gyro_fifo.py\n'}
[1.521805] (px4_msgs) StdoutLine: {'line': b'-- Up-to-date: /home/mcfb/ros2_ws/install/px4_msgs/lib/python3.12/site-packages/px4_msgs/msg/_control_allocator_status.py\n'}
[1.521861] (px4_msgs) StdoutLine: {'line': b'-- Up-to-date: /home/mcfb/ros2_ws/install/px4_msgs/lib/python3.12/site-packages/px4_msgs/msg/_qshell_req.py\n'}
[1.521898] (px4_msgs) StdoutLine: {'line': b'-- Up-to-date: /home/mcfb/ros2_ws/install/px4_msgs/lib/python3.12/site-packages/px4_msgs/msg/_orb_test_large_s.c\n'}
[1.521936] (px4_msgs) StdoutLine: {'line': b'-- Up-to-date: /home/mcfb/ros2_ws/install/px4_msgs/lib/python3.12/site-packages/px4_msgs/msg/_tune_control.py\n'}
[1.521971] (px4_msgs) StdoutLine: {'line': b'-- Up-to-date: /home/mcfb/ros2_ws/install/px4_msgs/lib/python3.12/site-packages/px4_msgs/msg/_estimator_sensor_bias.py\n'}
[1.522009] (px4_msgs) StdoutLine: {'line': b'-- Up-to-date: /home/mcfb/ros2_ws/install/px4_msgs/lib/python3.12/site-packages/px4_msgs/msg/_open_drone_id_arm_status.py\n'}
[1.522044] (px4_msgs) StdoutLine: {'line': b'-- Up-to-date: /home/mcfb/ros2_ws/install/px4_msgs/lib/python3.12/site-packages/px4_msgs/msg/_vehicle_angular_velocity.py\n'}
[1.522078] (px4_msgs) StdoutLine: {'line': b'-- Up-to-date: /home/mcfb/ros2_ws/install/px4_msgs/lib/python3.12/site-packages/px4_msgs/msg/_estimator_bias3d.py\n'}
[1.522113] (px4_msgs) StdoutLine: {'line': b'-- Up-to-date: /home/mcfb/ros2_ws/install/px4_msgs/lib/python3.12/site-packages/px4_msgs/msg/_event_s.c\n'}
[1.522149] (px4_msgs) StdoutLine: {'line': b'-- Up-to-date: /home/mcfb/ros2_ws/install/px4_msgs/lib/python3.12/site-packages/px4_msgs/msg/_rover_position_setpoint.py\n'}
[1.522185] (px4_msgs) StdoutLine: {'line': b'-- Up-to-date: /home/mcfb/ros2_ws/install/px4_msgs/lib/python3.12/site-packages/px4_msgs/msg/_orbit_status_s.c\n'}
[1.522225] (px4_msgs) StdoutLine: {'line': b'-- Up-to-date: /home/mcfb/ros2_ws/install/px4_msgs/lib/python3.12/site-packages/px4_msgs/msg/_estimator_aid_source3d_s.c\n'}
[1.522265] (px4_msgs) StdoutLine: {'line': b'-- Up-to-date: /home/mcfb/ros2_ws/install/px4_msgs/lib/python3.12/site-packages/px4_msgs/msg/_lateral_control_configuration_s.c\n'}
[1.522302] (px4_msgs) StdoutLine: {'line': b'-- Up-to-date: /home/mcfb/ros2_ws/install/px4_msgs/lib/python3.12/site-packages/px4_msgs/msg/_rover_throttle_setpoint.py\n'}
[1.522341] (px4_msgs) StdoutLine: {'line': b'-- Up-to-date: /home/mcfb/ros2_ws/install/px4_msgs/lib/python3.12/site-packages/px4_msgs/msg/_actuator_armed_s.c\n'}
[1.522379] (px4_msgs) StdoutLine: {'line': b'-- Up-to-date: /home/mcfb/ros2_ws/install/px4_msgs/lib/python3.12/site-packages/px4_msgs/msg/_landing_gear_wheel_s.c\n'}
[1.522415] (px4_msgs) StdoutLine: {'line': b'-- Up-to-date: /home/mcfb/ros2_ws/install/px4_msgs/lib/python3.12/site-packages/px4_msgs/msg/_estimator_aid_source1d.py\n'}
[1.522452] (px4_msgs) StdoutLine: {'line': b'-- Up-to-date: /home/mcfb/ros2_ws/install/px4_msgs/lib/python3.12/site-packages/px4_msgs/msg/_velocity_limits.py\n'}
[1.522490] (px4_msgs) StdoutLine: {'line': b'-- Up-to-date: /home/mcfb/ros2_ws/install/px4_msgs/lib/python3.12/site-packages/px4_msgs/msg/_parameter_update.py\n'}
[1.522529] (px4_msgs) StdoutLine: {'line': b'-- Up-to-date: /home/mcfb/ros2_ws/install/px4_msgs/lib/python3.12/site-packages/px4_msgs/msg/_autotune_attitude_control_status_s.c\n'}
[1.522567] (px4_msgs) StdoutLine: {'line': b'-- Up-to-date: /home/mcfb/ros2_ws/install/px4_msgs/lib/python3.12/site-packages/px4_msgs/msg/_esc_status_s.c\n'}
[1.522607] (px4_msgs) StdoutLine: {'line': b'-- Up-to-date: /home/mcfb/ros2_ws/install/px4_msgs/lib/python3.12/site-packages/px4_msgs/msg/_estimator_gps_status.py\n'}
[1.522645] (px4_msgs) StdoutLine: {'line': b'-- Up-to-date: /home/mcfb/ros2_ws/install/px4_msgs/lib/python3.12/site-packages/px4_msgs/msg/_power_button_state.py\n'}
[1.522704] (px4_msgs) StdoutLine: {'line': b'-- Up-to-date: /home/mcfb/ros2_ws/install/px4_msgs/lib/python3.12/site-packages/px4_msgs/msg/_register_ext_component_reply.py\n'}
[1.522740] (px4_msgs) StdoutLine: {'line': b'-- Up-to-date: /home/mcfb/ros2_ws/install/px4_msgs/lib/python3.12/site-packages/px4_msgs/msg/_landing_target_innovations_s.c\n'}
[1.522775] (px4_msgs) StdoutLine: {'line': b'-- Up-to-date: /home/mcfb/ros2_ws/install/px4_msgs/lib/python3.12/site-packages/px4_msgs/msg/_rover_speed_status_s.c\n'}
[1.522809] (px4_msgs) StdoutLine: {'line': b'-- Up-to-date: /home/mcfb/ros2_ws/install/px4_msgs/lib/python3.12/site-packages/px4_msgs/msg/_sensor_combined.py\n'}
[1.522848] (px4_msgs) StdoutLine: {'line': b'-- Up-to-date: /home/mcfb/ros2_ws/install/px4_msgs/lib/python3.12/site-packages/px4_msgs/msg/_vehicle_rates_setpoint.py\n'}
[1.522883] (px4_msgs) StdoutLine: {'line': b'-- Up-to-date: /home/mcfb/ros2_ws/install/px4_msgs/lib/python3.12/site-packages/px4_msgs/msg/_sensor_accel_fifo_s.c\n'}
[1.522921] (px4_msgs) StdoutLine: {'line': b'-- Up-to-date: /home/mcfb/ros2_ws/install/px4_msgs/lib/python3.12/site-packages/px4_msgs/msg/_distance_sensor.py\n'}
[1.522961] (px4_msgs) StdoutLine: {'line': b'-- Up-to-date: /home/mcfb/ros2_ws/install/px4_msgs/lib/python3.12/site-packages/px4_msgs/msg/_fixed_wing_longitudinal_setpoint_s.c\n'}
[1.523000] (px4_msgs) StdoutLine: {'line': b'-- Up-to-date: /home/mcfb/ros2_ws/install/px4_msgs/lib/python3.12/site-packages/px4_msgs/msg/_debug_key_value.py\n'}
[1.523044] (px4_msgs) StdoutLine: {'line': b'-- Up-to-date: /home/mcfb/ros2_ws/install/px4_msgs/lib/python3.12/site-packages/px4_msgs/msg/_camera_trigger_s.c\n'}
[1.523083] (px4_msgs) StdoutLine: {'line': b'-- Up-to-date: /home/mcfb/ros2_ws/install/px4_msgs/lib/python3.12/site-packages/px4_msgs/msg/_qshell_req_s.c\n'}
[1.523123] (px4_msgs) StdoutLine: {'line': b'-- Up-to-date: /home/mcfb/ros2_ws/install/px4_msgs/lib/python3.12/site-packages/px4_msgs/msg/_led_control.py\n'}
[1.523160] (px4_msgs) StdoutLine: {'line': b'-- Up-to-date: /home/mcfb/ros2_ws/install/px4_msgs/lib/python3.12/site-packages/px4_msgs/msg/_ping.py\n'}
[1.523201] (px4_msgs) StdoutLine: {'line': b'-- Up-to-date: /home/mcfb/ros2_ws/install/px4_msgs/lib/python3.12/site-packages/px4_msgs/msg/_gimbal_manager_status_s.c\n'}
[1.523250] (px4_msgs) StdoutLine: {'line': b'-- Up-to-date: /home/mcfb/ros2_ws/install/px4_msgs/lib/python3.12/site-packages/px4_msgs/msg/_actuator_controls_status.py\n'}
[1.523320] (px4_msgs) StdoutLine: {'line': b'-- Up-to-date: /home/mcfb/ros2_ws/install/px4_msgs/lib/python3.12/site-packages/px4_msgs/msg/_failure_detector_status.py\n'}
[1.523361] (px4_msgs) StdoutLine: {'line': b'-- Up-to-date: /home/mcfb/ros2_ws/install/px4_msgs/lib/python3.12/site-packages/px4_msgs/msg/_rover_attitude_status.py\n'}
[1.523400] (px4_msgs) StdoutLine: {'line': b'-- Up-to-date: /home/mcfb/ros2_ws/install/px4_msgs/lib/python3.12/site-packages/px4_msgs/msg/_vehicle_air_data_s.c\n'}
[1.523440] (px4_msgs) StdoutLine: {'line': b'-- Up-to-date: /home/mcfb/ros2_ws/install/px4_msgs/lib/python3.12/site-packages/px4_msgs/msg/_actuator_outputs.py\n'}
[1.523478] (px4_msgs) StdoutLine: {'line': b'-- Up-to-date: /home/mcfb/ros2_ws/install/px4_msgs/lib/python3.12/site-packages/px4_msgs/msg/_navigator_mission_item_s.c\n'}
[1.523516] (px4_msgs) StdoutLine: {'line': b'-- Up-to-date: /home/mcfb/ros2_ws/install/px4_msgs/lib/python3.12/site-packages/px4_msgs/msg/_telemetry_status_s.c\n'}
[1.523553] (px4_msgs) StdoutLine: {'line': b'-- Up-to-date: /home/mcfb/ros2_ws/install/px4_msgs/lib/python3.12/site-packages/px4_msgs/msg/_radio_status_s.c\n'}
[1.523593] (px4_msgs) StdoutLine: {'line': b'-- Up-to-date: /home/mcfb/ros2_ws/install/px4_msgs/lib/python3.12/site-packages/px4_msgs/msg/_airspeed_wind.py\n'}
[1.523631] (px4_msgs) StdoutLine: {'line': b'-- Up-to-date: /home/mcfb/ros2_ws/install/px4_msgs/lib/python3.12/site-packages/px4_msgs/msg/_rover_attitude_setpoint.py\n'}
[1.523669] (px4_msgs) StdoutLine: {'line': b'-- Up-to-date: /home/mcfb/ros2_ws/install/px4_msgs/lib/python3.12/site-packages/px4_msgs/msg/_estimator_aid_source2d.py\n'}
[1.523713] (px4_msgs) StdoutLine: {'line': b'-- Up-to-date: /home/mcfb/ros2_ws/install/px4_msgs/lib/python3.12/site-packages/px4_msgs/msg/_parameter_set_used_request_s.c\n'}
[1.523769] (px4_msgs) StdoutLine: {'line': b'-- Up-to-date: /home/mcfb/ros2_ws/install/px4_msgs/lib/python3.12/site-packages/px4_msgs/msg/_vehicle_thrust_setpoint.py\n'}
[1.523823] (px4_msgs) StdoutLine: {'line': b'-- Up-to-date: /home/mcfb/ros2_ws/install/px4_msgs/lib/python3.12/site-packages/px4_msgs/msg/_sensor_combined_s.c\n'}
[1.523888] (px4_msgs) StdoutLine: {'line': b'-- Up-to-date: /home/mcfb/ros2_ws/install/px4_msgs/lib/python3.12/site-packages/px4_msgs/msg/_magnetometer_bias_estimate_s.c\n'}
[1.523942] (px4_msgs) StdoutLine: {'line': b'-- Up-to-date: /home/mcfb/ros2_ws/install/px4_msgs/lib/python3.12/site-packages/px4_msgs/msg/_uavcan_parameter_request.py\n'}
[1.524093] (px4_msgs) StdoutLine: {'line': b'-- Up-to-date: /home/mcfb/ros2_ws/install/px4_msgs/lib/python3.12/site-packages/px4_msgs/msg/_geofence_status.py\n'}
[1.524260] (px4_msgs) StdoutLine: {'line': b'-- Up-to-date: /home/mcfb/ros2_ws/install/px4_msgs/lib/python3.12/site-packages/px4_msgs/msg/_follow_target_status.py\n'}
[1.524466] (px4_msgs) StdoutLine: {'line': b'-- Up-to-date: /home/mcfb/ros2_ws/install/px4_msgs/lib/python3.12/site-packages/px4_msgs/msg/_task_stack_info_s.c\n'}
[1.524571] (px4_msgs) StdoutLine: {'line': b'-- Up-to-date: /home/mcfb/ros2_ws/install/px4_msgs/lib/python3.12/site-packages/px4_msgs/msg/_radio_status.py\n'}
[1.524618] (px4_msgs) StdoutLine: {'line': b'-- Up-to-date: /home/mcfb/ros2_ws/install/px4_msgs/lib/python3.12/site-packages/px4_msgs/msg/_gimbal_manager_information.py\n'}
[1.524658] (px4_msgs) StdoutLine: {'line': b'-- Up-to-date: /home/mcfb/ros2_ws/install/px4_msgs/lib/python3.12/site-packages/px4_msgs/msg/_gimbal_device_attitude_status_s.c\n'}
[1.524698] (px4_msgs) StdoutLine: {'line': b'-- Up-to-date: /home/mcfb/ros2_ws/install/px4_msgs/lib/python3.12/site-packages/px4_msgs/msg/_parameter_set_value_request.py\n'}
[1.524756] (px4_msgs) StdoutLine: {'line': b'-- Up-to-date: /home/mcfb/ros2_ws/install/px4_msgs/lib/python3.12/site-packages/px4_msgs/msg/_esc_report_s.c\n'}
[1.524794] (px4_msgs) StdoutLine: {'line': b'-- Up-to-date: /home/mcfb/ros2_ws/install/px4_msgs/lib/python3.12/site-packages/px4_msgs/msg/_rpm.py\n'}
[1.524836] (px4_msgs) StdoutLine: {'line': b'-- Up-to-date: /home/mcfb/ros2_ws/install/px4_msgs/lib/python3.12/site-packages/px4_msgs/msg/_uavcan_parameter_value.py\n'}
[1.524874] (px4_msgs) StdoutLine: {'line': b'-- Up-to-date: /home/mcfb/ros2_ws/install/px4_msgs/lib/python3.12/site-packages/px4_msgs/msg/_pure_pursuit_status_s.c\n'}
[1.524910] (px4_msgs) StdoutLine: {'line': b'-- Up-to-date: /home/mcfb/ros2_ws/install/px4_msgs/lib/python3.12/site-packages/px4_msgs/msg/_timesync_status_s.c\n'}
[1.524947] (px4_msgs) StdoutLine: {'line': b'-- Up-to-date: /home/mcfb/ros2_ws/install/px4_msgs/lib/python3.12/site-packages/px4_msgs/msg/_gimbal_device_attitude_status.py\n'}
[1.524983] (px4_msgs) StdoutLine: {'line': b'-- Up-to-date: /home/mcfb/ros2_ws/install/px4_msgs/lib/python3.12/site-packages/px4_msgs/msg/_position_controller_landing_status_s.c\n'}
[1.525023] (px4_msgs) StdoutLine: {'line': b'-- Up-to-date: /home/mcfb/ros2_ws/install/px4_msgs/lib/python3.12/site-packages/px4_msgs/msg/_estimator_sensor_bias_s.c\n'}
[1.525064] (px4_msgs) StdoutLine: {'line': b'-- Up-to-date: /home/mcfb/ros2_ws/install/px4_msgs/lib/python3.12/site-packages/px4_msgs/msg/_can_interface_status.py\n'}
[1.525125] (px4_msgs) StdoutLine: {'line': b'-- Up-to-date: /home/mcfb/ros2_ws/install/px4_msgs/lib/python3.12/site-packages/px4_msgs/msg/_sensor_selection.py\n'}
[1.525161] (px4_msgs) StdoutLine: {'line': b'-- Up-to-date: /home/mcfb/ros2_ws/install/px4_msgs/lib/python3.12/site-packages/px4_msgs/msg/_obstacle_distance.py\n'}
[1.525196] (px4_msgs) StdoutLine: {'line': b'-- Up-to-date: /home/mcfb/ros2_ws/install/px4_msgs/lib/python3.12/site-packages/px4_msgs/msg/_fixed_wing_lateral_guidance_status.py\n'}
[1.525245] (px4_msgs) StdoutLine: {'line': b'-- Up-to-date: /home/mcfb/ros2_ws/install/px4_msgs/lib/python3.12/site-packages/px4_msgs/msg/_offboard_control_mode_s.c\n'}
[1.525282] (px4_msgs) StdoutLine: {'line': b'-- Up-to-date: /home/mcfb/ros2_ws/install/px4_msgs/lib/python3.12/site-packages/px4_msgs/msg/_vehicle_attitude.py\n'}
[1.525320] (px4_msgs) StdoutLine: {'line': b'-- Up-to-date: /home/mcfb/ros2_ws/install/px4_msgs/lib/python3.12/site-packages/px4_msgs/msg/_goto_setpoint_s.c\n'}
[1.525359] (px4_msgs) StdoutLine: {'line': b'-- Up-to-date: /home/mcfb/ros2_ws/install/px4_msgs/lib/python3.12/site-packages/px4_msgs/msg/_vehicle_command_ack.py\n'}
[1.525400] (px4_msgs) StdoutLine: {'line': b'-- Up-to-date: /home/mcfb/ros2_ws/install/px4_msgs/lib/python3.12/site-packages/px4_msgs/msg/_wind.py\n'}
[1.525439] (px4_msgs) StdoutLine: {'line': b'-- Up-to-date: /home/mcfb/ros2_ws/install/px4_msgs/lib/python3.12/site-packages/px4_msgs/msg/_parameter_set_value_response_s.c\n'}
[1.525478] (px4_msgs) StdoutLine: {'line': b'-- Up-to-date: /home/mcfb/ros2_ws/install/px4_msgs/lib/python3.12/site-packages/px4_msgs/msg/_estimator_bias_s.c\n'}
[1.525522] (px4_msgs) StdoutLine: {'line': b'-- Up-to-date: /home/mcfb/ros2_ws/install/px4_msgs/lib/python3.12/site-packages/px4_msgs/msg/_sensor_airflow.py\n'}
[1.525596] (px4_msgs) StdoutLine: {'line': b'-- Up-to-date: /home/mcfb/ros2_ws/install/px4_msgs/lib/python3.12/site-packages/px4_msgs/msg/_onboard_computer_status.py\n'}
[1.525633] (px4_msgs) StdoutLine: {'line': b'-- Up-to-date: /home/mcfb/ros2_ws/install/px4_msgs/lib/python3.12/site-packages/px4_msgs/msg/_sensor_optical_flow.py\n'}
[1.525669] (px4_msgs) StdoutLine: {'line': b'-- Up-to-date: /home/mcfb/ros2_ws/install/px4_msgs/lib/python3.12/site-packages/px4_msgs/msg/_sensor_uwb.py\n'}
[1.525717] (px4_msgs) StdoutLine: {'line': b'-- Up-to-date: /home/mcfb/ros2_ws/install/px4_msgs/lib/python3.12/site-packages/px4_msgs/msg/_estimator_states_s.c\n'}
[1.525762] (px4_msgs) StdoutLine: {'line': b'-- Up-to-date: /home/mcfb/ros2_ws/install/px4_msgs/lib/python3.12/site-packages/px4_msgs/msg/_rc_channels.py\n'}
[1.525840] (px4_msgs) StdoutLine: {'line': b'-- Up-to-date: /home/mcfb/ros2_ws/install/px4_msgs/lib/python3.12/site-packages/px4_msgs/msg/_generator_status_s.c\n'}
[1.525877] (px4_msgs) StdoutLine: {'line': b'-- Up-to-date: /home/mcfb/ros2_ws/install/px4_msgs/lib/python3.12/site-packages/px4_msgs/msg/_px4io_status_s.c\n'}
[1.525913] (px4_msgs) StdoutLine: {'line': b'-- Up-to-date: /home/mcfb/ros2_ws/install/px4_msgs/lib/python3.12/site-packages/px4_msgs/msg/_message_format_request_s.c\n'}
[1.525961] (px4_msgs) StdoutLine: {'line': b'-- Up-to-date: /home/mcfb/ros2_ws/install/px4_msgs/lib/python3.12/site-packages/px4_msgs/msg/_actuator_servos_trim_s.c\n'}
[1.526009] (px4_msgs) StdoutLine: {'line': b'-- Up-to-date: /home/mcfb/ros2_ws/install/px4_msgs/lib/python3.12/site-packages/px4_msgs/msg/_mode_completed.py\n'}
[1.526079] (px4_msgs) StdoutLine: {'line': b'-- Up-to-date: /home/mcfb/ros2_ws/install/px4_msgs/lib/python3.12/site-packages/px4_msgs/msg/_satellite_info_s.c\n'}
[1.526117] (px4_msgs) StdoutLine: {'line': b'-- Up-to-date: /home/mcfb/ros2_ws/install/px4_msgs/lib/python3.12/site-packages/px4_msgs/msg/_camera_trigger.py\n'}
[1.526160] (px4_msgs) StdoutLine: {'line': b'-- Up-to-date: /home/mcfb/ros2_ws/install/px4_msgs/lib/python3.12/site-packages/px4_msgs/msg/_mission_result.py\n'}
[1.526205] (px4_msgs) StdoutLine: {'line': b'-- Up-to-date: /home/mcfb/ros2_ws/install/px4_msgs/lib/python3.12/site-packages/px4_msgs/msg/_navigator_status_s.c\n'}
[1.526251] (px4_msgs) StdoutLine: {'line': b'-- Up-to-date: /home/mcfb/ros2_ws/install/px4_msgs/lib/python3.12/site-packages/px4_msgs/msg/_distance_sensor_s.c\n'}
[1.526295] (px4_msgs) StdoutLine: {'line': b'-- Up-to-date: /home/mcfb/ros2_ws/install/px4_msgs/lib/python3.12/site-packages/px4_msgs/msg/_gpio_request.py\n'}
[1.526338] (px4_msgs) StdoutLine: {'line': b'-- Up-to-date: /home/mcfb/ros2_ws/install/px4_msgs/lib/python3.12/site-packages/px4_msgs/msg/_estimator_bias3d_s.c\n'}
[1.526388] (px4_msgs) StdoutLine: {'line': b'-- Up-to-date: /home/mcfb/ros2_ws/install/px4_msgs/lib/python3.12/site-packages/px4_msgs/msg/_position_controller_status.py\n'}
[1.526435] (px4_msgs) StdoutLine: {'line': b'-- Up-to-date: /home/mcfb/ros2_ws/install/px4_msgs/lib/python3.12/site-packages/px4_msgs/msg/_landing_gear_s.c\n'}
[1.526479] (px4_msgs) StdoutLine: {'line': b'-- Up-to-date: /home/mcfb/ros2_ws/install/px4_msgs/lib/python3.12/site-packages/px4_msgs/msg/_irlock_report_s.c\n'}
[1.526522] (px4_msgs) StdoutLine: {'line': b'-- Up-to-date: /home/mcfb/ros2_ws/install/px4_msgs/lib/python3.12/site-packages/px4_msgs/msg/_input_rc_s.c\n'}
[1.526564] (px4_msgs) StdoutLine: {'line': b'-- Up-to-date: /home/mcfb/ros2_ws/install/px4_msgs/lib/python3.12/site-packages/px4_msgs/msg/_internal_combustion_engine_status.py\n'}
[1.526612] (px4_msgs) StdoutLine: {'line': b'-- Up-to-date: /home/mcfb/ros2_ws/install/px4_msgs/lib/python3.12/site-packages/px4_msgs/msg/_gpio_in_s.c\n'}
[1.526658] (px4_msgs) StdoutLine: {'line': b'-- Up-to-date: /home/mcfb/ros2_ws/install/px4_msgs/lib/python3.12/site-packages/px4_msgs/msg/_sensor_gyro.py\n'}
[1.526700] (px4_msgs) StdoutLine: {'line': b'-- Up-to-date: /home/mcfb/ros2_ws/install/px4_msgs/lib/python3.12/site-packages/px4_msgs/msg/_gpio_out_s.c\n'}
[1.526747] (px4_msgs) StdoutLine: {'line': b'-- Up-to-date: /home/mcfb/ros2_ws/install/px4_msgs/lib/python3.12/site-packages/px4_msgs/msg/_rover_steering_setpoint_s.c\n'}
[1.526796] (px4_msgs) StdoutLine: {'line': b'-- Up-to-date: /home/mcfb/ros2_ws/install/px4_msgs/lib/python3.12/site-packages/px4_msgs/msg/_iridiumsbd_status_s.c\n'}
[1.526855] (px4_msgs) StdoutLine: {'line': b'-- Up-to-date: /home/mcfb/ros2_ws/install/px4_msgs/lib/python3.12/site-packages/px4_msgs/msg/_vehicle_magnetometer.py\n'}
[1.527779] (px4_msgs) StdoutLine: {'line': b'-- Up-to-date: /home/mcfb/ros2_ws/install/px4_msgs/lib/python3.12/site-packages/px4_msgs/msg/_ekf2_timestamps_s.c\n'}
[1.527861] (px4_msgs) StdoutLine: {'line': b'-- Up-to-date: /home/mcfb/ros2_ws/install/px4_msgs/lib/python3.12/site-packages/px4_msgs/msg/_generator_status.py\n'}
[1.527902] (px4_msgs) StdoutLine: {'line': b'-- Up-to-date: /home/mcfb/ros2_ws/install/px4_msgs/lib/python3.12/site-packages/px4_msgs/msg/_heater_status_s.c\n'}
[1.527941] (px4_msgs) StdoutLine: {'line': b'-- Up-to-date: /home/mcfb/ros2_ws/install/px4_msgs/lib/python3.12/site-packages/px4_msgs/msg/_mavlink_tunnel_s.c\n'}
[1.527979] (px4_msgs) StdoutLine: {'line': b'-- Up-to-date: /home/mcfb/ros2_ws/install/px4_msgs/lib/python3.12/site-packages/px4_msgs/msg/_wheel_encoders.py\n'}
[1.528027] (px4_msgs) StdoutLine: {'line': b'-- Up-to-date: /home/mcfb/ros2_ws/install/px4_msgs/lib/python3.12/site-packages/px4_msgs/msg/_vehicle_control_mode.py\n'}
[1.528078] (px4_msgs) StdoutLine: {'line': b'-- Up-to-date: /home/mcfb/ros2_ws/install/px4_msgs/lib/python3.12/site-packages/px4_msgs/msg/_estimator_bias.py\n'}
[1.528120] (px4_msgs) StdoutLine: {'line': b'-- Up-to-date: /home/mcfb/ros2_ws/install/px4_msgs/lib/python3.12/site-packages/px4_msgs/msg/_follow_target_estimator_s.c\n'}
[1.528167] (px4_msgs) StdoutLine: {'line': b'-- Up-to-date: /home/mcfb/ros2_ws/install/px4_msgs/lib/python3.12/site-packages/px4_msgs/msg/_estimator_innovations.py\n'}
[1.528212] (px4_msgs) StdoutLine: {'line': b'-- Up-to-date: /home/mcfb/ros2_ws/install/px4_msgs/lib/python3.12/site-packages/px4_msgs/msg/_gimbal_device_information.py\n'}
[1.528256] (px4_msgs) StdoutLine: {'line': b'-- Up-to-date: /home/mcfb/ros2_ws/install/px4_msgs/lib/python3.12/site-packages/px4_msgs/msg/_failure_detector_status_s.c\n'}
[1.528302] (px4_msgs) StdoutLine: {'line': b'-- Up-to-date: /home/mcfb/ros2_ws/install/px4_msgs/lib/python3.12/site-packages/px4_msgs/msg/_manual_control_switches.py\n'}
[1.528344] (px4_msgs) StdoutLine: {'line': b'-- Up-to-date: /home/mcfb/ros2_ws/install/px4_msgs/lib/python3.12/site-packages/px4_msgs/msg/_takeoff_status_s.c\n'}
[1.528387] (px4_msgs) StdoutLine: {'line': b'-- Up-to-date: /home/mcfb/ros2_ws/install/px4_msgs/lib/python3.12/site-packages/px4_msgs/msg/_vehicle_air_data.py\n'}
[1.528496] (px4_msgs) StdoutLine: {'line': b'-- Up-to-date: /home/mcfb/ros2_ws/install/px4_msgs/lib/python3.12/site-packages/px4_msgs/msg/_sensor_preflight_mag.py\n'}
[1.528530] (px4_msgs) StdoutLine: {'line': b'-- Up-to-date: /home/mcfb/ros2_ws/install/px4_msgs/lib/python3.12/site-packages/px4_msgs/msg/_fixed_wing_lateral_status.py\n'}
[1.528589] (px4_msgs) StdoutLine: {'line': b'-- Up-to-date: /home/mcfb/ros2_ws/install/px4_msgs/lib/python3.12/site-packages/px4_msgs/msg/_led_control_s.c\n'}
[1.528627] (px4_msgs) StdoutLine: {'line': b'-- Up-to-date: /home/mcfb/ros2_ws/install/px4_msgs/lib/python3.12/site-packages/px4_msgs/msg/_rover_speed_status.py\n'}
[1.528665] (px4_msgs) StdoutLine: {'line': b'-- Up-to-date: /home/mcfb/ros2_ws/install/px4_msgs/lib/python3.12/site-packages/px4_msgs/msg/_distance_sensor_mode_change_request_s.c\n'}
[1.528705] (px4_msgs) StdoutLine: {'line': b'-- Up-to-date: /home/mcfb/ros2_ws/install/px4_msgs/lib/python3.12/site-packages/px4_msgs/msg/_register_ext_component_request_s.c\n'}
[1.528745] (px4_msgs) StdoutLine: {'line': b'-- Up-to-date: /home/mcfb/ros2_ws/install/px4_msgs/lib/python3.12/site-packages/px4_msgs/msg/_geofence_result_s.c\n'}
[1.528785] (px4_msgs) StdoutLine: {'line': b'-- Up-to-date: /home/mcfb/ros2_ws/install/px4_msgs/lib/python3.12/site-packages/px4_msgs/msg/_position_setpoint_s.c\n'}
[1.528847] (px4_msgs) StdoutLine: {'line': b'-- Up-to-date: /home/mcfb/ros2_ws/install/px4_msgs/lib/python3.12/site-packages/px4_msgs/msg/__init__.py\n'}
[1.528903] (px4_msgs) StdoutLine: {'line': b'-- Up-to-date: /home/mcfb/ros2_ws/install/px4_msgs/lib/python3.12/site-packages/px4_msgs/msg/_event.py\n'}
[1.528997] (px4_msgs) StdoutLine: {'line': b'-- Up-to-date: /home/mcfb/ros2_ws/install/px4_msgs/lib/python3.12/site-packages/px4_msgs/msg/_landing_target_innovations.py\n'}
[1.529033] (px4_msgs) StdoutLine: {'line': b'-- Up-to-date: /home/mcfb/ros2_ws/install/px4_msgs/lib/python3.12/site-packages/px4_msgs/msg/_config_overrides.py\n'}
[1.529069] (px4_msgs) StdoutLine: {'line': b'-- Up-to-date: /home/mcfb/ros2_ws/install/px4_msgs/lib/python3.12/site-packages/px4_msgs/msg/_camera_capture.py\n'}
[1.529103] (px4_msgs) StdoutLine: {'line': b'-- Up-to-date: /home/mcfb/ros2_ws/install/px4_msgs/lib/python3.12/site-packages/px4_msgs/msg/_trajectory_setpoint_s.c\n'}
[1.529140] (px4_msgs) StdoutLine: {'line': b'-- Up-to-date: /home/mcfb/ros2_ws/install/px4_msgs/lib/python3.12/site-packages/px4_msgs/msg/_rtl_time_estimate.py\n'}
[1.529174] (px4_msgs) StdoutLine: {'line': b'-- Up-to-date: /home/mcfb/ros2_ws/install/px4_msgs/lib/python3.12/site-packages/px4_msgs/msg/_vehicle_thrust_setpoint_s.c\n'}
[1.529209] (px4_msgs) StdoutLine: {'line': b'-- Up-to-date: /home/mcfb/ros2_ws/install/px4_msgs/lib/python3.12/site-packages/px4_msgs/msg/_vehicle_torque_setpoint_s.c\n'}
[1.529249] (px4_msgs) StdoutLine: {'line': b'-- Up-to-date: /home/mcfb/ros2_ws/install/px4_msgs/lib/python3.12/site-packages/px4_msgs/msg/_battery_status.py\n'}
[1.529286] (px4_msgs) StdoutLine: {'line': b'-- Up-to-date: /home/mcfb/ros2_ws/install/px4_msgs/lib/python3.12/site-packages/px4_msgs/msg/_rover_rate_setpoint_s.c\n'}
[1.529321] (px4_msgs) StdoutLine: {'line': b'-- Up-to-date: /home/mcfb/ros2_ws/install/px4_msgs/lib/python3.12/site-packages/px4_msgs/msg/_gimbal_manager_status.py\n'}
[1.529359] (px4_msgs) StdoutLine: {'line': b'-- Up-to-date: /home/mcfb/ros2_ws/install/px4_msgs/lib/python3.12/site-packages/px4_msgs/msg/_actuator_servos.py\n'}
[1.529412] (px4_msgs) StdoutLine: {'line': b'-- Up-to-date: /home/mcfb/ros2_ws/install/px4_msgs/lib/python3.12/site-packages/px4_msgs/msg/_tiltrotor_extra_controls_s.c\n'}
[1.529448] (px4_msgs) StdoutLine: {'line': b'-- Up-to-date: /home/mcfb/ros2_ws/install/px4_msgs/lib/python3.12/site-packages/px4_msgs/msg/_open_drone_id_operator_id_s.c\n'}
[1.529483] (px4_msgs) StdoutLine: {'line': b'-- Up-to-date: /home/mcfb/ros2_ws/install/px4_msgs/lib/python3.12/site-packages/px4_msgs/msg/_tune_control_s.c\n'}
[1.529520] (px4_msgs) StdoutLine: {'line': b'-- Up-to-date: /home/mcfb/ros2_ws/install/px4_msgs/lib/python3.12/site-packages/px4_msgs/msg/_trajectory_setpoint6dof.py\n'}
[1.529556] (px4_msgs) StdoutLine: {'line': b'-- Up-to-date: /home/mcfb/ros2_ws/install/px4_msgs/lib/python3.12/site-packages/px4_msgs/msg/_logger_status_s.c\n'}
[1.529592] (px4_msgs) StdoutLine: {'line': b'-- Up-to-date: /home/mcfb/ros2_ws/install/px4_msgs/lib/python3.12/site-packages/px4_msgs/msg/_launch_detection_status.py\n'}
[1.529629] (px4_msgs) StdoutLine: {'line': b'-- Up-to-date: /home/mcfb/ros2_ws/install/px4_msgs/lib/python3.12/site-packages/px4_msgs/msg/_estimator_innovations_s.c\n'}
[1.529667] (px4_msgs) StdoutLine: {'line': b'-- Up-to-date: /home/mcfb/ros2_ws/install/px4_msgs/lib/python3.12/site-packages/px4_msgs/msg/_distance_sensor_mode_change_request.py\n'}
[1.529708] (px4_msgs) StdoutLine: {'line': b'-- Up-to-date: /home/mcfb/ros2_ws/install/px4_msgs/lib/python3.12/site-packages/px4_msgs/msg/_yaw_estimator_status_s.c\n'}
[1.529746] (px4_msgs) StdoutLine: {'line': b'-- Up-to-date: /home/mcfb/ros2_ws/install/px4_msgs/lib/python3.12/site-packages/px4_msgs/msg/_vehicle_land_detected.py\n'}
[1.529786] (px4_msgs) StdoutLine: {'line': b'-- Up-to-date: /home/mcfb/ros2_ws/install/px4_msgs/lib/python3.12/site-packages/px4_msgs/msg/_unregister_ext_component.py\n'}
[1.529828] (px4_msgs) StdoutLine: {'line': b'-- Up-to-date: /home/mcfb/ros2_ws/install/px4_msgs/lib/python3.12/site-packages/px4_msgs/msg/_rover_position_setpoint_s.c\n'}
[1.529867] (px4_msgs) StdoutLine: {'line': b'-- Up-to-date: /home/mcfb/ros2_ws/install/px4_msgs/lib/python3.12/site-packages/px4_msgs/msg/_open_drone_id_system_s.c\n'}
[1.529909] (px4_msgs) StdoutLine: {'line': b'-- Up-to-date: /home/mcfb/ros2_ws/install/px4_msgs/lib/python3.12/site-packages/px4_msgs/msg/_health_report_s.c\n'}
[1.529949] (px4_msgs) StdoutLine: {'line': b'-- Up-to-date: /home/mcfb/ros2_ws/install/px4_msgs/lib/python3.12/site-packages/px4_msgs/msg/_vehicle_command.py\n'}
[1.529988] (px4_msgs) StdoutLine: {'line': b'-- Up-to-date: /home/mcfb/ros2_ws/install/px4_msgs/lib/python3.12/site-packages/px4_msgs/msg/_can_interface_status_s.c\n'}
[1.530068] (px4_msgs) StdoutLine: {'line': b'-- Up-to-date: /home/mcfb/ros2_ws/install/px4_msgs/lib/python3.12/site-packages/px4_msgs/msg/_debug_vect.py\n'}
[1.530121] (px4_msgs) StdoutLine: {'line': b'-- Up-to-date: /home/mcfb/ros2_ws/install/px4_msgs/lib/python3.12/site-packages/px4_msgs/msg/_landing_gear.py\n'}
[1.530170] (px4_msgs) StdoutLine: {'line': b'-- Up-to-date: /home/mcfb/ros2_ws/install/px4_msgs/lib/python3.12/site-packages/px4_msgs/msg/_longitudinal_control_configuration.py\n'}
[1.530208] (px4_msgs) StdoutLine: {'line': b'-- Up-to-date: /home/mcfb/ros2_ws/install/px4_msgs/lib/python3.12/site-packages/px4_msgs/msg/_vehicle_local_position_setpoint_s.c\n'}
[1.530246] (px4_msgs) StdoutLine: {'line': b'-- Up-to-date: /home/mcfb/ros2_ws/install/px4_msgs/lib/python3.12/site-packages/px4_msgs/msg/_failsafe_flags.py\n'}
[1.530284] (px4_msgs) StdoutLine: {'line': b'-- Up-to-date: /home/mcfb/ros2_ws/install/px4_msgs/lib/python3.12/site-packages/px4_msgs/msg/_input_rc.py\n'}
[1.530322] (px4_msgs) StdoutLine: {'line': b'-- Up-to-date: /home/mcfb/ros2_ws/install/px4_msgs/lib/python3.12/site-packages/px4_msgs/msg/_vehicle_torque_setpoint.py\n'}
[1.530361] (px4_msgs) StdoutLine: {'line': b'-- Up-to-date: /home/mcfb/ros2_ws/install/px4_msgs/lib/python3.12/site-packages/px4_msgs/msg/_debug_vect_s.c\n'}
[1.530398] (px4_msgs) StdoutLine: {'line': b'-- Up-to-date: /home/mcfb/ros2_ws/install/px4_msgs/lib/python3.12/site-packages/px4_msgs/msg/_open_drone_id_self_id.py\n'}
[1.530436] (px4_msgs) StdoutLine: {'line': b'-- Up-to-date: /home/mcfb/ros2_ws/install/px4_msgs/lib/python3.12/site-packages/px4_msgs/msg/_vehicle_optical_flow_vel.py\n'}
[1.530474] (px4_msgs) StdoutLine: {'line': b'-- Up-to-date: /home/mcfb/ros2_ws/install/px4_msgs/lib/python3.12/site-packages/px4_msgs/msg/_cpuload_s.c\n'}
[1.530511] (px4_msgs) StdoutLine: {'line': b'-- Up-to-date: /home/mcfb/ros2_ws/install/px4_msgs/lib/python3.12/site-packages/px4_msgs/msg/_sensor_gps_s.c\n'}
[1.530570] (px4_msgs) StdoutLine: {'line': b'-- Up-to-date: /home/mcfb/ros2_ws/install/px4_msgs/lib/python3.12/site-packages/px4_msgs/msg/_dataman_response.py\n'}
[1.530610] (px4_msgs) StdoutLine: {'line': b'-- Up-to-date: /home/mcfb/ros2_ws/install/px4_msgs/lib/python3.12/site-packages/px4_msgs/msg/_task_stack_info.py\n'}
[1.530644] (px4_msgs) StdoutLine: {'line': b'-- Up-to-date: /home/mcfb/ros2_ws/install/px4_msgs/lib/python3.12/site-packages/px4_msgs/msg/_sensor_hygrometer.py\n'}
[1.530679] (px4_msgs) StdoutLine: {'line': b'-- Up-to-date: /home/mcfb/ros2_ws/install/px4_msgs/lib/python3.12/site-packages/px4_msgs/msg/_fixed_wing_longitudinal_setpoint.py\n'}
[1.530719] (px4_msgs) StdoutLine: {'line': b'-- Up-to-date: /home/mcfb/ros2_ws/install/px4_msgs/lib/python3.12/site-packages/px4_msgs/msg/_fixed_wing_lateral_status_s.c\n'}
[1.530758] (px4_msgs) StdoutLine: {'line': b'-- Up-to-date: /home/mcfb/ros2_ws/install/px4_msgs/lib/python3.12/site-packages/px4_msgs/msg/_arming_check_reply.py\n'}
[1.530794] (px4_msgs) StdoutLine: {'line': b'-- Up-to-date: /home/mcfb/ros2_ws/install/px4_msgs/lib/python3.12/site-packages/px4_msgs/msg/_airspeed_validated_s.c\n'}
[1.530858] (px4_msgs) StdoutLine: {'line': b'-- Up-to-date: /home/mcfb/ros2_ws/install/px4_msgs/lib/python3.12/site-packages/px4_msgs/msg/_mode_completed_s.c\n'}
[1.530893] (px4_msgs) StdoutLine: {'line': b'-- Up-to-date: /home/mcfb/ros2_ws/install/px4_msgs/lib/python3.12/site-packages/px4_msgs/msg/_estimator_aid_source3d.py\n'}
[1.530928] (px4_msgs) StdoutLine: {'line': b'-- Up-to-date: /home/mcfb/ros2_ws/install/px4_msgs/lib/python3.12/site-packages/px4_msgs/msg/_manual_control_setpoint_s.c\n'}
[1.530965] (px4_msgs) StdoutLine: {'line': b'-- Up-to-date: /home/mcfb/ros2_ws/install/px4_msgs/lib/python3.12/site-packages/px4_msgs/msg/_message_format_request.py\n'}
[1.531002] (px4_msgs) StdoutLine: {'line': b'-- Up-to-date: /home/mcfb/ros2_ws/install/px4_msgs/lib/python3.12/site-packages/px4_msgs/msg/_parameter_reset_request.py\n'}
[1.531039] (px4_msgs) StdoutLine: {'line': b'-- Up-to-date: /home/mcfb/ros2_ws/install/px4_msgs/lib/python3.12/site-packages/px4_msgs/msg/_dataman_request_s.c\n'}
[1.531080] (px4_msgs) StdoutLine: {'line': b'-- Up-to-date: /home/mcfb/ros2_ws/install/px4_msgs/lib/python3.12/site-packages/px4_msgs/msg/_rtl_status.py\n'}
[1.531123] (px4_msgs) StdoutLine: {'line': b'-- Up-to-date: /home/mcfb/ros2_ws/install/px4_msgs/lib/python3.12/site-packages/px4_msgs/msg/_vehicle_rates_setpoint_s.c\n'}
[1.531162] (px4_msgs) StdoutLine: {'line': b'-- Up-to-date: /home/mcfb/ros2_ws/install/px4_msgs/lib/python3.12/site-packages/px4_msgs/msg/_vehicle_optical_flow.py\n'}
[1.531200] (px4_msgs) StdoutLine: {'line': b'-- Up-to-date: /home/mcfb/ros2_ws/install/px4_msgs/lib/python3.12/site-packages/px4_msgs/msg/_pwm_input_s.c\n'}
[1.531240] (px4_msgs) StdoutLine: {'line': b'-- Up-to-date: /home/mcfb/ros2_ws/install/px4_msgs/lib/python3.12/site-packages/px4_msgs/msg/_geofence_status_s.c\n'}
[1.531277] (px4_msgs) StdoutLine: {'line': b'-- Up-to-date: /home/mcfb/ros2_ws/install/px4_msgs/lib/python3.12/site-packages/px4_msgs/msg/_gimbal_controls_s.c\n'}
[1.531314] (px4_msgs) StdoutLine: {'line': b'-- Up-to-date: /home/mcfb/ros2_ws/install/px4_msgs/lib/python3.12/site-packages/px4_msgs/msg/_irlock_report.py\n'}
[1.531352] (px4_msgs) StdoutLine: {'line': b'-- Up-to-date: /home/mcfb/ros2_ws/install/px4_msgs/lib/python3.12/site-packages/px4_msgs/msg/_ekf2_timestamps.py\n'}
[1.531390] (px4_msgs) StdoutLine: {'line': b'-- Up-to-date: /home/mcfb/ros2_ws/install/px4_msgs/lib/python3.12/site-packages/px4_msgs/msg/_actuator_outputs_s.c\n'}
[1.531426] (px4_msgs) StdoutLine: {'line': b'-- Up-to-date: /home/mcfb/ros2_ws/install/px4_msgs/lib/python3.12/site-packages/px4_msgs/msg/_neural_control.py\n'}
[1.531465] (px4_msgs) StdoutLine: {'line': b'-- Up-to-date: /home/mcfb/ros2_ws/install/px4_msgs/lib/python3.12/site-packages/px4_msgs/msg/_neural_control_s.c\n'}
[1.531502] (px4_msgs) StdoutLine: {'line': b'-- Up-to-date: /home/mcfb/ros2_ws/install/px4_msgs/lib/python3.12/site-packages/px4_msgs/msg/_unregister_ext_component_s.c\n'}
[1.531564] (px4_msgs) StdoutLine: {'line': b'-- Up-to-date: /home/mcfb/ros2_ws/install/px4_msgs/lib/python3.12/site-packages/px4_msgs/msg/_battery_info_s.c\n'}
[1.531604] (px4_msgs) StdoutLine: {'line': b'-- Up-to-date: /home/mcfb/ros2_ws/install/px4_msgs/lib/python3.12/site-packages/px4_msgs/msg/_sensor_hygrometer_s.c\n'}
[1.531642] (px4_msgs) StdoutLine: {'line': b'-- Up-to-date: /home/mcfb/ros2_ws/install/px4_msgs/lib/python3.12/site-packages/px4_msgs/msg/_vehicle_land_detected_s.c\n'}
[1.531680] (px4_msgs) StdoutLine: {'line': b'-- Up-to-date: /home/mcfb/ros2_ws/install/px4_msgs/lib/python3.12/site-packages/px4_msgs/msg/_esc_status.py\n'}
[1.531719] (px4_msgs) StdoutLine: {'line': b'-- Up-to-date: /home/mcfb/ros2_ws/install/px4_msgs/lib/python3.12/site-packages/px4_msgs/msg/_actuator_servos_s.c\n'}
[1.531757] (px4_msgs) StdoutLine: {'line': b'-- Up-to-date: /home/mcfb/ros2_ws/install/px4_msgs/lib/python3.12/site-packages/px4_msgs/msg/_vehicle_roi.py\n'}
[1.531794] (px4_msgs) StdoutLine: {'line': b'-- Up-to-date: /home/mcfb/ros2_ws/install/px4_msgs/lib/python3.12/site-packages/px4_msgs/msg/_dronecan_node_status_s.c\n'}
[1.531841] (px4_msgs) StdoutLine: {'line': b'-- Up-to-date: /home/mcfb/ros2_ws/install/px4_msgs/lib/python3.12/site-packages/px4_msgs/msg/_esc_report.py\n'}
[1.531893] (px4_msgs) StdoutLine: {'line': b'-- Up-to-date: /home/mcfb/ros2_ws/install/px4_msgs/lib/python3.12/site-packages/px4_msgs/msg/_sensor_selection_s.c\n'}
[1.532008] (px4_msgs) StdoutLine: {'line': b'-- Up-to-date: /home/mcfb/ros2_ws/install/px4_msgs/lib/python3.12/site-packages/px4_msgs/msg/_rtl_status_s.c\n'}
[1.532063] (px4_msgs) StdoutLine: {'line': b'-- Up-to-date: /home/mcfb/ros2_ws/install/px4_msgs/lib/python3.12/site-packages/px4_msgs/msg/_tiltrotor_extra_controls.py\n'}
[1.532116] (px4_msgs) StdoutLine: {'line': b'-- Up-to-date: /home/mcfb/ros2_ws/install/px4_msgs/lib/python3.12/site-packages/px4_msgs/msg/_vehicle_global_position_s.c\n'}
[1.532191] (px4_msgs) StdoutLine: {'line': b'-- Up-to-date: /home/mcfb/ros2_ws/install/px4_msgs/lib/python3.12/site-packages/px4_msgs/msg/_message_format_response_s.c\n'}
[1.532235] (px4_msgs) StdoutLine: {'line': b'-- Up-to-date: /home/mcfb/ros2_ws/install/px4_msgs/lib/python3.12/site-packages/px4_msgs/msg/_orb_test_large.py\n'}
[1.532271] (px4_msgs) StdoutLine: {'line': b'-- Up-to-date: /home/mcfb/ros2_ws/install/px4_msgs/lib/python3.12/site-packages/px4_msgs/msg/_vehicle_local_position_setpoint.py\n'}
[1.532307] (px4_msgs) StdoutLine: {'line': b'-- Up-to-date: /home/mcfb/ros2_ws/install/px4_msgs/lib/python3.12/site-packages/px4_msgs/msg/_rc_parameter_map_s.c\n'}
[1.532346] (px4_msgs) StdoutLine: {'line': b'-- Up-to-date: /home/mcfb/ros2_ws/install/px4_msgs/lib/python3.12/site-packages/px4_msgs/msg/_fuel_tank_status.py\n'}
[1.532417] (px4_msgs) StdoutLine: {'line': b'-- Up-to-date: /home/mcfb/ros2_ws/install/px4_msgs/lib/python3.12/site-packages/px4_msgs/msg/_fixed_wing_lateral_setpoint.py\n'}
[1.532452] (px4_msgs) StdoutLine: {'line': b'-- Up-to-date: /home/mcfb/ros2_ws/install/px4_msgs/lib/python3.12/site-packages/px4_msgs/msg/_rc_parameter_map.py\n'}
[1.532495] (px4_msgs) StdoutLine: {'line': b'-- Up-to-date: /home/mcfb/ros2_ws/install/px4_msgs/lib/python3.12/site-packages/px4_msgs/msg/_gpio_config.py\n'}
[1.532532] (px4_msgs) StdoutLine: {'line': b'-- Up-to-date: /home/mcfb/ros2_ws/install/px4_msgs/lib/python3.12/site-packages/px4_msgs/msg/_iridiumsbd_status.py\n'}
[1.532613] (px4_msgs) StdoutLine: {'line': b'-- Up-to-date: /home/mcfb/ros2_ws/install/px4_msgs/lib/python3.12/site-packages/px4_msgs/msg/_internal_combustion_engine_status_s.c\n'}
[1.532671] (px4_msgs) StdoutLine: {'line': b'-- Up-to-date: /home/mcfb/ros2_ws/install/px4_msgs/lib/python3.12/site-packages/px4_msgs/msg/_vehicle_imu.py\n'}
[1.532722] (px4_msgs) StdoutLine: {'line': b'-- Up-to-date: /home/mcfb/ros2_ws/install/px4_msgs/lib/python3.12/site-packages/px4_msgs/msg/_vehicle_imu_status_s.c\n'}
[1.532777] (px4_msgs) StdoutLine: {'line': b'-- Up-to-date: /home/mcfb/ros2_ws/install/px4_msgs/lib/python3.12/site-packages/px4_msgs/msg/_navigator_status.py\n'}
[1.532842] (px4_msgs) StdoutLine: {'line': b'-- Up-to-date: /home/mcfb/ros2_ws/install/px4_msgs/lib/python3.12/site-packages/px4_msgs/msg/_geofence_result.py\n'}
[1.532892] (px4_msgs) StdoutLine: {'line': b'-- Up-to-date: /home/mcfb/ros2_ws/install/px4_msgs/lib/python3.12/site-packages/px4_msgs/msg/_actuator_armed.py\n'}
[1.532948] (px4_msgs) StdoutLine: {'line': b'-- Up-to-date: /home/mcfb/ros2_ws/install/px4_msgs/lib/python3.12/site-packages/px4_msgs/msg/_control_allocator_status_s.c\n'}
[1.533004] (px4_msgs) StdoutLine: {'line': b'-- Up-to-date: /home/mcfb/ros2_ws/install/px4_msgs/lib/python3.12/site-packages/px4_msgs/msg/_gimbal_controls.py\n'}
[1.533061] (px4_msgs) StdoutLine: {'line': b'-- Up-to-date: /home/mcfb/ros2_ws/install/px4_msgs/lib/python3.12/site-packages/px4_msgs/msg/_ulog_stream.py\n'}
[1.533107] (px4_msgs) StdoutLine: {'line': b'-- Up-to-date: /home/mcfb/ros2_ws/install/px4_msgs/lib/python3.12/site-packages/px4_msgs/_px4_msgs_s.ep.rosidl_typesupport_fastrtps_c.c\n'}
[1.533147] (px4_msgs) StdoutLine: {'line': b'-- Up-to-date: /home/mcfb/ros2_ws/install/px4_msgs/lib/python3.12/site-packages/px4_msgs/__init__.py\n'}
[1.533204] (px4_msgs) StdoutLine: {'line': b'-- Up-to-date: /home/mcfb/ros2_ws/install/px4_msgs/lib/python3.12/site-packages/px4_msgs/_px4_msgs_s.ep.rosidl_typesupport_introspection_c.c\n'}
[1.533264] (px4_msgs) StdoutLine: {'line': b'-- Up-to-date: /home/mcfb/ros2_ws/install/px4_msgs/lib/python3.12/site-packages/px4_msgs/_px4_msgs_s.ep.rosidl_typesupport_c.c\n'}
[1.533317] (px4_msgs) StdoutLine: {'line': b'-- Up-to-date: /home/mcfb/ros2_ws/install/px4_msgs/lib/python3.12/site-packages/px4_msgs/px4_msgs_s__rosidl_typesupport_c.so\n'}
[1.533372] (px4_msgs) StdoutLine: {'line': b'-- Up-to-date: /home/mcfb/ros2_ws/install/px4_msgs/lib/python3.12/site-packages/px4_msgs/px4_msgs_s__rosidl_typesupport_fastrtps_c.so\n'}
[1.533428] (px4_msgs) StdoutLine: {'line': b"Listing '/home/mcfb/ros2_ws/install/px4_msgs/lib/python3.12/site-packages/px4_msgs'...\n"}
[1.533469] (px4_msgs) StdoutLine: {'line': b"Listing '/home/mcfb/ros2_ws/install/px4_msgs/lib/python3.12/site-packages/px4_msgs/msg'...\n"}
[1.533512] (px4_msgs) StdoutLine: {'line': b"Listing '/home/mcfb/ros2_ws/install/px4_msgs/lib/python3.12/site-packages/px4_msgs/srv'...\n"}
[1.533572] (px4_msgs) StdoutLine: {'line': b'-- Up-to-date: /home/mcfb/ros2_ws/install/px4_msgs/lib/python3.12/site-packages/px4_msgs/px4_msgs_s__rosidl_typesupport_fastrtps_c.so\n'}
[1.533625] (px4_msgs) StdoutLine: {'line': b'-- Up-to-date: /home/mcfb/ros2_ws/install/px4_msgs/lib/python3.12/site-packages/px4_msgs/px4_msgs_s__rosidl_typesupport_introspection_c.so\n'}
[1.533719] (px4_msgs) StdoutLine: {'line': b'-- Up-to-date: /home/mcfb/ros2_ws/install/px4_msgs/lib/python3.12/site-packages/px4_msgs/px4_msgs_s__rosidl_typesupport_c.so\n'}
[1.533761] (px4_msgs) StdoutLine: {'line': b'-- Up-to-date: /home/mcfb/ros2_ws/install/px4_msgs/lib/libpx4_msgs__rosidl_generator_py.so\n'}
[1.533804] (px4_msgs) StdoutLine: {'line': b'-- Up-to-date: /home/mcfb/ros2_ws/install/px4_msgs/share/px4_msgs/msg/ActionRequest.idl\n'}
[1.533862] (px4_msgs) StdoutLine: {'line': b'-- Up-to-date: /home/mcfb/ros2_ws/install/px4_msgs/share/px4_msgs/msg/ActuatorArmed.idl\n'}
[1.533921] (px4_msgs) StdoutLine: {'line': b'-- Up-to-date: /home/mcfb/ros2_ws/install/px4_msgs/share/px4_msgs/msg/ActuatorControlsStatus.idl\n'}
[1.534013] (px4_msgs) StdoutLine: {'line': b'-- Up-to-date: /home/mcfb/ros2_ws/install/px4_msgs/share/px4_msgs/msg/ActuatorMotors.idl\n'}
[1.534050] (px4_msgs) StdoutLine: {'line': b'-- Up-to-date: /home/mcfb/ros2_ws/install/px4_msgs/share/px4_msgs/msg/ActuatorOutputs.idl\n'}
[1.534096] (px4_msgs) StdoutLine: {'line': b'-- Up-to-date: /home/mcfb/ros2_ws/install/px4_msgs/share/px4_msgs/msg/ActuatorServos.idl\n'}
[1.534136] (px4_msgs) StdoutLine: {'line': b'-- Up-to-date: /home/mcfb/ros2_ws/install/px4_msgs/share/px4_msgs/msg/ActuatorServosTrim.idl\n'}
[1.534182] (px4_msgs) StdoutLine: {'line': b'-- Up-to-date: /home/mcfb/ros2_ws/install/px4_msgs/share/px4_msgs/msg/ActuatorTest.idl\n'}
[1.534223] (px4_msgs) StdoutLine: {'line': b'-- Up-to-date: /home/mcfb/ros2_ws/install/px4_msgs/share/px4_msgs/msg/AdcReport.idl\n'}
[1.534268] (px4_msgs) StdoutLine: {'line': b'-- Up-to-date: /home/mcfb/ros2_ws/install/px4_msgs/share/px4_msgs/msg/Airspeed.idl\n'}
[1.534533] (px4_msgs) StdoutLine: {'line': b'-- Up-to-date: /home/mcfb/ros2_ws/install/px4_msgs/share/px4_msgs/msg/AirspeedValidated.idl\n'}
[1.534594] (px4_msgs) StdoutLine: {'line': b'-- Up-to-date: /home/mcfb/ros2_ws/install/px4_msgs/share/px4_msgs/msg/AirspeedWind.idl\n'}
[1.534659] (px4_msgs) StdoutLine: {'line': b'-- Up-to-date: /home/mcfb/ros2_ws/install/px4_msgs/share/px4_msgs/msg/ArmingCheckReply.idl\n'}
[1.534756] (px4_msgs) StdoutLine: {'line': b'-- Up-to-date: /home/mcfb/ros2_ws/install/px4_msgs/share/px4_msgs/msg/ArmingCheckRequest.idl\n'}
[1.534810] (px4_msgs) StdoutLine: {'line': b'-- Up-to-date: /home/mcfb/ros2_ws/install/px4_msgs/share/px4_msgs/msg/AutotuneAttitudeControlStatus.idl\n'}
[1.534873] (px4_msgs) StdoutLine: {'line': b'-- Up-to-date: /home/mcfb/ros2_ws/install/px4_msgs/share/px4_msgs/msg/BatteryInfo.idl\n'}
[1.534932] (px4_msgs) StdoutLine: {'line': b'-- Up-to-date: /home/mcfb/ros2_ws/install/px4_msgs/share/px4_msgs/msg/BatteryStatus.idl\n'}
[1.534986] (px4_msgs) StdoutLine: {'line': b'-- Up-to-date: /home/mcfb/ros2_ws/install/px4_msgs/share/px4_msgs/msg/ButtonEvent.idl\n'}
[1.535027] (px4_msgs) StdoutLine: {'line': b'-- Up-to-date: /home/mcfb/ros2_ws/install/px4_msgs/share/px4_msgs/msg/CameraCapture.idl\n'}
[1.535076] (px4_msgs) StdoutLine: {'line': b'-- Up-to-date: /home/mcfb/ros2_ws/install/px4_msgs/share/px4_msgs/msg/CameraStatus.idl\n'}
[1.535204] (px4_msgs) StdoutLine: {'line': b'-- Up-to-date: /home/mcfb/ros2_ws/install/px4_msgs/share/px4_msgs/msg/CameraTrigger.idl\n'}
[1.535253] (px4_msgs) StdoutLine: {'line': b'-- Up-to-date: /home/mcfb/ros2_ws/install/px4_msgs/share/px4_msgs/msg/CanInterfaceStatus.idl\n'}
[1.535291] (px4_msgs) StdoutLine: {'line': b'-- Up-to-date: /home/mcfb/ros2_ws/install/px4_msgs/share/px4_msgs/msg/CellularStatus.idl\n'}
[1.535332] (px4_msgs) StdoutLine: {'line': b'-- Up-to-date: /home/mcfb/ros2_ws/install/px4_msgs/share/px4_msgs/msg/CollisionConstraints.idl\n'}
[1.535368] (px4_msgs) StdoutLine: {'line': b'-- Up-to-date: /home/mcfb/ros2_ws/install/px4_msgs/share/px4_msgs/msg/ConfigOverrides.idl\n'}
[1.535407] (px4_msgs) StdoutLine: {'line': b'-- Up-to-date: /home/mcfb/ros2_ws/install/px4_msgs/share/px4_msgs/msg/ControlAllocatorStatus.idl\n'}
[1.535447] (px4_msgs) StdoutLine: {'line': b'-- Up-to-date: /home/mcfb/ros2_ws/install/px4_msgs/share/px4_msgs/msg/Cpuload.idl\n'}
[1.535494] (px4_msgs) StdoutLine: {'line': b'-- Up-to-date: /home/mcfb/ros2_ws/install/px4_msgs/share/px4_msgs/msg/DatamanRequest.idl\n'}
[1.535912] (px4_msgs) StdoutLine: {'line': b'-- Up-to-date: /home/mcfb/ros2_ws/install/px4_msgs/share/px4_msgs/msg/DatamanResponse.idl\n'}
[1.535963] (px4_msgs) StdoutLine: {'line': b'-- Up-to-date: /home/mcfb/ros2_ws/install/px4_msgs/share/px4_msgs/msg/DebugArray.idl\n'}
[1.536017] (px4_msgs) StdoutLine: {'line': b'-- Up-to-date: /home/mcfb/ros2_ws/install/px4_msgs/share/px4_msgs/msg/DebugKeyValue.idl\n'}
[1.536068] (px4_msgs) StdoutLine: {'line': b'-- Up-to-date: /home/mcfb/ros2_ws/install/px4_msgs/share/px4_msgs/msg/DebugValue.idl\n'}
[1.536122] (px4_msgs) StdoutLine: {'line': b'-- Up-to-date: /home/mcfb/ros2_ws/install/px4_msgs/share/px4_msgs/msg/DebugVect.idl\n'}
[1.536178] (px4_msgs) StdoutLine: {'line': b'-- Up-to-date: /home/mcfb/ros2_ws/install/px4_msgs/share/px4_msgs/msg/DifferentialPressure.idl\n'}
[1.536232] (px4_msgs) StdoutLine: {'line': b'-- Up-to-date: /home/mcfb/ros2_ws/install/px4_msgs/share/px4_msgs/msg/DistanceSensor.idl\n'}
[1.536277] (px4_msgs) StdoutLine: {'line': b'-- Up-to-date: /home/mcfb/ros2_ws/install/px4_msgs/share/px4_msgs/msg/DistanceSensorModeChangeRequest.idl\n'}
[1.536318] (px4_msgs) StdoutLine: {'line': b'-- Up-to-date: /home/mcfb/ros2_ws/install/px4_msgs/share/px4_msgs/msg/DronecanNodeStatus.idl\n'}
[1.536389] (px4_msgs) StdoutLine: {'line': b'-- Up-to-date: /home/mcfb/ros2_ws/install/px4_msgs/share/px4_msgs/msg/Ekf2Timestamps.idl\n'}
[1.536427] (px4_msgs) StdoutLine: {'line': b'-- Up-to-date: /home/mcfb/ros2_ws/install/px4_msgs/share/px4_msgs/msg/EscReport.idl\n'}
[1.536479] (px4_msgs) StdoutLine: {'line': b'-- Up-to-date: /home/mcfb/ros2_ws/install/px4_msgs/share/px4_msgs/msg/EscStatus.idl\n'}
[1.536537] (px4_msgs) StdoutLine: {'line': b'-- Up-to-date: /home/mcfb/ros2_ws/install/px4_msgs/share/px4_msgs/msg/EstimatorAidSource1d.idl\n'}
[1.536721] (px4_msgs) StdoutLine: {'line': b'-- Up-to-date: /home/mcfb/ros2_ws/install/px4_msgs/share/px4_msgs/msg/EstimatorAidSource2d.idl\n'}
[1.536819] (px4_msgs) StdoutLine: {'line': b'-- Up-to-date: /home/mcfb/ros2_ws/install/px4_msgs/share/px4_msgs/msg/EstimatorAidSource3d.idl\n'}
[1.536892] (px4_msgs) StdoutLine: {'line': b'-- Up-to-date: /home/mcfb/ros2_ws/install/px4_msgs/share/px4_msgs/msg/EstimatorBias.idl\n'}
[1.536948] (px4_msgs) StdoutLine: {'line': b'-- Up-to-date: /home/mcfb/ros2_ws/install/px4_msgs/share/px4_msgs/msg/EstimatorBias3d.idl\n'}
[1.537002] (px4_msgs) StdoutLine: {'line': b'-- Up-to-date: /home/mcfb/ros2_ws/install/px4_msgs/share/px4_msgs/msg/EstimatorEventFlags.idl\n'}
[1.537054] (px4_msgs) StdoutLine: {'line': b'-- Up-to-date: /home/mcfb/ros2_ws/install/px4_msgs/share/px4_msgs/msg/EstimatorGpsStatus.idl\n'}
[1.537116] (px4_msgs) StdoutLine: {'line': b'-- Up-to-date: /home/mcfb/ros2_ws/install/px4_msgs/share/px4_msgs/msg/EstimatorInnovations.idl\n'}
[1.537165] (px4_msgs) StdoutLine: {'line': b'-- Up-to-date: /home/mcfb/ros2_ws/install/px4_msgs/share/px4_msgs/msg/EstimatorSelectorStatus.idl\n'}
[1.537216] (px4_msgs) StdoutLine: {'line': b'-- Up-to-date: /home/mcfb/ros2_ws/install/px4_msgs/share/px4_msgs/msg/EstimatorSensorBias.idl\n'}
[1.537266] (px4_msgs) StdoutLine: {'line': b'-- Up-to-date: /home/mcfb/ros2_ws/install/px4_msgs/share/px4_msgs/msg/EstimatorStates.idl\n'}
[1.537317] (px4_msgs) StdoutLine: {'line': b'-- Up-to-date: /home/mcfb/ros2_ws/install/px4_msgs/share/px4_msgs/msg/EstimatorStatus.idl\n'}
[1.537367] (px4_msgs) StdoutLine: {'line': b'-- Up-to-date: /home/mcfb/ros2_ws/install/px4_msgs/share/px4_msgs/msg/EstimatorStatusFlags.idl\n'}
[1.537419] (px4_msgs) StdoutLine: {'line': b'-- Up-to-date: /home/mcfb/ros2_ws/install/px4_msgs/share/px4_msgs/msg/Event.idl\n'}
[1.537469] (px4_msgs) StdoutLine: {'line': b'-- Up-to-date: /home/mcfb/ros2_ws/install/px4_msgs/share/px4_msgs/msg/FailsafeFlags.idl\n'}
[1.537520] (px4_msgs) StdoutLine: {'line': b'-- Up-to-date: /home/mcfb/ros2_ws/install/px4_msgs/share/px4_msgs/msg/FailureDetectorStatus.idl\n'}
[1.537570] (px4_msgs) StdoutLine: {'line': b'-- Up-to-date: /home/mcfb/ros2_ws/install/px4_msgs/share/px4_msgs/msg/FigureEightStatus.idl\n'}
[1.537624] (px4_msgs) StdoutLine: {'line': b'-- Up-to-date: /home/mcfb/ros2_ws/install/px4_msgs/share/px4_msgs/msg/FixedWingLateralGuidanceStatus.idl\n'}
[1.537730] (px4_msgs) StdoutLine: {'line': b'-- Up-to-date: /home/mcfb/ros2_ws/install/px4_msgs/share/px4_msgs/msg/FixedWingLateralSetpoint.idl\n'}
[1.537780] (px4_msgs) StdoutLine: {'line': b'-- Up-to-date: /home/mcfb/ros2_ws/install/px4_msgs/share/px4_msgs/msg/FixedWingLateralStatus.idl\n'}
[1.537837] (px4_msgs) StdoutLine: {'line': b'-- Up-to-date: /home/mcfb/ros2_ws/install/px4_msgs/share/px4_msgs/msg/FixedWingLongitudinalSetpoint.idl\n'}
[1.537886] (px4_msgs) StdoutLine: {'line': b'-- Up-to-date: /home/mcfb/ros2_ws/install/px4_msgs/share/px4_msgs/msg/FixedWingRunwayControl.idl\n'}
[1.537935] (px4_msgs) StdoutLine: {'line': b'-- Up-to-date: /home/mcfb/ros2_ws/install/px4_msgs/share/px4_msgs/msg/FlightPhaseEstimation.idl\n'}
[1.537988] (px4_msgs) StdoutLine: {'line': b'-- Up-to-date: /home/mcfb/ros2_ws/install/px4_msgs/share/px4_msgs/msg/FollowTarget.idl\n'}
[1.538037] (px4_msgs) StdoutLine: {'line': b'-- Up-to-date: /home/mcfb/ros2_ws/install/px4_msgs/share/px4_msgs/msg/FollowTargetEstimator.idl\n'}
[1.538086] (px4_msgs) StdoutLine: {'line': b'-- Up-to-date: /home/mcfb/ros2_ws/install/px4_msgs/share/px4_msgs/msg/FollowTargetStatus.idl\n'}
[1.538155] (px4_msgs) StdoutLine: {'line': b'-- Up-to-date: /home/mcfb/ros2_ws/install/px4_msgs/share/px4_msgs/msg/FuelTankStatus.idl\n'}
[1.538207] (px4_msgs) StdoutLine: {'line': b'-- Up-to-date: /home/mcfb/ros2_ws/install/px4_msgs/share/px4_msgs/msg/GeneratorStatus.idl\n'}
[1.538272] (px4_msgs) StdoutLine: {'line': b'-- Up-to-date: /home/mcfb/ros2_ws/install/px4_msgs/share/px4_msgs/msg/GeofenceResult.idl\n'}
[1.538319] (px4_msgs) StdoutLine: {'line': b'-- Up-to-date: /home/mcfb/ros2_ws/install/px4_msgs/share/px4_msgs/msg/GeofenceStatus.idl\n'}
[1.538368] (px4_msgs) StdoutLine: {'line': b'-- Up-to-date: /home/mcfb/ros2_ws/install/px4_msgs/share/px4_msgs/msg/GimbalControls.idl\n'}
[1.538417] (px4_msgs) StdoutLine: {'line': b'-- Up-to-date: /home/mcfb/ros2_ws/install/px4_msgs/share/px4_msgs/msg/GimbalDeviceAttitudeStatus.idl\n'}
[1.538469] (px4_msgs) StdoutLine: {'line': b'-- Up-to-date: /home/mcfb/ros2_ws/install/px4_msgs/share/px4_msgs/msg/GimbalDeviceInformation.idl\n'}
[1.538519] (px4_msgs) StdoutLine: {'line': b'-- Up-to-date: /home/mcfb/ros2_ws/install/px4_msgs/share/px4_msgs/msg/GimbalDeviceSetAttitude.idl\n'}
[1.538570] (px4_msgs) StdoutLine: {'line': b'-- Up-to-date: /home/mcfb/ros2_ws/install/px4_msgs/share/px4_msgs/msg/GimbalManagerInformation.idl\n'}
[1.538623] (px4_msgs) StdoutLine: {'line': b'-- Up-to-date: /home/mcfb/ros2_ws/install/px4_msgs/share/px4_msgs/msg/GimbalManagerSetAttitude.idl\n'}
[1.538671] (px4_msgs) StdoutLine: {'line': b'-- Up-to-date: /home/mcfb/ros2_ws/install/px4_msgs/share/px4_msgs/msg/GimbalManagerSetManualControl.idl\n'}
[1.538723] (px4_msgs) StdoutLine: {'line': b'-- Up-to-date: /home/mcfb/ros2_ws/install/px4_msgs/share/px4_msgs/msg/GimbalManagerStatus.idl\n'}
[1.538772] (px4_msgs) StdoutLine: {'line': b'-- Up-to-date: /home/mcfb/ros2_ws/install/px4_msgs/share/px4_msgs/msg/GotoSetpoint.idl\n'}
[1.538842] (px4_msgs) StdoutLine: {'line': b'-- Up-to-date: /home/mcfb/ros2_ws/install/px4_msgs/share/px4_msgs/msg/GpioConfig.idl\n'}
[1.538889] (px4_msgs) StdoutLine: {'line': b'-- Up-to-date: /home/mcfb/ros2_ws/install/px4_msgs/share/px4_msgs/msg/GpioIn.idl\n'}
[1.538932] (px4_msgs) StdoutLine: {'line': b'-- Up-to-date: /home/mcfb/ros2_ws/install/px4_msgs/share/px4_msgs/msg/GpioOut.idl\n'}
[1.538978] (px4_msgs) StdoutLine: {'line': b'-- Up-to-date: /home/mcfb/ros2_ws/install/px4_msgs/share/px4_msgs/msg/GpioRequest.idl\n'}
[1.539022] (px4_msgs) StdoutLine: {'line': b'-- Up-to-date: /home/mcfb/ros2_ws/install/px4_msgs/share/px4_msgs/msg/GpsDump.idl\n'}
[1.539069] (px4_msgs) StdoutLine: {'line': b'-- Up-to-date: /home/mcfb/ros2_ws/install/px4_msgs/share/px4_msgs/msg/GpsInjectData.idl\n'}
[1.539114] (px4_msgs) StdoutLine: {'line': b'-- Up-to-date: /home/mcfb/ros2_ws/install/px4_msgs/share/px4_msgs/msg/Gripper.idl\n'}
[1.539160] (px4_msgs) StdoutLine: {'line': b'-- Up-to-date: /home/mcfb/ros2_ws/install/px4_msgs/share/px4_msgs/msg/HealthReport.idl\n'}
[1.539208] (px4_msgs) StdoutLine: {'line': b'-- Up-to-date: /home/mcfb/ros2_ws/install/px4_msgs/share/px4_msgs/msg/HeaterStatus.idl\n'}
[1.539257] (px4_msgs) StdoutLine: {'line': b'-- Up-to-date: /home/mcfb/ros2_ws/install/px4_msgs/share/px4_msgs/msg/HomePosition.idl\n'}
[1.539303] (px4_msgs) StdoutLine: {'line': b'-- Up-to-date: /home/mcfb/ros2_ws/install/px4_msgs/share/px4_msgs/msg/HoverThrustEstimate.idl\n'}
[1.539353] (px4_msgs) StdoutLine: {'line': b'-- Up-to-date: /home/mcfb/ros2_ws/install/px4_msgs/share/px4_msgs/msg/InputRc.idl\n'}
[1.539400] (px4_msgs) StdoutLine: {'line': b'-- Up-to-date: /home/mcfb/ros2_ws/install/px4_msgs/share/px4_msgs/msg/InternalCombustionEngineControl.idl\n'}
[1.539447] (px4_msgs) StdoutLine: {'line': b'-- Up-to-date: /home/mcfb/ros2_ws/install/px4_msgs/share/px4_msgs/msg/InternalCombustionEngineStatus.idl\n'}
[1.539495] (px4_msgs) StdoutLine: {'line': b'-- Up-to-date: /home/mcfb/ros2_ws/install/px4_msgs/share/px4_msgs/msg/IridiumsbdStatus.idl\n'}
[1.539542] (px4_msgs) StdoutLine: {'line': b'-- Up-to-date: /home/mcfb/ros2_ws/install/px4_msgs/share/px4_msgs/msg/IrlockReport.idl\n'}
[1.539607] (px4_msgs) StdoutLine: {'line': b'-- Up-to-date: /home/mcfb/ros2_ws/install/px4_msgs/share/px4_msgs/msg/LandingGear.idl\n'}
[1.539651] (px4_msgs) StdoutLine: {'line': b'-- Up-to-date: /home/mcfb/ros2_ws/install/px4_msgs/share/px4_msgs/msg/LandingGearWheel.idl\n'}
[1.539696] (px4_msgs) StdoutLine: {'line': b'-- Up-to-date: /home/mcfb/ros2_ws/install/px4_msgs/share/px4_msgs/msg/LandingTargetInnovations.idl\n'}
[1.539747] (px4_msgs) StdoutLine: {'line': b'-- Up-to-date: /home/mcfb/ros2_ws/install/px4_msgs/share/px4_msgs/msg/LandingTargetPose.idl\n'}
[1.539792] (px4_msgs) StdoutLine: {'line': b'-- Up-to-date: /home/mcfb/ros2_ws/install/px4_msgs/share/px4_msgs/msg/LateralControlConfiguration.idl\n'}
[1.539848] (px4_msgs) StdoutLine: {'line': b'-- Up-to-date: /home/mcfb/ros2_ws/install/px4_msgs/share/px4_msgs/msg/LaunchDetectionStatus.idl\n'}
[1.539895] (px4_msgs) StdoutLine: {'line': b'-- Up-to-date: /home/mcfb/ros2_ws/install/px4_msgs/share/px4_msgs/msg/LedControl.idl\n'}
[1.539971] (px4_msgs) StdoutLine: {'line': b'-- Up-to-date: /home/mcfb/ros2_ws/install/px4_msgs/share/px4_msgs/msg/LogMessage.idl\n'}
[1.540018] (px4_msgs) StdoutLine: {'line': b'-- Up-to-date: /home/mcfb/ros2_ws/install/px4_msgs/share/px4_msgs/msg/LoggerStatus.idl\n'}
[1.540061] (px4_msgs) StdoutLine: {'line': b'-- Up-to-date: /home/mcfb/ros2_ws/install/px4_msgs/share/px4_msgs/msg/LongitudinalControlConfiguration.idl\n'}
[1.540134] (px4_msgs) StdoutLine: {'line': b'-- Up-to-date: /home/mcfb/ros2_ws/install/px4_msgs/share/px4_msgs/msg/MagWorkerData.idl\n'}
[1.540186] (px4_msgs) StdoutLine: {'line': b'-- Up-to-date: /home/mcfb/ros2_ws/install/px4_msgs/share/px4_msgs/msg/MagnetometerBiasEstimate.idl\n'}
[1.540234] (px4_msgs) StdoutLine: {'line': b'-- Up-to-date: /home/mcfb/ros2_ws/install/px4_msgs/share/px4_msgs/msg/ManualControlSetpoint.idl\n'}
[1.540294] (px4_msgs) StdoutLine: {'line': b'-- Up-to-date: /home/mcfb/ros2_ws/install/px4_msgs/share/px4_msgs/msg/ManualControlSwitches.idl\n'}
[1.540514] (px4_msgs) StdoutLine: {'line': b'-- Up-to-date: /home/mcfb/ros2_ws/install/px4_msgs/share/px4_msgs/msg/MavlinkLog.idl\n'}
[1.540662] (px4_msgs) StdoutLine: {'line': b'-- Up-to-date: /home/mcfb/ros2_ws/install/px4_msgs/share/px4_msgs/msg/MavlinkTunnel.idl\n'}
[1.540742] (px4_msgs) StdoutLine: {'line': b'-- Up-to-date: /home/mcfb/ros2_ws/install/px4_msgs/share/px4_msgs/msg/MessageFormatRequest.idl\n'}
[1.540813] (px4_msgs) StdoutLine: {'line': b'-- Up-to-date: /home/mcfb/ros2_ws/install/px4_msgs/share/px4_msgs/msg/MessageFormatResponse.idl\n'}
[1.540875] (px4_msgs) StdoutLine: {'line': b'-- Up-to-date: /home/mcfb/ros2_ws/install/px4_msgs/share/px4_msgs/msg/Mission.idl\n'}
[1.540918] (px4_msgs) StdoutLine: {'line': b'-- Up-to-date: /home/mcfb/ros2_ws/install/px4_msgs/share/px4_msgs/msg/MissionResult.idl\n'}
[1.540960] (px4_msgs) StdoutLine: {'line': b'-- Up-to-date: /home/mcfb/ros2_ws/install/px4_msgs/share/px4_msgs/msg/ModeCompleted.idl\n'}
[1.541000] (px4_msgs) StdoutLine: {'line': b'-- Up-to-date: /home/mcfb/ros2_ws/install/px4_msgs/share/px4_msgs/msg/MountOrientation.idl\n'}
[1.541040] (px4_msgs) StdoutLine: {'line': b'-- Up-to-date: /home/mcfb/ros2_ws/install/px4_msgs/share/px4_msgs/msg/NavigatorMissionItem.idl\n'}
[1.541078] (px4_msgs) StdoutLine: {'line': b'-- Up-to-date: /home/mcfb/ros2_ws/install/px4_msgs/share/px4_msgs/msg/NavigatorStatus.idl\n'}
[1.541116] (px4_msgs) StdoutLine: {'line': b'-- Up-to-date: /home/mcfb/ros2_ws/install/px4_msgs/share/px4_msgs/msg/NeuralControl.idl\n'}
[1.541195] (px4_msgs) StdoutLine: {'line': b'-- Up-to-date: /home/mcfb/ros2_ws/install/px4_msgs/share/px4_msgs/msg/NormalizedUnsignedSetpoint.idl\n'}
[1.541234] (px4_msgs) StdoutLine: {'line': b'-- Up-to-date: /home/mcfb/ros2_ws/install/px4_msgs/share/px4_msgs/msg/ObstacleDistance.idl\n'}
[1.541269] (px4_msgs) StdoutLine: {'line': b'-- Up-to-date: /home/mcfb/ros2_ws/install/px4_msgs/share/px4_msgs/msg/OffboardControlMode.idl\n'}
[1.541304] (px4_msgs) StdoutLine: {'line': b'-- Up-to-date: /home/mcfb/ros2_ws/install/px4_msgs/share/px4_msgs/msg/OnboardComputerStatus.idl\n'}
[1.541342] (px4_msgs) StdoutLine: {'line': b'-- Up-to-date: /home/mcfb/ros2_ws/install/px4_msgs/share/px4_msgs/msg/OpenDroneIdArmStatus.idl\n'}
[1.541380] (px4_msgs) StdoutLine: {'line': b'-- Up-to-date: /home/mcfb/ros2_ws/install/px4_msgs/share/px4_msgs/msg/OpenDroneIdOperatorId.idl\n'}
[1.541418] (px4_msgs) StdoutLine: {'line': b'-- Up-to-date: /home/mcfb/ros2_ws/install/px4_msgs/share/px4_msgs/msg/OpenDroneIdSelfId.idl\n'}
[1.541457] (px4_msgs) StdoutLine: {'line': b'-- Up-to-date: /home/mcfb/ros2_ws/install/px4_msgs/share/px4_msgs/msg/OpenDroneIdSystem.idl\n'}
[1.541495] (px4_msgs) StdoutLine: {'line': b'-- Up-to-date: /home/mcfb/ros2_ws/install/px4_msgs/share/px4_msgs/msg/OrbTest.idl\n'}
[1.541534] (px4_msgs) StdoutLine: {'line': b'-- Up-to-date: /home/mcfb/ros2_ws/install/px4_msgs/share/px4_msgs/msg/OrbTestLarge.idl\n'}
[1.541572] (px4_msgs) StdoutLine: {'line': b'-- Up-to-date: /home/mcfb/ros2_ws/install/px4_msgs/share/px4_msgs/msg/OrbTestMedium.idl\n'}
[1.541611] (px4_msgs) StdoutLine: {'line': b'-- Up-to-date: /home/mcfb/ros2_ws/install/px4_msgs/share/px4_msgs/msg/OrbitStatus.idl\n'}
[1.541651] (px4_msgs) StdoutLine: {'line': b'-- Up-to-date: /home/mcfb/ros2_ws/install/px4_msgs/share/px4_msgs/msg/ParameterResetRequest.idl\n'}
[1.541688] (px4_msgs) StdoutLine: {'line': b'-- Up-to-date: /home/mcfb/ros2_ws/install/px4_msgs/share/px4_msgs/msg/ParameterSetUsedRequest.idl\n'}
[1.541726] (px4_msgs) StdoutLine: {'line': b'-- Up-to-date: /home/mcfb/ros2_ws/install/px4_msgs/share/px4_msgs/msg/ParameterSetValueRequest.idl\n'}
[1.541763] (px4_msgs) StdoutLine: {'line': b'-- Up-to-date: /home/mcfb/ros2_ws/install/px4_msgs/share/px4_msgs/msg/ParameterSetValueResponse.idl\n'}
[1.541801] (px4_msgs) StdoutLine: {'line': b'-- Up-to-date: /home/mcfb/ros2_ws/install/px4_msgs/share/px4_msgs/msg/ParameterUpdate.idl\n'}
[1.541845] (px4_msgs) StdoutLine: {'line': b'-- Up-to-date: /home/mcfb/ros2_ws/install/px4_msgs/share/px4_msgs/msg/Ping.idl\n'}
[1.541883] (px4_msgs) StdoutLine: {'line': b'-- Up-to-date: /home/mcfb/ros2_ws/install/px4_msgs/share/px4_msgs/msg/PositionControllerLandingStatus.idl\n'}
[1.541922] (px4_msgs) StdoutLine: {'line': b'-- Up-to-date: /home/mcfb/ros2_ws/install/px4_msgs/share/px4_msgs/msg/PositionControllerStatus.idl\n'}
[1.541962] (px4_msgs) StdoutLine: {'line': b'-- Up-to-date: /home/mcfb/ros2_ws/install/px4_msgs/share/px4_msgs/msg/PositionSetpoint.idl\n'}
[1.542000] (px4_msgs) StdoutLine: {'line': b'-- Up-to-date: /home/mcfb/ros2_ws/install/px4_msgs/share/px4_msgs/msg/PositionSetpointTriplet.idl\n'}
[1.542045] (px4_msgs) StdoutLine: {'line': b'-- Up-to-date: /home/mcfb/ros2_ws/install/px4_msgs/share/px4_msgs/msg/PowerButtonState.idl\n'}
[1.542083] (px4_msgs) StdoutLine: {'line': b'-- Up-to-date: /home/mcfb/ros2_ws/install/px4_msgs/share/px4_msgs/msg/PowerMonitor.idl\n'}
[1.542122] (px4_msgs) StdoutLine: {'line': b'-- Up-to-date: /home/mcfb/ros2_ws/install/px4_msgs/share/px4_msgs/msg/PpsCapture.idl\n'}
[1.542159] (px4_msgs) StdoutLine: {'line': b'-- Up-to-date: /home/mcfb/ros2_ws/install/px4_msgs/share/px4_msgs/msg/PurePursuitStatus.idl\n'}
[1.542238] (px4_msgs) StdoutLine: {'line': b'-- Up-to-date: /home/mcfb/ros2_ws/install/px4_msgs/share/px4_msgs/msg/PwmInput.idl\n'}
[1.542277] (px4_msgs) StdoutLine: {'line': b'-- Up-to-date: /home/mcfb/ros2_ws/install/px4_msgs/share/px4_msgs/msg/Px4ioStatus.idl\n'}
[1.542312] (px4_msgs) StdoutLine: {'line': b'-- Up-to-date: /home/mcfb/ros2_ws/install/px4_msgs/share/px4_msgs/msg/QshellReq.idl\n'}
[1.542348] (px4_msgs) StdoutLine: {'line': b'-- Up-to-date: /home/mcfb/ros2_ws/install/px4_msgs/share/px4_msgs/msg/QshellRetval.idl\n'}
[1.542382] (px4_msgs) StdoutLine: {'line': b'-- Up-to-date: /home/mcfb/ros2_ws/install/px4_msgs/share/px4_msgs/msg/RadioStatus.idl\n'}
[1.542417] (px4_msgs) StdoutLine: {'line': b'-- Up-to-date: /home/mcfb/ros2_ws/install/px4_msgs/share/px4_msgs/msg/RateCtrlStatus.idl\n'}
[1.542452] (px4_msgs) StdoutLine: {'line': b'-- Up-to-date: /home/mcfb/ros2_ws/install/px4_msgs/share/px4_msgs/msg/RcChannels.idl\n'}
[1.542489] (px4_msgs) StdoutLine: {'line': b'-- Up-to-date: /home/mcfb/ros2_ws/install/px4_msgs/share/px4_msgs/msg/RcParameterMap.idl\n'}
[1.542526] (px4_msgs) StdoutLine: {'line': b'-- Up-to-date: /home/mcfb/ros2_ws/install/px4_msgs/share/px4_msgs/msg/RegisterExtComponentReply.idl\n'}
[1.542584] (px4_msgs) StdoutLine: {'line': b'-- Up-to-date: /home/mcfb/ros2_ws/install/px4_msgs/share/px4_msgs/msg/RegisterExtComponentRequest.idl\n'}
[1.542620] (px4_msgs) StdoutLine: {'line': b'-- Up-to-date: /home/mcfb/ros2_ws/install/px4_msgs/share/px4_msgs/msg/RoverAttitudeSetpoint.idl\n'}
[1.542655] (px4_msgs) StdoutLine: {'line': b'-- Up-to-date: /home/mcfb/ros2_ws/install/px4_msgs/share/px4_msgs/msg/RoverAttitudeStatus.idl\n'}
[1.542690] (px4_msgs) StdoutLine: {'line': b'-- Up-to-date: /home/mcfb/ros2_ws/install/px4_msgs/share/px4_msgs/msg/RoverPositionSetpoint.idl\n'}
[1.542727] (px4_msgs) StdoutLine: {'line': b'-- Up-to-date: /home/mcfb/ros2_ws/install/px4_msgs/share/px4_msgs/msg/RoverRateSetpoint.idl\n'}
[1.542763] (px4_msgs) StdoutLine: {'line': b'-- Up-to-date: /home/mcfb/ros2_ws/install/px4_msgs/share/px4_msgs/msg/RoverRateStatus.idl\n'}
[1.542822] (px4_msgs) StdoutLine: {'line': b'-- Up-to-date: /home/mcfb/ros2_ws/install/px4_msgs/share/px4_msgs/msg/RoverSpeedSetpoint.idl\n'}
[1.542864] (px4_msgs) StdoutLine: {'line': b'-- Up-to-date: /home/mcfb/ros2_ws/install/px4_msgs/share/px4_msgs/msg/RoverSpeedStatus.idl\n'}
[1.542902] (px4_msgs) StdoutLine: {'line': b'-- Up-to-date: /home/mcfb/ros2_ws/install/px4_msgs/share/px4_msgs/msg/RoverSteeringSetpoint.idl\n'}
[1.542938] (px4_msgs) StdoutLine: {'line': b'-- Up-to-date: /home/mcfb/ros2_ws/install/px4_msgs/share/px4_msgs/msg/RoverThrottleSetpoint.idl\n'}
[1.542974] (px4_msgs) StdoutLine: {'line': b'-- Up-to-date: /home/mcfb/ros2_ws/install/px4_msgs/share/px4_msgs/msg/Rpm.idl\n'}
[1.543013] (px4_msgs) StdoutLine: {'line': b'-- Up-to-date: /home/mcfb/ros2_ws/install/px4_msgs/share/px4_msgs/msg/RtlStatus.idl\n'}
[1.543054] (px4_msgs) StdoutLine: {'line': b'-- Up-to-date: /home/mcfb/ros2_ws/install/px4_msgs/share/px4_msgs/msg/RtlTimeEstimate.idl\n'}
[1.543093] (px4_msgs) StdoutLine: {'line': b'-- Up-to-date: /home/mcfb/ros2_ws/install/px4_msgs/share/px4_msgs/msg/SatelliteInfo.idl\n'}
[1.543132] (px4_msgs) StdoutLine: {'line': b'-- Up-to-date: /home/mcfb/ros2_ws/install/px4_msgs/share/px4_msgs/msg/SensorAccel.idl\n'}
[1.543171] (px4_msgs) StdoutLine: {'line': b'-- Up-to-date: /home/mcfb/ros2_ws/install/px4_msgs/share/px4_msgs/msg/SensorAccelFifo.idl\n'}
[1.543211] (px4_msgs) StdoutLine: {'line': b'-- Up-to-date: /home/mcfb/ros2_ws/install/px4_msgs/share/px4_msgs/msg/SensorAirflow.idl\n'}
[1.543250] (px4_msgs) StdoutLine: {'line': b'-- Up-to-date: /home/mcfb/ros2_ws/install/px4_msgs/share/px4_msgs/msg/SensorBaro.idl\n'}
[1.543287] (px4_msgs) StdoutLine: {'line': b'-- Up-to-date: /home/mcfb/ros2_ws/install/px4_msgs/share/px4_msgs/msg/SensorCombined.idl\n'}
[1.543326] (px4_msgs) StdoutLine: {'line': b'-- Up-to-date: /home/mcfb/ros2_ws/install/px4_msgs/share/px4_msgs/msg/SensorCorrection.idl\n'}
[1.543364] (px4_msgs) StdoutLine: {'line': b'-- Up-to-date: /home/mcfb/ros2_ws/install/px4_msgs/share/px4_msgs/msg/SensorGnssRelative.idl\n'}
[1.543402] (px4_msgs) StdoutLine: {'line': b'-- Up-to-date: /home/mcfb/ros2_ws/install/px4_msgs/share/px4_msgs/msg/SensorGnssStatus.idl\n'}
[1.543440] (px4_msgs) StdoutLine: {'line': b'-- Up-to-date: /home/mcfb/ros2_ws/install/px4_msgs/share/px4_msgs/msg/SensorGps.idl\n'}
[1.543477] (px4_msgs) StdoutLine: {'line': b'-- Up-to-date: /home/mcfb/ros2_ws/install/px4_msgs/share/px4_msgs/msg/SensorGyro.idl\n'}
[1.543516] (px4_msgs) StdoutLine: {'line': b'-- Up-to-date: /home/mcfb/ros2_ws/install/px4_msgs/share/px4_msgs/msg/SensorGyroFft.idl\n'}
[1.543554] (px4_msgs) StdoutLine: {'line': b'-- Up-to-date: /home/mcfb/ros2_ws/install/px4_msgs/share/px4_msgs/msg/SensorGyroFifo.idl\n'}
[1.543592] (px4_msgs) StdoutLine: {'line': b'-- Up-to-date: /home/mcfb/ros2_ws/install/px4_msgs/share/px4_msgs/msg/SensorHygrometer.idl\n'}
[1.543630] (px4_msgs) StdoutLine: {'line': b'-- Up-to-date: /home/mcfb/ros2_ws/install/px4_msgs/share/px4_msgs/msg/SensorMag.idl\n'}
[1.543670] (px4_msgs) StdoutLine: {'line': b'-- Up-to-date: /home/mcfb/ros2_ws/install/px4_msgs/share/px4_msgs/msg/SensorOpticalFlow.idl\n'}
[1.543709] (px4_msgs) StdoutLine: {'line': b'-- Up-to-date: /home/mcfb/ros2_ws/install/px4_msgs/share/px4_msgs/msg/SensorPreflightMag.idl\n'}
[1.543748] (px4_msgs) StdoutLine: {'line': b'-- Up-to-date: /home/mcfb/ros2_ws/install/px4_msgs/share/px4_msgs/msg/SensorSelection.idl\n'}
[1.543787] (px4_msgs) StdoutLine: {'line': b'-- Up-to-date: /home/mcfb/ros2_ws/install/px4_msgs/share/px4_msgs/msg/SensorUwb.idl\n'}
[1.543833] (px4_msgs) StdoutLine: {'line': b'-- Up-to-date: /home/mcfb/ros2_ws/install/px4_msgs/share/px4_msgs/msg/SensorsStatus.idl\n'}
[1.543872] (px4_msgs) StdoutLine: {'line': b'-- Up-to-date: /home/mcfb/ros2_ws/install/px4_msgs/share/px4_msgs/msg/SensorsStatusImu.idl\n'}
[1.543910] (px4_msgs) StdoutLine: {'line': b'-- Up-to-date: /home/mcfb/ros2_ws/install/px4_msgs/share/px4_msgs/msg/SystemPower.idl\n'}
[1.543949] (px4_msgs) StdoutLine: {'line': b'-- Up-to-date: /home/mcfb/ros2_ws/install/px4_msgs/share/px4_msgs/msg/TakeoffStatus.idl\n'}
[1.543987] (px4_msgs) StdoutLine: {'line': b'-- Up-to-date: /home/mcfb/ros2_ws/install/px4_msgs/share/px4_msgs/msg/TaskStackInfo.idl\n'}
[1.544027] (px4_msgs) StdoutLine: {'line': b'-- Up-to-date: /home/mcfb/ros2_ws/install/px4_msgs/share/px4_msgs/msg/TecsStatus.idl\n'}
[1.544065] (px4_msgs) StdoutLine: {'line': b'-- Up-to-date: /home/mcfb/ros2_ws/install/px4_msgs/share/px4_msgs/msg/TelemetryStatus.idl\n'}
[1.544104] (px4_msgs) StdoutLine: {'line': b'-- Up-to-date: /home/mcfb/ros2_ws/install/px4_msgs/share/px4_msgs/msg/TiltrotorExtraControls.idl\n'}
[1.544145] (px4_msgs) StdoutLine: {'line': b'-- Up-to-date: /home/mcfb/ros2_ws/install/px4_msgs/share/px4_msgs/msg/TimesyncStatus.idl\n'}
[1.544197] (px4_msgs) StdoutLine: {'line': b'-- Up-to-date: /home/mcfb/ros2_ws/install/px4_msgs/share/px4_msgs/msg/TrajectorySetpoint.idl\n'}
[1.544244] (px4_msgs) StdoutLine: {'line': b'-- Up-to-date: /home/mcfb/ros2_ws/install/px4_msgs/share/px4_msgs/msg/TrajectorySetpoint6dof.idl\n'}
[1.544283] (px4_msgs) StdoutLine: {'line': b'-- Up-to-date: /home/mcfb/ros2_ws/install/px4_msgs/share/px4_msgs/msg/TransponderReport.idl\n'}
[1.544323] (px4_msgs) StdoutLine: {'line': b'-- Up-to-date: /home/mcfb/ros2_ws/install/px4_msgs/share/px4_msgs/msg/TuneControl.idl\n'}
[1.544404] (px4_msgs) StdoutLine: {'line': b'-- Up-to-date: /home/mcfb/ros2_ws/install/px4_msgs/share/px4_msgs/msg/UavcanParameterRequest.idl\n'}
[1.544439] (px4_msgs) StdoutLine: {'line': b'-- Up-to-date: /home/mcfb/ros2_ws/install/px4_msgs/share/px4_msgs/msg/UavcanParameterValue.idl\n'}
[1.544486] (px4_msgs) StdoutLine: {'line': b'-- Up-to-date: /home/mcfb/ros2_ws/install/px4_msgs/share/px4_msgs/msg/UlogStream.idl\n'}
[1.544536] (px4_msgs) StdoutLine: {'line': b'-- Up-to-date: /home/mcfb/ros2_ws/install/px4_msgs/share/px4_msgs/msg/UlogStreamAck.idl\n'}
[1.544586] (px4_msgs) StdoutLine: {'line': b'-- Up-to-date: /home/mcfb/ros2_ws/install/px4_msgs/share/px4_msgs/msg/UnregisterExtComponent.idl\n'}
[1.544623] (px4_msgs) StdoutLine: {'line': b'-- Up-to-date: /home/mcfb/ros2_ws/install/px4_msgs/share/px4_msgs/msg/VehicleAcceleration.idl\n'}
[1.544661] (px4_msgs) StdoutLine: {'line': b'-- Up-to-date: /home/mcfb/ros2_ws/install/px4_msgs/share/px4_msgs/msg/VehicleAirData.idl\n'}
[1.544701] (px4_msgs) StdoutLine: {'line': b'-- Up-to-date: /home/mcfb/ros2_ws/install/px4_msgs/share/px4_msgs/msg/VehicleAngularAccelerationSetpoint.idl\n'}
[1.544740] (px4_msgs) StdoutLine: {'line': b'-- Up-to-date: /home/mcfb/ros2_ws/install/px4_msgs/share/px4_msgs/msg/VehicleAngularVelocity.idl\n'}
[1.544778] (px4_msgs) StdoutLine: {'line': b'-- Up-to-date: /home/mcfb/ros2_ws/install/px4_msgs/share/px4_msgs/msg/VehicleAttitude.idl\n'}
[1.544816] (px4_msgs) StdoutLine: {'line': b'-- Up-to-date: /home/mcfb/ros2_ws/install/px4_msgs/share/px4_msgs/msg/VehicleAttitudeSetpoint.idl\n'}
[1.544864] (px4_msgs) StdoutLine: {'line': b'-- Up-to-date: /home/mcfb/ros2_ws/install/px4_msgs/share/px4_msgs/msg/VehicleCommand.idl\n'}
[1.544929] (px4_msgs) StdoutLine: {'line': b'-- Up-to-date: /home/mcfb/ros2_ws/install/px4_msgs/share/px4_msgs/msg/VehicleCommandAck.idl\n'}
[1.544963] (px4_msgs) StdoutLine: {'line': b'-- Up-to-date: /home/mcfb/ros2_ws/install/px4_msgs/share/px4_msgs/msg/VehicleConstraints.idl\n'}
[1.544999] (px4_msgs) StdoutLine: {'line': b'-- Up-to-date: /home/mcfb/ros2_ws/install/px4_msgs/share/px4_msgs/msg/VehicleControlMode.idl\n'}
[1.545034] (px4_msgs) StdoutLine: {'line': b'-- Up-to-date: /home/mcfb/ros2_ws/install/px4_msgs/share/px4_msgs/msg/VehicleGlobalPosition.idl\n'}
[1.545067] (px4_msgs) StdoutLine: {'line': b'-- Up-to-date: /home/mcfb/ros2_ws/install/px4_msgs/share/px4_msgs/msg/VehicleImu.idl\n'}
[1.545101] (px4_msgs) StdoutLine: {'line': b'-- Up-to-date: /home/mcfb/ros2_ws/install/px4_msgs/share/px4_msgs/msg/VehicleImuStatus.idl\n'}
[1.545159] (px4_msgs) StdoutLine: {'line': b'-- Up-to-date: /home/mcfb/ros2_ws/install/px4_msgs/share/px4_msgs/msg/VehicleLandDetected.idl\n'}
[1.545193] (px4_msgs) StdoutLine: {'line': b'-- Up-to-date: /home/mcfb/ros2_ws/install/px4_msgs/share/px4_msgs/msg/VehicleLocalPosition.idl\n'}
[1.545228] (px4_msgs) StdoutLine: {'line': b'-- Up-to-date: /home/mcfb/ros2_ws/install/px4_msgs/share/px4_msgs/msg/VehicleLocalPositionSetpoint.idl\n'}
[1.545262] (px4_msgs) StdoutLine: {'line': b'-- Up-to-date: /home/mcfb/ros2_ws/install/px4_msgs/share/px4_msgs/msg/VehicleMagnetometer.idl\n'}
[1.545296] (px4_msgs) StdoutLine: {'line': b'-- Up-to-date: /home/mcfb/ros2_ws/install/px4_msgs/share/px4_msgs/msg/VehicleOdometry.idl\n'}
[1.545330] (px4_msgs) StdoutLine: {'line': b'-- Up-to-date: /home/mcfb/ros2_ws/install/px4_msgs/share/px4_msgs/msg/VehicleOpticalFlow.idl\n'}
[1.545369] (px4_msgs) StdoutLine: {'line': b'-- Up-to-date: /home/mcfb/ros2_ws/install/px4_msgs/share/px4_msgs/msg/VehicleOpticalFlowVel.idl\n'}
[1.545407] (px4_msgs) StdoutLine: {'line': b'-- Up-to-date: /home/mcfb/ros2_ws/install/px4_msgs/share/px4_msgs/msg/VehicleRatesSetpoint.idl\n'}
[1.545444] (px4_msgs) StdoutLine: {'line': b'-- Up-to-date: /home/mcfb/ros2_ws/install/px4_msgs/share/px4_msgs/msg/VehicleRoi.idl\n'}
[1.545483] (px4_msgs) StdoutLine: {'line': b'-- Up-to-date: /home/mcfb/ros2_ws/install/px4_msgs/share/px4_msgs/msg/VehicleStatus.idl\n'}
[1.545521] (px4_msgs) StdoutLine: {'line': b'-- Up-to-date: /home/mcfb/ros2_ws/install/px4_msgs/share/px4_msgs/msg/VehicleThrustSetpoint.idl\n'}
[1.545559] (px4_msgs) StdoutLine: {'line': b'-- Up-to-date: /home/mcfb/ros2_ws/install/px4_msgs/share/px4_msgs/msg/VehicleTorqueSetpoint.idl\n'}
[1.545596] (px4_msgs) StdoutLine: {'line': b'-- Up-to-date: /home/mcfb/ros2_ws/install/px4_msgs/share/px4_msgs/msg/VelocityLimits.idl\n'}
[1.545634] (px4_msgs) StdoutLine: {'line': b'-- Up-to-date: /home/mcfb/ros2_ws/install/px4_msgs/share/px4_msgs/msg/VtolVehicleStatus.idl\n'}
[1.545671] (px4_msgs) StdoutLine: {'line': b'-- Up-to-date: /home/mcfb/ros2_ws/install/px4_msgs/share/px4_msgs/msg/WheelEncoders.idl\n'}
[1.545709] (px4_msgs) StdoutLine: {'line': b'-- Up-to-date: /home/mcfb/ros2_ws/install/px4_msgs/share/px4_msgs/msg/Wind.idl\n'}
[1.545749] (px4_msgs) StdoutLine: {'line': b'-- Up-to-date: /home/mcfb/ros2_ws/install/px4_msgs/share/px4_msgs/msg/YawEstimatorStatus.idl\n'}
[1.545788] (px4_msgs) StdoutLine: {'line': b'-- Up-to-date: /home/mcfb/ros2_ws/install/px4_msgs/share/px4_msgs/srv/VehicleCommand.idl\n'}
[1.545830] (px4_msgs) StdoutLine: {'line': b'-- Up-to-date: /home/mcfb/ros2_ws/install/px4_msgs/share/px4_msgs/msg/ActionRequest.msg\n'}
[1.545893] (px4_msgs) StdoutLine: {'line': b'-- Up-to-date: /home/mcfb/ros2_ws/install/px4_msgs/share/px4_msgs/msg/ActuatorArmed.msg\n'}
[1.545932] (px4_msgs) StdoutLine: {'line': b'-- Up-to-date: /home/mcfb/ros2_ws/install/px4_msgs/share/px4_msgs/msg/ActuatorControlsStatus.msg\n'}
[1.545969] (px4_msgs) StdoutLine: {'line': b'-- Up-to-date: /home/mcfb/ros2_ws/install/px4_msgs/share/px4_msgs/msg/ActuatorMotors.msg\n'}
[1.546007] (px4_msgs) StdoutLine: {'line': b'-- Up-to-date: /home/mcfb/ros2_ws/install/px4_msgs/share/px4_msgs/msg/ActuatorOutputs.msg\n'}
[1.546048] (px4_msgs) StdoutLine: {'line': b'-- Up-to-date: /home/mcfb/ros2_ws/install/px4_msgs/share/px4_msgs/msg/ActuatorServos.msg\n'}
[1.546084] (px4_msgs) StdoutLine: {'line': b'-- Up-to-date: /home/mcfb/ros2_ws/install/px4_msgs/share/px4_msgs/msg/ActuatorServosTrim.msg\n'}
[1.546142] (px4_msgs) StdoutLine: {'line': b'-- Up-to-date: /home/mcfb/ros2_ws/install/px4_msgs/share/px4_msgs/msg/ActuatorTest.msg\n'}
[1.546177] (px4_msgs) StdoutLine: {'line': b'-- Up-to-date: /home/mcfb/ros2_ws/install/px4_msgs/share/px4_msgs/msg/AdcReport.msg\n'}
[1.546212] (px4_msgs) StdoutLine: {'line': b'-- Up-to-date: /home/mcfb/ros2_ws/install/px4_msgs/share/px4_msgs/msg/Airspeed.msg\n'}
[1.546247] (px4_msgs) StdoutLine: {'line': b'-- Up-to-date: /home/mcfb/ros2_ws/install/px4_msgs/share/px4_msgs/msg/AirspeedValidated.msg\n'}
[1.546282] (px4_msgs) StdoutLine: {'line': b'-- Up-to-date: /home/mcfb/ros2_ws/install/px4_msgs/share/px4_msgs/msg/AirspeedWind.msg\n'}
[1.546317] (px4_msgs) StdoutLine: {'line': b'-- Up-to-date: /home/mcfb/ros2_ws/install/px4_msgs/share/px4_msgs/msg/ArmingCheckReply.msg\n'}
[1.546356] (px4_msgs) StdoutLine: {'line': b'-- Up-to-date: /home/mcfb/ros2_ws/install/px4_msgs/share/px4_msgs/msg/ArmingCheckRequest.msg\n'}
[1.546395] (px4_msgs) StdoutLine: {'line': b'-- Up-to-date: /home/mcfb/ros2_ws/install/px4_msgs/share/px4_msgs/msg/AutotuneAttitudeControlStatus.msg\n'}
[1.546434] (px4_msgs) StdoutLine: {'line': b'-- Up-to-date: /home/mcfb/ros2_ws/install/px4_msgs/share/px4_msgs/msg/BatteryInfo.msg\n'}
[1.546471] (px4_msgs) StdoutLine: {'line': b'-- Up-to-date: /home/mcfb/ros2_ws/install/px4_msgs/share/px4_msgs/msg/BatteryStatus.msg\n'}
[1.546509] (px4_msgs) StdoutLine: {'line': b'-- Up-to-date: /home/mcfb/ros2_ws/install/px4_msgs/share/px4_msgs/msg/ButtonEvent.msg\n'}
[1.546547] (px4_msgs) StdoutLine: {'line': b'-- Up-to-date: /home/mcfb/ros2_ws/install/px4_msgs/share/px4_msgs/msg/CameraCapture.msg\n'}
[1.546584] (px4_msgs) StdoutLine: {'line': b'-- Up-to-date: /home/mcfb/ros2_ws/install/px4_msgs/share/px4_msgs/msg/CameraStatus.msg\n'}
[1.546622] (px4_msgs) StdoutLine: {'line': b'-- Up-to-date: /home/mcfb/ros2_ws/install/px4_msgs/share/px4_msgs/msg/CameraTrigger.msg\n'}
[1.546661] (px4_msgs) StdoutLine: {'line': b'-- Up-to-date: /home/mcfb/ros2_ws/install/px4_msgs/share/px4_msgs/msg/CanInterfaceStatus.msg\n'}
[1.546699] (px4_msgs) StdoutLine: {'line': b'-- Up-to-date: /home/mcfb/ros2_ws/install/px4_msgs/share/px4_msgs/msg/CellularStatus.msg\n'}
[1.546738] (px4_msgs) StdoutLine: {'line': b'-- Up-to-date: /home/mcfb/ros2_ws/install/px4_msgs/share/px4_msgs/msg/CollisionConstraints.msg\n'}
[1.546775] (px4_msgs) StdoutLine: {'line': b'-- Up-to-date: /home/mcfb/ros2_ws/install/px4_msgs/share/px4_msgs/msg/ConfigOverrides.msg\n'}
[1.546812] (px4_msgs) StdoutLine: {'line': b'-- Up-to-date: /home/mcfb/ros2_ws/install/px4_msgs/share/px4_msgs/msg/ControlAllocatorStatus.msg\n'}
[1.546858] (px4_msgs) StdoutLine: {'line': b'-- Up-to-date: /home/mcfb/ros2_ws/install/px4_msgs/share/px4_msgs/msg/Cpuload.msg\n'}
[1.546897] (px4_msgs) StdoutLine: {'line': b'-- Up-to-date: /home/mcfb/ros2_ws/install/px4_msgs/share/px4_msgs/msg/DatamanRequest.msg\n'}
[1.546935] (px4_msgs) StdoutLine: {'line': b'-- Up-to-date: /home/mcfb/ros2_ws/install/px4_msgs/share/px4_msgs/msg/DatamanResponse.msg\n'}
[1.546972] (px4_msgs) StdoutLine: {'line': b'-- Up-to-date: /home/mcfb/ros2_ws/install/px4_msgs/share/px4_msgs/msg/DebugArray.msg\n'}
[1.547011] (px4_msgs) StdoutLine: {'line': b'-- Up-to-date: /home/mcfb/ros2_ws/install/px4_msgs/share/px4_msgs/msg/DebugKeyValue.msg\n'}
[1.547048] (px4_msgs) StdoutLine: {'line': b'-- Up-to-date: /home/mcfb/ros2_ws/install/px4_msgs/share/px4_msgs/msg/DebugValue.msg\n'}
[1.547086] (px4_msgs) StdoutLine: {'line': b'-- Up-to-date: /home/mcfb/ros2_ws/install/px4_msgs/share/px4_msgs/msg/DebugVect.msg\n'}
[1.547123] (px4_msgs) StdoutLine: {'line': b'-- Up-to-date: /home/mcfb/ros2_ws/install/px4_msgs/share/px4_msgs/msg/DifferentialPressure.msg\n'}
[1.547160] (px4_msgs) StdoutLine: {'line': b'-- Up-to-date: /home/mcfb/ros2_ws/install/px4_msgs/share/px4_msgs/msg/DistanceSensor.msg\n'}
[1.547237] (px4_msgs) StdoutLine: {'line': b'-- Up-to-date: /home/mcfb/ros2_ws/install/px4_msgs/share/px4_msgs/msg/DistanceSensorModeChangeRequest.msg\n'}
[1.547272] (px4_msgs) StdoutLine: {'line': b'-- Up-to-date: /home/mcfb/ros2_ws/install/px4_msgs/share/px4_msgs/msg/DronecanNodeStatus.msg\n'}
[1.547307] (px4_msgs) StdoutLine: {'line': b'-- Up-to-date: /home/mcfb/ros2_ws/install/px4_msgs/share/px4_msgs/msg/Ekf2Timestamps.msg\n'}
[1.547343] (px4_msgs) StdoutLine: {'line': b'-- Up-to-date: /home/mcfb/ros2_ws/install/px4_msgs/share/px4_msgs/msg/EscReport.msg\n'}
[1.547379] (px4_msgs) StdoutLine: {'line': b'-- Up-to-date: /home/mcfb/ros2_ws/install/px4_msgs/share/px4_msgs/msg/EscStatus.msg\n'}
[1.547413] (px4_msgs) StdoutLine: {'line': b'-- Up-to-date: /home/mcfb/ros2_ws/install/px4_msgs/share/px4_msgs/msg/EstimatorAidSource1d.msg\n'}
[1.547464] (px4_msgs) StdoutLine: {'line': b'-- Up-to-date: /home/mcfb/ros2_ws/install/px4_msgs/share/px4_msgs/msg/EstimatorAidSource2d.msg\n'}
[1.547498] (px4_msgs) StdoutLine: {'line': b'-- Up-to-date: /home/mcfb/ros2_ws/install/px4_msgs/share/px4_msgs/msg/EstimatorAidSource3d.msg\n'}
[1.547532] (px4_msgs) StdoutLine: {'line': b'-- Up-to-date: /home/mcfb/ros2_ws/install/px4_msgs/share/px4_msgs/msg/EstimatorBias.msg\n'}
[1.547568] (px4_msgs) StdoutLine: {'line': b'-- Up-to-date: /home/mcfb/ros2_ws/install/px4_msgs/share/px4_msgs/msg/EstimatorBias3d.msg\n'}
[1.547604] (px4_msgs) StdoutLine: {'line': b'-- Up-to-date: /home/mcfb/ros2_ws/install/px4_msgs/share/px4_msgs/msg/EstimatorEventFlags.msg\n'}
[1.547650] (px4_msgs) StdoutLine: {'line': b'-- Up-to-date: /home/mcfb/ros2_ws/install/px4_msgs/share/px4_msgs/msg/EstimatorGpsStatus.msg\n'}
[1.547688] (px4_msgs) StdoutLine: {'line': b'-- Up-to-date: /home/mcfb/ros2_ws/install/px4_msgs/share/px4_msgs/msg/EstimatorInnovations.msg\n'}
[1.547744] (px4_msgs) StdoutLine: {'line': b'-- Up-to-date: /home/mcfb/ros2_ws/install/px4_msgs/share/px4_msgs/msg/EstimatorSelectorStatus.msg\n'}
[1.547779] (px4_msgs) StdoutLine: {'line': b'-- Up-to-date: /home/mcfb/ros2_ws/install/px4_msgs/share/px4_msgs/msg/EstimatorSensorBias.msg\n'}
[1.547813] (px4_msgs) StdoutLine: {'line': b'-- Up-to-date: /home/mcfb/ros2_ws/install/px4_msgs/share/px4_msgs/msg/EstimatorStates.msg\n'}
[1.547852] (px4_msgs) StdoutLine: {'line': b'-- Up-to-date: /home/mcfb/ros2_ws/install/px4_msgs/share/px4_msgs/msg/EstimatorStatus.msg\n'}
[1.547891] (px4_msgs) StdoutLine: {'line': b'-- Up-to-date: /home/mcfb/ros2_ws/install/px4_msgs/share/px4_msgs/msg/EstimatorStatusFlags.msg\n'}
[1.547929] (px4_msgs) StdoutLine: {'line': b'-- Up-to-date: /home/mcfb/ros2_ws/install/px4_msgs/share/px4_msgs/msg/Event.msg\n'}
[1.547968] (px4_msgs) StdoutLine: {'line': b'-- Up-to-date: /home/mcfb/ros2_ws/install/px4_msgs/share/px4_msgs/msg/FailsafeFlags.msg\n'}
[1.548007] (px4_msgs) StdoutLine: {'line': b'-- Up-to-date: /home/mcfb/ros2_ws/install/px4_msgs/share/px4_msgs/msg/FailureDetectorStatus.msg\n'}
[1.548044] (px4_msgs) StdoutLine: {'line': b'-- Up-to-date: /home/mcfb/ros2_ws/install/px4_msgs/share/px4_msgs/msg/FigureEightStatus.msg\n'}
[1.548081] (px4_msgs) StdoutLine: {'line': b'-- Up-to-date: /home/mcfb/ros2_ws/install/px4_msgs/share/px4_msgs/msg/FixedWingLateralGuidanceStatus.msg\n'}
[1.548118] (px4_msgs) StdoutLine: {'line': b'-- Up-to-date: /home/mcfb/ros2_ws/install/px4_msgs/share/px4_msgs/msg/FixedWingLateralSetpoint.msg\n'}
[1.548155] (px4_msgs) StdoutLine: {'line': b'-- Up-to-date: /home/mcfb/ros2_ws/install/px4_msgs/share/px4_msgs/msg/FixedWingLateralStatus.msg\n'}
[1.548192] (px4_msgs) StdoutLine: {'line': b'-- Up-to-date: /home/mcfb/ros2_ws/install/px4_msgs/share/px4_msgs/msg/FixedWingLongitudinalSetpoint.msg\n'}
[1.548231] (px4_msgs) StdoutLine: {'line': b'-- Up-to-date: /home/mcfb/ros2_ws/install/px4_msgs/share/px4_msgs/msg/FixedWingRunwayControl.msg\n'}
[1.548269] (px4_msgs) StdoutLine: {'line': b'-- Up-to-date: /home/mcfb/ros2_ws/install/px4_msgs/share/px4_msgs/msg/FlightPhaseEstimation.msg\n'}
[1.548307] (px4_msgs) StdoutLine: {'line': b'-- Up-to-date: /home/mcfb/ros2_ws/install/px4_msgs/share/px4_msgs/msg/FollowTarget.msg\n'}
[1.548492] (px4_msgs) StdoutLine: {'line': b'-- Up-to-date: /home/mcfb/ros2_ws/install/px4_msgs/share/px4_msgs/msg/FollowTargetEstimator.msg\n'}
[1.548576] (px4_msgs) StdoutLine: {'line': b'-- Up-to-date: /home/mcfb/ros2_ws/install/px4_msgs/share/px4_msgs/msg/FollowTargetStatus.msg\n'}
[1.548649] (px4_msgs) StdoutLine: {'line': b'-- Up-to-date: /home/mcfb/ros2_ws/install/px4_msgs/share/px4_msgs/msg/FuelTankStatus.msg\n'}
[1.548704] (px4_msgs) StdoutLine: {'line': b'-- Up-to-date: /home/mcfb/ros2_ws/install/px4_msgs/share/px4_msgs/msg/GeneratorStatus.msg\n'}
[1.548768] (px4_msgs) StdoutLine: {'line': b'-- Up-to-date: /home/mcfb/ros2_ws/install/px4_msgs/share/px4_msgs/msg/GeofenceResult.msg\n'}
[1.548811] (px4_msgs) StdoutLine: {'line': b'-- Up-to-date: /home/mcfb/ros2_ws/install/px4_msgs/share/px4_msgs/msg/GeofenceStatus.msg\n'}
[1.548861] (px4_msgs) StdoutLine: {'line': b'-- Up-to-date: /home/mcfb/ros2_ws/install/px4_msgs/share/px4_msgs/msg/GimbalControls.msg\n'}
[1.548905] (px4_msgs) StdoutLine: {'line': b'-- Up-to-date: /home/mcfb/ros2_ws/install/px4_msgs/share/px4_msgs/msg/GimbalDeviceAttitudeStatus.msg\n'}
[1.549010] (px4_msgs) StdoutLine: {'line': b'-- Up-to-date: /home/mcfb/ros2_ws/install/px4_msgs/share/px4_msgs/msg/GimbalDeviceInformation.msg\n'}
[1.549084] (px4_msgs) StdoutLine: {'line': b'-- Up-to-date: /home/mcfb/ros2_ws/install/px4_msgs/share/px4_msgs/msg/GimbalDeviceSetAttitude.msg\n'}
[1.549145] (px4_msgs) StdoutLine: {'line': b'-- Up-to-date: /home/mcfb/ros2_ws/install/px4_msgs/share/px4_msgs/msg/GimbalManagerInformation.msg\n'}
[1.549203] (px4_msgs) StdoutLine: {'line': b'-- Up-to-date: /home/mcfb/ros2_ws/install/px4_msgs/share/px4_msgs/msg/GimbalManagerSetAttitude.msg\n'}
[1.549345] (px4_msgs) StdoutLine: {'line': b'-- Up-to-date: /home/mcfb/ros2_ws/install/px4_msgs/share/px4_msgs/msg/GimbalManagerSetManualControl.msg\n'}
[1.549414] (px4_msgs) StdoutLine: {'line': b'-- Up-to-date: /home/mcfb/ros2_ws/install/px4_msgs/share/px4_msgs/msg/GimbalManagerStatus.msg\n'}
[1.549462] (px4_msgs) StdoutLine: {'line': b'-- Up-to-date: /home/mcfb/ros2_ws/install/px4_msgs/share/px4_msgs/msg/GotoSetpoint.msg\n'}
[1.549503] (px4_msgs) StdoutLine: {'line': b'-- Up-to-date: /home/mcfb/ros2_ws/install/px4_msgs/share/px4_msgs/msg/GpioConfig.msg\n'}
[1.549542] (px4_msgs) StdoutLine: {'line': b'-- Up-to-date: /home/mcfb/ros2_ws/install/px4_msgs/share/px4_msgs/msg/GpioIn.msg\n'}
[1.549580] (px4_msgs) StdoutLine: {'line': b'-- Up-to-date: /home/mcfb/ros2_ws/install/px4_msgs/share/px4_msgs/msg/GpioOut.msg\n'}
[1.549618] (px4_msgs) StdoutLine: {'line': b'-- Up-to-date: /home/mcfb/ros2_ws/install/px4_msgs/share/px4_msgs/msg/GpioRequest.msg\n'}
[1.549695] (px4_msgs) StdoutLine: {'line': b'-- Up-to-date: /home/mcfb/ros2_ws/install/px4_msgs/share/px4_msgs/msg/GpsDump.msg\n'}
[1.549886] (px4_msgs) StdoutLine: {'line': b'-- Up-to-date: /home/mcfb/ros2_ws/install/px4_msgs/share/px4_msgs/msg/GpsInjectData.msg\n'}
[1.549945] (px4_msgs) StdoutLine: {'line': b'-- Up-to-date: /home/mcfb/ros2_ws/install/px4_msgs/share/px4_msgs/msg/Gripper.msg\n'}
[1.549996] (px4_msgs) StdoutLine: {'line': b'-- Up-to-date: /home/mcfb/ros2_ws/install/px4_msgs/share/px4_msgs/msg/HealthReport.msg\n'}
[1.550151] (px4_msgs) StdoutLine: {'line': b'-- Up-to-date: /home/mcfb/ros2_ws/install/px4_msgs/share/px4_msgs/msg/HeaterStatus.msg\n'}
[1.550403] (px4_msgs) StdoutLine: {'line': b'-- Up-to-date: /home/mcfb/ros2_ws/install/px4_msgs/share/px4_msgs/msg/HomePosition.msg\n'}
[1.550509] (px4_msgs) StdoutLine: {'line': b'-- Up-to-date: /home/mcfb/ros2_ws/install/px4_msgs/share/px4_msgs/msg/HoverThrustEstimate.msg\n'}
[1.550564] (px4_msgs) StdoutLine: {'line': b'-- Up-to-date: /home/mcfb/ros2_ws/install/px4_msgs/share/px4_msgs/msg/InputRc.msg\n'}
[1.550612] (px4_msgs) StdoutLine: {'line': b'-- Up-to-date: /home/mcfb/ros2_ws/install/px4_msgs/share/px4_msgs/msg/InternalCombustionEngineControl.msg\n'}
[1.550651] (px4_msgs) StdoutLine: {'line': b'-- Up-to-date: /home/mcfb/ros2_ws/install/px4_msgs/share/px4_msgs/msg/InternalCombustionEngineStatus.msg\n'}
[1.550691] (px4_msgs) StdoutLine: {'line': b'-- Up-to-date: /home/mcfb/ros2_ws/install/px4_msgs/share/px4_msgs/msg/IridiumsbdStatus.msg\n'}
[1.550731] (px4_msgs) StdoutLine: {'line': b'-- Up-to-date: /home/mcfb/ros2_ws/install/px4_msgs/share/px4_msgs/msg/IrlockReport.msg\n'}
[1.550773] (px4_msgs) StdoutLine: {'line': b'-- Up-to-date: /home/mcfb/ros2_ws/install/px4_msgs/share/px4_msgs/msg/LandingGear.msg\n'}
[1.550815] (px4_msgs) StdoutLine: {'line': b'-- Up-to-date: /home/mcfb/ros2_ws/install/px4_msgs/share/px4_msgs/msg/LandingGearWheel.msg\n'}
[1.550871] (px4_msgs) StdoutLine: {'line': b'-- Up-to-date: /home/mcfb/ros2_ws/install/px4_msgs/share/px4_msgs/msg/LandingTargetInnovations.msg\n'}
[1.550922] (px4_msgs) StdoutLine: {'line': b'-- Up-to-date: /home/mcfb/ros2_ws/install/px4_msgs/share/px4_msgs/msg/LandingTargetPose.msg\n'}
[1.550981] (px4_msgs) StdoutLine: {'line': b'-- Up-to-date: /home/mcfb/ros2_ws/install/px4_msgs/share/px4_msgs/msg/LateralControlConfiguration.msg\n'}
[1.551036] (px4_msgs) StdoutLine: {'line': b'-- Up-to-date: /home/mcfb/ros2_ws/install/px4_msgs/share/px4_msgs/msg/LaunchDetectionStatus.msg\n'}
[1.551080] (px4_msgs) StdoutLine: {'line': b'-- Up-to-date: /home/mcfb/ros2_ws/install/px4_msgs/share/px4_msgs/msg/LedControl.msg\n'}
[1.551134] (px4_msgs) StdoutLine: {'line': b'-- Up-to-date: /home/mcfb/ros2_ws/install/px4_msgs/share/px4_msgs/msg/LogMessage.msg\n'}
[1.551182] (px4_msgs) StdoutLine: {'line': b'-- Up-to-date: /home/mcfb/ros2_ws/install/px4_msgs/share/px4_msgs/msg/LoggerStatus.msg\n'}
[1.551221] (px4_msgs) StdoutLine: {'line': b'-- Up-to-date: /home/mcfb/ros2_ws/install/px4_msgs/share/px4_msgs/msg/LongitudinalControlConfiguration.msg\n'}
[1.551262] (px4_msgs) StdoutLine: {'line': b'-- Up-to-date: /home/mcfb/ros2_ws/install/px4_msgs/share/px4_msgs/msg/MagWorkerData.msg\n'}
[1.551302] (px4_msgs) StdoutLine: {'line': b'-- Up-to-date: /home/mcfb/ros2_ws/install/px4_msgs/share/px4_msgs/msg/MagnetometerBiasEstimate.msg\n'}
[1.551340] (px4_msgs) StdoutLine: {'line': b'-- Up-to-date: /home/mcfb/ros2_ws/install/px4_msgs/share/px4_msgs/msg/ManualControlSetpoint.msg\n'}
[1.551381] (px4_msgs) StdoutLine: {'line': b'-- Up-to-date: /home/mcfb/ros2_ws/install/px4_msgs/share/px4_msgs/msg/ManualControlSwitches.msg\n'}
[1.551420] (px4_msgs) StdoutLine: {'line': b'-- Up-to-date: /home/mcfb/ros2_ws/install/px4_msgs/share/px4_msgs/msg/MavlinkLog.msg\n'}
[1.551458] (px4_msgs) StdoutLine: {'line': b'-- Up-to-date: /home/mcfb/ros2_ws/install/px4_msgs/share/px4_msgs/msg/MavlinkTunnel.msg\n'}
[1.551498] (px4_msgs) StdoutLine: {'line': b'-- Up-to-date: /home/mcfb/ros2_ws/install/px4_msgs/share/px4_msgs/msg/MessageFormatRequest.msg\n'}
[1.551538] (px4_msgs) StdoutLine: {'line': b'-- Up-to-date: /home/mcfb/ros2_ws/install/px4_msgs/share/px4_msgs/msg/MessageFormatResponse.msg\n'}
[1.551575] (px4_msgs) StdoutLine: {'line': b'-- Up-to-date: /home/mcfb/ros2_ws/install/px4_msgs/share/px4_msgs/msg/Mission.msg\n'}
[1.551614] (px4_msgs) StdoutLine: {'line': b'-- Up-to-date: /home/mcfb/ros2_ws/install/px4_msgs/share/px4_msgs/msg/MissionResult.msg\n'}
[1.551895] (px4_msgs) StdoutLine: {'line': b'-- Up-to-date: /home/mcfb/ros2_ws/install/px4_msgs/share/px4_msgs/msg/ModeCompleted.msg\n'}
[1.551951] (px4_msgs) StdoutLine: {'line': b'-- Up-to-date: /home/mcfb/ros2_ws/install/px4_msgs/share/px4_msgs/msg/MountOrientation.msg\n'}
[1.552008] (px4_msgs) StdoutLine: {'line': b'-- Up-to-date: /home/mcfb/ros2_ws/install/px4_msgs/share/px4_msgs/msg/NavigatorMissionItem.msg\n'}
[1.552061] (px4_msgs) StdoutLine: {'line': b'-- Up-to-date: /home/mcfb/ros2_ws/install/px4_msgs/share/px4_msgs/msg/NavigatorStatus.msg\n'}
[1.552202] (px4_msgs) StdoutLine: {'line': b'-- Up-to-date: /home/mcfb/ros2_ws/install/px4_msgs/share/px4_msgs/msg/NeuralControl.msg\n'}
[1.552267] (px4_msgs) StdoutLine: {'line': b'-- Up-to-date: /home/mcfb/ros2_ws/install/px4_msgs/share/px4_msgs/msg/NormalizedUnsignedSetpoint.msg\n'}
[1.552313] (px4_msgs) StdoutLine: {'line': b'-- Up-to-date: /home/mcfb/ros2_ws/install/px4_msgs/share/px4_msgs/msg/ObstacleDistance.msg\n'}
[1.552362] (px4_msgs) StdoutLine: {'line': b'-- Up-to-date: /home/mcfb/ros2_ws/install/px4_msgs/share/px4_msgs/msg/OffboardControlMode.msg\n'}
[1.552400] (px4_msgs) StdoutLine: {'line': b'-- Up-to-date: /home/mcfb/ros2_ws/install/px4_msgs/share/px4_msgs/msg/OnboardComputerStatus.msg\n'}
[1.552436] (px4_msgs) StdoutLine: {'line': b'-- Up-to-date: /home/mcfb/ros2_ws/install/px4_msgs/share/px4_msgs/msg/OpenDroneIdArmStatus.msg\n'}
[1.552489] (px4_msgs) StdoutLine: {'line': b'-- Up-to-date: /home/mcfb/ros2_ws/install/px4_msgs/share/px4_msgs/msg/OpenDroneIdOperatorId.msg\n'}
[1.552540] (px4_msgs) StdoutLine: {'line': b'-- Up-to-date: /home/mcfb/ros2_ws/install/px4_msgs/share/px4_msgs/msg/OpenDroneIdSelfId.msg\n'}
[1.552595] (px4_msgs) StdoutLine: {'line': b'-- Up-to-date: /home/mcfb/ros2_ws/install/px4_msgs/share/px4_msgs/msg/OpenDroneIdSystem.msg\n'}
[1.552659] (px4_msgs) StdoutLine: {'line': b'-- Up-to-date: /home/mcfb/ros2_ws/install/px4_msgs/share/px4_msgs/msg/OrbTest.msg\n'}
[1.552740] (px4_msgs) StdoutLine: {'line': b'-- Up-to-date: /home/mcfb/ros2_ws/install/px4_msgs/share/px4_msgs/msg/OrbTestLarge.msg\n'}
[1.552798] (px4_msgs) StdoutLine: {'line': b'-- Up-to-date: /home/mcfb/ros2_ws/install/px4_msgs/share/px4_msgs/msg/OrbTestMedium.msg\n'}
[1.552862] (px4_msgs) StdoutLine: {'line': b'-- Up-to-date: /home/mcfb/ros2_ws/install/px4_msgs/share/px4_msgs/msg/OrbitStatus.msg\n'}
[1.552922] (px4_msgs) StdoutLine: {'line': b'-- Up-to-date: /home/mcfb/ros2_ws/install/px4_msgs/share/px4_msgs/msg/ParameterResetRequest.msg\n'}
[1.552984] (px4_msgs) StdoutLine: {'line': b'-- Up-to-date: /home/mcfb/ros2_ws/install/px4_msgs/share/px4_msgs/msg/ParameterSetUsedRequest.msg\n'}
[1.553049] (px4_msgs) StdoutLine: {'line': b'-- Up-to-date: /home/mcfb/ros2_ws/install/px4_msgs/share/px4_msgs/msg/ParameterSetValueRequest.msg\n'}
[1.553153] (px4_msgs) StdoutLine: {'line': b'-- Up-to-date: /home/mcfb/ros2_ws/install/px4_msgs/share/px4_msgs/msg/ParameterSetValueResponse.msg\n'}
[1.553285] (px4_msgs) StdoutLine: {'line': b'-- Up-to-date: /home/mcfb/ros2_ws/install/px4_msgs/share/px4_msgs/msg/ParameterUpdate.msg\n'}
[1.553384] (px4_msgs) StdoutLine: {'line': b'-- Up-to-date: /home/mcfb/ros2_ws/install/px4_msgs/share/px4_msgs/msg/Ping.msg\n'}
[1.553460] (px4_msgs) StdoutLine: {'line': b'-- Up-to-date: /home/mcfb/ros2_ws/install/px4_msgs/share/px4_msgs/msg/PositionControllerLandingStatus.msg\n'}
[1.553505] (px4_msgs) StdoutLine: {'line': b'-- Up-to-date: /home/mcfb/ros2_ws/install/px4_msgs/share/px4_msgs/msg/PositionControllerStatus.msg\n'}
[1.553546] (px4_msgs) StdoutLine: {'line': b'-- Up-to-date: /home/mcfb/ros2_ws/install/px4_msgs/share/px4_msgs/msg/PositionSetpoint.msg\n'}
[1.553584] (px4_msgs) StdoutLine: {'line': b'-- Up-to-date: /home/mcfb/ros2_ws/install/px4_msgs/share/px4_msgs/msg/PositionSetpointTriplet.msg\n'}
[1.553623] (px4_msgs) StdoutLine: {'line': b'-- Up-to-date: /home/mcfb/ros2_ws/install/px4_msgs/share/px4_msgs/msg/PowerButtonState.msg\n'}
[1.553670] (px4_msgs) StdoutLine: {'line': b'-- Up-to-date: /home/mcfb/ros2_ws/install/px4_msgs/share/px4_msgs/msg/PowerMonitor.msg\n'}
[1.553707] (px4_msgs) StdoutLine: {'line': b'-- Up-to-date: /home/mcfb/ros2_ws/install/px4_msgs/share/px4_msgs/msg/PpsCapture.msg\n'}
[1.553751] (px4_msgs) StdoutLine: {'line': b'-- Up-to-date: /home/mcfb/ros2_ws/install/px4_msgs/share/px4_msgs/msg/PurePursuitStatus.msg\n'}
[1.553792] (px4_msgs) StdoutLine: {'line': b'-- Up-to-date: /home/mcfb/ros2_ws/install/px4_msgs/share/px4_msgs/msg/PwmInput.msg\n'}
[1.553839] (px4_msgs) StdoutLine: {'line': b'-- Up-to-date: /home/mcfb/ros2_ws/install/px4_msgs/share/px4_msgs/msg/Px4ioStatus.msg\n'}
[1.553879] (px4_msgs) StdoutLine: {'line': b'-- Up-to-date: /home/mcfb/ros2_ws/install/px4_msgs/share/px4_msgs/msg/QshellReq.msg\n'}
[1.553932] (px4_msgs) StdoutLine: {'line': b'-- Up-to-date: /home/mcfb/ros2_ws/install/px4_msgs/share/px4_msgs/msg/QshellRetval.msg\n'}
[1.553974] (px4_msgs) StdoutLine: {'line': b'-- Up-to-date: /home/mcfb/ros2_ws/install/px4_msgs/share/px4_msgs/msg/RadioStatus.msg\n'}
[1.554039] (px4_msgs) StdoutLine: {'line': b'-- Up-to-date: /home/mcfb/ros2_ws/install/px4_msgs/share/px4_msgs/msg/RateCtrlStatus.msg\n'}
[1.554116] (px4_msgs) StdoutLine: {'line': b'-- Up-to-date: /home/mcfb/ros2_ws/install/px4_msgs/share/px4_msgs/msg/RcChannels.msg\n'}
[1.554172] (px4_msgs) StdoutLine: {'line': b'-- Up-to-date: /home/mcfb/ros2_ws/install/px4_msgs/share/px4_msgs/msg/RcParameterMap.msg\n'}
[1.554231] (px4_msgs) StdoutLine: {'line': b'-- Up-to-date: /home/mcfb/ros2_ws/install/px4_msgs/share/px4_msgs/msg/RegisterExtComponentReply.msg\n'}
[1.554287] (px4_msgs) StdoutLine: {'line': b'-- Up-to-date: /home/mcfb/ros2_ws/install/px4_msgs/share/px4_msgs/msg/RegisterExtComponentRequest.msg\n'}
[1.554329] (px4_msgs) StdoutLine: {'line': b'-- Up-to-date: /home/mcfb/ros2_ws/install/px4_msgs/share/px4_msgs/msg/RoverAttitudeSetpoint.msg\n'}
[1.554387] (px4_msgs) StdoutLine: {'line': b'-- Up-to-date: /home/mcfb/ros2_ws/install/px4_msgs/share/px4_msgs/msg/RoverAttitudeStatus.msg\n'}
[1.554443] (px4_msgs) StdoutLine: {'line': b'-- Up-to-date: /home/mcfb/ros2_ws/install/px4_msgs/share/px4_msgs/msg/RoverPositionSetpoint.msg\n'}
[1.554494] (px4_msgs) StdoutLine: {'line': b'-- Up-to-date: /home/mcfb/ros2_ws/install/px4_msgs/share/px4_msgs/msg/RoverRateSetpoint.msg\n'}
[1.554545] (px4_msgs) StdoutLine: {'line': b'-- Up-to-date: /home/mcfb/ros2_ws/install/px4_msgs/share/px4_msgs/msg/RoverRateStatus.msg\n'}
[1.554597] (px4_msgs) StdoutLine: {'line': b'-- Up-to-date: /home/mcfb/ros2_ws/install/px4_msgs/share/px4_msgs/msg/RoverSpeedSetpoint.msg\n'}
[1.554656] (px4_msgs) StdoutLine: {'line': b'-- Up-to-date: /home/mcfb/ros2_ws/install/px4_msgs/share/px4_msgs/msg/RoverSpeedStatus.msg\n'}
[1.554713] (px4_msgs) StdoutLine: {'line': b'-- Up-to-date: /home/mcfb/ros2_ws/install/px4_msgs/share/px4_msgs/msg/RoverSteeringSetpoint.msg\n'}
[1.554774] (px4_msgs) StdoutLine: {'line': b'-- Up-to-date: /home/mcfb/ros2_ws/install/px4_msgs/share/px4_msgs/msg/RoverThrottleSetpoint.msg\n'}
[1.554815] (px4_msgs) StdoutLine: {'line': b'-- Up-to-date: /home/mcfb/ros2_ws/install/px4_msgs/share/px4_msgs/msg/Rpm.msg\n'}
[1.554870] (px4_msgs) StdoutLine: {'line': b'-- Up-to-date: /home/mcfb/ros2_ws/install/px4_msgs/share/px4_msgs/msg/RtlStatus.msg\n'}
[1.554926] (px4_msgs) StdoutLine: {'line': b'-- Up-to-date: /home/mcfb/ros2_ws/install/px4_msgs/share/px4_msgs/msg/RtlTimeEstimate.msg\n'}
[1.554988] (px4_msgs) StdoutLine: {'line': b'-- Up-to-date: /home/mcfb/ros2_ws/install/px4_msgs/share/px4_msgs/msg/SatelliteInfo.msg\n'}
[1.555041] (px4_msgs) StdoutLine: {'line': b'-- Up-to-date: /home/mcfb/ros2_ws/install/px4_msgs/share/px4_msgs/msg/SensorAccel.msg\n'}
[1.555133] (px4_msgs) StdoutLine: {'line': b'-- Up-to-date: /home/mcfb/ros2_ws/install/px4_msgs/share/px4_msgs/msg/SensorAccelFifo.msg\n'}
[1.555191] (px4_msgs) StdoutLine: {'line': b'-- Up-to-date: /home/mcfb/ros2_ws/install/px4_msgs/share/px4_msgs/msg/SensorAirflow.msg\n'}
[1.555232] (px4_msgs) StdoutLine: {'line': b'-- Up-to-date: /home/mcfb/ros2_ws/install/px4_msgs/share/px4_msgs/msg/SensorBaro.msg\n'}
[1.555273] (px4_msgs) StdoutLine: {'line': b'-- Up-to-date: /home/mcfb/ros2_ws/install/px4_msgs/share/px4_msgs/msg/SensorCombined.msg\n'}
[1.555313] (px4_msgs) StdoutLine: {'line': b'-- Up-to-date: /home/mcfb/ros2_ws/install/px4_msgs/share/px4_msgs/msg/SensorCorrection.msg\n'}
[1.555353] (px4_msgs) StdoutLine: {'line': b'-- Up-to-date: /home/mcfb/ros2_ws/install/px4_msgs/share/px4_msgs/msg/SensorGnssRelative.msg\n'}
[1.555426] (px4_msgs) StdoutLine: {'line': b'-- Up-to-date: /home/mcfb/ros2_ws/install/px4_msgs/share/px4_msgs/msg/SensorGnssStatus.msg\n'}
[1.555499] (px4_msgs) StdoutLine: {'line': b'-- Up-to-date: /home/mcfb/ros2_ws/install/px4_msgs/share/px4_msgs/msg/SensorGps.msg\n'}
[1.555556] (px4_msgs) StdoutLine: {'line': b'-- Up-to-date: /home/mcfb/ros2_ws/install/px4_msgs/share/px4_msgs/msg/SensorGyro.msg\n'}
[1.555613] (px4_msgs) StdoutLine: {'line': b'-- Up-to-date: /home/mcfb/ros2_ws/install/px4_msgs/share/px4_msgs/msg/SensorGyroFft.msg\n'}
[1.555709] (px4_msgs) StdoutLine: {'line': b'-- Up-to-date: /home/mcfb/ros2_ws/install/px4_msgs/share/px4_msgs/msg/SensorGyroFifo.msg\n'}
[1.555752] (px4_msgs) StdoutLine: {'line': b'-- Up-to-date: /home/mcfb/ros2_ws/install/px4_msgs/share/px4_msgs/msg/SensorHygrometer.msg\n'}
[1.555791] (px4_msgs) StdoutLine: {'line': b'-- Up-to-date: /home/mcfb/ros2_ws/install/px4_msgs/share/px4_msgs/msg/SensorMag.msg\n'}
[1.555842] (px4_msgs) StdoutLine: {'line': b'-- Up-to-date: /home/mcfb/ros2_ws/install/px4_msgs/share/px4_msgs/msg/SensorOpticalFlow.msg\n'}
[1.555885] (px4_msgs) StdoutLine: {'line': b'-- Up-to-date: /home/mcfb/ros2_ws/install/px4_msgs/share/px4_msgs/msg/SensorPreflightMag.msg\n'}
[1.555942] (px4_msgs) StdoutLine: {'line': b'-- Up-to-date: /home/mcfb/ros2_ws/install/px4_msgs/share/px4_msgs/msg/SensorSelection.msg\n'}
[1.555984] (px4_msgs) StdoutLine: {'line': b'-- Up-to-date: /home/mcfb/ros2_ws/install/px4_msgs/share/px4_msgs/msg/SensorUwb.msg\n'}
[1.556029] (px4_msgs) StdoutLine: {'line': b'-- Up-to-date: /home/mcfb/ros2_ws/install/px4_msgs/share/px4_msgs/msg/SensorsStatus.msg\n'}
[1.556082] (px4_msgs) StdoutLine: {'line': b'-- Up-to-date: /home/mcfb/ros2_ws/install/px4_msgs/share/px4_msgs/msg/SensorsStatusImu.msg\n'}
[1.556136] (px4_msgs) StdoutLine: {'line': b'-- Up-to-date: /home/mcfb/ros2_ws/install/px4_msgs/share/px4_msgs/msg/SystemPower.msg\n'}
[1.556211] (px4_msgs) StdoutLine: {'line': b'-- Up-to-date: /home/mcfb/ros2_ws/install/px4_msgs/share/px4_msgs/msg/TakeoffStatus.msg\n'}
[1.556252] (px4_msgs) StdoutLine: {'line': b'-- Up-to-date: /home/mcfb/ros2_ws/install/px4_msgs/share/px4_msgs/msg/TaskStackInfo.msg\n'}
[1.556291] (px4_msgs) StdoutLine: {'line': b'-- Up-to-date: /home/mcfb/ros2_ws/install/px4_msgs/share/px4_msgs/msg/TecsStatus.msg\n'}
[1.556331] (px4_msgs) StdoutLine: {'line': b'-- Up-to-date: /home/mcfb/ros2_ws/install/px4_msgs/share/px4_msgs/msg/TelemetryStatus.msg\n'}
[1.556368] (px4_msgs) StdoutLine: {'line': b'-- Up-to-date: /home/mcfb/ros2_ws/install/px4_msgs/share/px4_msgs/msg/TiltrotorExtraControls.msg\n'}
[1.556407] (px4_msgs) StdoutLine: {'line': b'-- Up-to-date: /home/mcfb/ros2_ws/install/px4_msgs/share/px4_msgs/msg/TimesyncStatus.msg\n'}
[1.556465] (px4_msgs) StdoutLine: {'line': b'-- Up-to-date: /home/mcfb/ros2_ws/install/px4_msgs/share/px4_msgs/msg/TrajectorySetpoint.msg\n'}
[1.556516] (px4_msgs) StdoutLine: {'line': b'-- Up-to-date: /home/mcfb/ros2_ws/install/px4_msgs/share/px4_msgs/msg/TrajectorySetpoint6dof.msg\n'}
[1.556569] (px4_msgs) StdoutLine: {'line': b'-- Up-to-date: /home/mcfb/ros2_ws/install/px4_msgs/share/px4_msgs/msg/TransponderReport.msg\n'}
[1.556701] (px4_msgs) StdoutLine: {'line': b'-- Up-to-date: /home/mcfb/ros2_ws/install/px4_msgs/share/px4_msgs/msg/TuneControl.msg\n'}
[1.556751] (px4_msgs) StdoutLine: {'line': b'-- Up-to-date: /home/mcfb/ros2_ws/install/px4_msgs/share/px4_msgs/msg/UavcanParameterRequest.msg\n'}
[1.556796] (px4_msgs) StdoutLine: {'line': b'-- Up-to-date: /home/mcfb/ros2_ws/install/px4_msgs/share/px4_msgs/msg/UavcanParameterValue.msg\n'}
[1.556857] (px4_msgs) StdoutLine: {'line': b'-- Up-to-date: /home/mcfb/ros2_ws/install/px4_msgs/share/px4_msgs/msg/UlogStream.msg\n'}
[1.556905] (px4_msgs) StdoutLine: {'line': b'-- Up-to-date: /home/mcfb/ros2_ws/install/px4_msgs/share/px4_msgs/msg/UlogStreamAck.msg\n'}
[1.556947] (px4_msgs) StdoutLine: {'line': b'-- Up-to-date: /home/mcfb/ros2_ws/install/px4_msgs/share/px4_msgs/msg/UnregisterExtComponent.msg\n'}
[1.556987] (px4_msgs) StdoutLine: {'line': b'-- Up-to-date: /home/mcfb/ros2_ws/install/px4_msgs/share/px4_msgs/msg/VehicleAcceleration.msg\n'}
[1.557060] (px4_msgs) StdoutLine: {'line': b'-- Up-to-date: /home/mcfb/ros2_ws/install/px4_msgs/share/px4_msgs/msg/VehicleAirData.msg\n'}
[1.557097] (px4_msgs) StdoutLine: {'line': b'-- Up-to-date: /home/mcfb/ros2_ws/install/px4_msgs/share/px4_msgs/msg/VehicleAngularAccelerationSetpoint.msg\n'}
[1.557135] (px4_msgs) StdoutLine: {'line': b'-- Up-to-date: /home/mcfb/ros2_ws/install/px4_msgs/share/px4_msgs/msg/VehicleAngularVelocity.msg\n'}
[1.557170] (px4_msgs) StdoutLine: {'line': b'-- Up-to-date: /home/mcfb/ros2_ws/install/px4_msgs/share/px4_msgs/msg/VehicleAttitude.msg\n'}
[1.557212] (px4_msgs) StdoutLine: {'line': b'-- Up-to-date: /home/mcfb/ros2_ws/install/px4_msgs/share/px4_msgs/msg/VehicleAttitudeSetpoint.msg\n'}
[1.557253] (px4_msgs) StdoutLine: {'line': b'-- Up-to-date: /home/mcfb/ros2_ws/install/px4_msgs/share/px4_msgs/msg/VehicleCommand.msg\n'}
[1.557292] (px4_msgs) StdoutLine: {'line': b'-- Up-to-date: /home/mcfb/ros2_ws/install/px4_msgs/share/px4_msgs/msg/VehicleCommandAck.msg\n'}
[1.557331] (px4_msgs) StdoutLine: {'line': b'-- Up-to-date: /home/mcfb/ros2_ws/install/px4_msgs/share/px4_msgs/msg/VehicleConstraints.msg\n'}
[1.557372] (px4_msgs) StdoutLine: {'line': b'-- Up-to-date: /home/mcfb/ros2_ws/install/px4_msgs/share/px4_msgs/msg/VehicleControlMode.msg\n'}
[1.557417] (px4_msgs) StdoutLine: {'line': b'-- Up-to-date: /home/mcfb/ros2_ws/install/px4_msgs/share/px4_msgs/msg/VehicleGlobalPosition.msg\n'}
[1.557456] (px4_msgs) StdoutLine: {'line': b'-- Up-to-date: /home/mcfb/ros2_ws/install/px4_msgs/share/px4_msgs/msg/VehicleImu.msg\n'}
[1.557496] (px4_msgs) StdoutLine: {'line': b'-- Up-to-date: /home/mcfb/ros2_ws/install/px4_msgs/share/px4_msgs/msg/VehicleImuStatus.msg\n'}
[1.557536] (px4_msgs) StdoutLine: {'line': b'-- Up-to-date: /home/mcfb/ros2_ws/install/px4_msgs/share/px4_msgs/msg/VehicleLandDetected.msg\n'}
[1.557575] (px4_msgs) StdoutLine: {'line': b'-- Up-to-date: /home/mcfb/ros2_ws/install/px4_msgs/share/px4_msgs/msg/VehicleLocalPosition.msg\n'}
[1.557615] (px4_msgs) StdoutLine: {'line': b'-- Up-to-date: /home/mcfb/ros2_ws/install/px4_msgs/share/px4_msgs/msg/VehicleLocalPositionSetpoint.msg\n'}
[1.557654] (px4_msgs) StdoutLine: {'line': b'-- Up-to-date: /home/mcfb/ros2_ws/install/px4_msgs/share/px4_msgs/msg/VehicleMagnetometer.msg\n'}
[1.557696] (px4_msgs) StdoutLine: {'line': b'-- Up-to-date: /home/mcfb/ros2_ws/install/px4_msgs/share/px4_msgs/msg/VehicleOdometry.msg\n'}
[1.557734] (px4_msgs) StdoutLine: {'line': b'-- Up-to-date: /home/mcfb/ros2_ws/install/px4_msgs/share/px4_msgs/msg/VehicleOpticalFlow.msg\n'}
[1.557774] (px4_msgs) StdoutLine: {'line': b'-- Up-to-date: /home/mcfb/ros2_ws/install/px4_msgs/share/px4_msgs/msg/VehicleOpticalFlowVel.msg\n'}
[1.557869] (px4_msgs) StdoutLine: {'line': b'-- Up-to-date: /home/mcfb/ros2_ws/install/px4_msgs/share/px4_msgs/msg/VehicleRatesSetpoint.msg\n'}
[1.557905] (px4_msgs) StdoutLine: {'line': b'-- Up-to-date: /home/mcfb/ros2_ws/install/px4_msgs/share/px4_msgs/msg/VehicleRoi.msg\n'}
[1.557942] (px4_msgs) StdoutLine: {'line': b'-- Up-to-date: /home/mcfb/ros2_ws/install/px4_msgs/share/px4_msgs/msg/VehicleStatus.msg\n'}
[1.557977] (px4_msgs) StdoutLine: {'line': b'-- Up-to-date: /home/mcfb/ros2_ws/install/px4_msgs/share/px4_msgs/msg/VehicleThrustSetpoint.msg\n'}
[1.558013] (px4_msgs) StdoutLine: {'line': b'-- Up-to-date: /home/mcfb/ros2_ws/install/px4_msgs/share/px4_msgs/msg/VehicleTorqueSetpoint.msg\n'}
[1.558049] (px4_msgs) StdoutLine: {'line': b'-- Up-to-date: /home/mcfb/ros2_ws/install/px4_msgs/share/px4_msgs/msg/VelocityLimits.msg\n'}
[1.558085] (px4_msgs) StdoutLine: {'line': b'-- Up-to-date: /home/mcfb/ros2_ws/install/px4_msgs/share/px4_msgs/msg/VtolVehicleStatus.msg\n'}
[1.558121] (px4_msgs) StdoutLine: {'line': b'-- Up-to-date: /home/mcfb/ros2_ws/install/px4_msgs/share/px4_msgs/msg/WheelEncoders.msg\n'}
[1.558159] (px4_msgs) StdoutLine: {'line': b'-- Up-to-date: /home/mcfb/ros2_ws/install/px4_msgs/share/px4_msgs/msg/Wind.msg\n'}
[1.558201] (px4_msgs) StdoutLine: {'line': b'-- Up-to-date: /home/mcfb/ros2_ws/install/px4_msgs/share/px4_msgs/msg/YawEstimatorStatus.msg\n'}
[1.558240] (px4_msgs) StdoutLine: {'line': b'-- Up-to-date: /home/mcfb/ros2_ws/install/px4_msgs/share/px4_msgs/srv/VehicleCommand.srv\n'}
[1.558278] (px4_msgs) StdoutLine: {'line': b'-- Up-to-date: /home/mcfb/ros2_ws/install/px4_msgs/share/ament_index/resource_index/package_run_dependencies/px4_msgs\n'}
[1.558320] (px4_msgs) StdoutLine: {'line': b'-- Up-to-date: /home/mcfb/ros2_ws/install/px4_msgs/share/ament_index/resource_index/parent_prefix_path/px4_msgs\n'}
[1.558382] (px4_msgs) StdoutLine: {'line': b'-- Up-to-date: /home/mcfb/ros2_ws/install/px4_msgs/share/px4_msgs/environment/ament_prefix_path.sh\n'}
[1.558419] (px4_msgs) StdoutLine: {'line': b'-- Up-to-date: /home/mcfb/ros2_ws/install/px4_msgs/share/px4_msgs/environment/ament_prefix_path.dsv\n'}
[1.558456] (px4_msgs) StdoutLine: {'line': b'-- Up-to-date: /home/mcfb/ros2_ws/install/px4_msgs/share/px4_msgs/environment/path.sh\n'}
[1.558492] (px4_msgs) StdoutLine: {'line': b'-- Up-to-date: /home/mcfb/ros2_ws/install/px4_msgs/share/px4_msgs/environment/path.dsv\n'}
[1.558530] (px4_msgs) StdoutLine: {'line': b'-- Up-to-date: /home/mcfb/ros2_ws/install/px4_msgs/share/px4_msgs/local_setup.bash\n'}
[1.558569] (px4_msgs) StdoutLine: {'line': b'-- Up-to-date: /home/mcfb/ros2_ws/install/px4_msgs/share/px4_msgs/local_setup.sh\n'}
[1.558608] (px4_msgs) StdoutLine: {'line': b'-- Up-to-date: /home/mcfb/ros2_ws/install/px4_msgs/share/px4_msgs/local_setup.zsh\n'}
[1.558646] (px4_msgs) StdoutLine: {'line': b'-- Up-to-date: /home/mcfb/ros2_ws/install/px4_msgs/share/px4_msgs/local_setup.dsv\n'}
[1.558685] (px4_msgs) StdoutLine: {'line': b'-- Installing: /home/mcfb/ros2_ws/install/px4_msgs/share/px4_msgs/package.dsv\n'}
[1.558724] (px4_msgs) StdoutLine: {'line': b'-- Up-to-date: /home/mcfb/ros2_ws/install/px4_msgs/share/ament_index/resource_index/packages/px4_msgs\n'}
[1.558765] (px4_msgs) StdoutLine: {'line': b'-- Up-to-date: /home/mcfb/ros2_ws/install/px4_msgs/share/px4_msgs/cmake/export_px4_msgs__rosidl_generator_cExport.cmake\n'}
[1.558804] (px4_msgs) StdoutLine: {'line': b'-- Up-to-date: /home/mcfb/ros2_ws/install/px4_msgs/share/px4_msgs/cmake/export_px4_msgs__rosidl_generator_cExport-noconfig.cmake\n'}
[1.558857] (px4_msgs) StdoutLine: {'line': b'-- Up-to-date: /home/mcfb/ros2_ws/install/px4_msgs/share/px4_msgs/cmake/export_px4_msgs__rosidl_typesupport_fastrtps_cExport.cmake\n'}
[1.558955] (px4_msgs) StdoutLine: {'line': b'-- Up-to-date: /home/mcfb/ros2_ws/install/px4_msgs/share/px4_msgs/cmake/export_px4_msgs__rosidl_typesupport_fastrtps_cExport-noconfig.cmake\n'}
[1.558995] (px4_msgs) StdoutLine: {'line': b'-- Up-to-date: /home/mcfb/ros2_ws/install/px4_msgs/share/px4_msgs/cmake/export_px4_msgs__rosidl_generator_cppExport.cmake\n'}
[1.559254] (px4_msgs) StdoutLine: {'line': b'-- Up-to-date: /home/mcfb/ros2_ws/install/px4_msgs/share/px4_msgs/cmake/export_px4_msgs__rosidl_typesupport_fastrtps_cppExport.cmake\n'}
[1.559757] (px4_msgs) StdoutLine: {'line': b'-- Up-to-date: /home/mcfb/ros2_ws/install/px4_msgs/share/px4_msgs/cmake/export_px4_msgs__rosidl_typesupport_fastrtps_cppExport-noconfig.cmake\n'}
[1.560311] (px4_msgs) StdoutLine: {'line': b'-- Up-to-date: /home/mcfb/ros2_ws/install/px4_msgs/share/px4_msgs/cmake/px4_msgs__rosidl_typesupport_introspection_cExport.cmake\n'}
[1.560517] (px4_msgs) StdoutLine: {'line': b'-- Up-to-date: /home/mcfb/ros2_ws/install/px4_msgs/share/px4_msgs/cmake/px4_msgs__rosidl_typesupport_introspection_cExport-noconfig.cmake\n'}
[1.560913] (px4_msgs) StdoutLine: {'line': b'-- Up-to-date: /home/mcfb/ros2_ws/install/px4_msgs/share/px4_msgs/cmake/px4_msgs__rosidl_typesupport_cExport.cmake\n'}
[1.561284] (px4_msgs) StdoutLine: {'line': b'-- Up-to-date: /home/mcfb/ros2_ws/install/px4_msgs/share/px4_msgs/cmake/px4_msgs__rosidl_typesupport_cExport-noconfig.cmake\n'}
[1.561544] (px4_msgs) StdoutLine: {'line': b'-- Up-to-date: /home/mcfb/ros2_ws/install/px4_msgs/share/px4_msgs/cmake/px4_msgs__rosidl_typesupport_introspection_cppExport.cmake\n'}
[1.561775] (px4_msgs) StdoutLine: {'line': b'-- Up-to-date: /home/mcfb/ros2_ws/install/px4_msgs/share/px4_msgs/cmake/px4_msgs__rosidl_typesupport_introspection_cppExport-noconfig.cmake\n'}
[1.562091] (px4_msgs) StdoutLine: {'line': b'-- Up-to-date: /home/mcfb/ros2_ws/install/px4_msgs/share/px4_msgs/cmake/px4_msgs__rosidl_typesupport_cppExport.cmake\n'}
[1.562458] (px4_msgs) StdoutLine: {'line': b'-- Up-to-date: /home/mcfb/ros2_ws/install/px4_msgs/share/px4_msgs/cmake/px4_msgs__rosidl_typesupport_cppExport-noconfig.cmake\n'}
[1.562714] (px4_msgs) StdoutLine: {'line': b'-- Up-to-date: /home/mcfb/ros2_ws/install/px4_msgs/share/px4_msgs/cmake/export_px4_msgs__rosidl_generator_pyExport.cmake\n'}
[1.562962] (px4_msgs) StdoutLine: {'line': b'-- Up-to-date: /home/mcfb/ros2_ws/install/px4_msgs/share/px4_msgs/cmake/export_px4_msgs__rosidl_generator_pyExport-noconfig.cmake\n'}
[1.563230] (px4_msgs) StdoutLine: {'line': b'-- Up-to-date: /home/mcfb/ros2_ws/install/px4_msgs/share/px4_msgs/cmake/rosidl_cmake-extras.cmake\n'}
[1.563589] (px4_msgs) StdoutLine: {'line': b'-- Up-to-date: /home/mcfb/ros2_ws/install/px4_msgs/share/px4_msgs/cmake/ament_cmake_export_dependencies-extras.cmake\n'}
[1.563807] (px4_msgs) StdoutLine: {'line': b'-- Up-to-date: /home/mcfb/ros2_ws/install/px4_msgs/share/px4_msgs/cmake/ament_cmake_export_include_directories-extras.cmake\n'}
[1.564029] (px4_msgs) StdoutLine: {'line': b'-- Up-to-date: /home/mcfb/ros2_ws/install/px4_msgs/share/px4_msgs/cmake/ament_cmake_export_libraries-extras.cmake\n'}
[1.564317] (px4_msgs) StdoutLine: {'line': b'-- Up-to-date: /home/mcfb/ros2_ws/install/px4_msgs/share/px4_msgs/cmake/ament_cmake_export_targets-extras.cmake\n'}
[1.564691] (px4_msgs) StdoutLine: {'line': b'-- Up-to-date: /home/mcfb/ros2_ws/install/px4_msgs/share/px4_msgs/cmake/rosidl_cmake_export_typesupport_targets-extras.cmake\n'}
[1.564989] (px4_msgs) StdoutLine: {'line': b'-- Up-to-date: /home/mcfb/ros2_ws/install/px4_msgs/share/px4_msgs/cmake/rosidl_cmake_export_typesupport_libraries-extras.cmake\n'}
[1.565223] (px4_msgs) StdoutLine: {'line': b'-- Up-to-date: /home/mcfb/ros2_ws/install/px4_msgs/share/px4_msgs/cmake/px4_msgsConfig.cmake\n'}
[1.565362] (px4_msgs) StdoutLine: {'line': b'-- Up-to-date: /home/mcfb/ros2_ws/install/px4_msgs/share/px4_msgs/cmake/px4_msgsConfig-version.cmake\n'}
[1.565477] (px4_msgs) StdoutLine: {'line': b'-- Up-to-date: /home/mcfb/ros2_ws/install/px4_msgs/share/px4_msgs/package.xml\n'}
[1.569996] (px4_msgs) CommandEnded: {'returncode': 0}
[1.587017] (px4_msgs) JobEnded: {'identifier': 'px4_msgs', 'rc': 0}
[1.588102] (px4_offboard) JobStarted: {'identifier': 'px4_offboard'}
[1.592277] (px4_ros_com) JobStarted: {'identifier': 'px4_ros_com'}
[1.603418] (-) TimerEvent: {}
[1.703683] (-) TimerEvent: {}
[1.798344] (px4_ros_com) JobProgress: {'identifier': 'px4_ros_com', 'progress': 'cmake'}
[1.799608] (px4_ros_com) JobProgress: {'identifier': 'px4_ros_com', 'progress': 'build'}
[1.799685] (px4_ros_com) Command: {'cmd': ['/usr/bin/cmake', '--build', '/home/mcfb/ros2_ws/build/px4_ros_com', '--', '-j12', '-l12'], 'cwd': '/home/mcfb/ros2_ws/build/px4_ros_com', 'env': OrderedDict({'LESSOPEN': '| /usr/bin/lesspipe %s', 'USER': 'mcfb', 'GZ_CONFIG_PATH': '/opt/ros/jazzy/opt/gz_sim_vendor/share/gz:/opt/ros/jazzy/opt/sdformat_vendor/share/gz:/opt/ros/jazzy/opt/gz_gui_vendor/share/gz:/opt/ros/jazzy/opt/gz_transport_vendor/share/gz:/opt/ros/jazzy/opt/gz_rendering_vendor/share/gz:/opt/ros/jazzy/opt/gz_plugin_vendor/share/gz:/opt/ros/jazzy/opt/gz_fuel_tools_vendor/share/gz:/opt/ros/jazzy/opt/gz_msgs_vendor/share/gz:/opt/ros/jazzy/opt/gz_common_vendor/share/gz', 'XDG_SESSION_TYPE': 'x11', 'CLUTTER_DISABLE_MIPMAPPED_TEXT': '1', 'SHLVL': '1', 'LD_LIBRARY_PATH': '/home/mcfb/ros2_ws/install/px4_msgs/lib:/home/mcfb/ros2_ws/install/px4_ros_com/lib:/opt/ros/jazzy/opt/gz_sim_vendor/lib:/opt/ros/jazzy/opt/gz_sensors_vendor/lib:/opt/ros/jazzy/opt/gz_physics_vendor/lib:/opt/ros/jazzy/opt/sdformat_vendor/lib:/opt/ros/jazzy/opt/rviz_ogre_vendor/lib:/opt/ros/jazzy/lib/x86_64-linux-gnu:/opt/ros/jazzy/opt/gz_gui_vendor/lib:/opt/ros/jazzy/opt/gz_transport_vendor/lib:/opt/ros/jazzy/opt/gz_rendering_vendor/lib:/opt/ros/jazzy/opt/gz_plugin_vendor/lib:/opt/ros/jazzy/opt/gz_fuel_tools_vendor/lib:/opt/ros/jazzy/opt/gz_msgs_vendor/lib:/opt/ros/jazzy/opt/gz_common_vendor/lib:/opt/ros/jazzy/opt/gz_math_vendor/lib:/opt/ros/jazzy/opt/gz_utils_vendor/lib:/opt/ros/jazzy/opt/gz_tools_vendor/lib:/opt/ros/jazzy/opt/gz_ogre_next_vendor/lib:/opt/ros/jazzy/opt/gz_dartsim_vendor/lib:/opt/ros/jazzy/opt/gz_cmake_vendor/lib:/opt/ros/jazzy/lib', 'HOME': '/home/mcfb', 'OLDPWD': '/home/mcfb/ros2_ws/install', 'DESKTOP_SESSION': 'ubuntu', 'ROS_PYTHON_VERSION': '3', 'GNOME_SHELL_SESSION_MODE': 'ubuntu', 'GTK_MODULES': 'gail:atk-bridge', 'SYSTEMD_EXEC_PID': '2870', 'GSM_SKIP_SSH_AGENT_WORKAROUND': 'true', 'DBUS_SESSION_BUS_ADDRESS': 'unix:path=/run/user/1000/bus', 'COLORTERM': 'truecolor', 'DEBUGINFOD_URLS': 'https://debuginfod.ubuntu.com', 'COLCON_PREFIX_PATH': '/home/mcfb/ros2_ws/install', 'ROS_DISTRO': 'jazzy', 'LOGNAME': 'mcfb', '_': '/usr/bin/colcon', 'ROS_VERSION': '2', 'MEMORY_PRESSURE_WATCH': '/sys/fs/cgroup/user.slice/user-1000.slice/user@1000.service/session.slice/org.gnome.Shell@x11.service/memory.pressure', 'XDG_SESSION_CLASS': 'user', 'USERNAME': 'mcfb', 'TERM': 'xterm-256color', 'GNOME_DESKTOP_SESSION_ID': 'this-is-deprecated', 'WINDOWPATH': '2', 'PATH': '/opt/ros/jazzy/opt/gz_msgs_vendor/bin:/opt/ros/jazzy/opt/gz_tools_vendor/bin:/opt/ros/jazzy/opt/gz_ogre_next_vendor/bin:/opt/ros/jazzy/bin:/home/mcfb/.local/bin:/usr/local/sbin:/usr/local/bin:/usr/sbin:/usr/bin:/sbin:/bin:/usr/games:/usr/local/games:/snap/bin:/snap/bin:/opt/xtensa-esp-elf/bin/', 'SESSION_MANAGER': 'local/mcfb:@/tmp/.ICE-unix/2791,unix/mcfb:/tmp/.ICE-unix/2791', 'XDG_MENU_PREFIX': 'gnome-', 'GNOME_TERMINAL_SCREEN': '/org/gnome/Terminal/screen/cde57785_6625_4299_87b9_aa10803801d7', 'XDG_RUNTIME_DIR': '/run/user/1000', 'DISPLAY': ':1', 'LANG': 'en_US.UTF-8', 'XDG_CURRENT_DESKTOP': 'ubuntu:GNOME', 'XMODIFIERS': '@im=ibus', 'XDG_SESSION_DESKTOP': 'ubuntu', 'XAUTHORITY': '/run/user/1000/gdm/Xauthority', 'LS_COLORS': 'rs=0:di=01;34:ln=01;36:mh=00:pi=40;33:so=01;35:do=01;35:bd=40;33;01:cd=40;33;01:or=40;31;01:mi=00:su=37;41:sg=30;43:ca=00:tw=30;42:ow=34;42:st=37;44:ex=01;32:*.tar=01;31:*.tgz=01;31:*.arc=01;31:*.arj=01;31:*.taz=01;31:*.lha=01;31:*.lz4=01;31:*.lzh=01;31:*.lzma=01;31:*.tlz=01;31:*.txz=01;31:*.tzo=01;31:*.t7z=01;31:*.zip=01;31:*.z=01;31:*.dz=01;31:*.gz=01;31:*.lrz=01;31:*.lz=01;31:*.lzo=01;31:*.xz=01;31:*.zst=01;31:*.tzst=01;31:*.bz2=01;31:*.bz=01;31:*.tbz=01;31:*.tbz2=01;31:*.tz=01;31:*.deb=01;31:*.rpm=01;31:*.jar=01;31:*.war=01;31:*.ear=01;31:*.sar=01;31:*.rar=01;31:*.alz=01;31:*.ace=01;31:*.zoo=01;31:*.cpio=01;31:*.7z=01;31:*.rz=01;31:*.cab=01;31:*.wim=01;31:*.swm=01;31:*.dwm=01;31:*.esd=01;31:*.avif=01;35:*.jpg=01;35:*.jpeg=01;35:*.mjpg=01;35:*.mjpeg=01;35:*.gif=01;35:*.bmp=01;35:*.pbm=01;35:*.pgm=01;35:*.ppm=01;35:*.tga=01;35:*.xbm=01;35:*.xpm=01;35:*.tif=01;35:*.tiff=01;35:*.png=01;35:*.svg=01;35:*.svgz=01;35:*.mng=01;35:*.pcx=01;35:*.mov=01;35:*.mpg=01;35:*.mpeg=01;35:*.m2v=01;35:*.mkv=01;35:*.webm=01;35:*.webp=01;35:*.ogm=01;35:*.mp4=01;35:*.m4v=01;35:*.mp4v=01;35:*.vob=01;35:*.qt=01;35:*.nuv=01;35:*.wmv=01;35:*.asf=01;35:*.rm=01;35:*.rmvb=01;35:*.flc=01;35:*.avi=01;35:*.fli=01;35:*.flv=01;35:*.gl=01;35:*.dl=01;35:*.xcf=01;35:*.xwd=01;35:*.yuv=01;35:*.cgm=01;35:*.emf=01;35:*.ogv=01;35:*.ogx=01;35:*.aac=00;36:*.au=00;36:*.flac=00;36:*.m4a=00;36:*.mid=00;36:*.midi=00;36:*.mka=00;36:*.mp3=00;36:*.mpc=00;36:*.ogg=00;36:*.ra=00;36:*.wav=00;36:*.oga=00;36:*.opus=00;36:*.spx=00;36:*.xspf=00;36:*~=00;90:*#=00;90:*.bak=00;90:*.crdownload=00;90:*.dpkg-dist=00;90:*.dpkg-new=00;90:*.dpkg-old=00;90:*.dpkg-tmp=00;90:*.old=00;90:*.orig=00;90:*.part=00;90:*.rej=00;90:*.rpmnew=00;90:*.rpmorig=00;90:*.rpmsave=00;90:*.swp=00;90:*.tmp=00;90:*.ucf-dist=00;90:*.ucf-new=00;90:*.ucf-old=00;90:', 'GNOME_TERMINAL_SERVICE': ':1.116', 'SSH_AUTH_SOCK': '/run/user/1000/keyring/ssh', 'AMENT_PREFIX_PATH': '/home/mcfb/ros2_ws/install/px4_ros_com:/home/mcfb/ros2_ws/install/px4_offboard:/home/mcfb/ros2_ws/install/px4_msgs:/home/mcfb/ros2_ws/install/ai_navigator:/opt/ros/jazzy', 'SHELL': '/bin/bash', 'QT_ACCESSIBILITY': '1', 'GDMSESSION': 'ubuntu', 'LESSCLOSE': '/usr/bin/lesspipe %s %s', 'IGN_GAZEBO_RESOURCE_PATH': '/opt/ros/jazzy/share', 'GPG_AGENT_INFO': '/run/user/1000/gnupg/S.gpg-agent:0:1', 'ROS_AUTOMATIC_DISCOVERY_RANGE': 'SUBNET', 'QT_IM_MODULE': 'ibus', 'PWD': '/home/mcfb/ros2_ws/build/px4_ros_com', 'LC_ALL': 'en_US.UTF-8', 'XDG_CONFIG_DIRS': '/etc/xdg/xdg-ubuntu:/etc/xdg', 'XDG_DATA_DIRS': '/usr/share/ubuntu:/usr/share/gnome:/usr/local/share/:/usr/share/:/var/lib/snapd/desktop', 'PYTHONPATH': '/home/mcfb/ros2_ws/install/px4_msgs/lib/python3.12/site-packages:/home/mcfb/ros2_ws/install/px4_ros_com/lib/python3.12/site-packages:/home/mcfb/ros2_ws/install/px4_offboard/lib/python3.12/site-packages:/home/mcfb/ros2_ws/install/ai_navigator/lib/python3.12/site-packages:/home/mcfb/drone_venv/lib/python3.12/site-packages:/opt/ros/jazzy/lib/python3.12/site-packages', 'COLCON': '1', 'MEMORY_PRESSURE_WRITE': 'c29tZSAyMDAwMDAgMjAwMDAwMAA=', 'VTE_VERSION': '7600', 'CMAKE_PREFIX_PATH': '/home/mcfb/ros2_ws/install/px4_msgs:/home/mcfb/ros2_ws/install/px4_ros_com:/opt/ros/jazzy/opt/gz_sim_vendor:/opt/ros/jazzy/opt/gz_sensors_vendor:/opt/ros/jazzy/opt/gz_physics_vendor:/opt/ros/jazzy/opt/sdformat_vendor:/opt/ros/jazzy/opt/gz_gui_vendor:/opt/ros/jazzy/opt/gz_transport_vendor:/opt/ros/jazzy/opt/gz_rendering_vendor:/opt/ros/jazzy/opt/gz_plugin_vendor:/opt/ros/jazzy/opt/gz_fuel_tools_vendor:/opt/ros/jazzy/opt/gz_msgs_vendor:/opt/ros/jazzy/opt/gz_common_vendor:/opt/ros/jazzy/opt/gz_math_vendor:/opt/ros/jazzy/opt/gz_utils_vendor:/opt/ros/jazzy/opt/gz_tools_vendor:/opt/ros/jazzy/opt/gz_ogre_next_vendor:/opt/ros/jazzy/opt/gz_dartsim_vendor:/opt/ros/jazzy/opt/gz_cmake_vendor:/home/mcfb/ros2_ws/install/px4_offboard:/home/mcfb/ros2_ws/install/ai_navigator:/opt/ros/jazzy'}), 'shell': False}
[1.803764] (-) TimerEvent: {}
[1.852001] (px4_ros_com) StdoutLine: {'line': b'[ 16%] Built target frame_transforms\n'}
[1.853725] (px4_ros_com) StdoutLine: {'line': b'[ 41%] Built target sensor_combined_listener\n'}
[1.853942] (px4_ros_com) StdoutLine: {'line': b'[ 50%] Built target vehicle_gps_position_listener\n'}
[1.854017] (px4_ros_com) StdoutLine: {'line': b'[ 66%] Built target debug_vect_advertiser\n'}
[1.855739] (px4_ros_com) StdoutLine: {'line': b'[ 83%] Built target offboard_control\n'}
[1.856921] (px4_ros_com) StdoutLine: {'line': b'[100%] Built target offboard_control_srv\n'}
[1.858845] (px4_ros_com) StdoutLine: {'line': b'[100%] Built target ament_cmake_python_copy_px4_ros_com\n'}
[1.903868] (-) TimerEvent: {}
[2.004127] (-) TimerEvent: {}
[2.067438] (px4_ros_com) StdoutLine: {'line': b'running egg_info\n'}
[2.087579] (px4_ros_com) StdoutLine: {'line': b'writing px4_ros_com.egg-info/PKG-INFO\n'}
[2.088286] (px4_ros_com) StdoutLine: {'line': b'writing dependency_links to px4_ros_com.egg-info/dependency_links.txt\n'}
[2.088534] (px4_ros_com) StdoutLine: {'line': b'writing top-level names to px4_ros_com.egg-info/top_level.txt\n'}
[2.104223] (-) TimerEvent: {}
[2.141754] (px4_ros_com) StdoutLine: {'line': b"reading manifest file 'px4_ros_com.egg-info/SOURCES.txt'\n"}
[2.142408] (px4_ros_com) StdoutLine: {'line': b"writing manifest file 'px4_ros_com.egg-info/SOURCES.txt'\n"}
[2.174981] (px4_ros_com) StdoutLine: {'line': b'[100%] Built target ament_cmake_python_build_px4_ros_com_egg\n'}
[2.184650] (px4_ros_com) CommandEnded: {'returncode': 0}
[2.185445] (px4_ros_com) JobProgress: {'identifier': 'px4_ros_com', 'progress': 'install'}
[2.186000] (px4_ros_com) Command: {'cmd': ['/usr/bin/cmake', '--install', '/home/mcfb/ros2_ws/build/px4_ros_com'], 'cwd': '/home/mcfb/ros2_ws/build/px4_ros_com', 'env': OrderedDict({'LESSOPEN': '| /usr/bin/lesspipe %s', 'USER': 'mcfb', 'GZ_CONFIG_PATH': '/opt/ros/jazzy/opt/gz_sim_vendor/share/gz:/opt/ros/jazzy/opt/sdformat_vendor/share/gz:/opt/ros/jazzy/opt/gz_gui_vendor/share/gz:/opt/ros/jazzy/opt/gz_transport_vendor/share/gz:/opt/ros/jazzy/opt/gz_rendering_vendor/share/gz:/opt/ros/jazzy/opt/gz_plugin_vendor/share/gz:/opt/ros/jazzy/opt/gz_fuel_tools_vendor/share/gz:/opt/ros/jazzy/opt/gz_msgs_vendor/share/gz:/opt/ros/jazzy/opt/gz_common_vendor/share/gz', 'XDG_SESSION_TYPE': 'x11', 'CLUTTER_DISABLE_MIPMAPPED_TEXT': '1', 'SHLVL': '1', 'LD_LIBRARY_PATH': '/home/mcfb/ros2_ws/install/px4_msgs/lib:/home/mcfb/ros2_ws/install/px4_ros_com/lib:/opt/ros/jazzy/opt/gz_sim_vendor/lib:/opt/ros/jazzy/opt/gz_sensors_vendor/lib:/opt/ros/jazzy/opt/gz_physics_vendor/lib:/opt/ros/jazzy/opt/sdformat_vendor/lib:/opt/ros/jazzy/opt/rviz_ogre_vendor/lib:/opt/ros/jazzy/lib/x86_64-linux-gnu:/opt/ros/jazzy/opt/gz_gui_vendor/lib:/opt/ros/jazzy/opt/gz_transport_vendor/lib:/opt/ros/jazzy/opt/gz_rendering_vendor/lib:/opt/ros/jazzy/opt/gz_plugin_vendor/lib:/opt/ros/jazzy/opt/gz_fuel_tools_vendor/lib:/opt/ros/jazzy/opt/gz_msgs_vendor/lib:/opt/ros/jazzy/opt/gz_common_vendor/lib:/opt/ros/jazzy/opt/gz_math_vendor/lib:/opt/ros/jazzy/opt/gz_utils_vendor/lib:/opt/ros/jazzy/opt/gz_tools_vendor/lib:/opt/ros/jazzy/opt/gz_ogre_next_vendor/lib:/opt/ros/jazzy/opt/gz_dartsim_vendor/lib:/opt/ros/jazzy/opt/gz_cmake_vendor/lib:/opt/ros/jazzy/lib', 'HOME': '/home/mcfb', 'OLDPWD': '/home/mcfb/ros2_ws/install', 'DESKTOP_SESSION': 'ubuntu', 'ROS_PYTHON_VERSION': '3', 'GNOME_SHELL_SESSION_MODE': 'ubuntu', 'GTK_MODULES': 'gail:atk-bridge', 'SYSTEMD_EXEC_PID': '2870', 'GSM_SKIP_SSH_AGENT_WORKAROUND': 'true', 'DBUS_SESSION_BUS_ADDRESS': 'unix:path=/run/user/1000/bus', 'COLORTERM': 'truecolor', 'DEBUGINFOD_URLS': 'https://debuginfod.ubuntu.com', 'COLCON_PREFIX_PATH': '/home/mcfb/ros2_ws/install', 'ROS_DISTRO': 'jazzy', 'LOGNAME': 'mcfb', '_': '/usr/bin/colcon', 'ROS_VERSION': '2', 'MEMORY_PRESSURE_WATCH': '/sys/fs/cgroup/user.slice/user-1000.slice/user@1000.service/session.slice/org.gnome.Shell@x11.service/memory.pressure', 'XDG_SESSION_CLASS': 'user', 'USERNAME': 'mcfb', 'TERM': 'xterm-256color', 'GNOME_DESKTOP_SESSION_ID': 'this-is-deprecated', 'WINDOWPATH': '2', 'PATH': '/opt/ros/jazzy/opt/gz_msgs_vendor/bin:/opt/ros/jazzy/opt/gz_tools_vendor/bin:/opt/ros/jazzy/opt/gz_ogre_next_vendor/bin:/opt/ros/jazzy/bin:/home/mcfb/.local/bin:/usr/local/sbin:/usr/local/bin:/usr/sbin:/usr/bin:/sbin:/bin:/usr/games:/usr/local/games:/snap/bin:/snap/bin:/opt/xtensa-esp-elf/bin/', 'SESSION_MANAGER': 'local/mcfb:@/tmp/.ICE-unix/2791,unix/mcfb:/tmp/.ICE-unix/2791', 'XDG_MENU_PREFIX': 'gnome-', 'GNOME_TERMINAL_SCREEN': '/org/gnome/Terminal/screen/cde57785_6625_4299_87b9_aa10803801d7', 'XDG_RUNTIME_DIR': '/run/user/1000', 'DISPLAY': ':1', 'LANG': 'en_US.UTF-8', 'XDG_CURRENT_DESKTOP': 'ubuntu:GNOME', 'XMODIFIERS': '@im=ibus', 'XDG_SESSION_DESKTOP': 'ubuntu', 'XAUTHORITY': '/run/user/1000/gdm/Xauthority', 'LS_COLORS': 'rs=0:di=01;34:ln=01;36:mh=00:pi=40;33:so=01;35:do=01;35:bd=40;33;01:cd=40;33;01:or=40;31;01:mi=00:su=37;41:sg=30;43:ca=00:tw=30;42:ow=34;42:st=37;44:ex=01;32:*.tar=01;31:*.tgz=01;31:*.arc=01;31:*.arj=01;31:*.taz=01;31:*.lha=01;31:*.lz4=01;31:*.lzh=01;31:*.lzma=01;31:*.tlz=01;31:*.txz=01;31:*.tzo=01;31:*.t7z=01;31:*.zip=01;31:*.z=01;31:*.dz=01;31:*.gz=01;31:*.lrz=01;31:*.lz=01;31:*.lzo=01;31:*.xz=01;31:*.zst=01;31:*.tzst=01;31:*.bz2=01;31:*.bz=01;31:*.tbz=01;31:*.tbz2=01;31:*.tz=01;31:*.deb=01;31:*.rpm=01;31:*.jar=01;31:*.war=01;31:*.ear=01;31:*.sar=01;31:*.rar=01;31:*.alz=01;31:*.ace=01;31:*.zoo=01;31:*.cpio=01;31:*.7z=01;31:*.rz=01;31:*.cab=01;31:*.wim=01;31:*.swm=01;31:*.dwm=01;31:*.esd=01;31:*.avif=01;35:*.jpg=01;35:*.jpeg=01;35:*.mjpg=01;35:*.mjpeg=01;35:*.gif=01;35:*.bmp=01;35:*.pbm=01;35:*.pgm=01;35:*.ppm=01;35:*.tga=01;35:*.xbm=01;35:*.xpm=01;35:*.tif=01;35:*.tiff=01;35:*.png=01;35:*.svg=01;35:*.svgz=01;35:*.mng=01;35:*.pcx=01;35:*.mov=01;35:*.mpg=01;35:*.mpeg=01;35:*.m2v=01;35:*.mkv=01;35:*.webm=01;35:*.webp=01;35:*.ogm=01;35:*.mp4=01;35:*.m4v=01;35:*.mp4v=01;35:*.vob=01;35:*.qt=01;35:*.nuv=01;35:*.wmv=01;35:*.asf=01;35:*.rm=01;35:*.rmvb=01;35:*.flc=01;35:*.avi=01;35:*.fli=01;35:*.flv=01;35:*.gl=01;35:*.dl=01;35:*.xcf=01;35:*.xwd=01;35:*.yuv=01;35:*.cgm=01;35:*.emf=01;35:*.ogv=01;35:*.ogx=01;35:*.aac=00;36:*.au=00;36:*.flac=00;36:*.m4a=00;36:*.mid=00;36:*.midi=00;36:*.mka=00;36:*.mp3=00;36:*.mpc=00;36:*.ogg=00;36:*.ra=00;36:*.wav=00;36:*.oga=00;36:*.opus=00;36:*.spx=00;36:*.xspf=00;36:*~=00;90:*#=00;90:*.bak=00;90:*.crdownload=00;90:*.dpkg-dist=00;90:*.dpkg-new=00;90:*.dpkg-old=00;90:*.dpkg-tmp=00;90:*.old=00;90:*.orig=00;90:*.part=00;90:*.rej=00;90:*.rpmnew=00;90:*.rpmorig=00;90:*.rpmsave=00;90:*.swp=00;90:*.tmp=00;90:*.ucf-dist=00;90:*.ucf-new=00;90:*.ucf-old=00;90:', 'GNOME_TERMINAL_SERVICE': ':1.116', 'SSH_AUTH_SOCK': '/run/user/1000/keyring/ssh', 'AMENT_PREFIX_PATH': '/home/mcfb/ros2_ws/install/px4_ros_com:/home/mcfb/ros2_ws/install/px4_offboard:/home/mcfb/ros2_ws/install/px4_msgs:/home/mcfb/ros2_ws/install/ai_navigator:/opt/ros/jazzy', 'SHELL': '/bin/bash', 'QT_ACCESSIBILITY': '1', 'GDMSESSION': 'ubuntu', 'LESSCLOSE': '/usr/bin/lesspipe %s %s', 'IGN_GAZEBO_RESOURCE_PATH': '/opt/ros/jazzy/share', 'GPG_AGENT_INFO': '/run/user/1000/gnupg/S.gpg-agent:0:1', 'ROS_AUTOMATIC_DISCOVERY_RANGE': 'SUBNET', 'QT_IM_MODULE': 'ibus', 'PWD': '/home/mcfb/ros2_ws/build/px4_ros_com', 'LC_ALL': 'en_US.UTF-8', 'XDG_CONFIG_DIRS': '/etc/xdg/xdg-ubuntu:/etc/xdg', 'XDG_DATA_DIRS': '/usr/share/ubuntu:/usr/share/gnome:/usr/local/share/:/usr/share/:/var/lib/snapd/desktop', 'PYTHONPATH': '/home/mcfb/ros2_ws/install/px4_msgs/lib/python3.12/site-packages:/home/mcfb/ros2_ws/install/px4_ros_com/lib/python3.12/site-packages:/home/mcfb/ros2_ws/install/px4_offboard/lib/python3.12/site-packages:/home/mcfb/ros2_ws/install/ai_navigator/lib/python3.12/site-packages:/home/mcfb/drone_venv/lib/python3.12/site-packages:/opt/ros/jazzy/lib/python3.12/site-packages', 'COLCON': '1', 'MEMORY_PRESSURE_WRITE': 'c29tZSAyMDAwMDAgMjAwMDAwMAA=', 'VTE_VERSION': '7600', 'CMAKE_PREFIX_PATH': '/home/mcfb/ros2_ws/install/px4_msgs:/home/mcfb/ros2_ws/install/px4_ros_com:/opt/ros/jazzy/opt/gz_sim_vendor:/opt/ros/jazzy/opt/gz_sensors_vendor:/opt/ros/jazzy/opt/gz_physics_vendor:/opt/ros/jazzy/opt/sdformat_vendor:/opt/ros/jazzy/opt/gz_gui_vendor:/opt/ros/jazzy/opt/gz_transport_vendor:/opt/ros/jazzy/opt/gz_rendering_vendor:/opt/ros/jazzy/opt/gz_plugin_vendor:/opt/ros/jazzy/opt/gz_fuel_tools_vendor:/opt/ros/jazzy/opt/gz_msgs_vendor:/opt/ros/jazzy/opt/gz_common_vendor:/opt/ros/jazzy/opt/gz_math_vendor:/opt/ros/jazzy/opt/gz_utils_vendor:/opt/ros/jazzy/opt/gz_tools_vendor:/opt/ros/jazzy/opt/gz_ogre_next_vendor:/opt/ros/jazzy/opt/gz_dartsim_vendor:/opt/ros/jazzy/opt/gz_cmake_vendor:/home/mcfb/ros2_ws/install/px4_offboard:/home/mcfb/ros2_ws/install/ai_navigator:/opt/ros/jazzy'}), 'shell': False}
[2.193491] (px4_ros_com) StdoutLine: {'line': b'-- Install configuration: ""\n'}
[2.193750] (px4_ros_com) StdoutLine: {'line': b'-- Up-to-date: /home/mcfb/ros2_ws/install/px4_ros_com/lib/px4_ros_com/sensor_combined_listener\n'}
[2.194022] (px4_ros_com) StdoutLine: {'line': b'-- Up-to-date: /home/mcfb/ros2_ws/install/px4_ros_com/lib/px4_ros_com/vehicle_gps_position_listener\n'}
[2.194172] (px4_ros_com) StdoutLine: {'line': b'-- Up-to-date: /home/mcfb/ros2_ws/install/px4_ros_com/lib/px4_ros_com/debug_vect_advertiser\n'}
[2.194292] (px4_ros_com) StdoutLine: {'line': b'-- Up-to-date: /home/mcfb/ros2_ws/install/px4_ros_com/lib/px4_ros_com/offboard_control\n'}
[2.194417] (px4_ros_com) StdoutLine: {'line': b'-- Up-to-date: /home/mcfb/ros2_ws/install/px4_ros_com/lib/px4_ros_com/offboard_control_srv\n'}
[2.194543] (px4_ros_com) StdoutLine: {'line': b'-- Up-to-date: /home/mcfb/ros2_ws/install/px4_ros_com/share/px4_ros_com/environment/library_path.sh\n'}
[2.194646] (px4_ros_com) StdoutLine: {'line': b'-- Up-to-date: /home/mcfb/ros2_ws/install/px4_ros_com/share/px4_ros_com/environment/library_path.dsv\n'}
[2.194732] (px4_ros_com) StdoutLine: {'line': b'-- Up-to-date: /home/mcfb/ros2_ws/install/px4_ros_com/include/px4_ros_com\n'}
[2.194803] (px4_ros_com) StdoutLine: {'line': b'-- Up-to-date: /home/mcfb/ros2_ws/install/px4_ros_com/include/px4_ros_com/frame_transforms.h\n'}
[2.194903] (px4_ros_com) StdoutLine: {'line': b'-- Up-to-date: /home/mcfb/ros2_ws/install/px4_ros_com/lib/libframe_transforms.so\n'}
[2.194976] (px4_ros_com) StdoutLine: {'line': b'-- Up-to-date: /home/mcfb/ros2_ws/install/px4_ros_com/share/px4_ros_com//launch\n'}
[2.195089] (px4_ros_com) StdoutLine: {'line': b'-- Up-to-date: /home/mcfb/ros2_ws/install/px4_ros_com/share/px4_ros_com//launch/offboard_control_launch.yaml\n'}
[2.195163] (px4_ros_com) StdoutLine: {'line': b'-- Up-to-date: /home/mcfb/ros2_ws/install/px4_ros_com/share/px4_ros_com//launch/sensor_combined_listener.launch.py\n'}
[2.195222] (px4_ros_com) StdoutLine: {'line': b'-- Up-to-date: /home/mcfb/ros2_ws/install/px4_ros_com/share/px4_ros_com//test\n'}
[2.195283] (px4_ros_com) StdoutLine: {'line': b'-- Up-to-date: /home/mcfb/ros2_ws/install/px4_ros_com/share/px4_ros_com//test/pipeline_io_test.py\n'}
[2.195379] (px4_ros_com) StdoutLine: {'line': b'-- Up-to-date: /home/mcfb/ros2_ws/install/px4_ros_com/share/px4_ros_com//test/test_input.py\n'}
[2.195447] (px4_ros_com) StdoutLine: {'line': b'-- Up-to-date: /home/mcfb/ros2_ws/install/px4_ros_com/share/px4_ros_com//test/test_output.py\n'}
[2.195514] (px4_ros_com) StdoutLine: {'line': b'-- Up-to-date: /home/mcfb/ros2_ws/install/px4_ros_com/share/px4_ros_com//test/__init__.py\n'}
[2.195580] (px4_ros_com) StdoutLine: {'line': b'-- Up-to-date: /home/mcfb/ros2_ws/install/px4_ros_com/share/px4_ros_com/environment/pythonpath.sh\n'}
[2.195647] (px4_ros_com) StdoutLine: {'line': b'-- Up-to-date: /home/mcfb/ros2_ws/install/px4_ros_com/share/px4_ros_com/environment/pythonpath.dsv\n'}
[2.195713] (px4_ros_com) StdoutLine: {'line': b'-- Up-to-date: /home/mcfb/ros2_ws/install/px4_ros_com/lib/python3.12/site-packages/px4_ros_com-0.1.0-py3.12.egg-info\n'}
[2.195774] (px4_ros_com) StdoutLine: {'line': b'-- Installing: /home/mcfb/ros2_ws/install/px4_ros_com/lib/python3.12/site-packages/px4_ros_com-0.1.0-py3.12.egg-info/dependency_links.txt\n'}
[2.195870] (px4_ros_com) StdoutLine: {'line': b'-- Installing: /home/mcfb/ros2_ws/install/px4_ros_com/lib/python3.12/site-packages/px4_ros_com-0.1.0-py3.12.egg-info/SOURCES.txt\n'}
[2.195927] (px4_ros_com) StdoutLine: {'line': b'-- Installing: /home/mcfb/ros2_ws/install/px4_ros_com/lib/python3.12/site-packages/px4_ros_com-0.1.0-py3.12.egg-info/top_level.txt\n'}
[2.195983] (px4_ros_com) StdoutLine: {'line': b'-- Installing: /home/mcfb/ros2_ws/install/px4_ros_com/lib/python3.12/site-packages/px4_ros_com-0.1.0-py3.12.egg-info/PKG-INFO\n'}
[2.196037] (px4_ros_com) StdoutLine: {'line': b'-- Up-to-date: /home/mcfb/ros2_ws/install/px4_ros_com/lib/python3.12/site-packages/px4_ros_com\n'}
[2.196091] (px4_ros_com) StdoutLine: {'line': b'-- Up-to-date: /home/mcfb/ros2_ws/install/px4_ros_com/lib/python3.12/site-packages/px4_ros_com/__init__.py\n'}
[2.196143] (px4_ros_com) StdoutLine: {'line': b'-- Up-to-date: /home/mcfb/ros2_ws/install/px4_ros_com/lib/python3.12/site-packages/px4_ros_com/module_to_import.py\n'}
[2.204313] (-) TimerEvent: {}
[2.211194] (px4_offboard) Command: {'cmd': ['/usr/bin/python3', '-W', 'ignore:setup.py install is deprecated', '-W', 'ignore:easy_install command is deprecated', 'setup.py', 'egg_info', '--egg-base', '../../build/px4_offboard', 'build', '--build-base', '/home/mcfb/ros2_ws/build/px4_offboard/build', 'install', '--record', '/home/mcfb/ros2_ws/build/px4_offboard/install.log', '--single-version-externally-managed', 'install_data'], 'cwd': '/home/mcfb/ros2_ws/src/px4-offboard', 'env': {'LESSOPEN': '| /usr/bin/lesspipe %s', 'USER': 'mcfb', 'GZ_CONFIG_PATH': '/opt/ros/jazzy/opt/gz_sim_vendor/share/gz:/opt/ros/jazzy/opt/sdformat_vendor/share/gz:/opt/ros/jazzy/opt/gz_gui_vendor/share/gz:/opt/ros/jazzy/opt/gz_transport_vendor/share/gz:/opt/ros/jazzy/opt/gz_rendering_vendor/share/gz:/opt/ros/jazzy/opt/gz_plugin_vendor/share/gz:/opt/ros/jazzy/opt/gz_fuel_tools_vendor/share/gz:/opt/ros/jazzy/opt/gz_msgs_vendor/share/gz:/opt/ros/jazzy/opt/gz_common_vendor/share/gz', 'XDG_SESSION_TYPE': 'x11', 'CLUTTER_DISABLE_MIPMAPPED_TEXT': '1', 'SHLVL': '1', 'LD_LIBRARY_PATH': '/home/mcfb/ros2_ws/install/px4_msgs/lib:/home/mcfb/ros2_ws/install/px4_ros_com/lib:/opt/ros/jazzy/opt/gz_sim_vendor/lib:/opt/ros/jazzy/opt/gz_sensors_vendor/lib:/opt/ros/jazzy/opt/gz_physics_vendor/lib:/opt/ros/jazzy/opt/sdformat_vendor/lib:/opt/ros/jazzy/opt/rviz_ogre_vendor/lib:/opt/ros/jazzy/lib/x86_64-linux-gnu:/opt/ros/jazzy/opt/gz_gui_vendor/lib:/opt/ros/jazzy/opt/gz_transport_vendor/lib:/opt/ros/jazzy/opt/gz_rendering_vendor/lib:/opt/ros/jazzy/opt/gz_plugin_vendor/lib:/opt/ros/jazzy/opt/gz_fuel_tools_vendor/lib:/opt/ros/jazzy/opt/gz_msgs_vendor/lib:/opt/ros/jazzy/opt/gz_common_vendor/lib:/opt/ros/jazzy/opt/gz_math_vendor/lib:/opt/ros/jazzy/opt/gz_utils_vendor/lib:/opt/ros/jazzy/opt/gz_tools_vendor/lib:/opt/ros/jazzy/opt/gz_ogre_next_vendor/lib:/opt/ros/jazzy/opt/gz_dartsim_vendor/lib:/opt/ros/jazzy/opt/gz_cmake_vendor/lib:/opt/ros/jazzy/lib', 'HOME': '/home/mcfb', 'OLDPWD': '/home/mcfb/ros2_ws/install', 'DESKTOP_SESSION': 'ubuntu', 'ROS_PYTHON_VERSION': '3', 'GNOME_SHELL_SESSION_MODE': 'ubuntu', 'GTK_MODULES': 'gail:atk-bridge', 'SYSTEMD_EXEC_PID': '2870', 'GSM_SKIP_SSH_AGENT_WORKAROUND': 'true', 'DBUS_SESSION_BUS_ADDRESS': 'unix:path=/run/user/1000/bus', 'COLORTERM': 'truecolor', 'DEBUGINFOD_URLS': 'https://debuginfod.ubuntu.com', 'COLCON_PREFIX_PATH': '/home/mcfb/ros2_ws/install', 'ROS_DISTRO': 'jazzy', 'LOGNAME': 'mcfb', '_': '/usr/bin/colcon', 'ROS_VERSION': '2', 'MEMORY_PRESSURE_WATCH': '/sys/fs/cgroup/user.slice/user-1000.slice/user@1000.service/session.slice/org.gnome.Shell@x11.service/memory.pressure', 'XDG_SESSION_CLASS': 'user', 'USERNAME': 'mcfb', 'TERM': 'xterm-256color', 'GNOME_DESKTOP_SESSION_ID': 'this-is-deprecated', 'WINDOWPATH': '2', 'PATH': '/opt/ros/jazzy/opt/gz_msgs_vendor/bin:/opt/ros/jazzy/opt/gz_tools_vendor/bin:/opt/ros/jazzy/opt/gz_ogre_next_vendor/bin:/opt/ros/jazzy/bin:/home/mcfb/.local/bin:/usr/local/sbin:/usr/local/bin:/usr/sbin:/usr/bin:/sbin:/bin:/usr/games:/usr/local/games:/snap/bin:/snap/bin:/opt/xtensa-esp-elf/bin/', 'SESSION_MANAGER': 'local/mcfb:@/tmp/.ICE-unix/2791,unix/mcfb:/tmp/.ICE-unix/2791', 'XDG_MENU_PREFIX': 'gnome-', 'GNOME_TERMINAL_SCREEN': '/org/gnome/Terminal/screen/cde57785_6625_4299_87b9_aa10803801d7', 'XDG_RUNTIME_DIR': '/run/user/1000', 'DISPLAY': ':1', 'LANG': 'en_US.UTF-8', 'XDG_CURRENT_DESKTOP': 'ubuntu:GNOME', 'XMODIFIERS': '@im=ibus', 'XDG_SESSION_DESKTOP': 'ubuntu', 'XAUTHORITY': '/run/user/1000/gdm/Xauthority', 'LS_COLORS': 'rs=0:di=01;34:ln=01;36:mh=00:pi=40;33:so=01;35:do=01;35:bd=40;33;01:cd=40;33;01:or=40;31;01:mi=00:su=37;41:sg=30;43:ca=00:tw=30;42:ow=34;42:st=37;44:ex=01;32:*.tar=01;31:*.tgz=01;31:*.arc=01;31:*.arj=01;31:*.taz=01;31:*.lha=01;31:*.lz4=01;31:*.lzh=01;31:*.lzma=01;31:*.tlz=01;31:*.txz=01;31:*.tzo=01;31:*.t7z=01;31:*.zip=01;31:*.z=01;31:*.dz=01;31:*.gz=01;31:*.lrz=01;31:*.lz=01;31:*.lzo=01;31:*.xz=01;31:*.zst=01;31:*.tzst=01;31:*.bz2=01;31:*.bz=01;31:*.tbz=01;31:*.tbz2=01;31:*.tz=01;31:*.deb=01;31:*.rpm=01;31:*.jar=01;31:*.war=01;31:*.ear=01;31:*.sar=01;31:*.rar=01;31:*.alz=01;31:*.ace=01;31:*.zoo=01;31:*.cpio=01;31:*.7z=01;31:*.rz=01;31:*.cab=01;31:*.wim=01;31:*.swm=01;31:*.dwm=01;31:*.esd=01;31:*.avif=01;35:*.jpg=01;35:*.jpeg=01;35:*.mjpg=01;35:*.mjpeg=01;35:*.gif=01;35:*.bmp=01;35:*.pbm=01;35:*.pgm=01;35:*.ppm=01;35:*.tga=01;35:*.xbm=01;35:*.xpm=01;35:*.tif=01;35:*.tiff=01;35:*.png=01;35:*.svg=01;35:*.svgz=01;35:*.mng=01;35:*.pcx=01;35:*.mov=01;35:*.mpg=01;35:*.mpeg=01;35:*.m2v=01;35:*.mkv=01;35:*.webm=01;35:*.webp=01;35:*.ogm=01;35:*.mp4=01;35:*.m4v=01;35:*.mp4v=01;35:*.vob=01;35:*.qt=01;35:*.nuv=01;35:*.wmv=01;35:*.asf=01;35:*.rm=01;35:*.rmvb=01;35:*.flc=01;35:*.avi=01;35:*.fli=01;35:*.flv=01;35:*.gl=01;35:*.dl=01;35:*.xcf=01;35:*.xwd=01;35:*.yuv=01;35:*.cgm=01;35:*.emf=01;35:*.ogv=01;35:*.ogx=01;35:*.aac=00;36:*.au=00;36:*.flac=00;36:*.m4a=00;36:*.mid=00;36:*.midi=00;36:*.mka=00;36:*.mp3=00;36:*.mpc=00;36:*.ogg=00;36:*.ra=00;36:*.wav=00;36:*.oga=00;36:*.opus=00;36:*.spx=00;36:*.xspf=00;36:*~=00;90:*#=00;90:*.bak=00;90:*.crdownload=00;90:*.dpkg-dist=00;90:*.dpkg-new=00;90:*.dpkg-old=00;90:*.dpkg-tmp=00;90:*.old=00;90:*.orig=00;90:*.part=00;90:*.rej=00;90:*.rpmnew=00;90:*.rpmorig=00;90:*.rpmsave=00;90:*.swp=00;90:*.tmp=00;90:*.ucf-dist=00;90:*.ucf-new=00;90:*.ucf-old=00;90:', 'GNOME_TERMINAL_SERVICE': ':1.116', 'SSH_AUTH_SOCK': '/run/user/1000/keyring/ssh', 'AMENT_PREFIX_PATH': '/home/mcfb/ros2_ws/install/px4_ros_com:/home/mcfb/ros2_ws/install/px4_offboard:/home/mcfb/ros2_ws/install/px4_msgs:/home/mcfb/ros2_ws/install/ai_navigator:/opt/ros/jazzy', 'SHELL': '/bin/bash', 'QT_ACCESSIBILITY': '1', 'GDMSESSION': 'ubuntu', 'LESSCLOSE': '/usr/bin/lesspipe %s %s', 'IGN_GAZEBO_RESOURCE_PATH': '/opt/ros/jazzy/share', 'GPG_AGENT_INFO': '/run/user/1000/gnupg/S.gpg-agent:0:1', 'ROS_AUTOMATIC_DISCOVERY_RANGE': 'SUBNET', 'QT_IM_MODULE': 'ibus', 'PWD': '/home/mcfb/ros2_ws/build/px4_offboard', 'LC_ALL': 'en_US.UTF-8', 'XDG_CONFIG_DIRS': '/etc/xdg/xdg-ubuntu:/etc/xdg', 'XDG_DATA_DIRS': '/usr/share/ubuntu:/usr/share/gnome:/usr/local/share/:/usr/share/:/var/lib/snapd/desktop', 'PYTHONPATH': '/home/mcfb/ros2_ws/build/px4_offboard/prefix_override:/usr/lib/python3/dist-packages/colcon_core/task/python/colcon_distutils_commands:/home/mcfb/ros2_ws/install/px4_offboard/lib/python3.12/site-packages:/home/mcfb/ros2_ws/install/px4_msgs/lib/python3.12/site-packages:/home/mcfb/ros2_ws/install/px4_ros_com/lib/python3.12/site-packages:/home/mcfb/ros2_ws/install/px4_offboard/lib/python3.12/site-packages:/home/mcfb/ros2_ws/install/ai_navigator/lib/python3.12/site-packages:/home/mcfb/drone_venv/lib/python3.12/site-packages:/opt/ros/jazzy/lib/python3.12/site-packages', 'COLCON': '1', 'MEMORY_PRESSURE_WRITE': 'c29tZSAyMDAwMDAgMjAwMDAwMAA=', 'VTE_VERSION': '7600', 'CMAKE_PREFIX_PATH': '/home/mcfb/ros2_ws/install/px4_msgs:/home/mcfb/ros2_ws/install/px4_ros_com:/opt/ros/jazzy/opt/gz_sim_vendor:/opt/ros/jazzy/opt/gz_sensors_vendor:/opt/ros/jazzy/opt/gz_physics_vendor:/opt/ros/jazzy/opt/sdformat_vendor:/opt/ros/jazzy/opt/gz_gui_vendor:/opt/ros/jazzy/opt/gz_transport_vendor:/opt/ros/jazzy/opt/gz_rendering_vendor:/opt/ros/jazzy/opt/gz_plugin_vendor:/opt/ros/jazzy/opt/gz_fuel_tools_vendor:/opt/ros/jazzy/opt/gz_msgs_vendor:/opt/ros/jazzy/opt/gz_common_vendor:/opt/ros/jazzy/opt/gz_math_vendor:/opt/ros/jazzy/opt/gz_utils_vendor:/opt/ros/jazzy/opt/gz_tools_vendor:/opt/ros/jazzy/opt/gz_ogre_next_vendor:/opt/ros/jazzy/opt/gz_dartsim_vendor:/opt/ros/jazzy/opt/gz_cmake_vendor'}, 'shell': False}
[2.228599] (px4_ros_com) StdoutLine: {'line': b"Listing '/home/mcfb/ros2_ws/install/px4_ros_com/lib/python3.12/site-packages/px4_ros_com'...\n"}
[2.237791] (px4_ros_com) StdoutLine: {'line': b'-- Up-to-date: /home/mcfb/ros2_ws/install/px4_ros_com/lib/px4_ros_com/offboard_control.py\n'}
[2.238077] (px4_ros_com) StdoutLine: {'line': b'-- Up-to-date: /home/mcfb/ros2_ws/install/px4_ros_com/share/ament_index/resource_index/package_run_dependencies/px4_ros_com\n'}
[2.238184] (px4_ros_com) StdoutLine: {'line': b'-- Up-to-date: /home/mcfb/ros2_ws/install/px4_ros_com/share/ament_index/resource_index/parent_prefix_path/px4_ros_com\n'}
[2.238236] (px4_ros_com) StdoutLine: {'line': b'-- Up-to-date: /home/mcfb/ros2_ws/install/px4_ros_com/share/px4_ros_com/environment/ament_prefix_path.sh\n'}
[2.238283] (px4_ros_com) StdoutLine: {'line': b'-- Up-to-date: /home/mcfb/ros2_ws/install/px4_ros_com/share/px4_ros_com/environment/ament_prefix_path.dsv\n'}
[2.238356] (px4_ros_com) StdoutLine: {'line': b'-- Up-to-date: /home/mcfb/ros2_ws/install/px4_ros_com/share/px4_ros_com/environment/path.sh\n'}
[2.238399] (px4_ros_com) StdoutLine: {'line': b'-- Up-to-date: /home/mcfb/ros2_ws/install/px4_ros_com/share/px4_ros_com/environment/path.dsv\n'}
[2.238441] (px4_ros_com) StdoutLine: {'line': b'-- Up-to-date: /home/mcfb/ros2_ws/install/px4_ros_com/share/px4_ros_com/local_setup.bash\n'}
[2.238480] (px4_ros_com) StdoutLine: {'line': b'-- Up-to-date: /home/mcfb/ros2_ws/install/px4_ros_com/share/px4_ros_com/local_setup.sh\n'}
[2.238521] (px4_ros_com) StdoutLine: {'line': b'-- Up-to-date: /home/mcfb/ros2_ws/install/px4_ros_com/share/px4_ros_com/local_setup.zsh\n'}
[2.238562] (px4_ros_com) StdoutLine: {'line': b'-- Up-to-date: /home/mcfb/ros2_ws/install/px4_ros_com/share/px4_ros_com/local_setup.dsv\n'}
[2.238601] (px4_ros_com) StdoutLine: {'line': b'-- Installing: /home/mcfb/ros2_ws/install/px4_ros_com/share/px4_ros_com/package.dsv\n'}
[2.238691] (px4_ros_com) StdoutLine: {'line': b'-- Up-to-date: /home/mcfb/ros2_ws/install/px4_ros_com/share/ament_index/resource_index/packages/px4_ros_com\n'}
[2.238734] (px4_ros_com) StdoutLine: {'line': b'-- Up-to-date: /home/mcfb/ros2_ws/install/px4_ros_com/share/px4_ros_com/cmake/export_frame_transformsExport.cmake\n'}
[2.238773] (px4_ros_com) StdoutLine: {'line': b'-- Up-to-date: /home/mcfb/ros2_ws/install/px4_ros_com/share/px4_ros_com/cmake/export_frame_transformsExport-noconfig.cmake\n'}
[2.238813] (px4_ros_com) StdoutLine: {'line': b'-- Up-to-date: /home/mcfb/ros2_ws/install/px4_ros_com/share/px4_ros_com/cmake/ament_cmake_export_dependencies-extras.cmake\n'}
[2.238862] (px4_ros_com) StdoutLine: {'line': b'-- Up-to-date: /home/mcfb/ros2_ws/install/px4_ros_com/share/px4_ros_com/cmake/ament_cmake_export_targets-extras.cmake\n'}
[2.238898] (px4_ros_com) StdoutLine: {'line': b'-- Up-to-date: /home/mcfb/ros2_ws/install/px4_ros_com/share/px4_ros_com/cmake/ament_cmake_export_include_directories-extras.cmake\n'}
[2.238934] (px4_ros_com) StdoutLine: {'line': b'-- Up-to-date: /home/mcfb/ros2_ws/install/px4_ros_com/share/px4_ros_com/cmake/ament_cmake_export_libraries-extras.cmake\n'}
[2.238969] (px4_ros_com) StdoutLine: {'line': b'-- Up-to-date: /home/mcfb/ros2_ws/install/px4_ros_com/share/px4_ros_com/cmake/px4_ros_comConfig.cmake\n'}
[2.239005] (px4_ros_com) StdoutLine: {'line': b'-- Up-to-date: /home/mcfb/ros2_ws/install/px4_ros_com/share/px4_ros_com/cmake/px4_ros_comConfig-version.cmake\n'}
[2.239040] (px4_ros_com) StdoutLine: {'line': b'-- Up-to-date: /home/mcfb/ros2_ws/install/px4_ros_com/share/px4_ros_com/package.xml\n'}
[2.240303] (px4_ros_com) CommandEnded: {'returncode': 0}
[2.256728] (px4_ros_com) JobEnded: {'identifier': 'px4_ros_com', 'rc': 0}
[2.304410] (-) TimerEvent: {}
[2.404645] (-) TimerEvent: {}
[2.455884] (px4_offboard) StdoutLine: {'line': b'running egg_info\n'}
[2.473881] (px4_offboard) StdoutLine: {'line': b'writing ../../build/px4_offboard/px4_offboard.egg-info/PKG-INFO\n'}
[2.474218] (px4_offboard) StdoutLine: {'line': b'writing dependency_links to ../../build/px4_offboard/px4_offboard.egg-info/dependency_links.txt\n'}
[2.474356] (px4_offboard) StdoutLine: {'line': b'writing entry points to ../../build/px4_offboard/px4_offboard.egg-info/entry_points.txt\n'}
[2.474458] (px4_offboard) StdoutLine: {'line': b'writing requirements to ../../build/px4_offboard/px4_offboard.egg-info/requires.txt\n'}
[2.474544] (px4_offboard) StdoutLine: {'line': b'writing top-level names to ../../build/px4_offboard/px4_offboard.egg-info/top_level.txt\n'}
[2.504742] (-) TimerEvent: {}
[2.509479] (px4_offboard) StdoutLine: {'line': b"reading manifest file '../../build/px4_offboard/px4_offboard.egg-info/SOURCES.txt'\n"}
[2.509869] (px4_offboard) StdoutLine: {'line': b"adding license file 'LICENSE'\n"}
[2.510564] (px4_offboard) StdoutLine: {'line': b"writing manifest file '../../build/px4_offboard/px4_offboard.egg-info/SOURCES.txt'\n"}
[2.510761] (px4_offboard) StdoutLine: {'line': b'running build\n'}
[2.510924] (px4_offboard) StdoutLine: {'line': b'running build_py\n'}
[2.511002] (px4_offboard) StdoutLine: {'line': b'copying px4_offboard/offboard_control.py -> /home/mcfb/ros2_ws/build/px4_offboard/build/lib/px4_offboard\n'}
[2.511240] (px4_offboard) StdoutLine: {'line': b'copying px4_offboard/__init__.py -> /home/mcfb/ros2_ws/build/px4_offboard/build/lib/px4_offboard\n'}
[2.511343] (px4_offboard) StdoutLine: {'line': b'copying px4_offboard/visualizer.py -> /home/mcfb/ros2_ws/build/px4_offboard/build/lib/px4_offboard\n'}
[2.511504] (px4_offboard) StdoutLine: {'line': b'running install\n'}
[2.515144] (px4_offboard) StdoutLine: {'line': b'running install_lib\n'}
[2.532928] (px4_offboard) StdoutLine: {'line': b'running install_data\n'}
[2.533221] (px4_offboard) StdoutLine: {'line': b'copying resource/px4_offboard -> /home/mcfb/ros2_ws/install/px4_offboard/share/ament_index/resource_index/packages\n'}
[2.533423] (px4_offboard) StdoutLine: {'line': b'copying resource/visualize.rviz -> /home/mcfb/ros2_ws/install/px4_offboard/share/ament_index/resource_index/packages\n'}
[2.533651] (px4_offboard) StdoutLine: {'line': b'copying package.xml -> /home/mcfb/ros2_ws/install/px4_offboard/share/px4_offboard\n'}
[2.533906] (px4_offboard) StdoutLine: {'line': b'copying launch/offboard_position_control.launch.py -> /home/mcfb/ros2_ws/install/px4_offboard/share/px4_offboard\n'}
[2.534002] (px4_offboard) StdoutLine: {'line': b'copying launch/offboard_hardware_position_control.launch.py -> /home/mcfb/ros2_ws/install/px4_offboard/share/px4_offboard\n'}
[2.534087] (px4_offboard) StdoutLine: {'line': b'copying launch/visualize.launch.py -> /home/mcfb/ros2_ws/install/px4_offboard/share/px4_offboard\n'}
[2.534219] (px4_offboard) StdoutLine: {'line': b'copying resource/visualize.rviz -> /home/mcfb/ros2_ws/install/px4_offboard/share/px4_offboard\n'}
[2.534320] (px4_offboard) StdoutLine: {'line': b'running install_egg_info\n'}
[2.550964] (px4_offboard) StdoutLine: {'line': b"removing '/home/mcfb/ros2_ws/install/px4_offboard/lib/python3.12/site-packages/px4_offboard-0.0.0-py3.12.egg-info' (and everything under it)\n"}
[2.551205] (px4_offboard) StdoutLine: {'line': b'Copying ../../build/px4_offboard/px4_offboard.egg-info to /home/mcfb/ros2_ws/install/px4_offboard/lib/python3.12/site-packages/px4_offboard-0.0.0-py3.12.egg-info\n'}
[2.551760] (px4_offboard) StdoutLine: {'line': b'running install_scripts\n'}
[2.588046] (px4_offboard) StdoutLine: {'line': b'Installing offboard_control script to /home/mcfb/ros2_ws/install/px4_offboard/lib/px4_offboard\n'}
[2.588594] (px4_offboard) StdoutLine: {'line': b'Installing visualizer script to /home/mcfb/ros2_ws/install/px4_offboard/lib/px4_offboard\n'}
[2.588890] (px4_offboard) StdoutLine: {'line': b"writing list of installed files to '/home/mcfb/ros2_ws/build/px4_offboard/install.log'\n"}
[2.604842] (-) TimerEvent: {}
[2.613701] (px4_offboard) CommandEnded: {'returncode': 0}
[2.620370] (px4_offboard) JobEnded: {'identifier': 'px4_offboard', 'rc': 0}
[2.621090] (-) EventReactorShutdown: {}
