[0.000000] (-) TimerEvent: {}
[0.000223] (ai_navigator) JobQueued: {'identifier': 'ai_navigator', 'dependencies': OrderedDict()}
[0.000279] (px4_msgs) JobQueued: {'identifier': 'px4_msgs', 'dependencies': OrderedDict()}
[0.000464] (px4_offboard) JobQueued: {'identifier': 'px4_offboard', 'dependencies': OrderedDict({'px4_msgs': '/home/mcfb/ros2_ws/install/px4_msgs'})}
[0.000485] (px4_ros_com) JobQueued: {'identifier': 'px4_ros_com', 'dependencies': OrderedDict({'px4_msgs': '/home/mcfb/ros2_ws/install/px4_msgs'})}
[0.000499] (px4_msgs) JobStarted: {'identifier': 'px4_msgs'}
[0.004898] (ai_navigator) JobStarted: {'identifier': 'ai_navigator'}
[0.009934] (px4_msgs) JobProgress: {'identifier': 'px4_msgs', 'progress': 'cmake'}
[0.010409] (px4_msgs) JobProgress: {'identifier': 'px4_msgs', 'progress': 'build'}
[0.011093] (px4_msgs) Command: {'cmd': ['/usr/bin/cmake', '--build', '/home/mcfb/ros2_ws/build/px4_msgs', '--', '-j12', '-l12'], 'cwd': '/home/mcfb/ros2_ws/build/px4_msgs', 'env': OrderedDict({'LESSOPEN': '| /usr/bin/lesspipe %s', 'USER': 'mcfb', 'GZ_CONFIG_PATH': '/opt/ros/jazzy/opt/gz_sim_vendor/share/gz:/opt/ros/jazzy/opt/sdformat_vendor/share/gz:/opt/ros/jazzy/opt/gz_gui_vendor/share/gz:/opt/ros/jazzy/opt/gz_transport_vendor/share/gz:/opt/ros/jazzy/opt/gz_rendering_vendor/share/gz:/opt/ros/jazzy/opt/gz_plugin_vendor/share/gz:/opt/ros/jazzy/opt/gz_fuel_tools_vendor/share/gz:/opt/ros/jazzy/opt/gz_msgs_vendor/share/gz:/opt/ros/jazzy/opt/gz_common_vendor/share/gz', 'XDG_SESSION_TYPE': 'x11', 'CLUTTER_DISABLE_MIPMAPPED_TEXT': '1', 'SHLVL': '1', 'LD_LIBRARY_PATH': '/home/mcfb/ros2_ws/install/px4_ros_com/lib:/home/mcfb/ros2_ws/install/px4_msgs/lib:/opt/ros/jazzy/opt/gz_sim_vendor/lib:/opt/ros/jazzy/opt/gz_sensors_vendor/lib:/opt/ros/jazzy/opt/gz_physics_vendor/lib:/opt/ros/jazzy/opt/sdformat_vendor/lib:/opt/ros/jazzy/opt/rviz_ogre_vendor/lib:/opt/ros/jazzy/lib/x86_64-linux-gnu:/opt/ros/jazzy/opt/gz_gui_vendor/lib:/opt/ros/jazzy/opt/gz_transport_vendor/lib:/opt/ros/jazzy/opt/gz_rendering_vendor/lib:/opt/ros/jazzy/opt/gz_plugin_vendor/lib:/opt/ros/jazzy/opt/gz_fuel_tools_vendor/lib:/opt/ros/jazzy/opt/gz_msgs_vendor/lib:/opt/ros/jazzy/opt/gz_common_vendor/lib:/opt/ros/jazzy/opt/gz_math_vendor/lib:/opt/ros/jazzy/opt/gz_utils_vendor/lib:/opt/ros/jazzy/opt/gz_tools_vendor/lib:/opt/ros/jazzy/opt/gz_ogre_next_vendor/lib:/opt/ros/jazzy/opt/gz_dartsim_vendor/lib:/opt/ros/jazzy/opt/gz_cmake_vendor/lib:/opt/ros/jazzy/lib', 'HOME': '/home/mcfb', 'OLDPWD': '/home/mcfb/ros2_ws/install', 'DESKTOP_SESSION': 'ubuntu', 'ROS_PYTHON_VERSION': '3', 'GNOME_SHELL_SESSION_MODE': 'ubuntu', 'GTK_MODULES': 'gail:atk-bridge', 'SYSTEMD_EXEC_PID': '2870', 'GSM_SKIP_SSH_AGENT_WORKAROUND': 'true', 'DBUS_SESSION_BUS_ADDRESS': 'unix:path=/run/user/1000/bus', 'COLORTERM': 'truecolor', 'DEBUGINFOD_URLS': 'https://debuginfod.ubuntu.com', 'COLCON_PREFIX_PATH': '/home/mcfb/ros2_ws/install', 'ROS_DISTRO': 'jazzy', 'LOGNAME': 'mcfb', '_': '/usr/bin/colcon', 'ROS_VERSION': '2', 'MEMORY_PRESSURE_WATCH': '/sys/fs/cgroup/user.slice/user-1000.slice/user@1000.service/session.slice/org.gnome.Shell@x11.service/memory.pressure', 'XDG_SESSION_CLASS': 'user', 'USERNAME': 'mcfb', 'TERM': 'xterm-256color', 'GNOME_DESKTOP_SESSION_ID': 'this-is-deprecated', 'WINDOWPATH': '2', 'PATH': '/opt/ros/jazzy/opt/gz_msgs_vendor/bin:/opt/ros/jazzy/opt/gz_tools_vendor/bin:/opt/ros/jazzy/opt/gz_ogre_next_vendor/bin:/opt/ros/jazzy/bin:/home/mcfb/.local/bin:/usr/local/sbin:/usr/local/bin:/usr/sbin:/usr/bin:/sbin:/bin:/usr/games:/usr/local/games:/snap/bin:/snap/bin:/opt/xtensa-esp-elf/bin/', 'SESSION_MANAGER': 'local/mcfb:@/tmp/.ICE-unix/2791,unix/mcfb:/tmp/.ICE-unix/2791', 'XDG_MENU_PREFIX': 'gnome-', 'GNOME_TERMINAL_SCREEN': '/org/gnome/Terminal/screen/cde57785_6625_4299_87b9_aa10803801d7', 'XDG_RUNTIME_DIR': '/run/user/1000', 'DISPLAY': ':1', 'LANG': 'en_US.UTF-8', 'XDG_CURRENT_DESKTOP': 'ubuntu:GNOME', 'XMODIFIERS': '@im=ibus', 'XDG_SESSION_DESKTOP': 'ubuntu', 'XAUTHORITY': '/run/user/1000/gdm/Xauthority', 'LS_COLORS': 'rs=0:di=01;34:ln=01;36:mh=00:pi=40;33:so=01;35:do=01;35:bd=40;33;01:cd=40;33;01:or=40;31;01:mi=00:su=37;41:sg=30;43:ca=00:tw=30;42:ow=34;42:st=37;44:ex=01;32:*.tar=01;31:*.tgz=01;31:*.arc=01;31:*.arj=01;31:*.taz=01;31:*.lha=01;31:*.lz4=01;31:*.lzh=01;31:*.lzma=01;31:*.tlz=01;31:*.txz=01;31:*.tzo=01;31:*.t7z=01;31:*.zip=01;31:*.z=01;31:*.dz=01;31:*.gz=01;31:*.lrz=01;31:*.lz=01;31:*.lzo=01;31:*.xz=01;31:*.zst=01;31:*.tzst=01;31:*.bz2=01;31:*.bz=01;31:*.tbz=01;31:*.tbz2=01;31:*.tz=01;31:*.deb=01;31:*.rpm=01;31:*.jar=01;31:*.war=01;31:*.ear=01;31:*.sar=01;31:*.rar=01;31:*.alz=01;31:*.ace=01;31:*.zoo=01;31:*.cpio=01;31:*.7z=01;31:*.rz=01;31:*.cab=01;31:*.wim=01;31:*.swm=01;31:*.dwm=01;31:*.esd=01;31:*.avif=01;35:*.jpg=01;35:*.jpeg=01;35:*.mjpg=01;35:*.mjpeg=01;35:*.gif=01;35:*.bmp=01;35:*.pbm=01;35:*.pgm=01;35:*.ppm=01;35:*.tga=01;35:*.xbm=01;35:*.xpm=01;35:*.tif=01;35:*.tiff=01;35:*.png=01;35:*.svg=01;35:*.svgz=01;35:*.mng=01;35:*.pcx=01;35:*.mov=01;35:*.mpg=01;35:*.mpeg=01;35:*.m2v=01;35:*.mkv=01;35:*.webm=01;35:*.webp=01;35:*.ogm=01;35:*.mp4=01;35:*.m4v=01;35:*.mp4v=01;35:*.vob=01;35:*.qt=01;35:*.nuv=01;35:*.wmv=01;35:*.asf=01;35:*.rm=01;35:*.rmvb=01;35:*.flc=01;35:*.avi=01;35:*.fli=01;35:*.flv=01;35:*.gl=01;35:*.dl=01;35:*.xcf=01;35:*.xwd=01;35:*.yuv=01;35:*.cgm=01;35:*.emf=01;35:*.ogv=01;35:*.ogx=01;35:*.aac=00;36:*.au=00;36:*.flac=00;36:*.m4a=00;36:*.mid=00;36:*.midi=00;36:*.mka=00;36:*.mp3=00;36:*.mpc=00;36:*.ogg=00;36:*.ra=00;36:*.wav=00;36:*.oga=00;36:*.opus=00;36:*.spx=00;36:*.xspf=00;36:*~=00;90:*#=00;90:*.bak=00;90:*.crdownload=00;90:*.dpkg-dist=00;90:*.dpkg-new=00;90:*.dpkg-old=00;90:*.dpkg-tmp=00;90:*.old=00;90:*.orig=00;90:*.part=00;90:*.rej=00;90:*.rpmnew=00;90:*.rpmorig=00;90:*.rpmsave=00;90:*.swp=00;90:*.tmp=00;90:*.ucf-dist=00;90:*.ucf-new=00;90:*.ucf-old=00;90:', 'GNOME_TERMINAL_SERVICE': ':1.116', 'SSH_AUTH_SOCK': '/run/user/1000/keyring/ssh', 'AMENT_PREFIX_PATH': '/home/mcfb/ros2_ws/install/px4_ros_com:/home/mcfb/ros2_ws/install/px4_offboard:/home/mcfb/ros2_ws/install/px4_msgs:/home/mcfb/ros2_ws/install/ai_navigator:/opt/ros/jazzy', 'SHELL': '/bin/bash', 'QT_ACCESSIBILITY': '1', 'GDMSESSION': 'ubuntu', 'LESSCLOSE': '/usr/bin/lesspipe %s %s', 'IGN_GAZEBO_RESOURCE_PATH': '/opt/ros/jazzy/share', 'GPG_AGENT_INFO': '/run/user/1000/gnupg/S.gpg-agent:0:1', 'ROS_AUTOMATIC_DISCOVERY_RANGE': 'SUBNET', 'QT_IM_MODULE': 'ibus', 'PWD': '/home/mcfb/ros2_ws/build/px4_msgs', 'LC_ALL': 'en_US.UTF-8', 'XDG_CONFIG_DIRS': '/etc/xdg/xdg-ubuntu:/etc/xdg', 'XDG_DATA_DIRS': '/usr/share/ubuntu:/usr/share/gnome:/usr/local/share/:/usr/share/:/var/lib/snapd/desktop', 'PYTHONPATH': '/home/mcfb/ros2_ws/install/px4_ros_com/lib/python3.12/site-packages:/home/mcfb/ros2_ws/install/px4_offboard/lib/python3.12/site-packages:/home/mcfb/ros2_ws/install/px4_msgs/lib/python3.12/site-packages:/home/mcfb/ros2_ws/install/ai_navigator/lib/python3.12/site-packages:/home/mcfb/drone_venv/lib/python3.12/site-packages:/opt/ros/jazzy/lib/python3.12/site-packages', 'COLCON': '1', 'MEMORY_PRESSURE_WRITE': 'c29tZSAyMDAwMDAgMjAwMDAwMAA=', 'VTE_VERSION': '7600', 'CMAKE_PREFIX_PATH': '/home/mcfb/ros2_ws/install/px4_ros_com:/home/mcfb/ros2_ws/install/px4_msgs:/opt/ros/jazzy/opt/gz_sim_vendor:/opt/ros/jazzy/opt/gz_sensors_vendor:/opt/ros/jazzy/opt/gz_physics_vendor:/opt/ros/jazzy/opt/sdformat_vendor:/opt/ros/jazzy/opt/gz_gui_vendor:/opt/ros/jazzy/opt/gz_transport_vendor:/opt/ros/jazzy/opt/gz_rendering_vendor:/opt/ros/jazzy/opt/gz_plugin_vendor:/opt/ros/jazzy/opt/gz_fuel_tools_vendor:/opt/ros/jazzy/opt/gz_msgs_vendor:/opt/ros/jazzy/opt/gz_common_vendor:/opt/ros/jazzy/opt/gz_math_vendor:/opt/ros/jazzy/opt/gz_utils_vendor:/opt/ros/jazzy/opt/gz_tools_vendor:/opt/ros/jazzy/opt/gz_ogre_next_vendor:/opt/ros/jazzy/opt/gz_dartsim_vendor:/opt/ros/jazzy/opt/gz_cmake_vendor:/home/mcfb/ros2_ws/install/px4_offboard:/home/mcfb/ros2_ws/install/ai_navigator:/opt/ros/jazzy'}), 'shell': False}
[0.099805] (-) TimerEvent: {}
[0.200094] (-) TimerEvent: {}
[0.300349] (-) TimerEvent: {}
[0.400594] (-) TimerEvent: {}
[0.500852] (-) TimerEvent: {}
[0.601141] (-) TimerEvent: {}
[0.604996] (ai_navigator) Command: {'cmd': ['/usr/bin/python3', '-W', 'ignore:setup.py install is deprecated', '-W', 'ignore:easy_install command is deprecated', 'setup.py', 'egg_info', '--egg-base', '../../build/ai_navigator', 'build', '--build-base', '/home/mcfb/ros2_ws/build/ai_navigator/build', 'install', '--record', '/home/mcfb/ros2_ws/build/ai_navigator/install.log', '--single-version-externally-managed', 'install_data'], 'cwd': '/home/mcfb/ros2_ws/src/ai_navigator', 'env': {'LESSOPEN': '| /usr/bin/lesspipe %s', 'USER': 'mcfb', 'GZ_CONFIG_PATH': '/opt/ros/jazzy/opt/gz_sim_vendor/share/gz:/opt/ros/jazzy/opt/sdformat_vendor/share/gz:/opt/ros/jazzy/opt/gz_gui_vendor/share/gz:/opt/ros/jazzy/opt/gz_transport_vendor/share/gz:/opt/ros/jazzy/opt/gz_rendering_vendor/share/gz:/opt/ros/jazzy/opt/gz_plugin_vendor/share/gz:/opt/ros/jazzy/opt/gz_fuel_tools_vendor/share/gz:/opt/ros/jazzy/opt/gz_msgs_vendor/share/gz:/opt/ros/jazzy/opt/gz_common_vendor/share/gz', 'XDG_SESSION_TYPE': 'x11', 'CLUTTER_DISABLE_MIPMAPPED_TEXT': '1', 'SHLVL': '1', 'LD_LIBRARY_PATH': '/home/mcfb/ros2_ws/install/px4_ros_com/lib:/home/mcfb/ros2_ws/install/px4_msgs/lib:/opt/ros/jazzy/opt/gz_sim_vendor/lib:/opt/ros/jazzy/opt/gz_sensors_vendor/lib:/opt/ros/jazzy/opt/gz_physics_vendor/lib:/opt/ros/jazzy/opt/sdformat_vendor/lib:/opt/ros/jazzy/opt/rviz_ogre_vendor/lib:/opt/ros/jazzy/lib/x86_64-linux-gnu:/opt/ros/jazzy/opt/gz_gui_vendor/lib:/opt/ros/jazzy/opt/gz_transport_vendor/lib:/opt/ros/jazzy/opt/gz_rendering_vendor/lib:/opt/ros/jazzy/opt/gz_plugin_vendor/lib:/opt/ros/jazzy/opt/gz_fuel_tools_vendor/lib:/opt/ros/jazzy/opt/gz_msgs_vendor/lib:/opt/ros/jazzy/opt/gz_common_vendor/lib:/opt/ros/jazzy/opt/gz_math_vendor/lib:/opt/ros/jazzy/opt/gz_utils_vendor/lib:/opt/ros/jazzy/opt/gz_tools_vendor/lib:/opt/ros/jazzy/opt/gz_ogre_next_vendor/lib:/opt/ros/jazzy/opt/gz_dartsim_vendor/lib:/opt/ros/jazzy/opt/gz_cmake_vendor/lib:/opt/ros/jazzy/lib', 'HOME': '/home/mcfb', 'OLDPWD': '/home/mcfb/ros2_ws/install', 'DESKTOP_SESSION': 'ubuntu', 'ROS_PYTHON_VERSION': '3', 'GNOME_SHELL_SESSION_MODE': 'ubuntu', 'GTK_MODULES': 'gail:atk-bridge', 'SYSTEMD_EXEC_PID': '2870', 'GSM_SKIP_SSH_AGENT_WORKAROUND': 'true', 'DBUS_SESSION_BUS_ADDRESS': 'unix:path=/run/user/1000/bus', 'COLORTERM': 'truecolor', 'DEBUGINFOD_URLS': 'https://debuginfod.ubuntu.com', 'COLCON_PREFIX_PATH': '/home/mcfb/ros2_ws/install', 'ROS_DISTRO': 'jazzy', 'LOGNAME': 'mcfb', '_': '/usr/bin/colcon', 'ROS_VERSION': '2', 'MEMORY_PRESSURE_WATCH': '/sys/fs/cgroup/user.slice/user-1000.slice/user@1000.service/session.slice/org.gnome.Shell@x11.service/memory.pressure', 'XDG_SESSION_CLASS': 'user', 'USERNAME': 'mcfb', 'TERM': 'xterm-256color', 'GNOME_DESKTOP_SESSION_ID': 'this-is-deprecated', 'WINDOWPATH': '2', 'PATH': '/opt/ros/jazzy/opt/gz_msgs_vendor/bin:/opt/ros/jazzy/opt/gz_tools_vendor/bin:/opt/ros/jazzy/opt/gz_ogre_next_vendor/bin:/opt/ros/jazzy/bin:/home/mcfb/.local/bin:/usr/local/sbin:/usr/local/bin:/usr/sbin:/usr/bin:/sbin:/bin:/usr/games:/usr/local/games:/snap/bin:/snap/bin:/opt/xtensa-esp-elf/bin/', 'SESSION_MANAGER': 'local/mcfb:@/tmp/.ICE-unix/2791,unix/mcfb:/tmp/.ICE-unix/2791', 'XDG_MENU_PREFIX': 'gnome-', 'GNOME_TERMINAL_SCREEN': '/org/gnome/Terminal/screen/cde57785_6625_4299_87b9_aa10803801d7', 'XDG_RUNTIME_DIR': '/run/user/1000', 'DISPLAY': ':1', 'LANG': 'en_US.UTF-8', 'XDG_CURRENT_DESKTOP': 'ubuntu:GNOME', 'XMODIFIERS': '@im=ibus', 'XDG_SESSION_DESKTOP': 'ubuntu', 'XAUTHORITY': '/run/user/1000/gdm/Xauthority', 'LS_COLORS': 'rs=0:di=01;34:ln=01;36:mh=00:pi=40;33:so=01;35:do=01;35:bd=40;33;01:cd=40;33;01:or=40;31;01:mi=00:su=37;41:sg=30;43:ca=00:tw=30;42:ow=34;42:st=37;44:ex=01;32:*.tar=01;31:*.tgz=01;31:*.arc=01;31:*.arj=01;31:*.taz=01;31:*.lha=01;31:*.lz4=01;31:*.lzh=01;31:*.lzma=01;31:*.tlz=01;31:*.txz=01;31:*.tzo=01;31:*.t7z=01;31:*.zip=01;31:*.z=01;31:*.dz=01;31:*.gz=01;31:*.lrz=01;31:*.lz=01;31:*.lzo=01;31:*.xz=01;31:*.zst=01;31:*.tzst=01;31:*.bz2=01;31:*.bz=01;31:*.tbz=01;31:*.tbz2=01;31:*.tz=01;31:*.deb=01;31:*.rpm=01;31:*.jar=01;31:*.war=01;31:*.ear=01;31:*.sar=01;31:*.rar=01;31:*.alz=01;31:*.ace=01;31:*.zoo=01;31:*.cpio=01;31:*.7z=01;31:*.rz=01;31:*.cab=01;31:*.wim=01;31:*.swm=01;31:*.dwm=01;31:*.esd=01;31:*.avif=01;35:*.jpg=01;35:*.jpeg=01;35:*.mjpg=01;35:*.mjpeg=01;35:*.gif=01;35:*.bmp=01;35:*.pbm=01;35:*.pgm=01;35:*.ppm=01;35:*.tga=01;35:*.xbm=01;35:*.xpm=01;35:*.tif=01;35:*.tiff=01;35:*.png=01;35:*.svg=01;35:*.svgz=01;35:*.mng=01;35:*.pcx=01;35:*.mov=01;35:*.mpg=01;35:*.mpeg=01;35:*.m2v=01;35:*.mkv=01;35:*.webm=01;35:*.webp=01;35:*.ogm=01;35:*.mp4=01;35:*.m4v=01;35:*.mp4v=01;35:*.vob=01;35:*.qt=01;35:*.nuv=01;35:*.wmv=01;35:*.asf=01;35:*.rm=01;35:*.rmvb=01;35:*.flc=01;35:*.avi=01;35:*.fli=01;35:*.flv=01;35:*.gl=01;35:*.dl=01;35:*.xcf=01;35:*.xwd=01;35:*.yuv=01;35:*.cgm=01;35:*.emf=01;35:*.ogv=01;35:*.ogx=01;35:*.aac=00;36:*.au=00;36:*.flac=00;36:*.m4a=00;36:*.mid=00;36:*.midi=00;36:*.mka=00;36:*.mp3=00;36:*.mpc=00;36:*.ogg=00;36:*.ra=00;36:*.wav=00;36:*.oga=00;36:*.opus=00;36:*.spx=00;36:*.xspf=00;36:*~=00;90:*#=00;90:*.bak=00;90:*.crdownload=00;90:*.dpkg-dist=00;90:*.dpkg-new=00;90:*.dpkg-old=00;90:*.dpkg-tmp=00;90:*.old=00;90:*.orig=00;90:*.part=00;90:*.rej=00;90:*.rpmnew=00;90:*.rpmorig=00;90:*.rpmsave=00;90:*.swp=00;90:*.tmp=00;90:*.ucf-dist=00;90:*.ucf-new=00;90:*.ucf-old=00;90:', 'GNOME_TERMINAL_SERVICE': ':1.116', 'SSH_AUTH_SOCK': '/run/user/1000/keyring/ssh', 'AMENT_PREFIX_PATH': '/home/mcfb/ros2_ws/install/px4_ros_com:/home/mcfb/ros2_ws/install/px4_offboard:/home/mcfb/ros2_ws/install/px4_msgs:/home/mcfb/ros2_ws/install/ai_navigator:/opt/ros/jazzy', 'SHELL': '/bin/bash', 'QT_ACCESSIBILITY': '1', 'GDMSESSION': 'ubuntu', 'LESSCLOSE': '/usr/bin/lesspipe %s %s', 'IGN_GAZEBO_RESOURCE_PATH': '/opt/ros/jazzy/share', 'GPG_AGENT_INFO': '/run/user/1000/gnupg/S.gpg-agent:0:1', 'ROS_AUTOMATIC_DISCOVERY_RANGE': 'SUBNET', 'QT_IM_MODULE': 'ibus', 'PWD': '/home/mcfb/ros2_ws/build/ai_navigator', 'LC_ALL': 'en_US.UTF-8', 'XDG_CONFIG_DIRS': '/etc/xdg/xdg-ubuntu:/etc/xdg', 'XDG_DATA_DIRS': '/usr/share/ubuntu:/usr/share/gnome:/usr/local/share/:/usr/share/:/var/lib/snapd/desktop', 'PYTHONPATH': '/home/mcfb/ros2_ws/build/ai_navigator/prefix_override:/usr/lib/python3/dist-packages/colcon_core/task/python/colcon_distutils_commands:/home/mcfb/ros2_ws/install/ai_navigator/lib/python3.12/site-packages:/home/mcfb/ros2_ws/install/px4_ros_com/lib/python3.12/site-packages:/home/mcfb/ros2_ws/install/px4_offboard/lib/python3.12/site-packages:/home/mcfb/ros2_ws/install/px4_msgs/lib/python3.12/site-packages:/home/mcfb/ros2_ws/install/ai_navigator/lib/python3.12/site-packages:/home/mcfb/drone_venv/lib/python3.12/site-packages:/opt/ros/jazzy/lib/python3.12/site-packages', 'COLCON': '1', 'MEMORY_PRESSURE_WRITE': 'c29tZSAyMDAwMDAgMjAwMDAwMAA=', 'VTE_VERSION': '7600', 'CMAKE_PREFIX_PATH': '/home/mcfb/ros2_ws/install/px4_ros_com:/home/mcfb/ros2_ws/install/px4_msgs:/opt/ros/jazzy/opt/gz_sim_vendor:/opt/ros/jazzy/opt/gz_sensors_vendor:/opt/ros/jazzy/opt/gz_physics_vendor:/opt/ros/jazzy/opt/sdformat_vendor:/opt/ros/jazzy/opt/gz_gui_vendor:/opt/ros/jazzy/opt/gz_transport_vendor:/opt/ros/jazzy/opt/gz_rendering_vendor:/opt/ros/jazzy/opt/gz_plugin_vendor:/opt/ros/jazzy/opt/gz_fuel_tools_vendor:/opt/ros/jazzy/opt/gz_msgs_vendor:/opt/ros/jazzy/opt/gz_common_vendor:/opt/ros/jazzy/opt/gz_math_vendor:/opt/ros/jazzy/opt/gz_utils_vendor:/opt/ros/jazzy/opt/gz_tools_vendor:/opt/ros/jazzy/opt/gz_ogre_next_vendor:/opt/ros/jazzy/opt/gz_dartsim_vendor:/opt/ros/jazzy/opt/gz_cmake_vendor'}, 'shell': False}
[0.656235] (px4_msgs) StdoutLine: {'line': b'[  0%] Built target px4_msgs__rosidl_generator_type_description\n'}
[0.681975] (px4_msgs) StdoutLine: {'line': b'[  0%] Built target ament_cmake_python_copy_px4_msgs\n'}
[0.701237] (-) TimerEvent: {}
[0.704106] (px4_msgs) StdoutLine: {'line': b'[  0%] Built target px4_msgs__cpp\n'}
[0.801332] (-) TimerEvent: {}
[0.853996] (ai_navigator) StdoutLine: {'line': b'running egg_info\n'}
[0.870062] (ai_navigator) StdoutLine: {'line': b'writing ../../build/ai_navigator/ai_navigator.egg-info/PKG-INFO\n'}
[0.870471] (ai_navigator) StdoutLine: {'line': b'writing dependency_links to ../../build/ai_navigator/ai_navigator.egg-info/dependency_links.txt\n'}
[0.870696] (ai_navigator) StdoutLine: {'line': b'writing entry points to ../../build/ai_navigator/ai_navigator.egg-info/entry_points.txt\n'}
[0.870935] (ai_navigator) StdoutLine: {'line': b'writing requirements to ../../build/ai_navigator/ai_navigator.egg-info/requires.txt\n'}
[0.871020] (ai_navigator) StdoutLine: {'line': b'writing top-level names to ../../build/ai_navigator/ai_navigator.egg-info/top_level.txt\n'}
[0.890384] (px4_msgs) StdoutLine: {'line': b'running egg_info\n'}
[0.901432] (-) TimerEvent: {}
[0.905298] (ai_navigator) StdoutLine: {'line': b"reading manifest file '../../build/ai_navigator/ai_navigator.egg-info/SOURCES.txt'\n"}
[0.905607] (ai_navigator) StdoutLine: {'line': b"adding license file 'LICENSE'\n"}
[0.906268] (ai_navigator) StdoutLine: {'line': b"writing manifest file '../../build/ai_navigator/ai_navigator.egg-info/SOURCES.txt'\n"}
[0.906397] (ai_navigator) StdoutLine: {'line': b'running build\n'}
[0.906528] (ai_navigator) StdoutLine: {'line': b'running build_py\n'}
[0.906882] (ai_navigator) StdoutLine: {'line': b'copying ai_navigator/smart_navigator.py -> /home/mcfb/ros2_ws/build/ai_navigator/build/lib/ai_navigator\n'}
[0.907280] (ai_navigator) StdoutLine: {'line': b'running install\n'}
[0.907376] (px4_msgs) StdoutLine: {'line': b'writing px4_msgs.egg-info/PKG-INFO\n'}
[0.907746] (px4_msgs) StdoutLine: {'line': b'writing dependency_links to px4_msgs.egg-info/dependency_links.txt\n'}
[0.908056] (px4_msgs) StdoutLine: {'line': b'writing top-level names to px4_msgs.egg-info/top_level.txt\n'}
[0.912824] (ai_navigator) StdoutLine: {'line': b'running install_lib\n'}
[0.930219] (ai_navigator) StdoutLine: {'line': b'copying /home/mcfb/ros2_ws/build/ai_navigator/build/lib/ai_navigator/smart_navigator.py -> /home/mcfb/ros2_ws/install/ai_navigator/lib/python3.12/site-packages/ai_navigator\n'}
[0.930852] (ai_navigator) StdoutLine: {'line': b'byte-compiling /home/mcfb/ros2_ws/install/ai_navigator/lib/python3.12/site-packages/ai_navigator/smart_navigator.py to smart_navigator.cpython-312.pyc\n'}
[0.932339] (px4_msgs) StdoutLine: {'line': b'[ 29%] Built target px4_msgs__rosidl_generator_c\n'}
[0.941472] (ai_navigator) StdoutLine: {'line': b'running install_data\n'}
[0.942001] (ai_navigator) StdoutLine: {'line': b'copying resource/ai_navigator -> /home/mcfb/ros2_ws/install/ai_navigator/share/ament_index/resource_index/packages\n'}
[0.942202] (ai_navigator) StdoutLine: {'line': b'copying package.xml -> /home/mcfb/ros2_ws/install/ai_navigator/share/ai_navigator\n'}
[0.942291] (ai_navigator) StdoutLine: {'line': b'running install_egg_info\n'}
[0.962821] (ai_navigator) StdoutLine: {'line': b"removing '/home/mcfb/ros2_ws/install/ai_navigator/lib/python3.12/site-packages/ai_navigator-0.0.0-py3.12.egg-info' (and everything under it)\n"}
[0.963656] (ai_navigator) StdoutLine: {'line': b'Copying ../../build/ai_navigator/ai_navigator.egg-info to /home/mcfb/ros2_ws/install/ai_navigator/lib/python3.12/site-packages/ai_navigator-0.0.0-py3.12.egg-info\n'}
[0.964014] (ai_navigator) StdoutLine: {'line': b'running install_scripts\n'}
[0.971753] (px4_msgs) StdoutLine: {'line': b"reading manifest file 'px4_msgs.egg-info/SOURCES.txt'\n"}
[0.974310] (px4_msgs) StdoutLine: {'line': b"writing manifest file 'px4_msgs.egg-info/SOURCES.txt'\n"}
[1.001853] (-) TimerEvent: {}
[1.005364] (ai_navigator) StdoutLine: {'line': b'Installing ai_camera_sub script to /home/mcfb/ros2_ws/install/ai_navigator/lib/ai_navigator\n'}
[1.005856] (ai_navigator) StdoutLine: {'line': b'Installing autonomous_navigation script to /home/mcfb/ros2_ws/install/ai_navigator/lib/ai_navigator\n'}
[1.006023] (ai_navigator) StdoutLine: {'line': b'Installing navigate_to_point script to /home/mcfb/ros2_ws/install/ai_navigator/lib/ai_navigator\n'}
[1.006146] (ai_navigator) StdoutLine: {'line': b'Installing point_to_point_nav script to /home/mcfb/ros2_ws/install/ai_navigator/lib/ai_navigator\n'}
[1.006534] (ai_navigator) StdoutLine: {'line': b"writing list of installed files to '/home/mcfb/ros2_ws/build/ai_navigator/install.log'\n"}
[1.011785] (px4_msgs) StdoutLine: {'line': b'[ 29%] Built target ament_cmake_python_build_px4_msgs_egg\n'}
[1.037490] (ai_navigator) CommandEnded: {'returncode': 0}
[1.047398] (ai_navigator) JobEnded: {'identifier': 'ai_navigator', 'rc': 0}
[1.075067] (px4_msgs) StdoutLine: {'line': b'[ 39%] Built target px4_msgs__rosidl_typesupport_introspection_c\n'}
[1.087957] (px4_msgs) StdoutLine: {'line': b'[ 49%] Built target px4_msgs__rosidl_typesupport_c\n'}
[1.101961] (-) TimerEvent: {}
[1.173306] (px4_msgs) StdoutLine: {'line': b'[ 59%] Built target px4_msgs__rosidl_typesupport_cpp\n'}
[1.179583] (px4_msgs) StdoutLine: {'line': b'[ 69%] Built target px4_msgs__rosidl_typesupport_introspection_cpp\n'}
[1.201707] (px4_msgs) StdoutLine: {'line': b'[ 79%] Built target px4_msgs__rosidl_typesupport_fastrtps_c\n'}
[1.202020] (-) TimerEvent: {}
[1.217470] (px4_msgs) StdoutLine: {'line': b'[ 89%] Built target px4_msgs__rosidl_typesupport_fastrtps_cpp\n'}
[1.236600] (px4_msgs) StdoutLine: {'line': b'[ 89%] Built target px4_msgs\n'}
[1.267141] (px4_msgs) StdoutLine: {'line': b'[ 89%] Built target px4_msgs__py\n'}
[1.302145] (-) TimerEvent: {}
[1.402414] (-) TimerEvent: {}
[1.481208] (px4_msgs) StdoutLine: {'line': b'[ 99%] Built target px4_msgs__rosidl_generator_py\n'}
[1.502521] (-) TimerEvent: {}
[1.508873] (px4_msgs) StdoutLine: {'line': b'[ 99%] Built target px4_msgs_s__rosidl_typesupport_fastrtps_c\n'}
[1.509090] (px4_msgs) StdoutLine: {'line': b'[ 99%] Built target px4_msgs_s__rosidl_typesupport_c\n'}
[1.509167] (px4_msgs) StdoutLine: {'line': b'[100%] Built target px4_msgs_s__rosidl_typesupport_introspection_c\n'}
[1.520943] (px4_msgs) CommandEnded: {'returncode': 0}
[1.521666] (px4_msgs) JobProgress: {'identifier': 'px4_msgs', 'progress': 'install'}
[1.529836] (px4_msgs) Command: {'cmd': ['/usr/bin/cmake', '--install', '/home/mcfb/ros2_ws/build/px4_msgs'], 'cwd': '/home/mcfb/ros2_ws/build/px4_msgs', 'env': OrderedDict({'LESSOPEN': '| /usr/bin/lesspipe %s', 'USER': 'mcfb', 'GZ_CONFIG_PATH': '/opt/ros/jazzy/opt/gz_sim_vendor/share/gz:/opt/ros/jazzy/opt/sdformat_vendor/share/gz:/opt/ros/jazzy/opt/gz_gui_vendor/share/gz:/opt/ros/jazzy/opt/gz_transport_vendor/share/gz:/opt/ros/jazzy/opt/gz_rendering_vendor/share/gz:/opt/ros/jazzy/opt/gz_plugin_vendor/share/gz:/opt/ros/jazzy/opt/gz_fuel_tools_vendor/share/gz:/opt/ros/jazzy/opt/gz_msgs_vendor/share/gz:/opt/ros/jazzy/opt/gz_common_vendor/share/gz', 'XDG_SESSION_TYPE': 'x11', 'CLUTTER_DISABLE_MIPMAPPED_TEXT': '1', 'SHLVL': '1', 'LD_LIBRARY_PATH': '/home/mcfb/ros2_ws/install/px4_ros_com/lib:/home/mcfb/ros2_ws/install/px4_msgs/lib:/opt/ros/jazzy/opt/gz_sim_vendor/lib:/opt/ros/jazzy/opt/gz_sensors_vendor/lib:/opt/ros/jazzy/opt/gz_physics_vendor/lib:/opt/ros/jazzy/opt/sdformat_vendor/lib:/opt/ros/jazzy/opt/rviz_ogre_vendor/lib:/opt/ros/jazzy/lib/x86_64-linux-gnu:/opt/ros/jazzy/opt/gz_gui_vendor/lib:/opt/ros/jazzy/opt/gz_transport_vendor/lib:/opt/ros/jazzy/opt/gz_rendering_vendor/lib:/opt/ros/jazzy/opt/gz_plugin_vendor/lib:/opt/ros/jazzy/opt/gz_fuel_tools_vendor/lib:/opt/ros/jazzy/opt/gz_msgs_vendor/lib:/opt/ros/jazzy/opt/gz_common_vendor/lib:/opt/ros/jazzy/opt/gz_math_vendor/lib:/opt/ros/jazzy/opt/gz_utils_vendor/lib:/opt/ros/jazzy/opt/gz_tools_vendor/lib:/opt/ros/jazzy/opt/gz_ogre_next_vendor/lib:/opt/ros/jazzy/opt/gz_dartsim_vendor/lib:/opt/ros/jazzy/opt/gz_cmake_vendor/lib:/opt/ros/jazzy/lib', 'HOME': '/home/mcfb', 'OLDPWD': '/home/mcfb/ros2_ws/install', 'DESKTOP_SESSION': 'ubuntu', 'ROS_PYTHON_VERSION': '3', 'GNOME_SHELL_SESSION_MODE': 'ubuntu', 'GTK_MODULES': 'gail:atk-bridge', 'SYSTEMD_EXEC_PID': '2870', 'GSM_SKIP_SSH_AGENT_WORKAROUND': 'true', 'DBUS_SESSION_BUS_ADDRESS': 'unix:path=/run/user/1000/bus', 'COLORTERM': 'truecolor', 'DEBUGINFOD_URLS': 'https://debuginfod.ubuntu.com', 'COLCON_PREFIX_PATH': '/home/mcfb/ros2_ws/install', 'ROS_DISTRO': 'jazzy', 'LOGNAME': 'mcfb', '_': '/usr/bin/colcon', 'ROS_VERSION': '2', 'MEMORY_PRESSURE_WATCH': '/sys/fs/cgroup/user.slice/user-1000.slice/user@1000.service/session.slice/org.gnome.Shell@x11.service/memory.pressure', 'XDG_SESSION_CLASS': 'user', 'USERNAME': 'mcfb', 'TERM': 'xterm-256color', 'GNOME_DESKTOP_SESSION_ID': 'this-is-deprecated', 'WINDOWPATH': '2', 'PATH': '/opt/ros/jazzy/opt/gz_msgs_vendor/bin:/opt/ros/jazzy/opt/gz_tools_vendor/bin:/opt/ros/jazzy/opt/gz_ogre_next_vendor/bin:/opt/ros/jazzy/bin:/home/mcfb/.local/bin:/usr/local/sbin:/usr/local/bin:/usr/sbin:/usr/bin:/sbin:/bin:/usr/games:/usr/local/games:/snap/bin:/snap/bin:/opt/xtensa-esp-elf/bin/', 'SESSION_MANAGER': 'local/mcfb:@/tmp/.ICE-unix/2791,unix/mcfb:/tmp/.ICE-unix/2791', 'XDG_MENU_PREFIX': 'gnome-', 'GNOME_TERMINAL_SCREEN': '/org/gnome/Terminal/screen/cde57785_6625_4299_87b9_aa10803801d7', 'XDG_RUNTIME_DIR': '/run/user/1000', 'DISPLAY': ':1', 'LANG': 'en_US.UTF-8', 'XDG_CURRENT_DESKTOP': 'ubuntu:GNOME', 'XMODIFIERS': '@im=ibus', 'XDG_SESSION_DESKTOP': 'ubuntu', 'XAUTHORITY': '/run/user/1000/gdm/Xauthority', 'LS_COLORS': 'rs=0:di=01;34:ln=01;36:mh=00:pi=40;33:so=01;35:do=01;35:bd=40;33;01:cd=40;33;01:or=40;31;01:mi=00:su=37;41:sg=30;43:ca=00:tw=30;42:ow=34;42:st=37;44:ex=01;32:*.tar=01;31:*.tgz=01;31:*.arc=01;31:*.arj=01;31:*.taz=01;31:*.lha=01;31:*.lz4=01;31:*.lzh=01;31:*.lzma=01;31:*.tlz=01;31:*.txz=01;31:*.tzo=01;31:*.t7z=01;31:*.zip=01;31:*.z=01;31:*.dz=01;31:*.gz=01;31:*.lrz=01;31:*.lz=01;31:*.lzo=01;31:*.xz=01;31:*.zst=01;31:*.tzst=01;31:*.bz2=01;31:*.bz=01;31:*.tbz=01;31:*.tbz2=01;31:*.tz=01;31:*.deb=01;31:*.rpm=01;31:*.jar=01;31:*.war=01;31:*.ear=01;31:*.sar=01;31:*.rar=01;31:*.alz=01;31:*.ace=01;31:*.zoo=01;31:*.cpio=01;31:*.7z=01;31:*.rz=01;31:*.cab=01;31:*.wim=01;31:*.swm=01;31:*.dwm=01;31:*.esd=01;31:*.avif=01;35:*.jpg=01;35:*.jpeg=01;35:*.mjpg=01;35:*.mjpeg=01;35:*.gif=01;35:*.bmp=01;35:*.pbm=01;35:*.pgm=01;35:*.ppm=01;35:*.tga=01;35:*.xbm=01;35:*.xpm=01;35:*.tif=01;35:*.tiff=01;35:*.png=01;35:*.svg=01;35:*.svgz=01;35:*.mng=01;35:*.pcx=01;35:*.mov=01;35:*.mpg=01;35:*.mpeg=01;35:*.m2v=01;35:*.mkv=01;35:*.webm=01;35:*.webp=01;35:*.ogm=01;35:*.mp4=01;35:*.m4v=01;35:*.mp4v=01;35:*.vob=01;35:*.qt=01;35:*.nuv=01;35:*.wmv=01;35:*.asf=01;35:*.rm=01;35:*.rmvb=01;35:*.flc=01;35:*.avi=01;35:*.fli=01;35:*.flv=01;35:*.gl=01;35:*.dl=01;35:*.xcf=01;35:*.xwd=01;35:*.yuv=01;35:*.cgm=01;35:*.emf=01;35:*.ogv=01;35:*.ogx=01;35:*.aac=00;36:*.au=00;36:*.flac=00;36:*.m4a=00;36:*.mid=00;36:*.midi=00;36:*.mka=00;36:*.mp3=00;36:*.mpc=00;36:*.ogg=00;36:*.ra=00;36:*.wav=00;36:*.oga=00;36:*.opus=00;36:*.spx=00;36:*.xspf=00;36:*~=00;90:*#=00;90:*.bak=00;90:*.crdownload=00;90:*.dpkg-dist=00;90:*.dpkg-new=00;90:*.dpkg-old=00;90:*.dpkg-tmp=00;90:*.old=00;90:*.orig=00;90:*.part=00;90:*.rej=00;90:*.rpmnew=00;90:*.rpmorig=00;90:*.rpmsave=00;90:*.swp=00;90:*.tmp=00;90:*.ucf-dist=00;90:*.ucf-new=00;90:*.ucf-old=00;90:', 'GNOME_TERMINAL_SERVICE': ':1.116', 'SSH_AUTH_SOCK': '/run/user/1000/keyring/ssh', 'AMENT_PREFIX_PATH': '/home/mcfb/ros2_ws/install/px4_ros_com:/home/mcfb/ros2_ws/install/px4_offboard:/home/mcfb/ros2_ws/install/px4_msgs:/home/mcfb/ros2_ws/install/ai_navigator:/opt/ros/jazzy', 'SHELL': '/bin/bash', 'QT_ACCESSIBILITY': '1', 'GDMSESSION': 'ubuntu', 'LESSCLOSE': '/usr/bin/lesspipe %s %s', 'IGN_GAZEBO_RESOURCE_PATH': '/opt/ros/jazzy/share', 'GPG_AGENT_INFO': '/run/user/1000/gnupg/S.gpg-agent:0:1', 'ROS_AUTOMATIC_DISCOVERY_RANGE': 'SUBNET', 'QT_IM_MODULE': 'ibus', 'PWD': '/home/mcfb/ros2_ws/build/px4_msgs', 'LC_ALL': 'en_US.UTF-8', 'XDG_CONFIG_DIRS': '/etc/xdg/xdg-ubuntu:/etc/xdg', 'XDG_DATA_DIRS': '/usr/share/ubuntu:/usr/share/gnome:/usr/local/share/:/usr/share/:/var/lib/snapd/desktop', 'PYTHONPATH': '/home/mcfb/ros2_ws/install/px4_ros_com/lib/python3.12/site-packages:/home/mcfb/ros2_ws/install/px4_offboard/lib/python3.12/site-packages:/home/mcfb/ros2_ws/install/px4_msgs/lib/python3.12/site-packages:/home/mcfb/ros2_ws/install/ai_navigator/lib/python3.12/site-packages:/home/mcfb/drone_venv/lib/python3.12/site-packages:/opt/ros/jazzy/lib/python3.12/site-packages', 'COLCON': '1', 'MEMORY_PRESSURE_WRITE': 'c29tZSAyMDAwMDAgMjAwMDAwMAA=', 'VTE_VERSION': '7600', 'CMAKE_PREFIX_PATH': '/home/mcfb/ros2_ws/install/px4_ros_com:/home/mcfb/ros2_ws/install/px4_msgs:/opt/ros/jazzy/opt/gz_sim_vendor:/opt/ros/jazzy/opt/gz_sensors_vendor:/opt/ros/jazzy/opt/gz_physics_vendor:/opt/ros/jazzy/opt/sdformat_vendor:/opt/ros/jazzy/opt/gz_gui_vendor:/opt/ros/jazzy/opt/gz_transport_vendor:/opt/ros/jazzy/opt/gz_rendering_vendor:/opt/ros/jazzy/opt/gz_plugin_vendor:/opt/ros/jazzy/opt/gz_fuel_tools_vendor:/opt/ros/jazzy/opt/gz_msgs_vendor:/opt/ros/jazzy/opt/gz_common_vendor:/opt/ros/jazzy/opt/gz_math_vendor:/opt/ros/jazzy/opt/gz_utils_vendor:/opt/ros/jazzy/opt/gz_tools_vendor:/opt/ros/jazzy/opt/gz_ogre_next_vendor:/opt/ros/jazzy/opt/gz_dartsim_vendor:/opt/ros/jazzy/opt/gz_cmake_vendor:/home/mcfb/ros2_ws/install/px4_offboard:/home/mcfb/ros2_ws/install/ai_navigator:/opt/ros/jazzy'}), 'shell': False}
[1.539247] (px4_msgs) StdoutLine: {'line': b'-- Install configuration: ""\n'}
[1.539453] (px4_msgs) StdoutLine: {'line': b'-- Up-to-date: /home/mcfb/ros2_ws/install/px4_msgs/share/ament_index/resource_index/rosidl_interfaces/px4_msgs\n'}
[1.539551] (px4_msgs) StdoutLine: {'line': b'-- Up-to-date: /home/mcfb/ros2_ws/install/px4_msgs/share/px4_msgs/msg/ActionRequest.json\n'}
[1.539604] (px4_msgs) StdoutLine: {'line': b'-- Up-to-date: /home/mcfb/ros2_ws/install/px4_msgs/share/px4_msgs/msg/ActuatorArmed.json\n'}
[1.539655] (px4_msgs) StdoutLine: {'line': b'-- Up-to-date: /home/mcfb/ros2_ws/install/px4_msgs/share/px4_msgs/msg/ActuatorControlsStatus.json\n'}
[1.539711] (px4_msgs) StdoutLine: {'line': b'-- Up-to-date: /home/mcfb/ros2_ws/install/px4_msgs/share/px4_msgs/msg/ActuatorMotors.json\n'}
[1.539760] (px4_msgs) StdoutLine: {'line': b'-- Up-to-date: /home/mcfb/ros2_ws/install/px4_msgs/share/px4_msgs/msg/ActuatorOutputs.json\n'}
[1.539809] (px4_msgs) StdoutLine: {'line': b'-- Up-to-date: /home/mcfb/ros2_ws/install/px4_msgs/share/px4_msgs/msg/ActuatorServos.json\n'}
[1.539856] (px4_msgs) StdoutLine: {'line': b'-- Up-to-date: /home/mcfb/ros2_ws/install/px4_msgs/share/px4_msgs/msg/ActuatorServosTrim.json\n'}
[1.539904] (px4_msgs) StdoutLine: {'line': b'-- Up-to-date: /home/mcfb/ros2_ws/install/px4_msgs/share/px4_msgs/msg/ActuatorTest.json\n'}
[1.539950] (px4_msgs) StdoutLine: {'line': b'-- Up-to-date: /home/mcfb/ros2_ws/install/px4_msgs/share/px4_msgs/msg/AdcReport.json\n'}
[1.539997] (px4_msgs) StdoutLine: {'line': b'-- Up-to-date: /home/mcfb/ros2_ws/install/px4_msgs/share/px4_msgs/msg/Airspeed.json\n'}
[1.540043] (px4_msgs) StdoutLine: {'line': b'-- Up-to-date: /home/mcfb/ros2_ws/install/px4_msgs/share/px4_msgs/msg/AirspeedValidated.json\n'}
[1.540091] (px4_msgs) StdoutLine: {'line': b'-- Up-to-date: /home/mcfb/ros2_ws/install/px4_msgs/share/px4_msgs/msg/AirspeedWind.json\n'}
[1.540138] (px4_msgs) StdoutLine: {'line': b'-- Up-to-date: /home/mcfb/ros2_ws/install/px4_msgs/share/px4_msgs/msg/ArmingCheckReply.json\n'}
[1.540247] (px4_msgs) StdoutLine: {'line': b'-- Up-to-date: /home/mcfb/ros2_ws/install/px4_msgs/share/px4_msgs/msg/ArmingCheckRequest.json\n'}
[1.540295] (px4_msgs) StdoutLine: {'line': b'-- Up-to-date: /home/mcfb/ros2_ws/install/px4_msgs/share/px4_msgs/msg/AutotuneAttitudeControlStatus.json\n'}
[1.540343] (px4_msgs) StdoutLine: {'line': b'-- Up-to-date: /home/mcfb/ros2_ws/install/px4_msgs/share/px4_msgs/msg/BatteryInfo.json\n'}
[1.540435] (px4_msgs) StdoutLine: {'line': b'-- Up-to-date: /home/mcfb/ros2_ws/install/px4_msgs/share/px4_msgs/msg/BatteryStatus.json\n'}
[1.540484] (px4_msgs) StdoutLine: {'line': b'-- Up-to-date: /home/mcfb/ros2_ws/install/px4_msgs/share/px4_msgs/msg/ButtonEvent.json\n'}
[1.540531] (px4_msgs) StdoutLine: {'line': b'-- Up-to-date: /home/mcfb/ros2_ws/install/px4_msgs/share/px4_msgs/msg/CameraCapture.json\n'}
[1.540577] (px4_msgs) StdoutLine: {'line': b'-- Up-to-date: /home/mcfb/ros2_ws/install/px4_msgs/share/px4_msgs/msg/CameraStatus.json\n'}
[1.540624] (px4_msgs) StdoutLine: {'line': b'-- Up-to-date: /home/mcfb/ros2_ws/install/px4_msgs/share/px4_msgs/msg/CameraTrigger.json\n'}
[1.540669] (px4_msgs) StdoutLine: {'line': b'-- Up-to-date: /home/mcfb/ros2_ws/install/px4_msgs/share/px4_msgs/msg/CanInterfaceStatus.json\n'}
[1.540736] (px4_msgs) StdoutLine: {'line': b'-- Up-to-date: /home/mcfb/ros2_ws/install/px4_msgs/share/px4_msgs/msg/CellularStatus.json\n'}
[1.540793] (px4_msgs) StdoutLine: {'line': b'-- Up-to-date: /home/mcfb/ros2_ws/install/px4_msgs/share/px4_msgs/msg/CollisionConstraints.json\n'}
[1.540956] (px4_msgs) StdoutLine: {'line': b'-- Up-to-date: /home/mcfb/ros2_ws/install/px4_msgs/share/px4_msgs/msg/ConfigOverrides.json\n'}
[1.541004] (px4_msgs) StdoutLine: {'line': b'-- Up-to-date: /home/mcfb/ros2_ws/install/px4_msgs/share/px4_msgs/msg/ControlAllocatorStatus.json\n'}
[1.541072] (px4_msgs) StdoutLine: {'line': b'-- Up-to-date: /home/mcfb/ros2_ws/install/px4_msgs/share/px4_msgs/msg/Cpuload.json\n'}
[1.541195] (px4_msgs) StdoutLine: {'line': b'-- Up-to-date: /home/mcfb/ros2_ws/install/px4_msgs/share/px4_msgs/msg/DatamanRequest.json\n'}
[1.541381] (px4_msgs) StdoutLine: {'line': b'-- Up-to-date: /home/mcfb/ros2_ws/install/px4_msgs/share/px4_msgs/msg/DatamanResponse.json\n'}
[1.541453] (px4_msgs) StdoutLine: {'line': b'-- Up-to-date: /home/mcfb/ros2_ws/install/px4_msgs/share/px4_msgs/msg/DebugArray.json\n'}
[1.541542] (px4_msgs) StdoutLine: {'line': b'-- Up-to-date: /home/mcfb/ros2_ws/install/px4_msgs/share/px4_msgs/msg/DebugKeyValue.json\n'}
[1.541890] (px4_msgs) StdoutLine: {'line': b'-- Up-to-date: /home/mcfb/ros2_ws/install/px4_msgs/share/px4_msgs/msg/DebugValue.json\n'}
[1.541983] (px4_msgs) StdoutLine: {'line': b'-- Up-to-date: /home/mcfb/ros2_ws/install/px4_msgs/share/px4_msgs/msg/DebugVect.json\n'}
[1.542053] (px4_msgs) StdoutLine: {'line': b'-- Up-to-date: /home/mcfb/ros2_ws/install/px4_msgs/share/px4_msgs/msg/DifferentialPressure.json\n'}
[1.542118] (px4_msgs) StdoutLine: {'line': b'-- Up-to-date: /home/mcfb/ros2_ws/install/px4_msgs/share/px4_msgs/msg/DistanceSensor.json\n'}
[1.542181] (px4_msgs) StdoutLine: {'line': b'-- Up-to-date: /home/mcfb/ros2_ws/install/px4_msgs/share/px4_msgs/msg/DistanceSensorModeChangeRequest.json\n'}
[1.542238] (px4_msgs) StdoutLine: {'line': b'-- Up-to-date: /home/mcfb/ros2_ws/install/px4_msgs/share/px4_msgs/msg/DronecanNodeStatus.json\n'}
[1.542289] (px4_msgs) StdoutLine: {'line': b'-- Up-to-date: /home/mcfb/ros2_ws/install/px4_msgs/share/px4_msgs/msg/Ekf2Timestamps.json\n'}
[1.542328] (px4_msgs) StdoutLine: {'line': b'-- Up-to-date: /home/mcfb/ros2_ws/install/px4_msgs/share/px4_msgs/msg/EscReport.json\n'}
[1.542381] (px4_msgs) StdoutLine: {'line': b'-- Up-to-date: /home/mcfb/ros2_ws/install/px4_msgs/share/px4_msgs/msg/EscStatus.json\n'}
[1.542438] (px4_msgs) StdoutLine: {'line': b'-- Up-to-date: /home/mcfb/ros2_ws/install/px4_msgs/share/px4_msgs/msg/EstimatorAidSource1d.json\n'}
[1.542487] (px4_msgs) StdoutLine: {'line': b'-- Up-to-date: /home/mcfb/ros2_ws/install/px4_msgs/share/px4_msgs/msg/EstimatorAidSource2d.json\n'}
[1.542537] (px4_msgs) StdoutLine: {'line': b'-- Up-to-date: /home/mcfb/ros2_ws/install/px4_msgs/share/px4_msgs/msg/EstimatorAidSource3d.json\n'}
[1.542588] (px4_msgs) StdoutLine: {'line': b'-- Up-to-date: /home/mcfb/ros2_ws/install/px4_msgs/share/px4_msgs/msg/EstimatorBias.json\n'}
[1.542628] (px4_msgs) StdoutLine: {'line': b'-- Up-to-date: /home/mcfb/ros2_ws/install/px4_msgs/share/px4_msgs/msg/EstimatorBias3d.json\n'}
[1.542669] (px4_msgs) StdoutLine: {'line': b'-- Up-to-date: /home/mcfb/ros2_ws/install/px4_msgs/share/px4_msgs/msg/EstimatorEventFlags.json\n'}
[1.543033] (px4_msgs) StdoutLine: {'line': b'-- Up-to-date: /home/mcfb/ros2_ws/install/px4_msgs/share/px4_msgs/msg/EstimatorGpsStatus.json\n'}
[1.543161] (px4_msgs) StdoutLine: {'line': b'-- Up-to-date: /home/mcfb/ros2_ws/install/px4_msgs/share/px4_msgs/msg/EstimatorInnovations.json\n'}
[1.543255] (px4_msgs) StdoutLine: {'line': b'-- Up-to-date: /home/mcfb/ros2_ws/install/px4_msgs/share/px4_msgs/msg/EstimatorSelectorStatus.json\n'}
[1.543298] (px4_msgs) StdoutLine: {'line': b'-- Up-to-date: /home/mcfb/ros2_ws/install/px4_msgs/share/px4_msgs/msg/EstimatorSensorBias.json\n'}
[1.543338] (px4_msgs) StdoutLine: {'line': b'-- Up-to-date: /home/mcfb/ros2_ws/install/px4_msgs/share/px4_msgs/msg/EstimatorStates.json\n'}
[1.543393] (px4_msgs) StdoutLine: {'line': b'-- Up-to-date: /home/mcfb/ros2_ws/install/px4_msgs/share/px4_msgs/msg/EstimatorStatus.json\n'}
[1.543433] (px4_msgs) StdoutLine: {'line': b'-- Up-to-date: /home/mcfb/ros2_ws/install/px4_msgs/share/px4_msgs/msg/EstimatorStatusFlags.json\n'}
[1.543493] (px4_msgs) StdoutLine: {'line': b'-- Up-to-date: /home/mcfb/ros2_ws/install/px4_msgs/share/px4_msgs/msg/Event.json\n'}
[1.543546] (px4_msgs) StdoutLine: {'line': b'-- Up-to-date: /home/mcfb/ros2_ws/install/px4_msgs/share/px4_msgs/msg/FailsafeFlags.json\n'}
[1.543591] (px4_msgs) StdoutLine: {'line': b'-- Up-to-date: /home/mcfb/ros2_ws/install/px4_msgs/share/px4_msgs/msg/FailureDetectorStatus.json\n'}
[1.543639] (px4_msgs) StdoutLine: {'line': b'-- Up-to-date: /home/mcfb/ros2_ws/install/px4_msgs/share/px4_msgs/msg/FigureEightStatus.json\n'}
[1.543702] (px4_msgs) StdoutLine: {'line': b'-- Up-to-date: /home/mcfb/ros2_ws/install/px4_msgs/share/px4_msgs/msg/FixedWingLateralGuidanceStatus.json\n'}
[1.543761] (px4_msgs) StdoutLine: {'line': b'-- Up-to-date: /home/mcfb/ros2_ws/install/px4_msgs/share/px4_msgs/msg/FixedWingLateralSetpoint.json\n'}
[1.543813] (px4_msgs) StdoutLine: {'line': b'-- Up-to-date: /home/mcfb/ros2_ws/install/px4_msgs/share/px4_msgs/msg/FixedWingLateralStatus.json\n'}
[1.543865] (px4_msgs) StdoutLine: {'line': b'-- Up-to-date: /home/mcfb/ros2_ws/install/px4_msgs/share/px4_msgs/msg/FixedWingLongitudinalSetpoint.json\n'}
[1.543925] (px4_msgs) StdoutLine: {'line': b'-- Up-to-date: /home/mcfb/ros2_ws/install/px4_msgs/share/px4_msgs/msg/FixedWingRunwayControl.json\n'}
[1.543975] (px4_msgs) StdoutLine: {'line': b'-- Up-to-date: /home/mcfb/ros2_ws/install/px4_msgs/share/px4_msgs/msg/FlightPhaseEstimation.json\n'}
[1.544026] (px4_msgs) StdoutLine: {'line': b'-- Up-to-date: /home/mcfb/ros2_ws/install/px4_msgs/share/px4_msgs/msg/FollowTarget.json\n'}
[1.544076] (px4_msgs) StdoutLine: {'line': b'-- Up-to-date: /home/mcfb/ros2_ws/install/px4_msgs/share/px4_msgs/msg/FollowTargetEstimator.json\n'}
[1.544129] (px4_msgs) StdoutLine: {'line': b'-- Up-to-date: /home/mcfb/ros2_ws/install/px4_msgs/share/px4_msgs/msg/FollowTargetStatus.json\n'}
[1.544186] (px4_msgs) StdoutLine: {'line': b'-- Up-to-date: /home/mcfb/ros2_ws/install/px4_msgs/share/px4_msgs/msg/FuelTankStatus.json\n'}
[1.544243] (px4_msgs) StdoutLine: {'line': b'-- Up-to-date: /home/mcfb/ros2_ws/install/px4_msgs/share/px4_msgs/msg/GeneratorStatus.json\n'}
[1.544302] (px4_msgs) StdoutLine: {'line': b'-- Up-to-date: /home/mcfb/ros2_ws/install/px4_msgs/share/px4_msgs/msg/GeofenceResult.json\n'}
[1.544359] (px4_msgs) StdoutLine: {'line': b'-- Up-to-date: /home/mcfb/ros2_ws/install/px4_msgs/share/px4_msgs/msg/GeofenceStatus.json\n'}
[1.544419] (px4_msgs) StdoutLine: {'line': b'-- Up-to-date: /home/mcfb/ros2_ws/install/px4_msgs/share/px4_msgs/msg/GimbalControls.json\n'}
[1.544478] (px4_msgs) StdoutLine: {'line': b'-- Up-to-date: /home/mcfb/ros2_ws/install/px4_msgs/share/px4_msgs/msg/GimbalDeviceAttitudeStatus.json\n'}
[1.544535] (px4_msgs) StdoutLine: {'line': b'-- Up-to-date: /home/mcfb/ros2_ws/install/px4_msgs/share/px4_msgs/msg/GimbalDeviceInformation.json\n'}
[1.544589] (px4_msgs) StdoutLine: {'line': b'-- Up-to-date: /home/mcfb/ros2_ws/install/px4_msgs/share/px4_msgs/msg/GimbalDeviceSetAttitude.json\n'}
[1.544647] (px4_msgs) StdoutLine: {'line': b'-- Up-to-date: /home/mcfb/ros2_ws/install/px4_msgs/share/px4_msgs/msg/GimbalManagerInformation.json\n'}
[1.544697] (px4_msgs) StdoutLine: {'line': b'-- Up-to-date: /home/mcfb/ros2_ws/install/px4_msgs/share/px4_msgs/msg/GimbalManagerSetAttitude.json\n'}
[1.544748] (px4_msgs) StdoutLine: {'line': b'-- Up-to-date: /home/mcfb/ros2_ws/install/px4_msgs/share/px4_msgs/msg/GimbalManagerSetManualControl.json\n'}
[1.544803] (px4_msgs) StdoutLine: {'line': b'-- Up-to-date: /home/mcfb/ros2_ws/install/px4_msgs/share/px4_msgs/msg/GimbalManagerStatus.json\n'}
[1.544858] (px4_msgs) StdoutLine: {'line': b'-- Up-to-date: /home/mcfb/ros2_ws/install/px4_msgs/share/px4_msgs/msg/GotoSetpoint.json\n'}
[1.544906] (px4_msgs) StdoutLine: {'line': b'-- Up-to-date: /home/mcfb/ros2_ws/install/px4_msgs/share/px4_msgs/msg/GpioConfig.json\n'}
[1.544956] (px4_msgs) StdoutLine: {'line': b'-- Up-to-date: /home/mcfb/ros2_ws/install/px4_msgs/share/px4_msgs/msg/GpioIn.json\n'}
[1.545006] (px4_msgs) StdoutLine: {'line': b'-- Up-to-date: /home/mcfb/ros2_ws/install/px4_msgs/share/px4_msgs/msg/GpioOut.json\n'}
[1.545064] (px4_msgs) StdoutLine: {'line': b'-- Up-to-date: /home/mcfb/ros2_ws/install/px4_msgs/share/px4_msgs/msg/GpioRequest.json\n'}
[1.545121] (px4_msgs) StdoutLine: {'line': b'-- Up-to-date: /home/mcfb/ros2_ws/install/px4_msgs/share/px4_msgs/msg/GpsDump.json\n'}
[1.545177] (px4_msgs) StdoutLine: {'line': b'-- Up-to-date: /home/mcfb/ros2_ws/install/px4_msgs/share/px4_msgs/msg/GpsInjectData.json\n'}
[1.545219] (px4_msgs) StdoutLine: {'line': b'-- Up-to-date: /home/mcfb/ros2_ws/install/px4_msgs/share/px4_msgs/msg/Gripper.json\n'}
[1.545260] (px4_msgs) StdoutLine: {'line': b'-- Up-to-date: /home/mcfb/ros2_ws/install/px4_msgs/share/px4_msgs/msg/HealthReport.json\n'}
[1.545298] (px4_msgs) StdoutLine: {'line': b'-- Up-to-date: /home/mcfb/ros2_ws/install/px4_msgs/share/px4_msgs/msg/HeaterStatus.json\n'}
[1.545372] (px4_msgs) StdoutLine: {'line': b'-- Up-to-date: /home/mcfb/ros2_ws/install/px4_msgs/share/px4_msgs/msg/HomePosition.json\n'}
[1.545411] (px4_msgs) StdoutLine: {'line': b'-- Up-to-date: /home/mcfb/ros2_ws/install/px4_msgs/share/px4_msgs/msg/HoverThrustEstimate.json\n'}
[1.545449] (px4_msgs) StdoutLine: {'line': b'-- Up-to-date: /home/mcfb/ros2_ws/install/px4_msgs/share/px4_msgs/msg/InputRc.json\n'}
[1.545486] (px4_msgs) StdoutLine: {'line': b'-- Up-to-date: /home/mcfb/ros2_ws/install/px4_msgs/share/px4_msgs/msg/InternalCombustionEngineControl.json\n'}
[1.545522] (px4_msgs) StdoutLine: {'line': b'-- Up-to-date: /home/mcfb/ros2_ws/install/px4_msgs/share/px4_msgs/msg/InternalCombustionEngineStatus.json\n'}
[1.545571] (px4_msgs) StdoutLine: {'line': b'-- Up-to-date: /home/mcfb/ros2_ws/install/px4_msgs/share/px4_msgs/msg/IridiumsbdStatus.json\n'}
[1.545620] (px4_msgs) StdoutLine: {'line': b'-- Up-to-date: /home/mcfb/ros2_ws/install/px4_msgs/share/px4_msgs/msg/IrlockReport.json\n'}
[1.545668] (px4_msgs) StdoutLine: {'line': b'-- Up-to-date: /home/mcfb/ros2_ws/install/px4_msgs/share/px4_msgs/msg/LandingGear.json\n'}
[1.545722] (px4_msgs) StdoutLine: {'line': b'-- Up-to-date: /home/mcfb/ros2_ws/install/px4_msgs/share/px4_msgs/msg/LandingGearWheel.json\n'}
[1.545841] (px4_msgs) StdoutLine: {'line': b'-- Up-to-date: /home/mcfb/ros2_ws/install/px4_msgs/share/px4_msgs/msg/LandingTargetInnovations.json\n'}
[1.545895] (px4_msgs) StdoutLine: {'line': b'-- Up-to-date: /home/mcfb/ros2_ws/install/px4_msgs/share/px4_msgs/msg/LandingTargetPose.json\n'}
[1.545944] (px4_msgs) StdoutLine: {'line': b'-- Up-to-date: /home/mcfb/ros2_ws/install/px4_msgs/share/px4_msgs/msg/LateralControlConfiguration.json\n'}
[1.545992] (px4_msgs) StdoutLine: {'line': b'-- Up-to-date: /home/mcfb/ros2_ws/install/px4_msgs/share/px4_msgs/msg/LaunchDetectionStatus.json\n'}
[1.546041] (px4_msgs) StdoutLine: {'line': b'-- Up-to-date: /home/mcfb/ros2_ws/install/px4_msgs/share/px4_msgs/msg/LedControl.json\n'}
[1.546147] (px4_msgs) StdoutLine: {'line': b'-- Up-to-date: /home/mcfb/ros2_ws/install/px4_msgs/share/px4_msgs/msg/LogMessage.json\n'}
[1.546201] (px4_msgs) StdoutLine: {'line': b'-- Up-to-date: /home/mcfb/ros2_ws/install/px4_msgs/share/px4_msgs/msg/LoggerStatus.json\n'}
[1.546251] (px4_msgs) StdoutLine: {'line': b'-- Up-to-date: /home/mcfb/ros2_ws/install/px4_msgs/share/px4_msgs/msg/LongitudinalControlConfiguration.json\n'}
[1.546300] (px4_msgs) StdoutLine: {'line': b'-- Up-to-date: /home/mcfb/ros2_ws/install/px4_msgs/share/px4_msgs/msg/MagWorkerData.json\n'}
[1.546348] (px4_msgs) StdoutLine: {'line': b'-- Up-to-date: /home/mcfb/ros2_ws/install/px4_msgs/share/px4_msgs/msg/MagnetometerBiasEstimate.json\n'}
[1.546396] (px4_msgs) StdoutLine: {'line': b'-- Up-to-date: /home/mcfb/ros2_ws/install/px4_msgs/share/px4_msgs/msg/ManualControlSetpoint.json\n'}
[1.546453] (px4_msgs) StdoutLine: {'line': b'-- Up-to-date: /home/mcfb/ros2_ws/install/px4_msgs/share/px4_msgs/msg/ManualControlSwitches.json\n'}
[1.546502] (px4_msgs) StdoutLine: {'line': b'-- Up-to-date: /home/mcfb/ros2_ws/install/px4_msgs/share/px4_msgs/msg/MavlinkLog.json\n'}
[1.546550] (px4_msgs) StdoutLine: {'line': b'-- Up-to-date: /home/mcfb/ros2_ws/install/px4_msgs/share/px4_msgs/msg/MavlinkTunnel.json\n'}
[1.546653] (px4_msgs) StdoutLine: {'line': b'-- Up-to-date: /home/mcfb/ros2_ws/install/px4_msgs/share/px4_msgs/msg/MessageFormatRequest.json\n'}
[1.546708] (px4_msgs) StdoutLine: {'line': b'-- Up-to-date: /home/mcfb/ros2_ws/install/px4_msgs/share/px4_msgs/msg/MessageFormatResponse.json\n'}
[1.546759] (px4_msgs) StdoutLine: {'line': b'-- Up-to-date: /home/mcfb/ros2_ws/install/px4_msgs/share/px4_msgs/msg/Mission.json\n'}
[1.546809] (px4_msgs) StdoutLine: {'line': b'-- Up-to-date: /home/mcfb/ros2_ws/install/px4_msgs/share/px4_msgs/msg/MissionResult.json\n'}
[1.546859] (px4_msgs) StdoutLine: {'line': b'-- Up-to-date: /home/mcfb/ros2_ws/install/px4_msgs/share/px4_msgs/msg/ModeCompleted.json\n'}
[1.546908] (px4_msgs) StdoutLine: {'line': b'-- Up-to-date: /home/mcfb/ros2_ws/install/px4_msgs/share/px4_msgs/msg/MountOrientation.json\n'}
[1.546956] (px4_msgs) StdoutLine: {'line': b'-- Up-to-date: /home/mcfb/ros2_ws/install/px4_msgs/share/px4_msgs/msg/NavigatorMissionItem.json\n'}
[1.547057] (px4_msgs) StdoutLine: {'line': b'-- Up-to-date: /home/mcfb/ros2_ws/install/px4_msgs/share/px4_msgs/msg/NavigatorStatus.json\n'}
[1.547144] (px4_msgs) StdoutLine: {'line': b'-- Up-to-date: /home/mcfb/ros2_ws/install/px4_msgs/share/px4_msgs/msg/NeuralControl.json\n'}
[1.547181] (px4_msgs) StdoutLine: {'line': b'-- Up-to-date: /home/mcfb/ros2_ws/install/px4_msgs/share/px4_msgs/msg/NormalizedUnsignedSetpoint.json\n'}
[1.547216] (px4_msgs) StdoutLine: {'line': b'-- Up-to-date: /home/mcfb/ros2_ws/install/px4_msgs/share/px4_msgs/msg/ObstacleDistance.json\n'}
[1.547256] (px4_msgs) StdoutLine: {'line': b'-- Up-to-date: /home/mcfb/ros2_ws/install/px4_msgs/share/px4_msgs/msg/OffboardControlMode.json\n'}
[1.547308] (px4_msgs) StdoutLine: {'line': b'-- Up-to-date: /home/mcfb/ros2_ws/install/px4_msgs/share/px4_msgs/msg/OnboardComputerStatus.json\n'}
[1.547357] (px4_msgs) StdoutLine: {'line': b'-- Up-to-date: /home/mcfb/ros2_ws/install/px4_msgs/share/px4_msgs/msg/OpenDroneIdArmStatus.json\n'}
[1.547407] (px4_msgs) StdoutLine: {'line': b'-- Up-to-date: /home/mcfb/ros2_ws/install/px4_msgs/share/px4_msgs/msg/OpenDroneIdOperatorId.json\n'}
[1.547463] (px4_msgs) StdoutLine: {'line': b'-- Up-to-date: /home/mcfb/ros2_ws/install/px4_msgs/share/px4_msgs/msg/OpenDroneIdSelfId.json\n'}
[1.547523] (px4_msgs) StdoutLine: {'line': b'-- Up-to-date: /home/mcfb/ros2_ws/install/px4_msgs/share/px4_msgs/msg/OpenDroneIdSystem.json\n'}
[1.547582] (px4_msgs) StdoutLine: {'line': b'-- Up-to-date: /home/mcfb/ros2_ws/install/px4_msgs/share/px4_msgs/msg/OrbTest.json\n'}
[1.547633] (px4_msgs) StdoutLine: {'line': b'-- Up-to-date: /home/mcfb/ros2_ws/install/px4_msgs/share/px4_msgs/msg/OrbTestLarge.json\n'}
[1.547680] (px4_msgs) StdoutLine: {'line': b'-- Up-to-date: /home/mcfb/ros2_ws/install/px4_msgs/share/px4_msgs/msg/OrbTestMedium.json\n'}
[1.547721] (px4_msgs) StdoutLine: {'line': b'-- Up-to-date: /home/mcfb/ros2_ws/install/px4_msgs/share/px4_msgs/msg/OrbitStatus.json\n'}
[1.547757] (px4_msgs) StdoutLine: {'line': b'-- Up-to-date: /home/mcfb/ros2_ws/install/px4_msgs/share/px4_msgs/msg/ParameterResetRequest.json\n'}
[1.547798] (px4_msgs) StdoutLine: {'line': b'-- Up-to-date: /home/mcfb/ros2_ws/install/px4_msgs/share/px4_msgs/msg/ParameterSetUsedRequest.json\n'}
[1.547845] (px4_msgs) StdoutLine: {'line': b'-- Up-to-date: /home/mcfb/ros2_ws/install/px4_msgs/share/px4_msgs/msg/ParameterSetValueRequest.json\n'}
[1.547898] (px4_msgs) StdoutLine: {'line': b'-- Up-to-date: /home/mcfb/ros2_ws/install/px4_msgs/share/px4_msgs/msg/ParameterSetValueResponse.json\n'}
[1.547935] (px4_msgs) StdoutLine: {'line': b'-- Up-to-date: /home/mcfb/ros2_ws/install/px4_msgs/share/px4_msgs/msg/ParameterUpdate.json\n'}
[1.547972] (px4_msgs) StdoutLine: {'line': b'-- Up-to-date: /home/mcfb/ros2_ws/install/px4_msgs/share/px4_msgs/msg/Ping.json\n'}
[1.548008] (px4_msgs) StdoutLine: {'line': b'-- Up-to-date: /home/mcfb/ros2_ws/install/px4_msgs/share/px4_msgs/msg/PositionControllerLandingStatus.json\n'}
[1.548046] (px4_msgs) StdoutLine: {'line': b'-- Up-to-date: /home/mcfb/ros2_ws/install/px4_msgs/share/px4_msgs/msg/PositionControllerStatus.json\n'}
[1.548094] (px4_msgs) StdoutLine: {'line': b'-- Up-to-date: /home/mcfb/ros2_ws/install/px4_msgs/share/px4_msgs/msg/PositionSetpoint.json\n'}
[1.548170] (px4_msgs) StdoutLine: {'line': b'-- Up-to-date: /home/mcfb/ros2_ws/install/px4_msgs/share/px4_msgs/msg/PositionSetpointTriplet.json\n'}
[1.548230] (px4_msgs) StdoutLine: {'line': b'-- Up-to-date: /home/mcfb/ros2_ws/install/px4_msgs/share/px4_msgs/msg/PowerButtonState.json\n'}
[1.548286] (px4_msgs) StdoutLine: {'line': b'-- Up-to-date: /home/mcfb/ros2_ws/install/px4_msgs/share/px4_msgs/msg/PowerMonitor.json\n'}
[1.548334] (px4_msgs) StdoutLine: {'line': b'-- Up-to-date: /home/mcfb/ros2_ws/install/px4_msgs/share/px4_msgs/msg/PpsCapture.json\n'}
[1.548372] (px4_msgs) StdoutLine: {'line': b'-- Up-to-date: /home/mcfb/ros2_ws/install/px4_msgs/share/px4_msgs/msg/PurePursuitStatus.json\n'}
[1.548422] (px4_msgs) StdoutLine: {'line': b'-- Up-to-date: /home/mcfb/ros2_ws/install/px4_msgs/share/px4_msgs/msg/PwmInput.json\n'}
[1.548478] (px4_msgs) StdoutLine: {'line': b'-- Up-to-date: /home/mcfb/ros2_ws/install/px4_msgs/share/px4_msgs/msg/Px4ioStatus.json\n'}
[1.548529] (px4_msgs) StdoutLine: {'line': b'-- Up-to-date: /home/mcfb/ros2_ws/install/px4_msgs/share/px4_msgs/msg/QshellReq.json\n'}
[1.548581] (px4_msgs) StdoutLine: {'line': b'-- Up-to-date: /home/mcfb/ros2_ws/install/px4_msgs/share/px4_msgs/msg/QshellRetval.json\n'}
[1.548629] (px4_msgs) StdoutLine: {'line': b'-- Up-to-date: /home/mcfb/ros2_ws/install/px4_msgs/share/px4_msgs/msg/RadioStatus.json\n'}
[1.548681] (px4_msgs) StdoutLine: {'line': b'-- Up-to-date: /home/mcfb/ros2_ws/install/px4_msgs/share/px4_msgs/msg/RateCtrlStatus.json\n'}
[1.548735] (px4_msgs) StdoutLine: {'line': b'-- Up-to-date: /home/mcfb/ros2_ws/install/px4_msgs/share/px4_msgs/msg/RcChannels.json\n'}
[1.548803] (px4_msgs) StdoutLine: {'line': b'-- Up-to-date: /home/mcfb/ros2_ws/install/px4_msgs/share/px4_msgs/msg/RcParameterMap.json\n'}
[1.548864] (px4_msgs) StdoutLine: {'line': b'-- Up-to-date: /home/mcfb/ros2_ws/install/px4_msgs/share/px4_msgs/msg/RegisterExtComponentReply.json\n'}
[1.548924] (px4_msgs) StdoutLine: {'line': b'-- Up-to-date: /home/mcfb/ros2_ws/install/px4_msgs/share/px4_msgs/msg/RegisterExtComponentRequest.json\n'}
[1.548969] (px4_msgs) StdoutLine: {'line': b'-- Up-to-date: /home/mcfb/ros2_ws/install/px4_msgs/share/px4_msgs/msg/RoverAttitudeSetpoint.json\n'}
[1.549009] (px4_msgs) StdoutLine: {'line': b'-- Up-to-date: /home/mcfb/ros2_ws/install/px4_msgs/share/px4_msgs/msg/RoverAttitudeStatus.json\n'}
[1.549049] (px4_msgs) StdoutLine: {'line': b'-- Up-to-date: /home/mcfb/ros2_ws/install/px4_msgs/share/px4_msgs/msg/RoverPositionSetpoint.json\n'}
[1.549353] (px4_msgs) StdoutLine: {'line': b'-- Up-to-date: /home/mcfb/ros2_ws/install/px4_msgs/share/px4_msgs/msg/RoverRateSetpoint.json\n'}
[1.549541] (px4_msgs) StdoutLine: {'line': b'-- Up-to-date: /home/mcfb/ros2_ws/install/px4_msgs/share/px4_msgs/msg/RoverRateStatus.json\n'}
[1.549602] (px4_msgs) StdoutLine: {'line': b'-- Up-to-date: /home/mcfb/ros2_ws/install/px4_msgs/share/px4_msgs/msg/RoverSpeedSetpoint.json\n'}
[1.549658] (px4_msgs) StdoutLine: {'line': b'-- Up-to-date: /home/mcfb/ros2_ws/install/px4_msgs/share/px4_msgs/msg/RoverSpeedStatus.json\n'}
[1.549774] (px4_msgs) StdoutLine: {'line': b'-- Up-to-date: /home/mcfb/ros2_ws/install/px4_msgs/share/px4_msgs/msg/RoverSteeringSetpoint.json\n'}
[1.549867] (px4_msgs) StdoutLine: {'line': b'-- Up-to-date: /home/mcfb/ros2_ws/install/px4_msgs/share/px4_msgs/msg/RoverThrottleSetpoint.json\n'}
[1.549934] (px4_msgs) StdoutLine: {'line': b'-- Up-to-date: /home/mcfb/ros2_ws/install/px4_msgs/share/px4_msgs/msg/Rpm.json\n'}
[1.550003] (px4_msgs) StdoutLine: {'line': b'-- Up-to-date: /home/mcfb/ros2_ws/install/px4_msgs/share/px4_msgs/msg/RtlStatus.json\n'}
[1.550115] (px4_msgs) StdoutLine: {'line': b'-- Up-to-date: /home/mcfb/ros2_ws/install/px4_msgs/share/px4_msgs/msg/RtlTimeEstimate.json\n'}
[1.550178] (px4_msgs) StdoutLine: {'line': b'-- Up-to-date: /home/mcfb/ros2_ws/install/px4_msgs/share/px4_msgs/msg/SatelliteInfo.json\n'}
[1.550359] (px4_msgs) StdoutLine: {'line': b'-- Up-to-date: /home/mcfb/ros2_ws/install/px4_msgs/share/px4_msgs/msg/SensorAccel.json\n'}
[1.550414] (px4_msgs) StdoutLine: {'line': b'-- Up-to-date: /home/mcfb/ros2_ws/install/px4_msgs/share/px4_msgs/msg/SensorAccelFifo.json\n'}
[1.550463] (px4_msgs) StdoutLine: {'line': b'-- Up-to-date: /home/mcfb/ros2_ws/install/px4_msgs/share/px4_msgs/msg/SensorAirflow.json\n'}
[1.550517] (px4_msgs) StdoutLine: {'line': b'-- Up-to-date: /home/mcfb/ros2_ws/install/px4_msgs/share/px4_msgs/msg/SensorBaro.json\n'}
[1.550570] (px4_msgs) StdoutLine: {'line': b'-- Up-to-date: /home/mcfb/ros2_ws/install/px4_msgs/share/px4_msgs/msg/SensorCombined.json\n'}
[1.550625] (px4_msgs) StdoutLine: {'line': b'-- Up-to-date: /home/mcfb/ros2_ws/install/px4_msgs/share/px4_msgs/msg/SensorCorrection.json\n'}
[1.550682] (px4_msgs) StdoutLine: {'line': b'-- Up-to-date: /home/mcfb/ros2_ws/install/px4_msgs/share/px4_msgs/msg/SensorGnssRelative.json\n'}
[1.550789] (px4_msgs) StdoutLine: {'line': b'-- Up-to-date: /home/mcfb/ros2_ws/install/px4_msgs/share/px4_msgs/msg/SensorGnssStatus.json\n'}
[1.550862] (px4_msgs) StdoutLine: {'line': b'-- Up-to-date: /home/mcfb/ros2_ws/install/px4_msgs/share/px4_msgs/msg/SensorGps.json\n'}
[1.550946] (px4_msgs) StdoutLine: {'line': b'-- Up-to-date: /home/mcfb/ros2_ws/install/px4_msgs/share/px4_msgs/msg/SensorGyro.json\n'}
[1.551003] (px4_msgs) StdoutLine: {'line': b'-- Up-to-date: /home/mcfb/ros2_ws/install/px4_msgs/share/px4_msgs/msg/SensorGyroFft.json\n'}
[1.551057] (px4_msgs) StdoutLine: {'line': b'-- Up-to-date: /home/mcfb/ros2_ws/install/px4_msgs/share/px4_msgs/msg/SensorGyroFifo.json\n'}
[1.551108] (px4_msgs) StdoutLine: {'line': b'-- Up-to-date: /home/mcfb/ros2_ws/install/px4_msgs/share/px4_msgs/msg/SensorHygrometer.json\n'}
[1.551161] (px4_msgs) StdoutLine: {'line': b'-- Up-to-date: /home/mcfb/ros2_ws/install/px4_msgs/share/px4_msgs/msg/SensorMag.json\n'}
[1.551214] (px4_msgs) StdoutLine: {'line': b'-- Up-to-date: /home/mcfb/ros2_ws/install/px4_msgs/share/px4_msgs/msg/SensorOpticalFlow.json\n'}
[1.551274] (px4_msgs) StdoutLine: {'line': b'-- Up-to-date: /home/mcfb/ros2_ws/install/px4_msgs/share/px4_msgs/msg/SensorPreflightMag.json\n'}
[1.551329] (px4_msgs) StdoutLine: {'line': b'-- Up-to-date: /home/mcfb/ros2_ws/install/px4_msgs/share/px4_msgs/msg/SensorSelection.json\n'}
[1.551379] (px4_msgs) StdoutLine: {'line': b'-- Up-to-date: /home/mcfb/ros2_ws/install/px4_msgs/share/px4_msgs/msg/SensorUwb.json\n'}
[1.551439] (px4_msgs) StdoutLine: {'line': b'-- Up-to-date: /home/mcfb/ros2_ws/install/px4_msgs/share/px4_msgs/msg/SensorsStatus.json\n'}
[1.551494] (px4_msgs) StdoutLine: {'line': b'-- Up-to-date: /home/mcfb/ros2_ws/install/px4_msgs/share/px4_msgs/msg/SensorsStatusImu.json\n'}
[1.551549] (px4_msgs) StdoutLine: {'line': b'-- Up-to-date: /home/mcfb/ros2_ws/install/px4_msgs/share/px4_msgs/msg/SystemPower.json\n'}
[1.551605] (px4_msgs) StdoutLine: {'line': b'-- Up-to-date: /home/mcfb/ros2_ws/install/px4_msgs/share/px4_msgs/msg/TakeoffStatus.json\n'}
[1.551657] (px4_msgs) StdoutLine: {'line': b'-- Up-to-date: /home/mcfb/ros2_ws/install/px4_msgs/share/px4_msgs/msg/TaskStackInfo.json\n'}
[1.551717] (px4_msgs) StdoutLine: {'line': b'-- Up-to-date: /home/mcfb/ros2_ws/install/px4_msgs/share/px4_msgs/msg/TecsStatus.json\n'}
[1.551777] (px4_msgs) StdoutLine: {'line': b'-- Up-to-date: /home/mcfb/ros2_ws/install/px4_msgs/share/px4_msgs/msg/TelemetryStatus.json\n'}
[1.551843] (px4_msgs) StdoutLine: {'line': b'-- Up-to-date: /home/mcfb/ros2_ws/install/px4_msgs/share/px4_msgs/msg/TiltrotorExtraControls.json\n'}
[1.551910] (px4_msgs) StdoutLine: {'line': b'-- Up-to-date: /home/mcfb/ros2_ws/install/px4_msgs/share/px4_msgs/msg/TimesyncStatus.json\n'}
[1.551966] (px4_msgs) StdoutLine: {'line': b'-- Up-to-date: /home/mcfb/ros2_ws/install/px4_msgs/share/px4_msgs/msg/TrajectorySetpoint.json\n'}
[1.552020] (px4_msgs) StdoutLine: {'line': b'-- Up-to-date: /home/mcfb/ros2_ws/install/px4_msgs/share/px4_msgs/msg/TrajectorySetpoint6dof.json\n'}
[1.552087] (px4_msgs) StdoutLine: {'line': b'-- Up-to-date: /home/mcfb/ros2_ws/install/px4_msgs/share/px4_msgs/msg/TransponderReport.json\n'}
[1.552148] (px4_msgs) StdoutLine: {'line': b'-- Up-to-date: /home/mcfb/ros2_ws/install/px4_msgs/share/px4_msgs/msg/TuneControl.json\n'}
[1.552207] (px4_msgs) StdoutLine: {'line': b'-- Up-to-date: /home/mcfb/ros2_ws/install/px4_msgs/share/px4_msgs/msg/UavcanParameterRequest.json\n'}
[1.552267] (px4_msgs) StdoutLine: {'line': b'-- Up-to-date: /home/mcfb/ros2_ws/install/px4_msgs/share/px4_msgs/msg/UavcanParameterValue.json\n'}
[1.552321] (px4_msgs) StdoutLine: {'line': b'-- Up-to-date: /home/mcfb/ros2_ws/install/px4_msgs/share/px4_msgs/msg/UlogStream.json\n'}
[1.552380] (px4_msgs) StdoutLine: {'line': b'-- Up-to-date: /home/mcfb/ros2_ws/install/px4_msgs/share/px4_msgs/msg/UlogStreamAck.json\n'}
[1.552442] (px4_msgs) StdoutLine: {'line': b'-- Up-to-date: /home/mcfb/ros2_ws/install/px4_msgs/share/px4_msgs/msg/UnregisterExtComponent.json\n'}
[1.552508] (px4_msgs) StdoutLine: {'line': b'-- Up-to-date: /home/mcfb/ros2_ws/install/px4_msgs/share/px4_msgs/msg/VehicleAcceleration.json\n'}
[1.552571] (px4_msgs) StdoutLine: {'line': b'-- Up-to-date: /home/mcfb/ros2_ws/install/px4_msgs/share/px4_msgs/msg/VehicleAirData.json\n'}
[1.552623] (px4_msgs) StdoutLine: {'line': b'-- Up-to-date: /home/mcfb/ros2_ws/install/px4_msgs/share/px4_msgs/msg/VehicleAngularAccelerationSetpoint.json\n'}
[1.553023] (px4_msgs) StdoutLine: {'line': b'-- Up-to-date: /home/mcfb/ros2_ws/install/px4_msgs/share/px4_msgs/msg/VehicleAngularVelocity.json\n'}
[1.553275] (px4_msgs) StdoutLine: {'line': b'-- Up-to-date: /home/mcfb/ros2_ws/install/px4_msgs/share/px4_msgs/msg/VehicleAttitude.json\n'}
[1.553460] (px4_msgs) StdoutLine: {'line': b'-- Up-to-date: /home/mcfb/ros2_ws/install/px4_msgs/share/px4_msgs/msg/VehicleAttitudeSetpoint.json\n'}
[1.553520] (px4_msgs) StdoutLine: {'line': b'-- Up-to-date: /home/mcfb/ros2_ws/install/px4_msgs/share/px4_msgs/msg/VehicleCommand.json\n'}
[1.553563] (px4_msgs) StdoutLine: {'line': b'-- Up-to-date: /home/mcfb/ros2_ws/install/px4_msgs/share/px4_msgs/msg/VehicleCommandAck.json\n'}
[1.553602] (px4_msgs) StdoutLine: {'line': b'-- Up-to-date: /home/mcfb/ros2_ws/install/px4_msgs/share/px4_msgs/msg/VehicleConstraints.json\n'}
[1.553642] (px4_msgs) StdoutLine: {'line': b'-- Up-to-date: /home/mcfb/ros2_ws/install/px4_msgs/share/px4_msgs/msg/VehicleControlMode.json\n'}
[1.553814] (px4_msgs) StdoutLine: {'line': b'-- Up-to-date: /home/mcfb/ros2_ws/install/px4_msgs/share/px4_msgs/msg/VehicleGlobalPosition.json\n'}
[1.553917] (px4_msgs) StdoutLine: {'line': b'-- Up-to-date: /home/mcfb/ros2_ws/install/px4_msgs/share/px4_msgs/msg/VehicleImu.json\n'}
[1.553973] (px4_msgs) StdoutLine: {'line': b'-- Up-to-date: /home/mcfb/ros2_ws/install/px4_msgs/share/px4_msgs/msg/VehicleImuStatus.json\n'}
[1.554066] (px4_msgs) StdoutLine: {'line': b'-- Up-to-date: /home/mcfb/ros2_ws/install/px4_msgs/share/px4_msgs/msg/VehicleLandDetected.json\n'}
[1.554118] (px4_msgs) StdoutLine: {'line': b'-- Up-to-date: /home/mcfb/ros2_ws/install/px4_msgs/share/px4_msgs/msg/VehicleLocalPosition.json\n'}
[1.554172] (px4_msgs) StdoutLine: {'line': b'-- Up-to-date: /home/mcfb/ros2_ws/install/px4_msgs/share/px4_msgs/msg/VehicleLocalPositionSetpoint.json\n'}
[1.554222] (px4_msgs) StdoutLine: {'line': b'-- Up-to-date: /home/mcfb/ros2_ws/install/px4_msgs/share/px4_msgs/msg/VehicleMagnetometer.json\n'}
[1.554274] (px4_msgs) StdoutLine: {'line': b'-- Up-to-date: /home/mcfb/ros2_ws/install/px4_msgs/share/px4_msgs/msg/VehicleOdometry.json\n'}
[1.554330] (px4_msgs) StdoutLine: {'line': b'-- Up-to-date: /home/mcfb/ros2_ws/install/px4_msgs/share/px4_msgs/msg/VehicleOpticalFlow.json\n'}
[1.554376] (px4_msgs) StdoutLine: {'line': b'-- Up-to-date: /home/mcfb/ros2_ws/install/px4_msgs/share/px4_msgs/msg/VehicleOpticalFlowVel.json\n'}
[1.554424] (px4_msgs) StdoutLine: {'line': b'-- Up-to-date: /home/mcfb/ros2_ws/install/px4_msgs/share/px4_msgs/msg/VehicleRatesSetpoint.json\n'}
[1.554473] (px4_msgs) StdoutLine: {'line': b'-- Up-to-date: /home/mcfb/ros2_ws/install/px4_msgs/share/px4_msgs/msg/VehicleRoi.json\n'}
[1.554642] (px4_msgs) StdoutLine: {'line': b'-- Up-to-date: /home/mcfb/ros2_ws/install/px4_msgs/share/px4_msgs/msg/VehicleStatus.json\n'}
[1.554701] (px4_msgs) StdoutLine: {'line': b'-- Up-to-date: /home/mcfb/ros2_ws/install/px4_msgs/share/px4_msgs/msg/VehicleThrustSetpoint.json\n'}
[1.554751] (px4_msgs) StdoutLine: {'line': b'-- Up-to-date: /home/mcfb/ros2_ws/install/px4_msgs/share/px4_msgs/msg/VehicleTorqueSetpoint.json\n'}
[1.554814] (px4_msgs) StdoutLine: {'line': b'-- Up-to-date: /home/mcfb/ros2_ws/install/px4_msgs/share/px4_msgs/msg/VelocityLimits.json\n'}
[1.555115] (px4_msgs) StdoutLine: {'line': b'-- Up-to-date: /home/mcfb/ros2_ws/install/px4_msgs/share/px4_msgs/msg/VtolVehicleStatus.json\n'}
[1.555190] (px4_msgs) StdoutLine: {'line': b'-- Up-to-date: /home/mcfb/ros2_ws/install/px4_msgs/share/px4_msgs/msg/WheelEncoders.json\n'}
[1.555441] (px4_msgs) StdoutLine: {'line': b'-- Up-to-date: /home/mcfb/ros2_ws/install/px4_msgs/share/px4_msgs/msg/Wind.json\n'}
[1.555492] (px4_msgs) StdoutLine: {'line': b'-- Up-to-date: /home/mcfb/ros2_ws/install/px4_msgs/share/px4_msgs/msg/YawEstimatorStatus.json\n'}
[1.555540] (px4_msgs) StdoutLine: {'line': b'-- Up-to-date: /home/mcfb/ros2_ws/install/px4_msgs/share/px4_msgs/srv/VehicleCommand.json\n'}
[1.555695] (px4_msgs) StdoutLine: {'line': b'-- Up-to-date: /home/mcfb/ros2_ws/install/px4_msgs/include/px4_msgs/px4_msgs\n'}
[1.555743] (px4_msgs) StdoutLine: {'line': b'-- Up-to-date: /home/mcfb/ros2_ws/install/px4_msgs/include/px4_msgs/px4_msgs/srv\n'}
[1.555791] (px4_msgs) StdoutLine: {'line': b'-- Up-to-date: /home/mcfb/ros2_ws/install/px4_msgs/include/px4_msgs/px4_msgs/srv/detail\n'}
[1.555837] (px4_msgs) StdoutLine: {'line': b'-- Up-to-date: /home/mcfb/ros2_ws/install/px4_msgs/include/px4_msgs/px4_msgs/srv/detail/vehicle_command__struct.h\n'}
[1.555910] (px4_msgs) StdoutLine: {'line': b'-- Up-to-date: /home/mcfb/ros2_ws/install/px4_msgs/include/px4_msgs/px4_msgs/srv/detail/vehicle_command__type_support.h\n'}
[1.555951] (px4_msgs) StdoutLine: {'line': b'-- Up-to-date: /home/mcfb/ros2_ws/install/px4_msgs/include/px4_msgs/px4_msgs/srv/detail/vehicle_command__description.c\n'}
[1.556377] (px4_msgs) StdoutLine: {'line': b'-- Up-to-date: /home/mcfb/ros2_ws/install/px4_msgs/include/px4_msgs/px4_msgs/srv/detail/vehicle_command__functions.h\n'}
[1.556426] (px4_msgs) StdoutLine: {'line': b'-- Installing: /home/mcfb/ros2_ws/install/px4_msgs/include/px4_msgs/px4_msgs/srv/detail/vehicle_command__type_support.c\n'}
[1.556473] (px4_msgs) StdoutLine: {'line': b'-- Up-to-date: /home/mcfb/ros2_ws/install/px4_msgs/include/px4_msgs/px4_msgs/srv/detail/vehicle_command__functions.c\n'}
[1.556517] (px4_msgs) StdoutLine: {'line': b'-- Up-to-date: /home/mcfb/ros2_ws/install/px4_msgs/include/px4_msgs/px4_msgs/srv/vehicle_command.h\n'}
[1.556654] (px4_msgs) StdoutLine: {'line': b'-- Up-to-date: /home/mcfb/ros2_ws/install/px4_msgs/include/px4_msgs/px4_msgs/msg\n'}
[1.556701] (px4_msgs) StdoutLine: {'line': b'-- Up-to-date: /home/mcfb/ros2_ws/install/px4_msgs/include/px4_msgs/px4_msgs/msg/goto_setpoint.h\n'}
[1.556745] (px4_msgs) StdoutLine: {'line': b'-- Up-to-date: /home/mcfb/ros2_ws/install/px4_msgs/include/px4_msgs/px4_msgs/msg/offboard_control_mode.h\n'}
[1.556789] (px4_msgs) StdoutLine: {'line': b'-- Up-to-date: /home/mcfb/ros2_ws/install/px4_msgs/include/px4_msgs/px4_msgs/msg/log_message.h\n'}
[1.556846] (px4_msgs) StdoutLine: {'line': b'-- Up-to-date: /home/mcfb/ros2_ws/install/px4_msgs/include/px4_msgs/px4_msgs/msg/sensor_accel.h\n'}
[1.557044] (px4_msgs) StdoutLine: {'line': b'-- Up-to-date: /home/mcfb/ros2_ws/install/px4_msgs/include/px4_msgs/px4_msgs/msg/open_drone_id_self_id.h\n'}
[1.557092] (px4_msgs) StdoutLine: {'line': b'-- Up-to-date: /home/mcfb/ros2_ws/install/px4_msgs/include/px4_msgs/px4_msgs/msg/action_request.h\n'}
[1.557151] (px4_msgs) StdoutLine: {'line': b'-- Up-to-date: /home/mcfb/ros2_ws/install/px4_msgs/include/px4_msgs/px4_msgs/msg/battery_status.h\n'}
[1.557247] (px4_msgs) StdoutLine: {'line': b'-- Up-to-date: /home/mcfb/ros2_ws/install/px4_msgs/include/px4_msgs/px4_msgs/msg/rover_speed_status.h\n'}
[1.557315] (px4_msgs) StdoutLine: {'line': b'-- Up-to-date: /home/mcfb/ros2_ws/install/px4_msgs/include/px4_msgs/px4_msgs/msg/distance_sensor.h\n'}
[1.557379] (px4_msgs) StdoutLine: {'line': b'-- Up-to-date: /home/mcfb/ros2_ws/install/px4_msgs/include/px4_msgs/px4_msgs/msg/debug_array.h\n'}
[1.557504] (px4_msgs) StdoutLine: {'line': b'-- Up-to-date: /home/mcfb/ros2_ws/install/px4_msgs/include/px4_msgs/px4_msgs/msg/vehicle_air_data.h\n'}
[1.557560] (px4_msgs) StdoutLine: {'line': b'-- Up-to-date: /home/mcfb/ros2_ws/install/px4_msgs/include/px4_msgs/px4_msgs/msg/gimbal_manager_information.h\n'}
[1.557616] (px4_msgs) StdoutLine: {'line': b'-- Up-to-date: /home/mcfb/ros2_ws/install/px4_msgs/include/px4_msgs/px4_msgs/msg/estimator_status.h\n'}
[1.557664] (px4_msgs) StdoutLine: {'line': b'-- Up-to-date: /home/mcfb/ros2_ws/install/px4_msgs/include/px4_msgs/px4_msgs/msg/vehicle_command_ack.h\n'}
[1.557726] (px4_msgs) StdoutLine: {'line': b'-- Up-to-date: /home/mcfb/ros2_ws/install/px4_msgs/include/px4_msgs/px4_msgs/msg/sensor_uwb.h\n'}
[1.557787] (px4_msgs) StdoutLine: {'line': b'-- Up-to-date: /home/mcfb/ros2_ws/install/px4_msgs/include/px4_msgs/px4_msgs/msg/follow_target_estimator.h\n'}
[1.557841] (px4_msgs) StdoutLine: {'line': b'-- Up-to-date: /home/mcfb/ros2_ws/install/px4_msgs/include/px4_msgs/px4_msgs/msg/follow_target_status.h\n'}
[1.557910] (px4_msgs) StdoutLine: {'line': b'-- Up-to-date: /home/mcfb/ros2_ws/install/px4_msgs/include/px4_msgs/px4_msgs/msg/tune_control.h\n'}
[1.558014] (px4_msgs) StdoutLine: {'line': b'-- Up-to-date: /home/mcfb/ros2_ws/install/px4_msgs/include/px4_msgs/px4_msgs/msg/trajectory_setpoint.h\n'}
[1.558110] (px4_msgs) StdoutLine: {'line': b'-- Up-to-date: /home/mcfb/ros2_ws/install/px4_msgs/include/px4_msgs/px4_msgs/msg/gripper.h\n'}
[1.558249] (px4_msgs) StdoutLine: {'line': b'-- Up-to-date: /home/mcfb/ros2_ws/install/px4_msgs/include/px4_msgs/px4_msgs/msg/dataman_response.h\n'}
[1.558336] (px4_msgs) StdoutLine: {'line': b'-- Up-to-date: /home/mcfb/ros2_ws/install/px4_msgs/include/px4_msgs/px4_msgs/msg/dataman_request.h\n'}
[1.558432] (px4_msgs) StdoutLine: {'line': b'-- Up-to-date: /home/mcfb/ros2_ws/install/px4_msgs/include/px4_msgs/px4_msgs/msg/lateral_control_configuration.h\n'}
[1.558484] (px4_msgs) StdoutLine: {'line': b'-- Up-to-date: /home/mcfb/ros2_ws/install/px4_msgs/include/px4_msgs/px4_msgs/msg/rosidl_generator_c__visibility_control.h\n'}
[1.558537] (px4_msgs) StdoutLine: {'line': b'-- Up-to-date: /home/mcfb/ros2_ws/install/px4_msgs/include/px4_msgs/px4_msgs/msg/orbit_status.h\n'}
[1.558593] (px4_msgs) StdoutLine: {'line': b'-- Up-to-date: /home/mcfb/ros2_ws/install/px4_msgs/include/px4_msgs/px4_msgs/msg/launch_detection_status.h\n'}
[1.558644] (px4_msgs) StdoutLine: {'line': b'-- Up-to-date: /home/mcfb/ros2_ws/install/px4_msgs/include/px4_msgs/px4_msgs/msg/arming_check_request.h\n'}
[1.558703] (px4_msgs) StdoutLine: {'line': b'-- Up-to-date: /home/mcfb/ros2_ws/install/px4_msgs/include/px4_msgs/px4_msgs/msg/manual_control_switches.h\n'}
[1.558754] (px4_msgs) StdoutLine: {'line': b'-- Up-to-date: /home/mcfb/ros2_ws/install/px4_msgs/include/px4_msgs/px4_msgs/msg/debug_value.h\n'}
[1.558821] (px4_msgs) StdoutLine: {'line': b'-- Up-to-date: /home/mcfb/ros2_ws/install/px4_msgs/include/px4_msgs/px4_msgs/msg/register_ext_component_reply.h\n'}
[1.558943] (px4_msgs) StdoutLine: {'line': b'-- Up-to-date: /home/mcfb/ros2_ws/install/px4_msgs/include/px4_msgs/px4_msgs/msg/satellite_info.h\n'}
[1.559043] (px4_msgs) StdoutLine: {'line': b'-- Up-to-date: /home/mcfb/ros2_ws/install/px4_msgs/include/px4_msgs/px4_msgs/msg/follow_target.h\n'}
[1.559143] (px4_msgs) StdoutLine: {'line': b'-- Up-to-date: /home/mcfb/ros2_ws/install/px4_msgs/include/px4_msgs/px4_msgs/msg/mavlink_tunnel.h\n'}
[1.559252] (px4_msgs) StdoutLine: {'line': b'-- Up-to-date: /home/mcfb/ros2_ws/install/px4_msgs/include/px4_msgs/px4_msgs/msg/gimbal_device_set_attitude.h\n'}
[1.559307] (px4_msgs) StdoutLine: {'line': b'-- Up-to-date: /home/mcfb/ros2_ws/install/px4_msgs/include/px4_msgs/px4_msgs/msg/rover_attitude_status.h\n'}
[1.559372] (px4_msgs) StdoutLine: {'line': b'-- Up-to-date: /home/mcfb/ros2_ws/install/px4_msgs/include/px4_msgs/px4_msgs/msg/sensor_baro.h\n'}
[1.559426] (px4_msgs) StdoutLine: {'line': b'-- Up-to-date: /home/mcfb/ros2_ws/install/px4_msgs/include/px4_msgs/px4_msgs/msg/navigator_status.h\n'}
[1.559542] (px4_msgs) StdoutLine: {'line': b'-- Up-to-date: /home/mcfb/ros2_ws/install/px4_msgs/include/px4_msgs/px4_msgs/msg/actuator_servos_trim.h\n'}
[1.559637] (px4_msgs) StdoutLine: {'line': b'-- Up-to-date: /home/mcfb/ros2_ws/install/px4_msgs/include/px4_msgs/px4_msgs/msg/gps_inject_data.h\n'}
[1.559714] (px4_msgs) StdoutLine: {'line': b'-- Up-to-date: /home/mcfb/ros2_ws/install/px4_msgs/include/px4_msgs/px4_msgs/msg/estimator_status_flags.h\n'}
[1.559769] (px4_msgs) StdoutLine: {'line': b'-- Up-to-date: /home/mcfb/ros2_ws/install/px4_msgs/include/px4_msgs/px4_msgs/msg/landing_target_innovations.h\n'}
[1.559822] (px4_msgs) StdoutLine: {'line': b'-- Up-to-date: /home/mcfb/ros2_ws/install/px4_msgs/include/px4_msgs/px4_msgs/msg/estimator_aid_source3d.h\n'}
[1.559874] (px4_msgs) StdoutLine: {'line': b'-- Up-to-date: /home/mcfb/ros2_ws/install/px4_msgs/include/px4_msgs/px4_msgs/msg/sensor_selection.h\n'}
[1.559934] (px4_msgs) StdoutLine: {'line': b'-- Up-to-date: /home/mcfb/ros2_ws/install/px4_msgs/include/px4_msgs/px4_msgs/msg/rover_throttle_setpoint.h\n'}
[1.560021] (px4_msgs) StdoutLine: {'line': b'-- Up-to-date: /home/mcfb/ros2_ws/install/px4_msgs/include/px4_msgs/px4_msgs/msg/internal_combustion_engine_control.h\n'}
[1.560075] (px4_msgs) StdoutLine: {'line': b'-- Up-to-date: /home/mcfb/ros2_ws/install/px4_msgs/include/px4_msgs/px4_msgs/msg/power_button_state.h\n'}
[1.560126] (px4_msgs) StdoutLine: {'line': b'-- Up-to-date: /home/mcfb/ros2_ws/install/px4_msgs/include/px4_msgs/px4_msgs/msg/vehicle_optical_flow.h\n'}
[1.560188] (px4_msgs) StdoutLine: {'line': b'-- Up-to-date: /home/mcfb/ros2_ws/install/px4_msgs/include/px4_msgs/px4_msgs/msg/sensor_accel_fifo.h\n'}
[1.560249] (px4_msgs) StdoutLine: {'line': b'-- Up-to-date: /home/mcfb/ros2_ws/install/px4_msgs/include/px4_msgs/px4_msgs/msg/open_drone_id_system.h\n'}
[1.560359] (px4_msgs) StdoutLine: {'line': b'-- Up-to-date: /home/mcfb/ros2_ws/install/px4_msgs/include/px4_msgs/px4_msgs/msg/rtl_time_estimate.h\n'}
[1.560415] (px4_msgs) StdoutLine: {'line': b'-- Up-to-date: /home/mcfb/ros2_ws/install/px4_msgs/include/px4_msgs/px4_msgs/msg/collision_constraints.h\n'}
[1.560468] (px4_msgs) StdoutLine: {'line': b'-- Up-to-date: /home/mcfb/ros2_ws/install/px4_msgs/include/px4_msgs/px4_msgs/msg/sensors_status.h\n'}
[1.560513] (px4_msgs) StdoutLine: {'line': b'-- Up-to-date: /home/mcfb/ros2_ws/install/px4_msgs/include/px4_msgs/px4_msgs/msg/telemetry_status.h\n'}
[1.560634] (px4_msgs) StdoutLine: {'line': b'-- Up-to-date: /home/mcfb/ros2_ws/install/px4_msgs/include/px4_msgs/px4_msgs/msg/open_drone_id_arm_status.h\n'}
[1.560705] (px4_msgs) StdoutLine: {'line': b'-- Up-to-date: /home/mcfb/ros2_ws/install/px4_msgs/include/px4_msgs/px4_msgs/msg/parameter_set_value_response.h\n'}
[1.560769] (px4_msgs) StdoutLine: {'line': b'-- Up-to-date: /home/mcfb/ros2_ws/install/px4_msgs/include/px4_msgs/px4_msgs/msg/estimator_gps_status.h\n'}
[1.560858] (px4_msgs) StdoutLine: {'line': b'-- Up-to-date: /home/mcfb/ros2_ws/install/px4_msgs/include/px4_msgs/px4_msgs/msg/sensor_gnss_status.h\n'}
[1.560916] (px4_msgs) StdoutLine: {'line': b'-- Up-to-date: /home/mcfb/ros2_ws/install/px4_msgs/include/px4_msgs/px4_msgs/msg/vehicle_acceleration.h\n'}
[1.560973] (px4_msgs) StdoutLine: {'line': b'-- Up-to-date: /home/mcfb/ros2_ws/install/px4_msgs/include/px4_msgs/px4_msgs/msg/failsafe_flags.h\n'}
[1.561031] (px4_msgs) StdoutLine: {'line': b'-- Up-to-date: /home/mcfb/ros2_ws/install/px4_msgs/include/px4_msgs/px4_msgs/msg/position_controller_status.h\n'}
[1.561097] (px4_msgs) StdoutLine: {'line': b'-- Up-to-date: /home/mcfb/ros2_ws/install/px4_msgs/include/px4_msgs/px4_msgs/msg/actuator_test.h\n'}
[1.561225] (px4_msgs) StdoutLine: {'line': b'-- Up-to-date: /home/mcfb/ros2_ws/install/px4_msgs/include/px4_msgs/px4_msgs/msg/vehicle_land_detected.h\n'}
[1.561283] (px4_msgs) StdoutLine: {'line': b'-- Up-to-date: /home/mcfb/ros2_ws/install/px4_msgs/include/px4_msgs/px4_msgs/msg/vehicle_status.h\n'}
[1.561335] (px4_msgs) StdoutLine: {'line': b'-- Up-to-date: /home/mcfb/ros2_ws/install/px4_msgs/include/px4_msgs/px4_msgs/msg/pps_capture.h\n'}
[1.561398] (px4_msgs) StdoutLine: {'line': b'-- Up-to-date: /home/mcfb/ros2_ws/install/px4_msgs/include/px4_msgs/px4_msgs/msg/vehicle_attitude_setpoint.h\n'}
[1.561440] (px4_msgs) StdoutLine: {'line': b'-- Up-to-date: /home/mcfb/ros2_ws/install/px4_msgs/include/px4_msgs/px4_msgs/msg/mode_completed.h\n'}
[1.561500] (px4_msgs) StdoutLine: {'line': b'-- Up-to-date: /home/mcfb/ros2_ws/install/px4_msgs/include/px4_msgs/px4_msgs/msg/sensor_combined.h\n'}
[1.561565] (px4_msgs) StdoutLine: {'line': b'-- Up-to-date: /home/mcfb/ros2_ws/install/px4_msgs/include/px4_msgs/px4_msgs/msg/estimator_bias3d.h\n'}
[1.561821] (px4_msgs) StdoutLine: {'line': b'-- Up-to-date: /home/mcfb/ros2_ws/install/px4_msgs/include/px4_msgs/px4_msgs/msg/landing_gear_wheel.h\n'}
[1.561894] (px4_msgs) StdoutLine: {'line': b'-- Up-to-date: /home/mcfb/ros2_ws/install/px4_msgs/include/px4_msgs/px4_msgs/msg/gimbal_manager_status.h\n'}
[1.561936] (px4_msgs) StdoutLine: {'line': b'-- Up-to-date: /home/mcfb/ros2_ws/install/px4_msgs/include/px4_msgs/px4_msgs/msg/sensor_hygrometer.h\n'}
[1.561979] (px4_msgs) StdoutLine: {'line': b'-- Up-to-date: /home/mcfb/ros2_ws/install/px4_msgs/include/px4_msgs/px4_msgs/msg/estimator_states.h\n'}
[1.562038] (px4_msgs) StdoutLine: {'line': b'-- Up-to-date: /home/mcfb/ros2_ws/install/px4_msgs/include/px4_msgs/px4_msgs/msg/orb_test_medium.h\n'}
[1.562091] (px4_msgs) StdoutLine: {'line': b'-- Up-to-date: /home/mcfb/ros2_ws/install/px4_msgs/include/px4_msgs/px4_msgs/msg/estimator_innovations.h\n'}
[1.562129] (px4_msgs) StdoutLine: {'line': b'-- Up-to-date: /home/mcfb/ros2_ws/install/px4_msgs/include/px4_msgs/px4_msgs/msg/button_event.h\n'}
[1.562166] (px4_msgs) StdoutLine: {'line': b'-- Up-to-date: /home/mcfb/ros2_ws/install/px4_msgs/include/px4_msgs/px4_msgs/msg/tecs_status.h\n'}
[1.562203] (px4_msgs) StdoutLine: {'line': b'-- Up-to-date: /home/mcfb/ros2_ws/install/px4_msgs/include/px4_msgs/px4_msgs/msg/geofence_result.h\n'}
[1.562274] (px4_msgs) StdoutLine: {'line': b'-- Up-to-date: /home/mcfb/ros2_ws/install/px4_msgs/include/px4_msgs/px4_msgs/msg/vehicle_thrust_setpoint.h\n'}
[1.562324] (px4_msgs) StdoutLine: {'line': b'-- Up-to-date: /home/mcfb/ros2_ws/install/px4_msgs/include/px4_msgs/px4_msgs/msg/vehicle_local_position_setpoint.h\n'}
[1.562372] (px4_msgs) StdoutLine: {'line': b'-- Up-to-date: /home/mcfb/ros2_ws/install/px4_msgs/include/px4_msgs/px4_msgs/msg/estimator_aid_source1d.h\n'}
[1.562432] (px4_msgs) StdoutLine: {'line': b'-- Up-to-date: /home/mcfb/ros2_ws/install/px4_msgs/include/px4_msgs/px4_msgs/msg/sensor_gnss_relative.h\n'}
[1.562475] (px4_msgs) StdoutLine: {'line': b'-- Up-to-date: /home/mcfb/ros2_ws/install/px4_msgs/include/px4_msgs/px4_msgs/msg/sensors_status_imu.h\n'}
[1.562514] (px4_msgs) StdoutLine: {'line': b'-- Up-to-date: /home/mcfb/ros2_ws/install/px4_msgs/include/px4_msgs/px4_msgs/msg/mag_worker_data.h\n'}
[1.562705] (px4_msgs) StdoutLine: {'line': b'-- Up-to-date: /home/mcfb/ros2_ws/install/px4_msgs/include/px4_msgs/px4_msgs/msg/vehicle_torque_setpoint.h\n'}
[1.562786] (px4_msgs) StdoutLine: {'line': b'-- Up-to-date: /home/mcfb/ros2_ws/install/px4_msgs/include/px4_msgs/px4_msgs/msg/parameter_set_used_request.h\n'}
[1.562844] (px4_msgs) StdoutLine: {'line': b'-- Up-to-date: /home/mcfb/ros2_ws/install/px4_msgs/include/px4_msgs/px4_msgs/msg/rc_channels.h\n'}
[1.562882] (px4_msgs) StdoutLine: {'line': b'-- Up-to-date: /home/mcfb/ros2_ws/install/px4_msgs/include/px4_msgs/px4_msgs/msg/velocity_limits.h\n'}
[1.562917] (px4_msgs) StdoutLine: {'line': b'-- Up-to-date: /home/mcfb/ros2_ws/install/px4_msgs/include/px4_msgs/px4_msgs/msg/gimbal_device_information.h\n'}
[1.562952] (px4_msgs) StdoutLine: {'line': b'-- Up-to-date: /home/mcfb/ros2_ws/install/px4_msgs/include/px4_msgs/px4_msgs/msg/vehicle_odometry.h\n'}
[1.563006] (px4_msgs) StdoutLine: {'line': b'-- Up-to-date: /home/mcfb/ros2_ws/install/px4_msgs/include/px4_msgs/px4_msgs/msg/mission.h\n'}
[1.563062] (px4_msgs) StdoutLine: {'line': b'-- Up-to-date: /home/mcfb/ros2_ws/install/px4_msgs/include/px4_msgs/px4_msgs/msg/sensor_gyro_fifo.h\n'}
[1.563117] (px4_msgs) StdoutLine: {'line': b'-- Up-to-date: /home/mcfb/ros2_ws/install/px4_msgs/include/px4_msgs/px4_msgs/msg/navigator_mission_item.h\n'}
[1.563173] (px4_msgs) StdoutLine: {'line': b'-- Up-to-date: /home/mcfb/ros2_ws/install/px4_msgs/include/px4_msgs/px4_msgs/msg/qshell_req.h\n'}
[1.563223] (px4_msgs) StdoutLine: {'line': b'-- Up-to-date: /home/mcfb/ros2_ws/install/px4_msgs/include/px4_msgs/px4_msgs/msg/rover_speed_setpoint.h\n'}
[1.563279] (px4_msgs) StdoutLine: {'line': b'-- Up-to-date: /home/mcfb/ros2_ws/install/px4_msgs/include/px4_msgs/px4_msgs/msg/rpm.h\n'}
[1.563411] (px4_msgs) StdoutLine: {'line': b'-- Up-to-date: /home/mcfb/ros2_ws/install/px4_msgs/include/px4_msgs/px4_msgs/msg/vehicle_global_position.h\n'}
[1.563553] (px4_msgs) StdoutLine: {'line': b'-- Up-to-date: /home/mcfb/ros2_ws/install/px4_msgs/include/px4_msgs/px4_msgs/msg/estimator_sensor_bias.h\n'}
[1.563615] (px4_msgs) StdoutLine: {'line': b'-- Up-to-date: /home/mcfb/ros2_ws/install/px4_msgs/include/px4_msgs/px4_msgs/msg/radio_status.h\n'}
[1.563699] (px4_msgs) StdoutLine: {'line': b'-- Up-to-date: /home/mcfb/ros2_ws/install/px4_msgs/include/px4_msgs/px4_msgs/msg/fixed_wing_lateral_setpoint.h\n'}
[1.563761] (px4_msgs) StdoutLine: {'line': b'-- Up-to-date: /home/mcfb/ros2_ws/install/px4_msgs/include/px4_msgs/px4_msgs/msg/hover_thrust_estimate.h\n'}
[1.563824] (px4_msgs) StdoutLine: {'line': b'-- Up-to-date: /home/mcfb/ros2_ws/install/px4_msgs/include/px4_msgs/px4_msgs/msg/can_interface_status.h\n'}
[1.563879] (px4_msgs) StdoutLine: {'line': b'-- Up-to-date: /home/mcfb/ros2_ws/install/px4_msgs/include/px4_msgs/px4_msgs/msg/gpio_in.h\n'}
[1.563934] (px4_msgs) StdoutLine: {'line': b'-- Up-to-date: /home/mcfb/ros2_ws/install/px4_msgs/include/px4_msgs/px4_msgs/msg/vehicle_angular_velocity.h\n'}
[1.563990] (px4_msgs) StdoutLine: {'line': b'-- Up-to-date: /home/mcfb/ros2_ws/install/px4_msgs/include/px4_msgs/px4_msgs/msg/vehicle_angular_acceleration_setpoint.h\n'}
[1.564052] (px4_msgs) StdoutLine: {'line': b'-- Up-to-date: /home/mcfb/ros2_ws/install/px4_msgs/include/px4_msgs/px4_msgs/msg/camera_capture.h\n'}
[1.564653] (px4_msgs) StdoutLine: {'line': b'-- Up-to-date: /home/mcfb/ros2_ws/install/px4_msgs/include/px4_msgs/px4_msgs/msg/vehicle_control_mode.h\n'}
[1.564738] (px4_msgs) StdoutLine: {'line': b'-- Up-to-date: /home/mcfb/ros2_ws/install/px4_msgs/include/px4_msgs/px4_msgs/msg/arming_check_reply.h\n'}
[1.564786] (px4_msgs) StdoutLine: {'line': b'-- Up-to-date: /home/mcfb/ros2_ws/install/px4_msgs/include/px4_msgs/px4_msgs/msg/ping.h\n'}
[1.564847] (px4_msgs) StdoutLine: {'line': b'-- Up-to-date: /home/mcfb/ros2_ws/install/px4_msgs/include/px4_msgs/px4_msgs/msg/sensor_gyro.h\n'}
[1.564898] (px4_msgs) StdoutLine: {'line': b'-- Up-to-date: /home/mcfb/ros2_ws/install/px4_msgs/include/px4_msgs/px4_msgs/msg/autotune_attitude_control_status.h\n'}
[1.564945] (px4_msgs) StdoutLine: {'line': b'-- Up-to-date: /home/mcfb/ros2_ws/install/px4_msgs/include/px4_msgs/px4_msgs/msg/orb_test_large.h\n'}
[1.564995] (px4_msgs) StdoutLine: {'line': b'-- Up-to-date: /home/mcfb/ros2_ws/install/px4_msgs/include/px4_msgs/px4_msgs/msg/task_stack_info.h\n'}
[1.565049] (px4_msgs) StdoutLine: {'line': b'-- Up-to-date: /home/mcfb/ros2_ws/install/px4_msgs/include/px4_msgs/px4_msgs/msg/fuel_tank_status.h\n'}
[1.565099] (px4_msgs) StdoutLine: {'line': b'-- Up-to-date: /home/mcfb/ros2_ws/install/px4_msgs/include/px4_msgs/px4_msgs/msg/unregister_ext_component.h\n'}
[1.565174] (px4_msgs) StdoutLine: {'line': b'-- Up-to-date: /home/mcfb/ros2_ws/install/px4_msgs/include/px4_msgs/px4_msgs/msg/longitudinal_control_configuration.h\n'}
[1.565226] (px4_msgs) StdoutLine: {'line': b'-- Up-to-date: /home/mcfb/ros2_ws/install/px4_msgs/include/px4_msgs/px4_msgs/msg/gimbal_manager_set_attitude.h\n'}
[1.565432] (px4_msgs) StdoutLine: {'line': b'-- Up-to-date: /home/mcfb/ros2_ws/install/px4_msgs/include/px4_msgs/px4_msgs/msg/gpio_request.h\n'}
[1.565496] (px4_msgs) StdoutLine: {'line': b'-- Up-to-date: /home/mcfb/ros2_ws/install/px4_msgs/include/px4_msgs/px4_msgs/msg/normalized_unsigned_setpoint.h\n'}
[1.565541] (px4_msgs) StdoutLine: {'line': b'-- Up-to-date: /home/mcfb/ros2_ws/install/px4_msgs/include/px4_msgs/px4_msgs/msg/sensor_correction.h\n'}
[1.565583] (px4_msgs) StdoutLine: {'line': b'-- Up-to-date: /home/mcfb/ros2_ws/install/px4_msgs/include/px4_msgs/px4_msgs/msg/rc_parameter_map.h\n'}
[1.565634] (px4_msgs) StdoutLine: {'line': b'-- Up-to-date: /home/mcfb/ros2_ws/install/px4_msgs/include/px4_msgs/px4_msgs/msg/pwm_input.h\n'}
[1.565706] (px4_msgs) StdoutLine: {'line': b'-- Up-to-date: /home/mcfb/ros2_ws/install/px4_msgs/include/px4_msgs/px4_msgs/msg/landing_gear.h\n'}
[1.565751] (px4_msgs) StdoutLine: {'line': b'-- Up-to-date: /home/mcfb/ros2_ws/install/px4_msgs/include/px4_msgs/px4_msgs/msg/estimator_bias.h\n'}
[1.565790] (px4_msgs) StdoutLine: {'line': b'-- Up-to-date: /home/mcfb/ros2_ws/install/px4_msgs/include/px4_msgs/px4_msgs/msg/gpio_out.h\n'}
[1.565889] (px4_msgs) StdoutLine: {'line': b'-- Up-to-date: /home/mcfb/ros2_ws/install/px4_msgs/include/px4_msgs/px4_msgs/msg/detail\n'}
[1.565940] (px4_msgs) StdoutLine: {'line': b'-- Up-to-date: /home/mcfb/ros2_ws/install/px4_msgs/include/px4_msgs/px4_msgs/msg/detail/home_position__functions.h\n'}
[1.565996] (px4_msgs) StdoutLine: {'line': b'-- Up-to-date: /home/mcfb/ros2_ws/install/px4_msgs/include/px4_msgs/px4_msgs/msg/detail/geofence_result__description.c\n'}
[1.566048] (px4_msgs) StdoutLine: {'line': b'-- Up-to-date: /home/mcfb/ros2_ws/install/px4_msgs/include/px4_msgs/px4_msgs/msg/detail/gpio_config__functions.c\n'}
[1.566100] (px4_msgs) StdoutLine: {'line': b'-- Up-to-date: /home/mcfb/ros2_ws/install/px4_msgs/include/px4_msgs/px4_msgs/msg/detail/airspeed_wind__description.c\n'}
[1.566151] (px4_msgs) StdoutLine: {'line': b'-- Installing: /home/mcfb/ros2_ws/install/px4_msgs/include/px4_msgs/px4_msgs/msg/detail/airspeed__type_support.c\n'}
[1.566213] (px4_msgs) StdoutLine: {'line': b'-- Up-to-date: /home/mcfb/ros2_ws/install/px4_msgs/include/px4_msgs/px4_msgs/msg/detail/estimator_aid_source1d__functions.c\n'}
[1.566265] (px4_msgs) StdoutLine: {'line': b'-- Installing: /home/mcfb/ros2_ws/install/px4_msgs/include/px4_msgs/px4_msgs/msg/detail/failure_detector_status__type_support.c\n'}
[1.566318] (px4_msgs) StdoutLine: {'line': b'-- Installing: /home/mcfb/ros2_ws/install/px4_msgs/include/px4_msgs/px4_msgs/msg/detail/ulog_stream__type_support.c\n'}
[1.566370] (px4_msgs) StdoutLine: {'line': b'-- Up-to-date: /home/mcfb/ros2_ws/install/px4_msgs/include/px4_msgs/px4_msgs/msg/detail/fixed_wing_lateral_guidance_status__description.c\n'}
[1.566422] (px4_msgs) StdoutLine: {'line': b'-- Installing: /home/mcfb/ros2_ws/install/px4_msgs/include/px4_msgs/px4_msgs/msg/detail/can_interface_status__type_support.c\n'}
[1.566474] (px4_msgs) StdoutLine: {'line': b'-- Up-to-date: /home/mcfb/ros2_ws/install/px4_msgs/include/px4_msgs/px4_msgs/msg/detail/radio_status__struct.h\n'}
[1.566524] (px4_msgs) StdoutLine: {'line': b'-- Up-to-date: /home/mcfb/ros2_ws/install/px4_msgs/include/px4_msgs/px4_msgs/msg/detail/estimator_aid_source1d__functions.h\n'}
[1.566574] (px4_msgs) StdoutLine: {'line': b'-- Up-to-date: /home/mcfb/ros2_ws/install/px4_msgs/include/px4_msgs/px4_msgs/msg/detail/arming_check_request__type_support.h\n'}
[1.566624] (px4_msgs) StdoutLine: {'line': b'-- Up-to-date: /home/mcfb/ros2_ws/install/px4_msgs/include/px4_msgs/px4_msgs/msg/detail/generator_status__type_support.h\n'}
[1.566677] (px4_msgs) StdoutLine: {'line': b'-- Up-to-date: /home/mcfb/ros2_ws/install/px4_msgs/include/px4_msgs/px4_msgs/msg/detail/message_format_request__description.c\n'}
[1.566727] (px4_msgs) StdoutLine: {'line': b'-- Up-to-date: /home/mcfb/ros2_ws/install/px4_msgs/include/px4_msgs/px4_msgs/msg/detail/parameter_set_used_request__type_support.h\n'}
[1.566803] (px4_msgs) StdoutLine: {'line': b'-- Up-to-date: /home/mcfb/ros2_ws/install/px4_msgs/include/px4_msgs/px4_msgs/msg/detail/vehicle_local_position_setpoint__functions.h\n'}
[1.566856] (px4_msgs) StdoutLine: {'line': b'-- Installing: /home/mcfb/ros2_ws/install/px4_msgs/include/px4_msgs/px4_msgs/msg/detail/esc_report__type_support.c\n'}
[1.566907] (px4_msgs) StdoutLine: {'line': b'-- Up-to-date: /home/mcfb/ros2_ws/install/px4_msgs/include/px4_msgs/px4_msgs/msg/detail/sensor_combined__description.c\n'}
[1.566957] (px4_msgs) StdoutLine: {'line': b'-- Up-to-date: /home/mcfb/ros2_ws/install/px4_msgs/include/px4_msgs/px4_msgs/msg/detail/actuator_armed__description.c\n'}
[1.567006] (px4_msgs) StdoutLine: {'line': b'-- Up-to-date: /home/mcfb/ros2_ws/install/px4_msgs/include/px4_msgs/px4_msgs/msg/detail/power_button_state__type_support.h\n'}
[1.567054] (px4_msgs) StdoutLine: {'line': b'-- Installing: /home/mcfb/ros2_ws/install/px4_msgs/include/px4_msgs/px4_msgs/msg/detail/vehicle_air_data__type_support.c\n'}
[1.567105] (px4_msgs) StdoutLine: {'line': b'-- Installing: /home/mcfb/ros2_ws/install/px4_msgs/include/px4_msgs/px4_msgs/msg/detail/gimbal_controls__type_support.c\n'}
[1.567153] (px4_msgs) StdoutLine: {'line': b'-- Up-to-date: /home/mcfb/ros2_ws/install/px4_msgs/include/px4_msgs/px4_msgs/msg/detail/register_ext_component_request__type_support.h\n'}
[1.567202] (px4_msgs) StdoutLine: {'line': b'-- Installing: /home/mcfb/ros2_ws/install/px4_msgs/include/px4_msgs/px4_msgs/msg/detail/sensor_gnss_status__type_support.c\n'}
[1.567259] (px4_msgs) StdoutLine: {'line': b'-- Up-to-date: /home/mcfb/ros2_ws/install/px4_msgs/include/px4_msgs/px4_msgs/msg/detail/mavlink_tunnel__functions.c\n'}
[1.567307] (px4_msgs) StdoutLine: {'line': b'-- Up-to-date: /home/mcfb/ros2_ws/install/px4_msgs/include/px4_msgs/px4_msgs/msg/detail/sensors_status_imu__functions.h\n'}
[1.567401] (px4_msgs) StdoutLine: {'line': b'-- Up-to-date: /home/mcfb/ros2_ws/install/px4_msgs/include/px4_msgs/px4_msgs/msg/detail/sensor_gps__functions.h\n'}
[1.567458] (px4_msgs) StdoutLine: {'line': b'-- Up-to-date: /home/mcfb/ros2_ws/install/px4_msgs/include/px4_msgs/px4_msgs/msg/detail/vehicle_command__struct.h\n'}
[1.567511] (px4_msgs) StdoutLine: {'line': b'-- Up-to-date: /home/mcfb/ros2_ws/install/px4_msgs/include/px4_msgs/px4_msgs/msg/detail/rtl_status__functions.c\n'}
[1.567568] (px4_msgs) StdoutLine: {'line': b'-- Up-to-date: /home/mcfb/ros2_ws/install/px4_msgs/include/px4_msgs/px4_msgs/msg/detail/gimbal_manager_information__functions.c\n'}
[1.567618] (px4_msgs) StdoutLine: {'line': b'-- Up-to-date: /home/mcfb/ros2_ws/install/px4_msgs/include/px4_msgs/px4_msgs/msg/detail/actuator_test__functions.c\n'}
[1.567668] (px4_msgs) StdoutLine: {'line': b'-- Up-to-date: /home/mcfb/ros2_ws/install/px4_msgs/include/px4_msgs/px4_msgs/msg/detail/geofence_status__struct.h\n'}
[1.567815] (px4_msgs) StdoutLine: {'line': b'-- Up-to-date: /home/mcfb/ros2_ws/install/px4_msgs/include/px4_msgs/px4_msgs/msg/detail/heater_status__struct.h\n'}
[1.567871] (px4_msgs) StdoutLine: {'line': b'-- Up-to-date: /home/mcfb/ros2_ws/install/px4_msgs/include/px4_msgs/px4_msgs/msg/detail/autotune_attitude_control_status__functions.h\n'}
[1.567924] (px4_msgs) StdoutLine: {'line': b'-- Up-to-date: /home/mcfb/ros2_ws/install/px4_msgs/include/px4_msgs/px4_msgs/msg/detail/vehicle_attitude_setpoint__functions.c\n'}
[1.567975] (px4_msgs) StdoutLine: {'line': b'-- Up-to-date: /home/mcfb/ros2_ws/install/px4_msgs/include/px4_msgs/px4_msgs/msg/detail/estimator_bias__description.c\n'}
[1.568025] (px4_msgs) StdoutLine: {'line': b'-- Up-to-date: /home/mcfb/ros2_ws/install/px4_msgs/include/px4_msgs/px4_msgs/msg/detail/launch_detection_status__struct.h\n'}
[1.568073] (px4_msgs) StdoutLine: {'line': b'-- Up-to-date: /home/mcfb/ros2_ws/install/px4_msgs/include/px4_msgs/px4_msgs/msg/detail/sensor_baro__description.c\n'}
[1.568121] (px4_msgs) StdoutLine: {'line': b'-- Installing: /home/mcfb/ros2_ws/install/px4_msgs/include/px4_msgs/px4_msgs/msg/detail/estimator_bias__type_support.c\n'}
[1.568183] (px4_msgs) StdoutLine: {'line': b'-- Up-to-date: /home/mcfb/ros2_ws/install/px4_msgs/include/px4_msgs/px4_msgs/msg/detail/arming_check_reply__struct.h\n'}
[1.568234] (px4_msgs) StdoutLine: {'line': b'-- Up-to-date: /home/mcfb/ros2_ws/install/px4_msgs/include/px4_msgs/px4_msgs/msg/detail/open_drone_id_system__functions.c\n'}
[1.568283] (px4_msgs) StdoutLine: {'line': b'-- Up-to-date: /home/mcfb/ros2_ws/install/px4_msgs/include/px4_msgs/px4_msgs/msg/detail/action_request__functions.h\n'}
[1.568331] (px4_msgs) StdoutLine: {'line': b'-- Up-to-date: /home/mcfb/ros2_ws/install/px4_msgs/include/px4_msgs/px4_msgs/msg/detail/gimbal_controls__type_support.h\n'}
[1.568378] (px4_msgs) StdoutLine: {'line': b'-- Up-to-date: /home/mcfb/ros2_ws/install/px4_msgs/include/px4_msgs/px4_msgs/msg/detail/ulog_stream__struct.h\n'}
[1.568427] (px4_msgs) StdoutLine: {'line': b'-- Up-to-date: /home/mcfb/ros2_ws/install/px4_msgs/include/px4_msgs/px4_msgs/msg/detail/collision_constraints__functions.c\n'}
[1.568476] (px4_msgs) StdoutLine: {'line': b'-- Up-to-date: /home/mcfb/ros2_ws/install/px4_msgs/include/px4_msgs/px4_msgs/msg/detail/sensor_airflow__type_support.h\n'}
[1.568525] (px4_msgs) StdoutLine: {'line': b'-- Up-to-date: /home/mcfb/ros2_ws/install/px4_msgs/include/px4_msgs/px4_msgs/msg/detail/iridiumsbd_status__description.c\n'}
[1.568573] (px4_msgs) StdoutLine: {'line': b'-- Up-to-date: /home/mcfb/ros2_ws/install/px4_msgs/include/px4_msgs/px4_msgs/msg/detail/actuator_outputs__type_support.h\n'}
[1.568622] (px4_msgs) StdoutLine: {'line': b'-- Up-to-date: /home/mcfb/ros2_ws/install/px4_msgs/include/px4_msgs/px4_msgs/msg/detail/onboard_computer_status__struct.h\n'}
[1.568681] (px4_msgs) StdoutLine: {'line': b'-- Up-to-date: /home/mcfb/ros2_ws/install/px4_msgs/include/px4_msgs/px4_msgs/msg/detail/vehicle_air_data__struct.h\n'}
[1.568731] (px4_msgs) StdoutLine: {'line': b'-- Up-to-date: /home/mcfb/ros2_ws/install/px4_msgs/include/px4_msgs/px4_msgs/msg/detail/failsafe_flags__type_support.h\n'}
[1.568781] (px4_msgs) StdoutLine: {'line': b'-- Installing: /home/mcfb/ros2_ws/install/px4_msgs/include/px4_msgs/px4_msgs/msg/detail/gimbal_manager_information__type_support.c\n'}
[1.568837] (px4_msgs) StdoutLine: {'line': b'-- Up-to-date: /home/mcfb/ros2_ws/install/px4_msgs/include/px4_msgs/px4_msgs/msg/detail/rover_position_setpoint__struct.h\n'}
[1.568886] (px4_msgs) StdoutLine: {'line': b'-- Up-to-date: /home/mcfb/ros2_ws/install/px4_msgs/include/px4_msgs/px4_msgs/msg/detail/vehicle_rates_setpoint__functions.h\n'}
[1.568936] (px4_msgs) StdoutLine: {'line': b'-- Installing: /home/mcfb/ros2_ws/install/px4_msgs/include/px4_msgs/px4_msgs/msg/detail/follow_target__type_support.c\n'}
[1.568985] (px4_msgs) StdoutLine: {'line': b'-- Up-to-date: /home/mcfb/ros2_ws/install/px4_msgs/include/px4_msgs/px4_msgs/msg/detail/register_ext_component_request__functions.c\n'}
[1.569037] (px4_msgs) StdoutLine: {'line': b'-- Up-to-date: /home/mcfb/ros2_ws/install/px4_msgs/include/px4_msgs/px4_msgs/msg/detail/vehicle_odometry__description.c\n'}
[1.569088] (px4_msgs) StdoutLine: {'line': b'-- Up-to-date: /home/mcfb/ros2_ws/install/px4_msgs/include/px4_msgs/px4_msgs/msg/detail/follow_target_status__struct.h\n'}
[1.569442] (px4_msgs) StdoutLine: {'line': b'-- Up-to-date: /home/mcfb/ros2_ws/install/px4_msgs/include/px4_msgs/px4_msgs/msg/detail/normalized_unsigned_setpoint__struct.h\n'}
[1.569593] (px4_msgs) StdoutLine: {'line': b'-- Up-to-date: /home/mcfb/ros2_ws/install/px4_msgs/include/px4_msgs/px4_msgs/msg/detail/power_button_state__functions.c\n'}
[1.569659] (px4_msgs) StdoutLine: {'line': b'-- Installing: /home/mcfb/ros2_ws/install/px4_msgs/include/px4_msgs/px4_msgs/msg/detail/vehicle_imu_status__type_support.c\n'}
[1.569879] (px4_msgs) StdoutLine: {'line': b'-- Up-to-date: /home/mcfb/ros2_ws/install/px4_msgs/include/px4_msgs/px4_msgs/msg/detail/geofence_status__functions.h\n'}
[1.569946] (px4_msgs) StdoutLine: {'line': b'-- Up-to-date: /home/mcfb/ros2_ws/install/px4_msgs/include/px4_msgs/px4_msgs/msg/detail/distance_sensor_mode_change_request__description.c\n'}
[1.570024] (px4_msgs) StdoutLine: {'line': b'-- Up-to-date: /home/mcfb/ros2_ws/install/px4_msgs/include/px4_msgs/px4_msgs/msg/detail/internal_combustion_engine_status__functions.c\n'}
[1.570068] (px4_msgs) StdoutLine: {'line': b'-- Up-to-date: /home/mcfb/ros2_ws/install/px4_msgs/include/px4_msgs/px4_msgs/msg/detail/dataman_response__description.c\n'}
[1.570112] (px4_msgs) StdoutLine: {'line': b'-- Up-to-date: /home/mcfb/ros2_ws/install/px4_msgs/include/px4_msgs/px4_msgs/msg/detail/estimator_innovations__description.c\n'}
[1.570199] (px4_msgs) StdoutLine: {'line': b'-- Up-to-date: /home/mcfb/ros2_ws/install/px4_msgs/include/px4_msgs/px4_msgs/msg/detail/airspeed_wind__functions.c\n'}
[1.570243] (px4_msgs) StdoutLine: {'line': b'-- Up-to-date: /home/mcfb/ros2_ws/install/px4_msgs/include/px4_msgs/px4_msgs/msg/detail/tiltrotor_extra_controls__type_support.h\n'}
[1.570285] (px4_msgs) StdoutLine: {'line': b'-- Up-to-date: /home/mcfb/ros2_ws/install/px4_msgs/include/px4_msgs/px4_msgs/msg/detail/sensor_selection__struct.h\n'}
[1.570324] (px4_msgs) StdoutLine: {'line': b'-- Up-to-date: /home/mcfb/ros2_ws/install/px4_msgs/include/px4_msgs/px4_msgs/msg/detail/gpio_request__struct.h\n'}
[1.570364] (px4_msgs) StdoutLine: {'line': b'-- Up-to-date: /home/mcfb/ros2_ws/install/px4_msgs/include/px4_msgs/px4_msgs/msg/detail/battery_status__struct.h\n'}
[1.570405] (px4_msgs) StdoutLine: {'line': b'-- Up-to-date: /home/mcfb/ros2_ws/install/px4_msgs/include/px4_msgs/px4_msgs/msg/detail/qshell_req__description.c\n'}
[1.570443] (px4_msgs) StdoutLine: {'line': b'-- Up-to-date: /home/mcfb/ros2_ws/install/px4_msgs/include/px4_msgs/px4_msgs/msg/detail/estimator_sensor_bias__type_support.h\n'}
[1.570482] (px4_msgs) StdoutLine: {'line': b'-- Up-to-date: /home/mcfb/ros2_ws/install/px4_msgs/include/px4_msgs/px4_msgs/msg/detail/internal_combustion_engine_control__functions.c\n'}
[1.570522] (px4_msgs) StdoutLine: {'line': b'-- Up-to-date: /home/mcfb/ros2_ws/install/px4_msgs/include/px4_msgs/px4_msgs/msg/detail/satellite_info__functions.c\n'}
[1.570560] (px4_msgs) StdoutLine: {'line': b'-- Up-to-date: /home/mcfb/ros2_ws/install/px4_msgs/include/px4_msgs/px4_msgs/msg/detail/estimator_selector_status__description.c\n'}
[1.570597] (px4_msgs) StdoutLine: {'line': b'-- Up-to-date: /home/mcfb/ros2_ws/install/px4_msgs/include/px4_msgs/px4_msgs/msg/detail/gripper__struct.h\n'}
[1.570637] (px4_msgs) StdoutLine: {'line': b'-- Up-to-date: /home/mcfb/ros2_ws/install/px4_msgs/include/px4_msgs/px4_msgs/msg/detail/position_setpoint__functions.c\n'}
[1.570680] (px4_msgs) StdoutLine: {'line': b'-- Up-to-date: /home/mcfb/ros2_ws/install/px4_msgs/include/px4_msgs/px4_msgs/msg/detail/rover_attitude_setpoint__functions.h\n'}
[1.570717] (px4_msgs) StdoutLine: {'line': b'-- Up-to-date: /home/mcfb/ros2_ws/install/px4_msgs/include/px4_msgs/px4_msgs/msg/detail/gpio_out__struct.h\n'}
[1.570756] (px4_msgs) StdoutLine: {'line': b'-- Up-to-date: /home/mcfb/ros2_ws/install/px4_msgs/include/px4_msgs/px4_msgs/msg/detail/message_format_response__struct.h\n'}
[1.570794] (px4_msgs) StdoutLine: {'line': b'-- Installing: /home/mcfb/ros2_ws/install/px4_msgs/include/px4_msgs/px4_msgs/msg/detail/estimator_states__type_support.c\n'}
[1.570829] (px4_msgs) StdoutLine: {'line': b'-- Up-to-date: /home/mcfb/ros2_ws/install/px4_msgs/include/px4_msgs/px4_msgs/msg/detail/rover_attitude_status__functions.c\n'}
[1.570865] (px4_msgs) StdoutLine: {'line': b'-- Installing: /home/mcfb/ros2_ws/install/px4_msgs/include/px4_msgs/px4_msgs/msg/detail/fixed_wing_runway_control__type_support.c\n'}
[1.570902] (px4_msgs) StdoutLine: {'line': b'-- Up-to-date: /home/mcfb/ros2_ws/install/px4_msgs/include/px4_msgs/px4_msgs/msg/detail/log_message__struct.h\n'}
[1.570937] (px4_msgs) StdoutLine: {'line': b'-- Up-to-date: /home/mcfb/ros2_ws/install/px4_msgs/include/px4_msgs/px4_msgs/msg/detail/arming_check_request__functions.c\n'}
[1.570975] (px4_msgs) StdoutLine: {'line': b'-- Up-to-date: /home/mcfb/ros2_ws/install/px4_msgs/include/px4_msgs/px4_msgs/msg/detail/mission_result__functions.h\n'}
[1.571029] (px4_msgs) StdoutLine: {'line': b'-- Up-to-date: /home/mcfb/ros2_ws/install/px4_msgs/include/px4_msgs/px4_msgs/msg/detail/tiltrotor_extra_controls__functions.h\n'}
[1.571068] (px4_msgs) StdoutLine: {'line': b'-- Up-to-date: /home/mcfb/ros2_ws/install/px4_msgs/include/px4_msgs/px4_msgs/msg/detail/radio_status__functions.h\n'}
[1.571106] (px4_msgs) StdoutLine: {'line': b'-- Up-to-date: /home/mcfb/ros2_ws/install/px4_msgs/include/px4_msgs/px4_msgs/msg/detail/gimbal_manager_set_attitude__functions.c\n'}
[1.571203] (px4_msgs) StdoutLine: {'line': b'-- Up-to-date: /home/mcfb/ros2_ws/install/px4_msgs/include/px4_msgs/px4_msgs/msg/detail/parameter_set_used_request__description.c\n'}
[1.571247] (px4_msgs) StdoutLine: {'line': b'-- Up-to-date: /home/mcfb/ros2_ws/install/px4_msgs/include/px4_msgs/px4_msgs/msg/detail/vehicle_status__functions.h\n'}
[1.571287] (px4_msgs) StdoutLine: {'line': b'-- Up-to-date: /home/mcfb/ros2_ws/install/px4_msgs/include/px4_msgs/px4_msgs/msg/detail/sensor_gnss_status__struct.h\n'}
[1.571327] (px4_msgs) StdoutLine: {'line': b'-- Up-to-date: /home/mcfb/ros2_ws/install/px4_msgs/include/px4_msgs/px4_msgs/msg/detail/goto_setpoint__struct.h\n'}
[1.571368] (px4_msgs) StdoutLine: {'line': b'-- Up-to-date: /home/mcfb/ros2_ws/install/px4_msgs/include/px4_msgs/px4_msgs/msg/detail/differential_pressure__functions.c\n'}
[1.571406] (px4_msgs) StdoutLine: {'line': b'-- Up-to-date: /home/mcfb/ros2_ws/install/px4_msgs/include/px4_msgs/px4_msgs/msg/detail/sensor_gyro_fifo__functions.c\n'}
[1.571441] (px4_msgs) StdoutLine: {'line': b'-- Installing: /home/mcfb/ros2_ws/install/px4_msgs/include/px4_msgs/px4_msgs/msg/detail/fixed_wing_lateral_status__type_support.c\n'}
[1.571479] (px4_msgs) StdoutLine: {'line': b'-- Up-to-date: /home/mcfb/ros2_ws/install/px4_msgs/include/px4_msgs/px4_msgs/msg/detail/telemetry_status__type_support.h\n'}
[1.571517] (px4_msgs) StdoutLine: {'line': b'-- Up-to-date: /home/mcfb/ros2_ws/install/px4_msgs/include/px4_msgs/px4_msgs/msg/detail/ulog_stream_ack__functions.h\n'}
[1.571557] (px4_msgs) StdoutLine: {'line': b'-- Installing: /home/mcfb/ros2_ws/install/px4_msgs/include/px4_msgs/px4_msgs/msg/detail/qshell_retval__type_support.c\n'}
[1.571707] (px4_msgs) StdoutLine: {'line': b'-- Up-to-date: /home/mcfb/ros2_ws/install/px4_msgs/include/px4_msgs/px4_msgs/msg/detail/iridiumsbd_status__functions.h\n'}
[1.571747] (px4_msgs) StdoutLine: {'line': b'-- Up-to-date: /home/mcfb/ros2_ws/install/px4_msgs/include/px4_msgs/px4_msgs/msg/detail/timesync_status__struct.h\n'}
[1.571790] (px4_msgs) StdoutLine: {'line': b'-- Up-to-date: /home/mcfb/ros2_ws/install/px4_msgs/include/px4_msgs/px4_msgs/msg/detail/follow_target__type_support.h\n'}
[1.571830] (px4_msgs) StdoutLine: {'line': b'-- Up-to-date: /home/mcfb/ros2_ws/install/px4_msgs/include/px4_msgs/px4_msgs/msg/detail/rtl_time_estimate__functions.c\n'}
[1.571869] (px4_msgs) StdoutLine: {'line': b'-- Up-to-date: /home/mcfb/ros2_ws/install/px4_msgs/include/px4_msgs/px4_msgs/msg/detail/autotune_attitude_control_status__struct.h\n'}
[1.571910] (px4_msgs) StdoutLine: {'line': b'-- Up-to-date: /home/mcfb/ros2_ws/install/px4_msgs/include/px4_msgs/px4_msgs/msg/detail/fixed_wing_runway_control__type_support.h\n'}
[1.571949] (px4_msgs) StdoutLine: {'line': b'-- Up-to-date: /home/mcfb/ros2_ws/install/px4_msgs/include/px4_msgs/px4_msgs/msg/detail/open_drone_id_system__struct.h\n'}
[1.571988] (px4_msgs) StdoutLine: {'line': b'-- Up-to-date: /home/mcfb/ros2_ws/install/px4_msgs/include/px4_msgs/px4_msgs/msg/detail/open_drone_id_arm_status__struct.h\n'}
[1.572027] (px4_msgs) StdoutLine: {'line': b'-- Up-to-date: /home/mcfb/ros2_ws/install/px4_msgs/include/px4_msgs/px4_msgs/msg/detail/irlock_report__struct.h\n'}
[1.572067] (px4_msgs) StdoutLine: {'line': b'-- Installing: /home/mcfb/ros2_ws/install/px4_msgs/include/px4_msgs/px4_msgs/msg/detail/failsafe_flags__type_support.c\n'}
[1.572105] (px4_msgs) StdoutLine: {'line': b'-- Up-to-date: /home/mcfb/ros2_ws/install/px4_msgs/include/px4_msgs/px4_msgs/msg/detail/sensor_preflight_mag__type_support.h\n'}
[1.572143] (px4_msgs) StdoutLine: {'line': b'-- Up-to-date: /home/mcfb/ros2_ws/install/px4_msgs/include/px4_msgs/px4_msgs/msg/detail/input_rc__functions.c\n'}
[1.572202] (px4_msgs) StdoutLine: {'line': b'-- Up-to-date: /home/mcfb/ros2_ws/install/px4_msgs/include/px4_msgs/px4_msgs/msg/detail/lateral_control_configuration__description.c\n'}
[1.572241] (px4_msgs) StdoutLine: {'line': b'-- Up-to-date: /home/mcfb/ros2_ws/install/px4_msgs/include/px4_msgs/px4_msgs/msg/detail/geofence_status__description.c\n'}
[1.572280] (px4_msgs) StdoutLine: {'line': b'-- Up-to-date: /home/mcfb/ros2_ws/install/px4_msgs/include/px4_msgs/px4_msgs/msg/detail/estimator_status_flags__description.c\n'}
[1.572383] (px4_msgs) StdoutLine: {'line': b'-- Up-to-date: /home/mcfb/ros2_ws/install/px4_msgs/include/px4_msgs/px4_msgs/msg/detail/vehicle_angular_velocity__functions.h\n'}
[1.572437] (px4_msgs) StdoutLine: {'line': b'-- Up-to-date: /home/mcfb/ros2_ws/install/px4_msgs/include/px4_msgs/px4_msgs/msg/detail/sensor_correction__functions.c\n'}
[1.572480] (px4_msgs) StdoutLine: {'line': b'-- Up-to-date: /home/mcfb/ros2_ws/install/px4_msgs/include/px4_msgs/px4_msgs/msg/detail/navigator_status__struct.h\n'}
[1.572522] (px4_msgs) StdoutLine: {'line': b'-- Up-to-date: /home/mcfb/ros2_ws/install/px4_msgs/include/px4_msgs/px4_msgs/msg/detail/actuator_servos__functions.c\n'}
[1.572560] (px4_msgs) StdoutLine: {'line': b'-- Up-to-date: /home/mcfb/ros2_ws/install/px4_msgs/include/px4_msgs/px4_msgs/msg/detail/gripper__functions.h\n'}
[1.572601] (px4_msgs) StdoutLine: {'line': b'-- Up-to-date: /home/mcfb/ros2_ws/install/px4_msgs/include/px4_msgs/px4_msgs/msg/detail/yaw_estimator_status__functions.h\n'}
[1.572655] (px4_msgs) StdoutLine: {'line': b'-- Up-to-date: /home/mcfb/ros2_ws/install/px4_msgs/include/px4_msgs/px4_msgs/msg/detail/actuator_servos__struct.h\n'}
[1.572709] (px4_msgs) StdoutLine: {'line': b'-- Up-to-date: /home/mcfb/ros2_ws/install/px4_msgs/include/px4_msgs/px4_msgs/msg/detail/ulog_stream__functions.h\n'}
[1.572754] (px4_msgs) StdoutLine: {'line': b'-- Installing: /home/mcfb/ros2_ws/install/px4_msgs/include/px4_msgs/px4_msgs/msg/detail/action_request__type_support.c\n'}
[1.572814] (px4_msgs) StdoutLine: {'line': b'-- Up-to-date: /home/mcfb/ros2_ws/install/px4_msgs/include/px4_msgs/px4_msgs/msg/detail/control_allocator_status__description.c\n'}
[1.572870] (px4_msgs) StdoutLine: {'line': b'-- Up-to-date: /home/mcfb/ros2_ws/install/px4_msgs/include/px4_msgs/px4_msgs/msg/detail/gimbal_manager_status__type_support.h\n'}
[1.572922] (px4_msgs) StdoutLine: {'line': b'-- Up-to-date: /home/mcfb/ros2_ws/install/px4_msgs/include/px4_msgs/px4_msgs/msg/detail/goto_setpoint__type_support.h\n'}
[1.572972] (px4_msgs) StdoutLine: {'line': b'-- Up-to-date: /home/mcfb/ros2_ws/install/px4_msgs/include/px4_msgs/px4_msgs/msg/detail/system_power__struct.h\n'}
[1.573023] (px4_msgs) StdoutLine: {'line': b'-- Up-to-date: /home/mcfb/ros2_ws/install/px4_msgs/include/px4_msgs/px4_msgs/msg/detail/estimator_bias3d__functions.h\n'}
[1.573080] (px4_msgs) StdoutLine: {'line': b'-- Up-to-date: /home/mcfb/ros2_ws/install/px4_msgs/include/px4_msgs/px4_msgs/msg/detail/vehicle_land_detected__type_support.h\n'}
[1.573160] (px4_msgs) StdoutLine: {'line': b'-- Up-to-date: /home/mcfb/ros2_ws/install/px4_msgs/include/px4_msgs/px4_msgs/msg/detail/control_allocator_status__functions.h\n'}
[1.573226] (px4_msgs) StdoutLine: {'line': b'-- Up-to-date: /home/mcfb/ros2_ws/install/px4_msgs/include/px4_msgs/px4_msgs/msg/detail/button_event__struct.h\n'}
[1.573266] (px4_msgs) StdoutLine: {'line': b'-- Up-to-date: /home/mcfb/ros2_ws/install/px4_msgs/include/px4_msgs/px4_msgs/msg/detail/sensor_combined__type_support.h\n'}
[1.573313] (px4_msgs) StdoutLine: {'line': b'-- Up-to-date: /home/mcfb/ros2_ws/install/px4_msgs/include/px4_msgs/px4_msgs/msg/detail/sensor_gps__description.c\n'}
[1.573561] (px4_msgs) StdoutLine: {'line': b'-- Up-to-date: /home/mcfb/ros2_ws/install/px4_msgs/include/px4_msgs/px4_msgs/msg/detail/autotune_attitude_control_status__functions.c\n'}
[1.573644] (px4_msgs) StdoutLine: {'line': b'-- Up-to-date: /home/mcfb/ros2_ws/install/px4_msgs/include/px4_msgs/px4_msgs/msg/detail/flight_phase_estimation__description.c\n'}
[1.573934] (px4_msgs) StdoutLine: {'line': b'-- Up-to-date: /home/mcfb/ros2_ws/install/px4_msgs/include/px4_msgs/px4_msgs/msg/detail/position_setpoint_triplet__functions.c\n'}
[1.574125] (px4_msgs) StdoutLine: {'line': b'-- Installing: /home/mcfb/ros2_ws/install/px4_msgs/include/px4_msgs/px4_msgs/msg/detail/vehicle_magnetometer__type_support.c\n'}
[1.574206] (px4_msgs) StdoutLine: {'line': b'-- Up-to-date: /home/mcfb/ros2_ws/install/px4_msgs/include/px4_msgs/px4_msgs/msg/detail/gimbal_device_information__struct.h\n'}
[1.574282] (px4_msgs) StdoutLine: {'line': b'-- Up-to-date: /home/mcfb/ros2_ws/install/px4_msgs/include/px4_msgs/px4_msgs/msg/detail/estimator_gps_status__type_support.h\n'}
[1.574351] (px4_msgs) StdoutLine: {'line': b'-- Installing: /home/mcfb/ros2_ws/install/px4_msgs/include/px4_msgs/px4_msgs/msg/detail/follow_target_status__type_support.c\n'}
[1.574421] (px4_msgs) StdoutLine: {'line': b'-- Up-to-date: /home/mcfb/ros2_ws/install/px4_msgs/include/px4_msgs/px4_msgs/msg/detail/led_control__type_support.h\n'}
[1.574488] (px4_msgs) StdoutLine: {'line': b'-- Up-to-date: /home/mcfb/ros2_ws/install/px4_msgs/include/px4_msgs/px4_msgs/msg/detail/open_drone_id_self_id__functions.c\n'}
[1.574557] (px4_msgs) StdoutLine: {'line': b'-- Up-to-date: /home/mcfb/ros2_ws/install/px4_msgs/include/px4_msgs/px4_msgs/msg/detail/estimator_states__type_support.h\n'}
[1.574619] (px4_msgs) StdoutLine: {'line': b'-- Up-to-date: /home/mcfb/ros2_ws/install/px4_msgs/include/px4_msgs/px4_msgs/msg/detail/position_setpoint_triplet__struct.h\n'}
[1.574672] (px4_msgs) StdoutLine: {'line': b'-- Installing: /home/mcfb/ros2_ws/install/px4_msgs/include/px4_msgs/px4_msgs/msg/detail/log_message__type_support.c\n'}
[1.574728] (px4_msgs) StdoutLine: {'line': b'-- Up-to-date: /home/mcfb/ros2_ws/install/px4_msgs/include/px4_msgs/px4_msgs/msg/detail/landing_gear_wheel__description.c\n'}
[1.574778] (px4_msgs) StdoutLine: {'line': b'-- Installing: /home/mcfb/ros2_ws/install/px4_msgs/include/px4_msgs/px4_msgs/msg/detail/sensor_optical_flow__type_support.c\n'}
[1.574836] (px4_msgs) StdoutLine: {'line': b'-- Up-to-date: /home/mcfb/ros2_ws/install/px4_msgs/include/px4_msgs/px4_msgs/msg/detail/adc_report__struct.h\n'}
[1.574888] (px4_msgs) StdoutLine: {'line': b'-- Up-to-date: /home/mcfb/ros2_ws/install/px4_msgs/include/px4_msgs/px4_msgs/msg/detail/actuator_servos__type_support.h\n'}
[1.574938] (px4_msgs) StdoutLine: {'line': b'-- Up-to-date: /home/mcfb/ros2_ws/install/px4_msgs/include/px4_msgs/px4_msgs/msg/detail/battery_info__struct.h\n'}
[1.574977] (px4_msgs) StdoutLine: {'line': b'-- Up-to-date: /home/mcfb/ros2_ws/install/px4_msgs/include/px4_msgs/px4_msgs/msg/detail/dataman_request__functions.c\n'}
[1.575019] (px4_msgs) StdoutLine: {'line': b'-- Installing: /home/mcfb/ros2_ws/install/px4_msgs/include/px4_msgs/px4_msgs/msg/detail/parameter_set_value_request__type_support.c\n'}
[1.575102] (px4_msgs) StdoutLine: {'line': b'-- Up-to-date: /home/mcfb/ros2_ws/install/px4_msgs/include/px4_msgs/px4_msgs/msg/detail/actuator_servos_trim__struct.h\n'}
[1.575159] (px4_msgs) StdoutLine: {'line': b'-- Up-to-date: /home/mcfb/ros2_ws/install/px4_msgs/include/px4_msgs/px4_msgs/msg/detail/health_report__description.c\n'}
[1.575210] (px4_msgs) StdoutLine: {'line': b'-- Up-to-date: /home/mcfb/ros2_ws/install/px4_msgs/include/px4_msgs/px4_msgs/msg/detail/parameter_set_value_request__struct.h\n'}
[1.575254] (px4_msgs) StdoutLine: {'line': b'-- Up-to-date: /home/mcfb/ros2_ws/install/px4_msgs/include/px4_msgs/px4_msgs/msg/detail/pure_pursuit_status__functions.h\n'}
[1.575292] (px4_msgs) StdoutLine: {'line': b'-- Up-to-date: /home/mcfb/ros2_ws/install/px4_msgs/include/px4_msgs/px4_msgs/msg/detail/estimator_aid_source3d__functions.h\n'}
[1.575348] (px4_msgs) StdoutLine: {'line': b'-- Installing: /home/mcfb/ros2_ws/install/px4_msgs/include/px4_msgs/px4_msgs/msg/detail/vehicle_status__type_support.c\n'}
[1.575394] (px4_msgs) StdoutLine: {'line': b'-- Up-to-date: /home/mcfb/ros2_ws/install/px4_msgs/include/px4_msgs/px4_msgs/msg/detail/timesync_status__functions.c\n'}
[1.593511] (px4_msgs) StdoutLine: {'line': b'-- Up-to-date: /home/mcfb/ros2_ws/install/px4_msgs/include/px4_msgs/px4_msgs/msg/detail/vehicle_command_ack__description.c\n'}
[1.593715] (px4_msgs) StdoutLine: {'line': b'-- Up-to-date: /home/mcfb/ros2_ws/install/px4_msgs/include/px4_msgs/px4_msgs/msg/detail/rover_rate_status__functions.c\n'}
[1.593853] (px4_msgs) StdoutLine: {'line': b'-- Up-to-date: /home/mcfb/ros2_ws/install/px4_msgs/include/px4_msgs/px4_msgs/msg/detail/rover_attitude_setpoint__description.c\n'}
[1.593899] (px4_msgs) StdoutLine: {'line': b'-- Up-to-date: /home/mcfb/ros2_ws/install/px4_msgs/include/px4_msgs/px4_msgs/msg/detail/sensor_accel__functions.h\n'}
[1.593940] (px4_msgs) StdoutLine: {'line': b'-- Up-to-date: /home/mcfb/ros2_ws/install/px4_msgs/include/px4_msgs/px4_msgs/msg/detail/navigator_mission_item__functions.c\n'}
[1.593986] (px4_msgs) StdoutLine: {'line': b'-- Installing: /home/mcfb/ros2_ws/install/px4_msgs/include/px4_msgs/px4_msgs/msg/detail/timesync_status__type_support.c\n'}
[1.594040] (px4_msgs) StdoutLine: {'line': b'-- Up-to-date: /home/mcfb/ros2_ws/install/px4_msgs/include/px4_msgs/px4_msgs/msg/detail/pps_capture__description.c\n'}
[1.594103] (px4_msgs) StdoutLine: {'line': b'-- Up-to-date: /home/mcfb/ros2_ws/install/px4_msgs/include/px4_msgs/px4_msgs/msg/detail/gimbal_manager_set_manual_control__functions.h\n'}
[1.594362] (px4_msgs) StdoutLine: {'line': b'-- Installing: /home/mcfb/ros2_ws/install/px4_msgs/include/px4_msgs/px4_msgs/msg/detail/battery_info__type_support.c\n'}
[1.594471] (px4_msgs) StdoutLine: {'line': b'-- Up-to-date: /home/mcfb/ros2_ws/install/px4_msgs/include/px4_msgs/px4_msgs/msg/detail/debug_value__functions.h\n'}
[1.594528] (px4_msgs) StdoutLine: {'line': b'-- Up-to-date: /home/mcfb/ros2_ws/install/px4_msgs/include/px4_msgs/px4_msgs/msg/detail/message_format_request__functions.c\n'}
[1.594578] (px4_msgs) StdoutLine: {'line': b'-- Up-to-date: /home/mcfb/ros2_ws/install/px4_msgs/include/px4_msgs/px4_msgs/msg/detail/sensors_status_imu__type_support.h\n'}
[1.594615] (px4_msgs) StdoutLine: {'line': b'-- Up-to-date: /home/mcfb/ros2_ws/install/px4_msgs/include/px4_msgs/px4_msgs/msg/detail/hover_thrust_estimate__functions.h\n'}
[1.594649] (px4_msgs) StdoutLine: {'line': b'-- Up-to-date: /home/mcfb/ros2_ws/install/px4_msgs/include/px4_msgs/px4_msgs/msg/detail/task_stack_info__functions.h\n'}
[1.594695] (px4_msgs) StdoutLine: {'line': b'-- Up-to-date: /home/mcfb/ros2_ws/install/px4_msgs/include/px4_msgs/px4_msgs/msg/detail/sensor_gps__functions.c\n'}
[1.594733] (px4_msgs) StdoutLine: {'line': b'-- Up-to-date: /home/mcfb/ros2_ws/install/px4_msgs/include/px4_msgs/px4_msgs/msg/detail/orb_test__functions.h\n'}
[1.594775] (px4_msgs) StdoutLine: {'line': b'-- Up-to-date: /home/mcfb/ros2_ws/install/px4_msgs/include/px4_msgs/px4_msgs/msg/detail/gpio_in__functions.h\n'}
[1.594813] (px4_msgs) StdoutLine: {'line': b'-- Up-to-date: /home/mcfb/ros2_ws/install/px4_msgs/include/px4_msgs/px4_msgs/msg/detail/actuator_outputs__functions.c\n'}
[1.594855] (px4_msgs) StdoutLine: {'line': b'-- Up-to-date: /home/mcfb/ros2_ws/install/px4_msgs/include/px4_msgs/px4_msgs/msg/detail/led_control__struct.h\n'}
[1.594892] (px4_msgs) StdoutLine: {'line': b'-- Installing: /home/mcfb/ros2_ws/install/px4_msgs/include/px4_msgs/px4_msgs/msg/detail/vehicle_odometry__type_support.c\n'}
[1.594926] (px4_msgs) StdoutLine: {'line': b'-- Installing: /home/mcfb/ros2_ws/install/px4_msgs/include/px4_msgs/px4_msgs/msg/detail/hover_thrust_estimate__type_support.c\n'}
[1.594962] (px4_msgs) StdoutLine: {'line': b'-- Up-to-date: /home/mcfb/ros2_ws/install/px4_msgs/include/px4_msgs/px4_msgs/msg/detail/sensor_gyro__type_support.h\n'}
[1.595000] (px4_msgs) StdoutLine: {'line': b'-- Up-to-date: /home/mcfb/ros2_ws/install/px4_msgs/include/px4_msgs/px4_msgs/msg/detail/config_overrides__functions.c\n'}
[1.595038] (px4_msgs) StdoutLine: {'line': b'-- Up-to-date: /home/mcfb/ros2_ws/install/px4_msgs/include/px4_msgs/px4_msgs/msg/detail/camera_capture__functions.c\n'}
[1.595109] (px4_msgs) StdoutLine: {'line': b'-- Installing: /home/mcfb/ros2_ws/install/px4_msgs/include/px4_msgs/px4_msgs/msg/detail/sensor_accel_fifo__type_support.c\n'}
[1.595154] (px4_msgs) StdoutLine: {'line': b'-- Up-to-date: /home/mcfb/ros2_ws/install/px4_msgs/include/px4_msgs/px4_msgs/msg/detail/cpuload__description.c\n'}
[1.595190] (px4_msgs) StdoutLine: {'line': b'-- Up-to-date: /home/mcfb/ros2_ws/install/px4_msgs/include/px4_msgs/px4_msgs/msg/detail/pwm_input__type_support.h\n'}
[1.595224] (px4_msgs) StdoutLine: {'line': b'-- Up-to-date: /home/mcfb/ros2_ws/install/px4_msgs/include/px4_msgs/px4_msgs/msg/detail/pps_capture__functions.h\n'}
[1.595261] (px4_msgs) StdoutLine: {'line': b'-- Up-to-date: /home/mcfb/ros2_ws/install/px4_msgs/include/px4_msgs/px4_msgs/msg/detail/estimator_aid_source2d__struct.h\n'}
[1.595298] (px4_msgs) StdoutLine: {'line': b'-- Up-to-date: /home/mcfb/ros2_ws/install/px4_msgs/include/px4_msgs/px4_msgs/msg/detail/mavlink_tunnel__struct.h\n'}
[1.595336] (px4_msgs) StdoutLine: {'line': b'-- Up-to-date: /home/mcfb/ros2_ws/install/px4_msgs/include/px4_msgs/px4_msgs/msg/detail/register_ext_component_request__functions.h\n'}
[1.595375] (px4_msgs) StdoutLine: {'line': b'-- Up-to-date: /home/mcfb/ros2_ws/install/px4_msgs/include/px4_msgs/px4_msgs/msg/detail/tune_control__struct.h\n'}
[1.595440] (px4_msgs) StdoutLine: {'line': b'-- Up-to-date: /home/mcfb/ros2_ws/install/px4_msgs/include/px4_msgs/px4_msgs/msg/detail/gimbal_manager_status__struct.h\n'}
[1.595483] (px4_msgs) StdoutLine: {'line': b'-- Installing: /home/mcfb/ros2_ws/install/px4_msgs/include/px4_msgs/px4_msgs/msg/detail/rc_channels__type_support.c\n'}
[1.595537] (px4_msgs) StdoutLine: {'line': b'-- Installing: /home/mcfb/ros2_ws/install/px4_msgs/include/px4_msgs/px4_msgs/msg/detail/yaw_estimator_status__type_support.c\n'}
[1.595595] (px4_msgs) StdoutLine: {'line': b'-- Installing: /home/mcfb/ros2_ws/install/px4_msgs/include/px4_msgs/px4_msgs/msg/detail/pps_capture__type_support.c\n'}
[1.595657] (px4_msgs) StdoutLine: {'line': b'-- Up-to-date: /home/mcfb/ros2_ws/install/px4_msgs/include/px4_msgs/px4_msgs/msg/detail/vehicle_torque_setpoint__struct.h\n'}
[1.595720] (px4_msgs) StdoutLine: {'line': b'-- Installing: /home/mcfb/ros2_ws/install/px4_msgs/include/px4_msgs/px4_msgs/msg/detail/actuator_outputs__type_support.c\n'}
[1.595757] (px4_msgs) StdoutLine: {'line': b'-- Up-to-date: /home/mcfb/ros2_ws/install/px4_msgs/include/px4_msgs/px4_msgs/msg/detail/offboard_control_mode__functions.h\n'}
[1.595794] (px4_msgs) StdoutLine: {'line': b'-- Up-to-date: /home/mcfb/ros2_ws/install/px4_msgs/include/px4_msgs/px4_msgs/msg/detail/actuator_armed__type_support.h\n'}
[1.595831] (px4_msgs) StdoutLine: {'line': b'-- Up-to-date: /home/mcfb/ros2_ws/install/px4_msgs/include/px4_msgs/px4_msgs/msg/detail/landing_target_innovations__functions.h\n'}
[1.595870] (px4_msgs) StdoutLine: {'line': b'-- Up-to-date: /home/mcfb/ros2_ws/install/px4_msgs/include/px4_msgs/px4_msgs/msg/detail/mavlink_tunnel__type_support.h\n'}
[1.595906] (px4_msgs) StdoutLine: {'line': b'-- Up-to-date: /home/mcfb/ros2_ws/install/px4_msgs/include/px4_msgs/px4_msgs/msg/detail/vehicle_control_mode__type_support.h\n'}
[1.596030] (px4_msgs) StdoutLine: {'line': b'-- Up-to-date: /home/mcfb/ros2_ws/install/px4_msgs/include/px4_msgs/px4_msgs/msg/detail/position_setpoint_triplet__description.c\n'}
[1.596073] (px4_msgs) StdoutLine: {'line': b'-- Up-to-date: /home/mcfb/ros2_ws/install/px4_msgs/include/px4_msgs/px4_msgs/msg/detail/estimator_bias3d__functions.c\n'}
[1.596116] (px4_msgs) StdoutLine: {'line': b'-- Up-to-date: /home/mcfb/ros2_ws/install/px4_msgs/include/px4_msgs/px4_msgs/msg/detail/geofence_result__type_support.h\n'}
[1.596166] (px4_msgs) StdoutLine: {'line': b'-- Up-to-date: /home/mcfb/ros2_ws/install/px4_msgs/include/px4_msgs/px4_msgs/msg/detail/estimator_status_flags__type_support.h\n'}
[1.596224] (px4_msgs) StdoutLine: {'line': b'-- Up-to-date: /home/mcfb/ros2_ws/install/px4_msgs/include/px4_msgs/px4_msgs/msg/detail/open_drone_id_self_id__description.c\n'}
[1.596356] (px4_msgs) StdoutLine: {'line': b'-- Up-to-date: /home/mcfb/ros2_ws/install/px4_msgs/include/px4_msgs/px4_msgs/msg/detail/flight_phase_estimation__functions.h\n'}
[1.596400] (px4_msgs) StdoutLine: {'line': b'-- Up-to-date: /home/mcfb/ros2_ws/install/px4_msgs/include/px4_msgs/px4_msgs/msg/detail/vehicle_optical_flow_vel__struct.h\n'}
[1.596440] (px4_msgs) StdoutLine: {'line': b'-- Up-to-date: /home/mcfb/ros2_ws/install/px4_msgs/include/px4_msgs/px4_msgs/msg/detail/log_message__functions.h\n'}
[1.596477] (px4_msgs) StdoutLine: {'line': b'-- Up-to-date: /home/mcfb/ros2_ws/install/px4_msgs/include/px4_msgs/px4_msgs/msg/detail/vehicle_magnetometer__functions.c\n'}
[1.596513] (px4_msgs) StdoutLine: {'line': b'-- Up-to-date: /home/mcfb/ros2_ws/install/px4_msgs/include/px4_msgs/px4_msgs/msg/detail/airspeed_validated__functions.c\n'}
[1.596551] (px4_msgs) StdoutLine: {'line': b'-- Installing: /home/mcfb/ros2_ws/install/px4_msgs/include/px4_msgs/px4_msgs/msg/detail/vehicle_control_mode__type_support.c\n'}
[1.596713] (px4_msgs) StdoutLine: {'line': b'-- Up-to-date: /home/mcfb/ros2_ws/install/px4_msgs/include/px4_msgs/px4_msgs/msg/detail/ulog_stream_ack__type_support.h\n'}
[1.596888] (px4_msgs) StdoutLine: {'line': b'-- Installing: /home/mcfb/ros2_ws/install/px4_msgs/include/px4_msgs/px4_msgs/msg/detail/normalized_unsigned_setpoint__type_support.c\n'}
[1.596957] (px4_msgs) StdoutLine: {'line': b'-- Up-to-date: /home/mcfb/ros2_ws/install/px4_msgs/include/px4_msgs/px4_msgs/msg/detail/vehicle_optical_flow_vel__description.c\n'}
[1.597008] (px4_msgs) StdoutLine: {'line': b'-- Up-to-date: /home/mcfb/ros2_ws/install/px4_msgs/include/px4_msgs/px4_msgs/msg/detail/estimator_bias3d__description.c\n'}
[1.597063] (px4_msgs) StdoutLine: {'line': b'-- Up-to-date: /home/mcfb/ros2_ws/install/px4_msgs/include/px4_msgs/px4_msgs/msg/detail/trajectory_setpoint6dof__functions.c\n'}
[1.597115] (px4_msgs) StdoutLine: {'line': b'-- Up-to-date: /home/mcfb/ros2_ws/install/px4_msgs/include/px4_msgs/px4_msgs/msg/detail/vehicle_local_position__struct.h\n'}
[1.597158] (px4_msgs) StdoutLine: {'line': b'-- Up-to-date: /home/mcfb/ros2_ws/install/px4_msgs/include/px4_msgs/px4_msgs/msg/detail/debug_vect__struct.h\n'}
[1.597216] (px4_msgs) StdoutLine: {'line': b'-- Up-to-date: /home/mcfb/ros2_ws/install/px4_msgs/include/px4_msgs/px4_msgs/msg/detail/battery_info__description.c\n'}
[1.597269] (px4_msgs) StdoutLine: {'line': b'-- Up-to-date: /home/mcfb/ros2_ws/install/px4_msgs/include/px4_msgs/px4_msgs/msg/detail/rover_speed_status__functions.h\n'}
[1.597323] (px4_msgs) StdoutLine: {'line': b'-- Up-to-date: /home/mcfb/ros2_ws/install/px4_msgs/include/px4_msgs/px4_msgs/msg/detail/mavlink_log__type_support.h\n'}
[1.597375] (px4_msgs) StdoutLine: {'line': b'-- Installing: /home/mcfb/ros2_ws/install/px4_msgs/include/px4_msgs/px4_msgs/msg/detail/heater_status__type_support.c\n'}
[1.597434] (px4_msgs) StdoutLine: {'line': b'-- Up-to-date: /home/mcfb/ros2_ws/install/px4_msgs/include/px4_msgs/px4_msgs/msg/detail/task_stack_info__description.c\n'}
[1.597486] (px4_msgs) StdoutLine: {'line': b'-- Installing: /home/mcfb/ros2_ws/install/px4_msgs/include/px4_msgs/px4_msgs/msg/detail/camera_capture__type_support.c\n'}
[1.597840] (px4_msgs) StdoutLine: {'line': b'-- Up-to-date: /home/mcfb/ros2_ws/install/px4_msgs/include/px4_msgs/px4_msgs/msg/detail/orb_test__type_support.h\n'}
[1.597961] (px4_msgs) StdoutLine: {'line': b'-- Up-to-date: /home/mcfb/ros2_ws/install/px4_msgs/include/px4_msgs/px4_msgs/msg/detail/neural_control__struct.h\n'}
[1.598021] (px4_msgs) StdoutLine: {'line': b'-- Up-to-date: /home/mcfb/ros2_ws/install/px4_msgs/include/px4_msgs/px4_msgs/msg/detail/vehicle_roi__functions.h\n'}
[1.598075] (px4_msgs) StdoutLine: {'line': b'-- Up-to-date: /home/mcfb/ros2_ws/install/px4_msgs/include/px4_msgs/px4_msgs/msg/detail/geofence_result__functions.c\n'}
[1.598126] (px4_msgs) StdoutLine: {'line': b'-- Up-to-date: /home/mcfb/ros2_ws/install/px4_msgs/include/px4_msgs/px4_msgs/msg/detail/pps_capture__struct.h\n'}
[1.598175] (px4_msgs) StdoutLine: {'line': b'-- Installing: /home/mcfb/ros2_ws/install/px4_msgs/include/px4_msgs/px4_msgs/msg/detail/message_format_response__type_support.c\n'}
[1.598270] (px4_msgs) StdoutLine: {'line': b'-- Up-to-date: /home/mcfb/ros2_ws/install/px4_msgs/include/px4_msgs/px4_msgs/msg/detail/debug_vect__functions.c\n'}
[1.598320] (px4_msgs) StdoutLine: {'line': b'-- Up-to-date: /home/mcfb/ros2_ws/install/px4_msgs/include/px4_msgs/px4_msgs/msg/detail/parameter_set_value_request__functions.h\n'}
[1.598369] (px4_msgs) StdoutLine: {'line': b'-- Up-to-date: /home/mcfb/ros2_ws/install/px4_msgs/include/px4_msgs/px4_msgs/msg/detail/vehicle_constraints__struct.h\n'}
[1.598417] (px4_msgs) StdoutLine: {'line': b'-- Up-to-date: /home/mcfb/ros2_ws/install/px4_msgs/include/px4_msgs/px4_msgs/msg/detail/uavcan_parameter_value__functions.c\n'}
[1.598469] (px4_msgs) StdoutLine: {'line': b'-- Up-to-date: /home/mcfb/ros2_ws/install/px4_msgs/include/px4_msgs/px4_msgs/msg/detail/camera_status__description.c\n'}
[1.598515] (px4_msgs) StdoutLine: {'line': b'-- Installing: /home/mcfb/ros2_ws/install/px4_msgs/include/px4_msgs/px4_msgs/msg/detail/estimator_selector_status__type_support.c\n'}
[1.598562] (px4_msgs) StdoutLine: {'line': b'-- Up-to-date: /home/mcfb/ros2_ws/install/px4_msgs/include/px4_msgs/px4_msgs/msg/detail/estimator_aid_source2d__type_support.h\n'}
[1.598610] (px4_msgs) StdoutLine: {'line': b'-- Up-to-date: /home/mcfb/ros2_ws/install/px4_msgs/include/px4_msgs/px4_msgs/msg/detail/geofence_status__type_support.h\n'}
[1.598656] (px4_msgs) StdoutLine: {'line': b'-- Up-to-date: /home/mcfb/ros2_ws/install/px4_msgs/include/px4_msgs/px4_msgs/msg/detail/internal_combustion_engine_control__type_support.h\n'}
[1.598710] (px4_msgs) StdoutLine: {'line': b'-- Installing: /home/mcfb/ros2_ws/install/px4_msgs/include/px4_msgs/px4_msgs/msg/detail/uavcan_parameter_request__type_support.c\n'}
[1.598759] (px4_msgs) StdoutLine: {'line': b'-- Up-to-date: /home/mcfb/ros2_ws/install/px4_msgs/include/px4_msgs/px4_msgs/msg/detail/message_format_request__functions.h\n'}
[1.598806] (px4_msgs) StdoutLine: {'line': b'-- Up-to-date: /home/mcfb/ros2_ws/install/px4_msgs/include/px4_msgs/px4_msgs/msg/detail/landing_gear_wheel__type_support.h\n'}
[1.598854] (px4_msgs) StdoutLine: {'line': b'-- Up-to-date: /home/mcfb/ros2_ws/install/px4_msgs/include/px4_msgs/px4_msgs/msg/detail/sensor_gnss_relative__functions.c\n'}
[1.598901] (px4_msgs) StdoutLine: {'line': b'-- Up-to-date: /home/mcfb/ros2_ws/install/px4_msgs/include/px4_msgs/px4_msgs/msg/detail/sensor_preflight_mag__functions.h\n'}
[1.598948] (px4_msgs) StdoutLine: {'line': b'-- Up-to-date: /home/mcfb/ros2_ws/install/px4_msgs/include/px4_msgs/px4_msgs/msg/detail/landing_gear_wheel__struct.h\n'}
[1.598999] (px4_msgs) StdoutLine: {'line': b'-- Up-to-date: /home/mcfb/ros2_ws/install/px4_msgs/include/px4_msgs/px4_msgs/msg/detail/differential_pressure__description.c\n'}
[1.599049] (px4_msgs) StdoutLine: {'line': b'-- Installing: /home/mcfb/ros2_ws/install/px4_msgs/include/px4_msgs/px4_msgs/msg/detail/mavlink_log__type_support.c\n'}
[1.599097] (px4_msgs) StdoutLine: {'line': b'-- Up-to-date: /home/mcfb/ros2_ws/install/px4_msgs/include/px4_msgs/px4_msgs/msg/detail/position_setpoint__description.c\n'}
[1.599144] (px4_msgs) StdoutLine: {'line': b'-- Up-to-date: /home/mcfb/ros2_ws/install/px4_msgs/include/px4_msgs/px4_msgs/msg/detail/orb_test_large__functions.c\n'}
[1.599190] (px4_msgs) StdoutLine: {'line': b'-- Up-to-date: /home/mcfb/ros2_ws/install/px4_msgs/include/px4_msgs/px4_msgs/msg/detail/vehicle_odometry__functions.h\n'}
[1.599236] (px4_msgs) StdoutLine: {'line': b'-- Up-to-date: /home/mcfb/ros2_ws/install/px4_msgs/include/px4_msgs/px4_msgs/msg/detail/rpm__type_support.h\n'}
[1.599283] (px4_msgs) StdoutLine: {'line': b'-- Installing: /home/mcfb/ros2_ws/install/px4_msgs/include/px4_msgs/px4_msgs/msg/detail/velocity_limits__type_support.c\n'}
[1.599329] (px4_msgs) StdoutLine: {'line': b'-- Up-to-date: /home/mcfb/ros2_ws/install/px4_msgs/include/px4_msgs/px4_msgs/msg/detail/vehicle_optical_flow_vel__functions.c\n'}
[1.599379] (px4_msgs) StdoutLine: {'line': b'-- Up-to-date: /home/mcfb/ros2_ws/install/px4_msgs/include/px4_msgs/px4_msgs/msg/detail/distance_sensor_mode_change_request__struct.h\n'}
[1.599486] (px4_msgs) StdoutLine: {'line': b'-- Installing: /home/mcfb/ros2_ws/install/px4_msgs/include/px4_msgs/px4_msgs/msg/detail/vehicle_imu__type_support.c\n'}
[1.599538] (px4_msgs) StdoutLine: {'line': b'-- Installing: /home/mcfb/ros2_ws/install/px4_msgs/include/px4_msgs/px4_msgs/msg/detail/orb_test_large__type_support.c\n'}
[1.599588] (px4_msgs) StdoutLine: {'line': b'-- Up-to-date: /home/mcfb/ros2_ws/install/px4_msgs/include/px4_msgs/px4_msgs/msg/detail/tune_control__functions.c\n'}
[1.599636] (px4_msgs) StdoutLine: {'line': b'-- Up-to-date: /home/mcfb/ros2_ws/install/px4_msgs/include/px4_msgs/px4_msgs/msg/detail/collision_constraints__functions.h\n'}
[1.599689] (px4_msgs) StdoutLine: {'line': b'-- Up-to-date: /home/mcfb/ros2_ws/install/px4_msgs/include/px4_msgs/px4_msgs/msg/detail/hover_thrust_estimate__type_support.h\n'}
[1.599738] (px4_msgs) StdoutLine: {'line': b'-- Up-to-date: /home/mcfb/ros2_ws/install/px4_msgs/include/px4_msgs/px4_msgs/msg/detail/pure_pursuit_status__functions.c\n'}
[1.599786] (px4_msgs) StdoutLine: {'line': b'-- Up-to-date: /home/mcfb/ros2_ws/install/px4_msgs/include/px4_msgs/px4_msgs/msg/detail/takeoff_status__struct.h\n'}
[1.599834] (px4_msgs) StdoutLine: {'line': b'-- Up-to-date: /home/mcfb/ros2_ws/install/px4_msgs/include/px4_msgs/px4_msgs/msg/detail/rover_throttle_setpoint__functions.h\n'}
[1.599881] (px4_msgs) StdoutLine: {'line': b'-- Up-to-date: /home/mcfb/ros2_ws/install/px4_msgs/include/px4_msgs/px4_msgs/msg/detail/sensor_correction__type_support.h\n'}
[1.599928] (px4_msgs) StdoutLine: {'line': b'-- Up-to-date: /home/mcfb/ros2_ws/install/px4_msgs/include/px4_msgs/px4_msgs/msg/detail/fixed_wing_runway_control__functions.c\n'}
[1.599976] (px4_msgs) StdoutLine: {'line': b'-- Up-to-date: /home/mcfb/ros2_ws/install/px4_msgs/include/px4_msgs/px4_msgs/msg/detail/rc_channels__struct.h\n'}
[1.600023] (px4_msgs) StdoutLine: {'line': b'-- Up-to-date: /home/mcfb/ros2_ws/install/px4_msgs/include/px4_msgs/px4_msgs/msg/detail/magnetometer_bias_estimate__functions.c\n'}
[1.600073] (px4_msgs) StdoutLine: {'line': b'-- Up-to-date: /home/mcfb/ros2_ws/install/px4_msgs/include/px4_msgs/px4_msgs/msg/detail/satellite_info__description.c\n'}
[1.600127] (px4_msgs) StdoutLine: {'line': b'-- Up-to-date: /home/mcfb/ros2_ws/install/px4_msgs/include/px4_msgs/px4_msgs/msg/detail/vehicle_acceleration__functions.h\n'}
[1.600175] (px4_msgs) StdoutLine: {'line': b'-- Up-to-date: /home/mcfb/ros2_ws/install/px4_msgs/include/px4_msgs/px4_msgs/msg/detail/internal_combustion_engine_status__description.c\n'}
[1.600305] (px4_msgs) StdoutLine: {'line': b'-- Up-to-date: /home/mcfb/ros2_ws/install/px4_msgs/include/px4_msgs/px4_msgs/msg/detail/actuator_servos__description.c\n'}
[1.600354] (px4_msgs) StdoutLine: {'line': b'-- Up-to-date: /home/mcfb/ros2_ws/install/px4_msgs/include/px4_msgs/px4_msgs/msg/detail/dronecan_node_status__type_support.h\n'}
[1.600403] (px4_msgs) StdoutLine: {'line': b'-- Up-to-date: /home/mcfb/ros2_ws/install/px4_msgs/include/px4_msgs/px4_msgs/msg/detail/camera_trigger__functions.h\n'}
[1.600452] (px4_msgs) StdoutLine: {'line': b'-- Up-to-date: /home/mcfb/ros2_ws/install/px4_msgs/include/px4_msgs/px4_msgs/msg/detail/estimator_status_flags__struct.h\n'}
[1.600500] (px4_msgs) StdoutLine: {'line': b'-- Up-to-date: /home/mcfb/ros2_ws/install/px4_msgs/include/px4_msgs/px4_msgs/msg/detail/camera_trigger__description.c\n'}
[1.600547] (px4_msgs) StdoutLine: {'line': b'-- Up-to-date: /home/mcfb/ros2_ws/install/px4_msgs/include/px4_msgs/px4_msgs/msg/detail/velocity_limits__type_support.h\n'}
[1.600594] (px4_msgs) StdoutLine: {'line': b'-- Up-to-date: /home/mcfb/ros2_ws/install/px4_msgs/include/px4_msgs/px4_msgs/msg/detail/vehicle_roi__functions.c\n'}
[1.600641] (px4_msgs) StdoutLine: {'line': b'-- Up-to-date: /home/mcfb/ros2_ws/install/px4_msgs/include/px4_msgs/px4_msgs/msg/detail/sensor_gyro_fifo__functions.h\n'}
[1.600854] (px4_msgs) StdoutLine: {'line': b'-- Up-to-date: /home/mcfb/ros2_ws/install/px4_msgs/include/px4_msgs/px4_msgs/msg/detail/esc_report__functions.h\n'}
[1.600912] (px4_msgs) StdoutLine: {'line': b'-- Installing: /home/mcfb/ros2_ws/install/px4_msgs/include/px4_msgs/px4_msgs/msg/detail/input_rc__type_support.c\n'}
[1.600960] (px4_msgs) StdoutLine: {'line': b'-- Installing: /home/mcfb/ros2_ws/install/px4_msgs/include/px4_msgs/px4_msgs/msg/detail/sensor_hygrometer__type_support.c\n'}
[1.601006] (px4_msgs) StdoutLine: {'line': b'-- Up-to-date: /home/mcfb/ros2_ws/install/px4_msgs/include/px4_msgs/px4_msgs/msg/detail/wind__struct.h\n'}
[1.601054] (px4_msgs) StdoutLine: {'line': b'-- Up-to-date: /home/mcfb/ros2_ws/install/px4_msgs/include/px4_msgs/px4_msgs/msg/detail/takeoff_status__functions.h\n'}
[1.601101] (px4_msgs) StdoutLine: {'line': b'-- Up-to-date: /home/mcfb/ros2_ws/install/px4_msgs/include/px4_msgs/px4_msgs/msg/detail/radio_status__type_support.h\n'}
[1.601149] (px4_msgs) StdoutLine: {'line': b'-- Up-to-date: /home/mcfb/ros2_ws/install/px4_msgs/include/px4_msgs/px4_msgs/msg/detail/sensor_accel__struct.h\n'}
[1.601208] (px4_msgs) StdoutLine: {'line': b'-- Up-to-date: /home/mcfb/ros2_ws/install/px4_msgs/include/px4_msgs/px4_msgs/msg/detail/velocity_limits__functions.h\n'}
[1.601274] (px4_msgs) StdoutLine: {'line': b'-- Up-to-date: /home/mcfb/ros2_ws/install/px4_msgs/include/px4_msgs/px4_msgs/msg/detail/distance_sensor__description.c\n'}
[1.601321] (px4_msgs) StdoutLine: {'line': b'-- Up-to-date: /home/mcfb/ros2_ws/install/px4_msgs/include/px4_msgs/px4_msgs/msg/detail/estimator_aid_source3d__functions.c\n'}
[1.601366] (px4_msgs) StdoutLine: {'line': b'-- Up-to-date: /home/mcfb/ros2_ws/install/px4_msgs/include/px4_msgs/px4_msgs/msg/detail/uavcan_parameter_request__type_support.h\n'}
[1.601411] (px4_msgs) StdoutLine: {'line': b'-- Up-to-date: /home/mcfb/ros2_ws/install/px4_msgs/include/px4_msgs/px4_msgs/msg/detail/wind__functions.c\n'}
[1.601457] (px4_msgs) StdoutLine: {'line': b'-- Up-to-date: /home/mcfb/ros2_ws/install/px4_msgs/include/px4_msgs/px4_msgs/msg/detail/dataman_response__type_support.h\n'}
[1.601502] (px4_msgs) StdoutLine: {'line': b'-- Up-to-date: /home/mcfb/ros2_ws/install/px4_msgs/include/px4_msgs/px4_msgs/msg/detail/parameter_set_value_response__type_support.h\n'}
[1.601548] (px4_msgs) StdoutLine: {'line': b'-- Up-to-date: /home/mcfb/ros2_ws/install/px4_msgs/include/px4_msgs/px4_msgs/msg/detail/rate_ctrl_status__struct.h\n'}
[1.601613] (px4_msgs) StdoutLine: {'line': b'-- Installing: /home/mcfb/ros2_ws/install/px4_msgs/include/px4_msgs/px4_msgs/msg/detail/vehicle_angular_acceleration_setpoint__type_support.c\n'}
[1.601693] (px4_msgs) StdoutLine: {'line': b'-- Up-to-date: /home/mcfb/ros2_ws/install/px4_msgs/include/px4_msgs/px4_msgs/msg/detail/landing_gear_wheel__functions.h\n'}
[1.601765] (px4_msgs) StdoutLine: {'line': b'-- Up-to-date: /home/mcfb/ros2_ws/install/px4_msgs/include/px4_msgs/px4_msgs/msg/detail/logger_status__functions.c\n'}
[1.601823] (px4_msgs) StdoutLine: {'line': b'-- Up-to-date: /home/mcfb/ros2_ws/install/px4_msgs/include/px4_msgs/px4_msgs/msg/detail/airspeed_validated__struct.h\n'}
[1.601871] (px4_msgs) StdoutLine: {'line': b'-- Up-to-date: /home/mcfb/ros2_ws/install/px4_msgs/include/px4_msgs/px4_msgs/msg/detail/sensor_gnss_relative__description.c\n'}
[1.601917] (px4_msgs) StdoutLine: {'line': b'-- Up-to-date: /home/mcfb/ros2_ws/install/px4_msgs/include/px4_msgs/px4_msgs/msg/detail/log_message__functions.c\n'}
[1.601964] (px4_msgs) StdoutLine: {'line': b'-- Installing: /home/mcfb/ros2_ws/install/px4_msgs/include/px4_msgs/px4_msgs/msg/detail/gimbal_manager_set_attitude__type_support.c\n'}
[1.602010] (px4_msgs) StdoutLine: {'line': b'-- Up-to-date: /home/mcfb/ros2_ws/install/px4_msgs/include/px4_msgs/px4_msgs/msg/detail/task_stack_info__functions.c\n'}
[1.602055] (px4_msgs) StdoutLine: {'line': b'-- Up-to-date: /home/mcfb/ros2_ws/install/px4_msgs/include/px4_msgs/px4_msgs/msg/detail/gpio_request__description.c\n'}
[1.602111] (px4_msgs) StdoutLine: {'line': b'-- Up-to-date: /home/mcfb/ros2_ws/install/px4_msgs/include/px4_msgs/px4_msgs/msg/detail/parameter_reset_request__struct.h\n'}
[1.602160] (px4_msgs) StdoutLine: {'line': b'-- Installing: /home/mcfb/ros2_ws/install/px4_msgs/include/px4_msgs/px4_msgs/msg/detail/camera_status__type_support.c\n'}
[1.602205] (px4_msgs) StdoutLine: {'line': b'-- Up-to-date: /home/mcfb/ros2_ws/install/px4_msgs/include/px4_msgs/px4_msgs/msg/detail/rate_ctrl_status__type_support.h\n'}
[1.602251] (px4_msgs) StdoutLine: {'line': b'-- Up-to-date: /home/mcfb/ros2_ws/install/px4_msgs/include/px4_msgs/px4_msgs/msg/detail/debug_vect__description.c\n'}
[1.602298] (px4_msgs) StdoutLine: {'line': b'-- Up-to-date: /home/mcfb/ros2_ws/install/px4_msgs/include/px4_msgs/px4_msgs/msg/detail/fixed_wing_lateral_status__type_support.h\n'}
[1.602345] (px4_msgs) StdoutLine: {'line': b'-- Up-to-date: /home/mcfb/ros2_ws/install/px4_msgs/include/px4_msgs/px4_msgs/msg/detail/vehicle_imu__struct.h\n'}
[1.602392] (px4_msgs) StdoutLine: {'line': b'-- Up-to-date: /home/mcfb/ros2_ws/install/px4_msgs/include/px4_msgs/px4_msgs/msg/detail/unregister_ext_component__functions.h\n'}
[1.602439] (px4_msgs) StdoutLine: {'line': b'-- Up-to-date: /home/mcfb/ros2_ws/install/px4_msgs/include/px4_msgs/px4_msgs/msg/detail/orb_test__description.c\n'}
[1.602562] (-) TimerEvent: {}
[1.602721] (px4_msgs) StdoutLine: {'line': b'-- Up-to-date: /home/mcfb/ros2_ws/install/px4_msgs/include/px4_msgs/px4_msgs/msg/detail/estimator_bias3d__type_support.h\n'}
[1.602799] (px4_msgs) StdoutLine: {'line': b'-- Up-to-date: /home/mcfb/ros2_ws/install/px4_msgs/include/px4_msgs/px4_msgs/msg/detail/tiltrotor_extra_controls__struct.h\n'}
[1.602854] (px4_msgs) StdoutLine: {'line': b'-- Installing: /home/mcfb/ros2_ws/install/px4_msgs/include/px4_msgs/px4_msgs/msg/detail/landing_target_pose__type_support.c\n'}
[1.602905] (px4_msgs) StdoutLine: {'line': b'-- Up-to-date: /home/mcfb/ros2_ws/install/px4_msgs/include/px4_msgs/px4_msgs/msg/detail/ping__functions.h\n'}
[1.602955] (px4_msgs) StdoutLine: {'line': b'-- Up-to-date: /home/mcfb/ros2_ws/install/px4_msgs/include/px4_msgs/px4_msgs/msg/detail/gps_inject_data__functions.c\n'}
[1.603006] (px4_msgs) StdoutLine: {'line': b'-- Up-to-date: /home/mcfb/ros2_ws/install/px4_msgs/include/px4_msgs/px4_msgs/msg/detail/rover_steering_setpoint__type_support.h\n'}
[1.603054] (px4_msgs) StdoutLine: {'line': b'-- Up-to-date: /home/mcfb/ros2_ws/install/px4_msgs/include/px4_msgs/px4_msgs/msg/detail/vehicle_constraints__type_support.h\n'}
[1.603101] (px4_msgs) StdoutLine: {'line': b'-- Up-to-date: /home/mcfb/ros2_ws/install/px4_msgs/include/px4_msgs/px4_msgs/msg/detail/cpuload__struct.h\n'}
[1.603148] (px4_msgs) StdoutLine: {'line': b'-- Up-to-date: /home/mcfb/ros2_ws/install/px4_msgs/include/px4_msgs/px4_msgs/msg/detail/open_drone_id_system__functions.h\n'}
[1.603195] (px4_msgs) StdoutLine: {'line': b'-- Up-to-date: /home/mcfb/ros2_ws/install/px4_msgs/include/px4_msgs/px4_msgs/msg/detail/rover_steering_setpoint__functions.h\n'}
[1.603242] (px4_msgs) StdoutLine: {'line': b'-- Up-to-date: /home/mcfb/ros2_ws/install/px4_msgs/include/px4_msgs/px4_msgs/msg/detail/flight_phase_estimation__struct.h\n'}
[1.603288] (px4_msgs) StdoutLine: {'line': b'-- Up-to-date: /home/mcfb/ros2_ws/install/px4_msgs/include/px4_msgs/px4_msgs/msg/detail/battery_info__functions.h\n'}
[1.603344] (px4_msgs) StdoutLine: {'line': b'-- Up-to-date: /home/mcfb/ros2_ws/install/px4_msgs/include/px4_msgs/px4_msgs/msg/detail/orb_test_medium__functions.h\n'}
[1.603391] (px4_msgs) StdoutLine: {'line': b'-- Installing: /home/mcfb/ros2_ws/install/px4_msgs/include/px4_msgs/px4_msgs/msg/detail/dataman_request__type_support.c\n'}
[1.603437] (px4_msgs) StdoutLine: {'line': b'-- Up-to-date: /home/mcfb/ros2_ws/install/px4_msgs/include/px4_msgs/px4_msgs/msg/detail/orbit_status__struct.h\n'}
[1.603560] (px4_msgs) StdoutLine: {'line': b'-- Up-to-date: /home/mcfb/ros2_ws/install/px4_msgs/include/px4_msgs/px4_msgs/msg/detail/orbit_status__description.c\n'}
[1.603612] (px4_msgs) StdoutLine: {'line': b'-- Up-to-date: /home/mcfb/ros2_ws/install/px4_msgs/include/px4_msgs/px4_msgs/msg/detail/obstacle_distance__struct.h\n'}
[1.603777] (px4_msgs) StdoutLine: {'line': b'-- Up-to-date: /home/mcfb/ros2_ws/install/px4_msgs/include/px4_msgs/px4_msgs/msg/detail/obstacle_distance__functions.h\n'}
[1.603826] (px4_msgs) StdoutLine: {'line': b'-- Up-to-date: /home/mcfb/ros2_ws/install/px4_msgs/include/px4_msgs/px4_msgs/msg/detail/px4io_status__struct.h\n'}
[1.603875] (px4_msgs) StdoutLine: {'line': b'-- Installing: /home/mcfb/ros2_ws/install/px4_msgs/include/px4_msgs/px4_msgs/msg/detail/open_drone_id_system__type_support.c\n'}
[1.603923] (px4_msgs) StdoutLine: {'line': b'-- Up-to-date: /home/mcfb/ros2_ws/install/px4_msgs/include/px4_msgs/px4_msgs/msg/detail/can_interface_status__functions.h\n'}
[1.603979] (px4_msgs) StdoutLine: {'line': b'-- Up-to-date: /home/mcfb/ros2_ws/install/px4_msgs/include/px4_msgs/px4_msgs/msg/detail/estimator_aid_source1d__description.c\n'}
[1.604026] (px4_msgs) StdoutLine: {'line': b'-- Installing: /home/mcfb/ros2_ws/install/px4_msgs/include/px4_msgs/px4_msgs/msg/detail/fuel_tank_status__type_support.c\n'}
[1.604073] (px4_msgs) StdoutLine: {'line': b'-- Up-to-date: /home/mcfb/ros2_ws/install/px4_msgs/include/px4_msgs/px4_msgs/msg/detail/parameter_reset_request__functions.c\n'}
[1.604175] (px4_msgs) StdoutLine: {'line': b'-- Up-to-date: /home/mcfb/ros2_ws/install/px4_msgs/include/px4_msgs/px4_msgs/msg/detail/estimator_states__functions.h\n'}
[1.604390] (px4_msgs) StdoutLine: {'line': b'-- Up-to-date: /home/mcfb/ros2_ws/install/px4_msgs/include/px4_msgs/px4_msgs/msg/detail/sensor_accel__functions.c\n'}
[1.604442] (px4_msgs) StdoutLine: {'line': b'-- Up-to-date: /home/mcfb/ros2_ws/install/px4_msgs/include/px4_msgs/px4_msgs/msg/detail/sensor_accel__description.c\n'}
[1.604591] (px4_msgs) StdoutLine: {'line': b'-- Up-to-date: /home/mcfb/ros2_ws/install/px4_msgs/include/px4_msgs/px4_msgs/msg/detail/longitudinal_control_configuration__functions.c\n'}
[1.604641] (px4_msgs) StdoutLine: {'line': b'-- Up-to-date: /home/mcfb/ros2_ws/install/px4_msgs/include/px4_msgs/px4_msgs/msg/detail/neural_control__functions.h\n'}
[1.604691] (px4_msgs) StdoutLine: {'line': b'-- Installing: /home/mcfb/ros2_ws/install/px4_msgs/include/px4_msgs/px4_msgs/msg/detail/rover_position_setpoint__type_support.c\n'}
[1.604733] (px4_msgs) StdoutLine: {'line': b'-- Up-to-date: /home/mcfb/ros2_ws/install/px4_msgs/include/px4_msgs/px4_msgs/msg/detail/vehicle_air_data__description.c\n'}
[1.604773] (px4_msgs) StdoutLine: {'line': b'-- Installing: /home/mcfb/ros2_ws/install/px4_msgs/include/px4_msgs/px4_msgs/msg/detail/manual_control_setpoint__type_support.c\n'}
[1.604955] (px4_msgs) StdoutLine: {'line': b'-- Up-to-date: /home/mcfb/ros2_ws/install/px4_msgs/include/px4_msgs/px4_msgs/msg/detail/parameter_set_used_request__functions.c\n'}
[1.604999] (px4_msgs) StdoutLine: {'line': b'-- Up-to-date: /home/mcfb/ros2_ws/install/px4_msgs/include/px4_msgs/px4_msgs/msg/detail/satellite_info__type_support.h\n'}
[1.605040] (px4_msgs) StdoutLine: {'line': b'-- Up-to-date: /home/mcfb/ros2_ws/install/px4_msgs/include/px4_msgs/px4_msgs/msg/detail/estimator_aid_source3d__struct.h\n'}
[1.605077] (px4_msgs) StdoutLine: {'line': b'-- Up-to-date: /home/mcfb/ros2_ws/install/px4_msgs/include/px4_msgs/px4_msgs/msg/detail/vehicle_command__type_support.h\n'}
[1.605114] (px4_msgs) StdoutLine: {'line': b'-- Installing: /home/mcfb/ros2_ws/install/px4_msgs/include/px4_msgs/px4_msgs/msg/detail/landing_gear__type_support.c\n'}
[1.605152] (px4_msgs) StdoutLine: {'line': b'-- Up-to-date: /home/mcfb/ros2_ws/install/px4_msgs/include/px4_msgs/px4_msgs/msg/detail/airspeed__description.c\n'}
[1.605190] (px4_msgs) StdoutLine: {'line': b'-- Up-to-date: /home/mcfb/ros2_ws/install/px4_msgs/include/px4_msgs/px4_msgs/msg/detail/dataman_request__type_support.h\n'}
[1.605237] (px4_msgs) StdoutLine: {'line': b'-- Up-to-date: /home/mcfb/ros2_ws/install/px4_msgs/include/px4_msgs/px4_msgs/msg/detail/qshell_req__functions.c\n'}
[1.605283] (px4_msgs) StdoutLine: {'line': b'-- Up-to-date: /home/mcfb/ros2_ws/install/px4_msgs/include/px4_msgs/px4_msgs/msg/detail/gimbal_manager_status__functions.h\n'}
[1.605322] (px4_msgs) StdoutLine: {'line': b'-- Up-to-date: /home/mcfb/ros2_ws/install/px4_msgs/include/px4_msgs/px4_msgs/msg/detail/sensor_uwb__struct.h\n'}
[1.605562] (px4_msgs) StdoutLine: {'line': b'-- Up-to-date: /home/mcfb/ros2_ws/install/px4_msgs/include/px4_msgs/px4_msgs/msg/detail/estimator_gps_status__description.c\n'}
[1.605626] (px4_msgs) StdoutLine: {'line': b'-- Up-to-date: /home/mcfb/ros2_ws/install/px4_msgs/include/px4_msgs/px4_msgs/msg/detail/airspeed__functions.c\n'}
[1.605696] (px4_msgs) StdoutLine: {'line': b'-- Up-to-date: /home/mcfb/ros2_ws/install/px4_msgs/include/px4_msgs/px4_msgs/msg/detail/can_interface_status__type_support.h\n'}
[1.605749] (px4_msgs) StdoutLine: {'line': b'-- Up-to-date: /home/mcfb/ros2_ws/install/px4_msgs/include/px4_msgs/px4_msgs/msg/detail/rc_channels__description.c\n'}
[1.606028] (px4_msgs) StdoutLine: {'line': b'-- Up-to-date: /home/mcfb/ros2_ws/install/px4_msgs/include/px4_msgs/px4_msgs/msg/detail/rover_throttle_setpoint__description.c\n'}
[1.606143] (px4_msgs) StdoutLine: {'line': b'-- Installing: /home/mcfb/ros2_ws/install/px4_msgs/include/px4_msgs/px4_msgs/msg/detail/orbit_status__type_support.c\n'}
[1.606208] (px4_msgs) StdoutLine: {'line': b'-- Up-to-date: /home/mcfb/ros2_ws/install/px4_msgs/include/px4_msgs/px4_msgs/msg/detail/fixed_wing_lateral_setpoint__struct.h\n'}
[1.606263] (px4_msgs) StdoutLine: {'line': b'-- Up-to-date: /home/mcfb/ros2_ws/install/px4_msgs/include/px4_msgs/px4_msgs/msg/detail/estimator_aid_source1d__type_support.h\n'}
[1.606316] (px4_msgs) StdoutLine: {'line': b'-- Up-to-date: /home/mcfb/ros2_ws/install/px4_msgs/include/px4_msgs/px4_msgs/msg/detail/estimator_states__description.c\n'}
[1.606369] (px4_msgs) StdoutLine: {'line': b'-- Installing: /home/mcfb/ros2_ws/install/px4_msgs/include/px4_msgs/px4_msgs/msg/detail/gripper__type_support.c\n'}
[1.606427] (px4_msgs) StdoutLine: {'line': b'-- Installing: /home/mcfb/ros2_ws/install/px4_msgs/include/px4_msgs/px4_msgs/msg/detail/tune_control__type_support.c\n'}
[1.606475] (px4_msgs) StdoutLine: {'line': b'-- Installing: /home/mcfb/ros2_ws/install/px4_msgs/include/px4_msgs/px4_msgs/msg/detail/rtl_time_estimate__type_support.c\n'}
[1.606513] (px4_msgs) StdoutLine: {'line': b'-- Up-to-date: /home/mcfb/ros2_ws/install/px4_msgs/include/px4_msgs/px4_msgs/msg/detail/pwm_input__functions.h\n'}
[1.606550] (px4_msgs) StdoutLine: {'line': b'-- Installing: /home/mcfb/ros2_ws/install/px4_msgs/include/px4_msgs/px4_msgs/msg/detail/transponder_report__type_support.c\n'}
[1.606607] (px4_msgs) StdoutLine: {'line': b'-- Installing: /home/mcfb/ros2_ws/install/px4_msgs/include/px4_msgs/px4_msgs/msg/detail/parameter_set_value_response__type_support.c\n'}
[1.606648] (px4_msgs) StdoutLine: {'line': b'-- Installing: /home/mcfb/ros2_ws/install/px4_msgs/include/px4_msgs/px4_msgs/msg/detail/logger_status__type_support.c\n'}
[1.606706] (px4_msgs) StdoutLine: {'line': b'-- Up-to-date: /home/mcfb/ros2_ws/install/px4_msgs/include/px4_msgs/px4_msgs/msg/detail/airspeed_wind__struct.h\n'}
[1.606752] (px4_msgs) StdoutLine: {'line': b'-- Up-to-date: /home/mcfb/ros2_ws/install/px4_msgs/include/px4_msgs/px4_msgs/msg/detail/lateral_control_configuration__functions.c\n'}
[1.606792] (px4_msgs) StdoutLine: {'line': b'-- Up-to-date: /home/mcfb/ros2_ws/install/px4_msgs/include/px4_msgs/px4_msgs/msg/detail/tiltrotor_extra_controls__description.c\n'}
[1.606969] (px4_msgs) StdoutLine: {'line': b'-- Up-to-date: /home/mcfb/ros2_ws/install/px4_msgs/include/px4_msgs/px4_msgs/msg/detail/sensor_optical_flow__functions.c\n'}
[1.607059] (px4_msgs) StdoutLine: {'line': b'-- Up-to-date: /home/mcfb/ros2_ws/install/px4_msgs/include/px4_msgs/px4_msgs/msg/detail/rc_parameter_map__struct.h\n'}
[1.607135] (px4_msgs) StdoutLine: {'line': b'-- Up-to-date: /home/mcfb/ros2_ws/install/px4_msgs/include/px4_msgs/px4_msgs/msg/detail/uavcan_parameter_request__functions.h\n'}
[1.607187] (px4_msgs) StdoutLine: {'line': b'-- Up-to-date: /home/mcfb/ros2_ws/install/px4_msgs/include/px4_msgs/px4_msgs/msg/detail/vehicle_thrust_setpoint__functions.h\n'}
[1.607235] (px4_msgs) StdoutLine: {'line': b'-- Up-to-date: /home/mcfb/ros2_ws/install/px4_msgs/include/px4_msgs/px4_msgs/msg/detail/estimator_event_flags__functions.c\n'}
[1.607284] (px4_msgs) StdoutLine: {'line': b'-- Up-to-date: /home/mcfb/ros2_ws/install/px4_msgs/include/px4_msgs/px4_msgs/msg/detail/position_setpoint_triplet__type_support.h\n'}
[1.607450] (px4_msgs) StdoutLine: {'line': b'-- Up-to-date: /home/mcfb/ros2_ws/install/px4_msgs/include/px4_msgs/px4_msgs/msg/detail/led_control__description.c\n'}
[1.607528] (px4_msgs) StdoutLine: {'line': b'-- Up-to-date: /home/mcfb/ros2_ws/install/px4_msgs/include/px4_msgs/px4_msgs/msg/detail/fuel_tank_status__functions.c\n'}
[1.607580] (px4_msgs) StdoutLine: {'line': b'-- Up-to-date: /home/mcfb/ros2_ws/install/px4_msgs/include/px4_msgs/px4_msgs/msg/detail/actuator_armed__struct.h\n'}
[1.607633] (px4_msgs) StdoutLine: {'line': b'-- Up-to-date: /home/mcfb/ros2_ws/install/px4_msgs/include/px4_msgs/px4_msgs/msg/detail/gimbal_controls__functions.h\n'}
[1.607682] (px4_msgs) StdoutLine: {'line': b'-- Up-to-date: /home/mcfb/ros2_ws/install/px4_msgs/include/px4_msgs/px4_msgs/msg/detail/vehicle_attitude_setpoint__functions.h\n'}
[1.607732] (px4_msgs) StdoutLine: {'line': b'-- Up-to-date: /home/mcfb/ros2_ws/install/px4_msgs/include/px4_msgs/px4_msgs/msg/detail/debug_vect__type_support.h\n'}
[1.607771] (px4_msgs) StdoutLine: {'line': b'-- Up-to-date: /home/mcfb/ros2_ws/install/px4_msgs/include/px4_msgs/px4_msgs/msg/detail/vehicle_torque_setpoint__description.c\n'}
[1.607808] (px4_msgs) StdoutLine: {'line': b'-- Up-to-date: /home/mcfb/ros2_ws/install/px4_msgs/include/px4_msgs/px4_msgs/msg/detail/vehicle_angular_velocity__type_support.h\n'}
[1.607847] (px4_msgs) StdoutLine: {'line': b'-- Up-to-date: /home/mcfb/ros2_ws/install/px4_msgs/include/px4_msgs/px4_msgs/msg/detail/mag_worker_data__type_support.h\n'}
[1.607885] (px4_msgs) StdoutLine: {'line': b'-- Up-to-date: /home/mcfb/ros2_ws/install/px4_msgs/include/px4_msgs/px4_msgs/msg/detail/rover_attitude_setpoint__struct.h\n'}
[1.607922] (px4_msgs) StdoutLine: {'line': b'-- Up-to-date: /home/mcfb/ros2_ws/install/px4_msgs/include/px4_msgs/px4_msgs/msg/detail/esc_status__description.c\n'}
[1.607959] (px4_msgs) StdoutLine: {'line': b'-- Up-to-date: /home/mcfb/ros2_ws/install/px4_msgs/include/px4_msgs/px4_msgs/msg/detail/task_stack_info__type_support.h\n'}
[1.608008] (px4_msgs) StdoutLine: {'line': b'-- Up-to-date: /home/mcfb/ros2_ws/install/px4_msgs/include/px4_msgs/px4_msgs/msg/detail/orb_test_medium__description.c\n'}
[1.608066] (px4_msgs) StdoutLine: {'line': b'-- Up-to-date: /home/mcfb/ros2_ws/install/px4_msgs/include/px4_msgs/px4_msgs/msg/detail/rover_rate_status__struct.h\n'}
[1.608122] (px4_msgs) StdoutLine: {'line': b'-- Up-to-date: /home/mcfb/ros2_ws/install/px4_msgs/include/px4_msgs/px4_msgs/msg/detail/fixed_wing_longitudinal_setpoint__functions.c\n'}
[1.608184] (px4_msgs) StdoutLine: {'line': b'-- Up-to-date: /home/mcfb/ros2_ws/install/px4_msgs/include/px4_msgs/px4_msgs/msg/detail/action_request__description.c\n'}
[1.608242] (px4_msgs) StdoutLine: {'line': b'-- Installing: /home/mcfb/ros2_ws/install/px4_msgs/include/px4_msgs/px4_msgs/msg/detail/open_drone_id_arm_status__type_support.c\n'}
[1.608384] (px4_msgs) StdoutLine: {'line': b'-- Up-to-date: /home/mcfb/ros2_ws/install/px4_msgs/include/px4_msgs/px4_msgs/msg/detail/open_drone_id_arm_status__functions.h\n'}
[1.608449] (px4_msgs) StdoutLine: {'line': b'-- Up-to-date: /home/mcfb/ros2_ws/install/px4_msgs/include/px4_msgs/px4_msgs/msg/detail/rover_rate_setpoint__functions.h\n'}
[1.608510] (px4_msgs) StdoutLine: {'line': b'-- Up-to-date: /home/mcfb/ros2_ws/install/px4_msgs/include/px4_msgs/px4_msgs/msg/detail/battery_info__type_support.h\n'}
[1.608572] (px4_msgs) StdoutLine: {'line': b'-- Up-to-date: /home/mcfb/ros2_ws/install/px4_msgs/include/px4_msgs/px4_msgs/msg/detail/rtl_time_estimate__description.c\n'}
[1.608618] (px4_msgs) StdoutLine: {'line': b'-- Up-to-date: /home/mcfb/ros2_ws/install/px4_msgs/include/px4_msgs/px4_msgs/msg/detail/vehicle_attitude__struct.h\n'}
[1.608683] (px4_msgs) StdoutLine: {'line': b'-- Up-to-date: /home/mcfb/ros2_ws/install/px4_msgs/include/px4_msgs/px4_msgs/msg/detail/vehicle_attitude_setpoint__struct.h\n'}
[1.608930] (px4_msgs) StdoutLine: {'line': b'-- Up-to-date: /home/mcfb/ros2_ws/install/px4_msgs/include/px4_msgs/px4_msgs/msg/detail/vehicle_local_position__type_support.h\n'}
[1.608986] (px4_msgs) StdoutLine: {'line': b'-- Up-to-date: /home/mcfb/ros2_ws/install/px4_msgs/include/px4_msgs/px4_msgs/msg/detail/gimbal_manager_set_manual_control__description.c\n'}
[1.609046] (px4_msgs) StdoutLine: {'line': b'-- Up-to-date: /home/mcfb/ros2_ws/install/px4_msgs/include/px4_msgs/px4_msgs/msg/detail/distance_sensor_mode_change_request__type_support.h\n'}
[1.609099] (px4_msgs) StdoutLine: {'line': b'-- Up-to-date: /home/mcfb/ros2_ws/install/px4_msgs/include/px4_msgs/px4_msgs/msg/detail/estimator_sensor_bias__struct.h\n'}
[1.609519] (px4_msgs) StdoutLine: {'line': b'-- Up-to-date: /home/mcfb/ros2_ws/install/px4_msgs/include/px4_msgs/px4_msgs/msg/detail/radio_status__description.c\n'}
[1.609630] (px4_msgs) StdoutLine: {'line': b'-- Up-to-date: /home/mcfb/ros2_ws/install/px4_msgs/include/px4_msgs/px4_msgs/msg/detail/dronecan_node_status__struct.h\n'}
[1.609711] (px4_msgs) StdoutLine: {'line': b'-- Up-to-date: /home/mcfb/ros2_ws/install/px4_msgs/include/px4_msgs/px4_msgs/msg/detail/tune_control__type_support.h\n'}
[1.609780] (px4_msgs) StdoutLine: {'line': b'-- Up-to-date: /home/mcfb/ros2_ws/install/px4_msgs/include/px4_msgs/px4_msgs/msg/detail/position_controller_status__functions.h\n'}
[1.609842] (px4_msgs) StdoutLine: {'line': b'-- Up-to-date: /home/mcfb/ros2_ws/install/px4_msgs/include/px4_msgs/px4_msgs/msg/detail/position_controller_status__description.c\n'}
[1.609904] (px4_msgs) StdoutLine: {'line': b'-- Up-to-date: /home/mcfb/ros2_ws/install/px4_msgs/include/px4_msgs/px4_msgs/msg/detail/landing_target_innovations__type_support.h\n'}
[1.609968] (px4_msgs) StdoutLine: {'line': b'-- Up-to-date: /home/mcfb/ros2_ws/install/px4_msgs/include/px4_msgs/px4_msgs/msg/detail/rover_speed_setpoint__description.c\n'}
[1.610034] (px4_msgs) StdoutLine: {'line': b'-- Up-to-date: /home/mcfb/ros2_ws/install/px4_msgs/include/px4_msgs/px4_msgs/msg/detail/tune_control__description.c\n'}
[1.610101] (px4_msgs) StdoutLine: {'line': b'-- Installing: /home/mcfb/ros2_ws/install/px4_msgs/include/px4_msgs/px4_msgs/msg/detail/offboard_control_mode__type_support.c\n'}
[1.610170] (px4_msgs) StdoutLine: {'line': b'-- Up-to-date: /home/mcfb/ros2_ws/install/px4_msgs/include/px4_msgs/px4_msgs/msg/detail/figure_eight_status__type_support.h\n'}
[1.610241] (px4_msgs) StdoutLine: {'line': b'-- Up-to-date: /home/mcfb/ros2_ws/install/px4_msgs/include/px4_msgs/px4_msgs/msg/detail/trajectory_setpoint6dof__type_support.h\n'}
[1.610303] (px4_msgs) StdoutLine: {'line': b'-- Up-to-date: /home/mcfb/ros2_ws/install/px4_msgs/include/px4_msgs/px4_msgs/msg/detail/home_position__type_support.h\n'}
[1.610364] (px4_msgs) StdoutLine: {'line': b'-- Up-to-date: /home/mcfb/ros2_ws/install/px4_msgs/include/px4_msgs/px4_msgs/msg/detail/launch_detection_status__functions.h\n'}
[1.610425] (px4_msgs) StdoutLine: {'line': b'-- Installing: /home/mcfb/ros2_ws/install/px4_msgs/include/px4_msgs/px4_msgs/msg/detail/trajectory_setpoint6dof__type_support.c\n'}
[1.610485] (px4_msgs) StdoutLine: {'line': b'-- Up-to-date: /home/mcfb/ros2_ws/install/px4_msgs/include/px4_msgs/px4_msgs/msg/detail/orbit_status__functions.c\n'}
[1.610547] (px4_msgs) StdoutLine: {'line': b'-- Up-to-date: /home/mcfb/ros2_ws/install/px4_msgs/include/px4_msgs/px4_msgs/msg/detail/dataman_request__struct.h\n'}
[1.610607] (px4_msgs) StdoutLine: {'line': b'-- Installing: /home/mcfb/ros2_ws/install/px4_msgs/include/px4_msgs/px4_msgs/msg/detail/estimator_aid_source2d__type_support.c\n'}
[1.610668] (px4_msgs) StdoutLine: {'line': b'-- Up-to-date: /home/mcfb/ros2_ws/install/px4_msgs/include/px4_msgs/px4_msgs/msg/detail/debug_key_value__description.c\n'}
[1.610740] (px4_msgs) StdoutLine: {'line': b'-- Installing: /home/mcfb/ros2_ws/install/px4_msgs/include/px4_msgs/px4_msgs/msg/detail/home_position__type_support.c\n'}
[1.610800] (px4_msgs) StdoutLine: {'line': b'-- Up-to-date: /home/mcfb/ros2_ws/install/px4_msgs/include/px4_msgs/px4_msgs/msg/detail/event__type_support.h\n'}
[1.610895] (px4_msgs) StdoutLine: {'line': b'-- Up-to-date: /home/mcfb/ros2_ws/install/px4_msgs/include/px4_msgs/px4_msgs/msg/detail/position_controller_landing_status__struct.h\n'}
[1.610944] (px4_msgs) StdoutLine: {'line': b'-- Up-to-date: /home/mcfb/ros2_ws/install/px4_msgs/include/px4_msgs/px4_msgs/msg/detail/sensor_gyro__struct.h\n'}
[1.610991] (px4_msgs) StdoutLine: {'line': b'-- Up-to-date: /home/mcfb/ros2_ws/install/px4_msgs/include/px4_msgs/px4_msgs/msg/detail/rtl_time_estimate__type_support.h\n'}
[1.611036] (px4_msgs) StdoutLine: {'line': b'-- Up-to-date: /home/mcfb/ros2_ws/install/px4_msgs/include/px4_msgs/px4_msgs/msg/detail/rpm__description.c\n'}
[1.611081] (px4_msgs) StdoutLine: {'line': b'-- Up-to-date: /home/mcfb/ros2_ws/install/px4_msgs/include/px4_msgs/px4_msgs/msg/detail/differential_pressure__type_support.h\n'}
[1.611127] (px4_msgs) StdoutLine: {'line': b'-- Up-to-date: /home/mcfb/ros2_ws/install/px4_msgs/include/px4_msgs/px4_msgs/msg/detail/actuator_controls_status__type_support.h\n'}
[1.611175] (px4_msgs) StdoutLine: {'line': b'-- Up-to-date: /home/mcfb/ros2_ws/install/px4_msgs/include/px4_msgs/px4_msgs/msg/detail/sensor_preflight_mag__struct.h\n'}
[1.611221] (px4_msgs) StdoutLine: {'line': b'-- Up-to-date: /home/mcfb/ros2_ws/install/px4_msgs/include/px4_msgs/px4_msgs/msg/detail/flight_phase_estimation__type_support.h\n'}
[1.611266] (px4_msgs) StdoutLine: {'line': b'-- Up-to-date: /home/mcfb/ros2_ws/install/px4_msgs/include/px4_msgs/px4_msgs/msg/detail/log_message__description.c\n'}
[1.611311] (px4_msgs) StdoutLine: {'line': b'-- Up-to-date: /home/mcfb/ros2_ws/install/px4_msgs/include/px4_msgs/px4_msgs/msg/detail/camera_trigger__type_support.h\n'}
[1.611356] (px4_msgs) StdoutLine: {'line': b'-- Up-to-date: /home/mcfb/ros2_ws/install/px4_msgs/include/px4_msgs/px4_msgs/msg/detail/actuator_outputs__functions.h\n'}
[1.611401] (px4_msgs) StdoutLine: {'line': b'-- Up-to-date: /home/mcfb/ros2_ws/install/px4_msgs/include/px4_msgs/px4_msgs/msg/detail/vehicle_odometry__functions.c\n'}
[1.611735] (px4_msgs) StdoutLine: {'line': b'-- Up-to-date: /home/mcfb/ros2_ws/install/px4_msgs/include/px4_msgs/px4_msgs/msg/detail/cellular_status__type_support.h\n'}
[1.611810] (px4_msgs) StdoutLine: {'line': b'-- Installing: /home/mcfb/ros2_ws/install/px4_msgs/include/px4_msgs/px4_msgs/msg/detail/health_report__type_support.c\n'}
[1.612194] (px4_msgs) StdoutLine: {'line': b'-- Installing: /home/mcfb/ros2_ws/install/px4_msgs/include/px4_msgs/px4_msgs/msg/detail/distance_sensor_mode_change_request__type_support.c\n'}
[1.612254] (px4_msgs) StdoutLine: {'line': b'-- Installing: /home/mcfb/ros2_ws/install/px4_msgs/include/px4_msgs/px4_msgs/msg/detail/vtol_vehicle_status__type_support.c\n'}
[1.612299] (px4_msgs) StdoutLine: {'line': b'-- Up-to-date: /home/mcfb/ros2_ws/install/px4_msgs/include/px4_msgs/px4_msgs/msg/detail/parameter_set_used_request__functions.h\n'}
[1.612343] (px4_msgs) StdoutLine: {'line': b'-- Up-to-date: /home/mcfb/ros2_ws/install/px4_msgs/include/px4_msgs/px4_msgs/msg/detail/fuel_tank_status__struct.h\n'}
[1.612385] (px4_msgs) StdoutLine: {'line': b'-- Installing: /home/mcfb/ros2_ws/install/px4_msgs/include/px4_msgs/px4_msgs/msg/detail/radio_status__type_support.c\n'}
[1.612424] (px4_msgs) StdoutLine: {'line': b'-- Up-to-date: /home/mcfb/ros2_ws/install/px4_msgs/include/px4_msgs/px4_msgs/msg/detail/parameter_update__description.c\n'}
[1.612465] (px4_msgs) StdoutLine: {'line': b'-- Up-to-date: /home/mcfb/ros2_ws/install/px4_msgs/include/px4_msgs/px4_msgs/msg/detail/sensor_hygrometer__functions.h\n'}
[1.612505] (px4_msgs) StdoutLine: {'line': b'-- Installing: /home/mcfb/ros2_ws/install/px4_msgs/include/px4_msgs/px4_msgs/msg/detail/distance_sensor__type_support.c\n'}
[1.612544] (px4_msgs) StdoutLine: {'line': b'-- Up-to-date: /home/mcfb/ros2_ws/install/px4_msgs/include/px4_msgs/px4_msgs/msg/detail/iridiumsbd_status__struct.h\n'}
[1.612584] (px4_msgs) StdoutLine: {'line': b'-- Up-to-date: /home/mcfb/ros2_ws/install/px4_msgs/include/px4_msgs/px4_msgs/msg/detail/parameter_update__type_support.h\n'}
[1.613128] (px4_msgs) StdoutLine: {'line': b'-- Up-to-date: /home/mcfb/ros2_ws/install/px4_msgs/include/px4_msgs/px4_msgs/msg/detail/wheel_encoders__struct.h\n'}
[1.613362] (px4_msgs) StdoutLine: {'line': b'-- Up-to-date: /home/mcfb/ros2_ws/install/px4_msgs/include/px4_msgs/px4_msgs/msg/detail/rover_position_setpoint__functions.c\n'}
[1.613532] (px4_msgs) StdoutLine: {'line': b'-- Installing: /home/mcfb/ros2_ws/install/px4_msgs/include/px4_msgs/px4_msgs/msg/detail/pure_pursuit_status__type_support.c\n'}
[1.613704] (px4_msgs) StdoutLine: {'line': b'-- Up-to-date: /home/mcfb/ros2_ws/install/px4_msgs/include/px4_msgs/px4_msgs/msg/detail/sensor_baro__struct.h\n'}
[1.613882] (px4_msgs) StdoutLine: {'line': b'-- Up-to-date: /home/mcfb/ros2_ws/install/px4_msgs/include/px4_msgs/px4_msgs/msg/detail/tecs_status__type_support.h\n'}
[1.613976] (px4_msgs) StdoutLine: {'line': b'-- Up-to-date: /home/mcfb/ros2_ws/install/px4_msgs/include/px4_msgs/px4_msgs/msg/detail/power_button_state__description.c\n'}
[1.614046] (px4_msgs) StdoutLine: {'line': b'-- Up-to-date: /home/mcfb/ros2_ws/install/px4_msgs/include/px4_msgs/px4_msgs/msg/detail/sensor_hygrometer__struct.h\n'}
[1.614116] (px4_msgs) StdoutLine: {'line': b'-- Up-to-date: /home/mcfb/ros2_ws/install/px4_msgs/include/px4_msgs/px4_msgs/msg/detail/debug_key_value__functions.c\n'}
[1.614180] (px4_msgs) StdoutLine: {'line': b'-- Up-to-date: /home/mcfb/ros2_ws/install/px4_msgs/include/px4_msgs/px4_msgs/msg/detail/camera_status__functions.h\n'}
[1.614439] (px4_msgs) StdoutLine: {'line': b'-- Up-to-date: /home/mcfb/ros2_ws/install/px4_msgs/include/px4_msgs/px4_msgs/msg/detail/arming_check_reply__functions.c\n'}
[1.614508] (px4_msgs) StdoutLine: {'line': b'-- Installing: /home/mcfb/ros2_ws/install/px4_msgs/include/px4_msgs/px4_msgs/msg/detail/fixed_wing_longitudinal_setpoint__type_support.c\n'}
[1.614556] (px4_msgs) StdoutLine: {'line': b'-- Installing: /home/mcfb/ros2_ws/install/px4_msgs/include/px4_msgs/px4_msgs/msg/detail/estimator_event_flags__type_support.c\n'}
[1.614605] (px4_msgs) StdoutLine: {'line': b'-- Up-to-date: /home/mcfb/ros2_ws/install/px4_msgs/include/px4_msgs/px4_msgs/msg/detail/neural_control__functions.c\n'}
[1.614657] (px4_msgs) StdoutLine: {'line': b'-- Up-to-date: /home/mcfb/ros2_ws/install/px4_msgs/include/px4_msgs/px4_msgs/msg/detail/arming_check_request__struct.h\n'}
[1.614937] (px4_msgs) StdoutLine: {'line': b'-- Up-to-date: /home/mcfb/ros2_ws/install/px4_msgs/include/px4_msgs/px4_msgs/msg/detail/follow_target__functions.h\n'}
[1.615029] (px4_msgs) StdoutLine: {'line': b'-- Up-to-date: /home/mcfb/ros2_ws/install/px4_msgs/include/px4_msgs/px4_msgs/msg/detail/sensor_hygrometer__functions.c\n'}
[1.615097] (px4_msgs) StdoutLine: {'line': b'-- Up-to-date: /home/mcfb/ros2_ws/install/px4_msgs/include/px4_msgs/px4_msgs/msg/detail/power_monitor__description.c\n'}
[1.615163] (px4_msgs) StdoutLine: {'line': b'-- Up-to-date: /home/mcfb/ros2_ws/install/px4_msgs/include/px4_msgs/px4_msgs/msg/detail/goto_setpoint__functions.h\n'}
[1.615229] (px4_msgs) StdoutLine: {'line': b'-- Up-to-date: /home/mcfb/ros2_ws/install/px4_msgs/include/px4_msgs/px4_msgs/msg/detail/orb_test__functions.c\n'}
[1.615295] (px4_msgs) StdoutLine: {'line': b'-- Up-to-date: /home/mcfb/ros2_ws/install/px4_msgs/include/px4_msgs/px4_msgs/msg/detail/adc_report__type_support.h\n'}
[1.615372] (px4_msgs) StdoutLine: {'line': b'-- Up-to-date: /home/mcfb/ros2_ws/install/px4_msgs/include/px4_msgs/px4_msgs/msg/detail/rtl_status__description.c\n'}
[1.615435] (px4_msgs) StdoutLine: {'line': b'-- Up-to-date: /home/mcfb/ros2_ws/install/px4_msgs/include/px4_msgs/px4_msgs/msg/detail/normalized_unsigned_setpoint__functions.h\n'}
[1.615499] (px4_msgs) StdoutLine: {'line': b'-- Up-to-date: /home/mcfb/ros2_ws/install/px4_msgs/include/px4_msgs/px4_msgs/msg/detail/open_drone_id_operator_id__description.c\n'}
[1.615610] (px4_msgs) StdoutLine: {'line': b'-- Installing: /home/mcfb/ros2_ws/install/px4_msgs/include/px4_msgs/px4_msgs/msg/detail/vehicle_constraints__type_support.c\n'}
[1.615713] (px4_msgs) StdoutLine: {'line': b'-- Up-to-date: /home/mcfb/ros2_ws/install/px4_msgs/include/px4_msgs/px4_msgs/msg/detail/onboard_computer_status__type_support.h\n'}
[1.615794] (px4_msgs) StdoutLine: {'line': b'-- Installing: /home/mcfb/ros2_ws/install/px4_msgs/include/px4_msgs/px4_msgs/msg/detail/tecs_status__type_support.c\n'}
[1.615852] (px4_msgs) StdoutLine: {'line': b'-- Installing: /home/mcfb/ros2_ws/install/px4_msgs/include/px4_msgs/px4_msgs/msg/detail/estimator_innovations__type_support.c\n'}
[1.615923] (px4_msgs) StdoutLine: {'line': b'-- Up-to-date: /home/mcfb/ros2_ws/install/px4_msgs/include/px4_msgs/px4_msgs/msg/detail/ping__description.c\n'}
[1.615972] (px4_msgs) StdoutLine: {'line': b'-- Up-to-date: /home/mcfb/ros2_ws/install/px4_msgs/include/px4_msgs/px4_msgs/msg/detail/vehicle_rates_setpoint__struct.h\n'}
[1.616012] (px4_msgs) StdoutLine: {'line': b'-- Up-to-date: /home/mcfb/ros2_ws/install/px4_msgs/include/px4_msgs/px4_msgs/msg/detail/obstacle_distance__functions.c\n'}
[1.616055] (px4_msgs) StdoutLine: {'line': b'-- Installing: /home/mcfb/ros2_ws/install/px4_msgs/include/px4_msgs/px4_msgs/msg/detail/manual_control_switches__type_support.c\n'}
[1.616148] (px4_msgs) StdoutLine: {'line': b'-- Up-to-date: /home/mcfb/ros2_ws/install/px4_msgs/include/px4_msgs/px4_msgs/msg/detail/landing_target_pose__functions.h\n'}
[1.616188] (px4_msgs) StdoutLine: {'line': b'-- Up-to-date: /home/mcfb/ros2_ws/install/px4_msgs/include/px4_msgs/px4_msgs/msg/detail/transponder_report__description.c\n'}
[1.616378] (px4_msgs) StdoutLine: {'line': b'-- Up-to-date: /home/mcfb/ros2_ws/install/px4_msgs/include/px4_msgs/px4_msgs/msg/detail/camera_status__functions.c\n'}
[1.616431] (px4_msgs) StdoutLine: {'line': b'-- Up-to-date: /home/mcfb/ros2_ws/install/px4_msgs/include/px4_msgs/px4_msgs/msg/detail/gimbal_device_attitude_status__type_support.h\n'}
[1.616486] (px4_msgs) StdoutLine: {'line': b'-- Up-to-date: /home/mcfb/ros2_ws/install/px4_msgs/include/px4_msgs/px4_msgs/msg/detail/vehicle_torque_setpoint__functions.c\n'}
[1.616539] (px4_msgs) StdoutLine: {'line': b'-- Up-to-date: /home/mcfb/ros2_ws/install/px4_msgs/include/px4_msgs/px4_msgs/msg/detail/normalized_unsigned_setpoint__functions.c\n'}
[1.616583] (px4_msgs) StdoutLine: {'line': b'-- Up-to-date: /home/mcfb/ros2_ws/install/px4_msgs/include/px4_msgs/px4_msgs/msg/detail/rover_rate_setpoint__struct.h\n'}
[1.616624] (px4_msgs) StdoutLine: {'line': b'-- Up-to-date: /home/mcfb/ros2_ws/install/px4_msgs/include/px4_msgs/px4_msgs/msg/detail/vehicle_angular_acceleration_setpoint__type_support.h\n'}
[1.616664] (px4_msgs) StdoutLine: {'line': b'-- Up-to-date: /home/mcfb/ros2_ws/install/px4_msgs/include/px4_msgs/px4_msgs/msg/detail/fixed_wing_runway_control__description.c\n'}
[1.616716] (px4_msgs) StdoutLine: {'line': b'-- Up-to-date: /home/mcfb/ros2_ws/install/px4_msgs/include/px4_msgs/px4_msgs/msg/detail/vehicle_optical_flow__type_support.h\n'}
[1.616768] (px4_msgs) StdoutLine: {'line': b'-- Up-to-date: /home/mcfb/ros2_ws/install/px4_msgs/include/px4_msgs/px4_msgs/msg/detail/failure_detector_status__struct.h\n'}
[1.616806] (px4_msgs) StdoutLine: {'line': b'-- Up-to-date: /home/mcfb/ros2_ws/install/px4_msgs/include/px4_msgs/px4_msgs/msg/detail/esc_status__functions.c\n'}
[1.616924] (px4_msgs) StdoutLine: {'line': b'-- Up-to-date: /home/mcfb/ros2_ws/install/px4_msgs/include/px4_msgs/px4_msgs/msg/detail/debug_array__functions.h\n'}
[1.616981] (px4_msgs) StdoutLine: {'line': b'-- Up-to-date: /home/mcfb/ros2_ws/install/px4_msgs/include/px4_msgs/px4_msgs/msg/detail/magnetometer_bias_estimate__functions.h\n'}
[1.617033] (px4_msgs) StdoutLine: {'line': b'-- Up-to-date: /home/mcfb/ros2_ws/install/px4_msgs/include/px4_msgs/px4_msgs/msg/detail/failure_detector_status__type_support.h\n'}
[1.617085] (px4_msgs) StdoutLine: {'line': b'-- Up-to-date: /home/mcfb/ros2_ws/install/px4_msgs/include/px4_msgs/px4_msgs/msg/detail/mission__functions.c\n'}
[1.617140] (px4_msgs) StdoutLine: {'line': b'-- Up-to-date: /home/mcfb/ros2_ws/install/px4_msgs/include/px4_msgs/px4_msgs/msg/detail/fixed_wing_lateral_status__functions.h\n'}
[1.617330] (px4_msgs) StdoutLine: {'line': b'-- Up-to-date: /home/mcfb/ros2_ws/install/px4_msgs/include/px4_msgs/px4_msgs/msg/detail/sensor_preflight_mag__functions.c\n'}
[1.617511] (px4_msgs) StdoutLine: {'line': b'-- Up-to-date: /home/mcfb/ros2_ws/install/px4_msgs/include/px4_msgs/px4_msgs/msg/detail/rover_speed_status__functions.c\n'}
[1.617592] (px4_msgs) StdoutLine: {'line': b'-- Installing: /home/mcfb/ros2_ws/install/px4_msgs/include/px4_msgs/px4_msgs/msg/detail/gimbal_manager_status__type_support.c\n'}
[1.617738] (px4_msgs) StdoutLine: {'line': b'-- Up-to-date: /home/mcfb/ros2_ws/install/px4_msgs/include/px4_msgs/px4_msgs/msg/detail/camera_capture__functions.h\n'}
[1.617916] (px4_msgs) StdoutLine: {'line': b'-- Up-to-date: /home/mcfb/ros2_ws/install/px4_msgs/include/px4_msgs/px4_msgs/msg/detail/mission__type_support.h\n'}
[1.618113] (px4_msgs) StdoutLine: {'line': b'-- Installing: /home/mcfb/ros2_ws/install/px4_msgs/include/px4_msgs/px4_msgs/msg/detail/vehicle_optical_flow_vel__type_support.c\n'}
[1.618186] (px4_msgs) StdoutLine: {'line': b'-- Up-to-date: /home/mcfb/ros2_ws/install/px4_msgs/include/px4_msgs/px4_msgs/msg/detail/rover_position_setpoint__description.c\n'}
[1.618254] (px4_msgs) StdoutLine: {'line': b'-- Up-to-date: /home/mcfb/ros2_ws/install/px4_msgs/include/px4_msgs/px4_msgs/msg/detail/qshell_retval__functions.c\n'}
[1.618322] (px4_msgs) StdoutLine: {'line': b'-- Up-to-date: /home/mcfb/ros2_ws/install/px4_msgs/include/px4_msgs/px4_msgs/msg/detail/velocity_limits__struct.h\n'}
[1.618385] (px4_msgs) StdoutLine: {'line': b'-- Up-to-date: /home/mcfb/ros2_ws/install/px4_msgs/include/px4_msgs/px4_msgs/msg/detail/manual_control_setpoint__functions.c\n'}
[1.618520] (px4_msgs) StdoutLine: {'line': b'-- Up-to-date: /home/mcfb/ros2_ws/install/px4_msgs/include/px4_msgs/px4_msgs/msg/detail/rtl_time_estimate__struct.h\n'}
[1.618586] (px4_msgs) StdoutLine: {'line': b'-- Up-to-date: /home/mcfb/ros2_ws/install/px4_msgs/include/px4_msgs/px4_msgs/msg/detail/gpio_config__struct.h\n'}
[1.618649] (px4_msgs) StdoutLine: {'line': b'-- Up-to-date: /home/mcfb/ros2_ws/install/px4_msgs/include/px4_msgs/px4_msgs/msg/detail/arming_check_reply__type_support.h\n'}
[1.618723] (px4_msgs) StdoutLine: {'line': b'-- Installing: /home/mcfb/ros2_ws/install/px4_msgs/include/px4_msgs/px4_msgs/msg/detail/actuator_armed__type_support.c\n'}
[1.618789] (px4_msgs) StdoutLine: {'line': b'-- Up-to-date: /home/mcfb/ros2_ws/install/px4_msgs/include/px4_msgs/px4_msgs/msg/detail/distance_sensor__struct.h\n'}
[1.618852] (px4_msgs) StdoutLine: {'line': b'-- Up-to-date: /home/mcfb/ros2_ws/install/px4_msgs/include/px4_msgs/px4_msgs/msg/detail/input_rc__struct.h\n'}
[1.618918] (px4_msgs) StdoutLine: {'line': b'-- Up-to-date: /home/mcfb/ros2_ws/install/px4_msgs/include/px4_msgs/px4_msgs/msg/detail/dataman_response__functions.h\n'}
[1.618982] (px4_msgs) StdoutLine: {'line': b'-- Up-to-date: /home/mcfb/ros2_ws/install/px4_msgs/include/px4_msgs/px4_msgs/msg/detail/position_controller_status__functions.c\n'}
[1.619046] (px4_msgs) StdoutLine: {'line': b'-- Up-to-date: /home/mcfb/ros2_ws/install/px4_msgs/include/px4_msgs/px4_msgs/msg/detail/qshell_req__struct.h\n'}
[1.619108] (px4_msgs) StdoutLine: {'line': b'-- Installing: /home/mcfb/ros2_ws/install/px4_msgs/include/px4_msgs/px4_msgs/msg/detail/trajectory_setpoint__type_support.c\n'}
[1.619173] (px4_msgs) StdoutLine: {'line': b'-- Up-to-date: /home/mcfb/ros2_ws/install/px4_msgs/include/px4_msgs/px4_msgs/msg/detail/gimbal_device_set_attitude__functions.c\n'}
[1.619237] (px4_msgs) StdoutLine: {'line': b'-- Up-to-date: /home/mcfb/ros2_ws/install/px4_msgs/include/px4_msgs/px4_msgs/msg/detail/actuator_armed__functions.h\n'}
[1.619361] (px4_msgs) StdoutLine: {'line': b'-- Installing: /home/mcfb/ros2_ws/install/px4_msgs/include/px4_msgs/px4_msgs/msg/detail/follow_target_estimator__type_support.c\n'}
[1.619438] (px4_msgs) StdoutLine: {'line': b'-- Up-to-date: /home/mcfb/ros2_ws/install/px4_msgs/include/px4_msgs/px4_msgs/msg/detail/generator_status__functions.h\n'}
[1.619583] (px4_msgs) StdoutLine: {'line': b'-- Up-to-date: /home/mcfb/ros2_ws/install/px4_msgs/include/px4_msgs/px4_msgs/msg/detail/airspeed__functions.h\n'}
[1.619658] (px4_msgs) StdoutLine: {'line': b'-- Up-to-date: /home/mcfb/ros2_ws/install/px4_msgs/include/px4_msgs/px4_msgs/msg/detail/trajectory_setpoint6dof__functions.h\n'}
[1.619848] (px4_msgs) StdoutLine: {'line': b'-- Up-to-date: /home/mcfb/ros2_ws/install/px4_msgs/include/px4_msgs/px4_msgs/msg/detail/gimbal_device_information__type_support.h\n'}
[1.619903] (px4_msgs) StdoutLine: {'line': b'-- Installing: /home/mcfb/ros2_ws/install/px4_msgs/include/px4_msgs/px4_msgs/msg/detail/sensor_uwb__type_support.c\n'}
[1.619951] (px4_msgs) StdoutLine: {'line': b'-- Up-to-date: /home/mcfb/ros2_ws/install/px4_msgs/include/px4_msgs/px4_msgs/msg/detail/rover_rate_setpoint__description.c\n'}
[1.619996] (px4_msgs) StdoutLine: {'line': b'-- Up-to-date: /home/mcfb/ros2_ws/install/px4_msgs/include/px4_msgs/px4_msgs/msg/detail/estimator_status__type_support.h\n'}
[1.620051] (px4_msgs) StdoutLine: {'line': b'-- Up-to-date: /home/mcfb/ros2_ws/install/px4_msgs/include/px4_msgs/px4_msgs/msg/detail/follow_target_estimator__struct.h\n'}
[1.620115] (px4_msgs) StdoutLine: {'line': b'-- Up-to-date: /home/mcfb/ros2_ws/install/px4_msgs/include/px4_msgs/px4_msgs/msg/detail/sensor_airflow__description.c\n'}
[1.620176] (px4_msgs) StdoutLine: {'line': b'-- Up-to-date: /home/mcfb/ros2_ws/install/px4_msgs/include/px4_msgs/px4_msgs/msg/detail/mavlink_log__functions.c\n'}
[1.620238] (px4_msgs) StdoutLine: {'line': b'-- Up-to-date: /home/mcfb/ros2_ws/install/px4_msgs/include/px4_msgs/px4_msgs/msg/detail/vehicle_command_ack__struct.h\n'}
[1.620342] (px4_msgs) StdoutLine: {'line': b'-- Up-to-date: /home/mcfb/ros2_ws/install/px4_msgs/include/px4_msgs/px4_msgs/msg/detail/sensor_correction__description.c\n'}
[1.620414] (px4_msgs) StdoutLine: {'line': b'-- Up-to-date: /home/mcfb/ros2_ws/install/px4_msgs/include/px4_msgs/px4_msgs/msg/detail/config_overrides__type_support.h\n'}
[1.620473] (px4_msgs) StdoutLine: {'line': b'-- Up-to-date: /home/mcfb/ros2_ws/install/px4_msgs/include/px4_msgs/px4_msgs/msg/detail/gimbal_device_set_attitude__functions.h\n'}
[1.620531] (px4_msgs) StdoutLine: {'line': b'-- Up-to-date: /home/mcfb/ros2_ws/install/px4_msgs/include/px4_msgs/px4_msgs/msg/detail/tune_control__functions.h\n'}
[1.620584] (px4_msgs) StdoutLine: {'line': b'-- Up-to-date: /home/mcfb/ros2_ws/install/px4_msgs/include/px4_msgs/px4_msgs/msg/detail/follow_target_status__functions.h\n'}
[1.620637] (px4_msgs) StdoutLine: {'line': b'-- Up-to-date: /home/mcfb/ros2_ws/install/px4_msgs/include/px4_msgs/px4_msgs/msg/detail/sensors_status__description.c\n'}
[1.620696] (px4_msgs) StdoutLine: {'line': b'-- Up-to-date: /home/mcfb/ros2_ws/install/px4_msgs/include/px4_msgs/px4_msgs/msg/detail/gimbal_manager_status__description.c\n'}
[1.620752] (px4_msgs) StdoutLine: {'line': b'-- Up-to-date: /home/mcfb/ros2_ws/install/px4_msgs/include/px4_msgs/px4_msgs/msg/detail/autotune_attitude_control_status__type_support.h\n'}
[1.620809] (px4_msgs) StdoutLine: {'line': b'-- Up-to-date: /home/mcfb/ros2_ws/install/px4_msgs/include/px4_msgs/px4_msgs/msg/detail/vehicle_imu__description.c\n'}
[1.620862] (px4_msgs) StdoutLine: {'line': b'-- Installing: /home/mcfb/ros2_ws/install/px4_msgs/include/px4_msgs/px4_msgs/msg/detail/ping__type_support.c\n'}
[1.620966] (px4_msgs) StdoutLine: {'line': b'-- Up-to-date: /home/mcfb/ros2_ws/install/px4_msgs/include/px4_msgs/px4_msgs/msg/detail/parameter_reset_request__functions.h\n'}
[1.621017] (px4_msgs) StdoutLine: {'line': b'-- Up-to-date: /home/mcfb/ros2_ws/install/px4_msgs/include/px4_msgs/px4_msgs/msg/detail/open_drone_id_arm_status__description.c\n'}
[1.621066] (px4_msgs) StdoutLine: {'line': b'-- Up-to-date: /home/mcfb/ros2_ws/install/px4_msgs/include/px4_msgs/px4_msgs/msg/detail/ekf2_timestamps__struct.h\n'}
[1.621115] (px4_msgs) StdoutLine: {'line': b'-- Up-to-date: /home/mcfb/ros2_ws/install/px4_msgs/include/px4_msgs/px4_msgs/msg/detail/health_report__functions.c\n'}
[1.621196] (px4_msgs) StdoutLine: {'line': b'-- Up-to-date: /home/mcfb/ros2_ws/install/px4_msgs/include/px4_msgs/px4_msgs/msg/detail/gps_dump__struct.h\n'}
[1.621253] (px4_msgs) StdoutLine: {'line': b'-- Up-to-date: /home/mcfb/ros2_ws/install/px4_msgs/include/px4_msgs/px4_msgs/msg/detail/gps_inject_data__description.c\n'}
[1.621307] (px4_msgs) StdoutLine: {'line': b'-- Up-to-date: /home/mcfb/ros2_ws/install/px4_msgs/include/px4_msgs/px4_msgs/msg/detail/gpio_in__functions.c\n'}
[1.621371] (px4_msgs) StdoutLine: {'line': b'-- Up-to-date: /home/mcfb/ros2_ws/install/px4_msgs/include/px4_msgs/px4_msgs/msg/detail/gimbal_device_attitude_status__struct.h\n'}
[1.621455] (px4_msgs) StdoutLine: {'line': b'-- Up-to-date: /home/mcfb/ros2_ws/install/px4_msgs/include/px4_msgs/px4_msgs/msg/detail/rpm__functions.c\n'}
[1.621541] (px4_msgs) StdoutLine: {'line': b'-- Up-to-date: /home/mcfb/ros2_ws/install/px4_msgs/include/px4_msgs/px4_msgs/msg/detail/unregister_ext_component__struct.h\n'}
[1.621622] (px4_msgs) StdoutLine: {'line': b'-- Up-to-date: /home/mcfb/ros2_ws/install/px4_msgs/include/px4_msgs/px4_msgs/msg/detail/gps_inject_data__struct.h\n'}
[1.621738] (px4_msgs) StdoutLine: {'line': b'-- Up-to-date: /home/mcfb/ros2_ws/install/px4_msgs/include/px4_msgs/px4_msgs/msg/detail/config_overrides__description.c\n'}
[1.621791] (px4_msgs) StdoutLine: {'line': b'-- Up-to-date: /home/mcfb/ros2_ws/install/px4_msgs/include/px4_msgs/px4_msgs/msg/detail/register_ext_component_reply__description.c\n'}
[1.621862] (px4_msgs) StdoutLine: {'line': b'-- Up-to-date: /home/mcfb/ros2_ws/install/px4_msgs/include/px4_msgs/px4_msgs/msg/detail/fixed_wing_lateral_guidance_status__struct.h\n'}
[1.621911] (px4_msgs) StdoutLine: {'line': b'-- Up-to-date: /home/mcfb/ros2_ws/install/px4_msgs/include/px4_msgs/px4_msgs/msg/detail/gpio_request__functions.h\n'}
[1.621986] (px4_msgs) StdoutLine: {'line': b'-- Up-to-date: /home/mcfb/ros2_ws/install/px4_msgs/include/px4_msgs/px4_msgs/msg/detail/manual_control_switches__type_support.h\n'}
[1.622049] (px4_msgs) StdoutLine: {'line': b'-- Up-to-date: /home/mcfb/ros2_ws/install/px4_msgs/include/px4_msgs/px4_msgs/msg/detail/offboard_control_mode__struct.h\n'}
[1.622114] (px4_msgs) StdoutLine: {'line': b'-- Up-to-date: /home/mcfb/ros2_ws/install/px4_msgs/include/px4_msgs/px4_msgs/msg/detail/home_position__struct.h\n'}
[1.622167] (px4_msgs) StdoutLine: {'line': b'-- Up-to-date: /home/mcfb/ros2_ws/install/px4_msgs/include/px4_msgs/px4_msgs/msg/detail/orb_test_large__struct.h\n'}
[1.622234] (px4_msgs) StdoutLine: {'line': b'-- Up-to-date: /home/mcfb/ros2_ws/install/px4_msgs/include/px4_msgs/px4_msgs/msg/detail/vehicle_air_data__type_support.h\n'}
[1.622295] (px4_msgs) StdoutLine: {'line': b'-- Up-to-date: /home/mcfb/ros2_ws/install/px4_msgs/include/px4_msgs/px4_msgs/msg/detail/orb_test__struct.h\n'}
[1.622576] (px4_msgs) StdoutLine: {'line': b'-- Up-to-date: /home/mcfb/ros2_ws/install/px4_msgs/include/px4_msgs/px4_msgs/msg/detail/open_drone_id_operator_id__type_support.h\n'}
[1.622669] (px4_msgs) StdoutLine: {'line': b'-- Up-to-date: /home/mcfb/ros2_ws/install/px4_msgs/include/px4_msgs/px4_msgs/msg/detail/vehicle_control_mode__functions.c\n'}
[1.622757] (px4_msgs) StdoutLine: {'line': b'-- Up-to-date: /home/mcfb/ros2_ws/install/px4_msgs/include/px4_msgs/px4_msgs/msg/detail/gripper__type_support.h\n'}
[1.622811] (px4_msgs) StdoutLine: {'line': b'-- Up-to-date: /home/mcfb/ros2_ws/install/px4_msgs/include/px4_msgs/px4_msgs/msg/detail/vehicle_odometry__type_support.h\n'}
[1.622865] (px4_msgs) StdoutLine: {'line': b'-- Up-to-date: /home/mcfb/ros2_ws/install/px4_msgs/include/px4_msgs/px4_msgs/msg/detail/position_setpoint_triplet__functions.h\n'}
[1.622922] (px4_msgs) StdoutLine: {'line': b'-- Up-to-date: /home/mcfb/ros2_ws/install/px4_msgs/include/px4_msgs/px4_msgs/msg/detail/rate_ctrl_status__functions.c\n'}
[1.622971] (px4_msgs) StdoutLine: {'line': b'-- Up-to-date: /home/mcfb/ros2_ws/install/px4_msgs/include/px4_msgs/px4_msgs/msg/detail/sensors_status__struct.h\n'}
[1.623022] (px4_msgs) StdoutLine: {'line': b'-- Up-to-date: /home/mcfb/ros2_ws/install/px4_msgs/include/px4_msgs/px4_msgs/msg/detail/rc_channels__functions.c\n'}
[1.623127] (px4_msgs) StdoutLine: {'line': b'-- Up-to-date: /home/mcfb/ros2_ws/install/px4_msgs/include/px4_msgs/px4_msgs/msg/detail/power_monitor__type_support.h\n'}
[1.623195] (px4_msgs) StdoutLine: {'line': b'-- Installing: /home/mcfb/ros2_ws/install/px4_msgs/include/px4_msgs/px4_msgs/msg/detail/rover_rate_setpoint__type_support.c\n'}
[1.623247] (px4_msgs) StdoutLine: {'line': b'-- Up-to-date: /home/mcfb/ros2_ws/install/px4_msgs/include/px4_msgs/px4_msgs/msg/detail/trajectory_setpoint6dof__struct.h\n'}
[1.623305] (px4_msgs) StdoutLine: {'line': b'-- Up-to-date: /home/mcfb/ros2_ws/install/px4_msgs/include/px4_msgs/px4_msgs/msg/detail/fixed_wing_lateral_status__functions.c\n'}
[1.623358] (px4_msgs) StdoutLine: {'line': b'-- Up-to-date: /home/mcfb/ros2_ws/install/px4_msgs/include/px4_msgs/px4_msgs/msg/detail/onboard_computer_status__functions.h\n'}
[1.623424] (px4_msgs) StdoutLine: {'line': b'-- Up-to-date: /home/mcfb/ros2_ws/install/px4_msgs/include/px4_msgs/px4_msgs/msg/detail/navigator_status__type_support.h\n'}
[1.623491] (px4_msgs) StdoutLine: {'line': b'-- Up-to-date: /home/mcfb/ros2_ws/install/px4_msgs/include/px4_msgs/px4_msgs/msg/detail/timesync_status__functions.h\n'}
[1.623547] (px4_msgs) StdoutLine: {'line': b'-- Up-to-date: /home/mcfb/ros2_ws/install/px4_msgs/include/px4_msgs/px4_msgs/msg/detail/led_control__functions.h\n'}
[1.623621] (px4_msgs) StdoutLine: {'line': b'-- Up-to-date: /home/mcfb/ros2_ws/install/px4_msgs/include/px4_msgs/px4_msgs/msg/detail/longitudinal_control_configuration__struct.h\n'}
[1.623894] (px4_msgs) StdoutLine: {'line': b'-- Up-to-date: /home/mcfb/ros2_ws/install/px4_msgs/include/px4_msgs/px4_msgs/msg/detail/transponder_report__struct.h\n'}
[1.623950] (px4_msgs) StdoutLine: {'line': b'-- Up-to-date: /home/mcfb/ros2_ws/install/px4_msgs/include/px4_msgs/px4_msgs/msg/detail/estimator_selector_status__struct.h\n'}
[1.623997] (px4_msgs) StdoutLine: {'line': b'-- Up-to-date: /home/mcfb/ros2_ws/install/px4_msgs/include/px4_msgs/px4_msgs/msg/detail/parameter_set_value_response__description.c\n'}
[1.624043] (px4_msgs) StdoutLine: {'line': b'-- Installing: /home/mcfb/ros2_ws/install/px4_msgs/include/px4_msgs/px4_msgs/msg/detail/mode_completed__type_support.c\n'}
[1.624088] (px4_msgs) StdoutLine: {'line': b'-- Up-to-date: /home/mcfb/ros2_ws/install/px4_msgs/include/px4_msgs/px4_msgs/msg/detail/event__description.c\n'}
[1.624132] (px4_msgs) StdoutLine: {'line': b'-- Up-to-date: /home/mcfb/ros2_ws/install/px4_msgs/include/px4_msgs/px4_msgs/msg/detail/qshell_retval__functions.h\n'}
[1.624176] (px4_msgs) StdoutLine: {'line': b'-- Up-to-date: /home/mcfb/ros2_ws/install/px4_msgs/include/px4_msgs/px4_msgs/msg/detail/goto_setpoint__description.c\n'}
[1.624221] (px4_msgs) StdoutLine: {'line': b'-- Installing: /home/mcfb/ros2_ws/install/px4_msgs/include/px4_msgs/px4_msgs/msg/detail/vehicle_local_position__type_support.c\n'}
[1.624266] (px4_msgs) StdoutLine: {'line': b'-- Installing: /home/mcfb/ros2_ws/install/px4_msgs/include/px4_msgs/px4_msgs/msg/detail/cpuload__type_support.c\n'}
[1.624309] (px4_msgs) StdoutLine: {'line': b'-- Up-to-date: /home/mcfb/ros2_ws/install/px4_msgs/include/px4_msgs/px4_msgs/msg/detail/sensor_hygrometer__type_support.h\n'}
[1.624348] (px4_msgs) StdoutLine: {'line': b'-- Up-to-date: /home/mcfb/ros2_ws/install/px4_msgs/include/px4_msgs/px4_msgs/msg/detail/estimator_status__description.c\n'}
[1.624389] (px4_msgs) StdoutLine: {'line': b'-- Up-to-date: /home/mcfb/ros2_ws/install/px4_msgs/include/px4_msgs/px4_msgs/msg/detail/arming_check_reply__functions.h\n'}
[1.624429] (px4_msgs) StdoutLine: {'line': b'-- Installing: /home/mcfb/ros2_ws/install/px4_msgs/include/px4_msgs/px4_msgs/msg/detail/vehicle_attitude__type_support.c\n'}
[1.624472] (px4_msgs) StdoutLine: {'line': b'-- Up-to-date: /home/mcfb/ros2_ws/install/px4_msgs/include/px4_msgs/px4_msgs/msg/detail/vehicle_angular_acceleration_setpoint__functions.h\n'}
[1.624516] (px4_msgs) StdoutLine: {'line': b'-- Installing: /home/mcfb/ros2_ws/install/px4_msgs/include/px4_msgs/px4_msgs/msg/detail/gps_dump__type_support.c\n'}
[1.624577] (px4_msgs) StdoutLine: {'line': b'-- Installing: /home/mcfb/ros2_ws/install/px4_msgs/include/px4_msgs/px4_msgs/msg/detail/sensor_gps__type_support.c\n'}
[1.624632] (px4_msgs) StdoutLine: {'line': b'-- Up-to-date: /home/mcfb/ros2_ws/install/px4_msgs/include/px4_msgs/px4_msgs/msg/detail/lateral_control_configuration__type_support.h\n'}
[1.624681] (px4_msgs) StdoutLine: {'line': b'-- Up-to-date: /home/mcfb/ros2_ws/install/px4_msgs/include/px4_msgs/px4_msgs/msg/detail/sensor_selection__type_support.h\n'}
[1.624776] (px4_msgs) StdoutLine: {'line': b'-- Up-to-date: /home/mcfb/ros2_ws/install/px4_msgs/include/px4_msgs/px4_msgs/msg/detail/battery_info__functions.c\n'}
[1.624820] (px4_msgs) StdoutLine: {'line': b'-- Up-to-date: /home/mcfb/ros2_ws/install/px4_msgs/include/px4_msgs/px4_msgs/msg/detail/rover_attitude_setpoint__type_support.h\n'}
[1.624864] (px4_msgs) StdoutLine: {'line': b'-- Up-to-date: /home/mcfb/ros2_ws/install/px4_msgs/include/px4_msgs/px4_msgs/msg/detail/sensors_status__functions.c\n'}
[1.624909] (px4_msgs) StdoutLine: {'line': b'-- Up-to-date: /home/mcfb/ros2_ws/install/px4_msgs/include/px4_msgs/px4_msgs/msg/detail/estimator_innovations__functions.h\n'}
[1.624954] (px4_msgs) StdoutLine: {'line': b'-- Up-to-date: /home/mcfb/ros2_ws/install/px4_msgs/include/px4_msgs/px4_msgs/msg/detail/ulog_stream__description.c\n'}
[1.624998] (px4_msgs) StdoutLine: {'line': b'-- Up-to-date: /home/mcfb/ros2_ws/install/px4_msgs/include/px4_msgs/px4_msgs/msg/detail/rover_rate_setpoint__functions.c\n'}
[1.625042] (px4_msgs) StdoutLine: {'line': b'-- Up-to-date: /home/mcfb/ros2_ws/install/px4_msgs/include/px4_msgs/px4_msgs/msg/detail/gpio_out__type_support.h\n'}
[1.625086] (px4_msgs) StdoutLine: {'line': b'-- Up-to-date: /home/mcfb/ros2_ws/install/px4_msgs/include/px4_msgs/px4_msgs/msg/detail/figure_eight_status__functions.c\n'}
[1.625129] (px4_msgs) StdoutLine: {'line': b'-- Up-to-date: /home/mcfb/ros2_ws/install/px4_msgs/include/px4_msgs/px4_msgs/msg/detail/vehicle_imu_status__struct.h\n'}
[1.625169] (px4_msgs) StdoutLine: {'line': b'-- Up-to-date: /home/mcfb/ros2_ws/install/px4_msgs/include/px4_msgs/px4_msgs/msg/detail/mode_completed__type_support.h\n'}
[1.625223] (px4_msgs) StdoutLine: {'line': b'-- Up-to-date: /home/mcfb/ros2_ws/install/px4_msgs/include/px4_msgs/px4_msgs/msg/detail/estimator_innovations__functions.c\n'}
[1.625268] (px4_msgs) StdoutLine: {'line': b'-- Up-to-date: /home/mcfb/ros2_ws/install/px4_msgs/include/px4_msgs/px4_msgs/msg/detail/flight_phase_estimation__functions.c\n'}
[1.625314] (px4_msgs) StdoutLine: {'line': b'-- Up-to-date: /home/mcfb/ros2_ws/install/px4_msgs/include/px4_msgs/px4_msgs/msg/detail/sensor_preflight_mag__description.c\n'}
[1.625356] (px4_msgs) StdoutLine: {'line': b'-- Up-to-date: /home/mcfb/ros2_ws/install/px4_msgs/include/px4_msgs/px4_msgs/msg/detail/sensor_optical_flow__type_support.h\n'}
[1.625399] (px4_msgs) StdoutLine: {'line': b'-- Up-to-date: /home/mcfb/ros2_ws/install/px4_msgs/include/px4_msgs/px4_msgs/msg/detail/register_ext_component_request__description.c\n'}
[1.625460] (px4_msgs) StdoutLine: {'line': b'-- Up-to-date: /home/mcfb/ros2_ws/install/px4_msgs/include/px4_msgs/px4_msgs/msg/detail/actuator_test__type_support.h\n'}
[1.625517] (px4_msgs) StdoutLine: {'line': b'-- Up-to-date: /home/mcfb/ros2_ws/install/px4_msgs/include/px4_msgs/px4_msgs/msg/detail/manual_control_setpoint__description.c\n'}
[1.625561] (px4_msgs) StdoutLine: {'line': b'-- Up-to-date: /home/mcfb/ros2_ws/install/px4_msgs/include/px4_msgs/px4_msgs/msg/detail/estimator_bias__functions.h\n'}
[1.625605] (px4_msgs) StdoutLine: {'line': b'-- Up-to-date: /home/mcfb/ros2_ws/install/px4_msgs/include/px4_msgs/px4_msgs/msg/detail/input_rc__type_support.h\n'}
[1.625652] (px4_msgs) StdoutLine: {'line': b'-- Up-to-date: /home/mcfb/ros2_ws/install/px4_msgs/include/px4_msgs/px4_msgs/msg/detail/esc_status__functions.h\n'}
[1.625711] (px4_msgs) StdoutLine: {'line': b'-- Installing: /home/mcfb/ros2_ws/install/px4_msgs/include/px4_msgs/px4_msgs/msg/detail/sensors_status_imu__type_support.c\n'}
[1.625901] (px4_msgs) StdoutLine: {'line': b'-- Up-to-date: /home/mcfb/ros2_ws/install/px4_msgs/include/px4_msgs/px4_msgs/msg/detail/telemetry_status__description.c\n'}
[1.626065] (px4_msgs) StdoutLine: {'line': b'-- Up-to-date: /home/mcfb/ros2_ws/install/px4_msgs/include/px4_msgs/px4_msgs/msg/detail/register_ext_component_reply__struct.h\n'}
[1.626132] (px4_msgs) StdoutLine: {'line': b'-- Up-to-date: /home/mcfb/ros2_ws/install/px4_msgs/include/px4_msgs/px4_msgs/msg/detail/manual_control_setpoint__type_support.h\n'}
[1.626191] (px4_msgs) StdoutLine: {'line': b'-- Up-to-date: /home/mcfb/ros2_ws/install/px4_msgs/include/px4_msgs/px4_msgs/msg/detail/airspeed__type_support.h\n'}
[1.626260] (px4_msgs) StdoutLine: {'line': b'-- Up-to-date: /home/mcfb/ros2_ws/install/px4_msgs/include/px4_msgs/px4_msgs/msg/detail/vehicle_optical_flow_vel__functions.h\n'}
[1.626319] (px4_msgs) StdoutLine: {'line': b'-- Up-to-date: /home/mcfb/ros2_ws/install/px4_msgs/include/px4_msgs/px4_msgs/msg/detail/takeoff_status__type_support.h\n'}
[1.626383] (px4_msgs) StdoutLine: {'line': b'-- Up-to-date: /home/mcfb/ros2_ws/install/px4_msgs/include/px4_msgs/px4_msgs/msg/detail/parameter_set_value_response__functions.h\n'}
[1.626441] (px4_msgs) StdoutLine: {'line': b'-- Installing: /home/mcfb/ros2_ws/install/px4_msgs/include/px4_msgs/px4_msgs/msg/detail/sensor_selection__type_support.c\n'}
[1.626496] (px4_msgs) StdoutLine: {'line': b'-- Up-to-date: /home/mcfb/ros2_ws/install/px4_msgs/include/px4_msgs/px4_msgs/msg/detail/gpio_out__functions.h\n'}
[1.626618] (px4_msgs) StdoutLine: {'line': b'-- Up-to-date: /home/mcfb/ros2_ws/install/px4_msgs/include/px4_msgs/px4_msgs/msg/detail/figure_eight_status__functions.h\n'}
[1.626721] (px4_msgs) StdoutLine: {'line': b'-- Installing: /home/mcfb/ros2_ws/install/px4_msgs/include/px4_msgs/px4_msgs/msg/detail/rover_attitude_setpoint__type_support.c\n'}
[1.626793] (px4_msgs) StdoutLine: {'line': b'-- Installing: /home/mcfb/ros2_ws/install/px4_msgs/include/px4_msgs/px4_msgs/msg/detail/estimator_status_flags__type_support.c\n'}
[1.626851] (px4_msgs) StdoutLine: {'line': b'-- Up-to-date: /home/mcfb/ros2_ws/install/px4_msgs/include/px4_msgs/px4_msgs/msg/detail/transponder_report__functions.c\n'}
[1.626907] (px4_msgs) StdoutLine: {'line': b'-- Installing: /home/mcfb/ros2_ws/install/px4_msgs/include/px4_msgs/px4_msgs/msg/detail/gpio_config__type_support.c\n'}
[1.626964] (px4_msgs) StdoutLine: {'line': b'-- Up-to-date: /home/mcfb/ros2_ws/install/px4_msgs/include/px4_msgs/px4_msgs/msg/detail/estimator_aid_source3d__description.c\n'}
[1.627014] (px4_msgs) StdoutLine: {'line': b'-- Up-to-date: /home/mcfb/ros2_ws/install/px4_msgs/include/px4_msgs/px4_msgs/msg/detail/failure_detector_status__functions.h\n'}
[1.627068] (px4_msgs) StdoutLine: {'line': b'-- Up-to-date: /home/mcfb/ros2_ws/install/px4_msgs/include/px4_msgs/px4_msgs/msg/detail/launch_detection_status__type_support.h\n'}
[1.627127] (px4_msgs) StdoutLine: {'line': b'-- Up-to-date: /home/mcfb/ros2_ws/install/px4_msgs/include/px4_msgs/px4_msgs/msg/detail/debug_value__type_support.h\n'}
[1.627199] (px4_msgs) StdoutLine: {'line': b'-- Up-to-date: /home/mcfb/ros2_ws/install/px4_msgs/include/px4_msgs/px4_msgs/msg/detail/vehicle_magnetometer__struct.h\n'}
[1.627277] (px4_msgs) StdoutLine: {'line': b'-- Up-to-date: /home/mcfb/ros2_ws/install/px4_msgs/include/px4_msgs/px4_msgs/msg/detail/dataman_request__functions.h\n'}
[1.627375] (px4_msgs) StdoutLine: {'line': b'-- Installing: /home/mcfb/ros2_ws/install/px4_msgs/include/px4_msgs/px4_msgs/msg/detail/debug_key_value__type_support.c\n'}
[1.627671] (px4_msgs) StdoutLine: {'line': b'-- Installing: /home/mcfb/ros2_ws/install/px4_msgs/include/px4_msgs/px4_msgs/msg/detail/power_button_state__type_support.c\n'}
[1.627790] (px4_msgs) StdoutLine: {'line': b'-- Up-to-date: /home/mcfb/ros2_ws/install/px4_msgs/include/px4_msgs/px4_msgs/msg/detail/qshell_req__functions.h\n'}
[1.627863] (px4_msgs) StdoutLine: {'line': b'-- Up-to-date: /home/mcfb/ros2_ws/install/px4_msgs/include/px4_msgs/px4_msgs/msg/detail/logger_status__type_support.h\n'}
[1.627963] (px4_msgs) StdoutLine: {'line': b'-- Up-to-date: /home/mcfb/ros2_ws/install/px4_msgs/include/px4_msgs/px4_msgs/msg/detail/position_controller_landing_status__functions.h\n'}
[1.628045] (px4_msgs) StdoutLine: {'line': b'-- Up-to-date: /home/mcfb/ros2_ws/install/px4_msgs/include/px4_msgs/px4_msgs/msg/detail/position_controller_landing_status__description.c\n'}
[1.628116] (px4_msgs) StdoutLine: {'line': b'-- Up-to-date: /home/mcfb/ros2_ws/install/px4_msgs/include/px4_msgs/px4_msgs/msg/detail/arming_check_request__functions.h\n'}
[1.628187] (px4_msgs) StdoutLine: {'line': b'-- Up-to-date: /home/mcfb/ros2_ws/install/px4_msgs/include/px4_msgs/px4_msgs/msg/detail/sensor_optical_flow__struct.h\n'}
[1.628354] (px4_msgs) StdoutLine: {'line': b'-- Up-to-date: /home/mcfb/ros2_ws/install/px4_msgs/include/px4_msgs/px4_msgs/msg/detail/gps_dump__functions.c\n'}
[1.628487] (px4_msgs) StdoutLine: {'line': b'-- Up-to-date: /home/mcfb/ros2_ws/install/px4_msgs/include/px4_msgs/px4_msgs/msg/detail/debug_vect__functions.h\n'}
[1.628559] (px4_msgs) StdoutLine: {'line': b'-- Up-to-date: /home/mcfb/ros2_ws/install/px4_msgs/include/px4_msgs/px4_msgs/msg/detail/distance_sensor__functions.h\n'}
[1.628617] (px4_msgs) StdoutLine: {'line': b'-- Up-to-date: /home/mcfb/ros2_ws/install/px4_msgs/include/px4_msgs/px4_msgs/msg/detail/landing_gear__functions.c\n'}
[1.628678] (px4_msgs) StdoutLine: {'line': b'-- Up-to-date: /home/mcfb/ros2_ws/install/px4_msgs/include/px4_msgs/px4_msgs/msg/detail/vehicle_air_data__functions.h\n'}
[1.628731] (px4_msgs) StdoutLine: {'line': b'-- Up-to-date: /home/mcfb/ros2_ws/install/px4_msgs/include/px4_msgs/px4_msgs/msg/detail/battery_status__type_support.h\n'}
[1.628784] (px4_msgs) StdoutLine: {'line': b'-- Up-to-date: /home/mcfb/ros2_ws/install/px4_msgs/include/px4_msgs/px4_msgs/msg/detail/landing_target_innovations__description.c\n'}
[1.628839] (px4_msgs) StdoutLine: {'line': b'-- Up-to-date: /home/mcfb/ros2_ws/install/px4_msgs/include/px4_msgs/px4_msgs/msg/detail/sensor_combined__functions.h\n'}
[1.628888] (px4_msgs) StdoutLine: {'line': b'-- Up-to-date: /home/mcfb/ros2_ws/install/px4_msgs/include/px4_msgs/px4_msgs/msg/detail/vehicle_thrust_setpoint__struct.h\n'}
[1.628993] (px4_msgs) StdoutLine: {'line': b'-- Installing: /home/mcfb/ros2_ws/install/px4_msgs/include/px4_msgs/px4_msgs/msg/detail/sensor_accel__type_support.c\n'}
[1.629051] (px4_msgs) StdoutLine: {'line': b'-- Up-to-date: /home/mcfb/ros2_ws/install/px4_msgs/include/px4_msgs/px4_msgs/msg/detail/heater_status__description.c\n'}
[1.629097] (px4_msgs) StdoutLine: {'line': b'-- Up-to-date: /home/mcfb/ros2_ws/install/px4_msgs/include/px4_msgs/px4_msgs/msg/detail/pure_pursuit_status__struct.h\n'}
[1.629233] (px4_msgs) StdoutLine: {'line': b'-- Up-to-date: /home/mcfb/ros2_ws/install/px4_msgs/include/px4_msgs/px4_msgs/msg/detail/ulog_stream__functions.c\n'}
[1.629277] (px4_msgs) StdoutLine: {'line': b'-- Up-to-date: /home/mcfb/ros2_ws/install/px4_msgs/include/px4_msgs/px4_msgs/msg/detail/sensor_gyro_fft__struct.h\n'}
[1.629317] (px4_msgs) StdoutLine: {'line': b'-- Up-to-date: /home/mcfb/ros2_ws/install/px4_msgs/include/px4_msgs/px4_msgs/msg/detail/estimator_selector_status__functions.c\n'}
[1.629356] (px4_msgs) StdoutLine: {'line': b'-- Up-to-date: /home/mcfb/ros2_ws/install/px4_msgs/include/px4_msgs/px4_msgs/msg/detail/actuator_motors__struct.h\n'}
[1.629396] (px4_msgs) StdoutLine: {'line': b'-- Up-to-date: /home/mcfb/ros2_ws/install/px4_msgs/include/px4_msgs/px4_msgs/msg/detail/vtol_vehicle_status__struct.h\n'}
[1.629454] (px4_msgs) StdoutLine: {'line': b'-- Up-to-date: /home/mcfb/ros2_ws/install/px4_msgs/include/px4_msgs/px4_msgs/msg/detail/estimator_innovations__struct.h\n'}
[1.629506] (px4_msgs) StdoutLine: {'line': b'-- Up-to-date: /home/mcfb/ros2_ws/install/px4_msgs/include/px4_msgs/px4_msgs/msg/detail/navigator_status__functions.c\n'}
[1.629551] (px4_msgs) StdoutLine: {'line': b'-- Up-to-date: /home/mcfb/ros2_ws/install/px4_msgs/include/px4_msgs/px4_msgs/msg/detail/message_format_request__type_support.h\n'}
[1.629656] (px4_msgs) StdoutLine: {'line': b'-- Installing: /home/mcfb/ros2_ws/install/px4_msgs/include/px4_msgs/px4_msgs/msg/detail/button_event__type_support.c\n'}
[1.629714] (px4_msgs) StdoutLine: {'line': b'-- Up-to-date: /home/mcfb/ros2_ws/install/px4_msgs/include/px4_msgs/px4_msgs/msg/detail/follow_target_status__description.c\n'}
[1.629765] (px4_msgs) StdoutLine: {'line': b'-- Up-to-date: /home/mcfb/ros2_ws/install/px4_msgs/include/px4_msgs/px4_msgs/msg/detail/parameter_reset_request__description.c\n'}
[1.629829] (px4_msgs) StdoutLine: {'line': b'-- Up-to-date: /home/mcfb/ros2_ws/install/px4_msgs/include/px4_msgs/px4_msgs/msg/detail/ekf2_timestamps__type_support.h\n'}
[1.629891] (px4_msgs) StdoutLine: {'line': b'-- Up-to-date: /home/mcfb/ros2_ws/install/px4_msgs/include/px4_msgs/px4_msgs/msg/detail/failsafe_flags__functions.h\n'}
[1.629952] (px4_msgs) StdoutLine: {'line': b'-- Up-to-date: /home/mcfb/ros2_ws/install/px4_msgs/include/px4_msgs/px4_msgs/msg/detail/message_format_response__functions.c\n'}
[1.630098] (px4_msgs) StdoutLine: {'line': b'-- Up-to-date: /home/mcfb/ros2_ws/install/px4_msgs/include/px4_msgs/px4_msgs/msg/detail/vehicle_status__struct.h\n'}
[1.630175] (px4_msgs) StdoutLine: {'line': b'-- Up-to-date: /home/mcfb/ros2_ws/install/px4_msgs/include/px4_msgs/px4_msgs/msg/detail/vehicle_rates_setpoint__description.c\n'}
[1.630219] (px4_msgs) StdoutLine: {'line': b'-- Up-to-date: /home/mcfb/ros2_ws/install/px4_msgs/include/px4_msgs/px4_msgs/msg/detail/vehicle_rates_setpoint__functions.c\n'}
[1.630263] (px4_msgs) StdoutLine: {'line': b'-- Up-to-date: /home/mcfb/ros2_ws/install/px4_msgs/include/px4_msgs/px4_msgs/msg/detail/obstacle_distance__description.c\n'}
[1.630314] (px4_msgs) StdoutLine: {'line': b'-- Up-to-date: /home/mcfb/ros2_ws/install/px4_msgs/include/px4_msgs/px4_msgs/msg/detail/vtol_vehicle_status__functions.c\n'}
[1.630447] (px4_msgs) StdoutLine: {'line': b'-- Installing: /home/mcfb/ros2_ws/install/px4_msgs/include/px4_msgs/px4_msgs/msg/detail/wheel_encoders__type_support.c\n'}
[1.630493] (px4_msgs) StdoutLine: {'line': b'-- Installing: /home/mcfb/ros2_ws/install/px4_msgs/include/px4_msgs/px4_msgs/msg/detail/collision_constraints__type_support.c\n'}
[1.630552] (px4_msgs) StdoutLine: {'line': b'-- Up-to-date: /home/mcfb/ros2_ws/install/px4_msgs/include/px4_msgs/px4_msgs/msg/detail/mission_result__description.c\n'}
[1.630616] (px4_msgs) StdoutLine: {'line': b'-- Up-to-date: /home/mcfb/ros2_ws/install/px4_msgs/include/px4_msgs/px4_msgs/msg/detail/logger_status__struct.h\n'}
[1.630746] (px4_msgs) StdoutLine: {'line': b'-- Up-to-date: /home/mcfb/ros2_ws/install/px4_msgs/include/px4_msgs/px4_msgs/msg/detail/mavlink_tunnel__functions.h\n'}
[1.630813] (px4_msgs) StdoutLine: {'line': b'-- Up-to-date: /home/mcfb/ros2_ws/install/px4_msgs/include/px4_msgs/px4_msgs/msg/detail/rover_position_setpoint__functions.h\n'}
[1.630878] (px4_msgs) StdoutLine: {'line': b'-- Up-to-date: /home/mcfb/ros2_ws/install/px4_msgs/include/px4_msgs/px4_msgs/msg/detail/home_position__description.c\n'}
[1.630941] (px4_msgs) StdoutLine: {'line': b'-- Installing: /home/mcfb/ros2_ws/install/px4_msgs/include/px4_msgs/px4_msgs/msg/detail/orb_test_medium__type_support.c\n'}
[1.630985] (px4_msgs) StdoutLine: {'line': b'-- Up-to-date: /home/mcfb/ros2_ws/install/px4_msgs/include/px4_msgs/px4_msgs/msg/detail/message_format_response__description.c\n'}
[1.631025] (px4_msgs) StdoutLine: {'line': b'-- Up-to-date: /home/mcfb/ros2_ws/install/px4_msgs/include/px4_msgs/px4_msgs/msg/detail/mission_result__type_support.h\n'}
[1.631064] (px4_msgs) StdoutLine: {'line': b'-- Up-to-date: /home/mcfb/ros2_ws/install/px4_msgs/include/px4_msgs/px4_msgs/msg/detail/sensor_gnss_status__functions.c\n'}
[1.631104] (px4_msgs) StdoutLine: {'line': b'-- Installing: /home/mcfb/ros2_ws/install/px4_msgs/include/px4_msgs/px4_msgs/msg/detail/sensor_correction__type_support.c\n'}
[1.631143] (px4_msgs) StdoutLine: {'line': b'-- Up-to-date: /home/mcfb/ros2_ws/install/px4_msgs/include/px4_msgs/px4_msgs/msg/detail/parameter_set_value_request__description.c\n'}
[1.631208] (px4_msgs) StdoutLine: {'line': b'-- Up-to-date: /home/mcfb/ros2_ws/install/px4_msgs/include/px4_msgs/px4_msgs/msg/detail/rover_steering_setpoint__struct.h\n'}
[1.631251] (px4_msgs) StdoutLine: {'line': b'-- Up-to-date: /home/mcfb/ros2_ws/install/px4_msgs/include/px4_msgs/px4_msgs/msg/detail/autotune_attitude_control_status__description.c\n'}
[1.631287] (px4_msgs) StdoutLine: {'line': b'-- Up-to-date: /home/mcfb/ros2_ws/install/px4_msgs/include/px4_msgs/px4_msgs/msg/detail/control_allocator_status__struct.h\n'}
[1.631326] (px4_msgs) StdoutLine: {'line': b'-- Up-to-date: /home/mcfb/ros2_ws/install/px4_msgs/include/px4_msgs/px4_msgs/msg/detail/internal_combustion_engine_status__type_support.h\n'}
[1.631363] (px4_msgs) StdoutLine: {'line': b'-- Up-to-date: /home/mcfb/ros2_ws/install/px4_msgs/include/px4_msgs/px4_msgs/msg/detail/actuator_controls_status__functions.c\n'}
[1.631399] (px4_msgs) StdoutLine: {'line': b'-- Up-to-date: /home/mcfb/ros2_ws/install/px4_msgs/include/px4_msgs/px4_msgs/msg/detail/estimator_status__functions.h\n'}
[1.631435] (px4_msgs) StdoutLine: {'line': b'-- Up-to-date: /home/mcfb/ros2_ws/install/px4_msgs/include/px4_msgs/px4_msgs/msg/detail/fixed_wing_lateral_guidance_status__functions.h\n'}
[1.631471] (px4_msgs) StdoutLine: {'line': b'-- Up-to-date: /home/mcfb/ros2_ws/install/px4_msgs/include/px4_msgs/px4_msgs/msg/detail/open_drone_id_operator_id__functions.h\n'}
[1.631509] (px4_msgs) StdoutLine: {'line': b'-- Up-to-date: /home/mcfb/ros2_ws/install/px4_msgs/include/px4_msgs/px4_msgs/msg/detail/register_ext_component_request__struct.h\n'}
[1.631546] (px4_msgs) StdoutLine: {'line': b'-- Up-to-date: /home/mcfb/ros2_ws/install/px4_msgs/include/px4_msgs/px4_msgs/msg/detail/parameter_set_value_response__functions.c\n'}
[1.631579] (px4_msgs) StdoutLine: {'line': b'-- Up-to-date: /home/mcfb/ros2_ws/install/px4_msgs/include/px4_msgs/px4_msgs/msg/detail/vtol_vehicle_status__type_support.h\n'}
[1.631613] (px4_msgs) StdoutLine: {'line': b'-- Up-to-date: /home/mcfb/ros2_ws/install/px4_msgs/include/px4_msgs/px4_msgs/msg/detail/landing_target_pose__description.c\n'}
[1.631646] (px4_msgs) StdoutLine: {'line': b'-- Up-to-date: /home/mcfb/ros2_ws/install/px4_msgs/include/px4_msgs/px4_msgs/msg/detail/open_drone_id_self_id__functions.h\n'}
[1.631688] (px4_msgs) StdoutLine: {'line': b'-- Up-to-date: /home/mcfb/ros2_ws/install/px4_msgs/include/px4_msgs/px4_msgs/msg/detail/timesync_status__type_support.h\n'}
[1.631742] (px4_msgs) StdoutLine: {'line': b'-- Installing: /home/mcfb/ros2_ws/install/px4_msgs/include/px4_msgs/px4_msgs/msg/detail/navigator_mission_item__type_support.c\n'}
[1.631792] (px4_msgs) StdoutLine: {'line': b'-- Up-to-date: /home/mcfb/ros2_ws/install/px4_msgs/include/px4_msgs/px4_msgs/msg/detail/mode_completed__struct.h\n'}
[1.631842] (px4_msgs) StdoutLine: {'line': b'-- Up-to-date: /home/mcfb/ros2_ws/install/px4_msgs/include/px4_msgs/px4_msgs/msg/detail/dataman_request__description.c\n'}
[1.631891] (px4_msgs) StdoutLine: {'line': b'-- Up-to-date: /home/mcfb/ros2_ws/install/px4_msgs/include/px4_msgs/px4_msgs/msg/detail/rc_parameter_map__description.c\n'}
[1.631941] (px4_msgs) StdoutLine: {'line': b'-- Up-to-date: /home/mcfb/ros2_ws/install/px4_msgs/include/px4_msgs/px4_msgs/msg/detail/tiltrotor_extra_controls__functions.c\n'}
[1.631990] (px4_msgs) StdoutLine: {'line': b'-- Installing: /home/mcfb/ros2_ws/install/px4_msgs/include/px4_msgs/px4_msgs/msg/detail/vehicle_land_detected__type_support.c\n'}
[1.632133] (px4_msgs) StdoutLine: {'line': b'-- Up-to-date: /home/mcfb/ros2_ws/install/px4_msgs/include/px4_msgs/px4_msgs/msg/detail/rover_attitude_status__struct.h\n'}
[1.632190] (px4_msgs) StdoutLine: {'line': b'-- Up-to-date: /home/mcfb/ros2_ws/install/px4_msgs/include/px4_msgs/px4_msgs/msg/detail/sensor_uwb__functions.h\n'}
[1.632253] (px4_msgs) StdoutLine: {'line': b'-- Up-to-date: /home/mcfb/ros2_ws/install/px4_msgs/include/px4_msgs/px4_msgs/msg/detail/sensors_status__functions.h\n'}
[1.632304] (px4_msgs) StdoutLine: {'line': b'-- Up-to-date: /home/mcfb/ros2_ws/install/px4_msgs/include/px4_msgs/px4_msgs/msg/detail/wind__description.c\n'}
[1.632373] (px4_msgs) StdoutLine: {'line': b'-- Installing: /home/mcfb/ros2_ws/install/px4_msgs/include/px4_msgs/px4_msgs/msg/detail/vehicle_angular_velocity__type_support.c\n'}
[1.632438] (px4_msgs) StdoutLine: {'line': b'-- Up-to-date: /home/mcfb/ros2_ws/install/px4_msgs/include/px4_msgs/px4_msgs/msg/detail/rpm__functions.h\n'}
[1.632491] (px4_msgs) StdoutLine: {'line': b'-- Up-to-date: /home/mcfb/ros2_ws/install/px4_msgs/include/px4_msgs/px4_msgs/msg/detail/gimbal_device_information__functions.c\n'}
[1.632542] (px4_msgs) StdoutLine: {'line': b'-- Up-to-date: /home/mcfb/ros2_ws/install/px4_msgs/include/px4_msgs/px4_msgs/msg/detail/trajectory_setpoint__struct.h\n'}
[1.632594] (px4_msgs) StdoutLine: {'line': b'-- Up-to-date: /home/mcfb/ros2_ws/install/px4_msgs/include/px4_msgs/px4_msgs/msg/detail/camera_trigger__struct.h\n'}
[1.632645] (px4_msgs) StdoutLine: {'line': b'-- Installing: /home/mcfb/ros2_ws/install/px4_msgs/include/px4_msgs/px4_msgs/msg/detail/rate_ctrl_status__type_support.c\n'}
[1.632699] (px4_msgs) StdoutLine: {'line': b'-- Up-to-date: /home/mcfb/ros2_ws/install/px4_msgs/include/px4_msgs/px4_msgs/msg/detail/sensor_gyro__functions.h\n'}
[1.632763] (px4_msgs) StdoutLine: {'line': b'-- Up-to-date: /home/mcfb/ros2_ws/install/px4_msgs/include/px4_msgs/px4_msgs/msg/detail/vehicle_optical_flow_vel__type_support.h\n'}
[1.632817] (px4_msgs) StdoutLine: {'line': b'-- Up-to-date: /home/mcfb/ros2_ws/install/px4_msgs/include/px4_msgs/px4_msgs/msg/detail/adc_report__functions.h\n'}
[1.632868] (px4_msgs) StdoutLine: {'line': b'-- Up-to-date: /home/mcfb/ros2_ws/install/px4_msgs/include/px4_msgs/px4_msgs/msg/detail/input_rc__description.c\n'}
[1.632919] (px4_msgs) StdoutLine: {'line': b'-- Up-to-date: /home/mcfb/ros2_ws/install/px4_msgs/include/px4_msgs/px4_msgs/msg/detail/parameter_update__functions.h\n'}
[1.632969] (px4_msgs) StdoutLine: {'line': b'-- Up-to-date: /home/mcfb/ros2_ws/install/px4_msgs/include/px4_msgs/px4_msgs/msg/detail/geofence_status__functions.c\n'}
[1.633020] (px4_msgs) StdoutLine: {'line': b'-- Up-to-date: /home/mcfb/ros2_ws/install/px4_msgs/include/px4_msgs/px4_msgs/msg/detail/sensors_status_imu__struct.h\n'}
[1.633070] (px4_msgs) StdoutLine: {'line': b'-- Up-to-date: /home/mcfb/ros2_ws/install/px4_msgs/include/px4_msgs/px4_msgs/msg/detail/estimator_selector_status__type_support.h\n'}
[1.633162] (px4_msgs) StdoutLine: {'line': b'-- Up-to-date: /home/mcfb/ros2_ws/install/px4_msgs/include/px4_msgs/px4_msgs/msg/detail/rover_steering_setpoint__description.c\n'}
[1.633213] (px4_msgs) StdoutLine: {'line': b'-- Up-to-date: /home/mcfb/ros2_ws/install/px4_msgs/include/px4_msgs/px4_msgs/msg/detail/ulog_stream_ack__struct.h\n'}
[1.633264] (px4_msgs) StdoutLine: {'line': b'-- Up-to-date: /home/mcfb/ros2_ws/install/px4_msgs/include/px4_msgs/px4_msgs/msg/detail/pps_capture__functions.c\n'}
[1.633314] (px4_msgs) StdoutLine: {'line': b'-- Installing: /home/mcfb/ros2_ws/install/px4_msgs/include/px4_msgs/px4_msgs/msg/detail/gimbal_device_set_attitude__type_support.c\n'}
[1.633365] (px4_msgs) StdoutLine: {'line': b'-- Up-to-date: /home/mcfb/ros2_ws/install/px4_msgs/include/px4_msgs/px4_msgs/msg/detail/estimator_sensor_bias__description.c\n'}
[1.633421] (px4_msgs) StdoutLine: {'line': b'-- Up-to-date: /home/mcfb/ros2_ws/install/px4_msgs/include/px4_msgs/px4_msgs/msg/detail/rover_position_setpoint__type_support.h\n'}
[1.633483] (px4_msgs) StdoutLine: {'line': b'-- Up-to-date: /home/mcfb/ros2_ws/install/px4_msgs/include/px4_msgs/px4_msgs/msg/detail/dronecan_node_status__functions.c\n'}
[1.633531] (px4_msgs) StdoutLine: {'line': b'-- Up-to-date: /home/mcfb/ros2_ws/install/px4_msgs/include/px4_msgs/px4_msgs/msg/detail/fixed_wing_lateral_guidance_status__functions.c\n'}
[1.633571] (px4_msgs) StdoutLine: {'line': b'-- Up-to-date: /home/mcfb/ros2_ws/install/px4_msgs/include/px4_msgs/px4_msgs/msg/detail/vehicle_attitude__description.c\n'}
[1.633607] (px4_msgs) StdoutLine: {'line': b'-- Up-to-date: /home/mcfb/ros2_ws/install/px4_msgs/include/px4_msgs/px4_msgs/msg/detail/arming_check_reply__description.c\n'}
[1.633728] (px4_msgs) StdoutLine: {'line': b'-- Up-to-date: /home/mcfb/ros2_ws/install/px4_msgs/include/px4_msgs/px4_msgs/msg/detail/manual_control_setpoint__struct.h\n'}
[1.633781] (px4_msgs) StdoutLine: {'line': b'-- Up-to-date: /home/mcfb/ros2_ws/install/px4_msgs/include/px4_msgs/px4_msgs/msg/detail/pwm_input__description.c\n'}
[1.633831] (px4_msgs) StdoutLine: {'line': b'-- Up-to-date: /home/mcfb/ros2_ws/install/px4_msgs/include/px4_msgs/px4_msgs/msg/detail/message_format_request__struct.h\n'}
[1.633895] (px4_msgs) StdoutLine: {'line': b'-- Up-to-date: /home/mcfb/ros2_ws/install/px4_msgs/include/px4_msgs/px4_msgs/msg/detail/vehicle_magnetometer__functions.h\n'}
[1.633958] (px4_msgs) StdoutLine: {'line': b'-- Installing: /home/mcfb/ros2_ws/install/px4_msgs/include/px4_msgs/px4_msgs/msg/detail/obstacle_distance__type_support.c\n'}
[1.634008] (px4_msgs) StdoutLine: {'line': b'-- Up-to-date: /home/mcfb/ros2_ws/install/px4_msgs/include/px4_msgs/px4_msgs/msg/detail/rtl_status__functions.h\n'}
[1.634076] (px4_msgs) StdoutLine: {'line': b'-- Up-to-date: /home/mcfb/ros2_ws/install/px4_msgs/include/px4_msgs/px4_msgs/msg/detail/battery_status__description.c\n'}
[1.634158] (px4_msgs) StdoutLine: {'line': b'-- Up-to-date: /home/mcfb/ros2_ws/install/px4_msgs/include/px4_msgs/px4_msgs/msg/detail/power_button_state__functions.h\n'}
[1.634207] (px4_msgs) StdoutLine: {'line': b'-- Up-to-date: /home/mcfb/ros2_ws/install/px4_msgs/include/px4_msgs/px4_msgs/msg/detail/estimator_status_flags__functions.h\n'}
[1.634250] (px4_msgs) StdoutLine: {'line': b'-- Up-to-date: /home/mcfb/ros2_ws/install/px4_msgs/include/px4_msgs/px4_msgs/msg/detail/esc_status__type_support.h\n'}
[1.634290] (px4_msgs) StdoutLine: {'line': b'-- Up-to-date: /home/mcfb/ros2_ws/install/px4_msgs/include/px4_msgs/px4_msgs/msg/detail/landing_target_pose__struct.h\n'}
[1.634328] (px4_msgs) StdoutLine: {'line': b'-- Up-to-date: /home/mcfb/ros2_ws/install/px4_msgs/include/px4_msgs/px4_msgs/msg/detail/vehicle_imu__functions.c\n'}
[1.634369] (px4_msgs) StdoutLine: {'line': b'-- Installing: /home/mcfb/ros2_ws/install/px4_msgs/include/px4_msgs/px4_msgs/msg/detail/uavcan_parameter_value__type_support.c\n'}
[1.634409] (px4_msgs) StdoutLine: {'line': b'-- Installing: /home/mcfb/ros2_ws/install/px4_msgs/include/px4_msgs/px4_msgs/msg/detail/internal_combustion_engine_control__type_support.c\n'}
[1.634448] (px4_msgs) StdoutLine: {'line': b'-- Up-to-date: /home/mcfb/ros2_ws/install/px4_msgs/include/px4_msgs/px4_msgs/msg/detail/trajectory_setpoint6dof__description.c\n'}
[1.634493] (px4_msgs) StdoutLine: {'line': b'-- Up-to-date: /home/mcfb/ros2_ws/install/px4_msgs/include/px4_msgs/px4_msgs/msg/detail/vehicle_angular_acceleration_setpoint__struct.h\n'}
[1.634533] (px4_msgs) StdoutLine: {'line': b'-- Up-to-date: /home/mcfb/ros2_ws/install/px4_msgs/include/px4_msgs/px4_msgs/msg/detail/rover_attitude_status__description.c\n'}
[1.634573] (px4_msgs) StdoutLine: {'line': b'-- Installing: /home/mcfb/ros2_ws/install/px4_msgs/include/px4_msgs/px4_msgs/msg/detail/battery_status__type_support.c\n'}
[1.634614] (px4_msgs) StdoutLine: {'line': b'-- Installing: /home/mcfb/ros2_ws/install/px4_msgs/include/px4_msgs/px4_msgs/msg/detail/estimator_aid_source3d__type_support.c\n'}
[1.634657] (px4_msgs) StdoutLine: {'line': b'-- Up-to-date: /home/mcfb/ros2_ws/install/px4_msgs/include/px4_msgs/px4_msgs/msg/detail/trajectory_setpoint__description.c\n'}
[1.634729] (px4_msgs) StdoutLine: {'line': b'-- Installing: /home/mcfb/ros2_ws/install/px4_msgs/include/px4_msgs/px4_msgs/msg/detail/unregister_ext_component__type_support.c\n'}
[1.634780] (px4_msgs) StdoutLine: {'line': b'-- Installing: /home/mcfb/ros2_ws/install/px4_msgs/include/px4_msgs/px4_msgs/msg/detail/open_drone_id_self_id__type_support.c\n'}
[1.634831] (px4_msgs) StdoutLine: {'line': b'-- Up-to-date: /home/mcfb/ros2_ws/install/px4_msgs/include/px4_msgs/px4_msgs/msg/detail/tecs_status__description.c\n'}
[1.634882] (px4_msgs) StdoutLine: {'line': b'-- Up-to-date: /home/mcfb/ros2_ws/install/px4_msgs/include/px4_msgs/px4_msgs/msg/detail/sensor_accel__type_support.h\n'}
[1.634946] (px4_msgs) StdoutLine: {'line': b'-- Installing: /home/mcfb/ros2_ws/install/px4_msgs/include/px4_msgs/px4_msgs/msg/detail/sensor_gyro__type_support.c\n'}
[1.634996] (px4_msgs) StdoutLine: {'line': b'-- Up-to-date: /home/mcfb/ros2_ws/install/px4_msgs/include/px4_msgs/px4_msgs/msg/detail/fixed_wing_longitudinal_setpoint__struct.h\n'}
[1.635046] (px4_msgs) StdoutLine: {'line': b'-- Up-to-date: /home/mcfb/ros2_ws/install/px4_msgs/include/px4_msgs/px4_msgs/msg/detail/vehicle_land_detected__functions.h\n'}
[1.635097] (px4_msgs) StdoutLine: {'line': b'-- Up-to-date: /home/mcfb/ros2_ws/install/px4_msgs/include/px4_msgs/px4_msgs/msg/detail/failsafe_flags__struct.h\n'}
[1.635147] (px4_msgs) StdoutLine: {'line': b'-- Installing: /home/mcfb/ros2_ws/install/px4_msgs/include/px4_msgs/px4_msgs/msg/detail/message_format_request__type_support.c\n'}
[1.635197] (px4_msgs) StdoutLine: {'line': b'-- Installing: /home/mcfb/ros2_ws/install/px4_msgs/include/px4_msgs/px4_msgs/msg/detail/parameter_update__type_support.c\n'}
[1.635264] (px4_msgs) StdoutLine: {'line': b'-- Up-to-date: /home/mcfb/ros2_ws/install/px4_msgs/include/px4_msgs/px4_msgs/msg/detail/estimator_gps_status__functions.c\n'}
[1.635315] (px4_msgs) StdoutLine: {'line': b'-- Up-to-date: /home/mcfb/ros2_ws/install/px4_msgs/include/px4_msgs/px4_msgs/msg/detail/fixed_wing_lateral_setpoint__description.c\n'}
[1.635365] (px4_msgs) StdoutLine: {'line': b'-- Up-to-date: /home/mcfb/ros2_ws/install/px4_msgs/include/px4_msgs/px4_msgs/msg/detail/vehicle_global_position__functions.h\n'}
[1.635415] (px4_msgs) StdoutLine: {'line': b'-- Installing: /home/mcfb/ros2_ws/install/px4_msgs/include/px4_msgs/px4_msgs/msg/detail/system_power__type_support.c\n'}
[1.635493] (px4_msgs) StdoutLine: {'line': b'-- Up-to-date: /home/mcfb/ros2_ws/install/px4_msgs/include/px4_msgs/px4_msgs/msg/detail/generator_status__description.c\n'}
[1.635548] (px4_msgs) StdoutLine: {'line': b'-- Installing: /home/mcfb/ros2_ws/install/px4_msgs/include/px4_msgs/px4_msgs/msg/detail/estimator_gps_status__type_support.c\n'}
[1.635600] (px4_msgs) StdoutLine: {'line': b'-- Up-to-date: /home/mcfb/ros2_ws/install/px4_msgs/include/px4_msgs/px4_msgs/msg/detail/gimbal_device_attitude_status__functions.h\n'}
[1.635650] (px4_msgs) StdoutLine: {'line': b'-- Up-to-date: /home/mcfb/ros2_ws/install/px4_msgs/include/px4_msgs/px4_msgs/msg/detail/debug_array__functions.c\n'}
[1.635703] (px4_msgs) StdoutLine: {'line': b'-- Up-to-date: /home/mcfb/ros2_ws/install/px4_msgs/include/px4_msgs/px4_msgs/msg/detail/gimbal_manager_set_attitude__struct.h\n'}
[1.635751] (px4_msgs) StdoutLine: {'line': b'-- Up-to-date: /home/mcfb/ros2_ws/install/px4_msgs/include/px4_msgs/px4_msgs/msg/detail/airspeed_validated__type_support.h\n'}
[1.635860] (px4_msgs) StdoutLine: {'line': b'-- Installing: /home/mcfb/ros2_ws/install/px4_msgs/include/px4_msgs/px4_msgs/msg/detail/iridiumsbd_status__type_support.c\n'}
[1.635916] (px4_msgs) StdoutLine: {'line': b'-- Installing: /home/mcfb/ros2_ws/install/px4_msgs/include/px4_msgs/px4_msgs/msg/detail/mag_worker_data__type_support.c\n'}
[1.635975] (px4_msgs) StdoutLine: {'line': b'-- Up-to-date: /home/mcfb/ros2_ws/install/px4_msgs/include/px4_msgs/px4_msgs/msg/detail/goto_setpoint__functions.c\n'}
[1.636028] (px4_msgs) StdoutLine: {'line': b'-- Up-to-date: /home/mcfb/ros2_ws/install/px4_msgs/include/px4_msgs/px4_msgs/msg/detail/actuator_outputs__struct.h\n'}
[1.636078] (px4_msgs) StdoutLine: {'line': b'-- Up-to-date: /home/mcfb/ros2_ws/install/px4_msgs/include/px4_msgs/px4_msgs/msg/detail/esc_report__description.c\n'}
[1.636129] (px4_msgs) StdoutLine: {'line': b'-- Up-to-date: /home/mcfb/ros2_ws/install/px4_msgs/include/px4_msgs/px4_msgs/msg/detail/actuator_motors__type_support.h\n'}
[1.636214] (px4_msgs) StdoutLine: {'line': b'-- Up-to-date: /home/mcfb/ros2_ws/install/px4_msgs/include/px4_msgs/px4_msgs/msg/detail/hover_thrust_estimate__description.c\n'}
[1.636265] (px4_msgs) StdoutLine: {'line': b'-- Up-to-date: /home/mcfb/ros2_ws/install/px4_msgs/include/px4_msgs/px4_msgs/msg/detail/pure_pursuit_status__description.c\n'}
[1.636333] (px4_msgs) StdoutLine: {'line': b'-- Up-to-date: /home/mcfb/ros2_ws/install/px4_msgs/include/px4_msgs/px4_msgs/msg/detail/offboard_control_mode__functions.c\n'}
[1.636384] (px4_msgs) StdoutLine: {'line': b'-- Up-to-date: /home/mcfb/ros2_ws/install/px4_msgs/include/px4_msgs/px4_msgs/msg/detail/px4io_status__functions.h\n'}
[1.636437] (px4_msgs) StdoutLine: {'line': b'-- Up-to-date: /home/mcfb/ros2_ws/install/px4_msgs/include/px4_msgs/px4_msgs/msg/detail/health_report__functions.h\n'}
[1.636489] (px4_msgs) StdoutLine: {'line': b'-- Installing: /home/mcfb/ros2_ws/install/px4_msgs/include/px4_msgs/px4_msgs/msg/detail/irlock_report__type_support.c\n'}
[1.636539] (px4_msgs) StdoutLine: {'line': b'-- Up-to-date: /home/mcfb/ros2_ws/install/px4_msgs/include/px4_msgs/px4_msgs/msg/detail/actuator_servos_trim__description.c\n'}
[1.636590] (px4_msgs) StdoutLine: {'line': b'-- Up-to-date: /home/mcfb/ros2_ws/install/px4_msgs/include/px4_msgs/px4_msgs/msg/detail/vehicle_acceleration__struct.h\n'}
[1.636640] (px4_msgs) StdoutLine: {'line': b'-- Up-to-date: /home/mcfb/ros2_ws/install/px4_msgs/include/px4_msgs/px4_msgs/msg/detail/arming_check_request__description.c\n'}
[1.636692] (px4_msgs) StdoutLine: {'line': b'-- Up-to-date: /home/mcfb/ros2_ws/install/px4_msgs/include/px4_msgs/px4_msgs/msg/detail/uavcan_parameter_value__description.c\n'}
[1.636742] (px4_msgs) StdoutLine: {'line': b'-- Up-to-date: /home/mcfb/ros2_ws/install/px4_msgs/include/px4_msgs/px4_msgs/msg/detail/parameter_set_used_request__struct.h\n'}
[1.636791] (px4_msgs) StdoutLine: {'line': b'-- Up-to-date: /home/mcfb/ros2_ws/install/px4_msgs/include/px4_msgs/px4_msgs/msg/detail/mission_result__functions.c\n'}
[1.636841] (px4_msgs) StdoutLine: {'line': b'-- Installing: /home/mcfb/ros2_ws/install/px4_msgs/include/px4_msgs/px4_msgs/msg/detail/generator_status__type_support.c\n'}
[1.636891] (px4_msgs) StdoutLine: {'line': b'-- Installing: /home/mcfb/ros2_ws/install/px4_msgs/include/px4_msgs/px4_msgs/msg/detail/ekf2_timestamps__type_support.c\n'}
[1.636941] (px4_msgs) StdoutLine: {'line': b'-- Installing: /home/mcfb/ros2_ws/install/px4_msgs/include/px4_msgs/px4_msgs/msg/detail/mission__type_support.c\n'}
[1.636991] (px4_msgs) StdoutLine: {'line': b'-- Installing: /home/mcfb/ros2_ws/install/px4_msgs/include/px4_msgs/px4_msgs/msg/detail/camera_trigger__type_support.c\n'}
[1.637039] (px4_msgs) StdoutLine: {'line': b'-- Up-to-date: /home/mcfb/ros2_ws/install/px4_msgs/include/px4_msgs/px4_msgs/msg/detail/event__functions.c\n'}
[1.637088] (px4_msgs) StdoutLine: {'line': b'-- Up-to-date: /home/mcfb/ros2_ws/install/px4_msgs/include/px4_msgs/px4_msgs/msg/detail/vehicle_attitude__functions.c\n'}
[1.637138] (px4_msgs) StdoutLine: {'line': b'-- Up-to-date: /home/mcfb/ros2_ws/install/px4_msgs/include/px4_msgs/px4_msgs/msg/detail/onboard_computer_status__description.c\n'}
[1.637187] (px4_msgs) StdoutLine: {'line': b'-- Up-to-date: /home/mcfb/ros2_ws/install/px4_msgs/include/px4_msgs/px4_msgs/msg/detail/gimbal_manager_information__functions.h\n'}
[1.637236] (px4_msgs) StdoutLine: {'line': b'-- Installing: /home/mcfb/ros2_ws/install/px4_msgs/include/px4_msgs/px4_msgs/msg/detail/parameter_set_used_request__type_support.c\n'}
[1.637287] (px4_msgs) StdoutLine: {'line': b'-- Up-to-date: /home/mcfb/ros2_ws/install/px4_msgs/include/px4_msgs/px4_msgs/msg/detail/vehicle_optical_flow__struct.h\n'}
[1.637336] (px4_msgs) StdoutLine: {'line': b'-- Up-to-date: /home/mcfb/ros2_ws/install/px4_msgs/include/px4_msgs/px4_msgs/msg/detail/orb_test_medium__functions.c\n'}
[1.637385] (px4_msgs) StdoutLine: {'line': b'-- Up-to-date: /home/mcfb/ros2_ws/install/px4_msgs/include/px4_msgs/px4_msgs/msg/detail/landing_target_innovations__struct.h\n'}
[1.637436] (px4_msgs) StdoutLine: {'line': b'-- Up-to-date: /home/mcfb/ros2_ws/install/px4_msgs/include/px4_msgs/px4_msgs/msg/detail/mount_orientation__description.c\n'}
[1.637477] (px4_msgs) StdoutLine: {'line': b'-- Up-to-date: /home/mcfb/ros2_ws/install/px4_msgs/include/px4_msgs/px4_msgs/msg/detail/magnetometer_bias_estimate__struct.h\n'}
[1.637515] (px4_msgs) StdoutLine: {'line': b'-- Installing: /home/mcfb/ros2_ws/install/px4_msgs/include/px4_msgs/px4_msgs/msg/detail/goto_setpoint__type_support.c\n'}
[1.637602] (px4_msgs) StdoutLine: {'line': b'-- Up-to-date: /home/mcfb/ros2_ws/install/px4_msgs/include/px4_msgs/px4_msgs/msg/detail/follow_target_estimator__description.c\n'}
[1.637881] (px4_msgs) StdoutLine: {'line': b'-- Up-to-date: /home/mcfb/ros2_ws/install/px4_msgs/include/px4_msgs/px4_msgs/msg/detail/rc_parameter_map__type_support.h\n'}
[1.638000] (px4_msgs) StdoutLine: {'line': b'-- Up-to-date: /home/mcfb/ros2_ws/install/px4_msgs/include/px4_msgs/px4_msgs/msg/detail/geofence_result__functions.h\n'}
[1.638063] (px4_msgs) StdoutLine: {'line': b'-- Installing: /home/mcfb/ros2_ws/install/px4_msgs/include/px4_msgs/px4_msgs/msg/detail/sensor_combined__type_support.c\n'}
[1.638143] (px4_msgs) StdoutLine: {'line': b'-- Installing: /home/mcfb/ros2_ws/install/px4_msgs/include/px4_msgs/px4_msgs/msg/detail/control_allocator_status__type_support.c\n'}
[1.638193] (px4_msgs) StdoutLine: {'line': b'-- Up-to-date: /home/mcfb/ros2_ws/install/px4_msgs/include/px4_msgs/px4_msgs/msg/detail/fixed_wing_lateral_setpoint__functions.c\n'}
[1.638239] (px4_msgs) StdoutLine: {'line': b'-- Installing: /home/mcfb/ros2_ws/install/px4_msgs/include/px4_msgs/px4_msgs/msg/detail/dronecan_node_status__type_support.c\n'}
[1.638280] (px4_msgs) StdoutLine: {'line': b'-- Up-to-date: /home/mcfb/ros2_ws/install/px4_msgs/include/px4_msgs/px4_msgs/msg/detail/wind__functions.h\n'}
[1.638320] (px4_msgs) StdoutLine: {'line': b'-- Up-to-date: /home/mcfb/ros2_ws/install/px4_msgs/include/px4_msgs/px4_msgs/msg/detail/failure_detector_status__description.c\n'}
[1.638361] (px4_msgs) StdoutLine: {'line': b'-- Up-to-date: /home/mcfb/ros2_ws/install/px4_msgs/include/px4_msgs/px4_msgs/msg/detail/gimbal_device_information__functions.h\n'}
[1.638402] (px4_msgs) StdoutLine: {'line': b'-- Up-to-date: /home/mcfb/ros2_ws/install/px4_msgs/include/px4_msgs/px4_msgs/msg/detail/gimbal_controls__description.c\n'}
[1.638470] (px4_msgs) StdoutLine: {'line': b'-- Up-to-date: /home/mcfb/ros2_ws/install/px4_msgs/include/px4_msgs/px4_msgs/msg/detail/fixed_wing_runway_control__struct.h\n'}
[1.638513] (px4_msgs) StdoutLine: {'line': b'-- Up-to-date: /home/mcfb/ros2_ws/install/px4_msgs/include/px4_msgs/px4_msgs/msg/detail/gps_inject_data__functions.h\n'}
[1.638555] (px4_msgs) StdoutLine: {'line': b'-- Installing: /home/mcfb/ros2_ws/install/px4_msgs/include/px4_msgs/px4_msgs/msg/detail/rover_speed_setpoint__type_support.c\n'}
[1.638597] (px4_msgs) StdoutLine: {'line': b'-- Up-to-date: /home/mcfb/ros2_ws/install/px4_msgs/include/px4_msgs/px4_msgs/msg/detail/ping__struct.h\n'}
[1.638644] (px4_msgs) StdoutLine: {'line': b'-- Installing: /home/mcfb/ros2_ws/install/px4_msgs/include/px4_msgs/px4_msgs/msg/detail/figure_eight_status__type_support.c\n'}
[1.638696] (px4_msgs) StdoutLine: {'line': b'-- Up-to-date: /home/mcfb/ros2_ws/install/px4_msgs/include/px4_msgs/px4_msgs/msg/detail/gpio_in__struct.h\n'}
[1.638742] (px4_msgs) StdoutLine: {'line': b'-- Up-to-date: /home/mcfb/ros2_ws/install/px4_msgs/include/px4_msgs/px4_msgs/msg/detail/position_setpoint__functions.h\n'}
[1.638792] (px4_msgs) StdoutLine: {'line': b'-- Up-to-date: /home/mcfb/ros2_ws/install/px4_msgs/include/px4_msgs/px4_msgs/msg/detail/register_ext_component_reply__functions.c\n'}
[1.638916] (px4_msgs) StdoutLine: {'line': b'-- Installing: /home/mcfb/ros2_ws/install/px4_msgs/include/px4_msgs/px4_msgs/msg/detail/magnetometer_bias_estimate__type_support.c\n'}
[1.638982] (px4_msgs) StdoutLine: {'line': b'-- Up-to-date: /home/mcfb/ros2_ws/install/px4_msgs/include/px4_msgs/px4_msgs/msg/detail/sensor_correction__struct.h\n'}
[1.639036] (px4_msgs) StdoutLine: {'line': b'-- Up-to-date: /home/mcfb/ros2_ws/install/px4_msgs/include/px4_msgs/px4_msgs/msg/detail/landing_target_pose__type_support.h\n'}
[1.639088] (px4_msgs) StdoutLine: {'line': b'-- Up-to-date: /home/mcfb/ros2_ws/install/px4_msgs/include/px4_msgs/px4_msgs/msg/detail/sensor_gnss_relative__struct.h\n'}
[1.639143] (px4_msgs) StdoutLine: {'line': b'-- Installing: /home/mcfb/ros2_ws/install/px4_msgs/include/px4_msgs/px4_msgs/msg/detail/rover_rate_status__type_support.c\n'}
[1.639204] (px4_msgs) StdoutLine: {'line': b'-- Up-to-date: /home/mcfb/ros2_ws/install/px4_msgs/include/px4_msgs/px4_msgs/msg/detail/transponder_report__type_support.h\n'}
[1.639254] (px4_msgs) StdoutLine: {'line': b'-- Up-to-date: /home/mcfb/ros2_ws/install/px4_msgs/include/px4_msgs/px4_msgs/msg/detail/ping__type_support.h\n'}
[1.639289] (px4_msgs) StdoutLine: {'line': b'-- Up-to-date: /home/mcfb/ros2_ws/install/px4_msgs/include/px4_msgs/px4_msgs/msg/detail/estimator_aid_source2d__functions.h\n'}
[1.639335] (px4_msgs) StdoutLine: {'line': b'-- Up-to-date: /home/mcfb/ros2_ws/install/px4_msgs/include/px4_msgs/px4_msgs/msg/detail/estimator_event_flags__struct.h\n'}
[1.639379] (px4_msgs) StdoutLine: {'line': b'-- Installing: /home/mcfb/ros2_ws/install/px4_msgs/include/px4_msgs/px4_msgs/msg/detail/landing_target_innovations__type_support.c\n'}
[1.639425] (px4_msgs) StdoutLine: {'line': b'-- Up-to-date: /home/mcfb/ros2_ws/install/px4_msgs/include/px4_msgs/px4_msgs/msg/detail/vehicle_imu_status__functions.c\n'}
[1.639480] (px4_msgs) StdoutLine: {'line': b'-- Installing: /home/mcfb/ros2_ws/install/px4_msgs/include/px4_msgs/px4_msgs/msg/detail/actuator_servos_trim__type_support.c\n'}
[1.639541] (px4_msgs) StdoutLine: {'line': b'-- Up-to-date: /home/mcfb/ros2_ws/install/px4_msgs/include/px4_msgs/px4_msgs/msg/detail/navigator_mission_item__struct.h\n'}
[1.639590] (px4_msgs) StdoutLine: {'line': b'-- Up-to-date: /home/mcfb/ros2_ws/install/px4_msgs/include/px4_msgs/px4_msgs/msg/detail/debug_key_value__functions.h\n'}
[1.639627] (px4_msgs) StdoutLine: {'line': b'-- Up-to-date: /home/mcfb/ros2_ws/install/px4_msgs/include/px4_msgs/px4_msgs/msg/detail/qshell_retval__type_support.h\n'}
[1.639663] (px4_msgs) StdoutLine: {'line': b'-- Up-to-date: /home/mcfb/ros2_ws/install/px4_msgs/include/px4_msgs/px4_msgs/msg/detail/sensor_selection__description.c\n'}
[1.639758] (px4_msgs) StdoutLine: {'line': b'-- Up-to-date: /home/mcfb/ros2_ws/install/px4_msgs/include/px4_msgs/px4_msgs/msg/detail/navigator_mission_item__description.c\n'}
[1.639817] (px4_msgs) StdoutLine: {'line': b'-- Up-to-date: /home/mcfb/ros2_ws/install/px4_msgs/include/px4_msgs/px4_msgs/msg/detail/sensor_selection__functions.c\n'}
[1.639863] (px4_msgs) StdoutLine: {'line': b'-- Up-to-date: /home/mcfb/ros2_ws/install/px4_msgs/include/px4_msgs/px4_msgs/msg/detail/rc_channels__functions.h\n'}
[1.639914] (px4_msgs) StdoutLine: {'line': b'-- Up-to-date: /home/mcfb/ros2_ws/install/px4_msgs/include/px4_msgs/px4_msgs/msg/detail/home_position__functions.c\n'}
[1.639962] (px4_msgs) StdoutLine: {'line': b'-- Up-to-date: /home/mcfb/ros2_ws/install/px4_msgs/include/px4_msgs/px4_msgs/msg/detail/mavlink_log__functions.h\n'}
[1.640012] (px4_msgs) StdoutLine: {'line': b'-- Installing: /home/mcfb/ros2_ws/install/px4_msgs/include/px4_msgs/px4_msgs/msg/detail/qshell_req__type_support.c\n'}
[1.640061] (px4_msgs) StdoutLine: {'line': b'-- Up-to-date: /home/mcfb/ros2_ws/install/px4_msgs/include/px4_msgs/px4_msgs/msg/detail/gimbal_device_information__description.c\n'}
[1.640116] (px4_msgs) StdoutLine: {'line': b'-- Installing: /home/mcfb/ros2_ws/install/px4_msgs/include/px4_msgs/px4_msgs/msg/detail/mount_orientation__type_support.c\n'}
[1.640178] (px4_msgs) StdoutLine: {'line': b'-- Up-to-date: /home/mcfb/ros2_ws/install/px4_msgs/include/px4_msgs/px4_msgs/msg/detail/airspeed_validated__description.c\n'}
[1.640235] (px4_msgs) StdoutLine: {'line': b'-- Up-to-date: /home/mcfb/ros2_ws/install/px4_msgs/include/px4_msgs/px4_msgs/msg/detail/pwm_input__struct.h\n'}
[1.640293] (px4_msgs) StdoutLine: {'line': b'-- Up-to-date: /home/mcfb/ros2_ws/install/px4_msgs/include/px4_msgs/px4_msgs/msg/detail/vehicle_acceleration__functions.c\n'}
[1.640358] (px4_msgs) StdoutLine: {'line': b'-- Up-to-date: /home/mcfb/ros2_ws/install/px4_msgs/include/px4_msgs/px4_msgs/msg/detail/rover_speed_status__type_support.h\n'}
[1.640467] (px4_msgs) StdoutLine: {'line': b'-- Up-to-date: /home/mcfb/ros2_ws/install/px4_msgs/include/px4_msgs/px4_msgs/msg/detail/control_allocator_status__type_support.h\n'}
[1.640509] (px4_msgs) StdoutLine: {'line': b'-- Up-to-date: /home/mcfb/ros2_ws/install/px4_msgs/include/px4_msgs/px4_msgs/msg/detail/navigator_mission_item__functions.h\n'}
[1.640548] (px4_msgs) StdoutLine: {'line': b'-- Up-to-date: /home/mcfb/ros2_ws/install/px4_msgs/include/px4_msgs/px4_msgs/msg/detail/vehicle_attitude__type_support.h\n'}
[1.640587] (px4_msgs) StdoutLine: {'line': b'-- Installing: /home/mcfb/ros2_ws/install/px4_msgs/include/px4_msgs/px4_msgs/msg/detail/autotune_attitude_control_status__type_support.c\n'}
[1.640627] (px4_msgs) StdoutLine: {'line': b'-- Installing: /home/mcfb/ros2_ws/install/px4_msgs/include/px4_msgs/px4_msgs/msg/detail/tiltrotor_extra_controls__type_support.c\n'}
[1.640666] (px4_msgs) StdoutLine: {'line': b'-- Up-to-date: /home/mcfb/ros2_ws/install/px4_msgs/include/px4_msgs/px4_msgs/msg/detail/sensor_gyro_fft__type_support.h\n'}
[1.640711] (px4_msgs) StdoutLine: {'line': b'-- Up-to-date: /home/mcfb/ros2_ws/install/px4_msgs/include/px4_msgs/px4_msgs/msg/detail/task_stack_info__struct.h\n'}
[1.640752] (px4_msgs) StdoutLine: {'line': b'-- Up-to-date: /home/mcfb/ros2_ws/install/px4_msgs/include/px4_msgs/px4_msgs/msg/detail/estimator_states__struct.h\n'}
[1.640790] (px4_msgs) StdoutLine: {'line': b'-- Up-to-date: /home/mcfb/ros2_ws/install/px4_msgs/include/px4_msgs/px4_msgs/msg/detail/collision_constraints__struct.h\n'}
[1.641019] (px4_msgs) StdoutLine: {'line': b'-- Up-to-date: /home/mcfb/ros2_ws/install/px4_msgs/include/px4_msgs/px4_msgs/msg/detail/rover_throttle_setpoint__type_support.h\n'}
[1.641072] (px4_msgs) StdoutLine: {'line': b'-- Installing: /home/mcfb/ros2_ws/install/px4_msgs/include/px4_msgs/px4_msgs/msg/detail/gpio_in__type_support.c\n'}
[1.641115] (px4_msgs) StdoutLine: {'line': b'-- Up-to-date: /home/mcfb/ros2_ws/install/px4_msgs/include/px4_msgs/px4_msgs/msg/detail/open_drone_id_operator_id__struct.h\n'}
[1.641189] (px4_msgs) StdoutLine: {'line': b'-- Up-to-date: /home/mcfb/ros2_ws/install/px4_msgs/include/px4_msgs/px4_msgs/msg/detail/vehicle_roi__type_support.h\n'}
[1.641226] (px4_msgs) StdoutLine: {'line': b'-- Installing: /home/mcfb/ros2_ws/install/px4_msgs/include/px4_msgs/px4_msgs/msg/detail/actuator_motors__type_support.c\n'}
[1.641270] (px4_msgs) StdoutLine: {'line': b'-- Installing: /home/mcfb/ros2_ws/install/px4_msgs/include/px4_msgs/px4_msgs/msg/detail/arming_check_reply__type_support.c\n'}
[1.641308] (px4_msgs) StdoutLine: {'line': b'-- Up-to-date: /home/mcfb/ros2_ws/install/px4_msgs/include/px4_msgs/px4_msgs/msg/detail/geofence_result__struct.h\n'}
[1.641346] (px4_msgs) StdoutLine: {'line': b'-- Up-to-date: /home/mcfb/ros2_ws/install/px4_msgs/include/px4_msgs/px4_msgs/msg/detail/button_event__functions.c\n'}
[1.641384] (px4_msgs) StdoutLine: {'line': b'-- Up-to-date: /home/mcfb/ros2_ws/install/px4_msgs/include/px4_msgs/px4_msgs/msg/detail/sensors_status__type_support.h\n'}
[1.641422] (px4_msgs) StdoutLine: {'line': b'-- Up-to-date: /home/mcfb/ros2_ws/install/px4_msgs/include/px4_msgs/px4_msgs/msg/detail/landing_gear__struct.h\n'}
[1.641477] (px4_msgs) StdoutLine: {'line': b'-- Up-to-date: /home/mcfb/ros2_ws/install/px4_msgs/include/px4_msgs/px4_msgs/msg/detail/camera_capture__struct.h\n'}
[1.641518] (px4_msgs) StdoutLine: {'line': b'-- Up-to-date: /home/mcfb/ros2_ws/install/px4_msgs/include/px4_msgs/px4_msgs/msg/detail/vehicle_thrust_setpoint__type_support.h\n'}
[1.641583] (px4_msgs) StdoutLine: {'line': b'-- Up-to-date: /home/mcfb/ros2_ws/install/px4_msgs/include/px4_msgs/px4_msgs/msg/detail/esc_report__type_support.h\n'}
[1.641626] (px4_msgs) StdoutLine: {'line': b'-- Up-to-date: /home/mcfb/ros2_ws/install/px4_msgs/include/px4_msgs/px4_msgs/msg/detail/cpuload__functions.h\n'}
[1.641665] (px4_msgs) StdoutLine: {'line': b'-- Up-to-date: /home/mcfb/ros2_ws/install/px4_msgs/include/px4_msgs/px4_msgs/msg/detail/rtl_status__struct.h\n'}
[1.641711] (px4_msgs) StdoutLine: {'line': b'-- Up-to-date: /home/mcfb/ros2_ws/install/px4_msgs/include/px4_msgs/px4_msgs/msg/detail/yaw_estimator_status__struct.h\n'}
[1.641770] (px4_msgs) StdoutLine: {'line': b'-- Up-to-date: /home/mcfb/ros2_ws/install/px4_msgs/include/px4_msgs/px4_msgs/msg/detail/fixed_wing_lateral_setpoint__type_support.h\n'}
[1.641827] (px4_msgs) StdoutLine: {'line': b'-- Up-to-date: /home/mcfb/ros2_ws/install/px4_msgs/include/px4_msgs/px4_msgs/msg/detail/transponder_report__functions.h\n'}
[1.641867] (px4_msgs) StdoutLine: {'line': b'-- Up-to-date: /home/mcfb/ros2_ws/install/px4_msgs/include/px4_msgs/px4_msgs/msg/detail/vehicle_command_ack__functions.c\n'}
[1.641913] (px4_msgs) StdoutLine: {'line': b'-- Installing: /home/mcfb/ros2_ws/install/px4_msgs/include/px4_msgs/px4_msgs/msg/detail/open_drone_id_operator_id__type_support.c\n'}
[1.641963] (px4_msgs) StdoutLine: {'line': b'-- Up-to-date: /home/mcfb/ros2_ws/install/px4_msgs/include/px4_msgs/px4_msgs/msg/detail/dataman_response__struct.h\n'}
[1.642004] (px4_msgs) StdoutLine: {'line': b'-- Up-to-date: /home/mcfb/ros2_ws/install/px4_msgs/include/px4_msgs/px4_msgs/msg/detail/estimator_bias__type_support.h\n'}
[1.642042] (px4_msgs) StdoutLine: {'line': b'-- Up-to-date: /home/mcfb/ros2_ws/install/px4_msgs/include/px4_msgs/px4_msgs/msg/detail/launch_detection_status__description.c\n'}
[1.642079] (px4_msgs) StdoutLine: {'line': b'-- Up-to-date: /home/mcfb/ros2_ws/install/px4_msgs/include/px4_msgs/px4_msgs/msg/detail/config_overrides__struct.h\n'}
[1.642114] (px4_msgs) StdoutLine: {'line': b'-- Up-to-date: /home/mcfb/ros2_ws/install/px4_msgs/include/px4_msgs/px4_msgs/msg/detail/vehicle_thrust_setpoint__description.c\n'}
[1.642150] (px4_msgs) StdoutLine: {'line': b'-- Up-to-date: /home/mcfb/ros2_ws/install/px4_msgs/include/px4_msgs/px4_msgs/msg/detail/vehicle_roi__struct.h\n'}
[1.642186] (px4_msgs) StdoutLine: {'line': b'-- Up-to-date: /home/mcfb/ros2_ws/install/px4_msgs/include/px4_msgs/px4_msgs/msg/detail/gpio_request__functions.c\n'}
[1.642222] (px4_msgs) StdoutLine: {'line': b'-- Up-to-date: /home/mcfb/ros2_ws/install/px4_msgs/include/px4_msgs/px4_msgs/msg/detail/logger_status__description.c\n'}
[1.642259] (px4_msgs) StdoutLine: {'line': b'-- Up-to-date: /home/mcfb/ros2_ws/install/px4_msgs/include/px4_msgs/px4_msgs/msg/detail/figure_eight_status__struct.h\n'}
[1.642297] (px4_msgs) StdoutLine: {'line': b'-- Installing: /home/mcfb/ros2_ws/install/px4_msgs/include/px4_msgs/px4_msgs/msg/detail/dataman_response__type_support.c\n'}
[1.642333] (px4_msgs) StdoutLine: {'line': b'-- Up-to-date: /home/mcfb/ros2_ws/install/px4_msgs/include/px4_msgs/px4_msgs/msg/detail/adc_report__functions.c\n'}
[1.642382] (px4_msgs) StdoutLine: {'line': b'-- Up-to-date: /home/mcfb/ros2_ws/install/px4_msgs/include/px4_msgs/px4_msgs/msg/detail/neural_control__description.c\n'}
[1.642473] (px4_msgs) StdoutLine: {'line': b'-- Up-to-date: /home/mcfb/ros2_ws/install/px4_msgs/include/px4_msgs/px4_msgs/msg/detail/rover_speed_status__description.c\n'}
[1.642511] (px4_msgs) StdoutLine: {'line': b'-- Up-to-date: /home/mcfb/ros2_ws/install/px4_msgs/include/px4_msgs/px4_msgs/msg/detail/satellite_info__functions.h\n'}
[1.642554] (px4_msgs) StdoutLine: {'line': b'-- Up-to-date: /home/mcfb/ros2_ws/install/px4_msgs/include/px4_msgs/px4_msgs/msg/detail/sensor_airflow__functions.c\n'}
[1.642604] (px4_msgs) StdoutLine: {'line': b'-- Up-to-date: /home/mcfb/ros2_ws/install/px4_msgs/include/px4_msgs/px4_msgs/msg/detail/estimator_aid_source1d__struct.h\n'}
[1.642640] (px4_msgs) StdoutLine: {'line': b'-- Up-to-date: /home/mcfb/ros2_ws/install/px4_msgs/include/px4_msgs/px4_msgs/msg/detail/logger_status__functions.h\n'}
[1.642704] (px4_msgs) StdoutLine: {'line': b'-- Up-to-date: /home/mcfb/ros2_ws/install/px4_msgs/include/px4_msgs/px4_msgs/msg/detail/dronecan_node_status__functions.h\n'}
[1.642749] (px4_msgs) StdoutLine: {'line': b'-- Up-to-date: /home/mcfb/ros2_ws/install/px4_msgs/include/px4_msgs/px4_msgs/msg/detail/internal_combustion_engine_control__functions.h\n'}
[1.642788] (px4_msgs) StdoutLine: {'line': b'-- Up-to-date: /home/mcfb/ros2_ws/install/px4_msgs/include/px4_msgs/px4_msgs/msg/detail/heater_status__functions.h\n'}
[1.642918] (px4_msgs) StdoutLine: {'line': b'-- Up-to-date: /home/mcfb/ros2_ws/install/px4_msgs/include/px4_msgs/px4_msgs/msg/detail/vehicle_status__type_support.h\n'}
[1.642957] (px4_msgs) StdoutLine: {'line': b'-- Up-to-date: /home/mcfb/ros2_ws/install/px4_msgs/include/px4_msgs/px4_msgs/msg/detail/takeoff_status__description.c\n'}
[1.642996] (px4_msgs) StdoutLine: {'line': b'-- Installing: /home/mcfb/ros2_ws/install/px4_msgs/include/px4_msgs/px4_msgs/msg/detail/takeoff_status__type_support.c\n'}
[1.643033] (px4_msgs) StdoutLine: {'line': b'-- Up-to-date: /home/mcfb/ros2_ws/install/px4_msgs/include/px4_msgs/px4_msgs/msg/detail/gimbal_controls__struct.h\n'}
[1.643174] (px4_msgs) StdoutLine: {'line': b'-- Up-to-date: /home/mcfb/ros2_ws/install/px4_msgs/include/px4_msgs/px4_msgs/msg/detail/action_request__functions.c\n'}
[1.643216] (px4_msgs) StdoutLine: {'line': b'-- Up-to-date: /home/mcfb/ros2_ws/install/px4_msgs/include/px4_msgs/px4_msgs/msg/detail/mission__functions.h\n'}
[1.643270] (px4_msgs) StdoutLine: {'line': b'-- Up-to-date: /home/mcfb/ros2_ws/install/px4_msgs/include/px4_msgs/px4_msgs/msg/detail/actuator_armed__functions.c\n'}
[1.643314] (px4_msgs) StdoutLine: {'line': b'-- Installing: /home/mcfb/ros2_ws/install/px4_msgs/include/px4_msgs/px4_msgs/msg/detail/gpio_out__type_support.c\n'}
[1.643377] (px4_msgs) StdoutLine: {'line': b'-- Installing: /home/mcfb/ros2_ws/install/px4_msgs/include/px4_msgs/px4_msgs/msg/detail/vehicle_command_ack__type_support.c\n'}
[1.643455] (px4_msgs) StdoutLine: {'line': b'-- Up-to-date: /home/mcfb/ros2_ws/install/px4_msgs/include/px4_msgs/px4_msgs/msg/detail/irlock_report__functions.h\n'}
[1.643497] (px4_msgs) StdoutLine: {'line': b'-- Up-to-date: /home/mcfb/ros2_ws/install/px4_msgs/include/px4_msgs/px4_msgs/msg/detail/sensor_gps__type_support.h\n'}
[1.643534] (px4_msgs) StdoutLine: {'line': b'-- Up-to-date: /home/mcfb/ros2_ws/install/px4_msgs/include/px4_msgs/px4_msgs/msg/detail/ulog_stream_ack__description.c\n'}
[1.643576] (px4_msgs) StdoutLine: {'line': b'-- Installing: /home/mcfb/ros2_ws/install/px4_msgs/include/px4_msgs/px4_msgs/msg/detail/actuator_controls_status__type_support.c\n'}
[1.643613] (px4_msgs) StdoutLine: {'line': b'-- Up-to-date: /home/mcfb/ros2_ws/install/px4_msgs/include/px4_msgs/px4_msgs/msg/detail/wheel_encoders__type_support.h\n'}
[1.643665] (px4_msgs) StdoutLine: {'line': b'-- Up-to-date: /home/mcfb/ros2_ws/install/px4_msgs/include/px4_msgs/px4_msgs/msg/detail/control_allocator_status__functions.c\n'}
[1.643844] (px4_msgs) StdoutLine: {'line': b'-- Up-to-date: /home/mcfb/ros2_ws/install/px4_msgs/include/px4_msgs/px4_msgs/msg/detail/sensor_gnss_status__functions.h\n'}
[1.643910] (px4_msgs) StdoutLine: {'line': b'-- Up-to-date: /home/mcfb/ros2_ws/install/px4_msgs/include/px4_msgs/px4_msgs/msg/detail/health_report__type_support.h\n'}
[1.643965] (px4_msgs) StdoutLine: {'line': b'-- Up-to-date: /home/mcfb/ros2_ws/install/px4_msgs/include/px4_msgs/px4_msgs/msg/detail/mavlink_log__struct.h\n'}
[1.644028] (px4_msgs) StdoutLine: {'line': b'-- Installing: /home/mcfb/ros2_ws/install/px4_msgs/include/px4_msgs/px4_msgs/msg/detail/navigator_status__type_support.c\n'}
[1.644083] (px4_msgs) StdoutLine: {'line': b'-- Up-to-date: /home/mcfb/ros2_ws/install/px4_msgs/include/px4_msgs/px4_msgs/msg/detail/tecs_status__functions.h\n'}
[1.644133] (px4_msgs) StdoutLine: {'line': b'-- Up-to-date: /home/mcfb/ros2_ws/install/px4_msgs/include/px4_msgs/px4_msgs/msg/detail/rover_rate_setpoint__type_support.h\n'}
[1.644265] (px4_msgs) StdoutLine: {'line': b'-- Up-to-date: /home/mcfb/ros2_ws/install/px4_msgs/include/px4_msgs/px4_msgs/msg/detail/fuel_tank_status__type_support.h\n'}
[1.644319] (px4_msgs) StdoutLine: {'line': b'-- Up-to-date: /home/mcfb/ros2_ws/install/px4_msgs/include/px4_msgs/px4_msgs/msg/detail/estimator_selector_status__functions.h\n'}
[1.644371] (px4_msgs) StdoutLine: {'line': b'-- Up-to-date: /home/mcfb/ros2_ws/install/px4_msgs/include/px4_msgs/px4_msgs/msg/detail/sensor_airflow__functions.h\n'}
[1.644423] (px4_msgs) StdoutLine: {'line': b'-- Up-to-date: /home/mcfb/ros2_ws/install/px4_msgs/include/px4_msgs/px4_msgs/msg/detail/heater_status__functions.c\n'}
[1.644496] (px4_msgs) StdoutLine: {'line': b'-- Up-to-date: /home/mcfb/ros2_ws/install/px4_msgs/include/px4_msgs/px4_msgs/msg/detail/dronecan_node_status__description.c\n'}
[1.644548] (px4_msgs) StdoutLine: {'line': b'-- Up-to-date: /home/mcfb/ros2_ws/install/px4_msgs/include/px4_msgs/px4_msgs/msg/detail/sensor_baro__functions.c\n'}
[1.644599] (px4_msgs) StdoutLine: {'line': b'-- Up-to-date: /home/mcfb/ros2_ws/install/px4_msgs/include/px4_msgs/px4_msgs/msg/detail/irlock_report__functions.c\n'}
[1.644647] (px4_msgs) StdoutLine: {'line': b'-- Up-to-date: /home/mcfb/ros2_ws/install/px4_msgs/include/px4_msgs/px4_msgs/msg/detail/vehicle_local_position_setpoint__type_support.h\n'}
[1.644785] (px4_msgs) StdoutLine: {'line': b'-- Up-to-date: /home/mcfb/ros2_ws/install/px4_msgs/include/px4_msgs/px4_msgs/msg/detail/vehicle_command_ack__functions.h\n'}
[1.644846] (px4_msgs) StdoutLine: {'line': b'-- Up-to-date: /home/mcfb/ros2_ws/install/px4_msgs/include/px4_msgs/px4_msgs/msg/detail/landing_target_innovations__functions.c\n'}
[1.644906] (px4_msgs) StdoutLine: {'line': b'-- Installing: /home/mcfb/ros2_ws/install/px4_msgs/include/px4_msgs/px4_msgs/msg/detail/arming_check_request__type_support.c\n'}
[1.644964] (px4_msgs) StdoutLine: {'line': b'-- Installing: /home/mcfb/ros2_ws/install/px4_msgs/include/px4_msgs/px4_msgs/msg/detail/gimbal_device_attitude_status__type_support.c\n'}
[1.645018] (px4_msgs) StdoutLine: {'line': b'-- Up-to-date: /home/mcfb/ros2_ws/install/px4_msgs/include/px4_msgs/px4_msgs/msg/detail/gimbal_device_set_attitude__description.c\n'}
[1.645073] (px4_msgs) StdoutLine: {'line': b'-- Up-to-date: /home/mcfb/ros2_ws/install/px4_msgs/include/px4_msgs/px4_msgs/msg/detail/airspeed_validated__functions.h\n'}
[1.645164] (px4_msgs) StdoutLine: {'line': b'-- Up-to-date: /home/mcfb/ros2_ws/install/px4_msgs/include/px4_msgs/px4_msgs/msg/detail/mission__struct.h\n'}
[1.645241] (px4_msgs) StdoutLine: {'line': b'-- Up-to-date: /home/mcfb/ros2_ws/install/px4_msgs/include/px4_msgs/px4_msgs/msg/detail/rover_rate_status__type_support.h\n'}
[1.645542] (px4_msgs) StdoutLine: {'line': b'-- Up-to-date: /home/mcfb/ros2_ws/install/px4_msgs/include/px4_msgs/px4_msgs/msg/detail/estimator_aid_source3d__type_support.h\n'}
[1.645634] (px4_msgs) StdoutLine: {'line': b'-- Up-to-date: /home/mcfb/ros2_ws/install/px4_msgs/include/px4_msgs/px4_msgs/msg/detail/neural_control__type_support.h\n'}
[1.645704] (px4_msgs) StdoutLine: {'line': b'-- Up-to-date: /home/mcfb/ros2_ws/install/px4_msgs/include/px4_msgs/px4_msgs/msg/detail/onboard_computer_status__functions.c\n'}
[1.645764] (px4_msgs) StdoutLine: {'line': b'-- Up-to-date: /home/mcfb/ros2_ws/install/px4_msgs/include/px4_msgs/px4_msgs/msg/detail/parameter_update__struct.h\n'}
[1.645891] (px4_msgs) StdoutLine: {'line': b'-- Up-to-date: /home/mcfb/ros2_ws/install/px4_msgs/include/px4_msgs/px4_msgs/msg/detail/sensor_uwb__description.c\n'}
[1.646117] (px4_msgs) StdoutLine: {'line': b'-- Up-to-date: /home/mcfb/ros2_ws/install/px4_msgs/include/px4_msgs/px4_msgs/msg/detail/velocity_limits__description.c\n'}
[1.646192] (px4_msgs) StdoutLine: {'line': b'-- Up-to-date: /home/mcfb/ros2_ws/install/px4_msgs/include/px4_msgs/px4_msgs/msg/detail/power_monitor__functions.h\n'}
[1.646256] (px4_msgs) StdoutLine: {'line': b'-- Up-to-date: /home/mcfb/ros2_ws/install/px4_msgs/include/px4_msgs/px4_msgs/msg/detail/internal_combustion_engine_control__description.c\n'}
[1.646321] (px4_msgs) StdoutLine: {'line': b'-- Up-to-date: /home/mcfb/ros2_ws/install/px4_msgs/include/px4_msgs/px4_msgs/msg/detail/led_control__functions.c\n'}
[1.646380] (px4_msgs) StdoutLine: {'line': b'-- Up-to-date: /home/mcfb/ros2_ws/install/px4_msgs/include/px4_msgs/px4_msgs/msg/detail/adc_report__description.c\n'}
[1.646438] (px4_msgs) StdoutLine: {'line': b'-- Up-to-date: /home/mcfb/ros2_ws/install/px4_msgs/include/px4_msgs/px4_msgs/msg/detail/iridiumsbd_status__functions.c\n'}
[1.646484] (px4_msgs) StdoutLine: {'line': b'-- Installing: /home/mcfb/ros2_ws/install/px4_msgs/include/px4_msgs/px4_msgs/msg/detail/position_setpoint_triplet__type_support.c\n'}
[1.646562] (px4_msgs) StdoutLine: {'line': b'-- Up-to-date: /home/mcfb/ros2_ws/install/px4_msgs/include/px4_msgs/px4_msgs/msg/detail/ping__functions.c\n'}
[1.646626] (px4_msgs) StdoutLine: {'line': b'-- Up-to-date: /home/mcfb/ros2_ws/install/px4_msgs/include/px4_msgs/px4_msgs/msg/detail/follow_target__functions.c\n'}
[1.646684] (px4_msgs) StdoutLine: {'line': b'-- Up-to-date: /home/mcfb/ros2_ws/install/px4_msgs/include/px4_msgs/px4_msgs/msg/detail/qshell_req__type_support.h\n'}
[1.646743] (px4_msgs) StdoutLine: {'line': b'-- Up-to-date: /home/mcfb/ros2_ws/install/px4_msgs/include/px4_msgs/px4_msgs/msg/detail/unregister_ext_component__type_support.h\n'}
[1.646795] (px4_msgs) StdoutLine: {'line': b'-- Up-to-date: /home/mcfb/ros2_ws/install/px4_msgs/include/px4_msgs/px4_msgs/msg/detail/sensor_gnss_status__description.c\n'}
[1.646831] (px4_msgs) StdoutLine: {'line': b'-- Up-to-date: /home/mcfb/ros2_ws/install/px4_msgs/include/px4_msgs/px4_msgs/msg/detail/gimbal_manager_information__type_support.h\n'}
[1.646960] (px4_msgs) StdoutLine: {'line': b'-- Up-to-date: /home/mcfb/ros2_ws/install/px4_msgs/include/px4_msgs/px4_msgs/msg/detail/parameter_reset_request__type_support.h\n'}
[1.646998] (px4_msgs) StdoutLine: {'line': b'-- Up-to-date: /home/mcfb/ros2_ws/install/px4_msgs/include/px4_msgs/px4_msgs/msg/detail/rover_speed_setpoint__functions.h\n'}
[1.647038] (px4_msgs) StdoutLine: {'line': b'-- Up-to-date: /home/mcfb/ros2_ws/install/px4_msgs/include/px4_msgs/px4_msgs/msg/detail/vehicle_control_mode__functions.h\n'}
[1.647076] (px4_msgs) StdoutLine: {'line': b'-- Up-to-date: /home/mcfb/ros2_ws/install/px4_msgs/include/px4_msgs/px4_msgs/msg/detail/gimbal_manager_set_manual_control__functions.c\n'}
[1.647125] (px4_msgs) StdoutLine: {'line': b'-- Up-to-date: /home/mcfb/ros2_ws/install/px4_msgs/include/px4_msgs/px4_msgs/msg/detail/estimator_states__functions.c\n'}
[1.647173] (px4_msgs) StdoutLine: {'line': b'-- Up-to-date: /home/mcfb/ros2_ws/install/px4_msgs/include/px4_msgs/px4_msgs/msg/detail/radio_status__functions.c\n'}
[1.647230] (px4_msgs) StdoutLine: {'line': b'-- Up-to-date: /home/mcfb/ros2_ws/install/px4_msgs/include/px4_msgs/px4_msgs/msg/detail/manual_control_setpoint__functions.h\n'}
[1.647274] (px4_msgs) StdoutLine: {'line': b'-- Up-to-date: /home/mcfb/ros2_ws/install/px4_msgs/include/px4_msgs/px4_msgs/msg/detail/camera_status__struct.h\n'}
[1.647310] (px4_msgs) StdoutLine: {'line': b'-- Up-to-date: /home/mcfb/ros2_ws/install/px4_msgs/include/px4_msgs/px4_msgs/msg/detail/estimator_status__functions.c\n'}
[1.647359] (px4_msgs) StdoutLine: {'line': b'-- Up-to-date: /home/mcfb/ros2_ws/install/px4_msgs/include/px4_msgs/px4_msgs/msg/detail/sensor_mag__functions.h\n'}
[1.647403] (px4_msgs) StdoutLine: {'line': b'-- Up-to-date: /home/mcfb/ros2_ws/install/px4_msgs/include/px4_msgs/px4_msgs/msg/detail/action_request__type_support.h\n'}
[1.647439] (px4_msgs) StdoutLine: {'line': b'-- Up-to-date: /home/mcfb/ros2_ws/install/px4_msgs/include/px4_msgs/px4_msgs/msg/detail/ekf2_timestamps__functions.h\n'}
[1.647575] (px4_msgs) StdoutLine: {'line': b'-- Up-to-date: /home/mcfb/ros2_ws/install/px4_msgs/include/px4_msgs/px4_msgs/msg/detail/actuator_outputs__description.c\n'}
[1.647616] (px4_msgs) StdoutLine: {'line': b'-- Up-to-date: /home/mcfb/ros2_ws/install/px4_msgs/include/px4_msgs/px4_msgs/msg/detail/vehicle_status__functions.c\n'}
[1.647654] (px4_msgs) StdoutLine: {'line': b'-- Up-to-date: /home/mcfb/ros2_ws/install/px4_msgs/include/px4_msgs/px4_msgs/msg/detail/sensor_combined__struct.h\n'}
[1.647717] (px4_msgs) StdoutLine: {'line': b'-- Up-to-date: /home/mcfb/ros2_ws/install/px4_msgs/include/px4_msgs/px4_msgs/msg/detail/lateral_control_configuration__functions.h\n'}
[1.647770] (px4_msgs) StdoutLine: {'line': b'-- Up-to-date: /home/mcfb/ros2_ws/install/px4_msgs/include/px4_msgs/px4_msgs/msg/detail/sensor_gyro__functions.c\n'}
[1.647825] (px4_msgs) StdoutLine: {'line': b'-- Up-to-date: /home/mcfb/ros2_ws/install/px4_msgs/include/px4_msgs/px4_msgs/msg/detail/px4io_status__type_support.h\n'}
[1.647879] (px4_msgs) StdoutLine: {'line': b'-- Up-to-date: /home/mcfb/ros2_ws/install/px4_msgs/include/px4_msgs/px4_msgs/msg/detail/config_overrides__functions.h\n'}
[1.647917] (px4_msgs) StdoutLine: {'line': b'-- Up-to-date: /home/mcfb/ros2_ws/install/px4_msgs/include/px4_msgs/px4_msgs/msg/detail/orb_test_medium__type_support.h\n'}
[1.647950] (px4_msgs) StdoutLine: {'line': b'-- Up-to-date: /home/mcfb/ros2_ws/install/px4_msgs/include/px4_msgs/px4_msgs/msg/detail/gps_inject_data__type_support.h\n'}
[1.647988] (px4_msgs) StdoutLine: {'line': b'-- Up-to-date: /home/mcfb/ros2_ws/install/px4_msgs/include/px4_msgs/px4_msgs/msg/detail/mount_orientation__functions.h\n'}
[1.648023] (px4_msgs) StdoutLine: {'line': b'-- Up-to-date: /home/mcfb/ros2_ws/install/px4_msgs/include/px4_msgs/px4_msgs/msg/detail/system_power__functions.h\n'}
[1.648066] (px4_msgs) StdoutLine: {'line': b'-- Up-to-date: /home/mcfb/ros2_ws/install/px4_msgs/include/px4_msgs/px4_msgs/msg/detail/manual_control_switches__description.c\n'}
[1.648102] (px4_msgs) StdoutLine: {'line': b'-- Up-to-date: /home/mcfb/ros2_ws/install/px4_msgs/include/px4_msgs/px4_msgs/msg/detail/gps_dump__type_support.h\n'}
[1.648331] (px4_msgs) StdoutLine: {'line': b'-- Up-to-date: /home/mcfb/ros2_ws/install/px4_msgs/include/px4_msgs/px4_msgs/msg/detail/yaw_estimator_status__description.c\n'}
[1.648375] (px4_msgs) StdoutLine: {'line': b'-- Up-to-date: /home/mcfb/ros2_ws/install/px4_msgs/include/px4_msgs/px4_msgs/msg/detail/telemetry_status__functions.h\n'}
[1.648413] (px4_msgs) StdoutLine: {'line': b'-- Up-to-date: /home/mcfb/ros2_ws/install/px4_msgs/include/px4_msgs/px4_msgs/msg/detail/mag_worker_data__struct.h\n'}
[1.648456] (px4_msgs) StdoutLine: {'line': b'-- Up-to-date: /home/mcfb/ros2_ws/install/px4_msgs/include/px4_msgs/px4_msgs/msg/detail/sensor_airflow__struct.h\n'}
[1.648494] (px4_msgs) StdoutLine: {'line': b'-- Up-to-date: /home/mcfb/ros2_ws/install/px4_msgs/include/px4_msgs/px4_msgs/msg/detail/obstacle_distance__type_support.h\n'}
[1.648576] (px4_msgs) StdoutLine: {'line': b'-- Installing: /home/mcfb/ros2_ws/install/px4_msgs/include/px4_msgs/px4_msgs/msg/detail/internal_combustion_engine_status__type_support.c\n'}
[1.648618] (px4_msgs) StdoutLine: {'line': b'-- Up-to-date: /home/mcfb/ros2_ws/install/px4_msgs/include/px4_msgs/px4_msgs/msg/detail/vehicle_attitude_setpoint__type_support.h\n'}
[1.648656] (px4_msgs) StdoutLine: {'line': b'-- Up-to-date: /home/mcfb/ros2_ws/install/px4_msgs/include/px4_msgs/px4_msgs/msg/detail/log_message__type_support.h\n'}
[1.648698] (px4_msgs) StdoutLine: {'line': b'-- Up-to-date: /home/mcfb/ros2_ws/install/px4_msgs/include/px4_msgs/px4_msgs/msg/detail/normalized_unsigned_setpoint__type_support.h\n'}
[1.648736] (px4_msgs) StdoutLine: {'line': b'-- Up-to-date: /home/mcfb/ros2_ws/install/px4_msgs/include/px4_msgs/px4_msgs/msg/detail/fixed_wing_lateral_setpoint__functions.h\n'}
[1.648778] (px4_msgs) StdoutLine: {'line': b'-- Up-to-date: /home/mcfb/ros2_ws/install/px4_msgs/include/px4_msgs/px4_msgs/msg/detail/unregister_ext_component__description.c\n'}
[1.648821] (px4_msgs) StdoutLine: {'line': b'-- Up-to-date: /home/mcfb/ros2_ws/install/px4_msgs/include/px4_msgs/px4_msgs/msg/detail/sensor_accel_fifo__functions.h\n'}
[1.648870] (px4_msgs) StdoutLine: {'line': b'-- Installing: /home/mcfb/ros2_ws/install/px4_msgs/include/px4_msgs/px4_msgs/msg/detail/px4io_status__type_support.c\n'}
[1.648912] (px4_msgs) StdoutLine: {'line': b'-- Installing: /home/mcfb/ros2_ws/install/px4_msgs/include/px4_msgs/px4_msgs/msg/detail/sensors_status__type_support.c\n'}
[1.648953] (px4_msgs) StdoutLine: {'line': b'-- Up-to-date: /home/mcfb/ros2_ws/install/px4_msgs/include/px4_msgs/px4_msgs/msg/detail/landing_gear_wheel__functions.c\n'}
[1.648991] (px4_msgs) StdoutLine: {'line': b'-- Up-to-date: /home/mcfb/ros2_ws/install/px4_msgs/include/px4_msgs/px4_msgs/msg/detail/takeoff_status__functions.c\n'}
[1.649034] (px4_msgs) StdoutLine: {'line': b'-- Up-to-date: /home/mcfb/ros2_ws/install/px4_msgs/include/px4_msgs/px4_msgs/msg/detail/lateral_control_configuration__struct.h\n'}
[1.649141] (px4_msgs) StdoutLine: {'line': b'-- Up-to-date: /home/mcfb/ros2_ws/install/px4_msgs/include/px4_msgs/px4_msgs/msg/detail/vtol_vehicle_status__description.c\n'}
[1.649193] (px4_msgs) StdoutLine: {'line': b'-- Up-to-date: /home/mcfb/ros2_ws/install/px4_msgs/include/px4_msgs/px4_msgs/msg/detail/actuator_motors__functions.c\n'}
[1.649255] (px4_msgs) StdoutLine: {'line': b'-- Installing: /home/mcfb/ros2_ws/install/px4_msgs/include/px4_msgs/px4_msgs/msg/detail/esc_status__type_support.c\n'}
[1.649295] (px4_msgs) StdoutLine: {'line': b'-- Up-to-date: /home/mcfb/ros2_ws/install/px4_msgs/include/px4_msgs/px4_msgs/msg/detail/sensor_gyro_fifo__struct.h\n'}
[1.649332] (px4_msgs) StdoutLine: {'line': b'-- Installing: /home/mcfb/ros2_ws/install/px4_msgs/include/px4_msgs/px4_msgs/msg/detail/task_stack_info__type_support.c\n'}
[1.649367] (px4_msgs) StdoutLine: {'line': b'-- Up-to-date: /home/mcfb/ros2_ws/install/px4_msgs/include/px4_msgs/px4_msgs/msg/detail/parameter_update__functions.c\n'}
[1.649401] (px4_msgs) StdoutLine: {'line': b'-- Up-to-date: /home/mcfb/ros2_ws/install/px4_msgs/include/px4_msgs/px4_msgs/msg/detail/orb_test_medium__struct.h\n'}
[1.649436] (px4_msgs) StdoutLine: {'line': b'-- Up-to-date: /home/mcfb/ros2_ws/install/px4_msgs/include/px4_msgs/px4_msgs/msg/detail/sensor_gyro_fifo__type_support.h\n'}
[1.649471] (px4_msgs) StdoutLine: {'line': b'-- Up-to-date: /home/mcfb/ros2_ws/install/px4_msgs/include/px4_msgs/px4_msgs/msg/detail/estimator_aid_source2d__description.c\n'}
[1.649507] (px4_msgs) StdoutLine: {'line': b'-- Up-to-date: /home/mcfb/ros2_ws/install/px4_msgs/include/px4_msgs/px4_msgs/msg/detail/mag_worker_data__functions.h\n'}
[1.649544] (px4_msgs) StdoutLine: {'line': b'-- Up-to-date: /home/mcfb/ros2_ws/install/px4_msgs/include/px4_msgs/px4_msgs/msg/detail/sensor_uwb__functions.c\n'}
[1.649583] (px4_msgs) StdoutLine: {'line': b'-- Up-to-date: /home/mcfb/ros2_ws/install/px4_msgs/include/px4_msgs/px4_msgs/msg/detail/trajectory_setpoint__functions.h\n'}
[1.649621] (px4_msgs) StdoutLine: {'line': b'-- Installing: /home/mcfb/ros2_ws/install/px4_msgs/include/px4_msgs/px4_msgs/msg/detail/register_ext_component_request__type_support.c\n'}
[1.649754] (px4_msgs) StdoutLine: {'line': b'-- Up-to-date: /home/mcfb/ros2_ws/install/px4_msgs/include/px4_msgs/px4_msgs/msg/detail/rover_attitude_setpoint__functions.c\n'}
[1.649804] (px4_msgs) StdoutLine: {'line': b'-- Up-to-date: /home/mcfb/ros2_ws/install/px4_msgs/include/px4_msgs/px4_msgs/msg/detail/actuator_test__description.c\n'}
[1.649847] (px4_msgs) StdoutLine: {'line': b'-- Up-to-date: /home/mcfb/ros2_ws/install/px4_msgs/include/px4_msgs/px4_msgs/msg/detail/can_interface_status__struct.h\n'}
[1.649887] (px4_msgs) StdoutLine: {'line': b'-- Installing: /home/mcfb/ros2_ws/install/px4_msgs/include/px4_msgs/px4_msgs/msg/detail/vehicle_thrust_setpoint__type_support.c\n'}
[1.649927] (px4_msgs) StdoutLine: {'line': b'-- Up-to-date: /home/mcfb/ros2_ws/install/px4_msgs/include/px4_msgs/px4_msgs/msg/detail/power_button_state__struct.h\n'}
[1.649972] (px4_msgs) StdoutLine: {'line': b'-- Up-to-date: /home/mcfb/ros2_ws/install/px4_msgs/include/px4_msgs/px4_msgs/msg/detail/rover_speed_setpoint__type_support.h\n'}
[1.650018] (px4_msgs) StdoutLine: {'line': b'-- Up-to-date: /home/mcfb/ros2_ws/install/px4_msgs/include/px4_msgs/px4_msgs/msg/detail/gpio_out__functions.c\n'}
[1.650136] (px4_msgs) StdoutLine: {'line': b'-- Up-to-date: /home/mcfb/ros2_ws/install/px4_msgs/include/px4_msgs/px4_msgs/msg/detail/follow_target__struct.h\n'}
[1.650179] (px4_msgs) StdoutLine: {'line': b'-- Up-to-date: /home/mcfb/ros2_ws/install/px4_msgs/include/px4_msgs/px4_msgs/msg/detail/vehicle_imu_status__type_support.h\n'}
[1.650219] (px4_msgs) StdoutLine: {'line': b'-- Up-to-date: /home/mcfb/ros2_ws/install/px4_msgs/include/px4_msgs/px4_msgs/msg/detail/sensor_optical_flow__description.c\n'}
[1.650263] (px4_msgs) StdoutLine: {'line': b'-- Up-to-date: /home/mcfb/ros2_ws/install/px4_msgs/include/px4_msgs/px4_msgs/msg/detail/rover_speed_setpoint__functions.c\n'}
[1.650346] (px4_msgs) StdoutLine: {'line': b'-- Up-to-date: /home/mcfb/ros2_ws/install/px4_msgs/include/px4_msgs/px4_msgs/msg/detail/power_monitor__functions.c\n'}
[1.650448] (px4_msgs) StdoutLine: {'line': b'-- Up-to-date: /home/mcfb/ros2_ws/install/px4_msgs/include/px4_msgs/px4_msgs/msg/detail/open_drone_id_arm_status__type_support.h\n'}
[1.650549] (px4_msgs) StdoutLine: {'line': b'-- Up-to-date: /home/mcfb/ros2_ws/install/px4_msgs/include/px4_msgs/px4_msgs/msg/detail/qshell_retval__struct.h\n'}
[1.650619] (px4_msgs) StdoutLine: {'line': b'-- Installing: /home/mcfb/ros2_ws/install/px4_msgs/include/px4_msgs/px4_msgs/msg/detail/estimator_sensor_bias__type_support.c\n'}
[1.650721] (px4_msgs) StdoutLine: {'line': b'-- Up-to-date: /home/mcfb/ros2_ws/install/px4_msgs/include/px4_msgs/px4_msgs/msg/detail/sensor_gnss_relative__type_support.h\n'}
[1.650809] (px4_msgs) StdoutLine: {'line': b'-- Installing: /home/mcfb/ros2_ws/install/px4_msgs/include/px4_msgs/px4_msgs/msg/detail/gps_inject_data__type_support.c\n'}
[1.650885] (px4_msgs) StdoutLine: {'line': b'-- Up-to-date: /home/mcfb/ros2_ws/install/px4_msgs/include/px4_msgs/px4_msgs/msg/detail/telemetry_status__struct.h\n'}
[1.650969] (px4_msgs) StdoutLine: {'line': b'-- Up-to-date: /home/mcfb/ros2_ws/install/px4_msgs/include/px4_msgs/px4_msgs/msg/detail/vehicle_constraints__functions.h\n'}
[1.651048] (px4_msgs) StdoutLine: {'line': b'-- Up-to-date: /home/mcfb/ros2_ws/install/px4_msgs/include/px4_msgs/px4_msgs/msg/detail/sensor_optical_flow__functions.h\n'}
[1.651179] (px4_msgs) StdoutLine: {'line': b'-- Installing: /home/mcfb/ros2_ws/install/px4_msgs/include/px4_msgs/px4_msgs/msg/detail/wind__type_support.c\n'}
[1.651261] (px4_msgs) StdoutLine: {'line': b'-- Up-to-date: /home/mcfb/ros2_ws/install/px4_msgs/include/px4_msgs/px4_msgs/msg/detail/rtl_time_estimate__functions.h\n'}
[1.651335] (px4_msgs) StdoutLine: {'line': b'-- Up-to-date: /home/mcfb/ros2_ws/install/px4_msgs/include/px4_msgs/px4_msgs/msg/detail/sensor_uwb__type_support.h\n'}
[1.651410] (px4_msgs) StdoutLine: {'line': b'-- Up-to-date: /home/mcfb/ros2_ws/install/px4_msgs/include/px4_msgs/px4_msgs/msg/detail/gimbal_device_set_attitude__struct.h\n'}
[1.651488] (px4_msgs) StdoutLine: {'line': b'-- Up-to-date: /home/mcfb/ros2_ws/install/px4_msgs/include/px4_msgs/px4_msgs/msg/detail/open_drone_id_arm_status__functions.c\n'}
[1.651564] (px4_msgs) StdoutLine: {'line': b'-- Up-to-date: /home/mcfb/ros2_ws/install/px4_msgs/include/px4_msgs/px4_msgs/msg/detail/irlock_report__type_support.h\n'}
[1.651639] (px4_msgs) StdoutLine: {'line': b'-- Up-to-date: /home/mcfb/ros2_ws/install/px4_msgs/include/px4_msgs/px4_msgs/msg/detail/estimator_status__struct.h\n'}
[1.651900] (px4_msgs) StdoutLine: {'line': b'-- Installing: /home/mcfb/ros2_ws/install/px4_msgs/include/px4_msgs/px4_msgs/msg/detail/rover_steering_setpoint__type_support.c\n'}
[1.651950] (px4_msgs) StdoutLine: {'line': b'-- Up-to-date: /home/mcfb/ros2_ws/install/px4_msgs/include/px4_msgs/px4_msgs/msg/detail/gpio_config__type_support.h\n'}
[1.651991] (px4_msgs) StdoutLine: {'line': b'-- Up-to-date: /home/mcfb/ros2_ws/install/px4_msgs/include/px4_msgs/px4_msgs/msg/detail/rtl_status__type_support.h\n'}
[1.652030] (px4_msgs) StdoutLine: {'line': b'-- Installing: /home/mcfb/ros2_ws/install/px4_msgs/include/px4_msgs/px4_msgs/msg/detail/satellite_info__type_support.c\n'}
[1.652068] (px4_msgs) StdoutLine: {'line': b'-- Up-to-date: /home/mcfb/ros2_ws/install/px4_msgs/include/px4_msgs/px4_msgs/msg/detail/gimbal_device_set_attitude__type_support.h\n'}
[1.652106] (px4_msgs) StdoutLine: {'line': b'-- Up-to-date: /home/mcfb/ros2_ws/install/px4_msgs/include/px4_msgs/px4_msgs/msg/detail/differential_pressure__functions.h\n'}
[1.652143] (px4_msgs) StdoutLine: {'line': b'-- Installing: /home/mcfb/ros2_ws/install/px4_msgs/include/px4_msgs/px4_msgs/msg/detail/adc_report__type_support.c\n'}
[1.652830] (px4_msgs) StdoutLine: {'line': b'-- Up-to-date: /home/mcfb/ros2_ws/install/px4_msgs/include/px4_msgs/px4_msgs/msg/detail/gimbal_controls__functions.c\n'}
[1.652956] (px4_msgs) StdoutLine: {'line': b'-- Up-to-date: /home/mcfb/ros2_ws/install/px4_msgs/include/px4_msgs/px4_msgs/msg/detail/sensor_mag__functions.c\n'}
[1.653044] (px4_msgs) StdoutLine: {'line': b'-- Up-to-date: /home/mcfb/ros2_ws/install/px4_msgs/include/px4_msgs/px4_msgs/msg/detail/airspeed_wind__type_support.h\n'}
[1.653119] (px4_msgs) StdoutLine: {'line': b'-- Up-to-date: /home/mcfb/ros2_ws/install/px4_msgs/include/px4_msgs/px4_msgs/msg/detail/mag_worker_data__description.c\n'}
[1.653191] (px4_msgs) StdoutLine: {'line': b'-- Up-to-date: /home/mcfb/ros2_ws/install/px4_msgs/include/px4_msgs/px4_msgs/msg/detail/figure_eight_status__description.c\n'}
[1.653260] (px4_msgs) StdoutLine: {'line': b'-- Up-to-date: /home/mcfb/ros2_ws/install/px4_msgs/include/px4_msgs/px4_msgs/msg/detail/vehicle_land_detected__functions.c\n'}
[1.653327] (px4_msgs) StdoutLine: {'line': b'-- Up-to-date: /home/mcfb/ros2_ws/install/px4_msgs/include/px4_msgs/px4_msgs/msg/detail/uavcan_parameter_request__description.c\n'}
[1.653398] (px4_msgs) StdoutLine: {'line': b'-- Up-to-date: /home/mcfb/ros2_ws/install/px4_msgs/include/px4_msgs/px4_msgs/msg/detail/vehicle_control_mode__description.c\n'}
[1.653469] (px4_msgs) StdoutLine: {'line': b'-- Up-to-date: /home/mcfb/ros2_ws/install/px4_msgs/include/px4_msgs/px4_msgs/msg/detail/open_drone_id_system__description.c\n'}
[1.653548] (px4_msgs) StdoutLine: {'line': b'-- Installing: /home/mcfb/ros2_ws/install/px4_msgs/include/px4_msgs/px4_msgs/msg/detail/sensor_gyro_fifo__type_support.c\n'}
[1.653626] (px4_msgs) StdoutLine: {'line': b'-- Up-to-date: /home/mcfb/ros2_ws/install/px4_msgs/include/px4_msgs/px4_msgs/msg/detail/event__struct.h\n'}
[1.653763] (px4_msgs) StdoutLine: {'line': b'-- Installing: /home/mcfb/ros2_ws/install/px4_msgs/include/px4_msgs/px4_msgs/msg/detail/gpio_request__type_support.c\n'}
[1.653819] (px4_msgs) StdoutLine: {'line': b'-- Up-to-date: /home/mcfb/ros2_ws/install/px4_msgs/include/px4_msgs/px4_msgs/msg/detail/sensor_gnss_relative__functions.h\n'}
[1.653869] (px4_msgs) StdoutLine: {'line': b'-- Up-to-date: /home/mcfb/ros2_ws/install/px4_msgs/include/px4_msgs/px4_msgs/msg/detail/actuator_controls_status__description.c\n'}
[1.653917] (px4_msgs) StdoutLine: {'line': b'-- Up-to-date: /home/mcfb/ros2_ws/install/px4_msgs/include/px4_msgs/px4_msgs/msg/detail/tecs_status__functions.c\n'}
[1.653966] (px4_msgs) StdoutLine: {'line': b'-- Up-to-date: /home/mcfb/ros2_ws/install/px4_msgs/include/px4_msgs/px4_msgs/msg/detail/gimbal_device_attitude_status__description.c\n'}
[1.654017] (px4_msgs) StdoutLine: {'line': b'-- Up-to-date: /home/mcfb/ros2_ws/install/px4_msgs/include/px4_msgs/px4_msgs/msg/detail/position_controller_landing_status__functions.c\n'}
[1.654091] (px4_msgs) StdoutLine: {'line': b'-- Up-to-date: /home/mcfb/ros2_ws/install/px4_msgs/include/px4_msgs/px4_msgs/msg/detail/vehicle_command__description.c\n'}
[1.654427] (px4_msgs) StdoutLine: {'line': b'-- Up-to-date: /home/mcfb/ros2_ws/install/px4_msgs/include/px4_msgs/px4_msgs/msg/detail/heater_status__type_support.h\n'}
[1.654595] (px4_msgs) StdoutLine: {'line': b'-- Up-to-date: /home/mcfb/ros2_ws/install/px4_msgs/include/px4_msgs/px4_msgs/msg/detail/wind__type_support.h\n'}
[1.654667] (px4_msgs) StdoutLine: {'line': b'-- Installing: /home/mcfb/ros2_ws/install/px4_msgs/include/px4_msgs/px4_msgs/msg/detail/mission_result__type_support.c\n'}
[1.654740] (px4_msgs) StdoutLine: {'line': b'-- Up-to-date: /home/mcfb/ros2_ws/install/px4_msgs/include/px4_msgs/px4_msgs/msg/detail/position_controller_status__type_support.h\n'}
[1.654805] (px4_msgs) StdoutLine: {'line': b'-- Up-to-date: /home/mcfb/ros2_ws/install/px4_msgs/include/px4_msgs/px4_msgs/msg/detail/fuel_tank_status__description.c\n'}
[1.654870] (px4_msgs) StdoutLine: {'line': b'-- Up-to-date: /home/mcfb/ros2_ws/install/px4_msgs/include/px4_msgs/px4_msgs/msg/detail/sensor_gyro_fft__description.c\n'}
[1.654936] (px4_msgs) StdoutLine: {'line': b'-- Up-to-date: /home/mcfb/ros2_ws/install/px4_msgs/include/px4_msgs/px4_msgs/msg/detail/mavlink_tunnel__description.c\n'}
[1.655000] (px4_msgs) StdoutLine: {'line': b'-- Up-to-date: /home/mcfb/ros2_ws/install/px4_msgs/include/px4_msgs/px4_msgs/msg/detail/esc_status__struct.h\n'}
[1.655087] (px4_msgs) StdoutLine: {'line': b'-- Up-to-date: /home/mcfb/ros2_ws/install/px4_msgs/include/px4_msgs/px4_msgs/msg/detail/button_event__description.c\n'}
[1.655220] (px4_msgs) StdoutLine: {'line': b'-- Up-to-date: /home/mcfb/ros2_ws/install/px4_msgs/include/px4_msgs/px4_msgs/msg/detail/vehicle_command__functions.h\n'}
[1.655294] (px4_msgs) StdoutLine: {'line': b'-- Up-to-date: /home/mcfb/ros2_ws/install/px4_msgs/include/px4_msgs/px4_msgs/msg/detail/sensor_baro__functions.h\n'}
[1.655365] (px4_msgs) StdoutLine: {'line': b'-- Up-to-date: /home/mcfb/ros2_ws/install/px4_msgs/include/px4_msgs/px4_msgs/msg/detail/actuator_motors__functions.h\n'}
[1.655416] (px4_msgs) StdoutLine: {'line': b'-- Up-to-date: /home/mcfb/ros2_ws/install/px4_msgs/include/px4_msgs/px4_msgs/msg/detail/vehicle_status__description.c\n'}
[1.655463] (px4_msgs) StdoutLine: {'line': b'-- Up-to-date: /home/mcfb/ros2_ws/install/px4_msgs/include/px4_msgs/px4_msgs/msg/detail/mount_orientation__type_support.h\n'}
[1.655513] (px4_msgs) StdoutLine: {'line': b'-- Up-to-date: /home/mcfb/ros2_ws/install/px4_msgs/include/px4_msgs/px4_msgs/msg/detail/differential_pressure__struct.h\n'}
[1.655561] (px4_msgs) StdoutLine: {'line': b'-- Up-to-date: /home/mcfb/ros2_ws/install/px4_msgs/include/px4_msgs/px4_msgs/msg/detail/position_setpoint__type_support.h\n'}
[1.655730] (px4_msgs) StdoutLine: {'line': b'-- Up-to-date: /home/mcfb/ros2_ws/install/px4_msgs/include/px4_msgs/px4_msgs/msg/detail/register_ext_component_reply__type_support.h\n'}
[1.655779] (px4_msgs) StdoutLine: {'line': b'-- Installing: /home/mcfb/ros2_ws/install/px4_msgs/include/px4_msgs/px4_msgs/msg/detail/vehicle_global_position__type_support.c\n'}
[1.655825] (px4_msgs) StdoutLine: {'line': b'-- Up-to-date: /home/mcfb/ros2_ws/install/px4_msgs/include/px4_msgs/px4_msgs/msg/detail/orb_test_large__description.c\n'}
[1.655874] (px4_msgs) StdoutLine: {'line': b'-- Up-to-date: /home/mcfb/ros2_ws/install/px4_msgs/include/px4_msgs/px4_msgs/msg/detail/parameter_set_value_response__struct.h\n'}
[1.655926] (px4_msgs) StdoutLine: {'line': b'-- Up-to-date: /home/mcfb/ros2_ws/install/px4_msgs/include/px4_msgs/px4_msgs/msg/detail/vehicle_control_mode__struct.h\n'}
[1.655977] (px4_msgs) StdoutLine: {'line': b'-- Up-to-date: /home/mcfb/ros2_ws/install/px4_msgs/include/px4_msgs/px4_msgs/msg/detail/system_power__type_support.h\n'}
[1.656024] (px4_msgs) StdoutLine: {'line': b'-- Up-to-date: /home/mcfb/ros2_ws/install/px4_msgs/include/px4_msgs/px4_msgs/msg/detail/rover_rate_status__description.c\n'}
[1.656072] (px4_msgs) StdoutLine: {'line': b'-- Up-to-date: /home/mcfb/ros2_ws/install/px4_msgs/include/px4_msgs/px4_msgs/msg/detail/magnetometer_bias_estimate__description.c\n'}
[1.656120] (px4_msgs) StdoutLine: {'line': b'-- Up-to-date: /home/mcfb/ros2_ws/install/px4_msgs/include/px4_msgs/px4_msgs/msg/detail/vehicle_thrust_setpoint__functions.c\n'}
[1.656169] (px4_msgs) StdoutLine: {'line': b'-- Up-to-date: /home/mcfb/ros2_ws/install/px4_msgs/include/px4_msgs/px4_msgs/msg/detail/follow_target_estimator__type_support.h\n'}
[1.656219] (px4_msgs) StdoutLine: {'line': b'-- Up-to-date: /home/mcfb/ros2_ws/install/px4_msgs/include/px4_msgs/px4_msgs/msg/detail/distance_sensor_mode_change_request__functions.h\n'}
[1.656268] (px4_msgs) StdoutLine: {'line': b'-- Up-to-date: /home/mcfb/ros2_ws/install/px4_msgs/include/px4_msgs/px4_msgs/msg/detail/mag_worker_data__functions.c\n'}
[1.656318] (px4_msgs) StdoutLine: {'line': b'-- Up-to-date: /home/mcfb/ros2_ws/install/px4_msgs/include/px4_msgs/px4_msgs/msg/detail/vehicle_global_position__struct.h\n'}
[1.656365] (px4_msgs) StdoutLine: {'line': b'-- Up-to-date: /home/mcfb/ros2_ws/install/px4_msgs/include/px4_msgs/px4_msgs/msg/detail/estimator_gps_status__functions.h\n'}
[1.656408] (px4_msgs) StdoutLine: {'line': b'-- Up-to-date: /home/mcfb/ros2_ws/install/px4_msgs/include/px4_msgs/px4_msgs/msg/detail/camera_capture__type_support.h\n'}
[1.656461] (px4_msgs) StdoutLine: {'line': b'-- Up-to-date: /home/mcfb/ros2_ws/install/px4_msgs/include/px4_msgs/px4_msgs/msg/detail/dataman_response__functions.c\n'}
[1.656514] (px4_msgs) StdoutLine: {'line': b'-- Up-to-date: /home/mcfb/ros2_ws/install/px4_msgs/include/px4_msgs/px4_msgs/msg/detail/button_event__functions.h\n'}
[1.656558] (px4_msgs) StdoutLine: {'line': b'-- Up-to-date: /home/mcfb/ros2_ws/install/px4_msgs/include/px4_msgs/px4_msgs/msg/detail/yaw_estimator_status__functions.c\n'}
[1.656601] (px4_msgs) StdoutLine: {'line': b'-- Installing: /home/mcfb/ros2_ws/install/px4_msgs/include/px4_msgs/px4_msgs/msg/detail/vehicle_optical_flow__type_support.c\n'}
[1.656644] (px4_msgs) StdoutLine: {'line': b'-- Up-to-date: /home/mcfb/ros2_ws/install/px4_msgs/include/px4_msgs/px4_msgs/msg/detail/button_event__type_support.h\n'}
[1.656696] (px4_msgs) StdoutLine: {'line': b'-- Up-to-date: /home/mcfb/ros2_ws/install/px4_msgs/include/px4_msgs/px4_msgs/msg/detail/mount_orientation__functions.c\n'}
[1.656740] (px4_msgs) StdoutLine: {'line': b'-- Up-to-date: /home/mcfb/ros2_ws/install/px4_msgs/include/px4_msgs/px4_msgs/msg/detail/ekf2_timestamps__description.c\n'}
[1.656781] (px4_msgs) StdoutLine: {'line': b'-- Up-to-date: /home/mcfb/ros2_ws/install/px4_msgs/include/px4_msgs/px4_msgs/msg/detail/actuator_servos_trim__type_support.h\n'}
[1.656823] (px4_msgs) StdoutLine: {'line': b'-- Up-to-date: /home/mcfb/ros2_ws/install/px4_msgs/include/px4_msgs/px4_msgs/msg/detail/rate_ctrl_status__functions.h\n'}
[1.656865] (px4_msgs) StdoutLine: {'line': b'-- Up-to-date: /home/mcfb/ros2_ws/install/px4_msgs/include/px4_msgs/px4_msgs/msg/detail/follow_target_status__functions.c\n'}
[1.656909] (px4_msgs) StdoutLine: {'line': b'-- Up-to-date: /home/mcfb/ros2_ws/install/px4_msgs/include/px4_msgs/px4_msgs/msg/detail/orbit_status__functions.h\n'}
[1.656950] (px4_msgs) StdoutLine: {'line': b'-- Up-to-date: /home/mcfb/ros2_ws/install/px4_msgs/include/px4_msgs/px4_msgs/msg/detail/satellite_info__struct.h\n'}
[1.656993] (px4_msgs) StdoutLine: {'line': b'-- Up-to-date: /home/mcfb/ros2_ws/install/px4_msgs/include/px4_msgs/px4_msgs/msg/detail/vtol_vehicle_status__functions.h\n'}
[1.657033] (px4_msgs) StdoutLine: {'line': b'-- Up-to-date: /home/mcfb/ros2_ws/install/px4_msgs/include/px4_msgs/px4_msgs/msg/detail/sensors_status_imu__description.c\n'}
[1.657073] (px4_msgs) StdoutLine: {'line': b'-- Up-to-date: /home/mcfb/ros2_ws/install/px4_msgs/include/px4_msgs/px4_msgs/msg/detail/vehicle_magnetometer__description.c\n'}
[1.657114] (px4_msgs) StdoutLine: {'line': b'-- Installing: /home/mcfb/ros2_ws/install/px4_msgs/include/px4_msgs/px4_msgs/msg/detail/longitudinal_control_configuration__type_support.c\n'}
[1.657156] (px4_msgs) StdoutLine: {'line': b'-- Up-to-date: /home/mcfb/ros2_ws/install/px4_msgs/include/px4_msgs/px4_msgs/msg/detail/action_request__struct.h\n'}
[1.657198] (px4_msgs) StdoutLine: {'line': b'-- Up-to-date: /home/mcfb/ros2_ws/install/px4_msgs/include/px4_msgs/px4_msgs/msg/detail/gimbal_manager_set_manual_control__struct.h\n'}
[1.657251] (px4_msgs) StdoutLine: {'line': b'-- Up-to-date: /home/mcfb/ros2_ws/install/px4_msgs/include/px4_msgs/px4_msgs/msg/detail/generator_status__struct.h\n'}
[1.657293] (px4_msgs) StdoutLine: {'line': b'-- Up-to-date: /home/mcfb/ros2_ws/install/px4_msgs/include/px4_msgs/px4_msgs/msg/detail/longitudinal_control_configuration__functions.h\n'}
[1.657335] (px4_msgs) StdoutLine: {'line': b'-- Up-to-date: /home/mcfb/ros2_ws/install/px4_msgs/include/px4_msgs/px4_msgs/msg/detail/vehicle_angular_acceleration_setpoint__description.c\n'}
[1.657378] (px4_msgs) StdoutLine: {'line': b'-- Installing: /home/mcfb/ros2_ws/install/px4_msgs/include/px4_msgs/px4_msgs/msg/detail/onboard_computer_status__type_support.c\n'}
[1.657420] (px4_msgs) StdoutLine: {'line': b'-- Installing: /home/mcfb/ros2_ws/install/px4_msgs/include/px4_msgs/px4_msgs/msg/detail/estimator_bias3d__type_support.c\n'}
[1.657462] (px4_msgs) StdoutLine: {'line': b'-- Up-to-date: /home/mcfb/ros2_ws/install/px4_msgs/include/px4_msgs/px4_msgs/msg/detail/debug_array__type_support.h\n'}
[1.657510] (px4_msgs) StdoutLine: {'line': b'-- Up-to-date: /home/mcfb/ros2_ws/install/px4_msgs/include/px4_msgs/px4_msgs/msg/detail/landing_gear__type_support.h\n'}
[1.657556] (px4_msgs) StdoutLine: {'line': b'-- Up-to-date: /home/mcfb/ros2_ws/install/px4_msgs/include/px4_msgs/px4_msgs/msg/detail/unregister_ext_component__functions.c\n'}
[1.657598] (px4_msgs) StdoutLine: {'line': b'-- Up-to-date: /home/mcfb/ros2_ws/install/px4_msgs/include/px4_msgs/px4_msgs/msg/detail/vehicle_attitude_setpoint__description.c\n'}
[1.657646] (px4_msgs) StdoutLine: {'line': b'-- Up-to-date: /home/mcfb/ros2_ws/install/px4_msgs/include/px4_msgs/px4_msgs/msg/detail/follow_target_estimator__functions.c\n'}
[1.657706] (px4_msgs) StdoutLine: {'line': b'-- Up-to-date: /home/mcfb/ros2_ws/install/px4_msgs/include/px4_msgs/px4_msgs/msg/detail/sensor_hygrometer__description.c\n'}
[1.657750] (px4_msgs) StdoutLine: {'line': b'-- Installing: /home/mcfb/ros2_ws/install/px4_msgs/include/px4_msgs/px4_msgs/msg/detail/debug_array__type_support.c\n'}
[1.657793] (px4_msgs) StdoutLine: {'line': b'-- Installing: /home/mcfb/ros2_ws/install/px4_msgs/include/px4_msgs/px4_msgs/msg/detail/vehicle_command__type_support.c\n'}
[1.657836] (px4_msgs) StdoutLine: {'line': b'-- Up-to-date: /home/mcfb/ros2_ws/install/px4_msgs/include/px4_msgs/px4_msgs/msg/detail/px4io_status__description.c\n'}
[1.657896] (px4_msgs) StdoutLine: {'line': b'-- Installing: /home/mcfb/ros2_ws/install/px4_msgs/include/px4_msgs/px4_msgs/msg/detail/launch_detection_status__type_support.c\n'}
[1.657958] (px4_msgs) StdoutLine: {'line': b'-- Installing: /home/mcfb/ros2_ws/install/px4_msgs/include/px4_msgs/px4_msgs/msg/detail/position_controller_status__type_support.c\n'}
[1.658004] (px4_msgs) StdoutLine: {'line': b'-- Up-to-date: /home/mcfb/ros2_ws/install/px4_msgs/include/px4_msgs/px4_msgs/msg/detail/telemetry_status__functions.c\n'}
[1.658061] (px4_msgs) StdoutLine: {'line': b'-- Up-to-date: /home/mcfb/ros2_ws/install/px4_msgs/include/px4_msgs/px4_msgs/msg/detail/cellular_status__functions.c\n'}
[1.658126] (px4_msgs) StdoutLine: {'line': b'-- Up-to-date: /home/mcfb/ros2_ws/install/px4_msgs/include/px4_msgs/px4_msgs/msg/detail/power_monitor__struct.h\n'}
[1.658184] (px4_msgs) StdoutLine: {'line': b'-- Up-to-date: /home/mcfb/ros2_ws/install/px4_msgs/include/px4_msgs/px4_msgs/msg/detail/estimator_aid_source2d__functions.c\n'}
[1.658227] (px4_msgs) StdoutLine: {'line': b'-- Up-to-date: /home/mcfb/ros2_ws/install/px4_msgs/include/px4_msgs/px4_msgs/msg/detail/debug_array__description.c\n'}
[1.658269] (px4_msgs) StdoutLine: {'line': b'-- Up-to-date: /home/mcfb/ros2_ws/install/px4_msgs/include/px4_msgs/px4_msgs/msg/detail/vehicle_local_position_setpoint__functions.c\n'}
[1.658326] (px4_msgs) StdoutLine: {'line': b'-- Up-to-date: /home/mcfb/ros2_ws/install/px4_msgs/include/px4_msgs/px4_msgs/msg/detail/rover_attitude_status__type_support.h\n'}
[1.658376] (px4_msgs) StdoutLine: {'line': b'-- Up-to-date: /home/mcfb/ros2_ws/install/px4_msgs/include/px4_msgs/px4_msgs/msg/detail/vehicle_torque_setpoint__type_support.h\n'}
[1.658421] (px4_msgs) StdoutLine: {'line': b'-- Installing: /home/mcfb/ros2_ws/install/px4_msgs/include/px4_msgs/px4_msgs/msg/detail/pwm_input__type_support.c\n'}
[1.658464] (px4_msgs) StdoutLine: {'line': b'-- Up-to-date: /home/mcfb/ros2_ws/install/px4_msgs/include/px4_msgs/px4_msgs/msg/detail/follow_target__description.c\n'}
[1.658506] (px4_msgs) StdoutLine: {'line': b'-- Up-to-date: /home/mcfb/ros2_ws/install/px4_msgs/include/px4_msgs/px4_msgs/msg/detail/pure_pursuit_status__type_support.h\n'}
[1.658549] (px4_msgs) StdoutLine: {'line': b'-- Up-to-date: /home/mcfb/ros2_ws/install/px4_msgs/include/px4_msgs/px4_msgs/msg/detail/iridiumsbd_status__type_support.h\n'}
[1.658591] (px4_msgs) StdoutLine: {'line': b'-- Installing: /home/mcfb/ros2_ws/install/px4_msgs/include/px4_msgs/px4_msgs/msg/detail/event__type_support.c\n'}
[1.658633] (px4_msgs) StdoutLine: {'line': b'-- Up-to-date: /home/mcfb/ros2_ws/install/px4_msgs/include/px4_msgs/px4_msgs/msg/detail/sensor_accel_fifo__type_support.h\n'}
[1.658682] (px4_msgs) StdoutLine: {'line': b'-- Up-to-date: /home/mcfb/ros2_ws/install/px4_msgs/include/px4_msgs/px4_msgs/msg/detail/fixed_wing_lateral_status__description.c\n'}
[1.658733] (px4_msgs) StdoutLine: {'line': b'-- Installing: /home/mcfb/ros2_ws/install/px4_msgs/include/px4_msgs/px4_msgs/msg/detail/position_setpoint__type_support.c\n'}
[1.658774] (px4_msgs) StdoutLine: {'line': b'-- Installing: /home/mcfb/ros2_ws/install/px4_msgs/include/px4_msgs/px4_msgs/msg/detail/fixed_wing_lateral_setpoint__type_support.c\n'}
[1.658817] (px4_msgs) StdoutLine: {'line': b'-- Up-to-date: /home/mcfb/ros2_ws/install/px4_msgs/include/px4_msgs/px4_msgs/msg/detail/open_drone_id_operator_id__functions.c\n'}
[1.658866] (px4_msgs) StdoutLine: {'line': b'-- Installing: /home/mcfb/ros2_ws/install/px4_msgs/include/px4_msgs/px4_msgs/msg/detail/neural_control__type_support.c\n'}
[1.658908] (px4_msgs) StdoutLine: {'line': b'-- Up-to-date: /home/mcfb/ros2_ws/install/px4_msgs/include/px4_msgs/px4_msgs/msg/detail/estimator_gps_status__struct.h\n'}
[1.658948] (px4_msgs) StdoutLine: {'line': b'-- Up-to-date: /home/mcfb/ros2_ws/install/px4_msgs/include/px4_msgs/px4_msgs/msg/detail/sensor_gyro_fft__functions.c\n'}
[1.658989] (px4_msgs) StdoutLine: {'line': b'-- Up-to-date: /home/mcfb/ros2_ws/install/px4_msgs/include/px4_msgs/px4_msgs/msg/detail/actuator_controls_status__struct.h\n'}
[1.659030] (px4_msgs) StdoutLine: {'line': b'-- Up-to-date: /home/mcfb/ros2_ws/install/px4_msgs/include/px4_msgs/px4_msgs/msg/detail/vehicle_global_position__functions.c\n'}
[1.659072] (px4_msgs) StdoutLine: {'line': b'-- Up-to-date: /home/mcfb/ros2_ws/install/px4_msgs/include/px4_msgs/px4_msgs/msg/detail/gpio_request__type_support.h\n'}
[1.659113] (px4_msgs) StdoutLine: {'line': b'-- Up-to-date: /home/mcfb/ros2_ws/install/px4_msgs/include/px4_msgs/px4_msgs/msg/detail/register_ext_component_reply__functions.h\n'}
[1.659153] (px4_msgs) StdoutLine: {'line': b'-- Up-to-date: /home/mcfb/ros2_ws/install/px4_msgs/include/px4_msgs/px4_msgs/msg/detail/fixed_wing_runway_control__functions.h\n'}
[1.659193] (px4_msgs) StdoutLine: {'line': b'-- Up-to-date: /home/mcfb/ros2_ws/install/px4_msgs/include/px4_msgs/px4_msgs/msg/detail/vehicle_command_ack__type_support.h\n'}
[1.659234] (px4_msgs) StdoutLine: {'line': b'-- Up-to-date: /home/mcfb/ros2_ws/install/px4_msgs/include/px4_msgs/px4_msgs/msg/detail/can_interface_status__functions.c\n'}
[1.659275] (px4_msgs) StdoutLine: {'line': b'-- Installing: /home/mcfb/ros2_ws/install/px4_msgs/include/px4_msgs/px4_msgs/msg/detail/ulog_stream_ack__type_support.c\n'}
[1.659318] (px4_msgs) StdoutLine: {'line': b'-- Up-to-date: /home/mcfb/ros2_ws/install/px4_msgs/include/px4_msgs/px4_msgs/msg/detail/gpio_config__functions.h\n'}
[1.659358] (px4_msgs) StdoutLine: {'line': b'-- Installing: /home/mcfb/ros2_ws/install/px4_msgs/include/px4_msgs/px4_msgs/msg/detail/sensor_preflight_mag__type_support.c\n'}
[1.659399] (px4_msgs) StdoutLine: {'line': b'-- Up-to-date: /home/mcfb/ros2_ws/install/px4_msgs/include/px4_msgs/px4_msgs/msg/detail/message_format_response__functions.h\n'}
[1.659439] (px4_msgs) StdoutLine: {'line': b'-- Up-to-date: /home/mcfb/ros2_ws/install/px4_msgs/include/px4_msgs/px4_msgs/msg/detail/uavcan_parameter_value__type_support.h\n'}
[1.659480] (px4_msgs) StdoutLine: {'line': b'-- Installing: /home/mcfb/ros2_ws/install/px4_msgs/include/px4_msgs/px4_msgs/msg/detail/vehicle_torque_setpoint__type_support.c\n'}
[1.659521] (px4_msgs) StdoutLine: {'line': b'-- Up-to-date: /home/mcfb/ros2_ws/install/px4_msgs/include/px4_msgs/px4_msgs/msg/detail/debug_value__struct.h\n'}
[1.659563] (px4_msgs) StdoutLine: {'line': b'-- Up-to-date: /home/mcfb/ros2_ws/install/px4_msgs/include/px4_msgs/px4_msgs/msg/detail/hover_thrust_estimate__functions.c\n'}
[1.659605] (px4_msgs) StdoutLine: {'line': b'-- Installing: /home/mcfb/ros2_ws/install/px4_msgs/include/px4_msgs/px4_msgs/msg/detail/fixed_wing_lateral_guidance_status__type_support.c\n'}
[1.659647] (px4_msgs) StdoutLine: {'line': b'-- Up-to-date: /home/mcfb/ros2_ws/install/px4_msgs/include/px4_msgs/px4_msgs/msg/detail/rc_channels__type_support.h\n'}
[1.659695] (px4_msgs) StdoutLine: {'line': b'-- Up-to-date: /home/mcfb/ros2_ws/install/px4_msgs/include/px4_msgs/px4_msgs/msg/detail/mavlink_log__description.c\n'}
[1.659742] (px4_msgs) StdoutLine: {'line': b'-- Up-to-date: /home/mcfb/ros2_ws/install/px4_msgs/include/px4_msgs/px4_msgs/msg/detail/rpm__struct.h\n'}
[1.659782] (px4_msgs) StdoutLine: {'line': b'-- Up-to-date: /home/mcfb/ros2_ws/install/px4_msgs/include/px4_msgs/px4_msgs/msg/detail/position_controller_landing_status__type_support.h\n'}
[1.659823] (px4_msgs) StdoutLine: {'line': b'-- Up-to-date: /home/mcfb/ros2_ws/install/px4_msgs/include/px4_msgs/px4_msgs/msg/detail/vehicle_angular_velocity__functions.c\n'}
[1.659864] (px4_msgs) StdoutLine: {'line': b'-- Installing: /home/mcfb/ros2_ws/install/px4_msgs/include/px4_msgs/px4_msgs/msg/detail/rover_throttle_setpoint__type_support.c\n'}
[1.659904] (px4_msgs) StdoutLine: {'line': b'-- Up-to-date: /home/mcfb/ros2_ws/install/px4_msgs/include/px4_msgs/px4_msgs/msg/detail/vehicle_air_data__functions.c\n'}
[1.659944] (px4_msgs) StdoutLine: {'line': b'-- Up-to-date: /home/mcfb/ros2_ws/install/px4_msgs/include/px4_msgs/px4_msgs/msg/detail/offboard_control_mode__description.c\n'}
[1.659985] (px4_msgs) StdoutLine: {'line': b'-- Up-to-date: /home/mcfb/ros2_ws/install/px4_msgs/include/px4_msgs/px4_msgs/msg/detail/health_report__struct.h\n'}
[1.660026] (px4_msgs) StdoutLine: {'line': b'-- Up-to-date: /home/mcfb/ros2_ws/install/px4_msgs/include/px4_msgs/px4_msgs/msg/detail/vehicle_imu_status__description.c\n'}
[1.660069] (px4_msgs) StdoutLine: {'line': b'-- Installing: /home/mcfb/ros2_ws/install/px4_msgs/include/px4_msgs/px4_msgs/msg/detail/vehicle_roi__type_support.c\n'}
[1.660110] (px4_msgs) StdoutLine: {'line': b'-- Installing: /home/mcfb/ros2_ws/install/px4_msgs/include/px4_msgs/px4_msgs/msg/detail/debug_vect__type_support.c\n'}
[1.660151] (px4_msgs) StdoutLine: {'line': b'-- Up-to-date: /home/mcfb/ros2_ws/install/px4_msgs/include/px4_msgs/px4_msgs/msg/detail/debug_array__struct.h\n'}
[1.660191] (px4_msgs) StdoutLine: {'line': b'-- Installing: /home/mcfb/ros2_ws/install/px4_msgs/include/px4_msgs/px4_msgs/msg/detail/landing_gear_wheel__type_support.c\n'}
[1.660231] (px4_msgs) StdoutLine: {'line': b'-- Up-to-date: /home/mcfb/ros2_ws/install/px4_msgs/include/px4_msgs/px4_msgs/msg/detail/camera_capture__description.c\n'}
[1.660276] (px4_msgs) StdoutLine: {'line': b'-- Up-to-date: /home/mcfb/ros2_ws/install/px4_msgs/include/px4_msgs/px4_msgs/msg/detail/vehicle_optical_flow__description.c\n'}
[1.660317] (px4_msgs) StdoutLine: {'line': b'-- Up-to-date: /home/mcfb/ros2_ws/install/px4_msgs/include/px4_msgs/px4_msgs/msg/detail/gripper__description.c\n'}
[1.660358] (px4_msgs) StdoutLine: {'line': b'-- Installing: /home/mcfb/ros2_ws/install/px4_msgs/include/px4_msgs/px4_msgs/msg/detail/cellular_status__type_support.c\n'}
[1.660399] (px4_msgs) StdoutLine: {'line': b'-- Installing: /home/mcfb/ros2_ws/install/px4_msgs/include/px4_msgs/px4_msgs/msg/detail/sensor_gnss_relative__type_support.c\n'}
[1.660439] (px4_msgs) StdoutLine: {'line': b'-- Up-to-date: /home/mcfb/ros2_ws/install/px4_msgs/include/px4_msgs/px4_msgs/msg/detail/trajectory_setpoint__type_support.h\n'}
[1.660480] (px4_msgs) StdoutLine: {'line': b'-- Up-to-date: /home/mcfb/ros2_ws/install/px4_msgs/include/px4_msgs/px4_msgs/msg/detail/estimator_bias3d__struct.h\n'}
[1.660520] (px4_msgs) StdoutLine: {'line': b'-- Up-to-date: /home/mcfb/ros2_ws/install/px4_msgs/include/px4_msgs/px4_msgs/msg/detail/wheel_encoders__description.c\n'}
[1.660562] (px4_msgs) StdoutLine: {'line': b'-- Up-to-date: /home/mcfb/ros2_ws/install/px4_msgs/include/px4_msgs/px4_msgs/msg/detail/vehicle_command__functions.c\n'}
[1.660603] (px4_msgs) StdoutLine: {'line': b'-- Up-to-date: /home/mcfb/ros2_ws/install/px4_msgs/include/px4_msgs/px4_msgs/msg/detail/gpio_in__description.c\n'}
[1.660647] (px4_msgs) StdoutLine: {'line': b'-- Installing: /home/mcfb/ros2_ws/install/px4_msgs/include/px4_msgs/px4_msgs/msg/detail/geofence_status__type_support.c\n'}
[1.660715] (px4_msgs) StdoutLine: {'line': b'-- Up-to-date: /home/mcfb/ros2_ws/install/px4_msgs/include/px4_msgs/px4_msgs/msg/detail/sensor_accel_fifo__functions.c\n'}
[1.660787] (px4_msgs) StdoutLine: {'line': b'-- Installing: /home/mcfb/ros2_ws/install/px4_msgs/include/px4_msgs/px4_msgs/msg/detail/position_controller_landing_status__type_support.c\n'}
[1.660857] (px4_msgs) StdoutLine: {'line': b'-- Up-to-date: /home/mcfb/ros2_ws/install/px4_msgs/include/px4_msgs/px4_msgs/msg/detail/distance_sensor_mode_change_request__functions.c\n'}
[1.660925] (px4_msgs) StdoutLine: {'line': b'-- Up-to-date: /home/mcfb/ros2_ws/install/px4_msgs/include/px4_msgs/px4_msgs/msg/detail/fixed_wing_lateral_status__struct.h\n'}
[1.661128] (px4_msgs) StdoutLine: {'line': b'-- Installing: /home/mcfb/ros2_ws/install/px4_msgs/include/px4_msgs/px4_msgs/msg/detail/debug_value__type_support.c\n'}
[1.661198] (px4_msgs) StdoutLine: {'line': b'-- Up-to-date: /home/mcfb/ros2_ws/install/px4_msgs/include/px4_msgs/px4_msgs/msg/detail/yaw_estimator_status__type_support.h\n'}
[1.661241] (px4_msgs) StdoutLine: {'line': b'-- Up-to-date: /home/mcfb/ros2_ws/install/px4_msgs/include/px4_msgs/px4_msgs/msg/detail/rate_ctrl_status__description.c\n'}
[1.661278] (px4_msgs) StdoutLine: {'line': b'-- Installing: /home/mcfb/ros2_ws/install/px4_msgs/include/px4_msgs/px4_msgs/msg/detail/gimbal_device_information__type_support.c\n'}
[1.661315] (px4_msgs) StdoutLine: {'line': b'-- Up-to-date: /home/mcfb/ros2_ws/install/px4_msgs/include/px4_msgs/px4_msgs/msg/detail/debug_key_value__struct.h\n'}
[1.661351] (px4_msgs) StdoutLine: {'line': b'-- Up-to-date: /home/mcfb/ros2_ws/install/px4_msgs/include/px4_msgs/px4_msgs/msg/detail/offboard_control_mode__type_support.h\n'}
[1.661400] (px4_msgs) StdoutLine: {'line': b'-- Installing: /home/mcfb/ros2_ws/install/px4_msgs/include/px4_msgs/px4_msgs/msg/detail/estimator_status__type_support.c\n'}
[1.661440] (px4_msgs) StdoutLine: {'line': b'-- Up-to-date: /home/mcfb/ros2_ws/install/px4_msgs/include/px4_msgs/px4_msgs/msg/detail/wheel_encoders__functions.h\n'}
[1.661475] (px4_msgs) StdoutLine: {'line': b'-- Installing: /home/mcfb/ros2_ws/install/px4_msgs/include/px4_msgs/px4_msgs/msg/detail/rc_parameter_map__type_support.c\n'}
[1.661510] (px4_msgs) StdoutLine: {'line': b'-- Up-to-date: /home/mcfb/ros2_ws/install/px4_msgs/include/px4_msgs/px4_msgs/msg/detail/cpuload__functions.c\n'}
[1.661561] (px4_msgs) StdoutLine: {'line': b'-- Up-to-date: /home/mcfb/ros2_ws/install/px4_msgs/include/px4_msgs/px4_msgs/msg/detail/orb_test_large__functions.h\n'}
[1.661604] (px4_msgs) StdoutLine: {'line': b'-- Installing: /home/mcfb/ros2_ws/install/px4_msgs/include/px4_msgs/px4_msgs/msg/detail/sensor_gyro_fft__type_support.c\n'}
[1.661653] (px4_msgs) StdoutLine: {'line': b'-- Up-to-date: /home/mcfb/ros2_ws/install/px4_msgs/include/px4_msgs/px4_msgs/msg/detail/vehicle_acceleration__description.c\n'}
[1.661706] (px4_msgs) StdoutLine: {'line': b'-- Up-to-date: /home/mcfb/ros2_ws/install/px4_msgs/include/px4_msgs/px4_msgs/msg/detail/estimator_bias__functions.c\n'}
[1.661747] (px4_msgs) StdoutLine: {'line': b'-- Up-to-date: /home/mcfb/ros2_ws/install/px4_msgs/include/px4_msgs/px4_msgs/msg/detail/vehicle_local_position_setpoint__struct.h\n'}
[1.661886] (px4_msgs) StdoutLine: {'line': b'-- Up-to-date: /home/mcfb/ros2_ws/install/px4_msgs/include/px4_msgs/px4_msgs/msg/detail/sensor_correction__functions.h\n'}
[1.661946] (px4_msgs) StdoutLine: {'line': b'-- Installing: /home/mcfb/ros2_ws/install/px4_msgs/include/px4_msgs/px4_msgs/msg/detail/airspeed_wind__type_support.c\n'}
[1.662012] (px4_msgs) StdoutLine: {'line': b'-- Up-to-date: /home/mcfb/ros2_ws/install/px4_msgs/include/px4_msgs/px4_msgs/msg/detail/mission_result__struct.h\n'}
[1.662065] (px4_msgs) StdoutLine: {'line': b'-- Up-to-date: /home/mcfb/ros2_ws/install/px4_msgs/include/px4_msgs/px4_msgs/msg/detail/fixed_wing_longitudinal_setpoint__functions.h\n'}
[1.662131] (px4_msgs) StdoutLine: {'line': b'-- Up-to-date: /home/mcfb/ros2_ws/install/px4_msgs/include/px4_msgs/px4_msgs/msg/detail/vehicle_rates_setpoint__type_support.h\n'}
[1.662182] (px4_msgs) StdoutLine: {'line': b'-- Up-to-date: /home/mcfb/ros2_ws/install/px4_msgs/include/px4_msgs/px4_msgs/msg/detail/actuator_motors__description.c\n'}
[1.662234] (px4_msgs) StdoutLine: {'line': b'-- Up-to-date: /home/mcfb/ros2_ws/install/px4_msgs/include/px4_msgs/px4_msgs/msg/detail/actuator_controls_status__functions.h\n'}
[1.662272] (px4_msgs) StdoutLine: {'line': b'-- Up-to-date: /home/mcfb/ros2_ws/install/px4_msgs/include/px4_msgs/px4_msgs/msg/detail/px4io_status__functions.c\n'}
[1.662306] (px4_msgs) StdoutLine: {'line': b'-- Up-to-date: /home/mcfb/ros2_ws/install/px4_msgs/include/px4_msgs/px4_msgs/msg/detail/longitudinal_control_configuration__type_support.h\n'}
[1.662341] (px4_msgs) StdoutLine: {'line': b'-- Up-to-date: /home/mcfb/ros2_ws/install/px4_msgs/include/px4_msgs/px4_msgs/msg/detail/event__functions.h\n'}
[1.662376] (px4_msgs) StdoutLine: {'line': b'-- Up-to-date: /home/mcfb/ros2_ws/install/px4_msgs/include/px4_msgs/px4_msgs/msg/detail/navigator_status__functions.h\n'}
[1.662416] (px4_msgs) StdoutLine: {'line': b'-- Up-to-date: /home/mcfb/ros2_ws/install/px4_msgs/include/px4_msgs/px4_msgs/msg/detail/trajectory_setpoint__functions.c\n'}
[1.662449] (px4_msgs) StdoutLine: {'line': b'-- Up-to-date: /home/mcfb/ros2_ws/install/px4_msgs/include/px4_msgs/px4_msgs/msg/detail/ulog_stream_ack__functions.c\n'}
[1.662483] (px4_msgs) StdoutLine: {'line': b'-- Up-to-date: /home/mcfb/ros2_ws/install/px4_msgs/include/px4_msgs/px4_msgs/msg/detail/follow_target_status__type_support.h\n'}
[1.662515] (px4_msgs) StdoutLine: {'line': b'-- Up-to-date: /home/mcfb/ros2_ws/install/px4_msgs/include/px4_msgs/px4_msgs/msg/detail/uavcan_parameter_request__struct.h\n'}
[1.662550] (px4_msgs) StdoutLine: {'line': b'-- Installing: /home/mcfb/ros2_ws/install/px4_msgs/include/px4_msgs/px4_msgs/msg/detail/vehicle_rates_setpoint__type_support.c\n'}
[1.662584] (px4_msgs) StdoutLine: {'line': b'-- Up-to-date: /home/mcfb/ros2_ws/install/px4_msgs/include/px4_msgs/px4_msgs/msg/detail/internal_combustion_engine_status__functions.h\n'}
[1.662617] (px4_msgs) StdoutLine: {'line': b'-- Up-to-date: /home/mcfb/ros2_ws/install/px4_msgs/include/px4_msgs/px4_msgs/msg/detail/vehicle_magnetometer__type_support.h\n'}
[1.662666] (px4_msgs) StdoutLine: {'line': b'-- Up-to-date: /home/mcfb/ros2_ws/install/px4_msgs/include/px4_msgs/px4_msgs/msg/detail/gimbal_manager_information__description.c\n'}
[1.662722] (px4_msgs) StdoutLine: {'line': b'-- Up-to-date: /home/mcfb/ros2_ws/install/px4_msgs/include/px4_msgs/px4_msgs/msg/detail/gpio_in__type_support.h\n'}
[1.662761] (px4_msgs) StdoutLine: {'line': b'-- Up-to-date: /home/mcfb/ros2_ws/install/px4_msgs/include/px4_msgs/px4_msgs/msg/detail/distance_sensor__type_support.h\n'}
[1.662795] (px4_msgs) StdoutLine: {'line': b'-- Up-to-date: /home/mcfb/ros2_ws/install/px4_msgs/include/px4_msgs/px4_msgs/msg/detail/collision_constraints__type_support.h\n'}
[1.662841] (px4_msgs) StdoutLine: {'line': b'-- Up-to-date: /home/mcfb/ros2_ws/install/px4_msgs/include/px4_msgs/px4_msgs/msg/detail/magnetometer_bias_estimate__type_support.h\n'}
[1.662885] (px4_msgs) StdoutLine: {'line': b'-- Installing: /home/mcfb/ros2_ws/install/px4_msgs/include/px4_msgs/px4_msgs/msg/detail/power_monitor__type_support.c\n'}
[1.662920] (px4_msgs) StdoutLine: {'line': b'-- Up-to-date: /home/mcfb/ros2_ws/install/px4_msgs/include/px4_msgs/px4_msgs/msg/detail/cellular_status__functions.h\n'}
[1.662953] (px4_msgs) StdoutLine: {'line': b'-- Up-to-date: /home/mcfb/ros2_ws/install/px4_msgs/include/px4_msgs/px4_msgs/msg/detail/parameter_set_value_request__functions.c\n'}
[1.662987] (px4_msgs) StdoutLine: {'line': b'-- Up-to-date: /home/mcfb/ros2_ws/install/px4_msgs/include/px4_msgs/px4_msgs/msg/detail/gimbal_device_attitude_status__functions.c\n'}
[1.663020] (px4_msgs) StdoutLine: {'line': b'-- Up-to-date: /home/mcfb/ros2_ws/install/px4_msgs/include/px4_msgs/px4_msgs/msg/detail/camera_status__type_support.h\n'}
[1.663053] (px4_msgs) StdoutLine: {'line': b'-- Up-to-date: /home/mcfb/ros2_ws/install/px4_msgs/include/px4_msgs/px4_msgs/msg/detail/distance_sensor__functions.c\n'}
[1.663087] (px4_msgs) StdoutLine: {'line': b'-- Up-to-date: /home/mcfb/ros2_ws/install/px4_msgs/include/px4_msgs/px4_msgs/msg/detail/uavcan_parameter_request__functions.c\n'}
[1.663123] (px4_msgs) StdoutLine: {'line': b'-- Installing: /home/mcfb/ros2_ws/install/px4_msgs/include/px4_msgs/px4_msgs/msg/detail/sensor_airflow__type_support.c\n'}
[1.663163] (px4_msgs) StdoutLine: {'line': b'-- Up-to-date: /home/mcfb/ros2_ws/install/px4_msgs/include/px4_msgs/px4_msgs/msg/detail/landing_target_pose__functions.c\n'}
[1.663214] (px4_msgs) StdoutLine: {'line': b'-- Up-to-date: /home/mcfb/ros2_ws/install/px4_msgs/include/px4_msgs/px4_msgs/msg/detail/can_interface_status__description.c\n'}
[1.663262] (px4_msgs) StdoutLine: {'line': b'-- Up-to-date: /home/mcfb/ros2_ws/install/px4_msgs/include/px4_msgs/px4_msgs/msg/detail/vehicle_attitude__functions.h\n'}
[1.663309] (px4_msgs) StdoutLine: {'line': b'-- Up-to-date: /home/mcfb/ros2_ws/install/px4_msgs/include/px4_msgs/px4_msgs/msg/detail/vehicle_local_position__description.c\n'}
[1.663359] (px4_msgs) StdoutLine: {'line': b'-- Installing: /home/mcfb/ros2_ws/install/px4_msgs/include/px4_msgs/px4_msgs/msg/detail/estimator_aid_source1d__type_support.c\n'}
[1.663406] (px4_msgs) StdoutLine: {'line': b'-- Up-to-date: /home/mcfb/ros2_ws/install/px4_msgs/include/px4_msgs/px4_msgs/msg/detail/vehicle_angular_velocity__description.c\n'}
[1.663445] (px4_msgs) StdoutLine: {'line': b'-- Installing: /home/mcfb/ros2_ws/install/px4_msgs/include/px4_msgs/px4_msgs/msg/detail/actuator_servos__type_support.c\n'}
[1.663493] (px4_msgs) StdoutLine: {'line': b'-- Up-to-date: /home/mcfb/ros2_ws/install/px4_msgs/include/px4_msgs/px4_msgs/msg/detail/mode_completed__description.c\n'}
[1.663527] (px4_msgs) StdoutLine: {'line': b'-- Up-to-date: /home/mcfb/ros2_ws/install/px4_msgs/include/px4_msgs/px4_msgs/msg/detail/sensor_mag__type_support.h\n'}
[1.663560] (px4_msgs) StdoutLine: {'line': b'-- Up-to-date: /home/mcfb/ros2_ws/install/px4_msgs/include/px4_msgs/px4_msgs/msg/detail/landing_gear__description.c\n'}
[1.663593] (px4_msgs) StdoutLine: {'line': b'-- Installing: /home/mcfb/ros2_ws/install/px4_msgs/include/px4_msgs/px4_msgs/msg/detail/rover_attitude_status__type_support.c\n'}
[1.663633] (px4_msgs) StdoutLine: {'line': b'-- Up-to-date: /home/mcfb/ros2_ws/install/px4_msgs/include/px4_msgs/px4_msgs/msg/detail/fixed_wing_longitudinal_setpoint__description.c\n'}
[1.663672] (px4_msgs) StdoutLine: {'line': b'-- Up-to-date: /home/mcfb/ros2_ws/install/px4_msgs/include/px4_msgs/px4_msgs/msg/detail/cellular_status__description.c\n'}
[1.663716] (px4_msgs) StdoutLine: {'line': b'-- Installing: /home/mcfb/ros2_ws/install/px4_msgs/include/px4_msgs/px4_msgs/msg/detail/orb_test__type_support.c\n'}
[1.663748] (px4_msgs) StdoutLine: {'line': b'-- Up-to-date: /home/mcfb/ros2_ws/install/px4_msgs/include/px4_msgs/px4_msgs/msg/detail/estimator_bias__struct.h\n'}
[1.663781] (px4_msgs) StdoutLine: {'line': b'-- Up-to-date: /home/mcfb/ros2_ws/install/px4_msgs/include/px4_msgs/px4_msgs/msg/detail/vehicle_local_position_setpoint__description.c\n'}
[1.663817] (px4_msgs) StdoutLine: {'line': b'-- Up-to-date: /home/mcfb/ros2_ws/install/px4_msgs/include/px4_msgs/px4_msgs/msg/detail/pps_capture__type_support.h\n'}
[1.663849] (px4_msgs) StdoutLine: {'line': b'-- Up-to-date: /home/mcfb/ros2_ws/install/px4_msgs/include/px4_msgs/px4_msgs/msg/detail/uavcan_parameter_value__functions.h\n'}
[1.663882] (px4_msgs) StdoutLine: {'line': b'-- Up-to-date: /home/mcfb/ros2_ws/install/px4_msgs/include/px4_msgs/px4_msgs/msg/detail/manual_control_switches__functions.c\n'}
[1.663915] (px4_msgs) StdoutLine: {'line': b'-- Up-to-date: /home/mcfb/ros2_ws/install/px4_msgs/include/px4_msgs/px4_msgs/msg/detail/manual_control_switches__struct.h\n'}
[1.663947] (px4_msgs) StdoutLine: {'line': b'-- Installing: /home/mcfb/ros2_ws/install/px4_msgs/include/px4_msgs/px4_msgs/msg/detail/vehicle_attitude_setpoint__type_support.c\n'}
[1.663980] (px4_msgs) StdoutLine: {'line': b'-- Up-to-date: /home/mcfb/ros2_ws/install/px4_msgs/include/px4_msgs/px4_msgs/msg/detail/airspeed__struct.h\n'}
[1.664012] (px4_msgs) StdoutLine: {'line': b'-- Up-to-date: /home/mcfb/ros2_ws/install/px4_msgs/include/px4_msgs/px4_msgs/msg/detail/esc_report__functions.c\n'}
[1.664047] (px4_msgs) StdoutLine: {'line': b'-- Up-to-date: /home/mcfb/ros2_ws/install/px4_msgs/include/px4_msgs/px4_msgs/msg/detail/rc_parameter_map__functions.h\n'}
[1.664080] (px4_msgs) StdoutLine: {'line': b'-- Up-to-date: /home/mcfb/ros2_ws/install/px4_msgs/include/px4_msgs/px4_msgs/msg/detail/estimator_event_flags__type_support.h\n'}
[1.664112] (px4_msgs) StdoutLine: {'line': b'-- Up-to-date: /home/mcfb/ros2_ws/install/px4_msgs/include/px4_msgs/px4_msgs/msg/detail/vehicle_torque_setpoint__functions.h\n'}
[1.664144] (px4_msgs) StdoutLine: {'line': b'-- Up-to-date: /home/mcfb/ros2_ws/install/px4_msgs/include/px4_msgs/px4_msgs/msg/detail/gpio_out__description.c\n'}
[1.664178] (px4_msgs) StdoutLine: {'line': b'-- Installing: /home/mcfb/ros2_ws/install/px4_msgs/include/px4_msgs/px4_msgs/msg/detail/flight_phase_estimation__type_support.c\n'}
[1.664211] (px4_msgs) StdoutLine: {'line': b'-- Up-to-date: /home/mcfb/ros2_ws/install/px4_msgs/include/px4_msgs/px4_msgs/msg/detail/vehicle_land_detected__description.c\n'}
[1.664244] (px4_msgs) StdoutLine: {'line': b'-- Up-to-date: /home/mcfb/ros2_ws/install/px4_msgs/include/px4_msgs/px4_msgs/msg/detail/vehicle_local_position__functions.h\n'}
[1.664277] (px4_msgs) StdoutLine: {'line': b'-- Up-to-date: /home/mcfb/ros2_ws/install/px4_msgs/include/px4_msgs/px4_msgs/msg/detail/fixed_wing_longitudinal_setpoint__type_support.h\n'}
[1.664311] (px4_msgs) StdoutLine: {'line': b'-- Up-to-date: /home/mcfb/ros2_ws/install/px4_msgs/include/px4_msgs/px4_msgs/msg/detail/vehicle_roi__description.c\n'}
[1.664344] (px4_msgs) StdoutLine: {'line': b'-- Up-to-date: /home/mcfb/ros2_ws/install/px4_msgs/include/px4_msgs/px4_msgs/msg/detail/rover_attitude_status__functions.h\n'}
[1.664376] (px4_msgs) StdoutLine: {'line': b'-- Up-to-date: /home/mcfb/ros2_ws/install/px4_msgs/include/px4_msgs/px4_msgs/msg/detail/rover_speed_status__struct.h\n'}
[1.664408] (px4_msgs) StdoutLine: {'line': b'-- Up-to-date: /home/mcfb/ros2_ws/install/px4_msgs/include/px4_msgs/px4_msgs/msg/detail/debug_key_value__type_support.h\n'}
[1.664441] (px4_msgs) StdoutLine: {'line': b'-- Up-to-date: /home/mcfb/ros2_ws/install/px4_msgs/include/px4_msgs/px4_msgs/msg/detail/follow_target_estimator__functions.h\n'}
[1.664473] (px4_msgs) StdoutLine: {'line': b'-- Up-to-date: /home/mcfb/ros2_ws/install/px4_msgs/include/px4_msgs/px4_msgs/msg/detail/launch_detection_status__functions.c\n'}
[1.664505] (px4_msgs) StdoutLine: {'line': b'-- Up-to-date: /home/mcfb/ros2_ws/install/px4_msgs/include/px4_msgs/px4_msgs/msg/detail/estimator_status_flags__functions.c\n'}
[1.664538] (px4_msgs) StdoutLine: {'line': b'-- Up-to-date: /home/mcfb/ros2_ws/install/px4_msgs/include/px4_msgs/px4_msgs/msg/detail/gps_dump__functions.h\n'}
[1.664570] (px4_msgs) StdoutLine: {'line': b'-- Up-to-date: /home/mcfb/ros2_ws/install/px4_msgs/include/px4_msgs/px4_msgs/msg/detail/pwm_input__functions.c\n'}
[1.664602] (px4_msgs) StdoutLine: {'line': b'-- Up-to-date: /home/mcfb/ros2_ws/install/px4_msgs/include/px4_msgs/px4_msgs/msg/detail/open_drone_id_system__type_support.h\n'}
[1.664639] (px4_msgs) StdoutLine: {'line': b'-- Up-to-date: /home/mcfb/ros2_ws/install/px4_msgs/include/px4_msgs/px4_msgs/msg/detail/normalized_unsigned_setpoint__description.c\n'}
[1.664672] (px4_msgs) StdoutLine: {'line': b'-- Up-to-date: /home/mcfb/ros2_ws/install/px4_msgs/include/px4_msgs/px4_msgs/msg/detail/sensor_gyro__description.c\n'}
[1.664714] (px4_msgs) StdoutLine: {'line': b'-- Up-to-date: /home/mcfb/ros2_ws/install/px4_msgs/include/px4_msgs/px4_msgs/msg/detail/actuator_servos_trim__functions.h\n'}
[1.664748] (px4_msgs) StdoutLine: {'line': b'-- Up-to-date: /home/mcfb/ros2_ws/install/px4_msgs/include/px4_msgs/px4_msgs/msg/detail/navigator_mission_item__type_support.h\n'}
[1.664781] (px4_msgs) StdoutLine: {'line': b'-- Up-to-date: /home/mcfb/ros2_ws/install/px4_msgs/include/px4_msgs/px4_msgs/msg/detail/vehicle_global_position__type_support.h\n'}
[1.664814] (px4_msgs) StdoutLine: {'line': b'-- Up-to-date: /home/mcfb/ros2_ws/install/px4_msgs/include/px4_msgs/px4_msgs/msg/detail/mount_orientation__struct.h\n'}
[1.664852] (px4_msgs) StdoutLine: {'line': b'-- Up-to-date: /home/mcfb/ros2_ws/install/px4_msgs/include/px4_msgs/px4_msgs/msg/detail/message_format_response__type_support.h\n'}
[1.664889] (px4_msgs) StdoutLine: {'line': b'-- Up-to-date: /home/mcfb/ros2_ws/install/px4_msgs/include/px4_msgs/px4_msgs/msg/detail/mode_completed__functions.c\n'}
[1.664925] (px4_msgs) StdoutLine: {'line': b'-- Up-to-date: /home/mcfb/ros2_ws/install/px4_msgs/include/px4_msgs/px4_msgs/msg/detail/qshell_retval__description.c\n'}
[1.664961] (px4_msgs) StdoutLine: {'line': b'-- Up-to-date: /home/mcfb/ros2_ws/install/px4_msgs/include/px4_msgs/px4_msgs/msg/detail/cpuload__type_support.h\n'}
[1.664998] (px4_msgs) StdoutLine: {'line': b'-- Up-to-date: /home/mcfb/ros2_ws/install/px4_msgs/include/px4_msgs/px4_msgs/msg/detail/battery_status__functions.c\n'}
[1.665033] (px4_msgs) StdoutLine: {'line': b'-- Up-to-date: /home/mcfb/ros2_ws/install/px4_msgs/include/px4_msgs/px4_msgs/msg/detail/open_drone_id_self_id__struct.h\n'}
[1.665067] (px4_msgs) StdoutLine: {'line': b'-- Up-to-date: /home/mcfb/ros2_ws/install/px4_msgs/include/px4_msgs/px4_msgs/msg/detail/tecs_status__struct.h\n'}
[1.665100] (px4_msgs) StdoutLine: {'line': b'-- Up-to-date: /home/mcfb/ros2_ws/install/px4_msgs/include/px4_msgs/px4_msgs/msg/detail/sensors_status_imu__functions.c\n'}
[1.665133] (px4_msgs) StdoutLine: {'line': b'-- Up-to-date: /home/mcfb/ros2_ws/install/px4_msgs/include/px4_msgs/px4_msgs/msg/detail/timesync_status__description.c\n'}
[1.665165] (px4_msgs) StdoutLine: {'line': b'-- Installing: /home/mcfb/ros2_ws/install/px4_msgs/include/px4_msgs/px4_msgs/msg/detail/telemetry_status__type_support.c\n'}
[1.665197] (px4_msgs) StdoutLine: {'line': b'-- Up-to-date: /home/mcfb/ros2_ws/install/px4_msgs/include/px4_msgs/px4_msgs/msg/detail/sensor_gyro_fft__functions.h\n'}
[1.665230] (px4_msgs) StdoutLine: {'line': b'-- Up-to-date: /home/mcfb/ros2_ws/install/px4_msgs/include/px4_msgs/px4_msgs/msg/detail/longitudinal_control_configuration__description.c\n'}
[1.665263] (px4_msgs) StdoutLine: {'line': b'-- Installing: /home/mcfb/ros2_ws/install/px4_msgs/include/px4_msgs/px4_msgs/msg/detail/sensor_mag__type_support.c\n'}
[1.665295] (px4_msgs) StdoutLine: {'line': b'-- Up-to-date: /home/mcfb/ros2_ws/install/px4_msgs/include/px4_msgs/px4_msgs/msg/detail/sensor_combined__functions.c\n'}
[1.665329] (px4_msgs) StdoutLine: {'line': b'-- Up-to-date: /home/mcfb/ros2_ws/install/px4_msgs/include/px4_msgs/px4_msgs/msg/detail/rc_parameter_map__functions.c\n'}
[1.665360] (px4_msgs) StdoutLine: {'line': b'-- Up-to-date: /home/mcfb/ros2_ws/install/px4_msgs/include/px4_msgs/px4_msgs/msg/detail/gimbal_manager_set_attitude__description.c\n'}
[1.665392] (px4_msgs) StdoutLine: {'line': b'-- Installing: /home/mcfb/ros2_ws/install/px4_msgs/include/px4_msgs/px4_msgs/msg/detail/vehicle_local_position_setpoint__type_support.c\n'}
[1.665425] (px4_msgs) StdoutLine: {'line': b'-- Installing: /home/mcfb/ros2_ws/install/px4_msgs/include/px4_msgs/px4_msgs/msg/detail/led_control__type_support.c\n'}
[1.665458] (px4_msgs) StdoutLine: {'line': b'-- Up-to-date: /home/mcfb/ros2_ws/install/px4_msgs/include/px4_msgs/px4_msgs/msg/detail/gpio_config__description.c\n'}
[1.665491] (px4_msgs) StdoutLine: {'line': b'-- Up-to-date: /home/mcfb/ros2_ws/install/px4_msgs/include/px4_msgs/px4_msgs/msg/detail/estimator_sensor_bias__functions.c\n'}
[1.665524] (px4_msgs) StdoutLine: {'line': b'-- Up-to-date: /home/mcfb/ros2_ws/install/px4_msgs/include/px4_msgs/px4_msgs/msg/detail/collision_constraints__description.c\n'}
[1.665557] (px4_msgs) StdoutLine: {'line': b'-- Up-to-date: /home/mcfb/ros2_ws/install/px4_msgs/include/px4_msgs/px4_msgs/msg/detail/airspeed_wind__functions.h\n'}
[1.665590] (px4_msgs) StdoutLine: {'line': b'-- Up-to-date: /home/mcfb/ros2_ws/install/px4_msgs/include/px4_msgs/px4_msgs/msg/detail/debug_value__description.c\n'}
[1.665626] (px4_msgs) StdoutLine: {'line': b'-- Up-to-date: /home/mcfb/ros2_ws/install/px4_msgs/include/px4_msgs/px4_msgs/msg/detail/gripper__functions.c\n'}
[1.665691] (px4_msgs) StdoutLine: {'line': b'-- Installing: /home/mcfb/ros2_ws/install/px4_msgs/include/px4_msgs/px4_msgs/msg/detail/parameter_reset_request__type_support.c\n'}
[1.665734] (px4_msgs) StdoutLine: {'line': b'-- Installing: /home/mcfb/ros2_ws/install/px4_msgs/include/px4_msgs/px4_msgs/msg/detail/config_overrides__type_support.c\n'}
[1.665770] (px4_msgs) StdoutLine: {'line': b'-- Up-to-date: /home/mcfb/ros2_ws/install/px4_msgs/include/px4_msgs/px4_msgs/msg/detail/vehicle_acceleration__type_support.h\n'}
[1.665814] (px4_msgs) StdoutLine: {'line': b'-- Installing: /home/mcfb/ros2_ws/install/px4_msgs/include/px4_msgs/px4_msgs/msg/detail/rover_speed_status__type_support.c\n'}
[1.665863] (px4_msgs) StdoutLine: {'line': b'-- Up-to-date: /home/mcfb/ros2_ws/install/px4_msgs/include/px4_msgs/px4_msgs/msg/detail/input_rc__functions.h\n'}
[1.665904] (px4_msgs) StdoutLine: {'line': b'-- Up-to-date: /home/mcfb/ros2_ws/install/px4_msgs/include/px4_msgs/px4_msgs/msg/detail/vehicle_constraints__functions.c\n'}
[1.665937] (px4_msgs) StdoutLine: {'line': b'-- Up-to-date: /home/mcfb/ros2_ws/install/px4_msgs/include/px4_msgs/px4_msgs/msg/detail/vehicle_imu__type_support.h\n'}
[1.665971] (px4_msgs) StdoutLine: {'line': b'-- Installing: /home/mcfb/ros2_ws/install/px4_msgs/include/px4_msgs/px4_msgs/msg/detail/mavlink_tunnel__type_support.c\n'}
[1.666017] (px4_msgs) StdoutLine: {'line': b'-- Up-to-date: /home/mcfb/ros2_ws/install/px4_msgs/include/px4_msgs/px4_msgs/msg/detail/mission__description.c\n'}
[1.666050] (px4_msgs) StdoutLine: {'line': b'-- Up-to-date: /home/mcfb/ros2_ws/install/px4_msgs/include/px4_msgs/px4_msgs/msg/detail/sensor_selection__functions.h\n'}
[1.666084] (px4_msgs) StdoutLine: {'line': b'-- Up-to-date: /home/mcfb/ros2_ws/install/px4_msgs/include/px4_msgs/px4_msgs/msg/detail/actuator_test__functions.h\n'}
[1.666117] (px4_msgs) StdoutLine: {'line': b'-- Up-to-date: /home/mcfb/ros2_ws/install/px4_msgs/include/px4_msgs/px4_msgs/msg/detail/estimator_event_flags__functions.h\n'}
[1.666151] (px4_msgs) StdoutLine: {'line': b'-- Up-to-date: /home/mcfb/ros2_ws/install/px4_msgs/include/px4_msgs/px4_msgs/msg/detail/vehicle_local_position__functions.c\n'}
[1.666184] (px4_msgs) StdoutLine: {'line': b'-- Up-to-date: /home/mcfb/ros2_ws/install/px4_msgs/include/px4_msgs/px4_msgs/msg/detail/gimbal_manager_set_manual_control__type_support.h\n'}
[1.666218] (px4_msgs) StdoutLine: {'line': b'-- Installing: /home/mcfb/ros2_ws/install/px4_msgs/include/px4_msgs/px4_msgs/msg/detail/vehicle_acceleration__type_support.c\n'}
[1.666252] (px4_msgs) StdoutLine: {'line': b'-- Up-to-date: /home/mcfb/ros2_ws/install/px4_msgs/include/px4_msgs/px4_msgs/msg/detail/position_setpoint__struct.h\n'}
[1.666286] (px4_msgs) StdoutLine: {'line': b'-- Up-to-date: /home/mcfb/ros2_ws/install/px4_msgs/include/px4_msgs/px4_msgs/msg/detail/vehicle_optical_flow__functions.c\n'}
[1.666320] (px4_msgs) StdoutLine: {'line': b'-- Up-to-date: /home/mcfb/ros2_ws/install/px4_msgs/include/px4_msgs/px4_msgs/msg/detail/rover_rate_status__functions.h\n'}
[1.666352] (px4_msgs) StdoutLine: {'line': b'-- Up-to-date: /home/mcfb/ros2_ws/install/px4_msgs/include/px4_msgs/px4_msgs/msg/detail/mode_completed__functions.h\n'}
[1.666384] (px4_msgs) StdoutLine: {'line': b'-- Up-to-date: /home/mcfb/ros2_ws/install/px4_msgs/include/px4_msgs/px4_msgs/msg/detail/parameter_set_value_request__type_support.h\n'}
[1.666417] (px4_msgs) StdoutLine: {'line': b'-- Up-to-date: /home/mcfb/ros2_ws/install/px4_msgs/include/px4_msgs/px4_msgs/msg/detail/sensor_gnss_status__type_support.h\n'}
[1.666449] (px4_msgs) StdoutLine: {'line': b'-- Up-to-date: /home/mcfb/ros2_ws/install/px4_msgs/include/px4_msgs/px4_msgs/msg/detail/failure_detector_status__functions.c\n'}
[1.666482] (px4_msgs) StdoutLine: {'line': b'-- Up-to-date: /home/mcfb/ros2_ws/install/px4_msgs/include/px4_msgs/px4_msgs/msg/detail/internal_combustion_engine_control__struct.h\n'}
[1.666515] (px4_msgs) StdoutLine: {'line': b'-- Up-to-date: /home/mcfb/ros2_ws/install/px4_msgs/include/px4_msgs/px4_msgs/msg/detail/estimator_innovations__type_support.h\n'}
[1.666551] (px4_msgs) StdoutLine: {'line': b'-- Up-to-date: /home/mcfb/ros2_ws/install/px4_msgs/include/px4_msgs/px4_msgs/msg/detail/failsafe_flags__description.c\n'}
[1.666584] (px4_msgs) StdoutLine: {'line': b'-- Up-to-date: /home/mcfb/ros2_ws/install/px4_msgs/include/px4_msgs/px4_msgs/msg/detail/vehicle_imu_status__functions.h\n'}
[1.666616] (px4_msgs) StdoutLine: {'line': b'-- Installing: /home/mcfb/ros2_ws/install/px4_msgs/include/px4_msgs/px4_msgs/msg/detail/gimbal_manager_set_manual_control__type_support.c\n'}
[1.666649] (px4_msgs) StdoutLine: {'line': b'-- Up-to-date: /home/mcfb/ros2_ws/install/px4_msgs/include/px4_msgs/px4_msgs/msg/detail/gimbal_manager_information__struct.h\n'}
[1.666690] (px4_msgs) StdoutLine: {'line': b'-- Installing: /home/mcfb/ros2_ws/install/px4_msgs/include/px4_msgs/px4_msgs/msg/detail/lateral_control_configuration__type_support.c\n'}
[1.666724] (px4_msgs) StdoutLine: {'line': b'-- Up-to-date: /home/mcfb/ros2_ws/install/px4_msgs/include/px4_msgs/px4_msgs/msg/detail/battery_status__functions.h\n'}
[1.666756] (px4_msgs) StdoutLine: {'line': b'-- Up-to-date: /home/mcfb/ros2_ws/install/px4_msgs/include/px4_msgs/px4_msgs/msg/detail/manual_control_switches__functions.h\n'}
[1.666788] (px4_msgs) StdoutLine: {'line': b'-- Up-to-date: /home/mcfb/ros2_ws/install/px4_msgs/include/px4_msgs/px4_msgs/msg/detail/cellular_status__struct.h\n'}
[1.666821] (px4_msgs) StdoutLine: {'line': b'-- Up-to-date: /home/mcfb/ros2_ws/install/px4_msgs/include/px4_msgs/px4_msgs/msg/detail/open_drone_id_self_id__type_support.h\n'}
[1.666853] (px4_msgs) StdoutLine: {'line': b'-- Up-to-date: /home/mcfb/ros2_ws/install/px4_msgs/include/px4_msgs/px4_msgs/msg/detail/actuator_servos__functions.h\n'}
[1.666889] (px4_msgs) StdoutLine: {'line': b'-- Up-to-date: /home/mcfb/ros2_ws/install/px4_msgs/include/px4_msgs/px4_msgs/msg/detail/irlock_report__description.c\n'}
[1.666922] (px4_msgs) StdoutLine: {'line': b'-- Up-to-date: /home/mcfb/ros2_ws/install/px4_msgs/include/px4_msgs/px4_msgs/msg/detail/camera_trigger__functions.c\n'}
[1.666954] (px4_msgs) StdoutLine: {'line': b'-- Up-to-date: /home/mcfb/ros2_ws/install/px4_msgs/include/px4_msgs/px4_msgs/msg/detail/uavcan_parameter_value__struct.h\n'}
[1.666989] (px4_msgs) StdoutLine: {'line': b'-- Installing: /home/mcfb/ros2_ws/install/px4_msgs/include/px4_msgs/px4_msgs/msg/detail/airspeed_validated__type_support.c\n'}
[1.667021] (px4_msgs) StdoutLine: {'line': b'-- Up-to-date: /home/mcfb/ros2_ws/install/px4_msgs/include/px4_msgs/px4_msgs/msg/detail/vehicle_land_detected__struct.h\n'}
[1.667054] (px4_msgs) StdoutLine: {'line': b'-- Up-to-date: /home/mcfb/ros2_ws/install/px4_msgs/include/px4_msgs/px4_msgs/msg/detail/internal_combustion_engine_status__struct.h\n'}
[1.667086] (px4_msgs) StdoutLine: {'line': b'-- Up-to-date: /home/mcfb/ros2_ws/install/px4_msgs/include/px4_msgs/px4_msgs/msg/detail/system_power__functions.c\n'}
[1.667118] (px4_msgs) StdoutLine: {'line': b'-- Up-to-date: /home/mcfb/ros2_ws/install/px4_msgs/include/px4_msgs/px4_msgs/msg/detail/vehicle_optical_flow__functions.h\n'}
[1.667150] (px4_msgs) StdoutLine: {'line': b'-- Up-to-date: /home/mcfb/ros2_ws/install/px4_msgs/include/px4_msgs/px4_msgs/msg/detail/fuel_tank_status__functions.h\n'}
[1.667183] (px4_msgs) StdoutLine: {'line': b'-- Installing: /home/mcfb/ros2_ws/install/px4_msgs/include/px4_msgs/px4_msgs/msg/detail/actuator_test__type_support.c\n'}
[1.667215] (px4_msgs) StdoutLine: {'line': b'-- Up-to-date: /home/mcfb/ros2_ws/install/px4_msgs/include/px4_msgs/px4_msgs/msg/detail/gimbal_manager_set_attitude__type_support.h\n'}
[1.667247] (px4_msgs) StdoutLine: {'line': b'-- Up-to-date: /home/mcfb/ros2_ws/install/px4_msgs/include/px4_msgs/px4_msgs/msg/detail/gimbal_manager_status__functions.c\n'}
[1.667279] (px4_msgs) StdoutLine: {'line': b'-- Up-to-date: /home/mcfb/ros2_ws/install/px4_msgs/include/px4_msgs/px4_msgs/msg/detail/sensor_gps__struct.h\n'}
[1.667312] (px4_msgs) StdoutLine: {'line': b'-- Up-to-date: /home/mcfb/ros2_ws/install/px4_msgs/include/px4_msgs/px4_msgs/msg/detail/hover_thrust_estimate__struct.h\n'}
[1.667347] (px4_msgs) StdoutLine: {'line': b'-- Up-to-date: /home/mcfb/ros2_ws/install/px4_msgs/include/px4_msgs/px4_msgs/msg/detail/sensor_mag__description.c\n'}
[1.667379] (px4_msgs) StdoutLine: {'line': b'-- Up-to-date: /home/mcfb/ros2_ws/install/px4_msgs/include/px4_msgs/px4_msgs/msg/detail/navigator_status__description.c\n'}
[1.667411] (px4_msgs) StdoutLine: {'line': b'-- Up-to-date: /home/mcfb/ros2_ws/install/px4_msgs/include/px4_msgs/px4_msgs/msg/detail/gps_dump__description.c\n'}
[1.667444] (px4_msgs) StdoutLine: {'line': b'-- Up-to-date: /home/mcfb/ros2_ws/install/px4_msgs/include/px4_msgs/px4_msgs/msg/detail/rover_speed_setpoint__struct.h\n'}
[1.667480] (px4_msgs) StdoutLine: {'line': b'-- Up-to-date: /home/mcfb/ros2_ws/install/px4_msgs/include/px4_msgs/px4_msgs/msg/detail/sensor_gyro_fifo__description.c\n'}
[1.667518] (px4_msgs) StdoutLine: {'line': b'-- Up-to-date: /home/mcfb/ros2_ws/install/px4_msgs/include/px4_msgs/px4_msgs/msg/detail/vehicle_odometry__struct.h\n'}
[1.667553] (px4_msgs) StdoutLine: {'line': b'-- Up-to-date: /home/mcfb/ros2_ws/install/px4_msgs/include/px4_msgs/px4_msgs/msg/detail/position_controller_status__struct.h\n'}
[1.667586] (px4_msgs) StdoutLine: {'line': b'-- Up-to-date: /home/mcfb/ros2_ws/install/px4_msgs/include/px4_msgs/px4_msgs/msg/detail/estimator_event_flags__description.c\n'}
[1.667619] (px4_msgs) StdoutLine: {'line': b'-- Up-to-date: /home/mcfb/ros2_ws/install/px4_msgs/include/px4_msgs/px4_msgs/msg/detail/sensor_accel_fifo__struct.h\n'}
[1.667652] (px4_msgs) StdoutLine: {'line': b'-- Installing: /home/mcfb/ros2_ws/install/px4_msgs/include/px4_msgs/px4_msgs/msg/detail/register_ext_component_reply__type_support.c\n'}
[1.667692] (px4_msgs) StdoutLine: {'line': b'-- Up-to-date: /home/mcfb/ros2_ws/install/px4_msgs/include/px4_msgs/px4_msgs/msg/detail/ulog_stream__type_support.h\n'}
[1.667725] (px4_msgs) StdoutLine: {'line': b'-- Up-to-date: /home/mcfb/ros2_ws/install/px4_msgs/include/px4_msgs/px4_msgs/msg/detail/sensor_accel_fifo__description.c\n'}
[1.667758] (px4_msgs) StdoutLine: {'line': b'-- Up-to-date: /home/mcfb/ros2_ws/install/px4_msgs/include/px4_msgs/px4_msgs/msg/detail/debug_value__functions.c\n'}
[1.667790] (px4_msgs) StdoutLine: {'line': b'-- Installing: /home/mcfb/ros2_ws/install/px4_msgs/include/px4_msgs/px4_msgs/msg/detail/geofence_result__type_support.c\n'}
[1.667823] (px4_msgs) StdoutLine: {'line': b'-- Up-to-date: /home/mcfb/ros2_ws/install/px4_msgs/include/px4_msgs/px4_msgs/msg/detail/fixed_wing_lateral_guidance_status__type_support.h\n'}
[1.667856] (px4_msgs) StdoutLine: {'line': b'-- Up-to-date: /home/mcfb/ros2_ws/install/px4_msgs/include/px4_msgs/px4_msgs/msg/detail/wheel_encoders__functions.c\n'}
[1.667890] (px4_msgs) StdoutLine: {'line': b'-- Up-to-date: /home/mcfb/ros2_ws/install/px4_msgs/include/px4_msgs/px4_msgs/msg/detail/vehicle_angular_acceleration_setpoint__functions.c\n'}
[1.667924] (px4_msgs) StdoutLine: {'line': b'-- Up-to-date: /home/mcfb/ros2_ws/install/px4_msgs/include/px4_msgs/px4_msgs/msg/detail/actuator_test__struct.h\n'}
[1.667959] (px4_msgs) StdoutLine: {'line': b'-- Up-to-date: /home/mcfb/ros2_ws/install/px4_msgs/include/px4_msgs/px4_msgs/msg/detail/generator_status__functions.c\n'}
[1.667993] (px4_msgs) StdoutLine: {'line': b'-- Up-to-date: /home/mcfb/ros2_ws/install/px4_msgs/include/px4_msgs/px4_msgs/msg/detail/velocity_limits__functions.c\n'}
[1.668028] (px4_msgs) StdoutLine: {'line': b'-- Installing: /home/mcfb/ros2_ws/install/px4_msgs/include/px4_msgs/px4_msgs/msg/detail/rpm__type_support.c\n'}
[1.668062] (px4_msgs) StdoutLine: {'line': b'-- Up-to-date: /home/mcfb/ros2_ws/install/px4_msgs/include/px4_msgs/px4_msgs/msg/detail/vehicle_angular_velocity__struct.h\n'}
[1.668094] (px4_msgs) StdoutLine: {'line': b'-- Up-to-date: /home/mcfb/ros2_ws/install/px4_msgs/include/px4_msgs/px4_msgs/msg/detail/sensor_mag__struct.h\n'}
[1.668132] (px4_msgs) StdoutLine: {'line': b'-- Up-to-date: /home/mcfb/ros2_ws/install/px4_msgs/include/px4_msgs/px4_msgs/msg/detail/rover_steering_setpoint__functions.c\n'}
[1.668166] (px4_msgs) StdoutLine: {'line': b'-- Up-to-date: /home/mcfb/ros2_ws/install/px4_msgs/include/px4_msgs/px4_msgs/msg/detail/actuator_servos_trim__functions.c\n'}
[1.668198] (px4_msgs) StdoutLine: {'line': b'-- Up-to-date: /home/mcfb/ros2_ws/install/px4_msgs/include/px4_msgs/px4_msgs/msg/detail/esc_report__struct.h\n'}
[1.668231] (px4_msgs) StdoutLine: {'line': b'-- Up-to-date: /home/mcfb/ros2_ws/install/px4_msgs/include/px4_msgs/px4_msgs/msg/detail/system_power__description.c\n'}
[1.668263] (px4_msgs) StdoutLine: {'line': b'-- Up-to-date: /home/mcfb/ros2_ws/install/px4_msgs/include/px4_msgs/px4_msgs/msg/detail/vehicle_constraints__description.c\n'}
[1.668296] (px4_msgs) StdoutLine: {'line': b'-- Up-to-date: /home/mcfb/ros2_ws/install/px4_msgs/include/px4_msgs/px4_msgs/msg/detail/vehicle_imu__functions.h\n'}
[1.668329] (px4_msgs) StdoutLine: {'line': b'-- Up-to-date: /home/mcfb/ros2_ws/install/px4_msgs/include/px4_msgs/px4_msgs/msg/detail/estimator_sensor_bias__functions.h\n'}
[1.668361] (px4_msgs) StdoutLine: {'line': b'-- Up-to-date: /home/mcfb/ros2_ws/install/px4_msgs/include/px4_msgs/px4_msgs/msg/detail/orb_test_large__type_support.h\n'}
[1.668393] (px4_msgs) StdoutLine: {'line': b'-- Up-to-date: /home/mcfb/ros2_ws/install/px4_msgs/include/px4_msgs/px4_msgs/msg/detail/failsafe_flags__functions.c\n'}
[1.668426] (px4_msgs) StdoutLine: {'line': b'-- Installing: /home/mcfb/ros2_ws/install/px4_msgs/include/px4_msgs/px4_msgs/msg/detail/rtl_status__type_support.c\n'}
[1.668458] (px4_msgs) StdoutLine: {'line': b'-- Installing: /home/mcfb/ros2_ws/install/px4_msgs/include/px4_msgs/px4_msgs/msg/detail/differential_pressure__type_support.c\n'}
[1.668491] (px4_msgs) StdoutLine: {'line': b'-- Up-to-date: /home/mcfb/ros2_ws/install/px4_msgs/include/px4_msgs/px4_msgs/msg/detail/vehicle_global_position__description.c\n'}
[1.668523] (px4_msgs) StdoutLine: {'line': b'-- Up-to-date: /home/mcfb/ros2_ws/install/px4_msgs/include/px4_msgs/px4_msgs/msg/detail/sensor_baro__type_support.h\n'}
[1.668555] (px4_msgs) StdoutLine: {'line': b'-- Up-to-date: /home/mcfb/ros2_ws/install/px4_msgs/include/px4_msgs/px4_msgs/msg/detail/rover_throttle_setpoint__functions.c\n'}
[1.668587] (px4_msgs) StdoutLine: {'line': b'-- Up-to-date: /home/mcfb/ros2_ws/install/px4_msgs/include/px4_msgs/px4_msgs/msg/detail/gimbal_manager_set_attitude__functions.h\n'}
[1.668620] (px4_msgs) StdoutLine: {'line': b'-- Up-to-date: /home/mcfb/ros2_ws/install/px4_msgs/include/px4_msgs/px4_msgs/msg/detail/landing_gear__functions.h\n'}
[1.668652] (px4_msgs) StdoutLine: {'line': b'-- Up-to-date: /home/mcfb/ros2_ws/install/px4_msgs/include/px4_msgs/px4_msgs/msg/detail/rover_throttle_setpoint__struct.h\n'}
[1.668691] (px4_msgs) StdoutLine: {'line': b'-- Up-to-date: /home/mcfb/ros2_ws/install/px4_msgs/include/px4_msgs/px4_msgs/msg/detail/ekf2_timestamps__functions.c\n'}
[1.668725] (px4_msgs) StdoutLine: {'line': b'-- Installing: /home/mcfb/ros2_ws/install/px4_msgs/include/px4_msgs/px4_msgs/msg/detail/sensor_baro__type_support.c\n'}
[1.668757] (px4_msgs) StdoutLine: {'line': b'-- Up-to-date: /home/mcfb/ros2_ws/install/px4_msgs/include/px4_msgs/px4_msgs/msg/detail/orbit_status__type_support.h\n'}
[1.668789] (px4_msgs) StdoutLine: {'line': b'-- Up-to-date: /home/mcfb/ros2_ws/install/px4_msgs/include/px4_msgs/px4_msgs/msg/actuator_outputs.h\n'}
[1.668822] (px4_msgs) StdoutLine: {'line': b'-- Up-to-date: /home/mcfb/ros2_ws/install/px4_msgs/include/px4_msgs/px4_msgs/msg/sensor_airflow.h\n'}
[1.668855] (px4_msgs) StdoutLine: {'line': b'-- Up-to-date: /home/mcfb/ros2_ws/install/px4_msgs/include/px4_msgs/px4_msgs/msg/ekf2_timestamps.h\n'}
[1.668888] (px4_msgs) StdoutLine: {'line': b'-- Up-to-date: /home/mcfb/ros2_ws/install/px4_msgs/include/px4_msgs/px4_msgs/msg/parameter_update.h\n'}
[1.668920] (px4_msgs) StdoutLine: {'line': b'-- Up-to-date: /home/mcfb/ros2_ws/install/px4_msgs/include/px4_msgs/px4_msgs/msg/neural_control.h\n'}
[1.668954] (px4_msgs) StdoutLine: {'line': b'-- Up-to-date: /home/mcfb/ros2_ws/install/px4_msgs/include/px4_msgs/px4_msgs/msg/ulog_stream.h\n'}
[1.668989] (px4_msgs) StdoutLine: {'line': b'-- Up-to-date: /home/mcfb/ros2_ws/install/px4_msgs/include/px4_msgs/px4_msgs/msg/airspeed.h\n'}
[1.669021] (px4_msgs) StdoutLine: {'line': b'-- Up-to-date: /home/mcfb/ros2_ws/install/px4_msgs/include/px4_msgs/px4_msgs/msg/landing_target_pose.h\n'}
[1.669056] (px4_msgs) StdoutLine: {'line': b'-- Up-to-date: /home/mcfb/ros2_ws/install/px4_msgs/include/px4_msgs/px4_msgs/msg/health_report.h\n'}
[1.669089] (px4_msgs) StdoutLine: {'line': b'-- Up-to-date: /home/mcfb/ros2_ws/install/px4_msgs/include/px4_msgs/px4_msgs/msg/trajectory_setpoint6dof.h\n'}
[1.669121] (px4_msgs) StdoutLine: {'line': b'-- Up-to-date: /home/mcfb/ros2_ws/install/px4_msgs/include/px4_msgs/px4_msgs/msg/airspeed_validated.h\n'}
[1.669153] (px4_msgs) StdoutLine: {'line': b'-- Up-to-date: /home/mcfb/ros2_ws/install/px4_msgs/include/px4_msgs/px4_msgs/msg/actuator_servos.h\n'}
[1.669186] (px4_msgs) StdoutLine: {'line': b'-- Up-to-date: /home/mcfb/ros2_ws/install/px4_msgs/include/px4_msgs/px4_msgs/msg/rover_rate_setpoint.h\n'}
[1.669218] (px4_msgs) StdoutLine: {'line': b'-- Up-to-date: /home/mcfb/ros2_ws/install/px4_msgs/include/px4_msgs/px4_msgs/msg/flight_phase_estimation.h\n'}
[1.669251] (px4_msgs) StdoutLine: {'line': b'-- Up-to-date: /home/mcfb/ros2_ws/install/px4_msgs/include/px4_msgs/px4_msgs/msg/register_ext_component_request.h\n'}
[1.669283] (px4_msgs) StdoutLine: {'line': b'-- Up-to-date: /home/mcfb/ros2_ws/install/px4_msgs/include/px4_msgs/px4_msgs/msg/home_position.h\n'}
[1.669315] (px4_msgs) StdoutLine: {'line': b'-- Up-to-date: /home/mcfb/ros2_ws/install/px4_msgs/include/px4_msgs/px4_msgs/msg/esc_status.h\n'}
[1.669352] (px4_msgs) StdoutLine: {'line': b'-- Up-to-date: /home/mcfb/ros2_ws/install/px4_msgs/include/px4_msgs/px4_msgs/msg/wheel_encoders.h\n'}
[1.669386] (px4_msgs) StdoutLine: {'line': b'-- Up-to-date: /home/mcfb/ros2_ws/install/px4_msgs/include/px4_msgs/px4_msgs/msg/yaw_estimator_status.h\n'}
[1.669419] (px4_msgs) StdoutLine: {'line': b'-- Up-to-date: /home/mcfb/ros2_ws/install/px4_msgs/include/px4_msgs/px4_msgs/msg/qshell_retval.h\n'}
[1.669453] (px4_msgs) StdoutLine: {'line': b'-- Up-to-date: /home/mcfb/ros2_ws/install/px4_msgs/include/px4_msgs/px4_msgs/msg/airspeed_wind.h\n'}
[1.669485] (px4_msgs) StdoutLine: {'line': b'-- Up-to-date: /home/mcfb/ros2_ws/install/px4_msgs/include/px4_msgs/px4_msgs/msg/sensor_optical_flow.h\n'}
[1.669518] (px4_msgs) StdoutLine: {'line': b'-- Up-to-date: /home/mcfb/ros2_ws/install/px4_msgs/include/px4_msgs/px4_msgs/msg/gimbal_controls.h\n'}
[1.669553] (px4_msgs) StdoutLine: {'line': b'-- Up-to-date: /home/mcfb/ros2_ws/install/px4_msgs/include/px4_msgs/px4_msgs/msg/distance_sensor_mode_change_request.h\n'}
[1.669589] (px4_msgs) StdoutLine: {'line': b'-- Up-to-date: /home/mcfb/ros2_ws/install/px4_msgs/include/px4_msgs/px4_msgs/msg/input_rc.h\n'}
[1.669635] (px4_msgs) StdoutLine: {'line': b'-- Up-to-date: /home/mcfb/ros2_ws/install/px4_msgs/include/px4_msgs/px4_msgs/msg/message_format_request.h\n'}
[1.669671] (px4_msgs) StdoutLine: {'line': b'-- Up-to-date: /home/mcfb/ros2_ws/install/px4_msgs/include/px4_msgs/px4_msgs/msg/actuator_motors.h\n'}
[1.669715] (px4_msgs) StdoutLine: {'line': b'-- Up-to-date: /home/mcfb/ros2_ws/install/px4_msgs/include/px4_msgs/px4_msgs/msg/estimator_aid_source2d.h\n'}
[1.669749] (px4_msgs) StdoutLine: {'line': b'-- Up-to-date: /home/mcfb/ros2_ws/install/px4_msgs/include/px4_msgs/px4_msgs/msg/uavcan_parameter_value.h\n'}
[1.669783] (px4_msgs) StdoutLine: {'line': b'-- Up-to-date: /home/mcfb/ros2_ws/install/px4_msgs/include/px4_msgs/px4_msgs/msg/cpuload.h\n'}
[1.669819] (px4_msgs) StdoutLine: {'line': b'-- Up-to-date: /home/mcfb/ros2_ws/install/px4_msgs/include/px4_msgs/px4_msgs/msg/vehicle_local_position.h\n'}
[1.669857] (px4_msgs) StdoutLine: {'line': b'-- Up-to-date: /home/mcfb/ros2_ws/install/px4_msgs/include/px4_msgs/px4_msgs/msg/control_allocator_status.h\n'}
[1.669903] (px4_msgs) StdoutLine: {'line': b'-- Up-to-date: /home/mcfb/ros2_ws/install/px4_msgs/include/px4_msgs/px4_msgs/msg/ulog_stream_ack.h\n'}
[1.669940] (px4_msgs) StdoutLine: {'line': b'-- Up-to-date: /home/mcfb/ros2_ws/install/px4_msgs/include/px4_msgs/px4_msgs/msg/rtl_status.h\n'}
[1.669977] (px4_msgs) StdoutLine: {'line': b'-- Up-to-date: /home/mcfb/ros2_ws/install/px4_msgs/include/px4_msgs/px4_msgs/msg/uavcan_parameter_request.h\n'}
[1.670011] (px4_msgs) StdoutLine: {'line': b'-- Up-to-date: /home/mcfb/ros2_ws/install/px4_msgs/include/px4_msgs/px4_msgs/msg/obstacle_distance.h\n'}
[1.670043] (px4_msgs) StdoutLine: {'line': b'-- Up-to-date: /home/mcfb/ros2_ws/install/px4_msgs/include/px4_msgs/px4_msgs/msg/actuator_armed.h\n'}
[1.670077] (px4_msgs) StdoutLine: {'line': b'-- Up-to-date: /home/mcfb/ros2_ws/install/px4_msgs/include/px4_msgs/px4_msgs/msg/estimator_selector_status.h\n'}
[1.670110] (px4_msgs) StdoutLine: {'line': b'-- Up-to-date: /home/mcfb/ros2_ws/install/px4_msgs/include/px4_msgs/px4_msgs/msg/internal_combustion_engine_status.h\n'}
[1.670143] (px4_msgs) StdoutLine: {'line': b'-- Up-to-date: /home/mcfb/ros2_ws/install/px4_msgs/include/px4_msgs/px4_msgs/msg/magnetometer_bias_estimate.h\n'}
[1.670176] (px4_msgs) StdoutLine: {'line': b'-- Up-to-date: /home/mcfb/ros2_ws/install/px4_msgs/include/px4_msgs/px4_msgs/msg/px4io_status.h\n'}
[1.670209] (px4_msgs) StdoutLine: {'line': b'-- Up-to-date: /home/mcfb/ros2_ws/install/px4_msgs/include/px4_msgs/px4_msgs/msg/iridiumsbd_status.h\n'}
[1.670241] (px4_msgs) StdoutLine: {'line': b'-- Up-to-date: /home/mcfb/ros2_ws/install/px4_msgs/include/px4_msgs/px4_msgs/msg/geofence_status.h\n'}
[1.670272] (px4_msgs) StdoutLine: {'line': b'-- Up-to-date: /home/mcfb/ros2_ws/install/px4_msgs/include/px4_msgs/px4_msgs/msg/vtol_vehicle_status.h\n'}
[1.670305] (px4_msgs) StdoutLine: {'line': b'-- Up-to-date: /home/mcfb/ros2_ws/install/px4_msgs/include/px4_msgs/px4_msgs/msg/generator_status.h\n'}
[1.670339] (px4_msgs) StdoutLine: {'line': b'-- Up-to-date: /home/mcfb/ros2_ws/install/px4_msgs/include/px4_msgs/px4_msgs/msg/cellular_status.h\n'}
[1.670373] (px4_msgs) StdoutLine: {'line': b'-- Up-to-date: /home/mcfb/ros2_ws/install/px4_msgs/include/px4_msgs/px4_msgs/msg/manual_control_setpoint.h\n'}
[1.670406] (px4_msgs) StdoutLine: {'line': b'-- Up-to-date: /home/mcfb/ros2_ws/install/px4_msgs/include/px4_msgs/px4_msgs/msg/fixed_wing_longitudinal_setpoint.h\n'}
[1.670440] (px4_msgs) StdoutLine: {'line': b'-- Up-to-date: /home/mcfb/ros2_ws/install/px4_msgs/include/px4_msgs/px4_msgs/msg/vehicle_imu_status.h\n'}
[1.670475] (px4_msgs) StdoutLine: {'line': b'-- Up-to-date: /home/mcfb/ros2_ws/install/px4_msgs/include/px4_msgs/px4_msgs/msg/takeoff_status.h\n'}
[1.670508] (px4_msgs) StdoutLine: {'line': b'-- Up-to-date: /home/mcfb/ros2_ws/install/px4_msgs/include/px4_msgs/px4_msgs/msg/debug_vect.h\n'}
[1.670541] (px4_msgs) StdoutLine: {'line': b'-- Up-to-date: /home/mcfb/ros2_ws/install/px4_msgs/include/px4_msgs/px4_msgs/msg/vehicle_constraints.h\n'}
[1.670574] (px4_msgs) StdoutLine: {'line': b'-- Up-to-date: /home/mcfb/ros2_ws/install/px4_msgs/include/px4_msgs/px4_msgs/msg/camera_status.h\n'}
[1.670606] (px4_msgs) StdoutLine: {'line': b'-- Up-to-date: /home/mcfb/ros2_ws/install/px4_msgs/include/px4_msgs/px4_msgs/msg/actuator_controls_status.h\n'}
[1.670638] (px4_msgs) StdoutLine: {'line': b'-- Up-to-date: /home/mcfb/ros2_ws/install/px4_msgs/include/px4_msgs/px4_msgs/msg/failure_detector_status.h\n'}
[1.670671] (px4_msgs) StdoutLine: {'line': b'-- Up-to-date: /home/mcfb/ros2_ws/install/px4_msgs/include/px4_msgs/px4_msgs/msg/battery_info.h\n'}
[1.670719] (px4_msgs) StdoutLine: {'line': b'-- Up-to-date: /home/mcfb/ros2_ws/install/px4_msgs/include/px4_msgs/px4_msgs/msg/position_controller_landing_status.h\n'}
[1.670757] (px4_msgs) StdoutLine: {'line': b'-- Up-to-date: /home/mcfb/ros2_ws/install/px4_msgs/include/px4_msgs/px4_msgs/msg/fixed_wing_lateral_status.h\n'}
[1.670791] (px4_msgs) StdoutLine: {'line': b'-- Up-to-date: /home/mcfb/ros2_ws/install/px4_msgs/include/px4_msgs/px4_msgs/msg/orb_test.h\n'}
[1.670823] (px4_msgs) StdoutLine: {'line': b'-- Up-to-date: /home/mcfb/ros2_ws/install/px4_msgs/include/px4_msgs/px4_msgs/msg/esc_report.h\n'}
[1.670855] (px4_msgs) StdoutLine: {'line': b'-- Up-to-date: /home/mcfb/ros2_ws/install/px4_msgs/include/px4_msgs/px4_msgs/msg/tiltrotor_extra_controls.h\n'}
[1.670890] (px4_msgs) StdoutLine: {'line': b'-- Up-to-date: /home/mcfb/ros2_ws/install/px4_msgs/include/px4_msgs/px4_msgs/msg/vehicle_command.h\n'}
[1.670924] (px4_msgs) StdoutLine: {'line': b'-- Up-to-date: /home/mcfb/ros2_ws/install/px4_msgs/include/px4_msgs/px4_msgs/msg/sensor_gyro_fft.h\n'}
[1.670956] (px4_msgs) StdoutLine: {'line': b'-- Up-to-date: /home/mcfb/ros2_ws/install/px4_msgs/include/px4_msgs/px4_msgs/msg/mission_result.h\n'}
[1.670987] (px4_msgs) StdoutLine: {'line': b'-- Up-to-date: /home/mcfb/ros2_ws/install/px4_msgs/include/px4_msgs/px4_msgs/msg/onboard_computer_status.h\n'}
[1.671021] (px4_msgs) StdoutLine: {'line': b'-- Up-to-date: /home/mcfb/ros2_ws/install/px4_msgs/include/px4_msgs/px4_msgs/msg/vehicle_magnetometer.h\n'}
[1.671053] (px4_msgs) StdoutLine: {'line': b'-- Up-to-date: /home/mcfb/ros2_ws/install/px4_msgs/include/px4_msgs/px4_msgs/msg/vehicle_imu.h\n'}
[1.671086] (px4_msgs) StdoutLine: {'line': b'-- Up-to-date: /home/mcfb/ros2_ws/install/px4_msgs/include/px4_msgs/px4_msgs/msg/message_format_response.h\n'}
[1.671119] (px4_msgs) StdoutLine: {'line': b'-- Up-to-date: /home/mcfb/ros2_ws/install/px4_msgs/include/px4_msgs/px4_msgs/msg/figure_eight_status.h\n'}
[1.671152] (px4_msgs) StdoutLine: {'line': b'-- Up-to-date: /home/mcfb/ros2_ws/install/px4_msgs/include/px4_msgs/px4_msgs/msg/vehicle_attitude.h\n'}
[1.671185] (px4_msgs) StdoutLine: {'line': b'-- Up-to-date: /home/mcfb/ros2_ws/install/px4_msgs/include/px4_msgs/px4_msgs/msg/parameter_set_value_request.h\n'}
[1.671218] (px4_msgs) StdoutLine: {'line': b'-- Up-to-date: /home/mcfb/ros2_ws/install/px4_msgs/include/px4_msgs/px4_msgs/msg/rate_ctrl_status.h\n'}
[1.671250] (px4_msgs) StdoutLine: {'line': b'-- Up-to-date: /home/mcfb/ros2_ws/install/px4_msgs/include/px4_msgs/px4_msgs/msg/open_drone_id_operator_id.h\n'}
[1.671282] (px4_msgs) StdoutLine: {'line': b'-- Up-to-date: /home/mcfb/ros2_ws/install/px4_msgs/include/px4_msgs/px4_msgs/msg/timesync_status.h\n'}
[1.671314] (px4_msgs) StdoutLine: {'line': b'-- Up-to-date: /home/mcfb/ros2_ws/install/px4_msgs/include/px4_msgs/px4_msgs/msg/led_control.h\n'}
[1.671346] (px4_msgs) StdoutLine: {'line': b'-- Up-to-date: /home/mcfb/ros2_ws/install/px4_msgs/include/px4_msgs/px4_msgs/msg/sensor_gps.h\n'}
[1.671379] (px4_msgs) StdoutLine: {'line': b'-- Up-to-date: /home/mcfb/ros2_ws/install/px4_msgs/include/px4_msgs/px4_msgs/msg/vehicle_optical_flow_vel.h\n'}
[1.671411] (px4_msgs) StdoutLine: {'line': b'-- Up-to-date: /home/mcfb/ros2_ws/install/px4_msgs/include/px4_msgs/px4_msgs/msg/estimator_event_flags.h\n'}
[1.671444] (px4_msgs) StdoutLine: {'line': b'-- Up-to-date: /home/mcfb/ros2_ws/install/px4_msgs/include/px4_msgs/px4_msgs/msg/sensor_mag.h\n'}
[1.671475] (px4_msgs) StdoutLine: {'line': b'-- Up-to-date: /home/mcfb/ros2_ws/install/px4_msgs/include/px4_msgs/px4_msgs/msg/debug_key_value.h\n'}
[1.671508] (px4_msgs) StdoutLine: {'line': b'-- Up-to-date: /home/mcfb/ros2_ws/install/px4_msgs/include/px4_msgs/px4_msgs/msg/heater_status.h\n'}
[1.671541] (px4_msgs) StdoutLine: {'line': b'-- Up-to-date: /home/mcfb/ros2_ws/install/px4_msgs/include/px4_msgs/px4_msgs/msg/power_monitor.h\n'}
[1.671576] (px4_msgs) StdoutLine: {'line': b'-- Up-to-date: /home/mcfb/ros2_ws/install/px4_msgs/include/px4_msgs/px4_msgs/msg/vehicle_roi.h\n'}
[1.671608] (px4_msgs) StdoutLine: {'line': b'-- Up-to-date: /home/mcfb/ros2_ws/install/px4_msgs/include/px4_msgs/px4_msgs/msg/differential_pressure.h\n'}
[1.671640] (px4_msgs) StdoutLine: {'line': b'-- Up-to-date: /home/mcfb/ros2_ws/install/px4_msgs/include/px4_msgs/px4_msgs/msg/vehicle_rates_setpoint.h\n'}
[1.671676] (px4_msgs) StdoutLine: {'line': b'-- Up-to-date: /home/mcfb/ros2_ws/install/px4_msgs/include/px4_msgs/px4_msgs/msg/position_setpoint_triplet.h\n'}
[1.671713] (px4_msgs) StdoutLine: {'line': b'-- Up-to-date: /home/mcfb/ros2_ws/install/px4_msgs/include/px4_msgs/px4_msgs/msg/gpio_config.h\n'}
[1.671747] (px4_msgs) StdoutLine: {'line': b'-- Up-to-date: /home/mcfb/ros2_ws/install/px4_msgs/include/px4_msgs/px4_msgs/msg/wind.h\n'}
[1.671781] (px4_msgs) StdoutLine: {'line': b'-- Up-to-date: /home/mcfb/ros2_ws/install/px4_msgs/include/px4_msgs/px4_msgs/msg/parameter_reset_request.h\n'}
[1.671814] (px4_msgs) StdoutLine: {'line': b'-- Up-to-date: /home/mcfb/ros2_ws/install/px4_msgs/include/px4_msgs/px4_msgs/msg/dronecan_node_status.h\n'}
[1.671846] (px4_msgs) StdoutLine: {'line': b'-- Up-to-date: /home/mcfb/ros2_ws/install/px4_msgs/include/px4_msgs/px4_msgs/msg/fixed_wing_runway_control.h\n'}
[1.671878] (px4_msgs) StdoutLine: {'line': b'-- Up-to-date: /home/mcfb/ros2_ws/install/px4_msgs/include/px4_msgs/px4_msgs/msg/transponder_report.h\n'}
[1.671909] (px4_msgs) StdoutLine: {'line': b'-- Up-to-date: /home/mcfb/ros2_ws/install/px4_msgs/include/px4_msgs/px4_msgs/msg/sensor_preflight_mag.h\n'}
[1.671941] (px4_msgs) StdoutLine: {'line': b'-- Up-to-date: /home/mcfb/ros2_ws/install/px4_msgs/include/px4_msgs/px4_msgs/msg/gps_dump.h\n'}
[1.671974] (px4_msgs) StdoutLine: {'line': b'-- Up-to-date: /home/mcfb/ros2_ws/install/px4_msgs/include/px4_msgs/px4_msgs/msg/fixed_wing_lateral_guidance_status.h\n'}
[1.672006] (px4_msgs) StdoutLine: {'line': b'-- Up-to-date: /home/mcfb/ros2_ws/install/px4_msgs/include/px4_msgs/px4_msgs/msg/rover_steering_setpoint.h\n'}
[1.672037] (px4_msgs) StdoutLine: {'line': b'-- Up-to-date: /home/mcfb/ros2_ws/install/px4_msgs/include/px4_msgs/px4_msgs/msg/system_power.h\n'}
[1.672078] (px4_msgs) StdoutLine: {'line': b'-- Up-to-date: /home/mcfb/ros2_ws/install/px4_msgs/include/px4_msgs/px4_msgs/msg/gimbal_manager_set_manual_control.h\n'}
[1.672110] (px4_msgs) StdoutLine: {'line': b'-- Up-to-date: /home/mcfb/ros2_ws/install/px4_msgs/include/px4_msgs/px4_msgs/msg/camera_trigger.h\n'}
[1.672142] (px4_msgs) StdoutLine: {'line': b'-- Up-to-date: /home/mcfb/ros2_ws/install/px4_msgs/include/px4_msgs/px4_msgs/msg/mount_orientation.h\n'}
[1.672174] (px4_msgs) StdoutLine: {'line': b'-- Up-to-date: /home/mcfb/ros2_ws/install/px4_msgs/include/px4_msgs/px4_msgs/msg/event.h\n'}
[1.672207] (px4_msgs) StdoutLine: {'line': b'-- Up-to-date: /home/mcfb/ros2_ws/install/px4_msgs/include/px4_msgs/px4_msgs/msg/pure_pursuit_status.h\n'}
[1.672239] (px4_msgs) StdoutLine: {'line': b'-- Up-to-date: /home/mcfb/ros2_ws/install/px4_msgs/include/px4_msgs/px4_msgs/msg/adc_report.h\n'}
[1.672271] (px4_msgs) StdoutLine: {'line': b'-- Up-to-date: /home/mcfb/ros2_ws/install/px4_msgs/include/px4_msgs/px4_msgs/msg/gimbal_device_attitude_status.h\n'}
[1.672303] (px4_msgs) StdoutLine: {'line': b'-- Up-to-date: /home/mcfb/ros2_ws/install/px4_msgs/include/px4_msgs/px4_msgs/msg/logger_status.h\n'}
[1.672335] (px4_msgs) StdoutLine: {'line': b'-- Up-to-date: /home/mcfb/ros2_ws/install/px4_msgs/include/px4_msgs/px4_msgs/msg/rover_attitude_setpoint.h\n'}
[1.672369] (px4_msgs) StdoutLine: {'line': b'-- Up-to-date: /home/mcfb/ros2_ws/install/px4_msgs/include/px4_msgs/px4_msgs/msg/position_setpoint.h\n'}
[1.672401] (px4_msgs) StdoutLine: {'line': b'-- Up-to-date: /home/mcfb/ros2_ws/install/px4_msgs/include/px4_msgs/px4_msgs/msg/rover_position_setpoint.h\n'}
[1.672433] (px4_msgs) StdoutLine: {'line': b'-- Up-to-date: /home/mcfb/ros2_ws/install/px4_msgs/include/px4_msgs/px4_msgs/msg/config_overrides.h\n'}
[1.672467] (px4_msgs) StdoutLine: {'line': b'-- Up-to-date: /home/mcfb/ros2_ws/install/px4_msgs/include/px4_msgs/px4_msgs/msg/mavlink_log.h\n'}
[1.672499] (px4_msgs) StdoutLine: {'line': b'-- Up-to-date: /home/mcfb/ros2_ws/install/px4_msgs/include/px4_msgs/px4_msgs/msg/rover_rate_status.h\n'}
[1.672531] (px4_msgs) StdoutLine: {'line': b'-- Up-to-date: /home/mcfb/ros2_ws/install/px4_msgs/include/px4_msgs/px4_msgs/msg/irlock_report.h\n'}
[1.672563] (px4_msgs) StdoutLine: {'line': b'-- Up-to-date: /home/mcfb/ros2_ws/install/px4_msgs/share/px4_msgs/environment/library_path.sh\n'}
[1.672595] (px4_msgs) StdoutLine: {'line': b'-- Up-to-date: /home/mcfb/ros2_ws/install/px4_msgs/share/px4_msgs/environment/library_path.dsv\n'}
[1.672628] (px4_msgs) StdoutLine: {'line': b'-- Up-to-date: /home/mcfb/ros2_ws/install/px4_msgs/lib/libpx4_msgs__rosidl_generator_c.so\n'}
[1.672663] (px4_msgs) StdoutLine: {'line': b'-- Up-to-date: /home/mcfb/ros2_ws/install/px4_msgs/include/px4_msgs/px4_msgs\n'}
[1.672701] (px4_msgs) StdoutLine: {'line': b'-- Up-to-date: /home/mcfb/ros2_ws/install/px4_msgs/include/px4_msgs/px4_msgs/srv\n'}
[1.672735] (px4_msgs) StdoutLine: {'line': b'-- Up-to-date: /home/mcfb/ros2_ws/install/px4_msgs/include/px4_msgs/px4_msgs/srv/detail\n'}
[1.672768] (px4_msgs) StdoutLine: {'line': b'-- Up-to-date: /home/mcfb/ros2_ws/install/px4_msgs/include/px4_msgs/px4_msgs/srv/detail/vehicle_command__rosidl_typesupport_fastrtps_c.h\n'}
[1.672802] (px4_msgs) StdoutLine: {'line': b'-- Up-to-date: /home/mcfb/ros2_ws/install/px4_msgs/include/px4_msgs/px4_msgs/msg\n'}
[1.672837] (px4_msgs) StdoutLine: {'line': b'-- Up-to-date: /home/mcfb/ros2_ws/install/px4_msgs/include/px4_msgs/px4_msgs/msg/detail\n'}
[1.672870] (px4_msgs) StdoutLine: {'line': b'-- Up-to-date: /home/mcfb/ros2_ws/install/px4_msgs/include/px4_msgs/px4_msgs/msg/detail/sensor_gnss_status__rosidl_typesupport_fastrtps_c.h\n'}
[1.672903] (px4_msgs) StdoutLine: {'line': b'-- Up-to-date: /home/mcfb/ros2_ws/install/px4_msgs/include/px4_msgs/px4_msgs/msg/detail/sensor_accel__rosidl_typesupport_fastrtps_c.h\n'}
[1.672936] (px4_msgs) StdoutLine: {'line': b'-- Up-to-date: /home/mcfb/ros2_ws/install/px4_msgs/include/px4_msgs/px4_msgs/msg/detail/camera_trigger__rosidl_typesupport_fastrtps_c.h\n'}
[1.672969] (px4_msgs) StdoutLine: {'line': b'-- Up-to-date: /home/mcfb/ros2_ws/install/px4_msgs/include/px4_msgs/px4_msgs/msg/detail/rtl_time_estimate__rosidl_typesupport_fastrtps_c.h\n'}
[1.673002] (px4_msgs) StdoutLine: {'line': b'-- Up-to-date: /home/mcfb/ros2_ws/install/px4_msgs/include/px4_msgs/px4_msgs/msg/detail/tiltrotor_extra_controls__rosidl_typesupport_fastrtps_c.h\n'}
[1.673034] (px4_msgs) StdoutLine: {'line': b'-- Up-to-date: /home/mcfb/ros2_ws/install/px4_msgs/include/px4_msgs/px4_msgs/msg/detail/fixed_wing_lateral_setpoint__rosidl_typesupport_fastrtps_c.h\n'}
[1.673067] (px4_msgs) StdoutLine: {'line': b'-- Up-to-date: /home/mcfb/ros2_ws/install/px4_msgs/include/px4_msgs/px4_msgs/msg/detail/irlock_report__rosidl_typesupport_fastrtps_c.h\n'}
[1.673099] (px4_msgs) StdoutLine: {'line': b'-- Up-to-date: /home/mcfb/ros2_ws/install/px4_msgs/include/px4_msgs/px4_msgs/msg/detail/led_control__rosidl_typesupport_fastrtps_c.h\n'}
[1.673131] (px4_msgs) StdoutLine: {'line': b'-- Up-to-date: /home/mcfb/ros2_ws/install/px4_msgs/include/px4_msgs/px4_msgs/msg/detail/battery_info__rosidl_typesupport_fastrtps_c.h\n'}
[1.673163] (px4_msgs) StdoutLine: {'line': b'-- Up-to-date: /home/mcfb/ros2_ws/install/px4_msgs/include/px4_msgs/px4_msgs/msg/detail/vehicle_odometry__rosidl_typesupport_fastrtps_c.h\n'}
[1.673196] (px4_msgs) StdoutLine: {'line': b'-- Up-to-date: /home/mcfb/ros2_ws/install/px4_msgs/include/px4_msgs/px4_msgs/msg/detail/navigator_mission_item__rosidl_typesupport_fastrtps_c.h\n'}
[1.673230] (px4_msgs) StdoutLine: {'line': b'-- Up-to-date: /home/mcfb/ros2_ws/install/px4_msgs/include/px4_msgs/px4_msgs/msg/detail/generator_status__rosidl_typesupport_fastrtps_c.h\n'}
[1.673262] (px4_msgs) StdoutLine: {'line': b'-- Up-to-date: /home/mcfb/ros2_ws/install/px4_msgs/include/px4_msgs/px4_msgs/msg/detail/vehicle_local_position__rosidl_typesupport_fastrtps_c.h\n'}
[1.673298] (px4_msgs) StdoutLine: {'line': b'-- Up-to-date: /home/mcfb/ros2_ws/install/px4_msgs/include/px4_msgs/px4_msgs/msg/detail/onboard_computer_status__rosidl_typesupport_fastrtps_c.h\n'}
[1.673330] (px4_msgs) StdoutLine: {'line': b'-- Up-to-date: /home/mcfb/ros2_ws/install/px4_msgs/include/px4_msgs/px4_msgs/msg/detail/sensor_gps__rosidl_typesupport_fastrtps_c.h\n'}
[1.673362] (px4_msgs) StdoutLine: {'line': b'-- Up-to-date: /home/mcfb/ros2_ws/install/px4_msgs/include/px4_msgs/px4_msgs/msg/detail/config_overrides__rosidl_typesupport_fastrtps_c.h\n'}
[1.673394] (px4_msgs) StdoutLine: {'line': b'-- Up-to-date: /home/mcfb/ros2_ws/install/px4_msgs/include/px4_msgs/px4_msgs/msg/detail/actuator_servos__rosidl_typesupport_fastrtps_c.h\n'}
[1.673428] (px4_msgs) StdoutLine: {'line': b'-- Up-to-date: /home/mcfb/ros2_ws/install/px4_msgs/include/px4_msgs/px4_msgs/msg/detail/fixed_wing_lateral_status__rosidl_typesupport_fastrtps_c.h\n'}
[1.673461] (px4_msgs) StdoutLine: {'line': b'-- Up-to-date: /home/mcfb/ros2_ws/install/px4_msgs/include/px4_msgs/px4_msgs/msg/detail/wind__rosidl_typesupport_fastrtps_c.h\n'}
[1.673494] (px4_msgs) StdoutLine: {'line': b'-- Up-to-date: /home/mcfb/ros2_ws/install/px4_msgs/include/px4_msgs/px4_msgs/msg/detail/vehicle_command_ack__rosidl_typesupport_fastrtps_c.h\n'}
[1.673527] (px4_msgs) StdoutLine: {'line': b'-- Up-to-date: /home/mcfb/ros2_ws/install/px4_msgs/include/px4_msgs/px4_msgs/msg/detail/orb_test_medium__rosidl_typesupport_fastrtps_c.h\n'}
[1.673559] (px4_msgs) StdoutLine: {'line': b'-- Up-to-date: /home/mcfb/ros2_ws/install/px4_msgs/include/px4_msgs/px4_msgs/msg/detail/heater_status__rosidl_typesupport_fastrtps_c.h\n'}
[1.673594] (px4_msgs) StdoutLine: {'line': b'-- Up-to-date: /home/mcfb/ros2_ws/install/px4_msgs/include/px4_msgs/px4_msgs/msg/detail/mavlink_log__rosidl_typesupport_fastrtps_c.h\n'}
[1.673649] (px4_msgs) StdoutLine: {'line': b'-- Up-to-date: /home/mcfb/ros2_ws/install/px4_msgs/include/px4_msgs/px4_msgs/msg/detail/estimator_sensor_bias__rosidl_typesupport_fastrtps_c.h\n'}
[1.673691] (px4_msgs) StdoutLine: {'line': b'-- Up-to-date: /home/mcfb/ros2_ws/install/px4_msgs/include/px4_msgs/px4_msgs/msg/detail/airspeed__rosidl_typesupport_fastrtps_c.h\n'}
[1.673727] (px4_msgs) StdoutLine: {'line': b'-- Up-to-date: /home/mcfb/ros2_ws/install/px4_msgs/include/px4_msgs/px4_msgs/msg/detail/differential_pressure__rosidl_typesupport_fastrtps_c.h\n'}
[1.673760] (px4_msgs) StdoutLine: {'line': b'-- Up-to-date: /home/mcfb/ros2_ws/install/px4_msgs/include/px4_msgs/px4_msgs/msg/detail/tecs_status__rosidl_typesupport_fastrtps_c.h\n'}
[1.673796] (px4_msgs) StdoutLine: {'line': b'-- Up-to-date: /home/mcfb/ros2_ws/install/px4_msgs/include/px4_msgs/px4_msgs/msg/detail/failsafe_flags__rosidl_typesupport_fastrtps_c.h\n'}
[1.673830] (px4_msgs) StdoutLine: {'line': b'-- Up-to-date: /home/mcfb/ros2_ws/install/px4_msgs/include/px4_msgs/px4_msgs/msg/detail/airspeed_validated__rosidl_typesupport_fastrtps_c.h\n'}
[1.673863] (px4_msgs) StdoutLine: {'line': b'-- Up-to-date: /home/mcfb/ros2_ws/install/px4_msgs/include/px4_msgs/px4_msgs/msg/detail/landing_gear__rosidl_typesupport_fastrtps_c.h\n'}
[1.673909] (px4_msgs) StdoutLine: {'line': b'-- Up-to-date: /home/mcfb/ros2_ws/install/px4_msgs/include/px4_msgs/px4_msgs/msg/detail/estimator_aid_source1d__rosidl_typesupport_fastrtps_c.h\n'}
[1.673944] (px4_msgs) StdoutLine: {'line': b'-- Up-to-date: /home/mcfb/ros2_ws/install/px4_msgs/include/px4_msgs/px4_msgs/msg/detail/geofence_result__rosidl_typesupport_fastrtps_c.h\n'}
[1.673983] (px4_msgs) StdoutLine: {'line': b'-- Up-to-date: /home/mcfb/ros2_ws/install/px4_msgs/include/px4_msgs/px4_msgs/msg/detail/uavcan_parameter_value__rosidl_typesupport_fastrtps_c.h\n'}
[1.674031] (px4_msgs) StdoutLine: {'line': b'-- Up-to-date: /home/mcfb/ros2_ws/install/px4_msgs/include/px4_msgs/px4_msgs/msg/detail/parameter_set_used_request__rosidl_typesupport_fastrtps_c.h\n'}
[1.674070] (px4_msgs) StdoutLine: {'line': b'-- Up-to-date: /home/mcfb/ros2_ws/install/px4_msgs/include/px4_msgs/px4_msgs/msg/detail/mag_worker_data__rosidl_typesupport_fastrtps_c.h\n'}
[1.674124] (px4_msgs) StdoutLine: {'line': b'-- Up-to-date: /home/mcfb/ros2_ws/install/px4_msgs/include/px4_msgs/px4_msgs/msg/detail/log_message__rosidl_typesupport_fastrtps_c.h\n'}
[1.674160] (px4_msgs) StdoutLine: {'line': b'-- Up-to-date: /home/mcfb/ros2_ws/install/px4_msgs/include/px4_msgs/px4_msgs/msg/detail/internal_combustion_engine_status__rosidl_typesupport_fastrtps_c.h\n'}
[1.674194] (px4_msgs) StdoutLine: {'line': b'-- Up-to-date: /home/mcfb/ros2_ws/install/px4_msgs/include/px4_msgs/px4_msgs/msg/detail/vehicle_status__rosidl_typesupport_fastrtps_c.h\n'}
[1.674236] (px4_msgs) StdoutLine: {'line': b'-- Up-to-date: /home/mcfb/ros2_ws/install/px4_msgs/include/px4_msgs/px4_msgs/msg/detail/arming_check_reply__rosidl_typesupport_fastrtps_c.h\n'}
[1.674283] (px4_msgs) StdoutLine: {'line': b'-- Up-to-date: /home/mcfb/ros2_ws/install/px4_msgs/include/px4_msgs/px4_msgs/msg/detail/gripper__rosidl_typesupport_fastrtps_c.h\n'}
[1.674328] (px4_msgs) StdoutLine: {'line': b'-- Up-to-date: /home/mcfb/ros2_ws/install/px4_msgs/include/px4_msgs/px4_msgs/msg/detail/gpio_in__rosidl_typesupport_fastrtps_c.h\n'}
[1.674382] (px4_msgs) StdoutLine: {'line': b'-- Up-to-date: /home/mcfb/ros2_ws/install/px4_msgs/include/px4_msgs/px4_msgs/msg/detail/landing_gear_wheel__rosidl_typesupport_fastrtps_c.h\n'}
[1.674431] (px4_msgs) StdoutLine: {'line': b'-- Up-to-date: /home/mcfb/ros2_ws/install/px4_msgs/include/px4_msgs/px4_msgs/msg/detail/collision_constraints__rosidl_typesupport_fastrtps_c.h\n'}
[1.674481] (px4_msgs) StdoutLine: {'line': b'-- Up-to-date: /home/mcfb/ros2_ws/install/px4_msgs/include/px4_msgs/px4_msgs/msg/detail/parameter_reset_request__rosidl_typesupport_fastrtps_c.h\n'}
[1.674531] (px4_msgs) StdoutLine: {'line': b'-- Up-to-date: /home/mcfb/ros2_ws/install/px4_msgs/include/px4_msgs/px4_msgs/msg/detail/debug_vect__rosidl_typesupport_fastrtps_c.h\n'}
[1.674567] (px4_msgs) StdoutLine: {'line': b'-- Up-to-date: /home/mcfb/ros2_ws/install/px4_msgs/include/px4_msgs/px4_msgs/msg/detail/landing_target_pose__rosidl_typesupport_fastrtps_c.h\n'}
[1.674614] (px4_msgs) StdoutLine: {'line': b'-- Up-to-date: /home/mcfb/ros2_ws/install/px4_msgs/include/px4_msgs/px4_msgs/msg/detail/gps_dump__rosidl_typesupport_fastrtps_c.h\n'}
[1.674648] (px4_msgs) StdoutLine: {'line': b'-- Up-to-date: /home/mcfb/ros2_ws/install/px4_msgs/include/px4_msgs/px4_msgs/msg/detail/px4io_status__rosidl_typesupport_fastrtps_c.h\n'}
[1.674691] (px4_msgs) StdoutLine: {'line': b'-- Up-to-date: /home/mcfb/ros2_ws/install/px4_msgs/include/px4_msgs/px4_msgs/msg/detail/sensor_combined__rosidl_typesupport_fastrtps_c.h\n'}
[1.674727] (px4_msgs) StdoutLine: {'line': b'-- Up-to-date: /home/mcfb/ros2_ws/install/px4_msgs/include/px4_msgs/px4_msgs/msg/detail/camera_status__rosidl_typesupport_fastrtps_c.h\n'}
[1.674761] (px4_msgs) StdoutLine: {'line': b'-- Up-to-date: /home/mcfb/ros2_ws/install/px4_msgs/include/px4_msgs/px4_msgs/msg/detail/pure_pursuit_status__rosidl_typesupport_fastrtps_c.h\n'}
[1.674806] (px4_msgs) StdoutLine: {'line': b'-- Up-to-date: /home/mcfb/ros2_ws/install/px4_msgs/include/px4_msgs/px4_msgs/msg/detail/arming_check_request__rosidl_typesupport_fastrtps_c.h\n'}
[1.674840] (px4_msgs) StdoutLine: {'line': b'-- Up-to-date: /home/mcfb/ros2_ws/install/px4_msgs/include/px4_msgs/px4_msgs/msg/detail/ulog_stream__rosidl_typesupport_fastrtps_c.h\n'}
[1.674879] (px4_msgs) StdoutLine: {'line': b'-- Up-to-date: /home/mcfb/ros2_ws/install/px4_msgs/include/px4_msgs/px4_msgs/msg/detail/sensor_gyro_fft__rosidl_typesupport_fastrtps_c.h\n'}
[1.674913] (px4_msgs) StdoutLine: {'line': b'-- Up-to-date: /home/mcfb/ros2_ws/install/px4_msgs/include/px4_msgs/px4_msgs/msg/detail/follow_target_status__rosidl_typesupport_fastrtps_c.h\n'}
[1.674948] (px4_msgs) StdoutLine: {'line': b'-- Up-to-date: /home/mcfb/ros2_ws/install/px4_msgs/include/px4_msgs/px4_msgs/msg/detail/velocity_limits__rosidl_typesupport_fastrtps_c.h\n'}
[1.674988] (px4_msgs) StdoutLine: {'line': b'-- Up-to-date: /home/mcfb/ros2_ws/install/px4_msgs/include/px4_msgs/px4_msgs/msg/detail/register_ext_component_reply__rosidl_typesupport_fastrtps_c.h\n'}
[1.675022] (px4_msgs) StdoutLine: {'line': b'-- Up-to-date: /home/mcfb/ros2_ws/install/px4_msgs/include/px4_msgs/px4_msgs/msg/detail/rover_speed_setpoint__rosidl_typesupport_fastrtps_c.h\n'}
[1.675060] (px4_msgs) StdoutLine: {'line': b'-- Up-to-date: /home/mcfb/ros2_ws/install/px4_msgs/include/px4_msgs/px4_msgs/msg/detail/ulog_stream_ack__rosidl_typesupport_fastrtps_c.h\n'}
[1.675095] (px4_msgs) StdoutLine: {'line': b'-- Up-to-date: /home/mcfb/ros2_ws/install/px4_msgs/include/px4_msgs/px4_msgs/msg/detail/sensor_hygrometer__rosidl_typesupport_fastrtps_c.h\n'}
[1.675136] (px4_msgs) StdoutLine: {'line': b'-- Up-to-date: /home/mcfb/ros2_ws/install/px4_msgs/include/px4_msgs/px4_msgs/msg/detail/actuator_test__rosidl_typesupport_fastrtps_c.h\n'}
[1.675171] (px4_msgs) StdoutLine: {'line': b'-- Up-to-date: /home/mcfb/ros2_ws/install/px4_msgs/include/px4_msgs/px4_msgs/msg/detail/gimbal_device_information__rosidl_typesupport_fastrtps_c.h\n'}
[1.675208] (px4_msgs) StdoutLine: {'line': b'-- Up-to-date: /home/mcfb/ros2_ws/install/px4_msgs/include/px4_msgs/px4_msgs/msg/detail/sensor_optical_flow__rosidl_typesupport_fastrtps_c.h\n'}
[1.675240] (px4_msgs) StdoutLine: {'line': b'-- Up-to-date: /home/mcfb/ros2_ws/install/px4_msgs/include/px4_msgs/px4_msgs/msg/detail/position_setpoint__rosidl_typesupport_fastrtps_c.h\n'}
[1.675282] (px4_msgs) StdoutLine: {'line': b'-- Up-to-date: /home/mcfb/ros2_ws/install/px4_msgs/include/px4_msgs/px4_msgs/msg/detail/actuator_controls_status__rosidl_typesupport_fastrtps_c.h\n'}
[1.675321] (px4_msgs) StdoutLine: {'line': b'-- Up-to-date: /home/mcfb/ros2_ws/install/px4_msgs/include/px4_msgs/px4_msgs/msg/detail/sensor_preflight_mag__rosidl_typesupport_fastrtps_c.h\n'}
[1.675369] (px4_msgs) StdoutLine: {'line': b'-- Up-to-date: /home/mcfb/ros2_ws/install/px4_msgs/include/px4_msgs/px4_msgs/msg/detail/mount_orientation__rosidl_typesupport_fastrtps_c.h\n'}
[1.675416] (px4_msgs) StdoutLine: {'line': b'-- Up-to-date: /home/mcfb/ros2_ws/install/px4_msgs/include/px4_msgs/px4_msgs/msg/detail/radio_status__rosidl_typesupport_fastrtps_c.h\n'}
[1.675465] (px4_msgs) StdoutLine: {'line': b'-- Up-to-date: /home/mcfb/ros2_ws/install/px4_msgs/include/px4_msgs/px4_msgs/msg/detail/sensor_uwb__rosidl_typesupport_fastrtps_c.h\n'}
[1.675515] (px4_msgs) StdoutLine: {'line': b'-- Up-to-date: /home/mcfb/ros2_ws/install/px4_msgs/include/px4_msgs/px4_msgs/msg/detail/actuator_motors__rosidl_typesupport_fastrtps_c.h\n'}
[1.675559] (px4_msgs) StdoutLine: {'line': b'-- Up-to-date: /home/mcfb/ros2_ws/install/px4_msgs/include/px4_msgs/px4_msgs/msg/detail/rover_attitude_setpoint__rosidl_typesupport_fastrtps_c.h\n'}
[1.675592] (px4_msgs) StdoutLine: {'line': b'-- Up-to-date: /home/mcfb/ros2_ws/install/px4_msgs/include/px4_msgs/px4_msgs/msg/detail/orbit_status__rosidl_typesupport_fastrtps_c.h\n'}
[1.675630] (px4_msgs) StdoutLine: {'line': b'-- Up-to-date: /home/mcfb/ros2_ws/install/px4_msgs/include/px4_msgs/px4_msgs/msg/detail/vehicle_magnetometer__rosidl_typesupport_fastrtps_c.h\n'}
[1.675664] (px4_msgs) StdoutLine: {'line': b'-- Up-to-date: /home/mcfb/ros2_ws/install/px4_msgs/include/px4_msgs/px4_msgs/msg/detail/dataman_request__rosidl_typesupport_fastrtps_c.h\n'}
[1.675705] (px4_msgs) StdoutLine: {'line': b'-- Up-to-date: /home/mcfb/ros2_ws/install/px4_msgs/include/px4_msgs/px4_msgs/msg/detail/parameter_set_value_response__rosidl_typesupport_fastrtps_c.h\n'}
[1.675740] (px4_msgs) StdoutLine: {'line': b'-- Up-to-date: /home/mcfb/ros2_ws/install/px4_msgs/include/px4_msgs/px4_msgs/msg/detail/fixed_wing_runway_control__rosidl_typesupport_fastrtps_c.h\n'}
[1.675780] (px4_msgs) StdoutLine: {'line': b'-- Up-to-date: /home/mcfb/ros2_ws/install/px4_msgs/include/px4_msgs/px4_msgs/msg/detail/actuator_outputs__rosidl_typesupport_fastrtps_c.h\n'}
[1.675813] (px4_msgs) StdoutLine: {'line': b'-- Up-to-date: /home/mcfb/ros2_ws/install/px4_msgs/include/px4_msgs/px4_msgs/msg/detail/actuator_armed__rosidl_typesupport_fastrtps_c.h\n'}
[1.675853] (px4_msgs) StdoutLine: {'line': b'-- Up-to-date: /home/mcfb/ros2_ws/install/px4_msgs/include/px4_msgs/px4_msgs/msg/detail/rover_position_setpoint__rosidl_typesupport_fastrtps_c.h\n'}
[1.675892] (px4_msgs) StdoutLine: {'line': b'-- Up-to-date: /home/mcfb/ros2_ws/install/px4_msgs/include/px4_msgs/px4_msgs/msg/detail/vehicle_optical_flow__rosidl_typesupport_fastrtps_c.h\n'}
[1.675939] (px4_msgs) StdoutLine: {'line': b'-- Up-to-date: /home/mcfb/ros2_ws/install/px4_msgs/include/px4_msgs/px4_msgs/msg/detail/airspeed_wind__rosidl_typesupport_fastrtps_c.h\n'}
[1.675975] (px4_msgs) StdoutLine: {'line': b'-- Up-to-date: /home/mcfb/ros2_ws/install/px4_msgs/include/px4_msgs/px4_msgs/msg/detail/orb_test__rosidl_typesupport_fastrtps_c.h\n'}
[1.676022] (px4_msgs) StdoutLine: {'line': b'-- Up-to-date: /home/mcfb/ros2_ws/install/px4_msgs/include/px4_msgs/px4_msgs/msg/detail/open_drone_id_system__rosidl_typesupport_fastrtps_c.h\n'}
[1.676065] (px4_msgs) StdoutLine: {'line': b'-- Up-to-date: /home/mcfb/ros2_ws/install/px4_msgs/include/px4_msgs/px4_msgs/msg/detail/vehicle_command__rosidl_typesupport_fastrtps_c.h\n'}
[1.676099] (px4_msgs) StdoutLine: {'line': b'-- Up-to-date: /home/mcfb/ros2_ws/install/px4_msgs/include/px4_msgs/px4_msgs/msg/detail/power_button_state__rosidl_typesupport_fastrtps_c.h\n'}
[1.676131] (px4_msgs) StdoutLine: {'line': b'-- Up-to-date: /home/mcfb/ros2_ws/install/px4_msgs/include/px4_msgs/px4_msgs/msg/detail/sensor_correction__rosidl_typesupport_fastrtps_c.h\n'}
[1.676165] (px4_msgs) StdoutLine: {'line': b'-- Up-to-date: /home/mcfb/ros2_ws/install/px4_msgs/include/px4_msgs/px4_msgs/msg/detail/message_format_request__rosidl_typesupport_fastrtps_c.h\n'}
[1.676197] (px4_msgs) StdoutLine: {'line': b'-- Up-to-date: /home/mcfb/ros2_ws/install/px4_msgs/include/px4_msgs/px4_msgs/msg/detail/sensors_status__rosidl_typesupport_fastrtps_c.h\n'}
[1.676230] (px4_msgs) StdoutLine: {'line': b'-- Up-to-date: /home/mcfb/ros2_ws/install/px4_msgs/include/px4_msgs/px4_msgs/msg/detail/open_drone_id_self_id__rosidl_typesupport_fastrtps_c.h\n'}
[1.676282] (px4_msgs) StdoutLine: {'line': b'-- Up-to-date: /home/mcfb/ros2_ws/install/px4_msgs/include/px4_msgs/px4_msgs/msg/detail/vehicle_control_mode__rosidl_typesupport_fastrtps_c.h\n'}
[1.676330] (px4_msgs) StdoutLine: {'line': b'-- Up-to-date: /home/mcfb/ros2_ws/install/px4_msgs/include/px4_msgs/px4_msgs/msg/detail/rc_parameter_map__rosidl_typesupport_fastrtps_c.h\n'}
[1.676376] (px4_msgs) StdoutLine: {'line': b'-- Up-to-date: /home/mcfb/ros2_ws/install/px4_msgs/include/px4_msgs/px4_msgs/msg/detail/rover_rate_status__rosidl_typesupport_fastrtps_c.h\n'}
[1.676422] (px4_msgs) StdoutLine: {'line': b'-- Up-to-date: /home/mcfb/ros2_ws/install/px4_msgs/include/px4_msgs/px4_msgs/msg/detail/fixed_wing_lateral_guidance_status__rosidl_typesupport_fastrtps_c.h\n'}
[1.676470] (px4_msgs) StdoutLine: {'line': b'-- Up-to-date: /home/mcfb/ros2_ws/install/px4_msgs/include/px4_msgs/px4_msgs/msg/detail/rc_channels__rosidl_typesupport_fastrtps_c.h\n'}
[1.676502] (px4_msgs) StdoutLine: {'line': b'-- Up-to-date: /home/mcfb/ros2_ws/install/px4_msgs/include/px4_msgs/px4_msgs/msg/detail/button_event__rosidl_typesupport_fastrtps_c.h\n'}
[1.676534] (px4_msgs) StdoutLine: {'line': b'-- Up-to-date: /home/mcfb/ros2_ws/install/px4_msgs/include/px4_msgs/px4_msgs/msg/detail/navigator_status__rosidl_typesupport_fastrtps_c.h\n'}
[1.676565] (px4_msgs) StdoutLine: {'line': b'-- Up-to-date: /home/mcfb/ros2_ws/install/px4_msgs/include/px4_msgs/px4_msgs/msg/detail/vehicle_attitude_setpoint__rosidl_typesupport_fastrtps_c.h\n'}
[1.676597] (px4_msgs) StdoutLine: {'line': b'-- Up-to-date: /home/mcfb/ros2_ws/install/px4_msgs/include/px4_msgs/px4_msgs/msg/detail/gimbal_device_set_attitude__rosidl_typesupport_fastrtps_c.h\n'}
[1.676629] (px4_msgs) StdoutLine: {'line': b'-- Up-to-date: /home/mcfb/ros2_ws/install/px4_msgs/include/px4_msgs/px4_msgs/msg/detail/rover_speed_status__rosidl_typesupport_fastrtps_c.h\n'}
[1.676662] (px4_msgs) StdoutLine: {'line': b'-- Up-to-date: /home/mcfb/ros2_ws/install/px4_msgs/include/px4_msgs/px4_msgs/msg/detail/rtl_status__rosidl_typesupport_fastrtps_c.h\n'}
[1.676702] (px4_msgs) StdoutLine: {'line': b'-- Up-to-date: /home/mcfb/ros2_ws/install/px4_msgs/include/px4_msgs/px4_msgs/msg/detail/follow_target__rosidl_typesupport_fastrtps_c.h\n'}
[1.676749] (px4_msgs) StdoutLine: {'line': b'-- Up-to-date: /home/mcfb/ros2_ws/install/px4_msgs/include/px4_msgs/px4_msgs/msg/detail/estimator_innovations__rosidl_typesupport_fastrtps_c.h\n'}
[1.676788] (px4_msgs) StdoutLine: {'line': b'-- Up-to-date: /home/mcfb/ros2_ws/install/px4_msgs/include/px4_msgs/px4_msgs/msg/detail/iridiumsbd_status__rosidl_typesupport_fastrtps_c.h\n'}
[1.676839] (px4_msgs) StdoutLine: {'line': b'-- Up-to-date: /home/mcfb/ros2_ws/install/px4_msgs/include/px4_msgs/px4_msgs/msg/detail/sensor_gyro__rosidl_typesupport_fastrtps_c.h\n'}
[1.676873] (px4_msgs) StdoutLine: {'line': b'-- Up-to-date: /home/mcfb/ros2_ws/install/px4_msgs/include/px4_msgs/px4_msgs/msg/detail/landing_target_innovations__rosidl_typesupport_fastrtps_c.h\n'}
[1.676908] (px4_msgs) StdoutLine: {'line': b'-- Up-to-date: /home/mcfb/ros2_ws/install/px4_msgs/include/px4_msgs/px4_msgs/msg/detail/manual_control_switches__rosidl_typesupport_fastrtps_c.h\n'}
[1.676942] (px4_msgs) StdoutLine: {'line': b'-- Up-to-date: /home/mcfb/ros2_ws/install/px4_msgs/include/px4_msgs/px4_msgs/msg/detail/cpuload__rosidl_typesupport_fastrtps_c.h\n'}
[1.676975] (px4_msgs) StdoutLine: {'line': b'-- Up-to-date: /home/mcfb/ros2_ws/install/px4_msgs/include/px4_msgs/px4_msgs/msg/detail/trajectory_setpoint6dof__rosidl_typesupport_fastrtps_c.h\n'}
[1.677007] (px4_msgs) StdoutLine: {'line': b'-- Up-to-date: /home/mcfb/ros2_ws/install/px4_msgs/include/px4_msgs/px4_msgs/msg/detail/position_controller_status__rosidl_typesupport_fastrtps_c.h\n'}
[1.677041] (px4_msgs) StdoutLine: {'line': b'-- Up-to-date: /home/mcfb/ros2_ws/install/px4_msgs/include/px4_msgs/px4_msgs/msg/detail/power_monitor__rosidl_typesupport_fastrtps_c.h\n'}
[1.677076] (px4_msgs) StdoutLine: {'line': b'-- Up-to-date: /home/mcfb/ros2_ws/install/px4_msgs/include/px4_msgs/px4_msgs/msg/detail/estimator_status_flags__rosidl_typesupport_fastrtps_c.h\n'}
[1.677108] (px4_msgs) StdoutLine: {'line': b'-- Up-to-date: /home/mcfb/ros2_ws/install/px4_msgs/include/px4_msgs/px4_msgs/msg/detail/orb_test_large__rosidl_typesupport_fastrtps_c.h\n'}
[1.677141] (px4_msgs) StdoutLine: {'line': b'-- Up-to-date: /home/mcfb/ros2_ws/install/px4_msgs/include/px4_msgs/px4_msgs/msg/detail/longitudinal_control_configuration__rosidl_typesupport_fastrtps_c.h\n'}
[1.677174] (px4_msgs) StdoutLine: {'line': b'-- Up-to-date: /home/mcfb/ros2_ws/install/px4_msgs/include/px4_msgs/px4_msgs/msg/detail/satellite_info__rosidl_typesupport_fastrtps_c.h\n'}
[1.677206] (px4_msgs) StdoutLine: {'line': b'-- Up-to-date: /home/mcfb/ros2_ws/install/px4_msgs/include/px4_msgs/px4_msgs/msg/detail/launch_detection_status__rosidl_typesupport_fastrtps_c.h\n'}
[1.677238] (px4_msgs) StdoutLine: {'line': b'-- Up-to-date: /home/mcfb/ros2_ws/install/px4_msgs/include/px4_msgs/px4_msgs/msg/detail/failure_detector_status__rosidl_typesupport_fastrtps_c.h\n'}
[1.677269] (px4_msgs) StdoutLine: {'line': b'-- Up-to-date: /home/mcfb/ros2_ws/install/px4_msgs/include/px4_msgs/px4_msgs/msg/detail/esc_report__rosidl_typesupport_fastrtps_c.h\n'}
[1.677302] (px4_msgs) StdoutLine: {'line': b'-- Up-to-date: /home/mcfb/ros2_ws/install/px4_msgs/include/px4_msgs/px4_msgs/msg/detail/gpio_config__rosidl_typesupport_fastrtps_c.h\n'}
[1.677336] (px4_msgs) StdoutLine: {'line': b'-- Up-to-date: /home/mcfb/ros2_ws/install/px4_msgs/include/px4_msgs/px4_msgs/msg/detail/battery_status__rosidl_typesupport_fastrtps_c.h\n'}
[1.677369] (px4_msgs) StdoutLine: {'line': b'-- Up-to-date: /home/mcfb/ros2_ws/install/px4_msgs/include/px4_msgs/px4_msgs/msg/detail/flight_phase_estimation__rosidl_typesupport_fastrtps_c.h\n'}
[1.677402] (px4_msgs) StdoutLine: {'line': b'-- Up-to-date: /home/mcfb/ros2_ws/install/px4_msgs/include/px4_msgs/px4_msgs/msg/detail/yaw_estimator_status__rosidl_typesupport_fastrtps_c.h\n'}
[1.677435] (px4_msgs) StdoutLine: {'line': b'-- Up-to-date: /home/mcfb/ros2_ws/install/px4_msgs/include/px4_msgs/px4_msgs/msg/detail/ping__rosidl_typesupport_fastrtps_c.h\n'}
[1.677469] (px4_msgs) StdoutLine: {'line': b'-- Up-to-date: /home/mcfb/ros2_ws/install/px4_msgs/include/px4_msgs/px4_msgs/msg/detail/autotune_attitude_control_status__rosidl_typesupport_fastrtps_c.h\n'}
[1.677503] (px4_msgs) StdoutLine: {'line': b'-- Up-to-date: /home/mcfb/ros2_ws/install/px4_msgs/include/px4_msgs/px4_msgs/msg/detail/esc_status__rosidl_typesupport_fastrtps_c.h\n'}
[1.677536] (px4_msgs) StdoutLine: {'line': b'-- Up-to-date: /home/mcfb/ros2_ws/install/px4_msgs/include/px4_msgs/px4_msgs/msg/detail/rover_rate_setpoint__rosidl_typesupport_fastrtps_c.h\n'}
[1.677571] (px4_msgs) StdoutLine: {'line': b'-- Up-to-date: /home/mcfb/ros2_ws/install/px4_msgs/include/px4_msgs/px4_msgs/msg/detail/qshell_retval__rosidl_typesupport_fastrtps_c.h\n'}
[1.677607] (px4_msgs) StdoutLine: {'line': b'-- Up-to-date: /home/mcfb/ros2_ws/install/px4_msgs/include/px4_msgs/px4_msgs/msg/detail/qshell_req__rosidl_typesupport_fastrtps_c.h\n'}
[1.677665] (px4_msgs) StdoutLine: {'line': b'-- Up-to-date: /home/mcfb/ros2_ws/install/px4_msgs/include/px4_msgs/px4_msgs/msg/detail/rpm__rosidl_typesupport_fastrtps_c.h\n'}
[1.677712] (px4_msgs) StdoutLine: {'line': b'-- Up-to-date: /home/mcfb/ros2_ws/install/px4_msgs/include/px4_msgs/px4_msgs/msg/detail/rover_throttle_setpoint__rosidl_typesupport_fastrtps_c.h\n'}
[1.677749] (px4_msgs) StdoutLine: {'line': b'-- Up-to-date: /home/mcfb/ros2_ws/install/px4_msgs/include/px4_msgs/px4_msgs/msg/detail/sensor_baro__rosidl_typesupport_fastrtps_c.h\n'}
[1.677795] (px4_msgs) StdoutLine: {'line': b'-- Up-to-date: /home/mcfb/ros2_ws/install/px4_msgs/include/px4_msgs/px4_msgs/msg/detail/health_report__rosidl_typesupport_fastrtps_c.h\n'}
[1.677860] (px4_msgs) StdoutLine: {'line': b'-- Up-to-date: /home/mcfb/ros2_ws/install/px4_msgs/include/px4_msgs/px4_msgs/msg/detail/dataman_response__rosidl_typesupport_fastrtps_c.h\n'}
[1.677916] (px4_msgs) StdoutLine: {'line': b'-- Up-to-date: /home/mcfb/ros2_ws/install/px4_msgs/include/px4_msgs/px4_msgs/msg/detail/rover_steering_setpoint__rosidl_typesupport_fastrtps_c.h\n'}
[1.677959] (px4_msgs) StdoutLine: {'line': b'-- Up-to-date: /home/mcfb/ros2_ws/install/px4_msgs/include/px4_msgs/px4_msgs/msg/detail/cellular_status__rosidl_typesupport_fastrtps_c.h\n'}
[1.677995] (px4_msgs) StdoutLine: {'line': b'-- Up-to-date: /home/mcfb/ros2_ws/install/px4_msgs/include/px4_msgs/px4_msgs/msg/detail/transponder_report__rosidl_typesupport_fastrtps_c.h\n'}
[1.678042] (px4_msgs) StdoutLine: {'line': b'-- Up-to-date: /home/mcfb/ros2_ws/install/px4_msgs/include/px4_msgs/px4_msgs/msg/detail/position_setpoint_triplet__rosidl_typesupport_fastrtps_c.h\n'}
[1.678085] (px4_msgs) StdoutLine: {'line': b'-- Up-to-date: /home/mcfb/ros2_ws/install/px4_msgs/include/px4_msgs/px4_msgs/msg/detail/wheel_encoders__rosidl_typesupport_fastrtps_c.h\n'}
[1.678136] (px4_msgs) StdoutLine: {'line': b'-- Up-to-date: /home/mcfb/ros2_ws/install/px4_msgs/include/px4_msgs/px4_msgs/msg/detail/debug_value__rosidl_typesupport_fastrtps_c.h\n'}
[1.678184] (px4_msgs) StdoutLine: {'line': b'-- Up-to-date: /home/mcfb/ros2_ws/install/px4_msgs/include/px4_msgs/px4_msgs/msg/detail/tune_control__rosidl_typesupport_fastrtps_c.h\n'}
[1.678236] (px4_msgs) StdoutLine: {'line': b'-- Up-to-date: /home/mcfb/ros2_ws/install/px4_msgs/include/px4_msgs/px4_msgs/msg/detail/sensor_accel_fifo__rosidl_typesupport_fastrtps_c.h\n'}
[1.678281] (px4_msgs) StdoutLine: {'line': b'-- Up-to-date: /home/mcfb/ros2_ws/install/px4_msgs/include/px4_msgs/px4_msgs/msg/detail/vehicle_constraints__rosidl_typesupport_fastrtps_c.h\n'}
[1.678328] (px4_msgs) StdoutLine: {'line': b'-- Up-to-date: /home/mcfb/ros2_ws/install/px4_msgs/include/px4_msgs/px4_msgs/msg/detail/estimator_aid_source2d__rosidl_typesupport_fastrtps_c.h\n'}
[1.678371] (px4_msgs) StdoutLine: {'line': b'-- Up-to-date: /home/mcfb/ros2_ws/install/px4_msgs/include/px4_msgs/px4_msgs/msg/detail/unregister_ext_component__rosidl_typesupport_fastrtps_c.h\n'}
[1.678418] (px4_msgs) StdoutLine: {'line': b'-- Up-to-date: /home/mcfb/ros2_ws/install/px4_msgs/include/px4_msgs/px4_msgs/msg/detail/vehicle_thrust_setpoint__rosidl_typesupport_fastrtps_c.h\n'}
[1.678450] (px4_msgs) StdoutLine: {'line': b'-- Up-to-date: /home/mcfb/ros2_ws/install/px4_msgs/include/px4_msgs/px4_msgs/msg/detail/vehicle_global_position__rosidl_typesupport_fastrtps_c.h\n'}
[1.678483] (px4_msgs) StdoutLine: {'line': b'-- Up-to-date: /home/mcfb/ros2_ws/install/px4_msgs/include/px4_msgs/px4_msgs/msg/detail/pwm_input__rosidl_typesupport_fastrtps_c.h\n'}
[1.678516] (px4_msgs) StdoutLine: {'line': b'-- Up-to-date: /home/mcfb/ros2_ws/install/px4_msgs/include/px4_msgs/px4_msgs/msg/detail/vehicle_angular_velocity__rosidl_typesupport_fastrtps_c.h\n'}
[1.678550] (px4_msgs) StdoutLine: {'line': b'-- Up-to-date: /home/mcfb/ros2_ws/install/px4_msgs/include/px4_msgs/px4_msgs/msg/detail/gimbal_manager_status__rosidl_typesupport_fastrtps_c.h\n'}
[1.678593] (px4_msgs) StdoutLine: {'line': b'-- Up-to-date: /home/mcfb/ros2_ws/install/px4_msgs/include/px4_msgs/px4_msgs/msg/detail/follow_target_estimator__rosidl_typesupport_fastrtps_c.h\n'}
[1.678629] (px4_msgs) StdoutLine: {'line': b'-- Up-to-date: /home/mcfb/ros2_ws/install/px4_msgs/include/px4_msgs/px4_msgs/msg/detail/estimator_status__rosidl_typesupport_fastrtps_c.h\n'}
[1.678671] (px4_msgs) StdoutLine: {'line': b'-- Up-to-date: /home/mcfb/ros2_ws/install/px4_msgs/include/px4_msgs/px4_msgs/msg/detail/position_controller_landing_status__rosidl_typesupport_fastrtps_c.h\n'}
[1.678718] (px4_msgs) StdoutLine: {'line': b'-- Up-to-date: /home/mcfb/ros2_ws/install/px4_msgs/include/px4_msgs/px4_msgs/msg/detail/debug_array__rosidl_typesupport_fastrtps_c.h\n'}
[1.678753] (px4_msgs) StdoutLine: {'line': b'-- Up-to-date: /home/mcfb/ros2_ws/install/px4_msgs/include/px4_msgs/px4_msgs/msg/detail/input_rc__rosidl_typesupport_fastrtps_c.h\n'}
[1.678787] (px4_msgs) StdoutLine: {'line': b'-- Up-to-date: /home/mcfb/ros2_ws/install/px4_msgs/include/px4_msgs/px4_msgs/msg/detail/trajectory_setpoint__rosidl_typesupport_fastrtps_c.h\n'}
[1.678832] (px4_msgs) StdoutLine: {'line': b'-- Up-to-date: /home/mcfb/ros2_ws/install/px4_msgs/include/px4_msgs/px4_msgs/msg/detail/vehicle_air_data__rosidl_typesupport_fastrtps_c.h\n'}
[1.678866] (px4_msgs) StdoutLine: {'line': b'-- Up-to-date: /home/mcfb/ros2_ws/install/px4_msgs/include/px4_msgs/px4_msgs/msg/detail/gpio_out__rosidl_typesupport_fastrtps_c.h\n'}
[1.678904] (px4_msgs) StdoutLine: {'line': b'-- Up-to-date: /home/mcfb/ros2_ws/install/px4_msgs/include/px4_msgs/px4_msgs/msg/detail/distance_sensor_mode_change_request__rosidl_typesupport_fastrtps_c.h\n'}
[1.678938] (px4_msgs) StdoutLine: {'line': b'-- Up-to-date: /home/mcfb/ros2_ws/install/px4_msgs/include/px4_msgs/px4_msgs/msg/detail/camera_capture__rosidl_typesupport_fastrtps_c.h\n'}
[1.678981] (px4_msgs) StdoutLine: {'line': b'-- Up-to-date: /home/mcfb/ros2_ws/install/px4_msgs/include/px4_msgs/px4_msgs/msg/detail/goto_setpoint__rosidl_typesupport_fastrtps_c.h\n'}
[1.679014] (px4_msgs) StdoutLine: {'line': b'-- Up-to-date: /home/mcfb/ros2_ws/install/px4_msgs/include/px4_msgs/px4_msgs/msg/detail/pps_capture__rosidl_typesupport_fastrtps_c.h\n'}
[1.679065] (px4_msgs) StdoutLine: {'line': b'-- Up-to-date: /home/mcfb/ros2_ws/install/px4_msgs/include/px4_msgs/px4_msgs/msg/detail/internal_combustion_engine_control__rosidl_typesupport_fastrtps_c.h\n'}
[1.679101] (px4_msgs) StdoutLine: {'line': b'-- Up-to-date: /home/mcfb/ros2_ws/install/px4_msgs/include/px4_msgs/px4_msgs/msg/detail/estimator_bias3d__rosidl_typesupport_fastrtps_c.h\n'}
[1.679133] (px4_msgs) StdoutLine: {'line': b'-- Up-to-date: /home/mcfb/ros2_ws/install/px4_msgs/include/px4_msgs/px4_msgs/msg/detail/estimator_bias__rosidl_typesupport_fastrtps_c.h\n'}
[1.679184] (px4_msgs) StdoutLine: {'line': b'-- Up-to-date: /home/mcfb/ros2_ws/install/px4_msgs/include/px4_msgs/px4_msgs/msg/detail/manual_control_setpoint__rosidl_typesupport_fastrtps_c.h\n'}
[1.679236] (px4_msgs) StdoutLine: {'line': b'-- Up-to-date: /home/mcfb/ros2_ws/install/px4_msgs/include/px4_msgs/px4_msgs/msg/detail/adc_report__rosidl_typesupport_fastrtps_c.h\n'}
[1.679292] (px4_msgs) StdoutLine: {'line': b'-- Up-to-date: /home/mcfb/ros2_ws/install/px4_msgs/include/px4_msgs/px4_msgs/msg/detail/geofence_status__rosidl_typesupport_fastrtps_c.h\n'}
[1.679338] (px4_msgs) StdoutLine: {'line': b'-- Up-to-date: /home/mcfb/ros2_ws/install/px4_msgs/include/px4_msgs/px4_msgs/msg/detail/dronecan_node_status__rosidl_typesupport_fastrtps_c.h\n'}
[1.679370] (px4_msgs) StdoutLine: {'line': b'-- Up-to-date: /home/mcfb/ros2_ws/install/px4_msgs/include/px4_msgs/px4_msgs/msg/detail/gps_inject_data__rosidl_typesupport_fastrtps_c.h\n'}
[1.679403] (px4_msgs) StdoutLine: {'line': b'-- Up-to-date: /home/mcfb/ros2_ws/install/px4_msgs/include/px4_msgs/px4_msgs/msg/detail/event__rosidl_typesupport_fastrtps_c.h\n'}
[1.679436] (px4_msgs) StdoutLine: {'line': b'-- Up-to-date: /home/mcfb/ros2_ws/install/px4_msgs/include/px4_msgs/px4_msgs/msg/detail/gimbal_manager_information__rosidl_typesupport_fastrtps_c.h\n'}
[1.679470] (px4_msgs) StdoutLine: {'line': b'-- Up-to-date: /home/mcfb/ros2_ws/install/px4_msgs/include/px4_msgs/px4_msgs/msg/detail/lateral_control_configuration__rosidl_typesupport_fastrtps_c.h\n'}
[1.679504] (px4_msgs) StdoutLine: {'line': b'-- Up-to-date: /home/mcfb/ros2_ws/install/px4_msgs/include/px4_msgs/px4_msgs/msg/detail/message_format_response__rosidl_typesupport_fastrtps_c.h\n'}
[1.679536] (px4_msgs) StdoutLine: {'line': b'-- Up-to-date: /home/mcfb/ros2_ws/install/px4_msgs/include/px4_msgs/px4_msgs/msg/detail/rate_ctrl_status__rosidl_typesupport_fastrtps_c.h\n'}
[1.679570] (px4_msgs) StdoutLine: {'line': b'-- Up-to-date: /home/mcfb/ros2_ws/install/px4_msgs/include/px4_msgs/px4_msgs/msg/detail/vehicle_imu_status__rosidl_typesupport_fastrtps_c.h\n'}
[1.679612] (px4_msgs) StdoutLine: {'line': b'-- Up-to-date: /home/mcfb/ros2_ws/install/px4_msgs/include/px4_msgs/px4_msgs/msg/detail/offboard_control_mode__rosidl_typesupport_fastrtps_c.h\n'}
[1.679651] (px4_msgs) StdoutLine: {'line': b'-- Up-to-date: /home/mcfb/ros2_ws/install/px4_msgs/include/px4_msgs/px4_msgs/msg/detail/vehicle_optical_flow_vel__rosidl_typesupport_fastrtps_c.h\n'}
[1.679703] (px4_msgs) StdoutLine: {'line': b'-- Up-to-date: /home/mcfb/ros2_ws/install/px4_msgs/include/px4_msgs/px4_msgs/msg/detail/control_allocator_status__rosidl_typesupport_fastrtps_c.h\n'}
[1.679750] (px4_msgs) StdoutLine: {'line': b'-- Up-to-date: /home/mcfb/ros2_ws/install/px4_msgs/include/px4_msgs/px4_msgs/msg/detail/gimbal_manager_set_attitude__rosidl_typesupport_fastrtps_c.h\n'}
[1.679784] (px4_msgs) StdoutLine: {'line': b'-- Up-to-date: /home/mcfb/ros2_ws/install/px4_msgs/include/px4_msgs/px4_msgs/msg/detail/sensor_mag__rosidl_typesupport_fastrtps_c.h\n'}
[1.679817] (px4_msgs) StdoutLine: {'line': b'-- Up-to-date: /home/mcfb/ros2_ws/install/px4_msgs/include/px4_msgs/px4_msgs/msg/detail/vehicle_land_detected__rosidl_typesupport_fastrtps_c.h\n'}
[1.679851] (px4_msgs) StdoutLine: {'line': b'-- Up-to-date: /home/mcfb/ros2_ws/install/px4_msgs/include/px4_msgs/px4_msgs/msg/detail/action_request__rosidl_typesupport_fastrtps_c.h\n'}
[1.679888] (px4_msgs) StdoutLine: {'line': b'-- Up-to-date: /home/mcfb/ros2_ws/install/px4_msgs/include/px4_msgs/px4_msgs/msg/detail/distance_sensor__rosidl_typesupport_fastrtps_c.h\n'}
[1.679929] (px4_msgs) StdoutLine: {'line': b'-- Up-to-date: /home/mcfb/ros2_ws/install/px4_msgs/include/px4_msgs/px4_msgs/msg/detail/task_stack_info__rosidl_typesupport_fastrtps_c.h\n'}
[1.679965] (px4_msgs) StdoutLine: {'line': b'-- Up-to-date: /home/mcfb/ros2_ws/install/px4_msgs/include/px4_msgs/px4_msgs/msg/detail/logger_status__rosidl_typesupport_fastrtps_c.h\n'}
[1.680004] (px4_msgs) StdoutLine: {'line': b'-- Up-to-date: /home/mcfb/ros2_ws/install/px4_msgs/include/px4_msgs/px4_msgs/msg/detail/normalized_unsigned_setpoint__rosidl_typesupport_fastrtps_c.h\n'}
[1.680043] (px4_msgs) StdoutLine: {'line': b'-- Up-to-date: /home/mcfb/ros2_ws/install/px4_msgs/include/px4_msgs/px4_msgs/msg/detail/estimator_states__rosidl_typesupport_fastrtps_c.h\n'}
[1.680077] (px4_msgs) StdoutLine: {'line': b'-- Up-to-date: /home/mcfb/ros2_ws/install/px4_msgs/include/px4_msgs/px4_msgs/msg/detail/sensor_selection__rosidl_typesupport_fastrtps_c.h\n'}
[1.680111] (px4_msgs) StdoutLine: {'line': b'-- Up-to-date: /home/mcfb/ros2_ws/install/px4_msgs/include/px4_msgs/px4_msgs/msg/detail/vehicle_local_position_setpoint__rosidl_typesupport_fastrtps_c.h\n'}
[1.680148] (px4_msgs) StdoutLine: {'line': b'-- Up-to-date: /home/mcfb/ros2_ws/install/px4_msgs/include/px4_msgs/px4_msgs/msg/detail/vehicle_roi__rosidl_typesupport_fastrtps_c.h\n'}
[1.680191] (px4_msgs) StdoutLine: {'line': b'-- Up-to-date: /home/mcfb/ros2_ws/install/px4_msgs/include/px4_msgs/px4_msgs/msg/detail/parameter_update__rosidl_typesupport_fastrtps_c.h\n'}
[1.680227] (px4_msgs) StdoutLine: {'line': b'-- Up-to-date: /home/mcfb/ros2_ws/install/px4_msgs/include/px4_msgs/px4_msgs/msg/detail/mavlink_tunnel__rosidl_typesupport_fastrtps_c.h\n'}
[1.680267] (px4_msgs) StdoutLine: {'line': b'-- Up-to-date: /home/mcfb/ros2_ws/install/px4_msgs/include/px4_msgs/px4_msgs/msg/detail/magnetometer_bias_estimate__rosidl_typesupport_fastrtps_c.h\n'}
[1.680305] (px4_msgs) StdoutLine: {'line': b'-- Up-to-date: /home/mcfb/ros2_ws/install/px4_msgs/include/px4_msgs/px4_msgs/msg/detail/gimbal_controls__rosidl_typesupport_fastrtps_c.h\n'}
[1.680374] (px4_msgs) StdoutLine: {'line': b'-- Up-to-date: /home/mcfb/ros2_ws/install/px4_msgs/include/px4_msgs/px4_msgs/msg/detail/estimator_aid_source3d__rosidl_typesupport_fastrtps_c.h\n'}
[1.680434] (px4_msgs) StdoutLine: {'line': b'-- Up-to-date: /home/mcfb/ros2_ws/install/px4_msgs/include/px4_msgs/px4_msgs/msg/detail/ekf2_timestamps__rosidl_typesupport_fastrtps_c.h\n'}
[1.680490] (px4_msgs) StdoutLine: {'line': b'-- Up-to-date: /home/mcfb/ros2_ws/install/px4_msgs/include/px4_msgs/px4_msgs/msg/detail/gimbal_device_attitude_status__rosidl_typesupport_fastrtps_c.h\n'}
[1.680524] (px4_msgs) StdoutLine: {'line': b'-- Up-to-date: /home/mcfb/ros2_ws/install/px4_msgs/include/px4_msgs/px4_msgs/msg/detail/vehicle_torque_setpoint__rosidl_typesupport_fastrtps_c.h\n'}
[1.680557] (px4_msgs) StdoutLine: {'line': b'-- Up-to-date: /home/mcfb/ros2_ws/install/px4_msgs/include/px4_msgs/px4_msgs/msg/detail/sensor_gyro_fifo__rosidl_typesupport_fastrtps_c.h\n'}
[1.680593] (px4_msgs) StdoutLine: {'line': b'-- Up-to-date: /home/mcfb/ros2_ws/install/px4_msgs/include/px4_msgs/px4_msgs/msg/detail/can_interface_status__rosidl_typesupport_fastrtps_c.h\n'}
[1.680629] (px4_msgs) StdoutLine: {'line': b'-- Up-to-date: /home/mcfb/ros2_ws/install/px4_msgs/include/px4_msgs/px4_msgs/msg/detail/actuator_servos_trim__rosidl_typesupport_fastrtps_c.h\n'}
[1.680667] (px4_msgs) StdoutLine: {'line': b'-- Up-to-date: /home/mcfb/ros2_ws/install/px4_msgs/include/px4_msgs/px4_msgs/msg/detail/mode_completed__rosidl_typesupport_fastrtps_c.h\n'}
[1.680712] (px4_msgs) StdoutLine: {'line': b'-- Up-to-date: /home/mcfb/ros2_ws/install/px4_msgs/include/px4_msgs/px4_msgs/msg/detail/open_drone_id_operator_id__rosidl_typesupport_fastrtps_c.h\n'}
[1.680756] (px4_msgs) StdoutLine: {'line': b'-- Up-to-date: /home/mcfb/ros2_ws/install/px4_msgs/include/px4_msgs/px4_msgs/msg/detail/fuel_tank_status__rosidl_typesupport_fastrtps_c.h\n'}
[1.680793] (px4_msgs) StdoutLine: {'line': b'-- Up-to-date: /home/mcfb/ros2_ws/install/px4_msgs/include/px4_msgs/px4_msgs/msg/detail/sensors_status_imu__rosidl_typesupport_fastrtps_c.h\n'}
[1.680830] (px4_msgs) StdoutLine: {'line': b'-- Up-to-date: /home/mcfb/ros2_ws/install/px4_msgs/include/px4_msgs/px4_msgs/msg/detail/mission_result__rosidl_typesupport_fastrtps_c.h\n'}
[1.680867] (px4_msgs) StdoutLine: {'line': b'-- Up-to-date: /home/mcfb/ros2_ws/install/px4_msgs/include/px4_msgs/px4_msgs/msg/detail/uavcan_parameter_request__rosidl_typesupport_fastrtps_c.h\n'}
[1.680904] (px4_msgs) StdoutLine: {'line': b'-- Up-to-date: /home/mcfb/ros2_ws/install/px4_msgs/include/px4_msgs/px4_msgs/msg/detail/takeoff_status__rosidl_typesupport_fastrtps_c.h\n'}
[1.680954] (px4_msgs) StdoutLine: {'line': b'-- Up-to-date: /home/mcfb/ros2_ws/install/px4_msgs/include/px4_msgs/px4_msgs/msg/detail/parameter_set_value_request__rosidl_typesupport_fastrtps_c.h\n'}
[1.681010] (px4_msgs) StdoutLine: {'line': b'-- Up-to-date: /home/mcfb/ros2_ws/install/px4_msgs/include/px4_msgs/px4_msgs/msg/detail/debug_key_value__rosidl_typesupport_fastrtps_c.h\n'}
[1.681054] (px4_msgs) StdoutLine: {'line': b'-- Up-to-date: /home/mcfb/ros2_ws/install/px4_msgs/include/px4_msgs/px4_msgs/msg/detail/vehicle_attitude__rosidl_typesupport_fastrtps_c.h\n'}
[1.681094] (px4_msgs) StdoutLine: {'line': b'-- Up-to-date: /home/mcfb/ros2_ws/install/px4_msgs/include/px4_msgs/px4_msgs/msg/detail/estimator_gps_status__rosidl_typesupport_fastrtps_c.h\n'}
[1.681133] (px4_msgs) StdoutLine: {'line': b'-- Up-to-date: /home/mcfb/ros2_ws/install/px4_msgs/include/px4_msgs/px4_msgs/msg/detail/figure_eight_status__rosidl_typesupport_fastrtps_c.h\n'}
[1.681171] (px4_msgs) StdoutLine: {'line': b'-- Up-to-date: /home/mcfb/ros2_ws/install/px4_msgs/include/px4_msgs/px4_msgs/msg/detail/estimator_selector_status__rosidl_typesupport_fastrtps_c.h\n'}
[1.681216] (px4_msgs) StdoutLine: {'line': b'-- Up-to-date: /home/mcfb/ros2_ws/install/px4_msgs/include/px4_msgs/px4_msgs/msg/detail/vehicle_angular_acceleration_setpoint__rosidl_typesupport_fastrtps_c.h\n'}
[1.681255] (px4_msgs) StdoutLine: {'line': b'-- Up-to-date: /home/mcfb/ros2_ws/install/px4_msgs/include/px4_msgs/px4_msgs/msg/detail/home_position__rosidl_typesupport_fastrtps_c.h\n'}
[1.681292] (px4_msgs) StdoutLine: {'line': b'-- Up-to-date: /home/mcfb/ros2_ws/install/px4_msgs/include/px4_msgs/px4_msgs/msg/detail/vehicle_rates_setpoint__rosidl_typesupport_fastrtps_c.h\n'}
[1.681330] (px4_msgs) StdoutLine: {'line': b'-- Up-to-date: /home/mcfb/ros2_ws/install/px4_msgs/include/px4_msgs/px4_msgs/msg/detail/open_drone_id_arm_status__rosidl_typesupport_fastrtps_c.h\n'}
[1.681380] (px4_msgs) StdoutLine: {'line': b'-- Up-to-date: /home/mcfb/ros2_ws/install/px4_msgs/include/px4_msgs/px4_msgs/msg/detail/vehicle_acceleration__rosidl_typesupport_fastrtps_c.h\n'}
[1.681444] (px4_msgs) StdoutLine: {'line': b'-- Up-to-date: /home/mcfb/ros2_ws/install/px4_msgs/include/px4_msgs/px4_msgs/msg/detail/hover_thrust_estimate__rosidl_typesupport_fastrtps_c.h\n'}
[1.681488] (px4_msgs) StdoutLine: {'line': b'-- Up-to-date: /home/mcfb/ros2_ws/install/px4_msgs/include/px4_msgs/px4_msgs/msg/detail/vtol_vehicle_status__rosidl_typesupport_fastrtps_c.h\n'}
[1.681547] (px4_msgs) StdoutLine: {'line': b'-- Up-to-date: /home/mcfb/ros2_ws/install/px4_msgs/include/px4_msgs/px4_msgs/msg/detail/timesync_status__rosidl_typesupport_fastrtps_c.h\n'}
[1.681587] (px4_msgs) StdoutLine: {'line': b'-- Up-to-date: /home/mcfb/ros2_ws/install/px4_msgs/include/px4_msgs/px4_msgs/msg/detail/fixed_wing_longitudinal_setpoint__rosidl_typesupport_fastrtps_c.h\n'}
[1.681635] (px4_msgs) StdoutLine: {'line': b'-- Up-to-date: /home/mcfb/ros2_ws/install/px4_msgs/include/px4_msgs/px4_msgs/msg/detail/sensor_airflow__rosidl_typesupport_fastrtps_c.h\n'}
[1.681696] (px4_msgs) StdoutLine: {'line': b'-- Up-to-date: /home/mcfb/ros2_ws/install/px4_msgs/include/px4_msgs/px4_msgs/msg/detail/telemetry_status__rosidl_typesupport_fastrtps_c.h\n'}
[1.681744] (px4_msgs) StdoutLine: {'line': b'-- Up-to-date: /home/mcfb/ros2_ws/install/px4_msgs/include/px4_msgs/px4_msgs/msg/detail/mission__rosidl_typesupport_fastrtps_c.h\n'}
[1.681796] (px4_msgs) StdoutLine: {'line': b'-- Up-to-date: /home/mcfb/ros2_ws/install/px4_msgs/include/px4_msgs/px4_msgs/msg/detail/gimbal_manager_set_manual_control__rosidl_typesupport_fastrtps_c.h\n'}
[1.681831] (px4_msgs) StdoutLine: {'line': b'-- Up-to-date: /home/mcfb/ros2_ws/install/px4_msgs/include/px4_msgs/px4_msgs/msg/detail/gpio_request__rosidl_typesupport_fastrtps_c.h\n'}
[1.681867] (px4_msgs) StdoutLine: {'line': b'-- Up-to-date: /home/mcfb/ros2_ws/install/px4_msgs/include/px4_msgs/px4_msgs/msg/detail/system_power__rosidl_typesupport_fastrtps_c.h\n'}
[1.681905] (px4_msgs) StdoutLine: {'line': b'-- Up-to-date: /home/mcfb/ros2_ws/install/px4_msgs/include/px4_msgs/px4_msgs/msg/detail/neural_control__rosidl_typesupport_fastrtps_c.h\n'}
[1.681940] (px4_msgs) StdoutLine: {'line': b'-- Up-to-date: /home/mcfb/ros2_ws/install/px4_msgs/include/px4_msgs/px4_msgs/msg/detail/rover_attitude_status__rosidl_typesupport_fastrtps_c.h\n'}
[1.681977] (px4_msgs) StdoutLine: {'line': b'-- Up-to-date: /home/mcfb/ros2_ws/install/px4_msgs/include/px4_msgs/px4_msgs/msg/detail/register_ext_component_request__rosidl_typesupport_fastrtps_c.h\n'}
[1.682011] (px4_msgs) StdoutLine: {'line': b'-- Up-to-date: /home/mcfb/ros2_ws/install/px4_msgs/include/px4_msgs/px4_msgs/msg/detail/vehicle_imu__rosidl_typesupport_fastrtps_c.h\n'}
[1.682046] (px4_msgs) StdoutLine: {'line': b'-- Up-to-date: /home/mcfb/ros2_ws/install/px4_msgs/include/px4_msgs/px4_msgs/msg/detail/sensor_gnss_relative__rosidl_typesupport_fastrtps_c.h\n'}
[1.682083] (px4_msgs) StdoutLine: {'line': b'-- Up-to-date: /home/mcfb/ros2_ws/install/px4_msgs/include/px4_msgs/px4_msgs/msg/detail/obstacle_distance__rosidl_typesupport_fastrtps_c.h\n'}
[1.682123] (px4_msgs) StdoutLine: {'line': b'-- Up-to-date: /home/mcfb/ros2_ws/install/px4_msgs/include/px4_msgs/px4_msgs/msg/detail/estimator_event_flags__rosidl_typesupport_fastrtps_c.h\n'}
[1.682157] (px4_msgs) StdoutLine: {'line': b'-- Up-to-date: /home/mcfb/ros2_ws/install/px4_msgs/include/px4_msgs/px4_msgs/msg/rosidl_typesupport_fastrtps_c__visibility_control.h\n'}
[1.682210] (px4_msgs) StdoutLine: {'line': b'-- Up-to-date: /home/mcfb/ros2_ws/install/px4_msgs/lib/libpx4_msgs__rosidl_typesupport_fastrtps_c.so\n'}
[1.682256] (px4_msgs) StdoutLine: {'line': b'-- Up-to-date: /home/mcfb/ros2_ws/install/px4_msgs/include/px4_msgs/px4_msgs\n'}
[1.682318] (px4_msgs) StdoutLine: {'line': b'-- Up-to-date: /home/mcfb/ros2_ws/install/px4_msgs/include/px4_msgs/px4_msgs/srv\n'}
[1.682361] (px4_msgs) StdoutLine: {'line': b'-- Up-to-date: /home/mcfb/ros2_ws/install/px4_msgs/include/px4_msgs/px4_msgs/srv/detail\n'}
[1.682399] (px4_msgs) StdoutLine: {'line': b'-- Up-to-date: /home/mcfb/ros2_ws/install/px4_msgs/include/px4_msgs/px4_msgs/srv/detail/vehicle_command__type_support.hpp\n'}
[1.682446] (px4_msgs) StdoutLine: {'line': b'-- Up-to-date: /home/mcfb/ros2_ws/install/px4_msgs/include/px4_msgs/px4_msgs/srv/detail/vehicle_command__traits.hpp\n'}
[1.682491] (px4_msgs) StdoutLine: {'line': b'-- Up-to-date: /home/mcfb/ros2_ws/install/px4_msgs/include/px4_msgs/px4_msgs/srv/detail/vehicle_command__builder.hpp\n'}
[1.682581] (px4_msgs) StdoutLine: {'line': b'-- Up-to-date: /home/mcfb/ros2_ws/install/px4_msgs/include/px4_msgs/px4_msgs/srv/detail/vehicle_command__struct.hpp\n'}
[1.682661] (px4_msgs) StdoutLine: {'line': b'-- Up-to-date: /home/mcfb/ros2_ws/install/px4_msgs/include/px4_msgs/px4_msgs/srv/vehicle_command.hpp\n'}
[1.682762] (px4_msgs) StdoutLine: {'line': b'-- Up-to-date: /home/mcfb/ros2_ws/install/px4_msgs/include/px4_msgs/px4_msgs/msg\n'}
[1.682846] (px4_msgs) StdoutLine: {'line': b'-- Up-to-date: /home/mcfb/ros2_ws/install/px4_msgs/include/px4_msgs/px4_msgs/msg/estimator_status_flags.hpp\n'}
[1.682903] (px4_msgs) StdoutLine: {'line': b'-- Up-to-date: /home/mcfb/ros2_ws/install/px4_msgs/include/px4_msgs/px4_msgs/msg/estimator_aid_source3d.hpp\n'}
[1.682954] (px4_msgs) StdoutLine: {'line': b'-- Up-to-date: /home/mcfb/ros2_ws/install/px4_msgs/include/px4_msgs/px4_msgs/msg/fixed_wing_lateral_status.hpp\n'}
[1.683011] (px4_msgs) StdoutLine: {'line': b'-- Up-to-date: /home/mcfb/ros2_ws/install/px4_msgs/include/px4_msgs/px4_msgs/msg/fixed_wing_runway_control.hpp\n'}
[1.683081] (px4_msgs) StdoutLine: {'line': b'-- Up-to-date: /home/mcfb/ros2_ws/install/px4_msgs/include/px4_msgs/px4_msgs/msg/vehicle_rates_setpoint.hpp\n'}
[1.683168] (px4_msgs) StdoutLine: {'line': b'-- Up-to-date: /home/mcfb/ros2_ws/install/px4_msgs/include/px4_msgs/px4_msgs/msg/can_interface_status.hpp\n'}
[1.683240] (px4_msgs) StdoutLine: {'line': b'-- Up-to-date: /home/mcfb/ros2_ws/install/px4_msgs/include/px4_msgs/px4_msgs/msg/estimator_sensor_bias.hpp\n'}
[1.683311] (px4_msgs) StdoutLine: {'line': b'-- Up-to-date: /home/mcfb/ros2_ws/install/px4_msgs/include/px4_msgs/px4_msgs/msg/actuator_servos_trim.hpp\n'}
[1.683382] (px4_msgs) StdoutLine: {'line': b'-- Up-to-date: /home/mcfb/ros2_ws/install/px4_msgs/include/px4_msgs/px4_msgs/msg/figure_eight_status.hpp\n'}
[1.683451] (px4_msgs) StdoutLine: {'line': b'-- Up-to-date: /home/mcfb/ros2_ws/install/px4_msgs/include/px4_msgs/px4_msgs/msg/internal_combustion_engine_control.hpp\n'}
[1.683520] (px4_msgs) StdoutLine: {'line': b'-- Up-to-date: /home/mcfb/ros2_ws/install/px4_msgs/include/px4_msgs/px4_msgs/msg/parameter_reset_request.hpp\n'}
[1.683584] (px4_msgs) StdoutLine: {'line': b'-- Up-to-date: /home/mcfb/ros2_ws/install/px4_msgs/include/px4_msgs/px4_msgs/msg/position_controller_landing_status.hpp\n'}
[1.683652] (px4_msgs) StdoutLine: {'line': b'-- Up-to-date: /home/mcfb/ros2_ws/install/px4_msgs/include/px4_msgs/px4_msgs/msg/battery_status.hpp\n'}
[1.683731] (px4_msgs) StdoutLine: {'line': b'-- Up-to-date: /home/mcfb/ros2_ws/install/px4_msgs/include/px4_msgs/px4_msgs/msg/message_format_request.hpp\n'}
[1.683803] (px4_msgs) StdoutLine: {'line': b'-- Up-to-date: /home/mcfb/ros2_ws/install/px4_msgs/include/px4_msgs/px4_msgs/msg/open_drone_id_arm_status.hpp\n'}
[1.683875] (px4_msgs) StdoutLine: {'line': b'-- Up-to-date: /home/mcfb/ros2_ws/install/px4_msgs/include/px4_msgs/px4_msgs/msg/fixed_wing_longitudinal_setpoint.hpp\n'}
[1.683944] (px4_msgs) StdoutLine: {'line': b'-- Up-to-date: /home/mcfb/ros2_ws/install/px4_msgs/include/px4_msgs/px4_msgs/msg/sensor_gnss_status.hpp\n'}
[1.684011] (px4_msgs) StdoutLine: {'line': b'-- Up-to-date: /home/mcfb/ros2_ws/install/px4_msgs/include/px4_msgs/px4_msgs/msg/manual_control_switches.hpp\n'}
[1.684080] (px4_msgs) StdoutLine: {'line': b'-- Up-to-date: /home/mcfb/ros2_ws/install/px4_msgs/include/px4_msgs/px4_msgs/msg/rover_rate_status.hpp\n'}
[1.684148] (px4_msgs) StdoutLine: {'line': b'-- Up-to-date: /home/mcfb/ros2_ws/install/px4_msgs/include/px4_msgs/px4_msgs/msg/telemetry_status.hpp\n'}
[1.684214] (px4_msgs) StdoutLine: {'line': b'-- Up-to-date: /home/mcfb/ros2_ws/install/px4_msgs/include/px4_msgs/px4_msgs/msg/config_overrides.hpp\n'}
[1.684268] (px4_msgs) StdoutLine: {'line': b'-- Up-to-date: /home/mcfb/ros2_ws/install/px4_msgs/include/px4_msgs/px4_msgs/msg/health_report.hpp\n'}
[1.684306] (px4_msgs) StdoutLine: {'line': b'-- Up-to-date: /home/mcfb/ros2_ws/install/px4_msgs/include/px4_msgs/px4_msgs/msg/manual_control_setpoint.hpp\n'}
[1.684340] (px4_msgs) StdoutLine: {'line': b'-- Up-to-date: /home/mcfb/ros2_ws/install/px4_msgs/include/px4_msgs/px4_msgs/msg/qshell_req.hpp\n'}
[1.684375] (px4_msgs) StdoutLine: {'line': b'-- Up-to-date: /home/mcfb/ros2_ws/install/px4_msgs/include/px4_msgs/px4_msgs/msg/position_setpoint.hpp\n'}
[1.684409] (px4_msgs) StdoutLine: {'line': b'-- Up-to-date: /home/mcfb/ros2_ws/install/px4_msgs/include/px4_msgs/px4_msgs/msg/dronecan_node_status.hpp\n'}
[1.684443] (px4_msgs) StdoutLine: {'line': b'-- Up-to-date: /home/mcfb/ros2_ws/install/px4_msgs/include/px4_msgs/px4_msgs/msg/distance_sensor.hpp\n'}
[1.684477] (px4_msgs) StdoutLine: {'line': b'-- Up-to-date: /home/mcfb/ros2_ws/install/px4_msgs/include/px4_msgs/px4_msgs/msg/gimbal_controls.hpp\n'}
[1.684510] (px4_msgs) StdoutLine: {'line': b'-- Up-to-date: /home/mcfb/ros2_ws/install/px4_msgs/include/px4_msgs/px4_msgs/msg/home_position.hpp\n'}
[1.684543] (px4_msgs) StdoutLine: {'line': b'-- Up-to-date: /home/mcfb/ros2_ws/install/px4_msgs/include/px4_msgs/px4_msgs/msg/airspeed_wind.hpp\n'}
[1.684577] (px4_msgs) StdoutLine: {'line': b'-- Up-to-date: /home/mcfb/ros2_ws/install/px4_msgs/include/px4_msgs/px4_msgs/msg/adc_report.hpp\n'}
[1.684611] (px4_msgs) StdoutLine: {'line': b'-- Up-to-date: /home/mcfb/ros2_ws/install/px4_msgs/include/px4_msgs/px4_msgs/msg/landing_target_pose.hpp\n'}
[1.684645] (px4_msgs) StdoutLine: {'line': b'-- Up-to-date: /home/mcfb/ros2_ws/install/px4_msgs/include/px4_msgs/px4_msgs/msg/geofence_status.hpp\n'}
[1.684686] (px4_msgs) StdoutLine: {'line': b'-- Up-to-date: /home/mcfb/ros2_ws/install/px4_msgs/include/px4_msgs/px4_msgs/msg/gimbal_manager_set_manual_control.hpp\n'}
[1.684722] (px4_msgs) StdoutLine: {'line': b'-- Up-to-date: /home/mcfb/ros2_ws/install/px4_msgs/include/px4_msgs/px4_msgs/msg/ekf2_timestamps.hpp\n'}
[1.684757] (px4_msgs) StdoutLine: {'line': b'-- Up-to-date: /home/mcfb/ros2_ws/install/px4_msgs/include/px4_msgs/px4_msgs/msg/sensor_gps.hpp\n'}
[1.684790] (px4_msgs) StdoutLine: {'line': b'-- Up-to-date: /home/mcfb/ros2_ws/install/px4_msgs/include/px4_msgs/px4_msgs/msg/estimator_gps_status.hpp\n'}
[1.684823] (px4_msgs) StdoutLine: {'line': b'-- Up-to-date: /home/mcfb/ros2_ws/install/px4_msgs/include/px4_msgs/px4_msgs/msg/vehicle_imu_status.hpp\n'}
[1.684857] (px4_msgs) StdoutLine: {'line': b'-- Up-to-date: /home/mcfb/ros2_ws/install/px4_msgs/include/px4_msgs/px4_msgs/msg/mavlink_tunnel.hpp\n'}
[1.684891] (px4_msgs) StdoutLine: {'line': b'-- Up-to-date: /home/mcfb/ros2_ws/install/px4_msgs/include/px4_msgs/px4_msgs/msg/gimbal_manager_set_attitude.hpp\n'}
[1.684930] (px4_msgs) StdoutLine: {'line': b'-- Up-to-date: /home/mcfb/ros2_ws/install/px4_msgs/include/px4_msgs/px4_msgs/msg/transponder_report.hpp\n'}
[1.684968] (px4_msgs) StdoutLine: {'line': b'-- Up-to-date: /home/mcfb/ros2_ws/install/px4_msgs/include/px4_msgs/px4_msgs/msg/parameter_update.hpp\n'}
[1.685000] (px4_msgs) StdoutLine: {'line': b'-- Up-to-date: /home/mcfb/ros2_ws/install/px4_msgs/include/px4_msgs/px4_msgs/msg/obstacle_distance.hpp\n'}
[1.685036] (px4_msgs) StdoutLine: {'line': b'-- Up-to-date: /home/mcfb/ros2_ws/install/px4_msgs/include/px4_msgs/px4_msgs/msg/gps_dump.hpp\n'}
[1.685076] (px4_msgs) StdoutLine: {'line': b'-- Up-to-date: /home/mcfb/ros2_ws/install/px4_msgs/include/px4_msgs/px4_msgs/msg/mode_completed.hpp\n'}
[1.685112] (px4_msgs) StdoutLine: {'line': b'-- Up-to-date: /home/mcfb/ros2_ws/install/px4_msgs/include/px4_msgs/px4_msgs/msg/collision_constraints.hpp\n'}
[1.685148] (px4_msgs) StdoutLine: {'line': b'-- Up-to-date: /home/mcfb/ros2_ws/install/px4_msgs/include/px4_msgs/px4_msgs/msg/actuator_servos.hpp\n'}
[1.685184] (px4_msgs) StdoutLine: {'line': b'-- Up-to-date: /home/mcfb/ros2_ws/install/px4_msgs/include/px4_msgs/px4_msgs/msg/position_setpoint_triplet.hpp\n'}
[1.685219] (px4_msgs) StdoutLine: {'line': b'-- Up-to-date: /home/mcfb/ros2_ws/install/px4_msgs/include/px4_msgs/px4_msgs/msg/sensor_gyro_fifo.hpp\n'}
[1.685255] (px4_msgs) StdoutLine: {'line': b'-- Up-to-date: /home/mcfb/ros2_ws/install/px4_msgs/include/px4_msgs/px4_msgs/msg/actuator_motors.hpp\n'}
[1.685291] (px4_msgs) StdoutLine: {'line': b'-- Up-to-date: /home/mcfb/ros2_ws/install/px4_msgs/include/px4_msgs/px4_msgs/msg/follow_target_status.hpp\n'}
[1.685327] (px4_msgs) StdoutLine: {'line': b'-- Up-to-date: /home/mcfb/ros2_ws/install/px4_msgs/include/px4_msgs/px4_msgs/msg/sensor_baro.hpp\n'}
[1.685363] (px4_msgs) StdoutLine: {'line': b'-- Up-to-date: /home/mcfb/ros2_ws/install/px4_msgs/include/px4_msgs/px4_msgs/msg/gimbal_device_set_attitude.hpp\n'}
[1.685396] (px4_msgs) StdoutLine: {'line': b'-- Up-to-date: /home/mcfb/ros2_ws/install/px4_msgs/include/px4_msgs/px4_msgs/msg/arming_check_reply.hpp\n'}
[1.685432] (px4_msgs) StdoutLine: {'line': b'-- Up-to-date: /home/mcfb/ros2_ws/install/px4_msgs/include/px4_msgs/px4_msgs/msg/rover_speed_status.hpp\n'}
[1.685466] (px4_msgs) StdoutLine: {'line': b'-- Up-to-date: /home/mcfb/ros2_ws/install/px4_msgs/include/px4_msgs/px4_msgs/msg/sensor_airflow.hpp\n'}
[1.685501] (px4_msgs) StdoutLine: {'line': b'-- Up-to-date: /home/mcfb/ros2_ws/install/px4_msgs/include/px4_msgs/px4_msgs/msg/uavcan_parameter_value.hpp\n'}
[1.685536] (px4_msgs) StdoutLine: {'line': b'-- Up-to-date: /home/mcfb/ros2_ws/install/px4_msgs/include/px4_msgs/px4_msgs/msg/unregister_ext_component.hpp\n'}
[1.685571] (px4_msgs) StdoutLine: {'line': b'-- Up-to-date: /home/mcfb/ros2_ws/install/px4_msgs/include/px4_msgs/px4_msgs/msg/ulog_stream.hpp\n'}
[1.685606] (px4_msgs) StdoutLine: {'line': b'-- Up-to-date: /home/mcfb/ros2_ws/install/px4_msgs/include/px4_msgs/px4_msgs/msg/sensor_optical_flow.hpp\n'}
[1.685644] (px4_msgs) StdoutLine: {'line': b'-- Up-to-date: /home/mcfb/ros2_ws/install/px4_msgs/include/px4_msgs/px4_msgs/msg/arming_check_request.hpp\n'}
[1.685764] (px4_msgs) StdoutLine: {'line': b'-- Up-to-date: /home/mcfb/ros2_ws/install/px4_msgs/include/px4_msgs/px4_msgs/msg/sensor_accel_fifo.hpp\n'}
[1.685818] (px4_msgs) StdoutLine: {'line': b'-- Up-to-date: /home/mcfb/ros2_ws/install/px4_msgs/include/px4_msgs/px4_msgs/msg/task_stack_info.hpp\n'}
[1.685865] (px4_msgs) StdoutLine: {'line': b'-- Up-to-date: /home/mcfb/ros2_ws/install/px4_msgs/include/px4_msgs/px4_msgs/msg/rover_steering_setpoint.hpp\n'}
[1.685903] (px4_msgs) StdoutLine: {'line': b'-- Up-to-date: /home/mcfb/ros2_ws/install/px4_msgs/include/px4_msgs/px4_msgs/msg/rpm.hpp\n'}
[1.685938] (px4_msgs) StdoutLine: {'line': b'-- Up-to-date: /home/mcfb/ros2_ws/install/px4_msgs/include/px4_msgs/px4_msgs/msg/debug_vect.hpp\n'}
[1.685973] (px4_msgs) StdoutLine: {'line': b'-- Up-to-date: /home/mcfb/ros2_ws/install/px4_msgs/include/px4_msgs/px4_msgs/msg/tecs_status.hpp\n'}
[1.686007] (px4_msgs) StdoutLine: {'line': b'-- Up-to-date: /home/mcfb/ros2_ws/install/px4_msgs/include/px4_msgs/px4_msgs/msg/vehicle_imu.hpp\n'}
[1.686056] (px4_msgs) StdoutLine: {'line': b'-- Up-to-date: /home/mcfb/ros2_ws/install/px4_msgs/include/px4_msgs/px4_msgs/msg/vtol_vehicle_status.hpp\n'}
[1.686091] (px4_msgs) StdoutLine: {'line': b'-- Up-to-date: /home/mcfb/ros2_ws/install/px4_msgs/include/px4_msgs/px4_msgs/msg/pure_pursuit_status.hpp\n'}
[1.686127] (px4_msgs) StdoutLine: {'line': b'-- Up-to-date: /home/mcfb/ros2_ws/install/px4_msgs/include/px4_msgs/px4_msgs/msg/mission_result.hpp\n'}
[1.686169] (px4_msgs) StdoutLine: {'line': b'-- Up-to-date: /home/mcfb/ros2_ws/install/px4_msgs/include/px4_msgs/px4_msgs/msg/rc_parameter_map.hpp\n'}
[1.686210] (px4_msgs) StdoutLine: {'line': b'-- Up-to-date: /home/mcfb/ros2_ws/install/px4_msgs/include/px4_msgs/px4_msgs/msg/control_allocator_status.hpp\n'}
[1.686267] (px4_msgs) StdoutLine: {'line': b'-- Up-to-date: /home/mcfb/ros2_ws/install/px4_msgs/include/px4_msgs/px4_msgs/msg/vehicle_local_position_setpoint.hpp\n'}
[1.686317] (px4_msgs) StdoutLine: {'line': b'-- Up-to-date: /home/mcfb/ros2_ws/install/px4_msgs/include/px4_msgs/px4_msgs/msg/vehicle_torque_setpoint.hpp\n'}
[1.686361] (px4_msgs) StdoutLine: {'line': b'-- Up-to-date: /home/mcfb/ros2_ws/install/px4_msgs/include/px4_msgs/px4_msgs/msg/actuator_test.hpp\n'}
[1.686404] (px4_msgs) StdoutLine: {'line': b'-- Up-to-date: /home/mcfb/ros2_ws/install/px4_msgs/include/px4_msgs/px4_msgs/msg/sensors_status.hpp\n'}
[1.686452] (px4_msgs) StdoutLine: {'line': b'-- Up-to-date: /home/mcfb/ros2_ws/install/px4_msgs/include/px4_msgs/px4_msgs/msg/iridiumsbd_status.hpp\n'}
[1.686490] (px4_msgs) StdoutLine: {'line': b'-- Up-to-date: /home/mcfb/ros2_ws/install/px4_msgs/include/px4_msgs/px4_msgs/msg/sensor_selection.hpp\n'}
[1.686526] (px4_msgs) StdoutLine: {'line': b'-- Up-to-date: /home/mcfb/ros2_ws/install/px4_msgs/include/px4_msgs/px4_msgs/msg/gpio_out.hpp\n'}
[1.686564] (px4_msgs) StdoutLine: {'line': b'-- Up-to-date: /home/mcfb/ros2_ws/install/px4_msgs/include/px4_msgs/px4_msgs/msg/system_power.hpp\n'}
[1.686600] (px4_msgs) StdoutLine: {'line': b'-- Up-to-date: /home/mcfb/ros2_ws/install/px4_msgs/include/px4_msgs/px4_msgs/msg/normalized_unsigned_setpoint.hpp\n'}
[1.686635] (px4_msgs) StdoutLine: {'line': b'-- Up-to-date: /home/mcfb/ros2_ws/install/px4_msgs/include/px4_msgs/px4_msgs/msg/orb_test.hpp\n'}
[1.686671] (px4_msgs) StdoutLine: {'line': b'-- Up-to-date: /home/mcfb/ros2_ws/install/px4_msgs/include/px4_msgs/px4_msgs/msg/sensor_correction.hpp\n'}
[1.686730] (px4_msgs) StdoutLine: {'line': b'-- Up-to-date: /home/mcfb/ros2_ws/install/px4_msgs/include/px4_msgs/px4_msgs/msg/navigator_status.hpp\n'}
[1.686765] (px4_msgs) StdoutLine: {'line': b'-- Up-to-date: /home/mcfb/ros2_ws/install/px4_msgs/include/px4_msgs/px4_msgs/msg/pwm_input.hpp\n'}
[1.686801] (px4_msgs) StdoutLine: {'line': b'-- Up-to-date: /home/mcfb/ros2_ws/install/px4_msgs/include/px4_msgs/px4_msgs/msg/wind.hpp\n'}
[1.686836] (px4_msgs) StdoutLine: {'line': b'-- Up-to-date: /home/mcfb/ros2_ws/install/px4_msgs/include/px4_msgs/px4_msgs/msg/rtl_time_estimate.hpp\n'}
[1.686873] (px4_msgs) StdoutLine: {'line': b'-- Up-to-date: /home/mcfb/ros2_ws/install/px4_msgs/include/px4_msgs/px4_msgs/msg/airspeed_validated.hpp\n'}
[1.686912] (px4_msgs) StdoutLine: {'line': b'-- Up-to-date: /home/mcfb/ros2_ws/install/px4_msgs/include/px4_msgs/px4_msgs/msg/power_button_state.hpp\n'}
[1.686951] (px4_msgs) StdoutLine: {'line': b'-- Up-to-date: /home/mcfb/ros2_ws/install/px4_msgs/include/px4_msgs/px4_msgs/msg/vehicle_magnetometer.hpp\n'}
[1.686987] (px4_msgs) StdoutLine: {'line': b'-- Up-to-date: /home/mcfb/ros2_ws/install/px4_msgs/include/px4_msgs/px4_msgs/msg/radio_status.hpp\n'}
[1.687023] (px4_msgs) StdoutLine: {'line': b'-- Up-to-date: /home/mcfb/ros2_ws/install/px4_msgs/include/px4_msgs/px4_msgs/msg/dataman_response.hpp\n'}
[1.687062] (px4_msgs) StdoutLine: {'line': b'-- Up-to-date: /home/mcfb/ros2_ws/install/px4_msgs/include/px4_msgs/px4_msgs/msg/irlock_report.hpp\n'}
[1.687101] (px4_msgs) StdoutLine: {'line': b'-- Up-to-date: /home/mcfb/ros2_ws/install/px4_msgs/include/px4_msgs/px4_msgs/msg/vehicle_air_data.hpp\n'}
[1.687144] (px4_msgs) StdoutLine: {'line': b'-- Up-to-date: /home/mcfb/ros2_ws/install/px4_msgs/include/px4_msgs/px4_msgs/msg/heater_status.hpp\n'}
[1.687183] (px4_msgs) StdoutLine: {'line': b'-- Up-to-date: /home/mcfb/ros2_ws/install/px4_msgs/include/px4_msgs/px4_msgs/msg/lateral_control_configuration.hpp\n'}
[1.687221] (px4_msgs) StdoutLine: {'line': b'-- Up-to-date: /home/mcfb/ros2_ws/install/px4_msgs/include/px4_msgs/px4_msgs/msg/estimator_states.hpp\n'}
[1.687258] (px4_msgs) StdoutLine: {'line': b'-- Up-to-date: /home/mcfb/ros2_ws/install/px4_msgs/include/px4_msgs/px4_msgs/msg/position_controller_status.hpp\n'}
[1.687301] (px4_msgs) StdoutLine: {'line': b'-- Up-to-date: /home/mcfb/ros2_ws/install/px4_msgs/include/px4_msgs/px4_msgs/msg/vehicle_angular_acceleration_setpoint.hpp\n'}
[1.687343] (px4_msgs) StdoutLine: {'line': b'-- Up-to-date: /home/mcfb/ros2_ws/install/px4_msgs/include/px4_msgs/px4_msgs/msg/fuel_tank_status.hpp\n'}
[1.687377] (px4_msgs) StdoutLine: {'line': b'-- Up-to-date: /home/mcfb/ros2_ws/install/px4_msgs/include/px4_msgs/px4_msgs/msg/rover_position_setpoint.hpp\n'}
[1.687411] (px4_msgs) StdoutLine: {'line': b'-- Up-to-date: /home/mcfb/ros2_ws/install/px4_msgs/include/px4_msgs/px4_msgs/msg/sensors_status_imu.hpp\n'}
[1.687443] (px4_msgs) StdoutLine: {'line': b'-- Up-to-date: /home/mcfb/ros2_ws/install/px4_msgs/include/px4_msgs/px4_msgs/msg/follow_target.hpp\n'}
[1.687476] (px4_msgs) StdoutLine: {'line': b'-- Up-to-date: /home/mcfb/ros2_ws/install/px4_msgs/include/px4_msgs/px4_msgs/msg/launch_detection_status.hpp\n'}
[1.687509] (px4_msgs) StdoutLine: {'line': b'-- Up-to-date: /home/mcfb/ros2_ws/install/px4_msgs/include/px4_msgs/px4_msgs/msg/sensor_accel.hpp\n'}
[1.687541] (px4_msgs) StdoutLine: {'line': b'-- Up-to-date: /home/mcfb/ros2_ws/install/px4_msgs/include/px4_msgs/px4_msgs/msg/vehicle_constraints.hpp\n'}
[1.687574] (px4_msgs) StdoutLine: {'line': b'-- Up-to-date: /home/mcfb/ros2_ws/install/px4_msgs/include/px4_msgs/px4_msgs/msg/open_drone_id_self_id.hpp\n'}
[1.687607] (px4_msgs) StdoutLine: {'line': b'-- Up-to-date: /home/mcfb/ros2_ws/install/px4_msgs/include/px4_msgs/px4_msgs/msg/rtl_status.hpp\n'}
[1.687640] (px4_msgs) StdoutLine: {'line': b'-- Up-to-date: /home/mcfb/ros2_ws/install/px4_msgs/include/px4_msgs/px4_msgs/msg/satellite_info.hpp\n'}
[1.687672] (px4_msgs) StdoutLine: {'line': b'-- Up-to-date: /home/mcfb/ros2_ws/install/px4_msgs/include/px4_msgs/px4_msgs/msg/parameter_set_used_request.hpp\n'}
[1.687715] (px4_msgs) StdoutLine: {'line': b'-- Up-to-date: /home/mcfb/ros2_ws/install/px4_msgs/include/px4_msgs/px4_msgs/msg/detail\n'}
[1.687747] (px4_msgs) StdoutLine: {'line': b'-- Up-to-date: /home/mcfb/ros2_ws/install/px4_msgs/include/px4_msgs/px4_msgs/msg/detail/message_format_request__type_support.hpp\n'}
[1.687785] (px4_msgs) StdoutLine: {'line': b'-- Up-to-date: /home/mcfb/ros2_ws/install/px4_msgs/include/px4_msgs/px4_msgs/msg/detail/navigator_status__builder.hpp\n'}
[1.687818] (px4_msgs) StdoutLine: {'line': b'-- Up-to-date: /home/mcfb/ros2_ws/install/px4_msgs/include/px4_msgs/px4_msgs/msg/detail/rover_rate_setpoint__struct.hpp\n'}
[1.687851] (px4_msgs) StdoutLine: {'line': b'-- Up-to-date: /home/mcfb/ros2_ws/install/px4_msgs/include/px4_msgs/px4_msgs/msg/detail/system_power__struct.hpp\n'}
[1.687885] (px4_msgs) StdoutLine: {'line': b'-- Up-to-date: /home/mcfb/ros2_ws/install/px4_msgs/include/px4_msgs/px4_msgs/msg/detail/dronecan_node_status__builder.hpp\n'}
[1.687919] (px4_msgs) StdoutLine: {'line': b'-- Up-to-date: /home/mcfb/ros2_ws/install/px4_msgs/include/px4_msgs/px4_msgs/msg/detail/estimator_selector_status__traits.hpp\n'}
[1.687953] (px4_msgs) StdoutLine: {'line': b'-- Up-to-date: /home/mcfb/ros2_ws/install/px4_msgs/include/px4_msgs/px4_msgs/msg/detail/estimator_status_flags__builder.hpp\n'}
[1.687987] (px4_msgs) StdoutLine: {'line': b'-- Up-to-date: /home/mcfb/ros2_ws/install/px4_msgs/include/px4_msgs/px4_msgs/msg/detail/input_rc__type_support.hpp\n'}
[1.688021] (px4_msgs) StdoutLine: {'line': b'-- Up-to-date: /home/mcfb/ros2_ws/install/px4_msgs/include/px4_msgs/px4_msgs/msg/detail/estimator_innovations__struct.hpp\n'}
[1.688057] (px4_msgs) StdoutLine: {'line': b'-- Up-to-date: /home/mcfb/ros2_ws/install/px4_msgs/include/px4_msgs/px4_msgs/msg/detail/camera_trigger__traits.hpp\n'}
[1.688095] (px4_msgs) StdoutLine: {'line': b'-- Up-to-date: /home/mcfb/ros2_ws/install/px4_msgs/include/px4_msgs/px4_msgs/msg/detail/vehicle_land_detected__type_support.hpp\n'}
[1.688128] (px4_msgs) StdoutLine: {'line': b'-- Up-to-date: /home/mcfb/ros2_ws/install/px4_msgs/include/px4_msgs/px4_msgs/msg/detail/uavcan_parameter_request__type_support.hpp\n'}
[1.688162] (px4_msgs) StdoutLine: {'line': b'-- Up-to-date: /home/mcfb/ros2_ws/install/px4_msgs/include/px4_msgs/px4_msgs/msg/detail/trajectory_setpoint__struct.hpp\n'}
[1.688195] (px4_msgs) StdoutLine: {'line': b'-- Up-to-date: /home/mcfb/ros2_ws/install/px4_msgs/include/px4_msgs/px4_msgs/msg/detail/unregister_ext_component__builder.hpp\n'}
[1.688228] (px4_msgs) StdoutLine: {'line': b'-- Up-to-date: /home/mcfb/ros2_ws/install/px4_msgs/include/px4_msgs/px4_msgs/msg/detail/battery_info__builder.hpp\n'}
[1.688260] (px4_msgs) StdoutLine: {'line': b'-- Up-to-date: /home/mcfb/ros2_ws/install/px4_msgs/include/px4_msgs/px4_msgs/msg/detail/estimator_aid_source2d__traits.hpp\n'}
[1.688293] (px4_msgs) StdoutLine: {'line': b'-- Up-to-date: /home/mcfb/ros2_ws/install/px4_msgs/include/px4_msgs/px4_msgs/msg/detail/gps_dump__type_support.hpp\n'}
[1.688327] (px4_msgs) StdoutLine: {'line': b'-- Up-to-date: /home/mcfb/ros2_ws/install/px4_msgs/include/px4_msgs/px4_msgs/msg/detail/position_controller_status__builder.hpp\n'}
[1.688379] (px4_msgs) StdoutLine: {'line': b'-- Up-to-date: /home/mcfb/ros2_ws/install/px4_msgs/include/px4_msgs/px4_msgs/msg/detail/telemetry_status__struct.hpp\n'}
[1.688416] (px4_msgs) StdoutLine: {'line': b'-- Up-to-date: /home/mcfb/ros2_ws/install/px4_msgs/include/px4_msgs/px4_msgs/msg/detail/vehicle_land_detected__builder.hpp\n'}
[1.688451] (px4_msgs) StdoutLine: {'line': b'-- Up-to-date: /home/mcfb/ros2_ws/install/px4_msgs/include/px4_msgs/px4_msgs/msg/detail/sensor_airflow__type_support.hpp\n'}
[1.688487] (px4_msgs) StdoutLine: {'line': b'-- Up-to-date: /home/mcfb/ros2_ws/install/px4_msgs/include/px4_msgs/px4_msgs/msg/detail/vehicle_magnetometer__builder.hpp\n'}
[1.688524] (px4_msgs) StdoutLine: {'line': b'-- Up-to-date: /home/mcfb/ros2_ws/install/px4_msgs/include/px4_msgs/px4_msgs/msg/detail/vehicle_control_mode__builder.hpp\n'}
[1.688561] (px4_msgs) StdoutLine: {'line': b'-- Up-to-date: /home/mcfb/ros2_ws/install/px4_msgs/include/px4_msgs/px4_msgs/msg/detail/gimbal_manager_status__builder.hpp\n'}
[1.688598] (px4_msgs) StdoutLine: {'line': b'-- Up-to-date: /home/mcfb/ros2_ws/install/px4_msgs/include/px4_msgs/px4_msgs/msg/detail/collision_constraints__type_support.hpp\n'}
[1.688635] (px4_msgs) StdoutLine: {'line': b'-- Up-to-date: /home/mcfb/ros2_ws/install/px4_msgs/include/px4_msgs/px4_msgs/msg/detail/rover_rate_setpoint__traits.hpp\n'}
[1.688679] (px4_msgs) StdoutLine: {'line': b'-- Up-to-date: /home/mcfb/ros2_ws/install/px4_msgs/include/px4_msgs/px4_msgs/msg/detail/differential_pressure__builder.hpp\n'}
[1.688728] (px4_msgs) StdoutLine: {'line': b'-- Up-to-date: /home/mcfb/ros2_ws/install/px4_msgs/include/px4_msgs/px4_msgs/msg/detail/estimator_innovations__traits.hpp\n'}
[1.688765] (px4_msgs) StdoutLine: {'line': b'-- Up-to-date: /home/mcfb/ros2_ws/install/px4_msgs/include/px4_msgs/px4_msgs/msg/detail/rover_attitude_status__type_support.hpp\n'}
[1.688802] (px4_msgs) StdoutLine: {'line': b'-- Up-to-date: /home/mcfb/ros2_ws/install/px4_msgs/include/px4_msgs/px4_msgs/msg/detail/gimbal_manager_status__traits.hpp\n'}
[1.688838] (px4_msgs) StdoutLine: {'line': b'-- Up-to-date: /home/mcfb/ros2_ws/install/px4_msgs/include/px4_msgs/px4_msgs/msg/detail/yaw_estimator_status__builder.hpp\n'}
[1.688877] (px4_msgs) StdoutLine: {'line': b'-- Up-to-date: /home/mcfb/ros2_ws/install/px4_msgs/include/px4_msgs/px4_msgs/msg/detail/dataman_request__type_support.hpp\n'}
[1.688914] (px4_msgs) StdoutLine: {'line': b'-- Up-to-date: /home/mcfb/ros2_ws/install/px4_msgs/include/px4_msgs/px4_msgs/msg/detail/goto_setpoint__builder.hpp\n'}
[1.688961] (px4_msgs) StdoutLine: {'line': b'-- Up-to-date: /home/mcfb/ros2_ws/install/px4_msgs/include/px4_msgs/px4_msgs/msg/detail/takeoff_status__builder.hpp\n'}
[1.689000] (px4_msgs) StdoutLine: {'line': b'-- Up-to-date: /home/mcfb/ros2_ws/install/px4_msgs/include/px4_msgs/px4_msgs/msg/detail/vehicle_imu_status__builder.hpp\n'}
[1.689036] (px4_msgs) StdoutLine: {'line': b'-- Up-to-date: /home/mcfb/ros2_ws/install/px4_msgs/include/px4_msgs/px4_msgs/msg/detail/vehicle_angular_velocity__builder.hpp\n'}
[1.689072] (px4_msgs) StdoutLine: {'line': b'-- Up-to-date: /home/mcfb/ros2_ws/install/px4_msgs/include/px4_msgs/px4_msgs/msg/detail/actuator_servos__builder.hpp\n'}
[1.689106] (px4_msgs) StdoutLine: {'line': b'-- Up-to-date: /home/mcfb/ros2_ws/install/px4_msgs/include/px4_msgs/px4_msgs/msg/detail/offboard_control_mode__type_support.hpp\n'}
[1.689140] (px4_msgs) StdoutLine: {'line': b'-- Up-to-date: /home/mcfb/ros2_ws/install/px4_msgs/include/px4_msgs/px4_msgs/msg/detail/open_drone_id_self_id__traits.hpp\n'}
[1.689172] (px4_msgs) StdoutLine: {'line': b'-- Up-to-date: /home/mcfb/ros2_ws/install/px4_msgs/include/px4_msgs/px4_msgs/msg/detail/sensor_gyro_fifo__type_support.hpp\n'}
[1.689205] (px4_msgs) StdoutLine: {'line': b'-- Up-to-date: /home/mcfb/ros2_ws/install/px4_msgs/include/px4_msgs/px4_msgs/msg/detail/gimbal_controls__struct.hpp\n'}
[1.689237] (px4_msgs) StdoutLine: {'line': b'-- Up-to-date: /home/mcfb/ros2_ws/install/px4_msgs/include/px4_msgs/px4_msgs/msg/detail/vehicle_imu_status__type_support.hpp\n'}
[1.689270] (px4_msgs) StdoutLine: {'line': b'-- Up-to-date: /home/mcfb/ros2_ws/install/px4_msgs/include/px4_msgs/px4_msgs/msg/detail/neural_control__type_support.hpp\n'}
[1.689304] (px4_msgs) StdoutLine: {'line': b'-- Up-to-date: /home/mcfb/ros2_ws/install/px4_msgs/include/px4_msgs/px4_msgs/msg/detail/estimator_status_flags__struct.hpp\n'}
[1.689341] (px4_msgs) StdoutLine: {'line': b'-- Up-to-date: /home/mcfb/ros2_ws/install/px4_msgs/include/px4_msgs/px4_msgs/msg/detail/gpio_request__type_support.hpp\n'}
[1.689374] (px4_msgs) StdoutLine: {'line': b'-- Up-to-date: /home/mcfb/ros2_ws/install/px4_msgs/include/px4_msgs/px4_msgs/msg/detail/message_format_response__struct.hpp\n'}
[1.689405] (px4_msgs) StdoutLine: {'line': b'-- Up-to-date: /home/mcfb/ros2_ws/install/px4_msgs/include/px4_msgs/px4_msgs/msg/detail/lateral_control_configuration__struct.hpp\n'}
[1.689438] (px4_msgs) StdoutLine: {'line': b'-- Up-to-date: /home/mcfb/ros2_ws/install/px4_msgs/include/px4_msgs/px4_msgs/msg/detail/flight_phase_estimation__type_support.hpp\n'}
[1.689470] (px4_msgs) StdoutLine: {'line': b'-- Up-to-date: /home/mcfb/ros2_ws/install/px4_msgs/include/px4_msgs/px4_msgs/msg/detail/vehicle_command_ack__builder.hpp\n'}
[1.689502] (px4_msgs) StdoutLine: {'line': b'-- Up-to-date: /home/mcfb/ros2_ws/install/px4_msgs/include/px4_msgs/px4_msgs/msg/detail/obstacle_distance__traits.hpp\n'}
[1.689533] (px4_msgs) StdoutLine: {'line': b'-- Up-to-date: /home/mcfb/ros2_ws/install/px4_msgs/include/px4_msgs/px4_msgs/msg/detail/tiltrotor_extra_controls__type_support.hpp\n'}
[1.689565] (px4_msgs) StdoutLine: {'line': b'-- Up-to-date: /home/mcfb/ros2_ws/install/px4_msgs/include/px4_msgs/px4_msgs/msg/detail/sensor_accel_fifo__struct.hpp\n'}
[1.689600] (px4_msgs) StdoutLine: {'line': b'-- Up-to-date: /home/mcfb/ros2_ws/install/px4_msgs/include/px4_msgs/px4_msgs/msg/detail/battery_status__traits.hpp\n'}
[1.689635] (px4_msgs) StdoutLine: {'line': b'-- Up-to-date: /home/mcfb/ros2_ws/install/px4_msgs/include/px4_msgs/px4_msgs/msg/detail/landing_target_pose__struct.hpp\n'}
[1.689672] (px4_msgs) StdoutLine: {'line': b'-- Up-to-date: /home/mcfb/ros2_ws/install/px4_msgs/include/px4_msgs/px4_msgs/msg/detail/telemetry_status__traits.hpp\n'}
[1.689724] (px4_msgs) StdoutLine: {'line': b'-- Up-to-date: /home/mcfb/ros2_ws/install/px4_msgs/include/px4_msgs/px4_msgs/msg/detail/vehicle_angular_velocity__type_support.hpp\n'}
[1.689766] (px4_msgs) StdoutLine: {'line': b'-- Up-to-date: /home/mcfb/ros2_ws/install/px4_msgs/include/px4_msgs/px4_msgs/msg/detail/lateral_control_configuration__builder.hpp\n'}
[1.689806] (px4_msgs) StdoutLine: {'line': b'-- Up-to-date: /home/mcfb/ros2_ws/install/px4_msgs/include/px4_msgs/px4_msgs/msg/detail/sensors_status_imu__builder.hpp\n'}
[1.689856] (px4_msgs) StdoutLine: {'line': b'-- Up-to-date: /home/mcfb/ros2_ws/install/px4_msgs/include/px4_msgs/px4_msgs/msg/detail/action_request__type_support.hpp\n'}
[1.689908] (px4_msgs) StdoutLine: {'line': b'-- Up-to-date: /home/mcfb/ros2_ws/install/px4_msgs/include/px4_msgs/px4_msgs/msg/detail/gimbal_manager_set_manual_control__traits.hpp\n'}
[1.689943] (px4_msgs) StdoutLine: {'line': b'-- Up-to-date: /home/mcfb/ros2_ws/install/px4_msgs/include/px4_msgs/px4_msgs/msg/detail/power_monitor__builder.hpp\n'}
[1.689976] (px4_msgs) StdoutLine: {'line': b'-- Up-to-date: /home/mcfb/ros2_ws/install/px4_msgs/include/px4_msgs/px4_msgs/msg/detail/estimator_gps_status__traits.hpp\n'}
[1.690010] (px4_msgs) StdoutLine: {'line': b'-- Up-to-date: /home/mcfb/ros2_ws/install/px4_msgs/include/px4_msgs/px4_msgs/msg/detail/rc_parameter_map__struct.hpp\n'}
[1.690043] (px4_msgs) StdoutLine: {'line': b'-- Up-to-date: /home/mcfb/ros2_ws/install/px4_msgs/include/px4_msgs/px4_msgs/msg/detail/config_overrides__struct.hpp\n'}
[1.690079] (px4_msgs) StdoutLine: {'line': b'-- Up-to-date: /home/mcfb/ros2_ws/install/px4_msgs/include/px4_msgs/px4_msgs/msg/detail/follow_target__builder.hpp\n'}
[1.690116] (px4_msgs) StdoutLine: {'line': b'-- Up-to-date: /home/mcfb/ros2_ws/install/px4_msgs/include/px4_msgs/px4_msgs/msg/detail/estimator_bias__builder.hpp\n'}
[1.690168] (px4_msgs) StdoutLine: {'line': b'-- Up-to-date: /home/mcfb/ros2_ws/install/px4_msgs/include/px4_msgs/px4_msgs/msg/detail/sensor_accel_fifo__builder.hpp\n'}
[1.690208] (px4_msgs) StdoutLine: {'line': b'-- Up-to-date: /home/mcfb/ros2_ws/install/px4_msgs/include/px4_msgs/px4_msgs/msg/detail/landing_target_pose__builder.hpp\n'}
[1.690253] (px4_msgs) StdoutLine: {'line': b'-- Up-to-date: /home/mcfb/ros2_ws/install/px4_msgs/include/px4_msgs/px4_msgs/msg/detail/actuator_servos__type_support.hpp\n'}
[1.690286] (px4_msgs) StdoutLine: {'line': b'-- Up-to-date: /home/mcfb/ros2_ws/install/px4_msgs/include/px4_msgs/px4_msgs/msg/detail/obstacle_distance__struct.hpp\n'}
[1.690321] (px4_msgs) StdoutLine: {'line': b'-- Up-to-date: /home/mcfb/ros2_ws/install/px4_msgs/include/px4_msgs/px4_msgs/msg/detail/generator_status__struct.hpp\n'}
[1.690356] (px4_msgs) StdoutLine: {'line': b'-- Up-to-date: /home/mcfb/ros2_ws/install/px4_msgs/include/px4_msgs/px4_msgs/msg/detail/mavlink_tunnel__traits.hpp\n'}
[1.690394] (px4_msgs) StdoutLine: {'line': b'-- Up-to-date: /home/mcfb/ros2_ws/install/px4_msgs/include/px4_msgs/px4_msgs/msg/detail/vtol_vehicle_status__builder.hpp\n'}
[1.690433] (px4_msgs) StdoutLine: {'line': b'-- Up-to-date: /home/mcfb/ros2_ws/install/px4_msgs/include/px4_msgs/px4_msgs/msg/detail/lateral_control_configuration__traits.hpp\n'}
[1.690468] (px4_msgs) StdoutLine: {'line': b'-- Up-to-date: /home/mcfb/ros2_ws/install/px4_msgs/include/px4_msgs/px4_msgs/msg/detail/gimbal_manager_set_manual_control__struct.hpp\n'}
[1.690501] (px4_msgs) StdoutLine: {'line': b'-- Up-to-date: /home/mcfb/ros2_ws/install/px4_msgs/include/px4_msgs/px4_msgs/msg/detail/longitudinal_control_configuration__type_support.hpp\n'}
[1.690535] (px4_msgs) StdoutLine: {'line': b'-- Up-to-date: /home/mcfb/ros2_ws/install/px4_msgs/include/px4_msgs/px4_msgs/msg/detail/open_drone_id_arm_status__struct.hpp\n'}
[1.690573] (px4_msgs) StdoutLine: {'line': b'-- Up-to-date: /home/mcfb/ros2_ws/install/px4_msgs/include/px4_msgs/px4_msgs/msg/detail/battery_status__type_support.hpp\n'}
[1.690605] (px4_msgs) StdoutLine: {'line': b'-- Up-to-date: /home/mcfb/ros2_ws/install/px4_msgs/include/px4_msgs/px4_msgs/msg/detail/magnetometer_bias_estimate__traits.hpp\n'}
[1.690638] (px4_msgs) StdoutLine: {'line': b'-- Up-to-date: /home/mcfb/ros2_ws/install/px4_msgs/include/px4_msgs/px4_msgs/msg/detail/airspeed__builder.hpp\n'}
[1.690671] (px4_msgs) StdoutLine: {'line': b'-- Up-to-date: /home/mcfb/ros2_ws/install/px4_msgs/include/px4_msgs/px4_msgs/msg/detail/event__builder.hpp\n'}
[1.690717] (px4_msgs) StdoutLine: {'line': b'-- Up-to-date: /home/mcfb/ros2_ws/install/px4_msgs/include/px4_msgs/px4_msgs/msg/detail/mission__builder.hpp\n'}
[1.690750] (px4_msgs) StdoutLine: {'line': b'-- Up-to-date: /home/mcfb/ros2_ws/install/px4_msgs/include/px4_msgs/px4_msgs/msg/detail/vehicle_air_data__builder.hpp\n'}
[1.690782] (px4_msgs) StdoutLine: {'line': b'-- Up-to-date: /home/mcfb/ros2_ws/install/px4_msgs/include/px4_msgs/px4_msgs/msg/detail/vehicle_land_detected__traits.hpp\n'}
[1.690818] (px4_msgs) StdoutLine: {'line': b'-- Up-to-date: /home/mcfb/ros2_ws/install/px4_msgs/include/px4_msgs/px4_msgs/msg/detail/rover_rate_setpoint__builder.hpp\n'}
[1.690849] (px4_msgs) StdoutLine: {'line': b'-- Up-to-date: /home/mcfb/ros2_ws/install/px4_msgs/include/px4_msgs/px4_msgs/msg/detail/debug_array__builder.hpp\n'}
[1.690882] (px4_msgs) StdoutLine: {'line': b'-- Up-to-date: /home/mcfb/ros2_ws/install/px4_msgs/include/px4_msgs/px4_msgs/msg/detail/parameter_set_value_response__struct.hpp\n'}
[1.690915] (px4_msgs) StdoutLine: {'line': b'-- Up-to-date: /home/mcfb/ros2_ws/install/px4_msgs/include/px4_msgs/px4_msgs/msg/detail/collision_constraints__struct.hpp\n'}
[1.690948] (px4_msgs) StdoutLine: {'line': b'-- Up-to-date: /home/mcfb/ros2_ws/install/px4_msgs/include/px4_msgs/px4_msgs/msg/detail/log_message__struct.hpp\n'}
[1.690981] (px4_msgs) StdoutLine: {'line': b'-- Up-to-date: /home/mcfb/ros2_ws/install/px4_msgs/include/px4_msgs/px4_msgs/msg/detail/pps_capture__traits.hpp\n'}
[1.691014] (px4_msgs) StdoutLine: {'line': b'-- Up-to-date: /home/mcfb/ros2_ws/install/px4_msgs/include/px4_msgs/px4_msgs/msg/detail/battery_status__builder.hpp\n'}
[1.691047] (px4_msgs) StdoutLine: {'line': b'-- Up-to-date: /home/mcfb/ros2_ws/install/px4_msgs/include/px4_msgs/px4_msgs/msg/detail/mount_orientation__type_support.hpp\n'}
[1.691080] (px4_msgs) StdoutLine: {'line': b'-- Up-to-date: /home/mcfb/ros2_ws/install/px4_msgs/include/px4_msgs/px4_msgs/msg/detail/rover_speed_status__builder.hpp\n'}
[1.691113] (px4_msgs) StdoutLine: {'line': b'-- Up-to-date: /home/mcfb/ros2_ws/install/px4_msgs/include/px4_msgs/px4_msgs/msg/detail/sensor_mag__builder.hpp\n'}
[1.691147] (px4_msgs) StdoutLine: {'line': b'-- Up-to-date: /home/mcfb/ros2_ws/install/px4_msgs/include/px4_msgs/px4_msgs/msg/detail/vehicle_rates_setpoint__builder.hpp\n'}
[1.691180] (px4_msgs) StdoutLine: {'line': b'-- Up-to-date: /home/mcfb/ros2_ws/install/px4_msgs/include/px4_msgs/px4_msgs/msg/detail/arming_check_reply__traits.hpp\n'}
[1.691215] (px4_msgs) StdoutLine: {'line': b'-- Up-to-date: /home/mcfb/ros2_ws/install/px4_msgs/include/px4_msgs/px4_msgs/msg/detail/sensor_accel__struct.hpp\n'}
[1.691248] (px4_msgs) StdoutLine: {'line': b'-- Up-to-date: /home/mcfb/ros2_ws/install/px4_msgs/include/px4_msgs/px4_msgs/msg/detail/fixed_wing_longitudinal_setpoint__struct.hpp\n'}
[1.691282] (px4_msgs) StdoutLine: {'line': b'-- Up-to-date: /home/mcfb/ros2_ws/install/px4_msgs/include/px4_msgs/px4_msgs/msg/detail/velocity_limits__type_support.hpp\n'}
[1.691315] (px4_msgs) StdoutLine: {'line': b'-- Up-to-date: /home/mcfb/ros2_ws/install/px4_msgs/include/px4_msgs/px4_msgs/msg/detail/actuator_motors__traits.hpp\n'}
[1.691348] (px4_msgs) StdoutLine: {'line': b'-- Up-to-date: /home/mcfb/ros2_ws/install/px4_msgs/include/px4_msgs/px4_msgs/msg/detail/radio_status__struct.hpp\n'}
[1.691380] (px4_msgs) StdoutLine: {'line': b'-- Up-to-date: /home/mcfb/ros2_ws/install/px4_msgs/include/px4_msgs/px4_msgs/msg/detail/rover_throttle_setpoint__type_support.hpp\n'}
[1.691413] (px4_msgs) StdoutLine: {'line': b'-- Up-to-date: /home/mcfb/ros2_ws/install/px4_msgs/include/px4_msgs/px4_msgs/msg/detail/navigator_mission_item__builder.hpp\n'}
[1.691446] (px4_msgs) StdoutLine: {'line': b'-- Up-to-date: /home/mcfb/ros2_ws/install/px4_msgs/include/px4_msgs/px4_msgs/msg/detail/actuator_controls_status__builder.hpp\n'}
[1.691477] (px4_msgs) StdoutLine: {'line': b'-- Up-to-date: /home/mcfb/ros2_ws/install/px4_msgs/include/px4_msgs/px4_msgs/msg/detail/sensor_gnss_status__type_support.hpp\n'}
[1.691513] (px4_msgs) StdoutLine: {'line': b'-- Up-to-date: /home/mcfb/ros2_ws/install/px4_msgs/include/px4_msgs/px4_msgs/msg/detail/task_stack_info__struct.hpp\n'}
[1.691545] (px4_msgs) StdoutLine: {'line': b'-- Up-to-date: /home/mcfb/ros2_ws/install/px4_msgs/include/px4_msgs/px4_msgs/msg/detail/power_monitor__traits.hpp\n'}
[1.691579] (px4_msgs) StdoutLine: {'line': b'-- Up-to-date: /home/mcfb/ros2_ws/install/px4_msgs/include/px4_msgs/px4_msgs/msg/detail/parameter_set_value_response__type_support.hpp\n'}
[1.691613] (px4_msgs) StdoutLine: {'line': b'-- Up-to-date: /home/mcfb/ros2_ws/install/px4_msgs/include/px4_msgs/px4_msgs/msg/detail/vehicle_imu__type_support.hpp\n'}
[1.691646] (px4_msgs) StdoutLine: {'line': b'-- Up-to-date: /home/mcfb/ros2_ws/install/px4_msgs/include/px4_msgs/px4_msgs/msg/detail/gimbal_manager_set_attitude__type_support.hpp\n'}
[1.691690] (px4_msgs) StdoutLine: {'line': b'-- Up-to-date: /home/mcfb/ros2_ws/install/px4_msgs/include/px4_msgs/px4_msgs/msg/detail/camera_capture__builder.hpp\n'}
[1.691733] (px4_msgs) StdoutLine: {'line': b'-- Up-to-date: /home/mcfb/ros2_ws/install/px4_msgs/include/px4_msgs/px4_msgs/msg/detail/hover_thrust_estimate__builder.hpp\n'}
[1.691766] (px4_msgs) StdoutLine: {'line': b'-- Up-to-date: /home/mcfb/ros2_ws/install/px4_msgs/include/px4_msgs/px4_msgs/msg/detail/pwm_input__builder.hpp\n'}
[1.691800] (px4_msgs) StdoutLine: {'line': b'-- Up-to-date: /home/mcfb/ros2_ws/install/px4_msgs/include/px4_msgs/px4_msgs/msg/detail/action_request__builder.hpp\n'}
[1.691833] (px4_msgs) StdoutLine: {'line': b'-- Up-to-date: /home/mcfb/ros2_ws/install/px4_msgs/include/px4_msgs/px4_msgs/msg/detail/mission_result__traits.hpp\n'}
[1.691866] (px4_msgs) StdoutLine: {'line': b'-- Up-to-date: /home/mcfb/ros2_ws/install/px4_msgs/include/px4_msgs/px4_msgs/msg/detail/internal_combustion_engine_status__struct.hpp\n'}
[1.691899] (px4_msgs) StdoutLine: {'line': b'-- Up-to-date: /home/mcfb/ros2_ws/install/px4_msgs/include/px4_msgs/px4_msgs/msg/detail/gpio_config__type_support.hpp\n'}
[1.691934] (px4_msgs) StdoutLine: {'line': b'-- Up-to-date: /home/mcfb/ros2_ws/install/px4_msgs/include/px4_msgs/px4_msgs/msg/detail/position_setpoint__struct.hpp\n'}
[1.691967] (px4_msgs) StdoutLine: {'line': b'-- Up-to-date: /home/mcfb/ros2_ws/install/px4_msgs/include/px4_msgs/px4_msgs/msg/detail/qshell_retval__traits.hpp\n'}
[1.692000] (px4_msgs) StdoutLine: {'line': b'-- Up-to-date: /home/mcfb/ros2_ws/install/px4_msgs/include/px4_msgs/px4_msgs/msg/detail/distance_sensor_mode_change_request__type_support.hpp\n'}
[1.692034] (px4_msgs) StdoutLine: {'line': b'-- Up-to-date: /home/mcfb/ros2_ws/install/px4_msgs/include/px4_msgs/px4_msgs/msg/detail/rpm__traits.hpp\n'}
[1.692068] (px4_msgs) StdoutLine: {'line': b'-- Up-to-date: /home/mcfb/ros2_ws/install/px4_msgs/include/px4_msgs/px4_msgs/msg/detail/open_drone_id_operator_id__builder.hpp\n'}
[1.692101] (px4_msgs) StdoutLine: {'line': b'-- Up-to-date: /home/mcfb/ros2_ws/install/px4_msgs/include/px4_msgs/px4_msgs/msg/detail/takeoff_status__struct.hpp\n'}
[1.692134] (px4_msgs) StdoutLine: {'line': b'-- Up-to-date: /home/mcfb/ros2_ws/install/px4_msgs/include/px4_msgs/px4_msgs/msg/detail/ping__type_support.hpp\n'}
[1.692168] (px4_msgs) StdoutLine: {'line': b'-- Up-to-date: /home/mcfb/ros2_ws/install/px4_msgs/include/px4_msgs/px4_msgs/msg/detail/fixed_wing_longitudinal_setpoint__type_support.hpp\n'}
[1.692201] (px4_msgs) StdoutLine: {'line': b'-- Up-to-date: /home/mcfb/ros2_ws/install/px4_msgs/include/px4_msgs/px4_msgs/msg/detail/ulog_stream_ack__traits.hpp\n'}
[1.692234] (px4_msgs) StdoutLine: {'line': b'-- Up-to-date: /home/mcfb/ros2_ws/install/px4_msgs/include/px4_msgs/px4_msgs/msg/detail/longitudinal_control_configuration__builder.hpp\n'}
[1.692270] (px4_msgs) StdoutLine: {'line': b'-- Up-to-date: /home/mcfb/ros2_ws/install/px4_msgs/include/px4_msgs/px4_msgs/msg/detail/internal_combustion_engine_control__type_support.hpp\n'}
[1.692304] (px4_msgs) StdoutLine: {'line': b'-- Up-to-date: /home/mcfb/ros2_ws/install/px4_msgs/include/px4_msgs/px4_msgs/msg/detail/vehicle_imu__traits.hpp\n'}
[1.692340] (px4_msgs) StdoutLine: {'line': b'-- Up-to-date: /home/mcfb/ros2_ws/install/px4_msgs/include/px4_msgs/px4_msgs/msg/detail/rover_attitude_status__traits.hpp\n'}
[1.692372] (px4_msgs) StdoutLine: {'line': b'-- Up-to-date: /home/mcfb/ros2_ws/install/px4_msgs/include/px4_msgs/px4_msgs/msg/detail/pwm_input__struct.hpp\n'}
[1.692405] (px4_msgs) StdoutLine: {'line': b'-- Up-to-date: /home/mcfb/ros2_ws/install/px4_msgs/include/px4_msgs/px4_msgs/msg/detail/onboard_computer_status__builder.hpp\n'}
[1.692437] (px4_msgs) StdoutLine: {'line': b'-- Up-to-date: /home/mcfb/ros2_ws/install/px4_msgs/include/px4_msgs/px4_msgs/msg/detail/sensor_gyro__struct.hpp\n'}
[1.692469] (px4_msgs) StdoutLine: {'line': b'-- Up-to-date: /home/mcfb/ros2_ws/install/px4_msgs/include/px4_msgs/px4_msgs/msg/detail/internal_combustion_engine_status__traits.hpp\n'}
[1.692502] (px4_msgs) StdoutLine: {'line': b'-- Up-to-date: /home/mcfb/ros2_ws/install/px4_msgs/include/px4_msgs/px4_msgs/msg/detail/longitudinal_control_configuration__traits.hpp\n'}
[1.692536] (px4_msgs) StdoutLine: {'line': b'-- Up-to-date: /home/mcfb/ros2_ws/install/px4_msgs/include/px4_msgs/px4_msgs/msg/detail/vehicle_local_position__type_support.hpp\n'}
[1.692568] (px4_msgs) StdoutLine: {'line': b'-- Up-to-date: /home/mcfb/ros2_ws/install/px4_msgs/include/px4_msgs/px4_msgs/msg/detail/sensor_combined__traits.hpp\n'}
[1.692664] (px4_msgs) StdoutLine: {'line': b'-- Up-to-date: /home/mcfb/ros2_ws/install/px4_msgs/include/px4_msgs/px4_msgs/msg/detail/vehicle_rates_setpoint__traits.hpp\n'}
[1.692704] (px4_msgs) StdoutLine: {'line': b'-- Up-to-date: /home/mcfb/ros2_ws/install/px4_msgs/include/px4_msgs/px4_msgs/msg/detail/message_format_response__type_support.hpp\n'}
[1.692738] (px4_msgs) StdoutLine: {'line': b'-- Up-to-date: /home/mcfb/ros2_ws/install/px4_msgs/include/px4_msgs/px4_msgs/msg/detail/rover_steering_setpoint__type_support.hpp\n'}
[1.692771] (px4_msgs) StdoutLine: {'line': b'-- Up-to-date: /home/mcfb/ros2_ws/install/px4_msgs/include/px4_msgs/px4_msgs/msg/detail/gimbal_device_attitude_status__builder.hpp\n'}
[1.692804] (px4_msgs) StdoutLine: {'line': b'-- Up-to-date: /home/mcfb/ros2_ws/install/px4_msgs/include/px4_msgs/px4_msgs/msg/detail/magnetometer_bias_estimate__struct.hpp\n'}
[1.692837] (px4_msgs) StdoutLine: {'line': b'-- Up-to-date: /home/mcfb/ros2_ws/install/px4_msgs/include/px4_msgs/px4_msgs/msg/detail/gimbal_manager_set_attitude__struct.hpp\n'}
[1.692869] (px4_msgs) StdoutLine: {'line': b'-- Up-to-date: /home/mcfb/ros2_ws/install/px4_msgs/include/px4_msgs/px4_msgs/msg/detail/open_drone_id_operator_id__traits.hpp\n'}
[1.692920] (px4_msgs) StdoutLine: {'line': b'-- Up-to-date: /home/mcfb/ros2_ws/install/px4_msgs/include/px4_msgs/px4_msgs/msg/detail/geofence_result__type_support.hpp\n'}
[1.692952] (px4_msgs) StdoutLine: {'line': b'-- Up-to-date: /home/mcfb/ros2_ws/install/px4_msgs/include/px4_msgs/px4_msgs/msg/detail/mag_worker_data__traits.hpp\n'}
[1.692985] (px4_msgs) StdoutLine: {'line': b'-- Up-to-date: /home/mcfb/ros2_ws/install/px4_msgs/include/px4_msgs/px4_msgs/msg/detail/parameter_set_used_request__traits.hpp\n'}
[1.693017] (px4_msgs) StdoutLine: {'line': b'-- Up-to-date: /home/mcfb/ros2_ws/install/px4_msgs/include/px4_msgs/px4_msgs/msg/detail/onboard_computer_status__traits.hpp\n'}
[1.693050] (px4_msgs) StdoutLine: {'line': b'-- Up-to-date: /home/mcfb/ros2_ws/install/px4_msgs/include/px4_msgs/px4_msgs/msg/detail/rover_rate_status__type_support.hpp\n'}
[1.693083] (px4_msgs) StdoutLine: {'line': b'-- Up-to-date: /home/mcfb/ros2_ws/install/px4_msgs/include/px4_msgs/px4_msgs/msg/detail/sensor_gps__builder.hpp\n'}
[1.693116] (px4_msgs) StdoutLine: {'line': b'-- Up-to-date: /home/mcfb/ros2_ws/install/px4_msgs/include/px4_msgs/px4_msgs/msg/detail/dataman_response__type_support.hpp\n'}
[1.693148] (px4_msgs) StdoutLine: {'line': b'-- Up-to-date: /home/mcfb/ros2_ws/install/px4_msgs/include/px4_msgs/px4_msgs/msg/detail/sensor_uwb__traits.hpp\n'}
[1.693180] (px4_msgs) StdoutLine: {'line': b'-- Up-to-date: /home/mcfb/ros2_ws/install/px4_msgs/include/px4_msgs/px4_msgs/msg/detail/uavcan_parameter_value__type_support.hpp\n'}
[1.693215] (px4_msgs) StdoutLine: {'line': b'-- Up-to-date: /home/mcfb/ros2_ws/install/px4_msgs/include/px4_msgs/px4_msgs/msg/detail/neural_control__builder.hpp\n'}
[1.693248] (px4_msgs) StdoutLine: {'line': b'-- Up-to-date: /home/mcfb/ros2_ws/install/px4_msgs/include/px4_msgs/px4_msgs/msg/detail/mission__traits.hpp\n'}
[1.693281] (px4_msgs) StdoutLine: {'line': b'-- Up-to-date: /home/mcfb/ros2_ws/install/px4_msgs/include/px4_msgs/px4_msgs/msg/detail/estimator_aid_source1d__builder.hpp\n'}
[1.693315] (px4_msgs) StdoutLine: {'line': b'-- Up-to-date: /home/mcfb/ros2_ws/install/px4_msgs/include/px4_msgs/px4_msgs/msg/detail/failure_detector_status__traits.hpp\n'}
[1.693348] (px4_msgs) StdoutLine: {'line': b'-- Up-to-date: /home/mcfb/ros2_ws/install/px4_msgs/include/px4_msgs/px4_msgs/msg/detail/normalized_unsigned_setpoint__struct.hpp\n'}
[1.693383] (px4_msgs) StdoutLine: {'line': b'-- Up-to-date: /home/mcfb/ros2_ws/install/px4_msgs/include/px4_msgs/px4_msgs/msg/detail/sensor_gnss_status__struct.hpp\n'}
[1.693416] (px4_msgs) StdoutLine: {'line': b'-- Up-to-date: /home/mcfb/ros2_ws/install/px4_msgs/include/px4_msgs/px4_msgs/msg/detail/vehicle_optical_flow__type_support.hpp\n'}
[1.693449] (px4_msgs) StdoutLine: {'line': b'-- Up-to-date: /home/mcfb/ros2_ws/install/px4_msgs/include/px4_msgs/px4_msgs/msg/detail/event__type_support.hpp\n'}
[1.693481] (px4_msgs) StdoutLine: {'line': b'-- Up-to-date: /home/mcfb/ros2_ws/install/px4_msgs/include/px4_msgs/px4_msgs/msg/detail/fixed_wing_runway_control__traits.hpp\n'}
[1.693514] (px4_msgs) StdoutLine: {'line': b'-- Up-to-date: /home/mcfb/ros2_ws/install/px4_msgs/include/px4_msgs/px4_msgs/msg/detail/parameter_set_value_request__type_support.hpp\n'}
[1.693546] (px4_msgs) StdoutLine: {'line': b'-- Up-to-date: /home/mcfb/ros2_ws/install/px4_msgs/include/px4_msgs/px4_msgs/msg/detail/qshell_retval__builder.hpp\n'}
[1.693579] (px4_msgs) StdoutLine: {'line': b'-- Up-to-date: /home/mcfb/ros2_ws/install/px4_msgs/include/px4_msgs/px4_msgs/msg/detail/action_request__struct.hpp\n'}
[1.693612] (px4_msgs) StdoutLine: {'line': b'-- Up-to-date: /home/mcfb/ros2_ws/install/px4_msgs/include/px4_msgs/px4_msgs/msg/detail/orb_test_large__type_support.hpp\n'}
[1.693644] (px4_msgs) StdoutLine: {'line': b'-- Up-to-date: /home/mcfb/ros2_ws/install/px4_msgs/include/px4_msgs/px4_msgs/msg/detail/vehicle_status__type_support.hpp\n'}
[1.693681] (px4_msgs) StdoutLine: {'line': b'-- Up-to-date: /home/mcfb/ros2_ws/install/px4_msgs/include/px4_msgs/px4_msgs/msg/detail/airspeed_validated__builder.hpp\n'}
[1.693733] (px4_msgs) StdoutLine: {'line': b'-- Up-to-date: /home/mcfb/ros2_ws/install/px4_msgs/include/px4_msgs/px4_msgs/msg/detail/position_controller_status__traits.hpp\n'}
[1.693769] (px4_msgs) StdoutLine: {'line': b'-- Up-to-date: /home/mcfb/ros2_ws/install/px4_msgs/include/px4_msgs/px4_msgs/msg/detail/register_ext_component_request__builder.hpp\n'}
[1.693803] (px4_msgs) StdoutLine: {'line': b'-- Up-to-date: /home/mcfb/ros2_ws/install/px4_msgs/include/px4_msgs/px4_msgs/msg/detail/estimator_event_flags__builder.hpp\n'}
[1.693837] (px4_msgs) StdoutLine: {'line': b'-- Up-to-date: /home/mcfb/ros2_ws/install/px4_msgs/include/px4_msgs/px4_msgs/msg/detail/autotune_attitude_control_status__traits.hpp\n'}
[1.693888] (px4_msgs) StdoutLine: {'line': b'-- Up-to-date: /home/mcfb/ros2_ws/install/px4_msgs/include/px4_msgs/px4_msgs/msg/detail/transponder_report__type_support.hpp\n'}
[1.693923] (px4_msgs) StdoutLine: {'line': b'-- Up-to-date: /home/mcfb/ros2_ws/install/px4_msgs/include/px4_msgs/px4_msgs/msg/detail/vehicle_odometry__traits.hpp\n'}
[1.693957] (px4_msgs) StdoutLine: {'line': b'-- Up-to-date: /home/mcfb/ros2_ws/install/px4_msgs/include/px4_msgs/px4_msgs/msg/detail/estimator_event_flags__struct.hpp\n'}
[1.693993] (px4_msgs) StdoutLine: {'line': b'-- Up-to-date: /home/mcfb/ros2_ws/install/px4_msgs/include/px4_msgs/px4_msgs/msg/detail/battery_info__struct.hpp\n'}
[1.694030] (px4_msgs) StdoutLine: {'line': b'-- Up-to-date: /home/mcfb/ros2_ws/install/px4_msgs/include/px4_msgs/px4_msgs/msg/detail/vehicle_attitude__traits.hpp\n'}
[1.694084] (px4_msgs) StdoutLine: {'line': b'-- Up-to-date: /home/mcfb/ros2_ws/install/px4_msgs/include/px4_msgs/px4_msgs/msg/detail/home_position__traits.hpp\n'}
[1.694149] (px4_msgs) StdoutLine: {'line': b'-- Up-to-date: /home/mcfb/ros2_ws/install/px4_msgs/include/px4_msgs/px4_msgs/msg/detail/ekf2_timestamps__struct.hpp\n'}
[1.694196] (px4_msgs) StdoutLine: {'line': b'-- Up-to-date: /home/mcfb/ros2_ws/install/px4_msgs/include/px4_msgs/px4_msgs/msg/detail/landing_target_pose__type_support.hpp\n'}
[1.694249] (px4_msgs) StdoutLine: {'line': b'-- Up-to-date: /home/mcfb/ros2_ws/install/px4_msgs/include/px4_msgs/px4_msgs/msg/detail/qshell_req__type_support.hpp\n'}
[1.694300] (px4_msgs) StdoutLine: {'line': b'-- Up-to-date: /home/mcfb/ros2_ws/install/px4_msgs/include/px4_msgs/px4_msgs/msg/detail/estimator_sensor_bias__type_support.hpp\n'}
[1.694357] (px4_msgs) StdoutLine: {'line': b'-- Up-to-date: /home/mcfb/ros2_ws/install/px4_msgs/include/px4_msgs/px4_msgs/msg/detail/sensor_gyro__builder.hpp\n'}
[1.694409] (px4_msgs) StdoutLine: {'line': b'-- Up-to-date: /home/mcfb/ros2_ws/install/px4_msgs/include/px4_msgs/px4_msgs/msg/detail/landing_gear__traits.hpp\n'}
[1.694467] (px4_msgs) StdoutLine: {'line': b'-- Up-to-date: /home/mcfb/ros2_ws/install/px4_msgs/include/px4_msgs/px4_msgs/msg/detail/sensor_airflow__struct.hpp\n'}
[1.694518] (px4_msgs) StdoutLine: {'line': b'-- Up-to-date: /home/mcfb/ros2_ws/install/px4_msgs/include/px4_msgs/px4_msgs/msg/detail/mavlink_tunnel__type_support.hpp\n'}
[1.694573] (px4_msgs) StdoutLine: {'line': b'-- Up-to-date: /home/mcfb/ros2_ws/install/px4_msgs/include/px4_msgs/px4_msgs/msg/detail/collision_constraints__builder.hpp\n'}
[1.694626] (px4_msgs) StdoutLine: {'line': b'-- Up-to-date: /home/mcfb/ros2_ws/install/px4_msgs/include/px4_msgs/px4_msgs/msg/detail/ping__traits.hpp\n'}
[1.694668] (px4_msgs) StdoutLine: {'line': b'-- Up-to-date: /home/mcfb/ros2_ws/install/px4_msgs/include/px4_msgs/px4_msgs/msg/detail/failsafe_flags__type_support.hpp\n'}
[1.694725] (px4_msgs) StdoutLine: {'line': b'-- Up-to-date: /home/mcfb/ros2_ws/install/px4_msgs/include/px4_msgs/px4_msgs/msg/detail/logger_status__traits.hpp\n'}
[1.694769] (px4_msgs) StdoutLine: {'line': b'-- Up-to-date: /home/mcfb/ros2_ws/install/px4_msgs/include/px4_msgs/px4_msgs/msg/detail/geofence_status__builder.hpp\n'}
[1.694803] (px4_msgs) StdoutLine: {'line': b'-- Up-to-date: /home/mcfb/ros2_ws/install/px4_msgs/include/px4_msgs/px4_msgs/msg/detail/satellite_info__builder.hpp\n'}
[1.694836] (px4_msgs) StdoutLine: {'line': b'-- Up-to-date: /home/mcfb/ros2_ws/install/px4_msgs/include/px4_msgs/px4_msgs/msg/detail/estimator_states__type_support.hpp\n'}
[1.694871] (px4_msgs) StdoutLine: {'line': b'-- Up-to-date: /home/mcfb/ros2_ws/install/px4_msgs/include/px4_msgs/px4_msgs/msg/detail/camera_status__type_support.hpp\n'}
[1.694911] (px4_msgs) StdoutLine: {'line': b'-- Up-to-date: /home/mcfb/ros2_ws/install/px4_msgs/include/px4_msgs/px4_msgs/msg/detail/config_overrides__builder.hpp\n'}
[1.694962] (px4_msgs) StdoutLine: {'line': b'-- Up-to-date: /home/mcfb/ros2_ws/install/px4_msgs/include/px4_msgs/px4_msgs/msg/detail/satellite_info__type_support.hpp\n'}
[1.695008] (px4_msgs) StdoutLine: {'line': b'-- Up-to-date: /home/mcfb/ros2_ws/install/px4_msgs/include/px4_msgs/px4_msgs/msg/detail/vehicle_control_mode__type_support.hpp\n'}
[1.695042] (px4_msgs) StdoutLine: {'line': b'-- Up-to-date: /home/mcfb/ros2_ws/install/px4_msgs/include/px4_msgs/px4_msgs/msg/detail/takeoff_status__traits.hpp\n'}
[1.695076] (px4_msgs) StdoutLine: {'line': b'-- Up-to-date: /home/mcfb/ros2_ws/install/px4_msgs/include/px4_msgs/px4_msgs/msg/detail/orb_test_large__struct.hpp\n'}
[1.695119] (px4_msgs) StdoutLine: {'line': b'-- Up-to-date: /home/mcfb/ros2_ws/install/px4_msgs/include/px4_msgs/px4_msgs/msg/detail/estimator_aid_source3d__type_support.hpp\n'}
[1.695170] (px4_msgs) StdoutLine: {'line': b'-- Up-to-date: /home/mcfb/ros2_ws/install/px4_msgs/include/px4_msgs/px4_msgs/msg/detail/landing_gear__struct.hpp\n'}
[1.695209] (px4_msgs) StdoutLine: {'line': b'-- Up-to-date: /home/mcfb/ros2_ws/install/px4_msgs/include/px4_msgs/px4_msgs/msg/detail/rpm__struct.hpp\n'}
[1.695257] (px4_msgs) StdoutLine: {'line': b'-- Up-to-date: /home/mcfb/ros2_ws/install/px4_msgs/include/px4_msgs/px4_msgs/msg/detail/vehicle_torque_setpoint__builder.hpp\n'}
[1.695298] (px4_msgs) StdoutLine: {'line': b'-- Up-to-date: /home/mcfb/ros2_ws/install/px4_msgs/include/px4_msgs/px4_msgs/msg/detail/estimator_aid_source1d__struct.hpp\n'}
[1.695333] (px4_msgs) StdoutLine: {'line': b'-- Up-to-date: /home/mcfb/ros2_ws/install/px4_msgs/include/px4_msgs/px4_msgs/msg/detail/position_controller_status__type_support.hpp\n'}
[1.695367] (px4_msgs) StdoutLine: {'line': b'-- Up-to-date: /home/mcfb/ros2_ws/install/px4_msgs/include/px4_msgs/px4_msgs/msg/detail/orb_test_large__builder.hpp\n'}
[1.695400] (px4_msgs) StdoutLine: {'line': b'-- Up-to-date: /home/mcfb/ros2_ws/install/px4_msgs/include/px4_msgs/px4_msgs/msg/detail/navigator_mission_item__struct.hpp\n'}
[1.695434] (px4_msgs) StdoutLine: {'line': b'-- Up-to-date: /home/mcfb/ros2_ws/install/px4_msgs/include/px4_msgs/px4_msgs/msg/detail/vehicle_attitude__type_support.hpp\n'}
[1.695467] (px4_msgs) StdoutLine: {'line': b'-- Up-to-date: /home/mcfb/ros2_ws/install/px4_msgs/include/px4_msgs/px4_msgs/msg/detail/parameter_set_value_response__traits.hpp\n'}
[1.695499] (px4_msgs) StdoutLine: {'line': b'-- Up-to-date: /home/mcfb/ros2_ws/install/px4_msgs/include/px4_msgs/px4_msgs/msg/detail/hover_thrust_estimate__type_support.hpp\n'}
[1.695531] (px4_msgs) StdoutLine: {'line': b'-- Up-to-date: /home/mcfb/ros2_ws/install/px4_msgs/include/px4_msgs/px4_msgs/msg/detail/internal_combustion_engine_status__type_support.hpp\n'}
[1.695569] (px4_msgs) StdoutLine: {'line': b'-- Up-to-date: /home/mcfb/ros2_ws/install/px4_msgs/include/px4_msgs/px4_msgs/msg/detail/vehicle_attitude_setpoint__builder.hpp\n'}
[1.695628] (px4_msgs) StdoutLine: {'line': b'-- Up-to-date: /home/mcfb/ros2_ws/install/px4_msgs/include/px4_msgs/px4_msgs/msg/detail/rover_attitude_setpoint__struct.hpp\n'}
[1.695682] (px4_msgs) StdoutLine: {'line': b'-- Up-to-date: /home/mcfb/ros2_ws/install/px4_msgs/include/px4_msgs/px4_msgs/msg/detail/rover_rate_status__traits.hpp\n'}
[1.695741] (px4_msgs) StdoutLine: {'line': b'-- Up-to-date: /home/mcfb/ros2_ws/install/px4_msgs/include/px4_msgs/px4_msgs/msg/detail/debug_vect__builder.hpp\n'}
[1.695791] (px4_msgs) StdoutLine: {'line': b'-- Up-to-date: /home/mcfb/ros2_ws/install/px4_msgs/include/px4_msgs/px4_msgs/msg/detail/vehicle_local_position__builder.hpp\n'}
[1.695839] (px4_msgs) StdoutLine: {'line': b'-- Up-to-date: /home/mcfb/ros2_ws/install/px4_msgs/include/px4_msgs/px4_msgs/msg/detail/ulog_stream__traits.hpp\n'}
[1.695895] (px4_msgs) StdoutLine: {'line': b'-- Up-to-date: /home/mcfb/ros2_ws/install/px4_msgs/include/px4_msgs/px4_msgs/msg/detail/sensor_selection__type_support.hpp\n'}
[1.695952] (px4_msgs) StdoutLine: {'line': b'-- Up-to-date: /home/mcfb/ros2_ws/install/px4_msgs/include/px4_msgs/px4_msgs/msg/detail/actuator_servos__struct.hpp\n'}
[1.695988] (px4_msgs) StdoutLine: {'line': b'-- Up-to-date: /home/mcfb/ros2_ws/install/px4_msgs/include/px4_msgs/px4_msgs/msg/detail/sensor_accel__type_support.hpp\n'}
[1.696026] (px4_msgs) StdoutLine: {'line': b'-- Up-to-date: /home/mcfb/ros2_ws/install/px4_msgs/include/px4_msgs/px4_msgs/msg/detail/sensor_hygrometer__type_support.hpp\n'}
[1.696061] (px4_msgs) StdoutLine: {'line': b'-- Up-to-date: /home/mcfb/ros2_ws/install/px4_msgs/include/px4_msgs/px4_msgs/msg/detail/dataman_response__traits.hpp\n'}
[1.696116] (px4_msgs) StdoutLine: {'line': b'-- Up-to-date: /home/mcfb/ros2_ws/install/px4_msgs/include/px4_msgs/px4_msgs/msg/detail/mode_completed__struct.hpp\n'}
[1.696162] (px4_msgs) StdoutLine: {'line': b'-- Up-to-date: /home/mcfb/ros2_ws/install/px4_msgs/include/px4_msgs/px4_msgs/msg/detail/vehicle_global_position__builder.hpp\n'}
[1.696196] (px4_msgs) StdoutLine: {'line': b'-- Up-to-date: /home/mcfb/ros2_ws/install/px4_msgs/include/px4_msgs/px4_msgs/msg/detail/onboard_computer_status__type_support.hpp\n'}
[1.696240] (px4_msgs) StdoutLine: {'line': b'-- Up-to-date: /home/mcfb/ros2_ws/install/px4_msgs/include/px4_msgs/px4_msgs/msg/detail/arming_check_request__type_support.hpp\n'}
[1.696273] (px4_msgs) StdoutLine: {'line': b'-- Up-to-date: /home/mcfb/ros2_ws/install/px4_msgs/include/px4_msgs/px4_msgs/msg/detail/offboard_control_mode__struct.hpp\n'}
[1.696314] (px4_msgs) StdoutLine: {'line': b'-- Up-to-date: /home/mcfb/ros2_ws/install/px4_msgs/include/px4_msgs/px4_msgs/msg/detail/gripper__builder.hpp\n'}
[1.696347] (px4_msgs) StdoutLine: {'line': b'-- Up-to-date: /home/mcfb/ros2_ws/install/px4_msgs/include/px4_msgs/px4_msgs/msg/detail/vehicle_local_position_setpoint__traits.hpp\n'}
[1.696380] (px4_msgs) StdoutLine: {'line': b'-- Up-to-date: /home/mcfb/ros2_ws/install/px4_msgs/include/px4_msgs/px4_msgs/msg/detail/airspeed_validated__traits.hpp\n'}
[1.696412] (px4_msgs) StdoutLine: {'line': b'-- Up-to-date: /home/mcfb/ros2_ws/install/px4_msgs/include/px4_msgs/px4_msgs/msg/detail/rover_rate_status__builder.hpp\n'}
[1.696446] (px4_msgs) StdoutLine: {'line': b'-- Up-to-date: /home/mcfb/ros2_ws/install/px4_msgs/include/px4_msgs/px4_msgs/msg/detail/ulog_stream_ack__type_support.hpp\n'}
[1.696479] (px4_msgs) StdoutLine: {'line': b'-- Up-to-date: /home/mcfb/ros2_ws/install/px4_msgs/include/px4_msgs/px4_msgs/msg/detail/sensor_hygrometer__builder.hpp\n'}
[1.696512] (px4_msgs) StdoutLine: {'line': b'-- Up-to-date: /home/mcfb/ros2_ws/install/px4_msgs/include/px4_msgs/px4_msgs/msg/detail/landing_gear__builder.hpp\n'}
[1.696558] (px4_msgs) StdoutLine: {'line': b'-- Up-to-date: /home/mcfb/ros2_ws/install/px4_msgs/include/px4_msgs/px4_msgs/msg/detail/sensor_gnss_relative__type_support.hpp\n'}
[1.696606] (px4_msgs) StdoutLine: {'line': b'-- Up-to-date: /home/mcfb/ros2_ws/install/px4_msgs/include/px4_msgs/px4_msgs/msg/detail/can_interface_status__type_support.hpp\n'}
[1.696655] (px4_msgs) StdoutLine: {'line': b'-- Up-to-date: /home/mcfb/ros2_ws/install/px4_msgs/include/px4_msgs/px4_msgs/msg/detail/generator_status__type_support.hpp\n'}
[1.696711] (px4_msgs) StdoutLine: {'line': b'-- Up-to-date: /home/mcfb/ros2_ws/install/px4_msgs/include/px4_msgs/px4_msgs/msg/detail/rate_ctrl_status__builder.hpp\n'}
[1.696760] (px4_msgs) StdoutLine: {'line': b'-- Up-to-date: /home/mcfb/ros2_ws/install/px4_msgs/include/px4_msgs/px4_msgs/msg/detail/vehicle_optical_flow_vel__type_support.hpp\n'}
[1.696807] (px4_msgs) StdoutLine: {'line': b'-- Up-to-date: /home/mcfb/ros2_ws/install/px4_msgs/include/px4_msgs/px4_msgs/msg/detail/figure_eight_status__traits.hpp\n'}
[1.696867] (px4_msgs) StdoutLine: {'line': b'-- Up-to-date: /home/mcfb/ros2_ws/install/px4_msgs/include/px4_msgs/px4_msgs/msg/detail/esc_report__type_support.hpp\n'}
[1.696927] (px4_msgs) StdoutLine: {'line': b'-- Up-to-date: /home/mcfb/ros2_ws/install/px4_msgs/include/px4_msgs/px4_msgs/msg/detail/geofence_status__type_support.hpp\n'}
[1.696980] (px4_msgs) StdoutLine: {'line': b'-- Up-to-date: /home/mcfb/ros2_ws/install/px4_msgs/include/px4_msgs/px4_msgs/msg/detail/landing_gear_wheel__traits.hpp\n'}
[1.697026] (px4_msgs) StdoutLine: {'line': b'-- Up-to-date: /home/mcfb/ros2_ws/install/px4_msgs/include/px4_msgs/px4_msgs/msg/detail/mavlink_log__type_support.hpp\n'}
[1.697059] (px4_msgs) StdoutLine: {'line': b'-- Up-to-date: /home/mcfb/ros2_ws/install/px4_msgs/include/px4_msgs/px4_msgs/msg/detail/vehicle_thrust_setpoint__struct.hpp\n'}
[1.697092] (px4_msgs) StdoutLine: {'line': b'-- Up-to-date: /home/mcfb/ros2_ws/install/px4_msgs/include/px4_msgs/px4_msgs/msg/detail/esc_status__builder.hpp\n'}
[1.697131] (px4_msgs) StdoutLine: {'line': b'-- Up-to-date: /home/mcfb/ros2_ws/install/px4_msgs/include/px4_msgs/px4_msgs/msg/detail/orb_test__type_support.hpp\n'}
[1.697164] (px4_msgs) StdoutLine: {'line': b'-- Up-to-date: /home/mcfb/ros2_ws/install/px4_msgs/include/px4_msgs/px4_msgs/msg/detail/log_message__traits.hpp\n'}
[1.697197] (px4_msgs) StdoutLine: {'line': b'-- Up-to-date: /home/mcfb/ros2_ws/install/px4_msgs/include/px4_msgs/px4_msgs/msg/detail/orb_test__traits.hpp\n'}
[1.697230] (px4_msgs) StdoutLine: {'line': b'-- Up-to-date: /home/mcfb/ros2_ws/install/px4_msgs/include/px4_msgs/px4_msgs/msg/detail/generator_status__builder.hpp\n'}
[1.697265] (px4_msgs) StdoutLine: {'line': b'-- Up-to-date: /home/mcfb/ros2_ws/install/px4_msgs/include/px4_msgs/px4_msgs/msg/detail/gpio_out__builder.hpp\n'}
[1.697297] (px4_msgs) StdoutLine: {'line': b'-- Up-to-date: /home/mcfb/ros2_ws/install/px4_msgs/include/px4_msgs/px4_msgs/msg/detail/button_event__struct.hpp\n'}
[1.697330] (px4_msgs) StdoutLine: {'line': b'-- Up-to-date: /home/mcfb/ros2_ws/install/px4_msgs/include/px4_msgs/px4_msgs/msg/detail/distance_sensor__struct.hpp\n'}
[1.697364] (px4_msgs) StdoutLine: {'line': b'-- Up-to-date: /home/mcfb/ros2_ws/install/px4_msgs/include/px4_msgs/px4_msgs/msg/detail/vehicle_angular_velocity__struct.hpp\n'}
[1.697396] (px4_msgs) StdoutLine: {'line': b'-- Up-to-date: /home/mcfb/ros2_ws/install/px4_msgs/include/px4_msgs/px4_msgs/msg/detail/trajectory_setpoint6dof__traits.hpp\n'}
[1.697428] (px4_msgs) StdoutLine: {'line': b'-- Up-to-date: /home/mcfb/ros2_ws/install/px4_msgs/include/px4_msgs/px4_msgs/msg/detail/launch_detection_status__traits.hpp\n'}
[1.697461] (px4_msgs) StdoutLine: {'line': b'-- Up-to-date: /home/mcfb/ros2_ws/install/px4_msgs/include/px4_msgs/px4_msgs/msg/detail/gpio_out__struct.hpp\n'}
[1.697495] (px4_msgs) StdoutLine: {'line': b'-- Up-to-date: /home/mcfb/ros2_ws/install/px4_msgs/include/px4_msgs/px4_msgs/msg/detail/vehicle_air_data__type_support.hpp\n'}
[1.697527] (px4_msgs) StdoutLine: {'line': b'-- Up-to-date: /home/mcfb/ros2_ws/install/px4_msgs/include/px4_msgs/px4_msgs/msg/detail/ulog_stream_ack__struct.hpp\n'}
[1.697560] (px4_msgs) StdoutLine: {'line': b'-- Up-to-date: /home/mcfb/ros2_ws/install/px4_msgs/include/px4_msgs/px4_msgs/msg/detail/led_control__struct.hpp\n'}
[1.697592] (px4_msgs) StdoutLine: {'line': b'-- Up-to-date: /home/mcfb/ros2_ws/install/px4_msgs/include/px4_msgs/px4_msgs/msg/detail/vehicle_constraints__traits.hpp\n'}
[1.697624] (px4_msgs) StdoutLine: {'line': b'-- Up-to-date: /home/mcfb/ros2_ws/install/px4_msgs/include/px4_msgs/px4_msgs/msg/detail/heater_status__struct.hpp\n'}
[1.697656] (px4_msgs) StdoutLine: {'line': b'-- Up-to-date: /home/mcfb/ros2_ws/install/px4_msgs/include/px4_msgs/px4_msgs/msg/detail/normalized_unsigned_setpoint__builder.hpp\n'}
[1.697694] (px4_msgs) StdoutLine: {'line': b'-- Up-to-date: /home/mcfb/ros2_ws/install/px4_msgs/include/px4_msgs/px4_msgs/msg/detail/ekf2_timestamps__builder.hpp\n'}
[1.697737] (px4_msgs) StdoutLine: {'line': b'-- Up-to-date: /home/mcfb/ros2_ws/install/px4_msgs/include/px4_msgs/px4_msgs/msg/detail/gpio_request__builder.hpp\n'}
[1.697777] (px4_msgs) StdoutLine: {'line': b'-- Up-to-date: /home/mcfb/ros2_ws/install/px4_msgs/include/px4_msgs/px4_msgs/msg/detail/arming_check_request__struct.hpp\n'}
[1.697817] (px4_msgs) StdoutLine: {'line': b'-- Up-to-date: /home/mcfb/ros2_ws/install/px4_msgs/include/px4_msgs/px4_msgs/msg/detail/position_setpoint__traits.hpp\n'}
[1.697855] (px4_msgs) StdoutLine: {'line': b'-- Up-to-date: /home/mcfb/ros2_ws/install/px4_msgs/include/px4_msgs/px4_msgs/msg/detail/manual_control_setpoint__builder.hpp\n'}
[1.697899] (px4_msgs) StdoutLine: {'line': b'-- Up-to-date: /home/mcfb/ros2_ws/install/px4_msgs/include/px4_msgs/px4_msgs/msg/detail/sensor_preflight_mag__struct.hpp\n'}
[1.697933] (px4_msgs) StdoutLine: {'line': b'-- Up-to-date: /home/mcfb/ros2_ws/install/px4_msgs/include/px4_msgs/px4_msgs/msg/detail/geofence_status__struct.hpp\n'}
[1.697966] (px4_msgs) StdoutLine: {'line': b'-- Up-to-date: /home/mcfb/ros2_ws/install/px4_msgs/include/px4_msgs/px4_msgs/msg/detail/estimator_status_flags__traits.hpp\n'}
[1.697999] (px4_msgs) StdoutLine: {'line': b'-- Up-to-date: /home/mcfb/ros2_ws/install/px4_msgs/include/px4_msgs/px4_msgs/msg/detail/debug_array__type_support.hpp\n'}
[1.698032] (px4_msgs) StdoutLine: {'line': b'-- Up-to-date: /home/mcfb/ros2_ws/install/px4_msgs/include/px4_msgs/px4_msgs/msg/detail/gimbal_device_information__struct.hpp\n'}
[1.698066] (px4_msgs) StdoutLine: {'line': b'-- Up-to-date: /home/mcfb/ros2_ws/install/px4_msgs/include/px4_msgs/px4_msgs/msg/detail/debug_array__traits.hpp\n'}
[1.698114] (px4_msgs) StdoutLine: {'line': b'-- Up-to-date: /home/mcfb/ros2_ws/install/px4_msgs/include/px4_msgs/px4_msgs/msg/detail/logger_status__type_support.hpp\n'}
[1.698166] (px4_msgs) StdoutLine: {'line': b'-- Up-to-date: /home/mcfb/ros2_ws/install/px4_msgs/include/px4_msgs/px4_msgs/msg/detail/gripper__type_support.hpp\n'}
[1.698215] (px4_msgs) StdoutLine: {'line': b'-- Up-to-date: /home/mcfb/ros2_ws/install/px4_msgs/include/px4_msgs/px4_msgs/msg/detail/position_controller_landing_status__struct.hpp\n'}
[1.698263] (px4_msgs) StdoutLine: {'line': b'-- Up-to-date: /home/mcfb/ros2_ws/install/px4_msgs/include/px4_msgs/px4_msgs/msg/detail/vehicle_roi__type_support.hpp\n'}
[1.698317] (px4_msgs) StdoutLine: {'line': b'-- Up-to-date: /home/mcfb/ros2_ws/install/px4_msgs/include/px4_msgs/px4_msgs/msg/detail/gimbal_device_attitude_status__struct.hpp\n'}
[1.698356] (px4_msgs) StdoutLine: {'line': b'-- Up-to-date: /home/mcfb/ros2_ws/install/px4_msgs/include/px4_msgs/px4_msgs/msg/detail/estimator_states__builder.hpp\n'}
[1.698393] (px4_msgs) StdoutLine: {'line': b'-- Up-to-date: /home/mcfb/ros2_ws/install/px4_msgs/include/px4_msgs/px4_msgs/msg/detail/vehicle_global_position__type_support.hpp\n'}
[1.698489] (px4_msgs) StdoutLine: {'line': b'-- Up-to-date: /home/mcfb/ros2_ws/install/px4_msgs/include/px4_msgs/px4_msgs/msg/detail/ping__struct.hpp\n'}
[1.698522] (px4_msgs) StdoutLine: {'line': b'-- Up-to-date: /home/mcfb/ros2_ws/install/px4_msgs/include/px4_msgs/px4_msgs/msg/detail/normalized_unsigned_setpoint__traits.hpp\n'}
[1.698558] (px4_msgs) StdoutLine: {'line': b'-- Up-to-date: /home/mcfb/ros2_ws/install/px4_msgs/include/px4_msgs/px4_msgs/msg/detail/debug_key_value__struct.hpp\n'}
[1.698593] (px4_msgs) StdoutLine: {'line': b'-- Up-to-date: /home/mcfb/ros2_ws/install/px4_msgs/include/px4_msgs/px4_msgs/msg/detail/estimator_aid_source1d__type_support.hpp\n'}
[1.698628] (px4_msgs) StdoutLine: {'line': b'-- Up-to-date: /home/mcfb/ros2_ws/install/px4_msgs/include/px4_msgs/px4_msgs/msg/detail/gpio_config__struct.hpp\n'}
[1.698662] (px4_msgs) StdoutLine: {'line': b'-- Up-to-date: /home/mcfb/ros2_ws/install/px4_msgs/include/px4_msgs/px4_msgs/msg/detail/parameter_reset_request__type_support.hpp\n'}
[1.698703] (px4_msgs) StdoutLine: {'line': b'-- Up-to-date: /home/mcfb/ros2_ws/install/px4_msgs/include/px4_msgs/px4_msgs/msg/detail/sensor_gps__struct.hpp\n'}
[1.698736] (px4_msgs) StdoutLine: {'line': b'-- Up-to-date: /home/mcfb/ros2_ws/install/px4_msgs/include/px4_msgs/px4_msgs/msg/detail/fixed_wing_runway_control__struct.hpp\n'}
[1.698769] (px4_msgs) StdoutLine: {'line': b'-- Up-to-date: /home/mcfb/ros2_ws/install/px4_msgs/include/px4_msgs/px4_msgs/msg/detail/vehicle_angular_acceleration_setpoint__type_support.hpp\n'}
[1.698803] (px4_msgs) StdoutLine: {'line': b'-- Up-to-date: /home/mcfb/ros2_ws/install/px4_msgs/include/px4_msgs/px4_msgs/msg/detail/sensor_mag__struct.hpp\n'}
[1.698839] (px4_msgs) StdoutLine: {'line': b'-- Up-to-date: /home/mcfb/ros2_ws/install/px4_msgs/include/px4_msgs/px4_msgs/msg/detail/fixed_wing_lateral_guidance_status__traits.hpp\n'}
[1.698877] (px4_msgs) StdoutLine: {'line': b'-- Up-to-date: /home/mcfb/ros2_ws/install/px4_msgs/include/px4_msgs/px4_msgs/msg/detail/camera_status__traits.hpp\n'}
[1.698915] (px4_msgs) StdoutLine: {'line': b'-- Up-to-date: /home/mcfb/ros2_ws/install/px4_msgs/include/px4_msgs/px4_msgs/msg/detail/camera_trigger__builder.hpp\n'}
[1.698951] (px4_msgs) StdoutLine: {'line': b'-- Up-to-date: /home/mcfb/ros2_ws/install/px4_msgs/include/px4_msgs/px4_msgs/msg/detail/vehicle_control_mode__struct.hpp\n'}
[1.698988] (px4_msgs) StdoutLine: {'line': b'-- Up-to-date: /home/mcfb/ros2_ws/install/px4_msgs/include/px4_msgs/px4_msgs/msg/detail/vehicle_local_position_setpoint__type_support.hpp\n'}
[1.699025] (px4_msgs) StdoutLine: {'line': b'-- Up-to-date: /home/mcfb/ros2_ws/install/px4_msgs/include/px4_msgs/px4_msgs/msg/detail/vehicle_acceleration__builder.hpp\n'}
[1.699062] (px4_msgs) StdoutLine: {'line': b'-- Up-to-date: /home/mcfb/ros2_ws/install/px4_msgs/include/px4_msgs/px4_msgs/msg/detail/vehicle_odometry__type_support.hpp\n'}
[1.699116] (px4_msgs) StdoutLine: {'line': b'-- Up-to-date: /home/mcfb/ros2_ws/install/px4_msgs/include/px4_msgs/px4_msgs/msg/detail/rover_steering_setpoint__traits.hpp\n'}
[1.699149] (px4_msgs) StdoutLine: {'line': b'-- Up-to-date: /home/mcfb/ros2_ws/install/px4_msgs/include/px4_msgs/px4_msgs/msg/detail/distance_sensor__type_support.hpp\n'}
[1.699182] (px4_msgs) StdoutLine: {'line': b'-- Up-to-date: /home/mcfb/ros2_ws/install/px4_msgs/include/px4_msgs/px4_msgs/msg/detail/landing_gear_wheel__builder.hpp\n'}
[1.699215] (px4_msgs) StdoutLine: {'line': b'-- Up-to-date: /home/mcfb/ros2_ws/install/px4_msgs/include/px4_msgs/px4_msgs/msg/detail/sensor_gyro_fifo__builder.hpp\n'}
[1.699249] (px4_msgs) StdoutLine: {'line': b'-- Up-to-date: /home/mcfb/ros2_ws/install/px4_msgs/include/px4_msgs/px4_msgs/msg/detail/follow_target_status__struct.hpp\n'}
[1.699282] (px4_msgs) StdoutLine: {'line': b'-- Up-to-date: /home/mcfb/ros2_ws/install/px4_msgs/include/px4_msgs/px4_msgs/msg/detail/heater_status__builder.hpp\n'}
[1.699315] (px4_msgs) StdoutLine: {'line': b'-- Up-to-date: /home/mcfb/ros2_ws/install/px4_msgs/include/px4_msgs/px4_msgs/msg/detail/power_button_state__traits.hpp\n'}
[1.699349] (px4_msgs) StdoutLine: {'line': b'-- Up-to-date: /home/mcfb/ros2_ws/install/px4_msgs/include/px4_msgs/px4_msgs/msg/detail/rover_speed_status__struct.hpp\n'}
[1.699386] (px4_msgs) StdoutLine: {'line': b'-- Up-to-date: /home/mcfb/ros2_ws/install/px4_msgs/include/px4_msgs/px4_msgs/msg/detail/vehicle_local_position_setpoint__struct.hpp\n'}
[1.699422] (px4_msgs) StdoutLine: {'line': b'-- Up-to-date: /home/mcfb/ros2_ws/install/px4_msgs/include/px4_msgs/px4_msgs/msg/detail/gpio_in__builder.hpp\n'}
[1.699459] (px4_msgs) StdoutLine: {'line': b'-- Up-to-date: /home/mcfb/ros2_ws/install/px4_msgs/include/px4_msgs/px4_msgs/msg/detail/control_allocator_status__type_support.hpp\n'}
[1.699496] (px4_msgs) StdoutLine: {'line': b'-- Up-to-date: /home/mcfb/ros2_ws/install/px4_msgs/include/px4_msgs/px4_msgs/msg/detail/position_controller_landing_status__type_support.hpp\n'}
[1.699532] (px4_msgs) StdoutLine: {'line': b'-- Up-to-date: /home/mcfb/ros2_ws/install/px4_msgs/include/px4_msgs/px4_msgs/msg/detail/position_controller_landing_status__builder.hpp\n'}
[1.699570] (px4_msgs) StdoutLine: {'line': b'-- Up-to-date: /home/mcfb/ros2_ws/install/px4_msgs/include/px4_msgs/px4_msgs/msg/detail/hover_thrust_estimate__traits.hpp\n'}
[1.699606] (px4_msgs) StdoutLine: {'line': b'-- Up-to-date: /home/mcfb/ros2_ws/install/px4_msgs/include/px4_msgs/px4_msgs/msg/detail/system_power__type_support.hpp\n'}
[1.699643] (px4_msgs) StdoutLine: {'line': b'-- Up-to-date: /home/mcfb/ros2_ws/install/px4_msgs/include/px4_msgs/px4_msgs/msg/detail/estimator_sensor_bias__traits.hpp\n'}
[1.699704] (px4_msgs) StdoutLine: {'line': b'-- Up-to-date: /home/mcfb/ros2_ws/install/px4_msgs/include/px4_msgs/px4_msgs/msg/detail/distance_sensor_mode_change_request__struct.hpp\n'}
[1.699737] (px4_msgs) StdoutLine: {'line': b'-- Up-to-date: /home/mcfb/ros2_ws/install/px4_msgs/include/px4_msgs/px4_msgs/msg/detail/failure_detector_status__builder.hpp\n'}
[1.699790] (px4_msgs) StdoutLine: {'line': b'-- Up-to-date: /home/mcfb/ros2_ws/install/px4_msgs/include/px4_msgs/px4_msgs/msg/detail/sensor_combined__builder.hpp\n'}
[1.699823] (px4_msgs) StdoutLine: {'line': b'-- Up-to-date: /home/mcfb/ros2_ws/install/px4_msgs/include/px4_msgs/px4_msgs/msg/detail/rover_attitude_status__struct.hpp\n'}
[1.699856] (px4_msgs) StdoutLine: {'line': b'-- Up-to-date: /home/mcfb/ros2_ws/install/px4_msgs/include/px4_msgs/px4_msgs/msg/detail/cellular_status__type_support.hpp\n'}
[1.699888] (px4_msgs) StdoutLine: {'line': b'-- Up-to-date: /home/mcfb/ros2_ws/install/px4_msgs/include/px4_msgs/px4_msgs/msg/detail/mavlink_log__builder.hpp\n'}
[1.699920] (px4_msgs) StdoutLine: {'line': b'-- Up-to-date: /home/mcfb/ros2_ws/install/px4_msgs/include/px4_msgs/px4_msgs/msg/detail/gimbal_manager_information__traits.hpp\n'}
[1.699953] (px4_msgs) StdoutLine: {'line': b'-- Up-to-date: /home/mcfb/ros2_ws/install/px4_msgs/include/px4_msgs/px4_msgs/msg/detail/sensor_selection__traits.hpp\n'}
[1.699988] (px4_msgs) StdoutLine: {'line': b'-- Up-to-date: /home/mcfb/ros2_ws/install/px4_msgs/include/px4_msgs/px4_msgs/msg/detail/vehicle_attitude__struct.hpp\n'}
[1.700020] (px4_msgs) StdoutLine: {'line': b'-- Up-to-date: /home/mcfb/ros2_ws/install/px4_msgs/include/px4_msgs/px4_msgs/msg/detail/vehicle_command_ack__struct.hpp\n'}
[1.700071] (px4_msgs) StdoutLine: {'line': b'-- Up-to-date: /home/mcfb/ros2_ws/install/px4_msgs/include/px4_msgs/px4_msgs/msg/detail/vehicle_optical_flow_vel__traits.hpp\n'}
[1.700104] (px4_msgs) StdoutLine: {'line': b'-- Up-to-date: /home/mcfb/ros2_ws/install/px4_msgs/include/px4_msgs/px4_msgs/msg/detail/register_ext_component_reply__builder.hpp\n'}
[1.700136] (px4_msgs) StdoutLine: {'line': b'-- Up-to-date: /home/mcfb/ros2_ws/install/px4_msgs/include/px4_msgs/px4_msgs/msg/detail/actuator_armed__builder.hpp\n'}
[1.700169] (px4_msgs) StdoutLine: {'line': b'-- Up-to-date: /home/mcfb/ros2_ws/install/px4_msgs/include/px4_msgs/px4_msgs/msg/detail/position_setpoint__type_support.hpp\n'}
[1.700202] (px4_msgs) StdoutLine: {'line': b'-- Up-to-date: /home/mcfb/ros2_ws/install/px4_msgs/include/px4_msgs/px4_msgs/msg/detail/actuator_armed__traits.hpp\n'}
[1.700233] (px4_msgs) StdoutLine: {'line': b'-- Up-to-date: /home/mcfb/ros2_ws/install/px4_msgs/include/px4_msgs/px4_msgs/msg/detail/mount_orientation__traits.hpp\n'}
[1.700265] (px4_msgs) StdoutLine: {'line': b'-- Up-to-date: /home/mcfb/ros2_ws/install/px4_msgs/include/px4_msgs/px4_msgs/msg/detail/orb_test_large__traits.hpp\n'}
[1.700297] (px4_msgs) StdoutLine: {'line': b'-- Up-to-date: /home/mcfb/ros2_ws/install/px4_msgs/include/px4_msgs/px4_msgs/msg/detail/battery_info__traits.hpp\n'}
[1.700329] (px4_msgs) StdoutLine: {'line': b'-- Up-to-date: /home/mcfb/ros2_ws/install/px4_msgs/include/px4_msgs/px4_msgs/msg/detail/irlock_report__builder.hpp\n'}
[1.700382] (px4_msgs) StdoutLine: {'line': b'-- Up-to-date: /home/mcfb/ros2_ws/install/px4_msgs/include/px4_msgs/px4_msgs/msg/detail/flight_phase_estimation__builder.hpp\n'}
[1.700414] (px4_msgs) StdoutLine: {'line': b'-- Up-to-date: /home/mcfb/ros2_ws/install/px4_msgs/include/px4_msgs/px4_msgs/msg/detail/position_setpoint_triplet__struct.hpp\n'}
[1.700447] (px4_msgs) StdoutLine: {'line': b'-- Up-to-date: /home/mcfb/ros2_ws/install/px4_msgs/include/px4_msgs/px4_msgs/msg/detail/open_drone_id_system__struct.hpp\n'}
[1.700480] (px4_msgs) StdoutLine: {'line': b'-- Up-to-date: /home/mcfb/ros2_ws/install/px4_msgs/include/px4_msgs/px4_msgs/msg/detail/sensor_gyro_fft__traits.hpp\n'}
[1.700512] (px4_msgs) StdoutLine: {'line': b'-- Up-to-date: /home/mcfb/ros2_ws/install/px4_msgs/include/px4_msgs/px4_msgs/msg/detail/airspeed_validated__type_support.hpp\n'}
[1.700544] (px4_msgs) StdoutLine: {'line': b'-- Up-to-date: /home/mcfb/ros2_ws/install/px4_msgs/include/px4_msgs/px4_msgs/msg/detail/estimator_aid_source3d__builder.hpp\n'}
[1.700576] (px4_msgs) StdoutLine: {'line': b'-- Up-to-date: /home/mcfb/ros2_ws/install/px4_msgs/include/px4_msgs/px4_msgs/msg/detail/log_message__builder.hpp\n'}
[1.700607] (px4_msgs) StdoutLine: {'line': b'-- Up-to-date: /home/mcfb/ros2_ws/install/px4_msgs/include/px4_msgs/px4_msgs/msg/detail/launch_detection_status__type_support.hpp\n'}
[1.700639] (px4_msgs) StdoutLine: {'line': b'-- Up-to-date: /home/mcfb/ros2_ws/install/px4_msgs/include/px4_msgs/px4_msgs/msg/detail/fixed_wing_longitudinal_setpoint__builder.hpp\n'}
[1.700671] (px4_msgs) StdoutLine: {'line': b'-- Up-to-date: /home/mcfb/ros2_ws/install/px4_msgs/include/px4_msgs/px4_msgs/msg/detail/figure_eight_status__struct.hpp\n'}
[1.700711] (px4_msgs) StdoutLine: {'line': b'-- Up-to-date: /home/mcfb/ros2_ws/install/px4_msgs/include/px4_msgs/px4_msgs/msg/detail/estimator_event_flags__traits.hpp\n'}
[1.700746] (px4_msgs) StdoutLine: {'line': b'-- Up-to-date: /home/mcfb/ros2_ws/install/px4_msgs/include/px4_msgs/px4_msgs/msg/detail/orb_test_medium__type_support.hpp\n'}
[1.700781] (px4_msgs) StdoutLine: {'line': b'-- Up-to-date: /home/mcfb/ros2_ws/install/px4_msgs/include/px4_msgs/px4_msgs/msg/detail/sensors_status__struct.hpp\n'}
[1.700833] (px4_msgs) StdoutLine: {'line': b'-- Up-to-date: /home/mcfb/ros2_ws/install/px4_msgs/include/px4_msgs/px4_msgs/msg/detail/sensor_gyro_fifo__struct.hpp\n'}
[1.700869] (px4_msgs) StdoutLine: {'line': b'-- Up-to-date: /home/mcfb/ros2_ws/install/px4_msgs/include/px4_msgs/px4_msgs/msg/detail/estimator_bias3d__traits.hpp\n'}
[1.700923] (px4_msgs) StdoutLine: {'line': b'-- Up-to-date: /home/mcfb/ros2_ws/install/px4_msgs/include/px4_msgs/px4_msgs/msg/detail/landing_target_innovations__type_support.hpp\n'}
[1.700957] (px4_msgs) StdoutLine: {'line': b'-- Up-to-date: /home/mcfb/ros2_ws/install/px4_msgs/include/px4_msgs/px4_msgs/msg/detail/differential_pressure__struct.hpp\n'}
[1.700988] (px4_msgs) StdoutLine: {'line': b'-- Up-to-date: /home/mcfb/ros2_ws/install/px4_msgs/include/px4_msgs/px4_msgs/msg/detail/gimbal_device_attitude_status__traits.hpp\n'}
[1.701022] (px4_msgs) StdoutLine: {'line': b'-- Up-to-date: /home/mcfb/ros2_ws/install/px4_msgs/include/px4_msgs/px4_msgs/msg/detail/vehicle_status__builder.hpp\n'}
[1.701055] (px4_msgs) StdoutLine: {'line': b'-- Up-to-date: /home/mcfb/ros2_ws/install/px4_msgs/include/px4_msgs/px4_msgs/msg/detail/arming_check_reply__type_support.hpp\n'}
[1.701087] (px4_msgs) StdoutLine: {'line': b'-- Up-to-date: /home/mcfb/ros2_ws/install/px4_msgs/include/px4_msgs/px4_msgs/msg/detail/dataman_request__struct.hpp\n'}
[1.701128] (px4_msgs) StdoutLine: {'line': b'-- Up-to-date: /home/mcfb/ros2_ws/install/px4_msgs/include/px4_msgs/px4_msgs/msg/detail/rc_parameter_map__traits.hpp\n'}
[1.701160] (px4_msgs) StdoutLine: {'line': b'-- Up-to-date: /home/mcfb/ros2_ws/install/px4_msgs/include/px4_msgs/px4_msgs/msg/detail/landing_gear__type_support.hpp\n'}
[1.701192] (px4_msgs) StdoutLine: {'line': b'-- Up-to-date: /home/mcfb/ros2_ws/install/px4_msgs/include/px4_msgs/px4_msgs/msg/detail/follow_target__struct.hpp\n'}
[1.701224] (px4_msgs) StdoutLine: {'line': b'-- Up-to-date: /home/mcfb/ros2_ws/install/px4_msgs/include/px4_msgs/px4_msgs/msg/detail/parameter_update__traits.hpp\n'}
[1.701256] (px4_msgs) StdoutLine: {'line': b'-- Up-to-date: /home/mcfb/ros2_ws/install/px4_msgs/include/px4_msgs/px4_msgs/msg/detail/actuator_armed__type_support.hpp\n'}
[1.701287] (px4_msgs) StdoutLine: {'line': b'-- Up-to-date: /home/mcfb/ros2_ws/install/px4_msgs/include/px4_msgs/px4_msgs/msg/detail/actuator_armed__struct.hpp\n'}
[1.701319] (px4_msgs) StdoutLine: {'line': b'-- Up-to-date: /home/mcfb/ros2_ws/install/px4_msgs/include/px4_msgs/px4_msgs/msg/detail/home_position__struct.hpp\n'}
[1.701355] (px4_msgs) StdoutLine: {'line': b'-- Up-to-date: /home/mcfb/ros2_ws/install/px4_msgs/include/px4_msgs/px4_msgs/msg/detail/health_report__traits.hpp\n'}
[1.701391] (px4_msgs) StdoutLine: {'line': b'-- Up-to-date: /home/mcfb/ros2_ws/install/px4_msgs/include/px4_msgs/px4_msgs/msg/detail/vehicle_local_position__struct.hpp\n'}
[1.701429] (px4_msgs) StdoutLine: {'line': b'-- Up-to-date: /home/mcfb/ros2_ws/install/px4_msgs/include/px4_msgs/px4_msgs/msg/detail/gimbal_controls__type_support.hpp\n'}
[1.701476] (px4_msgs) StdoutLine: {'line': b'-- Up-to-date: /home/mcfb/ros2_ws/install/px4_msgs/include/px4_msgs/px4_msgs/msg/detail/orbit_status__builder.hpp\n'}
[1.701508] (px4_msgs) StdoutLine: {'line': b'-- Up-to-date: /home/mcfb/ros2_ws/install/px4_msgs/include/px4_msgs/px4_msgs/msg/detail/vehicle_attitude_setpoint__type_support.hpp\n'}
[1.701540] (px4_msgs) StdoutLine: {'line': b'-- Up-to-date: /home/mcfb/ros2_ws/install/px4_msgs/include/px4_msgs/px4_msgs/msg/detail/rover_steering_setpoint__struct.hpp\n'}
[1.701572] (px4_msgs) StdoutLine: {'line': b'-- Up-to-date: /home/mcfb/ros2_ws/install/px4_msgs/include/px4_msgs/px4_msgs/msg/detail/failure_detector_status__type_support.hpp\n'}
[1.701605] (px4_msgs) StdoutLine: {'line': b'-- Up-to-date: /home/mcfb/ros2_ws/install/px4_msgs/include/px4_msgs/px4_msgs/msg/detail/gripper__struct.hpp\n'}
[1.701638] (px4_msgs) StdoutLine: {'line': b'-- Up-to-date: /home/mcfb/ros2_ws/install/px4_msgs/include/px4_msgs/px4_msgs/msg/detail/vehicle_local_position__traits.hpp\n'}
[1.701675] (px4_msgs) StdoutLine: {'line': b'-- Up-to-date: /home/mcfb/ros2_ws/install/px4_msgs/include/px4_msgs/px4_msgs/msg/detail/can_interface_status__struct.hpp\n'}
[1.701724] (px4_msgs) StdoutLine: {'line': b'-- Up-to-date: /home/mcfb/ros2_ws/install/px4_msgs/include/px4_msgs/px4_msgs/msg/detail/gpio_in__struct.hpp\n'}
[1.701773] (px4_msgs) StdoutLine: {'line': b'-- Up-to-date: /home/mcfb/ros2_ws/install/px4_msgs/include/px4_msgs/px4_msgs/msg/detail/gpio_config__traits.hpp\n'}
[1.701816] (px4_msgs) StdoutLine: {'line': b'-- Up-to-date: /home/mcfb/ros2_ws/install/px4_msgs/include/px4_msgs/px4_msgs/msg/detail/vehicle_attitude_setpoint__struct.hpp\n'}
[1.701853] (px4_msgs) StdoutLine: {'line': b'-- Up-to-date: /home/mcfb/ros2_ws/install/px4_msgs/include/px4_msgs/px4_msgs/msg/detail/mavlink_log__struct.hpp\n'}
[1.701888] (px4_msgs) StdoutLine: {'line': b'-- Up-to-date: /home/mcfb/ros2_ws/install/px4_msgs/include/px4_msgs/px4_msgs/msg/detail/vehicle_constraints__type_support.hpp\n'}
[1.701925] (px4_msgs) StdoutLine: {'line': b'-- Up-to-date: /home/mcfb/ros2_ws/install/px4_msgs/include/px4_msgs/px4_msgs/msg/detail/navigator_mission_item__type_support.hpp\n'}
[1.701961] (px4_msgs) StdoutLine: {'line': b'-- Up-to-date: /home/mcfb/ros2_ws/install/px4_msgs/include/px4_msgs/px4_msgs/msg/detail/yaw_estimator_status__traits.hpp\n'}
[1.701995] (px4_msgs) StdoutLine: {'line': b'-- Up-to-date: /home/mcfb/ros2_ws/install/px4_msgs/include/px4_msgs/px4_msgs/msg/detail/parameter_reset_request__builder.hpp\n'}
[1.702079] (px4_msgs) StdoutLine: {'line': b'-- Up-to-date: /home/mcfb/ros2_ws/install/px4_msgs/include/px4_msgs/px4_msgs/msg/detail/uavcan_parameter_request__traits.hpp\n'}
[1.702138] (px4_msgs) StdoutLine: {'line': b'-- Up-to-date: /home/mcfb/ros2_ws/install/px4_msgs/include/px4_msgs/px4_msgs/msg/detail/airspeed__traits.hpp\n'}
[1.702197] (px4_msgs) StdoutLine: {'line': b'-- Up-to-date: /home/mcfb/ros2_ws/install/px4_msgs/include/px4_msgs/px4_msgs/msg/detail/parameter_set_value_response__builder.hpp\n'}
[1.702249] (px4_msgs) StdoutLine: {'line': b'-- Up-to-date: /home/mcfb/ros2_ws/install/px4_msgs/include/px4_msgs/px4_msgs/msg/detail/button_event__type_support.hpp\n'}
[1.702301] (px4_msgs) StdoutLine: {'line': b'-- Up-to-date: /home/mcfb/ros2_ws/install/px4_msgs/include/px4_msgs/px4_msgs/msg/detail/sensor_baro__type_support.hpp\n'}
[1.702338] (px4_msgs) StdoutLine: {'line': b'-- Up-to-date: /home/mcfb/ros2_ws/install/px4_msgs/include/px4_msgs/px4_msgs/msg/detail/open_drone_id_operator_id__struct.hpp\n'}
[1.702374] (px4_msgs) StdoutLine: {'line': b'-- Up-to-date: /home/mcfb/ros2_ws/install/px4_msgs/include/px4_msgs/px4_msgs/msg/detail/rc_channels__type_support.hpp\n'}
[1.702410] (px4_msgs) StdoutLine: {'line': b'-- Up-to-date: /home/mcfb/ros2_ws/install/px4_msgs/include/px4_msgs/px4_msgs/msg/detail/open_drone_id_arm_status__builder.hpp\n'}
[1.702446] (px4_msgs) StdoutLine: {'line': b'-- Up-to-date: /home/mcfb/ros2_ws/install/px4_msgs/include/px4_msgs/px4_msgs/msg/detail/message_format_request__struct.hpp\n'}
[1.702482] (px4_msgs) StdoutLine: {'line': b'-- Up-to-date: /home/mcfb/ros2_ws/install/px4_msgs/include/px4_msgs/px4_msgs/msg/detail/vehicle_odometry__builder.hpp\n'}
[1.702518] (px4_msgs) StdoutLine: {'line': b'-- Up-to-date: /home/mcfb/ros2_ws/install/px4_msgs/include/px4_msgs/px4_msgs/msg/detail/qshell_retval__struct.hpp\n'}
[1.702554] (px4_msgs) StdoutLine: {'line': b'-- Up-to-date: /home/mcfb/ros2_ws/install/px4_msgs/include/px4_msgs/px4_msgs/msg/detail/gps_dump__builder.hpp\n'}
[1.702590] (-) TimerEvent: {}
[1.702704] (px4_msgs) StdoutLine: {'line': b'-- Up-to-date: /home/mcfb/ros2_ws/install/px4_msgs/include/px4_msgs/px4_msgs/msg/detail/arming_check_reply__struct.hpp\n'}
[1.702751] (px4_msgs) StdoutLine: {'line': b'-- Up-to-date: /home/mcfb/ros2_ws/install/px4_msgs/include/px4_msgs/px4_msgs/msg/detail/vehicle_optical_flow__traits.hpp\n'}
[1.702786] (px4_msgs) StdoutLine: {'line': b'-- Up-to-date: /home/mcfb/ros2_ws/install/px4_msgs/include/px4_msgs/px4_msgs/msg/detail/trajectory_setpoint6dof__type_support.hpp\n'}
[1.702823] (px4_msgs) StdoutLine: {'line': b'-- Up-to-date: /home/mcfb/ros2_ws/install/px4_msgs/include/px4_msgs/px4_msgs/msg/detail/tecs_status__traits.hpp\n'}
[1.702858] (px4_msgs) StdoutLine: {'line': b'-- Up-to-date: /home/mcfb/ros2_ws/install/px4_msgs/include/px4_msgs/px4_msgs/msg/detail/sensor_gnss_status__builder.hpp\n'}
[1.702896] (px4_msgs) StdoutLine: {'line': b'-- Up-to-date: /home/mcfb/ros2_ws/install/px4_msgs/include/px4_msgs/px4_msgs/msg/detail/mavlink_tunnel__builder.hpp\n'}
[1.702933] (px4_msgs) StdoutLine: {'line': b'-- Up-to-date: /home/mcfb/ros2_ws/install/px4_msgs/include/px4_msgs/px4_msgs/msg/detail/pure_pursuit_status__traits.hpp\n'}
[1.702971] (px4_msgs) StdoutLine: {'line': b'-- Up-to-date: /home/mcfb/ros2_ws/install/px4_msgs/include/px4_msgs/px4_msgs/msg/detail/rover_attitude_status__builder.hpp\n'}
[1.703007] (px4_msgs) StdoutLine: {'line': b'-- Up-to-date: /home/mcfb/ros2_ws/install/px4_msgs/include/px4_msgs/px4_msgs/msg/detail/gripper__traits.hpp\n'}
[1.703044] (px4_msgs) StdoutLine: {'line': b'-- Up-to-date: /home/mcfb/ros2_ws/install/px4_msgs/include/px4_msgs/px4_msgs/msg/detail/gps_dump__traits.hpp\n'}
[1.703080] (px4_msgs) StdoutLine: {'line': b'-- Up-to-date: /home/mcfb/ros2_ws/install/px4_msgs/include/px4_msgs/px4_msgs/msg/detail/rtl_status__type_support.hpp\n'}
[1.703117] (px4_msgs) StdoutLine: {'line': b'-- Up-to-date: /home/mcfb/ros2_ws/install/px4_msgs/include/px4_msgs/px4_msgs/msg/detail/position_setpoint_triplet__type_support.hpp\n'}
[1.703165] (px4_msgs) StdoutLine: {'line': b'-- Up-to-date: /home/mcfb/ros2_ws/install/px4_msgs/include/px4_msgs/px4_msgs/msg/detail/actuator_outputs__struct.hpp\n'}
[1.703218] (px4_msgs) StdoutLine: {'line': b'-- Up-to-date: /home/mcfb/ros2_ws/install/px4_msgs/include/px4_msgs/px4_msgs/msg/detail/rate_ctrl_status__traits.hpp\n'}
[1.703278] (px4_msgs) StdoutLine: {'line': b'-- Up-to-date: /home/mcfb/ros2_ws/install/px4_msgs/include/px4_msgs/px4_msgs/msg/detail/message_format_response__builder.hpp\n'}
[1.703338] (px4_msgs) StdoutLine: {'line': b'-- Up-to-date: /home/mcfb/ros2_ws/install/px4_msgs/include/px4_msgs/px4_msgs/msg/detail/rover_speed_setpoint__type_support.hpp\n'}
[1.703389] (px4_msgs) StdoutLine: {'line': b'-- Up-to-date: /home/mcfb/ros2_ws/install/px4_msgs/include/px4_msgs/px4_msgs/msg/detail/gimbal_manager_status__type_support.hpp\n'}
[1.703427] (px4_msgs) StdoutLine: {'line': b'-- Up-to-date: /home/mcfb/ros2_ws/install/px4_msgs/include/px4_msgs/px4_msgs/msg/detail/gimbal_manager_information__builder.hpp\n'}
[1.703464] (px4_msgs) StdoutLine: {'line': b'-- Up-to-date: /home/mcfb/ros2_ws/install/px4_msgs/include/px4_msgs/px4_msgs/msg/detail/cellular_status__traits.hpp\n'}
[1.703506] (px4_msgs) StdoutLine: {'line': b'-- Up-to-date: /home/mcfb/ros2_ws/install/px4_msgs/include/px4_msgs/px4_msgs/msg/detail/orb_test_medium__struct.hpp\n'}
[1.703580] (px4_msgs) StdoutLine: {'line': b'-- Up-to-date: /home/mcfb/ros2_ws/install/px4_msgs/include/px4_msgs/px4_msgs/msg/detail/trajectory_setpoint6dof__builder.hpp\n'}
[1.703620] (px4_msgs) StdoutLine: {'line': b'-- Up-to-date: /home/mcfb/ros2_ws/install/px4_msgs/include/px4_msgs/px4_msgs/msg/detail/gimbal_controls__traits.hpp\n'}
[1.703653] (px4_msgs) StdoutLine: {'line': b'-- Up-to-date: /home/mcfb/ros2_ws/install/px4_msgs/include/px4_msgs/px4_msgs/msg/detail/geofence_status__traits.hpp\n'}
[1.703694] (px4_msgs) StdoutLine: {'line': b'-- Up-to-date: /home/mcfb/ros2_ws/install/px4_msgs/include/px4_msgs/px4_msgs/msg/detail/radio_status__builder.hpp\n'}
[1.703727] (px4_msgs) StdoutLine: {'line': b'-- Up-to-date: /home/mcfb/ros2_ws/install/px4_msgs/include/px4_msgs/px4_msgs/msg/detail/rate_ctrl_status__struct.hpp\n'}
[1.703764] (px4_msgs) StdoutLine: {'line': b'-- Up-to-date: /home/mcfb/ros2_ws/install/px4_msgs/include/px4_msgs/px4_msgs/msg/detail/led_control__builder.hpp\n'}
[1.703797] (px4_msgs) StdoutLine: {'line': b'-- Up-to-date: /home/mcfb/ros2_ws/install/px4_msgs/include/px4_msgs/px4_msgs/msg/detail/rtl_status__struct.hpp\n'}
[1.703835] (px4_msgs) StdoutLine: {'line': b'-- Up-to-date: /home/mcfb/ros2_ws/install/px4_msgs/include/px4_msgs/px4_msgs/msg/detail/debug_key_value__type_support.hpp\n'}
[1.703870] (px4_msgs) StdoutLine: {'line': b'-- Up-to-date: /home/mcfb/ros2_ws/install/px4_msgs/include/px4_msgs/px4_msgs/msg/detail/can_interface_status__traits.hpp\n'}
[1.703904] (px4_msgs) StdoutLine: {'line': b'-- Up-to-date: /home/mcfb/ros2_ws/install/px4_msgs/include/px4_msgs/px4_msgs/msg/detail/estimator_gps_status__struct.hpp\n'}
[1.703939] (px4_msgs) StdoutLine: {'line': b'-- Up-to-date: /home/mcfb/ros2_ws/install/px4_msgs/include/px4_msgs/px4_msgs/msg/detail/health_report__builder.hpp\n'}
[1.703982] (px4_msgs) StdoutLine: {'line': b'-- Up-to-date: /home/mcfb/ros2_ws/install/px4_msgs/include/px4_msgs/px4_msgs/msg/detail/ekf2_timestamps__type_support.hpp\n'}
[1.704019] (px4_msgs) StdoutLine: {'line': b'-- Up-to-date: /home/mcfb/ros2_ws/install/px4_msgs/include/px4_msgs/px4_msgs/msg/detail/estimator_status__type_support.hpp\n'}
[1.704069] (px4_msgs) StdoutLine: {'line': b'-- Up-to-date: /home/mcfb/ros2_ws/install/px4_msgs/include/px4_msgs/px4_msgs/msg/detail/gimbal_manager_set_attitude__traits.hpp\n'}
[1.704122] (px4_msgs) StdoutLine: {'line': b'-- Up-to-date: /home/mcfb/ros2_ws/install/px4_msgs/include/px4_msgs/px4_msgs/msg/detail/trajectory_setpoint6dof__struct.hpp\n'}
[1.704163] (px4_msgs) StdoutLine: {'line': b'-- Up-to-date: /home/mcfb/ros2_ws/install/px4_msgs/include/px4_msgs/px4_msgs/msg/detail/rate_ctrl_status__type_support.hpp\n'}
[1.704204] (px4_msgs) StdoutLine: {'line': b'-- Up-to-date: /home/mcfb/ros2_ws/install/px4_msgs/include/px4_msgs/px4_msgs/msg/detail/estimator_status__struct.hpp\n'}
[1.704243] (px4_msgs) StdoutLine: {'line': b'-- Up-to-date: /home/mcfb/ros2_ws/install/px4_msgs/include/px4_msgs/px4_msgs/msg/detail/navigator_status__struct.hpp\n'}
[1.704282] (px4_msgs) StdoutLine: {'line': b'-- Up-to-date: /home/mcfb/ros2_ws/install/px4_msgs/include/px4_msgs/px4_msgs/msg/detail/open_drone_id_self_id__builder.hpp\n'}
[1.704353] (px4_msgs) StdoutLine: {'line': b'-- Up-to-date: /home/mcfb/ros2_ws/install/px4_msgs/include/px4_msgs/px4_msgs/msg/detail/parameter_update__type_support.hpp\n'}
[1.704386] (px4_msgs) StdoutLine: {'line': b'-- Up-to-date: /home/mcfb/ros2_ws/install/px4_msgs/include/px4_msgs/px4_msgs/msg/detail/trajectory_setpoint__type_support.hpp\n'}
[1.704436] (px4_msgs) StdoutLine: {'line': b'-- Up-to-date: /home/mcfb/ros2_ws/install/px4_msgs/include/px4_msgs/px4_msgs/msg/detail/power_monitor__type_support.hpp\n'}
[1.704477] (px4_msgs) StdoutLine: {'line': b'-- Up-to-date: /home/mcfb/ros2_ws/install/px4_msgs/include/px4_msgs/px4_msgs/msg/detail/estimator_aid_source3d__struct.hpp\n'}
[1.704514] (px4_msgs) StdoutLine: {'line': b'-- Up-to-date: /home/mcfb/ros2_ws/install/px4_msgs/include/px4_msgs/px4_msgs/msg/detail/estimator_bias3d__builder.hpp\n'}
[1.704552] (px4_msgs) StdoutLine: {'line': b'-- Up-to-date: /home/mcfb/ros2_ws/install/px4_msgs/include/px4_msgs/px4_msgs/msg/detail/mount_orientation__builder.hpp\n'}
[1.704591] (px4_msgs) StdoutLine: {'line': b'-- Up-to-date: /home/mcfb/ros2_ws/install/px4_msgs/include/px4_msgs/px4_msgs/msg/detail/offboard_control_mode__traits.hpp\n'}
[1.704630] (px4_msgs) StdoutLine: {'line': b'-- Up-to-date: /home/mcfb/ros2_ws/install/px4_msgs/include/px4_msgs/px4_msgs/msg/detail/gimbal_device_information__traits.hpp\n'}
[1.704667] (px4_msgs) StdoutLine: {'line': b'-- Up-to-date: /home/mcfb/ros2_ws/install/px4_msgs/include/px4_msgs/px4_msgs/msg/detail/follow_target_status__type_support.hpp\n'}
[1.704713] (px4_msgs) StdoutLine: {'line': b'-- Up-to-date: /home/mcfb/ros2_ws/install/px4_msgs/include/px4_msgs/px4_msgs/msg/detail/sensor_accel_fifo__traits.hpp\n'}
[1.704754] (px4_msgs) StdoutLine: {'line': b'-- Up-to-date: /home/mcfb/ros2_ws/install/px4_msgs/include/px4_msgs/px4_msgs/msg/detail/orbit_status__type_support.hpp\n'}
[1.704793] (px4_msgs) StdoutLine: {'line': b'-- Up-to-date: /home/mcfb/ros2_ws/install/px4_msgs/include/px4_msgs/px4_msgs/msg/detail/fixed_wing_lateral_guidance_status__type_support.hpp\n'}
[1.704875] (px4_msgs) StdoutLine: {'line': b'-- Up-to-date: /home/mcfb/ros2_ws/install/px4_msgs/include/px4_msgs/px4_msgs/msg/detail/estimator_aid_source2d__struct.hpp\n'}
[1.704911] (px4_msgs) StdoutLine: {'line': b'-- Up-to-date: /home/mcfb/ros2_ws/install/px4_msgs/include/px4_msgs/px4_msgs/msg/detail/heater_status__type_support.hpp\n'}
[1.704947] (px4_msgs) StdoutLine: {'line': b'-- Up-to-date: /home/mcfb/ros2_ws/install/px4_msgs/include/px4_msgs/px4_msgs/msg/detail/normalized_unsigned_setpoint__type_support.hpp\n'}
[1.704984] (px4_msgs) StdoutLine: {'line': b'-- Up-to-date: /home/mcfb/ros2_ws/install/px4_msgs/include/px4_msgs/px4_msgs/msg/detail/velocity_limits__traits.hpp\n'}
[1.705020] (px4_msgs) StdoutLine: {'line': b'-- Up-to-date: /home/mcfb/ros2_ws/install/px4_msgs/include/px4_msgs/px4_msgs/msg/detail/sensor_gyro_fifo__traits.hpp\n'}
[1.705056] (px4_msgs) StdoutLine: {'line': b'-- Up-to-date: /home/mcfb/ros2_ws/install/px4_msgs/include/px4_msgs/px4_msgs/msg/detail/adc_report__struct.hpp\n'}
[1.705090] (px4_msgs) StdoutLine: {'line': b'-- Up-to-date: /home/mcfb/ros2_ws/install/px4_msgs/include/px4_msgs/px4_msgs/msg/detail/register_ext_component_request__traits.hpp\n'}
[1.705125] (px4_msgs) StdoutLine: {'line': b'-- Up-to-date: /home/mcfb/ros2_ws/install/px4_msgs/include/px4_msgs/px4_msgs/msg/detail/autotune_attitude_control_status__builder.hpp\n'}
[1.705179] (px4_msgs) StdoutLine: {'line': b'-- Up-to-date: /home/mcfb/ros2_ws/install/px4_msgs/include/px4_msgs/px4_msgs/msg/detail/orbit_status__traits.hpp\n'}
[1.705212] (px4_msgs) StdoutLine: {'line': b'-- Up-to-date: /home/mcfb/ros2_ws/install/px4_msgs/include/px4_msgs/px4_msgs/msg/detail/config_overrides__type_support.hpp\n'}
[1.705259] (px4_msgs) StdoutLine: {'line': b'-- Up-to-date: /home/mcfb/ros2_ws/install/px4_msgs/include/px4_msgs/px4_msgs/msg/detail/vehicle_optical_flow__struct.hpp\n'}
[1.705291] (px4_msgs) StdoutLine: {'line': b'-- Up-to-date: /home/mcfb/ros2_ws/install/px4_msgs/include/px4_msgs/px4_msgs/msg/detail/rtl_status__builder.hpp\n'}
[1.705324] (px4_msgs) StdoutLine: {'line': b'-- Up-to-date: /home/mcfb/ros2_ws/install/px4_msgs/include/px4_msgs/px4_msgs/msg/detail/pps_capture__builder.hpp\n'}
[1.705368] (px4_msgs) StdoutLine: {'line': b'-- Up-to-date: /home/mcfb/ros2_ws/install/px4_msgs/include/px4_msgs/px4_msgs/msg/detail/vehicle_command__type_support.hpp\n'}
[1.705415] (px4_msgs) StdoutLine: {'line': b'-- Up-to-date: /home/mcfb/ros2_ws/install/px4_msgs/include/px4_msgs/px4_msgs/msg/detail/sensor_preflight_mag__type_support.hpp\n'}
[1.705460] (px4_msgs) StdoutLine: {'line': b'-- Up-to-date: /home/mcfb/ros2_ws/install/px4_msgs/include/px4_msgs/px4_msgs/msg/detail/control_allocator_status__struct.hpp\n'}
[1.705496] (px4_msgs) StdoutLine: {'line': b'-- Up-to-date: /home/mcfb/ros2_ws/install/px4_msgs/include/px4_msgs/px4_msgs/msg/detail/fixed_wing_longitudinal_setpoint__traits.hpp\n'}
[1.705534] (px4_msgs) StdoutLine: {'line': b'-- Up-to-date: /home/mcfb/ros2_ws/install/px4_msgs/include/px4_msgs/px4_msgs/msg/detail/neural_control__traits.hpp\n'}
[1.705572] (px4_msgs) StdoutLine: {'line': b'-- Up-to-date: /home/mcfb/ros2_ws/install/px4_msgs/include/px4_msgs/px4_msgs/msg/detail/parameter_set_value_request__traits.hpp\n'}
[1.705608] (px4_msgs) StdoutLine: {'line': b'-- Up-to-date: /home/mcfb/ros2_ws/install/px4_msgs/include/px4_msgs/px4_msgs/msg/detail/transponder_report__builder.hpp\n'}
[1.705647] (px4_msgs) StdoutLine: {'line': b'-- Up-to-date: /home/mcfb/ros2_ws/install/px4_msgs/include/px4_msgs/px4_msgs/msg/detail/estimator_states__struct.hpp\n'}
[1.705689] (px4_msgs) StdoutLine: {'line': b'-- Up-to-date: /home/mcfb/ros2_ws/install/px4_msgs/include/px4_msgs/px4_msgs/msg/detail/follow_target_status__traits.hpp\n'}
[1.705738] (px4_msgs) StdoutLine: {'line': b'-- Up-to-date: /home/mcfb/ros2_ws/install/px4_msgs/include/px4_msgs/px4_msgs/msg/detail/vehicle_land_detected__struct.hpp\n'}
[1.705783] (px4_msgs) StdoutLine: {'line': b'-- Up-to-date: /home/mcfb/ros2_ws/install/px4_msgs/include/px4_msgs/px4_msgs/msg/detail/manual_control_switches__traits.hpp\n'}
[1.705839] (px4_msgs) StdoutLine: {'line': b'-- Up-to-date: /home/mcfb/ros2_ws/install/px4_msgs/include/px4_msgs/px4_msgs/msg/detail/satellite_info__struct.hpp\n'}
[1.705872] (px4_msgs) StdoutLine: {'line': b'-- Up-to-date: /home/mcfb/ros2_ws/install/px4_msgs/include/px4_msgs/px4_msgs/msg/detail/heater_status__traits.hpp\n'}
[1.705904] (px4_msgs) StdoutLine: {'line': b'-- Up-to-date: /home/mcfb/ros2_ws/install/px4_msgs/include/px4_msgs/px4_msgs/msg/detail/open_drone_id_self_id__type_support.hpp\n'}
[1.705940] (px4_msgs) StdoutLine: {'line': b'-- Up-to-date: /home/mcfb/ros2_ws/install/px4_msgs/include/px4_msgs/px4_msgs/msg/detail/launch_detection_status__builder.hpp\n'}
[1.705979] (px4_msgs) StdoutLine: {'line': b'-- Up-to-date: /home/mcfb/ros2_ws/install/px4_msgs/include/px4_msgs/px4_msgs/msg/detail/actuator_servos_trim__type_support.hpp\n'}
[1.706030] (px4_msgs) StdoutLine: {'line': b'-- Up-to-date: /home/mcfb/ros2_ws/install/px4_msgs/include/px4_msgs/px4_msgs/msg/detail/debug_vect__type_support.hpp\n'}
[1.706081] (px4_msgs) StdoutLine: {'line': b'-- Up-to-date: /home/mcfb/ros2_ws/install/px4_msgs/include/px4_msgs/px4_msgs/msg/detail/sensor_uwb__builder.hpp\n'}
[1.706137] (px4_msgs) StdoutLine: {'line': b'-- Up-to-date: /home/mcfb/ros2_ws/install/px4_msgs/include/px4_msgs/px4_msgs/msg/detail/irlock_report__type_support.hpp\n'}
[1.706216] (px4_msgs) StdoutLine: {'line': b'-- Up-to-date: /home/mcfb/ros2_ws/install/px4_msgs/include/px4_msgs/px4_msgs/msg/detail/open_drone_id_system__traits.hpp\n'}
[1.706253] (px4_msgs) StdoutLine: {'line': b'-- Up-to-date: /home/mcfb/ros2_ws/install/px4_msgs/include/px4_msgs/px4_msgs/msg/detail/camera_capture__traits.hpp\n'}
[1.706296] (px4_msgs) StdoutLine: {'line': b'-- Up-to-date: /home/mcfb/ros2_ws/install/px4_msgs/include/px4_msgs/px4_msgs/msg/detail/irlock_report__struct.hpp\n'}
[1.706345] (px4_msgs) StdoutLine: {'line': b'-- Up-to-date: /home/mcfb/ros2_ws/install/px4_msgs/include/px4_msgs/px4_msgs/msg/detail/actuator_outputs__traits.hpp\n'}
[1.706391] (px4_msgs) StdoutLine: {'line': b'-- Up-to-date: /home/mcfb/ros2_ws/install/px4_msgs/include/px4_msgs/px4_msgs/msg/detail/sensors_status_imu__traits.hpp\n'}
[1.706448] (px4_msgs) StdoutLine: {'line': b'-- Up-to-date: /home/mcfb/ros2_ws/install/px4_msgs/include/px4_msgs/px4_msgs/msg/detail/airspeed_wind__type_support.hpp\n'}
[1.706505] (px4_msgs) StdoutLine: {'line': b'-- Up-to-date: /home/mcfb/ros2_ws/install/px4_msgs/include/px4_msgs/px4_msgs/msg/detail/pps_capture__type_support.hpp\n'}
[1.706576] (px4_msgs) StdoutLine: {'line': b'-- Up-to-date: /home/mcfb/ros2_ws/install/px4_msgs/include/px4_msgs/px4_msgs/msg/detail/sensor_hygrometer__struct.hpp\n'}
[1.706629] (px4_msgs) StdoutLine: {'line': b'-- Up-to-date: /home/mcfb/ros2_ws/install/px4_msgs/include/px4_msgs/px4_msgs/msg/detail/sensors_status__builder.hpp\n'}
[1.706668] (px4_msgs) StdoutLine: {'line': b'-- Up-to-date: /home/mcfb/ros2_ws/install/px4_msgs/include/px4_msgs/px4_msgs/msg/detail/navigator_status__traits.hpp\n'}
[1.706744] (px4_msgs) StdoutLine: {'line': b'-- Up-to-date: /home/mcfb/ros2_ws/install/px4_msgs/include/px4_msgs/px4_msgs/msg/detail/sensor_accel__traits.hpp\n'}
[1.706778] (px4_msgs) StdoutLine: {'line': b'-- Up-to-date: /home/mcfb/ros2_ws/install/px4_msgs/include/px4_msgs/px4_msgs/msg/detail/camera_trigger__type_support.hpp\n'}
[1.706811] (px4_msgs) StdoutLine: {'line': b'-- Up-to-date: /home/mcfb/ros2_ws/install/px4_msgs/include/px4_msgs/px4_msgs/msg/detail/geofence_result__traits.hpp\n'}
[1.706843] (px4_msgs) StdoutLine: {'line': b'-- Up-to-date: /home/mcfb/ros2_ws/install/px4_msgs/include/px4_msgs/px4_msgs/msg/detail/actuator_outputs__type_support.hpp\n'}
[1.706876] (px4_msgs) StdoutLine: {'line': b'-- Up-to-date: /home/mcfb/ros2_ws/install/px4_msgs/include/px4_msgs/px4_msgs/msg/detail/fuel_tank_status__builder.hpp\n'}
[1.706913] (px4_msgs) StdoutLine: {'line': b'-- Up-to-date: /home/mcfb/ros2_ws/install/px4_msgs/include/px4_msgs/px4_msgs/msg/detail/landing_target_innovations__struct.hpp\n'}
[1.706951] (px4_msgs) StdoutLine: {'line': b'-- Up-to-date: /home/mcfb/ros2_ws/install/px4_msgs/include/px4_msgs/px4_msgs/msg/detail/gimbal_manager_information__type_support.hpp\n'}
[1.707029] (px4_msgs) StdoutLine: {'line': b'-- Up-to-date: /home/mcfb/ros2_ws/install/px4_msgs/include/px4_msgs/px4_msgs/msg/detail/actuator_servos__traits.hpp\n'}
[1.707062] (px4_msgs) StdoutLine: {'line': b'-- Up-to-date: /home/mcfb/ros2_ws/install/px4_msgs/include/px4_msgs/px4_msgs/msg/detail/rover_attitude_setpoint__builder.hpp\n'}
[1.707095] (px4_msgs) StdoutLine: {'line': b'-- Up-to-date: /home/mcfb/ros2_ws/install/px4_msgs/include/px4_msgs/px4_msgs/msg/detail/register_ext_component_reply__type_support.hpp\n'}
[1.707145] (px4_msgs) StdoutLine: {'line': b'-- Up-to-date: /home/mcfb/ros2_ws/install/px4_msgs/include/px4_msgs/px4_msgs/msg/detail/tiltrotor_extra_controls__struct.hpp\n'}
[1.707186] (px4_msgs) StdoutLine: {'line': b'-- Up-to-date: /home/mcfb/ros2_ws/install/px4_msgs/include/px4_msgs/px4_msgs/msg/detail/mount_orientation__struct.hpp\n'}
[1.707230] (px4_msgs) StdoutLine: {'line': b'-- Up-to-date: /home/mcfb/ros2_ws/install/px4_msgs/include/px4_msgs/px4_msgs/msg/detail/rover_attitude_setpoint__type_support.hpp\n'}
[1.707271] (px4_msgs) StdoutLine: {'line': b'-- Up-to-date: /home/mcfb/ros2_ws/install/px4_msgs/include/px4_msgs/px4_msgs/msg/detail/button_event__builder.hpp\n'}
[1.707341] (px4_msgs) StdoutLine: {'line': b'-- Up-to-date: /home/mcfb/ros2_ws/install/px4_msgs/include/px4_msgs/px4_msgs/msg/detail/rover_steering_setpoint__builder.hpp\n'}
[1.707374] (px4_msgs) StdoutLine: {'line': b'-- Up-to-date: /home/mcfb/ros2_ws/install/px4_msgs/include/px4_msgs/px4_msgs/msg/detail/vehicle_optical_flow__builder.hpp\n'}
[1.707406] (px4_msgs) StdoutLine: {'line': b'-- Up-to-date: /home/mcfb/ros2_ws/install/px4_msgs/include/px4_msgs/px4_msgs/msg/detail/sensor_gps__type_support.hpp\n'}
[1.707438] (px4_msgs) StdoutLine: {'line': b'-- Up-to-date: /home/mcfb/ros2_ws/install/px4_msgs/include/px4_msgs/px4_msgs/msg/detail/vehicle_angular_velocity__traits.hpp\n'}
[1.707470] (px4_msgs) StdoutLine: {'line': b'-- Up-to-date: /home/mcfb/ros2_ws/install/px4_msgs/include/px4_msgs/px4_msgs/msg/detail/arming_check_request__traits.hpp\n'}
[1.707502] (px4_msgs) StdoutLine: {'line': b'-- Up-to-date: /home/mcfb/ros2_ws/install/px4_msgs/include/px4_msgs/px4_msgs/msg/detail/transponder_report__struct.hpp\n'}
[1.707534] (px4_msgs) StdoutLine: {'line': b'-- Up-to-date: /home/mcfb/ros2_ws/install/px4_msgs/include/px4_msgs/px4_msgs/msg/detail/ulog_stream__struct.hpp\n'}
[1.707579] (px4_msgs) StdoutLine: {'line': b'-- Up-to-date: /home/mcfb/ros2_ws/install/px4_msgs/include/px4_msgs/px4_msgs/msg/detail/estimator_innovations__builder.hpp\n'}
[1.707629] (px4_msgs) StdoutLine: {'line': b'-- Up-to-date: /home/mcfb/ros2_ws/install/px4_msgs/include/px4_msgs/px4_msgs/msg/detail/vehicle_status__struct.hpp\n'}
[1.707683] (px4_msgs) StdoutLine: {'line': b'-- Up-to-date: /home/mcfb/ros2_ws/install/px4_msgs/include/px4_msgs/px4_msgs/msg/detail/mag_worker_data__builder.hpp\n'}
[1.707736] (px4_msgs) StdoutLine: {'line': b'-- Up-to-date: /home/mcfb/ros2_ws/install/px4_msgs/include/px4_msgs/px4_msgs/msg/detail/iridiumsbd_status__traits.hpp\n'}
[1.707785] (px4_msgs) StdoutLine: {'line': b'-- Up-to-date: /home/mcfb/ros2_ws/install/px4_msgs/include/px4_msgs/px4_msgs/msg/detail/velocity_limits__struct.hpp\n'}
[1.707832] (px4_msgs) StdoutLine: {'line': b'-- Up-to-date: /home/mcfb/ros2_ws/install/px4_msgs/include/px4_msgs/px4_msgs/msg/detail/px4io_status__builder.hpp\n'}
[1.707896] (px4_msgs) StdoutLine: {'line': b'-- Up-to-date: /home/mcfb/ros2_ws/install/px4_msgs/include/px4_msgs/px4_msgs/msg/detail/rover_speed_setpoint__struct.hpp\n'}
[1.707950] (px4_msgs) StdoutLine: {'line': b'-- Up-to-date: /home/mcfb/ros2_ws/install/px4_msgs/include/px4_msgs/px4_msgs/msg/detail/parameter_set_value_request__struct.hpp\n'}
[1.708002] (px4_msgs) StdoutLine: {'line': b'-- Up-to-date: /home/mcfb/ros2_ws/install/px4_msgs/include/px4_msgs/px4_msgs/msg/detail/timesync_status__type_support.hpp\n'}
[1.708049] (px4_msgs) StdoutLine: {'line': b'-- Up-to-date: /home/mcfb/ros2_ws/install/px4_msgs/include/px4_msgs/px4_msgs/msg/detail/health_report__type_support.hpp\n'}
[1.708100] (px4_msgs) StdoutLine: {'line': b'-- Up-to-date: /home/mcfb/ros2_ws/install/px4_msgs/include/px4_msgs/px4_msgs/msg/detail/parameter_set_value_request__builder.hpp\n'}
[1.708134] (px4_msgs) StdoutLine: {'line': b'-- Up-to-date: /home/mcfb/ros2_ws/install/px4_msgs/include/px4_msgs/px4_msgs/msg/detail/fixed_wing_lateral_status__builder.hpp\n'}
[1.708167] (px4_msgs) StdoutLine: {'line': b'-- Up-to-date: /home/mcfb/ros2_ws/install/px4_msgs/include/px4_msgs/px4_msgs/msg/detail/follow_target__traits.hpp\n'}
[1.708228] (px4_msgs) StdoutLine: {'line': b'-- Up-to-date: /home/mcfb/ros2_ws/install/px4_msgs/include/px4_msgs/px4_msgs/msg/detail/airspeed_wind__struct.hpp\n'}
[1.708269] (px4_msgs) StdoutLine: {'line': b'-- Up-to-date: /home/mcfb/ros2_ws/install/px4_msgs/include/px4_msgs/px4_msgs/msg/detail/rover_speed_status__type_support.hpp\n'}
[1.708312] (px4_msgs) StdoutLine: {'line': b'-- Up-to-date: /home/mcfb/ros2_ws/install/px4_msgs/include/px4_msgs/px4_msgs/msg/detail/rover_throttle_setpoint__builder.hpp\n'}
[1.708354] (px4_msgs) StdoutLine: {'line': b'-- Up-to-date: /home/mcfb/ros2_ws/install/px4_msgs/include/px4_msgs/px4_msgs/msg/detail/rover_rate_setpoint__type_support.hpp\n'}
[1.708392] (px4_msgs) StdoutLine: {'line': b'-- Up-to-date: /home/mcfb/ros2_ws/install/px4_msgs/include/px4_msgs/px4_msgs/msg/detail/estimator_states__traits.hpp\n'}
[1.708425] (px4_msgs) StdoutLine: {'line': b'-- Up-to-date: /home/mcfb/ros2_ws/install/px4_msgs/include/px4_msgs/px4_msgs/msg/detail/sensor_gnss_status__traits.hpp\n'}
[1.708472] (px4_msgs) StdoutLine: {'line': b'-- Up-to-date: /home/mcfb/ros2_ws/install/px4_msgs/include/px4_msgs/px4_msgs/msg/detail/flight_phase_estimation__struct.hpp\n'}
[1.708534] (px4_msgs) StdoutLine: {'line': b'-- Up-to-date: /home/mcfb/ros2_ws/install/px4_msgs/include/px4_msgs/px4_msgs/msg/detail/actuator_outputs__builder.hpp\n'}
[1.708569] (px4_msgs) StdoutLine: {'line': b'-- Up-to-date: /home/mcfb/ros2_ws/install/px4_msgs/include/px4_msgs/px4_msgs/msg/detail/rover_position_setpoint__struct.hpp\n'}
[1.708604] (px4_msgs) StdoutLine: {'line': b'-- Up-to-date: /home/mcfb/ros2_ws/install/px4_msgs/include/px4_msgs/px4_msgs/msg/detail/dronecan_node_status__traits.hpp\n'}
[1.708639] (px4_msgs) StdoutLine: {'line': b'-- Up-to-date: /home/mcfb/ros2_ws/install/px4_msgs/include/px4_msgs/px4_msgs/msg/detail/vehicle_imu__struct.hpp\n'}
[1.708680] (px4_msgs) StdoutLine: {'line': b'-- Up-to-date: /home/mcfb/ros2_ws/install/px4_msgs/include/px4_msgs/px4_msgs/msg/detail/landing_gear_wheel__struct.hpp\n'}
[1.708728] (px4_msgs) StdoutLine: {'line': b'-- Up-to-date: /home/mcfb/ros2_ws/install/px4_msgs/include/px4_msgs/px4_msgs/msg/detail/estimator_sensor_bias__builder.hpp\n'}
[1.708784] (px4_msgs) StdoutLine: {'line': b'-- Up-to-date: /home/mcfb/ros2_ws/install/px4_msgs/include/px4_msgs/px4_msgs/msg/detail/actuator_motors__struct.hpp\n'}
[1.708833] (px4_msgs) StdoutLine: {'line': b'-- Up-to-date: /home/mcfb/ros2_ws/install/px4_msgs/include/px4_msgs/px4_msgs/msg/detail/mode_completed__traits.hpp\n'}
[1.708894] (px4_msgs) StdoutLine: {'line': b'-- Up-to-date: /home/mcfb/ros2_ws/install/px4_msgs/include/px4_msgs/px4_msgs/msg/detail/actuator_test__builder.hpp\n'}
[1.708957] (px4_msgs) StdoutLine: {'line': b'-- Up-to-date: /home/mcfb/ros2_ws/install/px4_msgs/include/px4_msgs/px4_msgs/msg/detail/uavcan_parameter_value__builder.hpp\n'}
[1.709013] (px4_msgs) StdoutLine: {'line': b'-- Up-to-date: /home/mcfb/ros2_ws/install/px4_msgs/include/px4_msgs/px4_msgs/msg/detail/wheel_encoders__traits.hpp\n'}
[1.709074] (px4_msgs) StdoutLine: {'line': b'-- Up-to-date: /home/mcfb/ros2_ws/install/px4_msgs/include/px4_msgs/px4_msgs/msg/detail/vehicle_rates_setpoint__struct.hpp\n'}
[1.709121] (px4_msgs) StdoutLine: {'line': b'-- Up-to-date: /home/mcfb/ros2_ws/install/px4_msgs/include/px4_msgs/px4_msgs/msg/detail/landing_target_innovations__traits.hpp\n'}
[1.709158] (px4_msgs) StdoutLine: {'line': b'-- Up-to-date: /home/mcfb/ros2_ws/install/px4_msgs/include/px4_msgs/px4_msgs/msg/detail/goto_setpoint__struct.hpp\n'}
[1.709225] (px4_msgs) StdoutLine: {'line': b'-- Up-to-date: /home/mcfb/ros2_ws/install/px4_msgs/include/px4_msgs/px4_msgs/msg/detail/iridiumsbd_status__builder.hpp\n'}
[1.709268] (px4_msgs) StdoutLine: {'line': b'-- Up-to-date: /home/mcfb/ros2_ws/install/px4_msgs/include/px4_msgs/px4_msgs/msg/detail/sensor_correction__traits.hpp\n'}
[1.709301] (px4_msgs) StdoutLine: {'line': b'-- Up-to-date: /home/mcfb/ros2_ws/install/px4_msgs/include/px4_msgs/px4_msgs/msg/detail/sensor_gyro_fft__struct.hpp\n'}
[1.709333] (px4_msgs) StdoutLine: {'line': b'-- Up-to-date: /home/mcfb/ros2_ws/install/px4_msgs/include/px4_msgs/px4_msgs/msg/detail/distance_sensor__builder.hpp\n'}
[1.709369] (px4_msgs) StdoutLine: {'line': b'-- Up-to-date: /home/mcfb/ros2_ws/install/px4_msgs/include/px4_msgs/px4_msgs/msg/detail/fixed_wing_lateral_setpoint__builder.hpp\n'}
[1.709406] (px4_msgs) StdoutLine: {'line': b'-- Up-to-date: /home/mcfb/ros2_ws/install/px4_msgs/include/px4_msgs/px4_msgs/msg/detail/task_stack_info__traits.hpp\n'}
[1.709442] (px4_msgs) StdoutLine: {'line': b'-- Up-to-date: /home/mcfb/ros2_ws/install/px4_msgs/include/px4_msgs/px4_msgs/msg/detail/fixed_wing_lateral_guidance_status__builder.hpp\n'}
[1.709477] (px4_msgs) StdoutLine: {'line': b'-- Up-to-date: /home/mcfb/ros2_ws/install/px4_msgs/include/px4_msgs/px4_msgs/msg/detail/fixed_wing_runway_control__type_support.hpp\n'}
[1.709514] (px4_msgs) StdoutLine: {'line': b'-- Up-to-date: /home/mcfb/ros2_ws/install/px4_msgs/include/px4_msgs/px4_msgs/msg/detail/vehicle_control_mode__traits.hpp\n'}
[1.709550] (px4_msgs) StdoutLine: {'line': b'-- Up-to-date: /home/mcfb/ros2_ws/install/px4_msgs/include/px4_msgs/px4_msgs/msg/detail/sensor_uwb__struct.hpp\n'}
[1.709585] (px4_msgs) StdoutLine: {'line': b'-- Up-to-date: /home/mcfb/ros2_ws/install/px4_msgs/include/px4_msgs/px4_msgs/msg/detail/vehicle_acceleration__type_support.hpp\n'}
[1.709621] (px4_msgs) StdoutLine: {'line': b'-- Up-to-date: /home/mcfb/ros2_ws/install/px4_msgs/include/px4_msgs/px4_msgs/msg/detail/orb_test_medium__builder.hpp\n'}
[1.709657] (px4_msgs) StdoutLine: {'line': b'-- Up-to-date: /home/mcfb/ros2_ws/install/px4_msgs/include/px4_msgs/px4_msgs/msg/detail/pwm_input__type_support.hpp\n'}
[1.709755] (px4_msgs) StdoutLine: {'line': b'-- Up-to-date: /home/mcfb/ros2_ws/install/px4_msgs/include/px4_msgs/px4_msgs/msg/detail/timesync_status__struct.hpp\n'}
[1.709804] (px4_msgs) StdoutLine: {'line': b'-- Up-to-date: /home/mcfb/ros2_ws/install/px4_msgs/include/px4_msgs/px4_msgs/msg/detail/gimbal_device_information__builder.hpp\n'}
[1.709853] (px4_msgs) StdoutLine: {'line': b'-- Up-to-date: /home/mcfb/ros2_ws/install/px4_msgs/include/px4_msgs/px4_msgs/msg/detail/estimator_bias3d__type_support.hpp\n'}
[1.709899] (px4_msgs) StdoutLine: {'line': b'-- Up-to-date: /home/mcfb/ros2_ws/install/px4_msgs/include/px4_msgs/px4_msgs/msg/detail/rover_throttle_setpoint__struct.hpp\n'}
[1.709940] (px4_msgs) StdoutLine: {'line': b'-- Up-to-date: /home/mcfb/ros2_ws/install/px4_msgs/include/px4_msgs/px4_msgs/msg/detail/cellular_status__struct.hpp\n'}
[1.709980] (px4_msgs) StdoutLine: {'line': b'-- Up-to-date: /home/mcfb/ros2_ws/install/px4_msgs/include/px4_msgs/px4_msgs/msg/detail/mavlink_tunnel__struct.hpp\n'}
[1.710018] (px4_msgs) StdoutLine: {'line': b'-- Up-to-date: /home/mcfb/ros2_ws/install/px4_msgs/include/px4_msgs/px4_msgs/msg/detail/iridiumsbd_status__struct.hpp\n'}
[1.710064] (px4_msgs) StdoutLine: {'line': b'-- Up-to-date: /home/mcfb/ros2_ws/install/px4_msgs/include/px4_msgs/px4_msgs/msg/detail/gimbal_device_attitude_status__type_support.hpp\n'}
[1.710113] (px4_msgs) StdoutLine: {'line': b'-- Up-to-date: /home/mcfb/ros2_ws/install/px4_msgs/include/px4_msgs/px4_msgs/msg/detail/arming_check_reply__builder.hpp\n'}
[1.710157] (px4_msgs) StdoutLine: {'line': b'-- Up-to-date: /home/mcfb/ros2_ws/install/px4_msgs/include/px4_msgs/px4_msgs/msg/detail/gps_dump__struct.hpp\n'}
[1.710209] (px4_msgs) StdoutLine: {'line': b'-- Up-to-date: /home/mcfb/ros2_ws/install/px4_msgs/include/px4_msgs/px4_msgs/msg/detail/estimator_status__traits.hpp\n'}
[1.710291] (px4_msgs) StdoutLine: {'line': b'-- Up-to-date: /home/mcfb/ros2_ws/install/px4_msgs/include/px4_msgs/px4_msgs/msg/detail/manual_control_setpoint__struct.hpp\n'}
[1.710351] (px4_msgs) StdoutLine: {'line': b'-- Up-to-date: /home/mcfb/ros2_ws/install/px4_msgs/include/px4_msgs/px4_msgs/msg/detail/failsafe_flags__builder.hpp\n'}
[1.710386] (px4_msgs) StdoutLine: {'line': b'-- Up-to-date: /home/mcfb/ros2_ws/install/px4_msgs/include/px4_msgs/px4_msgs/msg/detail/tecs_status__type_support.hpp\n'}
[1.710420] (px4_msgs) StdoutLine: {'line': b'-- Up-to-date: /home/mcfb/ros2_ws/install/px4_msgs/include/px4_msgs/px4_msgs/msg/detail/parameter_set_used_request__struct.hpp\n'}
[1.710456] (px4_msgs) StdoutLine: {'line': b'-- Up-to-date: /home/mcfb/ros2_ws/install/px4_msgs/include/px4_msgs/px4_msgs/msg/detail/fixed_wing_lateral_status__traits.hpp\n'}
[1.710491] (px4_msgs) StdoutLine: {'line': b'-- Up-to-date: /home/mcfb/ros2_ws/install/px4_msgs/include/px4_msgs/px4_msgs/msg/detail/rover_position_setpoint__builder.hpp\n'}
[1.710531] (px4_msgs) StdoutLine: {'line': b'-- Up-to-date: /home/mcfb/ros2_ws/install/px4_msgs/include/px4_msgs/px4_msgs/msg/detail/vehicle_torque_setpoint__struct.hpp\n'}
[1.710568] (px4_msgs) StdoutLine: {'line': b'-- Up-to-date: /home/mcfb/ros2_ws/install/px4_msgs/include/px4_msgs/px4_msgs/msg/detail/gpio_in__type_support.hpp\n'}
[1.710614] (px4_msgs) StdoutLine: {'line': b'-- Up-to-date: /home/mcfb/ros2_ws/install/px4_msgs/include/px4_msgs/px4_msgs/msg/detail/manual_control_setpoint__traits.hpp\n'}
[1.710678] (px4_msgs) StdoutLine: {'line': b'-- Up-to-date: /home/mcfb/ros2_ws/install/px4_msgs/include/px4_msgs/px4_msgs/msg/detail/dataman_request__builder.hpp\n'}
[1.710891] (px4_msgs) StdoutLine: {'line': b'-- Up-to-date: /home/mcfb/ros2_ws/install/px4_msgs/include/px4_msgs/px4_msgs/msg/detail/debug_vect__struct.hpp\n'}
[1.710969] (px4_msgs) StdoutLine: {'line': b'-- Up-to-date: /home/mcfb/ros2_ws/install/px4_msgs/include/px4_msgs/px4_msgs/msg/detail/message_format_request__builder.hpp\n'}
[1.711034] (px4_msgs) StdoutLine: {'line': b'-- Up-to-date: /home/mcfb/ros2_ws/install/px4_msgs/include/px4_msgs/px4_msgs/msg/detail/mission_result__struct.hpp\n'}
[1.711094] (px4_msgs) StdoutLine: {'line': b'-- Up-to-date: /home/mcfb/ros2_ws/install/px4_msgs/include/px4_msgs/px4_msgs/msg/detail/failsafe_flags__traits.hpp\n'}
[1.711159] (px4_msgs) StdoutLine: {'line': b'-- Up-to-date: /home/mcfb/ros2_ws/install/px4_msgs/include/px4_msgs/px4_msgs/msg/detail/dronecan_node_status__struct.hpp\n'}
[1.711229] (px4_msgs) StdoutLine: {'line': b'-- Up-to-date: /home/mcfb/ros2_ws/install/px4_msgs/include/px4_msgs/px4_msgs/msg/detail/collision_constraints__traits.hpp\n'}
[1.711292] (px4_msgs) StdoutLine: {'line': b'-- Up-to-date: /home/mcfb/ros2_ws/install/px4_msgs/include/px4_msgs/px4_msgs/msg/detail/geofence_result__builder.hpp\n'}
[1.711352] (px4_msgs) StdoutLine: {'line': b'-- Up-to-date: /home/mcfb/ros2_ws/install/px4_msgs/include/px4_msgs/px4_msgs/msg/detail/autotune_attitude_control_status__struct.hpp\n'}
[1.711417] (px4_msgs) StdoutLine: {'line': b'-- Up-to-date: /home/mcfb/ros2_ws/install/px4_msgs/include/px4_msgs/px4_msgs/msg/detail/sensor_hygrometer__traits.hpp\n'}
[1.711479] (px4_msgs) StdoutLine: {'line': b'-- Up-to-date: /home/mcfb/ros2_ws/install/px4_msgs/include/px4_msgs/px4_msgs/msg/detail/estimator_sensor_bias__struct.hpp\n'}
[1.711540] (px4_msgs) StdoutLine: {'line': b'-- Up-to-date: /home/mcfb/ros2_ws/install/px4_msgs/include/px4_msgs/px4_msgs/msg/detail/register_ext_component_reply__traits.hpp\n'}
[1.711602] (px4_msgs) StdoutLine: {'line': b'-- Up-to-date: /home/mcfb/ros2_ws/install/px4_msgs/include/px4_msgs/px4_msgs/msg/detail/sensor_gnss_relative__traits.hpp\n'}
[1.711667] (px4_msgs) StdoutLine: {'line': b'-- Up-to-date: /home/mcfb/ros2_ws/install/px4_msgs/include/px4_msgs/px4_msgs/msg/detail/sensors_status_imu__type_support.hpp\n'}
[1.711779] (px4_msgs) StdoutLine: {'line': b'-- Up-to-date: /home/mcfb/ros2_ws/install/px4_msgs/include/px4_msgs/px4_msgs/msg/detail/button_event__traits.hpp\n'}
[1.711888] (px4_msgs) StdoutLine: {'line': b'-- Up-to-date: /home/mcfb/ros2_ws/install/px4_msgs/include/px4_msgs/px4_msgs/msg/detail/radio_status__type_support.hpp\n'}
[1.711974] (px4_msgs) StdoutLine: {'line': b'-- Up-to-date: /home/mcfb/ros2_ws/install/px4_msgs/include/px4_msgs/px4_msgs/msg/detail/rtl_time_estimate__builder.hpp\n'}
[1.712032] (px4_msgs) StdoutLine: {'line': b'-- Up-to-date: /home/mcfb/ros2_ws/install/px4_msgs/include/px4_msgs/px4_msgs/msg/detail/event__traits.hpp\n'}
[1.712089] (px4_msgs) StdoutLine: {'line': b'-- Up-to-date: /home/mcfb/ros2_ws/install/px4_msgs/include/px4_msgs/px4_msgs/msg/detail/vehicle_angular_acceleration_setpoint__struct.hpp\n'}
[1.712148] (px4_msgs) StdoutLine: {'line': b'-- Up-to-date: /home/mcfb/ros2_ws/install/px4_msgs/include/px4_msgs/px4_msgs/msg/detail/sensor_combined__type_support.hpp\n'}
[1.712205] (px4_msgs) StdoutLine: {'line': b'-- Up-to-date: /home/mcfb/ros2_ws/install/px4_msgs/include/px4_msgs/px4_msgs/msg/detail/sensor_preflight_mag__traits.hpp\n'}
[1.712261] (px4_msgs) StdoutLine: {'line': b'-- Up-to-date: /home/mcfb/ros2_ws/install/px4_msgs/include/px4_msgs/px4_msgs/msg/detail/vtol_vehicle_status__struct.hpp\n'}
[1.712316] (px4_msgs) StdoutLine: {'line': b'-- Up-to-date: /home/mcfb/ros2_ws/install/px4_msgs/include/px4_msgs/px4_msgs/msg/detail/sensor_accel_fifo__type_support.hpp\n'}
[1.712369] (px4_msgs) StdoutLine: {'line': b'-- Up-to-date: /home/mcfb/ros2_ws/install/px4_msgs/include/px4_msgs/px4_msgs/msg/detail/open_drone_id_arm_status__traits.hpp\n'}
[1.712429] (px4_msgs) StdoutLine: {'line': b'-- Up-to-date: /home/mcfb/ros2_ws/install/px4_msgs/include/px4_msgs/px4_msgs/msg/detail/follow_target_estimator__builder.hpp\n'}
[1.712487] (px4_msgs) StdoutLine: {'line': b'-- Up-to-date: /home/mcfb/ros2_ws/install/px4_msgs/include/px4_msgs/px4_msgs/msg/detail/input_rc__builder.hpp\n'}
[1.712544] (px4_msgs) StdoutLine: {'line': b'-- Up-to-date: /home/mcfb/ros2_ws/install/px4_msgs/include/px4_msgs/px4_msgs/msg/detail/mag_worker_data__type_support.hpp\n'}
[1.712608] (px4_msgs) StdoutLine: {'line': b'-- Up-to-date: /home/mcfb/ros2_ws/install/px4_msgs/include/px4_msgs/px4_msgs/msg/detail/sensor_gyro__traits.hpp\n'}
[1.712733] (px4_msgs) StdoutLine: {'line': b'-- Up-to-date: /home/mcfb/ros2_ws/install/px4_msgs/include/px4_msgs/px4_msgs/msg/detail/follow_target__type_support.hpp\n'}
[1.712974] (px4_msgs) StdoutLine: {'line': b'-- Up-to-date: /home/mcfb/ros2_ws/install/px4_msgs/include/px4_msgs/px4_msgs/msg/detail/position_setpoint__builder.hpp\n'}
[1.713059] (px4_msgs) StdoutLine: {'line': b'-- Up-to-date: /home/mcfb/ros2_ws/install/px4_msgs/include/px4_msgs/px4_msgs/msg/detail/sensor_gnss_relative__struct.hpp\n'}
[1.713133] (px4_msgs) StdoutLine: {'line': b'-- Up-to-date: /home/mcfb/ros2_ws/install/px4_msgs/include/px4_msgs/px4_msgs/msg/detail/estimator_aid_source2d__type_support.hpp\n'}
[1.713207] (px4_msgs) StdoutLine: {'line': b'-- Up-to-date: /home/mcfb/ros2_ws/install/px4_msgs/include/px4_msgs/px4_msgs/msg/detail/rpm__builder.hpp\n'}
[1.713284] (px4_msgs) StdoutLine: {'line': b'-- Up-to-date: /home/mcfb/ros2_ws/install/px4_msgs/include/px4_msgs/px4_msgs/msg/detail/vehicle_air_data__traits.hpp\n'}
[1.713360] (px4_msgs) StdoutLine: {'line': b'-- Up-to-date: /home/mcfb/ros2_ws/install/px4_msgs/include/px4_msgs/px4_msgs/msg/detail/rtl_time_estimate__traits.hpp\n'}
[1.713436] (px4_msgs) StdoutLine: {'line': b'-- Up-to-date: /home/mcfb/ros2_ws/install/px4_msgs/include/px4_msgs/px4_msgs/msg/detail/esc_report__builder.hpp\n'}
[1.713509] (px4_msgs) StdoutLine: {'line': b'-- Up-to-date: /home/mcfb/ros2_ws/install/px4_msgs/include/px4_msgs/px4_msgs/msg/detail/action_request__traits.hpp\n'}
[1.713591] (px4_msgs) StdoutLine: {'line': b'-- Up-to-date: /home/mcfb/ros2_ws/install/px4_msgs/include/px4_msgs/px4_msgs/msg/detail/open_drone_id_system__builder.hpp\n'}
[1.713663] (px4_msgs) StdoutLine: {'line': b'-- Up-to-date: /home/mcfb/ros2_ws/install/px4_msgs/include/px4_msgs/px4_msgs/msg/detail/uavcan_parameter_request__builder.hpp\n'}
[1.713750] (px4_msgs) StdoutLine: {'line': b'-- Up-to-date: /home/mcfb/ros2_ws/install/px4_msgs/include/px4_msgs/px4_msgs/msg/detail/parameter_set_used_request__type_support.hpp\n'}
[1.713849] (px4_msgs) StdoutLine: {'line': b'-- Up-to-date: /home/mcfb/ros2_ws/install/px4_msgs/include/px4_msgs/px4_msgs/msg/detail/fuel_tank_status__type_support.hpp\n'}
[1.713938] (px4_msgs) StdoutLine: {'line': b'-- Up-to-date: /home/mcfb/ros2_ws/install/px4_msgs/include/px4_msgs/px4_msgs/msg/detail/rover_speed_status__traits.hpp\n'}
[1.714020] (px4_msgs) StdoutLine: {'line': b'-- Up-to-date: /home/mcfb/ros2_ws/install/px4_msgs/include/px4_msgs/px4_msgs/msg/detail/velocity_limits__builder.hpp\n'}
[1.714076] (px4_msgs) StdoutLine: {'line': b'-- Up-to-date: /home/mcfb/ros2_ws/install/px4_msgs/include/px4_msgs/px4_msgs/msg/detail/led_control__traits.hpp\n'}
[1.714149] (px4_msgs) StdoutLine: {'line': b'-- Up-to-date: /home/mcfb/ros2_ws/install/px4_msgs/include/px4_msgs/px4_msgs/msg/detail/fixed_wing_lateral_setpoint__type_support.hpp\n'}
[1.714216] (px4_msgs) StdoutLine: {'line': b'-- Up-to-date: /home/mcfb/ros2_ws/install/px4_msgs/include/px4_msgs/px4_msgs/msg/detail/sensor_correction__type_support.hpp\n'}
[1.714298] (px4_msgs) StdoutLine: {'line': b'-- Up-to-date: /home/mcfb/ros2_ws/install/px4_msgs/include/px4_msgs/px4_msgs/msg/detail/estimator_selector_status__builder.hpp\n'}
[1.714381] (px4_msgs) StdoutLine: {'line': b'-- Up-to-date: /home/mcfb/ros2_ws/install/px4_msgs/include/px4_msgs/px4_msgs/msg/detail/sensor_airflow__builder.hpp\n'}
[1.714519] (px4_msgs) StdoutLine: {'line': b'-- Up-to-date: /home/mcfb/ros2_ws/install/px4_msgs/include/px4_msgs/px4_msgs/msg/detail/figure_eight_status__builder.hpp\n'}
[1.714611] (px4_msgs) StdoutLine: {'line': b'-- Up-to-date: /home/mcfb/ros2_ws/install/px4_msgs/include/px4_msgs/px4_msgs/msg/detail/camera_capture__struct.hpp\n'}
[1.714867] (px4_msgs) StdoutLine: {'line': b'-- Up-to-date: /home/mcfb/ros2_ws/install/px4_msgs/include/px4_msgs/px4_msgs/msg/detail/sensors_status__traits.hpp\n'}
[1.714961] (px4_msgs) StdoutLine: {'line': b'-- Up-to-date: /home/mcfb/ros2_ws/install/px4_msgs/include/px4_msgs/px4_msgs/msg/detail/sensor_mag__type_support.hpp\n'}
[1.715039] (px4_msgs) StdoutLine: {'line': b'-- Up-to-date: /home/mcfb/ros2_ws/install/px4_msgs/include/px4_msgs/px4_msgs/msg/detail/offboard_control_mode__builder.hpp\n'}
[1.715115] (px4_msgs) StdoutLine: {'line': b'-- Up-to-date: /home/mcfb/ros2_ws/install/px4_msgs/include/px4_msgs/px4_msgs/msg/detail/pps_capture__struct.hpp\n'}
[1.715196] (px4_msgs) StdoutLine: {'line': b'-- Up-to-date: /home/mcfb/ros2_ws/install/px4_msgs/include/px4_msgs/px4_msgs/msg/detail/tecs_status__builder.hpp\n'}
[1.715282] (px4_msgs) StdoutLine: {'line': b'-- Up-to-date: /home/mcfb/ros2_ws/install/px4_msgs/include/px4_msgs/px4_msgs/msg/detail/orb_test__struct.hpp\n'}
[1.715366] (px4_msgs) StdoutLine: {'line': b'-- Up-to-date: /home/mcfb/ros2_ws/install/px4_msgs/include/px4_msgs/px4_msgs/msg/detail/gpio_config__builder.hpp\n'}
[1.715430] (px4_msgs) StdoutLine: {'line': b'-- Up-to-date: /home/mcfb/ros2_ws/install/px4_msgs/include/px4_msgs/px4_msgs/msg/detail/differential_pressure__traits.hpp\n'}
[1.715483] (px4_msgs) StdoutLine: {'line': b'-- Up-to-date: /home/mcfb/ros2_ws/install/px4_msgs/include/px4_msgs/px4_msgs/msg/detail/vehicle_attitude__builder.hpp\n'}
[1.715536] (px4_msgs) StdoutLine: {'line': b'-- Up-to-date: /home/mcfb/ros2_ws/install/px4_msgs/include/px4_msgs/px4_msgs/msg/detail/position_controller_landing_status__traits.hpp\n'}
[1.715611] (px4_msgs) StdoutLine: {'line': b'-- Up-to-date: /home/mcfb/ros2_ws/install/px4_msgs/include/px4_msgs/px4_msgs/msg/detail/manual_control_switches__type_support.hpp\n'}
[1.715663] (px4_msgs) StdoutLine: {'line': b'-- Up-to-date: /home/mcfb/ros2_ws/install/px4_msgs/include/px4_msgs/px4_msgs/msg/detail/vehicle_air_data__struct.hpp\n'}
[1.715727] (px4_msgs) StdoutLine: {'line': b'-- Up-to-date: /home/mcfb/ros2_ws/install/px4_msgs/include/px4_msgs/px4_msgs/msg/detail/fixed_wing_runway_control__builder.hpp\n'}
[1.715780] (px4_msgs) StdoutLine: {'line': b'-- Up-to-date: /home/mcfb/ros2_ws/install/px4_msgs/include/px4_msgs/px4_msgs/msg/detail/flight_phase_estimation__traits.hpp\n'}
[1.715853] (px4_msgs) StdoutLine: {'line': b'-- Up-to-date: /home/mcfb/ros2_ws/install/px4_msgs/include/px4_msgs/px4_msgs/msg/detail/gimbal_device_set_attitude__traits.hpp\n'}
[1.715905] (px4_msgs) StdoutLine: {'line': b'-- Up-to-date: /home/mcfb/ros2_ws/install/px4_msgs/include/px4_msgs/px4_msgs/msg/detail/sensor_gyro_fft__builder.hpp\n'}
[1.716064] (px4_msgs) StdoutLine: {'line': b'-- Up-to-date: /home/mcfb/ros2_ws/install/px4_msgs/include/px4_msgs/px4_msgs/msg/detail/logger_status__struct.hpp\n'}
[1.716201] (px4_msgs) StdoutLine: {'line': b'-- Up-to-date: /home/mcfb/ros2_ws/install/px4_msgs/include/px4_msgs/px4_msgs/msg/detail/open_drone_id_self_id__struct.hpp\n'}
[1.716277] (px4_msgs) StdoutLine: {'line': b'-- Up-to-date: /home/mcfb/ros2_ws/install/px4_msgs/include/px4_msgs/px4_msgs/msg/detail/vehicle_roi__traits.hpp\n'}
[1.716319] (px4_msgs) StdoutLine: {'line': b'-- Up-to-date: /home/mcfb/ros2_ws/install/px4_msgs/include/px4_msgs/px4_msgs/msg/detail/control_allocator_status__builder.hpp\n'}
[1.716359] (px4_msgs) StdoutLine: {'line': b'-- Up-to-date: /home/mcfb/ros2_ws/install/px4_msgs/include/px4_msgs/px4_msgs/msg/detail/mag_worker_data__struct.hpp\n'}
[1.716400] (px4_msgs) StdoutLine: {'line': b'-- Up-to-date: /home/mcfb/ros2_ws/install/px4_msgs/include/px4_msgs/px4_msgs/msg/detail/ekf2_timestamps__traits.hpp\n'}
[1.716443] (px4_msgs) StdoutLine: {'line': b'-- Up-to-date: /home/mcfb/ros2_ws/install/px4_msgs/include/px4_msgs/px4_msgs/msg/detail/wind__traits.hpp\n'}
[1.716488] (px4_msgs) StdoutLine: {'line': b'-- Up-to-date: /home/mcfb/ros2_ws/install/px4_msgs/include/px4_msgs/px4_msgs/msg/detail/rover_speed_setpoint__builder.hpp\n'}
[1.716531] (px4_msgs) StdoutLine: {'line': b'-- Up-to-date: /home/mcfb/ros2_ws/install/px4_msgs/include/px4_msgs/px4_msgs/msg/detail/fuel_tank_status__struct.hpp\n'}
[1.716578] (px4_msgs) StdoutLine: {'line': b'-- Up-to-date: /home/mcfb/ros2_ws/install/px4_msgs/include/px4_msgs/px4_msgs/msg/detail/mission_result__builder.hpp\n'}
[1.716618] (px4_msgs) StdoutLine: {'line': b'-- Up-to-date: /home/mcfb/ros2_ws/install/px4_msgs/include/px4_msgs/px4_msgs/msg/detail/actuator_controls_status__struct.hpp\n'}
[1.716654] (px4_msgs) StdoutLine: {'line': b'-- Up-to-date: /home/mcfb/ros2_ws/install/px4_msgs/include/px4_msgs/px4_msgs/msg/detail/adc_report__type_support.hpp\n'}
[1.716708] (px4_msgs) StdoutLine: {'line': b'-- Up-to-date: /home/mcfb/ros2_ws/install/px4_msgs/include/px4_msgs/px4_msgs/msg/detail/debug_vect__traits.hpp\n'}
[1.716749] (px4_msgs) StdoutLine: {'line': b'-- Up-to-date: /home/mcfb/ros2_ws/install/px4_msgs/include/px4_msgs/px4_msgs/msg/detail/mode_completed__type_support.hpp\n'}
[1.716787] (px4_msgs) StdoutLine: {'line': b'-- Up-to-date: /home/mcfb/ros2_ws/install/px4_msgs/include/px4_msgs/px4_msgs/msg/detail/esc_report__traits.hpp\n'}
[1.716825] (px4_msgs) StdoutLine: {'line': b'-- Up-to-date: /home/mcfb/ros2_ws/install/px4_msgs/include/px4_msgs/px4_msgs/msg/detail/vehicle_command__traits.hpp\n'}
[1.716881] (px4_msgs) StdoutLine: {'line': b'-- Up-to-date: /home/mcfb/ros2_ws/install/px4_msgs/include/px4_msgs/px4_msgs/msg/detail/estimator_bias__traits.hpp\n'}
[1.716962] (px4_msgs) StdoutLine: {'line': b'-- Up-to-date: /home/mcfb/ros2_ws/install/px4_msgs/include/px4_msgs/px4_msgs/msg/detail/vehicle_command__builder.hpp\n'}
[1.717001] (px4_msgs) StdoutLine: {'line': b'-- Up-to-date: /home/mcfb/ros2_ws/install/px4_msgs/include/px4_msgs/px4_msgs/msg/detail/magnetometer_bias_estimate__type_support.hpp\n'}
[1.717038] (px4_msgs) StdoutLine: {'line': b'-- Up-to-date: /home/mcfb/ros2_ws/install/px4_msgs/include/px4_msgs/px4_msgs/msg/detail/landing_target_pose__traits.hpp\n'}
[1.717075] (px4_msgs) StdoutLine: {'line': b'-- Up-to-date: /home/mcfb/ros2_ws/install/px4_msgs/include/px4_msgs/px4_msgs/msg/detail/orb_test__builder.hpp\n'}
[1.717112] (px4_msgs) StdoutLine: {'line': b'-- Up-to-date: /home/mcfb/ros2_ws/install/px4_msgs/include/px4_msgs/px4_msgs/msg/detail/internal_combustion_engine_control__traits.hpp\n'}
[1.717159] (px4_msgs) StdoutLine: {'line': b'-- Up-to-date: /home/mcfb/ros2_ws/install/px4_msgs/include/px4_msgs/px4_msgs/msg/detail/rc_channels__builder.hpp\n'}
[1.717203] (px4_msgs) StdoutLine: {'line': b'-- Up-to-date: /home/mcfb/ros2_ws/install/px4_msgs/include/px4_msgs/px4_msgs/msg/detail/task_stack_info__builder.hpp\n'}
[1.717243] (px4_msgs) StdoutLine: {'line': b'-- Up-to-date: /home/mcfb/ros2_ws/install/px4_msgs/include/px4_msgs/px4_msgs/msg/detail/actuator_motors__type_support.hpp\n'}
[1.717282] (px4_msgs) StdoutLine: {'line': b'-- Up-to-date: /home/mcfb/ros2_ws/install/px4_msgs/include/px4_msgs/px4_msgs/msg/detail/open_drone_id_system__type_support.hpp\n'}
[1.717344] (px4_msgs) StdoutLine: {'line': b'-- Up-to-date: /home/mcfb/ros2_ws/install/px4_msgs/include/px4_msgs/px4_msgs/msg/detail/can_interface_status__builder.hpp\n'}
[1.717386] (px4_msgs) StdoutLine: {'line': b'-- Up-to-date: /home/mcfb/ros2_ws/install/px4_msgs/include/px4_msgs/px4_msgs/msg/detail/debug_value__struct.hpp\n'}
[1.717427] (px4_msgs) StdoutLine: {'line': b'-- Up-to-date: /home/mcfb/ros2_ws/install/px4_msgs/include/px4_msgs/px4_msgs/msg/detail/goto_setpoint__traits.hpp\n'}
[1.717462] (px4_msgs) StdoutLine: {'line': b'-- Up-to-date: /home/mcfb/ros2_ws/install/px4_msgs/include/px4_msgs/px4_msgs/msg/detail/gimbal_manager_status__struct.hpp\n'}
[1.717497] (px4_msgs) StdoutLine: {'line': b'-- Up-to-date: /home/mcfb/ros2_ws/install/px4_msgs/include/px4_msgs/px4_msgs/msg/detail/fixed_wing_lateral_setpoint__struct.hpp\n'}
[1.717531] (px4_msgs) StdoutLine: {'line': b'-- Up-to-date: /home/mcfb/ros2_ws/install/px4_msgs/include/px4_msgs/px4_msgs/msg/detail/adc_report__builder.hpp\n'}
[1.717568] (px4_msgs) StdoutLine: {'line': b'-- Up-to-date: /home/mcfb/ros2_ws/install/px4_msgs/include/px4_msgs/px4_msgs/msg/detail/wheel_encoders__type_support.hpp\n'}
[1.717624] (px4_msgs) StdoutLine: {'line': b'-- Up-to-date: /home/mcfb/ros2_ws/install/px4_msgs/include/px4_msgs/px4_msgs/msg/detail/vehicle_imu_status__struct.hpp\n'}
[1.717660] (px4_msgs) StdoutLine: {'line': b'-- Up-to-date: /home/mcfb/ros2_ws/install/px4_msgs/include/px4_msgs/px4_msgs/msg/detail/input_rc__traits.hpp\n'}
[1.717711] (px4_msgs) StdoutLine: {'line': b'-- Up-to-date: /home/mcfb/ros2_ws/install/px4_msgs/include/px4_msgs/px4_msgs/msg/detail/fixed_wing_lateral_status__type_support.hpp\n'}
[1.717750] (px4_msgs) StdoutLine: {'line': b'-- Up-to-date: /home/mcfb/ros2_ws/install/px4_msgs/include/px4_msgs/px4_msgs/msg/detail/vehicle_command__struct.hpp\n'}
[1.717784] (px4_msgs) StdoutLine: {'line': b'-- Up-to-date: /home/mcfb/ros2_ws/install/px4_msgs/include/px4_msgs/px4_msgs/msg/detail/iridiumsbd_status__type_support.hpp\n'}
[1.717823] (px4_msgs) StdoutLine: {'line': b'-- Up-to-date: /home/mcfb/ros2_ws/install/px4_msgs/include/px4_msgs/px4_msgs/msg/detail/sensor_gnss_relative__builder.hpp\n'}
[1.717870] (px4_msgs) StdoutLine: {'line': b'-- Up-to-date: /home/mcfb/ros2_ws/install/px4_msgs/include/px4_msgs/px4_msgs/msg/detail/vehicle_status__traits.hpp\n'}
[1.717906] (px4_msgs) StdoutLine: {'line': b'-- Up-to-date: /home/mcfb/ros2_ws/install/px4_msgs/include/px4_msgs/px4_msgs/msg/detail/qshell_req__builder.hpp\n'}
[1.717940] (px4_msgs) StdoutLine: {'line': b'-- Up-to-date: /home/mcfb/ros2_ws/install/px4_msgs/include/px4_msgs/px4_msgs/msg/detail/vehicle_roi__struct.hpp\n'}
[1.717975] (px4_msgs) StdoutLine: {'line': b'-- Up-to-date: /home/mcfb/ros2_ws/install/px4_msgs/include/px4_msgs/px4_msgs/msg/detail/dataman_response__builder.hpp\n'}
[1.718009] (px4_msgs) StdoutLine: {'line': b'-- Up-to-date: /home/mcfb/ros2_ws/install/px4_msgs/include/px4_msgs/px4_msgs/msg/detail/follow_target_status__builder.hpp\n'}
[1.718044] (px4_msgs) StdoutLine: {'line': b'-- Up-to-date: /home/mcfb/ros2_ws/install/px4_msgs/include/px4_msgs/px4_msgs/msg/detail/gps_inject_data__builder.hpp\n'}
[1.718079] (px4_msgs) StdoutLine: {'line': b'-- Up-to-date: /home/mcfb/ros2_ws/install/px4_msgs/include/px4_msgs/px4_msgs/msg/detail/tiltrotor_extra_controls__traits.hpp\n'}
[1.718113] (px4_msgs) StdoutLine: {'line': b'-- Up-to-date: /home/mcfb/ros2_ws/install/px4_msgs/include/px4_msgs/px4_msgs/msg/detail/cpuload__struct.hpp\n'}
[1.718151] (px4_msgs) StdoutLine: {'line': b'-- Up-to-date: /home/mcfb/ros2_ws/install/px4_msgs/include/px4_msgs/px4_msgs/msg/detail/rtl_time_estimate__type_support.hpp\n'}
[1.718187] (px4_msgs) StdoutLine: {'line': b'-- Up-to-date: /home/mcfb/ros2_ws/install/px4_msgs/include/px4_msgs/px4_msgs/msg/detail/navigator_mission_item__traits.hpp\n'}
[1.718234] (px4_msgs) StdoutLine: {'line': b'-- Up-to-date: /home/mcfb/ros2_ws/install/px4_msgs/include/px4_msgs/px4_msgs/msg/detail/vehicle_local_position_setpoint__builder.hpp\n'}
[1.718276] (px4_msgs) StdoutLine: {'line': b'-- Up-to-date: /home/mcfb/ros2_ws/install/px4_msgs/include/px4_msgs/px4_msgs/msg/detail/airspeed_wind__builder.hpp\n'}
[1.718334] (px4_msgs) StdoutLine: {'line': b'-- Up-to-date: /home/mcfb/ros2_ws/install/px4_msgs/include/px4_msgs/px4_msgs/msg/detail/rc_parameter_map__type_support.hpp\n'}
[1.718369] (px4_msgs) StdoutLine: {'line': b'-- Up-to-date: /home/mcfb/ros2_ws/install/px4_msgs/include/px4_msgs/px4_msgs/msg/detail/vehicle_attitude_setpoint__traits.hpp\n'}
[1.718409] (px4_msgs) StdoutLine: {'line': b'-- Up-to-date: /home/mcfb/ros2_ws/install/px4_msgs/include/px4_msgs/px4_msgs/msg/detail/debug_value__builder.hpp\n'}
[1.718450] (px4_msgs) StdoutLine: {'line': b'-- Up-to-date: /home/mcfb/ros2_ws/install/px4_msgs/include/px4_msgs/px4_msgs/msg/detail/magnetometer_bias_estimate__builder.hpp\n'}
[1.718489] (px4_msgs) StdoutLine: {'line': b'-- Up-to-date: /home/mcfb/ros2_ws/install/px4_msgs/include/px4_msgs/px4_msgs/msg/detail/trajectory_setpoint__traits.hpp\n'}
[1.718528] (px4_msgs) StdoutLine: {'line': b'-- Up-to-date: /home/mcfb/ros2_ws/install/px4_msgs/include/px4_msgs/px4_msgs/msg/detail/wheel_encoders__struct.hpp\n'}
[1.718564] (px4_msgs) StdoutLine: {'line': b'-- Up-to-date: /home/mcfb/ros2_ws/install/px4_msgs/include/px4_msgs/px4_msgs/msg/detail/ulog_stream__type_support.hpp\n'}
[1.718633] (px4_msgs) StdoutLine: {'line': b'-- Up-to-date: /home/mcfb/ros2_ws/install/px4_msgs/include/px4_msgs/px4_msgs/msg/detail/irlock_report__traits.hpp\n'}
[1.718667] (px4_msgs) StdoutLine: {'line': b'-- Up-to-date: /home/mcfb/ros2_ws/install/px4_msgs/include/px4_msgs/px4_msgs/msg/detail/camera_status__builder.hpp\n'}
[1.718709] (px4_msgs) StdoutLine: {'line': b'-- Up-to-date: /home/mcfb/ros2_ws/install/px4_msgs/include/px4_msgs/px4_msgs/msg/detail/ping__builder.hpp\n'}
[1.718744] (px4_msgs) StdoutLine: {'line': b'-- Up-to-date: /home/mcfb/ros2_ws/install/px4_msgs/include/px4_msgs/px4_msgs/msg/detail/rc_channels__traits.hpp\n'}
[1.718778] (px4_msgs) StdoutLine: {'line': b'-- Up-to-date: /home/mcfb/ros2_ws/install/px4_msgs/include/px4_msgs/px4_msgs/msg/detail/gimbal_device_information__type_support.hpp\n'}
[1.718810] (px4_msgs) StdoutLine: {'line': b'-- Up-to-date: /home/mcfb/ros2_ws/install/px4_msgs/include/px4_msgs/px4_msgs/msg/detail/sensor_optical_flow__struct.hpp\n'}
[1.718842] (px4_msgs) StdoutLine: {'line': b'-- Up-to-date: /home/mcfb/ros2_ws/install/px4_msgs/include/px4_msgs/px4_msgs/msg/detail/gps_inject_data__traits.hpp\n'}
[1.718876] (px4_msgs) StdoutLine: {'line': b'-- Up-to-date: /home/mcfb/ros2_ws/install/px4_msgs/include/px4_msgs/px4_msgs/msg/detail/airspeed__type_support.hpp\n'}
[1.718909] (px4_msgs) StdoutLine: {'line': b'-- Up-to-date: /home/mcfb/ros2_ws/install/px4_msgs/include/px4_msgs/px4_msgs/msg/detail/takeoff_status__type_support.hpp\n'}
[1.718941] (px4_msgs) StdoutLine: {'line': b'-- Up-to-date: /home/mcfb/ros2_ws/install/px4_msgs/include/px4_msgs/px4_msgs/msg/detail/fixed_wing_lateral_setpoint__traits.hpp\n'}
[1.718974] (px4_msgs) StdoutLine: {'line': b'-- Up-to-date: /home/mcfb/ros2_ws/install/px4_msgs/include/px4_msgs/px4_msgs/msg/detail/led_control__type_support.hpp\n'}
[1.719007] (px4_msgs) StdoutLine: {'line': b'-- Up-to-date: /home/mcfb/ros2_ws/install/px4_msgs/include/px4_msgs/px4_msgs/msg/detail/control_allocator_status__traits.hpp\n'}
[1.719048] (px4_msgs) StdoutLine: {'line': b'-- Up-to-date: /home/mcfb/ros2_ws/install/px4_msgs/include/px4_msgs/px4_msgs/msg/detail/generator_status__traits.hpp\n'}
[1.719138] (px4_msgs) StdoutLine: {'line': b'-- Up-to-date: /home/mcfb/ros2_ws/install/px4_msgs/include/px4_msgs/px4_msgs/msg/detail/internal_combustion_engine_status__builder.hpp\n'}
[1.719173] (px4_msgs) StdoutLine: {'line': b'-- Up-to-date: /home/mcfb/ros2_ws/install/px4_msgs/include/px4_msgs/px4_msgs/msg/detail/follow_target_estimator__traits.hpp\n'}
[1.719206] (px4_msgs) StdoutLine: {'line': b'-- Up-to-date: /home/mcfb/ros2_ws/install/px4_msgs/include/px4_msgs/px4_msgs/msg/detail/distance_sensor_mode_change_request__builder.hpp\n'}
[1.719238] (px4_msgs) StdoutLine: {'line': b'-- Up-to-date: /home/mcfb/ros2_ws/install/px4_msgs/include/px4_msgs/px4_msgs/msg/detail/wind__builder.hpp\n'}
[1.719270] (px4_msgs) StdoutLine: {'line': b'-- Up-to-date: /home/mcfb/ros2_ws/install/px4_msgs/include/px4_msgs/px4_msgs/msg/detail/airspeed_wind__traits.hpp\n'}
[1.719302] (px4_msgs) StdoutLine: {'line': b'-- Up-to-date: /home/mcfb/ros2_ws/install/px4_msgs/include/px4_msgs/px4_msgs/msg/detail/vehicle_torque_setpoint__traits.hpp\n'}
[1.719337] (px4_msgs) StdoutLine: {'line': b'-- Up-to-date: /home/mcfb/ros2_ws/install/px4_msgs/include/px4_msgs/px4_msgs/msg/detail/obstacle_distance__type_support.hpp\n'}
[1.719389] (px4_msgs) StdoutLine: {'line': b'-- Up-to-date: /home/mcfb/ros2_ws/install/px4_msgs/include/px4_msgs/px4_msgs/msg/detail/camera_capture__type_support.hpp\n'}
[1.719473] (px4_msgs) StdoutLine: {'line': b'-- Up-to-date: /home/mcfb/ros2_ws/install/px4_msgs/include/px4_msgs/px4_msgs/msg/detail/rover_throttle_setpoint__traits.hpp\n'}
[1.719508] (px4_msgs) StdoutLine: {'line': b'-- Up-to-date: /home/mcfb/ros2_ws/install/px4_msgs/include/px4_msgs/px4_msgs/msg/detail/estimator_selector_status__type_support.hpp\n'}
[1.719543] (px4_msgs) StdoutLine: {'line': b'-- Up-to-date: /home/mcfb/ros2_ws/install/px4_msgs/include/px4_msgs/px4_msgs/msg/detail/unregister_ext_component__traits.hpp\n'}
[1.719577] (px4_msgs) StdoutLine: {'line': b'-- Up-to-date: /home/mcfb/ros2_ws/install/px4_msgs/include/px4_msgs/px4_msgs/msg/detail/dataman_request__traits.hpp\n'}
[1.719612] (px4_msgs) StdoutLine: {'line': b'-- Up-to-date: /home/mcfb/ros2_ws/install/px4_msgs/include/px4_msgs/px4_msgs/msg/detail/event__struct.hpp\n'}
[1.719645] (px4_msgs) StdoutLine: {'line': b'-- Up-to-date: /home/mcfb/ros2_ws/install/px4_msgs/include/px4_msgs/px4_msgs/msg/detail/landing_target_innovations__builder.hpp\n'}
[1.719698] (px4_msgs) StdoutLine: {'line': b'-- Up-to-date: /home/mcfb/ros2_ws/install/px4_msgs/include/px4_msgs/px4_msgs/msg/detail/cpuload__builder.hpp\n'}
[1.719773] (px4_msgs) StdoutLine: {'line': b'-- Up-to-date: /home/mcfb/ros2_ws/install/px4_msgs/include/px4_msgs/px4_msgs/msg/detail/message_format_request__traits.hpp\n'}
[1.719810] (px4_msgs) StdoutLine: {'line': b'-- Up-to-date: /home/mcfb/ros2_ws/install/px4_msgs/include/px4_msgs/px4_msgs/msg/detail/vtol_vehicle_status__type_support.hpp\n'}
[1.719860] (px4_msgs) StdoutLine: {'line': b'-- Up-to-date: /home/mcfb/ros2_ws/install/px4_msgs/include/px4_msgs/px4_msgs/msg/detail/open_drone_id_operator_id__type_support.hpp\n'}
[1.719919] (px4_msgs) StdoutLine: {'line': b'-- Up-to-date: /home/mcfb/ros2_ws/install/px4_msgs/include/px4_msgs/px4_msgs/msg/detail/landing_gear_wheel__type_support.hpp\n'}
[1.719983] (px4_msgs) StdoutLine: {'line': b'-- Up-to-date: /home/mcfb/ros2_ws/install/px4_msgs/include/px4_msgs/px4_msgs/msg/detail/manual_control_switches__struct.hpp\n'}
[1.720041] (px4_msgs) StdoutLine: {'line': b'-- Up-to-date: /home/mcfb/ros2_ws/install/px4_msgs/include/px4_msgs/px4_msgs/msg/detail/vehicle_acceleration__traits.hpp\n'}
[1.720106] (px4_msgs) StdoutLine: {'line': b'-- Up-to-date: /home/mcfb/ros2_ws/install/px4_msgs/include/px4_msgs/px4_msgs/msg/detail/vehicle_acceleration__struct.hpp\n'}
[1.720173] (px4_msgs) StdoutLine: {'line': b'-- Up-to-date: /home/mcfb/ros2_ws/install/px4_msgs/include/px4_msgs/px4_msgs/msg/detail/wind__type_support.hpp\n'}
[1.720238] (px4_msgs) StdoutLine: {'line': b'-- Up-to-date: /home/mcfb/ros2_ws/install/px4_msgs/include/px4_msgs/px4_msgs/msg/detail/sensor_baro__traits.hpp\n'}
[1.720322] (px4_msgs) StdoutLine: {'line': b'-- Up-to-date: /home/mcfb/ros2_ws/install/px4_msgs/include/px4_msgs/px4_msgs/msg/detail/vehicle_angular_acceleration_setpoint__traits.hpp\n'}
[1.720385] (px4_msgs) StdoutLine: {'line': b'-- Up-to-date: /home/mcfb/ros2_ws/install/px4_msgs/include/px4_msgs/px4_msgs/msg/detail/sensor_mag__traits.hpp\n'}
[1.720446] (px4_msgs) StdoutLine: {'line': b'-- Up-to-date: /home/mcfb/ros2_ws/install/px4_msgs/include/px4_msgs/px4_msgs/msg/detail/manual_control_setpoint__type_support.hpp\n'}
[1.720508] (px4_msgs) StdoutLine: {'line': b'-- Up-to-date: /home/mcfb/ros2_ws/install/px4_msgs/include/px4_msgs/px4_msgs/msg/detail/vehicle_command_ack__type_support.hpp\n'}
[1.720576] (px4_msgs) StdoutLine: {'line': b'-- Up-to-date: /home/mcfb/ros2_ws/install/px4_msgs/include/px4_msgs/px4_msgs/msg/detail/pure_pursuit_status__type_support.hpp\n'}
[1.720641] (px4_msgs) StdoutLine: {'line': b'-- Up-to-date: /home/mcfb/ros2_ws/install/px4_msgs/include/px4_msgs/px4_msgs/msg/detail/estimator_event_flags__type_support.hpp\n'}
[1.720712] (px4_msgs) StdoutLine: {'line': b'-- Up-to-date: /home/mcfb/ros2_ws/install/px4_msgs/include/px4_msgs/px4_msgs/msg/detail/esc_status__traits.hpp\n'}
[1.720777] (px4_msgs) StdoutLine: {'line': b'-- Up-to-date: /home/mcfb/ros2_ws/install/px4_msgs/include/px4_msgs/px4_msgs/msg/detail/sensor_optical_flow__traits.hpp\n'}
[1.720841] (px4_msgs) StdoutLine: {'line': b'-- Up-to-date: /home/mcfb/ros2_ws/install/px4_msgs/include/px4_msgs/px4_msgs/msg/detail/power_monitor__struct.hpp\n'}
[1.720903] (px4_msgs) StdoutLine: {'line': b'-- Up-to-date: /home/mcfb/ros2_ws/install/px4_msgs/include/px4_msgs/px4_msgs/msg/detail/debug_value__type_support.hpp\n'}
[1.720966] (px4_msgs) StdoutLine: {'line': b'-- Up-to-date: /home/mcfb/ros2_ws/install/px4_msgs/include/px4_msgs/px4_msgs/msg/detail/vehicle_roi__builder.hpp\n'}
[1.721028] (px4_msgs) StdoutLine: {'line': b'-- Up-to-date: /home/mcfb/ros2_ws/install/px4_msgs/include/px4_msgs/px4_msgs/msg/detail/sensor_correction__struct.hpp\n'}
[1.721091] (px4_msgs) StdoutLine: {'line': b'-- Up-to-date: /home/mcfb/ros2_ws/install/px4_msgs/include/px4_msgs/px4_msgs/msg/detail/uavcan_parameter_value__traits.hpp\n'}
[1.721154] (px4_msgs) StdoutLine: {'line': b'-- Up-to-date: /home/mcfb/ros2_ws/install/px4_msgs/include/px4_msgs/px4_msgs/msg/detail/sensor_airflow__traits.hpp\n'}
[1.721218] (px4_msgs) StdoutLine: {'line': b'-- Up-to-date: /home/mcfb/ros2_ws/install/px4_msgs/include/px4_msgs/px4_msgs/msg/detail/timesync_status__builder.hpp\n'}
[1.721334] (px4_msgs) StdoutLine: {'line': b'-- Up-to-date: /home/mcfb/ros2_ws/install/px4_msgs/include/px4_msgs/px4_msgs/msg/detail/parameter_set_used_request__builder.hpp\n'}
[1.721401] (px4_msgs) StdoutLine: {'line': b'-- Up-to-date: /home/mcfb/ros2_ws/install/px4_msgs/include/px4_msgs/px4_msgs/msg/detail/vehicle_odometry__struct.hpp\n'}
[1.721464] (px4_msgs) StdoutLine: {'line': b'-- Up-to-date: /home/mcfb/ros2_ws/install/px4_msgs/include/px4_msgs/px4_msgs/msg/detail/trajectory_setpoint__builder.hpp\n'}
[1.721525] (px4_msgs) StdoutLine: {'line': b'-- Up-to-date: /home/mcfb/ros2_ws/install/px4_msgs/include/px4_msgs/px4_msgs/msg/detail/internal_combustion_engine_control__builder.hpp\n'}
[1.721587] (px4_msgs) StdoutLine: {'line': b'-- Up-to-date: /home/mcfb/ros2_ws/install/px4_msgs/include/px4_msgs/px4_msgs/msg/detail/actuator_servos_trim__builder.hpp\n'}
[1.721649] (px4_msgs) StdoutLine: {'line': b'-- Up-to-date: /home/mcfb/ros2_ws/install/px4_msgs/include/px4_msgs/px4_msgs/msg/detail/estimator_status_flags__type_support.hpp\n'}
[1.721721] (px4_msgs) StdoutLine: {'line': b'-- Up-to-date: /home/mcfb/ros2_ws/install/px4_msgs/include/px4_msgs/px4_msgs/msg/detail/onboard_computer_status__struct.hpp\n'}
[1.721785] (px4_msgs) StdoutLine: {'line': b'-- Up-to-date: /home/mcfb/ros2_ws/install/px4_msgs/include/px4_msgs/px4_msgs/msg/detail/tune_control__struct.hpp\n'}
[1.722046] (px4_msgs) StdoutLine: {'line': b'-- Up-to-date: /home/mcfb/ros2_ws/install/px4_msgs/include/px4_msgs/px4_msgs/msg/detail/esc_status__type_support.hpp\n'}
[1.722116] (px4_msgs) StdoutLine: {'line': b'-- Up-to-date: /home/mcfb/ros2_ws/install/px4_msgs/include/px4_msgs/px4_msgs/msg/detail/navigator_status__type_support.hpp\n'}
[1.722157] (px4_msgs) StdoutLine: {'line': b'-- Up-to-date: /home/mcfb/ros2_ws/install/px4_msgs/include/px4_msgs/px4_msgs/msg/detail/arming_check_request__builder.hpp\n'}
[1.722199] (px4_msgs) StdoutLine: {'line': b'-- Up-to-date: /home/mcfb/ros2_ws/install/px4_msgs/include/px4_msgs/px4_msgs/msg/detail/camera_status__struct.hpp\n'}
[1.722237] (px4_msgs) StdoutLine: {'line': b'-- Up-to-date: /home/mcfb/ros2_ws/install/px4_msgs/include/px4_msgs/px4_msgs/msg/detail/logger_status__builder.hpp\n'}
[1.722275] (px4_msgs) StdoutLine: {'line': b'-- Up-to-date: /home/mcfb/ros2_ws/install/px4_msgs/include/px4_msgs/px4_msgs/msg/detail/vehicle_global_position__struct.hpp\n'}
[1.722312] (px4_msgs) StdoutLine: {'line': b'-- Up-to-date: /home/mcfb/ros2_ws/install/px4_msgs/include/px4_msgs/px4_msgs/msg/detail/rover_attitude_setpoint__traits.hpp\n'}
[1.722352] (px4_msgs) StdoutLine: {'line': b'-- Up-to-date: /home/mcfb/ros2_ws/install/px4_msgs/include/px4_msgs/px4_msgs/msg/detail/pure_pursuit_status__struct.hpp\n'}
[1.722405] (px4_msgs) StdoutLine: {'line': b'-- Up-to-date: /home/mcfb/ros2_ws/install/px4_msgs/include/px4_msgs/px4_msgs/msg/detail/ulog_stream_ack__builder.hpp\n'}
[1.722462] (px4_msgs) StdoutLine: {'line': b'-- Up-to-date: /home/mcfb/ros2_ws/install/px4_msgs/include/px4_msgs/px4_msgs/msg/detail/pwm_input__traits.hpp\n'}
[1.722516] (px4_msgs) StdoutLine: {'line': b'-- Up-to-date: /home/mcfb/ros2_ws/install/px4_msgs/include/px4_msgs/px4_msgs/msg/detail/estimator_bias__type_support.hpp\n'}
[1.722566] (px4_msgs) StdoutLine: {'line': b'-- Up-to-date: /home/mcfb/ros2_ws/install/px4_msgs/include/px4_msgs/px4_msgs/msg/detail/follow_target_estimator__struct.hpp\n'}
[1.722659] (px4_msgs) StdoutLine: {'line': b'-- Up-to-date: /home/mcfb/ros2_ws/install/px4_msgs/include/px4_msgs/px4_msgs/msg/detail/tune_control__builder.hpp\n'}
[1.722718] (px4_msgs) StdoutLine: {'line': b'-- Up-to-date: /home/mcfb/ros2_ws/install/px4_msgs/include/px4_msgs/px4_msgs/msg/detail/gimbal_controls__builder.hpp\n'}
[1.722757] (px4_msgs) StdoutLine: {'line': b'-- Up-to-date: /home/mcfb/ros2_ws/install/px4_msgs/include/px4_msgs/px4_msgs/msg/detail/cpuload__type_support.hpp\n'}
[1.722796] (px4_msgs) StdoutLine: {'line': b'-- Up-to-date: /home/mcfb/ros2_ws/install/px4_msgs/include/px4_msgs/px4_msgs/msg/detail/battery_status__struct.hpp\n'}
[1.722833] (px4_msgs) StdoutLine: {'line': b'-- Up-to-date: /home/mcfb/ros2_ws/install/px4_msgs/include/px4_msgs/px4_msgs/msg/detail/vehicle_constraints__struct.hpp\n'}
[1.722868] (px4_msgs) StdoutLine: {'line': b'-- Up-to-date: /home/mcfb/ros2_ws/install/px4_msgs/include/px4_msgs/px4_msgs/msg/detail/vehicle_constraints__builder.hpp\n'}
[1.722904] (px4_msgs) StdoutLine: {'line': b'-- Up-to-date: /home/mcfb/ros2_ws/install/px4_msgs/include/px4_msgs/px4_msgs/msg/detail/rpm__type_support.hpp\n'}
[1.722939] (px4_msgs) StdoutLine: {'line': b'-- Up-to-date: /home/mcfb/ros2_ws/install/px4_msgs/include/px4_msgs/px4_msgs/msg/detail/fixed_wing_lateral_guidance_status__struct.hpp\n'}
[1.722976] (px4_msgs) StdoutLine: {'line': b'-- Up-to-date: /home/mcfb/ros2_ws/install/px4_msgs/include/px4_msgs/px4_msgs/msg/detail/neural_control__struct.hpp\n'}
[1.723011] (px4_msgs) StdoutLine: {'line': b'-- Up-to-date: /home/mcfb/ros2_ws/install/px4_msgs/include/px4_msgs/px4_msgs/msg/detail/qshell_req__struct.hpp\n'}
[1.723046] (px4_msgs) StdoutLine: {'line': b'-- Up-to-date: /home/mcfb/ros2_ws/install/px4_msgs/include/px4_msgs/px4_msgs/msg/detail/actuator_test__type_support.hpp\n'}
[1.723079] (px4_msgs) StdoutLine: {'line': b'-- Up-to-date: /home/mcfb/ros2_ws/install/px4_msgs/include/px4_msgs/px4_msgs/msg/detail/rover_position_setpoint__type_support.hpp\n'}
[1.723113] (px4_msgs) StdoutLine: {'line': b'-- Up-to-date: /home/mcfb/ros2_ws/install/px4_msgs/include/px4_msgs/px4_msgs/msg/detail/estimator_gps_status__builder.hpp\n'}
[1.723605] (px4_msgs) StdoutLine: {'line': b'-- Up-to-date: /home/mcfb/ros2_ws/install/px4_msgs/include/px4_msgs/px4_msgs/msg/detail/power_button_state__type_support.hpp\n'}
[1.723775] (px4_msgs) StdoutLine: {'line': b'-- Up-to-date: /home/mcfb/ros2_ws/install/px4_msgs/include/px4_msgs/px4_msgs/msg/detail/orbit_status__struct.hpp\n'}
[1.723858] (px4_msgs) StdoutLine: {'line': b'-- Up-to-date: /home/mcfb/ros2_ws/install/px4_msgs/include/px4_msgs/px4_msgs/msg/detail/sensor_gps__traits.hpp\n'}
[1.723901] (px4_msgs) StdoutLine: {'line': b'-- Up-to-date: /home/mcfb/ros2_ws/install/px4_msgs/include/px4_msgs/px4_msgs/msg/detail/cpuload__traits.hpp\n'}
[1.723937] (px4_msgs) StdoutLine: {'line': b'-- Up-to-date: /home/mcfb/ros2_ws/install/px4_msgs/include/px4_msgs/px4_msgs/msg/detail/cellular_status__builder.hpp\n'}
[1.723973] (px4_msgs) StdoutLine: {'line': b'-- Up-to-date: /home/mcfb/ros2_ws/install/px4_msgs/include/px4_msgs/px4_msgs/msg/detail/satellite_info__traits.hpp\n'}
[1.724007] (px4_msgs) StdoutLine: {'line': b'-- Up-to-date: /home/mcfb/ros2_ws/install/px4_msgs/include/px4_msgs/px4_msgs/msg/detail/position_setpoint_triplet__builder.hpp\n'}
[1.724044] (px4_msgs) StdoutLine: {'line': b'-- Up-to-date: /home/mcfb/ros2_ws/install/px4_msgs/include/px4_msgs/px4_msgs/msg/detail/gimbal_manager_set_manual_control__builder.hpp\n'}
[1.724078] (px4_msgs) StdoutLine: {'line': b'-- Up-to-date: /home/mcfb/ros2_ws/install/px4_msgs/include/px4_msgs/px4_msgs/msg/detail/vtol_vehicle_status__traits.hpp\n'}
[1.724116] (px4_msgs) StdoutLine: {'line': b'-- Up-to-date: /home/mcfb/ros2_ws/install/px4_msgs/include/px4_msgs/px4_msgs/msg/detail/vehicle_magnetometer__traits.hpp\n'}
[1.724186] (px4_msgs) StdoutLine: {'line': b'-- Up-to-date: /home/mcfb/ros2_ws/install/px4_msgs/include/px4_msgs/px4_msgs/msg/detail/failure_detector_status__struct.hpp\n'}
[1.724221] (px4_msgs) StdoutLine: {'line': b'-- Up-to-date: /home/mcfb/ros2_ws/install/px4_msgs/include/px4_msgs/px4_msgs/msg/detail/open_drone_id_arm_status__type_support.hpp\n'}
[1.724256] (px4_msgs) StdoutLine: {'line': b'-- Up-to-date: /home/mcfb/ros2_ws/install/px4_msgs/include/px4_msgs/px4_msgs/msg/detail/gpio_out__traits.hpp\n'}
[1.724291] (px4_msgs) StdoutLine: {'line': b'-- Up-to-date: /home/mcfb/ros2_ws/install/px4_msgs/include/px4_msgs/px4_msgs/msg/detail/tune_control__type_support.hpp\n'}
[1.724325] (px4_msgs) StdoutLine: {'line': b'-- Up-to-date: /home/mcfb/ros2_ws/install/px4_msgs/include/px4_msgs/px4_msgs/msg/detail/geofence_result__struct.hpp\n'}
[1.724359] (px4_msgs) StdoutLine: {'line': b'-- Up-to-date: /home/mcfb/ros2_ws/install/px4_msgs/include/px4_msgs/px4_msgs/msg/detail/dataman_response__struct.hpp\n'}
[1.724392] (px4_msgs) StdoutLine: {'line': b'-- Up-to-date: /home/mcfb/ros2_ws/install/px4_msgs/include/px4_msgs/px4_msgs/msg/detail/position_controller_status__struct.hpp\n'}
[1.724434] (px4_msgs) StdoutLine: {'line': b'-- Up-to-date: /home/mcfb/ros2_ws/install/px4_msgs/include/px4_msgs/px4_msgs/msg/detail/vehicle_optical_flow_vel__builder.hpp\n'}
[1.724471] (px4_msgs) StdoutLine: {'line': b'-- Up-to-date: /home/mcfb/ros2_ws/install/px4_msgs/include/px4_msgs/px4_msgs/msg/detail/wind__struct.hpp\n'}
[1.724509] (px4_msgs) StdoutLine: {'line': b'-- Up-to-date: /home/mcfb/ros2_ws/install/px4_msgs/include/px4_msgs/px4_msgs/msg/detail/sensor_preflight_mag__builder.hpp\n'}
[1.724545] (px4_msgs) StdoutLine: {'line': b'-- Up-to-date: /home/mcfb/ros2_ws/install/px4_msgs/include/px4_msgs/px4_msgs/msg/detail/launch_detection_status__struct.hpp\n'}
[1.724584] (px4_msgs) StdoutLine: {'line': b'-- Up-to-date: /home/mcfb/ros2_ws/install/px4_msgs/include/px4_msgs/px4_msgs/msg/detail/vehicle_command_ack__traits.hpp\n'}
[1.724622] (px4_msgs) StdoutLine: {'line': b'-- Up-to-date: /home/mcfb/ros2_ws/install/px4_msgs/include/px4_msgs/px4_msgs/msg/detail/sensor_correction__builder.hpp\n'}
[1.724659] (px4_msgs) StdoutLine: {'line': b'-- Up-to-date: /home/mcfb/ros2_ws/install/px4_msgs/include/px4_msgs/px4_msgs/msg/detail/rc_parameter_map__builder.hpp\n'}
[1.724710] (px4_msgs) StdoutLine: {'line': b'-- Up-to-date: /home/mcfb/ros2_ws/install/px4_msgs/include/px4_msgs/px4_msgs/msg/detail/gpio_out__type_support.hpp\n'}
[1.724766] (px4_msgs) StdoutLine: {'line': b'-- Up-to-date: /home/mcfb/ros2_ws/install/px4_msgs/include/px4_msgs/px4_msgs/msg/detail/estimator_gps_status__type_support.hpp\n'}
[1.724800] (px4_msgs) StdoutLine: {'line': b'-- Up-to-date: /home/mcfb/ros2_ws/install/px4_msgs/include/px4_msgs/px4_msgs/msg/detail/rtl_status__traits.hpp\n'}
[1.724833] (px4_msgs) StdoutLine: {'line': b'-- Up-to-date: /home/mcfb/ros2_ws/install/px4_msgs/include/px4_msgs/px4_msgs/msg/detail/qshell_retval__type_support.hpp\n'}
[1.724867] (px4_msgs) StdoutLine: {'line': b'-- Up-to-date: /home/mcfb/ros2_ws/install/px4_msgs/include/px4_msgs/px4_msgs/msg/detail/position_setpoint_triplet__traits.hpp\n'}
[1.724900] (px4_msgs) StdoutLine: {'line': b'-- Up-to-date: /home/mcfb/ros2_ws/install/px4_msgs/include/px4_msgs/px4_msgs/msg/detail/dronecan_node_status__type_support.hpp\n'}
[1.724932] (px4_msgs) StdoutLine: {'line': b'-- Up-to-date: /home/mcfb/ros2_ws/install/px4_msgs/include/px4_msgs/px4_msgs/msg/detail/gimbal_device_set_attitude__builder.hpp\n'}
[1.724965] (px4_msgs) StdoutLine: {'line': b'-- Up-to-date: /home/mcfb/ros2_ws/install/px4_msgs/include/px4_msgs/px4_msgs/msg/detail/vehicle_thrust_setpoint__builder.hpp\n'}
[1.724997] (px4_msgs) StdoutLine: {'line': b'-- Up-to-date: /home/mcfb/ros2_ws/install/px4_msgs/include/px4_msgs/px4_msgs/msg/detail/mission__type_support.hpp\n'}
[1.725031] (px4_msgs) StdoutLine: {'line': b'-- Up-to-date: /home/mcfb/ros2_ws/install/px4_msgs/include/px4_msgs/px4_msgs/msg/detail/estimator_bias3d__struct.hpp\n'}
[1.725063] (px4_msgs) StdoutLine: {'line': b'-- Up-to-date: /home/mcfb/ros2_ws/install/px4_msgs/include/px4_msgs/px4_msgs/msg/detail/mavlink_log__traits.hpp\n'}
[1.725117] (px4_msgs) StdoutLine: {'line': b'-- Up-to-date: /home/mcfb/ros2_ws/install/px4_msgs/include/px4_msgs/px4_msgs/msg/detail/manual_control_switches__builder.hpp\n'}
[1.725151] (px4_msgs) StdoutLine: {'line': b'-- Up-to-date: /home/mcfb/ros2_ws/install/px4_msgs/include/px4_msgs/px4_msgs/msg/detail/debug_value__traits.hpp\n'}
[1.725183] (px4_msgs) StdoutLine: {'line': b'-- Up-to-date: /home/mcfb/ros2_ws/install/px4_msgs/include/px4_msgs/px4_msgs/msg/detail/vehicle_imu__builder.hpp\n'}
[1.725217] (px4_msgs) StdoutLine: {'line': b'-- Up-to-date: /home/mcfb/ros2_ws/install/px4_msgs/include/px4_msgs/px4_msgs/msg/detail/px4io_status__struct.hpp\n'}
[1.725250] (px4_msgs) StdoutLine: {'line': b'-- Up-to-date: /home/mcfb/ros2_ws/install/px4_msgs/include/px4_msgs/px4_msgs/msg/detail/obstacle_distance__builder.hpp\n'}
[1.725285] (px4_msgs) StdoutLine: {'line': b'-- Up-to-date: /home/mcfb/ros2_ws/install/px4_msgs/include/px4_msgs/px4_msgs/msg/detail/config_overrides__traits.hpp\n'}
[1.725325] (px4_msgs) StdoutLine: {'line': b'-- Up-to-date: /home/mcfb/ros2_ws/install/px4_msgs/include/px4_msgs/px4_msgs/msg/detail/estimator_bias__struct.hpp\n'}
[1.725380] (px4_msgs) StdoutLine: {'line': b'-- Up-to-date: /home/mcfb/ros2_ws/install/px4_msgs/include/px4_msgs/px4_msgs/msg/detail/px4io_status__type_support.hpp\n'}
[1.725414] (px4_msgs) StdoutLine: {'line': b'-- Up-to-date: /home/mcfb/ros2_ws/install/px4_msgs/include/px4_msgs/px4_msgs/msg/detail/gpio_request__traits.hpp\n'}
[1.725452] (px4_msgs) StdoutLine: {'line': b'-- Up-to-date: /home/mcfb/ros2_ws/install/px4_msgs/include/px4_msgs/px4_msgs/msg/detail/actuator_motors__builder.hpp\n'}
[1.725484] (px4_msgs) StdoutLine: {'line': b'-- Up-to-date: /home/mcfb/ros2_ws/install/px4_msgs/include/px4_msgs/px4_msgs/msg/detail/power_button_state__struct.hpp\n'}
[1.725520] (px4_msgs) StdoutLine: {'line': b'-- Up-to-date: /home/mcfb/ros2_ws/install/px4_msgs/include/px4_msgs/px4_msgs/msg/detail/input_rc__struct.hpp\n'}
[1.725559] (px4_msgs) StdoutLine: {'line': b'-- Up-to-date: /home/mcfb/ros2_ws/install/px4_msgs/include/px4_msgs/px4_msgs/msg/detail/estimator_aid_source2d__builder.hpp\n'}
[1.725597] (px4_msgs) StdoutLine: {'line': b'-- Up-to-date: /home/mcfb/ros2_ws/install/px4_msgs/include/px4_msgs/px4_msgs/msg/detail/vehicle_torque_setpoint__type_support.hpp\n'}
[1.725648] (px4_msgs) StdoutLine: {'line': b'-- Up-to-date: /home/mcfb/ros2_ws/install/px4_msgs/include/px4_msgs/px4_msgs/msg/detail/fuel_tank_status__traits.hpp\n'}
[1.725687] (px4_msgs) StdoutLine: {'line': b'-- Up-to-date: /home/mcfb/ros2_ws/install/px4_msgs/include/px4_msgs/px4_msgs/msg/detail/mode_completed__builder.hpp\n'}
[1.725723] (px4_msgs) StdoutLine: {'line': b'-- Up-to-date: /home/mcfb/ros2_ws/install/px4_msgs/include/px4_msgs/px4_msgs/msg/detail/estimator_aid_source3d__traits.hpp\n'}
[1.725755] (px4_msgs) StdoutLine: {'line': b'-- Up-to-date: /home/mcfb/ros2_ws/install/px4_msgs/include/px4_msgs/px4_msgs/msg/detail/distance_sensor__traits.hpp\n'}
[1.725793] (px4_msgs) StdoutLine: {'line': b'-- Up-to-date: /home/mcfb/ros2_ws/install/px4_msgs/include/px4_msgs/px4_msgs/msg/detail/adc_report__traits.hpp\n'}
[1.725831] (px4_msgs) StdoutLine: {'line': b'-- Up-to-date: /home/mcfb/ros2_ws/install/px4_msgs/include/px4_msgs/px4_msgs/msg/detail/system_power__traits.hpp\n'}
[1.725874] (px4_msgs) StdoutLine: {'line': b'-- Up-to-date: /home/mcfb/ros2_ws/install/px4_msgs/include/px4_msgs/px4_msgs/msg/detail/gimbal_manager_set_attitude__builder.hpp\n'}
[1.725912] (px4_msgs) StdoutLine: {'line': b'-- Up-to-date: /home/mcfb/ros2_ws/install/px4_msgs/include/px4_msgs/px4_msgs/msg/detail/px4io_status__traits.hpp\n'}
[1.725953] (px4_msgs) StdoutLine: {'line': b'-- Up-to-date: /home/mcfb/ros2_ws/install/px4_msgs/include/px4_msgs/px4_msgs/msg/detail/follow_target_estimator__type_support.hpp\n'}
[1.725990] (px4_msgs) StdoutLine: {'line': b'-- Up-to-date: /home/mcfb/ros2_ws/install/px4_msgs/include/px4_msgs/px4_msgs/msg/detail/yaw_estimator_status__type_support.hpp\n'}
[1.726027] (px4_msgs) StdoutLine: {'line': b'-- Up-to-date: /home/mcfb/ros2_ws/install/px4_msgs/include/px4_msgs/px4_msgs/msg/detail/rtl_time_estimate__struct.hpp\n'}
[1.726065] (px4_msgs) StdoutLine: {'line': b'-- Up-to-date: /home/mcfb/ros2_ws/install/px4_msgs/include/px4_msgs/px4_msgs/msg/detail/fixed_wing_lateral_status__struct.hpp\n'}
[1.726104] (px4_msgs) StdoutLine: {'line': b'-- Up-to-date: /home/mcfb/ros2_ws/install/px4_msgs/include/px4_msgs/px4_msgs/msg/detail/gimbal_manager_information__struct.hpp\n'}
[1.726156] (px4_msgs) StdoutLine: {'line': b'-- Up-to-date: /home/mcfb/ros2_ws/install/px4_msgs/include/px4_msgs/px4_msgs/msg/detail/goto_setpoint__type_support.hpp\n'}
[1.726370] (px4_msgs) StdoutLine: {'line': b'-- Up-to-date: /home/mcfb/ros2_ws/install/px4_msgs/include/px4_msgs/px4_msgs/msg/detail/gimbal_device_set_attitude__struct.hpp\n'}
[1.726463] (px4_msgs) StdoutLine: {'line': b'-- Up-to-date: /home/mcfb/ros2_ws/install/px4_msgs/include/px4_msgs/px4_msgs/msg/detail/vehicle_global_position__traits.hpp\n'}
[1.726533] (px4_msgs) StdoutLine: {'line': b'-- Up-to-date: /home/mcfb/ros2_ws/install/px4_msgs/include/px4_msgs/px4_msgs/msg/detail/wheel_encoders__builder.hpp\n'}
[1.726601] (px4_msgs) StdoutLine: {'line': b'-- Up-to-date: /home/mcfb/ros2_ws/install/px4_msgs/include/px4_msgs/px4_msgs/msg/detail/tiltrotor_extra_controls__builder.hpp\n'}
[1.726665] (px4_msgs) StdoutLine: {'line': b'-- Up-to-date: /home/mcfb/ros2_ws/install/px4_msgs/include/px4_msgs/px4_msgs/msg/detail/gimbal_device_set_attitude__type_support.hpp\n'}
[1.726753] (px4_msgs) StdoutLine: {'line': b'-- Up-to-date: /home/mcfb/ros2_ws/install/px4_msgs/include/px4_msgs/px4_msgs/msg/detail/sensors_status_imu__struct.hpp\n'}
[1.726800] (px4_msgs) StdoutLine: {'line': b'-- Up-to-date: /home/mcfb/ros2_ws/install/px4_msgs/include/px4_msgs/px4_msgs/msg/detail/parameter_reset_request__traits.hpp\n'}
[1.726844] (px4_msgs) StdoutLine: {'line': b'-- Up-to-date: /home/mcfb/ros2_ws/install/px4_msgs/include/px4_msgs/px4_msgs/msg/detail/airspeed__struct.hpp\n'}
[1.726895] (px4_msgs) StdoutLine: {'line': b'-- Up-to-date: /home/mcfb/ros2_ws/install/px4_msgs/include/px4_msgs/px4_msgs/msg/detail/gpio_request__struct.hpp\n'}
[1.726944] (px4_msgs) StdoutLine: {'line': b'-- Up-to-date: /home/mcfb/ros2_ws/install/px4_msgs/include/px4_msgs/px4_msgs/msg/detail/parameter_update__struct.hpp\n'}
[1.727016] (px4_msgs) StdoutLine: {'line': b'-- Up-to-date: /home/mcfb/ros2_ws/install/px4_msgs/include/px4_msgs/px4_msgs/msg/detail/rover_rate_status__struct.hpp\n'}
[1.727062] (px4_msgs) StdoutLine: {'line': b'-- Up-to-date: /home/mcfb/ros2_ws/install/px4_msgs/include/px4_msgs/px4_msgs/msg/detail/power_button_state__builder.hpp\n'}
[1.727105] (px4_msgs) StdoutLine: {'line': b'-- Up-to-date: /home/mcfb/ros2_ws/install/px4_msgs/include/px4_msgs/px4_msgs/msg/detail/estimator_selector_status__struct.hpp\n'}
[1.727148] (px4_msgs) StdoutLine: {'line': b'-- Up-to-date: /home/mcfb/ros2_ws/install/px4_msgs/include/px4_msgs/px4_msgs/msg/detail/unregister_ext_component__struct.hpp\n'}
[1.727190] (px4_msgs) StdoutLine: {'line': b'-- Up-to-date: /home/mcfb/ros2_ws/install/px4_msgs/include/px4_msgs/px4_msgs/msg/detail/parameter_update__builder.hpp\n'}
[1.727256] (px4_msgs) StdoutLine: {'line': b'-- Up-to-date: /home/mcfb/ros2_ws/install/px4_msgs/include/px4_msgs/px4_msgs/msg/detail/gps_inject_data__struct.hpp\n'}
[1.727309] (px4_msgs) StdoutLine: {'line': b'-- Up-to-date: /home/mcfb/ros2_ws/install/px4_msgs/include/px4_msgs/px4_msgs/msg/detail/log_message__type_support.hpp\n'}
[1.727427] (px4_msgs) StdoutLine: {'line': b'-- Up-to-date: /home/mcfb/ros2_ws/install/px4_msgs/include/px4_msgs/px4_msgs/msg/detail/rc_channels__struct.hpp\n'}
[1.727497] (px4_msgs) StdoutLine: {'line': b'-- Up-to-date: /home/mcfb/ros2_ws/install/px4_msgs/include/px4_msgs/px4_msgs/msg/detail/mission_result__type_support.hpp\n'}
[1.727563] (px4_msgs) StdoutLine: {'line': b'-- Up-to-date: /home/mcfb/ros2_ws/install/px4_msgs/include/px4_msgs/px4_msgs/msg/detail/sensor_gyro_fft__type_support.hpp\n'}
[1.727627] (px4_msgs) StdoutLine: {'line': b'-- Up-to-date: /home/mcfb/ros2_ws/install/px4_msgs/include/px4_msgs/px4_msgs/msg/detail/actuator_servos_trim__traits.hpp\n'}
[1.727698] (px4_msgs) StdoutLine: {'line': b'-- Up-to-date: /home/mcfb/ros2_ws/install/px4_msgs/include/px4_msgs/px4_msgs/msg/detail/hover_thrust_estimate__struct.hpp\n'}
[1.727749] (px4_msgs) StdoutLine: {'line': b'-- Up-to-date: /home/mcfb/ros2_ws/install/px4_msgs/include/px4_msgs/px4_msgs/msg/detail/uavcan_parameter_request__struct.hpp\n'}
[1.727788] (px4_msgs) StdoutLine: {'line': b'-- Up-to-date: /home/mcfb/ros2_ws/install/px4_msgs/include/px4_msgs/px4_msgs/msg/detail/airspeed_validated__struct.hpp\n'}
[1.727827] (px4_msgs) StdoutLine: {'line': b'-- Up-to-date: /home/mcfb/ros2_ws/install/px4_msgs/include/px4_msgs/px4_msgs/msg/detail/system_power__builder.hpp\n'}
[1.727865] (px4_msgs) StdoutLine: {'line': b'-- Up-to-date: /home/mcfb/ros2_ws/install/px4_msgs/include/px4_msgs/px4_msgs/msg/detail/vehicle_magnetometer__type_support.hpp\n'}
[1.727903] (px4_msgs) StdoutLine: {'line': b'-- Up-to-date: /home/mcfb/ros2_ws/install/px4_msgs/include/px4_msgs/px4_msgs/msg/detail/esc_status__struct.hpp\n'}
[1.727950] (px4_msgs) StdoutLine: {'line': b'-- Up-to-date: /home/mcfb/ros2_ws/install/px4_msgs/include/px4_msgs/px4_msgs/msg/detail/lateral_control_configuration__type_support.hpp\n'}
[1.727999] (px4_msgs) StdoutLine: {'line': b'-- Up-to-date: /home/mcfb/ros2_ws/install/px4_msgs/include/px4_msgs/px4_msgs/msg/detail/actuator_test__traits.hpp\n'}
[1.728047] (px4_msgs) StdoutLine: {'line': b'-- Up-to-date: /home/mcfb/ros2_ws/install/px4_msgs/include/px4_msgs/px4_msgs/msg/detail/sensor_selection__struct.hpp\n'}
[1.728096] (px4_msgs) StdoutLine: {'line': b'-- Up-to-date: /home/mcfb/ros2_ws/install/px4_msgs/include/px4_msgs/px4_msgs/msg/detail/ulog_stream__builder.hpp\n'}
[1.728145] (px4_msgs) StdoutLine: {'line': b'-- Up-to-date: /home/mcfb/ros2_ws/install/px4_msgs/include/px4_msgs/px4_msgs/msg/detail/task_stack_info__type_support.hpp\n'}
[1.728194] (px4_msgs) StdoutLine: {'line': b'-- Up-to-date: /home/mcfb/ros2_ws/install/px4_msgs/include/px4_msgs/px4_msgs/msg/detail/sensor_gyro__type_support.hpp\n'}
[1.728250] (px4_msgs) StdoutLine: {'line': b'-- Up-to-date: /home/mcfb/ros2_ws/install/px4_msgs/include/px4_msgs/px4_msgs/msg/detail/message_format_response__traits.hpp\n'}
[1.728460] (px4_msgs) StdoutLine: {'line': b'-- Up-to-date: /home/mcfb/ros2_ws/install/px4_msgs/include/px4_msgs/px4_msgs/msg/detail/figure_eight_status__type_support.hpp\n'}
[1.728595] (px4_msgs) StdoutLine: {'line': b'-- Up-to-date: /home/mcfb/ros2_ws/install/px4_msgs/include/px4_msgs/px4_msgs/msg/detail/radio_status__traits.hpp\n'}
[1.728679] (px4_msgs) StdoutLine: {'line': b'-- Up-to-date: /home/mcfb/ros2_ws/install/px4_msgs/include/px4_msgs/px4_msgs/msg/detail/longitudinal_control_configuration__struct.hpp\n'}
[1.728745] (px4_msgs) StdoutLine: {'line': b'-- Up-to-date: /home/mcfb/ros2_ws/install/px4_msgs/include/px4_msgs/px4_msgs/msg/detail/vehicle_rates_setpoint__type_support.hpp\n'}
[1.728799] (px4_msgs) StdoutLine: {'line': b'-- Up-to-date: /home/mcfb/ros2_ws/install/px4_msgs/include/px4_msgs/px4_msgs/msg/detail/gpio_in__traits.hpp\n'}
[1.728845] (px4_msgs) StdoutLine: {'line': b'-- Up-to-date: /home/mcfb/ros2_ws/install/px4_msgs/include/px4_msgs/px4_msgs/msg/detail/timesync_status__traits.hpp\n'}
[1.728882] (px4_msgs) StdoutLine: {'line': b'-- Up-to-date: /home/mcfb/ros2_ws/install/px4_msgs/include/px4_msgs/px4_msgs/msg/detail/actuator_controls_status__type_support.hpp\n'}
[1.728921] (px4_msgs) StdoutLine: {'line': b'-- Up-to-date: /home/mcfb/ros2_ws/install/px4_msgs/include/px4_msgs/px4_msgs/msg/detail/actuator_servos_trim__struct.hpp\n'}
[1.728989] (px4_msgs) StdoutLine: {'line': b'-- Up-to-date: /home/mcfb/ros2_ws/install/px4_msgs/include/px4_msgs/px4_msgs/msg/detail/estimator_status__builder.hpp\n'}
[1.729028] (px4_msgs) StdoutLine: {'line': b'-- Up-to-date: /home/mcfb/ros2_ws/install/px4_msgs/include/px4_msgs/px4_msgs/msg/detail/sensor_uwb__type_support.hpp\n'}
[1.729067] (px4_msgs) StdoutLine: {'line': b'-- Up-to-date: /home/mcfb/ros2_ws/install/px4_msgs/include/px4_msgs/px4_msgs/msg/detail/vehicle_imu_status__traits.hpp\n'}
[1.729111] (px4_msgs) StdoutLine: {'line': b'-- Up-to-date: /home/mcfb/ros2_ws/install/px4_msgs/include/px4_msgs/px4_msgs/msg/detail/rover_speed_setpoint__traits.hpp\n'}
[1.729160] (px4_msgs) StdoutLine: {'line': b'-- Up-to-date: /home/mcfb/ros2_ws/install/px4_msgs/include/px4_msgs/px4_msgs/msg/detail/vehicle_angular_acceleration_setpoint__builder.hpp\n'}
[1.729203] (px4_msgs) StdoutLine: {'line': b'-- Up-to-date: /home/mcfb/ros2_ws/install/px4_msgs/include/px4_msgs/px4_msgs/msg/detail/rover_position_setpoint__traits.hpp\n'}
[1.729241] (px4_msgs) StdoutLine: {'line': b'-- Up-to-date: /home/mcfb/ros2_ws/install/px4_msgs/include/px4_msgs/px4_msgs/msg/detail/distance_sensor_mode_change_request__traits.hpp\n'}
[1.729305] (px4_msgs) StdoutLine: {'line': b'-- Up-to-date: /home/mcfb/ros2_ws/install/px4_msgs/include/px4_msgs/px4_msgs/msg/detail/actuator_test__struct.hpp\n'}
[1.729356] (px4_msgs) StdoutLine: {'line': b'-- Up-to-date: /home/mcfb/ros2_ws/install/px4_msgs/include/px4_msgs/px4_msgs/msg/detail/internal_combustion_engine_control__struct.hpp\n'}
[1.729389] (px4_msgs) StdoutLine: {'line': b'-- Up-to-date: /home/mcfb/ros2_ws/install/px4_msgs/include/px4_msgs/px4_msgs/msg/detail/sensors_status__type_support.hpp\n'}
[1.729422] (px4_msgs) StdoutLine: {'line': b'-- Up-to-date: /home/mcfb/ros2_ws/install/px4_msgs/include/px4_msgs/px4_msgs/msg/detail/gps_inject_data__type_support.hpp\n'}
[1.729455] (px4_msgs) StdoutLine: {'line': b'-- Up-to-date: /home/mcfb/ros2_ws/install/px4_msgs/include/px4_msgs/px4_msgs/msg/detail/unregister_ext_component__type_support.hpp\n'}
[1.729489] (px4_msgs) StdoutLine: {'line': b'-- Up-to-date: /home/mcfb/ros2_ws/install/px4_msgs/include/px4_msgs/px4_msgs/msg/detail/health_report__struct.hpp\n'}
[1.729522] (px4_msgs) StdoutLine: {'line': b'-- Up-to-date: /home/mcfb/ros2_ws/install/px4_msgs/include/px4_msgs/px4_msgs/msg/detail/debug_key_value__traits.hpp\n'}
[1.729555] (px4_msgs) StdoutLine: {'line': b'-- Up-to-date: /home/mcfb/ros2_ws/install/px4_msgs/include/px4_msgs/px4_msgs/msg/detail/debug_key_value__builder.hpp\n'}
[1.729591] (px4_msgs) StdoutLine: {'line': b'-- Up-to-date: /home/mcfb/ros2_ws/install/px4_msgs/include/px4_msgs/px4_msgs/msg/detail/battery_info__type_support.hpp\n'}
[1.729655] (px4_msgs) StdoutLine: {'line': b'-- Up-to-date: /home/mcfb/ros2_ws/install/px4_msgs/include/px4_msgs/px4_msgs/msg/detail/vehicle_magnetometer__struct.hpp\n'}
[1.729987] (px4_msgs) StdoutLine: {'line': b'-- Up-to-date: /home/mcfb/ros2_ws/install/px4_msgs/include/px4_msgs/px4_msgs/msg/detail/tecs_status__struct.hpp\n'}
[1.730176] (px4_msgs) StdoutLine: {'line': b'-- Up-to-date: /home/mcfb/ros2_ws/install/px4_msgs/include/px4_msgs/px4_msgs/msg/detail/vehicle_optical_flow_vel__struct.hpp\n'}
[1.730237] (px4_msgs) StdoutLine: {'line': b'-- Up-to-date: /home/mcfb/ros2_ws/install/px4_msgs/include/px4_msgs/px4_msgs/msg/detail/yaw_estimator_status__struct.hpp\n'}
[1.730278] (px4_msgs) StdoutLine: {'line': b'-- Up-to-date: /home/mcfb/ros2_ws/install/px4_msgs/include/px4_msgs/px4_msgs/msg/detail/estimator_aid_source1d__traits.hpp\n'}
[1.730316] (px4_msgs) StdoutLine: {'line': b'-- Up-to-date: /home/mcfb/ros2_ws/install/px4_msgs/include/px4_msgs/px4_msgs/msg/detail/orb_test_medium__traits.hpp\n'}
[1.730366] (px4_msgs) StdoutLine: {'line': b'-- Up-to-date: /home/mcfb/ros2_ws/install/px4_msgs/include/px4_msgs/px4_msgs/msg/detail/vehicle_thrust_setpoint__traits.hpp\n'}
[1.730403] (px4_msgs) StdoutLine: {'line': b'-- Up-to-date: /home/mcfb/ros2_ws/install/px4_msgs/include/px4_msgs/px4_msgs/msg/detail/home_position__builder.hpp\n'}
[1.730450] (px4_msgs) StdoutLine: {'line': b'-- Up-to-date: /home/mcfb/ros2_ws/install/px4_msgs/include/px4_msgs/px4_msgs/msg/detail/sensor_baro__builder.hpp\n'}
[1.730500] (px4_msgs) StdoutLine: {'line': b'-- Up-to-date: /home/mcfb/ros2_ws/install/px4_msgs/include/px4_msgs/px4_msgs/msg/detail/qshell_req__traits.hpp\n'}
[1.730551] (px4_msgs) StdoutLine: {'line': b'-- Up-to-date: /home/mcfb/ros2_ws/install/px4_msgs/include/px4_msgs/px4_msgs/msg/detail/camera_trigger__struct.hpp\n'}
[1.730602] (px4_msgs) StdoutLine: {'line': b'-- Up-to-date: /home/mcfb/ros2_ws/install/px4_msgs/include/px4_msgs/px4_msgs/msg/detail/transponder_report__traits.hpp\n'}
[1.730645] (px4_msgs) StdoutLine: {'line': b'-- Up-to-date: /home/mcfb/ros2_ws/install/px4_msgs/include/px4_msgs/px4_msgs/msg/detail/home_position__type_support.hpp\n'}
[1.730693] (px4_msgs) StdoutLine: {'line': b'-- Up-to-date: /home/mcfb/ros2_ws/install/px4_msgs/include/px4_msgs/px4_msgs/msg/detail/sensor_baro__struct.hpp\n'}
[1.730734] (px4_msgs) StdoutLine: {'line': b'-- Up-to-date: /home/mcfb/ros2_ws/install/px4_msgs/include/px4_msgs/px4_msgs/msg/detail/sensor_selection__builder.hpp\n'}
[1.730773] (px4_msgs) StdoutLine: {'line': b'-- Up-to-date: /home/mcfb/ros2_ws/install/px4_msgs/include/px4_msgs/px4_msgs/msg/detail/debug_array__struct.hpp\n'}
[1.730840] (px4_msgs) StdoutLine: {'line': b'-- Up-to-date: /home/mcfb/ros2_ws/install/px4_msgs/include/px4_msgs/px4_msgs/msg/detail/failsafe_flags__struct.hpp\n'}
[1.730874] (px4_msgs) StdoutLine: {'line': b'-- Up-to-date: /home/mcfb/ros2_ws/install/px4_msgs/include/px4_msgs/px4_msgs/msg/detail/sensor_optical_flow__type_support.hpp\n'}
[1.730920] (px4_msgs) StdoutLine: {'line': b'-- Up-to-date: /home/mcfb/ros2_ws/install/px4_msgs/include/px4_msgs/px4_msgs/msg/detail/autotune_attitude_control_status__type_support.hpp\n'}
[1.730980] (px4_msgs) StdoutLine: {'line': b'-- Up-to-date: /home/mcfb/ros2_ws/install/px4_msgs/include/px4_msgs/px4_msgs/msg/detail/sensor_combined__struct.hpp\n'}
[1.731016] (px4_msgs) StdoutLine: {'line': b'-- Up-to-date: /home/mcfb/ros2_ws/install/px4_msgs/include/px4_msgs/px4_msgs/msg/detail/pure_pursuit_status__builder.hpp\n'}
[1.731051] (px4_msgs) StdoutLine: {'line': b'-- Up-to-date: /home/mcfb/ros2_ws/install/px4_msgs/include/px4_msgs/px4_msgs/msg/detail/telemetry_status__type_support.hpp\n'}
[1.731085] (px4_msgs) StdoutLine: {'line': b'-- Up-to-date: /home/mcfb/ros2_ws/install/px4_msgs/include/px4_msgs/px4_msgs/msg/detail/esc_report__struct.hpp\n'}
[1.731127] (px4_msgs) StdoutLine: {'line': b'-- Up-to-date: /home/mcfb/ros2_ws/install/px4_msgs/include/px4_msgs/px4_msgs/msg/detail/vehicle_thrust_setpoint__type_support.hpp\n'}
[1.731165] (px4_msgs) StdoutLine: {'line': b'-- Up-to-date: /home/mcfb/ros2_ws/install/px4_msgs/include/px4_msgs/px4_msgs/msg/detail/uavcan_parameter_value__struct.hpp\n'}
[1.731224] (px4_msgs) StdoutLine: {'line': b'-- Up-to-date: /home/mcfb/ros2_ws/install/px4_msgs/include/px4_msgs/px4_msgs/msg/detail/estimator_innovations__type_support.hpp\n'}
[1.731257] (px4_msgs) StdoutLine: {'line': b'-- Up-to-date: /home/mcfb/ros2_ws/install/px4_msgs/include/px4_msgs/px4_msgs/msg/detail/sensor_accel__builder.hpp\n'}
[1.731291] (px4_msgs) StdoutLine: {'line': b'-- Up-to-date: /home/mcfb/ros2_ws/install/px4_msgs/include/px4_msgs/px4_msgs/msg/detail/register_ext_component_request__struct.hpp\n'}
[1.731331] (px4_msgs) StdoutLine: {'line': b'-- Up-to-date: /home/mcfb/ros2_ws/install/px4_msgs/include/px4_msgs/px4_msgs/msg/detail/sensor_optical_flow__builder.hpp\n'}
[1.731368] (px4_msgs) StdoutLine: {'line': b'-- Up-to-date: /home/mcfb/ros2_ws/install/px4_msgs/include/px4_msgs/px4_msgs/msg/detail/telemetry_status__builder.hpp\n'}
[1.731406] (px4_msgs) StdoutLine: {'line': b'-- Up-to-date: /home/mcfb/ros2_ws/install/px4_msgs/include/px4_msgs/px4_msgs/msg/detail/mission__struct.hpp\n'}
[1.731445] (px4_msgs) StdoutLine: {'line': b'-- Up-to-date: /home/mcfb/ros2_ws/install/px4_msgs/include/px4_msgs/px4_msgs/msg/detail/register_ext_component_request__type_support.hpp\n'}
[1.731484] (px4_msgs) StdoutLine: {'line': b'-- Up-to-date: /home/mcfb/ros2_ws/install/px4_msgs/include/px4_msgs/px4_msgs/msg/detail/gimbal_manager_set_manual_control__type_support.hpp\n'}
[1.731523] (px4_msgs) StdoutLine: {'line': b'-- Up-to-date: /home/mcfb/ros2_ws/install/px4_msgs/include/px4_msgs/px4_msgs/msg/detail/parameter_reset_request__struct.hpp\n'}
[1.731566] (px4_msgs) StdoutLine: {'line': b'-- Up-to-date: /home/mcfb/ros2_ws/install/px4_msgs/include/px4_msgs/px4_msgs/msg/detail/actuator_controls_status__traits.hpp\n'}
[1.731604] (px4_msgs) StdoutLine: {'line': b'-- Up-to-date: /home/mcfb/ros2_ws/install/px4_msgs/include/px4_msgs/px4_msgs/msg/detail/differential_pressure__type_support.hpp\n'}
[1.731642] (px4_msgs) StdoutLine: {'line': b'-- Up-to-date: /home/mcfb/ros2_ws/install/px4_msgs/include/px4_msgs/px4_msgs/msg/detail/register_ext_component_reply__struct.hpp\n'}
[1.731699] (px4_msgs) StdoutLine: {'line': b'-- Up-to-date: /home/mcfb/ros2_ws/install/px4_msgs/include/px4_msgs/px4_msgs/msg/detail/tune_control__traits.hpp\n'}
[1.731735] (px4_msgs) StdoutLine: {'line': b'-- Up-to-date: /home/mcfb/ros2_ws/install/px4_msgs/include/px4_msgs/px4_msgs/msg/debug_array.hpp\n'}
[1.731770] (px4_msgs) StdoutLine: {'line': b'-- Up-to-date: /home/mcfb/ros2_ws/install/px4_msgs/include/px4_msgs/px4_msgs/msg/rover_rate_setpoint.hpp\n'}
[1.731803] (px4_msgs) StdoutLine: {'line': b'-- Up-to-date: /home/mcfb/ros2_ws/install/px4_msgs/include/px4_msgs/px4_msgs/msg/debug_key_value.hpp\n'}
[1.731836] (px4_msgs) StdoutLine: {'line': b'-- Up-to-date: /home/mcfb/ros2_ws/install/px4_msgs/include/px4_msgs/px4_msgs/msg/sensor_uwb.hpp\n'}
[1.731871] (px4_msgs) StdoutLine: {'line': b'-- Up-to-date: /home/mcfb/ros2_ws/install/px4_msgs/include/px4_msgs/px4_msgs/msg/longitudinal_control_configuration.hpp\n'}
[1.731918] (px4_msgs) StdoutLine: {'line': b'-- Up-to-date: /home/mcfb/ros2_ws/install/px4_msgs/include/px4_msgs/px4_msgs/msg/parameter_set_value_request.hpp\n'}
[1.731951] (px4_msgs) StdoutLine: {'line': b'-- Up-to-date: /home/mcfb/ros2_ws/install/px4_msgs/include/px4_msgs/px4_msgs/msg/vehicle_acceleration.hpp\n'}
[1.731984] (px4_msgs) StdoutLine: {'line': b'-- Up-to-date: /home/mcfb/ros2_ws/install/px4_msgs/include/px4_msgs/px4_msgs/msg/velocity_limits.hpp\n'}
[1.732017] (px4_msgs) StdoutLine: {'line': b'-- Up-to-date: /home/mcfb/ros2_ws/install/px4_msgs/include/px4_msgs/px4_msgs/msg/differential_pressure.hpp\n'}
[1.732049] (px4_msgs) StdoutLine: {'line': b'-- Up-to-date: /home/mcfb/ros2_ws/install/px4_msgs/include/px4_msgs/px4_msgs/msg/sensor_combined.hpp\n'}
[1.732084] (px4_msgs) StdoutLine: {'line': b'-- Up-to-date: /home/mcfb/ros2_ws/install/px4_msgs/include/px4_msgs/px4_msgs/msg/vehicle_command.hpp\n'}
[1.732123] (px4_msgs) StdoutLine: {'line': b'-- Up-to-date: /home/mcfb/ros2_ws/install/px4_msgs/include/px4_msgs/px4_msgs/msg/gps_inject_data.hpp\n'}
[1.732162] (px4_msgs) StdoutLine: {'line': b'-- Up-to-date: /home/mcfb/ros2_ws/install/px4_msgs/include/px4_msgs/px4_msgs/msg/vehicle_command_ack.hpp\n'}
[1.732199] (px4_msgs) StdoutLine: {'line': b'-- Up-to-date: /home/mcfb/ros2_ws/install/px4_msgs/include/px4_msgs/px4_msgs/msg/tune_control.hpp\n'}
[1.732235] (px4_msgs) StdoutLine: {'line': b'-- Up-to-date: /home/mcfb/ros2_ws/install/px4_msgs/include/px4_msgs/px4_msgs/msg/mavlink_log.hpp\n'}
[1.732271] (px4_msgs) StdoutLine: {'line': b'-- Up-to-date: /home/mcfb/ros2_ws/install/px4_msgs/include/px4_msgs/px4_msgs/msg/esc_report.hpp\n'}
[1.732309] (px4_msgs) StdoutLine: {'line': b'-- Up-to-date: /home/mcfb/ros2_ws/install/px4_msgs/include/px4_msgs/px4_msgs/msg/vehicle_optical_flow_vel.hpp\n'}
[1.732346] (px4_msgs) StdoutLine: {'line': b'-- Up-to-date: /home/mcfb/ros2_ws/install/px4_msgs/include/px4_msgs/px4_msgs/msg/estimator_aid_source1d.hpp\n'}
[1.732382] (px4_msgs) StdoutLine: {'line': b'-- Up-to-date: /home/mcfb/ros2_ws/install/px4_msgs/include/px4_msgs/px4_msgs/msg/sensor_mag.hpp\n'}
[1.732417] (px4_msgs) StdoutLine: {'line': b'-- Up-to-date: /home/mcfb/ros2_ws/install/px4_msgs/include/px4_msgs/px4_msgs/msg/vehicle_attitude.hpp\n'}
[1.732453] (px4_msgs) StdoutLine: {'line': b'-- Up-to-date: /home/mcfb/ros2_ws/install/px4_msgs/include/px4_msgs/px4_msgs/msg/camera_status.hpp\n'}
[1.732489] (px4_msgs) StdoutLine: {'line': b'-- Up-to-date: /home/mcfb/ros2_ws/install/px4_msgs/include/px4_msgs/px4_msgs/msg/follow_target_estimator.hpp\n'}
[1.732525] (px4_msgs) StdoutLine: {'line': b'-- Up-to-date: /home/mcfb/ros2_ws/install/px4_msgs/include/px4_msgs/px4_msgs/msg/camera_trigger.hpp\n'}
[1.732563] (px4_msgs) StdoutLine: {'line': b'-- Up-to-date: /home/mcfb/ros2_ws/install/px4_msgs/include/px4_msgs/px4_msgs/msg/neural_control.hpp\n'}
[1.732619] (px4_msgs) StdoutLine: {'line': b'-- Up-to-date: /home/mcfb/ros2_ws/install/px4_msgs/include/px4_msgs/px4_msgs/msg/trajectory_setpoint6dof.hpp\n'}
[1.732653] (px4_msgs) StdoutLine: {'line': b'-- Up-to-date: /home/mcfb/ros2_ws/install/px4_msgs/include/px4_msgs/px4_msgs/msg/onboard_computer_status.hpp\n'}
[1.732692] (px4_msgs) StdoutLine: {'line': b'-- Up-to-date: /home/mcfb/ros2_ws/install/px4_msgs/include/px4_msgs/px4_msgs/msg/failsafe_flags.hpp\n'}
[1.732727] (px4_msgs) StdoutLine: {'line': b'-- Up-to-date: /home/mcfb/ros2_ws/install/px4_msgs/include/px4_msgs/px4_msgs/msg/power_monitor.hpp\n'}
[1.732761] (px4_msgs) StdoutLine: {'line': b'-- Up-to-date: /home/mcfb/ros2_ws/install/px4_msgs/include/px4_msgs/px4_msgs/msg/rover_speed_setpoint.hpp\n'}
[1.732807] (px4_msgs) StdoutLine: {'line': b'-- Up-to-date: /home/mcfb/ros2_ws/install/px4_msgs/include/px4_msgs/px4_msgs/msg/px4io_status.hpp\n'}
[1.732843] (px4_msgs) StdoutLine: {'line': b'-- Up-to-date: /home/mcfb/ros2_ws/install/px4_msgs/include/px4_msgs/px4_msgs/msg/orbit_status.hpp\n'}
[1.732879] (px4_msgs) StdoutLine: {'line': b'-- Up-to-date: /home/mcfb/ros2_ws/install/px4_msgs/include/px4_msgs/px4_msgs/msg/ping.hpp\n'}
[1.732927] (px4_msgs) StdoutLine: {'line': b'-- Up-to-date: /home/mcfb/ros2_ws/install/px4_msgs/include/px4_msgs/px4_msgs/msg/esc_status.hpp\n'}
[1.732977] (px4_msgs) StdoutLine: {'line': b'-- Up-to-date: /home/mcfb/ros2_ws/install/px4_msgs/include/px4_msgs/px4_msgs/msg/debug_value.hpp\n'}
[1.733010] (px4_msgs) StdoutLine: {'line': b'-- Up-to-date: /home/mcfb/ros2_ws/install/px4_msgs/include/px4_msgs/px4_msgs/msg/sensor_gyro_fft.hpp\n'}
[1.733044] (px4_msgs) StdoutLine: {'line': b'-- Up-to-date: /home/mcfb/ros2_ws/install/px4_msgs/include/px4_msgs/px4_msgs/msg/gimbal_device_attitude_status.hpp\n'}
[1.733077] (px4_msgs) StdoutLine: {'line': b'-- Up-to-date: /home/mcfb/ros2_ws/install/px4_msgs/include/px4_msgs/px4_msgs/msg/logger_status.hpp\n'}
[1.733146] (px4_msgs) StdoutLine: {'line': b'-- Up-to-date: /home/mcfb/ros2_ws/install/px4_msgs/include/px4_msgs/px4_msgs/msg/autotune_attitude_control_status.hpp\n'}
[1.733179] (px4_msgs) StdoutLine: {'line': b'-- Up-to-date: /home/mcfb/ros2_ws/install/px4_msgs/include/px4_msgs/px4_msgs/msg/vehicle_local_position.hpp\n'}
[1.733214] (px4_msgs) StdoutLine: {'line': b'-- Up-to-date: /home/mcfb/ros2_ws/install/px4_msgs/include/px4_msgs/px4_msgs/msg/takeoff_status.hpp\n'}
[1.733246] (px4_msgs) StdoutLine: {'line': b'-- Up-to-date: /home/mcfb/ros2_ws/install/px4_msgs/include/px4_msgs/px4_msgs/msg/sensor_gnss_relative.hpp\n'}
[1.733280] (px4_msgs) StdoutLine: {'line': b'-- Up-to-date: /home/mcfb/ros2_ws/install/px4_msgs/include/px4_msgs/px4_msgs/msg/rate_ctrl_status.hpp\n'}
[1.733330] (px4_msgs) StdoutLine: {'line': b'-- Up-to-date: /home/mcfb/ros2_ws/install/px4_msgs/include/px4_msgs/px4_msgs/msg/landing_gear.hpp\n'}
[1.733364] (px4_msgs) StdoutLine: {'line': b'-- Up-to-date: /home/mcfb/ros2_ws/install/px4_msgs/include/px4_msgs/px4_msgs/msg/vehicle_land_detected.hpp\n'}
[1.733398] (px4_msgs) StdoutLine: {'line': b'-- Up-to-date: /home/mcfb/ros2_ws/install/px4_msgs/include/px4_msgs/px4_msgs/msg/event.hpp\n'}
[1.733432] (px4_msgs) StdoutLine: {'line': b'-- Up-to-date: /home/mcfb/ros2_ws/install/px4_msgs/include/px4_msgs/px4_msgs/msg/vehicle_attitude_setpoint.hpp\n'}
[1.733465] (px4_msgs) StdoutLine: {'line': b'-- Up-to-date: /home/mcfb/ros2_ws/install/px4_msgs/include/px4_msgs/px4_msgs/msg/rover_attitude_status.hpp\n'}
[1.733507] (px4_msgs) StdoutLine: {'line': b'-- Up-to-date: /home/mcfb/ros2_ws/install/px4_msgs/include/px4_msgs/px4_msgs/msg/generator_status.hpp\n'}
[1.733548] (px4_msgs) StdoutLine: {'line': b'-- Up-to-date: /home/mcfb/ros2_ws/install/px4_msgs/include/px4_msgs/px4_msgs/msg/vehicle_thrust_setpoint.hpp\n'}
[1.733586] (px4_msgs) StdoutLine: {'line': b'-- Up-to-date: /home/mcfb/ros2_ws/install/px4_msgs/include/px4_msgs/px4_msgs/msg/estimator_innovations.hpp\n'}
[1.733623] (px4_msgs) StdoutLine: {'line': b'-- Up-to-date: /home/mcfb/ros2_ws/install/px4_msgs/include/px4_msgs/px4_msgs/msg/gimbal_manager_information.hpp\n'}
[1.733660] (px4_msgs) StdoutLine: {'line': b'-- Up-to-date: /home/mcfb/ros2_ws/install/px4_msgs/include/px4_msgs/px4_msgs/msg/hover_thrust_estimate.hpp\n'}
[1.733706] (px4_msgs) StdoutLine: {'line': b'-- Up-to-date: /home/mcfb/ros2_ws/install/px4_msgs/include/px4_msgs/px4_msgs/msg/action_request.hpp\n'}
[1.733744] (px4_msgs) StdoutLine: {'line': b'-- Up-to-date: /home/mcfb/ros2_ws/install/px4_msgs/include/px4_msgs/px4_msgs/msg/vehicle_control_mode.hpp\n'}
[1.733780] (px4_msgs) StdoutLine: {'line': b'-- Up-to-date: /home/mcfb/ros2_ws/install/px4_msgs/include/px4_msgs/px4_msgs/msg/register_ext_component_reply.hpp\n'}
[1.733816] (px4_msgs) StdoutLine: {'line': b'-- Up-to-date: /home/mcfb/ros2_ws/install/px4_msgs/include/px4_msgs/px4_msgs/msg/estimator_status.hpp\n'}
[1.733853] (px4_msgs) StdoutLine: {'line': b'-- Up-to-date: /home/mcfb/ros2_ws/install/px4_msgs/include/px4_msgs/px4_msgs/msg/gpio_config.hpp\n'}
[1.733893] (px4_msgs) StdoutLine: {'line': b'-- Up-to-date: /home/mcfb/ros2_ws/install/px4_msgs/include/px4_msgs/px4_msgs/msg/vehicle_angular_velocity.hpp\n'}
[1.733930] (px4_msgs) StdoutLine: {'line': b'-- Up-to-date: /home/mcfb/ros2_ws/install/px4_msgs/include/px4_msgs/px4_msgs/msg/estimator_event_flags.hpp\n'}
[1.733984] (px4_msgs) StdoutLine: {'line': b'-- Up-to-date: /home/mcfb/ros2_ws/install/px4_msgs/include/px4_msgs/px4_msgs/msg/estimator_selector_status.hpp\n'}
[1.734018] (px4_msgs) StdoutLine: {'line': b'-- Up-to-date: /home/mcfb/ros2_ws/install/px4_msgs/include/px4_msgs/px4_msgs/msg/vehicle_odometry.hpp\n'}
[1.734051] (px4_msgs) StdoutLine: {'line': b'-- Up-to-date: /home/mcfb/ros2_ws/install/px4_msgs/include/px4_msgs/px4_msgs/msg/tiltrotor_extra_controls.hpp\n'}
[1.734091] (px4_msgs) StdoutLine: {'line': b'-- Up-to-date: /home/mcfb/ros2_ws/install/px4_msgs/include/px4_msgs/px4_msgs/msg/vehicle_global_position.hpp\n'}
[1.734144] (px4_msgs) StdoutLine: {'line': b'-- Up-to-date: /home/mcfb/ros2_ws/install/px4_msgs/include/px4_msgs/px4_msgs/msg/offboard_control_mode.hpp\n'}
[1.734189] (px4_msgs) StdoutLine: {'line': b'-- Up-to-date: /home/mcfb/ros2_ws/install/px4_msgs/include/px4_msgs/px4_msgs/msg/orb_test_medium.hpp\n'}
[1.734228] (px4_msgs) StdoutLine: {'line': b'-- Up-to-date: /home/mcfb/ros2_ws/install/px4_msgs/include/px4_msgs/px4_msgs/msg/wheel_encoders.hpp\n'}
[1.734267] (px4_msgs) StdoutLine: {'line': b'-- Up-to-date: /home/mcfb/ros2_ws/install/px4_msgs/include/px4_msgs/px4_msgs/msg/mag_worker_data.hpp\n'}
[1.734322] (px4_msgs) StdoutLine: {'line': b'-- Up-to-date: /home/mcfb/ros2_ws/install/px4_msgs/include/px4_msgs/px4_msgs/msg/internal_combustion_engine_status.hpp\n'}
[1.734417] (px4_msgs) StdoutLine: {'line': b'-- Up-to-date: /home/mcfb/ros2_ws/install/px4_msgs/include/px4_msgs/px4_msgs/msg/open_drone_id_system.hpp\n'}
[1.734464] (px4_msgs) StdoutLine: {'line': b'-- Up-to-date: /home/mcfb/ros2_ws/install/px4_msgs/include/px4_msgs/px4_msgs/msg/mission.hpp\n'}
[1.734503] (px4_msgs) StdoutLine: {'line': b'-- Up-to-date: /home/mcfb/ros2_ws/install/px4_msgs/include/px4_msgs/px4_msgs/msg/fixed_wing_lateral_setpoint.hpp\n'}
[1.734538] (px4_msgs) StdoutLine: {'line': b'-- Up-to-date: /home/mcfb/ros2_ws/install/px4_msgs/include/px4_msgs/px4_msgs/msg/actuator_outputs.hpp\n'}
[1.734572] (px4_msgs) StdoutLine: {'line': b'-- Up-to-date: /home/mcfb/ros2_ws/install/px4_msgs/include/px4_msgs/px4_msgs/msg/navigator_mission_item.hpp\n'}
[1.734609] (px4_msgs) StdoutLine: {'line': b'-- Up-to-date: /home/mcfb/ros2_ws/install/px4_msgs/include/px4_msgs/px4_msgs/msg/cellular_status.hpp\n'}
[1.734643] (px4_msgs) StdoutLine: {'line': b'-- Up-to-date: /home/mcfb/ros2_ws/install/px4_msgs/include/px4_msgs/px4_msgs/msg/fixed_wing_lateral_guidance_status.hpp\n'}
[1.734688] (px4_msgs) StdoutLine: {'line': b'-- Up-to-date: /home/mcfb/ros2_ws/install/px4_msgs/include/px4_msgs/px4_msgs/msg/parameter_set_value_response.hpp\n'}
[1.734725] (px4_msgs) StdoutLine: {'line': b'-- Up-to-date: /home/mcfb/ros2_ws/install/px4_msgs/include/px4_msgs/px4_msgs/msg/estimator_bias3d.hpp\n'}
[1.734761] (px4_msgs) StdoutLine: {'line': b'-- Up-to-date: /home/mcfb/ros2_ws/install/px4_msgs/include/px4_msgs/px4_msgs/msg/open_drone_id_operator_id.hpp\n'}
[1.734797] (px4_msgs) StdoutLine: {'line': b'-- Up-to-date: /home/mcfb/ros2_ws/install/px4_msgs/include/px4_msgs/px4_msgs/msg/register_ext_component_request.hpp\n'}
[1.734832] (px4_msgs) StdoutLine: {'line': b'-- Up-to-date: /home/mcfb/ros2_ws/install/px4_msgs/include/px4_msgs/px4_msgs/msg/qshell_retval.hpp\n'}
[1.734868] (px4_msgs) StdoutLine: {'line': b'-- Up-to-date: /home/mcfb/ros2_ws/install/px4_msgs/include/px4_msgs/px4_msgs/msg/sensor_gyro.hpp\n'}
[1.734904] (px4_msgs) StdoutLine: {'line': b'-- Up-to-date: /home/mcfb/ros2_ws/install/px4_msgs/include/px4_msgs/px4_msgs/msg/dataman_request.hpp\n'}
[1.734943] (px4_msgs) StdoutLine: {'line': b'-- Up-to-date: /home/mcfb/ros2_ws/install/px4_msgs/include/px4_msgs/px4_msgs/msg/rc_channels.hpp\n'}
[1.734981] (px4_msgs) StdoutLine: {'line': b'-- Up-to-date: /home/mcfb/ros2_ws/install/px4_msgs/include/px4_msgs/px4_msgs/msg/vehicle_status.hpp\n'}
[1.735017] (px4_msgs) StdoutLine: {'line': b'-- Up-to-date: /home/mcfb/ros2_ws/install/px4_msgs/include/px4_msgs/px4_msgs/msg/gripper.hpp\n'}
[1.735052] (px4_msgs) StdoutLine: {'line': b'-- Up-to-date: /home/mcfb/ros2_ws/install/px4_msgs/include/px4_msgs/px4_msgs/msg/landing_target_innovations.hpp\n'}
[1.735088] (px4_msgs) StdoutLine: {'line': b'-- Up-to-date: /home/mcfb/ros2_ws/install/px4_msgs/include/px4_msgs/px4_msgs/msg/landing_gear_wheel.hpp\n'}
[1.735126] (px4_msgs) StdoutLine: {'line': b'-- Up-to-date: /home/mcfb/ros2_ws/install/px4_msgs/include/px4_msgs/px4_msgs/msg/vehicle_roi.hpp\n'}
[1.735163] (px4_msgs) StdoutLine: {'line': b'-- Up-to-date: /home/mcfb/ros2_ws/install/px4_msgs/include/px4_msgs/px4_msgs/msg/estimator_aid_source2d.hpp\n'}
[1.735215] (px4_msgs) StdoutLine: {'line': b'-- Up-to-date: /home/mcfb/ros2_ws/install/px4_msgs/include/px4_msgs/px4_msgs/msg/actuator_armed.hpp\n'}
[1.735265] (px4_msgs) StdoutLine: {'line': b'-- Up-to-date: /home/mcfb/ros2_ws/install/px4_msgs/include/px4_msgs/px4_msgs/msg/gimbal_device_information.hpp\n'}
[1.735331] (px4_msgs) StdoutLine: {'line': b'-- Up-to-date: /home/mcfb/ros2_ws/install/px4_msgs/include/px4_msgs/px4_msgs/msg/rover_attitude_setpoint.hpp\n'}
[1.735373] (px4_msgs) StdoutLine: {'line': b'-- Up-to-date: /home/mcfb/ros2_ws/install/px4_msgs/include/px4_msgs/px4_msgs/msg/input_rc.hpp\n'}
[1.735410] (px4_msgs) StdoutLine: {'line': b'-- Up-to-date: /home/mcfb/ros2_ws/install/px4_msgs/include/px4_msgs/px4_msgs/msg/gimbal_manager_status.hpp\n'}
[1.735448] (px4_msgs) StdoutLine: {'line': b'-- Up-to-date: /home/mcfb/ros2_ws/install/px4_msgs/include/px4_msgs/px4_msgs/msg/magnetometer_bias_estimate.hpp\n'}
[1.735486] (px4_msgs) StdoutLine: {'line': b'-- Up-to-date: /home/mcfb/ros2_ws/install/px4_msgs/include/px4_msgs/px4_msgs/msg/airspeed.hpp\n'}
[1.735522] (px4_msgs) StdoutLine: {'line': b'-- Up-to-date: /home/mcfb/ros2_ws/install/px4_msgs/include/px4_msgs/px4_msgs/msg/camera_capture.hpp\n'}
[1.735577] (px4_msgs) StdoutLine: {'line': b'-- Up-to-date: /home/mcfb/ros2_ws/install/px4_msgs/include/px4_msgs/px4_msgs/msg/battery_info.hpp\n'}
[1.735613] (px4_msgs) StdoutLine: {'line': b'-- Up-to-date: /home/mcfb/ros2_ws/install/px4_msgs/include/px4_msgs/px4_msgs/msg/actuator_controls_status.hpp\n'}
[1.735651] (px4_msgs) StdoutLine: {'line': b'-- Up-to-date: /home/mcfb/ros2_ws/install/px4_msgs/include/px4_msgs/px4_msgs/msg/log_message.hpp\n'}
[1.735700] (px4_msgs) StdoutLine: {'line': b'-- Up-to-date: /home/mcfb/ros2_ws/install/px4_msgs/include/px4_msgs/px4_msgs/msg/button_event.hpp\n'}
[1.735734] (px4_msgs) StdoutLine: {'line': b'-- Up-to-date: /home/mcfb/ros2_ws/install/px4_msgs/include/px4_msgs/px4_msgs/msg/sensor_hygrometer.hpp\n'}
[1.735768] (px4_msgs) StdoutLine: {'line': b'-- Up-to-date: /home/mcfb/ros2_ws/install/px4_msgs/include/px4_msgs/px4_msgs/msg/flight_phase_estimation.hpp\n'}
[1.735804] (px4_msgs) StdoutLine: {'line': b'-- Up-to-date: /home/mcfb/ros2_ws/install/px4_msgs/include/px4_msgs/px4_msgs/msg/distance_sensor_mode_change_request.hpp\n'}
[1.735838] (px4_msgs) StdoutLine: {'line': b'-- Up-to-date: /home/mcfb/ros2_ws/install/px4_msgs/include/px4_msgs/px4_msgs/msg/mount_orientation.hpp\n'}
[1.735870] (px4_msgs) StdoutLine: {'line': b'-- Up-to-date: /home/mcfb/ros2_ws/install/px4_msgs/include/px4_msgs/px4_msgs/msg/failure_detector_status.hpp\n'}
[1.735902] (px4_msgs) StdoutLine: {'line': b'-- Up-to-date: /home/mcfb/ros2_ws/install/px4_msgs/include/px4_msgs/px4_msgs/msg/pps_capture.hpp\n'}
[1.735940] (px4_msgs) StdoutLine: {'line': b'-- Up-to-date: /home/mcfb/ros2_ws/install/px4_msgs/include/px4_msgs/px4_msgs/msg/message_format_response.hpp\n'}
[1.735976] (px4_msgs) StdoutLine: {'line': b'-- Up-to-date: /home/mcfb/ros2_ws/install/px4_msgs/include/px4_msgs/px4_msgs/msg/uavcan_parameter_request.hpp\n'}
[1.736011] (px4_msgs) StdoutLine: {'line': b'-- Up-to-date: /home/mcfb/ros2_ws/install/px4_msgs/include/px4_msgs/px4_msgs/msg/gpio_in.hpp\n'}
[1.736046] (px4_msgs) StdoutLine: {'line': b'-- Up-to-date: /home/mcfb/ros2_ws/install/px4_msgs/include/px4_msgs/px4_msgs/msg/rover_throttle_setpoint.hpp\n'}
[1.736091] (px4_msgs) StdoutLine: {'line': b'-- Up-to-date: /home/mcfb/ros2_ws/install/px4_msgs/include/px4_msgs/px4_msgs/msg/estimator_bias.hpp\n'}
[1.736123] (px4_msgs) StdoutLine: {'line': b'-- Up-to-date: /home/mcfb/ros2_ws/install/px4_msgs/include/px4_msgs/px4_msgs/msg/rosidl_generator_cpp__visibility_control.hpp\n'}
[1.736167] (px4_msgs) StdoutLine: {'line': b'-- Up-to-date: /home/mcfb/ros2_ws/install/px4_msgs/include/px4_msgs/px4_msgs/msg/geofence_result.hpp\n'}
[1.736205] (px4_msgs) StdoutLine: {'line': b'-- Up-to-date: /home/mcfb/ros2_ws/install/px4_msgs/include/px4_msgs/px4_msgs/msg/vehicle_optical_flow.hpp\n'}
[1.736241] (px4_msgs) StdoutLine: {'line': b'-- Up-to-date: /home/mcfb/ros2_ws/install/px4_msgs/include/px4_msgs/px4_msgs/msg/goto_setpoint.hpp\n'}
[1.736276] (px4_msgs) StdoutLine: {'line': b'-- Up-to-date: /home/mcfb/ros2_ws/install/px4_msgs/include/px4_msgs/px4_msgs/msg/ulog_stream_ack.hpp\n'}
[1.736313] (px4_msgs) StdoutLine: {'line': b'-- Up-to-date: /home/mcfb/ros2_ws/install/px4_msgs/include/px4_msgs/px4_msgs/msg/sensor_preflight_mag.hpp\n'}
[1.736352] (px4_msgs) StdoutLine: {'line': b'-- Up-to-date: /home/mcfb/ros2_ws/install/px4_msgs/include/px4_msgs/px4_msgs/msg/led_control.hpp\n'}
[1.736405] (px4_msgs) StdoutLine: {'line': b'-- Up-to-date: /home/mcfb/ros2_ws/install/px4_msgs/include/px4_msgs/px4_msgs/msg/trajectory_setpoint.hpp\n'}
[1.736438] (px4_msgs) StdoutLine: {'line': b'-- Up-to-date: /home/mcfb/ros2_ws/install/px4_msgs/include/px4_msgs/px4_msgs/msg/yaw_estimator_status.hpp\n'}
[1.736472] (px4_msgs) StdoutLine: {'line': b'-- Up-to-date: /home/mcfb/ros2_ws/install/px4_msgs/include/px4_msgs/px4_msgs/msg/timesync_status.hpp\n'}
[1.736504] (px4_msgs) StdoutLine: {'line': b'-- Up-to-date: /home/mcfb/ros2_ws/install/px4_msgs/include/px4_msgs/px4_msgs/msg/cpuload.hpp\n'}
[1.736536] (px4_msgs) StdoutLine: {'line': b'-- Up-to-date: /home/mcfb/ros2_ws/install/px4_msgs/include/px4_msgs/px4_msgs/msg/gpio_request.hpp\n'}
[1.736568] (px4_msgs) StdoutLine: {'line': b'-- Up-to-date: /home/mcfb/ros2_ws/install/px4_msgs/include/px4_msgs/px4_msgs/msg/orb_test_large.hpp\n'}
[1.736608] (px4_msgs) StdoutLine: {'line': b'-- Up-to-date: /home/mcfb/ros2_ws/install/px4_msgs/include/px4_msgs/px4_msgs\n'}
[1.736644] (px4_msgs) StdoutLine: {'line': b'-- Up-to-date: /home/mcfb/ros2_ws/install/px4_msgs/include/px4_msgs/px4_msgs/srv\n'}
[1.736685] (px4_msgs) StdoutLine: {'line': b'-- Up-to-date: /home/mcfb/ros2_ws/install/px4_msgs/include/px4_msgs/px4_msgs/srv/detail\n'}
[1.736725] (px4_msgs) StdoutLine: {'line': b'-- Up-to-date: /home/mcfb/ros2_ws/install/px4_msgs/include/px4_msgs/px4_msgs/srv/detail/dds_fastrtps\n'}
[1.736770] (px4_msgs) StdoutLine: {'line': b'-- Up-to-date: /home/mcfb/ros2_ws/install/px4_msgs/include/px4_msgs/px4_msgs/srv/detail/vehicle_command__rosidl_typesupport_fastrtps_cpp.hpp\n'}
[1.736803] (px4_msgs) StdoutLine: {'line': b'-- Up-to-date: /home/mcfb/ros2_ws/install/px4_msgs/include/px4_msgs/px4_msgs/msg\n'}
[1.736836] (px4_msgs) StdoutLine: {'line': b'-- Up-to-date: /home/mcfb/ros2_ws/install/px4_msgs/include/px4_msgs/px4_msgs/msg/detail\n'}
[1.736868] (px4_msgs) StdoutLine: {'line': b'-- Up-to-date: /home/mcfb/ros2_ws/install/px4_msgs/include/px4_msgs/px4_msgs/msg/detail/register_ext_component_request__rosidl_typesupport_fastrtps_cpp.hpp\n'}
[1.736902] (px4_msgs) StdoutLine: {'line': b'-- Up-to-date: /home/mcfb/ros2_ws/install/px4_msgs/include/px4_msgs/px4_msgs/msg/detail/airspeed_wind__rosidl_typesupport_fastrtps_cpp.hpp\n'}
[1.736940] (px4_msgs) StdoutLine: {'line': b'-- Up-to-date: /home/mcfb/ros2_ws/install/px4_msgs/include/px4_msgs/px4_msgs/msg/detail/vehicle_air_data__rosidl_typesupport_fastrtps_cpp.hpp\n'}
[1.736977] (px4_msgs) StdoutLine: {'line': b'-- Up-to-date: /home/mcfb/ros2_ws/install/px4_msgs/include/px4_msgs/px4_msgs/msg/detail/unregister_ext_component__rosidl_typesupport_fastrtps_cpp.hpp\n'}
[1.737013] (px4_msgs) StdoutLine: {'line': b'-- Up-to-date: /home/mcfb/ros2_ws/install/px4_msgs/include/px4_msgs/px4_msgs/msg/detail/sensor_baro__rosidl_typesupport_fastrtps_cpp.hpp\n'}
[1.737059] (px4_msgs) StdoutLine: {'line': b'-- Up-to-date: /home/mcfb/ros2_ws/install/px4_msgs/include/px4_msgs/px4_msgs/msg/detail/estimator_bias3d__rosidl_typesupport_fastrtps_cpp.hpp\n'}
[1.737093] (px4_msgs) StdoutLine: {'line': b'-- Up-to-date: /home/mcfb/ros2_ws/install/px4_msgs/include/px4_msgs/px4_msgs/msg/detail/tune_control__rosidl_typesupport_fastrtps_cpp.hpp\n'}
[1.737126] (px4_msgs) StdoutLine: {'line': b'-- Up-to-date: /home/mcfb/ros2_ws/install/px4_msgs/include/px4_msgs/px4_msgs/msg/detail/vehicle_command_ack__rosidl_typesupport_fastrtps_cpp.hpp\n'}
[1.737162] (px4_msgs) StdoutLine: {'line': b'-- Up-to-date: /home/mcfb/ros2_ws/install/px4_msgs/include/px4_msgs/px4_msgs/msg/detail/fixed_wing_lateral_guidance_status__rosidl_typesupport_fastrtps_cpp.hpp\n'}
[1.737195] (px4_msgs) StdoutLine: {'line': b'-- Up-to-date: /home/mcfb/ros2_ws/install/px4_msgs/include/px4_msgs/px4_msgs/msg/detail/gimbal_device_set_attitude__rosidl_typesupport_fastrtps_cpp.hpp\n'}
[1.737229] (px4_msgs) StdoutLine: {'line': b'-- Up-to-date: /home/mcfb/ros2_ws/install/px4_msgs/include/px4_msgs/px4_msgs/msg/detail/battery_status__rosidl_typesupport_fastrtps_cpp.hpp\n'}
[1.737268] (px4_msgs) StdoutLine: {'line': b'-- Up-to-date: /home/mcfb/ros2_ws/install/px4_msgs/include/px4_msgs/px4_msgs/msg/detail/task_stack_info__rosidl_typesupport_fastrtps_cpp.hpp\n'}
[1.737308] (px4_msgs) StdoutLine: {'line': b'-- Up-to-date: /home/mcfb/ros2_ws/install/px4_msgs/include/px4_msgs/px4_msgs/msg/detail/sensor_preflight_mag__rosidl_typesupport_fastrtps_cpp.hpp\n'}
[1.737349] (px4_msgs) StdoutLine: {'line': b'-- Up-to-date: /home/mcfb/ros2_ws/install/px4_msgs/include/px4_msgs/px4_msgs/msg/detail/sensor_mag__rosidl_typesupport_fastrtps_cpp.hpp\n'}
[1.737387] (px4_msgs) StdoutLine: {'line': b'-- Up-to-date: /home/mcfb/ros2_ws/install/px4_msgs/include/px4_msgs/px4_msgs/msg/detail/estimator_states__rosidl_typesupport_fastrtps_cpp.hpp\n'}
[1.737422] (px4_msgs) StdoutLine: {'line': b'-- Up-to-date: /home/mcfb/ros2_ws/install/px4_msgs/include/px4_msgs/px4_msgs/msg/detail/sensor_accel__rosidl_typesupport_fastrtps_cpp.hpp\n'}
[1.737458] (px4_msgs) StdoutLine: {'line': b'-- Up-to-date: /home/mcfb/ros2_ws/install/px4_msgs/include/px4_msgs/px4_msgs/msg/detail/debug_value__rosidl_typesupport_fastrtps_cpp.hpp\n'}
[1.737493] (px4_msgs) StdoutLine: {'line': b'-- Up-to-date: /home/mcfb/ros2_ws/install/px4_msgs/include/px4_msgs/px4_msgs/msg/detail/camera_status__rosidl_typesupport_fastrtps_cpp.hpp\n'}
[1.737545] (px4_msgs) StdoutLine: {'line': b'-- Up-to-date: /home/mcfb/ros2_ws/install/px4_msgs/include/px4_msgs/px4_msgs/msg/detail/adc_report__rosidl_typesupport_fastrtps_cpp.hpp\n'}
[1.737579] (px4_msgs) StdoutLine: {'line': b'-- Up-to-date: /home/mcfb/ros2_ws/install/px4_msgs/include/px4_msgs/px4_msgs/msg/detail/takeoff_status__rosidl_typesupport_fastrtps_cpp.hpp\n'}
[1.737612] (px4_msgs) StdoutLine: {'line': b'-- Up-to-date: /home/mcfb/ros2_ws/install/px4_msgs/include/px4_msgs/px4_msgs/msg/detail/actuator_motors__rosidl_typesupport_fastrtps_cpp.hpp\n'}
[1.737645] (px4_msgs) StdoutLine: {'line': b'-- Up-to-date: /home/mcfb/ros2_ws/install/px4_msgs/include/px4_msgs/px4_msgs/msg/detail/sensor_gnss_status__rosidl_typesupport_fastrtps_cpp.hpp\n'}
[1.737684] (px4_msgs) StdoutLine: {'line': b'-- Up-to-date: /home/mcfb/ros2_ws/install/px4_msgs/include/px4_msgs/px4_msgs/msg/detail/navigator_mission_item__rosidl_typesupport_fastrtps_cpp.hpp\n'}
[1.737735] (px4_msgs) StdoutLine: {'line': b'-- Up-to-date: /home/mcfb/ros2_ws/install/px4_msgs/include/px4_msgs/px4_msgs/msg/detail/airspeed_validated__rosidl_typesupport_fastrtps_cpp.hpp\n'}
[1.737769] (px4_msgs) StdoutLine: {'line': b'-- Up-to-date: /home/mcfb/ros2_ws/install/px4_msgs/include/px4_msgs/px4_msgs/msg/detail/vehicle_imu_status__rosidl_typesupport_fastrtps_cpp.hpp\n'}
[1.737803] (px4_msgs) StdoutLine: {'line': b'-- Up-to-date: /home/mcfb/ros2_ws/install/px4_msgs/include/px4_msgs/px4_msgs/msg/detail/vehicle_local_position__rosidl_typesupport_fastrtps_cpp.hpp\n'}
[1.737835] (px4_msgs) StdoutLine: {'line': b'-- Up-to-date: /home/mcfb/ros2_ws/install/px4_msgs/include/px4_msgs/px4_msgs/msg/detail/telemetry_status__rosidl_typesupport_fastrtps_cpp.hpp\n'}
[1.737867] (px4_msgs) StdoutLine: {'line': b'-- Up-to-date: /home/mcfb/ros2_ws/install/px4_msgs/include/px4_msgs/px4_msgs/msg/detail/fuel_tank_status__rosidl_typesupport_fastrtps_cpp.hpp\n'}
[1.737899] (px4_msgs) StdoutLine: {'line': b'-- Up-to-date: /home/mcfb/ros2_ws/install/px4_msgs/include/px4_msgs/px4_msgs/msg/detail/vehicle_angular_acceleration_setpoint__rosidl_typesupport_fastrtps_cpp.hpp\n'}
[1.737931] (px4_msgs) StdoutLine: {'line': b'-- Up-to-date: /home/mcfb/ros2_ws/install/px4_msgs/include/px4_msgs/px4_msgs/msg/detail/ping__rosidl_typesupport_fastrtps_cpp.hpp\n'}
[1.737964] (px4_msgs) StdoutLine: {'line': b'-- Up-to-date: /home/mcfb/ros2_ws/install/px4_msgs/include/px4_msgs/px4_msgs/msg/detail/sensor_gnss_relative__rosidl_typesupport_fastrtps_cpp.hpp\n'}
[1.737996] (px4_msgs) StdoutLine: {'line': b'-- Up-to-date: /home/mcfb/ros2_ws/install/px4_msgs/include/px4_msgs/px4_msgs/msg/detail/fixed_wing_lateral_status__rosidl_typesupport_fastrtps_cpp.hpp\n'}
[1.738035] (px4_msgs) StdoutLine: {'line': b'-- Up-to-date: /home/mcfb/ros2_ws/install/px4_msgs/include/px4_msgs/px4_msgs/msg/detail/vehicle_status__rosidl_typesupport_fastrtps_cpp.hpp\n'}
[1.738074] (px4_msgs) StdoutLine: {'line': b'-- Up-to-date: /home/mcfb/ros2_ws/install/px4_msgs/include/px4_msgs/px4_msgs/msg/detail/pps_capture__rosidl_typesupport_fastrtps_cpp.hpp\n'}
[1.738127] (px4_msgs) StdoutLine: {'line': b'-- Up-to-date: /home/mcfb/ros2_ws/install/px4_msgs/include/px4_msgs/px4_msgs/msg/detail/pwm_input__rosidl_typesupport_fastrtps_cpp.hpp\n'}
[1.738175] (px4_msgs) StdoutLine: {'line': b'-- Up-to-date: /home/mcfb/ros2_ws/install/px4_msgs/include/px4_msgs/px4_msgs/msg/detail/estimator_event_flags__rosidl_typesupport_fastrtps_cpp.hpp\n'}
[1.738211] (px4_msgs) StdoutLine: {'line': b'-- Up-to-date: /home/mcfb/ros2_ws/install/px4_msgs/include/px4_msgs/px4_msgs/msg/detail/gpio_in__rosidl_typesupport_fastrtps_cpp.hpp\n'}
[1.738249] (px4_msgs) StdoutLine: {'line': b'-- Up-to-date: /home/mcfb/ros2_ws/install/px4_msgs/include/px4_msgs/px4_msgs/msg/detail/gps_dump__rosidl_typesupport_fastrtps_cpp.hpp\n'}
[1.738284] (px4_msgs) StdoutLine: {'line': b'-- Up-to-date: /home/mcfb/ros2_ws/install/px4_msgs/include/px4_msgs/px4_msgs/msg/detail/actuator_servos__rosidl_typesupport_fastrtps_cpp.hpp\n'}
[1.738317] (px4_msgs) StdoutLine: {'line': b'-- Up-to-date: /home/mcfb/ros2_ws/install/px4_msgs/include/px4_msgs/px4_msgs/msg/detail/dds_fastrtps\n'}
[1.738368] (px4_msgs) StdoutLine: {'line': b'-- Up-to-date: /home/mcfb/ros2_ws/install/px4_msgs/include/px4_msgs/px4_msgs/msg/detail/ekf2_timestamps__rosidl_typesupport_fastrtps_cpp.hpp\n'}
[1.738415] (px4_msgs) StdoutLine: {'line': b'-- Up-to-date: /home/mcfb/ros2_ws/install/px4_msgs/include/px4_msgs/px4_msgs/msg/detail/esc_report__rosidl_typesupport_fastrtps_cpp.hpp\n'}
[1.738470] (px4_msgs) StdoutLine: {'line': b'-- Up-to-date: /home/mcfb/ros2_ws/install/px4_msgs/include/px4_msgs/px4_msgs/msg/detail/mavlink_log__rosidl_typesupport_fastrtps_cpp.hpp\n'}
[1.738519] (px4_msgs) StdoutLine: {'line': b'-- Up-to-date: /home/mcfb/ros2_ws/install/px4_msgs/include/px4_msgs/px4_msgs/msg/detail/sensor_accel_fifo__rosidl_typesupport_fastrtps_cpp.hpp\n'}
[1.738567] (px4_msgs) StdoutLine: {'line': b'-- Up-to-date: /home/mcfb/ros2_ws/install/px4_msgs/include/px4_msgs/px4_msgs/msg/detail/estimator_aid_source2d__rosidl_typesupport_fastrtps_cpp.hpp\n'}
[1.738695] (px4_msgs) StdoutLine: {'line': b'-- Up-to-date: /home/mcfb/ros2_ws/install/px4_msgs/include/px4_msgs/px4_msgs/msg/detail/landing_gear_wheel__rosidl_typesupport_fastrtps_cpp.hpp\n'}
[1.738835] (px4_msgs) StdoutLine: {'line': b'-- Up-to-date: /home/mcfb/ros2_ws/install/px4_msgs/include/px4_msgs/px4_msgs/msg/detail/vehicle_land_detected__rosidl_typesupport_fastrtps_cpp.hpp\n'}
[1.738908] (px4_msgs) StdoutLine: {'line': b'-- Up-to-date: /home/mcfb/ros2_ws/install/px4_msgs/include/px4_msgs/px4_msgs/msg/detail/estimator_innovations__rosidl_typesupport_fastrtps_cpp.hpp\n'}
[1.738982] (px4_msgs) StdoutLine: {'line': b'-- Up-to-date: /home/mcfb/ros2_ws/install/px4_msgs/include/px4_msgs/px4_msgs/msg/detail/dataman_response__rosidl_typesupport_fastrtps_cpp.hpp\n'}
[1.739055] (px4_msgs) StdoutLine: {'line': b'-- Up-to-date: /home/mcfb/ros2_ws/install/px4_msgs/include/px4_msgs/px4_msgs/msg/detail/control_allocator_status__rosidl_typesupport_fastrtps_cpp.hpp\n'}
[1.739126] (px4_msgs) StdoutLine: {'line': b'-- Up-to-date: /home/mcfb/ros2_ws/install/px4_msgs/include/px4_msgs/px4_msgs/msg/detail/irlock_report__rosidl_typesupport_fastrtps_cpp.hpp\n'}
[1.739278] (px4_msgs) StdoutLine: {'line': b'-- Up-to-date: /home/mcfb/ros2_ws/install/px4_msgs/include/px4_msgs/px4_msgs/msg/detail/vehicle_command__rosidl_typesupport_fastrtps_cpp.hpp\n'}
[1.739369] (px4_msgs) StdoutLine: {'line': b'-- Up-to-date: /home/mcfb/ros2_ws/install/px4_msgs/include/px4_msgs/px4_msgs/msg/detail/gimbal_device_attitude_status__rosidl_typesupport_fastrtps_cpp.hpp\n'}
[1.739410] (px4_msgs) StdoutLine: {'line': b'-- Up-to-date: /home/mcfb/ros2_ws/install/px4_msgs/include/px4_msgs/px4_msgs/msg/detail/vehicle_optical_flow__rosidl_typesupport_fastrtps_cpp.hpp\n'}
[1.739471] (px4_msgs) StdoutLine: {'line': b'-- Up-to-date: /home/mcfb/ros2_ws/install/px4_msgs/include/px4_msgs/px4_msgs/msg/detail/power_monitor__rosidl_typesupport_fastrtps_cpp.hpp\n'}
[1.739524] (px4_msgs) StdoutLine: {'line': b'-- Up-to-date: /home/mcfb/ros2_ws/install/px4_msgs/include/px4_msgs/px4_msgs/msg/detail/estimator_bias__rosidl_typesupport_fastrtps_cpp.hpp\n'}
[1.739596] (px4_msgs) StdoutLine: {'line': b'-- Up-to-date: /home/mcfb/ros2_ws/install/px4_msgs/include/px4_msgs/px4_msgs/msg/detail/vehicle_control_mode__rosidl_typesupport_fastrtps_cpp.hpp\n'}
[1.739645] (px4_msgs) StdoutLine: {'line': b'-- Up-to-date: /home/mcfb/ros2_ws/install/px4_msgs/include/px4_msgs/px4_msgs/msg/detail/gpio_out__rosidl_typesupport_fastrtps_cpp.hpp\n'}
[1.739699] (px4_msgs) StdoutLine: {'line': b'-- Up-to-date: /home/mcfb/ros2_ws/install/px4_msgs/include/px4_msgs/px4_msgs/msg/detail/manual_control_switches__rosidl_typesupport_fastrtps_cpp.hpp\n'}
[1.739770] (px4_msgs) StdoutLine: {'line': b'-- Up-to-date: /home/mcfb/ros2_ws/install/px4_msgs/include/px4_msgs/px4_msgs/msg/detail/vehicle_constraints__rosidl_typesupport_fastrtps_cpp.hpp\n'}
[1.739836] (px4_msgs) StdoutLine: {'line': b'-- Up-to-date: /home/mcfb/ros2_ws/install/px4_msgs/include/px4_msgs/px4_msgs/msg/detail/gimbal_controls__rosidl_typesupport_fastrtps_cpp.hpp\n'}
[1.739894] (px4_msgs) StdoutLine: {'line': b'-- Up-to-date: /home/mcfb/ros2_ws/install/px4_msgs/include/px4_msgs/px4_msgs/msg/detail/battery_info__rosidl_typesupport_fastrtps_cpp.hpp\n'}
[1.739951] (px4_msgs) StdoutLine: {'line': b'-- Up-to-date: /home/mcfb/ros2_ws/install/px4_msgs/include/px4_msgs/px4_msgs/msg/detail/fixed_wing_lateral_setpoint__rosidl_typesupport_fastrtps_cpp.hpp\n'}
[1.740008] (px4_msgs) StdoutLine: {'line': b'-- Up-to-date: /home/mcfb/ros2_ws/install/px4_msgs/include/px4_msgs/px4_msgs/msg/detail/sensor_gyro_fft__rosidl_typesupport_fastrtps_cpp.hpp\n'}
[1.740065] (px4_msgs) StdoutLine: {'line': b'-- Up-to-date: /home/mcfb/ros2_ws/install/px4_msgs/include/px4_msgs/px4_msgs/msg/detail/landing_gear__rosidl_typesupport_fastrtps_cpp.hpp\n'}
[1.740121] (px4_msgs) StdoutLine: {'line': b'-- Up-to-date: /home/mcfb/ros2_ws/install/px4_msgs/include/px4_msgs/px4_msgs/msg/detail/estimator_gps_status__rosidl_typesupport_fastrtps_cpp.hpp\n'}
[1.740210] (px4_msgs) StdoutLine: {'line': b'-- Up-to-date: /home/mcfb/ros2_ws/install/px4_msgs/include/px4_msgs/px4_msgs/msg/detail/vehicle_odometry__rosidl_typesupport_fastrtps_cpp.hpp\n'}
[1.740271] (px4_msgs) StdoutLine: {'line': b'-- Up-to-date: /home/mcfb/ros2_ws/install/px4_msgs/include/px4_msgs/px4_msgs/msg/detail/vtol_vehicle_status__rosidl_typesupport_fastrtps_cpp.hpp\n'}
[1.740328] (px4_msgs) StdoutLine: {'line': b'-- Up-to-date: /home/mcfb/ros2_ws/install/px4_msgs/include/px4_msgs/px4_msgs/msg/detail/sensors_status__rosidl_typesupport_fastrtps_cpp.hpp\n'}
[1.740385] (px4_msgs) StdoutLine: {'line': b'-- Up-to-date: /home/mcfb/ros2_ws/install/px4_msgs/include/px4_msgs/px4_msgs/msg/detail/follow_target_estimator__rosidl_typesupport_fastrtps_cpp.hpp\n'}
[1.740443] (px4_msgs) StdoutLine: {'line': b'-- Up-to-date: /home/mcfb/ros2_ws/install/px4_msgs/include/px4_msgs/px4_msgs/msg/detail/log_message__rosidl_typesupport_fastrtps_cpp.hpp\n'}
[1.740507] (px4_msgs) StdoutLine: {'line': b'-- Up-to-date: /home/mcfb/ros2_ws/install/px4_msgs/include/px4_msgs/px4_msgs/msg/detail/arming_check_request__rosidl_typesupport_fastrtps_cpp.hpp\n'}
[1.740594] (px4_msgs) StdoutLine: {'line': b'-- Up-to-date: /home/mcfb/ros2_ws/install/px4_msgs/include/px4_msgs/px4_msgs/msg/detail/debug_vect__rosidl_typesupport_fastrtps_cpp.hpp\n'}
[1.740647] (px4_msgs) StdoutLine: {'line': b'-- Up-to-date: /home/mcfb/ros2_ws/install/px4_msgs/include/px4_msgs/px4_msgs/msg/detail/mag_worker_data__rosidl_typesupport_fastrtps_cpp.hpp\n'}
[1.740707] (px4_msgs) StdoutLine: {'line': b'-- Up-to-date: /home/mcfb/ros2_ws/install/px4_msgs/include/px4_msgs/px4_msgs/msg/detail/gps_inject_data__rosidl_typesupport_fastrtps_cpp.hpp\n'}
[1.740768] (px4_msgs) StdoutLine: {'line': b'-- Up-to-date: /home/mcfb/ros2_ws/install/px4_msgs/include/px4_msgs/px4_msgs/msg/detail/tecs_status__rosidl_typesupport_fastrtps_cpp.hpp\n'}
[1.740861] (px4_msgs) StdoutLine: {'line': b'-- Up-to-date: /home/mcfb/ros2_ws/install/px4_msgs/include/px4_msgs/px4_msgs/msg/detail/vehicle_attitude_setpoint__rosidl_typesupport_fastrtps_cpp.hpp\n'}
[1.740924] (px4_msgs) StdoutLine: {'line': b'-- Up-to-date: /home/mcfb/ros2_ws/install/px4_msgs/include/px4_msgs/px4_msgs/msg/detail/event__rosidl_typesupport_fastrtps_cpp.hpp\n'}
[1.740981] (px4_msgs) StdoutLine: {'line': b'-- Up-to-date: /home/mcfb/ros2_ws/install/px4_msgs/include/px4_msgs/px4_msgs/msg/detail/rc_channels__rosidl_typesupport_fastrtps_cpp.hpp\n'}
[1.741031] (px4_msgs) StdoutLine: {'line': b'-- Up-to-date: /home/mcfb/ros2_ws/install/px4_msgs/include/px4_msgs/px4_msgs/msg/detail/debug_key_value__rosidl_typesupport_fastrtps_cpp.hpp\n'}
[1.741082] (px4_msgs) StdoutLine: {'line': b'-- Up-to-date: /home/mcfb/ros2_ws/install/px4_msgs/include/px4_msgs/px4_msgs/msg/detail/timesync_status__rosidl_typesupport_fastrtps_cpp.hpp\n'}
[1.741133] (px4_msgs) StdoutLine: {'line': b'-- Up-to-date: /home/mcfb/ros2_ws/install/px4_msgs/include/px4_msgs/px4_msgs/msg/detail/rover_steering_setpoint__rosidl_typesupport_fastrtps_cpp.hpp\n'}
[1.741184] (px4_msgs) StdoutLine: {'line': b'-- Up-to-date: /home/mcfb/ros2_ws/install/px4_msgs/include/px4_msgs/px4_msgs/msg/detail/longitudinal_control_configuration__rosidl_typesupport_fastrtps_cpp.hpp\n'}
[1.741232] (px4_msgs) StdoutLine: {'line': b'-- Up-to-date: /home/mcfb/ros2_ws/install/px4_msgs/include/px4_msgs/px4_msgs/msg/detail/rpm__rosidl_typesupport_fastrtps_cpp.hpp\n'}
[1.741273] (px4_msgs) StdoutLine: {'line': b'-- Up-to-date: /home/mcfb/ros2_ws/install/px4_msgs/include/px4_msgs/px4_msgs/msg/detail/parameter_reset_request__rosidl_typesupport_fastrtps_cpp.hpp\n'}
[1.741311] (px4_msgs) StdoutLine: {'line': b'-- Up-to-date: /home/mcfb/ros2_ws/install/px4_msgs/include/px4_msgs/px4_msgs/msg/detail/sensor_selection__rosidl_typesupport_fastrtps_cpp.hpp\n'}
[1.741352] (px4_msgs) StdoutLine: {'line': b'-- Up-to-date: /home/mcfb/ros2_ws/install/px4_msgs/include/px4_msgs/px4_msgs/msg/detail/wind__rosidl_typesupport_fastrtps_cpp.hpp\n'}
[1.741402] (px4_msgs) StdoutLine: {'line': b'-- Up-to-date: /home/mcfb/ros2_ws/install/px4_msgs/include/px4_msgs/px4_msgs/msg/detail/rover_attitude_setpoint__rosidl_typesupport_fastrtps_cpp.hpp\n'}
[1.741456] (px4_msgs) StdoutLine: {'line': b'-- Up-to-date: /home/mcfb/ros2_ws/install/px4_msgs/include/px4_msgs/px4_msgs/msg/detail/position_setpoint_triplet__rosidl_typesupport_fastrtps_cpp.hpp\n'}
[1.741493] (px4_msgs) StdoutLine: {'line': b'-- Up-to-date: /home/mcfb/ros2_ws/install/px4_msgs/include/px4_msgs/px4_msgs/msg/detail/vehicle_local_position_setpoint__rosidl_typesupport_fastrtps_cpp.hpp\n'}
[1.741534] (px4_msgs) StdoutLine: {'line': b'-- Up-to-date: /home/mcfb/ros2_ws/install/px4_msgs/include/px4_msgs/px4_msgs/msg/detail/vehicle_imu__rosidl_typesupport_fastrtps_cpp.hpp\n'}
[1.741573] (px4_msgs) StdoutLine: {'line': b'-- Up-to-date: /home/mcfb/ros2_ws/install/px4_msgs/include/px4_msgs/px4_msgs/msg/detail/gripper__rosidl_typesupport_fastrtps_cpp.hpp\n'}
[1.741619] (px4_msgs) StdoutLine: {'line': b'-- Up-to-date: /home/mcfb/ros2_ws/install/px4_msgs/include/px4_msgs/px4_msgs/msg/detail/satellite_info__rosidl_typesupport_fastrtps_cpp.hpp\n'}
[1.741669] (px4_msgs) StdoutLine: {'line': b'-- Up-to-date: /home/mcfb/ros2_ws/install/px4_msgs/include/px4_msgs/px4_msgs/msg/detail/wheel_encoders__rosidl_typesupport_fastrtps_cpp.hpp\n'}
[1.741794] (px4_msgs) StdoutLine: {'line': b'-- Up-to-date: /home/mcfb/ros2_ws/install/px4_msgs/include/px4_msgs/px4_msgs/msg/detail/rc_parameter_map__rosidl_typesupport_fastrtps_cpp.hpp\n'}
[1.741851] (px4_msgs) StdoutLine: {'line': b'-- Up-to-date: /home/mcfb/ros2_ws/install/px4_msgs/include/px4_msgs/px4_msgs/msg/detail/rtl_time_estimate__rosidl_typesupport_fastrtps_cpp.hpp\n'}
[1.741893] (px4_msgs) StdoutLine: {'line': b'-- Up-to-date: /home/mcfb/ros2_ws/install/px4_msgs/include/px4_msgs/px4_msgs/msg/detail/magnetometer_bias_estimate__rosidl_typesupport_fastrtps_cpp.hpp\n'}
[1.741932] (px4_msgs) StdoutLine: {'line': b'-- Up-to-date: /home/mcfb/ros2_ws/install/px4_msgs/include/px4_msgs/px4_msgs/msg/detail/rover_speed_setpoint__rosidl_typesupport_fastrtps_cpp.hpp\n'}
[1.741967] (px4_msgs) StdoutLine: {'line': b'-- Up-to-date: /home/mcfb/ros2_ws/install/px4_msgs/include/px4_msgs/px4_msgs/msg/detail/manual_control_setpoint__rosidl_typesupport_fastrtps_cpp.hpp\n'}
[1.742023] (px4_msgs) StdoutLine: {'line': b'-- Up-to-date: /home/mcfb/ros2_ws/install/px4_msgs/include/px4_msgs/px4_msgs/msg/detail/sensors_status_imu__rosidl_typesupport_fastrtps_cpp.hpp\n'}
[1.742060] (px4_msgs) StdoutLine: {'line': b'-- Up-to-date: /home/mcfb/ros2_ws/install/px4_msgs/include/px4_msgs/px4_msgs/msg/detail/generator_status__rosidl_typesupport_fastrtps_cpp.hpp\n'}
[1.742100] (px4_msgs) StdoutLine: {'line': b'-- Up-to-date: /home/mcfb/ros2_ws/install/px4_msgs/include/px4_msgs/px4_msgs/msg/detail/vehicle_thrust_setpoint__rosidl_typesupport_fastrtps_cpp.hpp\n'}
[1.742135] (px4_msgs) StdoutLine: {'line': b'-- Up-to-date: /home/mcfb/ros2_ws/install/px4_msgs/include/px4_msgs/px4_msgs/msg/detail/mission_result__rosidl_typesupport_fastrtps_cpp.hpp\n'}
[1.742170] (px4_msgs) StdoutLine: {'line': b'-- Up-to-date: /home/mcfb/ros2_ws/install/px4_msgs/include/px4_msgs/px4_msgs/msg/detail/figure_eight_status__rosidl_typesupport_fastrtps_cpp.hpp\n'}
[1.742204] (px4_msgs) StdoutLine: {'line': b'-- Up-to-date: /home/mcfb/ros2_ws/install/px4_msgs/include/px4_msgs/px4_msgs/msg/detail/qshell_req__rosidl_typesupport_fastrtps_cpp.hpp\n'}
[1.742240] (px4_msgs) StdoutLine: {'line': b'-- Up-to-date: /home/mcfb/ros2_ws/install/px4_msgs/include/px4_msgs/px4_msgs/msg/detail/rover_rate_setpoint__rosidl_typesupport_fastrtps_cpp.hpp\n'}
[1.742274] (px4_msgs) StdoutLine: {'line': b'-- Up-to-date: /home/mcfb/ros2_ws/install/px4_msgs/include/px4_msgs/px4_msgs/msg/detail/open_drone_id_system__rosidl_typesupport_fastrtps_cpp.hpp\n'}
[1.742309] (px4_msgs) StdoutLine: {'line': b'-- Up-to-date: /home/mcfb/ros2_ws/install/px4_msgs/include/px4_msgs/px4_msgs/msg/detail/sensor_hygrometer__rosidl_typesupport_fastrtps_cpp.hpp\n'}
[1.742362] (px4_msgs) StdoutLine: {'line': b'-- Up-to-date: /home/mcfb/ros2_ws/install/px4_msgs/include/px4_msgs/px4_msgs/msg/detail/parameter_set_used_request__rosidl_typesupport_fastrtps_cpp.hpp\n'}
[1.742399] (px4_msgs) StdoutLine: {'line': b'-- Up-to-date: /home/mcfb/ros2_ws/install/px4_msgs/include/px4_msgs/px4_msgs/msg/detail/can_interface_status__rosidl_typesupport_fastrtps_cpp.hpp\n'}
[1.742446] (px4_msgs) StdoutLine: {'line': b'-- Up-to-date: /home/mcfb/ros2_ws/install/px4_msgs/include/px4_msgs/px4_msgs/msg/detail/internal_combustion_engine_control__rosidl_typesupport_fastrtps_cpp.hpp\n'}
[1.742485] (px4_msgs) StdoutLine: {'line': b'-- Up-to-date: /home/mcfb/ros2_ws/install/px4_msgs/include/px4_msgs/px4_msgs/msg/detail/flight_phase_estimation__rosidl_typesupport_fastrtps_cpp.hpp\n'}
[1.742554] (px4_msgs) StdoutLine: {'line': b'-- Up-to-date: /home/mcfb/ros2_ws/install/px4_msgs/include/px4_msgs/px4_msgs/msg/detail/camera_capture__rosidl_typesupport_fastrtps_cpp.hpp\n'}
[1.742589] (px4_msgs) StdoutLine: {'line': b'-- Up-to-date: /home/mcfb/ros2_ws/install/px4_msgs/include/px4_msgs/px4_msgs/msg/detail/sensor_gyro__rosidl_typesupport_fastrtps_cpp.hpp\n'}
[1.742622] (px4_msgs) StdoutLine: {'line': b'-- Up-to-date: /home/mcfb/ros2_ws/install/px4_msgs/include/px4_msgs/px4_msgs/msg/detail/qshell_retval__rosidl_typesupport_fastrtps_cpp.hpp\n'}
[1.742657] (px4_msgs) StdoutLine: {'line': b'-- Up-to-date: /home/mcfb/ros2_ws/install/px4_msgs/include/px4_msgs/px4_msgs/msg/detail/ulog_stream__rosidl_typesupport_fastrtps_cpp.hpp\n'}
[1.742705] (px4_msgs) StdoutLine: {'line': b'-- Up-to-date: /home/mcfb/ros2_ws/install/px4_msgs/include/px4_msgs/px4_msgs/msg/detail/estimator_aid_source1d__rosidl_typesupport_fastrtps_cpp.hpp\n'}
[1.742744] (px4_msgs) StdoutLine: {'line': b'-- Up-to-date: /home/mcfb/ros2_ws/install/px4_msgs/include/px4_msgs/px4_msgs/msg/detail/mount_orientation__rosidl_typesupport_fastrtps_cpp.hpp\n'}
[1.742783] (px4_msgs) StdoutLine: {'line': b'-- Up-to-date: /home/mcfb/ros2_ws/install/px4_msgs/include/px4_msgs/px4_msgs/msg/detail/parameter_set_value_request__rosidl_typesupport_fastrtps_cpp.hpp\n'}
[1.742820] (px4_msgs) StdoutLine: {'line': b'-- Up-to-date: /home/mcfb/ros2_ws/install/px4_msgs/include/px4_msgs/px4_msgs/msg/detail/register_ext_component_reply__rosidl_typesupport_fastrtps_cpp.hpp\n'}
[1.742856] (px4_msgs) StdoutLine: {'line': b'-- Up-to-date: /home/mcfb/ros2_ws/install/px4_msgs/include/px4_msgs/px4_msgs/msg/detail/differential_pressure__rosidl_typesupport_fastrtps_cpp.hpp\n'}
[1.742894] (px4_msgs) StdoutLine: {'line': b'-- Up-to-date: /home/mcfb/ros2_ws/install/px4_msgs/include/px4_msgs/px4_msgs/msg/detail/actuator_armed__rosidl_typesupport_fastrtps_cpp.hpp\n'}
[1.742932] (px4_msgs) StdoutLine: {'line': b'-- Up-to-date: /home/mcfb/ros2_ws/install/px4_msgs/include/px4_msgs/px4_msgs/msg/detail/position_controller_landing_status__rosidl_typesupport_fastrtps_cpp.hpp\n'}
[1.742974] (px4_msgs) StdoutLine: {'line': b'-- Up-to-date: /home/mcfb/ros2_ws/install/px4_msgs/include/px4_msgs/px4_msgs/msg/detail/uavcan_parameter_request__rosidl_typesupport_fastrtps_cpp.hpp\n'}
[1.743011] (px4_msgs) StdoutLine: {'line': b'-- Up-to-date: /home/mcfb/ros2_ws/install/px4_msgs/include/px4_msgs/px4_msgs/msg/detail/cpuload__rosidl_typesupport_fastrtps_cpp.hpp\n'}
[1.743047] (px4_msgs) StdoutLine: {'line': b'-- Up-to-date: /home/mcfb/ros2_ws/install/px4_msgs/include/px4_msgs/px4_msgs/msg/detail/vehicle_optical_flow_vel__rosidl_typesupport_fastrtps_cpp.hpp\n'}
[1.743086] (px4_msgs) StdoutLine: {'line': b'-- Up-to-date: /home/mcfb/ros2_ws/install/px4_msgs/include/px4_msgs/px4_msgs/msg/detail/rover_position_setpoint__rosidl_typesupport_fastrtps_cpp.hpp\n'}
[1.743122] (px4_msgs) StdoutLine: {'line': b'-- Up-to-date: /home/mcfb/ros2_ws/install/px4_msgs/include/px4_msgs/px4_msgs/msg/detail/sensor_optical_flow__rosidl_typesupport_fastrtps_cpp.hpp\n'}
[1.743158] (px4_msgs) StdoutLine: {'line': b'-- Up-to-date: /home/mcfb/ros2_ws/install/px4_msgs/include/px4_msgs/px4_msgs/msg/detail/debug_array__rosidl_typesupport_fastrtps_cpp.hpp\n'}
[1.743195] (px4_msgs) StdoutLine: {'line': b'-- Up-to-date: /home/mcfb/ros2_ws/install/px4_msgs/include/px4_msgs/px4_msgs/msg/detail/orb_test_medium__rosidl_typesupport_fastrtps_cpp.hpp\n'}
[1.743232] (px4_msgs) StdoutLine: {'line': b'-- Up-to-date: /home/mcfb/ros2_ws/install/px4_msgs/include/px4_msgs/px4_msgs/msg/detail/estimator_selector_status__rosidl_typesupport_fastrtps_cpp.hpp\n'}
[1.743268] (px4_msgs) StdoutLine: {'line': b'-- Up-to-date: /home/mcfb/ros2_ws/install/px4_msgs/include/px4_msgs/px4_msgs/msg/detail/gpio_request__rosidl_typesupport_fastrtps_cpp.hpp\n'}
[1.743305] (px4_msgs) StdoutLine: {'line': b'-- Up-to-date: /home/mcfb/ros2_ws/install/px4_msgs/include/px4_msgs/px4_msgs/msg/detail/follow_target_status__rosidl_typesupport_fastrtps_cpp.hpp\n'}
[1.743342] (px4_msgs) StdoutLine: {'line': b'-- Up-to-date: /home/mcfb/ros2_ws/install/px4_msgs/include/px4_msgs/px4_msgs/msg/detail/launch_detection_status__rosidl_typesupport_fastrtps_cpp.hpp\n'}
[1.743378] (px4_msgs) StdoutLine: {'line': b'-- Up-to-date: /home/mcfb/ros2_ws/install/px4_msgs/include/px4_msgs/px4_msgs/msg/detail/health_report__rosidl_typesupport_fastrtps_cpp.hpp\n'}
[1.743414] (px4_msgs) StdoutLine: {'line': b'-- Up-to-date: /home/mcfb/ros2_ws/install/px4_msgs/include/px4_msgs/px4_msgs/msg/detail/collision_constraints__rosidl_typesupport_fastrtps_cpp.hpp\n'}
[1.743450] (px4_msgs) StdoutLine: {'line': b'-- Up-to-date: /home/mcfb/ros2_ws/install/px4_msgs/include/px4_msgs/px4_msgs/msg/detail/home_position__rosidl_typesupport_fastrtps_cpp.hpp\n'}
[1.743485] (px4_msgs) StdoutLine: {'line': b'-- Up-to-date: /home/mcfb/ros2_ws/install/px4_msgs/include/px4_msgs/px4_msgs/msg/detail/offboard_control_mode__rosidl_typesupport_fastrtps_cpp.hpp\n'}
[1.743521] (px4_msgs) StdoutLine: {'line': b'-- Up-to-date: /home/mcfb/ros2_ws/install/px4_msgs/include/px4_msgs/px4_msgs/msg/detail/mission__rosidl_typesupport_fastrtps_cpp.hpp\n'}
[1.743560] (px4_msgs) StdoutLine: {'line': b'-- Up-to-date: /home/mcfb/ros2_ws/install/px4_msgs/include/px4_msgs/px4_msgs/msg/detail/onboard_computer_status__rosidl_typesupport_fastrtps_cpp.hpp\n'}
[1.743596] (px4_msgs) StdoutLine: {'line': b'-- Up-to-date: /home/mcfb/ros2_ws/install/px4_msgs/include/px4_msgs/px4_msgs/msg/detail/gimbal_manager_set_manual_control__rosidl_typesupport_fastrtps_cpp.hpp\n'}
[1.743633] (px4_msgs) StdoutLine: {'line': b'-- Up-to-date: /home/mcfb/ros2_ws/install/px4_msgs/include/px4_msgs/px4_msgs/msg/detail/transponder_report__rosidl_typesupport_fastrtps_cpp.hpp\n'}
[1.743670] (px4_msgs) StdoutLine: {'line': b'-- Up-to-date: /home/mcfb/ros2_ws/install/px4_msgs/include/px4_msgs/px4_msgs/msg/detail/heater_status__rosidl_typesupport_fastrtps_cpp.hpp\n'}
[1.743715] (px4_msgs) StdoutLine: {'line': b'-- Up-to-date: /home/mcfb/ros2_ws/install/px4_msgs/include/px4_msgs/px4_msgs/msg/detail/vehicle_torque_setpoint__rosidl_typesupport_fastrtps_cpp.hpp\n'}
[1.743752] (px4_msgs) StdoutLine: {'line': b'-- Up-to-date: /home/mcfb/ros2_ws/install/px4_msgs/include/px4_msgs/px4_msgs/msg/detail/sensor_gps__rosidl_typesupport_fastrtps_cpp.hpp\n'}
[1.743788] (px4_msgs) StdoutLine: {'line': b'-- Up-to-date: /home/mcfb/ros2_ws/install/px4_msgs/include/px4_msgs/px4_msgs/msg/detail/ulog_stream_ack__rosidl_typesupport_fastrtps_cpp.hpp\n'}
[1.743824] (px4_msgs) StdoutLine: {'line': b'-- Up-to-date: /home/mcfb/ros2_ws/install/px4_msgs/include/px4_msgs/px4_msgs/msg/detail/vehicle_roi__rosidl_typesupport_fastrtps_cpp.hpp\n'}
[1.743861] (px4_msgs) StdoutLine: {'line': b'-- Up-to-date: /home/mcfb/ros2_ws/install/px4_msgs/include/px4_msgs/px4_msgs/msg/detail/message_format_request__rosidl_typesupport_fastrtps_cpp.hpp\n'}
[1.743897] (px4_msgs) StdoutLine: {'line': b'-- Up-to-date: /home/mcfb/ros2_ws/install/px4_msgs/include/px4_msgs/px4_msgs/msg/detail/orb_test__rosidl_typesupport_fastrtps_cpp.hpp\n'}
[1.743933] (px4_msgs) StdoutLine: {'line': b'-- Up-to-date: /home/mcfb/ros2_ws/install/px4_msgs/include/px4_msgs/px4_msgs/msg/detail/velocity_limits__rosidl_typesupport_fastrtps_cpp.hpp\n'}
[1.743970] (px4_msgs) StdoutLine: {'line': b'-- Up-to-date: /home/mcfb/ros2_ws/install/px4_msgs/include/px4_msgs/px4_msgs/msg/detail/neural_control__rosidl_typesupport_fastrtps_cpp.hpp\n'}
[1.744011] (px4_msgs) StdoutLine: {'line': b'-- Up-to-date: /home/mcfb/ros2_ws/install/px4_msgs/include/px4_msgs/px4_msgs/msg/detail/yaw_estimator_status__rosidl_typesupport_fastrtps_cpp.hpp\n'}
[1.744047] (px4_msgs) StdoutLine: {'line': b'-- Up-to-date: /home/mcfb/ros2_ws/install/px4_msgs/include/px4_msgs/px4_msgs/msg/detail/estimator_sensor_bias__rosidl_typesupport_fastrtps_cpp.hpp\n'}
[1.744087] (px4_msgs) StdoutLine: {'line': b'-- Up-to-date: /home/mcfb/ros2_ws/install/px4_msgs/include/px4_msgs/px4_msgs/msg/detail/vehicle_rates_setpoint__rosidl_typesupport_fastrtps_cpp.hpp\n'}
[1.744134] (px4_msgs) StdoutLine: {'line': b'-- Up-to-date: /home/mcfb/ros2_ws/install/px4_msgs/include/px4_msgs/px4_msgs/msg/detail/actuator_servos_trim__rosidl_typesupport_fastrtps_cpp.hpp\n'}
[1.744176] (px4_msgs) StdoutLine: {'line': b'-- Up-to-date: /home/mcfb/ros2_ws/install/px4_msgs/include/px4_msgs/px4_msgs/msg/detail/lateral_control_configuration__rosidl_typesupport_fastrtps_cpp.hpp\n'}
[1.744214] (px4_msgs) StdoutLine: {'line': b'-- Up-to-date: /home/mcfb/ros2_ws/install/px4_msgs/include/px4_msgs/px4_msgs/msg/detail/power_button_state__rosidl_typesupport_fastrtps_cpp.hpp\n'}
[1.744259] (px4_msgs) StdoutLine: {'line': b'-- Up-to-date: /home/mcfb/ros2_ws/install/px4_msgs/include/px4_msgs/px4_msgs/msg/detail/goto_setpoint__rosidl_typesupport_fastrtps_cpp.hpp\n'}
[1.744304] (px4_msgs) StdoutLine: {'line': b'-- Up-to-date: /home/mcfb/ros2_ws/install/px4_msgs/include/px4_msgs/px4_msgs/msg/detail/follow_target__rosidl_typesupport_fastrtps_cpp.hpp\n'}
[1.744343] (px4_msgs) StdoutLine: {'line': b'-- Up-to-date: /home/mcfb/ros2_ws/install/px4_msgs/include/px4_msgs/px4_msgs/msg/detail/landing_target_pose__rosidl_typesupport_fastrtps_cpp.hpp\n'}
[1.744448] (px4_msgs) StdoutLine: {'line': b'-- Up-to-date: /home/mcfb/ros2_ws/install/px4_msgs/include/px4_msgs/px4_msgs/msg/detail/landing_target_innovations__rosidl_typesupport_fastrtps_cpp.hpp\n'}
[1.744518] (px4_msgs) StdoutLine: {'line': b'-- Up-to-date: /home/mcfb/ros2_ws/install/px4_msgs/include/px4_msgs/px4_msgs/msg/detail/position_setpoint__rosidl_typesupport_fastrtps_cpp.hpp\n'}
[1.744569] (px4_msgs) StdoutLine: {'line': b'-- Up-to-date: /home/mcfb/ros2_ws/install/px4_msgs/include/px4_msgs/px4_msgs/msg/detail/open_drone_id_arm_status__rosidl_typesupport_fastrtps_cpp.hpp\n'}
[1.744615] (px4_msgs) StdoutLine: {'line': b'-- Up-to-date: /home/mcfb/ros2_ws/install/px4_msgs/include/px4_msgs/px4_msgs/msg/detail/sensor_correction__rosidl_typesupport_fastrtps_cpp.hpp\n'}
[1.744661] (px4_msgs) StdoutLine: {'line': b'-- Up-to-date: /home/mcfb/ros2_ws/install/px4_msgs/include/px4_msgs/px4_msgs/msg/detail/parameter_update__rosidl_typesupport_fastrtps_cpp.hpp\n'}
[1.744714] (px4_msgs) StdoutLine: {'line': b'-- Up-to-date: /home/mcfb/ros2_ws/install/px4_msgs/include/px4_msgs/px4_msgs/msg/detail/system_power__rosidl_typesupport_fastrtps_cpp.hpp\n'}
[1.744760] (px4_msgs) StdoutLine: {'line': b'-- Up-to-date: /home/mcfb/ros2_ws/install/px4_msgs/include/px4_msgs/px4_msgs/msg/detail/rover_rate_status__rosidl_typesupport_fastrtps_cpp.hpp\n'}
[1.744804] (px4_msgs) StdoutLine: {'line': b'-- Up-to-date: /home/mcfb/ros2_ws/install/px4_msgs/include/px4_msgs/px4_msgs/msg/detail/logger_status__rosidl_typesupport_fastrtps_cpp.hpp\n'}
[1.744850] (px4_msgs) StdoutLine: {'line': b'-- Up-to-date: /home/mcfb/ros2_ws/install/px4_msgs/include/px4_msgs/px4_msgs/msg/detail/gimbal_manager_set_attitude__rosidl_typesupport_fastrtps_cpp.hpp\n'}
[1.744906] (px4_msgs) StdoutLine: {'line': b'-- Up-to-date: /home/mcfb/ros2_ws/install/px4_msgs/include/px4_msgs/px4_msgs/msg/detail/sensor_gyro_fifo__rosidl_typesupport_fastrtps_cpp.hpp\n'}
[1.744979] (px4_msgs) StdoutLine: {'line': b'-- Up-to-date: /home/mcfb/ros2_ws/install/px4_msgs/include/px4_msgs/px4_msgs/msg/detail/geofence_status__rosidl_typesupport_fastrtps_cpp.hpp\n'}
[1.745034] (px4_msgs) StdoutLine: {'line': b'-- Up-to-date: /home/mcfb/ros2_ws/install/px4_msgs/include/px4_msgs/px4_msgs/msg/detail/actuator_controls_status__rosidl_typesupport_fastrtps_cpp.hpp\n'}
[1.745089] (px4_msgs) StdoutLine: {'line': b'-- Up-to-date: /home/mcfb/ros2_ws/install/px4_msgs/include/px4_msgs/px4_msgs/msg/detail/rover_attitude_status__rosidl_typesupport_fastrtps_cpp.hpp\n'}
[1.745144] (px4_msgs) StdoutLine: {'line': b'-- Up-to-date: /home/mcfb/ros2_ws/install/px4_msgs/include/px4_msgs/px4_msgs/msg/detail/distance_sensor__rosidl_typesupport_fastrtps_cpp.hpp\n'}
[1.745197] (px4_msgs) StdoutLine: {'line': b'-- Up-to-date: /home/mcfb/ros2_ws/install/px4_msgs/include/px4_msgs/px4_msgs/msg/detail/pure_pursuit_status__rosidl_typesupport_fastrtps_cpp.hpp\n'}
[1.745253] (px4_msgs) StdoutLine: {'line': b'-- Up-to-date: /home/mcfb/ros2_ws/install/px4_msgs/include/px4_msgs/px4_msgs/msg/detail/rate_ctrl_status__rosidl_typesupport_fastrtps_cpp.hpp\n'}
[1.745318] (px4_msgs) StdoutLine: {'line': b'-- Up-to-date: /home/mcfb/ros2_ws/install/px4_msgs/include/px4_msgs/px4_msgs/msg/detail/rover_speed_status__rosidl_typesupport_fastrtps_cpp.hpp\n'}
[1.745380] (px4_msgs) StdoutLine: {'line': b'-- Up-to-date: /home/mcfb/ros2_ws/install/px4_msgs/include/px4_msgs/px4_msgs/msg/detail/button_event__rosidl_typesupport_fastrtps_cpp.hpp\n'}
[1.745454] (px4_msgs) StdoutLine: {'line': b'-- Up-to-date: /home/mcfb/ros2_ws/install/px4_msgs/include/px4_msgs/px4_msgs/msg/detail/tiltrotor_extra_controls__rosidl_typesupport_fastrtps_cpp.hpp\n'}
[1.745579] (px4_msgs) StdoutLine: {'line': b'-- Up-to-date: /home/mcfb/ros2_ws/install/px4_msgs/include/px4_msgs/px4_msgs/msg/detail/uavcan_parameter_value__rosidl_typesupport_fastrtps_cpp.hpp\n'}
[1.745638] (px4_msgs) StdoutLine: {'line': b'-- Up-to-date: /home/mcfb/ros2_ws/install/px4_msgs/include/px4_msgs/px4_msgs/msg/detail/vehicle_attitude__rosidl_typesupport_fastrtps_cpp.hpp\n'}
[1.745705] (px4_msgs) StdoutLine: {'line': b'-- Up-to-date: /home/mcfb/ros2_ws/install/px4_msgs/include/px4_msgs/px4_msgs/msg/detail/obstacle_distance__rosidl_typesupport_fastrtps_cpp.hpp\n'}
[1.745767] (px4_msgs) StdoutLine: {'line': b'-- Up-to-date: /home/mcfb/ros2_ws/install/px4_msgs/include/px4_msgs/px4_msgs/msg/detail/fixed_wing_runway_control__rosidl_typesupport_fastrtps_cpp.hpp\n'}
[1.745823] (px4_msgs) StdoutLine: {'line': b'-- Up-to-date: /home/mcfb/ros2_ws/install/px4_msgs/include/px4_msgs/px4_msgs/msg/detail/vehicle_magnetometer__rosidl_typesupport_fastrtps_cpp.hpp\n'}
[1.745878] (px4_msgs) StdoutLine: {'line': b'-- Up-to-date: /home/mcfb/ros2_ws/install/px4_msgs/include/px4_msgs/px4_msgs/msg/detail/parameter_set_value_response__rosidl_typesupport_fastrtps_cpp.hpp\n'}
[1.745933] (px4_msgs) StdoutLine: {'line': b'-- Up-to-date: /home/mcfb/ros2_ws/install/px4_msgs/include/px4_msgs/px4_msgs/msg/detail/gimbal_manager_information__rosidl_typesupport_fastrtps_cpp.hpp\n'}
[1.745987] (px4_msgs) StdoutLine: {'line': b'-- Up-to-date: /home/mcfb/ros2_ws/install/px4_msgs/include/px4_msgs/px4_msgs/msg/detail/vehicle_angular_velocity__rosidl_typesupport_fastrtps_cpp.hpp\n'}
[1.746042] (px4_msgs) StdoutLine: {'line': b'-- Up-to-date: /home/mcfb/ros2_ws/install/px4_msgs/include/px4_msgs/px4_msgs/msg/detail/cellular_status__rosidl_typesupport_fastrtps_cpp.hpp\n'}
[1.746096] (px4_msgs) StdoutLine: {'line': b'-- Up-to-date: /home/mcfb/ros2_ws/install/px4_msgs/include/px4_msgs/px4_msgs/msg/detail/sensor_uwb__rosidl_typesupport_fastrtps_cpp.hpp\n'}
[1.746151] (px4_msgs) StdoutLine: {'line': b'-- Up-to-date: /home/mcfb/ros2_ws/install/px4_msgs/include/px4_msgs/px4_msgs/msg/detail/arming_check_reply__rosidl_typesupport_fastrtps_cpp.hpp\n'}
[1.746206] (px4_msgs) StdoutLine: {'line': b'-- Up-to-date: /home/mcfb/ros2_ws/install/px4_msgs/include/px4_msgs/px4_msgs/msg/detail/estimator_status_flags__rosidl_typesupport_fastrtps_cpp.hpp\n'}
[1.746260] (px4_msgs) StdoutLine: {'line': b'-- Up-to-date: /home/mcfb/ros2_ws/install/px4_msgs/include/px4_msgs/px4_msgs/msg/detail/mode_completed__rosidl_typesupport_fastrtps_cpp.hpp\n'}
[1.746318] (px4_msgs) StdoutLine: {'line': b'-- Up-to-date: /home/mcfb/ros2_ws/install/px4_msgs/include/px4_msgs/px4_msgs/msg/detail/rover_throttle_setpoint__rosidl_typesupport_fastrtps_cpp.hpp\n'}
[1.746380] (px4_msgs) StdoutLine: {'line': b'-- Up-to-date: /home/mcfb/ros2_ws/install/px4_msgs/include/px4_msgs/px4_msgs/msg/detail/sensor_airflow__rosidl_typesupport_fastrtps_cpp.hpp\n'}
[1.746445] (px4_msgs) StdoutLine: {'line': b'-- Up-to-date: /home/mcfb/ros2_ws/install/px4_msgs/include/px4_msgs/px4_msgs/msg/detail/orbit_status__rosidl_typesupport_fastrtps_cpp.hpp\n'}
[1.746511] (px4_msgs) StdoutLine: {'line': b'-- Up-to-date: /home/mcfb/ros2_ws/install/px4_msgs/include/px4_msgs/px4_msgs/msg/detail/trajectory_setpoint6dof__rosidl_typesupport_fastrtps_cpp.hpp\n'}
[1.746583] (px4_msgs) StdoutLine: {'line': b'-- Up-to-date: /home/mcfb/ros2_ws/install/px4_msgs/include/px4_msgs/px4_msgs/msg/detail/navigator_status__rosidl_typesupport_fastrtps_cpp.hpp\n'}
[1.746647] (px4_msgs) StdoutLine: {'line': b'-- Up-to-date: /home/mcfb/ros2_ws/install/px4_msgs/include/px4_msgs/px4_msgs/msg/detail/dronecan_node_status__rosidl_typesupport_fastrtps_cpp.hpp\n'}
[1.746778] (px4_msgs) StdoutLine: {'line': b'-- Up-to-date: /home/mcfb/ros2_ws/install/px4_msgs/include/px4_msgs/px4_msgs/msg/detail/hover_thrust_estimate__rosidl_typesupport_fastrtps_cpp.hpp\n'}
[1.746840] (px4_msgs) StdoutLine: {'line': b'-- Up-to-date: /home/mcfb/ros2_ws/install/px4_msgs/include/px4_msgs/px4_msgs/msg/detail/radio_status__rosidl_typesupport_fastrtps_cpp.hpp\n'}
[1.746912] (px4_msgs) StdoutLine: {'line': b'-- Up-to-date: /home/mcfb/ros2_ws/install/px4_msgs/include/px4_msgs/px4_msgs/msg/detail/orb_test_large__rosidl_typesupport_fastrtps_cpp.hpp\n'}
[1.746967] (px4_msgs) StdoutLine: {'line': b'-- Up-to-date: /home/mcfb/ros2_ws/install/px4_msgs/include/px4_msgs/px4_msgs/msg/detail/actuator_test__rosidl_typesupport_fastrtps_cpp.hpp\n'}
[1.747022] (px4_msgs) StdoutLine: {'line': b'-- Up-to-date: /home/mcfb/ros2_ws/install/px4_msgs/include/px4_msgs/px4_msgs/msg/detail/geofence_result__rosidl_typesupport_fastrtps_cpp.hpp\n'}
[1.747081] (px4_msgs) StdoutLine: {'line': b'-- Up-to-date: /home/mcfb/ros2_ws/install/px4_msgs/include/px4_msgs/px4_msgs/msg/detail/config_overrides__rosidl_typesupport_fastrtps_cpp.hpp\n'}
[1.747188] (px4_msgs) StdoutLine: {'line': b'-- Up-to-date: /home/mcfb/ros2_ws/install/px4_msgs/include/px4_msgs/px4_msgs/msg/detail/fixed_wing_longitudinal_setpoint__rosidl_typesupport_fastrtps_cpp.hpp\n'}
[1.747354] (px4_msgs) StdoutLine: {'line': b'-- Up-to-date: /home/mcfb/ros2_ws/install/px4_msgs/include/px4_msgs/px4_msgs/msg/detail/vehicle_acceleration__rosidl_typesupport_fastrtps_cpp.hpp\n'}
[1.747567] (px4_msgs) StdoutLine: {'line': b'-- Up-to-date: /home/mcfb/ros2_ws/install/px4_msgs/include/px4_msgs/px4_msgs/msg/detail/rtl_status__rosidl_typesupport_fastrtps_cpp.hpp\n'}
[1.747778] (px4_msgs) StdoutLine: {'line': b'-- Up-to-date: /home/mcfb/ros2_ws/install/px4_msgs/include/px4_msgs/px4_msgs/msg/detail/gimbal_manager_status__rosidl_typesupport_fastrtps_cpp.hpp\n'}
[1.747989] (px4_msgs) StdoutLine: {'line': b'-- Up-to-date: /home/mcfb/ros2_ws/install/px4_msgs/include/px4_msgs/px4_msgs/msg/detail/esc_status__rosidl_typesupport_fastrtps_cpp.hpp\n'}
[1.748173] (px4_msgs) StdoutLine: {'line': b'-- Up-to-date: /home/mcfb/ros2_ws/install/px4_msgs/include/px4_msgs/px4_msgs/msg/detail/open_drone_id_self_id__rosidl_typesupport_fastrtps_cpp.hpp\n'}
[1.748229] (px4_msgs) StdoutLine: {'line': b'-- Up-to-date: /home/mcfb/ros2_ws/install/px4_msgs/include/px4_msgs/px4_msgs/msg/detail/normalized_unsigned_setpoint__rosidl_typesupport_fastrtps_cpp.hpp\n'}
[1.748270] (px4_msgs) StdoutLine: {'line': b'-- Up-to-date: /home/mcfb/ros2_ws/install/px4_msgs/include/px4_msgs/px4_msgs/msg/detail/action_request__rosidl_typesupport_fastrtps_cpp.hpp\n'}
[1.748307] (px4_msgs) StdoutLine: {'line': b'-- Up-to-date: /home/mcfb/ros2_ws/install/px4_msgs/include/px4_msgs/px4_msgs/msg/detail/mavlink_tunnel__rosidl_typesupport_fastrtps_cpp.hpp\n'}
[1.748342] (px4_msgs) StdoutLine: {'line': b'-- Up-to-date: /home/mcfb/ros2_ws/install/px4_msgs/include/px4_msgs/px4_msgs/msg/detail/camera_trigger__rosidl_typesupport_fastrtps_cpp.hpp\n'}
[1.748379] (px4_msgs) StdoutLine: {'line': b'-- Up-to-date: /home/mcfb/ros2_ws/install/px4_msgs/include/px4_msgs/px4_msgs/msg/detail/led_control__rosidl_typesupport_fastrtps_cpp.hpp\n'}
[1.748418] (px4_msgs) StdoutLine: {'line': b'-- Up-to-date: /home/mcfb/ros2_ws/install/px4_msgs/include/px4_msgs/px4_msgs/msg/detail/gpio_config__rosidl_typesupport_fastrtps_cpp.hpp\n'}
[1.748458] (px4_msgs) StdoutLine: {'line': b'-- Up-to-date: /home/mcfb/ros2_ws/install/px4_msgs/include/px4_msgs/px4_msgs/msg/detail/airspeed__rosidl_typesupport_fastrtps_cpp.hpp\n'}
[1.748564] (px4_msgs) StdoutLine: {'line': b'-- Up-to-date: /home/mcfb/ros2_ws/install/px4_msgs/include/px4_msgs/px4_msgs/msg/detail/actuator_outputs__rosidl_typesupport_fastrtps_cpp.hpp\n'}
[1.748609] (px4_msgs) StdoutLine: {'line': b'-- Up-to-date: /home/mcfb/ros2_ws/install/px4_msgs/include/px4_msgs/px4_msgs/msg/detail/failure_detector_status__rosidl_typesupport_fastrtps_cpp.hpp\n'}
[1.748650] (px4_msgs) StdoutLine: {'line': b'-- Up-to-date: /home/mcfb/ros2_ws/install/px4_msgs/include/px4_msgs/px4_msgs/msg/detail/internal_combustion_engine_status__rosidl_typesupport_fastrtps_cpp.hpp\n'}
[1.748776] (px4_msgs) StdoutLine: {'line': b'-- Up-to-date: /home/mcfb/ros2_ws/install/px4_msgs/include/px4_msgs/px4_msgs/msg/detail/px4io_status__rosidl_typesupport_fastrtps_cpp.hpp\n'}
[1.748843] (px4_msgs) StdoutLine: {'line': b'-- Up-to-date: /home/mcfb/ros2_ws/install/px4_msgs/include/px4_msgs/px4_msgs/msg/detail/distance_sensor_mode_change_request__rosidl_typesupport_fastrtps_cpp.hpp\n'}
[1.748879] (px4_msgs) StdoutLine: {'line': b'-- Up-to-date: /home/mcfb/ros2_ws/install/px4_msgs/include/px4_msgs/px4_msgs/msg/detail/autotune_attitude_control_status__rosidl_typesupport_fastrtps_cpp.hpp\n'}
[1.748915] (px4_msgs) StdoutLine: {'line': b'-- Up-to-date: /home/mcfb/ros2_ws/install/px4_msgs/include/px4_msgs/px4_msgs/msg/detail/position_controller_status__rosidl_typesupport_fastrtps_cpp.hpp\n'}
[1.748960] (px4_msgs) StdoutLine: {'line': b'-- Up-to-date: /home/mcfb/ros2_ws/install/px4_msgs/include/px4_msgs/px4_msgs/msg/detail/dataman_request__rosidl_typesupport_fastrtps_cpp.hpp\n'}
[1.748996] (px4_msgs) StdoutLine: {'line': b'-- Up-to-date: /home/mcfb/ros2_ws/install/px4_msgs/include/px4_msgs/px4_msgs/msg/detail/gimbal_device_information__rosidl_typesupport_fastrtps_cpp.hpp\n'}
[1.749039] (px4_msgs) StdoutLine: {'line': b'-- Up-to-date: /home/mcfb/ros2_ws/install/px4_msgs/include/px4_msgs/px4_msgs/msg/detail/input_rc__rosidl_typesupport_fastrtps_cpp.hpp\n'}
[1.749082] (px4_msgs) StdoutLine: {'line': b'-- Up-to-date: /home/mcfb/ros2_ws/install/px4_msgs/include/px4_msgs/px4_msgs/msg/detail/message_format_response__rosidl_typesupport_fastrtps_cpp.hpp\n'}
[1.749121] (px4_msgs) StdoutLine: {'line': b'-- Up-to-date: /home/mcfb/ros2_ws/install/px4_msgs/include/px4_msgs/px4_msgs/msg/detail/iridiumsbd_status__rosidl_typesupport_fastrtps_cpp.hpp\n'}
[1.749162] (px4_msgs) StdoutLine: {'line': b'-- Up-to-date: /home/mcfb/ros2_ws/install/px4_msgs/include/px4_msgs/px4_msgs/msg/detail/sensor_combined__rosidl_typesupport_fastrtps_cpp.hpp\n'}
[1.749204] (px4_msgs) StdoutLine: {'line': b'-- Up-to-date: /home/mcfb/ros2_ws/install/px4_msgs/include/px4_msgs/px4_msgs/msg/detail/vehicle_global_position__rosidl_typesupport_fastrtps_cpp.hpp\n'}
[1.749249] (px4_msgs) StdoutLine: {'line': b'-- Up-to-date: /home/mcfb/ros2_ws/install/px4_msgs/include/px4_msgs/px4_msgs/msg/detail/trajectory_setpoint__rosidl_typesupport_fastrtps_cpp.hpp\n'}
[1.749290] (px4_msgs) StdoutLine: {'line': b'-- Up-to-date: /home/mcfb/ros2_ws/install/px4_msgs/include/px4_msgs/px4_msgs/msg/detail/failsafe_flags__rosidl_typesupport_fastrtps_cpp.hpp\n'}
[1.749350] (px4_msgs) StdoutLine: {'line': b'-- Up-to-date: /home/mcfb/ros2_ws/install/px4_msgs/include/px4_msgs/px4_msgs/msg/detail/estimator_aid_source3d__rosidl_typesupport_fastrtps_cpp.hpp\n'}
[1.749387] (px4_msgs) StdoutLine: {'line': b'-- Up-to-date: /home/mcfb/ros2_ws/install/px4_msgs/include/px4_msgs/px4_msgs/msg/detail/estimator_status__rosidl_typesupport_fastrtps_cpp.hpp\n'}
[1.749422] (px4_msgs) StdoutLine: {'line': b'-- Up-to-date: /home/mcfb/ros2_ws/install/px4_msgs/include/px4_msgs/px4_msgs/msg/detail/open_drone_id_operator_id__rosidl_typesupport_fastrtps_cpp.hpp\n'}
[1.749465] (px4_msgs) StdoutLine: {'line': b'-- Up-to-date: /home/mcfb/ros2_ws/install/px4_msgs/include/px4_msgs/px4_msgs/msg/rosidl_typesupport_fastrtps_cpp__visibility_control.h\n'}
[1.749504] (px4_msgs) StdoutLine: {'line': b'-- Up-to-date: /home/mcfb/ros2_ws/install/px4_msgs/lib/libpx4_msgs__rosidl_typesupport_fastrtps_cpp.so\n'}
[1.749545] (px4_msgs) StdoutLine: {'line': b'-- Up-to-date: /home/mcfb/ros2_ws/install/px4_msgs/include/px4_msgs/px4_msgs\n'}
[1.749586] (px4_msgs) StdoutLine: {'line': b'-- Up-to-date: /home/mcfb/ros2_ws/install/px4_msgs/include/px4_msgs/px4_msgs/srv\n'}
[1.749625] (px4_msgs) StdoutLine: {'line': b'-- Up-to-date: /home/mcfb/ros2_ws/install/px4_msgs/include/px4_msgs/px4_msgs/srv/detail\n'}
[1.749665] (px4_msgs) StdoutLine: {'line': b'-- Installing: /home/mcfb/ros2_ws/install/px4_msgs/include/px4_msgs/px4_msgs/srv/detail/vehicle_command__type_support.c\n'}
[1.749721] (px4_msgs) StdoutLine: {'line': b'-- Up-to-date: /home/mcfb/ros2_ws/install/px4_msgs/include/px4_msgs/px4_msgs/srv/detail/vehicle_command__rosidl_typesupport_introspection_c.h\n'}
[1.749762] (px4_msgs) StdoutLine: {'line': b'-- Up-to-date: /home/mcfb/ros2_ws/install/px4_msgs/include/px4_msgs/px4_msgs/msg\n'}
[1.749802] (px4_msgs) StdoutLine: {'line': b'-- Up-to-date: /home/mcfb/ros2_ws/install/px4_msgs/include/px4_msgs/px4_msgs/msg/rosidl_typesupport_introspection_c__visibility_control.h\n'}
[1.749841] (px4_msgs) StdoutLine: {'line': b'-- Up-to-date: /home/mcfb/ros2_ws/install/px4_msgs/include/px4_msgs/px4_msgs/msg/detail\n'}
[1.749879] (px4_msgs) StdoutLine: {'line': b'-- Up-to-date: /home/mcfb/ros2_ws/install/px4_msgs/include/px4_msgs/px4_msgs/msg/detail/battery_info__rosidl_typesupport_introspection_c.h\n'}
[1.749945] (px4_msgs) StdoutLine: {'line': b'-- Up-to-date: /home/mcfb/ros2_ws/install/px4_msgs/include/px4_msgs/px4_msgs/msg/detail/vehicle_local_position_setpoint__rosidl_typesupport_introspection_c.h\n'}
[1.749983] (px4_msgs) StdoutLine: {'line': b'-- Installing: /home/mcfb/ros2_ws/install/px4_msgs/include/px4_msgs/px4_msgs/msg/detail/airspeed__type_support.c\n'}
[1.750023] (px4_msgs) StdoutLine: {'line': b'-- Installing: /home/mcfb/ros2_ws/install/px4_msgs/include/px4_msgs/px4_msgs/msg/detail/failure_detector_status__type_support.c\n'}
[1.750063] (px4_msgs) StdoutLine: {'line': b'-- Installing: /home/mcfb/ros2_ws/install/px4_msgs/include/px4_msgs/px4_msgs/msg/detail/ulog_stream__type_support.c\n'}
[1.750105] (px4_msgs) StdoutLine: {'line': b'-- Installing: /home/mcfb/ros2_ws/install/px4_msgs/include/px4_msgs/px4_msgs/msg/detail/can_interface_status__type_support.c\n'}
[1.750148] (px4_msgs) StdoutLine: {'line': b'-- Up-to-date: /home/mcfb/ros2_ws/install/px4_msgs/include/px4_msgs/px4_msgs/msg/detail/sensor_optical_flow__rosidl_typesupport_introspection_c.h\n'}
[1.750191] (px4_msgs) StdoutLine: {'line': b'-- Up-to-date: /home/mcfb/ros2_ws/install/px4_msgs/include/px4_msgs/px4_msgs/msg/detail/mavlink_log__rosidl_typesupport_introspection_c.h\n'}
[1.750238] (px4_msgs) StdoutLine: {'line': b'-- Installing: /home/mcfb/ros2_ws/install/px4_msgs/include/px4_msgs/px4_msgs/msg/detail/esc_report__type_support.c\n'}
[1.750281] (px4_msgs) StdoutLine: {'line': b'-- Installing: /home/mcfb/ros2_ws/install/px4_msgs/include/px4_msgs/px4_msgs/msg/detail/vehicle_air_data__type_support.c\n'}
[1.750327] (px4_msgs) StdoutLine: {'line': b'-- Installing: /home/mcfb/ros2_ws/install/px4_msgs/include/px4_msgs/px4_msgs/msg/detail/gimbal_controls__type_support.c\n'}
[1.750370] (px4_msgs) StdoutLine: {'line': b'-- Installing: /home/mcfb/ros2_ws/install/px4_msgs/include/px4_msgs/px4_msgs/msg/detail/sensor_gnss_status__type_support.c\n'}
[1.750419] (px4_msgs) StdoutLine: {'line': b'-- Up-to-date: /home/mcfb/ros2_ws/install/px4_msgs/include/px4_msgs/px4_msgs/msg/detail/ulog_stream_ack__rosidl_typesupport_introspection_c.h\n'}
[1.750465] (px4_msgs) StdoutLine: {'line': b'-- Up-to-date: /home/mcfb/ros2_ws/install/px4_msgs/include/px4_msgs/px4_msgs/msg/detail/velocity_limits__rosidl_typesupport_introspection_c.h\n'}
[1.750506] (px4_msgs) StdoutLine: {'line': b'-- Up-to-date: /home/mcfb/ros2_ws/install/px4_msgs/include/px4_msgs/px4_msgs/msg/detail/vehicle_thrust_setpoint__rosidl_typesupport_introspection_c.h\n'}
[1.750636] (px4_msgs) StdoutLine: {'line': b'-- Up-to-date: /home/mcfb/ros2_ws/install/px4_msgs/include/px4_msgs/px4_msgs/msg/detail/yaw_estimator_status__rosidl_typesupport_introspection_c.h\n'}
[1.750747] (px4_msgs) StdoutLine: {'line': b'-- Up-to-date: /home/mcfb/ros2_ws/install/px4_msgs/include/px4_msgs/px4_msgs/msg/detail/ping__rosidl_typesupport_introspection_c.h\n'}
[1.750806] (px4_msgs) StdoutLine: {'line': b'-- Installing: /home/mcfb/ros2_ws/install/px4_msgs/include/px4_msgs/px4_msgs/msg/detail/estimator_bias__type_support.c\n'}
[1.750855] (px4_msgs) StdoutLine: {'line': b'-- Up-to-date: /home/mcfb/ros2_ws/install/px4_msgs/include/px4_msgs/px4_msgs/msg/detail/estimator_status_flags__rosidl_typesupport_introspection_c.h\n'}
[1.750895] (px4_msgs) StdoutLine: {'line': b'-- Up-to-date: /home/mcfb/ros2_ws/install/px4_msgs/include/px4_msgs/px4_msgs/msg/detail/ulog_stream__rosidl_typesupport_introspection_c.h\n'}
[1.750977] (px4_msgs) StdoutLine: {'line': b'-- Installing: /home/mcfb/ros2_ws/install/px4_msgs/include/px4_msgs/px4_msgs/msg/detail/gimbal_manager_information__type_support.c\n'}
[1.751012] (px4_msgs) StdoutLine: {'line': b'-- Installing: /home/mcfb/ros2_ws/install/px4_msgs/include/px4_msgs/px4_msgs/msg/detail/follow_target__type_support.c\n'}
[1.751046] (px4_msgs) StdoutLine: {'line': b'-- Up-to-date: /home/mcfb/ros2_ws/install/px4_msgs/include/px4_msgs/px4_msgs/msg/detail/rover_rate_setpoint__rosidl_typesupport_introspection_c.h\n'}
[1.751087] (px4_msgs) StdoutLine: {'line': b'-- Up-to-date: /home/mcfb/ros2_ws/install/px4_msgs/include/px4_msgs/px4_msgs/msg/detail/navigator_mission_item__rosidl_typesupport_introspection_c.h\n'}
[1.751124] (px4_msgs) StdoutLine: {'line': b'-- Up-to-date: /home/mcfb/ros2_ws/install/px4_msgs/include/px4_msgs/px4_msgs/msg/detail/sensor_gnss_relative__rosidl_typesupport_introspection_c.h\n'}
[1.751162] (px4_msgs) StdoutLine: {'line': b'-- Installing: /home/mcfb/ros2_ws/install/px4_msgs/include/px4_msgs/px4_msgs/msg/detail/vehicle_imu_status__type_support.c\n'}
[1.751235] (px4_msgs) StdoutLine: {'line': b'-- Up-to-date: /home/mcfb/ros2_ws/install/px4_msgs/include/px4_msgs/px4_msgs/msg/detail/parameter_update__rosidl_typesupport_introspection_c.h\n'}
[1.751270] (px4_msgs) StdoutLine: {'line': b'-- Installing: /home/mcfb/ros2_ws/install/px4_msgs/include/px4_msgs/px4_msgs/msg/detail/estimator_states__type_support.c\n'}
[1.751304] (px4_msgs) StdoutLine: {'line': b'-- Installing: /home/mcfb/ros2_ws/install/px4_msgs/include/px4_msgs/px4_msgs/msg/detail/fixed_wing_runway_control__type_support.c\n'}
[1.751339] (px4_msgs) StdoutLine: {'line': b'-- Up-to-date: /home/mcfb/ros2_ws/install/px4_msgs/include/px4_msgs/px4_msgs/msg/detail/vehicle_angular_velocity__rosidl_typesupport_introspection_c.h\n'}
[1.751375] (px4_msgs) StdoutLine: {'line': b'-- Up-to-date: /home/mcfb/ros2_ws/install/px4_msgs/include/px4_msgs/px4_msgs/msg/detail/magnetometer_bias_estimate__rosidl_typesupport_introspection_c.h\n'}
[1.751412] (px4_msgs) StdoutLine: {'line': b'-- Up-to-date: /home/mcfb/ros2_ws/install/px4_msgs/include/px4_msgs/px4_msgs/msg/detail/adc_report__rosidl_typesupport_introspection_c.h\n'}
[1.751449] (px4_msgs) StdoutLine: {'line': b'-- Up-to-date: /home/mcfb/ros2_ws/install/px4_msgs/include/px4_msgs/px4_msgs/msg/detail/system_power__rosidl_typesupport_introspection_c.h\n'}
[1.751484] (px4_msgs) StdoutLine: {'line': b'-- Installing: /home/mcfb/ros2_ws/install/px4_msgs/include/px4_msgs/px4_msgs/msg/detail/fixed_wing_lateral_status__type_support.c\n'}
[1.751522] (px4_msgs) StdoutLine: {'line': b'-- Installing: /home/mcfb/ros2_ws/install/px4_msgs/include/px4_msgs/px4_msgs/msg/detail/qshell_retval__type_support.c\n'}
[1.751557] (px4_msgs) StdoutLine: {'line': b'-- Installing: /home/mcfb/ros2_ws/install/px4_msgs/include/px4_msgs/px4_msgs/msg/detail/failsafe_flags__type_support.c\n'}
[1.751593] (px4_msgs) StdoutLine: {'line': b'-- Up-to-date: /home/mcfb/ros2_ws/install/px4_msgs/include/px4_msgs/px4_msgs/msg/detail/gps_inject_data__rosidl_typesupport_introspection_c.h\n'}
[1.751630] (px4_msgs) StdoutLine: {'line': b'-- Up-to-date: /home/mcfb/ros2_ws/install/px4_msgs/include/px4_msgs/px4_msgs/msg/detail/arming_check_reply__rosidl_typesupport_introspection_c.h\n'}
[1.751686] (px4_msgs) StdoutLine: {'line': b'-- Installing: /home/mcfb/ros2_ws/install/px4_msgs/include/px4_msgs/px4_msgs/msg/detail/action_request__type_support.c\n'}
[1.751762] (px4_msgs) StdoutLine: {'line': b'-- Up-to-date: /home/mcfb/ros2_ws/install/px4_msgs/include/px4_msgs/px4_msgs/msg/detail/gimbal_manager_set_attitude__rosidl_typesupport_introspection_c.h\n'}
[1.751813] (px4_msgs) StdoutLine: {'line': b'-- Up-to-date: /home/mcfb/ros2_ws/install/px4_msgs/include/px4_msgs/px4_msgs/msg/detail/vehicle_acceleration__rosidl_typesupport_introspection_c.h\n'}
[1.751863] (px4_msgs) StdoutLine: {'line': b'-- Up-to-date: /home/mcfb/ros2_ws/install/px4_msgs/include/px4_msgs/px4_msgs/msg/detail/airspeed_validated__rosidl_typesupport_introspection_c.h\n'}
[1.751912] (px4_msgs) StdoutLine: {'line': b'-- Up-to-date: /home/mcfb/ros2_ws/install/px4_msgs/include/px4_msgs/px4_msgs/msg/detail/longitudinal_control_configuration__rosidl_typesupport_introspection_c.h\n'}
[1.751960] (px4_msgs) StdoutLine: {'line': b'-- Up-to-date: /home/mcfb/ros2_ws/install/px4_msgs/include/px4_msgs/px4_msgs/msg/detail/vehicle_optical_flow__rosidl_typesupport_introspection_c.h\n'}
[1.752008] (px4_msgs) StdoutLine: {'line': b'-- Up-to-date: /home/mcfb/ros2_ws/install/px4_msgs/include/px4_msgs/px4_msgs/msg/detail/gpio_request__rosidl_typesupport_introspection_c.h\n'}
[1.752068] (px4_msgs) StdoutLine: {'line': b'-- Installing: /home/mcfb/ros2_ws/install/px4_msgs/include/px4_msgs/px4_msgs/msg/detail/vehicle_magnetometer__type_support.c\n'}
[1.752103] (px4_msgs) StdoutLine: {'line': b'-- Installing: /home/mcfb/ros2_ws/install/px4_msgs/include/px4_msgs/px4_msgs/msg/detail/follow_target_status__type_support.c\n'}
[1.752136] (px4_msgs) StdoutLine: {'line': b'-- Up-to-date: /home/mcfb/ros2_ws/install/px4_msgs/include/px4_msgs/px4_msgs/msg/detail/vehicle_angular_acceleration_setpoint__rosidl_typesupport_introspection_c.h\n'}
[1.752169] (px4_msgs) StdoutLine: {'line': b'-- Installing: /home/mcfb/ros2_ws/install/px4_msgs/include/px4_msgs/px4_msgs/msg/detail/log_message__type_support.c\n'}
[1.752202] (px4_msgs) StdoutLine: {'line': b'-- Installing: /home/mcfb/ros2_ws/install/px4_msgs/include/px4_msgs/px4_msgs/msg/detail/sensor_optical_flow__type_support.c\n'}
[1.752234] (px4_msgs) StdoutLine: {'line': b'-- Installing: /home/mcfb/ros2_ws/install/px4_msgs/include/px4_msgs/px4_msgs/msg/detail/parameter_set_value_request__type_support.c\n'}
[1.752268] (px4_msgs) StdoutLine: {'line': b'-- Installing: /home/mcfb/ros2_ws/install/px4_msgs/include/px4_msgs/px4_msgs/msg/detail/vehicle_status__type_support.c\n'}
[1.752303] (px4_msgs) StdoutLine: {'line': b'-- Up-to-date: /home/mcfb/ros2_ws/install/px4_msgs/include/px4_msgs/px4_msgs/msg/detail/vehicle_rates_setpoint__rosidl_typesupport_introspection_c.h\n'}
[1.752341] (px4_msgs) StdoutLine: {'line': b'-- Up-to-date: /home/mcfb/ros2_ws/install/px4_msgs/include/px4_msgs/px4_msgs/msg/detail/flight_phase_estimation__rosidl_typesupport_introspection_c.h\n'}
[1.752375] (px4_msgs) StdoutLine: {'line': b'-- Up-to-date: /home/mcfb/ros2_ws/install/px4_msgs/include/px4_msgs/px4_msgs/msg/detail/esc_status__rosidl_typesupport_introspection_c.h\n'}
[1.752429] (px4_msgs) StdoutLine: {'line': b'-- Installing: /home/mcfb/ros2_ws/install/px4_msgs/include/px4_msgs/px4_msgs/msg/detail/timesync_status__type_support.c\n'}
[1.752484] (px4_msgs) StdoutLine: {'line': b'-- Installing: /home/mcfb/ros2_ws/install/px4_msgs/include/px4_msgs/px4_msgs/msg/detail/battery_info__type_support.c\n'}
[1.752536] (px4_msgs) StdoutLine: {'line': b'-- Up-to-date: /home/mcfb/ros2_ws/install/px4_msgs/include/px4_msgs/px4_msgs/msg/detail/vehicle_imu_status__rosidl_typesupport_introspection_c.h\n'}
[1.752591] (px4_msgs) StdoutLine: {'line': b'-- Installing: /home/mcfb/ros2_ws/install/px4_msgs/include/px4_msgs/px4_msgs/msg/detail/vehicle_odometry__type_support.c\n'}
[1.752657] (px4_msgs) StdoutLine: {'line': b'-- Installing: /home/mcfb/ros2_ws/install/px4_msgs/include/px4_msgs/px4_msgs/msg/detail/hover_thrust_estimate__type_support.c\n'}
[1.752717] (px4_msgs) StdoutLine: {'line': b'-- Installing: /home/mcfb/ros2_ws/install/px4_msgs/include/px4_msgs/px4_msgs/msg/detail/sensor_accel_fifo__type_support.c\n'}
[1.752770] (px4_msgs) StdoutLine: {'line': b'-- Up-to-date: /home/mcfb/ros2_ws/install/px4_msgs/include/px4_msgs/px4_msgs/msg/detail/dataman_request__rosidl_typesupport_introspection_c.h\n'}
[1.752821] (px4_msgs) StdoutLine: {'line': b'-- Up-to-date: /home/mcfb/ros2_ws/install/px4_msgs/include/px4_msgs/px4_msgs/msg/detail/landing_target_innovations__rosidl_typesupport_introspection_c.h\n'}
[1.752872] (px4_msgs) StdoutLine: {'line': b'-- Installing: /home/mcfb/ros2_ws/install/px4_msgs/include/px4_msgs/px4_msgs/msg/detail/rc_channels__type_support.c\n'}
[1.752922] (px4_msgs) StdoutLine: {'line': b'-- Installing: /home/mcfb/ros2_ws/install/px4_msgs/include/px4_msgs/px4_msgs/msg/detail/yaw_estimator_status__type_support.c\n'}
[1.752977] (px4_msgs) StdoutLine: {'line': b'-- Installing: /home/mcfb/ros2_ws/install/px4_msgs/include/px4_msgs/px4_msgs/msg/detail/pps_capture__type_support.c\n'}
[1.753027] (px4_msgs) StdoutLine: {'line': b'-- Installing: /home/mcfb/ros2_ws/install/px4_msgs/include/px4_msgs/px4_msgs/msg/detail/actuator_outputs__type_support.c\n'}
[1.753078] (px4_msgs) StdoutLine: {'line': b'-- Up-to-date: /home/mcfb/ros2_ws/install/px4_msgs/include/px4_msgs/px4_msgs/msg/detail/message_format_response__rosidl_typesupport_introspection_c.h\n'}
[1.753142] (px4_msgs) StdoutLine: {'line': b'-- Up-to-date: /home/mcfb/ros2_ws/install/px4_msgs/include/px4_msgs/px4_msgs/msg/detail/estimator_aid_source2d__rosidl_typesupport_introspection_c.h\n'}
[1.753179] (px4_msgs) StdoutLine: {'line': b'-- Up-to-date: /home/mcfb/ros2_ws/install/px4_msgs/include/px4_msgs/px4_msgs/msg/detail/generator_status__rosidl_typesupport_introspection_c.h\n'}
[1.753213] (px4_msgs) StdoutLine: {'line': b'-- Up-to-date: /home/mcfb/ros2_ws/install/px4_msgs/include/px4_msgs/px4_msgs/msg/detail/parameter_set_value_request__rosidl_typesupport_introspection_c.h\n'}
[1.753261] (px4_msgs) StdoutLine: {'line': b'-- Installing: /home/mcfb/ros2_ws/install/px4_msgs/include/px4_msgs/px4_msgs/msg/detail/vehicle_control_mode__type_support.c\n'}
[1.753313] (px4_msgs) StdoutLine: {'line': b'-- Installing: /home/mcfb/ros2_ws/install/px4_msgs/include/px4_msgs/px4_msgs/msg/detail/normalized_unsigned_setpoint__type_support.c\n'}
[1.753363] (px4_msgs) StdoutLine: {'line': b'-- Up-to-date: /home/mcfb/ros2_ws/install/px4_msgs/include/px4_msgs/px4_msgs/msg/detail/heater_status__rosidl_typesupport_introspection_c.h\n'}
[1.753423] (px4_msgs) StdoutLine: {'line': b'-- Installing: /home/mcfb/ros2_ws/install/px4_msgs/include/px4_msgs/px4_msgs/msg/detail/heater_status__type_support.c\n'}
[1.753467] (px4_msgs) StdoutLine: {'line': b'-- Up-to-date: /home/mcfb/ros2_ws/install/px4_msgs/include/px4_msgs/px4_msgs/msg/detail/logger_status__rosidl_typesupport_introspection_c.h\n'}
[1.753518] (px4_msgs) StdoutLine: {'line': b'-- Installing: /home/mcfb/ros2_ws/install/px4_msgs/include/px4_msgs/px4_msgs/msg/detail/camera_capture__type_support.c\n'}
[1.753569] (px4_msgs) StdoutLine: {'line': b'-- Up-to-date: /home/mcfb/ros2_ws/install/px4_msgs/include/px4_msgs/px4_msgs/msg/detail/timesync_status__rosidl_typesupport_introspection_c.h\n'}
[1.753900] (px4_msgs) StdoutLine: {'line': b'-- Up-to-date: /home/mcfb/ros2_ws/install/px4_msgs/include/px4_msgs/px4_msgs/msg/detail/estimator_bias__rosidl_typesupport_introspection_c.h\n'}
[1.753968] (px4_msgs) StdoutLine: {'line': b'-- Up-to-date: /home/mcfb/ros2_ws/install/px4_msgs/include/px4_msgs/px4_msgs/msg/detail/rover_speed_status__rosidl_typesupport_introspection_c.h\n'}
[1.754022] (px4_msgs) StdoutLine: {'line': b'-- Up-to-date: /home/mcfb/ros2_ws/install/px4_msgs/include/px4_msgs/px4_msgs/msg/detail/message_format_request__rosidl_typesupport_introspection_c.h\n'}
[1.754076] (px4_msgs) StdoutLine: {'line': b'-- Up-to-date: /home/mcfb/ros2_ws/install/px4_msgs/include/px4_msgs/px4_msgs/msg/detail/rover_throttle_setpoint__rosidl_typesupport_introspection_c.h\n'}
[1.754128] (px4_msgs) StdoutLine: {'line': b'-- Up-to-date: /home/mcfb/ros2_ws/install/px4_msgs/include/px4_msgs/px4_msgs/msg/detail/collision_constraints__rosidl_typesupport_introspection_c.h\n'}
[1.754200] (px4_msgs) StdoutLine: {'line': b'-- Installing: /home/mcfb/ros2_ws/install/px4_msgs/include/px4_msgs/px4_msgs/msg/detail/message_format_response__type_support.c\n'}
[1.754246] (px4_msgs) StdoutLine: {'line': b'-- Up-to-date: /home/mcfb/ros2_ws/install/px4_msgs/include/px4_msgs/px4_msgs/msg/detail/position_setpoint_triplet__rosidl_typesupport_introspection_c.h\n'}
[1.754304] (px4_msgs) StdoutLine: {'line': b'-- Installing: /home/mcfb/ros2_ws/install/px4_msgs/include/px4_msgs/px4_msgs/msg/detail/estimator_selector_status__type_support.c\n'}
[1.754346] (px4_msgs) StdoutLine: {'line': b'-- Installing: /home/mcfb/ros2_ws/install/px4_msgs/include/px4_msgs/px4_msgs/msg/detail/uavcan_parameter_request__type_support.c\n'}
[1.754386] (px4_msgs) StdoutLine: {'line': b'-- Up-to-date: /home/mcfb/ros2_ws/install/px4_msgs/include/px4_msgs/px4_msgs/msg/detail/vehicle_odometry__rosidl_typesupport_introspection_c.h\n'}
[1.754426] (px4_msgs) StdoutLine: {'line': b'-- Up-to-date: /home/mcfb/ros2_ws/install/px4_msgs/include/px4_msgs/px4_msgs/msg/detail/esc_report__rosidl_typesupport_introspection_c.h\n'}
[1.754464] (px4_msgs) StdoutLine: {'line': b'-- Installing: /home/mcfb/ros2_ws/install/px4_msgs/include/px4_msgs/px4_msgs/msg/detail/mavlink_log__type_support.c\n'}
[1.754560] (px4_msgs) StdoutLine: {'line': b'-- Up-to-date: /home/mcfb/ros2_ws/install/px4_msgs/include/px4_msgs/px4_msgs/msg/detail/position_controller_landing_status__rosidl_typesupport_introspection_c.h\n'}
[1.754610] (px4_msgs) StdoutLine: {'line': b'-- Installing: /home/mcfb/ros2_ws/install/px4_msgs/include/px4_msgs/px4_msgs/msg/detail/velocity_limits__type_support.c\n'}
[1.754649] (px4_msgs) StdoutLine: {'line': b'-- Up-to-date: /home/mcfb/ros2_ws/install/px4_msgs/include/px4_msgs/px4_msgs/msg/detail/pps_capture__rosidl_typesupport_introspection_c.h\n'}
[1.754707] (px4_msgs) StdoutLine: {'line': b'-- Installing: /home/mcfb/ros2_ws/install/px4_msgs/include/px4_msgs/px4_msgs/msg/detail/vehicle_imu__type_support.c\n'}
[1.754748] (px4_msgs) StdoutLine: {'line': b'-- Installing: /home/mcfb/ros2_ws/install/px4_msgs/include/px4_msgs/px4_msgs/msg/detail/orb_test_large__type_support.c\n'}
[1.754798] (px4_msgs) StdoutLine: {'line': b'-- Up-to-date: /home/mcfb/ros2_ws/install/px4_msgs/include/px4_msgs/px4_msgs/msg/detail/led_control__rosidl_typesupport_introspection_c.h\n'}
[1.754860] (px4_msgs) StdoutLine: {'line': b'-- Up-to-date: /home/mcfb/ros2_ws/install/px4_msgs/include/px4_msgs/px4_msgs/msg/detail/differential_pressure__rosidl_typesupport_introspection_c.h\n'}
[1.754933] (px4_msgs) StdoutLine: {'line': b'-- Up-to-date: /home/mcfb/ros2_ws/install/px4_msgs/include/px4_msgs/px4_msgs/msg/detail/open_drone_id_system__rosidl_typesupport_introspection_c.h\n'}
[1.754973] (px4_msgs) StdoutLine: {'line': b'-- Up-to-date: /home/mcfb/ros2_ws/install/px4_msgs/include/px4_msgs/px4_msgs/msg/detail/log_message__rosidl_typesupport_introspection_c.h\n'}
[1.755037] (px4_msgs) StdoutLine: {'line': b'-- Installing: /home/mcfb/ros2_ws/install/px4_msgs/include/px4_msgs/px4_msgs/msg/detail/input_rc__type_support.c\n'}
[1.755075] (px4_msgs) StdoutLine: {'line': b'-- Installing: /home/mcfb/ros2_ws/install/px4_msgs/include/px4_msgs/px4_msgs/msg/detail/sensor_hygrometer__type_support.c\n'}
[1.755116] (px4_msgs) StdoutLine: {'line': b'-- Up-to-date: /home/mcfb/ros2_ws/install/px4_msgs/include/px4_msgs/px4_msgs/msg/detail/camera_status__rosidl_typesupport_introspection_c.h\n'}
[1.755177] (px4_msgs) StdoutLine: {'line': b'-- Up-to-date: /home/mcfb/ros2_ws/install/px4_msgs/include/px4_msgs/px4_msgs/msg/detail/register_ext_component_reply__rosidl_typesupport_introspection_c.h\n'}
[1.755213] (px4_msgs) StdoutLine: {'line': b'-- Installing: /home/mcfb/ros2_ws/install/px4_msgs/include/px4_msgs/px4_msgs/msg/detail/vehicle_angular_acceleration_setpoint__type_support.c\n'}
[1.755253] (px4_msgs) StdoutLine: {'line': b'-- Up-to-date: /home/mcfb/ros2_ws/install/px4_msgs/include/px4_msgs/px4_msgs/msg/detail/rover_attitude_setpoint__rosidl_typesupport_introspection_c.h\n'}
[1.755288] (px4_msgs) StdoutLine: {'line': b'-- Installing: /home/mcfb/ros2_ws/install/px4_msgs/include/px4_msgs/px4_msgs/msg/detail/gimbal_manager_set_attitude__type_support.c\n'}
[1.755322] (px4_msgs) StdoutLine: {'line': b'-- Installing: /home/mcfb/ros2_ws/install/px4_msgs/include/px4_msgs/px4_msgs/msg/detail/camera_status__type_support.c\n'}
[1.755356] (px4_msgs) StdoutLine: {'line': b'-- Installing: /home/mcfb/ros2_ws/install/px4_msgs/include/px4_msgs/px4_msgs/msg/detail/landing_target_pose__type_support.c\n'}
[1.755390] (px4_msgs) StdoutLine: {'line': b'-- Up-to-date: /home/mcfb/ros2_ws/install/px4_msgs/include/px4_msgs/px4_msgs/msg/detail/onboard_computer_status__rosidl_typesupport_introspection_c.h\n'}
[1.755449] (px4_msgs) StdoutLine: {'line': b'-- Up-to-date: /home/mcfb/ros2_ws/install/px4_msgs/include/px4_msgs/px4_msgs/msg/detail/iridiumsbd_status__rosidl_typesupport_introspection_c.h\n'}
[1.755483] (px4_msgs) StdoutLine: {'line': b'-- Up-to-date: /home/mcfb/ros2_ws/install/px4_msgs/include/px4_msgs/px4_msgs/msg/detail/gimbal_manager_information__rosidl_typesupport_introspection_c.h\n'}
[1.755516] (px4_msgs) StdoutLine: {'line': b'-- Installing: /home/mcfb/ros2_ws/install/px4_msgs/include/px4_msgs/px4_msgs/msg/detail/dataman_request__type_support.c\n'}
[1.755555] (px4_msgs) StdoutLine: {'line': b'-- Up-to-date: /home/mcfb/ros2_ws/install/px4_msgs/include/px4_msgs/px4_msgs/msg/detail/gpio_in__rosidl_typesupport_introspection_c.h\n'}
[1.755597] (px4_msgs) StdoutLine: {'line': b'-- Installing: /home/mcfb/ros2_ws/install/px4_msgs/include/px4_msgs/px4_msgs/msg/detail/open_drone_id_system__type_support.c\n'}
[1.755749] (px4_msgs) StdoutLine: {'line': b'-- Up-to-date: /home/mcfb/ros2_ws/install/px4_msgs/include/px4_msgs/px4_msgs/msg/detail/satellite_info__rosidl_typesupport_introspection_c.h\n'}
[1.755936] (px4_msgs) StdoutLine: {'line': b'-- Installing: /home/mcfb/ros2_ws/install/px4_msgs/include/px4_msgs/px4_msgs/msg/detail/fuel_tank_status__type_support.c\n'}
[1.755984] (px4_msgs) StdoutLine: {'line': b'-- Up-to-date: /home/mcfb/ros2_ws/install/px4_msgs/include/px4_msgs/px4_msgs/msg/detail/sensors_status_imu__rosidl_typesupport_introspection_c.h\n'}
[1.756025] (px4_msgs) StdoutLine: {'line': b'-- Up-to-date: /home/mcfb/ros2_ws/install/px4_msgs/include/px4_msgs/px4_msgs/msg/detail/health_report__rosidl_typesupport_introspection_c.h\n'}
[1.756066] (px4_msgs) StdoutLine: {'line': b'-- Installing: /home/mcfb/ros2_ws/install/px4_msgs/include/px4_msgs/px4_msgs/msg/detail/rover_position_setpoint__type_support.c\n'}
[1.756105] (px4_msgs) StdoutLine: {'line': b'-- Up-to-date: /home/mcfb/ros2_ws/install/px4_msgs/include/px4_msgs/px4_msgs/msg/detail/offboard_control_mode__rosidl_typesupport_introspection_c.h\n'}
[1.756190] (px4_msgs) StdoutLine: {'line': b'-- Up-to-date: /home/mcfb/ros2_ws/install/px4_msgs/include/px4_msgs/px4_msgs/msg/detail/distance_sensor__rosidl_typesupport_introspection_c.h\n'}
[1.756231] (px4_msgs) StdoutLine: {'line': b'-- Installing: /home/mcfb/ros2_ws/install/px4_msgs/include/px4_msgs/px4_msgs/msg/detail/manual_control_setpoint__type_support.c\n'}
[1.756268] (px4_msgs) StdoutLine: {'line': b'-- Up-to-date: /home/mcfb/ros2_ws/install/px4_msgs/include/px4_msgs/px4_msgs/msg/detail/fixed_wing_lateral_setpoint__rosidl_typesupport_introspection_c.h\n'}
[1.756304] (px4_msgs) StdoutLine: {'line': b'-- Up-to-date: /home/mcfb/ros2_ws/install/px4_msgs/include/px4_msgs/px4_msgs/msg/detail/rover_rate_status__rosidl_typesupport_introspection_c.h\n'}
[1.756339] (px4_msgs) StdoutLine: {'line': b'-- Installing: /home/mcfb/ros2_ws/install/px4_msgs/include/px4_msgs/px4_msgs/msg/detail/landing_gear__type_support.c\n'}
[1.756374] (px4_msgs) StdoutLine: {'line': b'-- Up-to-date: /home/mcfb/ros2_ws/install/px4_msgs/include/px4_msgs/px4_msgs/msg/detail/fuel_tank_status__rosidl_typesupport_introspection_c.h\n'}
[1.756411] (px4_msgs) StdoutLine: {'line': b'-- Up-to-date: /home/mcfb/ros2_ws/install/px4_msgs/include/px4_msgs/px4_msgs/msg/detail/gimbal_manager_set_manual_control__rosidl_typesupport_introspection_c.h\n'}
[1.756450] (px4_msgs) StdoutLine: {'line': b'-- Up-to-date: /home/mcfb/ros2_ws/install/px4_msgs/include/px4_msgs/px4_msgs/msg/detail/airspeed__rosidl_typesupport_introspection_c.h\n'}
[1.756509] (px4_msgs) StdoutLine: {'line': b'-- Installing: /home/mcfb/ros2_ws/install/px4_msgs/include/px4_msgs/px4_msgs/msg/detail/orbit_status__type_support.c\n'}
[1.756546] (px4_msgs) StdoutLine: {'line': b'-- Installing: /home/mcfb/ros2_ws/install/px4_msgs/include/px4_msgs/px4_msgs/msg/detail/gripper__type_support.c\n'}
[1.756598] (px4_msgs) StdoutLine: {'line': b'-- Installing: /home/mcfb/ros2_ws/install/px4_msgs/include/px4_msgs/px4_msgs/msg/detail/tune_control__type_support.c\n'}
[1.756636] (px4_msgs) StdoutLine: {'line': b'-- Installing: /home/mcfb/ros2_ws/install/px4_msgs/include/px4_msgs/px4_msgs/msg/detail/rtl_time_estimate__type_support.c\n'}
[1.756683] (px4_msgs) StdoutLine: {'line': b'-- Installing: /home/mcfb/ros2_ws/install/px4_msgs/include/px4_msgs/px4_msgs/msg/detail/transponder_report__type_support.c\n'}
[1.756727] (px4_msgs) StdoutLine: {'line': b'-- Installing: /home/mcfb/ros2_ws/install/px4_msgs/include/px4_msgs/px4_msgs/msg/detail/parameter_set_value_response__type_support.c\n'}
[1.756766] (px4_msgs) StdoutLine: {'line': b'-- Installing: /home/mcfb/ros2_ws/install/px4_msgs/include/px4_msgs/px4_msgs/msg/detail/logger_status__type_support.c\n'}
[1.756808] (px4_msgs) StdoutLine: {'line': b'-- Up-to-date: /home/mcfb/ros2_ws/install/px4_msgs/include/px4_msgs/px4_msgs/msg/detail/trajectory_setpoint__rosidl_typesupport_introspection_c.h\n'}
[1.756854] (px4_msgs) StdoutLine: {'line': b'-- Installing: /home/mcfb/ros2_ws/install/px4_msgs/include/px4_msgs/px4_msgs/msg/detail/open_drone_id_arm_status__type_support.c\n'}
[1.756904] (px4_msgs) StdoutLine: {'line': b'-- Up-to-date: /home/mcfb/ros2_ws/install/px4_msgs/include/px4_msgs/px4_msgs/msg/detail/fixed_wing_longitudinal_setpoint__rosidl_typesupport_introspection_c.h\n'}
[1.756939] (px4_msgs) StdoutLine: {'line': b'-- Installing: /home/mcfb/ros2_ws/install/px4_msgs/include/px4_msgs/px4_msgs/msg/detail/offboard_control_mode__type_support.c\n'}
[1.756972] (px4_msgs) StdoutLine: {'line': b'-- Up-to-date: /home/mcfb/ros2_ws/install/px4_msgs/include/px4_msgs/px4_msgs/msg/detail/rate_ctrl_status__rosidl_typesupport_introspection_c.h\n'}
[1.757007] (px4_msgs) StdoutLine: {'line': b'-- Installing: /home/mcfb/ros2_ws/install/px4_msgs/include/px4_msgs/px4_msgs/msg/detail/trajectory_setpoint6dof__type_support.c\n'}
[1.757040] (px4_msgs) StdoutLine: {'line': b'-- Installing: /home/mcfb/ros2_ws/install/px4_msgs/include/px4_msgs/px4_msgs/msg/detail/estimator_aid_source2d__type_support.c\n'}
[1.757073] (px4_msgs) StdoutLine: {'line': b'-- Installing: /home/mcfb/ros2_ws/install/px4_msgs/include/px4_msgs/px4_msgs/msg/detail/home_position__type_support.c\n'}
[1.757107] (px4_msgs) StdoutLine: {'line': b'-- Up-to-date: /home/mcfb/ros2_ws/install/px4_msgs/include/px4_msgs/px4_msgs/msg/detail/control_allocator_status__rosidl_typesupport_introspection_c.h\n'}
[1.757151] (px4_msgs) StdoutLine: {'line': b'-- Installing: /home/mcfb/ros2_ws/install/px4_msgs/include/px4_msgs/px4_msgs/msg/detail/health_report__type_support.c\n'}
[1.757191] (px4_msgs) StdoutLine: {'line': b'-- Installing: /home/mcfb/ros2_ws/install/px4_msgs/include/px4_msgs/px4_msgs/msg/detail/distance_sensor_mode_change_request__type_support.c\n'}
[1.757229] (px4_msgs) StdoutLine: {'line': b'-- Installing: /home/mcfb/ros2_ws/install/px4_msgs/include/px4_msgs/px4_msgs/msg/detail/vtol_vehicle_status__type_support.c\n'}
[1.757267] (px4_msgs) StdoutLine: {'line': b'-- Up-to-date: /home/mcfb/ros2_ws/install/px4_msgs/include/px4_msgs/px4_msgs/msg/detail/task_stack_info__rosidl_typesupport_introspection_c.h\n'}
[1.757319] (px4_msgs) StdoutLine: {'line': b'-- Installing: /home/mcfb/ros2_ws/install/px4_msgs/include/px4_msgs/px4_msgs/msg/detail/radio_status__type_support.c\n'}
[1.757353] (px4_msgs) StdoutLine: {'line': b'-- Up-to-date: /home/mcfb/ros2_ws/install/px4_msgs/include/px4_msgs/px4_msgs/msg/detail/autotune_attitude_control_status__rosidl_typesupport_introspection_c.h\n'}
[1.757386] (px4_msgs) StdoutLine: {'line': b'-- Up-to-date: /home/mcfb/ros2_ws/install/px4_msgs/include/px4_msgs/px4_msgs/msg/detail/vehicle_imu__rosidl_typesupport_introspection_c.h\n'}
[1.757420] (px4_msgs) StdoutLine: {'line': b'-- Installing: /home/mcfb/ros2_ws/install/px4_msgs/include/px4_msgs/px4_msgs/msg/detail/distance_sensor__type_support.c\n'}
[1.757454] (px4_msgs) StdoutLine: {'line': b'-- Installing: /home/mcfb/ros2_ws/install/px4_msgs/include/px4_msgs/px4_msgs/msg/detail/pure_pursuit_status__type_support.c\n'}
[1.757506] (px4_msgs) StdoutLine: {'line': b'-- Installing: /home/mcfb/ros2_ws/install/px4_msgs/include/px4_msgs/px4_msgs/msg/detail/fixed_wing_longitudinal_setpoint__type_support.c\n'}
[1.757540] (px4_msgs) StdoutLine: {'line': b'-- Installing: /home/mcfb/ros2_ws/install/px4_msgs/include/px4_msgs/px4_msgs/msg/detail/estimator_event_flags__type_support.c\n'}
[1.757574] (px4_msgs) StdoutLine: {'line': b'-- Up-to-date: /home/mcfb/ros2_ws/install/px4_msgs/include/px4_msgs/px4_msgs/msg/detail/ekf2_timestamps__rosidl_typesupport_introspection_c.h\n'}
[1.757608] (px4_msgs) StdoutLine: {'line': b'-- Installing: /home/mcfb/ros2_ws/install/px4_msgs/include/px4_msgs/px4_msgs/msg/detail/vehicle_constraints__type_support.c\n'}
[1.757646] (px4_msgs) StdoutLine: {'line': b'-- Installing: /home/mcfb/ros2_ws/install/px4_msgs/include/px4_msgs/px4_msgs/msg/detail/tecs_status__type_support.c\n'}
[1.757692] (px4_msgs) StdoutLine: {'line': b'-- Installing: /home/mcfb/ros2_ws/install/px4_msgs/include/px4_msgs/px4_msgs/msg/detail/estimator_innovations__type_support.c\n'}
[1.757730] (px4_msgs) StdoutLine: {'line': b'-- Installing: /home/mcfb/ros2_ws/install/px4_msgs/include/px4_msgs/px4_msgs/msg/detail/manual_control_switches__type_support.c\n'}
[1.757767] (px4_msgs) StdoutLine: {'line': b'-- Up-to-date: /home/mcfb/ros2_ws/install/px4_msgs/include/px4_msgs/px4_msgs/msg/detail/estimator_states__rosidl_typesupport_introspection_c.h\n'}
[1.757803] (px4_msgs) StdoutLine: {'line': b'-- Installing: /home/mcfb/ros2_ws/install/px4_msgs/include/px4_msgs/px4_msgs/msg/detail/gimbal_manager_status__type_support.c\n'}
[1.757837] (px4_msgs) StdoutLine: {'line': b'-- Installing: /home/mcfb/ros2_ws/install/px4_msgs/include/px4_msgs/px4_msgs/msg/detail/vehicle_optical_flow_vel__type_support.c\n'}
[1.757872] (px4_msgs) StdoutLine: {'line': b'-- Up-to-date: /home/mcfb/ros2_ws/install/px4_msgs/include/px4_msgs/px4_msgs/msg/detail/actuator_motors__rosidl_typesupport_introspection_c.h\n'}
[1.757907] (px4_msgs) StdoutLine: {'line': b'-- Up-to-date: /home/mcfb/ros2_ws/install/px4_msgs/include/px4_msgs/px4_msgs/msg/detail/qshell_retval__rosidl_typesupport_introspection_c.h\n'}
[1.757939] (px4_msgs) StdoutLine: {'line': b'-- Installing: /home/mcfb/ros2_ws/install/px4_msgs/include/px4_msgs/px4_msgs/msg/detail/actuator_armed__type_support.c\n'}
[1.757973] (px4_msgs) StdoutLine: {'line': b'-- Up-to-date: /home/mcfb/ros2_ws/install/px4_msgs/include/px4_msgs/px4_msgs/msg/detail/rover_speed_setpoint__rosidl_typesupport_introspection_c.h\n'}
[1.758006] (px4_msgs) StdoutLine: {'line': b'-- Installing: /home/mcfb/ros2_ws/install/px4_msgs/include/px4_msgs/px4_msgs/msg/detail/trajectory_setpoint__type_support.c\n'}
[1.758041] (px4_msgs) StdoutLine: {'line': b'-- Installing: /home/mcfb/ros2_ws/install/px4_msgs/include/px4_msgs/px4_msgs/msg/detail/follow_target_estimator__type_support.c\n'}
[1.758074] (px4_msgs) StdoutLine: {'line': b'-- Up-to-date: /home/mcfb/ros2_ws/install/px4_msgs/include/px4_msgs/px4_msgs/msg/detail/trajectory_setpoint6dof__rosidl_typesupport_introspection_c.h\n'}
[1.758121] (px4_msgs) StdoutLine: {'line': b'-- Up-to-date: /home/mcfb/ros2_ws/install/px4_msgs/include/px4_msgs/px4_msgs/msg/detail/pure_pursuit_status__rosidl_typesupport_introspection_c.h\n'}
[1.758159] (px4_msgs) StdoutLine: {'line': b'-- Installing: /home/mcfb/ros2_ws/install/px4_msgs/include/px4_msgs/px4_msgs/msg/detail/sensor_uwb__type_support.c\n'}
[1.758192] (px4_msgs) StdoutLine: {'line': b'-- Up-to-date: /home/mcfb/ros2_ws/install/px4_msgs/include/px4_msgs/px4_msgs/msg/detail/sensor_airflow__rosidl_typesupport_introspection_c.h\n'}
[1.758358] (px4_msgs) StdoutLine: {'line': b'-- Up-to-date: /home/mcfb/ros2_ws/install/px4_msgs/include/px4_msgs/px4_msgs/msg/detail/sensor_baro__rosidl_typesupport_introspection_c.h\n'}
[1.758420] (px4_msgs) StdoutLine: {'line': b'-- Up-to-date: /home/mcfb/ros2_ws/install/px4_msgs/include/px4_msgs/px4_msgs/msg/detail/tecs_status__rosidl_typesupport_introspection_c.h\n'}
[1.758502] (px4_msgs) StdoutLine: {'line': b'-- Up-to-date: /home/mcfb/ros2_ws/install/px4_msgs/include/px4_msgs/px4_msgs/msg/detail/airspeed_wind__rosidl_typesupport_introspection_c.h\n'}
[1.758562] (px4_msgs) StdoutLine: {'line': b'-- Installing: /home/mcfb/ros2_ws/install/px4_msgs/include/px4_msgs/px4_msgs/msg/detail/ping__type_support.c\n'}
[1.758614] (px4_msgs) StdoutLine: {'line': b'-- Up-to-date: /home/mcfb/ros2_ws/install/px4_msgs/include/px4_msgs/px4_msgs/msg/detail/gripper__rosidl_typesupport_introspection_c.h\n'}
[1.758666] (px4_msgs) StdoutLine: {'line': b'-- Up-to-date: /home/mcfb/ros2_ws/install/px4_msgs/include/px4_msgs/px4_msgs/msg/detail/gpio_out__rosidl_typesupport_introspection_c.h\n'}
[1.758738] (px4_msgs) StdoutLine: {'line': b'-- Up-to-date: /home/mcfb/ros2_ws/install/px4_msgs/include/px4_msgs/px4_msgs/msg/detail/estimator_selector_status__rosidl_typesupport_introspection_c.h\n'}
[1.758798] (px4_msgs) StdoutLine: {'line': b'-- Up-to-date: /home/mcfb/ros2_ws/install/px4_msgs/include/px4_msgs/px4_msgs/msg/detail/rover_steering_setpoint__rosidl_typesupport_introspection_c.h\n'}
[1.758842] (px4_msgs) StdoutLine: {'line': b'-- Up-to-date: /home/mcfb/ros2_ws/install/px4_msgs/include/px4_msgs/px4_msgs/msg/detail/sensor_gyro_fft__rosidl_typesupport_introspection_c.h\n'}
[1.758900] (px4_msgs) StdoutLine: {'line': b'-- Up-to-date: /home/mcfb/ros2_ws/install/px4_msgs/include/px4_msgs/px4_msgs/msg/detail/wind__rosidl_typesupport_introspection_c.h\n'}
[1.758965] (px4_msgs) StdoutLine: {'line': b'-- Up-to-date: /home/mcfb/ros2_ws/install/px4_msgs/include/px4_msgs/px4_msgs/msg/detail/wheel_encoders__rosidl_typesupport_introspection_c.h\n'}
[1.759002] (px4_msgs) StdoutLine: {'line': b'-- Up-to-date: /home/mcfb/ros2_ws/install/px4_msgs/include/px4_msgs/px4_msgs/msg/detail/goto_setpoint__rosidl_typesupport_introspection_c.h\n'}
[1.759037] (px4_msgs) StdoutLine: {'line': b'-- Installing: /home/mcfb/ros2_ws/install/px4_msgs/include/px4_msgs/px4_msgs/msg/detail/rover_rate_setpoint__type_support.c\n'}
[1.759073] (px4_msgs) StdoutLine: {'line': b'-- Installing: /home/mcfb/ros2_ws/install/px4_msgs/include/px4_msgs/px4_msgs/msg/detail/mode_completed__type_support.c\n'}
[1.759108] (px4_msgs) StdoutLine: {'line': b'-- Installing: /home/mcfb/ros2_ws/install/px4_msgs/include/px4_msgs/px4_msgs/msg/detail/vehicle_local_position__type_support.c\n'}
[1.759146] (px4_msgs) StdoutLine: {'line': b'-- Installing: /home/mcfb/ros2_ws/install/px4_msgs/include/px4_msgs/px4_msgs/msg/detail/cpuload__type_support.c\n'}
[1.759186] (px4_msgs) StdoutLine: {'line': b'-- Installing: /home/mcfb/ros2_ws/install/px4_msgs/include/px4_msgs/px4_msgs/msg/detail/vehicle_attitude__type_support.c\n'}
[1.759223] (px4_msgs) StdoutLine: {'line': b'-- Up-to-date: /home/mcfb/ros2_ws/install/px4_msgs/include/px4_msgs/px4_msgs/msg/detail/sensor_gyro_fifo__rosidl_typesupport_introspection_c.h\n'}
[1.759260] (px4_msgs) StdoutLine: {'line': b'-- Up-to-date: /home/mcfb/ros2_ws/install/px4_msgs/include/px4_msgs/px4_msgs/msg/detail/register_ext_component_request__rosidl_typesupport_introspection_c.h\n'}
[1.759297] (px4_msgs) StdoutLine: {'line': b'-- Installing: /home/mcfb/ros2_ws/install/px4_msgs/include/px4_msgs/px4_msgs/msg/detail/gps_dump__type_support.c\n'}
[1.759336] (px4_msgs) StdoutLine: {'line': b'-- Installing: /home/mcfb/ros2_ws/install/px4_msgs/include/px4_msgs/px4_msgs/msg/detail/sensor_gps__type_support.c\n'}
[1.759372] (px4_msgs) StdoutLine: {'line': b'-- Up-to-date: /home/mcfb/ros2_ws/install/px4_msgs/include/px4_msgs/px4_msgs/msg/detail/tune_control__rosidl_typesupport_introspection_c.h\n'}
[1.759410] (px4_msgs) StdoutLine: {'line': b'-- Up-to-date: /home/mcfb/ros2_ws/install/px4_msgs/include/px4_msgs/px4_msgs/msg/detail/sensor_gyro__rosidl_typesupport_introspection_c.h\n'}
[1.759462] (px4_msgs) StdoutLine: {'line': b'-- Installing: /home/mcfb/ros2_ws/install/px4_msgs/include/px4_msgs/px4_msgs/msg/detail/sensors_status_imu__type_support.c\n'}
[1.759496] (px4_msgs) StdoutLine: {'line': b'-- Installing: /home/mcfb/ros2_ws/install/px4_msgs/include/px4_msgs/px4_msgs/msg/detail/sensor_selection__type_support.c\n'}
[1.759535] (px4_msgs) StdoutLine: {'line': b'-- Installing: /home/mcfb/ros2_ws/install/px4_msgs/include/px4_msgs/px4_msgs/msg/detail/rover_attitude_setpoint__type_support.c\n'}
[1.759593] (px4_msgs) StdoutLine: {'line': b'-- Installing: /home/mcfb/ros2_ws/install/px4_msgs/include/px4_msgs/px4_msgs/msg/detail/estimator_status_flags__type_support.c\n'}
[1.759627] (px4_msgs) StdoutLine: {'line': b'-- Installing: /home/mcfb/ros2_ws/install/px4_msgs/include/px4_msgs/px4_msgs/msg/detail/gpio_config__type_support.c\n'}
[1.759662] (px4_msgs) StdoutLine: {'line': b'-- Up-to-date: /home/mcfb/ros2_ws/install/px4_msgs/include/px4_msgs/px4_msgs/msg/detail/open_drone_id_operator_id__rosidl_typesupport_introspection_c.h\n'}
[1.759708] (px4_msgs) StdoutLine: {'line': b'-- Up-to-date: /home/mcfb/ros2_ws/install/px4_msgs/include/px4_msgs/px4_msgs/msg/detail/sensor_preflight_mag__rosidl_typesupport_introspection_c.h\n'}
[1.759744] (px4_msgs) StdoutLine: {'line': b'-- Installing: /home/mcfb/ros2_ws/install/px4_msgs/include/px4_msgs/px4_msgs/msg/detail/debug_key_value__type_support.c\n'}
[1.759778] (px4_msgs) StdoutLine: {'line': b'-- Installing: /home/mcfb/ros2_ws/install/px4_msgs/include/px4_msgs/px4_msgs/msg/detail/power_button_state__type_support.c\n'}
[1.759813] (px4_msgs) StdoutLine: {'line': b'-- Up-to-date: /home/mcfb/ros2_ws/install/px4_msgs/include/px4_msgs/px4_msgs/msg/detail/debug_vect__rosidl_typesupport_introspection_c.h\n'}
[1.759851] (px4_msgs) StdoutLine: {'line': b'-- Up-to-date: /home/mcfb/ros2_ws/install/px4_msgs/include/px4_msgs/px4_msgs/msg/detail/sensor_combined__rosidl_typesupport_introspection_c.h\n'}
[1.759888] (px4_msgs) StdoutLine: {'line': b'-- Up-to-date: /home/mcfb/ros2_ws/install/px4_msgs/include/px4_msgs/px4_msgs/msg/detail/position_controller_status__rosidl_typesupport_introspection_c.h\n'}
[1.759925] (px4_msgs) StdoutLine: {'line': b'-- Installing: /home/mcfb/ros2_ws/install/px4_msgs/include/px4_msgs/px4_msgs/msg/detail/sensor_accel__type_support.c\n'}
[1.759960] (px4_msgs) StdoutLine: {'line': b'-- Up-to-date: /home/mcfb/ros2_ws/install/px4_msgs/include/px4_msgs/px4_msgs/msg/detail/gps_dump__rosidl_typesupport_introspection_c.h\n'}
[1.759996] (px4_msgs) StdoutLine: {'line': b'-- Installing: /home/mcfb/ros2_ws/install/px4_msgs/include/px4_msgs/px4_msgs/msg/detail/button_event__type_support.c\n'}
[1.760031] (px4_msgs) StdoutLine: {'line': b'-- Up-to-date: /home/mcfb/ros2_ws/install/px4_msgs/include/px4_msgs/px4_msgs/msg/detail/input_rc__rosidl_typesupport_introspection_c.h\n'}
[1.760067] (px4_msgs) StdoutLine: {'line': b'-- Installing: /home/mcfb/ros2_ws/install/px4_msgs/include/px4_msgs/px4_msgs/msg/detail/wheel_encoders__type_support.c\n'}
[1.760103] (px4_msgs) StdoutLine: {'line': b'-- Installing: /home/mcfb/ros2_ws/install/px4_msgs/include/px4_msgs/px4_msgs/msg/detail/collision_constraints__type_support.c\n'}
[1.760140] (px4_msgs) StdoutLine: {'line': b'-- Installing: /home/mcfb/ros2_ws/install/px4_msgs/include/px4_msgs/px4_msgs/msg/detail/orb_test_medium__type_support.c\n'}
[1.760177] (px4_msgs) StdoutLine: {'line': b'-- Installing: /home/mcfb/ros2_ws/install/px4_msgs/include/px4_msgs/px4_msgs/msg/detail/sensor_correction__type_support.c\n'}
[1.760214] (px4_msgs) StdoutLine: {'line': b'-- Up-to-date: /home/mcfb/ros2_ws/install/px4_msgs/include/px4_msgs/px4_msgs/msg/detail/parameter_reset_request__rosidl_typesupport_introspection_c.h\n'}
[1.760249] (px4_msgs) StdoutLine: {'line': b'-- Up-to-date: /home/mcfb/ros2_ws/install/px4_msgs/include/px4_msgs/px4_msgs/msg/detail/sensor_gnss_status__rosidl_typesupport_introspection_c.h\n'}
[1.760310] (px4_msgs) StdoutLine: {'line': b'-- Up-to-date: /home/mcfb/ros2_ws/install/px4_msgs/include/px4_msgs/px4_msgs/msg/detail/sensor_gps__rosidl_typesupport_introspection_c.h\n'}
[1.760348] (px4_msgs) StdoutLine: {'line': b'-- Up-to-date: /home/mcfb/ros2_ws/install/px4_msgs/include/px4_msgs/px4_msgs/msg/detail/vehicle_local_position__rosidl_typesupport_introspection_c.h\n'}
[1.760384] (px4_msgs) StdoutLine: {'line': b'-- Installing: /home/mcfb/ros2_ws/install/px4_msgs/include/px4_msgs/px4_msgs/msg/detail/navigator_mission_item__type_support.c\n'}
[1.760421] (px4_msgs) StdoutLine: {'line': b'-- Up-to-date: /home/mcfb/ros2_ws/install/px4_msgs/include/px4_msgs/px4_msgs/msg/detail/hover_thrust_estimate__rosidl_typesupport_introspection_c.h\n'}
[1.760458] (px4_msgs) StdoutLine: {'line': b'-- Installing: /home/mcfb/ros2_ws/install/px4_msgs/include/px4_msgs/px4_msgs/msg/detail/vehicle_land_detected__type_support.c\n'}
[1.760495] (px4_msgs) StdoutLine: {'line': b'-- Up-to-date: /home/mcfb/ros2_ws/install/px4_msgs/include/px4_msgs/px4_msgs/msg/detail/estimator_aid_source3d__rosidl_typesupport_introspection_c.h\n'}
[1.760553] (px4_msgs) StdoutLine: {'line': b'-- Installing: /home/mcfb/ros2_ws/install/px4_msgs/include/px4_msgs/px4_msgs/msg/detail/vehicle_angular_velocity__type_support.c\n'}
[1.760622] (px4_msgs) StdoutLine: {'line': b'-- Installing: /home/mcfb/ros2_ws/install/px4_msgs/include/px4_msgs/px4_msgs/msg/detail/rate_ctrl_status__type_support.c\n'}
[1.760780] (px4_msgs) StdoutLine: {'line': b'-- Up-to-date: /home/mcfb/ros2_ws/install/px4_msgs/include/px4_msgs/px4_msgs/msg/detail/unregister_ext_component__rosidl_typesupport_introspection_c.h\n'}
[1.760849] (px4_msgs) StdoutLine: {'line': b'-- Installing: /home/mcfb/ros2_ws/install/px4_msgs/include/px4_msgs/px4_msgs/msg/detail/gimbal_device_set_attitude__type_support.c\n'}
[1.760906] (px4_msgs) StdoutLine: {'line': b'-- Up-to-date: /home/mcfb/ros2_ws/install/px4_msgs/include/px4_msgs/px4_msgs/msg/detail/rtl_status__rosidl_typesupport_introspection_c.h\n'}
[1.760946] (px4_msgs) StdoutLine: {'line': b'-- Up-to-date: /home/mcfb/ros2_ws/install/px4_msgs/include/px4_msgs/px4_msgs/msg/detail/fixed_wing_runway_control__rosidl_typesupport_introspection_c.h\n'}
[1.760986] (px4_msgs) StdoutLine: {'line': b'-- Up-to-date: /home/mcfb/ros2_ws/install/px4_msgs/include/px4_msgs/px4_msgs/msg/detail/sensor_uwb__rosidl_typesupport_introspection_c.h\n'}
[1.761025] (px4_msgs) StdoutLine: {'line': b'-- Up-to-date: /home/mcfb/ros2_ws/install/px4_msgs/include/px4_msgs/px4_msgs/msg/detail/orb_test__rosidl_typesupport_introspection_c.h\n'}
[1.761066] (px4_msgs) StdoutLine: {'line': b'-- Up-to-date: /home/mcfb/ros2_ws/install/px4_msgs/include/px4_msgs/px4_msgs/msg/detail/gimbal_device_information__rosidl_typesupport_introspection_c.h\n'}
[1.761106] (px4_msgs) StdoutLine: {'line': b'-- Up-to-date: /home/mcfb/ros2_ws/install/px4_msgs/include/px4_msgs/px4_msgs/msg/detail/actuator_test__rosidl_typesupport_introspection_c.h\n'}
[1.761158] (px4_msgs) StdoutLine: {'line': b'-- Installing: /home/mcfb/ros2_ws/install/px4_msgs/include/px4_msgs/px4_msgs/msg/detail/obstacle_distance__type_support.c\n'}
[1.761205] (px4_msgs) StdoutLine: {'line': b'-- Installing: /home/mcfb/ros2_ws/install/px4_msgs/include/px4_msgs/px4_msgs/msg/detail/uavcan_parameter_value__type_support.c\n'}
[1.761290] (px4_msgs) StdoutLine: {'line': b'-- Installing: /home/mcfb/ros2_ws/install/px4_msgs/include/px4_msgs/px4_msgs/msg/detail/internal_combustion_engine_control__type_support.c\n'}
[1.761336] (px4_msgs) StdoutLine: {'line': b'-- Up-to-date: /home/mcfb/ros2_ws/install/px4_msgs/include/px4_msgs/px4_msgs/msg/detail/uavcan_parameter_value__rosidl_typesupport_introspection_c.h\n'}
[1.761377] (px4_msgs) StdoutLine: {'line': b'-- Installing: /home/mcfb/ros2_ws/install/px4_msgs/include/px4_msgs/px4_msgs/msg/detail/battery_status__type_support.c\n'}
[1.761416] (px4_msgs) StdoutLine: {'line': b'-- Installing: /home/mcfb/ros2_ws/install/px4_msgs/include/px4_msgs/px4_msgs/msg/detail/estimator_aid_source3d__type_support.c\n'}
[1.761458] (px4_msgs) StdoutLine: {'line': b'-- Installing: /home/mcfb/ros2_ws/install/px4_msgs/include/px4_msgs/px4_msgs/msg/detail/unregister_ext_component__type_support.c\n'}
[1.761516] (px4_msgs) StdoutLine: {'line': b'-- Installing: /home/mcfb/ros2_ws/install/px4_msgs/include/px4_msgs/px4_msgs/msg/detail/open_drone_id_self_id__type_support.c\n'}
[1.761568] (px4_msgs) StdoutLine: {'line': b'-- Up-to-date: /home/mcfb/ros2_ws/install/px4_msgs/include/px4_msgs/px4_msgs/msg/detail/distance_sensor_mode_change_request__rosidl_typesupport_introspection_c.h\n'}
[1.761620] (px4_msgs) StdoutLine: {'line': b'-- Installing: /home/mcfb/ros2_ws/install/px4_msgs/include/px4_msgs/px4_msgs/msg/detail/sensor_gyro__type_support.c\n'}
[1.761681] (px4_msgs) StdoutLine: {'line': b'-- Installing: /home/mcfb/ros2_ws/install/px4_msgs/include/px4_msgs/px4_msgs/msg/detail/message_format_request__type_support.c\n'}
[1.761734] (px4_msgs) StdoutLine: {'line': b'-- Installing: /home/mcfb/ros2_ws/install/px4_msgs/include/px4_msgs/px4_msgs/msg/detail/parameter_update__type_support.c\n'}
[1.761822] (px4_msgs) StdoutLine: {'line': b'-- Up-to-date: /home/mcfb/ros2_ws/install/px4_msgs/include/px4_msgs/px4_msgs/msg/detail/sensor_selection__rosidl_typesupport_introspection_c.h\n'}
[1.761877] (px4_msgs) StdoutLine: {'line': b'-- Up-to-date: /home/mcfb/ros2_ws/install/px4_msgs/include/px4_msgs/px4_msgs/msg/detail/telemetry_status__rosidl_typesupport_introspection_c.h\n'}
[1.761913] (px4_msgs) StdoutLine: {'line': b'-- Installing: /home/mcfb/ros2_ws/install/px4_msgs/include/px4_msgs/px4_msgs/msg/detail/system_power__type_support.c\n'}
[1.761953] (px4_msgs) StdoutLine: {'line': b'-- Installing: /home/mcfb/ros2_ws/install/px4_msgs/include/px4_msgs/px4_msgs/msg/detail/estimator_gps_status__type_support.c\n'}
[1.762000] (px4_msgs) StdoutLine: {'line': b'-- Up-to-date: /home/mcfb/ros2_ws/install/px4_msgs/include/px4_msgs/px4_msgs/msg/detail/tiltrotor_extra_controls__rosidl_typesupport_introspection_c.h\n'}
[1.762053] (px4_msgs) StdoutLine: {'line': b'-- Installing: /home/mcfb/ros2_ws/install/px4_msgs/include/px4_msgs/px4_msgs/msg/detail/iridiumsbd_status__type_support.c\n'}
[1.762109] (px4_msgs) StdoutLine: {'line': b'-- Installing: /home/mcfb/ros2_ws/install/px4_msgs/include/px4_msgs/px4_msgs/msg/detail/mag_worker_data__type_support.c\n'}
[1.762162] (px4_msgs) StdoutLine: {'line': b'-- Up-to-date: /home/mcfb/ros2_ws/install/px4_msgs/include/px4_msgs/px4_msgs/msg/detail/can_interface_status__rosidl_typesupport_introspection_c.h\n'}
[1.762218] (px4_msgs) StdoutLine: {'line': b'-- Up-to-date: /home/mcfb/ros2_ws/install/px4_msgs/include/px4_msgs/px4_msgs/msg/detail/estimator_bias3d__rosidl_typesupport_introspection_c.h\n'}
[1.762271] (px4_msgs) StdoutLine: {'line': b'-- Installing: /home/mcfb/ros2_ws/install/px4_msgs/include/px4_msgs/px4_msgs/msg/detail/irlock_report__type_support.c\n'}
[1.762318] (px4_msgs) StdoutLine: {'line': b'-- Up-to-date: /home/mcfb/ros2_ws/install/px4_msgs/include/px4_msgs/px4_msgs/msg/detail/actuator_servos__rosidl_typesupport_introspection_c.h\n'}
[1.762369] (px4_msgs) StdoutLine: {'line': b'-- Up-to-date: /home/mcfb/ros2_ws/install/px4_msgs/include/px4_msgs/px4_msgs/msg/detail/estimator_sensor_bias__rosidl_typesupport_introspection_c.h\n'}
[1.762423] (px4_msgs) StdoutLine: {'line': b'-- Installing: /home/mcfb/ros2_ws/install/px4_msgs/include/px4_msgs/px4_msgs/msg/detail/generator_status__type_support.c\n'}
[1.762478] (px4_msgs) StdoutLine: {'line': b'-- Installing: /home/mcfb/ros2_ws/install/px4_msgs/include/px4_msgs/px4_msgs/msg/detail/ekf2_timestamps__type_support.c\n'}
[1.762525] (px4_msgs) StdoutLine: {'line': b'-- Up-to-date: /home/mcfb/ros2_ws/install/px4_msgs/include/px4_msgs/px4_msgs/msg/detail/manual_control_switches__rosidl_typesupport_introspection_c.h\n'}
[1.762570] (px4_msgs) StdoutLine: {'line': b'-- Up-to-date: /home/mcfb/ros2_ws/install/px4_msgs/include/px4_msgs/px4_msgs/msg/detail/power_button_state__rosidl_typesupport_introspection_c.h\n'}
[1.762629] (px4_msgs) StdoutLine: {'line': b'-- Installing: /home/mcfb/ros2_ws/install/px4_msgs/include/px4_msgs/px4_msgs/msg/detail/mission__type_support.c\n'}
[1.762743] (px4_msgs) StdoutLine: {'line': b'-- Installing: /home/mcfb/ros2_ws/install/px4_msgs/include/px4_msgs/px4_msgs/msg/detail/camera_trigger__type_support.c\n'}
[1.762818] (px4_msgs) StdoutLine: {'line': b'-- Installing: /home/mcfb/ros2_ws/install/px4_msgs/include/px4_msgs/px4_msgs/msg/detail/parameter_set_used_request__type_support.c\n'}
[1.762880] (px4_msgs) StdoutLine: {'line': b'-- Installing: /home/mcfb/ros2_ws/install/px4_msgs/include/px4_msgs/px4_msgs/msg/detail/goto_setpoint__type_support.c\n'}
[1.762942] (px4_msgs) StdoutLine: {'line': b'-- Installing: /home/mcfb/ros2_ws/install/px4_msgs/include/px4_msgs/px4_msgs/msg/detail/sensor_combined__type_support.c\n'}
[1.763000] (px4_msgs) StdoutLine: {'line': b'-- Installing: /home/mcfb/ros2_ws/install/px4_msgs/include/px4_msgs/px4_msgs/msg/detail/control_allocator_status__type_support.c\n'}
[1.763114] (px4_msgs) StdoutLine: {'line': b'-- Installing: /home/mcfb/ros2_ws/install/px4_msgs/include/px4_msgs/px4_msgs/msg/detail/dronecan_node_status__type_support.c\n'}
[1.763169] (px4_msgs) StdoutLine: {'line': b'-- Up-to-date: /home/mcfb/ros2_ws/install/px4_msgs/include/px4_msgs/px4_msgs/msg/detail/camera_trigger__rosidl_typesupport_introspection_c.h\n'}
[1.763233] (px4_msgs) StdoutLine: {'line': b'-- Installing: /home/mcfb/ros2_ws/install/px4_msgs/include/px4_msgs/px4_msgs/msg/detail/rover_speed_setpoint__type_support.c\n'}
[1.763290] (px4_msgs) StdoutLine: {'line': b'-- Installing: /home/mcfb/ros2_ws/install/px4_msgs/include/px4_msgs/px4_msgs/msg/detail/figure_eight_status__type_support.c\n'}
[1.763341] (px4_msgs) StdoutLine: {'line': b'-- Up-to-date: /home/mcfb/ros2_ws/install/px4_msgs/include/px4_msgs/px4_msgs/msg/detail/gimbal_manager_status__rosidl_typesupport_introspection_c.h\n'}
[1.763391] (px4_msgs) StdoutLine: {'line': b'-- Installing: /home/mcfb/ros2_ws/install/px4_msgs/include/px4_msgs/px4_msgs/msg/detail/magnetometer_bias_estimate__type_support.c\n'}
[1.763441] (px4_msgs) StdoutLine: {'line': b'-- Installing: /home/mcfb/ros2_ws/install/px4_msgs/include/px4_msgs/px4_msgs/msg/detail/rover_rate_status__type_support.c\n'}
[1.763494] (px4_msgs) StdoutLine: {'line': b'-- Up-to-date: /home/mcfb/ros2_ws/install/px4_msgs/include/px4_msgs/px4_msgs/msg/detail/actuator_controls_status__rosidl_typesupport_introspection_c.h\n'}
[1.763547] (px4_msgs) StdoutLine: {'line': b'-- Up-to-date: /home/mcfb/ros2_ws/install/px4_msgs/include/px4_msgs/px4_msgs/msg/detail/actuator_servos_trim__rosidl_typesupport_introspection_c.h\n'}
[1.763596] (px4_msgs) StdoutLine: {'line': b'-- Up-to-date: /home/mcfb/ros2_ws/install/px4_msgs/include/px4_msgs/px4_msgs/msg/detail/navigator_status__rosidl_typesupport_introspection_c.h\n'}
[1.763648] (px4_msgs) StdoutLine: {'line': b'-- Installing: /home/mcfb/ros2_ws/install/px4_msgs/include/px4_msgs/px4_msgs/msg/detail/landing_target_innovations__type_support.c\n'}
[1.763711] (px4_msgs) StdoutLine: {'line': b'-- Installing: /home/mcfb/ros2_ws/install/px4_msgs/include/px4_msgs/px4_msgs/msg/detail/actuator_servos_trim__type_support.c\n'}
[1.763752] (px4_msgs) StdoutLine: {'line': b'-- Installing: /home/mcfb/ros2_ws/install/px4_msgs/include/px4_msgs/px4_msgs/msg/detail/qshell_req__type_support.c\n'}
[1.763789] (px4_msgs) StdoutLine: {'line': b'-- Installing: /home/mcfb/ros2_ws/install/px4_msgs/include/px4_msgs/px4_msgs/msg/detail/mount_orientation__type_support.c\n'}
[1.763825] (px4_msgs) StdoutLine: {'line': b'-- Up-to-date: /home/mcfb/ros2_ws/install/px4_msgs/include/px4_msgs/px4_msgs/msg/detail/vehicle_torque_setpoint__rosidl_typesupport_introspection_c.h\n'}
[1.763860] (px4_msgs) StdoutLine: {'line': b'-- Up-to-date: /home/mcfb/ros2_ws/install/px4_msgs/include/px4_msgs/px4_msgs/msg/detail/debug_array__rosidl_typesupport_introspection_c.h\n'}
[1.763898] (px4_msgs) StdoutLine: {'line': b'-- Installing: /home/mcfb/ros2_ws/install/px4_msgs/include/px4_msgs/px4_msgs/msg/detail/autotune_attitude_control_status__type_support.c\n'}
[1.763933] (px4_msgs) StdoutLine: {'line': b'-- Up-to-date: /home/mcfb/ros2_ws/install/px4_msgs/include/px4_msgs/px4_msgs/msg/detail/gpio_config__rosidl_typesupport_introspection_c.h\n'}
[1.763973] (px4_msgs) StdoutLine: {'line': b'-- Up-to-date: /home/mcfb/ros2_ws/install/px4_msgs/include/px4_msgs/px4_msgs/msg/detail/vehicle_attitude_setpoint__rosidl_typesupport_introspection_c.h\n'}
[1.764025] (px4_msgs) StdoutLine: {'line': b'-- Installing: /home/mcfb/ros2_ws/install/px4_msgs/include/px4_msgs/px4_msgs/msg/detail/tiltrotor_extra_controls__type_support.c\n'}
[1.764069] (px4_msgs) StdoutLine: {'line': b'-- Up-to-date: /home/mcfb/ros2_ws/install/px4_msgs/include/px4_msgs/px4_msgs/msg/detail/gimbal_device_set_attitude__rosidl_typesupport_introspection_c.h\n'}
[1.764116] (px4_msgs) StdoutLine: {'line': b'-- Up-to-date: /home/mcfb/ros2_ws/install/px4_msgs/include/px4_msgs/px4_msgs/msg/detail/parameter_set_used_request__rosidl_typesupport_introspection_c.h\n'}
[1.764153] (px4_msgs) StdoutLine: {'line': b'-- Up-to-date: /home/mcfb/ros2_ws/install/px4_msgs/include/px4_msgs/px4_msgs/msg/detail/rc_parameter_map__rosidl_typesupport_introspection_c.h\n'}
[1.764191] (px4_msgs) StdoutLine: {'line': b'-- Installing: /home/mcfb/ros2_ws/install/px4_msgs/include/px4_msgs/px4_msgs/msg/detail/gpio_in__type_support.c\n'}
[1.764274] (px4_msgs) StdoutLine: {'line': b'-- Up-to-date: /home/mcfb/ros2_ws/install/px4_msgs/include/px4_msgs/px4_msgs/msg/detail/debug_key_value__rosidl_typesupport_introspection_c.h\n'}
[1.764309] (px4_msgs) StdoutLine: {'line': b'-- Installing: /home/mcfb/ros2_ws/install/px4_msgs/include/px4_msgs/px4_msgs/msg/detail/actuator_motors__type_support.c\n'}
[1.764343] (px4_msgs) StdoutLine: {'line': b'-- Installing: /home/mcfb/ros2_ws/install/px4_msgs/include/px4_msgs/px4_msgs/msg/detail/arming_check_reply__type_support.c\n'}
[1.764378] (px4_msgs) StdoutLine: {'line': b'-- Up-to-date: /home/mcfb/ros2_ws/install/px4_msgs/include/px4_msgs/px4_msgs/msg/detail/estimator_aid_source1d__rosidl_typesupport_introspection_c.h\n'}
[1.764412] (px4_msgs) StdoutLine: {'line': b'-- Installing: /home/mcfb/ros2_ws/install/px4_msgs/include/px4_msgs/px4_msgs/msg/detail/open_drone_id_operator_id__type_support.c\n'}
[1.764451] (px4_msgs) StdoutLine: {'line': b'-- Up-to-date: /home/mcfb/ros2_ws/install/px4_msgs/include/px4_msgs/px4_msgs/msg/detail/pwm_input__rosidl_typesupport_introspection_c.h\n'}
[1.764496] (px4_msgs) StdoutLine: {'line': b'-- Installing: /home/mcfb/ros2_ws/install/px4_msgs/include/px4_msgs/px4_msgs/msg/detail/dataman_response__type_support.c\n'}
[1.764535] (px4_msgs) StdoutLine: {'line': b'-- Up-to-date: /home/mcfb/ros2_ws/install/px4_msgs/include/px4_msgs/px4_msgs/msg/detail/qshell_req__rosidl_typesupport_introspection_c.h\n'}
[1.764574] (px4_msgs) StdoutLine: {'line': b'-- Installing: /home/mcfb/ros2_ws/install/px4_msgs/include/px4_msgs/px4_msgs/msg/detail/takeoff_status__type_support.c\n'}
[1.764612] (px4_msgs) StdoutLine: {'line': b'-- Installing: /home/mcfb/ros2_ws/install/px4_msgs/include/px4_msgs/px4_msgs/msg/detail/gpio_out__type_support.c\n'}
[1.764650] (px4_msgs) StdoutLine: {'line': b'-- Installing: /home/mcfb/ros2_ws/install/px4_msgs/include/px4_msgs/px4_msgs/msg/detail/vehicle_command_ack__type_support.c\n'}
[1.764696] (px4_msgs) StdoutLine: {'line': b'-- Up-to-date: /home/mcfb/ros2_ws/install/px4_msgs/include/px4_msgs/px4_msgs/msg/detail/vtol_vehicle_status__rosidl_typesupport_introspection_c.h\n'}
[1.764756] (px4_msgs) StdoutLine: {'line': b'-- Up-to-date: /home/mcfb/ros2_ws/install/px4_msgs/include/px4_msgs/px4_msgs/msg/detail/actuator_outputs__rosidl_typesupport_introspection_c.h\n'}
[1.764792] (px4_msgs) StdoutLine: {'line': b'-- Up-to-date: /home/mcfb/ros2_ws/install/px4_msgs/include/px4_msgs/px4_msgs/msg/detail/open_drone_id_self_id__rosidl_typesupport_introspection_c.h\n'}
[1.764825] (px4_msgs) StdoutLine: {'line': b'-- Up-to-date: /home/mcfb/ros2_ws/install/px4_msgs/include/px4_msgs/px4_msgs/msg/detail/rtl_time_estimate__rosidl_typesupport_introspection_c.h\n'}
[1.764858] (px4_msgs) StdoutLine: {'line': b'-- Up-to-date: /home/mcfb/ros2_ws/install/px4_msgs/include/px4_msgs/px4_msgs/msg/detail/failure_detector_status__rosidl_typesupport_introspection_c.h\n'}
[1.764894] (px4_msgs) StdoutLine: {'line': b'-- Installing: /home/mcfb/ros2_ws/install/px4_msgs/include/px4_msgs/px4_msgs/msg/detail/actuator_controls_status__type_support.c\n'}
[1.764930] (px4_msgs) StdoutLine: {'line': b'-- Up-to-date: /home/mcfb/ros2_ws/install/px4_msgs/include/px4_msgs/px4_msgs/msg/detail/failsafe_flags__rosidl_typesupport_introspection_c.h\n'}
[1.764965] (px4_msgs) StdoutLine: {'line': b'-- Installing: /home/mcfb/ros2_ws/install/px4_msgs/include/px4_msgs/px4_msgs/msg/detail/navigator_status__type_support.c\n'}
[1.765002] (px4_msgs) StdoutLine: {'line': b'-- Up-to-date: /home/mcfb/ros2_ws/install/px4_msgs/include/px4_msgs/px4_msgs/msg/detail/landing_gear__rosidl_typesupport_introspection_c.h\n'}
[1.765039] (px4_msgs) StdoutLine: {'line': b'-- Up-to-date: /home/mcfb/ros2_ws/install/px4_msgs/include/px4_msgs/px4_msgs/msg/detail/vehicle_status__rosidl_typesupport_introspection_c.h\n'}
[1.765074] (px4_msgs) StdoutLine: {'line': b'-- Up-to-date: /home/mcfb/ros2_ws/install/px4_msgs/include/px4_msgs/px4_msgs/msg/detail/sensor_accel__rosidl_typesupport_introspection_c.h\n'}
[1.765130] (px4_msgs) StdoutLine: {'line': b'-- Up-to-date: /home/mcfb/ros2_ws/install/px4_msgs/include/px4_msgs/px4_msgs/msg/detail/arming_check_request__rosidl_typesupport_introspection_c.h\n'}
[1.765166] (px4_msgs) StdoutLine: {'line': b'-- Up-to-date: /home/mcfb/ros2_ws/install/px4_msgs/include/px4_msgs/px4_msgs/msg/detail/estimator_event_flags__rosidl_typesupport_introspection_c.h\n'}
[1.765202] (px4_msgs) StdoutLine: {'line': b'-- Installing: /home/mcfb/ros2_ws/install/px4_msgs/include/px4_msgs/px4_msgs/msg/detail/arming_check_request__type_support.c\n'}
[1.765237] (px4_msgs) StdoutLine: {'line': b'-- Installing: /home/mcfb/ros2_ws/install/px4_msgs/include/px4_msgs/px4_msgs/msg/detail/gimbal_device_attitude_status__type_support.c\n'}
[1.765274] (px4_msgs) StdoutLine: {'line': b'-- Up-to-date: /home/mcfb/ros2_ws/install/px4_msgs/include/px4_msgs/px4_msgs/msg/detail/estimator_status__rosidl_typesupport_introspection_c.h\n'}
[1.765312] (px4_msgs) StdoutLine: {'line': b'-- Installing: /home/mcfb/ros2_ws/install/px4_msgs/include/px4_msgs/px4_msgs/msg/detail/position_setpoint_triplet__type_support.c\n'}
[1.765349] (px4_msgs) StdoutLine: {'line': b'-- Up-to-date: /home/mcfb/ros2_ws/install/px4_msgs/include/px4_msgs/px4_msgs/msg/detail/sensor_correction__rosidl_typesupport_introspection_c.h\n'}
[1.765386] (px4_msgs) StdoutLine: {'line': b'-- Up-to-date: /home/mcfb/ros2_ws/install/px4_msgs/include/px4_msgs/px4_msgs/msg/detail/launch_detection_status__rosidl_typesupport_introspection_c.h\n'}
[1.765421] (px4_msgs) StdoutLine: {'line': b'-- Up-to-date: /home/mcfb/ros2_ws/install/px4_msgs/include/px4_msgs/px4_msgs/msg/detail/mavlink_tunnel__rosidl_typesupport_introspection_c.h\n'}
[1.765457] (px4_msgs) StdoutLine: {'line': b'-- Up-to-date: /home/mcfb/ros2_ws/install/px4_msgs/include/px4_msgs/px4_msgs/msg/detail/orb_test_medium__rosidl_typesupport_introspection_c.h\n'}
[1.765493] (px4_msgs) StdoutLine: {'line': b'-- Up-to-date: /home/mcfb/ros2_ws/install/px4_msgs/include/px4_msgs/px4_msgs/msg/detail/lateral_control_configuration__rosidl_typesupport_introspection_c.h\n'}
[1.765529] (px4_msgs) StdoutLine: {'line': b'-- Up-to-date: /home/mcfb/ros2_ws/install/px4_msgs/include/px4_msgs/px4_msgs/msg/detail/parameter_set_value_response__rosidl_typesupport_introspection_c.h\n'}
[1.765564] (px4_msgs) StdoutLine: {'line': b'-- Up-to-date: /home/mcfb/ros2_ws/install/px4_msgs/include/px4_msgs/px4_msgs/msg/detail/config_overrides__rosidl_typesupport_introspection_c.h\n'}
[1.765600] (px4_msgs) StdoutLine: {'line': b'-- Up-to-date: /home/mcfb/ros2_ws/install/px4_msgs/include/px4_msgs/px4_msgs/msg/detail/px4io_status__rosidl_typesupport_introspection_c.h\n'}
[1.765639] (px4_msgs) StdoutLine: {'line': b'-- Installing: /home/mcfb/ros2_ws/install/px4_msgs/include/px4_msgs/px4_msgs/msg/detail/internal_combustion_engine_status__type_support.c\n'}
[1.765681] (px4_msgs) StdoutLine: {'line': b'-- Up-to-date: /home/mcfb/ros2_ws/install/px4_msgs/include/px4_msgs/px4_msgs/msg/detail/normalized_unsigned_setpoint__rosidl_typesupport_introspection_c.h\n'}
[1.765720] (px4_msgs) StdoutLine: {'line': b'-- Installing: /home/mcfb/ros2_ws/install/px4_msgs/include/px4_msgs/px4_msgs/msg/detail/px4io_status__type_support.c\n'}
[1.765760] (px4_msgs) StdoutLine: {'line': b'-- Installing: /home/mcfb/ros2_ws/install/px4_msgs/include/px4_msgs/px4_msgs/msg/detail/sensors_status__type_support.c\n'}
[1.765800] (px4_msgs) StdoutLine: {'line': b'-- Up-to-date: /home/mcfb/ros2_ws/install/px4_msgs/include/px4_msgs/px4_msgs/msg/detail/manual_control_setpoint__rosidl_typesupport_introspection_c.h\n'}
[1.765837] (px4_msgs) StdoutLine: {'line': b'-- Installing: /home/mcfb/ros2_ws/install/px4_msgs/include/px4_msgs/px4_msgs/msg/detail/esc_status__type_support.c\n'}
[1.765873] (px4_msgs) StdoutLine: {'line': b'-- Installing: /home/mcfb/ros2_ws/install/px4_msgs/include/px4_msgs/px4_msgs/msg/detail/task_stack_info__type_support.c\n'}
[1.765911] (px4_msgs) StdoutLine: {'line': b'-- Installing: /home/mcfb/ros2_ws/install/px4_msgs/include/px4_msgs/px4_msgs/msg/detail/register_ext_component_request__type_support.c\n'}
[1.765949] (px4_msgs) StdoutLine: {'line': b'-- Installing: /home/mcfb/ros2_ws/install/px4_msgs/include/px4_msgs/px4_msgs/msg/detail/vehicle_thrust_setpoint__type_support.c\n'}
[1.765985] (px4_msgs) StdoutLine: {'line': b'-- Up-to-date: /home/mcfb/ros2_ws/install/px4_msgs/include/px4_msgs/px4_msgs/msg/detail/debug_value__rosidl_typesupport_introspection_c.h\n'}
[1.766022] (px4_msgs) StdoutLine: {'line': b'-- Up-to-date: /home/mcfb/ros2_ws/install/px4_msgs/include/px4_msgs/px4_msgs/msg/detail/sensor_accel_fifo__rosidl_typesupport_introspection_c.h\n'}
[1.766057] (px4_msgs) StdoutLine: {'line': b'-- Installing: /home/mcfb/ros2_ws/install/px4_msgs/include/px4_msgs/px4_msgs/msg/detail/estimator_sensor_bias__type_support.c\n'}
[1.766094] (px4_msgs) StdoutLine: {'line': b'-- Installing: /home/mcfb/ros2_ws/install/px4_msgs/include/px4_msgs/px4_msgs/msg/detail/gps_inject_data__type_support.c\n'}
[1.766130] (px4_msgs) StdoutLine: {'line': b'-- Installing: /home/mcfb/ros2_ws/install/px4_msgs/include/px4_msgs/px4_msgs/msg/detail/wind__type_support.c\n'}
[1.766167] (px4_msgs) StdoutLine: {'line': b'-- Installing: /home/mcfb/ros2_ws/install/px4_msgs/include/px4_msgs/px4_msgs/msg/detail/rover_steering_setpoint__type_support.c\n'}
[1.766204] (px4_msgs) StdoutLine: {'line': b'-- Up-to-date: /home/mcfb/ros2_ws/install/px4_msgs/include/px4_msgs/px4_msgs/msg/detail/follow_target_status__rosidl_typesupport_introspection_c.h\n'}
[1.766241] (px4_msgs) StdoutLine: {'line': b'-- Installing: /home/mcfb/ros2_ws/install/px4_msgs/include/px4_msgs/px4_msgs/msg/detail/satellite_info__type_support.c\n'}
[1.766279] (px4_msgs) StdoutLine: {'line': b'-- Installing: /home/mcfb/ros2_ws/install/px4_msgs/include/px4_msgs/px4_msgs/msg/detail/adc_report__type_support.c\n'}
[1.766315] (px4_msgs) StdoutLine: {'line': b'-- Up-to-date: /home/mcfb/ros2_ws/install/px4_msgs/include/px4_msgs/px4_msgs/msg/detail/action_request__rosidl_typesupport_introspection_c.h\n'}
[1.766351] (px4_msgs) StdoutLine: {'line': b'-- Installing: /home/mcfb/ros2_ws/install/px4_msgs/include/px4_msgs/px4_msgs/msg/detail/sensor_gyro_fifo__type_support.c\n'}
[1.766388] (px4_msgs) StdoutLine: {'line': b'-- Installing: /home/mcfb/ros2_ws/install/px4_msgs/include/px4_msgs/px4_msgs/msg/detail/gpio_request__type_support.c\n'}
[1.766424] (px4_msgs) StdoutLine: {'line': b'-- Installing: /home/mcfb/ros2_ws/install/px4_msgs/include/px4_msgs/px4_msgs/msg/detail/mission_result__type_support.c\n'}
[1.766478] (px4_msgs) StdoutLine: {'line': b'-- Up-to-date: /home/mcfb/ros2_ws/install/px4_msgs/include/px4_msgs/px4_msgs/msg/detail/rpm__rosidl_typesupport_introspection_c.h\n'}
[1.766519] (px4_msgs) StdoutLine: {'line': b'-- Up-to-date: /home/mcfb/ros2_ws/install/px4_msgs/include/px4_msgs/px4_msgs/msg/detail/takeoff_status__rosidl_typesupport_introspection_c.h\n'}
[1.766558] (px4_msgs) StdoutLine: {'line': b'-- Installing: /home/mcfb/ros2_ws/install/px4_msgs/include/px4_msgs/px4_msgs/msg/detail/vehicle_global_position__type_support.c\n'}
[1.766594] (px4_msgs) StdoutLine: {'line': b'-- Up-to-date: /home/mcfb/ros2_ws/install/px4_msgs/include/px4_msgs/px4_msgs/msg/detail/vehicle_global_position__rosidl_typesupport_introspection_c.h\n'}
[1.766633] (px4_msgs) StdoutLine: {'line': b'-- Up-to-date: /home/mcfb/ros2_ws/install/px4_msgs/include/px4_msgs/px4_msgs/msg/detail/vehicle_roi__rosidl_typesupport_introspection_c.h\n'}
[1.766669] (px4_msgs) StdoutLine: {'line': b'-- Up-to-date: /home/mcfb/ros2_ws/install/px4_msgs/include/px4_msgs/px4_msgs/msg/detail/actuator_armed__rosidl_typesupport_introspection_c.h\n'}
[1.766713] (px4_msgs) StdoutLine: {'line': b'-- Up-to-date: /home/mcfb/ros2_ws/install/px4_msgs/include/px4_msgs/px4_msgs/msg/detail/geofence_result__rosidl_typesupport_introspection_c.h\n'}
[1.766768] (px4_msgs) StdoutLine: {'line': b'-- Installing: /home/mcfb/ros2_ws/install/px4_msgs/include/px4_msgs/px4_msgs/msg/detail/vehicle_optical_flow__type_support.c\n'}
[1.766823] (px4_msgs) StdoutLine: {'line': b'-- Installing: /home/mcfb/ros2_ws/install/px4_msgs/include/px4_msgs/px4_msgs/msg/detail/longitudinal_control_configuration__type_support.c\n'}
[1.766916] (px4_msgs) StdoutLine: {'line': b'-- Up-to-date: /home/mcfb/ros2_ws/install/px4_msgs/include/px4_msgs/px4_msgs/msg/detail/camera_capture__rosidl_typesupport_introspection_c.h\n'}
[1.766972] (px4_msgs) StdoutLine: {'line': b'-- Installing: /home/mcfb/ros2_ws/install/px4_msgs/include/px4_msgs/px4_msgs/msg/detail/onboard_computer_status__type_support.c\n'}
[1.767034] (px4_msgs) StdoutLine: {'line': b'-- Installing: /home/mcfb/ros2_ws/install/px4_msgs/include/px4_msgs/px4_msgs/msg/detail/estimator_bias3d__type_support.c\n'}
[1.767073] (px4_msgs) StdoutLine: {'line': b'-- Up-to-date: /home/mcfb/ros2_ws/install/px4_msgs/include/px4_msgs/px4_msgs/msg/detail/obstacle_distance__rosidl_typesupport_introspection_c.h\n'}
[1.767110] (px4_msgs) StdoutLine: {'line': b'-- Installing: /home/mcfb/ros2_ws/install/px4_msgs/include/px4_msgs/px4_msgs/msg/detail/debug_array__type_support.c\n'}
[1.767148] (px4_msgs) StdoutLine: {'line': b'-- Up-to-date: /home/mcfb/ros2_ws/install/px4_msgs/include/px4_msgs/px4_msgs/msg/detail/vehicle_attitude__rosidl_typesupport_introspection_c.h\n'}
[1.767187] (px4_msgs) StdoutLine: {'line': b'-- Installing: /home/mcfb/ros2_ws/install/px4_msgs/include/px4_msgs/px4_msgs/msg/detail/vehicle_command__type_support.c\n'}
[1.767239] (px4_msgs) StdoutLine: {'line': b'-- Installing: /home/mcfb/ros2_ws/install/px4_msgs/include/px4_msgs/px4_msgs/msg/detail/launch_detection_status__type_support.c\n'}
[1.767289] (px4_msgs) StdoutLine: {'line': b'-- Installing: /home/mcfb/ros2_ws/install/px4_msgs/include/px4_msgs/px4_msgs/msg/detail/position_controller_status__type_support.c\n'}
[1.767339] (px4_msgs) StdoutLine: {'line': b'-- Up-to-date: /home/mcfb/ros2_ws/install/px4_msgs/include/px4_msgs/px4_msgs/msg/detail/vehicle_land_detected__rosidl_typesupport_introspection_c.h\n'}
[1.767389] (px4_msgs) StdoutLine: {'line': b'-- Installing: /home/mcfb/ros2_ws/install/px4_msgs/include/px4_msgs/px4_msgs/msg/detail/pwm_input__type_support.c\n'}
[1.767439] (px4_msgs) StdoutLine: {'line': b'-- Up-to-date: /home/mcfb/ros2_ws/install/px4_msgs/include/px4_msgs/px4_msgs/msg/detail/rover_attitude_status__rosidl_typesupport_introspection_c.h\n'}
[1.767488] (px4_msgs) StdoutLine: {'line': b'-- Installing: /home/mcfb/ros2_ws/install/px4_msgs/include/px4_msgs/px4_msgs/msg/detail/event__type_support.c\n'}
[1.767538] (px4_msgs) StdoutLine: {'line': b'-- Installing: /home/mcfb/ros2_ws/install/px4_msgs/include/px4_msgs/px4_msgs/msg/detail/position_setpoint__type_support.c\n'}
[1.767587] (px4_msgs) StdoutLine: {'line': b'-- Installing: /home/mcfb/ros2_ws/install/px4_msgs/include/px4_msgs/px4_msgs/msg/detail/fixed_wing_lateral_setpoint__type_support.c\n'}
[1.767637] (px4_msgs) StdoutLine: {'line': b'-- Installing: /home/mcfb/ros2_ws/install/px4_msgs/include/px4_msgs/px4_msgs/msg/detail/neural_control__type_support.c\n'}
[1.767692] (px4_msgs) StdoutLine: {'line': b'-- Up-to-date: /home/mcfb/ros2_ws/install/px4_msgs/include/px4_msgs/px4_msgs/msg/detail/follow_target_estimator__rosidl_typesupport_introspection_c.h\n'}
[1.767743] (px4_msgs) StdoutLine: {'line': b'-- Installing: /home/mcfb/ros2_ws/install/px4_msgs/include/px4_msgs/px4_msgs/msg/detail/ulog_stream_ack__type_support.c\n'}
[1.767793] (px4_msgs) StdoutLine: {'line': b'-- Up-to-date: /home/mcfb/ros2_ws/install/px4_msgs/include/px4_msgs/px4_msgs/msg/detail/vehicle_optical_flow_vel__rosidl_typesupport_introspection_c.h\n'}
[1.767842] (px4_msgs) StdoutLine: {'line': b'-- Up-to-date: /home/mcfb/ros2_ws/install/px4_msgs/include/px4_msgs/px4_msgs/msg/detail/power_monitor__rosidl_typesupport_introspection_c.h\n'}
[1.767892] (px4_msgs) StdoutLine: {'line': b'-- Up-to-date: /home/mcfb/ros2_ws/install/px4_msgs/include/px4_msgs/px4_msgs/msg/detail/internal_combustion_engine_status__rosidl_typesupport_introspection_c.h\n'}
[1.767942] (px4_msgs) StdoutLine: {'line': b'-- Installing: /home/mcfb/ros2_ws/install/px4_msgs/include/px4_msgs/px4_msgs/msg/detail/sensor_preflight_mag__type_support.c\n'}
[1.767991] (px4_msgs) StdoutLine: {'line': b'-- Installing: /home/mcfb/ros2_ws/install/px4_msgs/include/px4_msgs/px4_msgs/msg/detail/vehicle_torque_setpoint__type_support.c\n'}
[1.768052] (px4_msgs) StdoutLine: {'line': b'-- Installing: /home/mcfb/ros2_ws/install/px4_msgs/include/px4_msgs/px4_msgs/msg/detail/fixed_wing_lateral_guidance_status__type_support.c\n'}
[1.768088] (px4_msgs) StdoutLine: {'line': b'-- Installing: /home/mcfb/ros2_ws/install/px4_msgs/include/px4_msgs/px4_msgs/msg/detail/rover_throttle_setpoint__type_support.c\n'}
[1.768123] (px4_msgs) StdoutLine: {'line': b'-- Up-to-date: /home/mcfb/ros2_ws/install/px4_msgs/include/px4_msgs/px4_msgs/msg/detail/neural_control__rosidl_typesupport_introspection_c.h\n'}
[1.768159] (px4_msgs) StdoutLine: {'line': b'-- Installing: /home/mcfb/ros2_ws/install/px4_msgs/include/px4_msgs/px4_msgs/msg/detail/vehicle_roi__type_support.c\n'}
[1.768192] (px4_msgs) StdoutLine: {'line': b'-- Installing: /home/mcfb/ros2_ws/install/px4_msgs/include/px4_msgs/px4_msgs/msg/detail/debug_vect__type_support.c\n'}
[1.768226] (px4_msgs) StdoutLine: {'line': b'-- Installing: /home/mcfb/ros2_ws/install/px4_msgs/include/px4_msgs/px4_msgs/msg/detail/landing_gear_wheel__type_support.c\n'}
[1.768260] (px4_msgs) StdoutLine: {'line': b'-- Up-to-date: /home/mcfb/ros2_ws/install/px4_msgs/include/px4_msgs/px4_msgs/msg/detail/fixed_wing_lateral_guidance_status__rosidl_typesupport_introspection_c.h\n'}
[1.768293] (px4_msgs) StdoutLine: {'line': b'-- Installing: /home/mcfb/ros2_ws/install/px4_msgs/include/px4_msgs/px4_msgs/msg/detail/cellular_status__type_support.c\n'}
[1.768333] (px4_msgs) StdoutLine: {'line': b'-- Installing: /home/mcfb/ros2_ws/install/px4_msgs/include/px4_msgs/px4_msgs/msg/detail/sensor_gnss_relative__type_support.c\n'}
[1.768383] (px4_msgs) StdoutLine: {'line': b'-- Up-to-date: /home/mcfb/ros2_ws/install/px4_msgs/include/px4_msgs/px4_msgs/msg/detail/sensors_status__rosidl_typesupport_introspection_c.h\n'}
[1.768418] (px4_msgs) StdoutLine: {'line': b'-- Installing: /home/mcfb/ros2_ws/install/px4_msgs/include/px4_msgs/px4_msgs/msg/detail/geofence_status__type_support.c\n'}
[1.768452] (px4_msgs) StdoutLine: {'line': b'-- Installing: /home/mcfb/ros2_ws/install/px4_msgs/include/px4_msgs/px4_msgs/msg/detail/position_controller_landing_status__type_support.c\n'}
[1.768485] (px4_msgs) StdoutLine: {'line': b'-- Installing: /home/mcfb/ros2_ws/install/px4_msgs/include/px4_msgs/px4_msgs/msg/detail/debug_value__type_support.c\n'}
[1.768520] (px4_msgs) StdoutLine: {'line': b'-- Installing: /home/mcfb/ros2_ws/install/px4_msgs/include/px4_msgs/px4_msgs/msg/detail/gimbal_device_information__type_support.c\n'}
[1.768553] (px4_msgs) StdoutLine: {'line': b'-- Up-to-date: /home/mcfb/ros2_ws/install/px4_msgs/include/px4_msgs/px4_msgs/msg/detail/mission__rosidl_typesupport_introspection_c.h\n'}
[1.768587] (px4_msgs) StdoutLine: {'line': b'-- Installing: /home/mcfb/ros2_ws/install/px4_msgs/include/px4_msgs/px4_msgs/msg/detail/estimator_status__type_support.c\n'}
[1.768620] (px4_msgs) StdoutLine: {'line': b'-- Installing: /home/mcfb/ros2_ws/install/px4_msgs/include/px4_msgs/px4_msgs/msg/detail/rc_parameter_map__type_support.c\n'}
[1.768654] (px4_msgs) StdoutLine: {'line': b'-- Up-to-date: /home/mcfb/ros2_ws/install/px4_msgs/include/px4_msgs/px4_msgs/msg/detail/cpuload__rosidl_typesupport_introspection_c.h\n'}
[1.768694] (px4_msgs) StdoutLine: {'line': b'-- Up-to-date: /home/mcfb/ros2_ws/install/px4_msgs/include/px4_msgs/px4_msgs/msg/detail/sensor_mag__rosidl_typesupport_introspection_c.h\n'}
[1.768745] (px4_msgs) StdoutLine: {'line': b'-- Installing: /home/mcfb/ros2_ws/install/px4_msgs/include/px4_msgs/px4_msgs/msg/detail/sensor_gyro_fft__type_support.c\n'}
[1.768793] (px4_msgs) StdoutLine: {'line': b'-- Up-to-date: /home/mcfb/ros2_ws/install/px4_msgs/include/px4_msgs/px4_msgs/msg/detail/home_position__rosidl_typesupport_introspection_c.h\n'}
[1.768841] (px4_msgs) StdoutLine: {'line': b'-- Installing: /home/mcfb/ros2_ws/install/px4_msgs/include/px4_msgs/px4_msgs/msg/detail/airspeed_wind__type_support.c\n'}
[1.768890] (px4_msgs) StdoutLine: {'line': b'-- Up-to-date: /home/mcfb/ros2_ws/install/px4_msgs/include/px4_msgs/px4_msgs/msg/detail/mission_result__rosidl_typesupport_introspection_c.h\n'}
[1.768950] (px4_msgs) StdoutLine: {'line': b'-- Up-to-date: /home/mcfb/ros2_ws/install/px4_msgs/include/px4_msgs/px4_msgs/msg/detail/cellular_status__rosidl_typesupport_introspection_c.h\n'}
[1.769002] (px4_msgs) StdoutLine: {'line': b'-- Up-to-date: /home/mcfb/ros2_ws/install/px4_msgs/include/px4_msgs/px4_msgs/msg/detail/uavcan_parameter_request__rosidl_typesupport_introspection_c.h\n'}
[1.769051] (px4_msgs) StdoutLine: {'line': b'-- Installing: /home/mcfb/ros2_ws/install/px4_msgs/include/px4_msgs/px4_msgs/msg/detail/vehicle_rates_setpoint__type_support.c\n'}
[1.769087] (px4_msgs) StdoutLine: {'line': b'-- Up-to-date: /home/mcfb/ros2_ws/install/px4_msgs/include/px4_msgs/px4_msgs/msg/detail/vehicle_air_data__rosidl_typesupport_introspection_c.h\n'}
[1.769123] (px4_msgs) StdoutLine: {'line': b'-- Up-to-date: /home/mcfb/ros2_ws/install/px4_msgs/include/px4_msgs/px4_msgs/msg/detail/follow_target__rosidl_typesupport_introspection_c.h\n'}
[1.769173] (px4_msgs) StdoutLine: {'line': b'-- Installing: /home/mcfb/ros2_ws/install/px4_msgs/include/px4_msgs/px4_msgs/msg/detail/power_monitor__type_support.c\n'}
[1.769221] (px4_msgs) StdoutLine: {'line': b'-- Installing: /home/mcfb/ros2_ws/install/px4_msgs/include/px4_msgs/px4_msgs/msg/detail/sensor_airflow__type_support.c\n'}
[1.769271] (px4_msgs) StdoutLine: {'line': b'-- Installing: /home/mcfb/ros2_ws/install/px4_msgs/include/px4_msgs/px4_msgs/msg/detail/estimator_aid_source1d__type_support.c\n'}
[1.769319] (px4_msgs) StdoutLine: {'line': b'-- Up-to-date: /home/mcfb/ros2_ws/install/px4_msgs/include/px4_msgs/px4_msgs/msg/detail/vehicle_control_mode__rosidl_typesupport_introspection_c.h\n'}
[1.769367] (px4_msgs) StdoutLine: {'line': b'-- Up-to-date: /home/mcfb/ros2_ws/install/px4_msgs/include/px4_msgs/px4_msgs/msg/detail/estimator_gps_status__rosidl_typesupport_introspection_c.h\n'}
[1.769417] (px4_msgs) StdoutLine: {'line': b'-- Up-to-date: /home/mcfb/ros2_ws/install/px4_msgs/include/px4_msgs/px4_msgs/msg/detail/orb_test_large__rosidl_typesupport_introspection_c.h\n'}
[1.769466] (px4_msgs) StdoutLine: {'line': b'-- Installing: /home/mcfb/ros2_ws/install/px4_msgs/include/px4_msgs/px4_msgs/msg/detail/actuator_servos__type_support.c\n'}
[1.769514] (px4_msgs) StdoutLine: {'line': b'-- Up-to-date: /home/mcfb/ros2_ws/install/px4_msgs/include/px4_msgs/px4_msgs/msg/detail/dataman_response__rosidl_typesupport_introspection_c.h\n'}
[1.769571] (px4_msgs) StdoutLine: {'line': b'-- Installing: /home/mcfb/ros2_ws/install/px4_msgs/include/px4_msgs/px4_msgs/msg/detail/rover_attitude_status__type_support.c\n'}
[1.769637] (px4_msgs) StdoutLine: {'line': b'-- Installing: /home/mcfb/ros2_ws/install/px4_msgs/include/px4_msgs/px4_msgs/msg/detail/orb_test__type_support.c\n'}
[1.769681] (px4_msgs) StdoutLine: {'line': b'-- Up-to-date: /home/mcfb/ros2_ws/install/px4_msgs/include/px4_msgs/px4_msgs/msg/detail/vehicle_magnetometer__rosidl_typesupport_introspection_c.h\n'}
[1.769734] (px4_msgs) StdoutLine: {'line': b'-- Installing: /home/mcfb/ros2_ws/install/px4_msgs/include/px4_msgs/px4_msgs/msg/detail/vehicle_attitude_setpoint__type_support.c\n'}
[1.769770] (px4_msgs) StdoutLine: {'line': b'-- Installing: /home/mcfb/ros2_ws/install/px4_msgs/include/px4_msgs/px4_msgs/msg/detail/flight_phase_estimation__type_support.c\n'}
[1.769804] (px4_msgs) StdoutLine: {'line': b'-- Up-to-date: /home/mcfb/ros2_ws/install/px4_msgs/include/px4_msgs/px4_msgs/msg/detail/vehicle_command__rosidl_typesupport_introspection_c.h\n'}
[1.769836] (px4_msgs) StdoutLine: {'line': b'-- Up-to-date: /home/mcfb/ros2_ws/install/px4_msgs/include/px4_msgs/px4_msgs/msg/detail/transponder_report__rosidl_typesupport_introspection_c.h\n'}
[1.769870] (px4_msgs) StdoutLine: {'line': b'-- Up-to-date: /home/mcfb/ros2_ws/install/px4_msgs/include/px4_msgs/px4_msgs/msg/detail/mag_worker_data__rosidl_typesupport_introspection_c.h\n'}
[1.769904] (px4_msgs) StdoutLine: {'line': b'-- Up-to-date: /home/mcfb/ros2_ws/install/px4_msgs/include/px4_msgs/px4_msgs/msg/detail/position_setpoint__rosidl_typesupport_introspection_c.h\n'}
[1.769952] (px4_msgs) StdoutLine: {'line': b'-- Up-to-date: /home/mcfb/ros2_ws/install/px4_msgs/include/px4_msgs/px4_msgs/msg/detail/event__rosidl_typesupport_introspection_c.h\n'}
[1.770001] (px4_msgs) StdoutLine: {'line': b'-- Installing: /home/mcfb/ros2_ws/install/px4_msgs/include/px4_msgs/px4_msgs/msg/detail/telemetry_status__type_support.c\n'}
[1.770050] (px4_msgs) StdoutLine: {'line': b'-- Up-to-date: /home/mcfb/ros2_ws/install/px4_msgs/include/px4_msgs/px4_msgs/msg/detail/orbit_status__rosidl_typesupport_introspection_c.h\n'}
[1.770100] (px4_msgs) StdoutLine: {'line': b'-- Installing: /home/mcfb/ros2_ws/install/px4_msgs/include/px4_msgs/px4_msgs/msg/detail/sensor_mag__type_support.c\n'}
[1.770149] (px4_msgs) StdoutLine: {'line': b'-- Installing: /home/mcfb/ros2_ws/install/px4_msgs/include/px4_msgs/px4_msgs/msg/detail/vehicle_local_position_setpoint__type_support.c\n'}
[1.770198] (px4_msgs) StdoutLine: {'line': b'-- Installing: /home/mcfb/ros2_ws/install/px4_msgs/include/px4_msgs/px4_msgs/msg/detail/led_control__type_support.c\n'}
[1.770247] (px4_msgs) StdoutLine: {'line': b'-- Up-to-date: /home/mcfb/ros2_ws/install/px4_msgs/include/px4_msgs/px4_msgs/msg/detail/open_drone_id_arm_status__rosidl_typesupport_introspection_c.h\n'}
[1.770295] (px4_msgs) StdoutLine: {'line': b'-- Installing: /home/mcfb/ros2_ws/install/px4_msgs/include/px4_msgs/px4_msgs/msg/detail/parameter_reset_request__type_support.c\n'}
[1.770343] (px4_msgs) StdoutLine: {'line': b'-- Installing: /home/mcfb/ros2_ws/install/px4_msgs/include/px4_msgs/px4_msgs/msg/detail/config_overrides__type_support.c\n'}
[1.770391] (px4_msgs) StdoutLine: {'line': b'-- Installing: /home/mcfb/ros2_ws/install/px4_msgs/include/px4_msgs/px4_msgs/msg/detail/rover_speed_status__type_support.c\n'}
[1.770439] (px4_msgs) StdoutLine: {'line': b'-- Up-to-date: /home/mcfb/ros2_ws/install/px4_msgs/include/px4_msgs/px4_msgs/msg/detail/dronecan_node_status__rosidl_typesupport_introspection_c.h\n'}
[1.770540] (px4_msgs) StdoutLine: {'line': b'-- Installing: /home/mcfb/ros2_ws/install/px4_msgs/include/px4_msgs/px4_msgs/msg/detail/mavlink_tunnel__type_support.c\n'}
[1.770578] (px4_msgs) StdoutLine: {'line': b'-- Up-to-date: /home/mcfb/ros2_ws/install/px4_msgs/include/px4_msgs/px4_msgs/msg/detail/irlock_report__rosidl_typesupport_introspection_c.h\n'}
[1.770637] (px4_msgs) StdoutLine: {'line': b'-- Up-to-date: /home/mcfb/ros2_ws/install/px4_msgs/include/px4_msgs/px4_msgs/msg/detail/internal_combustion_engine_control__rosidl_typesupport_introspection_c.h\n'}
[1.770681] (px4_msgs) StdoutLine: {'line': b'-- Installing: /home/mcfb/ros2_ws/install/px4_msgs/include/px4_msgs/px4_msgs/msg/detail/vehicle_acceleration__type_support.c\n'}
[1.770727] (px4_msgs) StdoutLine: {'line': b'-- Up-to-date: /home/mcfb/ros2_ws/install/px4_msgs/include/px4_msgs/px4_msgs/msg/detail/figure_eight_status__rosidl_typesupport_introspection_c.h\n'}
[1.770777] (px4_msgs) StdoutLine: {'line': b'-- Installing: /home/mcfb/ros2_ws/install/px4_msgs/include/px4_msgs/px4_msgs/msg/detail/gimbal_manager_set_manual_control__type_support.c\n'}
[1.770836] (px4_msgs) StdoutLine: {'line': b'-- Up-to-date: /home/mcfb/ros2_ws/install/px4_msgs/include/px4_msgs/px4_msgs/msg/detail/gimbal_controls__rosidl_typesupport_introspection_c.h\n'}
[1.770891] (px4_msgs) StdoutLine: {'line': b'-- Installing: /home/mcfb/ros2_ws/install/px4_msgs/include/px4_msgs/px4_msgs/msg/detail/lateral_control_configuration__type_support.c\n'}
[1.770948] (px4_msgs) StdoutLine: {'line': b'-- Installing: /home/mcfb/ros2_ws/install/px4_msgs/include/px4_msgs/px4_msgs/msg/detail/airspeed_validated__type_support.c\n'}
[1.771043] (px4_msgs) StdoutLine: {'line': b'-- Up-to-date: /home/mcfb/ros2_ws/install/px4_msgs/include/px4_msgs/px4_msgs/msg/detail/gimbal_device_attitude_status__rosidl_typesupport_introspection_c.h\n'}
[1.771105] (px4_msgs) StdoutLine: {'line': b'-- Installing: /home/mcfb/ros2_ws/install/px4_msgs/include/px4_msgs/px4_msgs/msg/detail/actuator_test__type_support.c\n'}
[1.771161] (px4_msgs) StdoutLine: {'line': b'-- Up-to-date: /home/mcfb/ros2_ws/install/px4_msgs/include/px4_msgs/px4_msgs/msg/detail/battery_status__rosidl_typesupport_introspection_c.h\n'}
[1.771219] (px4_msgs) StdoutLine: {'line': b'-- Up-to-date: /home/mcfb/ros2_ws/install/px4_msgs/include/px4_msgs/px4_msgs/msg/detail/sensor_hygrometer__rosidl_typesupport_introspection_c.h\n'}
[1.771372] (px4_msgs) StdoutLine: {'line': b'-- Up-to-date: /home/mcfb/ros2_ws/install/px4_msgs/include/px4_msgs/px4_msgs/msg/detail/geofence_status__rosidl_typesupport_introspection_c.h\n'}
[1.771410] (px4_msgs) StdoutLine: {'line': b'-- Up-to-date: /home/mcfb/ros2_ws/install/px4_msgs/include/px4_msgs/px4_msgs/msg/detail/landing_target_pose__rosidl_typesupport_introspection_c.h\n'}
[1.771444] (px4_msgs) StdoutLine: {'line': b'-- Up-to-date: /home/mcfb/ros2_ws/install/px4_msgs/include/px4_msgs/px4_msgs/msg/detail/fixed_wing_lateral_status__rosidl_typesupport_introspection_c.h\n'}
[1.771479] (px4_msgs) StdoutLine: {'line': b'-- Installing: /home/mcfb/ros2_ws/install/px4_msgs/include/px4_msgs/px4_msgs/msg/detail/register_ext_component_reply__type_support.c\n'}
[1.771514] (px4_msgs) StdoutLine: {'line': b'-- Installing: /home/mcfb/ros2_ws/install/px4_msgs/include/px4_msgs/px4_msgs/msg/detail/geofence_result__type_support.c\n'}
[1.771552] (px4_msgs) StdoutLine: {'line': b'-- Installing: /home/mcfb/ros2_ws/install/px4_msgs/include/px4_msgs/px4_msgs/msg/detail/rpm__type_support.c\n'}
[1.771590] (px4_msgs) StdoutLine: {'line': b'-- Up-to-date: /home/mcfb/ros2_ws/install/px4_msgs/include/px4_msgs/px4_msgs/msg/detail/rc_channels__rosidl_typesupport_introspection_c.h\n'}
[1.771627] (px4_msgs) StdoutLine: {'line': b'-- Up-to-date: /home/mcfb/ros2_ws/install/px4_msgs/include/px4_msgs/px4_msgs/msg/detail/estimator_innovations__rosidl_typesupport_introspection_c.h\n'}
[1.771663] (px4_msgs) StdoutLine: {'line': b'-- Up-to-date: /home/mcfb/ros2_ws/install/px4_msgs/include/px4_msgs/px4_msgs/msg/detail/mount_orientation__rosidl_typesupport_introspection_c.h\n'}
[1.771710] (px4_msgs) StdoutLine: {'line': b'-- Up-to-date: /home/mcfb/ros2_ws/install/px4_msgs/include/px4_msgs/px4_msgs/msg/detail/vehicle_command_ack__rosidl_typesupport_introspection_c.h\n'}
[1.771748] (px4_msgs) StdoutLine: {'line': b'-- Installing: /home/mcfb/ros2_ws/install/px4_msgs/include/px4_msgs/px4_msgs/msg/detail/rtl_status__type_support.c\n'}
[1.771785] (px4_msgs) StdoutLine: {'line': b'-- Up-to-date: /home/mcfb/ros2_ws/install/px4_msgs/include/px4_msgs/px4_msgs/msg/detail/landing_gear_wheel__rosidl_typesupport_introspection_c.h\n'}
[1.771822] (px4_msgs) StdoutLine: {'line': b'-- Installing: /home/mcfb/ros2_ws/install/px4_msgs/include/px4_msgs/px4_msgs/msg/detail/differential_pressure__type_support.c\n'}
[1.771858] (px4_msgs) StdoutLine: {'line': b'-- Up-to-date: /home/mcfb/ros2_ws/install/px4_msgs/include/px4_msgs/px4_msgs/msg/detail/button_event__rosidl_typesupport_introspection_c.h\n'}
[1.771893] (px4_msgs) StdoutLine: {'line': b'-- Up-to-date: /home/mcfb/ros2_ws/install/px4_msgs/include/px4_msgs/px4_msgs/msg/detail/rover_position_setpoint__rosidl_typesupport_introspection_c.h\n'}
[1.771929] (px4_msgs) StdoutLine: {'line': b'-- Up-to-date: /home/mcfb/ros2_ws/install/px4_msgs/include/px4_msgs/px4_msgs/msg/detail/vehicle_constraints__rosidl_typesupport_introspection_c.h\n'}
[1.771964] (px4_msgs) StdoutLine: {'line': b'-- Installing: /home/mcfb/ros2_ws/install/px4_msgs/include/px4_msgs/px4_msgs/msg/detail/sensor_baro__type_support.c\n'}
[1.772000] (px4_msgs) StdoutLine: {'line': b'-- Up-to-date: /home/mcfb/ros2_ws/install/px4_msgs/include/px4_msgs/px4_msgs/msg/detail/mode_completed__rosidl_typesupport_introspection_c.h\n'}
[1.772036] (px4_msgs) StdoutLine: {'line': b'-- Up-to-date: /home/mcfb/ros2_ws/install/px4_msgs/include/px4_msgs/px4_msgs/msg/detail/radio_status__rosidl_typesupport_introspection_c.h\n'}
[1.772072] (px4_msgs) StdoutLine: {'line': b'-- Up-to-date: /home/mcfb/ros2_ws/install/px4_msgs/lib/libpx4_msgs__rosidl_typesupport_introspection_c.so\n'}
[1.772108] (px4_msgs) StdoutLine: {'line': b'-- Up-to-date: /home/mcfb/ros2_ws/install/px4_msgs/lib/libpx4_msgs__rosidl_typesupport_c.so\n'}
[1.772368] (px4_msgs) StdoutLine: {'line': b'-- Up-to-date: /home/mcfb/ros2_ws/install/px4_msgs/include/px4_msgs/px4_msgs\n'}
[1.772422] (px4_msgs) StdoutLine: {'line': b'-- Up-to-date: /home/mcfb/ros2_ws/install/px4_msgs/include/px4_msgs/px4_msgs/srv\n'}
[1.772473] (px4_msgs) StdoutLine: {'line': b'-- Up-to-date: /home/mcfb/ros2_ws/install/px4_msgs/include/px4_msgs/px4_msgs/srv/detail\n'}
[1.772529] (px4_msgs) StdoutLine: {'line': b'-- Up-to-date: /home/mcfb/ros2_ws/install/px4_msgs/include/px4_msgs/px4_msgs/srv/detail/vehicle_command__rosidl_typesupport_introspection_cpp.hpp\n'}
[1.772581] (px4_msgs) StdoutLine: {'line': b'-- Up-to-date: /home/mcfb/ros2_ws/install/px4_msgs/include/px4_msgs/px4_msgs/srv/detail/vehicle_command__type_support.cpp\n'}
[1.772635] (px4_msgs) StdoutLine: {'line': b'-- Up-to-date: /home/mcfb/ros2_ws/install/px4_msgs/include/px4_msgs/px4_msgs/msg\n'}
[1.772685] (px4_msgs) StdoutLine: {'line': b'-- Up-to-date: /home/mcfb/ros2_ws/install/px4_msgs/include/px4_msgs/px4_msgs/msg/detail\n'}
[1.772735] (px4_msgs) StdoutLine: {'line': b'-- Up-to-date: /home/mcfb/ros2_ws/install/px4_msgs/include/px4_msgs/px4_msgs/msg/detail/vehicle_roi__type_support.cpp\n'}
[1.772783] (px4_msgs) StdoutLine: {'line': b'-- Up-to-date: /home/mcfb/ros2_ws/install/px4_msgs/include/px4_msgs/px4_msgs/msg/detail/sensors_status__type_support.cpp\n'}
[1.772823] (px4_msgs) StdoutLine: {'line': b'-- Up-to-date: /home/mcfb/ros2_ws/install/px4_msgs/include/px4_msgs/px4_msgs/msg/detail/actuator_test__type_support.cpp\n'}
[1.772860] (px4_msgs) StdoutLine: {'line': b'-- Up-to-date: /home/mcfb/ros2_ws/install/px4_msgs/include/px4_msgs/px4_msgs/msg/detail/esc_report__rosidl_typesupport_introspection_cpp.hpp\n'}
[1.772917] (px4_msgs) StdoutLine: {'line': b'-- Up-to-date: /home/mcfb/ros2_ws/install/px4_msgs/include/px4_msgs/px4_msgs/msg/detail/distance_sensor_mode_change_request__rosidl_typesupport_introspection_cpp.hpp\n'}
[1.772979] (px4_msgs) StdoutLine: {'line': b'-- Up-to-date: /home/mcfb/ros2_ws/install/px4_msgs/include/px4_msgs/px4_msgs/msg/detail/telemetry_status__type_support.cpp\n'}
[1.773029] (px4_msgs) StdoutLine: {'line': b'-- Up-to-date: /home/mcfb/ros2_ws/install/px4_msgs/include/px4_msgs/px4_msgs/msg/detail/manual_control_setpoint__rosidl_typesupport_introspection_cpp.hpp\n'}
[1.773079] (px4_msgs) StdoutLine: {'line': b'-- Up-to-date: /home/mcfb/ros2_ws/install/px4_msgs/include/px4_msgs/px4_msgs/msg/detail/rover_throttle_setpoint__rosidl_typesupport_introspection_cpp.hpp\n'}
[1.773128] (px4_msgs) StdoutLine: {'line': b'-- Up-to-date: /home/mcfb/ros2_ws/install/px4_msgs/include/px4_msgs/px4_msgs/msg/detail/wheel_encoders__type_support.cpp\n'}
[1.773175] (px4_msgs) StdoutLine: {'line': b'-- Up-to-date: /home/mcfb/ros2_ws/install/px4_msgs/include/px4_msgs/px4_msgs/msg/detail/position_controller_landing_status__rosidl_typesupport_introspection_cpp.hpp\n'}
[1.773212] (px4_msgs) StdoutLine: {'line': b'-- Up-to-date: /home/mcfb/ros2_ws/install/px4_msgs/include/px4_msgs/px4_msgs/msg/detail/sensor_gyro__type_support.cpp\n'}
[1.773249] (px4_msgs) StdoutLine: {'line': b'-- Up-to-date: /home/mcfb/ros2_ws/install/px4_msgs/include/px4_msgs/px4_msgs/msg/detail/gimbal_manager_set_manual_control__rosidl_typesupport_introspection_cpp.hpp\n'}
[1.773285] (px4_msgs) StdoutLine: {'line': b'-- Up-to-date: /home/mcfb/ros2_ws/install/px4_msgs/include/px4_msgs/px4_msgs/msg/detail/parameter_set_used_request__type_support.cpp\n'}
[1.773322] (px4_msgs) StdoutLine: {'line': b'-- Up-to-date: /home/mcfb/ros2_ws/install/px4_msgs/include/px4_msgs/px4_msgs/msg/detail/trajectory_setpoint6dof__type_support.cpp\n'}
[1.773363] (px4_msgs) StdoutLine: {'line': b'-- Up-to-date: /home/mcfb/ros2_ws/install/px4_msgs/include/px4_msgs/px4_msgs/msg/detail/uavcan_parameter_request__rosidl_typesupport_introspection_cpp.hpp\n'}
[1.773407] (px4_msgs) StdoutLine: {'line': b'-- Up-to-date: /home/mcfb/ros2_ws/install/px4_msgs/include/px4_msgs/px4_msgs/msg/detail/takeoff_status__type_support.cpp\n'}
[1.773563] (px4_msgs) StdoutLine: {'line': b'-- Up-to-date: /home/mcfb/ros2_ws/install/px4_msgs/include/px4_msgs/px4_msgs/msg/detail/vehicle_optical_flow_vel__type_support.cpp\n'}
[1.773611] (px4_msgs) StdoutLine: {'line': b'-- Up-to-date: /home/mcfb/ros2_ws/install/px4_msgs/include/px4_msgs/px4_msgs/msg/detail/sensor_gyro_fifo__type_support.cpp\n'}
[1.773648] (px4_msgs) StdoutLine: {'line': b'-- Up-to-date: /home/mcfb/ros2_ws/install/px4_msgs/include/px4_msgs/px4_msgs/msg/detail/health_report__rosidl_typesupport_introspection_cpp.hpp\n'}
[1.773694] (px4_msgs) StdoutLine: {'line': b'-- Up-to-date: /home/mcfb/ros2_ws/install/px4_msgs/include/px4_msgs/px4_msgs/msg/detail/sensor_hygrometer__type_support.cpp\n'}
[1.773733] (px4_msgs) StdoutLine: {'line': b'-- Up-to-date: /home/mcfb/ros2_ws/install/px4_msgs/include/px4_msgs/px4_msgs/msg/detail/position_controller_status__type_support.cpp\n'}
[1.773781] (px4_msgs) StdoutLine: {'line': b'-- Up-to-date: /home/mcfb/ros2_ws/install/px4_msgs/include/px4_msgs/px4_msgs/msg/detail/estimator_status__rosidl_typesupport_introspection_cpp.hpp\n'}
[1.773836] (px4_msgs) StdoutLine: {'line': b'-- Up-to-date: /home/mcfb/ros2_ws/install/px4_msgs/include/px4_msgs/px4_msgs/msg/detail/estimator_aid_source2d__rosidl_typesupport_introspection_cpp.hpp\n'}
[1.773888] (px4_msgs) StdoutLine: {'line': b'-- Up-to-date: /home/mcfb/ros2_ws/install/px4_msgs/include/px4_msgs/px4_msgs/msg/detail/fixed_wing_lateral_status__type_support.cpp\n'}
[1.773941] (px4_msgs) StdoutLine: {'line': b'-- Up-to-date: /home/mcfb/ros2_ws/install/px4_msgs/include/px4_msgs/px4_msgs/msg/detail/airspeed_wind__type_support.cpp\n'}
[1.773993] (px4_msgs) StdoutLine: {'line': b'-- Up-to-date: /home/mcfb/ros2_ws/install/px4_msgs/include/px4_msgs/px4_msgs/msg/detail/airspeed_validated__type_support.cpp\n'}
[1.774042] (px4_msgs) StdoutLine: {'line': b'-- Up-to-date: /home/mcfb/ros2_ws/install/px4_msgs/include/px4_msgs/px4_msgs/msg/detail/geofence_result__rosidl_typesupport_introspection_cpp.hpp\n'}
[1.774101] (px4_msgs) StdoutLine: {'line': b'-- Up-to-date: /home/mcfb/ros2_ws/install/px4_msgs/include/px4_msgs/px4_msgs/msg/detail/yaw_estimator_status__type_support.cpp\n'}
[1.774143] (px4_msgs) StdoutLine: {'line': b'-- Up-to-date: /home/mcfb/ros2_ws/install/px4_msgs/include/px4_msgs/px4_msgs/msg/detail/vehicle_attitude_setpoint__rosidl_typesupport_introspection_cpp.hpp\n'}
[1.774183] (px4_msgs) StdoutLine: {'line': b'-- Up-to-date: /home/mcfb/ros2_ws/install/px4_msgs/include/px4_msgs/px4_msgs/msg/detail/estimator_status_flags__rosidl_typesupport_introspection_cpp.hpp\n'}
[1.774220] (px4_msgs) StdoutLine: {'line': b'-- Up-to-date: /home/mcfb/ros2_ws/install/px4_msgs/include/px4_msgs/px4_msgs/msg/detail/estimator_selector_status__rosidl_typesupport_introspection_cpp.hpp\n'}
[1.774277] (px4_msgs) StdoutLine: {'line': b'-- Up-to-date: /home/mcfb/ros2_ws/install/px4_msgs/include/px4_msgs/px4_msgs/msg/detail/rover_throttle_setpoint__type_support.cpp\n'}
[1.774320] (px4_msgs) StdoutLine: {'line': b'-- Up-to-date: /home/mcfb/ros2_ws/install/px4_msgs/include/px4_msgs/px4_msgs/msg/detail/tiltrotor_extra_controls__type_support.cpp\n'}
[1.774356] (px4_msgs) StdoutLine: {'line': b'-- Up-to-date: /home/mcfb/ros2_ws/install/px4_msgs/include/px4_msgs/px4_msgs/msg/detail/input_rc__rosidl_typesupport_introspection_cpp.hpp\n'}
[1.774394] (px4_msgs) StdoutLine: {'line': b'-- Up-to-date: /home/mcfb/ros2_ws/install/px4_msgs/include/px4_msgs/px4_msgs/msg/detail/estimator_innovations__rosidl_typesupport_introspection_cpp.hpp\n'}
[1.774480] (px4_msgs) StdoutLine: {'line': b'-- Up-to-date: /home/mcfb/ros2_ws/install/px4_msgs/include/px4_msgs/px4_msgs/msg/detail/rover_rate_setpoint__type_support.cpp\n'}
[1.774525] (px4_msgs) StdoutLine: {'line': b'-- Up-to-date: /home/mcfb/ros2_ws/install/px4_msgs/include/px4_msgs/px4_msgs/msg/detail/sensor_uwb__type_support.cpp\n'}
[1.774568] (px4_msgs) StdoutLine: {'line': b'-- Up-to-date: /home/mcfb/ros2_ws/install/px4_msgs/include/px4_msgs/px4_msgs/msg/detail/fuel_tank_status__type_support.cpp\n'}
[1.774631] (px4_msgs) StdoutLine: {'line': b'-- Up-to-date: /home/mcfb/ros2_ws/install/px4_msgs/include/px4_msgs/px4_msgs/msg/detail/follow_target_estimator__type_support.cpp\n'}
[1.774665] (px4_msgs) StdoutLine: {'line': b'-- Up-to-date: /home/mcfb/ros2_ws/install/px4_msgs/include/px4_msgs/px4_msgs/msg/detail/unregister_ext_component__type_support.cpp\n'}
[1.774707] (px4_msgs) StdoutLine: {'line': b'-- Up-to-date: /home/mcfb/ros2_ws/install/px4_msgs/include/px4_msgs/px4_msgs/msg/detail/ekf2_timestamps__type_support.cpp\n'}
[1.774742] (px4_msgs) StdoutLine: {'line': b'-- Up-to-date: /home/mcfb/ros2_ws/install/px4_msgs/include/px4_msgs/px4_msgs/msg/detail/pps_capture__type_support.cpp\n'}
[1.774794] (px4_msgs) StdoutLine: {'line': b'-- Up-to-date: /home/mcfb/ros2_ws/install/px4_msgs/include/px4_msgs/px4_msgs/msg/detail/arming_check_request__type_support.cpp\n'}
[1.774848] (px4_msgs) StdoutLine: {'line': b'-- Up-to-date: /home/mcfb/ros2_ws/install/px4_msgs/include/px4_msgs/px4_msgs/msg/detail/battery_info__type_support.cpp\n'}
[1.774910] (px4_msgs) StdoutLine: {'line': b'-- Up-to-date: /home/mcfb/ros2_ws/install/px4_msgs/include/px4_msgs/px4_msgs/msg/detail/follow_target__type_support.cpp\n'}
[1.774955] (px4_msgs) StdoutLine: {'line': b'-- Up-to-date: /home/mcfb/ros2_ws/install/px4_msgs/include/px4_msgs/px4_msgs/msg/detail/sensor_hygrometer__rosidl_typesupport_introspection_cpp.hpp\n'}
[1.775014] (px4_msgs) StdoutLine: {'line': b'-- Up-to-date: /home/mcfb/ros2_ws/install/px4_msgs/include/px4_msgs/px4_msgs/msg/detail/fixed_wing_runway_control__type_support.cpp\n'}
[1.775058] (px4_msgs) StdoutLine: {'line': b'-- Up-to-date: /home/mcfb/ros2_ws/install/px4_msgs/include/px4_msgs/px4_msgs/msg/detail/message_format_response__type_support.cpp\n'}
[1.775100] (px4_msgs) StdoutLine: {'line': b'-- Up-to-date: /home/mcfb/ros2_ws/install/px4_msgs/include/px4_msgs/px4_msgs/msg/detail/mavlink_log__type_support.cpp\n'}
[1.775141] (px4_msgs) StdoutLine: {'line': b'-- Up-to-date: /home/mcfb/ros2_ws/install/px4_msgs/include/px4_msgs/px4_msgs/msg/detail/vehicle_magnetometer__type_support.cpp\n'}
[1.775181] (px4_msgs) StdoutLine: {'line': b'-- Up-to-date: /home/mcfb/ros2_ws/install/px4_msgs/include/px4_msgs/px4_msgs/msg/detail/generator_status__type_support.cpp\n'}
[1.775221] (px4_msgs) StdoutLine: {'line': b'-- Up-to-date: /home/mcfb/ros2_ws/install/px4_msgs/include/px4_msgs/px4_msgs/msg/detail/sensor_baro__rosidl_typesupport_introspection_cpp.hpp\n'}
[1.775260] (px4_msgs) StdoutLine: {'line': b'-- Up-to-date: /home/mcfb/ros2_ws/install/px4_msgs/include/px4_msgs/px4_msgs/msg/detail/debug_vect__rosidl_typesupport_introspection_cpp.hpp\n'}
[1.775300] (px4_msgs) StdoutLine: {'line': b'-- Up-to-date: /home/mcfb/ros2_ws/install/px4_msgs/include/px4_msgs/px4_msgs/msg/detail/gpio_in__type_support.cpp\n'}
[1.775338] (px4_msgs) StdoutLine: {'line': b'-- Up-to-date: /home/mcfb/ros2_ws/install/px4_msgs/include/px4_msgs/px4_msgs/msg/detail/gpio_request__rosidl_typesupport_introspection_cpp.hpp\n'}
[1.775376] (px4_msgs) StdoutLine: {'line': b'-- Up-to-date: /home/mcfb/ros2_ws/install/px4_msgs/include/px4_msgs/px4_msgs/msg/detail/vehicle_acceleration__type_support.cpp\n'}
[1.775456] (px4_msgs) StdoutLine: {'line': b'-- Up-to-date: /home/mcfb/ros2_ws/install/px4_msgs/include/px4_msgs/px4_msgs/msg/detail/gpio_request__type_support.cpp\n'}
[1.775509] (px4_msgs) StdoutLine: {'line': b'-- Up-to-date: /home/mcfb/ros2_ws/install/px4_msgs/include/px4_msgs/px4_msgs/msg/detail/orb_test_large__type_support.cpp\n'}
[1.775544] (px4_msgs) StdoutLine: {'line': b'-- Up-to-date: /home/mcfb/ros2_ws/install/px4_msgs/include/px4_msgs/px4_msgs/msg/detail/manual_control_switches__type_support.cpp\n'}
[1.775578] (px4_msgs) StdoutLine: {'line': b'-- Up-to-date: /home/mcfb/ros2_ws/install/px4_msgs/include/px4_msgs/px4_msgs/msg/detail/vehicle_local_position_setpoint__type_support.cpp\n'}
[1.775612] (px4_msgs) StdoutLine: {'line': b'-- Up-to-date: /home/mcfb/ros2_ws/install/px4_msgs/include/px4_msgs/px4_msgs/msg/detail/pure_pursuit_status__type_support.cpp\n'}
[1.775648] (px4_msgs) StdoutLine: {'line': b'-- Up-to-date: /home/mcfb/ros2_ws/install/px4_msgs/include/px4_msgs/px4_msgs/msg/detail/vehicle_local_position_setpoint__rosidl_typesupport_introspection_cpp.hpp\n'}
[1.775689] (px4_msgs) StdoutLine: {'line': b'-- Up-to-date: /home/mcfb/ros2_ws/install/px4_msgs/include/px4_msgs/px4_msgs/msg/detail/vehicle_imu_status__type_support.cpp\n'}
[1.775725] (px4_msgs) StdoutLine: {'line': b'-- Up-to-date: /home/mcfb/ros2_ws/install/px4_msgs/include/px4_msgs/px4_msgs/msg/detail/can_interface_status__type_support.cpp\n'}
[1.775758] (px4_msgs) StdoutLine: {'line': b'-- Up-to-date: /home/mcfb/ros2_ws/install/px4_msgs/include/px4_msgs/px4_msgs/msg/detail/ping__rosidl_typesupport_introspection_cpp.hpp\n'}
[1.775791] (px4_msgs) StdoutLine: {'line': b'-- Up-to-date: /home/mcfb/ros2_ws/install/px4_msgs/include/px4_msgs/px4_msgs/msg/detail/ulog_stream__type_support.cpp\n'}
[1.775830] (px4_msgs) StdoutLine: {'line': b'-- Up-to-date: /home/mcfb/ros2_ws/install/px4_msgs/include/px4_msgs/px4_msgs/msg/detail/qshell_retval__rosidl_typesupport_introspection_cpp.hpp\n'}
[1.775865] (px4_msgs) StdoutLine: {'line': b'-- Up-to-date: /home/mcfb/ros2_ws/install/px4_msgs/include/px4_msgs/px4_msgs/msg/detail/rover_rate_status__type_support.cpp\n'}
[1.775901] (px4_msgs) StdoutLine: {'line': b'-- Up-to-date: /home/mcfb/ros2_ws/install/px4_msgs/include/px4_msgs/px4_msgs/msg/detail/gps_dump__rosidl_typesupport_introspection_cpp.hpp\n'}
[1.775938] (px4_msgs) StdoutLine: {'line': b'-- Up-to-date: /home/mcfb/ros2_ws/install/px4_msgs/include/px4_msgs/px4_msgs/msg/detail/camera_status__type_support.cpp\n'}
[1.775974] (px4_msgs) StdoutLine: {'line': b'-- Up-to-date: /home/mcfb/ros2_ws/install/px4_msgs/include/px4_msgs/px4_msgs/msg/detail/vehicle_command_ack__type_support.cpp\n'}
[1.776010] (px4_msgs) StdoutLine: {'line': b'-- Up-to-date: /home/mcfb/ros2_ws/install/px4_msgs/include/px4_msgs/px4_msgs/msg/detail/landing_target_innovations__type_support.cpp\n'}
[1.776047] (px4_msgs) StdoutLine: {'line': b'-- Up-to-date: /home/mcfb/ros2_ws/install/px4_msgs/include/px4_msgs/px4_msgs/msg/detail/mission__rosidl_typesupport_introspection_cpp.hpp\n'}
[1.776083] (px4_msgs) StdoutLine: {'line': b'-- Up-to-date: /home/mcfb/ros2_ws/install/px4_msgs/include/px4_msgs/px4_msgs/msg/detail/rpm__type_support.cpp\n'}
[1.776120] (px4_msgs) StdoutLine: {'line': b'-- Up-to-date: /home/mcfb/ros2_ws/install/px4_msgs/include/px4_msgs/px4_msgs/msg/detail/gimbal_manager_set_attitude__rosidl_typesupport_introspection_cpp.hpp\n'}
[1.776158] (px4_msgs) StdoutLine: {'line': b'-- Up-to-date: /home/mcfb/ros2_ws/install/px4_msgs/include/px4_msgs/px4_msgs/msg/detail/estimator_aid_source3d__type_support.cpp\n'}
[1.776195] (px4_msgs) StdoutLine: {'line': b'-- Up-to-date: /home/mcfb/ros2_ws/install/px4_msgs/include/px4_msgs/px4_msgs/msg/detail/cpuload__type_support.cpp\n'}
[1.776231] (px4_msgs) StdoutLine: {'line': b'-- Up-to-date: /home/mcfb/ros2_ws/install/px4_msgs/include/px4_msgs/px4_msgs/msg/detail/satellite_info__rosidl_typesupport_introspection_cpp.hpp\n'}
[1.776267] (px4_msgs) StdoutLine: {'line': b'-- Up-to-date: /home/mcfb/ros2_ws/install/px4_msgs/include/px4_msgs/px4_msgs/msg/detail/sensor_selection__type_support.cpp\n'}
[1.776304] (px4_msgs) StdoutLine: {'line': b'-- Up-to-date: /home/mcfb/ros2_ws/install/px4_msgs/include/px4_msgs/px4_msgs/msg/detail/actuator_armed__type_support.cpp\n'}
[1.776344] (px4_msgs) StdoutLine: {'line': b'-- Up-to-date: /home/mcfb/ros2_ws/install/px4_msgs/include/px4_msgs/px4_msgs/msg/detail/launch_detection_status__rosidl_typesupport_introspection_cpp.hpp\n'}
[1.776381] (px4_msgs) StdoutLine: {'line': b'-- Up-to-date: /home/mcfb/ros2_ws/install/px4_msgs/include/px4_msgs/px4_msgs/msg/detail/rover_steering_setpoint__type_support.cpp\n'}
[1.776417] (px4_msgs) StdoutLine: {'line': b'-- Up-to-date: /home/mcfb/ros2_ws/install/px4_msgs/include/px4_msgs/px4_msgs/msg/detail/sensor_baro__type_support.cpp\n'}
[1.776456] (px4_msgs) StdoutLine: {'line': b'-- Up-to-date: /home/mcfb/ros2_ws/install/px4_msgs/include/px4_msgs/px4_msgs/msg/detail/dronecan_node_status__rosidl_typesupport_introspection_cpp.hpp\n'}
[1.776528] (px4_msgs) StdoutLine: {'line': b'-- Up-to-date: /home/mcfb/ros2_ws/install/px4_msgs/include/px4_msgs/px4_msgs/msg/detail/sensor_gyro_fifo__rosidl_typesupport_introspection_cpp.hpp\n'}
[1.776566] (px4_msgs) StdoutLine: {'line': b'-- Up-to-date: /home/mcfb/ros2_ws/install/px4_msgs/include/px4_msgs/px4_msgs/msg/detail/estimator_aid_source1d__rosidl_typesupport_introspection_cpp.hpp\n'}
[1.776601] (px4_msgs) StdoutLine: {'line': b'-- Up-to-date: /home/mcfb/ros2_ws/install/px4_msgs/include/px4_msgs/px4_msgs/msg/detail/fixed_wing_longitudinal_setpoint__type_support.cpp\n'}
[1.776636] (px4_msgs) StdoutLine: {'line': b'-- Up-to-date: /home/mcfb/ros2_ws/install/px4_msgs/include/px4_msgs/px4_msgs/msg/detail/rtl_status__rosidl_typesupport_introspection_cpp.hpp\n'}
[1.776669] (px4_msgs) StdoutLine: {'line': b'-- Up-to-date: /home/mcfb/ros2_ws/install/px4_msgs/include/px4_msgs/px4_msgs/msg/detail/config_overrides__rosidl_typesupport_introspection_cpp.hpp\n'}
[1.776713] (px4_msgs) StdoutLine: {'line': b'-- Up-to-date: /home/mcfb/ros2_ws/install/px4_msgs/include/px4_msgs/px4_msgs/msg/detail/gpio_config__rosidl_typesupport_introspection_cpp.hpp\n'}
[1.776747] (px4_msgs) StdoutLine: {'line': b'-- Up-to-date: /home/mcfb/ros2_ws/install/px4_msgs/include/px4_msgs/px4_msgs/msg/detail/sensor_accel_fifo__rosidl_typesupport_introspection_cpp.hpp\n'}
[1.776782] (px4_msgs) StdoutLine: {'line': b'-- Up-to-date: /home/mcfb/ros2_ws/install/px4_msgs/include/px4_msgs/px4_msgs/msg/detail/event__rosidl_typesupport_introspection_cpp.hpp\n'}
[1.776816] (px4_msgs) StdoutLine: {'line': b'-- Up-to-date: /home/mcfb/ros2_ws/install/px4_msgs/include/px4_msgs/px4_msgs/msg/detail/debug_value__rosidl_typesupport_introspection_cpp.hpp\n'}
[1.776850] (px4_msgs) StdoutLine: {'line': b'-- Up-to-date: /home/mcfb/ros2_ws/install/px4_msgs/include/px4_msgs/px4_msgs/msg/detail/sensor_optical_flow__type_support.cpp\n'}
[1.776885] (px4_msgs) StdoutLine: {'line': b'-- Up-to-date: /home/mcfb/ros2_ws/install/px4_msgs/include/px4_msgs/px4_msgs/msg/detail/navigator_mission_item__rosidl_typesupport_introspection_cpp.hpp\n'}
[1.776919] (px4_msgs) StdoutLine: {'line': b'-- Up-to-date: /home/mcfb/ros2_ws/install/px4_msgs/include/px4_msgs/px4_msgs/msg/detail/estimator_status__type_support.cpp\n'}
[1.776957] (px4_msgs) StdoutLine: {'line': b'-- Up-to-date: /home/mcfb/ros2_ws/install/px4_msgs/include/px4_msgs/px4_msgs/msg/detail/lateral_control_configuration__rosidl_typesupport_introspection_cpp.hpp\n'}
[1.777039] (px4_msgs) StdoutLine: {'line': b'-- Up-to-date: /home/mcfb/ros2_ws/install/px4_msgs/include/px4_msgs/px4_msgs/msg/detail/cellular_status__type_support.cpp\n'}
[1.777075] (px4_msgs) StdoutLine: {'line': b'-- Up-to-date: /home/mcfb/ros2_ws/install/px4_msgs/include/px4_msgs/px4_msgs/msg/detail/tiltrotor_extra_controls__rosidl_typesupport_introspection_cpp.hpp\n'}
[1.777110] (px4_msgs) StdoutLine: {'line': b'-- Up-to-date: /home/mcfb/ros2_ws/install/px4_msgs/include/px4_msgs/px4_msgs/msg/detail/position_setpoint__type_support.cpp\n'}
[1.777146] (px4_msgs) StdoutLine: {'line': b'-- Up-to-date: /home/mcfb/ros2_ws/install/px4_msgs/include/px4_msgs/px4_msgs/msg/detail/landing_gear__type_support.cpp\n'}
[1.777201] (px4_msgs) StdoutLine: {'line': b'-- Up-to-date: /home/mcfb/ros2_ws/install/px4_msgs/include/px4_msgs/px4_msgs/msg/detail/position_setpoint_triplet__type_support.cpp\n'}
[1.777259] (px4_msgs) StdoutLine: {'line': b'-- Up-to-date: /home/mcfb/ros2_ws/install/px4_msgs/include/px4_msgs/px4_msgs/msg/detail/distance_sensor__type_support.cpp\n'}
[1.777311] (px4_msgs) StdoutLine: {'line': b'-- Up-to-date: /home/mcfb/ros2_ws/install/px4_msgs/include/px4_msgs/px4_msgs/msg/detail/open_drone_id_self_id__rosidl_typesupport_introspection_cpp.hpp\n'}
[1.777361] (px4_msgs) StdoutLine: {'line': b'-- Up-to-date: /home/mcfb/ros2_ws/install/px4_msgs/include/px4_msgs/px4_msgs/msg/detail/parameter_set_value_request__rosidl_typesupport_introspection_cpp.hpp\n'}
[1.777433] (px4_msgs) StdoutLine: {'line': b'-- Up-to-date: /home/mcfb/ros2_ws/install/px4_msgs/include/px4_msgs/px4_msgs/msg/detail/log_message__type_support.cpp\n'}
[1.777497] (px4_msgs) StdoutLine: {'line': b'-- Up-to-date: /home/mcfb/ros2_ws/install/px4_msgs/include/px4_msgs/px4_msgs/msg/detail/landing_target_pose__rosidl_typesupport_introspection_cpp.hpp\n'}
[1.777536] (px4_msgs) StdoutLine: {'line': b'-- Up-to-date: /home/mcfb/ros2_ws/install/px4_msgs/include/px4_msgs/px4_msgs/msg/detail/orb_test_medium__rosidl_typesupport_introspection_cpp.hpp\n'}
[1.777575] (px4_msgs) StdoutLine: {'line': b'-- Up-to-date: /home/mcfb/ros2_ws/install/px4_msgs/include/px4_msgs/px4_msgs/msg/detail/vehicle_command__rosidl_typesupport_introspection_cpp.hpp\n'}
[1.777630] (px4_msgs) StdoutLine: {'line': b'-- Up-to-date: /home/mcfb/ros2_ws/install/px4_msgs/include/px4_msgs/px4_msgs/msg/detail/open_drone_id_operator_id__type_support.cpp\n'}
[1.777683] (px4_msgs) StdoutLine: {'line': b'-- Up-to-date: /home/mcfb/ros2_ws/install/px4_msgs/include/px4_msgs/px4_msgs/msg/detail/gimbal_manager_set_attitude__type_support.cpp\n'}
[1.777733] (px4_msgs) StdoutLine: {'line': b'-- Up-to-date: /home/mcfb/ros2_ws/install/px4_msgs/include/px4_msgs/px4_msgs/msg/detail/vehicle_acceleration__rosidl_typesupport_introspection_cpp.hpp\n'}
[1.777778] (px4_msgs) StdoutLine: {'line': b'-- Up-to-date: /home/mcfb/ros2_ws/install/px4_msgs/include/px4_msgs/px4_msgs/msg/detail/gpio_out__rosidl_typesupport_introspection_cpp.hpp\n'}
[1.777868] (px4_msgs) StdoutLine: {'line': b'-- Up-to-date: /home/mcfb/ros2_ws/install/px4_msgs/include/px4_msgs/px4_msgs/msg/detail/cellular_status__rosidl_typesupport_introspection_cpp.hpp\n'}
[1.777905] (px4_msgs) StdoutLine: {'line': b'-- Up-to-date: /home/mcfb/ros2_ws/install/px4_msgs/include/px4_msgs/px4_msgs/msg/detail/sensor_combined__rosidl_typesupport_introspection_cpp.hpp\n'}
[1.777943] (px4_msgs) StdoutLine: {'line': b'-- Up-to-date: /home/mcfb/ros2_ws/install/px4_msgs/include/px4_msgs/px4_msgs/msg/detail/vehicle_angular_velocity__rosidl_typesupport_introspection_cpp.hpp\n'}
[1.777978] (px4_msgs) StdoutLine: {'line': b'-- Up-to-date: /home/mcfb/ros2_ws/install/px4_msgs/include/px4_msgs/px4_msgs/msg/detail/uavcan_parameter_value__type_support.cpp\n'}
[1.778012] (px4_msgs) StdoutLine: {'line': b'-- Up-to-date: /home/mcfb/ros2_ws/install/px4_msgs/include/px4_msgs/px4_msgs/msg/detail/mode_completed__type_support.cpp\n'}
[1.778065] (px4_msgs) StdoutLine: {'line': b'-- Up-to-date: /home/mcfb/ros2_ws/install/px4_msgs/include/px4_msgs/px4_msgs/msg/detail/sensor_gnss_status__type_support.cpp\n'}
[1.778099] (px4_msgs) StdoutLine: {'line': b'-- Up-to-date: /home/mcfb/ros2_ws/install/px4_msgs/include/px4_msgs/px4_msgs/msg/detail/rover_position_setpoint__rosidl_typesupport_introspection_cpp.hpp\n'}
[1.778134] (px4_msgs) StdoutLine: {'line': b'-- Up-to-date: /home/mcfb/ros2_ws/install/px4_msgs/include/px4_msgs/px4_msgs/msg/detail/timesync_status__rosidl_typesupport_introspection_cpp.hpp\n'}
[1.778177] (px4_msgs) StdoutLine: {'line': b'-- Up-to-date: /home/mcfb/ros2_ws/install/px4_msgs/include/px4_msgs/px4_msgs/msg/detail/message_format_request__type_support.cpp\n'}
[1.778215] (px4_msgs) StdoutLine: {'line': b'-- Up-to-date: /home/mcfb/ros2_ws/install/px4_msgs/include/px4_msgs/px4_msgs/msg/detail/lateral_control_configuration__type_support.cpp\n'}
[1.778277] (px4_msgs) StdoutLine: {'line': b'-- Up-to-date: /home/mcfb/ros2_ws/install/px4_msgs/include/px4_msgs/px4_msgs/msg/detail/actuator_servos_trim__rosidl_typesupport_introspection_cpp.hpp\n'}
[1.778312] (px4_msgs) StdoutLine: {'line': b'-- Up-to-date: /home/mcfb/ros2_ws/install/px4_msgs/include/px4_msgs/px4_msgs/msg/detail/vehicle_thrust_setpoint__type_support.cpp\n'}
[1.778345] (px4_msgs) StdoutLine: {'line': b'-- Up-to-date: /home/mcfb/ros2_ws/install/px4_msgs/include/px4_msgs/px4_msgs/msg/detail/vehicle_imu__rosidl_typesupport_introspection_cpp.hpp\n'}
[1.778409] (px4_msgs) StdoutLine: {'line': b'-- Up-to-date: /home/mcfb/ros2_ws/install/px4_msgs/include/px4_msgs/px4_msgs/msg/detail/task_stack_info__type_support.cpp\n'}
[1.778453] (px4_msgs) StdoutLine: {'line': b'-- Up-to-date: /home/mcfb/ros2_ws/install/px4_msgs/include/px4_msgs/px4_msgs/msg/detail/vehicle_thrust_setpoint__rosidl_typesupport_introspection_cpp.hpp\n'}
[1.778530] (px4_msgs) StdoutLine: {'line': b'-- Up-to-date: /home/mcfb/ros2_ws/install/px4_msgs/include/px4_msgs/px4_msgs/msg/detail/estimator_selector_status__type_support.cpp\n'}
[1.778567] (px4_msgs) StdoutLine: {'line': b'-- Up-to-date: /home/mcfb/ros2_ws/install/px4_msgs/include/px4_msgs/px4_msgs/msg/detail/sensor_gnss_relative__rosidl_typesupport_introspection_cpp.hpp\n'}
[1.778603] (px4_msgs) StdoutLine: {'line': b'-- Up-to-date: /home/mcfb/ros2_ws/install/px4_msgs/include/px4_msgs/px4_msgs/msg/detail/rover_rate_status__rosidl_typesupport_introspection_cpp.hpp\n'}
[1.778650] (px4_msgs) StdoutLine: {'line': b'-- Up-to-date: /home/mcfb/ros2_ws/install/px4_msgs/include/px4_msgs/px4_msgs/msg/detail/internal_combustion_engine_status__rosidl_typesupport_introspection_cpp.hpp\n'}
[1.778711] (px4_msgs) StdoutLine: {'line': b'-- Up-to-date: /home/mcfb/ros2_ws/install/px4_msgs/include/px4_msgs/px4_msgs/msg/detail/hover_thrust_estimate__type_support.cpp\n'}
[1.778754] (px4_msgs) StdoutLine: {'line': b'-- Up-to-date: /home/mcfb/ros2_ws/install/px4_msgs/include/px4_msgs/px4_msgs/msg/detail/esc_status__rosidl_typesupport_introspection_cpp.hpp\n'}
[1.778804] (px4_msgs) StdoutLine: {'line': b'-- Up-to-date: /home/mcfb/ros2_ws/install/px4_msgs/include/px4_msgs/px4_msgs/msg/detail/estimator_sensor_bias__type_support.cpp\n'}
[1.778856] (px4_msgs) StdoutLine: {'line': b'-- Up-to-date: /home/mcfb/ros2_ws/install/px4_msgs/include/px4_msgs/px4_msgs/msg/detail/action_request__type_support.cpp\n'}
[1.778907] (px4_msgs) StdoutLine: {'line': b'-- Up-to-date: /home/mcfb/ros2_ws/install/px4_msgs/include/px4_msgs/px4_msgs/msg/detail/gimbal_device_information__type_support.cpp\n'}
[1.778958] (px4_msgs) StdoutLine: {'line': b'-- Up-to-date: /home/mcfb/ros2_ws/install/px4_msgs/include/px4_msgs/px4_msgs/msg/detail/follow_target__rosidl_typesupport_introspection_cpp.hpp\n'}
[1.778998] (px4_msgs) StdoutLine: {'line': b'-- Up-to-date: /home/mcfb/ros2_ws/install/px4_msgs/include/px4_msgs/px4_msgs/msg/detail/manual_control_switches__rosidl_typesupport_introspection_cpp.hpp\n'}
[1.779048] (px4_msgs) StdoutLine: {'line': b'-- Up-to-date: /home/mcfb/ros2_ws/install/px4_msgs/include/px4_msgs/px4_msgs/msg/detail/vehicle_status__rosidl_typesupport_introspection_cpp.hpp\n'}
[1.779118] (px4_msgs) StdoutLine: {'line': b'-- Up-to-date: /home/mcfb/ros2_ws/install/px4_msgs/include/px4_msgs/px4_msgs/msg/detail/vehicle_air_data__rosidl_typesupport_introspection_cpp.hpp\n'}
[1.779176] (px4_msgs) StdoutLine: {'line': b'-- Up-to-date: /home/mcfb/ros2_ws/install/px4_msgs/include/px4_msgs/px4_msgs/msg/detail/rover_attitude_status__type_support.cpp\n'}
[1.779239] (px4_msgs) StdoutLine: {'line': b'-- Up-to-date: /home/mcfb/ros2_ws/install/px4_msgs/include/px4_msgs/px4_msgs/msg/detail/sensor_gnss_status__rosidl_typesupport_introspection_cpp.hpp\n'}
[1.779289] (px4_msgs) StdoutLine: {'line': b'-- Up-to-date: /home/mcfb/ros2_ws/install/px4_msgs/include/px4_msgs/px4_msgs/msg/detail/navigator_status__type_support.cpp\n'}
[1.779353] (px4_msgs) StdoutLine: {'line': b'-- Up-to-date: /home/mcfb/ros2_ws/install/px4_msgs/include/px4_msgs/px4_msgs/msg/detail/velocity_limits__type_support.cpp\n'}
[1.779400] (px4_msgs) StdoutLine: {'line': b'-- Up-to-date: /home/mcfb/ros2_ws/install/px4_msgs/include/px4_msgs/px4_msgs/msg/detail/pwm_input__rosidl_typesupport_introspection_cpp.hpp\n'}
[1.779436] (px4_msgs) StdoutLine: {'line': b'-- Up-to-date: /home/mcfb/ros2_ws/install/px4_msgs/include/px4_msgs/px4_msgs/msg/detail/esc_status__type_support.cpp\n'}
[1.779474] (px4_msgs) StdoutLine: {'line': b'-- Up-to-date: /home/mcfb/ros2_ws/install/px4_msgs/include/px4_msgs/px4_msgs/msg/detail/register_ext_component_request__type_support.cpp\n'}
[1.779517] (px4_msgs) StdoutLine: {'line': b'-- Up-to-date: /home/mcfb/ros2_ws/install/px4_msgs/include/px4_msgs/px4_msgs/msg/detail/qshell_req__type_support.cpp\n'}
[1.779564] (px4_msgs) StdoutLine: {'line': b'-- Up-to-date: /home/mcfb/ros2_ws/install/px4_msgs/include/px4_msgs/px4_msgs/msg/detail/magnetometer_bias_estimate__type_support.cpp\n'}
[1.779679] (px4_msgs) StdoutLine: {'line': b'-- Up-to-date: /home/mcfb/ros2_ws/install/px4_msgs/include/px4_msgs/px4_msgs/msg/detail/estimator_aid_source1d__type_support.cpp\n'}
[1.779723] (px4_msgs) StdoutLine: {'line': b'-- Up-to-date: /home/mcfb/ros2_ws/install/px4_msgs/include/px4_msgs/px4_msgs/msg/detail/irlock_report__type_support.cpp\n'}
[1.779762] (px4_msgs) StdoutLine: {'line': b'-- Up-to-date: /home/mcfb/ros2_ws/install/px4_msgs/include/px4_msgs/px4_msgs/msg/detail/distance_sensor__rosidl_typesupport_introspection_cpp.hpp\n'}
[1.779800] (px4_msgs) StdoutLine: {'line': b'-- Up-to-date: /home/mcfb/ros2_ws/install/px4_msgs/include/px4_msgs/px4_msgs/msg/detail/gimbal_device_set_attitude__type_support.cpp\n'}
[1.779837] (px4_msgs) StdoutLine: {'line': b'-- Up-to-date: /home/mcfb/ros2_ws/install/px4_msgs/include/px4_msgs/px4_msgs/msg/detail/fixed_wing_lateral_setpoint__rosidl_typesupport_introspection_cpp.hpp\n'}
[1.779875] (px4_msgs) StdoutLine: {'line': b'-- Up-to-date: /home/mcfb/ros2_ws/install/px4_msgs/include/px4_msgs/px4_msgs/msg/detail/geofence_result__type_support.cpp\n'}
[1.779945] (px4_msgs) StdoutLine: {'line': b'-- Up-to-date: /home/mcfb/ros2_ws/install/px4_msgs/include/px4_msgs/px4_msgs/msg/detail/gps_dump__type_support.cpp\n'}
[1.780004] (px4_msgs) StdoutLine: {'line': b'-- Up-to-date: /home/mcfb/ros2_ws/install/px4_msgs/include/px4_msgs/px4_msgs/msg/detail/sensor_gnss_relative__type_support.cpp\n'}
[1.780079] (px4_msgs) StdoutLine: {'line': b'-- Up-to-date: /home/mcfb/ros2_ws/install/px4_msgs/include/px4_msgs/px4_msgs/msg/detail/actuator_servos__type_support.cpp\n'}
[1.780159] (px4_msgs) StdoutLine: {'line': b'-- Up-to-date: /home/mcfb/ros2_ws/install/px4_msgs/include/px4_msgs/px4_msgs/msg/detail/sensor_combined__type_support.cpp\n'}
[1.780337] (px4_msgs) StdoutLine: {'line': b'-- Up-to-date: /home/mcfb/ros2_ws/install/px4_msgs/include/px4_msgs/px4_msgs/msg/detail/orbit_status__rosidl_typesupport_introspection_cpp.hpp\n'}
[1.780422] (px4_msgs) StdoutLine: {'line': b'-- Up-to-date: /home/mcfb/ros2_ws/install/px4_msgs/include/px4_msgs/px4_msgs/msg/detail/sensor_mag__type_support.cpp\n'}
[1.780484] (px4_msgs) StdoutLine: {'line': b'-- Up-to-date: /home/mcfb/ros2_ws/install/px4_msgs/include/px4_msgs/px4_msgs/msg/detail/vehicle_odometry__type_support.cpp\n'}
[1.780546] (px4_msgs) StdoutLine: {'line': b'-- Up-to-date: /home/mcfb/ros2_ws/install/px4_msgs/include/px4_msgs/px4_msgs/msg/detail/follow_target_estimator__rosidl_typesupport_introspection_cpp.hpp\n'}
[1.780590] (px4_msgs) StdoutLine: {'line': b'-- Up-to-date: /home/mcfb/ros2_ws/install/px4_msgs/include/px4_msgs/px4_msgs/msg/detail/differential_pressure__rosidl_typesupport_introspection_cpp.hpp\n'}
[1.780632] (px4_msgs) StdoutLine: {'line': b'-- Up-to-date: /home/mcfb/ros2_ws/install/px4_msgs/include/px4_msgs/px4_msgs/msg/detail/ulog_stream_ack__rosidl_typesupport_introspection_cpp.hpp\n'}
[1.780684] (px4_msgs) StdoutLine: {'line': b'-- Up-to-date: /home/mcfb/ros2_ws/install/px4_msgs/include/px4_msgs/px4_msgs/msg/detail/adc_report__rosidl_typesupport_introspection_cpp.hpp\n'}
[1.780744] (px4_msgs) StdoutLine: {'line': b'-- Up-to-date: /home/mcfb/ros2_ws/install/px4_msgs/include/px4_msgs/px4_msgs/msg/detail/can_interface_status__rosidl_typesupport_introspection_cpp.hpp\n'}
[1.780793] (px4_msgs) StdoutLine: {'line': b'-- Up-to-date: /home/mcfb/ros2_ws/install/px4_msgs/include/px4_msgs/px4_msgs/msg/detail/rover_speed_status__rosidl_typesupport_introspection_cpp.hpp\n'}
[1.780882] (px4_msgs) StdoutLine: {'line': b'-- Up-to-date: /home/mcfb/ros2_ws/install/px4_msgs/include/px4_msgs/px4_msgs/msg/detail/estimator_innovations__type_support.cpp\n'}
[1.780926] (px4_msgs) StdoutLine: {'line': b'-- Up-to-date: /home/mcfb/ros2_ws/install/px4_msgs/include/px4_msgs/px4_msgs/msg/detail/rtl_time_estimate__type_support.cpp\n'}
[1.780961] (px4_msgs) StdoutLine: {'line': b'-- Up-to-date: /home/mcfb/ros2_ws/install/px4_msgs/include/px4_msgs/px4_msgs/msg/detail/landing_target_innovations__rosidl_typesupport_introspection_cpp.hpp\n'}
[1.781000] (px4_msgs) StdoutLine: {'line': b'-- Up-to-date: /home/mcfb/ros2_ws/install/px4_msgs/include/px4_msgs/px4_msgs/msg/detail/vehicle_rates_setpoint__rosidl_typesupport_introspection_cpp.hpp\n'}
[1.781037] (px4_msgs) StdoutLine: {'line': b'-- Up-to-date: /home/mcfb/ros2_ws/install/px4_msgs/include/px4_msgs/px4_msgs/msg/detail/control_allocator_status__type_support.cpp\n'}
[1.781076] (px4_msgs) StdoutLine: {'line': b'-- Up-to-date: /home/mcfb/ros2_ws/install/px4_msgs/include/px4_msgs/px4_msgs/msg/detail/mavlink_log__rosidl_typesupport_introspection_cpp.hpp\n'}
[1.781142] (px4_msgs) StdoutLine: {'line': b'-- Up-to-date: /home/mcfb/ros2_ws/install/px4_msgs/include/px4_msgs/px4_msgs/msg/detail/camera_capture__type_support.cpp\n'}
[1.781229] (px4_msgs) StdoutLine: {'line': b'-- Up-to-date: /home/mcfb/ros2_ws/install/px4_msgs/include/px4_msgs/px4_msgs/msg/detail/mavlink_tunnel__type_support.cpp\n'}
[1.781299] (px4_msgs) StdoutLine: {'line': b'-- Up-to-date: /home/mcfb/ros2_ws/install/px4_msgs/include/px4_msgs/px4_msgs/msg/detail/message_format_request__rosidl_typesupport_introspection_cpp.hpp\n'}
[1.781364] (px4_msgs) StdoutLine: {'line': b'-- Up-to-date: /home/mcfb/ros2_ws/install/px4_msgs/include/px4_msgs/px4_msgs/msg/detail/led_control__type_support.cpp\n'}
[1.781427] (px4_msgs) StdoutLine: {'line': b'-- Up-to-date: /home/mcfb/ros2_ws/install/px4_msgs/include/px4_msgs/px4_msgs/msg/detail/estimator_gps_status__rosidl_typesupport_introspection_cpp.hpp\n'}
[1.781496] (px4_msgs) StdoutLine: {'line': b'-- Up-to-date: /home/mcfb/ros2_ws/install/px4_msgs/include/px4_msgs/px4_msgs/msg/detail/vehicle_optical_flow__rosidl_typesupport_introspection_cpp.hpp\n'}
[1.781556] (px4_msgs) StdoutLine: {'line': b'-- Up-to-date: /home/mcfb/ros2_ws/install/px4_msgs/include/px4_msgs/px4_msgs/msg/detail/ulog_stream_ack__type_support.cpp\n'}
[1.781630] (px4_msgs) StdoutLine: {'line': b'-- Up-to-date: /home/mcfb/ros2_ws/install/px4_msgs/include/px4_msgs/px4_msgs/msg/detail/failsafe_flags__rosidl_typesupport_introspection_cpp.hpp\n'}
[1.781721] (px4_msgs) StdoutLine: {'line': b'-- Up-to-date: /home/mcfb/ros2_ws/install/px4_msgs/include/px4_msgs/px4_msgs/msg/detail/vehicle_attitude__type_support.cpp\n'}
[1.781780] (px4_msgs) StdoutLine: {'line': b'-- Up-to-date: /home/mcfb/ros2_ws/install/px4_msgs/include/px4_msgs/px4_msgs/msg/detail/home_position__type_support.cpp\n'}
[1.781835] (px4_msgs) StdoutLine: {'line': b'-- Up-to-date: /home/mcfb/ros2_ws/install/px4_msgs/include/px4_msgs/px4_msgs/msg/detail/vehicle_land_detected__rosidl_typesupport_introspection_cpp.hpp\n'}
[1.781895] (px4_msgs) StdoutLine: {'line': b'-- Up-to-date: /home/mcfb/ros2_ws/install/px4_msgs/include/px4_msgs/px4_msgs/msg/detail/gimbal_manager_status__type_support.cpp\n'}
[1.781932] (px4_msgs) StdoutLine: {'line': b'-- Up-to-date: /home/mcfb/ros2_ws/install/px4_msgs/include/px4_msgs/px4_msgs/msg/detail/vehicle_land_detected__type_support.cpp\n'}
[1.781968] (px4_msgs) StdoutLine: {'line': b'-- Up-to-date: /home/mcfb/ros2_ws/install/px4_msgs/include/px4_msgs/px4_msgs/msg/detail/open_drone_id_system__type_support.cpp\n'}
[1.782004] (px4_msgs) StdoutLine: {'line': b'-- Up-to-date: /home/mcfb/ros2_ws/install/px4_msgs/include/px4_msgs/px4_msgs/msg/detail/vehicle_command__type_support.cpp\n'}
[1.782136] (px4_msgs) StdoutLine: {'line': b'-- Up-to-date: /home/mcfb/ros2_ws/install/px4_msgs/include/px4_msgs/px4_msgs/msg/detail/rpm__rosidl_typesupport_introspection_cpp.hpp\n'}
[1.782271] (px4_msgs) StdoutLine: {'line': b'-- Up-to-date: /home/mcfb/ros2_ws/install/px4_msgs/include/px4_msgs/px4_msgs/msg/detail/qshell_retval__type_support.cpp\n'}
[1.782323] (px4_msgs) StdoutLine: {'line': b'-- Up-to-date: /home/mcfb/ros2_ws/install/px4_msgs/include/px4_msgs/px4_msgs/msg/detail/qshell_req__rosidl_typesupport_introspection_cpp.hpp\n'}
[1.782371] (px4_msgs) StdoutLine: {'line': b'-- Up-to-date: /home/mcfb/ros2_ws/install/px4_msgs/include/px4_msgs/px4_msgs/msg/detail/radio_status__rosidl_typesupport_introspection_cpp.hpp\n'}
[1.782435] (px4_msgs) StdoutLine: {'line': b'-- Up-to-date: /home/mcfb/ros2_ws/install/px4_msgs/include/px4_msgs/px4_msgs/msg/detail/telemetry_status__rosidl_typesupport_introspection_cpp.hpp\n'}
[1.782474] (px4_msgs) StdoutLine: {'line': b'-- Up-to-date: /home/mcfb/ros2_ws/install/px4_msgs/include/px4_msgs/px4_msgs/msg/detail/parameter_set_value_response__rosidl_typesupport_introspection_cpp.hpp\n'}
[1.782513] (px4_msgs) StdoutLine: {'line': b'-- Up-to-date: /home/mcfb/ros2_ws/install/px4_msgs/include/px4_msgs/px4_msgs/msg/detail/collision_constraints__type_support.cpp\n'}
[1.782577] (px4_msgs) StdoutLine: {'line': b'-- Up-to-date: /home/mcfb/ros2_ws/install/px4_msgs/include/px4_msgs/px4_msgs/msg/detail/vehicle_local_position__type_support.cpp\n'}
[1.782632] (px4_msgs) StdoutLine: {'line': b'-- Up-to-date: /home/mcfb/ros2_ws/install/px4_msgs/include/px4_msgs/px4_msgs/msg/detail/arming_check_reply__type_support.cpp\n'}
[1.782697] (px4_msgs) StdoutLine: {'line': b'-- Up-to-date: /home/mcfb/ros2_ws/install/px4_msgs/include/px4_msgs/px4_msgs/msg/detail/vehicle_angular_acceleration_setpoint__rosidl_typesupport_introspection_cpp.hpp\n'}
[1.782761] (px4_msgs) StdoutLine: {'line': b'-- Up-to-date: /home/mcfb/ros2_ws/install/px4_msgs/include/px4_msgs/px4_msgs/msg/detail/satellite_info__type_support.cpp\n'}
[1.782816] (px4_msgs) StdoutLine: {'line': b'-- Up-to-date: /home/mcfb/ros2_ws/install/px4_msgs/include/px4_msgs/px4_msgs/msg/detail/vehicle_control_mode__type_support.cpp\n'}
[1.782876] (px4_msgs) StdoutLine: {'line': b'-- Up-to-date: /home/mcfb/ros2_ws/install/px4_msgs/include/px4_msgs/px4_msgs/msg/detail/button_event__rosidl_typesupport_introspection_cpp.hpp\n'}
[1.782939] (px4_msgs) StdoutLine: {'line': b'-- Up-to-date: /home/mcfb/ros2_ws/install/px4_msgs/include/px4_msgs/px4_msgs/msg/detail/tune_control__rosidl_typesupport_introspection_cpp.hpp\n'}
[1.783005] (px4_msgs) StdoutLine: {'line': b'-- Up-to-date: /home/mcfb/ros2_ws/install/px4_msgs/include/px4_msgs/px4_msgs/msg/detail/manual_control_setpoint__type_support.cpp\n'}
[1.783068] (px4_msgs) StdoutLine: {'line': b'-- Up-to-date: /home/mcfb/ros2_ws/install/px4_msgs/include/px4_msgs/px4_msgs/msg/detail/vehicle_air_data__type_support.cpp\n'}
[1.783131] (px4_msgs) StdoutLine: {'line': b'-- Up-to-date: /home/mcfb/ros2_ws/install/px4_msgs/include/px4_msgs/px4_msgs/msg/detail/sensors_status__rosidl_typesupport_introspection_cpp.hpp\n'}
[1.783191] (px4_msgs) StdoutLine: {'line': b'-- Up-to-date: /home/mcfb/ros2_ws/install/px4_msgs/include/px4_msgs/px4_msgs/msg/detail/log_message__rosidl_typesupport_introspection_cpp.hpp\n'}
[1.783283] (px4_msgs) StdoutLine: {'line': b'-- Up-to-date: /home/mcfb/ros2_ws/install/px4_msgs/include/px4_msgs/px4_msgs/msg/detail/dronecan_node_status__type_support.cpp\n'}
[1.783361] (px4_msgs) StdoutLine: {'line': b'-- Up-to-date: /home/mcfb/ros2_ws/install/px4_msgs/include/px4_msgs/px4_msgs/msg/detail/power_button_state__rosidl_typesupport_introspection_cpp.hpp\n'}
[1.783421] (px4_msgs) StdoutLine: {'line': b'-- Up-to-date: /home/mcfb/ros2_ws/install/px4_msgs/include/px4_msgs/px4_msgs/msg/detail/position_setpoint_triplet__rosidl_typesupport_introspection_cpp.hpp\n'}
[1.783467] (px4_msgs) StdoutLine: {'line': b'-- Up-to-date: /home/mcfb/ros2_ws/install/px4_msgs/include/px4_msgs/px4_msgs/msg/detail/orb_test__type_support.cpp\n'}
[1.783523] (px4_msgs) StdoutLine: {'line': b'-- Up-to-date: /home/mcfb/ros2_ws/install/px4_msgs/include/px4_msgs/px4_msgs/msg/detail/rover_position_setpoint__type_support.cpp\n'}
[1.783578] (px4_msgs) StdoutLine: {'line': b'-- Up-to-date: /home/mcfb/ros2_ws/install/px4_msgs/include/px4_msgs/px4_msgs/msg/detail/longitudinal_control_configuration__type_support.cpp\n'}
[1.783630] (px4_msgs) StdoutLine: {'line': b'-- Up-to-date: /home/mcfb/ros2_ws/install/px4_msgs/include/px4_msgs/px4_msgs/msg/detail/led_control__rosidl_typesupport_introspection_cpp.hpp\n'}
[1.783723] (px4_msgs) StdoutLine: {'line': b'-- Up-to-date: /home/mcfb/ros2_ws/install/px4_msgs/include/px4_msgs/px4_msgs/msg/detail/figure_eight_status__rosidl_typesupport_introspection_cpp.hpp\n'}
[1.783786] (px4_msgs) StdoutLine: {'line': b'-- Up-to-date: /home/mcfb/ros2_ws/install/px4_msgs/include/px4_msgs/px4_msgs/msg/detail/power_button_state__type_support.cpp\n'}
[1.783823] (px4_msgs) StdoutLine: {'line': b'-- Up-to-date: /home/mcfb/ros2_ws/install/px4_msgs/include/px4_msgs/px4_msgs/msg/detail/differential_pressure__type_support.cpp\n'}
[1.783865] (px4_msgs) StdoutLine: {'line': b'-- Up-to-date: /home/mcfb/ros2_ws/install/px4_msgs/include/px4_msgs/px4_msgs/msg/detail/actuator_outputs__rosidl_typesupport_introspection_cpp.hpp\n'}
[1.783918] (px4_msgs) StdoutLine: {'line': b'-- Up-to-date: /home/mcfb/ros2_ws/install/px4_msgs/include/px4_msgs/px4_msgs/msg/detail/adc_report__type_support.cpp\n'}
[1.783979] (px4_msgs) StdoutLine: {'line': b'-- Up-to-date: /home/mcfb/ros2_ws/install/px4_msgs/include/px4_msgs/px4_msgs/msg/detail/airspeed__type_support.cpp\n'}
[1.784031] (px4_msgs) StdoutLine: {'line': b'-- Up-to-date: /home/mcfb/ros2_ws/install/px4_msgs/include/px4_msgs/px4_msgs/msg/detail/actuator_controls_status__type_support.cpp\n'}
[1.784086] (px4_msgs) StdoutLine: {'line': b'-- Up-to-date: /home/mcfb/ros2_ws/install/px4_msgs/include/px4_msgs/px4_msgs/msg/detail/iridiumsbd_status__type_support.cpp\n'}
[1.784142] (px4_msgs) StdoutLine: {'line': b'-- Up-to-date: /home/mcfb/ros2_ws/install/px4_msgs/include/px4_msgs/px4_msgs/msg/detail/sensor_accel__type_support.cpp\n'}
[1.784196] (px4_msgs) StdoutLine: {'line': b'-- Up-to-date: /home/mcfb/ros2_ws/install/px4_msgs/include/px4_msgs/px4_msgs/msg/detail/sensors_status_imu__type_support.cpp\n'}
[1.784248] (px4_msgs) StdoutLine: {'line': b'-- Up-to-date: /home/mcfb/ros2_ws/install/px4_msgs/include/px4_msgs/px4_msgs/msg/detail/parameter_set_value_request__type_support.cpp\n'}
[1.784321] (px4_msgs) StdoutLine: {'line': b'-- Up-to-date: /home/mcfb/ros2_ws/install/px4_msgs/include/px4_msgs/px4_msgs/msg/detail/health_report__type_support.cpp\n'}
[1.784367] (px4_msgs) StdoutLine: {'line': b'-- Up-to-date: /home/mcfb/ros2_ws/install/px4_msgs/include/px4_msgs/px4_msgs/msg/detail/estimator_bias__rosidl_typesupport_introspection_cpp.hpp\n'}
[1.784407] (px4_msgs) StdoutLine: {'line': b'-- Up-to-date: /home/mcfb/ros2_ws/install/px4_msgs/include/px4_msgs/px4_msgs/msg/detail/figure_eight_status__type_support.cpp\n'}
[1.784446] (px4_msgs) StdoutLine: {'line': b'-- Up-to-date: /home/mcfb/ros2_ws/install/px4_msgs/include/px4_msgs/px4_msgs/msg/detail/sensor_gyro_fft__rosidl_typesupport_introspection_cpp.hpp\n'}
[1.784483] (px4_msgs) StdoutLine: {'line': b'-- Up-to-date: /home/mcfb/ros2_ws/install/px4_msgs/include/px4_msgs/px4_msgs/msg/detail/unregister_ext_component__rosidl_typesupport_introspection_cpp.hpp\n'}
[1.784535] (px4_msgs) StdoutLine: {'line': b'-- Up-to-date: /home/mcfb/ros2_ws/install/px4_msgs/include/px4_msgs/px4_msgs/msg/detail/vehicle_angular_acceleration_setpoint__type_support.cpp\n'}
[1.784574] (px4_msgs) StdoutLine: {'line': b'-- Up-to-date: /home/mcfb/ros2_ws/install/px4_msgs/include/px4_msgs/px4_msgs/msg/detail/vehicle_local_position__rosidl_typesupport_introspection_cpp.hpp\n'}
[1.784612] (px4_msgs) StdoutLine: {'line': b'-- Up-to-date: /home/mcfb/ros2_ws/install/px4_msgs/include/px4_msgs/px4_msgs/msg/detail/task_stack_info__rosidl_typesupport_introspection_cpp.hpp\n'}
[1.784650] (px4_msgs) StdoutLine: {'line': b'-- Up-to-date: /home/mcfb/ros2_ws/install/px4_msgs/include/px4_msgs/px4_msgs/msg/detail/estimator_states__type_support.cpp\n'}
[1.784700] (px4_msgs) StdoutLine: {'line': b'-- Up-to-date: /home/mcfb/ros2_ws/install/px4_msgs/include/px4_msgs/px4_msgs/msg/detail/timesync_status__type_support.cpp\n'}
[1.784737] (px4_msgs) StdoutLine: {'line': b'-- Up-to-date: /home/mcfb/ros2_ws/install/px4_msgs/include/px4_msgs/px4_msgs/msg/detail/open_drone_id_self_id__type_support.cpp\n'}
[1.784788] (px4_msgs) StdoutLine: {'line': b'-- Up-to-date: /home/mcfb/ros2_ws/install/px4_msgs/include/px4_msgs/px4_msgs/msg/detail/rover_speed_status__type_support.cpp\n'}
[1.784838] (px4_msgs) StdoutLine: {'line': b'-- Up-to-date: /home/mcfb/ros2_ws/install/px4_msgs/include/px4_msgs/px4_msgs/msg/detail/fuel_tank_status__rosidl_typesupport_introspection_cpp.hpp\n'}
[1.784892] (px4_msgs) StdoutLine: {'line': b'-- Up-to-date: /home/mcfb/ros2_ws/install/px4_msgs/include/px4_msgs/px4_msgs/msg/detail/landing_gear_wheel__rosidl_typesupport_introspection_cpp.hpp\n'}
[1.784937] (px4_msgs) StdoutLine: {'line': b'-- Up-to-date: /home/mcfb/ros2_ws/install/px4_msgs/include/px4_msgs/px4_msgs/msg/detail/vehicle_attitude__rosidl_typesupport_introspection_cpp.hpp\n'}
[1.784985] (px4_msgs) StdoutLine: {'line': b'-- Up-to-date: /home/mcfb/ros2_ws/install/px4_msgs/include/px4_msgs/px4_msgs/msg/detail/gps_inject_data__rosidl_typesupport_introspection_cpp.hpp\n'}
[1.785040] (px4_msgs) StdoutLine: {'line': b'-- Up-to-date: /home/mcfb/ros2_ws/install/px4_msgs/include/px4_msgs/px4_msgs/msg/detail/position_controller_status__rosidl_typesupport_introspection_cpp.hpp\n'}
[1.785093] (px4_msgs) StdoutLine: {'line': b'-- Up-to-date: /home/mcfb/ros2_ws/install/px4_msgs/include/px4_msgs/px4_msgs/msg/detail/generator_status__rosidl_typesupport_introspection_cpp.hpp\n'}
[1.785148] (px4_msgs) StdoutLine: {'line': b'-- Up-to-date: /home/mcfb/ros2_ws/install/px4_msgs/include/px4_msgs/px4_msgs/msg/detail/esc_report__type_support.cpp\n'}
[1.785202] (px4_msgs) StdoutLine: {'line': b'-- Up-to-date: /home/mcfb/ros2_ws/install/px4_msgs/include/px4_msgs/px4_msgs/msg/detail/velocity_limits__rosidl_typesupport_introspection_cpp.hpp\n'}
[1.785254] (px4_msgs) StdoutLine: {'line': b'-- Up-to-date: /home/mcfb/ros2_ws/install/px4_msgs/include/px4_msgs/px4_msgs/msg/detail/transponder_report__rosidl_typesupport_introspection_cpp.hpp\n'}
[1.785324] (px4_msgs) StdoutLine: {'line': b'-- Up-to-date: /home/mcfb/ros2_ws/install/px4_msgs/include/px4_msgs/px4_msgs/msg/detail/trajectory_setpoint6dof__rosidl_typesupport_introspection_cpp.hpp\n'}
[1.785363] (px4_msgs) StdoutLine: {'line': b'-- Up-to-date: /home/mcfb/ros2_ws/install/px4_msgs/include/px4_msgs/px4_msgs/msg/detail/heater_status__rosidl_typesupport_introspection_cpp.hpp\n'}
[1.785398] (px4_msgs) StdoutLine: {'line': b'-- Up-to-date: /home/mcfb/ros2_ws/install/px4_msgs/include/px4_msgs/px4_msgs/msg/detail/sensor_optical_flow__rosidl_typesupport_introspection_cpp.hpp\n'}
[1.785433] (px4_msgs) StdoutLine: {'line': b'-- Up-to-date: /home/mcfb/ros2_ws/install/px4_msgs/include/px4_msgs/px4_msgs/msg/detail/estimator_bias3d__type_support.cpp\n'}
[1.785467] (px4_msgs) StdoutLine: {'line': b'-- Up-to-date: /home/mcfb/ros2_ws/install/px4_msgs/include/px4_msgs/px4_msgs/msg/detail/failure_detector_status__type_support.cpp\n'}
[1.785501] (px4_msgs) StdoutLine: {'line': b'-- Up-to-date: /home/mcfb/ros2_ws/install/px4_msgs/include/px4_msgs/px4_msgs/msg/detail/fixed_wing_lateral_guidance_status__type_support.cpp\n'}
[1.785535] (px4_msgs) StdoutLine: {'line': b'-- Up-to-date: /home/mcfb/ros2_ws/install/px4_msgs/include/px4_msgs/px4_msgs/msg/detail/register_ext_component_reply__type_support.cpp\n'}
[1.785571] (px4_msgs) StdoutLine: {'line': b'-- Up-to-date: /home/mcfb/ros2_ws/install/px4_msgs/include/px4_msgs/px4_msgs/msg/detail/fixed_wing_lateral_setpoint__type_support.cpp\n'}
[1.785606] (px4_msgs) StdoutLine: {'line': b'-- Up-to-date: /home/mcfb/ros2_ws/install/px4_msgs/include/px4_msgs/px4_msgs/msg/detail/actuator_motors__rosidl_typesupport_introspection_cpp.hpp\n'}
[1.785648] (px4_msgs) StdoutLine: {'line': b'-- Up-to-date: /home/mcfb/ros2_ws/install/px4_msgs/include/px4_msgs/px4_msgs/msg/detail/rc_parameter_map__type_support.cpp\n'}
[1.785705] (px4_msgs) StdoutLine: {'line': b'-- Up-to-date: /home/mcfb/ros2_ws/install/px4_msgs/include/px4_msgs/px4_msgs/msg/detail/transponder_report__type_support.cpp\n'}
[1.785756] (px4_msgs) StdoutLine: {'line': b'-- Up-to-date: /home/mcfb/ros2_ws/install/px4_msgs/include/px4_msgs/px4_msgs/msg/detail/sensor_mag__rosidl_typesupport_introspection_cpp.hpp\n'}
[1.785806] (px4_msgs) StdoutLine: {'line': b'-- Up-to-date: /home/mcfb/ros2_ws/install/px4_msgs/include/px4_msgs/px4_msgs/msg/detail/rc_parameter_map__rosidl_typesupport_introspection_cpp.hpp\n'}
[1.785859] (px4_msgs) StdoutLine: {'line': b'-- Up-to-date: /home/mcfb/ros2_ws/install/px4_msgs/include/px4_msgs/px4_msgs/msg/detail/parameter_set_value_response__type_support.cpp\n'}
[1.785897] (px4_msgs) StdoutLine: {'line': b'-- Up-to-date: /home/mcfb/ros2_ws/install/px4_msgs/include/px4_msgs/px4_msgs/msg/detail/sensor_gps__rosidl_typesupport_introspection_cpp.hpp\n'}
[1.785932] (px4_msgs) StdoutLine: {'line': b'-- Up-to-date: /home/mcfb/ros2_ws/install/px4_msgs/include/px4_msgs/px4_msgs/msg/detail/open_drone_id_arm_status__type_support.cpp\n'}
[1.785968] (px4_msgs) StdoutLine: {'line': b'-- Up-to-date: /home/mcfb/ros2_ws/install/px4_msgs/include/px4_msgs/px4_msgs/msg/detail/vehicle_angular_velocity__type_support.cpp\n'}
[1.786004] (px4_msgs) StdoutLine: {'line': b'-- Up-to-date: /home/mcfb/ros2_ws/install/px4_msgs/include/px4_msgs/px4_msgs/msg/detail/distance_sensor_mode_change_request__type_support.cpp\n'}
[1.786063] (px4_msgs) StdoutLine: {'line': b'-- Up-to-date: /home/mcfb/ros2_ws/install/px4_msgs/include/px4_msgs/px4_msgs/msg/detail/ulog_stream__rosidl_typesupport_introspection_cpp.hpp\n'}
[1.786115] (px4_msgs) StdoutLine: {'line': b'-- Up-to-date: /home/mcfb/ros2_ws/install/px4_msgs/include/px4_msgs/px4_msgs/msg/detail/rc_channels__rosidl_typesupport_introspection_cpp.hpp\n'}
[1.786165] (px4_msgs) StdoutLine: {'line': b'-- Up-to-date: /home/mcfb/ros2_ws/install/px4_msgs/include/px4_msgs/px4_msgs/msg/detail/wind__rosidl_typesupport_introspection_cpp.hpp\n'}
[1.786214] (px4_msgs) StdoutLine: {'line': b'-- Up-to-date: /home/mcfb/ros2_ws/install/px4_msgs/include/px4_msgs/px4_msgs/msg/detail/vehicle_torque_setpoint__rosidl_typesupport_introspection_cpp.hpp\n'}
[1.786283] (px4_msgs) StdoutLine: {'line': b'-- Up-to-date: /home/mcfb/ros2_ws/install/px4_msgs/include/px4_msgs/px4_msgs/msg/detail/neural_control__type_support.cpp\n'}
[1.786322] (px4_msgs) StdoutLine: {'line': b'-- Up-to-date: /home/mcfb/ros2_ws/install/px4_msgs/include/px4_msgs/px4_msgs/msg/detail/gimbal_device_attitude_status__type_support.cpp\n'}
[1.786357] (px4_msgs) StdoutLine: {'line': b'-- Up-to-date: /home/mcfb/ros2_ws/install/px4_msgs/include/px4_msgs/px4_msgs/msg/detail/actuator_servos_trim__type_support.cpp\n'}
[1.786392] (px4_msgs) StdoutLine: {'line': b'-- Up-to-date: /home/mcfb/ros2_ws/install/px4_msgs/include/px4_msgs/px4_msgs/msg/detail/debug_array__rosidl_typesupport_introspection_cpp.hpp\n'}
[1.786426] (px4_msgs) StdoutLine: {'line': b'-- Up-to-date: /home/mcfb/ros2_ws/install/px4_msgs/include/px4_msgs/px4_msgs/msg/detail/actuator_motors__type_support.cpp\n'}
[1.786460] (px4_msgs) StdoutLine: {'line': b'-- Up-to-date: /home/mcfb/ros2_ws/install/px4_msgs/include/px4_msgs/px4_msgs/msg/detail/arming_check_reply__rosidl_typesupport_introspection_cpp.hpp\n'}
[1.786494] (px4_msgs) StdoutLine: {'line': b'-- Up-to-date: /home/mcfb/ros2_ws/install/px4_msgs/include/px4_msgs/px4_msgs/msg/detail/geofence_status__rosidl_typesupport_introspection_cpp.hpp\n'}
[1.786548] (px4_msgs) StdoutLine: {'line': b'-- Up-to-date: /home/mcfb/ros2_ws/install/px4_msgs/include/px4_msgs/px4_msgs/msg/detail/obstacle_distance__type_support.cpp\n'}
[1.786584] (px4_msgs) StdoutLine: {'line': b'-- Up-to-date: /home/mcfb/ros2_ws/install/px4_msgs/include/px4_msgs/px4_msgs/msg/detail/rover_rate_setpoint__rosidl_typesupport_introspection_cpp.hpp\n'}
[1.786619] (px4_msgs) StdoutLine: {'line': b'-- Up-to-date: /home/mcfb/ros2_ws/install/px4_msgs/include/px4_msgs/px4_msgs/msg/detail/sensor_selection__rosidl_typesupport_introspection_cpp.hpp\n'}
[1.786653] (px4_msgs) StdoutLine: {'line': b'-- Up-to-date: /home/mcfb/ros2_ws/install/px4_msgs/include/px4_msgs/px4_msgs/msg/detail/uavcan_parameter_request__type_support.cpp\n'}
[1.786695] (px4_msgs) StdoutLine: {'line': b'-- Up-to-date: /home/mcfb/ros2_ws/install/px4_msgs/include/px4_msgs/px4_msgs/msg/detail/internal_combustion_engine_control__type_support.cpp\n'}
[1.786730] (px4_msgs) StdoutLine: {'line': b'-- Up-to-date: /home/mcfb/ros2_ws/install/px4_msgs/include/px4_msgs/px4_msgs/msg/detail/normalized_unsigned_setpoint__type_support.cpp\n'}
[1.786806] (px4_msgs) StdoutLine: {'line': b'-- Up-to-date: /home/mcfb/ros2_ws/install/px4_msgs/include/px4_msgs/px4_msgs/msg/detail/dataman_request__type_support.cpp\n'}
[1.786841] (px4_msgs) StdoutLine: {'line': b'-- Up-to-date: /home/mcfb/ros2_ws/install/px4_msgs/include/px4_msgs/px4_msgs/msg/detail/hover_thrust_estimate__rosidl_typesupport_introspection_cpp.hpp\n'}
[1.786878] (px4_msgs) StdoutLine: {'line': b'-- Up-to-date: /home/mcfb/ros2_ws/install/px4_msgs/include/px4_msgs/px4_msgs/msg/detail/sensors_status_imu__rosidl_typesupport_introspection_cpp.hpp\n'}
[1.786934] (px4_msgs) StdoutLine: {'line': b'-- Up-to-date: /home/mcfb/ros2_ws/install/px4_msgs/include/px4_msgs/px4_msgs/msg/detail/mag_worker_data__type_support.cpp\n'}
[1.786972] (px4_msgs) StdoutLine: {'line': b'-- Up-to-date: /home/mcfb/ros2_ws/install/px4_msgs/include/px4_msgs/px4_msgs/msg/detail/actuator_outputs__type_support.cpp\n'}
[1.787019] (px4_msgs) StdoutLine: {'line': b'-- Up-to-date: /home/mcfb/ros2_ws/install/px4_msgs/include/px4_msgs/px4_msgs/msg/detail/sensor_preflight_mag__rosidl_typesupport_introspection_cpp.hpp\n'}
[1.787065] (px4_msgs) StdoutLine: {'line': b'-- Up-to-date: /home/mcfb/ros2_ws/install/px4_msgs/include/px4_msgs/px4_msgs/msg/detail/action_request__rosidl_typesupport_introspection_cpp.hpp\n'}
[1.787106] (px4_msgs) StdoutLine: {'line': b'-- Up-to-date: /home/mcfb/ros2_ws/install/px4_msgs/include/px4_msgs/px4_msgs/msg/detail/camera_trigger__type_support.cpp\n'}
[1.787148] (px4_msgs) StdoutLine: {'line': b'-- Up-to-date: /home/mcfb/ros2_ws/install/px4_msgs/include/px4_msgs/px4_msgs/msg/detail/internal_combustion_engine_control__rosidl_typesupport_introspection_cpp.hpp\n'}
[1.787201] (px4_msgs) StdoutLine: {'line': b'-- Up-to-date: /home/mcfb/ros2_ws/install/px4_msgs/include/px4_msgs/px4_msgs/msg/detail/power_monitor__type_support.cpp\n'}
[1.787253] (px4_msgs) StdoutLine: {'line': b'-- Up-to-date: /home/mcfb/ros2_ws/install/px4_msgs/include/px4_msgs/px4_msgs/msg/detail/airspeed_wind__rosidl_typesupport_introspection_cpp.hpp\n'}
[1.787303] (px4_msgs) StdoutLine: {'line': b'-- Up-to-date: /home/mcfb/ros2_ws/install/px4_msgs/include/px4_msgs/px4_msgs/msg/detail/vehicle_global_position__rosidl_typesupport_introspection_cpp.hpp\n'}
[1.787344] (px4_msgs) StdoutLine: {'line': b'-- Up-to-date: /home/mcfb/ros2_ws/install/px4_msgs/include/px4_msgs/px4_msgs/msg/detail/mission_result__type_support.cpp\n'}
[1.787386] (px4_msgs) StdoutLine: {'line': b'-- Up-to-date: /home/mcfb/ros2_ws/install/px4_msgs/include/px4_msgs/px4_msgs/msg/detail/gpio_in__rosidl_typesupport_introspection_cpp.hpp\n'}
[1.787423] (px4_msgs) StdoutLine: {'line': b'-- Up-to-date: /home/mcfb/ros2_ws/install/px4_msgs/include/px4_msgs/px4_msgs/msg/detail/debug_value__type_support.cpp\n'}
[1.787460] (px4_msgs) StdoutLine: {'line': b'-- Up-to-date: /home/mcfb/ros2_ws/install/px4_msgs/include/px4_msgs/px4_msgs/msg/detail/iridiumsbd_status__rosidl_typesupport_introspection_cpp.hpp\n'}
[1.787499] (px4_msgs) StdoutLine: {'line': b'-- Up-to-date: /home/mcfb/ros2_ws/install/px4_msgs/include/px4_msgs/px4_msgs/msg/detail/dataman_request__rosidl_typesupport_introspection_cpp.hpp\n'}
[1.787538] (px4_msgs) StdoutLine: {'line': b'-- Up-to-date: /home/mcfb/ros2_ws/install/px4_msgs/include/px4_msgs/px4_msgs/msg/detail/vehicle_imu__type_support.cpp\n'}
[1.787575] (px4_msgs) StdoutLine: {'line': b'-- Up-to-date: /home/mcfb/ros2_ws/install/px4_msgs/include/px4_msgs/px4_msgs/msg/detail/goto_setpoint__rosidl_typesupport_introspection_cpp.hpp\n'}
[1.787613] (px4_msgs) StdoutLine: {'line': b'-- Up-to-date: /home/mcfb/ros2_ws/install/px4_msgs/include/px4_msgs/px4_msgs/msg/detail/gimbal_controls__rosidl_typesupport_introspection_cpp.hpp\n'}
[1.787652] (px4_msgs) StdoutLine: {'line': b'-- Up-to-date: /home/mcfb/ros2_ws/install/px4_msgs/include/px4_msgs/px4_msgs/msg/detail/vehicle_constraints__type_support.cpp\n'}
[1.787854] (px4_msgs) StdoutLine: {'line': b'-- Up-to-date: /home/mcfb/ros2_ws/install/px4_msgs/include/px4_msgs/px4_msgs/msg/detail/rover_attitude_status__rosidl_typesupport_introspection_cpp.hpp\n'}
[1.787935] (px4_msgs) StdoutLine: {'line': b'-- Up-to-date: /home/mcfb/ros2_ws/install/px4_msgs/include/px4_msgs/px4_msgs/msg/detail/sensor_correction__type_support.cpp\n'}
[1.787977] (px4_msgs) StdoutLine: {'line': b'-- Up-to-date: /home/mcfb/ros2_ws/install/px4_msgs/include/px4_msgs/px4_msgs/msg/detail/yaw_estimator_status__rosidl_typesupport_introspection_cpp.hpp\n'}
[1.788024] (px4_msgs) StdoutLine: {'line': b'-- Up-to-date: /home/mcfb/ros2_ws/install/px4_msgs/include/px4_msgs/px4_msgs/msg/detail/flight_phase_estimation__rosidl_typesupport_introspection_cpp.hpp\n'}
[1.788064] (px4_msgs) StdoutLine: {'line': b'-- Up-to-date: /home/mcfb/ros2_ws/install/px4_msgs/include/px4_msgs/px4_msgs/msg/detail/estimator_bias3d__rosidl_typesupport_introspection_cpp.hpp\n'}
[1.788103] (px4_msgs) StdoutLine: {'line': b'-- Up-to-date: /home/mcfb/ros2_ws/install/px4_msgs/include/px4_msgs/px4_msgs/msg/detail/power_monitor__rosidl_typesupport_introspection_cpp.hpp\n'}
[1.788162] (px4_msgs) StdoutLine: {'line': b'-- Up-to-date: /home/mcfb/ros2_ws/install/px4_msgs/include/px4_msgs/px4_msgs/msg/detail/rover_speed_setpoint__type_support.cpp\n'}
[1.788198] (px4_msgs) StdoutLine: {'line': b'-- Up-to-date: /home/mcfb/ros2_ws/install/px4_msgs/include/px4_msgs/px4_msgs/msg/detail/camera_capture__rosidl_typesupport_introspection_cpp.hpp\n'}
[1.788237] (px4_msgs) StdoutLine: {'line': b'-- Up-to-date: /home/mcfb/ros2_ws/install/px4_msgs/include/px4_msgs/px4_msgs/msg/detail/parameter_set_used_request__rosidl_typesupport_introspection_cpp.hpp\n'}
[1.788279] (px4_msgs) StdoutLine: {'line': b'-- Up-to-date: /home/mcfb/ros2_ws/install/px4_msgs/include/px4_msgs/px4_msgs/msg/detail/gimbal_device_attitude_status__rosidl_typesupport_introspection_cpp.hpp\n'}
[1.788318] (px4_msgs) StdoutLine: {'line': b'-- Up-to-date: /home/mcfb/ros2_ws/install/px4_msgs/include/px4_msgs/px4_msgs/msg/detail/gimbal_manager_information__type_support.cpp\n'}
[1.788356] (px4_msgs) StdoutLine: {'line': b'-- Up-to-date: /home/mcfb/ros2_ws/install/px4_msgs/include/px4_msgs/px4_msgs/msg/detail/autotune_attitude_control_status__rosidl_typesupport_introspection_cpp.hpp\n'}
[1.788395] (px4_msgs) StdoutLine: {'line': b'-- Up-to-date: /home/mcfb/ros2_ws/install/px4_msgs/include/px4_msgs/px4_msgs/msg/detail/orb_test__rosidl_typesupport_introspection_cpp.hpp\n'}
[1.788433] (px4_msgs) StdoutLine: {'line': b'-- Up-to-date: /home/mcfb/ros2_ws/install/px4_msgs/include/px4_msgs/px4_msgs/msg/detail/tune_control__type_support.cpp\n'}
[1.788474] (px4_msgs) StdoutLine: {'line': b'-- Up-to-date: /home/mcfb/ros2_ws/install/px4_msgs/include/px4_msgs/px4_msgs/msg/detail/radio_status__type_support.cpp\n'}
[1.788511] (px4_msgs) StdoutLine: {'line': b'-- Up-to-date: /home/mcfb/ros2_ws/install/px4_msgs/include/px4_msgs/px4_msgs/msg/detail/vehicle_torque_setpoint__type_support.cpp\n'}
[1.788550] (px4_msgs) StdoutLine: {'line': b'-- Up-to-date: /home/mcfb/ros2_ws/install/px4_msgs/include/px4_msgs/px4_msgs/msg/detail/vehicle_control_mode__rosidl_typesupport_introspection_cpp.hpp\n'}
[1.788588] (px4_msgs) StdoutLine: {'line': b'-- Up-to-date: /home/mcfb/ros2_ws/install/px4_msgs/include/px4_msgs/px4_msgs/msg/detail/sensor_accel__rosidl_typesupport_introspection_cpp.hpp\n'}
[1.788628] (px4_msgs) StdoutLine: {'line': b'-- Up-to-date: /home/mcfb/ros2_ws/install/px4_msgs/include/px4_msgs/px4_msgs/msg/detail/sensor_gyro_fft__type_support.cpp\n'}
[1.788666] (px4_msgs) StdoutLine: {'line': b'-- Up-to-date: /home/mcfb/ros2_ws/install/px4_msgs/include/px4_msgs/px4_msgs/msg/detail/neural_control__rosidl_typesupport_introspection_cpp.hpp\n'}
[1.788712] (px4_msgs) StdoutLine: {'line': b'-- Up-to-date: /home/mcfb/ros2_ws/install/px4_msgs/include/px4_msgs/px4_msgs/msg/detail/vehicle_optical_flow__type_support.cpp\n'}
[1.788751] (px4_msgs) StdoutLine: {'line': b'-- Up-to-date: /home/mcfb/ros2_ws/install/px4_msgs/include/px4_msgs/px4_msgs/msg/detail/vehicle_odometry__rosidl_typesupport_introspection_cpp.hpp\n'}
[1.788789] (px4_msgs) StdoutLine: {'line': b'-- Up-to-date: /home/mcfb/ros2_ws/install/px4_msgs/include/px4_msgs/px4_msgs/msg/detail/tecs_status__rosidl_typesupport_introspection_cpp.hpp\n'}
[1.788845] (px4_msgs) StdoutLine: {'line': b'-- Up-to-date: /home/mcfb/ros2_ws/install/px4_msgs/include/px4_msgs/px4_msgs/msg/detail/mission__type_support.cpp\n'}
[1.788879] (px4_msgs) StdoutLine: {'line': b'-- Up-to-date: /home/mcfb/ros2_ws/install/px4_msgs/include/px4_msgs/px4_msgs/msg/detail/battery_status__type_support.cpp\n'}
[1.788913] (px4_msgs) StdoutLine: {'line': b'-- Up-to-date: /home/mcfb/ros2_ws/install/px4_msgs/include/px4_msgs/px4_msgs/msg/detail/estimator_event_flags__rosidl_typesupport_introspection_cpp.hpp\n'}
[1.788948] (px4_msgs) StdoutLine: {'line': b'-- Up-to-date: /home/mcfb/ros2_ws/install/px4_msgs/include/px4_msgs/px4_msgs/msg/detail/camera_status__rosidl_typesupport_introspection_cpp.hpp\n'}
[1.788981] (px4_msgs) StdoutLine: {'line': b'-- Up-to-date: /home/mcfb/ros2_ws/install/px4_msgs/include/px4_msgs/px4_msgs/msg/detail/onboard_computer_status__type_support.cpp\n'}
[1.789015] (px4_msgs) StdoutLine: {'line': b'-- Up-to-date: /home/mcfb/ros2_ws/install/px4_msgs/include/px4_msgs/px4_msgs/msg/detail/battery_info__rosidl_typesupport_introspection_cpp.hpp\n'}
[1.789049] (px4_msgs) StdoutLine: {'line': b'-- Up-to-date: /home/mcfb/ros2_ws/install/px4_msgs/include/px4_msgs/px4_msgs/msg/detail/button_event__type_support.cpp\n'}
[1.789089] (px4_msgs) StdoutLine: {'line': b'-- Up-to-date: /home/mcfb/ros2_ws/install/px4_msgs/include/px4_msgs/px4_msgs/msg/detail/gripper__type_support.cpp\n'}
[1.789126] (px4_msgs) StdoutLine: {'line': b'-- Up-to-date: /home/mcfb/ros2_ws/install/px4_msgs/include/px4_msgs/px4_msgs/msg/detail/system_power__type_support.cpp\n'}
[1.789164] (px4_msgs) StdoutLine: {'line': b'-- Up-to-date: /home/mcfb/ros2_ws/install/px4_msgs/include/px4_msgs/px4_msgs/msg/detail/debug_vect__type_support.cpp\n'}
[1.789220] (px4_msgs) StdoutLine: {'line': b'-- Up-to-date: /home/mcfb/ros2_ws/install/px4_msgs/include/px4_msgs/px4_msgs/msg/detail/rtl_status__type_support.cpp\n'}
[1.789255] (px4_msgs) StdoutLine: {'line': b'-- Up-to-date: /home/mcfb/ros2_ws/install/px4_msgs/include/px4_msgs/px4_msgs/msg/detail/orb_test_medium__type_support.cpp\n'}
[1.789297] (px4_msgs) StdoutLine: {'line': b'-- Up-to-date: /home/mcfb/ros2_ws/install/px4_msgs/include/px4_msgs/px4_msgs/msg/detail/sensor_correction__rosidl_typesupport_introspection_cpp.hpp\n'}
[1.789336] (px4_msgs) StdoutLine: {'line': b'-- Up-to-date: /home/mcfb/ros2_ws/install/px4_msgs/include/px4_msgs/px4_msgs/msg/detail/estimator_bias__type_support.cpp\n'}
[1.789372] (px4_msgs) StdoutLine: {'line': b'-- Up-to-date: /home/mcfb/ros2_ws/install/px4_msgs/include/px4_msgs/px4_msgs/msg/detail/dataman_response__type_support.cpp\n'}
[1.789410] (px4_msgs) StdoutLine: {'line': b'-- Up-to-date: /home/mcfb/ros2_ws/install/px4_msgs/include/px4_msgs/px4_msgs/msg/detail/sensor_gps__type_support.cpp\n'}
[1.789446] (px4_msgs) StdoutLine: {'line': b'-- Up-to-date: /home/mcfb/ros2_ws/install/px4_msgs/include/px4_msgs/px4_msgs/msg/detail/vehicle_imu_status__rosidl_typesupport_introspection_cpp.hpp\n'}
[1.789483] (px4_msgs) StdoutLine: {'line': b'-- Up-to-date: /home/mcfb/ros2_ws/install/px4_msgs/include/px4_msgs/px4_msgs/msg/detail/internal_combustion_engine_status__type_support.cpp\n'}
[1.789526] (px4_msgs) StdoutLine: {'line': b'-- Up-to-date: /home/mcfb/ros2_ws/install/px4_msgs/include/px4_msgs/px4_msgs/msg/detail/gimbal_manager_status__rosidl_typesupport_introspection_cpp.hpp\n'}
[1.789564] (px4_msgs) StdoutLine: {'line': b'-- Up-to-date: /home/mcfb/ros2_ws/install/px4_msgs/include/px4_msgs/px4_msgs/msg/detail/vehicle_command_ack__rosidl_typesupport_introspection_cpp.hpp\n'}
[1.789601] (px4_msgs) StdoutLine: {'line': b'-- Up-to-date: /home/mcfb/ros2_ws/install/px4_msgs/include/px4_msgs/px4_msgs/msg/detail/geofence_status__type_support.cpp\n'}
[1.789638] (px4_msgs) StdoutLine: {'line': b'-- Up-to-date: /home/mcfb/ros2_ws/install/px4_msgs/include/px4_msgs/px4_msgs/msg/detail/ekf2_timestamps__rosidl_typesupport_introspection_cpp.hpp\n'}
[1.789679] (px4_msgs) StdoutLine: {'line': b'-- Up-to-date: /home/mcfb/ros2_ws/install/px4_msgs/include/px4_msgs/px4_msgs/msg/detail/estimator_aid_source3d__rosidl_typesupport_introspection_cpp.hpp\n'}
[1.789758] (px4_msgs) StdoutLine: {'line': b'-- Up-to-date: /home/mcfb/ros2_ws/install/px4_msgs/include/px4_msgs/px4_msgs/msg/detail/failure_detector_status__rosidl_typesupport_introspection_cpp.hpp\n'}
[1.789794] (px4_msgs) StdoutLine: {'line': b'-- Up-to-date: /home/mcfb/ros2_ws/install/px4_msgs/include/px4_msgs/px4_msgs/msg/detail/px4io_status__rosidl_typesupport_introspection_cpp.hpp\n'}
[1.789828] (px4_msgs) StdoutLine: {'line': b'-- Up-to-date: /home/mcfb/ros2_ws/install/px4_msgs/include/px4_msgs/px4_msgs/msg/detail/pure_pursuit_status__rosidl_typesupport_introspection_cpp.hpp\n'}
[1.789861] (px4_msgs) StdoutLine: {'line': b'-- Up-to-date: /home/mcfb/ros2_ws/install/px4_msgs/include/px4_msgs/px4_msgs/msg/detail/vtol_vehicle_status__rosidl_typesupport_introspection_cpp.hpp\n'}
[1.789894] (px4_msgs) StdoutLine: {'line': b'-- Up-to-date: /home/mcfb/ros2_ws/install/px4_msgs/include/px4_msgs/px4_msgs/msg/detail/parameter_update__type_support.cpp\n'}
[1.789927] (px4_msgs) StdoutLine: {'line': b'-- Up-to-date: /home/mcfb/ros2_ws/install/px4_msgs/include/px4_msgs/px4_msgs/msg/detail/mount_orientation__rosidl_typesupport_introspection_cpp.hpp\n'}
[1.789961] (px4_msgs) StdoutLine: {'line': b'-- Up-to-date: /home/mcfb/ros2_ws/install/px4_msgs/include/px4_msgs/px4_msgs/msg/detail/parameter_reset_request__type_support.cpp\n'}
[1.789994] (px4_msgs) StdoutLine: {'line': b'-- Up-to-date: /home/mcfb/ros2_ws/install/px4_msgs/include/px4_msgs/px4_msgs/msg/detail/tecs_status__type_support.cpp\n'}
[1.790029] (px4_msgs) StdoutLine: {'line': b'-- Up-to-date: /home/mcfb/ros2_ws/install/px4_msgs/include/px4_msgs/px4_msgs/msg/detail/uavcan_parameter_value__rosidl_typesupport_introspection_cpp.hpp\n'}
[1.790063] (px4_msgs) StdoutLine: {'line': b'-- Up-to-date: /home/mcfb/ros2_ws/install/px4_msgs/include/px4_msgs/px4_msgs/msg/detail/cpuload__rosidl_typesupport_introspection_cpp.hpp\n'}
[1.790103] (px4_msgs) StdoutLine: {'line': b'-- Up-to-date: /home/mcfb/ros2_ws/install/px4_msgs/include/px4_msgs/px4_msgs/msg/detail/mavlink_tunnel__rosidl_typesupport_introspection_cpp.hpp\n'}
[1.790141] (px4_msgs) StdoutLine: {'line': b'-- Up-to-date: /home/mcfb/ros2_ws/install/px4_msgs/include/px4_msgs/px4_msgs/msg/detail/battery_status__rosidl_typesupport_introspection_cpp.hpp\n'}
[1.790179] (px4_msgs) StdoutLine: {'line': b'-- Up-to-date: /home/mcfb/ros2_ws/install/px4_msgs/include/px4_msgs/px4_msgs/msg/detail/debug_key_value__rosidl_typesupport_introspection_cpp.hpp\n'}
[1.790216] (px4_msgs) StdoutLine: {'line': b'-- Up-to-date: /home/mcfb/ros2_ws/install/px4_msgs/include/px4_msgs/px4_msgs/msg/detail/rc_channels__type_support.cpp\n'}
[1.790255] (px4_msgs) StdoutLine: {'line': b'-- Up-to-date: /home/mcfb/ros2_ws/install/px4_msgs/include/px4_msgs/px4_msgs/msg/detail/vtol_vehicle_status__type_support.cpp\n'}
[1.790292] (px4_msgs) StdoutLine: {'line': b'-- Up-to-date: /home/mcfb/ros2_ws/install/px4_msgs/include/px4_msgs/px4_msgs/msg/detail/vehicle_global_position__type_support.cpp\n'}
[1.790328] (px4_msgs) StdoutLine: {'line': b'-- Up-to-date: /home/mcfb/ros2_ws/install/px4_msgs/include/px4_msgs/px4_msgs/msg/detail/obstacle_distance__rosidl_typesupport_introspection_cpp.hpp\n'}
[1.790387] (px4_msgs) StdoutLine: {'line': b'-- Up-to-date: /home/mcfb/ros2_ws/install/px4_msgs/include/px4_msgs/px4_msgs/msg/detail/logger_status__rosidl_typesupport_introspection_cpp.hpp\n'}
[1.790420] (px4_msgs) StdoutLine: {'line': b'-- Up-to-date: /home/mcfb/ros2_ws/install/px4_msgs/include/px4_msgs/px4_msgs/msg/detail/onboard_computer_status__rosidl_typesupport_introspection_cpp.hpp\n'}
[1.790453] (px4_msgs) StdoutLine: {'line': b'-- Up-to-date: /home/mcfb/ros2_ws/install/px4_msgs/include/px4_msgs/px4_msgs/msg/detail/takeoff_status__rosidl_typesupport_introspection_cpp.hpp\n'}
[1.790487] (px4_msgs) StdoutLine: {'line': b'-- Up-to-date: /home/mcfb/ros2_ws/install/px4_msgs/include/px4_msgs/px4_msgs/msg/detail/longitudinal_control_configuration__rosidl_typesupport_introspection_cpp.hpp\n'}
[1.790530] (px4_msgs) StdoutLine: {'line': b'-- Up-to-date: /home/mcfb/ros2_ws/install/px4_msgs/include/px4_msgs/px4_msgs/msg/detail/logger_status__type_support.cpp\n'}
[1.790574] (px4_msgs) StdoutLine: {'line': b'-- Up-to-date: /home/mcfb/ros2_ws/install/px4_msgs/include/px4_msgs/px4_msgs/msg/detail/landing_gear__rosidl_typesupport_introspection_cpp.hpp\n'}
[1.790631] (px4_msgs) StdoutLine: {'line': b'-- Up-to-date: /home/mcfb/ros2_ws/install/px4_msgs/include/px4_msgs/px4_msgs/msg/detail/dataman_response__rosidl_typesupport_introspection_cpp.hpp\n'}
[1.790694] (px4_msgs) StdoutLine: {'line': b'-- Up-to-date: /home/mcfb/ros2_ws/install/px4_msgs/include/px4_msgs/px4_msgs/msg/detail/orbit_status__type_support.cpp\n'}
[1.790855] (px4_msgs) StdoutLine: {'line': b'-- Up-to-date: /home/mcfb/ros2_ws/install/px4_msgs/include/px4_msgs/px4_msgs/msg/detail/open_drone_id_arm_status__rosidl_typesupport_introspection_cpp.hpp\n'}
[1.791008] (px4_msgs) StdoutLine: {'line': b'-- Up-to-date: /home/mcfb/ros2_ws/install/px4_msgs/include/px4_msgs/px4_msgs/msg/detail/gimbal_controls__type_support.cpp\n'}
[1.791056] (px4_msgs) StdoutLine: {'line': b'-- Up-to-date: /home/mcfb/ros2_ws/install/px4_msgs/include/px4_msgs/px4_msgs/msg/detail/fixed_wing_lateral_guidance_status__rosidl_typesupport_introspection_cpp.hpp\n'}
[1.791095] (px4_msgs) StdoutLine: {'line': b'-- Up-to-date: /home/mcfb/ros2_ws/install/px4_msgs/include/px4_msgs/px4_msgs/msg/detail/sensor_gyro__rosidl_typesupport_introspection_cpp.hpp\n'}
[1.791130] (px4_msgs) StdoutLine: {'line': b'-- Up-to-date: /home/mcfb/ros2_ws/install/px4_msgs/include/px4_msgs/px4_msgs/msg/detail/register_ext_component_request__rosidl_typesupport_introspection_cpp.hpp\n'}
[1.791166] (px4_msgs) StdoutLine: {'line': b'-- Up-to-date: /home/mcfb/ros2_ws/install/px4_msgs/include/px4_msgs/px4_msgs/msg/detail/landing_target_pose__type_support.cpp\n'}
[1.791203] (px4_msgs) StdoutLine: {'line': b'-- Up-to-date: /home/mcfb/ros2_ws/install/px4_msgs/include/px4_msgs/px4_msgs/msg/detail/sensor_accel_fifo__type_support.cpp\n'}
[1.791238] (px4_msgs) StdoutLine: {'line': b'-- Up-to-date: /home/mcfb/ros2_ws/install/px4_msgs/include/px4_msgs/px4_msgs/msg/detail/rtl_time_estimate__rosidl_typesupport_introspection_cpp.hpp\n'}
[1.791273] (px4_msgs) StdoutLine: {'line': b'-- Up-to-date: /home/mcfb/ros2_ws/install/px4_msgs/include/px4_msgs/px4_msgs/msg/detail/gpio_out__type_support.cpp\n'}
[1.791307] (px4_msgs) StdoutLine: {'line': b'-- Up-to-date: /home/mcfb/ros2_ws/install/px4_msgs/include/px4_msgs/px4_msgs/msg/detail/parameter_reset_request__rosidl_typesupport_introspection_cpp.hpp\n'}
[1.791341] (px4_msgs) StdoutLine: {'line': b'-- Up-to-date: /home/mcfb/ros2_ws/install/px4_msgs/include/px4_msgs/px4_msgs/msg/detail/home_position__rosidl_typesupport_introspection_cpp.hpp\n'}
[1.791376] (px4_msgs) StdoutLine: {'line': b'-- Up-to-date: /home/mcfb/ros2_ws/install/px4_msgs/include/px4_msgs/px4_msgs/msg/detail/sensor_preflight_mag__type_support.cpp\n'}
[1.791411] (px4_msgs) StdoutLine: {'line': b'-- Up-to-date: /home/mcfb/ros2_ws/install/px4_msgs/include/px4_msgs/px4_msgs/msg/detail/px4io_status__type_support.cpp\n'}
[1.791445] (px4_msgs) StdoutLine: {'line': b'-- Up-to-date: /home/mcfb/ros2_ws/install/px4_msgs/include/px4_msgs/px4_msgs/msg/detail/airspeed__rosidl_typesupport_introspection_cpp.hpp\n'}
[1.791478] (px4_msgs) StdoutLine: {'line': b'-- Up-to-date: /home/mcfb/ros2_ws/install/px4_msgs/include/px4_msgs/px4_msgs/msg/detail/event__type_support.cpp\n'}
[1.791511] (px4_msgs) StdoutLine: {'line': b'-- Up-to-date: /home/mcfb/ros2_ws/install/px4_msgs/include/px4_msgs/px4_msgs/msg/detail/ping__type_support.cpp\n'}
[1.791545] (px4_msgs) StdoutLine: {'line': b'-- Up-to-date: /home/mcfb/ros2_ws/install/px4_msgs/include/px4_msgs/px4_msgs/msg/detail/fixed_wing_runway_control__rosidl_typesupport_introspection_cpp.hpp\n'}
[1.791579] (px4_msgs) StdoutLine: {'line': b'-- Up-to-date: /home/mcfb/ros2_ws/install/px4_msgs/include/px4_msgs/px4_msgs/msg/detail/estimator_event_flags__type_support.cpp\n'}
[1.791641] (px4_msgs) StdoutLine: {'line': b'-- Up-to-date: /home/mcfb/ros2_ws/install/px4_msgs/include/px4_msgs/px4_msgs/msg/detail/vehicle_magnetometer__rosidl_typesupport_introspection_cpp.hpp\n'}
[1.791681] (px4_msgs) StdoutLine: {'line': b'-- Up-to-date: /home/mcfb/ros2_ws/install/px4_msgs/include/px4_msgs/px4_msgs/msg/detail/offboard_control_mode__rosidl_typesupport_introspection_cpp.hpp\n'}
[1.791722] (px4_msgs) StdoutLine: {'line': b'-- Up-to-date: /home/mcfb/ros2_ws/install/px4_msgs/include/px4_msgs/px4_msgs/msg/detail/follow_target_status__rosidl_typesupport_introspection_cpp.hpp\n'}
[1.791761] (px4_msgs) StdoutLine: {'line': b'-- Up-to-date: /home/mcfb/ros2_ws/install/px4_msgs/include/px4_msgs/px4_msgs/msg/detail/rover_attitude_setpoint__type_support.cpp\n'}
[1.791794] (px4_msgs) StdoutLine: {'line': b'-- Up-to-date: /home/mcfb/ros2_ws/install/px4_msgs/include/px4_msgs/px4_msgs/msg/detail/sensor_uwb__rosidl_typesupport_introspection_cpp.hpp\n'}
[1.791827] (px4_msgs) StdoutLine: {'line': b'-- Up-to-date: /home/mcfb/ros2_ws/install/px4_msgs/include/px4_msgs/px4_msgs/msg/detail/vehicle_roi__rosidl_typesupport_introspection_cpp.hpp\n'}
[1.791862] (px4_msgs) StdoutLine: {'line': b'-- Up-to-date: /home/mcfb/ros2_ws/install/px4_msgs/include/px4_msgs/px4_msgs/msg/detail/estimator_states__rosidl_typesupport_introspection_cpp.hpp\n'}
[1.791927] (px4_msgs) StdoutLine: {'line': b'-- Up-to-date: /home/mcfb/ros2_ws/install/px4_msgs/include/px4_msgs/px4_msgs/msg/detail/gimbal_device_set_attitude__rosidl_typesupport_introspection_cpp.hpp\n'}
[1.791961] (px4_msgs) StdoutLine: {'line': b'-- Up-to-date: /home/mcfb/ros2_ws/install/px4_msgs/include/px4_msgs/px4_msgs/msg/detail/parameter_update__rosidl_typesupport_introspection_cpp.hpp\n'}
[1.791994] (px4_msgs) StdoutLine: {'line': b'-- Up-to-date: /home/mcfb/ros2_ws/install/px4_msgs/include/px4_msgs/px4_msgs/msg/detail/arming_check_request__rosidl_typesupport_introspection_cpp.hpp\n'}
[1.792026] (px4_msgs) StdoutLine: {'line': b'-- Up-to-date: /home/mcfb/ros2_ws/install/px4_msgs/include/px4_msgs/px4_msgs/msg/detail/pps_capture__rosidl_typesupport_introspection_cpp.hpp\n'}
[1.792059] (px4_msgs) StdoutLine: {'line': b'-- Up-to-date: /home/mcfb/ros2_ws/install/px4_msgs/include/px4_msgs/px4_msgs/msg/detail/rover_speed_setpoint__rosidl_typesupport_introspection_cpp.hpp\n'}
[1.792093] (px4_msgs) StdoutLine: {'line': b'-- Up-to-date: /home/mcfb/ros2_ws/install/px4_msgs/include/px4_msgs/px4_msgs/msg/detail/fixed_wing_longitudinal_setpoint__rosidl_typesupport_introspection_cpp.hpp\n'}
[1.792126] (px4_msgs) StdoutLine: {'line': b'-- Up-to-date: /home/mcfb/ros2_ws/install/px4_msgs/include/px4_msgs/px4_msgs/msg/detail/input_rc__type_support.cpp\n'}
[1.792162] (px4_msgs) StdoutLine: {'line': b'-- Up-to-date: /home/mcfb/ros2_ws/install/px4_msgs/include/px4_msgs/px4_msgs/msg/detail/normalized_unsigned_setpoint__rosidl_typesupport_introspection_cpp.hpp\n'}
[1.792200] (px4_msgs) StdoutLine: {'line': b'-- Up-to-date: /home/mcfb/ros2_ws/install/px4_msgs/include/px4_msgs/px4_msgs/msg/detail/config_overrides__type_support.cpp\n'}
[1.792254] (px4_msgs) StdoutLine: {'line': b'-- Up-to-date: /home/mcfb/ros2_ws/install/px4_msgs/include/px4_msgs/px4_msgs/msg/detail/pwm_input__type_support.cpp\n'}
[1.792289] (px4_msgs) StdoutLine: {'line': b'-- Up-to-date: /home/mcfb/ros2_ws/install/px4_msgs/include/px4_msgs/px4_msgs/msg/detail/rate_ctrl_status__type_support.cpp\n'}
[1.792321] (px4_msgs) StdoutLine: {'line': b'-- Up-to-date: /home/mcfb/ros2_ws/install/px4_msgs/include/px4_msgs/px4_msgs/msg/detail/gimbal_manager_information__rosidl_typesupport_introspection_cpp.hpp\n'}
[1.792354] (px4_msgs) StdoutLine: {'line': b'-- Up-to-date: /home/mcfb/ros2_ws/install/px4_msgs/include/px4_msgs/px4_msgs/msg/detail/collision_constraints__rosidl_typesupport_introspection_cpp.hpp\n'}
[1.792387] (px4_msgs) StdoutLine: {'line': b'-- Up-to-date: /home/mcfb/ros2_ws/install/px4_msgs/include/px4_msgs/px4_msgs/msg/detail/trajectory_setpoint__rosidl_typesupport_introspection_cpp.hpp\n'}
[1.792423] (px4_msgs) StdoutLine: {'line': b'-- Up-to-date: /home/mcfb/ros2_ws/install/px4_msgs/include/px4_msgs/px4_msgs/msg/detail/debug_key_value__type_support.cpp\n'}
[1.792456] (px4_msgs) StdoutLine: {'line': b'-- Up-to-date: /home/mcfb/ros2_ws/install/px4_msgs/include/px4_msgs/px4_msgs/msg/detail/gripper__rosidl_typesupport_introspection_cpp.hpp\n'}
[1.792490] (px4_msgs) StdoutLine: {'line': b'-- Up-to-date: /home/mcfb/ros2_ws/install/px4_msgs/include/px4_msgs/px4_msgs/msg/detail/mount_orientation__type_support.cpp\n'}
[1.792529] (px4_msgs) StdoutLine: {'line': b'-- Up-to-date: /home/mcfb/ros2_ws/install/px4_msgs/include/px4_msgs/px4_msgs/msg/detail/vehicle_rates_setpoint__type_support.cpp\n'}
[1.792580] (px4_msgs) StdoutLine: {'line': b'-- Up-to-date: /home/mcfb/ros2_ws/install/px4_msgs/include/px4_msgs/px4_msgs/msg/detail/flight_phase_estimation__type_support.cpp\n'}
[1.792614] (px4_msgs) StdoutLine: {'line': b'-- Up-to-date: /home/mcfb/ros2_ws/install/px4_msgs/include/px4_msgs/px4_msgs/msg/detail/vehicle_status__type_support.cpp\n'}
[1.792648] (px4_msgs) StdoutLine: {'line': b'-- Up-to-date: /home/mcfb/ros2_ws/install/px4_msgs/include/px4_msgs/px4_msgs/msg/detail/mag_worker_data__rosidl_typesupport_introspection_cpp.hpp\n'}
[1.792689] (px4_msgs) StdoutLine: {'line': b'-- Up-to-date: /home/mcfb/ros2_ws/install/px4_msgs/include/px4_msgs/px4_msgs/msg/detail/position_controller_landing_status__type_support.cpp\n'}
[1.792726] (px4_msgs) StdoutLine: {'line': b'-- Up-to-date: /home/mcfb/ros2_ws/install/px4_msgs/include/px4_msgs/px4_msgs/msg/detail/gimbal_manager_set_manual_control__type_support.cpp\n'}
[1.792758] (px4_msgs) StdoutLine: {'line': b'-- Up-to-date: /home/mcfb/ros2_ws/install/px4_msgs/include/px4_msgs/px4_msgs/msg/detail/sensor_airflow__type_support.cpp\n'}
[1.792790] (px4_msgs) StdoutLine: {'line': b'-- Up-to-date: /home/mcfb/ros2_ws/install/px4_msgs/include/px4_msgs/px4_msgs/msg/detail/landing_gear_wheel__type_support.cpp\n'}
[1.792821] (px4_msgs) StdoutLine: {'line': b'-- Up-to-date: /home/mcfb/ros2_ws/install/px4_msgs/include/px4_msgs/px4_msgs/msg/detail/estimator_gps_status__type_support.cpp\n'}
[1.792859] (px4_msgs) StdoutLine: {'line': b'-- Up-to-date: /home/mcfb/ros2_ws/install/px4_msgs/include/px4_msgs/px4_msgs/msg/detail/gps_inject_data__type_support.cpp\n'}
[1.792896] (px4_msgs) StdoutLine: {'line': b'-- Up-to-date: /home/mcfb/ros2_ws/install/px4_msgs/include/px4_msgs/px4_msgs/msg/detail/launch_detection_status__type_support.cpp\n'}
[1.792933] (px4_msgs) StdoutLine: {'line': b'-- Up-to-date: /home/mcfb/ros2_ws/install/px4_msgs/include/px4_msgs/px4_msgs/msg/detail/irlock_report__rosidl_typesupport_introspection_cpp.hpp\n'}
[1.792968] (px4_msgs) StdoutLine: {'line': b'-- Up-to-date: /home/mcfb/ros2_ws/install/px4_msgs/include/px4_msgs/px4_msgs/msg/detail/navigator_status__rosidl_typesupport_introspection_cpp.hpp\n'}
[1.793003] (px4_msgs) StdoutLine: {'line': b'-- Up-to-date: /home/mcfb/ros2_ws/install/px4_msgs/include/px4_msgs/px4_msgs/msg/detail/gpio_config__type_support.cpp\n'}
[1.793040] (px4_msgs) StdoutLine: {'line': b'-- Up-to-date: /home/mcfb/ros2_ws/install/px4_msgs/include/px4_msgs/px4_msgs/msg/detail/offboard_control_mode__type_support.cpp\n'}
[1.793075] (px4_msgs) StdoutLine: {'line': b'-- Up-to-date: /home/mcfb/ros2_ws/install/px4_msgs/include/px4_msgs/px4_msgs/msg/detail/follow_target_status__type_support.cpp\n'}
[1.793111] (px4_msgs) StdoutLine: {'line': b'-- Up-to-date: /home/mcfb/ros2_ws/install/px4_msgs/include/px4_msgs/px4_msgs/msg/detail/camera_trigger__rosidl_typesupport_introspection_cpp.hpp\n'}
[1.793159] (px4_msgs) StdoutLine: {'line': b'-- Up-to-date: /home/mcfb/ros2_ws/install/px4_msgs/include/px4_msgs/px4_msgs/msg/detail/open_drone_id_operator_id__rosidl_typesupport_introspection_cpp.hpp\n'}
[1.793192] (px4_msgs) StdoutLine: {'line': b'-- Up-to-date: /home/mcfb/ros2_ws/install/px4_msgs/include/px4_msgs/px4_msgs/msg/detail/mission_result__rosidl_typesupport_introspection_cpp.hpp\n'}
[1.793227] (px4_msgs) StdoutLine: {'line': b'-- Up-to-date: /home/mcfb/ros2_ws/install/px4_msgs/include/px4_msgs/px4_msgs/msg/detail/failsafe_flags__type_support.cpp\n'}
[1.793265] (px4_msgs) StdoutLine: {'line': b'-- Up-to-date: /home/mcfb/ros2_ws/install/px4_msgs/include/px4_msgs/px4_msgs/msg/detail/wind__type_support.cpp\n'}
[1.793302] (px4_msgs) StdoutLine: {'line': b'-- Up-to-date: /home/mcfb/ros2_ws/install/px4_msgs/include/px4_msgs/px4_msgs/msg/detail/debug_array__type_support.cpp\n'}
[1.793340] (px4_msgs) StdoutLine: {'line': b'-- Up-to-date: /home/mcfb/ros2_ws/install/px4_msgs/include/px4_msgs/px4_msgs/msg/detail/vehicle_attitude_setpoint__type_support.cpp\n'}
[1.793376] (px4_msgs) StdoutLine: {'line': b'-- Up-to-date: /home/mcfb/ros2_ws/install/px4_msgs/include/px4_msgs/px4_msgs/msg/detail/rate_ctrl_status__rosidl_typesupport_introspection_cpp.hpp\n'}
[1.793416] (px4_msgs) StdoutLine: {'line': b'-- Up-to-date: /home/mcfb/ros2_ws/install/px4_msgs/include/px4_msgs/px4_msgs/msg/detail/orb_test_large__rosidl_typesupport_introspection_cpp.hpp\n'}
[1.793454] (px4_msgs) StdoutLine: {'line': b'-- Up-to-date: /home/mcfb/ros2_ws/install/px4_msgs/include/px4_msgs/px4_msgs/msg/detail/vehicle_constraints__rosidl_typesupport_introspection_cpp.hpp\n'}
[1.793489] (px4_msgs) StdoutLine: {'line': b'-- Up-to-date: /home/mcfb/ros2_ws/install/px4_msgs/include/px4_msgs/px4_msgs/msg/detail/position_setpoint__rosidl_typesupport_introspection_cpp.hpp\n'}
[1.793525] (px4_msgs) StdoutLine: {'line': b'-- Up-to-date: /home/mcfb/ros2_ws/install/px4_msgs/include/px4_msgs/px4_msgs/msg/detail/control_allocator_status__rosidl_typesupport_introspection_cpp.hpp\n'}
[1.793562] (px4_msgs) StdoutLine: {'line': b'-- Up-to-date: /home/mcfb/ros2_ws/install/px4_msgs/include/px4_msgs/px4_msgs/msg/detail/actuator_test__rosidl_typesupport_introspection_cpp.hpp\n'}
[1.793599] (px4_msgs) StdoutLine: {'line': b'-- Up-to-date: /home/mcfb/ros2_ws/install/px4_msgs/include/px4_msgs/px4_msgs/msg/detail/actuator_servos__rosidl_typesupport_introspection_cpp.hpp\n'}
[1.793637] (px4_msgs) StdoutLine: {'line': b'-- Up-to-date: /home/mcfb/ros2_ws/install/px4_msgs/include/px4_msgs/px4_msgs/msg/detail/actuator_controls_status__rosidl_typesupport_introspection_cpp.hpp\n'}
[1.793678] (px4_msgs) StdoutLine: {'line': b'-- Up-to-date: /home/mcfb/ros2_ws/install/px4_msgs/include/px4_msgs/px4_msgs/msg/detail/open_drone_id_system__rosidl_typesupport_introspection_cpp.hpp\n'}
[1.793719] (px4_msgs) StdoutLine: {'line': b'-- Up-to-date: /home/mcfb/ros2_ws/install/px4_msgs/include/px4_msgs/px4_msgs/msg/detail/goto_setpoint__type_support.cpp\n'}
[1.793772] (px4_msgs) StdoutLine: {'line': b'-- Up-to-date: /home/mcfb/ros2_ws/install/px4_msgs/include/px4_msgs/px4_msgs/msg/detail/vehicle_optical_flow_vel__rosidl_typesupport_introspection_cpp.hpp\n'}
[1.793806] (px4_msgs) StdoutLine: {'line': b'-- Up-to-date: /home/mcfb/ros2_ws/install/px4_msgs/include/px4_msgs/px4_msgs/msg/detail/gimbal_device_information__rosidl_typesupport_introspection_cpp.hpp\n'}
[1.793841] (px4_msgs) StdoutLine: {'line': b'-- Up-to-date: /home/mcfb/ros2_ws/install/px4_msgs/include/px4_msgs/px4_msgs/msg/detail/register_ext_component_reply__rosidl_typesupport_introspection_cpp.hpp\n'}
[1.793894] (px4_msgs) StdoutLine: {'line': b'-- Up-to-date: /home/mcfb/ros2_ws/install/px4_msgs/include/px4_msgs/px4_msgs/msg/detail/magnetometer_bias_estimate__rosidl_typesupport_introspection_cpp.hpp\n'}
[1.793944] (px4_msgs) StdoutLine: {'line': b'-- Up-to-date: /home/mcfb/ros2_ws/install/px4_msgs/include/px4_msgs/px4_msgs/msg/detail/fixed_wing_lateral_status__rosidl_typesupport_introspection_cpp.hpp\n'}
[1.794025] (px4_msgs) StdoutLine: {'line': b'-- Up-to-date: /home/mcfb/ros2_ws/install/px4_msgs/include/px4_msgs/px4_msgs/msg/detail/actuator_armed__rosidl_typesupport_introspection_cpp.hpp\n'}
[1.794081] (px4_msgs) StdoutLine: {'line': b'-- Up-to-date: /home/mcfb/ros2_ws/install/px4_msgs/include/px4_msgs/px4_msgs/msg/detail/trajectory_setpoint__type_support.cpp\n'}
[1.794133] (px4_msgs) StdoutLine: {'line': b'-- Up-to-date: /home/mcfb/ros2_ws/install/px4_msgs/include/px4_msgs/px4_msgs/msg/detail/rover_attitude_setpoint__rosidl_typesupport_introspection_cpp.hpp\n'}
[1.794195] (px4_msgs) StdoutLine: {'line': b'-- Up-to-date: /home/mcfb/ros2_ws/install/px4_msgs/include/px4_msgs/px4_msgs/msg/detail/wheel_encoders__rosidl_typesupport_introspection_cpp.hpp\n'}
[1.794249] (px4_msgs) StdoutLine: {'line': b'-- Up-to-date: /home/mcfb/ros2_ws/install/px4_msgs/include/px4_msgs/px4_msgs/msg/detail/rover_steering_setpoint__rosidl_typesupport_introspection_cpp.hpp\n'}
[1.794298] (px4_msgs) StdoutLine: {'line': b'-- Up-to-date: /home/mcfb/ros2_ws/install/px4_msgs/include/px4_msgs/px4_msgs/msg/detail/estimator_aid_source2d__type_support.cpp\n'}
[1.794357] (px4_msgs) StdoutLine: {'line': b'-- Up-to-date: /home/mcfb/ros2_ws/install/px4_msgs/include/px4_msgs/px4_msgs/msg/detail/sensor_airflow__rosidl_typesupport_introspection_cpp.hpp\n'}
[1.794408] (px4_msgs) StdoutLine: {'line': b'-- Up-to-date: /home/mcfb/ros2_ws/install/px4_msgs/include/px4_msgs/px4_msgs/msg/detail/estimator_sensor_bias__rosidl_typesupport_introspection_cpp.hpp\n'}
[1.794460] (px4_msgs) StdoutLine: {'line': b'-- Up-to-date: /home/mcfb/ros2_ws/install/px4_msgs/include/px4_msgs/px4_msgs/msg/detail/navigator_mission_item__type_support.cpp\n'}
[1.794495] (px4_msgs) StdoutLine: {'line': b'-- Up-to-date: /home/mcfb/ros2_ws/install/px4_msgs/include/px4_msgs/px4_msgs/msg/detail/airspeed_validated__rosidl_typesupport_introspection_cpp.hpp\n'}
[1.794530] (px4_msgs) StdoutLine: {'line': b'-- Up-to-date: /home/mcfb/ros2_ws/install/px4_msgs/include/px4_msgs/px4_msgs/msg/detail/mode_completed__rosidl_typesupport_introspection_cpp.hpp\n'}
[1.794566] (px4_msgs) StdoutLine: {'line': b'-- Up-to-date: /home/mcfb/ros2_ws/install/px4_msgs/include/px4_msgs/px4_msgs/msg/detail/message_format_response__rosidl_typesupport_introspection_cpp.hpp\n'}
[1.794619] (px4_msgs) StdoutLine: {'line': b'-- Up-to-date: /home/mcfb/ros2_ws/install/px4_msgs/include/px4_msgs/px4_msgs/msg/detail/heater_status__type_support.cpp\n'}
[1.794679] (px4_msgs) StdoutLine: {'line': b'-- Up-to-date: /home/mcfb/ros2_ws/install/px4_msgs/include/px4_msgs/px4_msgs/msg/detail/system_power__rosidl_typesupport_introspection_cpp.hpp\n'}
[1.794753] (px4_msgs) StdoutLine: {'line': b'-- Up-to-date: /home/mcfb/ros2_ws/install/px4_msgs/include/px4_msgs/px4_msgs/msg/detail/autotune_attitude_control_status__type_support.cpp\n'}
[1.794818] (px4_msgs) StdoutLine: {'line': b'-- Up-to-date: /home/mcfb/ros2_ws/install/px4_msgs/include/px4_msgs/px4_msgs/msg/detail/estimator_status_flags__type_support.cpp\n'}
[1.794911] (px4_msgs) StdoutLine: {'line': b'-- Up-to-date: /home/mcfb/ros2_ws/install/px4_msgs/lib/libpx4_msgs__rosidl_typesupport_introspection_cpp.so\n'}
[1.794947] (px4_msgs) StdoutLine: {'line': b'-- Up-to-date: /home/mcfb/ros2_ws/install/px4_msgs/lib/libpx4_msgs__rosidl_typesupport_cpp.so\n'}
[1.794992] (px4_msgs) StdoutLine: {'line': b'-- Up-to-date: /home/mcfb/ros2_ws/install/px4_msgs/share/px4_msgs/environment/pythonpath.sh\n'}
[1.795042] (px4_msgs) StdoutLine: {'line': b'-- Up-to-date: /home/mcfb/ros2_ws/install/px4_msgs/share/px4_msgs/environment/pythonpath.dsv\n'}
[1.795099] (px4_msgs) StdoutLine: {'line': b'-- Up-to-date: /home/mcfb/ros2_ws/install/px4_msgs/lib/python3.12/site-packages/px4_msgs-2.0.1-py3.12.egg-info\n'}
[1.795166] (px4_msgs) StdoutLine: {'line': b'-- Installing: /home/mcfb/ros2_ws/install/px4_msgs/lib/python3.12/site-packages/px4_msgs-2.0.1-py3.12.egg-info/dependency_links.txt\n'}
[1.795232] (px4_msgs) StdoutLine: {'line': b'-- Installing: /home/mcfb/ros2_ws/install/px4_msgs/lib/python3.12/site-packages/px4_msgs-2.0.1-py3.12.egg-info/SOURCES.txt\n'}
[1.795288] (px4_msgs) StdoutLine: {'line': b'-- Installing: /home/mcfb/ros2_ws/install/px4_msgs/lib/python3.12/site-packages/px4_msgs-2.0.1-py3.12.egg-info/top_level.txt\n'}
[1.795406] (px4_msgs) StdoutLine: {'line': b'-- Installing: /home/mcfb/ros2_ws/install/px4_msgs/lib/python3.12/site-packages/px4_msgs-2.0.1-py3.12.egg-info/PKG-INFO\n'}
[1.795590] (px4_msgs) StdoutLine: {'line': b'-- Up-to-date: /home/mcfb/ros2_ws/install/px4_msgs/lib/python3.12/site-packages/px4_msgs\n'}
[1.795670] (px4_msgs) StdoutLine: {'line': b'-- Up-to-date: /home/mcfb/ros2_ws/install/px4_msgs/lib/python3.12/site-packages/px4_msgs/srv\n'}
[1.795763] (px4_msgs) StdoutLine: {'line': b'-- Up-to-date: /home/mcfb/ros2_ws/install/px4_msgs/lib/python3.12/site-packages/px4_msgs/srv/_vehicle_command_s.c\n'}
[1.795819] (px4_msgs) StdoutLine: {'line': b'-- Up-to-date: /home/mcfb/ros2_ws/install/px4_msgs/lib/python3.12/site-packages/px4_msgs/srv/__init__.py\n'}
[1.795877] (px4_msgs) StdoutLine: {'line': b'-- Up-to-date: /home/mcfb/ros2_ws/install/px4_msgs/lib/python3.12/site-packages/px4_msgs/srv/_vehicle_command.py\n'}
[1.795937] (px4_msgs) StdoutLine: {'line': b'-- Up-to-date: /home/mcfb/ros2_ws/install/px4_msgs/lib/python3.12/site-packages/px4_msgs/px4_msgs_s__rosidl_typesupport_introspection_c.so\n'}
[1.796003] (px4_msgs) StdoutLine: {'line': b'-- Up-to-date: /home/mcfb/ros2_ws/install/px4_msgs/lib/python3.12/site-packages/px4_msgs/msg\n'}
[1.796067] (px4_msgs) StdoutLine: {'line': b'-- Up-to-date: /home/mcfb/ros2_ws/install/px4_msgs/lib/python3.12/site-packages/px4_msgs/msg/_rpm_s.c\n'}
[1.796126] (px4_msgs) StdoutLine: {'line': b'-- Up-to-date: /home/mcfb/ros2_ws/install/px4_msgs/lib/python3.12/site-packages/px4_msgs/msg/_actuator_controls_status_s.c\n'}
[1.796282] (px4_msgs) StdoutLine: {'line': b'-- Up-to-date: /home/mcfb/ros2_ws/install/px4_msgs/lib/python3.12/site-packages/px4_msgs/msg/_vehicle_acceleration_s.c\n'}
[1.796346] (px4_msgs) StdoutLine: {'line': b'-- Up-to-date: /home/mcfb/ros2_ws/install/px4_msgs/lib/python3.12/site-packages/px4_msgs/msg/_fixed_wing_lateral_setpoint_s.c\n'}
[1.796404] (px4_msgs) StdoutLine: {'line': b'-- Up-to-date: /home/mcfb/ros2_ws/install/px4_msgs/lib/python3.12/site-packages/px4_msgs/msg/_camera_status.py\n'}
[1.796465] (px4_msgs) StdoutLine: {'line': b'-- Up-to-date: /home/mcfb/ros2_ws/install/px4_msgs/lib/python3.12/site-packages/px4_msgs/msg/_estimator_status_s.c\n'}
[1.796597] (px4_msgs) StdoutLine: {'line': b'-- Up-to-date: /home/mcfb/ros2_ws/install/px4_msgs/lib/python3.12/site-packages/px4_msgs/msg/_manual_control_setpoint.py\n'}
[1.796660] (px4_msgs) StdoutLine: {'line': b'-- Up-to-date: /home/mcfb/ros2_ws/install/px4_msgs/lib/python3.12/site-packages/px4_msgs/msg/_wheel_encoders_s.c\n'}
[1.796729] (px4_msgs) StdoutLine: {'line': b'-- Up-to-date: /home/mcfb/ros2_ws/install/px4_msgs/lib/python3.12/site-packages/px4_msgs/msg/_goto_setpoint.py\n'}
[1.796774] (px4_msgs) StdoutLine: {'line': b'-- Up-to-date: /home/mcfb/ros2_ws/install/px4_msgs/lib/python3.12/site-packages/px4_msgs/msg/_flight_phase_estimation.py\n'}
[1.796911] (px4_msgs) StdoutLine: {'line': b'-- Up-to-date: /home/mcfb/ros2_ws/install/px4_msgs/lib/python3.12/site-packages/px4_msgs/msg/_hover_thrust_estimate_s.c\n'}
[1.796963] (px4_msgs) StdoutLine: {'line': b'-- Up-to-date: /home/mcfb/ros2_ws/install/px4_msgs/lib/python3.12/site-packages/px4_msgs/msg/_takeoff_status.py\n'}
[1.797001] (px4_msgs) StdoutLine: {'line': b'-- Up-to-date: /home/mcfb/ros2_ws/install/px4_msgs/lib/python3.12/site-packages/px4_msgs/msg/_landing_target_pose_s.c\n'}
[1.797039] (px4_msgs) StdoutLine: {'line': b'-- Up-to-date: /home/mcfb/ros2_ws/install/px4_msgs/lib/python3.12/site-packages/px4_msgs/msg/_message_format_response.py\n'}
[1.797075] (px4_msgs) StdoutLine: {'line': b'-- Up-to-date: /home/mcfb/ros2_ws/install/px4_msgs/lib/python3.12/site-packages/px4_msgs/msg/_actuator_motors_s.c\n'}
[1.797115] (px4_msgs) StdoutLine: {'line': b'-- Up-to-date: /home/mcfb/ros2_ws/install/px4_msgs/lib/python3.12/site-packages/px4_msgs/msg/_vehicle_attitude_setpoint_s.c\n'}
[1.797152] (px4_msgs) StdoutLine: {'line': b'-- Up-to-date: /home/mcfb/ros2_ws/install/px4_msgs/lib/python3.12/site-packages/px4_msgs/msg/_fixed_wing_runway_control.py\n'}
[1.797189] (px4_msgs) StdoutLine: {'line': b'-- Up-to-date: /home/mcfb/ros2_ws/install/px4_msgs/lib/python3.12/site-packages/px4_msgs/msg/_power_monitor_s.c\n'}
[1.797226] (px4_msgs) StdoutLine: {'line': b'-- Up-to-date: /home/mcfb/ros2_ws/install/px4_msgs/lib/python3.12/site-packages/px4_msgs/msg/_debug_key_value_s.c\n'}
[1.797454] (px4_msgs) StdoutLine: {'line': b'-- Up-to-date: /home/mcfb/ros2_ws/install/px4_msgs/lib/python3.12/site-packages/px4_msgs/msg/_camera_status_s.c\n'}
[1.797518] (px4_msgs) StdoutLine: {'line': b'-- Up-to-date: /home/mcfb/ros2_ws/install/px4_msgs/lib/python3.12/site-packages/px4_msgs/msg/_tecs_status.py\n'}
[1.797552] (px4_msgs) StdoutLine: {'line': b'-- Up-to-date: /home/mcfb/ros2_ws/install/px4_msgs/lib/python3.12/site-packages/px4_msgs/msg/_estimator_event_flags.py\n'}
[1.797585] (px4_msgs) StdoutLine: {'line': b'-- Up-to-date: /home/mcfb/ros2_ws/install/px4_msgs/lib/python3.12/site-packages/px4_msgs/msg/_vehicle_local_position_s.c\n'}
[1.797619] (px4_msgs) StdoutLine: {'line': b'-- Up-to-date: /home/mcfb/ros2_ws/install/px4_msgs/lib/python3.12/site-packages/px4_msgs/msg/_mavlink_log_s.c\n'}
[1.797655] (px4_msgs) StdoutLine: {'line': b'-- Up-to-date: /home/mcfb/ros2_ws/install/px4_msgs/lib/python3.12/site-packages/px4_msgs/msg/_adc_report.py\n'}
[1.797761] (px4_msgs) StdoutLine: {'line': b'-- Up-to-date: /home/mcfb/ros2_ws/install/px4_msgs/lib/python3.12/site-packages/px4_msgs/msg/_battery_status_s.c\n'}
[1.797807] (px4_msgs) StdoutLine: {'line': b'-- Up-to-date: /home/mcfb/ros2_ws/install/px4_msgs/lib/python3.12/site-packages/px4_msgs/msg/_longitudinal_control_configuration_s.c\n'}
[1.797844] (px4_msgs) StdoutLine: {'line': b'-- Up-to-date: /home/mcfb/ros2_ws/install/px4_msgs/lib/python3.12/site-packages/px4_msgs/msg/_navigator_mission_item.py\n'}
[1.797882] (px4_msgs) StdoutLine: {'line': b'-- Up-to-date: /home/mcfb/ros2_ws/install/px4_msgs/lib/python3.12/site-packages/px4_msgs/msg/_open_drone_id_arm_status_s.c\n'}
[1.797918] (px4_msgs) StdoutLine: {'line': b'-- Up-to-date: /home/mcfb/ros2_ws/install/px4_msgs/lib/python3.12/site-packages/px4_msgs/msg/_obstacle_distance_s.c\n'}
[1.797955] (px4_msgs) StdoutLine: {'line': b'-- Up-to-date: /home/mcfb/ros2_ws/install/px4_msgs/lib/python3.12/site-packages/px4_msgs/msg/_actuator_motors.py\n'}
[1.797993] (px4_msgs) StdoutLine: {'line': b'-- Up-to-date: /home/mcfb/ros2_ws/install/px4_msgs/lib/python3.12/site-packages/px4_msgs/msg/_actuator_servos_trim.py\n'}
[1.798033] (px4_msgs) StdoutLine: {'line': b'-- Up-to-date: /home/mcfb/ros2_ws/install/px4_msgs/lib/python3.12/site-packages/px4_msgs/msg/_sensors_status_imu.py\n'}
[1.798072] (px4_msgs) StdoutLine: {'line': b'-- Up-to-date: /home/mcfb/ros2_ws/install/px4_msgs/lib/python3.12/site-packages/px4_msgs/msg/_airspeed_validated.py\n'}
[1.798109] (px4_msgs) StdoutLine: {'line': b'-- Up-to-date: /home/mcfb/ros2_ws/install/px4_msgs/lib/python3.12/site-packages/px4_msgs/msg/_rover_rate_status.py\n'}
[1.798145] (px4_msgs) StdoutLine: {'line': b'-- Up-to-date: /home/mcfb/ros2_ws/install/px4_msgs/lib/python3.12/site-packages/px4_msgs/msg/_parameter_set_used_request.py\n'}
[1.798214] (px4_msgs) StdoutLine: {'line': b'-- Up-to-date: /home/mcfb/ros2_ws/install/px4_msgs/lib/python3.12/site-packages/px4_msgs/msg/_magnetometer_bias_estimate.py\n'}
[1.798249] (px4_msgs) StdoutLine: {'line': b'-- Up-to-date: /home/mcfb/ros2_ws/install/px4_msgs/lib/python3.12/site-packages/px4_msgs/msg/_gimbal_device_information_s.c\n'}
[1.798284] (px4_msgs) StdoutLine: {'line': b'-- Up-to-date: /home/mcfb/ros2_ws/install/px4_msgs/lib/python3.12/site-packages/px4_msgs/msg/_estimator_status_flags.py\n'}
[1.798320] (px4_msgs) StdoutLine: {'line': b'-- Up-to-date: /home/mcfb/ros2_ws/install/px4_msgs/lib/python3.12/site-packages/px4_msgs/msg/_pps_capture.py\n'}
[1.798361] (px4_msgs) StdoutLine: {'line': b'-- Up-to-date: /home/mcfb/ros2_ws/install/px4_msgs/lib/python3.12/site-packages/px4_msgs/msg/_sensor_uwb_s.c\n'}
[1.798399] (px4_msgs) StdoutLine: {'line': b'-- Up-to-date: /home/mcfb/ros2_ws/install/px4_msgs/lib/python3.12/site-packages/px4_msgs/msg/_qshell_retval_s.c\n'}
[1.798437] (px4_msgs) StdoutLine: {'line': b'-- Up-to-date: /home/mcfb/ros2_ws/install/px4_msgs/lib/python3.12/site-packages/px4_msgs/msg/_vehicle_status.py\n'}
[1.798475] (px4_msgs) StdoutLine: {'line': b'-- Up-to-date: /home/mcfb/ros2_ws/install/px4_msgs/lib/python3.12/site-packages/px4_msgs/msg/_normalized_unsigned_setpoint_s.c\n'}
[1.798517] (px4_msgs) StdoutLine: {'line': b'-- Up-to-date: /home/mcfb/ros2_ws/install/px4_msgs/lib/python3.12/site-packages/px4_msgs/msg/_qshell_retval.py\n'}
[1.798555] (px4_msgs) StdoutLine: {'line': b'-- Up-to-date: /home/mcfb/ros2_ws/install/px4_msgs/lib/python3.12/site-packages/px4_msgs/msg/_fixed_wing_lateral_guidance_status_s.c\n'}
[1.798593] (px4_msgs) StdoutLine: {'line': b'-- Up-to-date: /home/mcfb/ros2_ws/install/px4_msgs/lib/python3.12/site-packages/px4_msgs/msg/_rover_throttle_setpoint_s.c\n'}
[1.798632] (px4_msgs) StdoutLine: {'line': b'-- Up-to-date: /home/mcfb/ros2_ws/install/px4_msgs/lib/python3.12/site-packages/px4_msgs/msg/_velocity_limits_s.c\n'}
[1.798670] (px4_msgs) StdoutLine: {'line': b'-- Up-to-date: /home/mcfb/ros2_ws/install/px4_msgs/lib/python3.12/site-packages/px4_msgs/msg/_position_setpoint_triplet.py\n'}
[1.798803] (px4_msgs) StdoutLine: {'line': b'-- Up-to-date: /home/mcfb/ros2_ws/install/px4_msgs/lib/python3.12/site-packages/px4_msgs/msg/_follow_target.py\n'}
[1.798866] (px4_msgs) StdoutLine: {'line': b'-- Up-to-date: /home/mcfb/ros2_ws/install/px4_msgs/lib/python3.12/site-packages/px4_msgs/msg/_log_message.py\n'}
[1.798903] (px4_msgs) StdoutLine: {'line': b'-- Up-to-date: /home/mcfb/ros2_ws/install/px4_msgs/lib/python3.12/site-packages/px4_msgs/msg/_gps_inject_data_s.c\n'}
[1.798941] (px4_msgs) StdoutLine: {'line': b'-- Up-to-date: /home/mcfb/ros2_ws/install/px4_msgs/lib/python3.12/site-packages/px4_msgs/msg/_button_event.py\n'}
[1.799061] (px4_msgs) StdoutLine: {'line': b'-- Up-to-date: /home/mcfb/ros2_ws/install/px4_msgs/lib/python3.12/site-packages/px4_msgs/msg/_follow_target_s.c\n'}
[1.799123] (px4_msgs) StdoutLine: {'line': b'-- Up-to-date: /home/mcfb/ros2_ws/install/px4_msgs/lib/python3.12/site-packages/px4_msgs/msg/_sensor_optical_flow_s.c\n'}
[1.799171] (px4_msgs) StdoutLine: {'line': b'-- Up-to-date: /home/mcfb/ros2_ws/install/px4_msgs/lib/python3.12/site-packages/px4_msgs/msg/_position_controller_status_s.c\n'}
[1.799228] (px4_msgs) StdoutLine: {'line': b'-- Up-to-date: /home/mcfb/ros2_ws/install/px4_msgs/lib/python3.12/site-packages/px4_msgs/msg/_gimbal_manager_set_attitude_s.c\n'}
[1.799307] (px4_msgs) StdoutLine: {'line': b'-- Up-to-date: /home/mcfb/ros2_ws/install/px4_msgs/lib/python3.12/site-packages/px4_msgs/msg/_figure_eight_status_s.c\n'}
[1.799346] (px4_msgs) StdoutLine: {'line': b'-- Up-to-date: /home/mcfb/ros2_ws/install/px4_msgs/lib/python3.12/site-packages/px4_msgs/msg/_heater_status.py\n'}
[1.799383] (px4_msgs) StdoutLine: {'line': b'-- Up-to-date: /home/mcfb/ros2_ws/install/px4_msgs/lib/python3.12/site-packages/px4_msgs/msg/_vehicle_status_s.c\n'}
[1.799418] (px4_msgs) StdoutLine: {'line': b'-- Up-to-date: /home/mcfb/ros2_ws/install/px4_msgs/lib/python3.12/site-packages/px4_msgs/msg/_wind_s.c\n'}
[1.799453] (px4_msgs) StdoutLine: {'line': b'-- Up-to-date: /home/mcfb/ros2_ws/install/px4_msgs/lib/python3.12/site-packages/px4_msgs/msg/_log_message_s.c\n'}
[1.799487] (px4_msgs) StdoutLine: {'line': b'-- Up-to-date: /home/mcfb/ros2_ws/install/px4_msgs/lib/python3.12/site-packages/px4_msgs/msg/_estimator_states.py\n'}
[1.799521] (px4_msgs) StdoutLine: {'line': b'-- Up-to-date: /home/mcfb/ros2_ws/install/px4_msgs/lib/python3.12/site-packages/px4_msgs/msg/_cpuload.py\n'}
[1.799555] (px4_msgs) StdoutLine: {'line': b'-- Up-to-date: /home/mcfb/ros2_ws/install/px4_msgs/lib/python3.12/site-packages/px4_msgs/msg/_tecs_status_s.c\n'}
[1.799606] (px4_msgs) StdoutLine: {'line': b'-- Up-to-date: /home/mcfb/ros2_ws/install/px4_msgs/lib/python3.12/site-packages/px4_msgs/msg/_lateral_control_configuration.py\n'}
[1.799655] (px4_msgs) StdoutLine: {'line': b'-- Up-to-date: /home/mcfb/ros2_ws/install/px4_msgs/lib/python3.12/site-packages/px4_msgs/msg/_sensor_gyro_s.c\n'}
[1.799715] (px4_msgs) StdoutLine: {'line': b'-- Up-to-date: /home/mcfb/ros2_ws/install/px4_msgs/lib/python3.12/site-packages/px4_msgs/msg/_failsafe_flags_s.c\n'}
[1.799751] (px4_msgs) StdoutLine: {'line': b'-- Up-to-date: /home/mcfb/ros2_ws/install/px4_msgs/lib/python3.12/site-packages/px4_msgs/msg/_estimator_gps_status_s.c\n'}
[1.799795] (px4_msgs) StdoutLine: {'line': b'-- Up-to-date: /home/mcfb/ros2_ws/install/px4_msgs/lib/python3.12/site-packages/px4_msgs/msg/_mavlink_tunnel.py\n'}
[1.799847] (px4_msgs) StdoutLine: {'line': b'-- Up-to-date: /home/mcfb/ros2_ws/install/px4_msgs/lib/python3.12/site-packages/px4_msgs/msg/_collision_constraints_s.c\n'}
[1.799902] (px4_msgs) StdoutLine: {'line': b'-- Up-to-date: /home/mcfb/ros2_ws/install/px4_msgs/lib/python3.12/site-packages/px4_msgs/msg/_vehicle_control_mode_s.c\n'}
[1.799938] (px4_msgs) StdoutLine: {'line': b'-- Up-to-date: /home/mcfb/ros2_ws/install/px4_msgs/lib/python3.12/site-packages/px4_msgs/msg/_debug_array_s.c\n'}
[1.799972] (px4_msgs) StdoutLine: {'line': b'-- Up-to-date: /home/mcfb/ros2_ws/install/px4_msgs/lib/python3.12/site-packages/px4_msgs/msg/_vehicle_attitude_s.c\n'}
[1.800010] (px4_msgs) StdoutLine: {'line': b'-- Up-to-date: /home/mcfb/ros2_ws/install/px4_msgs/lib/python3.12/site-packages/px4_msgs/msg/_figure_eight_status.py\n'}
[1.800061] (px4_msgs) StdoutLine: {'line': b'-- Up-to-date: /home/mcfb/ros2_ws/install/px4_msgs/lib/python3.12/site-packages/px4_msgs/msg/_rc_channels_s.c\n'}
[1.800116] (px4_msgs) StdoutLine: {'line': b'-- Up-to-date: /home/mcfb/ros2_ws/install/px4_msgs/lib/python3.12/site-packages/px4_msgs/msg/_transponder_report.py\n'}
[1.800163] (px4_msgs) StdoutLine: {'line': b'-- Up-to-date: /home/mcfb/ros2_ws/install/px4_msgs/lib/python3.12/site-packages/px4_msgs/msg/_vehicle_global_position.py\n'}
[1.800212] (px4_msgs) StdoutLine: {'line': b'-- Up-to-date: /home/mcfb/ros2_ws/install/px4_msgs/lib/python3.12/site-packages/px4_msgs/msg/_sensors_status_imu_s.c\n'}
[1.800259] (px4_msgs) StdoutLine: {'line': b'-- Up-to-date: /home/mcfb/ros2_ws/install/px4_msgs/lib/python3.12/site-packages/px4_msgs/msg/_gimbal_device_set_attitude_s.c\n'}
[1.800307] (px4_msgs) StdoutLine: {'line': b'-- Up-to-date: /home/mcfb/ros2_ws/install/px4_msgs/lib/python3.12/site-packages/px4_msgs/msg/_pure_pursuit_status.py\n'}
[1.800355] (px4_msgs) StdoutLine: {'line': b'-- Up-to-date: /home/mcfb/ros2_ws/install/px4_msgs/lib/python3.12/site-packages/px4_msgs/msg/_vehicle_acceleration.py\n'}
[1.800403] (px4_msgs) StdoutLine: {'line': b'-- Up-to-date: /home/mcfb/ros2_ws/install/px4_msgs/lib/python3.12/site-packages/px4_msgs/msg/_sensor_accel_fifo.py\n'}
[1.800452] (px4_msgs) StdoutLine: {'line': b'-- Up-to-date: /home/mcfb/ros2_ws/install/px4_msgs/lib/python3.12/site-packages/px4_msgs/msg/_home_position.py\n'}
[1.800500] (px4_msgs) StdoutLine: {'line': b'-- Up-to-date: /home/mcfb/ros2_ws/install/px4_msgs/lib/python3.12/site-packages/px4_msgs/msg/_trajectory_setpoint.py\n'}
[1.800548] (px4_msgs) StdoutLine: {'line': b'-- Up-to-date: /home/mcfb/ros2_ws/install/px4_msgs/lib/python3.12/site-packages/px4_msgs/msg/_sensor_mag.py\n'}
[1.800596] (px4_msgs) StdoutLine: {'line': b'-- Up-to-date: /home/mcfb/ros2_ws/install/px4_msgs/lib/python3.12/site-packages/px4_msgs/msg/_parameter_reset_request_s.c\n'}
[1.800644] (px4_msgs) StdoutLine: {'line': b'-- Up-to-date: /home/mcfb/ros2_ws/install/px4_msgs/lib/python3.12/site-packages/px4_msgs/msg/_gimbal_manager_set_manual_control.py\n'}
[1.800699] (px4_msgs) StdoutLine: {'line': b'-- Up-to-date: /home/mcfb/ros2_ws/install/px4_msgs/lib/python3.12/site-packages/px4_msgs/msg/_gpio_config_s.c\n'}
[1.800749] (px4_msgs) StdoutLine: {'line': b'-- Up-to-date: /home/mcfb/ros2_ws/install/px4_msgs/lib/python3.12/site-packages/px4_msgs/msg/_pps_capture_s.c\n'}
[1.800816] (px4_msgs) StdoutLine: {'line': b'-- Up-to-date: /home/mcfb/ros2_ws/install/px4_msgs/lib/python3.12/site-packages/px4_msgs/msg/_normalized_unsigned_setpoint.py\n'}
[1.800862] (px4_msgs) StdoutLine: {'line': b'-- Up-to-date: /home/mcfb/ros2_ws/install/px4_msgs/lib/python3.12/site-packages/px4_msgs/msg/_dataman_request.py\n'}
[1.800912] (px4_msgs) StdoutLine: {'line': b'-- Up-to-date: /home/mcfb/ros2_ws/install/px4_msgs/lib/python3.12/site-packages/px4_msgs/msg/_orb_test_medium.py\n'}
[1.800961] (px4_msgs) StdoutLine: {'line': b'-- Up-to-date: /home/mcfb/ros2_ws/install/px4_msgs/lib/python3.12/site-packages/px4_msgs/msg/_camera_capture_s.c\n'}
[1.801010] (px4_msgs) StdoutLine: {'line': b'-- Up-to-date: /home/mcfb/ros2_ws/install/px4_msgs/lib/python3.12/site-packages/px4_msgs/msg/_mavlink_log.py\n'}
[1.801044] (px4_msgs) StdoutLine: {'line': b'-- Up-to-date: /home/mcfb/ros2_ws/install/px4_msgs/lib/python3.12/site-packages/px4_msgs/msg/_rover_speed_setpoint.py\n'}
[1.801094] (px4_msgs) StdoutLine: {'line': b'-- Up-to-date: /home/mcfb/ros2_ws/install/px4_msgs/lib/python3.12/site-packages/px4_msgs/msg/_sensor_gyro_fft.py\n'}
[1.801139] (px4_msgs) StdoutLine: {'line': b'-- Up-to-date: /home/mcfb/ros2_ws/install/px4_msgs/lib/python3.12/site-packages/px4_msgs/msg/_rover_rate_status_s.c\n'}
[1.801186] (px4_msgs) StdoutLine: {'line': b'-- Up-to-date: /home/mcfb/ros2_ws/install/px4_msgs/lib/python3.12/site-packages/px4_msgs/msg/_gpio_out.py\n'}
[1.801234] (px4_msgs) StdoutLine: {'line': b'-- Up-to-date: /home/mcfb/ros2_ws/install/px4_msgs/lib/python3.12/site-packages/px4_msgs/msg/_vehicle_angular_acceleration_setpoint_s.c\n'}
[1.801282] (px4_msgs) StdoutLine: {'line': b'-- Up-to-date: /home/mcfb/ros2_ws/install/px4_msgs/lib/python3.12/site-packages/px4_msgs/msg/_fuel_tank_status_s.c\n'}
[1.801329] (px4_msgs) StdoutLine: {'line': b'-- Up-to-date: /home/mcfb/ros2_ws/install/px4_msgs/lib/python3.12/site-packages/px4_msgs/msg/_orb_test_s.c\n'}
[1.801376] (px4_msgs) StdoutLine: {'line': b'-- Up-to-date: /home/mcfb/ros2_ws/install/px4_msgs/lib/python3.12/site-packages/px4_msgs/msg/_airspeed_s.c\n'}
[1.801423] (px4_msgs) StdoutLine: {'line': b'-- Up-to-date: /home/mcfb/ros2_ws/install/px4_msgs/lib/python3.12/site-packages/px4_msgs/msg/_airspeed.py\n'}
[1.801470] (px4_msgs) StdoutLine: {'line': b'-- Up-to-date: /home/mcfb/ros2_ws/install/px4_msgs/lib/python3.12/site-packages/px4_msgs/msg/_dronecan_node_status.py\n'}
[1.801532] (px4_msgs) StdoutLine: {'line': b'-- Up-to-date: /home/mcfb/ros2_ws/install/px4_msgs/lib/python3.12/site-packages/px4_msgs/msg/_airspeed_wind_s.c\n'}
[1.801580] (px4_msgs) StdoutLine: {'line': b'-- Up-to-date: /home/mcfb/ros2_ws/install/px4_msgs/lib/python3.12/site-packages/px4_msgs/msg/_px4io_status.py\n'}
[1.801640] (px4_msgs) StdoutLine: {'line': b'-- Up-to-date: /home/mcfb/ros2_ws/install/px4_msgs/lib/python3.12/site-packages/px4_msgs/msg/_adc_report_s.c\n'}
[1.801702] (px4_msgs) StdoutLine: {'line': b'-- Up-to-date: /home/mcfb/ros2_ws/install/px4_msgs/lib/python3.12/site-packages/px4_msgs/msg/_mission_result_s.c\n'}
[1.801754] (px4_msgs) StdoutLine: {'line': b'-- Up-to-date: /home/mcfb/ros2_ws/install/px4_msgs/lib/python3.12/site-packages/px4_msgs/msg/_vehicle_angular_velocity_s.c\n'}
[1.801803] (px4_msgs) StdoutLine: {'line': b'-- Up-to-date: /home/mcfb/ros2_ws/install/px4_msgs/lib/python3.12/site-packages/px4_msgs/msg/_actuator_test.py\n'}
[1.801851] (px4_msgs) StdoutLine: {'line': b'-- Up-to-date: /home/mcfb/ros2_ws/install/px4_msgs/lib/python3.12/site-packages/px4_msgs/msg/_button_event_s.c\n'}
[1.801898] (px4_msgs) StdoutLine: {'line': b'-- Up-to-date: /home/mcfb/ros2_ws/install/px4_msgs/lib/python3.12/site-packages/px4_msgs/msg/_sensor_correction_s.c\n'}
[1.801947] (px4_msgs) StdoutLine: {'line': b'-- Up-to-date: /home/mcfb/ros2_ws/install/px4_msgs/lib/python3.12/site-packages/px4_msgs/msg/_launch_detection_status_s.c\n'}
[1.801994] (px4_msgs) StdoutLine: {'line': b'-- Up-to-date: /home/mcfb/ros2_ws/install/px4_msgs/lib/python3.12/site-packages/px4_msgs/msg/_vehicle_constraints_s.c\n'}
[1.802042] (px4_msgs) StdoutLine: {'line': b'-- Up-to-date: /home/mcfb/ros2_ws/install/px4_msgs/lib/python3.12/site-packages/px4_msgs/msg/_estimator_selector_status.py\n'}
[1.802090] (px4_msgs) StdoutLine: {'line': b'-- Up-to-date: /home/mcfb/ros2_ws/install/px4_msgs/lib/python3.12/site-packages/px4_msgs/msg/_ulog_stream_s.c\n'}
[1.802138] (px4_msgs) StdoutLine: {'line': b'-- Up-to-date: /home/mcfb/ros2_ws/install/px4_msgs/lib/python3.12/site-packages/px4_msgs/msg/_internal_combustion_engine_control.py\n'}
[1.802186] (px4_msgs) StdoutLine: {'line': b'-- Up-to-date: /home/mcfb/ros2_ws/install/px4_msgs/lib/python3.12/site-packages/px4_msgs/msg/_gps_dump_s.c\n'}
[1.802244] (px4_msgs) StdoutLine: {'line': b'-- Up-to-date: /home/mcfb/ros2_ws/install/px4_msgs/lib/python3.12/site-packages/px4_msgs/msg/_mag_worker_data.py\n'}
[1.802279] (px4_msgs) StdoutLine: {'line': b'-- Up-to-date: /home/mcfb/ros2_ws/install/px4_msgs/lib/python3.12/site-packages/px4_msgs/msg/_sensors_status_s.c\n'}
[1.802311] (px4_msgs) StdoutLine: {'line': b'-- Up-to-date: /home/mcfb/ros2_ws/install/px4_msgs/lib/python3.12/site-packages/px4_msgs/msg/_onboard_computer_status_s.c\n'}
[1.802344] (px4_msgs) StdoutLine: {'line': b'-- Up-to-date: /home/mcfb/ros2_ws/install/px4_msgs/lib/python3.12/site-packages/px4_msgs/msg/_rtl_time_estimate_s.c\n'}
[1.802380] (px4_msgs) StdoutLine: {'line': b'-- Up-to-date: /home/mcfb/ros2_ws/install/px4_msgs/lib/python3.12/site-packages/px4_msgs/msg/_landing_target_pose.py\n'}
[1.802413] (px4_msgs) StdoutLine: {'line': b'-- Up-to-date: /home/mcfb/ros2_ws/install/px4_msgs/lib/python3.12/site-packages/px4_msgs/msg/_rover_attitude_setpoint_s.c\n'}
[1.802446] (px4_msgs) StdoutLine: {'line': b'-- Up-to-date: /home/mcfb/ros2_ws/install/px4_msgs/lib/python3.12/site-packages/px4_msgs/msg/_vtol_vehicle_status_s.c\n'}
[1.802479] (px4_msgs) StdoutLine: {'line': b'-- Up-to-date: /home/mcfb/ros2_ws/install/px4_msgs/lib/python3.12/site-packages/px4_msgs/msg/_gripper.py\n'}
[1.802520] (px4_msgs) StdoutLine: {'line': b'-- Up-to-date: /home/mcfb/ros2_ws/install/px4_msgs/lib/python3.12/site-packages/px4_msgs/msg/_cellular_status_s.c\n'}
[1.802568] (px4_msgs) StdoutLine: {'line': b'-- Up-to-date: /home/mcfb/ros2_ws/install/px4_msgs/lib/python3.12/site-packages/px4_msgs/msg/_telemetry_status.py\n'}
[1.802615] (-) TimerEvent: {}
[1.802698] (px4_msgs) StdoutLine: {'line': b'-- Up-to-date: /home/mcfb/ros2_ws/install/px4_msgs/lib/python3.12/site-packages/px4_msgs/msg/_sensor_accel.py\n'}
[1.802745] (px4_msgs) StdoutLine: {'line': b'-- Up-to-date: /home/mcfb/ros2_ws/install/px4_msgs/lib/python3.12/site-packages/px4_msgs/msg/_actuator_test_s.c\n'}
[1.802781] (px4_msgs) StdoutLine: {'line': b'-- Up-to-date: /home/mcfb/ros2_ws/install/px4_msgs/lib/python3.12/site-packages/px4_msgs/msg/_sensor_preflight_mag_s.c\n'}
[1.802816] (px4_msgs) StdoutLine: {'line': b'-- Up-to-date: /home/mcfb/ros2_ws/install/px4_msgs/lib/python3.12/site-packages/px4_msgs/msg/_gimbal_device_set_attitude.py\n'}
[1.802851] (px4_msgs) StdoutLine: {'line': b'-- Up-to-date: /home/mcfb/ros2_ws/install/px4_msgs/lib/python3.12/site-packages/px4_msgs/msg/_ulog_stream_ack.py\n'}
[1.802884] (px4_msgs) StdoutLine: {'line': b'-- Up-to-date: /home/mcfb/ros2_ws/install/px4_msgs/lib/python3.12/site-packages/px4_msgs/msg/_gimbal_manager_information_s.c\n'}
[1.802916] (px4_msgs) StdoutLine: {'line': b'-- Up-to-date: /home/mcfb/ros2_ws/install/px4_msgs/lib/python3.12/site-packages/px4_msgs/msg/_yaw_estimator_status.py\n'}
[1.802971] (px4_msgs) StdoutLine: {'line': b'-- Up-to-date: /home/mcfb/ros2_ws/install/px4_msgs/lib/python3.12/site-packages/px4_msgs/msg/_open_drone_id_system.py\n'}
[1.803029] (px4_msgs) StdoutLine: {'line': b'-- Up-to-date: /home/mcfb/ros2_ws/install/px4_msgs/lib/python3.12/site-packages/px4_msgs/msg/_offboard_control_mode.py\n'}
[1.803081] (px4_msgs) StdoutLine: {'line': b'-- Up-to-date: /home/mcfb/ros2_ws/install/px4_msgs/lib/python3.12/site-packages/px4_msgs/msg/_open_drone_id_operator_id.py\n'}
[1.803140] (px4_msgs) StdoutLine: {'line': b'-- Up-to-date: /home/mcfb/ros2_ws/install/px4_msgs/lib/python3.12/site-packages/px4_msgs/msg/_uavcan_parameter_request_s.c\n'}
[1.803185] (px4_msgs) StdoutLine: {'line': b'-- Up-to-date: /home/mcfb/ros2_ws/install/px4_msgs/lib/python3.12/site-packages/px4_msgs/msg/_vehicle_imu_status.py\n'}
[1.803225] (px4_msgs) StdoutLine: {'line': b'-- Up-to-date: /home/mcfb/ros2_ws/install/px4_msgs/lib/python3.12/site-packages/px4_msgs/msg/_uavcan_parameter_value_s.c\n'}
[1.803313] (px4_msgs) StdoutLine: {'line': b'-- Up-to-date: /home/mcfb/ros2_ws/install/px4_msgs/lib/python3.12/site-packages/px4_msgs/msg/_ulog_stream_ack_s.c\n'}
[1.803363] (px4_msgs) StdoutLine: {'line': b'-- Up-to-date: /home/mcfb/ros2_ws/install/px4_msgs/lib/python3.12/site-packages/px4_msgs/msg/_timesync_status.py\n'}
[1.803411] (px4_msgs) StdoutLine: {'line': b'-- Up-to-date: /home/mcfb/ros2_ws/install/px4_msgs/lib/python3.12/site-packages/px4_msgs/msg/_config_overrides_s.c\n'}
[1.803460] (px4_msgs) StdoutLine: {'line': b'-- Up-to-date: /home/mcfb/ros2_ws/install/px4_msgs/lib/python3.12/site-packages/px4_msgs/msg/_battery_info.py\n'}
[1.803509] (px4_msgs) StdoutLine: {'line': b'-- Up-to-date: /home/mcfb/ros2_ws/install/px4_msgs/lib/python3.12/site-packages/px4_msgs/msg/_action_request.py\n'}
[1.803557] (px4_msgs) StdoutLine: {'line': b'-- Up-to-date: /home/mcfb/ros2_ws/install/px4_msgs/lib/python3.12/site-packages/px4_msgs/msg/_differential_pressure.py\n'}
[1.803611] (px4_msgs) StdoutLine: {'line': b'-- Up-to-date: /home/mcfb/ros2_ws/install/px4_msgs/lib/python3.12/site-packages/px4_msgs/msg/_arming_check_request.py\n'}
[1.803650] (px4_msgs) StdoutLine: {'line': b'-- Up-to-date: /home/mcfb/ros2_ws/install/px4_msgs/lib/python3.12/site-packages/px4_msgs/msg/_estimator_status_flags_s.c\n'}
[1.803704] (px4_msgs) StdoutLine: {'line': b'-- Up-to-date: /home/mcfb/ros2_ws/install/px4_msgs/lib/python3.12/site-packages/px4_msgs/msg/_sensor_gnss_status.py\n'}
[1.803754] (px4_msgs) StdoutLine: {'line': b'-- Up-to-date: /home/mcfb/ros2_ws/install/px4_msgs/lib/python3.12/site-packages/px4_msgs/msg/_internal_combustion_engine_control_s.c\n'}
[1.803802] (px4_msgs) StdoutLine: {'line': b'-- Up-to-date: /home/mcfb/ros2_ws/install/px4_msgs/lib/python3.12/site-packages/px4_msgs/msg/_gps_inject_data.py\n'}
[1.803850] (px4_msgs) StdoutLine: {'line': b'-- Up-to-date: /home/mcfb/ros2_ws/install/px4_msgs/lib/python3.12/site-packages/px4_msgs/msg/_mission_s.c\n'}
[1.803898] (px4_msgs) StdoutLine: {'line': b'-- Up-to-date: /home/mcfb/ros2_ws/install/px4_msgs/lib/python3.12/site-packages/px4_msgs/msg/_estimator_aid_source1d_s.c\n'}
[1.803947] (px4_msgs) StdoutLine: {'line': b'-- Up-to-date: /home/mcfb/ros2_ws/install/px4_msgs/lib/python3.12/site-packages/px4_msgs/msg/_vehicle_local_position.py\n'}
[1.804006] (px4_msgs) StdoutLine: {'line': b'-- Up-to-date: /home/mcfb/ros2_ws/install/px4_msgs/lib/python3.12/site-packages/px4_msgs/msg/_vehicle_roi_s.c\n'}
[1.804057] (px4_msgs) StdoutLine: {'line': b'-- Up-to-date: /home/mcfb/ros2_ws/install/px4_msgs/lib/python3.12/site-packages/px4_msgs/msg/_rover_speed_setpoint_s.c\n'}
[1.804106] (px4_msgs) StdoutLine: {'line': b'-- Up-to-date: /home/mcfb/ros2_ws/install/px4_msgs/lib/python3.12/site-packages/px4_msgs/msg/_orbit_status.py\n'}
[1.804154] (px4_msgs) StdoutLine: {'line': b'-- Up-to-date: /home/mcfb/ros2_ws/install/px4_msgs/lib/python3.12/site-packages/px4_msgs/msg/_parameter_update_s.c\n'}
[1.804204] (px4_msgs) StdoutLine: {'line': b'-- Up-to-date: /home/mcfb/ros2_ws/install/px4_msgs/lib/python3.12/site-packages/px4_msgs/msg/_arming_check_request_s.c\n'}
[1.804244] (px4_msgs) StdoutLine: {'line': b'-- Up-to-date: /home/mcfb/ros2_ws/install/px4_msgs/lib/python3.12/site-packages/px4_msgs/msg/_ping_s.c\n'}
[1.804282] (px4_msgs) StdoutLine: {'line': b'-- Up-to-date: /home/mcfb/ros2_ws/install/px4_msgs/lib/python3.12/site-packages/px4_msgs/msg/_mount_orientation_s.c\n'}
[1.804319] (px4_msgs) StdoutLine: {'line': b'-- Up-to-date: /home/mcfb/ros2_ws/install/px4_msgs/lib/python3.12/site-packages/px4_msgs/msg/_register_ext_component_request.py\n'}
[1.804358] (px4_msgs) StdoutLine: {'line': b'-- Up-to-date: /home/mcfb/ros2_ws/install/px4_msgs/lib/python3.12/site-packages/px4_msgs/msg/_vehicle_odometry_s.c\n'}
[1.804398] (px4_msgs) StdoutLine: {'line': b'-- Up-to-date: /home/mcfb/ros2_ws/install/px4_msgs/lib/python3.12/site-packages/px4_msgs/msg/_gpio_request_s.c\n'}
[1.804437] (px4_msgs) StdoutLine: {'line': b'-- Up-to-date: /home/mcfb/ros2_ws/install/px4_msgs/lib/python3.12/site-packages/px4_msgs/msg/_sensor_gnss_relative_s.c\n'}
[1.804475] (px4_msgs) StdoutLine: {'line': b'-- Up-to-date: /home/mcfb/ros2_ws/install/px4_msgs/lib/python3.12/site-packages/px4_msgs/msg/_cellular_status.py\n'}
[1.804548] (px4_msgs) StdoutLine: {'line': b'-- Up-to-date: /home/mcfb/ros2_ws/install/px4_msgs/lib/python3.12/site-packages/px4_msgs/msg/_autotune_attitude_control_status.py\n'}
[1.804582] (px4_msgs) StdoutLine: {'line': b'-- Up-to-date: /home/mcfb/ros2_ws/install/px4_msgs/lib/python3.12/site-packages/px4_msgs/msg/_gimbal_manager_set_manual_control_s.c\n'}
[1.804616] (px4_msgs) StdoutLine: {'line': b'-- Up-to-date: /home/mcfb/ros2_ws/install/px4_msgs/lib/python3.12/site-packages/px4_msgs/msg/_power_button_state_s.c\n'}
[1.804650] (px4_msgs) StdoutLine: {'line': b'-- Up-to-date: /home/mcfb/ros2_ws/install/px4_msgs/lib/python3.12/site-packages/px4_msgs/msg/_orb_test_medium_s.c\n'}
[1.804689] (px4_msgs) StdoutLine: {'line': b'-- Up-to-date: /home/mcfb/ros2_ws/install/px4_msgs/lib/python3.12/site-packages/px4_msgs/msg/_mount_orientation.py\n'}
[1.804726] (px4_msgs) StdoutLine: {'line': b'-- Up-to-date: /home/mcfb/ros2_ws/install/px4_msgs/lib/python3.12/site-packages/px4_msgs/msg/_open_drone_id_self_id_s.c\n'}
[1.804759] (px4_msgs) StdoutLine: {'line': b'-- Up-to-date: /home/mcfb/ros2_ws/install/px4_msgs/lib/python3.12/site-packages/px4_msgs/msg/_pwm_input.py\n'}
[1.804797] (px4_msgs) StdoutLine: {'line': b'-- Up-to-date: /home/mcfb/ros2_ws/install/px4_msgs/lib/python3.12/site-packages/px4_msgs/msg/_gimbal_manager_set_attitude.py\n'}
[1.804835] (px4_msgs) StdoutLine: {'line': b'-- Up-to-date: /home/mcfb/ros2_ws/install/px4_msgs/lib/python3.12/site-packages/px4_msgs/msg/_parameter_set_value_request_s.c\n'}
[1.804889] (px4_msgs) StdoutLine: {'line': b'-- Up-to-date: /home/mcfb/ros2_ws/install/px4_msgs/lib/python3.12/site-packages/px4_msgs/msg/_rate_ctrl_status_s.c\n'}
[1.804923] (px4_msgs) StdoutLine: {'line': b'-- Up-to-date: /home/mcfb/ros2_ws/install/px4_msgs/lib/python3.12/site-packages/px4_msgs/msg/_vehicle_optical_flow_vel_s.c\n'}
[1.804958] (px4_msgs) StdoutLine: {'line': b'-- Up-to-date: /home/mcfb/ros2_ws/install/px4_msgs/lib/python3.12/site-packages/px4_msgs/msg/_manual_control_switches_s.c\n'}
[1.804990] (px4_msgs) StdoutLine: {'line': b'-- Up-to-date: /home/mcfb/ros2_ws/install/px4_msgs/lib/python3.12/site-packages/px4_msgs/msg/_power_monitor.py\n'}
[1.805025] (px4_msgs) StdoutLine: {'line': b'-- Up-to-date: /home/mcfb/ros2_ws/install/px4_msgs/lib/python3.12/site-packages/px4_msgs/msg/_satellite_info.py\n'}
[1.805060] (px4_msgs) StdoutLine: {'line': b'-- Up-to-date: /home/mcfb/ros2_ws/install/px4_msgs/lib/python3.12/site-packages/px4_msgs/msg/_logger_status.py\n'}
[1.805099] (px4_msgs) StdoutLine: {'line': b'-- Up-to-date: /home/mcfb/ros2_ws/install/px4_msgs/lib/python3.12/site-packages/px4_msgs/msg/_parameter_set_value_response.py\n'}
[1.805148] (px4_msgs) StdoutLine: {'line': b'-- Up-to-date: /home/mcfb/ros2_ws/install/px4_msgs/lib/python3.12/site-packages/px4_msgs/msg/_gpio_in.py\n'}
[1.805181] (px4_msgs) StdoutLine: {'line': b'-- Up-to-date: /home/mcfb/ros2_ws/install/px4_msgs/lib/python3.12/site-packages/px4_msgs/msg/_health_report.py\n'}
[1.805215] (px4_msgs) StdoutLine: {'line': b'-- Up-to-date: /home/mcfb/ros2_ws/install/px4_msgs/lib/python3.12/site-packages/px4_msgs/msg/_vehicle_attitude_setpoint.py\n'}
[1.805248] (px4_msgs) StdoutLine: {'line': b'-- Up-to-date: /home/mcfb/ros2_ws/install/px4_msgs/lib/python3.12/site-packages/px4_msgs/msg/_vtol_vehicle_status.py\n'}
[1.805283] (px4_msgs) StdoutLine: {'line': b'-- Up-to-date: /home/mcfb/ros2_ws/install/px4_msgs/lib/python3.12/site-packages/px4_msgs/msg/_sensor_airflow_s.c\n'}
[1.805314] (px4_msgs) StdoutLine: {'line': b'-- Up-to-date: /home/mcfb/ros2_ws/install/px4_msgs/lib/python3.12/site-packages/px4_msgs/msg/_vehicle_constraints.py\n'}
[1.805347] (px4_msgs) StdoutLine: {'line': b'-- Up-to-date: /home/mcfb/ros2_ws/install/px4_msgs/lib/python3.12/site-packages/px4_msgs/msg/_sensor_gnss_status_s.c\n'}
[1.805383] (px4_msgs) StdoutLine: {'line': b'-- Up-to-date: /home/mcfb/ros2_ws/install/px4_msgs/lib/python3.12/site-packages/px4_msgs/msg/_estimator_event_flags_s.c\n'}
[1.805420] (px4_msgs) StdoutLine: {'line': b'-- Up-to-date: /home/mcfb/ros2_ws/install/px4_msgs/lib/python3.12/site-packages/px4_msgs/msg/_rover_rate_setpoint.py\n'}
[1.805473] (px4_msgs) StdoutLine: {'line': b'-- Up-to-date: /home/mcfb/ros2_ws/install/px4_msgs/lib/python3.12/site-packages/px4_msgs/msg/_rate_ctrl_status.py\n'}
[1.805506] (px4_msgs) StdoutLine: {'line': b'-- Up-to-date: /home/mcfb/ros2_ws/install/px4_msgs/lib/python3.12/site-packages/px4_msgs/msg/_sensor_gps.py\n'}
[1.805539] (px4_msgs) StdoutLine: {'line': b'-- Up-to-date: /home/mcfb/ros2_ws/install/px4_msgs/lib/python3.12/site-packages/px4_msgs/msg/_vehicle_magnetometer_s.c\n'}
[1.805572] (px4_msgs) StdoutLine: {'line': b'-- Up-to-date: /home/mcfb/ros2_ws/install/px4_msgs/lib/python3.12/site-packages/px4_msgs/msg/_sensor_baro_s.c\n'}
[1.805603] (px4_msgs) StdoutLine: {'line': b'-- Up-to-date: /home/mcfb/ros2_ws/install/px4_msgs/lib/python3.12/site-packages/px4_msgs/msg/_debug_array.py\n'}
[1.805636] (px4_msgs) StdoutLine: {'line': b'-- Up-to-date: /home/mcfb/ros2_ws/install/px4_msgs/lib/python3.12/site-packages/px4_msgs/msg/_position_controller_landing_status.py\n'}
[1.805669] (px4_msgs) StdoutLine: {'line': b'-- Up-to-date: /home/mcfb/ros2_ws/install/px4_msgs/lib/python3.12/site-packages/px4_msgs/msg/_position_setpoint_triplet_s.c\n'}
[1.805710] (px4_msgs) StdoutLine: {'line': b'-- Up-to-date: /home/mcfb/ros2_ws/install/px4_msgs/lib/python3.12/site-packages/px4_msgs/msg/_follow_target_status_s.c\n'}
[1.805745] (px4_msgs) StdoutLine: {'line': b'-- Up-to-date: /home/mcfb/ros2_ws/install/px4_msgs/lib/python3.12/site-packages/px4_msgs/msg/_mag_worker_data_s.c\n'}
[1.805778] (px4_msgs) StdoutLine: {'line': b'-- Up-to-date: /home/mcfb/ros2_ws/install/px4_msgs/lib/python3.12/site-packages/px4_msgs/msg/_vehicle_command_ack_s.c\n'}
[1.805812] (px4_msgs) StdoutLine: {'line': b'-- Up-to-date: /home/mcfb/ros2_ws/install/px4_msgs/lib/python3.12/site-packages/px4_msgs/msg/_sensor_accel_s.c\n'}
[1.805849] (px4_msgs) StdoutLine: {'line': b'-- Up-to-date: /home/mcfb/ros2_ws/install/px4_msgs/lib/python3.12/site-packages/px4_msgs/msg/_position_setpoint.py\n'}
[1.805886] (px4_msgs) StdoutLine: {'line': b'-- Up-to-date: /home/mcfb/ros2_ws/install/px4_msgs/lib/python3.12/site-packages/px4_msgs/msg/_landing_gear_wheel.py\n'}
[1.805921] (px4_msgs) StdoutLine: {'line': b'-- Up-to-date: /home/mcfb/ros2_ws/install/px4_msgs/lib/python3.12/site-packages/px4_msgs/msg/_vehicle_optical_flow_s.c\n'}
[1.805956] (px4_msgs) StdoutLine: {'line': b'-- Up-to-date: /home/mcfb/ros2_ws/install/px4_msgs/lib/python3.12/site-packages/px4_msgs/msg/_differential_pressure_s.c\n'}
[1.805991] (px4_msgs) StdoutLine: {'line': b'-- Up-to-date: /home/mcfb/ros2_ws/install/px4_msgs/lib/python3.12/site-packages/px4_msgs/msg/_sensor_gyro_fft_s.c\n'}
[1.806025] (px4_msgs) StdoutLine: {'line': b'-- Up-to-date: /home/mcfb/ros2_ws/install/px4_msgs/lib/python3.12/site-packages/px4_msgs/msg/_sensor_gyro_fifo_s.c\n'}
[1.806061] (px4_msgs) StdoutLine: {'line': b'-- Up-to-date: /home/mcfb/ros2_ws/install/px4_msgs/lib/python3.12/site-packages/px4_msgs/msg/_sensor_gnss_relative.py\n'}
[1.806098] (px4_msgs) StdoutLine: {'line': b'-- Up-to-date: /home/mcfb/ros2_ws/install/px4_msgs/lib/python3.12/site-packages/px4_msgs/msg/_fixed_wing_runway_control_s.c\n'}
[1.806157] (px4_msgs) StdoutLine: {'line': b'-- Up-to-date: /home/mcfb/ros2_ws/install/px4_msgs/lib/python3.12/site-packages/px4_msgs/msg/_vehicle_angular_acceleration_setpoint.py\n'}
[1.806190] (px4_msgs) StdoutLine: {'line': b'-- Up-to-date: /home/mcfb/ros2_ws/install/px4_msgs/lib/python3.12/site-packages/px4_msgs/msg/_vehicle_imu_s.c\n'}
[1.806224] (px4_msgs) StdoutLine: {'line': b'-- Up-to-date: /home/mcfb/ros2_ws/install/px4_msgs/lib/python3.12/site-packages/px4_msgs/msg/_gripper_s.c\n'}
[1.806257] (px4_msgs) StdoutLine: {'line': b'-- Up-to-date: /home/mcfb/ros2_ws/install/px4_msgs/lib/python3.12/site-packages/px4_msgs/msg/_register_ext_component_reply_s.c\n'}
[1.806290] (px4_msgs) StdoutLine: {'line': b'-- Up-to-date: /home/mcfb/ros2_ws/install/px4_msgs/lib/python3.12/site-packages/px4_msgs/msg/_arming_check_reply_s.c\n'}
[1.806327] (px4_msgs) StdoutLine: {'line': b'-- Up-to-date: /home/mcfb/ros2_ws/install/px4_msgs/lib/python3.12/site-packages/px4_msgs/msg/_rover_attitude_status_s.c\n'}
[1.806362] (px4_msgs) StdoutLine: {'line': b'-- Up-to-date: /home/mcfb/ros2_ws/install/px4_msgs/lib/python3.12/site-packages/px4_msgs/msg/_debug_value.py\n'}
[1.806404] (px4_msgs) StdoutLine: {'line': b'-- Up-to-date: /home/mcfb/ros2_ws/install/px4_msgs/lib/python3.12/site-packages/px4_msgs/msg/_sensor_mag_s.c\n'}
[1.806437] (px4_msgs) StdoutLine: {'line': b'-- Up-to-date: /home/mcfb/ros2_ws/install/px4_msgs/lib/python3.12/site-packages/px4_msgs/msg/_flight_phase_estimation_s.c\n'}
[1.806472] (px4_msgs) StdoutLine: {'line': b'-- Up-to-date: /home/mcfb/ros2_ws/install/px4_msgs/lib/python3.12/site-packages/px4_msgs/msg/_action_request_s.c\n'}
[1.806503] (px4_msgs) StdoutLine: {'line': b'-- Up-to-date: /home/mcfb/ros2_ws/install/px4_msgs/lib/python3.12/site-packages/px4_msgs/msg/_debug_value_s.c\n'}
[1.806535] (px4_msgs) StdoutLine: {'line': b'-- Up-to-date: /home/mcfb/ros2_ws/install/px4_msgs/lib/python3.12/site-packages/px4_msgs/msg/_hover_thrust_estimate.py\n'}
[1.806568] (px4_msgs) StdoutLine: {'line': b'-- Up-to-date: /home/mcfb/ros2_ws/install/px4_msgs/lib/python3.12/site-packages/px4_msgs/msg/_system_power_s.c\n'}
[1.806599] (px4_msgs) StdoutLine: {'line': b'-- Up-to-date: /home/mcfb/ros2_ws/install/px4_msgs/lib/python3.12/site-packages/px4_msgs/msg/_rover_steering_setpoint.py\n'}
[1.806632] (px4_msgs) StdoutLine: {'line': b'-- Up-to-date: /home/mcfb/ros2_ws/install/px4_msgs/lib/python3.12/site-packages/px4_msgs/msg/_system_power.py\n'}
[1.806669] (px4_msgs) StdoutLine: {'line': b'-- Up-to-date: /home/mcfb/ros2_ws/install/px4_msgs/lib/python3.12/site-packages/px4_msgs/msg/_follow_target_estimator.py\n'}
[1.806711] (px4_msgs) StdoutLine: {'line': b'-- Up-to-date: /home/mcfb/ros2_ws/install/px4_msgs/lib/python3.12/site-packages/px4_msgs/msg/_sensors_status.py\n'}
[1.806747] (px4_msgs) StdoutLine: {'line': b'-- Up-to-date: /home/mcfb/ros2_ws/install/px4_msgs/lib/python3.12/site-packages/px4_msgs/msg/_home_position_s.c\n'}
[1.806786] (px4_msgs) StdoutLine: {'line': b'-- Up-to-date: /home/mcfb/ros2_ws/install/px4_msgs/lib/python3.12/site-packages/px4_msgs/msg/_mission.py\n'}
[1.806835] (px4_msgs) StdoutLine: {'line': b'-- Up-to-date: /home/mcfb/ros2_ws/install/px4_msgs/lib/python3.12/site-packages/px4_msgs/msg/_estimator_selector_status_s.c\n'}
[1.806871] (px4_msgs) StdoutLine: {'line': b'-- Up-to-date: /home/mcfb/ros2_ws/install/px4_msgs/lib/python3.12/site-packages/px4_msgs/msg/_gps_dump.py\n'}
[1.806917] (px4_msgs) StdoutLine: {'line': b'-- Up-to-date: /home/mcfb/ros2_ws/install/px4_msgs/lib/python3.12/site-packages/px4_msgs/msg/_sensor_correction.py\n'}
[1.806951] (px4_msgs) StdoutLine: {'line': b'-- Up-to-date: /home/mcfb/ros2_ws/install/px4_msgs/lib/python3.12/site-packages/px4_msgs/msg/_orb_test.py\n'}
[1.806994] (px4_msgs) StdoutLine: {'line': b'-- Up-to-date: /home/mcfb/ros2_ws/install/px4_msgs/lib/python3.12/site-packages/px4_msgs/msg/_trajectory_setpoint6dof_s.c\n'}
[1.807033] (px4_msgs) StdoutLine: {'line': b'-- Up-to-date: /home/mcfb/ros2_ws/install/px4_msgs/lib/python3.12/site-packages/px4_msgs/msg/_dataman_response_s.c\n'}
[1.807079] (px4_msgs) StdoutLine: {'line': b'-- Up-to-date: /home/mcfb/ros2_ws/install/px4_msgs/lib/python3.12/site-packages/px4_msgs/msg/_collision_constraints.py\n'}
[1.807129] (px4_msgs) StdoutLine: {'line': b'-- Up-to-date: /home/mcfb/ros2_ws/install/px4_msgs/lib/python3.12/site-packages/px4_msgs/msg/_vehicle_command_s.c\n'}
[1.807187] (px4_msgs) StdoutLine: {'line': b'-- Up-to-date: /home/mcfb/ros2_ws/install/px4_msgs/lib/python3.12/site-packages/px4_msgs/msg/_estimator_aid_source2d_s.c\n'}
[1.807242] (px4_msgs) StdoutLine: {'line': b'-- Up-to-date: /home/mcfb/ros2_ws/install/px4_msgs/lib/python3.12/site-packages/px4_msgs/msg/_estimator_status.py\n'}
[1.807280] (px4_msgs) StdoutLine: {'line': b'-- Up-to-date: /home/mcfb/ros2_ws/install/px4_msgs/lib/python3.12/site-packages/px4_msgs/msg/_sensor_baro.py\n'}
[1.807331] (px4_msgs) StdoutLine: {'line': b'-- Up-to-date: /home/mcfb/ros2_ws/install/px4_msgs/lib/python3.12/site-packages/px4_msgs/msg/_vehicle_odometry.py\n'}
[1.807608] (px4_msgs) StdoutLine: {'line': b'-- Up-to-date: /home/mcfb/ros2_ws/install/px4_msgs/lib/python3.12/site-packages/px4_msgs/msg/_transponder_report_s.c\n'}
[1.807705] (px4_msgs) StdoutLine: {'line': b'-- Up-to-date: /home/mcfb/ros2_ws/install/px4_msgs/lib/python3.12/site-packages/px4_msgs/msg/_sensor_gyro_fifo.py\n'}
[1.807795] (px4_msgs) StdoutLine: {'line': b'-- Up-to-date: /home/mcfb/ros2_ws/install/px4_msgs/lib/python3.12/site-packages/px4_msgs/msg/_control_allocator_status.py\n'}
[1.807837] (px4_msgs) StdoutLine: {'line': b'-- Up-to-date: /home/mcfb/ros2_ws/install/px4_msgs/lib/python3.12/site-packages/px4_msgs/msg/_qshell_req.py\n'}
[1.807875] (px4_msgs) StdoutLine: {'line': b'-- Up-to-date: /home/mcfb/ros2_ws/install/px4_msgs/lib/python3.12/site-packages/px4_msgs/msg/_orb_test_large_s.c\n'}
[1.807935] (px4_msgs) StdoutLine: {'line': b'-- Up-to-date: /home/mcfb/ros2_ws/install/px4_msgs/lib/python3.12/site-packages/px4_msgs/msg/_tune_control.py\n'}
[1.807976] (px4_msgs) StdoutLine: {'line': b'-- Up-to-date: /home/mcfb/ros2_ws/install/px4_msgs/lib/python3.12/site-packages/px4_msgs/msg/_estimator_sensor_bias.py\n'}
[1.808010] (px4_msgs) StdoutLine: {'line': b'-- Up-to-date: /home/mcfb/ros2_ws/install/px4_msgs/lib/python3.12/site-packages/px4_msgs/msg/_open_drone_id_arm_status.py\n'}
[1.808043] (px4_msgs) StdoutLine: {'line': b'-- Up-to-date: /home/mcfb/ros2_ws/install/px4_msgs/lib/python3.12/site-packages/px4_msgs/msg/_vehicle_angular_velocity.py\n'}
[1.808135] (px4_msgs) StdoutLine: {'line': b'-- Up-to-date: /home/mcfb/ros2_ws/install/px4_msgs/lib/python3.12/site-packages/px4_msgs/msg/_estimator_bias3d.py\n'}
[1.808192] (px4_msgs) StdoutLine: {'line': b'-- Up-to-date: /home/mcfb/ros2_ws/install/px4_msgs/lib/python3.12/site-packages/px4_msgs/msg/_event_s.c\n'}
[1.808240] (px4_msgs) StdoutLine: {'line': b'-- Up-to-date: /home/mcfb/ros2_ws/install/px4_msgs/lib/python3.12/site-packages/px4_msgs/msg/_rover_position_setpoint.py\n'}
[1.808279] (px4_msgs) StdoutLine: {'line': b'-- Up-to-date: /home/mcfb/ros2_ws/install/px4_msgs/lib/python3.12/site-packages/px4_msgs/msg/_orbit_status_s.c\n'}
[1.808331] (px4_msgs) StdoutLine: {'line': b'-- Up-to-date: /home/mcfb/ros2_ws/install/px4_msgs/lib/python3.12/site-packages/px4_msgs/msg/_estimator_aid_source3d_s.c\n'}
[1.808382] (px4_msgs) StdoutLine: {'line': b'-- Up-to-date: /home/mcfb/ros2_ws/install/px4_msgs/lib/python3.12/site-packages/px4_msgs/msg/_lateral_control_configuration_s.c\n'}
[1.808432] (px4_msgs) StdoutLine: {'line': b'-- Up-to-date: /home/mcfb/ros2_ws/install/px4_msgs/lib/python3.12/site-packages/px4_msgs/msg/_rover_throttle_setpoint.py\n'}
[1.808484] (px4_msgs) StdoutLine: {'line': b'-- Up-to-date: /home/mcfb/ros2_ws/install/px4_msgs/lib/python3.12/site-packages/px4_msgs/msg/_actuator_armed_s.c\n'}
[1.808532] (px4_msgs) StdoutLine: {'line': b'-- Up-to-date: /home/mcfb/ros2_ws/install/px4_msgs/lib/python3.12/site-packages/px4_msgs/msg/_landing_gear_wheel_s.c\n'}
[1.808583] (px4_msgs) StdoutLine: {'line': b'-- Up-to-date: /home/mcfb/ros2_ws/install/px4_msgs/lib/python3.12/site-packages/px4_msgs/msg/_estimator_aid_source1d.py\n'}
[1.808622] (px4_msgs) StdoutLine: {'line': b'-- Up-to-date: /home/mcfb/ros2_ws/install/px4_msgs/lib/python3.12/site-packages/px4_msgs/msg/_velocity_limits.py\n'}
[1.808661] (px4_msgs) StdoutLine: {'line': b'-- Up-to-date: /home/mcfb/ros2_ws/install/px4_msgs/lib/python3.12/site-packages/px4_msgs/msg/_parameter_update.py\n'}
[1.808725] (px4_msgs) StdoutLine: {'line': b'-- Up-to-date: /home/mcfb/ros2_ws/install/px4_msgs/lib/python3.12/site-packages/px4_msgs/msg/_autotune_attitude_control_status_s.c\n'}
[1.808760] (px4_msgs) StdoutLine: {'line': b'-- Up-to-date: /home/mcfb/ros2_ws/install/px4_msgs/lib/python3.12/site-packages/px4_msgs/msg/_esc_status_s.c\n'}
[1.808804] (px4_msgs) StdoutLine: {'line': b'-- Up-to-date: /home/mcfb/ros2_ws/install/px4_msgs/lib/python3.12/site-packages/px4_msgs/msg/_estimator_gps_status.py\n'}
[1.808864] (px4_msgs) StdoutLine: {'line': b'-- Up-to-date: /home/mcfb/ros2_ws/install/px4_msgs/lib/python3.12/site-packages/px4_msgs/msg/_power_button_state.py\n'}
[1.808933] (px4_msgs) StdoutLine: {'line': b'-- Up-to-date: /home/mcfb/ros2_ws/install/px4_msgs/lib/python3.12/site-packages/px4_msgs/msg/_register_ext_component_reply.py\n'}
[1.808977] (px4_msgs) StdoutLine: {'line': b'-- Up-to-date: /home/mcfb/ros2_ws/install/px4_msgs/lib/python3.12/site-packages/px4_msgs/msg/_landing_target_innovations_s.c\n'}
[1.809019] (px4_msgs) StdoutLine: {'line': b'-- Up-to-date: /home/mcfb/ros2_ws/install/px4_msgs/lib/python3.12/site-packages/px4_msgs/msg/_rover_speed_status_s.c\n'}
[1.809063] (px4_msgs) StdoutLine: {'line': b'-- Up-to-date: /home/mcfb/ros2_ws/install/px4_msgs/lib/python3.12/site-packages/px4_msgs/msg/_sensor_combined.py\n'}
[1.809102] (px4_msgs) StdoutLine: {'line': b'-- Up-to-date: /home/mcfb/ros2_ws/install/px4_msgs/lib/python3.12/site-packages/px4_msgs/msg/_vehicle_rates_setpoint.py\n'}
[1.809141] (px4_msgs) StdoutLine: {'line': b'-- Up-to-date: /home/mcfb/ros2_ws/install/px4_msgs/lib/python3.12/site-packages/px4_msgs/msg/_sensor_accel_fifo_s.c\n'}
[1.809187] (px4_msgs) StdoutLine: {'line': b'-- Up-to-date: /home/mcfb/ros2_ws/install/px4_msgs/lib/python3.12/site-packages/px4_msgs/msg/_distance_sensor.py\n'}
[1.809247] (px4_msgs) StdoutLine: {'line': b'-- Up-to-date: /home/mcfb/ros2_ws/install/px4_msgs/lib/python3.12/site-packages/px4_msgs/msg/_fixed_wing_longitudinal_setpoint_s.c\n'}
[1.809298] (px4_msgs) StdoutLine: {'line': b'-- Up-to-date: /home/mcfb/ros2_ws/install/px4_msgs/lib/python3.12/site-packages/px4_msgs/msg/_debug_key_value.py\n'}
[1.809350] (px4_msgs) StdoutLine: {'line': b'-- Up-to-date: /home/mcfb/ros2_ws/install/px4_msgs/lib/python3.12/site-packages/px4_msgs/msg/_camera_trigger_s.c\n'}
[1.809402] (px4_msgs) StdoutLine: {'line': b'-- Up-to-date: /home/mcfb/ros2_ws/install/px4_msgs/lib/python3.12/site-packages/px4_msgs/msg/_qshell_req_s.c\n'}
[1.809451] (px4_msgs) StdoutLine: {'line': b'-- Up-to-date: /home/mcfb/ros2_ws/install/px4_msgs/lib/python3.12/site-packages/px4_msgs/msg/_led_control.py\n'}
[1.809509] (px4_msgs) StdoutLine: {'line': b'-- Up-to-date: /home/mcfb/ros2_ws/install/px4_msgs/lib/python3.12/site-packages/px4_msgs/msg/_ping.py\n'}
[1.809570] (px4_msgs) StdoutLine: {'line': b'-- Up-to-date: /home/mcfb/ros2_ws/install/px4_msgs/lib/python3.12/site-packages/px4_msgs/msg/_gimbal_manager_status_s.c\n'}
[1.809627] (px4_msgs) StdoutLine: {'line': b'-- Up-to-date: /home/mcfb/ros2_ws/install/px4_msgs/lib/python3.12/site-packages/px4_msgs/msg/_actuator_controls_status.py\n'}
[1.809701] (px4_msgs) StdoutLine: {'line': b'-- Up-to-date: /home/mcfb/ros2_ws/install/px4_msgs/lib/python3.12/site-packages/px4_msgs/msg/_failure_detector_status.py\n'}
[1.809756] (px4_msgs) StdoutLine: {'line': b'-- Up-to-date: /home/mcfb/ros2_ws/install/px4_msgs/lib/python3.12/site-packages/px4_msgs/msg/_rover_attitude_status.py\n'}
[1.809809] (px4_msgs) StdoutLine: {'line': b'-- Up-to-date: /home/mcfb/ros2_ws/install/px4_msgs/lib/python3.12/site-packages/px4_msgs/msg/_vehicle_air_data_s.c\n'}
[1.809885] (px4_msgs) StdoutLine: {'line': b'-- Up-to-date: /home/mcfb/ros2_ws/install/px4_msgs/lib/python3.12/site-packages/px4_msgs/msg/_actuator_outputs.py\n'}
[1.809935] (px4_msgs) StdoutLine: {'line': b'-- Up-to-date: /home/mcfb/ros2_ws/install/px4_msgs/lib/python3.12/site-packages/px4_msgs/msg/_navigator_mission_item_s.c\n'}
[1.809984] (px4_msgs) StdoutLine: {'line': b'-- Up-to-date: /home/mcfb/ros2_ws/install/px4_msgs/lib/python3.12/site-packages/px4_msgs/msg/_telemetry_status_s.c\n'}
[1.810019] (px4_msgs) StdoutLine: {'line': b'-- Up-to-date: /home/mcfb/ros2_ws/install/px4_msgs/lib/python3.12/site-packages/px4_msgs/msg/_radio_status_s.c\n'}
[1.810054] (px4_msgs) StdoutLine: {'line': b'-- Up-to-date: /home/mcfb/ros2_ws/install/px4_msgs/lib/python3.12/site-packages/px4_msgs/msg/_airspeed_wind.py\n'}
[1.810089] (px4_msgs) StdoutLine: {'line': b'-- Up-to-date: /home/mcfb/ros2_ws/install/px4_msgs/lib/python3.12/site-packages/px4_msgs/msg/_rover_attitude_setpoint.py\n'}
[1.810128] (px4_msgs) StdoutLine: {'line': b'-- Up-to-date: /home/mcfb/ros2_ws/install/px4_msgs/lib/python3.12/site-packages/px4_msgs/msg/_estimator_aid_source2d.py\n'}
[1.810168] (px4_msgs) StdoutLine: {'line': b'-- Up-to-date: /home/mcfb/ros2_ws/install/px4_msgs/lib/python3.12/site-packages/px4_msgs/msg/_parameter_set_used_request_s.c\n'}
[1.810223] (px4_msgs) StdoutLine: {'line': b'-- Up-to-date: /home/mcfb/ros2_ws/install/px4_msgs/lib/python3.12/site-packages/px4_msgs/msg/_vehicle_thrust_setpoint.py\n'}
[1.810261] (px4_msgs) StdoutLine: {'line': b'-- Up-to-date: /home/mcfb/ros2_ws/install/px4_msgs/lib/python3.12/site-packages/px4_msgs/msg/_sensor_combined_s.c\n'}
[1.810300] (px4_msgs) StdoutLine: {'line': b'-- Up-to-date: /home/mcfb/ros2_ws/install/px4_msgs/lib/python3.12/site-packages/px4_msgs/msg/_magnetometer_bias_estimate_s.c\n'}
[1.810337] (px4_msgs) StdoutLine: {'line': b'-- Up-to-date: /home/mcfb/ros2_ws/install/px4_msgs/lib/python3.12/site-packages/px4_msgs/msg/_uavcan_parameter_request.py\n'}
[1.810396] (px4_msgs) StdoutLine: {'line': b'-- Up-to-date: /home/mcfb/ros2_ws/install/px4_msgs/lib/python3.12/site-packages/px4_msgs/msg/_geofence_status.py\n'}
[1.810442] (px4_msgs) StdoutLine: {'line': b'-- Up-to-date: /home/mcfb/ros2_ws/install/px4_msgs/lib/python3.12/site-packages/px4_msgs/msg/_follow_target_status.py\n'}
[1.810494] (px4_msgs) StdoutLine: {'line': b'-- Up-to-date: /home/mcfb/ros2_ws/install/px4_msgs/lib/python3.12/site-packages/px4_msgs/msg/_task_stack_info_s.c\n'}
[1.810546] (px4_msgs) StdoutLine: {'line': b'-- Up-to-date: /home/mcfb/ros2_ws/install/px4_msgs/lib/python3.12/site-packages/px4_msgs/msg/_radio_status.py\n'}
[1.810594] (px4_msgs) StdoutLine: {'line': b'-- Up-to-date: /home/mcfb/ros2_ws/install/px4_msgs/lib/python3.12/site-packages/px4_msgs/msg/_gimbal_manager_information.py\n'}
[1.810658] (px4_msgs) StdoutLine: {'line': b'-- Up-to-date: /home/mcfb/ros2_ws/install/px4_msgs/lib/python3.12/site-packages/px4_msgs/msg/_gimbal_device_attitude_status_s.c\n'}
[1.810727] (px4_msgs) StdoutLine: {'line': b'-- Up-to-date: /home/mcfb/ros2_ws/install/px4_msgs/lib/python3.12/site-packages/px4_msgs/msg/_parameter_set_value_request.py\n'}
[1.810795] (px4_msgs) StdoutLine: {'line': b'-- Up-to-date: /home/mcfb/ros2_ws/install/px4_msgs/lib/python3.12/site-packages/px4_msgs/msg/_esc_report_s.c\n'}
[1.810863] (px4_msgs) StdoutLine: {'line': b'-- Up-to-date: /home/mcfb/ros2_ws/install/px4_msgs/lib/python3.12/site-packages/px4_msgs/msg/_rpm.py\n'}
[1.810922] (px4_msgs) StdoutLine: {'line': b'-- Up-to-date: /home/mcfb/ros2_ws/install/px4_msgs/lib/python3.12/site-packages/px4_msgs/msg/_uavcan_parameter_value.py\n'}
[1.810979] (px4_msgs) StdoutLine: {'line': b'-- Up-to-date: /home/mcfb/ros2_ws/install/px4_msgs/lib/python3.12/site-packages/px4_msgs/msg/_pure_pursuit_status_s.c\n'}
[1.811040] (px4_msgs) StdoutLine: {'line': b'-- Up-to-date: /home/mcfb/ros2_ws/install/px4_msgs/lib/python3.12/site-packages/px4_msgs/msg/_timesync_status_s.c\n'}
[1.811113] (px4_msgs) StdoutLine: {'line': b'-- Up-to-date: /home/mcfb/ros2_ws/install/px4_msgs/lib/python3.12/site-packages/px4_msgs/msg/_gimbal_device_attitude_status.py\n'}
[1.811192] (px4_msgs) StdoutLine: {'line': b'-- Up-to-date: /home/mcfb/ros2_ws/install/px4_msgs/lib/python3.12/site-packages/px4_msgs/msg/_position_controller_landing_status_s.c\n'}
[1.811259] (px4_msgs) StdoutLine: {'line': b'-- Up-to-date: /home/mcfb/ros2_ws/install/px4_msgs/lib/python3.12/site-packages/px4_msgs/msg/_estimator_sensor_bias_s.c\n'}
[1.811320] (px4_msgs) StdoutLine: {'line': b'-- Up-to-date: /home/mcfb/ros2_ws/install/px4_msgs/lib/python3.12/site-packages/px4_msgs/msg/_can_interface_status.py\n'}
[1.811376] (px4_msgs) StdoutLine: {'line': b'-- Up-to-date: /home/mcfb/ros2_ws/install/px4_msgs/lib/python3.12/site-packages/px4_msgs/msg/_sensor_selection.py\n'}
[1.811437] (px4_msgs) StdoutLine: {'line': b'-- Up-to-date: /home/mcfb/ros2_ws/install/px4_msgs/lib/python3.12/site-packages/px4_msgs/msg/_obstacle_distance.py\n'}
[1.811544] (px4_msgs) StdoutLine: {'line': b'-- Up-to-date: /home/mcfb/ros2_ws/install/px4_msgs/lib/python3.12/site-packages/px4_msgs/msg/_fixed_wing_lateral_guidance_status.py\n'}
[1.811635] (px4_msgs) StdoutLine: {'line': b'-- Up-to-date: /home/mcfb/ros2_ws/install/px4_msgs/lib/python3.12/site-packages/px4_msgs/msg/_offboard_control_mode_s.c\n'}
[1.811682] (px4_msgs) StdoutLine: {'line': b'-- Up-to-date: /home/mcfb/ros2_ws/install/px4_msgs/lib/python3.12/site-packages/px4_msgs/msg/_vehicle_attitude.py\n'}
[1.811723] (px4_msgs) StdoutLine: {'line': b'-- Up-to-date: /home/mcfb/ros2_ws/install/px4_msgs/lib/python3.12/site-packages/px4_msgs/msg/_goto_setpoint_s.c\n'}
[1.811760] (px4_msgs) StdoutLine: {'line': b'-- Up-to-date: /home/mcfb/ros2_ws/install/px4_msgs/lib/python3.12/site-packages/px4_msgs/msg/_vehicle_command_ack.py\n'}
[1.811804] (px4_msgs) StdoutLine: {'line': b'-- Up-to-date: /home/mcfb/ros2_ws/install/px4_msgs/lib/python3.12/site-packages/px4_msgs/msg/_wind.py\n'}
[1.811845] (px4_msgs) StdoutLine: {'line': b'-- Up-to-date: /home/mcfb/ros2_ws/install/px4_msgs/lib/python3.12/site-packages/px4_msgs/msg/_parameter_set_value_response_s.c\n'}
[1.811881] (px4_msgs) StdoutLine: {'line': b'-- Up-to-date: /home/mcfb/ros2_ws/install/px4_msgs/lib/python3.12/site-packages/px4_msgs/msg/_estimator_bias_s.c\n'}
[1.811946] (px4_msgs) StdoutLine: {'line': b'-- Up-to-date: /home/mcfb/ros2_ws/install/px4_msgs/lib/python3.12/site-packages/px4_msgs/msg/_sensor_airflow.py\n'}
[1.811984] (px4_msgs) StdoutLine: {'line': b'-- Up-to-date: /home/mcfb/ros2_ws/install/px4_msgs/lib/python3.12/site-packages/px4_msgs/msg/_onboard_computer_status.py\n'}
[1.812026] (px4_msgs) StdoutLine: {'line': b'-- Up-to-date: /home/mcfb/ros2_ws/install/px4_msgs/lib/python3.12/site-packages/px4_msgs/msg/_sensor_optical_flow.py\n'}
[1.812069] (px4_msgs) StdoutLine: {'line': b'-- Up-to-date: /home/mcfb/ros2_ws/install/px4_msgs/lib/python3.12/site-packages/px4_msgs/msg/_sensor_uwb.py\n'}
[1.812104] (px4_msgs) StdoutLine: {'line': b'-- Up-to-date: /home/mcfb/ros2_ws/install/px4_msgs/lib/python3.12/site-packages/px4_msgs/msg/_estimator_states_s.c\n'}
[1.812139] (px4_msgs) StdoutLine: {'line': b'-- Up-to-date: /home/mcfb/ros2_ws/install/px4_msgs/lib/python3.12/site-packages/px4_msgs/msg/_rc_channels.py\n'}
[1.812191] (px4_msgs) StdoutLine: {'line': b'-- Up-to-date: /home/mcfb/ros2_ws/install/px4_msgs/lib/python3.12/site-packages/px4_msgs/msg/_generator_status_s.c\n'}
[1.812245] (px4_msgs) StdoutLine: {'line': b'-- Up-to-date: /home/mcfb/ros2_ws/install/px4_msgs/lib/python3.12/site-packages/px4_msgs/msg/_px4io_status_s.c\n'}
[1.812300] (px4_msgs) StdoutLine: {'line': b'-- Up-to-date: /home/mcfb/ros2_ws/install/px4_msgs/lib/python3.12/site-packages/px4_msgs/msg/_message_format_request_s.c\n'}
[1.812353] (px4_msgs) StdoutLine: {'line': b'-- Up-to-date: /home/mcfb/ros2_ws/install/px4_msgs/lib/python3.12/site-packages/px4_msgs/msg/_actuator_servos_trim_s.c\n'}
[1.812405] (px4_msgs) StdoutLine: {'line': b'-- Up-to-date: /home/mcfb/ros2_ws/install/px4_msgs/lib/python3.12/site-packages/px4_msgs/msg/_mode_completed.py\n'}
[1.812460] (px4_msgs) StdoutLine: {'line': b'-- Up-to-date: /home/mcfb/ros2_ws/install/px4_msgs/lib/python3.12/site-packages/px4_msgs/msg/_satellite_info_s.c\n'}
[1.812508] (px4_msgs) StdoutLine: {'line': b'-- Up-to-date: /home/mcfb/ros2_ws/install/px4_msgs/lib/python3.12/site-packages/px4_msgs/msg/_camera_trigger.py\n'}
[1.812541] (px4_msgs) StdoutLine: {'line': b'-- Up-to-date: /home/mcfb/ros2_ws/install/px4_msgs/lib/python3.12/site-packages/px4_msgs/msg/_mission_result.py\n'}
[1.812646] (px4_msgs) StdoutLine: {'line': b'-- Up-to-date: /home/mcfb/ros2_ws/install/px4_msgs/lib/python3.12/site-packages/px4_msgs/msg/_navigator_status_s.c\n'}
[1.812726] (px4_msgs) StdoutLine: {'line': b'-- Up-to-date: /home/mcfb/ros2_ws/install/px4_msgs/lib/python3.12/site-packages/px4_msgs/msg/_distance_sensor_s.c\n'}
[1.812819] (px4_msgs) StdoutLine: {'line': b'-- Up-to-date: /home/mcfb/ros2_ws/install/px4_msgs/lib/python3.12/site-packages/px4_msgs/msg/_gpio_request.py\n'}
[1.812907] (px4_msgs) StdoutLine: {'line': b'-- Up-to-date: /home/mcfb/ros2_ws/install/px4_msgs/lib/python3.12/site-packages/px4_msgs/msg/_estimator_bias3d_s.c\n'}
[1.812954] (px4_msgs) StdoutLine: {'line': b'-- Up-to-date: /home/mcfb/ros2_ws/install/px4_msgs/lib/python3.12/site-packages/px4_msgs/msg/_position_controller_status.py\n'}
[1.812994] (px4_msgs) StdoutLine: {'line': b'-- Up-to-date: /home/mcfb/ros2_ws/install/px4_msgs/lib/python3.12/site-packages/px4_msgs/msg/_landing_gear_s.c\n'}
[1.813032] (px4_msgs) StdoutLine: {'line': b'-- Up-to-date: /home/mcfb/ros2_ws/install/px4_msgs/lib/python3.12/site-packages/px4_msgs/msg/_irlock_report_s.c\n'}
[1.813068] (px4_msgs) StdoutLine: {'line': b'-- Up-to-date: /home/mcfb/ros2_ws/install/px4_msgs/lib/python3.12/site-packages/px4_msgs/msg/_input_rc_s.c\n'}
[1.813102] (px4_msgs) StdoutLine: {'line': b'-- Up-to-date: /home/mcfb/ros2_ws/install/px4_msgs/lib/python3.12/site-packages/px4_msgs/msg/_internal_combustion_engine_status.py\n'}
[1.813138] (px4_msgs) StdoutLine: {'line': b'-- Up-to-date: /home/mcfb/ros2_ws/install/px4_msgs/lib/python3.12/site-packages/px4_msgs/msg/_gpio_in_s.c\n'}
[1.813173] (px4_msgs) StdoutLine: {'line': b'-- Up-to-date: /home/mcfb/ros2_ws/install/px4_msgs/lib/python3.12/site-packages/px4_msgs/msg/_sensor_gyro.py\n'}
[1.813221] (px4_msgs) StdoutLine: {'line': b'-- Up-to-date: /home/mcfb/ros2_ws/install/px4_msgs/lib/python3.12/site-packages/px4_msgs/msg/_gpio_out_s.c\n'}
[1.813255] (px4_msgs) StdoutLine: {'line': b'-- Up-to-date: /home/mcfb/ros2_ws/install/px4_msgs/lib/python3.12/site-packages/px4_msgs/msg/_rover_steering_setpoint_s.c\n'}
[1.813290] (px4_msgs) StdoutLine: {'line': b'-- Up-to-date: /home/mcfb/ros2_ws/install/px4_msgs/lib/python3.12/site-packages/px4_msgs/msg/_iridiumsbd_status_s.c\n'}
[1.813328] (px4_msgs) StdoutLine: {'line': b'-- Up-to-date: /home/mcfb/ros2_ws/install/px4_msgs/lib/python3.12/site-packages/px4_msgs/msg/_vehicle_magnetometer.py\n'}
[1.813374] (px4_msgs) StdoutLine: {'line': b'-- Up-to-date: /home/mcfb/ros2_ws/install/px4_msgs/lib/python3.12/site-packages/px4_msgs/msg/_ekf2_timestamps_s.c\n'}
[1.813430] (px4_msgs) StdoutLine: {'line': b'-- Up-to-date: /home/mcfb/ros2_ws/install/px4_msgs/lib/python3.12/site-packages/px4_msgs/msg/_generator_status.py\n'}
[1.813484] (px4_msgs) StdoutLine: {'line': b'-- Up-to-date: /home/mcfb/ros2_ws/install/px4_msgs/lib/python3.12/site-packages/px4_msgs/msg/_heater_status_s.c\n'}
[1.813539] (px4_msgs) StdoutLine: {'line': b'-- Up-to-date: /home/mcfb/ros2_ws/install/px4_msgs/lib/python3.12/site-packages/px4_msgs/msg/_mavlink_tunnel_s.c\n'}
[1.813591] (px4_msgs) StdoutLine: {'line': b'-- Up-to-date: /home/mcfb/ros2_ws/install/px4_msgs/lib/python3.12/site-packages/px4_msgs/msg/_wheel_encoders.py\n'}
[1.813649] (px4_msgs) StdoutLine: {'line': b'-- Up-to-date: /home/mcfb/ros2_ws/install/px4_msgs/lib/python3.12/site-packages/px4_msgs/msg/_vehicle_control_mode.py\n'}
[1.813741] (px4_msgs) StdoutLine: {'line': b'-- Up-to-date: /home/mcfb/ros2_ws/install/px4_msgs/lib/python3.12/site-packages/px4_msgs/msg/_estimator_bias.py\n'}
[1.813792] (px4_msgs) StdoutLine: {'line': b'-- Up-to-date: /home/mcfb/ros2_ws/install/px4_msgs/lib/python3.12/site-packages/px4_msgs/msg/_follow_target_estimator_s.c\n'}
[1.813826] (px4_msgs) StdoutLine: {'line': b'-- Up-to-date: /home/mcfb/ros2_ws/install/px4_msgs/lib/python3.12/site-packages/px4_msgs/msg/_estimator_innovations.py\n'}
[1.813862] (px4_msgs) StdoutLine: {'line': b'-- Up-to-date: /home/mcfb/ros2_ws/install/px4_msgs/lib/python3.12/site-packages/px4_msgs/msg/_gimbal_device_information.py\n'}
[1.813897] (px4_msgs) StdoutLine: {'line': b'-- Up-to-date: /home/mcfb/ros2_ws/install/px4_msgs/lib/python3.12/site-packages/px4_msgs/msg/_failure_detector_status_s.c\n'}
[1.813935] (px4_msgs) StdoutLine: {'line': b'-- Up-to-date: /home/mcfb/ros2_ws/install/px4_msgs/lib/python3.12/site-packages/px4_msgs/msg/_manual_control_switches.py\n'}
[1.813997] (px4_msgs) StdoutLine: {'line': b'-- Up-to-date: /home/mcfb/ros2_ws/install/px4_msgs/lib/python3.12/site-packages/px4_msgs/msg/_takeoff_status_s.c\n'}
[1.814073] (px4_msgs) StdoutLine: {'line': b'-- Up-to-date: /home/mcfb/ros2_ws/install/px4_msgs/lib/python3.12/site-packages/px4_msgs/msg/_vehicle_air_data.py\n'}
[1.814112] (px4_msgs) StdoutLine: {'line': b'-- Up-to-date: /home/mcfb/ros2_ws/install/px4_msgs/lib/python3.12/site-packages/px4_msgs/msg/_sensor_preflight_mag.py\n'}
[1.814149] (px4_msgs) StdoutLine: {'line': b'-- Up-to-date: /home/mcfb/ros2_ws/install/px4_msgs/lib/python3.12/site-packages/px4_msgs/msg/_fixed_wing_lateral_status.py\n'}
[1.814186] (px4_msgs) StdoutLine: {'line': b'-- Up-to-date: /home/mcfb/ros2_ws/install/px4_msgs/lib/python3.12/site-packages/px4_msgs/msg/_led_control_s.c\n'}
[1.814226] (px4_msgs) StdoutLine: {'line': b'-- Up-to-date: /home/mcfb/ros2_ws/install/px4_msgs/lib/python3.12/site-packages/px4_msgs/msg/_rover_speed_status.py\n'}
[1.814265] (px4_msgs) StdoutLine: {'line': b'-- Up-to-date: /home/mcfb/ros2_ws/install/px4_msgs/lib/python3.12/site-packages/px4_msgs/msg/_distance_sensor_mode_change_request_s.c\n'}
[1.814302] (px4_msgs) StdoutLine: {'line': b'-- Up-to-date: /home/mcfb/ros2_ws/install/px4_msgs/lib/python3.12/site-packages/px4_msgs/msg/_register_ext_component_request_s.c\n'}
[1.814340] (px4_msgs) StdoutLine: {'line': b'-- Up-to-date: /home/mcfb/ros2_ws/install/px4_msgs/lib/python3.12/site-packages/px4_msgs/msg/_geofence_result_s.c\n'}
[1.814386] (px4_msgs) StdoutLine: {'line': b'-- Up-to-date: /home/mcfb/ros2_ws/install/px4_msgs/lib/python3.12/site-packages/px4_msgs/msg/_position_setpoint_s.c\n'}
[1.814439] (px4_msgs) StdoutLine: {'line': b'-- Up-to-date: /home/mcfb/ros2_ws/install/px4_msgs/lib/python3.12/site-packages/px4_msgs/msg/__init__.py\n'}
[1.814491] (px4_msgs) StdoutLine: {'line': b'-- Up-to-date: /home/mcfb/ros2_ws/install/px4_msgs/lib/python3.12/site-packages/px4_msgs/msg/_event.py\n'}
[1.814537] (px4_msgs) StdoutLine: {'line': b'-- Up-to-date: /home/mcfb/ros2_ws/install/px4_msgs/lib/python3.12/site-packages/px4_msgs/msg/_landing_target_innovations.py\n'}
[1.814579] (px4_msgs) StdoutLine: {'line': b'-- Up-to-date: /home/mcfb/ros2_ws/install/px4_msgs/lib/python3.12/site-packages/px4_msgs/msg/_config_overrides.py\n'}
[1.814621] (px4_msgs) StdoutLine: {'line': b'-- Up-to-date: /home/mcfb/ros2_ws/install/px4_msgs/lib/python3.12/site-packages/px4_msgs/msg/_camera_capture.py\n'}
[1.814666] (px4_msgs) StdoutLine: {'line': b'-- Up-to-date: /home/mcfb/ros2_ws/install/px4_msgs/lib/python3.12/site-packages/px4_msgs/msg/_trajectory_setpoint_s.c\n'}
[1.814737] (px4_msgs) StdoutLine: {'line': b'-- Up-to-date: /home/mcfb/ros2_ws/install/px4_msgs/lib/python3.12/site-packages/px4_msgs/msg/_rtl_time_estimate.py\n'}
[1.814780] (px4_msgs) StdoutLine: {'line': b'-- Up-to-date: /home/mcfb/ros2_ws/install/px4_msgs/lib/python3.12/site-packages/px4_msgs/msg/_vehicle_thrust_setpoint_s.c\n'}
[1.814821] (px4_msgs) StdoutLine: {'line': b'-- Up-to-date: /home/mcfb/ros2_ws/install/px4_msgs/lib/python3.12/site-packages/px4_msgs/msg/_vehicle_torque_setpoint_s.c\n'}
[1.814899] (px4_msgs) StdoutLine: {'line': b'-- Up-to-date: /home/mcfb/ros2_ws/install/px4_msgs/lib/python3.12/site-packages/px4_msgs/msg/_battery_status.py\n'}
[1.814939] (px4_msgs) StdoutLine: {'line': b'-- Up-to-date: /home/mcfb/ros2_ws/install/px4_msgs/lib/python3.12/site-packages/px4_msgs/msg/_rover_rate_setpoint_s.c\n'}
[1.814996] (px4_msgs) StdoutLine: {'line': b'-- Up-to-date: /home/mcfb/ros2_ws/install/px4_msgs/lib/python3.12/site-packages/px4_msgs/msg/_gimbal_manager_status.py\n'}
[1.815030] (px4_msgs) StdoutLine: {'line': b'-- Up-to-date: /home/mcfb/ros2_ws/install/px4_msgs/lib/python3.12/site-packages/px4_msgs/msg/_actuator_servos.py\n'}
[1.815072] (px4_msgs) StdoutLine: {'line': b'-- Up-to-date: /home/mcfb/ros2_ws/install/px4_msgs/lib/python3.12/site-packages/px4_msgs/msg/_tiltrotor_extra_controls_s.c\n'}
[1.815108] (px4_msgs) StdoutLine: {'line': b'-- Up-to-date: /home/mcfb/ros2_ws/install/px4_msgs/lib/python3.12/site-packages/px4_msgs/msg/_open_drone_id_operator_id_s.c\n'}
[1.815146] (px4_msgs) StdoutLine: {'line': b'-- Up-to-date: /home/mcfb/ros2_ws/install/px4_msgs/lib/python3.12/site-packages/px4_msgs/msg/_tune_control_s.c\n'}
[1.815185] (px4_msgs) StdoutLine: {'line': b'-- Up-to-date: /home/mcfb/ros2_ws/install/px4_msgs/lib/python3.12/site-packages/px4_msgs/msg/_trajectory_setpoint6dof.py\n'}
[1.815222] (px4_msgs) StdoutLine: {'line': b'-- Up-to-date: /home/mcfb/ros2_ws/install/px4_msgs/lib/python3.12/site-packages/px4_msgs/msg/_logger_status_s.c\n'}
[1.815259] (px4_msgs) StdoutLine: {'line': b'-- Up-to-date: /home/mcfb/ros2_ws/install/px4_msgs/lib/python3.12/site-packages/px4_msgs/msg/_launch_detection_status.py\n'}
[1.815324] (px4_msgs) StdoutLine: {'line': b'-- Up-to-date: /home/mcfb/ros2_ws/install/px4_msgs/lib/python3.12/site-packages/px4_msgs/msg/_estimator_innovations_s.c\n'}
[1.815392] (px4_msgs) StdoutLine: {'line': b'-- Up-to-date: /home/mcfb/ros2_ws/install/px4_msgs/lib/python3.12/site-packages/px4_msgs/msg/_distance_sensor_mode_change_request.py\n'}
[1.815458] (px4_msgs) StdoutLine: {'line': b'-- Up-to-date: /home/mcfb/ros2_ws/install/px4_msgs/lib/python3.12/site-packages/px4_msgs/msg/_yaw_estimator_status_s.c\n'}
[1.815527] (px4_msgs) StdoutLine: {'line': b'-- Up-to-date: /home/mcfb/ros2_ws/install/px4_msgs/lib/python3.12/site-packages/px4_msgs/msg/_vehicle_land_detected.py\n'}
[1.815586] (px4_msgs) StdoutLine: {'line': b'-- Up-to-date: /home/mcfb/ros2_ws/install/px4_msgs/lib/python3.12/site-packages/px4_msgs/msg/_unregister_ext_component.py\n'}
[1.815650] (px4_msgs) StdoutLine: {'line': b'-- Up-to-date: /home/mcfb/ros2_ws/install/px4_msgs/lib/python3.12/site-packages/px4_msgs/msg/_rover_position_setpoint_s.c\n'}
[1.815710] (px4_msgs) StdoutLine: {'line': b'-- Up-to-date: /home/mcfb/ros2_ws/install/px4_msgs/lib/python3.12/site-packages/px4_msgs/msg/_open_drone_id_system_s.c\n'}
[1.815752] (px4_msgs) StdoutLine: {'line': b'-- Up-to-date: /home/mcfb/ros2_ws/install/px4_msgs/lib/python3.12/site-packages/px4_msgs/msg/_health_report_s.c\n'}
[1.815803] (px4_msgs) StdoutLine: {'line': b'-- Up-to-date: /home/mcfb/ros2_ws/install/px4_msgs/lib/python3.12/site-packages/px4_msgs/msg/_vehicle_command.py\n'}
[1.815847] (px4_msgs) StdoutLine: {'line': b'-- Up-to-date: /home/mcfb/ros2_ws/install/px4_msgs/lib/python3.12/site-packages/px4_msgs/msg/_can_interface_status_s.c\n'}
[1.815886] (px4_msgs) StdoutLine: {'line': b'-- Up-to-date: /home/mcfb/ros2_ws/install/px4_msgs/lib/python3.12/site-packages/px4_msgs/msg/_debug_vect.py\n'}
[1.815926] (px4_msgs) StdoutLine: {'line': b'-- Up-to-date: /home/mcfb/ros2_ws/install/px4_msgs/lib/python3.12/site-packages/px4_msgs/msg/_landing_gear.py\n'}
[1.815966] (px4_msgs) StdoutLine: {'line': b'-- Up-to-date: /home/mcfb/ros2_ws/install/px4_msgs/lib/python3.12/site-packages/px4_msgs/msg/_longitudinal_control_configuration.py\n'}
[1.816005] (px4_msgs) StdoutLine: {'line': b'-- Up-to-date: /home/mcfb/ros2_ws/install/px4_msgs/lib/python3.12/site-packages/px4_msgs/msg/_vehicle_local_position_setpoint_s.c\n'}
[1.816044] (px4_msgs) StdoutLine: {'line': b'-- Up-to-date: /home/mcfb/ros2_ws/install/px4_msgs/lib/python3.12/site-packages/px4_msgs/msg/_failsafe_flags.py\n'}
[1.816136] (px4_msgs) StdoutLine: {'line': b'-- Up-to-date: /home/mcfb/ros2_ws/install/px4_msgs/lib/python3.12/site-packages/px4_msgs/msg/_input_rc.py\n'}
[1.816175] (px4_msgs) StdoutLine: {'line': b'-- Up-to-date: /home/mcfb/ros2_ws/install/px4_msgs/lib/python3.12/site-packages/px4_msgs/msg/_vehicle_torque_setpoint.py\n'}
[1.816214] (px4_msgs) StdoutLine: {'line': b'-- Up-to-date: /home/mcfb/ros2_ws/install/px4_msgs/lib/python3.12/site-packages/px4_msgs/msg/_debug_vect_s.c\n'}
[1.816256] (px4_msgs) StdoutLine: {'line': b'-- Up-to-date: /home/mcfb/ros2_ws/install/px4_msgs/lib/python3.12/site-packages/px4_msgs/msg/_open_drone_id_self_id.py\n'}
[1.816294] (px4_msgs) StdoutLine: {'line': b'-- Up-to-date: /home/mcfb/ros2_ws/install/px4_msgs/lib/python3.12/site-packages/px4_msgs/msg/_vehicle_optical_flow_vel.py\n'}
[1.816332] (px4_msgs) StdoutLine: {'line': b'-- Up-to-date: /home/mcfb/ros2_ws/install/px4_msgs/lib/python3.12/site-packages/px4_msgs/msg/_cpuload_s.c\n'}
[1.816391] (px4_msgs) StdoutLine: {'line': b'-- Up-to-date: /home/mcfb/ros2_ws/install/px4_msgs/lib/python3.12/site-packages/px4_msgs/msg/_sensor_gps_s.c\n'}
[1.816424] (px4_msgs) StdoutLine: {'line': b'-- Up-to-date: /home/mcfb/ros2_ws/install/px4_msgs/lib/python3.12/site-packages/px4_msgs/msg/_dataman_response.py\n'}
[1.816474] (px4_msgs) StdoutLine: {'line': b'-- Up-to-date: /home/mcfb/ros2_ws/install/px4_msgs/lib/python3.12/site-packages/px4_msgs/msg/_task_stack_info.py\n'}
[1.816510] (px4_msgs) StdoutLine: {'line': b'-- Up-to-date: /home/mcfb/ros2_ws/install/px4_msgs/lib/python3.12/site-packages/px4_msgs/msg/_sensor_hygrometer.py\n'}
[1.816545] (px4_msgs) StdoutLine: {'line': b'-- Up-to-date: /home/mcfb/ros2_ws/install/px4_msgs/lib/python3.12/site-packages/px4_msgs/msg/_fixed_wing_longitudinal_setpoint.py\n'}
[1.816580] (px4_msgs) StdoutLine: {'line': b'-- Up-to-date: /home/mcfb/ros2_ws/install/px4_msgs/lib/python3.12/site-packages/px4_msgs/msg/_fixed_wing_lateral_status_s.c\n'}
[1.816617] (px4_msgs) StdoutLine: {'line': b'-- Up-to-date: /home/mcfb/ros2_ws/install/px4_msgs/lib/python3.12/site-packages/px4_msgs/msg/_arming_check_reply.py\n'}
[1.816653] (px4_msgs) StdoutLine: {'line': b'-- Up-to-date: /home/mcfb/ros2_ws/install/px4_msgs/lib/python3.12/site-packages/px4_msgs/msg/_airspeed_validated_s.c\n'}
[1.816702] (px4_msgs) StdoutLine: {'line': b'-- Up-to-date: /home/mcfb/ros2_ws/install/px4_msgs/lib/python3.12/site-packages/px4_msgs/msg/_mode_completed_s.c\n'}
[1.816739] (px4_msgs) StdoutLine: {'line': b'-- Up-to-date: /home/mcfb/ros2_ws/install/px4_msgs/lib/python3.12/site-packages/px4_msgs/msg/_estimator_aid_source3d.py\n'}
[1.816775] (px4_msgs) StdoutLine: {'line': b'-- Up-to-date: /home/mcfb/ros2_ws/install/px4_msgs/lib/python3.12/site-packages/px4_msgs/msg/_manual_control_setpoint_s.c\n'}
[1.816811] (px4_msgs) StdoutLine: {'line': b'-- Up-to-date: /home/mcfb/ros2_ws/install/px4_msgs/lib/python3.12/site-packages/px4_msgs/msg/_message_format_request.py\n'}
[1.816851] (px4_msgs) StdoutLine: {'line': b'-- Up-to-date: /home/mcfb/ros2_ws/install/px4_msgs/lib/python3.12/site-packages/px4_msgs/msg/_parameter_reset_request.py\n'}
[1.816891] (px4_msgs) StdoutLine: {'line': b'-- Up-to-date: /home/mcfb/ros2_ws/install/px4_msgs/lib/python3.12/site-packages/px4_msgs/msg/_dataman_request_s.c\n'}
[1.816930] (px4_msgs) StdoutLine: {'line': b'-- Up-to-date: /home/mcfb/ros2_ws/install/px4_msgs/lib/python3.12/site-packages/px4_msgs/msg/_rtl_status.py\n'}
[1.816968] (px4_msgs) StdoutLine: {'line': b'-- Up-to-date: /home/mcfb/ros2_ws/install/px4_msgs/lib/python3.12/site-packages/px4_msgs/msg/_vehicle_rates_setpoint_s.c\n'}
[1.817009] (px4_msgs) StdoutLine: {'line': b'-- Up-to-date: /home/mcfb/ros2_ws/install/px4_msgs/lib/python3.12/site-packages/px4_msgs/msg/_vehicle_optical_flow.py\n'}
[1.817051] (px4_msgs) StdoutLine: {'line': b'-- Up-to-date: /home/mcfb/ros2_ws/install/px4_msgs/lib/python3.12/site-packages/px4_msgs/msg/_pwm_input_s.c\n'}
[1.817107] (px4_msgs) StdoutLine: {'line': b'-- Up-to-date: /home/mcfb/ros2_ws/install/px4_msgs/lib/python3.12/site-packages/px4_msgs/msg/_geofence_status_s.c\n'}
[1.817216] (px4_msgs) StdoutLine: {'line': b'-- Up-to-date: /home/mcfb/ros2_ws/install/px4_msgs/lib/python3.12/site-packages/px4_msgs/msg/_gimbal_controls_s.c\n'}
[1.817256] (px4_msgs) StdoutLine: {'line': b'-- Up-to-date: /home/mcfb/ros2_ws/install/px4_msgs/lib/python3.12/site-packages/px4_msgs/msg/_irlock_report.py\n'}
[1.817294] (px4_msgs) StdoutLine: {'line': b'-- Up-to-date: /home/mcfb/ros2_ws/install/px4_msgs/lib/python3.12/site-packages/px4_msgs/msg/_ekf2_timestamps.py\n'}
[1.817331] (px4_msgs) StdoutLine: {'line': b'-- Up-to-date: /home/mcfb/ros2_ws/install/px4_msgs/lib/python3.12/site-packages/px4_msgs/msg/_actuator_outputs_s.c\n'}
[1.817369] (px4_msgs) StdoutLine: {'line': b'-- Up-to-date: /home/mcfb/ros2_ws/install/px4_msgs/lib/python3.12/site-packages/px4_msgs/msg/_neural_control.py\n'}
[1.817407] (px4_msgs) StdoutLine: {'line': b'-- Up-to-date: /home/mcfb/ros2_ws/install/px4_msgs/lib/python3.12/site-packages/px4_msgs/msg/_neural_control_s.c\n'}
[1.817462] (px4_msgs) StdoutLine: {'line': b'-- Up-to-date: /home/mcfb/ros2_ws/install/px4_msgs/lib/python3.12/site-packages/px4_msgs/msg/_unregister_ext_component_s.c\n'}
[1.817496] (px4_msgs) StdoutLine: {'line': b'-- Up-to-date: /home/mcfb/ros2_ws/install/px4_msgs/lib/python3.12/site-packages/px4_msgs/msg/_battery_info_s.c\n'}
[1.817530] (px4_msgs) StdoutLine: {'line': b'-- Up-to-date: /home/mcfb/ros2_ws/install/px4_msgs/lib/python3.12/site-packages/px4_msgs/msg/_sensor_hygrometer_s.c\n'}
[1.817564] (px4_msgs) StdoutLine: {'line': b'-- Up-to-date: /home/mcfb/ros2_ws/install/px4_msgs/lib/python3.12/site-packages/px4_msgs/msg/_vehicle_land_detected_s.c\n'}
[1.817597] (px4_msgs) StdoutLine: {'line': b'-- Up-to-date: /home/mcfb/ros2_ws/install/px4_msgs/lib/python3.12/site-packages/px4_msgs/msg/_esc_status.py\n'}
[1.817629] (px4_msgs) StdoutLine: {'line': b'-- Up-to-date: /home/mcfb/ros2_ws/install/px4_msgs/lib/python3.12/site-packages/px4_msgs/msg/_actuator_servos_s.c\n'}
[1.817662] (px4_msgs) StdoutLine: {'line': b'-- Up-to-date: /home/mcfb/ros2_ws/install/px4_msgs/lib/python3.12/site-packages/px4_msgs/msg/_vehicle_roi.py\n'}
[1.817703] (px4_msgs) StdoutLine: {'line': b'-- Up-to-date: /home/mcfb/ros2_ws/install/px4_msgs/lib/python3.12/site-packages/px4_msgs/msg/_dronecan_node_status_s.c\n'}
[1.817740] (px4_msgs) StdoutLine: {'line': b'-- Up-to-date: /home/mcfb/ros2_ws/install/px4_msgs/lib/python3.12/site-packages/px4_msgs/msg/_esc_report.py\n'}
[1.817795] (px4_msgs) StdoutLine: {'line': b'-- Up-to-date: /home/mcfb/ros2_ws/install/px4_msgs/lib/python3.12/site-packages/px4_msgs/msg/_sensor_selection_s.c\n'}
[1.817831] (px4_msgs) StdoutLine: {'line': b'-- Up-to-date: /home/mcfb/ros2_ws/install/px4_msgs/lib/python3.12/site-packages/px4_msgs/msg/_rtl_status_s.c\n'}
[1.817865] (px4_msgs) StdoutLine: {'line': b'-- Up-to-date: /home/mcfb/ros2_ws/install/px4_msgs/lib/python3.12/site-packages/px4_msgs/msg/_tiltrotor_extra_controls.py\n'}
[1.817899] (px4_msgs) StdoutLine: {'line': b'-- Up-to-date: /home/mcfb/ros2_ws/install/px4_msgs/lib/python3.12/site-packages/px4_msgs/msg/_vehicle_global_position_s.c\n'}
[1.817933] (px4_msgs) StdoutLine: {'line': b'-- Up-to-date: /home/mcfb/ros2_ws/install/px4_msgs/lib/python3.12/site-packages/px4_msgs/msg/_message_format_response_s.c\n'}
[1.817968] (px4_msgs) StdoutLine: {'line': b'-- Up-to-date: /home/mcfb/ros2_ws/install/px4_msgs/lib/python3.12/site-packages/px4_msgs/msg/_orb_test_large.py\n'}
[1.818010] (px4_msgs) StdoutLine: {'line': b'-- Up-to-date: /home/mcfb/ros2_ws/install/px4_msgs/lib/python3.12/site-packages/px4_msgs/msg/_vehicle_local_position_setpoint.py\n'}
[1.818078] (px4_msgs) StdoutLine: {'line': b'-- Up-to-date: /home/mcfb/ros2_ws/install/px4_msgs/lib/python3.12/site-packages/px4_msgs/msg/_rc_parameter_map_s.c\n'}
[1.818112] (px4_msgs) StdoutLine: {'line': b'-- Up-to-date: /home/mcfb/ros2_ws/install/px4_msgs/lib/python3.12/site-packages/px4_msgs/msg/_fuel_tank_status.py\n'}
[1.818150] (px4_msgs) StdoutLine: {'line': b'-- Up-to-date: /home/mcfb/ros2_ws/install/px4_msgs/lib/python3.12/site-packages/px4_msgs/msg/_fixed_wing_lateral_setpoint.py\n'}
[1.818212] (px4_msgs) StdoutLine: {'line': b'-- Up-to-date: /home/mcfb/ros2_ws/install/px4_msgs/lib/python3.12/site-packages/px4_msgs/msg/_rc_parameter_map.py\n'}
[1.818246] (px4_msgs) StdoutLine: {'line': b'-- Up-to-date: /home/mcfb/ros2_ws/install/px4_msgs/lib/python3.12/site-packages/px4_msgs/msg/_gpio_config.py\n'}
[1.818279] (px4_msgs) StdoutLine: {'line': b'-- Up-to-date: /home/mcfb/ros2_ws/install/px4_msgs/lib/python3.12/site-packages/px4_msgs/msg/_iridiumsbd_status.py\n'}
[1.818312] (px4_msgs) StdoutLine: {'line': b'-- Up-to-date: /home/mcfb/ros2_ws/install/px4_msgs/lib/python3.12/site-packages/px4_msgs/msg/_internal_combustion_engine_status_s.c\n'}
[1.818345] (px4_msgs) StdoutLine: {'line': b'-- Up-to-date: /home/mcfb/ros2_ws/install/px4_msgs/lib/python3.12/site-packages/px4_msgs/msg/_vehicle_imu.py\n'}
[1.818379] (px4_msgs) StdoutLine: {'line': b'-- Up-to-date: /home/mcfb/ros2_ws/install/px4_msgs/lib/python3.12/site-packages/px4_msgs/msg/_vehicle_imu_status_s.c\n'}
[1.818415] (px4_msgs) StdoutLine: {'line': b'-- Up-to-date: /home/mcfb/ros2_ws/install/px4_msgs/lib/python3.12/site-packages/px4_msgs/msg/_navigator_status.py\n'}
[1.818451] (px4_msgs) StdoutLine: {'line': b'-- Up-to-date: /home/mcfb/ros2_ws/install/px4_msgs/lib/python3.12/site-packages/px4_msgs/msg/_geofence_result.py\n'}
[1.818493] (px4_msgs) StdoutLine: {'line': b'-- Up-to-date: /home/mcfb/ros2_ws/install/px4_msgs/lib/python3.12/site-packages/px4_msgs/msg/_actuator_armed.py\n'}
[1.818563] (px4_msgs) StdoutLine: {'line': b'-- Up-to-date: /home/mcfb/ros2_ws/install/px4_msgs/lib/python3.12/site-packages/px4_msgs/msg/_control_allocator_status_s.c\n'}
[1.818597] (px4_msgs) StdoutLine: {'line': b'-- Up-to-date: /home/mcfb/ros2_ws/install/px4_msgs/lib/python3.12/site-packages/px4_msgs/msg/_gimbal_controls.py\n'}
[1.818632] (px4_msgs) StdoutLine: {'line': b'-- Up-to-date: /home/mcfb/ros2_ws/install/px4_msgs/lib/python3.12/site-packages/px4_msgs/msg/_ulog_stream.py\n'}
[1.818666] (px4_msgs) StdoutLine: {'line': b'-- Up-to-date: /home/mcfb/ros2_ws/install/px4_msgs/lib/python3.12/site-packages/px4_msgs/_px4_msgs_s.ep.rosidl_typesupport_fastrtps_c.c\n'}
[1.818712] (px4_msgs) StdoutLine: {'line': b'-- Up-to-date: /home/mcfb/ros2_ws/install/px4_msgs/lib/python3.12/site-packages/px4_msgs/__init__.py\n'}
[1.818747] (px4_msgs) StdoutLine: {'line': b'-- Up-to-date: /home/mcfb/ros2_ws/install/px4_msgs/lib/python3.12/site-packages/px4_msgs/_px4_msgs_s.ep.rosidl_typesupport_introspection_c.c\n'}
[1.818782] (px4_msgs) StdoutLine: {'line': b'-- Up-to-date: /home/mcfb/ros2_ws/install/px4_msgs/lib/python3.12/site-packages/px4_msgs/_px4_msgs_s.ep.rosidl_typesupport_c.c\n'}
[1.818831] (px4_msgs) StdoutLine: {'line': b'-- Up-to-date: /home/mcfb/ros2_ws/install/px4_msgs/lib/python3.12/site-packages/px4_msgs/px4_msgs_s__rosidl_typesupport_c.so\n'}
[1.818880] (px4_msgs) StdoutLine: {'line': b'-- Up-to-date: /home/mcfb/ros2_ws/install/px4_msgs/lib/python3.12/site-packages/px4_msgs/px4_msgs_s__rosidl_typesupport_fastrtps_c.so\n'}
[1.818935] (px4_msgs) StdoutLine: {'line': b"Listing '/home/mcfb/ros2_ws/install/px4_msgs/lib/python3.12/site-packages/px4_msgs'...\n"}
[1.818976] (px4_msgs) StdoutLine: {'line': b"Listing '/home/mcfb/ros2_ws/install/px4_msgs/lib/python3.12/site-packages/px4_msgs/msg'...\n"}
[1.819034] (px4_msgs) StdoutLine: {'line': b"Listing '/home/mcfb/ros2_ws/install/px4_msgs/lib/python3.12/site-packages/px4_msgs/srv'...\n"}
[1.819078] (px4_msgs) StdoutLine: {'line': b'-- Up-to-date: /home/mcfb/ros2_ws/install/px4_msgs/lib/python3.12/site-packages/px4_msgs/px4_msgs_s__rosidl_typesupport_fastrtps_c.so\n'}
[1.819119] (px4_msgs) StdoutLine: {'line': b'-- Up-to-date: /home/mcfb/ros2_ws/install/px4_msgs/lib/python3.12/site-packages/px4_msgs/px4_msgs_s__rosidl_typesupport_introspection_c.so\n'}
[1.819202] (px4_msgs) StdoutLine: {'line': b'-- Up-to-date: /home/mcfb/ros2_ws/install/px4_msgs/lib/python3.12/site-packages/px4_msgs/px4_msgs_s__rosidl_typesupport_c.so\n'}
[1.819241] (px4_msgs) StdoutLine: {'line': b'-- Up-to-date: /home/mcfb/ros2_ws/install/px4_msgs/lib/libpx4_msgs__rosidl_generator_py.so\n'}
[1.819279] (px4_msgs) StdoutLine: {'line': b'-- Up-to-date: /home/mcfb/ros2_ws/install/px4_msgs/share/px4_msgs/msg/ActionRequest.idl\n'}
[1.819317] (px4_msgs) StdoutLine: {'line': b'-- Up-to-date: /home/mcfb/ros2_ws/install/px4_msgs/share/px4_msgs/msg/ActuatorArmed.idl\n'}
[1.819374] (px4_msgs) StdoutLine: {'line': b'-- Up-to-date: /home/mcfb/ros2_ws/install/px4_msgs/share/px4_msgs/msg/ActuatorControlsStatus.idl\n'}
[1.819432] (px4_msgs) StdoutLine: {'line': b'-- Up-to-date: /home/mcfb/ros2_ws/install/px4_msgs/share/px4_msgs/msg/ActuatorMotors.idl\n'}
[1.819478] (px4_msgs) StdoutLine: {'line': b'-- Up-to-date: /home/mcfb/ros2_ws/install/px4_msgs/share/px4_msgs/msg/ActuatorOutputs.idl\n'}
[1.819519] (px4_msgs) StdoutLine: {'line': b'-- Up-to-date: /home/mcfb/ros2_ws/install/px4_msgs/share/px4_msgs/msg/ActuatorServos.idl\n'}
[1.819571] (px4_msgs) StdoutLine: {'line': b'-- Up-to-date: /home/mcfb/ros2_ws/install/px4_msgs/share/px4_msgs/msg/ActuatorServosTrim.idl\n'}
[1.819650] (px4_msgs) StdoutLine: {'line': b'-- Up-to-date: /home/mcfb/ros2_ws/install/px4_msgs/share/px4_msgs/msg/ActuatorTest.idl\n'}
[1.819693] (px4_msgs) StdoutLine: {'line': b'-- Up-to-date: /home/mcfb/ros2_ws/install/px4_msgs/share/px4_msgs/msg/AdcReport.idl\n'}
[1.819728] (px4_msgs) StdoutLine: {'line': b'-- Up-to-date: /home/mcfb/ros2_ws/install/px4_msgs/share/px4_msgs/msg/Airspeed.idl\n'}
[1.819761] (px4_msgs) StdoutLine: {'line': b'-- Up-to-date: /home/mcfb/ros2_ws/install/px4_msgs/share/px4_msgs/msg/AirspeedValidated.idl\n'}
[1.819794] (px4_msgs) StdoutLine: {'line': b'-- Up-to-date: /home/mcfb/ros2_ws/install/px4_msgs/share/px4_msgs/msg/AirspeedWind.idl\n'}
[1.819832] (px4_msgs) StdoutLine: {'line': b'-- Up-to-date: /home/mcfb/ros2_ws/install/px4_msgs/share/px4_msgs/msg/ArmingCheckReply.idl\n'}
[1.819873] (px4_msgs) StdoutLine: {'line': b'-- Up-to-date: /home/mcfb/ros2_ws/install/px4_msgs/share/px4_msgs/msg/ArmingCheckRequest.idl\n'}
[1.819908] (px4_msgs) StdoutLine: {'line': b'-- Up-to-date: /home/mcfb/ros2_ws/install/px4_msgs/share/px4_msgs/msg/AutotuneAttitudeControlStatus.idl\n'}
[1.819944] (px4_msgs) StdoutLine: {'line': b'-- Up-to-date: /home/mcfb/ros2_ws/install/px4_msgs/share/px4_msgs/msg/BatteryInfo.idl\n'}
[1.819980] (px4_msgs) StdoutLine: {'line': b'-- Up-to-date: /home/mcfb/ros2_ws/install/px4_msgs/share/px4_msgs/msg/BatteryStatus.idl\n'}
[1.820016] (px4_msgs) StdoutLine: {'line': b'-- Up-to-date: /home/mcfb/ros2_ws/install/px4_msgs/share/px4_msgs/msg/ButtonEvent.idl\n'}
[1.820052] (px4_msgs) StdoutLine: {'line': b'-- Up-to-date: /home/mcfb/ros2_ws/install/px4_msgs/share/px4_msgs/msg/CameraCapture.idl\n'}
[1.820088] (px4_msgs) StdoutLine: {'line': b'-- Up-to-date: /home/mcfb/ros2_ws/install/px4_msgs/share/px4_msgs/msg/CameraStatus.idl\n'}
[1.820124] (px4_msgs) StdoutLine: {'line': b'-- Up-to-date: /home/mcfb/ros2_ws/install/px4_msgs/share/px4_msgs/msg/CameraTrigger.idl\n'}
[1.820160] (px4_msgs) StdoutLine: {'line': b'-- Up-to-date: /home/mcfb/ros2_ws/install/px4_msgs/share/px4_msgs/msg/CanInterfaceStatus.idl\n'}
[1.820197] (px4_msgs) StdoutLine: {'line': b'-- Up-to-date: /home/mcfb/ros2_ws/install/px4_msgs/share/px4_msgs/msg/CellularStatus.idl\n'}
[1.820233] (px4_msgs) StdoutLine: {'line': b'-- Up-to-date: /home/mcfb/ros2_ws/install/px4_msgs/share/px4_msgs/msg/CollisionConstraints.idl\n'}
[1.820269] (px4_msgs) StdoutLine: {'line': b'-- Up-to-date: /home/mcfb/ros2_ws/install/px4_msgs/share/px4_msgs/msg/ConfigOverrides.idl\n'}
[1.820305] (px4_msgs) StdoutLine: {'line': b'-- Up-to-date: /home/mcfb/ros2_ws/install/px4_msgs/share/px4_msgs/msg/ControlAllocatorStatus.idl\n'}
[1.820340] (px4_msgs) StdoutLine: {'line': b'-- Up-to-date: /home/mcfb/ros2_ws/install/px4_msgs/share/px4_msgs/msg/Cpuload.idl\n'}
[1.820376] (px4_msgs) StdoutLine: {'line': b'-- Up-to-date: /home/mcfb/ros2_ws/install/px4_msgs/share/px4_msgs/msg/DatamanRequest.idl\n'}
[1.820411] (px4_msgs) StdoutLine: {'line': b'-- Up-to-date: /home/mcfb/ros2_ws/install/px4_msgs/share/px4_msgs/msg/DatamanResponse.idl\n'}
[1.820447] (px4_msgs) StdoutLine: {'line': b'-- Up-to-date: /home/mcfb/ros2_ws/install/px4_msgs/share/px4_msgs/msg/DebugArray.idl\n'}
[1.820483] (px4_msgs) StdoutLine: {'line': b'-- Up-to-date: /home/mcfb/ros2_ws/install/px4_msgs/share/px4_msgs/msg/DebugKeyValue.idl\n'}
[1.820520] (px4_msgs) StdoutLine: {'line': b'-- Up-to-date: /home/mcfb/ros2_ws/install/px4_msgs/share/px4_msgs/msg/DebugValue.idl\n'}
[1.820556] (px4_msgs) StdoutLine: {'line': b'-- Up-to-date: /home/mcfb/ros2_ws/install/px4_msgs/share/px4_msgs/msg/DebugVect.idl\n'}
[1.820591] (px4_msgs) StdoutLine: {'line': b'-- Up-to-date: /home/mcfb/ros2_ws/install/px4_msgs/share/px4_msgs/msg/DifferentialPressure.idl\n'}
[1.820626] (px4_msgs) StdoutLine: {'line': b'-- Up-to-date: /home/mcfb/ros2_ws/install/px4_msgs/share/px4_msgs/msg/DistanceSensor.idl\n'}
[1.820661] (px4_msgs) StdoutLine: {'line': b'-- Up-to-date: /home/mcfb/ros2_ws/install/px4_msgs/share/px4_msgs/msg/DistanceSensorModeChangeRequest.idl\n'}
[1.820705] (px4_msgs) StdoutLine: {'line': b'-- Up-to-date: /home/mcfb/ros2_ws/install/px4_msgs/share/px4_msgs/msg/DronecanNodeStatus.idl\n'}
[1.820741] (px4_msgs) StdoutLine: {'line': b'-- Up-to-date: /home/mcfb/ros2_ws/install/px4_msgs/share/px4_msgs/msg/Ekf2Timestamps.idl\n'}
[1.820779] (px4_msgs) StdoutLine: {'line': b'-- Up-to-date: /home/mcfb/ros2_ws/install/px4_msgs/share/px4_msgs/msg/EscReport.idl\n'}
[1.820854] (px4_msgs) StdoutLine: {'line': b'-- Up-to-date: /home/mcfb/ros2_ws/install/px4_msgs/share/px4_msgs/msg/EscStatus.idl\n'}
[1.820892] (px4_msgs) StdoutLine: {'line': b'-- Up-to-date: /home/mcfb/ros2_ws/install/px4_msgs/share/px4_msgs/msg/EstimatorAidSource1d.idl\n'}
[1.820930] (px4_msgs) StdoutLine: {'line': b'-- Up-to-date: /home/mcfb/ros2_ws/install/px4_msgs/share/px4_msgs/msg/EstimatorAidSource2d.idl\n'}
[1.820968] (px4_msgs) StdoutLine: {'line': b'-- Up-to-date: /home/mcfb/ros2_ws/install/px4_msgs/share/px4_msgs/msg/EstimatorAidSource3d.idl\n'}
[1.821003] (px4_msgs) StdoutLine: {'line': b'-- Up-to-date: /home/mcfb/ros2_ws/install/px4_msgs/share/px4_msgs/msg/EstimatorBias.idl\n'}
[1.821041] (px4_msgs) StdoutLine: {'line': b'-- Up-to-date: /home/mcfb/ros2_ws/install/px4_msgs/share/px4_msgs/msg/EstimatorBias3d.idl\n'}
[1.821079] (px4_msgs) StdoutLine: {'line': b'-- Up-to-date: /home/mcfb/ros2_ws/install/px4_msgs/share/px4_msgs/msg/EstimatorEventFlags.idl\n'}
[1.821118] (px4_msgs) StdoutLine: {'line': b'-- Up-to-date: /home/mcfb/ros2_ws/install/px4_msgs/share/px4_msgs/msg/EstimatorGpsStatus.idl\n'}
[1.821157] (px4_msgs) StdoutLine: {'line': b'-- Up-to-date: /home/mcfb/ros2_ws/install/px4_msgs/share/px4_msgs/msg/EstimatorInnovations.idl\n'}
[1.821193] (px4_msgs) StdoutLine: {'line': b'-- Up-to-date: /home/mcfb/ros2_ws/install/px4_msgs/share/px4_msgs/msg/EstimatorSelectorStatus.idl\n'}
[1.821231] (px4_msgs) StdoutLine: {'line': b'-- Up-to-date: /home/mcfb/ros2_ws/install/px4_msgs/share/px4_msgs/msg/EstimatorSensorBias.idl\n'}
[1.821270] (px4_msgs) StdoutLine: {'line': b'-- Up-to-date: /home/mcfb/ros2_ws/install/px4_msgs/share/px4_msgs/msg/EstimatorStates.idl\n'}
[1.821308] (px4_msgs) StdoutLine: {'line': b'-- Up-to-date: /home/mcfb/ros2_ws/install/px4_msgs/share/px4_msgs/msg/EstimatorStatus.idl\n'}
[1.821346] (px4_msgs) StdoutLine: {'line': b'-- Up-to-date: /home/mcfb/ros2_ws/install/px4_msgs/share/px4_msgs/msg/EstimatorStatusFlags.idl\n'}
[1.821382] (px4_msgs) StdoutLine: {'line': b'-- Up-to-date: /home/mcfb/ros2_ws/install/px4_msgs/share/px4_msgs/msg/Event.idl\n'}
[1.821419] (px4_msgs) StdoutLine: {'line': b'-- Up-to-date: /home/mcfb/ros2_ws/install/px4_msgs/share/px4_msgs/msg/FailsafeFlags.idl\n'}
[1.821455] (px4_msgs) StdoutLine: {'line': b'-- Up-to-date: /home/mcfb/ros2_ws/install/px4_msgs/share/px4_msgs/msg/FailureDetectorStatus.idl\n'}
[1.821495] (px4_msgs) StdoutLine: {'line': b'-- Up-to-date: /home/mcfb/ros2_ws/install/px4_msgs/share/px4_msgs/msg/FigureEightStatus.idl\n'}
[1.821533] (px4_msgs) StdoutLine: {'line': b'-- Up-to-date: /home/mcfb/ros2_ws/install/px4_msgs/share/px4_msgs/msg/FixedWingLateralGuidanceStatus.idl\n'}
[1.821603] (px4_msgs) StdoutLine: {'line': b'-- Up-to-date: /home/mcfb/ros2_ws/install/px4_msgs/share/px4_msgs/msg/FixedWingLateralSetpoint.idl\n'}
[1.821638] (px4_msgs) StdoutLine: {'line': b'-- Up-to-date: /home/mcfb/ros2_ws/install/px4_msgs/share/px4_msgs/msg/FixedWingLateralStatus.idl\n'}
[1.821682] (px4_msgs) StdoutLine: {'line': b'-- Up-to-date: /home/mcfb/ros2_ws/install/px4_msgs/share/px4_msgs/msg/FixedWingLongitudinalSetpoint.idl\n'}
[1.821726] (px4_msgs) StdoutLine: {'line': b'-- Up-to-date: /home/mcfb/ros2_ws/install/px4_msgs/share/px4_msgs/msg/FixedWingRunwayControl.idl\n'}
[1.821766] (px4_msgs) StdoutLine: {'line': b'-- Up-to-date: /home/mcfb/ros2_ws/install/px4_msgs/share/px4_msgs/msg/FlightPhaseEstimation.idl\n'}
[1.821803] (px4_msgs) StdoutLine: {'line': b'-- Up-to-date: /home/mcfb/ros2_ws/install/px4_msgs/share/px4_msgs/msg/FollowTarget.idl\n'}
[1.821841] (px4_msgs) StdoutLine: {'line': b'-- Up-to-date: /home/mcfb/ros2_ws/install/px4_msgs/share/px4_msgs/msg/FollowTargetEstimator.idl\n'}
[1.821883] (px4_msgs) StdoutLine: {'line': b'-- Up-to-date: /home/mcfb/ros2_ws/install/px4_msgs/share/px4_msgs/msg/FollowTargetStatus.idl\n'}
[1.821923] (px4_msgs) StdoutLine: {'line': b'-- Up-to-date: /home/mcfb/ros2_ws/install/px4_msgs/share/px4_msgs/msg/FuelTankStatus.idl\n'}
[1.821961] (px4_msgs) StdoutLine: {'line': b'-- Up-to-date: /home/mcfb/ros2_ws/install/px4_msgs/share/px4_msgs/msg/GeneratorStatus.idl\n'}
[1.821999] (px4_msgs) StdoutLine: {'line': b'-- Up-to-date: /home/mcfb/ros2_ws/install/px4_msgs/share/px4_msgs/msg/GeofenceResult.idl\n'}
[1.822040] (px4_msgs) StdoutLine: {'line': b'-- Up-to-date: /home/mcfb/ros2_ws/install/px4_msgs/share/px4_msgs/msg/GeofenceStatus.idl\n'}
[1.822079] (px4_msgs) StdoutLine: {'line': b'-- Up-to-date: /home/mcfb/ros2_ws/install/px4_msgs/share/px4_msgs/msg/GimbalControls.idl\n'}
[1.822117] (px4_msgs) StdoutLine: {'line': b'-- Up-to-date: /home/mcfb/ros2_ws/install/px4_msgs/share/px4_msgs/msg/GimbalDeviceAttitudeStatus.idl\n'}
[1.822154] (px4_msgs) StdoutLine: {'line': b'-- Up-to-date: /home/mcfb/ros2_ws/install/px4_msgs/share/px4_msgs/msg/GimbalDeviceInformation.idl\n'}
[1.822190] (px4_msgs) StdoutLine: {'line': b'-- Up-to-date: /home/mcfb/ros2_ws/install/px4_msgs/share/px4_msgs/msg/GimbalDeviceSetAttitude.idl\n'}
[1.822228] (px4_msgs) StdoutLine: {'line': b'-- Up-to-date: /home/mcfb/ros2_ws/install/px4_msgs/share/px4_msgs/msg/GimbalManagerInformation.idl\n'}
[1.822265] (px4_msgs) StdoutLine: {'line': b'-- Up-to-date: /home/mcfb/ros2_ws/install/px4_msgs/share/px4_msgs/msg/GimbalManagerSetAttitude.idl\n'}
[1.822305] (px4_msgs) StdoutLine: {'line': b'-- Up-to-date: /home/mcfb/ros2_ws/install/px4_msgs/share/px4_msgs/msg/GimbalManagerSetManualControl.idl\n'}
[1.822343] (px4_msgs) StdoutLine: {'line': b'-- Up-to-date: /home/mcfb/ros2_ws/install/px4_msgs/share/px4_msgs/msg/GimbalManagerStatus.idl\n'}
[1.822381] (px4_msgs) StdoutLine: {'line': b'-- Up-to-date: /home/mcfb/ros2_ws/install/px4_msgs/share/px4_msgs/msg/GotoSetpoint.idl\n'}
[1.822458] (px4_msgs) StdoutLine: {'line': b'-- Up-to-date: /home/mcfb/ros2_ws/install/px4_msgs/share/px4_msgs/msg/GpioConfig.idl\n'}
[1.822493] (px4_msgs) StdoutLine: {'line': b'-- Up-to-date: /home/mcfb/ros2_ws/install/px4_msgs/share/px4_msgs/msg/GpioIn.idl\n'}
[1.822527] (px4_msgs) StdoutLine: {'line': b'-- Up-to-date: /home/mcfb/ros2_ws/install/px4_msgs/share/px4_msgs/msg/GpioOut.idl\n'}
[1.822560] (px4_msgs) StdoutLine: {'line': b'-- Up-to-date: /home/mcfb/ros2_ws/install/px4_msgs/share/px4_msgs/msg/GpioRequest.idl\n'}
[1.822597] (px4_msgs) StdoutLine: {'line': b'-- Up-to-date: /home/mcfb/ros2_ws/install/px4_msgs/share/px4_msgs/msg/GpsDump.idl\n'}
[1.822635] (px4_msgs) StdoutLine: {'line': b'-- Up-to-date: /home/mcfb/ros2_ws/install/px4_msgs/share/px4_msgs/msg/GpsInjectData.idl\n'}
[1.822672] (px4_msgs) StdoutLine: {'line': b'-- Up-to-date: /home/mcfb/ros2_ws/install/px4_msgs/share/px4_msgs/msg/Gripper.idl\n'}
[1.822717] (px4_msgs) StdoutLine: {'line': b'-- Up-to-date: /home/mcfb/ros2_ws/install/px4_msgs/share/px4_msgs/msg/HealthReport.idl\n'}
[1.822754] (px4_msgs) StdoutLine: {'line': b'-- Up-to-date: /home/mcfb/ros2_ws/install/px4_msgs/share/px4_msgs/msg/HeaterStatus.idl\n'}
[1.822790] (px4_msgs) StdoutLine: {'line': b'-- Up-to-date: /home/mcfb/ros2_ws/install/px4_msgs/share/px4_msgs/msg/HomePosition.idl\n'}
[1.822837] (px4_msgs) StdoutLine: {'line': b'-- Up-to-date: /home/mcfb/ros2_ws/install/px4_msgs/share/px4_msgs/msg/HoverThrustEstimate.idl\n'}
[1.822891] (px4_msgs) StdoutLine: {'line': b'-- Up-to-date: /home/mcfb/ros2_ws/install/px4_msgs/share/px4_msgs/msg/InputRc.idl\n'}
[1.822931] (px4_msgs) StdoutLine: {'line': b'-- Up-to-date: /home/mcfb/ros2_ws/install/px4_msgs/share/px4_msgs/msg/InternalCombustionEngineControl.idl\n'}
[1.822971] (px4_msgs) StdoutLine: {'line': b'-- Up-to-date: /home/mcfb/ros2_ws/install/px4_msgs/share/px4_msgs/msg/InternalCombustionEngineStatus.idl\n'}
[1.823008] (px4_msgs) StdoutLine: {'line': b'-- Up-to-date: /home/mcfb/ros2_ws/install/px4_msgs/share/px4_msgs/msg/IridiumsbdStatus.idl\n'}
[1.823169] (px4_msgs) StdoutLine: {'line': b'-- Up-to-date: /home/mcfb/ros2_ws/install/px4_msgs/share/px4_msgs/msg/IrlockReport.idl\n'}
[1.823216] (px4_msgs) StdoutLine: {'line': b'-- Up-to-date: /home/mcfb/ros2_ws/install/px4_msgs/share/px4_msgs/msg/LandingGear.idl\n'}
[1.823262] (px4_msgs) StdoutLine: {'line': b'-- Up-to-date: /home/mcfb/ros2_ws/install/px4_msgs/share/px4_msgs/msg/LandingGearWheel.idl\n'}
[1.823298] (px4_msgs) StdoutLine: {'line': b'-- Up-to-date: /home/mcfb/ros2_ws/install/px4_msgs/share/px4_msgs/msg/LandingTargetInnovations.idl\n'}
[1.823335] (px4_msgs) StdoutLine: {'line': b'-- Up-to-date: /home/mcfb/ros2_ws/install/px4_msgs/share/px4_msgs/msg/LandingTargetPose.idl\n'}
[1.823369] (px4_msgs) StdoutLine: {'line': b'-- Up-to-date: /home/mcfb/ros2_ws/install/px4_msgs/share/px4_msgs/msg/LateralControlConfiguration.idl\n'}
[1.823404] (px4_msgs) StdoutLine: {'line': b'-- Up-to-date: /home/mcfb/ros2_ws/install/px4_msgs/share/px4_msgs/msg/LaunchDetectionStatus.idl\n'}
[1.823438] (px4_msgs) StdoutLine: {'line': b'-- Up-to-date: /home/mcfb/ros2_ws/install/px4_msgs/share/px4_msgs/msg/LedControl.idl\n'}
[1.823480] (px4_msgs) StdoutLine: {'line': b'-- Up-to-date: /home/mcfb/ros2_ws/install/px4_msgs/share/px4_msgs/msg/LogMessage.idl\n'}
[1.823534] (px4_msgs) StdoutLine: {'line': b'-- Up-to-date: /home/mcfb/ros2_ws/install/px4_msgs/share/px4_msgs/msg/LoggerStatus.idl\n'}
[1.823570] (px4_msgs) StdoutLine: {'line': b'-- Up-to-date: /home/mcfb/ros2_ws/install/px4_msgs/share/px4_msgs/msg/LongitudinalControlConfiguration.idl\n'}
[1.823604] (px4_msgs) StdoutLine: {'line': b'-- Up-to-date: /home/mcfb/ros2_ws/install/px4_msgs/share/px4_msgs/msg/MagWorkerData.idl\n'}
[1.823638] (px4_msgs) StdoutLine: {'line': b'-- Up-to-date: /home/mcfb/ros2_ws/install/px4_msgs/share/px4_msgs/msg/MagnetometerBiasEstimate.idl\n'}
[1.823671] (px4_msgs) StdoutLine: {'line': b'-- Up-to-date: /home/mcfb/ros2_ws/install/px4_msgs/share/px4_msgs/msg/ManualControlSetpoint.idl\n'}
[1.823716] (px4_msgs) StdoutLine: {'line': b'-- Up-to-date: /home/mcfb/ros2_ws/install/px4_msgs/share/px4_msgs/msg/ManualControlSwitches.idl\n'}
[1.823755] (px4_msgs) StdoutLine: {'line': b'-- Up-to-date: /home/mcfb/ros2_ws/install/px4_msgs/share/px4_msgs/msg/MavlinkLog.idl\n'}
[1.823794] (px4_msgs) StdoutLine: {'line': b'-- Up-to-date: /home/mcfb/ros2_ws/install/px4_msgs/share/px4_msgs/msg/MavlinkTunnel.idl\n'}
[1.823833] (px4_msgs) StdoutLine: {'line': b'-- Up-to-date: /home/mcfb/ros2_ws/install/px4_msgs/share/px4_msgs/msg/MessageFormatRequest.idl\n'}
[1.823871] (px4_msgs) StdoutLine: {'line': b'-- Up-to-date: /home/mcfb/ros2_ws/install/px4_msgs/share/px4_msgs/msg/MessageFormatResponse.idl\n'}
[1.823908] (px4_msgs) StdoutLine: {'line': b'-- Up-to-date: /home/mcfb/ros2_ws/install/px4_msgs/share/px4_msgs/msg/Mission.idl\n'}
[1.823945] (px4_msgs) StdoutLine: {'line': b'-- Up-to-date: /home/mcfb/ros2_ws/install/px4_msgs/share/px4_msgs/msg/MissionResult.idl\n'}
[1.823980] (px4_msgs) StdoutLine: {'line': b'-- Up-to-date: /home/mcfb/ros2_ws/install/px4_msgs/share/px4_msgs/msg/ModeCompleted.idl\n'}
[1.824016] (px4_msgs) StdoutLine: {'line': b'-- Up-to-date: /home/mcfb/ros2_ws/install/px4_msgs/share/px4_msgs/msg/MountOrientation.idl\n'}
[1.824052] (px4_msgs) StdoutLine: {'line': b'-- Up-to-date: /home/mcfb/ros2_ws/install/px4_msgs/share/px4_msgs/msg/NavigatorMissionItem.idl\n'}
[1.824088] (px4_msgs) StdoutLine: {'line': b'-- Up-to-date: /home/mcfb/ros2_ws/install/px4_msgs/share/px4_msgs/msg/NavigatorStatus.idl\n'}
[1.824125] (px4_msgs) StdoutLine: {'line': b'-- Up-to-date: /home/mcfb/ros2_ws/install/px4_msgs/share/px4_msgs/msg/NeuralControl.idl\n'}
[1.824181] (px4_msgs) StdoutLine: {'line': b'-- Up-to-date: /home/mcfb/ros2_ws/install/px4_msgs/share/px4_msgs/msg/NormalizedUnsignedSetpoint.idl\n'}
[1.824217] (px4_msgs) StdoutLine: {'line': b'-- Up-to-date: /home/mcfb/ros2_ws/install/px4_msgs/share/px4_msgs/msg/ObstacleDistance.idl\n'}
[1.824256] (px4_msgs) StdoutLine: {'line': b'-- Up-to-date: /home/mcfb/ros2_ws/install/px4_msgs/share/px4_msgs/msg/OffboardControlMode.idl\n'}
[1.824295] (px4_msgs) StdoutLine: {'line': b'-- Up-to-date: /home/mcfb/ros2_ws/install/px4_msgs/share/px4_msgs/msg/OnboardComputerStatus.idl\n'}
[1.824366] (px4_msgs) StdoutLine: {'line': b'-- Up-to-date: /home/mcfb/ros2_ws/install/px4_msgs/share/px4_msgs/msg/OpenDroneIdArmStatus.idl\n'}
[1.824400] (px4_msgs) StdoutLine: {'line': b'-- Up-to-date: /home/mcfb/ros2_ws/install/px4_msgs/share/px4_msgs/msg/OpenDroneIdOperatorId.idl\n'}
[1.824432] (px4_msgs) StdoutLine: {'line': b'-- Up-to-date: /home/mcfb/ros2_ws/install/px4_msgs/share/px4_msgs/msg/OpenDroneIdSelfId.idl\n'}
[1.824465] (px4_msgs) StdoutLine: {'line': b'-- Up-to-date: /home/mcfb/ros2_ws/install/px4_msgs/share/px4_msgs/msg/OpenDroneIdSystem.idl\n'}
[1.824497] (px4_msgs) StdoutLine: {'line': b'-- Up-to-date: /home/mcfb/ros2_ws/install/px4_msgs/share/px4_msgs/msg/OrbTest.idl\n'}
[1.824529] (px4_msgs) StdoutLine: {'line': b'-- Up-to-date: /home/mcfb/ros2_ws/install/px4_msgs/share/px4_msgs/msg/OrbTestLarge.idl\n'}
[1.824562] (px4_msgs) StdoutLine: {'line': b'-- Up-to-date: /home/mcfb/ros2_ws/install/px4_msgs/share/px4_msgs/msg/OrbTestMedium.idl\n'}
[1.824598] (px4_msgs) StdoutLine: {'line': b'-- Up-to-date: /home/mcfb/ros2_ws/install/px4_msgs/share/px4_msgs/msg/OrbitStatus.idl\n'}
[1.824635] (px4_msgs) StdoutLine: {'line': b'-- Up-to-date: /home/mcfb/ros2_ws/install/px4_msgs/share/px4_msgs/msg/ParameterResetRequest.idl\n'}
[1.824671] (px4_msgs) StdoutLine: {'line': b'-- Up-to-date: /home/mcfb/ros2_ws/install/px4_msgs/share/px4_msgs/msg/ParameterSetUsedRequest.idl\n'}
[1.824715] (px4_msgs) StdoutLine: {'line': b'-- Up-to-date: /home/mcfb/ros2_ws/install/px4_msgs/share/px4_msgs/msg/ParameterSetValueRequest.idl\n'}
[1.824753] (px4_msgs) StdoutLine: {'line': b'-- Up-to-date: /home/mcfb/ros2_ws/install/px4_msgs/share/px4_msgs/msg/ParameterSetValueResponse.idl\n'}
[1.824788] (px4_msgs) StdoutLine: {'line': b'-- Up-to-date: /home/mcfb/ros2_ws/install/px4_msgs/share/px4_msgs/msg/ParameterUpdate.idl\n'}
[1.824824] (px4_msgs) StdoutLine: {'line': b'-- Up-to-date: /home/mcfb/ros2_ws/install/px4_msgs/share/px4_msgs/msg/Ping.idl\n'}
[1.824862] (px4_msgs) StdoutLine: {'line': b'-- Up-to-date: /home/mcfb/ros2_ws/install/px4_msgs/share/px4_msgs/msg/PositionControllerLandingStatus.idl\n'}
[1.824898] (px4_msgs) StdoutLine: {'line': b'-- Up-to-date: /home/mcfb/ros2_ws/install/px4_msgs/share/px4_msgs/msg/PositionControllerStatus.idl\n'}
[1.824936] (px4_msgs) StdoutLine: {'line': b'-- Up-to-date: /home/mcfb/ros2_ws/install/px4_msgs/share/px4_msgs/msg/PositionSetpoint.idl\n'}
[1.824972] (px4_msgs) StdoutLine: {'line': b'-- Up-to-date: /home/mcfb/ros2_ws/install/px4_msgs/share/px4_msgs/msg/PositionSetpointTriplet.idl\n'}
[1.825008] (px4_msgs) StdoutLine: {'line': b'-- Up-to-date: /home/mcfb/ros2_ws/install/px4_msgs/share/px4_msgs/msg/PowerButtonState.idl\n'}
[1.825044] (px4_msgs) StdoutLine: {'line': b'-- Up-to-date: /home/mcfb/ros2_ws/install/px4_msgs/share/px4_msgs/msg/PowerMonitor.idl\n'}
[1.825079] (px4_msgs) StdoutLine: {'line': b'-- Up-to-date: /home/mcfb/ros2_ws/install/px4_msgs/share/px4_msgs/msg/PpsCapture.idl\n'}
[1.825115] (px4_msgs) StdoutLine: {'line': b'-- Up-to-date: /home/mcfb/ros2_ws/install/px4_msgs/share/px4_msgs/msg/PurePursuitStatus.idl\n'}
[1.825179] (px4_msgs) StdoutLine: {'line': b'-- Up-to-date: /home/mcfb/ros2_ws/install/px4_msgs/share/px4_msgs/msg/PwmInput.idl\n'}
[1.825212] (px4_msgs) StdoutLine: {'line': b'-- Up-to-date: /home/mcfb/ros2_ws/install/px4_msgs/share/px4_msgs/msg/Px4ioStatus.idl\n'}
[1.825245] (px4_msgs) StdoutLine: {'line': b'-- Up-to-date: /home/mcfb/ros2_ws/install/px4_msgs/share/px4_msgs/msg/QshellReq.idl\n'}
[1.825277] (px4_msgs) StdoutLine: {'line': b'-- Up-to-date: /home/mcfb/ros2_ws/install/px4_msgs/share/px4_msgs/msg/QshellRetval.idl\n'}
[1.825328] (px4_msgs) StdoutLine: {'line': b'-- Up-to-date: /home/mcfb/ros2_ws/install/px4_msgs/share/px4_msgs/msg/RadioStatus.idl\n'}
[1.825361] (px4_msgs) StdoutLine: {'line': b'-- Up-to-date: /home/mcfb/ros2_ws/install/px4_msgs/share/px4_msgs/msg/RateCtrlStatus.idl\n'}
[1.825396] (px4_msgs) StdoutLine: {'line': b'-- Up-to-date: /home/mcfb/ros2_ws/install/px4_msgs/share/px4_msgs/msg/RcChannels.idl\n'}
[1.825432] (px4_msgs) StdoutLine: {'line': b'-- Up-to-date: /home/mcfb/ros2_ws/install/px4_msgs/share/px4_msgs/msg/RcParameterMap.idl\n'}
[1.825465] (px4_msgs) StdoutLine: {'line': b'-- Up-to-date: /home/mcfb/ros2_ws/install/px4_msgs/share/px4_msgs/msg/RegisterExtComponentReply.idl\n'}
[1.825499] (px4_msgs) StdoutLine: {'line': b'-- Up-to-date: /home/mcfb/ros2_ws/install/px4_msgs/share/px4_msgs/msg/RegisterExtComponentRequest.idl\n'}
[1.825532] (px4_msgs) StdoutLine: {'line': b'-- Up-to-date: /home/mcfb/ros2_ws/install/px4_msgs/share/px4_msgs/msg/RoverAttitudeSetpoint.idl\n'}
[1.825565] (px4_msgs) StdoutLine: {'line': b'-- Up-to-date: /home/mcfb/ros2_ws/install/px4_msgs/share/px4_msgs/msg/RoverAttitudeStatus.idl\n'}
[1.825599] (px4_msgs) StdoutLine: {'line': b'-- Up-to-date: /home/mcfb/ros2_ws/install/px4_msgs/share/px4_msgs/msg/RoverPositionSetpoint.idl\n'}
[1.825631] (px4_msgs) StdoutLine: {'line': b'-- Up-to-date: /home/mcfb/ros2_ws/install/px4_msgs/share/px4_msgs/msg/RoverRateSetpoint.idl\n'}
[1.825667] (px4_msgs) StdoutLine: {'line': b'-- Up-to-date: /home/mcfb/ros2_ws/install/px4_msgs/share/px4_msgs/msg/RoverRateStatus.idl\n'}
[1.825727] (px4_msgs) StdoutLine: {'line': b'-- Up-to-date: /home/mcfb/ros2_ws/install/px4_msgs/share/px4_msgs/msg/RoverSpeedSetpoint.idl\n'}
[1.825760] (px4_msgs) StdoutLine: {'line': b'-- Up-to-date: /home/mcfb/ros2_ws/install/px4_msgs/share/px4_msgs/msg/RoverSpeedStatus.idl\n'}
[1.825794] (px4_msgs) StdoutLine: {'line': b'-- Up-to-date: /home/mcfb/ros2_ws/install/px4_msgs/share/px4_msgs/msg/RoverSteeringSetpoint.idl\n'}
[1.825827] (px4_msgs) StdoutLine: {'line': b'-- Up-to-date: /home/mcfb/ros2_ws/install/px4_msgs/share/px4_msgs/msg/RoverThrottleSetpoint.idl\n'}
[1.825860] (px4_msgs) StdoutLine: {'line': b'-- Up-to-date: /home/mcfb/ros2_ws/install/px4_msgs/share/px4_msgs/msg/Rpm.idl\n'}
[1.825896] (px4_msgs) StdoutLine: {'line': b'-- Up-to-date: /home/mcfb/ros2_ws/install/px4_msgs/share/px4_msgs/msg/RtlStatus.idl\n'}
[1.825932] (px4_msgs) StdoutLine: {'line': b'-- Up-to-date: /home/mcfb/ros2_ws/install/px4_msgs/share/px4_msgs/msg/RtlTimeEstimate.idl\n'}
[1.825968] (px4_msgs) StdoutLine: {'line': b'-- Up-to-date: /home/mcfb/ros2_ws/install/px4_msgs/share/px4_msgs/msg/SatelliteInfo.idl\n'}
[1.826005] (px4_msgs) StdoutLine: {'line': b'-- Up-to-date: /home/mcfb/ros2_ws/install/px4_msgs/share/px4_msgs/msg/SensorAccel.idl\n'}
[1.826041] (px4_msgs) StdoutLine: {'line': b'-- Up-to-date: /home/mcfb/ros2_ws/install/px4_msgs/share/px4_msgs/msg/SensorAccelFifo.idl\n'}
[1.826077] (px4_msgs) StdoutLine: {'line': b'-- Up-to-date: /home/mcfb/ros2_ws/install/px4_msgs/share/px4_msgs/msg/SensorAirflow.idl\n'}
[1.826114] (px4_msgs) StdoutLine: {'line': b'-- Up-to-date: /home/mcfb/ros2_ws/install/px4_msgs/share/px4_msgs/msg/SensorBaro.idl\n'}
[1.826151] (px4_msgs) StdoutLine: {'line': b'-- Up-to-date: /home/mcfb/ros2_ws/install/px4_msgs/share/px4_msgs/msg/SensorCombined.idl\n'}
[1.826187] (px4_msgs) StdoutLine: {'line': b'-- Up-to-date: /home/mcfb/ros2_ws/install/px4_msgs/share/px4_msgs/msg/SensorCorrection.idl\n'}
[1.826223] (px4_msgs) StdoutLine: {'line': b'-- Up-to-date: /home/mcfb/ros2_ws/install/px4_msgs/share/px4_msgs/msg/SensorGnssRelative.idl\n'}
[1.826260] (px4_msgs) StdoutLine: {'line': b'-- Up-to-date: /home/mcfb/ros2_ws/install/px4_msgs/share/px4_msgs/msg/SensorGnssStatus.idl\n'}
[1.826296] (px4_msgs) StdoutLine: {'line': b'-- Up-to-date: /home/mcfb/ros2_ws/install/px4_msgs/share/px4_msgs/msg/SensorGps.idl\n'}
[1.826331] (px4_msgs) StdoutLine: {'line': b'-- Up-to-date: /home/mcfb/ros2_ws/install/px4_msgs/share/px4_msgs/msg/SensorGyro.idl\n'}
[1.826402] (px4_msgs) StdoutLine: {'line': b'-- Up-to-date: /home/mcfb/ros2_ws/install/px4_msgs/share/px4_msgs/msg/SensorGyroFft.idl\n'}
[1.826440] (px4_msgs) StdoutLine: {'line': b'-- Up-to-date: /home/mcfb/ros2_ws/install/px4_msgs/share/px4_msgs/msg/SensorGyroFifo.idl\n'}
[1.826479] (px4_msgs) StdoutLine: {'line': b'-- Up-to-date: /home/mcfb/ros2_ws/install/px4_msgs/share/px4_msgs/msg/SensorHygrometer.idl\n'}
[1.826535] (px4_msgs) StdoutLine: {'line': b'-- Up-to-date: /home/mcfb/ros2_ws/install/px4_msgs/share/px4_msgs/msg/SensorMag.idl\n'}
[1.826612] (px4_msgs) StdoutLine: {'line': b'-- Up-to-date: /home/mcfb/ros2_ws/install/px4_msgs/share/px4_msgs/msg/SensorOpticalFlow.idl\n'}
[1.826649] (px4_msgs) StdoutLine: {'line': b'-- Up-to-date: /home/mcfb/ros2_ws/install/px4_msgs/share/px4_msgs/msg/SensorPreflightMag.idl\n'}
[1.826690] (px4_msgs) StdoutLine: {'line': b'-- Up-to-date: /home/mcfb/ros2_ws/install/px4_msgs/share/px4_msgs/msg/SensorSelection.idl\n'}
[1.826743] (px4_msgs) StdoutLine: {'line': b'-- Up-to-date: /home/mcfb/ros2_ws/install/px4_msgs/share/px4_msgs/msg/SensorUwb.idl\n'}
[1.826841] (px4_msgs) StdoutLine: {'line': b'-- Up-to-date: /home/mcfb/ros2_ws/install/px4_msgs/share/px4_msgs/msg/SensorsStatus.idl\n'}
[1.826877] (px4_msgs) StdoutLine: {'line': b'-- Up-to-date: /home/mcfb/ros2_ws/install/px4_msgs/share/px4_msgs/msg/SensorsStatusImu.idl\n'}
[1.826912] (px4_msgs) StdoutLine: {'line': b'-- Up-to-date: /home/mcfb/ros2_ws/install/px4_msgs/share/px4_msgs/msg/SystemPower.idl\n'}
[1.826946] (px4_msgs) StdoutLine: {'line': b'-- Up-to-date: /home/mcfb/ros2_ws/install/px4_msgs/share/px4_msgs/msg/TakeoffStatus.idl\n'}
[1.827013] (px4_msgs) StdoutLine: {'line': b'-- Up-to-date: /home/mcfb/ros2_ws/install/px4_msgs/share/px4_msgs/msg/TaskStackInfo.idl\n'}
[1.827063] (px4_msgs) StdoutLine: {'line': b'-- Up-to-date: /home/mcfb/ros2_ws/install/px4_msgs/share/px4_msgs/msg/TecsStatus.idl\n'}
[1.827112] (px4_msgs) StdoutLine: {'line': b'-- Up-to-date: /home/mcfb/ros2_ws/install/px4_msgs/share/px4_msgs/msg/TelemetryStatus.idl\n'}
[1.827169] (px4_msgs) StdoutLine: {'line': b'-- Up-to-date: /home/mcfb/ros2_ws/install/px4_msgs/share/px4_msgs/msg/TiltrotorExtraControls.idl\n'}
[1.827279] (px4_msgs) StdoutLine: {'line': b'-- Up-to-date: /home/mcfb/ros2_ws/install/px4_msgs/share/px4_msgs/msg/TimesyncStatus.idl\n'}
[1.827340] (px4_msgs) StdoutLine: {'line': b'-- Up-to-date: /home/mcfb/ros2_ws/install/px4_msgs/share/px4_msgs/msg/TrajectorySetpoint.idl\n'}
[1.827393] (px4_msgs) StdoutLine: {'line': b'-- Up-to-date: /home/mcfb/ros2_ws/install/px4_msgs/share/px4_msgs/msg/TrajectorySetpoint6dof.idl\n'}
[1.827450] (px4_msgs) StdoutLine: {'line': b'-- Up-to-date: /home/mcfb/ros2_ws/install/px4_msgs/share/px4_msgs/msg/TransponderReport.idl\n'}
[1.827501] (px4_msgs) StdoutLine: {'line': b'-- Up-to-date: /home/mcfb/ros2_ws/install/px4_msgs/share/px4_msgs/msg/TuneControl.idl\n'}
[1.827555] (px4_msgs) StdoutLine: {'line': b'-- Up-to-date: /home/mcfb/ros2_ws/install/px4_msgs/share/px4_msgs/msg/UavcanParameterRequest.idl\n'}
[1.827612] (px4_msgs) StdoutLine: {'line': b'-- Up-to-date: /home/mcfb/ros2_ws/install/px4_msgs/share/px4_msgs/msg/UavcanParameterValue.idl\n'}
[1.827672] (px4_msgs) StdoutLine: {'line': b'-- Up-to-date: /home/mcfb/ros2_ws/install/px4_msgs/share/px4_msgs/msg/UlogStream.idl\n'}
[1.827722] (px4_msgs) StdoutLine: {'line': b'-- Up-to-date: /home/mcfb/ros2_ws/install/px4_msgs/share/px4_msgs/msg/UlogStreamAck.idl\n'}
[1.827784] (px4_msgs) StdoutLine: {'line': b'-- Up-to-date: /home/mcfb/ros2_ws/install/px4_msgs/share/px4_msgs/msg/UnregisterExtComponent.idl\n'}
[1.827834] (px4_msgs) StdoutLine: {'line': b'-- Up-to-date: /home/mcfb/ros2_ws/install/px4_msgs/share/px4_msgs/msg/VehicleAcceleration.idl\n'}
[1.827882] (px4_msgs) StdoutLine: {'line': b'-- Up-to-date: /home/mcfb/ros2_ws/install/px4_msgs/share/px4_msgs/msg/VehicleAirData.idl\n'}
[1.827931] (px4_msgs) StdoutLine: {'line': b'-- Up-to-date: /home/mcfb/ros2_ws/install/px4_msgs/share/px4_msgs/msg/VehicleAngularAccelerationSetpoint.idl\n'}
[1.827979] (px4_msgs) StdoutLine: {'line': b'-- Up-to-date: /home/mcfb/ros2_ws/install/px4_msgs/share/px4_msgs/msg/VehicleAngularVelocity.idl\n'}
[1.828036] (px4_msgs) StdoutLine: {'line': b'-- Up-to-date: /home/mcfb/ros2_ws/install/px4_msgs/share/px4_msgs/msg/VehicleAttitude.idl\n'}
[1.828088] (px4_msgs) StdoutLine: {'line': b'-- Up-to-date: /home/mcfb/ros2_ws/install/px4_msgs/share/px4_msgs/msg/VehicleAttitudeSetpoint.idl\n'}
[1.828161] (px4_msgs) StdoutLine: {'line': b'-- Up-to-date: /home/mcfb/ros2_ws/install/px4_msgs/share/px4_msgs/msg/VehicleCommand.idl\n'}
[1.828195] (px4_msgs) StdoutLine: {'line': b'-- Up-to-date: /home/mcfb/ros2_ws/install/px4_msgs/share/px4_msgs/msg/VehicleCommandAck.idl\n'}
[1.828244] (px4_msgs) StdoutLine: {'line': b'-- Up-to-date: /home/mcfb/ros2_ws/install/px4_msgs/share/px4_msgs/msg/VehicleConstraints.idl\n'}
[1.828429] (px4_msgs) StdoutLine: {'line': b'-- Up-to-date: /home/mcfb/ros2_ws/install/px4_msgs/share/px4_msgs/msg/VehicleControlMode.idl\n'}
[1.828526] (px4_msgs) StdoutLine: {'line': b'-- Up-to-date: /home/mcfb/ros2_ws/install/px4_msgs/share/px4_msgs/msg/VehicleGlobalPosition.idl\n'}
[1.828716] (px4_msgs) StdoutLine: {'line': b'-- Up-to-date: /home/mcfb/ros2_ws/install/px4_msgs/share/px4_msgs/msg/VehicleImu.idl\n'}
[1.828836] (px4_msgs) StdoutLine: {'line': b'-- Up-to-date: /home/mcfb/ros2_ws/install/px4_msgs/share/px4_msgs/msg/VehicleImuStatus.idl\n'}
[1.828897] (px4_msgs) StdoutLine: {'line': b'-- Up-to-date: /home/mcfb/ros2_ws/install/px4_msgs/share/px4_msgs/msg/VehicleLandDetected.idl\n'}
[1.828944] (px4_msgs) StdoutLine: {'line': b'-- Up-to-date: /home/mcfb/ros2_ws/install/px4_msgs/share/px4_msgs/msg/VehicleLocalPosition.idl\n'}
[1.828992] (px4_msgs) StdoutLine: {'line': b'-- Up-to-date: /home/mcfb/ros2_ws/install/px4_msgs/share/px4_msgs/msg/VehicleLocalPositionSetpoint.idl\n'}
[1.829050] (px4_msgs) StdoutLine: {'line': b'-- Up-to-date: /home/mcfb/ros2_ws/install/px4_msgs/share/px4_msgs/msg/VehicleMagnetometer.idl\n'}
[1.829148] (px4_msgs) StdoutLine: {'line': b'-- Up-to-date: /home/mcfb/ros2_ws/install/px4_msgs/share/px4_msgs/msg/VehicleOdometry.idl\n'}
[1.829205] (px4_msgs) StdoutLine: {'line': b'-- Up-to-date: /home/mcfb/ros2_ws/install/px4_msgs/share/px4_msgs/msg/VehicleOpticalFlow.idl\n'}
[1.829248] (px4_msgs) StdoutLine: {'line': b'-- Up-to-date: /home/mcfb/ros2_ws/install/px4_msgs/share/px4_msgs/msg/VehicleOpticalFlowVel.idl\n'}
[1.829289] (px4_msgs) StdoutLine: {'line': b'-- Up-to-date: /home/mcfb/ros2_ws/install/px4_msgs/share/px4_msgs/msg/VehicleRatesSetpoint.idl\n'}
[1.829330] (px4_msgs) StdoutLine: {'line': b'-- Up-to-date: /home/mcfb/ros2_ws/install/px4_msgs/share/px4_msgs/msg/VehicleRoi.idl\n'}
[1.829373] (px4_msgs) StdoutLine: {'line': b'-- Up-to-date: /home/mcfb/ros2_ws/install/px4_msgs/share/px4_msgs/msg/VehicleStatus.idl\n'}
[1.829412] (px4_msgs) StdoutLine: {'line': b'-- Up-to-date: /home/mcfb/ros2_ws/install/px4_msgs/share/px4_msgs/msg/VehicleThrustSetpoint.idl\n'}
[1.829451] (px4_msgs) StdoutLine: {'line': b'-- Up-to-date: /home/mcfb/ros2_ws/install/px4_msgs/share/px4_msgs/msg/VehicleTorqueSetpoint.idl\n'}
[1.829494] (px4_msgs) StdoutLine: {'line': b'-- Up-to-date: /home/mcfb/ros2_ws/install/px4_msgs/share/px4_msgs/msg/VelocityLimits.idl\n'}
[1.829584] (px4_msgs) StdoutLine: {'line': b'-- Up-to-date: /home/mcfb/ros2_ws/install/px4_msgs/share/px4_msgs/msg/VtolVehicleStatus.idl\n'}
[1.829644] (px4_msgs) StdoutLine: {'line': b'-- Up-to-date: /home/mcfb/ros2_ws/install/px4_msgs/share/px4_msgs/msg/WheelEncoders.idl\n'}
[1.829705] (px4_msgs) StdoutLine: {'line': b'-- Up-to-date: /home/mcfb/ros2_ws/install/px4_msgs/share/px4_msgs/msg/Wind.idl\n'}
[1.829743] (px4_msgs) StdoutLine: {'line': b'-- Up-to-date: /home/mcfb/ros2_ws/install/px4_msgs/share/px4_msgs/msg/YawEstimatorStatus.idl\n'}
[1.829779] (px4_msgs) StdoutLine: {'line': b'-- Up-to-date: /home/mcfb/ros2_ws/install/px4_msgs/share/px4_msgs/srv/VehicleCommand.idl\n'}
[1.829817] (px4_msgs) StdoutLine: {'line': b'-- Up-to-date: /home/mcfb/ros2_ws/install/px4_msgs/share/px4_msgs/msg/ActionRequest.msg\n'}
[1.829878] (px4_msgs) StdoutLine: {'line': b'-- Up-to-date: /home/mcfb/ros2_ws/install/px4_msgs/share/px4_msgs/msg/ActuatorArmed.msg\n'}
[1.829917] (px4_msgs) StdoutLine: {'line': b'-- Up-to-date: /home/mcfb/ros2_ws/install/px4_msgs/share/px4_msgs/msg/ActuatorControlsStatus.msg\n'}
[1.829964] (px4_msgs) StdoutLine: {'line': b'-- Up-to-date: /home/mcfb/ros2_ws/install/px4_msgs/share/px4_msgs/msg/ActuatorMotors.msg\n'}
[1.830035] (px4_msgs) StdoutLine: {'line': b'-- Up-to-date: /home/mcfb/ros2_ws/install/px4_msgs/share/px4_msgs/msg/ActuatorOutputs.msg\n'}
[1.830070] (px4_msgs) StdoutLine: {'line': b'-- Up-to-date: /home/mcfb/ros2_ws/install/px4_msgs/share/px4_msgs/msg/ActuatorServos.msg\n'}
[1.830105] (px4_msgs) StdoutLine: {'line': b'-- Up-to-date: /home/mcfb/ros2_ws/install/px4_msgs/share/px4_msgs/msg/ActuatorServosTrim.msg\n'}
[1.830146] (px4_msgs) StdoutLine: {'line': b'-- Up-to-date: /home/mcfb/ros2_ws/install/px4_msgs/share/px4_msgs/msg/ActuatorTest.msg\n'}
[1.830197] (px4_msgs) StdoutLine: {'line': b'-- Up-to-date: /home/mcfb/ros2_ws/install/px4_msgs/share/px4_msgs/msg/AdcReport.msg\n'}
[1.830247] (px4_msgs) StdoutLine: {'line': b'-- Up-to-date: /home/mcfb/ros2_ws/install/px4_msgs/share/px4_msgs/msg/Airspeed.msg\n'}
[1.830291] (px4_msgs) StdoutLine: {'line': b'-- Up-to-date: /home/mcfb/ros2_ws/install/px4_msgs/share/px4_msgs/msg/AirspeedValidated.msg\n'}
[1.830343] (px4_msgs) StdoutLine: {'line': b'-- Up-to-date: /home/mcfb/ros2_ws/install/px4_msgs/share/px4_msgs/msg/AirspeedWind.msg\n'}
[1.830382] (px4_msgs) StdoutLine: {'line': b'-- Up-to-date: /home/mcfb/ros2_ws/install/px4_msgs/share/px4_msgs/msg/ArmingCheckReply.msg\n'}
[1.830443] (px4_msgs) StdoutLine: {'line': b'-- Up-to-date: /home/mcfb/ros2_ws/install/px4_msgs/share/px4_msgs/msg/ArmingCheckRequest.msg\n'}
[1.830503] (px4_msgs) StdoutLine: {'line': b'-- Up-to-date: /home/mcfb/ros2_ws/install/px4_msgs/share/px4_msgs/msg/AutotuneAttitudeControlStatus.msg\n'}
[1.830567] (px4_msgs) StdoutLine: {'line': b'-- Up-to-date: /home/mcfb/ros2_ws/install/px4_msgs/share/px4_msgs/msg/BatteryInfo.msg\n'}
[1.830632] (px4_msgs) StdoutLine: {'line': b'-- Up-to-date: /home/mcfb/ros2_ws/install/px4_msgs/share/px4_msgs/msg/BatteryStatus.msg\n'}
[1.830704] (px4_msgs) StdoutLine: {'line': b'-- Up-to-date: /home/mcfb/ros2_ws/install/px4_msgs/share/px4_msgs/msg/ButtonEvent.msg\n'}
[1.830763] (px4_msgs) StdoutLine: {'line': b'-- Up-to-date: /home/mcfb/ros2_ws/install/px4_msgs/share/px4_msgs/msg/CameraCapture.msg\n'}
[1.830817] (px4_msgs) StdoutLine: {'line': b'-- Up-to-date: /home/mcfb/ros2_ws/install/px4_msgs/share/px4_msgs/msg/CameraStatus.msg\n'}
[1.830880] (px4_msgs) StdoutLine: {'line': b'-- Up-to-date: /home/mcfb/ros2_ws/install/px4_msgs/share/px4_msgs/msg/CameraTrigger.msg\n'}
[1.830931] (px4_msgs) StdoutLine: {'line': b'-- Up-to-date: /home/mcfb/ros2_ws/install/px4_msgs/share/px4_msgs/msg/CanInterfaceStatus.msg\n'}
[1.830970] (px4_msgs) StdoutLine: {'line': b'-- Up-to-date: /home/mcfb/ros2_ws/install/px4_msgs/share/px4_msgs/msg/CellularStatus.msg\n'}
[1.831010] (px4_msgs) StdoutLine: {'line': b'-- Up-to-date: /home/mcfb/ros2_ws/install/px4_msgs/share/px4_msgs/msg/CollisionConstraints.msg\n'}
[1.831096] (px4_msgs) StdoutLine: {'line': b'-- Up-to-date: /home/mcfb/ros2_ws/install/px4_msgs/share/px4_msgs/msg/ConfigOverrides.msg\n'}
[1.831148] (px4_msgs) StdoutLine: {'line': b'-- Up-to-date: /home/mcfb/ros2_ws/install/px4_msgs/share/px4_msgs/msg/ControlAllocatorStatus.msg\n'}
[1.831195] (px4_msgs) StdoutLine: {'line': b'-- Up-to-date: /home/mcfb/ros2_ws/install/px4_msgs/share/px4_msgs/msg/Cpuload.msg\n'}
[1.831233] (px4_msgs) StdoutLine: {'line': b'-- Up-to-date: /home/mcfb/ros2_ws/install/px4_msgs/share/px4_msgs/msg/DatamanRequest.msg\n'}
[1.831266] (px4_msgs) StdoutLine: {'line': b'-- Up-to-date: /home/mcfb/ros2_ws/install/px4_msgs/share/px4_msgs/msg/DatamanResponse.msg\n'}
[1.831299] (px4_msgs) StdoutLine: {'line': b'-- Up-to-date: /home/mcfb/ros2_ws/install/px4_msgs/share/px4_msgs/msg/DebugArray.msg\n'}
[1.831332] (px4_msgs) StdoutLine: {'line': b'-- Up-to-date: /home/mcfb/ros2_ws/install/px4_msgs/share/px4_msgs/msg/DebugKeyValue.msg\n'}
[1.831383] (px4_msgs) StdoutLine: {'line': b'-- Up-to-date: /home/mcfb/ros2_ws/install/px4_msgs/share/px4_msgs/msg/DebugValue.msg\n'}
[1.831417] (px4_msgs) StdoutLine: {'line': b'-- Up-to-date: /home/mcfb/ros2_ws/install/px4_msgs/share/px4_msgs/msg/DebugVect.msg\n'}
[1.831450] (px4_msgs) StdoutLine: {'line': b'-- Up-to-date: /home/mcfb/ros2_ws/install/px4_msgs/share/px4_msgs/msg/DifferentialPressure.msg\n'}
[1.831490] (px4_msgs) StdoutLine: {'line': b'-- Up-to-date: /home/mcfb/ros2_ws/install/px4_msgs/share/px4_msgs/msg/DistanceSensor.msg\n'}
[1.831523] (px4_msgs) StdoutLine: {'line': b'-- Up-to-date: /home/mcfb/ros2_ws/install/px4_msgs/share/px4_msgs/msg/DistanceSensorModeChangeRequest.msg\n'}
[1.831555] (px4_msgs) StdoutLine: {'line': b'-- Up-to-date: /home/mcfb/ros2_ws/install/px4_msgs/share/px4_msgs/msg/DronecanNodeStatus.msg\n'}
[1.831588] (px4_msgs) StdoutLine: {'line': b'-- Up-to-date: /home/mcfb/ros2_ws/install/px4_msgs/share/px4_msgs/msg/Ekf2Timestamps.msg\n'}
[1.831620] (px4_msgs) StdoutLine: {'line': b'-- Up-to-date: /home/mcfb/ros2_ws/install/px4_msgs/share/px4_msgs/msg/EscReport.msg\n'}
[1.831653] (px4_msgs) StdoutLine: {'line': b'-- Up-to-date: /home/mcfb/ros2_ws/install/px4_msgs/share/px4_msgs/msg/EscStatus.msg\n'}
[1.831695] (px4_msgs) StdoutLine: {'line': b'-- Up-to-date: /home/mcfb/ros2_ws/install/px4_msgs/share/px4_msgs/msg/EstimatorAidSource1d.msg\n'}
[1.831734] (px4_msgs) StdoutLine: {'line': b'-- Up-to-date: /home/mcfb/ros2_ws/install/px4_msgs/share/px4_msgs/msg/EstimatorAidSource2d.msg\n'}
[1.831782] (px4_msgs) StdoutLine: {'line': b'-- Up-to-date: /home/mcfb/ros2_ws/install/px4_msgs/share/px4_msgs/msg/EstimatorAidSource3d.msg\n'}
[1.831817] (px4_msgs) StdoutLine: {'line': b'-- Up-to-date: /home/mcfb/ros2_ws/install/px4_msgs/share/px4_msgs/msg/EstimatorBias.msg\n'}
[1.831850] (px4_msgs) StdoutLine: {'line': b'-- Up-to-date: /home/mcfb/ros2_ws/install/px4_msgs/share/px4_msgs/msg/EstimatorBias3d.msg\n'}
[1.831883] (px4_msgs) StdoutLine: {'line': b'-- Up-to-date: /home/mcfb/ros2_ws/install/px4_msgs/share/px4_msgs/msg/EstimatorEventFlags.msg\n'}
[1.831921] (px4_msgs) StdoutLine: {'line': b'-- Up-to-date: /home/mcfb/ros2_ws/install/px4_msgs/share/px4_msgs/msg/EstimatorGpsStatus.msg\n'}
[1.831959] (px4_msgs) StdoutLine: {'line': b'-- Up-to-date: /home/mcfb/ros2_ws/install/px4_msgs/share/px4_msgs/msg/EstimatorInnovations.msg\n'}
[1.832006] (px4_msgs) StdoutLine: {'line': b'-- Up-to-date: /home/mcfb/ros2_ws/install/px4_msgs/share/px4_msgs/msg/EstimatorSelectorStatus.msg\n'}
[1.832040] (px4_msgs) StdoutLine: {'line': b'-- Up-to-date: /home/mcfb/ros2_ws/install/px4_msgs/share/px4_msgs/msg/EstimatorSensorBias.msg\n'}
[1.832073] (px4_msgs) StdoutLine: {'line': b'-- Up-to-date: /home/mcfb/ros2_ws/install/px4_msgs/share/px4_msgs/msg/EstimatorStates.msg\n'}
[1.832107] (px4_msgs) StdoutLine: {'line': b'-- Up-to-date: /home/mcfb/ros2_ws/install/px4_msgs/share/px4_msgs/msg/EstimatorStatus.msg\n'}
[1.832140] (px4_msgs) StdoutLine: {'line': b'-- Up-to-date: /home/mcfb/ros2_ws/install/px4_msgs/share/px4_msgs/msg/EstimatorStatusFlags.msg\n'}
[1.832178] (px4_msgs) StdoutLine: {'line': b'-- Up-to-date: /home/mcfb/ros2_ws/install/px4_msgs/share/px4_msgs/msg/Event.msg\n'}
[1.832213] (px4_msgs) StdoutLine: {'line': b'-- Up-to-date: /home/mcfb/ros2_ws/install/px4_msgs/share/px4_msgs/msg/FailsafeFlags.msg\n'}
[1.832249] (px4_msgs) StdoutLine: {'line': b'-- Up-to-date: /home/mcfb/ros2_ws/install/px4_msgs/share/px4_msgs/msg/FailureDetectorStatus.msg\n'}
[1.832285] (px4_msgs) StdoutLine: {'line': b'-- Up-to-date: /home/mcfb/ros2_ws/install/px4_msgs/share/px4_msgs/msg/FigureEightStatus.msg\n'}
[1.832321] (px4_msgs) StdoutLine: {'line': b'-- Up-to-date: /home/mcfb/ros2_ws/install/px4_msgs/share/px4_msgs/msg/FixedWingLateralGuidanceStatus.msg\n'}
[1.832365] (px4_msgs) StdoutLine: {'line': b'-- Up-to-date: /home/mcfb/ros2_ws/install/px4_msgs/share/px4_msgs/msg/FixedWingLateralSetpoint.msg\n'}
[1.832399] (px4_msgs) StdoutLine: {'line': b'-- Up-to-date: /home/mcfb/ros2_ws/install/px4_msgs/share/px4_msgs/msg/FixedWingLateralStatus.msg\n'}
[1.832438] (px4_msgs) StdoutLine: {'line': b'-- Up-to-date: /home/mcfb/ros2_ws/install/px4_msgs/share/px4_msgs/msg/FixedWingLongitudinalSetpoint.msg\n'}
[1.832475] (px4_msgs) StdoutLine: {'line': b'-- Up-to-date: /home/mcfb/ros2_ws/install/px4_msgs/share/px4_msgs/msg/FixedWingRunwayControl.msg\n'}
[1.832514] (px4_msgs) StdoutLine: {'line': b'-- Up-to-date: /home/mcfb/ros2_ws/install/px4_msgs/share/px4_msgs/msg/FlightPhaseEstimation.msg\n'}
[1.832558] (px4_msgs) StdoutLine: {'line': b'-- Up-to-date: /home/mcfb/ros2_ws/install/px4_msgs/share/px4_msgs/msg/FollowTarget.msg\n'}
[1.832591] (px4_msgs) StdoutLine: {'line': b'-- Up-to-date: /home/mcfb/ros2_ws/install/px4_msgs/share/px4_msgs/msg/FollowTargetEstimator.msg\n'}
[1.832623] (px4_msgs) StdoutLine: {'line': b'-- Up-to-date: /home/mcfb/ros2_ws/install/px4_msgs/share/px4_msgs/msg/FollowTargetStatus.msg\n'}
[1.832655] (px4_msgs) StdoutLine: {'line': b'-- Up-to-date: /home/mcfb/ros2_ws/install/px4_msgs/share/px4_msgs/msg/FuelTankStatus.msg\n'}
[1.832695] (px4_msgs) StdoutLine: {'line': b'-- Up-to-date: /home/mcfb/ros2_ws/install/px4_msgs/share/px4_msgs/msg/GeneratorStatus.msg\n'}
[1.832730] (px4_msgs) StdoutLine: {'line': b'-- Up-to-date: /home/mcfb/ros2_ws/install/px4_msgs/share/px4_msgs/msg/GeofenceResult.msg\n'}
[1.832762] (px4_msgs) StdoutLine: {'line': b'-- Up-to-date: /home/mcfb/ros2_ws/install/px4_msgs/share/px4_msgs/msg/GeofenceStatus.msg\n'}
[1.832801] (px4_msgs) StdoutLine: {'line': b'-- Up-to-date: /home/mcfb/ros2_ws/install/px4_msgs/share/px4_msgs/msg/GimbalControls.msg\n'}
[1.832839] (px4_msgs) StdoutLine: {'line': b'-- Up-to-date: /home/mcfb/ros2_ws/install/px4_msgs/share/px4_msgs/msg/GimbalDeviceAttitudeStatus.msg\n'}
[1.832874] (px4_msgs) StdoutLine: {'line': b'-- Up-to-date: /home/mcfb/ros2_ws/install/px4_msgs/share/px4_msgs/msg/GimbalDeviceInformation.msg\n'}
[1.832911] (px4_msgs) StdoutLine: {'line': b'-- Up-to-date: /home/mcfb/ros2_ws/install/px4_msgs/share/px4_msgs/msg/GimbalDeviceSetAttitude.msg\n'}
[1.832947] (px4_msgs) StdoutLine: {'line': b'-- Up-to-date: /home/mcfb/ros2_ws/install/px4_msgs/share/px4_msgs/msg/GimbalManagerInformation.msg\n'}
[1.832983] (px4_msgs) StdoutLine: {'line': b'-- Up-to-date: /home/mcfb/ros2_ws/install/px4_msgs/share/px4_msgs/msg/GimbalManagerSetAttitude.msg\n'}
[1.833023] (px4_msgs) StdoutLine: {'line': b'-- Up-to-date: /home/mcfb/ros2_ws/install/px4_msgs/share/px4_msgs/msg/GimbalManagerSetManualControl.msg\n'}
[1.833061] (px4_msgs) StdoutLine: {'line': b'-- Up-to-date: /home/mcfb/ros2_ws/install/px4_msgs/share/px4_msgs/msg/GimbalManagerStatus.msg\n'}
[1.833097] (px4_msgs) StdoutLine: {'line': b'-- Up-to-date: /home/mcfb/ros2_ws/install/px4_msgs/share/px4_msgs/msg/GotoSetpoint.msg\n'}
[1.833134] (px4_msgs) StdoutLine: {'line': b'-- Up-to-date: /home/mcfb/ros2_ws/install/px4_msgs/share/px4_msgs/msg/GpioConfig.msg\n'}
[1.833172] (px4_msgs) StdoutLine: {'line': b'-- Up-to-date: /home/mcfb/ros2_ws/install/px4_msgs/share/px4_msgs/msg/GpioIn.msg\n'}
[1.833225] (px4_msgs) StdoutLine: {'line': b'-- Up-to-date: /home/mcfb/ros2_ws/install/px4_msgs/share/px4_msgs/msg/GpioOut.msg\n'}
[1.833262] (px4_msgs) StdoutLine: {'line': b'-- Up-to-date: /home/mcfb/ros2_ws/install/px4_msgs/share/px4_msgs/msg/GpioRequest.msg\n'}
[1.833299] (px4_msgs) StdoutLine: {'line': b'-- Up-to-date: /home/mcfb/ros2_ws/install/px4_msgs/share/px4_msgs/msg/GpsDump.msg\n'}
[1.833346] (px4_msgs) StdoutLine: {'line': b'-- Up-to-date: /home/mcfb/ros2_ws/install/px4_msgs/share/px4_msgs/msg/GpsInjectData.msg\n'}
[1.833379] (px4_msgs) StdoutLine: {'line': b'-- Up-to-date: /home/mcfb/ros2_ws/install/px4_msgs/share/px4_msgs/msg/Gripper.msg\n'}
[1.833412] (px4_msgs) StdoutLine: {'line': b'-- Up-to-date: /home/mcfb/ros2_ws/install/px4_msgs/share/px4_msgs/msg/HealthReport.msg\n'}
[1.833446] (px4_msgs) StdoutLine: {'line': b'-- Up-to-date: /home/mcfb/ros2_ws/install/px4_msgs/share/px4_msgs/msg/HeaterStatus.msg\n'}
[1.833495] (px4_msgs) StdoutLine: {'line': b'-- Up-to-date: /home/mcfb/ros2_ws/install/px4_msgs/share/px4_msgs/msg/HomePosition.msg\n'}
[1.833529] (px4_msgs) StdoutLine: {'line': b'-- Up-to-date: /home/mcfb/ros2_ws/install/px4_msgs/share/px4_msgs/msg/HoverThrustEstimate.msg\n'}
[1.833562] (px4_msgs) StdoutLine: {'line': b'-- Up-to-date: /home/mcfb/ros2_ws/install/px4_msgs/share/px4_msgs/msg/InputRc.msg\n'}
[1.833599] (px4_msgs) StdoutLine: {'line': b'-- Up-to-date: /home/mcfb/ros2_ws/install/px4_msgs/share/px4_msgs/msg/InternalCombustionEngineControl.msg\n'}
[1.833634] (px4_msgs) StdoutLine: {'line': b'-- Up-to-date: /home/mcfb/ros2_ws/install/px4_msgs/share/px4_msgs/msg/InternalCombustionEngineStatus.msg\n'}
[1.833667] (px4_msgs) StdoutLine: {'line': b'-- Up-to-date: /home/mcfb/ros2_ws/install/px4_msgs/share/px4_msgs/msg/IridiumsbdStatus.msg\n'}
[1.833708] (px4_msgs) StdoutLine: {'line': b'-- Up-to-date: /home/mcfb/ros2_ws/install/px4_msgs/share/px4_msgs/msg/IrlockReport.msg\n'}
[1.833741] (px4_msgs) StdoutLine: {'line': b'-- Up-to-date: /home/mcfb/ros2_ws/install/px4_msgs/share/px4_msgs/msg/LandingGear.msg\n'}
[1.833773] (px4_msgs) StdoutLine: {'line': b'-- Up-to-date: /home/mcfb/ros2_ws/install/px4_msgs/share/px4_msgs/msg/LandingGearWheel.msg\n'}
[1.833806] (px4_msgs) StdoutLine: {'line': b'-- Up-to-date: /home/mcfb/ros2_ws/install/px4_msgs/share/px4_msgs/msg/LandingTargetInnovations.msg\n'}
[1.833837] (px4_msgs) StdoutLine: {'line': b'-- Up-to-date: /home/mcfb/ros2_ws/install/px4_msgs/share/px4_msgs/msg/LandingTargetPose.msg\n'}
[1.833879] (px4_msgs) StdoutLine: {'line': b'-- Up-to-date: /home/mcfb/ros2_ws/install/px4_msgs/share/px4_msgs/msg/LateralControlConfiguration.msg\n'}
[1.833914] (px4_msgs) StdoutLine: {'line': b'-- Up-to-date: /home/mcfb/ros2_ws/install/px4_msgs/share/px4_msgs/msg/LaunchDetectionStatus.msg\n'}
[1.833950] (px4_msgs) StdoutLine: {'line': b'-- Up-to-date: /home/mcfb/ros2_ws/install/px4_msgs/share/px4_msgs/msg/LedControl.msg\n'}
[1.833986] (px4_msgs) StdoutLine: {'line': b'-- Up-to-date: /home/mcfb/ros2_ws/install/px4_msgs/share/px4_msgs/msg/LogMessage.msg\n'}
[1.834022] (px4_msgs) StdoutLine: {'line': b'-- Up-to-date: /home/mcfb/ros2_ws/install/px4_msgs/share/px4_msgs/msg/LoggerStatus.msg\n'}
[1.834058] (px4_msgs) StdoutLine: {'line': b'-- Up-to-date: /home/mcfb/ros2_ws/install/px4_msgs/share/px4_msgs/msg/LongitudinalControlConfiguration.msg\n'}
[1.834097] (px4_msgs) StdoutLine: {'line': b'-- Up-to-date: /home/mcfb/ros2_ws/install/px4_msgs/share/px4_msgs/msg/MagWorkerData.msg\n'}
[1.834135] (px4_msgs) StdoutLine: {'line': b'-- Up-to-date: /home/mcfb/ros2_ws/install/px4_msgs/share/px4_msgs/msg/MagnetometerBiasEstimate.msg\n'}
[1.834170] (px4_msgs) StdoutLine: {'line': b'-- Up-to-date: /home/mcfb/ros2_ws/install/px4_msgs/share/px4_msgs/msg/ManualControlSetpoint.msg\n'}
[1.834205] (px4_msgs) StdoutLine: {'line': b'-- Up-to-date: /home/mcfb/ros2_ws/install/px4_msgs/share/px4_msgs/msg/ManualControlSwitches.msg\n'}
[1.834247] (px4_msgs) StdoutLine: {'line': b'-- Up-to-date: /home/mcfb/ros2_ws/install/px4_msgs/share/px4_msgs/msg/MavlinkLog.msg\n'}
[1.834284] (px4_msgs) StdoutLine: {'line': b'-- Up-to-date: /home/mcfb/ros2_ws/install/px4_msgs/share/px4_msgs/msg/MavlinkTunnel.msg\n'}
[1.834322] (px4_msgs) StdoutLine: {'line': b'-- Up-to-date: /home/mcfb/ros2_ws/install/px4_msgs/share/px4_msgs/msg/MessageFormatRequest.msg\n'}
[1.834358] (px4_msgs) StdoutLine: {'line': b'-- Up-to-date: /home/mcfb/ros2_ws/install/px4_msgs/share/px4_msgs/msg/MessageFormatResponse.msg\n'}
[1.834393] (px4_msgs) StdoutLine: {'line': b'-- Up-to-date: /home/mcfb/ros2_ws/install/px4_msgs/share/px4_msgs/msg/Mission.msg\n'}
[1.834428] (px4_msgs) StdoutLine: {'line': b'-- Up-to-date: /home/mcfb/ros2_ws/install/px4_msgs/share/px4_msgs/msg/MissionResult.msg\n'}
[1.834465] (px4_msgs) StdoutLine: {'line': b'-- Up-to-date: /home/mcfb/ros2_ws/install/px4_msgs/share/px4_msgs/msg/ModeCompleted.msg\n'}
[1.834499] (px4_msgs) StdoutLine: {'line': b'-- Up-to-date: /home/mcfb/ros2_ws/install/px4_msgs/share/px4_msgs/msg/MountOrientation.msg\n'}
[1.834538] (px4_msgs) StdoutLine: {'line': b'-- Up-to-date: /home/mcfb/ros2_ws/install/px4_msgs/share/px4_msgs/msg/NavigatorMissionItem.msg\n'}
[1.834576] (px4_msgs) StdoutLine: {'line': b'-- Up-to-date: /home/mcfb/ros2_ws/install/px4_msgs/share/px4_msgs/msg/NavigatorStatus.msg\n'}
[1.834612] (px4_msgs) StdoutLine: {'line': b'-- Up-to-date: /home/mcfb/ros2_ws/install/px4_msgs/share/px4_msgs/msg/NeuralControl.msg\n'}
[1.834648] (px4_msgs) StdoutLine: {'line': b'-- Up-to-date: /home/mcfb/ros2_ws/install/px4_msgs/share/px4_msgs/msg/NormalizedUnsignedSetpoint.msg\n'}
[1.834701] (px4_msgs) StdoutLine: {'line': b'-- Up-to-date: /home/mcfb/ros2_ws/install/px4_msgs/share/px4_msgs/msg/ObstacleDistance.msg\n'}
[1.834738] (px4_msgs) StdoutLine: {'line': b'-- Up-to-date: /home/mcfb/ros2_ws/install/px4_msgs/share/px4_msgs/msg/OffboardControlMode.msg\n'}
[1.834779] (px4_msgs) StdoutLine: {'line': b'-- Up-to-date: /home/mcfb/ros2_ws/install/px4_msgs/share/px4_msgs/msg/OnboardComputerStatus.msg\n'}
[1.834813] (px4_msgs) StdoutLine: {'line': b'-- Up-to-date: /home/mcfb/ros2_ws/install/px4_msgs/share/px4_msgs/msg/OpenDroneIdArmStatus.msg\n'}
[1.834845] (px4_msgs) StdoutLine: {'line': b'-- Up-to-date: /home/mcfb/ros2_ws/install/px4_msgs/share/px4_msgs/msg/OpenDroneIdOperatorId.msg\n'}
[1.834876] (px4_msgs) StdoutLine: {'line': b'-- Up-to-date: /home/mcfb/ros2_ws/install/px4_msgs/share/px4_msgs/msg/OpenDroneIdSelfId.msg\n'}
[1.834921] (px4_msgs) StdoutLine: {'line': b'-- Up-to-date: /home/mcfb/ros2_ws/install/px4_msgs/share/px4_msgs/msg/OpenDroneIdSystem.msg\n'}
[1.834973] (px4_msgs) StdoutLine: {'line': b'-- Up-to-date: /home/mcfb/ros2_ws/install/px4_msgs/share/px4_msgs/msg/OrbTest.msg\n'}
[1.835053] (px4_msgs) StdoutLine: {'line': b'-- Up-to-date: /home/mcfb/ros2_ws/install/px4_msgs/share/px4_msgs/msg/OrbTestLarge.msg\n'}
[1.835105] (px4_msgs) StdoutLine: {'line': b'-- Up-to-date: /home/mcfb/ros2_ws/install/px4_msgs/share/px4_msgs/msg/OrbTestMedium.msg\n'}
[1.835140] (px4_msgs) StdoutLine: {'line': b'-- Up-to-date: /home/mcfb/ros2_ws/install/px4_msgs/share/px4_msgs/msg/OrbitStatus.msg\n'}
[1.835173] (px4_msgs) StdoutLine: {'line': b'-- Up-to-date: /home/mcfb/ros2_ws/install/px4_msgs/share/px4_msgs/msg/ParameterResetRequest.msg\n'}
[1.835206] (px4_msgs) StdoutLine: {'line': b'-- Up-to-date: /home/mcfb/ros2_ws/install/px4_msgs/share/px4_msgs/msg/ParameterSetUsedRequest.msg\n'}
[1.835237] (px4_msgs) StdoutLine: {'line': b'-- Up-to-date: /home/mcfb/ros2_ws/install/px4_msgs/share/px4_msgs/msg/ParameterSetValueRequest.msg\n'}
[1.835276] (px4_msgs) StdoutLine: {'line': b'-- Up-to-date: /home/mcfb/ros2_ws/install/px4_msgs/share/px4_msgs/msg/ParameterSetValueResponse.msg\n'}
[1.835310] (px4_msgs) StdoutLine: {'line': b'-- Up-to-date: /home/mcfb/ros2_ws/install/px4_msgs/share/px4_msgs/msg/ParameterUpdate.msg\n'}
[1.835348] (px4_msgs) StdoutLine: {'line': b'-- Up-to-date: /home/mcfb/ros2_ws/install/px4_msgs/share/px4_msgs/msg/Ping.msg\n'}
[1.835384] (px4_msgs) StdoutLine: {'line': b'-- Up-to-date: /home/mcfb/ros2_ws/install/px4_msgs/share/px4_msgs/msg/PositionControllerLandingStatus.msg\n'}
[1.835422] (px4_msgs) StdoutLine: {'line': b'-- Up-to-date: /home/mcfb/ros2_ws/install/px4_msgs/share/px4_msgs/msg/PositionControllerStatus.msg\n'}
[1.835458] (px4_msgs) StdoutLine: {'line': b'-- Up-to-date: /home/mcfb/ros2_ws/install/px4_msgs/share/px4_msgs/msg/PositionSetpoint.msg\n'}
[1.835494] (px4_msgs) StdoutLine: {'line': b'-- Up-to-date: /home/mcfb/ros2_ws/install/px4_msgs/share/px4_msgs/msg/PositionSetpointTriplet.msg\n'}
[1.835529] (px4_msgs) StdoutLine: {'line': b'-- Up-to-date: /home/mcfb/ros2_ws/install/px4_msgs/share/px4_msgs/msg/PowerButtonState.msg\n'}
[1.835581] (px4_msgs) StdoutLine: {'line': b'-- Up-to-date: /home/mcfb/ros2_ws/install/px4_msgs/share/px4_msgs/msg/PowerMonitor.msg\n'}
[1.835615] (px4_msgs) StdoutLine: {'line': b'-- Up-to-date: /home/mcfb/ros2_ws/install/px4_msgs/share/px4_msgs/msg/PpsCapture.msg\n'}
[1.835646] (px4_msgs) StdoutLine: {'line': b'-- Up-to-date: /home/mcfb/ros2_ws/install/px4_msgs/share/px4_msgs/msg/PurePursuitStatus.msg\n'}
[1.835689] (px4_msgs) StdoutLine: {'line': b'-- Up-to-date: /home/mcfb/ros2_ws/install/px4_msgs/share/px4_msgs/msg/PwmInput.msg\n'}
[1.835727] (px4_msgs) StdoutLine: {'line': b'-- Up-to-date: /home/mcfb/ros2_ws/install/px4_msgs/share/px4_msgs/msg/Px4ioStatus.msg\n'}
[1.835760] (px4_msgs) StdoutLine: {'line': b'-- Up-to-date: /home/mcfb/ros2_ws/install/px4_msgs/share/px4_msgs/msg/QshellReq.msg\n'}
[1.835793] (px4_msgs) StdoutLine: {'line': b'-- Up-to-date: /home/mcfb/ros2_ws/install/px4_msgs/share/px4_msgs/msg/QshellRetval.msg\n'}
[1.835834] (px4_msgs) StdoutLine: {'line': b'-- Up-to-date: /home/mcfb/ros2_ws/install/px4_msgs/share/px4_msgs/msg/RadioStatus.msg\n'}
[1.835880] (px4_msgs) StdoutLine: {'line': b'-- Up-to-date: /home/mcfb/ros2_ws/install/px4_msgs/share/px4_msgs/msg/RateCtrlStatus.msg\n'}
[1.835916] (px4_msgs) StdoutLine: {'line': b'-- Up-to-date: /home/mcfb/ros2_ws/install/px4_msgs/share/px4_msgs/msg/RcChannels.msg\n'}
[1.835949] (px4_msgs) StdoutLine: {'line': b'-- Up-to-date: /home/mcfb/ros2_ws/install/px4_msgs/share/px4_msgs/msg/RcParameterMap.msg\n'}
[1.835982] (px4_msgs) StdoutLine: {'line': b'-- Up-to-date: /home/mcfb/ros2_ws/install/px4_msgs/share/px4_msgs/msg/RegisterExtComponentReply.msg\n'}
[1.836016] (px4_msgs) StdoutLine: {'line': b'-- Up-to-date: /home/mcfb/ros2_ws/install/px4_msgs/share/px4_msgs/msg/RegisterExtComponentRequest.msg\n'}
[1.836049] (px4_msgs) StdoutLine: {'line': b'-- Up-to-date: /home/mcfb/ros2_ws/install/px4_msgs/share/px4_msgs/msg/RoverAttitudeSetpoint.msg\n'}
[1.836081] (px4_msgs) StdoutLine: {'line': b'-- Up-to-date: /home/mcfb/ros2_ws/install/px4_msgs/share/px4_msgs/msg/RoverAttitudeStatus.msg\n'}
[1.836115] (px4_msgs) StdoutLine: {'line': b'-- Up-to-date: /home/mcfb/ros2_ws/install/px4_msgs/share/px4_msgs/msg/RoverPositionSetpoint.msg\n'}
[1.836148] (px4_msgs) StdoutLine: {'line': b'-- Up-to-date: /home/mcfb/ros2_ws/install/px4_msgs/share/px4_msgs/msg/RoverRateSetpoint.msg\n'}
[1.836194] (px4_msgs) StdoutLine: {'line': b'-- Up-to-date: /home/mcfb/ros2_ws/install/px4_msgs/share/px4_msgs/msg/RoverRateStatus.msg\n'}
[1.836226] (px4_msgs) StdoutLine: {'line': b'-- Up-to-date: /home/mcfb/ros2_ws/install/px4_msgs/share/px4_msgs/msg/RoverSpeedSetpoint.msg\n'}
[1.836258] (px4_msgs) StdoutLine: {'line': b'-- Up-to-date: /home/mcfb/ros2_ws/install/px4_msgs/share/px4_msgs/msg/RoverSpeedStatus.msg\n'}
[1.836290] (px4_msgs) StdoutLine: {'line': b'-- Up-to-date: /home/mcfb/ros2_ws/install/px4_msgs/share/px4_msgs/msg/RoverSteeringSetpoint.msg\n'}
[1.836322] (px4_msgs) StdoutLine: {'line': b'-- Up-to-date: /home/mcfb/ros2_ws/install/px4_msgs/share/px4_msgs/msg/RoverThrottleSetpoint.msg\n'}
[1.836355] (px4_msgs) StdoutLine: {'line': b'-- Up-to-date: /home/mcfb/ros2_ws/install/px4_msgs/share/px4_msgs/msg/Rpm.msg\n'}
[1.836398] (px4_msgs) StdoutLine: {'line': b'-- Up-to-date: /home/mcfb/ros2_ws/install/px4_msgs/share/px4_msgs/msg/RtlStatus.msg\n'}
[1.836437] (px4_msgs) StdoutLine: {'line': b'-- Up-to-date: /home/mcfb/ros2_ws/install/px4_msgs/share/px4_msgs/msg/RtlTimeEstimate.msg\n'}
[1.836474] (px4_msgs) StdoutLine: {'line': b'-- Up-to-date: /home/mcfb/ros2_ws/install/px4_msgs/share/px4_msgs/msg/SatelliteInfo.msg\n'}
[1.836511] (px4_msgs) StdoutLine: {'line': b'-- Up-to-date: /home/mcfb/ros2_ws/install/px4_msgs/share/px4_msgs/msg/SensorAccel.msg\n'}
[1.836558] (px4_msgs) StdoutLine: {'line': b'-- Up-to-date: /home/mcfb/ros2_ws/install/px4_msgs/share/px4_msgs/msg/SensorAccelFifo.msg\n'}
[1.836597] (px4_msgs) StdoutLine: {'line': b'-- Up-to-date: /home/mcfb/ros2_ws/install/px4_msgs/share/px4_msgs/msg/SensorAirflow.msg\n'}
[1.836635] (px4_msgs) StdoutLine: {'line': b'-- Up-to-date: /home/mcfb/ros2_ws/install/px4_msgs/share/px4_msgs/msg/SensorBaro.msg\n'}
[1.836678] (px4_msgs) StdoutLine: {'line': b'-- Up-to-date: /home/mcfb/ros2_ws/install/px4_msgs/share/px4_msgs/msg/SensorCombined.msg\n'}
[1.836718] (px4_msgs) StdoutLine: {'line': b'-- Up-to-date: /home/mcfb/ros2_ws/install/px4_msgs/share/px4_msgs/msg/SensorCorrection.msg\n'}
[1.836757] (px4_msgs) StdoutLine: {'line': b'-- Up-to-date: /home/mcfb/ros2_ws/install/px4_msgs/share/px4_msgs/msg/SensorGnssRelative.msg\n'}
[1.836793] (px4_msgs) StdoutLine: {'line': b'-- Up-to-date: /home/mcfb/ros2_ws/install/px4_msgs/share/px4_msgs/msg/SensorGnssStatus.msg\n'}
[1.836829] (px4_msgs) StdoutLine: {'line': b'-- Up-to-date: /home/mcfb/ros2_ws/install/px4_msgs/share/px4_msgs/msg/SensorGps.msg\n'}
[1.836870] (px4_msgs) StdoutLine: {'line': b'-- Up-to-date: /home/mcfb/ros2_ws/install/px4_msgs/share/px4_msgs/msg/SensorGyro.msg\n'}
[1.836909] (px4_msgs) StdoutLine: {'line': b'-- Up-to-date: /home/mcfb/ros2_ws/install/px4_msgs/share/px4_msgs/msg/SensorGyroFft.msg\n'}
[1.836973] (px4_msgs) StdoutLine: {'line': b'-- Up-to-date: /home/mcfb/ros2_ws/install/px4_msgs/share/px4_msgs/msg/SensorGyroFifo.msg\n'}
[1.837007] (px4_msgs) StdoutLine: {'line': b'-- Up-to-date: /home/mcfb/ros2_ws/install/px4_msgs/share/px4_msgs/msg/SensorHygrometer.msg\n'}
[1.837040] (px4_msgs) StdoutLine: {'line': b'-- Up-to-date: /home/mcfb/ros2_ws/install/px4_msgs/share/px4_msgs/msg/SensorMag.msg\n'}
[1.837075] (px4_msgs) StdoutLine: {'line': b'-- Up-to-date: /home/mcfb/ros2_ws/install/px4_msgs/share/px4_msgs/msg/SensorOpticalFlow.msg\n'}
[1.837109] (px4_msgs) StdoutLine: {'line': b'-- Up-to-date: /home/mcfb/ros2_ws/install/px4_msgs/share/px4_msgs/msg/SensorPreflightMag.msg\n'}
[1.837143] (px4_msgs) StdoutLine: {'line': b'-- Up-to-date: /home/mcfb/ros2_ws/install/px4_msgs/share/px4_msgs/msg/SensorSelection.msg\n'}
[1.837176] (px4_msgs) StdoutLine: {'line': b'-- Up-to-date: /home/mcfb/ros2_ws/install/px4_msgs/share/px4_msgs/msg/SensorUwb.msg\n'}
[1.837213] (px4_msgs) StdoutLine: {'line': b'-- Up-to-date: /home/mcfb/ros2_ws/install/px4_msgs/share/px4_msgs/msg/SensorsStatus.msg\n'}
[1.837250] (px4_msgs) StdoutLine: {'line': b'-- Up-to-date: /home/mcfb/ros2_ws/install/px4_msgs/share/px4_msgs/msg/SensorsStatusImu.msg\n'}
[1.837287] (px4_msgs) StdoutLine: {'line': b'-- Up-to-date: /home/mcfb/ros2_ws/install/px4_msgs/share/px4_msgs/msg/SystemPower.msg\n'}
[1.837328] (px4_msgs) StdoutLine: {'line': b'-- Up-to-date: /home/mcfb/ros2_ws/install/px4_msgs/share/px4_msgs/msg/TakeoffStatus.msg\n'}
[1.837365] (px4_msgs) StdoutLine: {'line': b'-- Up-to-date: /home/mcfb/ros2_ws/install/px4_msgs/share/px4_msgs/msg/TaskStackInfo.msg\n'}
[1.837410] (px4_msgs) StdoutLine: {'line': b'-- Up-to-date: /home/mcfb/ros2_ws/install/px4_msgs/share/px4_msgs/msg/TecsStatus.msg\n'}
[1.837453] (px4_msgs) StdoutLine: {'line': b'-- Up-to-date: /home/mcfb/ros2_ws/install/px4_msgs/share/px4_msgs/msg/TelemetryStatus.msg\n'}
[1.837493] (px4_msgs) StdoutLine: {'line': b'-- Up-to-date: /home/mcfb/ros2_ws/install/px4_msgs/share/px4_msgs/msg/TiltrotorExtraControls.msg\n'}
[1.837530] (px4_msgs) StdoutLine: {'line': b'-- Up-to-date: /home/mcfb/ros2_ws/install/px4_msgs/share/px4_msgs/msg/TimesyncStatus.msg\n'}
[1.837568] (px4_msgs) StdoutLine: {'line': b'-- Up-to-date: /home/mcfb/ros2_ws/install/px4_msgs/share/px4_msgs/msg/TrajectorySetpoint.msg\n'}
[1.837607] (px4_msgs) StdoutLine: {'line': b'-- Up-to-date: /home/mcfb/ros2_ws/install/px4_msgs/share/px4_msgs/msg/TrajectorySetpoint6dof.msg\n'}
[1.837646] (px4_msgs) StdoutLine: {'line': b'-- Up-to-date: /home/mcfb/ros2_ws/install/px4_msgs/share/px4_msgs/msg/TransponderReport.msg\n'}
[1.837690] (px4_msgs) StdoutLine: {'line': b'-- Up-to-date: /home/mcfb/ros2_ws/install/px4_msgs/share/px4_msgs/msg/TuneControl.msg\n'}
[1.837731] (px4_msgs) StdoutLine: {'line': b'-- Up-to-date: /home/mcfb/ros2_ws/install/px4_msgs/share/px4_msgs/msg/UavcanParameterRequest.msg\n'}
[1.837771] (px4_msgs) StdoutLine: {'line': b'-- Up-to-date: /home/mcfb/ros2_ws/install/px4_msgs/share/px4_msgs/msg/UavcanParameterValue.msg\n'}
[1.837821] (px4_msgs) StdoutLine: {'line': b'-- Up-to-date: /home/mcfb/ros2_ws/install/px4_msgs/share/px4_msgs/msg/UlogStream.msg\n'}
[1.837857] (px4_msgs) StdoutLine: {'line': b'-- Up-to-date: /home/mcfb/ros2_ws/install/px4_msgs/share/px4_msgs/msg/UlogStreamAck.msg\n'}
[1.837891] (px4_msgs) StdoutLine: {'line': b'-- Up-to-date: /home/mcfb/ros2_ws/install/px4_msgs/share/px4_msgs/msg/UnregisterExtComponent.msg\n'}
[1.837931] (px4_msgs) StdoutLine: {'line': b'-- Up-to-date: /home/mcfb/ros2_ws/install/px4_msgs/share/px4_msgs/msg/VehicleAcceleration.msg\n'}
[1.837968] (px4_msgs) StdoutLine: {'line': b'-- Up-to-date: /home/mcfb/ros2_ws/install/px4_msgs/share/px4_msgs/msg/VehicleAirData.msg\n'}
[1.838005] (px4_msgs) StdoutLine: {'line': b'-- Up-to-date: /home/mcfb/ros2_ws/install/px4_msgs/share/px4_msgs/msg/VehicleAngularAccelerationSetpoint.msg\n'}
[1.838043] (px4_msgs) StdoutLine: {'line': b'-- Up-to-date: /home/mcfb/ros2_ws/install/px4_msgs/share/px4_msgs/msg/VehicleAngularVelocity.msg\n'}
[1.838087] (px4_msgs) StdoutLine: {'line': b'-- Up-to-date: /home/mcfb/ros2_ws/install/px4_msgs/share/px4_msgs/msg/VehicleAttitude.msg\n'}
[1.838121] (px4_msgs) StdoutLine: {'line': b'-- Up-to-date: /home/mcfb/ros2_ws/install/px4_msgs/share/px4_msgs/msg/VehicleAttitudeSetpoint.msg\n'}
[1.838156] (px4_msgs) StdoutLine: {'line': b'-- Up-to-date: /home/mcfb/ros2_ws/install/px4_msgs/share/px4_msgs/msg/VehicleCommand.msg\n'}
[1.838190] (px4_msgs) StdoutLine: {'line': b'-- Up-to-date: /home/mcfb/ros2_ws/install/px4_msgs/share/px4_msgs/msg/VehicleCommandAck.msg\n'}
[1.838223] (px4_msgs) StdoutLine: {'line': b'-- Up-to-date: /home/mcfb/ros2_ws/install/px4_msgs/share/px4_msgs/msg/VehicleConstraints.msg\n'}
[1.838259] (px4_msgs) StdoutLine: {'line': b'-- Up-to-date: /home/mcfb/ros2_ws/install/px4_msgs/share/px4_msgs/msg/VehicleControlMode.msg\n'}
[1.838297] (px4_msgs) StdoutLine: {'line': b'-- Up-to-date: /home/mcfb/ros2_ws/install/px4_msgs/share/px4_msgs/msg/VehicleGlobalPosition.msg\n'}
[1.838335] (px4_msgs) StdoutLine: {'line': b'-- Up-to-date: /home/mcfb/ros2_ws/install/px4_msgs/share/px4_msgs/msg/VehicleImu.msg\n'}
[1.838373] (px4_msgs) StdoutLine: {'line': b'-- Up-to-date: /home/mcfb/ros2_ws/install/px4_msgs/share/px4_msgs/msg/VehicleImuStatus.msg\n'}
[1.838434] (px4_msgs) StdoutLine: {'line': b'-- Up-to-date: /home/mcfb/ros2_ws/install/px4_msgs/share/px4_msgs/msg/VehicleLandDetected.msg\n'}
[1.838490] (px4_msgs) StdoutLine: {'line': b'-- Up-to-date: /home/mcfb/ros2_ws/install/px4_msgs/share/px4_msgs/msg/VehicleLocalPosition.msg\n'}
[1.838703] (px4_msgs) StdoutLine: {'line': b'-- Up-to-date: /home/mcfb/ros2_ws/install/px4_msgs/share/px4_msgs/msg/VehicleLocalPositionSetpoint.msg\n'}
[1.838984] (px4_msgs) StdoutLine: {'line': b'-- Up-to-date: /home/mcfb/ros2_ws/install/px4_msgs/share/px4_msgs/msg/VehicleMagnetometer.msg\n'}
[1.839709] (px4_msgs) StdoutLine: {'line': b'-- Up-to-date: /home/mcfb/ros2_ws/install/px4_msgs/share/px4_msgs/msg/VehicleOdometry.msg\n'}
[1.839994] (px4_msgs) StdoutLine: {'line': b'-- Up-to-date: /home/mcfb/ros2_ws/install/px4_msgs/share/px4_msgs/msg/VehicleOpticalFlow.msg\n'}
[1.840360] (px4_msgs) StdoutLine: {'line': b'-- Up-to-date: /home/mcfb/ros2_ws/install/px4_msgs/share/px4_msgs/msg/VehicleOpticalFlowVel.msg\n'}
[1.840788] (px4_msgs) StdoutLine: {'line': b'-- Up-to-date: /home/mcfb/ros2_ws/install/px4_msgs/share/px4_msgs/msg/VehicleRatesSetpoint.msg\n'}
[1.841377] (px4_msgs) StdoutLine: {'line': b'-- Up-to-date: /home/mcfb/ros2_ws/install/px4_msgs/share/px4_msgs/msg/VehicleRoi.msg\n'}
[1.841884] (px4_msgs) StdoutLine: {'line': b'-- Up-to-date: /home/mcfb/ros2_ws/install/px4_msgs/share/px4_msgs/msg/VehicleStatus.msg\n'}
[1.841980] (px4_msgs) StdoutLine: {'line': b'-- Up-to-date: /home/mcfb/ros2_ws/install/px4_msgs/share/px4_msgs/msg/VehicleThrustSetpoint.msg\n'}
[1.842220] (px4_msgs) StdoutLine: {'line': b'-- Up-to-date: /home/mcfb/ros2_ws/install/px4_msgs/share/px4_msgs/msg/VehicleTorqueSetpoint.msg\n'}
[1.842587] (px4_msgs) StdoutLine: {'line': b'-- Up-to-date: /home/mcfb/ros2_ws/install/px4_msgs/share/px4_msgs/msg/VelocityLimits.msg\n'}
[1.843028] (px4_msgs) StdoutLine: {'line': b'-- Up-to-date: /home/mcfb/ros2_ws/install/px4_msgs/share/px4_msgs/msg/VtolVehicleStatus.msg\n'}
[1.843133] (px4_msgs) StdoutLine: {'line': b'-- Up-to-date: /home/mcfb/ros2_ws/install/px4_msgs/share/px4_msgs/msg/WheelEncoders.msg\n'}
[1.843957] (px4_msgs) StdoutLine: {'line': b'-- Up-to-date: /home/mcfb/ros2_ws/install/px4_msgs/share/px4_msgs/msg/Wind.msg\n'}
[1.844438] (px4_msgs) StdoutLine: {'line': b'-- Up-to-date: /home/mcfb/ros2_ws/install/px4_msgs/share/px4_msgs/msg/YawEstimatorStatus.msg\n'}
[1.844718] (px4_msgs) StdoutLine: {'line': b'-- Up-to-date: /home/mcfb/ros2_ws/install/px4_msgs/share/px4_msgs/srv/VehicleCommand.srv\n'}
[1.845318] (px4_msgs) StdoutLine: {'line': b'-- Up-to-date: /home/mcfb/ros2_ws/install/px4_msgs/share/ament_index/resource_index/package_run_dependencies/px4_msgs\n'}
[1.845516] (px4_msgs) StdoutLine: {'line': b'-- Up-to-date: /home/mcfb/ros2_ws/install/px4_msgs/share/ament_index/resource_index/parent_prefix_path/px4_msgs\n'}
[1.845970] (px4_msgs) StdoutLine: {'line': b'-- Up-to-date: /home/mcfb/ros2_ws/install/px4_msgs/share/px4_msgs/environment/ament_prefix_path.sh\n'}
[1.846212] (px4_msgs) StdoutLine: {'line': b'-- Up-to-date: /home/mcfb/ros2_ws/install/px4_msgs/share/px4_msgs/environment/ament_prefix_path.dsv\n'}
[1.846534] (px4_msgs) StdoutLine: {'line': b'-- Up-to-date: /home/mcfb/ros2_ws/install/px4_msgs/share/px4_msgs/environment/path.sh\n'}
[1.846866] (px4_msgs) StdoutLine: {'line': b'-- Up-to-date: /home/mcfb/ros2_ws/install/px4_msgs/share/px4_msgs/environment/path.dsv\n'}
[1.847382] (px4_msgs) StdoutLine: {'line': b'-- Up-to-date: /home/mcfb/ros2_ws/install/px4_msgs/share/px4_msgs/local_setup.bash\n'}
[1.847684] (px4_msgs) StdoutLine: {'line': b'-- Up-to-date: /home/mcfb/ros2_ws/install/px4_msgs/share/px4_msgs/local_setup.sh\n'}
[1.847913] (px4_msgs) StdoutLine: {'line': b'-- Up-to-date: /home/mcfb/ros2_ws/install/px4_msgs/share/px4_msgs/local_setup.zsh\n'}
[1.848276] (px4_msgs) StdoutLine: {'line': b'-- Up-to-date: /home/mcfb/ros2_ws/install/px4_msgs/share/px4_msgs/local_setup.dsv\n'}
[1.848631] (px4_msgs) StdoutLine: {'line': b'-- Installing: /home/mcfb/ros2_ws/install/px4_msgs/share/px4_msgs/package.dsv\n'}
[1.849009] (px4_msgs) StdoutLine: {'line': b'-- Up-to-date: /home/mcfb/ros2_ws/install/px4_msgs/share/ament_index/resource_index/packages/px4_msgs\n'}
[1.849313] (px4_msgs) StdoutLine: {'line': b'-- Up-to-date: /home/mcfb/ros2_ws/install/px4_msgs/share/px4_msgs/cmake/export_px4_msgs__rosidl_generator_cExport.cmake\n'}
[1.849621] (px4_msgs) StdoutLine: {'line': b'-- Up-to-date: /home/mcfb/ros2_ws/install/px4_msgs/share/px4_msgs/cmake/export_px4_msgs__rosidl_generator_cExport-noconfig.cmake\n'}
[1.850030] (px4_msgs) StdoutLine: {'line': b'-- Up-to-date: /home/mcfb/ros2_ws/install/px4_msgs/share/px4_msgs/cmake/export_px4_msgs__rosidl_typesupport_fastrtps_cExport.cmake\n'}
[1.850260] (px4_msgs) StdoutLine: {'line': b'-- Up-to-date: /home/mcfb/ros2_ws/install/px4_msgs/share/px4_msgs/cmake/export_px4_msgs__rosidl_typesupport_fastrtps_cExport-noconfig.cmake\n'}
[1.850516] (px4_msgs) StdoutLine: {'line': b'-- Up-to-date: /home/mcfb/ros2_ws/install/px4_msgs/share/px4_msgs/cmake/export_px4_msgs__rosidl_generator_cppExport.cmake\n'}
[1.850843] (px4_msgs) StdoutLine: {'line': b'-- Up-to-date: /home/mcfb/ros2_ws/install/px4_msgs/share/px4_msgs/cmake/export_px4_msgs__rosidl_typesupport_fastrtps_cppExport.cmake\n'}
[1.851244] (px4_msgs) StdoutLine: {'line': b'-- Up-to-date: /home/mcfb/ros2_ws/install/px4_msgs/share/px4_msgs/cmake/export_px4_msgs__rosidl_typesupport_fastrtps_cppExport-noconfig.cmake\n'}
[1.851684] (px4_msgs) StdoutLine: {'line': b'-- Up-to-date: /home/mcfb/ros2_ws/install/px4_msgs/share/px4_msgs/cmake/px4_msgs__rosidl_typesupport_introspection_cExport.cmake\n'}
[1.851906] (px4_msgs) StdoutLine: {'line': b'-- Up-to-date: /home/mcfb/ros2_ws/install/px4_msgs/share/px4_msgs/cmake/px4_msgs__rosidl_typesupport_introspection_cExport-noconfig.cmake\n'}
[1.852215] (px4_msgs) StdoutLine: {'line': b'-- Up-to-date: /home/mcfb/ros2_ws/install/px4_msgs/share/px4_msgs/cmake/px4_msgs__rosidl_typesupport_cExport.cmake\n'}
[1.852586] (px4_msgs) StdoutLine: {'line': b'-- Up-to-date: /home/mcfb/ros2_ws/install/px4_msgs/share/px4_msgs/cmake/px4_msgs__rosidl_typesupport_cExport-noconfig.cmake\n'}
[1.852872] (px4_msgs) StdoutLine: {'line': b'-- Up-to-date: /home/mcfb/ros2_ws/install/px4_msgs/share/px4_msgs/cmake/px4_msgs__rosidl_typesupport_introspection_cppExport.cmake\n'}
[1.853096] (px4_msgs) StdoutLine: {'line': b'-- Up-to-date: /home/mcfb/ros2_ws/install/px4_msgs/share/px4_msgs/cmake/px4_msgs__rosidl_typesupport_introspection_cppExport-noconfig.cmake\n'}
[1.853376] (px4_msgs) StdoutLine: {'line': b'-- Up-to-date: /home/mcfb/ros2_ws/install/px4_msgs/share/px4_msgs/cmake/px4_msgs__rosidl_typesupport_cppExport.cmake\n'}
[1.853749] (px4_msgs) StdoutLine: {'line': b'-- Up-to-date: /home/mcfb/ros2_ws/install/px4_msgs/share/px4_msgs/cmake/px4_msgs__rosidl_typesupport_cppExport-noconfig.cmake\n'}
[1.854011] (px4_msgs) StdoutLine: {'line': b'-- Up-to-date: /home/mcfb/ros2_ws/install/px4_msgs/share/px4_msgs/cmake/export_px4_msgs__rosidl_generator_pyExport.cmake\n'}
[1.854233] (px4_msgs) StdoutLine: {'line': b'-- Up-to-date: /home/mcfb/ros2_ws/install/px4_msgs/share/px4_msgs/cmake/export_px4_msgs__rosidl_generator_pyExport-noconfig.cmake\n'}
[1.854512] (px4_msgs) StdoutLine: {'line': b'-- Up-to-date: /home/mcfb/ros2_ws/install/px4_msgs/share/px4_msgs/cmake/rosidl_cmake-extras.cmake\n'}
[1.854905] (px4_msgs) StdoutLine: {'line': b'-- Up-to-date: /home/mcfb/ros2_ws/install/px4_msgs/share/px4_msgs/cmake/ament_cmake_export_dependencies-extras.cmake\n'}
[1.855121] (px4_msgs) StdoutLine: {'line': b'-- Up-to-date: /home/mcfb/ros2_ws/install/px4_msgs/share/px4_msgs/cmake/ament_cmake_export_include_directories-extras.cmake\n'}
[1.855392] (px4_msgs) StdoutLine: {'line': b'-- Up-to-date: /home/mcfb/ros2_ws/install/px4_msgs/share/px4_msgs/cmake/ament_cmake_export_libraries-extras.cmake\n'}
[1.855677] (px4_msgs) StdoutLine: {'line': b'-- Up-to-date: /home/mcfb/ros2_ws/install/px4_msgs/share/px4_msgs/cmake/ament_cmake_export_targets-extras.cmake\n'}
[1.856010] (px4_msgs) StdoutLine: {'line': b'-- Up-to-date: /home/mcfb/ros2_ws/install/px4_msgs/share/px4_msgs/cmake/rosidl_cmake_export_typesupport_targets-extras.cmake\n'}
[1.856265] (px4_msgs) StdoutLine: {'line': b'-- Up-to-date: /home/mcfb/ros2_ws/install/px4_msgs/share/px4_msgs/cmake/rosidl_cmake_export_typesupport_libraries-extras.cmake\n'}
[1.856486] (px4_msgs) StdoutLine: {'line': b'-- Up-to-date: /home/mcfb/ros2_ws/install/px4_msgs/share/px4_msgs/cmake/px4_msgsConfig.cmake\n'}
[1.856547] (px4_msgs) StdoutLine: {'line': b'-- Up-to-date: /home/mcfb/ros2_ws/install/px4_msgs/share/px4_msgs/cmake/px4_msgsConfig-version.cmake\n'}
[1.856801] (px4_msgs) StdoutLine: {'line': b'-- Up-to-date: /home/mcfb/ros2_ws/install/px4_msgs/share/px4_msgs/package.xml\n'}
[1.861264] (px4_msgs) CommandEnded: {'returncode': 0}
[1.877385] (px4_msgs) JobEnded: {'identifier': 'px4_msgs', 'rc': 0}
[1.878262] (px4_offboard) JobStarted: {'identifier': 'px4_offboard'}
[1.883217] (px4_ros_com) JobStarted: {'identifier': 'px4_ros_com'}
[1.902737] (-) TimerEvent: {}
[2.002990] (-) TimerEvent: {}
[2.079402] (px4_ros_com) JobProgress: {'identifier': 'px4_ros_com', 'progress': 'cmake'}
[2.080030] (px4_ros_com) JobProgress: {'identifier': 'px4_ros_com', 'progress': 'build'}
[2.080774] (px4_ros_com) Command: {'cmd': ['/usr/bin/cmake', '--build', '/home/mcfb/ros2_ws/build/px4_ros_com', '--', '-j12', '-l12'], 'cwd': '/home/mcfb/ros2_ws/build/px4_ros_com', 'env': OrderedDict({'LESSOPEN': '| /usr/bin/lesspipe %s', 'USER': 'mcfb', 'GZ_CONFIG_PATH': '/opt/ros/jazzy/opt/gz_sim_vendor/share/gz:/opt/ros/jazzy/opt/sdformat_vendor/share/gz:/opt/ros/jazzy/opt/gz_gui_vendor/share/gz:/opt/ros/jazzy/opt/gz_transport_vendor/share/gz:/opt/ros/jazzy/opt/gz_rendering_vendor/share/gz:/opt/ros/jazzy/opt/gz_plugin_vendor/share/gz:/opt/ros/jazzy/opt/gz_fuel_tools_vendor/share/gz:/opt/ros/jazzy/opt/gz_msgs_vendor/share/gz:/opt/ros/jazzy/opt/gz_common_vendor/share/gz', 'XDG_SESSION_TYPE': 'x11', 'CLUTTER_DISABLE_MIPMAPPED_TEXT': '1', 'SHLVL': '1', 'LD_LIBRARY_PATH': '/home/mcfb/ros2_ws/install/px4_msgs/lib:/home/mcfb/ros2_ws/install/px4_ros_com/lib:/opt/ros/jazzy/opt/gz_sim_vendor/lib:/opt/ros/jazzy/opt/gz_sensors_vendor/lib:/opt/ros/jazzy/opt/gz_physics_vendor/lib:/opt/ros/jazzy/opt/sdformat_vendor/lib:/opt/ros/jazzy/opt/rviz_ogre_vendor/lib:/opt/ros/jazzy/lib/x86_64-linux-gnu:/opt/ros/jazzy/opt/gz_gui_vendor/lib:/opt/ros/jazzy/opt/gz_transport_vendor/lib:/opt/ros/jazzy/opt/gz_rendering_vendor/lib:/opt/ros/jazzy/opt/gz_plugin_vendor/lib:/opt/ros/jazzy/opt/gz_fuel_tools_vendor/lib:/opt/ros/jazzy/opt/gz_msgs_vendor/lib:/opt/ros/jazzy/opt/gz_common_vendor/lib:/opt/ros/jazzy/opt/gz_math_vendor/lib:/opt/ros/jazzy/opt/gz_utils_vendor/lib:/opt/ros/jazzy/opt/gz_tools_vendor/lib:/opt/ros/jazzy/opt/gz_ogre_next_vendor/lib:/opt/ros/jazzy/opt/gz_dartsim_vendor/lib:/opt/ros/jazzy/opt/gz_cmake_vendor/lib:/opt/ros/jazzy/lib', 'HOME': '/home/mcfb', 'OLDPWD': '/home/mcfb/ros2_ws/install', 'DESKTOP_SESSION': 'ubuntu', 'ROS_PYTHON_VERSION': '3', 'GNOME_SHELL_SESSION_MODE': 'ubuntu', 'GTK_MODULES': 'gail:atk-bridge', 'SYSTEMD_EXEC_PID': '2870', 'GSM_SKIP_SSH_AGENT_WORKAROUND': 'true', 'DBUS_SESSION_BUS_ADDRESS': 'unix:path=/run/user/1000/bus', 'COLORTERM': 'truecolor', 'DEBUGINFOD_URLS': 'https://debuginfod.ubuntu.com', 'COLCON_PREFIX_PATH': '/home/mcfb/ros2_ws/install', 'ROS_DISTRO': 'jazzy', 'LOGNAME': 'mcfb', '_': '/usr/bin/colcon', 'ROS_VERSION': '2', 'MEMORY_PRESSURE_WATCH': '/sys/fs/cgroup/user.slice/user-1000.slice/user@1000.service/session.slice/org.gnome.Shell@x11.service/memory.pressure', 'XDG_SESSION_CLASS': 'user', 'USERNAME': 'mcfb', 'TERM': 'xterm-256color', 'GNOME_DESKTOP_SESSION_ID': 'this-is-deprecated', 'WINDOWPATH': '2', 'PATH': '/opt/ros/jazzy/opt/gz_msgs_vendor/bin:/opt/ros/jazzy/opt/gz_tools_vendor/bin:/opt/ros/jazzy/opt/gz_ogre_next_vendor/bin:/opt/ros/jazzy/bin:/home/mcfb/.local/bin:/usr/local/sbin:/usr/local/bin:/usr/sbin:/usr/bin:/sbin:/bin:/usr/games:/usr/local/games:/snap/bin:/snap/bin:/opt/xtensa-esp-elf/bin/', 'SESSION_MANAGER': 'local/mcfb:@/tmp/.ICE-unix/2791,unix/mcfb:/tmp/.ICE-unix/2791', 'XDG_MENU_PREFIX': 'gnome-', 'GNOME_TERMINAL_SCREEN': '/org/gnome/Terminal/screen/cde57785_6625_4299_87b9_aa10803801d7', 'XDG_RUNTIME_DIR': '/run/user/1000', 'DISPLAY': ':1', 'LANG': 'en_US.UTF-8', 'XDG_CURRENT_DESKTOP': 'ubuntu:GNOME', 'XMODIFIERS': '@im=ibus', 'XDG_SESSION_DESKTOP': 'ubuntu', 'XAUTHORITY': '/run/user/1000/gdm/Xauthority', 'LS_COLORS': 'rs=0:di=01;34:ln=01;36:mh=00:pi=40;33:so=01;35:do=01;35:bd=40;33;01:cd=40;33;01:or=40;31;01:mi=00:su=37;41:sg=30;43:ca=00:tw=30;42:ow=34;42:st=37;44:ex=01;32:*.tar=01;31:*.tgz=01;31:*.arc=01;31:*.arj=01;31:*.taz=01;31:*.lha=01;31:*.lz4=01;31:*.lzh=01;31:*.lzma=01;31:*.tlz=01;31:*.txz=01;31:*.tzo=01;31:*.t7z=01;31:*.zip=01;31:*.z=01;31:*.dz=01;31:*.gz=01;31:*.lrz=01;31:*.lz=01;31:*.lzo=01;31:*.xz=01;31:*.zst=01;31:*.tzst=01;31:*.bz2=01;31:*.bz=01;31:*.tbz=01;31:*.tbz2=01;31:*.tz=01;31:*.deb=01;31:*.rpm=01;31:*.jar=01;31:*.war=01;31:*.ear=01;31:*.sar=01;31:*.rar=01;31:*.alz=01;31:*.ace=01;31:*.zoo=01;31:*.cpio=01;31:*.7z=01;31:*.rz=01;31:*.cab=01;31:*.wim=01;31:*.swm=01;31:*.dwm=01;31:*.esd=01;31:*.avif=01;35:*.jpg=01;35:*.jpeg=01;35:*.mjpg=01;35:*.mjpeg=01;35:*.gif=01;35:*.bmp=01;35:*.pbm=01;35:*.pgm=01;35:*.ppm=01;35:*.tga=01;35:*.xbm=01;35:*.xpm=01;35:*.tif=01;35:*.tiff=01;35:*.png=01;35:*.svg=01;35:*.svgz=01;35:*.mng=01;35:*.pcx=01;35:*.mov=01;35:*.mpg=01;35:*.mpeg=01;35:*.m2v=01;35:*.mkv=01;35:*.webm=01;35:*.webp=01;35:*.ogm=01;35:*.mp4=01;35:*.m4v=01;35:*.mp4v=01;35:*.vob=01;35:*.qt=01;35:*.nuv=01;35:*.wmv=01;35:*.asf=01;35:*.rm=01;35:*.rmvb=01;35:*.flc=01;35:*.avi=01;35:*.fli=01;35:*.flv=01;35:*.gl=01;35:*.dl=01;35:*.xcf=01;35:*.xwd=01;35:*.yuv=01;35:*.cgm=01;35:*.emf=01;35:*.ogv=01;35:*.ogx=01;35:*.aac=00;36:*.au=00;36:*.flac=00;36:*.m4a=00;36:*.mid=00;36:*.midi=00;36:*.mka=00;36:*.mp3=00;36:*.mpc=00;36:*.ogg=00;36:*.ra=00;36:*.wav=00;36:*.oga=00;36:*.opus=00;36:*.spx=00;36:*.xspf=00;36:*~=00;90:*#=00;90:*.bak=00;90:*.crdownload=00;90:*.dpkg-dist=00;90:*.dpkg-new=00;90:*.dpkg-old=00;90:*.dpkg-tmp=00;90:*.old=00;90:*.orig=00;90:*.part=00;90:*.rej=00;90:*.rpmnew=00;90:*.rpmorig=00;90:*.rpmsave=00;90:*.swp=00;90:*.tmp=00;90:*.ucf-dist=00;90:*.ucf-new=00;90:*.ucf-old=00;90:', 'GNOME_TERMINAL_SERVICE': ':1.116', 'SSH_AUTH_SOCK': '/run/user/1000/keyring/ssh', 'AMENT_PREFIX_PATH': '/home/mcfb/ros2_ws/install/px4_ros_com:/home/mcfb/ros2_ws/install/px4_offboard:/home/mcfb/ros2_ws/install/px4_msgs:/home/mcfb/ros2_ws/install/ai_navigator:/opt/ros/jazzy', 'SHELL': '/bin/bash', 'QT_ACCESSIBILITY': '1', 'GDMSESSION': 'ubuntu', 'LESSCLOSE': '/usr/bin/lesspipe %s %s', 'IGN_GAZEBO_RESOURCE_PATH': '/opt/ros/jazzy/share', 'GPG_AGENT_INFO': '/run/user/1000/gnupg/S.gpg-agent:0:1', 'ROS_AUTOMATIC_DISCOVERY_RANGE': 'SUBNET', 'QT_IM_MODULE': 'ibus', 'PWD': '/home/mcfb/ros2_ws/build/px4_ros_com', 'LC_ALL': 'en_US.UTF-8', 'XDG_CONFIG_DIRS': '/etc/xdg/xdg-ubuntu:/etc/xdg', 'XDG_DATA_DIRS': '/usr/share/ubuntu:/usr/share/gnome:/usr/local/share/:/usr/share/:/var/lib/snapd/desktop', 'PYTHONPATH': '/home/mcfb/ros2_ws/install/px4_msgs/lib/python3.12/site-packages:/home/mcfb/ros2_ws/install/px4_ros_com/lib/python3.12/site-packages:/home/mcfb/ros2_ws/install/px4_offboard/lib/python3.12/site-packages:/home/mcfb/ros2_ws/install/ai_navigator/lib/python3.12/site-packages:/home/mcfb/drone_venv/lib/python3.12/site-packages:/opt/ros/jazzy/lib/python3.12/site-packages', 'COLCON': '1', 'MEMORY_PRESSURE_WRITE': 'c29tZSAyMDAwMDAgMjAwMDAwMAA=', 'VTE_VERSION': '7600', 'CMAKE_PREFIX_PATH': '/home/mcfb/ros2_ws/install/px4_msgs:/home/mcfb/ros2_ws/install/px4_ros_com:/opt/ros/jazzy/opt/gz_sim_vendor:/opt/ros/jazzy/opt/gz_sensors_vendor:/opt/ros/jazzy/opt/gz_physics_vendor:/opt/ros/jazzy/opt/sdformat_vendor:/opt/ros/jazzy/opt/gz_gui_vendor:/opt/ros/jazzy/opt/gz_transport_vendor:/opt/ros/jazzy/opt/gz_rendering_vendor:/opt/ros/jazzy/opt/gz_plugin_vendor:/opt/ros/jazzy/opt/gz_fuel_tools_vendor:/opt/ros/jazzy/opt/gz_msgs_vendor:/opt/ros/jazzy/opt/gz_common_vendor:/opt/ros/jazzy/opt/gz_math_vendor:/opt/ros/jazzy/opt/gz_utils_vendor:/opt/ros/jazzy/opt/gz_tools_vendor:/opt/ros/jazzy/opt/gz_ogre_next_vendor:/opt/ros/jazzy/opt/gz_dartsim_vendor:/opt/ros/jazzy/opt/gz_cmake_vendor:/home/mcfb/ros2_ws/install/px4_offboard:/home/mcfb/ros2_ws/install/ai_navigator:/opt/ros/jazzy'}), 'shell': False}
[2.103090] (-) TimerEvent: {}
[2.140417] (px4_ros_com) StdoutLine: {'line': b'[ 16%] Built target frame_transforms\n'}
[2.141016] (px4_ros_com) StdoutLine: {'line': b'[ 33%] Built target sensor_combined_listener\n'}
[2.141994] (px4_ros_com) StdoutLine: {'line': b'[ 50%] Built target offboard_control\n'}
[2.142172] (px4_ros_com) StdoutLine: {'line': b'[ 50%] Built target ament_cmake_python_copy_px4_ros_com\n'}
[2.142701] (px4_ros_com) StdoutLine: {'line': b'[ 66%] Built target vehicle_gps_position_listener\n'}
[2.143579] (px4_ros_com) StdoutLine: {'line': b'[ 83%] Built target debug_vect_advertiser\n'}
[2.143810] (px4_ros_com) StdoutLine: {'line': b'[100%] Built target offboard_control_srv\n'}
[2.203173] (-) TimerEvent: {}
[2.303417] (-) TimerEvent: {}
[2.354107] (px4_ros_com) StdoutLine: {'line': b'running egg_info\n'}
[2.371715] (px4_ros_com) StdoutLine: {'line': b'writing px4_ros_com.egg-info/PKG-INFO\n'}
[2.372035] (px4_ros_com) StdoutLine: {'line': b'writing dependency_links to px4_ros_com.egg-info/dependency_links.txt\n'}
[2.372211] (px4_ros_com) StdoutLine: {'line': b'writing top-level names to px4_ros_com.egg-info/top_level.txt\n'}
[2.403516] (-) TimerEvent: {}
[2.425170] (px4_ros_com) StdoutLine: {'line': b"reading manifest file 'px4_ros_com.egg-info/SOURCES.txt'\n"}
[2.425782] (px4_ros_com) StdoutLine: {'line': b"writing manifest file 'px4_ros_com.egg-info/SOURCES.txt'\n"}
[2.457672] (px4_ros_com) StdoutLine: {'line': b'[100%] Built target ament_cmake_python_build_px4_ros_com_egg\n'}
[2.467923] (px4_ros_com) CommandEnded: {'returncode': 0}
[2.468729] (px4_ros_com) JobProgress: {'identifier': 'px4_ros_com', 'progress': 'install'}
[2.469112] (px4_ros_com) Command: {'cmd': ['/usr/bin/cmake', '--install', '/home/mcfb/ros2_ws/build/px4_ros_com'], 'cwd': '/home/mcfb/ros2_ws/build/px4_ros_com', 'env': OrderedDict({'LESSOPEN': '| /usr/bin/lesspipe %s', 'USER': 'mcfb', 'GZ_CONFIG_PATH': '/opt/ros/jazzy/opt/gz_sim_vendor/share/gz:/opt/ros/jazzy/opt/sdformat_vendor/share/gz:/opt/ros/jazzy/opt/gz_gui_vendor/share/gz:/opt/ros/jazzy/opt/gz_transport_vendor/share/gz:/opt/ros/jazzy/opt/gz_rendering_vendor/share/gz:/opt/ros/jazzy/opt/gz_plugin_vendor/share/gz:/opt/ros/jazzy/opt/gz_fuel_tools_vendor/share/gz:/opt/ros/jazzy/opt/gz_msgs_vendor/share/gz:/opt/ros/jazzy/opt/gz_common_vendor/share/gz', 'XDG_SESSION_TYPE': 'x11', 'CLUTTER_DISABLE_MIPMAPPED_TEXT': '1', 'SHLVL': '1', 'LD_LIBRARY_PATH': '/home/mcfb/ros2_ws/install/px4_msgs/lib:/home/mcfb/ros2_ws/install/px4_ros_com/lib:/opt/ros/jazzy/opt/gz_sim_vendor/lib:/opt/ros/jazzy/opt/gz_sensors_vendor/lib:/opt/ros/jazzy/opt/gz_physics_vendor/lib:/opt/ros/jazzy/opt/sdformat_vendor/lib:/opt/ros/jazzy/opt/rviz_ogre_vendor/lib:/opt/ros/jazzy/lib/x86_64-linux-gnu:/opt/ros/jazzy/opt/gz_gui_vendor/lib:/opt/ros/jazzy/opt/gz_transport_vendor/lib:/opt/ros/jazzy/opt/gz_rendering_vendor/lib:/opt/ros/jazzy/opt/gz_plugin_vendor/lib:/opt/ros/jazzy/opt/gz_fuel_tools_vendor/lib:/opt/ros/jazzy/opt/gz_msgs_vendor/lib:/opt/ros/jazzy/opt/gz_common_vendor/lib:/opt/ros/jazzy/opt/gz_math_vendor/lib:/opt/ros/jazzy/opt/gz_utils_vendor/lib:/opt/ros/jazzy/opt/gz_tools_vendor/lib:/opt/ros/jazzy/opt/gz_ogre_next_vendor/lib:/opt/ros/jazzy/opt/gz_dartsim_vendor/lib:/opt/ros/jazzy/opt/gz_cmake_vendor/lib:/opt/ros/jazzy/lib', 'HOME': '/home/mcfb', 'OLDPWD': '/home/mcfb/ros2_ws/install', 'DESKTOP_SESSION': 'ubuntu', 'ROS_PYTHON_VERSION': '3', 'GNOME_SHELL_SESSION_MODE': 'ubuntu', 'GTK_MODULES': 'gail:atk-bridge', 'SYSTEMD_EXEC_PID': '2870', 'GSM_SKIP_SSH_AGENT_WORKAROUND': 'true', 'DBUS_SESSION_BUS_ADDRESS': 'unix:path=/run/user/1000/bus', 'COLORTERM': 'truecolor', 'DEBUGINFOD_URLS': 'https://debuginfod.ubuntu.com', 'COLCON_PREFIX_PATH': '/home/mcfb/ros2_ws/install', 'ROS_DISTRO': 'jazzy', 'LOGNAME': 'mcfb', '_': '/usr/bin/colcon', 'ROS_VERSION': '2', 'MEMORY_PRESSURE_WATCH': '/sys/fs/cgroup/user.slice/user-1000.slice/user@1000.service/session.slice/org.gnome.Shell@x11.service/memory.pressure', 'XDG_SESSION_CLASS': 'user', 'USERNAME': 'mcfb', 'TERM': 'xterm-256color', 'GNOME_DESKTOP_SESSION_ID': 'this-is-deprecated', 'WINDOWPATH': '2', 'PATH': '/opt/ros/jazzy/opt/gz_msgs_vendor/bin:/opt/ros/jazzy/opt/gz_tools_vendor/bin:/opt/ros/jazzy/opt/gz_ogre_next_vendor/bin:/opt/ros/jazzy/bin:/home/mcfb/.local/bin:/usr/local/sbin:/usr/local/bin:/usr/sbin:/usr/bin:/sbin:/bin:/usr/games:/usr/local/games:/snap/bin:/snap/bin:/opt/xtensa-esp-elf/bin/', 'SESSION_MANAGER': 'local/mcfb:@/tmp/.ICE-unix/2791,unix/mcfb:/tmp/.ICE-unix/2791', 'XDG_MENU_PREFIX': 'gnome-', 'GNOME_TERMINAL_SCREEN': '/org/gnome/Terminal/screen/cde57785_6625_4299_87b9_aa10803801d7', 'XDG_RUNTIME_DIR': '/run/user/1000', 'DISPLAY': ':1', 'LANG': 'en_US.UTF-8', 'XDG_CURRENT_DESKTOP': 'ubuntu:GNOME', 'XMODIFIERS': '@im=ibus', 'XDG_SESSION_DESKTOP': 'ubuntu', 'XAUTHORITY': '/run/user/1000/gdm/Xauthority', 'LS_COLORS': 'rs=0:di=01;34:ln=01;36:mh=00:pi=40;33:so=01;35:do=01;35:bd=40;33;01:cd=40;33;01:or=40;31;01:mi=00:su=37;41:sg=30;43:ca=00:tw=30;42:ow=34;42:st=37;44:ex=01;32:*.tar=01;31:*.tgz=01;31:*.arc=01;31:*.arj=01;31:*.taz=01;31:*.lha=01;31:*.lz4=01;31:*.lzh=01;31:*.lzma=01;31:*.tlz=01;31:*.txz=01;31:*.tzo=01;31:*.t7z=01;31:*.zip=01;31:*.z=01;31:*.dz=01;31:*.gz=01;31:*.lrz=01;31:*.lz=01;31:*.lzo=01;31:*.xz=01;31:*.zst=01;31:*.tzst=01;31:*.bz2=01;31:*.bz=01;31:*.tbz=01;31:*.tbz2=01;31:*.tz=01;31:*.deb=01;31:*.rpm=01;31:*.jar=01;31:*.war=01;31:*.ear=01;31:*.sar=01;31:*.rar=01;31:*.alz=01;31:*.ace=01;31:*.zoo=01;31:*.cpio=01;31:*.7z=01;31:*.rz=01;31:*.cab=01;31:*.wim=01;31:*.swm=01;31:*.dwm=01;31:*.esd=01;31:*.avif=01;35:*.jpg=01;35:*.jpeg=01;35:*.mjpg=01;35:*.mjpeg=01;35:*.gif=01;35:*.bmp=01;35:*.pbm=01;35:*.pgm=01;35:*.ppm=01;35:*.tga=01;35:*.xbm=01;35:*.xpm=01;35:*.tif=01;35:*.tiff=01;35:*.png=01;35:*.svg=01;35:*.svgz=01;35:*.mng=01;35:*.pcx=01;35:*.mov=01;35:*.mpg=01;35:*.mpeg=01;35:*.m2v=01;35:*.mkv=01;35:*.webm=01;35:*.webp=01;35:*.ogm=01;35:*.mp4=01;35:*.m4v=01;35:*.mp4v=01;35:*.vob=01;35:*.qt=01;35:*.nuv=01;35:*.wmv=01;35:*.asf=01;35:*.rm=01;35:*.rmvb=01;35:*.flc=01;35:*.avi=01;35:*.fli=01;35:*.flv=01;35:*.gl=01;35:*.dl=01;35:*.xcf=01;35:*.xwd=01;35:*.yuv=01;35:*.cgm=01;35:*.emf=01;35:*.ogv=01;35:*.ogx=01;35:*.aac=00;36:*.au=00;36:*.flac=00;36:*.m4a=00;36:*.mid=00;36:*.midi=00;36:*.mka=00;36:*.mp3=00;36:*.mpc=00;36:*.ogg=00;36:*.ra=00;36:*.wav=00;36:*.oga=00;36:*.opus=00;36:*.spx=00;36:*.xspf=00;36:*~=00;90:*#=00;90:*.bak=00;90:*.crdownload=00;90:*.dpkg-dist=00;90:*.dpkg-new=00;90:*.dpkg-old=00;90:*.dpkg-tmp=00;90:*.old=00;90:*.orig=00;90:*.part=00;90:*.rej=00;90:*.rpmnew=00;90:*.rpmorig=00;90:*.rpmsave=00;90:*.swp=00;90:*.tmp=00;90:*.ucf-dist=00;90:*.ucf-new=00;90:*.ucf-old=00;90:', 'GNOME_TERMINAL_SERVICE': ':1.116', 'SSH_AUTH_SOCK': '/run/user/1000/keyring/ssh', 'AMENT_PREFIX_PATH': '/home/mcfb/ros2_ws/install/px4_ros_com:/home/mcfb/ros2_ws/install/px4_offboard:/home/mcfb/ros2_ws/install/px4_msgs:/home/mcfb/ros2_ws/install/ai_navigator:/opt/ros/jazzy', 'SHELL': '/bin/bash', 'QT_ACCESSIBILITY': '1', 'GDMSESSION': 'ubuntu', 'LESSCLOSE': '/usr/bin/lesspipe %s %s', 'IGN_GAZEBO_RESOURCE_PATH': '/opt/ros/jazzy/share', 'GPG_AGENT_INFO': '/run/user/1000/gnupg/S.gpg-agent:0:1', 'ROS_AUTOMATIC_DISCOVERY_RANGE': 'SUBNET', 'QT_IM_MODULE': 'ibus', 'PWD': '/home/mcfb/ros2_ws/build/px4_ros_com', 'LC_ALL': 'en_US.UTF-8', 'XDG_CONFIG_DIRS': '/etc/xdg/xdg-ubuntu:/etc/xdg', 'XDG_DATA_DIRS': '/usr/share/ubuntu:/usr/share/gnome:/usr/local/share/:/usr/share/:/var/lib/snapd/desktop', 'PYTHONPATH': '/home/mcfb/ros2_ws/install/px4_msgs/lib/python3.12/site-packages:/home/mcfb/ros2_ws/install/px4_ros_com/lib/python3.12/site-packages:/home/mcfb/ros2_ws/install/px4_offboard/lib/python3.12/site-packages:/home/mcfb/ros2_ws/install/ai_navigator/lib/python3.12/site-packages:/home/mcfb/drone_venv/lib/python3.12/site-packages:/opt/ros/jazzy/lib/python3.12/site-packages', 'COLCON': '1', 'MEMORY_PRESSURE_WRITE': 'c29tZSAyMDAwMDAgMjAwMDAwMAA=', 'VTE_VERSION': '7600', 'CMAKE_PREFIX_PATH': '/home/mcfb/ros2_ws/install/px4_msgs:/home/mcfb/ros2_ws/install/px4_ros_com:/opt/ros/jazzy/opt/gz_sim_vendor:/opt/ros/jazzy/opt/gz_sensors_vendor:/opt/ros/jazzy/opt/gz_physics_vendor:/opt/ros/jazzy/opt/sdformat_vendor:/opt/ros/jazzy/opt/gz_gui_vendor:/opt/ros/jazzy/opt/gz_transport_vendor:/opt/ros/jazzy/opt/gz_rendering_vendor:/opt/ros/jazzy/opt/gz_plugin_vendor:/opt/ros/jazzy/opt/gz_fuel_tools_vendor:/opt/ros/jazzy/opt/gz_msgs_vendor:/opt/ros/jazzy/opt/gz_common_vendor:/opt/ros/jazzy/opt/gz_math_vendor:/opt/ros/jazzy/opt/gz_utils_vendor:/opt/ros/jazzy/opt/gz_tools_vendor:/opt/ros/jazzy/opt/gz_ogre_next_vendor:/opt/ros/jazzy/opt/gz_dartsim_vendor:/opt/ros/jazzy/opt/gz_cmake_vendor:/home/mcfb/ros2_ws/install/px4_offboard:/home/mcfb/ros2_ws/install/ai_navigator:/opt/ros/jazzy'}), 'shell': False}
[2.476690] (px4_ros_com) StdoutLine: {'line': b'-- Install configuration: ""\n'}
[2.476906] (px4_ros_com) StdoutLine: {'line': b'-- Up-to-date: /home/mcfb/ros2_ws/install/px4_ros_com/lib/px4_ros_com/sensor_combined_listener\n'}
[2.477024] (px4_ros_com) StdoutLine: {'line': b'-- Up-to-date: /home/mcfb/ros2_ws/install/px4_ros_com/lib/px4_ros_com/vehicle_gps_position_listener\n'}
[2.477106] (px4_ros_com) StdoutLine: {'line': b'-- Up-to-date: /home/mcfb/ros2_ws/install/px4_ros_com/lib/px4_ros_com/debug_vect_advertiser\n'}
[2.477232] (px4_ros_com) StdoutLine: {'line': b'-- Up-to-date: /home/mcfb/ros2_ws/install/px4_ros_com/lib/px4_ros_com/offboard_control\n'}
[2.477366] (px4_ros_com) StdoutLine: {'line': b'-- Up-to-date: /home/mcfb/ros2_ws/install/px4_ros_com/lib/px4_ros_com/offboard_control_srv\n'}
[2.477461] (px4_ros_com) StdoutLine: {'line': b'-- Up-to-date: /home/mcfb/ros2_ws/install/px4_ros_com/share/px4_ros_com/environment/library_path.sh\n'}
[2.477539] (px4_ros_com) StdoutLine: {'line': b'-- Up-to-date: /home/mcfb/ros2_ws/install/px4_ros_com/share/px4_ros_com/environment/library_path.dsv\n'}
[2.477600] (px4_ros_com) StdoutLine: {'line': b'-- Up-to-date: /home/mcfb/ros2_ws/install/px4_ros_com/include/px4_ros_com\n'}
[2.477662] (px4_ros_com) StdoutLine: {'line': b'-- Up-to-date: /home/mcfb/ros2_ws/install/px4_ros_com/include/px4_ros_com/frame_transforms.h\n'}
[2.477776] (px4_ros_com) StdoutLine: {'line': b'-- Up-to-date: /home/mcfb/ros2_ws/install/px4_ros_com/lib/libframe_transforms.so\n'}
[2.477866] (px4_ros_com) StdoutLine: {'line': b'-- Up-to-date: /home/mcfb/ros2_ws/install/px4_ros_com/share/px4_ros_com//launch\n'}
[2.477946] (px4_ros_com) StdoutLine: {'line': b'-- Up-to-date: /home/mcfb/ros2_ws/install/px4_ros_com/share/px4_ros_com//launch/offboard_control_launch.yaml\n'}
[2.478039] (px4_ros_com) StdoutLine: {'line': b'-- Up-to-date: /home/mcfb/ros2_ws/install/px4_ros_com/share/px4_ros_com//launch/sensor_combined_listener.launch.py\n'}
[2.478107] (px4_ros_com) StdoutLine: {'line': b'-- Up-to-date: /home/mcfb/ros2_ws/install/px4_ros_com/share/px4_ros_com//test\n'}
[2.478246] (px4_ros_com) StdoutLine: {'line': b'-- Up-to-date: /home/mcfb/ros2_ws/install/px4_ros_com/share/px4_ros_com//test/pipeline_io_test.py\n'}
[2.478314] (px4_ros_com) StdoutLine: {'line': b'-- Up-to-date: /home/mcfb/ros2_ws/install/px4_ros_com/share/px4_ros_com//test/test_input.py\n'}
[2.478389] (px4_ros_com) StdoutLine: {'line': b'-- Up-to-date: /home/mcfb/ros2_ws/install/px4_ros_com/share/px4_ros_com//test/test_output.py\n'}
[2.478453] (px4_ros_com) StdoutLine: {'line': b'-- Up-to-date: /home/mcfb/ros2_ws/install/px4_ros_com/share/px4_ros_com//test/__init__.py\n'}
[2.478522] (px4_ros_com) StdoutLine: {'line': b'-- Up-to-date: /home/mcfb/ros2_ws/install/px4_ros_com/share/px4_ros_com/environment/pythonpath.sh\n'}
[2.478595] (px4_ros_com) StdoutLine: {'line': b'-- Up-to-date: /home/mcfb/ros2_ws/install/px4_ros_com/share/px4_ros_com/environment/pythonpath.dsv\n'}
[2.478666] (px4_ros_com) StdoutLine: {'line': b'-- Up-to-date: /home/mcfb/ros2_ws/install/px4_ros_com/lib/python3.12/site-packages/px4_ros_com-0.1.0-py3.12.egg-info\n'}
[2.478734] (px4_ros_com) StdoutLine: {'line': b'-- Installing: /home/mcfb/ros2_ws/install/px4_ros_com/lib/python3.12/site-packages/px4_ros_com-0.1.0-py3.12.egg-info/dependency_links.txt\n'}
[2.478796] (px4_ros_com) StdoutLine: {'line': b'-- Installing: /home/mcfb/ros2_ws/install/px4_ros_com/lib/python3.12/site-packages/px4_ros_com-0.1.0-py3.12.egg-info/SOURCES.txt\n'}
[2.478858] (px4_ros_com) StdoutLine: {'line': b'-- Installing: /home/mcfb/ros2_ws/install/px4_ros_com/lib/python3.12/site-packages/px4_ros_com-0.1.0-py3.12.egg-info/top_level.txt\n'}
[2.478923] (px4_ros_com) StdoutLine: {'line': b'-- Installing: /home/mcfb/ros2_ws/install/px4_ros_com/lib/python3.12/site-packages/px4_ros_com-0.1.0-py3.12.egg-info/PKG-INFO\n'}
[2.479007] (px4_ros_com) StdoutLine: {'line': b'-- Up-to-date: /home/mcfb/ros2_ws/install/px4_ros_com/lib/python3.12/site-packages/px4_ros_com\n'}
[2.479060] (px4_ros_com) StdoutLine: {'line': b'-- Up-to-date: /home/mcfb/ros2_ws/install/px4_ros_com/lib/python3.12/site-packages/px4_ros_com/__init__.py\n'}
[2.479113] (px4_ros_com) StdoutLine: {'line': b'-- Up-to-date: /home/mcfb/ros2_ws/install/px4_ros_com/lib/python3.12/site-packages/px4_ros_com/module_to_import.py\n'}
[2.489446] (px4_offboard) Command: {'cmd': ['/usr/bin/python3', '-W', 'ignore:setup.py install is deprecated', '-W', 'ignore:easy_install command is deprecated', 'setup.py', 'egg_info', '--egg-base', '../../build/px4_offboard', 'build', '--build-base', '/home/mcfb/ros2_ws/build/px4_offboard/build', 'install', '--record', '/home/mcfb/ros2_ws/build/px4_offboard/install.log', '--single-version-externally-managed', 'install_data'], 'cwd': '/home/mcfb/ros2_ws/src/px4-offboard', 'env': {'LESSOPEN': '| /usr/bin/lesspipe %s', 'USER': 'mcfb', 'GZ_CONFIG_PATH': '/opt/ros/jazzy/opt/gz_sim_vendor/share/gz:/opt/ros/jazzy/opt/sdformat_vendor/share/gz:/opt/ros/jazzy/opt/gz_gui_vendor/share/gz:/opt/ros/jazzy/opt/gz_transport_vendor/share/gz:/opt/ros/jazzy/opt/gz_rendering_vendor/share/gz:/opt/ros/jazzy/opt/gz_plugin_vendor/share/gz:/opt/ros/jazzy/opt/gz_fuel_tools_vendor/share/gz:/opt/ros/jazzy/opt/gz_msgs_vendor/share/gz:/opt/ros/jazzy/opt/gz_common_vendor/share/gz', 'XDG_SESSION_TYPE': 'x11', 'CLUTTER_DISABLE_MIPMAPPED_TEXT': '1', 'SHLVL': '1', 'LD_LIBRARY_PATH': '/home/mcfb/ros2_ws/install/px4_msgs/lib:/home/mcfb/ros2_ws/install/px4_ros_com/lib:/opt/ros/jazzy/opt/gz_sim_vendor/lib:/opt/ros/jazzy/opt/gz_sensors_vendor/lib:/opt/ros/jazzy/opt/gz_physics_vendor/lib:/opt/ros/jazzy/opt/sdformat_vendor/lib:/opt/ros/jazzy/opt/rviz_ogre_vendor/lib:/opt/ros/jazzy/lib/x86_64-linux-gnu:/opt/ros/jazzy/opt/gz_gui_vendor/lib:/opt/ros/jazzy/opt/gz_transport_vendor/lib:/opt/ros/jazzy/opt/gz_rendering_vendor/lib:/opt/ros/jazzy/opt/gz_plugin_vendor/lib:/opt/ros/jazzy/opt/gz_fuel_tools_vendor/lib:/opt/ros/jazzy/opt/gz_msgs_vendor/lib:/opt/ros/jazzy/opt/gz_common_vendor/lib:/opt/ros/jazzy/opt/gz_math_vendor/lib:/opt/ros/jazzy/opt/gz_utils_vendor/lib:/opt/ros/jazzy/opt/gz_tools_vendor/lib:/opt/ros/jazzy/opt/gz_ogre_next_vendor/lib:/opt/ros/jazzy/opt/gz_dartsim_vendor/lib:/opt/ros/jazzy/opt/gz_cmake_vendor/lib:/opt/ros/jazzy/lib', 'HOME': '/home/mcfb', 'OLDPWD': '/home/mcfb/ros2_ws/install', 'DESKTOP_SESSION': 'ubuntu', 'ROS_PYTHON_VERSION': '3', 'GNOME_SHELL_SESSION_MODE': 'ubuntu', 'GTK_MODULES': 'gail:atk-bridge', 'SYSTEMD_EXEC_PID': '2870', 'GSM_SKIP_SSH_AGENT_WORKAROUND': 'true', 'DBUS_SESSION_BUS_ADDRESS': 'unix:path=/run/user/1000/bus', 'COLORTERM': 'truecolor', 'DEBUGINFOD_URLS': 'https://debuginfod.ubuntu.com', 'COLCON_PREFIX_PATH': '/home/mcfb/ros2_ws/install', 'ROS_DISTRO': 'jazzy', 'LOGNAME': 'mcfb', '_': '/usr/bin/colcon', 'ROS_VERSION': '2', 'MEMORY_PRESSURE_WATCH': '/sys/fs/cgroup/user.slice/user-1000.slice/user@1000.service/session.slice/org.gnome.Shell@x11.service/memory.pressure', 'XDG_SESSION_CLASS': 'user', 'USERNAME': 'mcfb', 'TERM': 'xterm-256color', 'GNOME_DESKTOP_SESSION_ID': 'this-is-deprecated', 'WINDOWPATH': '2', 'PATH': '/opt/ros/jazzy/opt/gz_msgs_vendor/bin:/opt/ros/jazzy/opt/gz_tools_vendor/bin:/opt/ros/jazzy/opt/gz_ogre_next_vendor/bin:/opt/ros/jazzy/bin:/home/mcfb/.local/bin:/usr/local/sbin:/usr/local/bin:/usr/sbin:/usr/bin:/sbin:/bin:/usr/games:/usr/local/games:/snap/bin:/snap/bin:/opt/xtensa-esp-elf/bin/', 'SESSION_MANAGER': 'local/mcfb:@/tmp/.ICE-unix/2791,unix/mcfb:/tmp/.ICE-unix/2791', 'XDG_MENU_PREFIX': 'gnome-', 'GNOME_TERMINAL_SCREEN': '/org/gnome/Terminal/screen/cde57785_6625_4299_87b9_aa10803801d7', 'XDG_RUNTIME_DIR': '/run/user/1000', 'DISPLAY': ':1', 'LANG': 'en_US.UTF-8', 'XDG_CURRENT_DESKTOP': 'ubuntu:GNOME', 'XMODIFIERS': '@im=ibus', 'XDG_SESSION_DESKTOP': 'ubuntu', 'XAUTHORITY': '/run/user/1000/gdm/Xauthority', 'LS_COLORS': 'rs=0:di=01;34:ln=01;36:mh=00:pi=40;33:so=01;35:do=01;35:bd=40;33;01:cd=40;33;01:or=40;31;01:mi=00:su=37;41:sg=30;43:ca=00:tw=30;42:ow=34;42:st=37;44:ex=01;32:*.tar=01;31:*.tgz=01;31:*.arc=01;31:*.arj=01;31:*.taz=01;31:*.lha=01;31:*.lz4=01;31:*.lzh=01;31:*.lzma=01;31:*.tlz=01;31:*.txz=01;31:*.tzo=01;31:*.t7z=01;31:*.zip=01;31:*.z=01;31:*.dz=01;31:*.gz=01;31:*.lrz=01;31:*.lz=01;31:*.lzo=01;31:*.xz=01;31:*.zst=01;31:*.tzst=01;31:*.bz2=01;31:*.bz=01;31:*.tbz=01;31:*.tbz2=01;31:*.tz=01;31:*.deb=01;31:*.rpm=01;31:*.jar=01;31:*.war=01;31:*.ear=01;31:*.sar=01;31:*.rar=01;31:*.alz=01;31:*.ace=01;31:*.zoo=01;31:*.cpio=01;31:*.7z=01;31:*.rz=01;31:*.cab=01;31:*.wim=01;31:*.swm=01;31:*.dwm=01;31:*.esd=01;31:*.avif=01;35:*.jpg=01;35:*.jpeg=01;35:*.mjpg=01;35:*.mjpeg=01;35:*.gif=01;35:*.bmp=01;35:*.pbm=01;35:*.pgm=01;35:*.ppm=01;35:*.tga=01;35:*.xbm=01;35:*.xpm=01;35:*.tif=01;35:*.tiff=01;35:*.png=01;35:*.svg=01;35:*.svgz=01;35:*.mng=01;35:*.pcx=01;35:*.mov=01;35:*.mpg=01;35:*.mpeg=01;35:*.m2v=01;35:*.mkv=01;35:*.webm=01;35:*.webp=01;35:*.ogm=01;35:*.mp4=01;35:*.m4v=01;35:*.mp4v=01;35:*.vob=01;35:*.qt=01;35:*.nuv=01;35:*.wmv=01;35:*.asf=01;35:*.rm=01;35:*.rmvb=01;35:*.flc=01;35:*.avi=01;35:*.fli=01;35:*.flv=01;35:*.gl=01;35:*.dl=01;35:*.xcf=01;35:*.xwd=01;35:*.yuv=01;35:*.cgm=01;35:*.emf=01;35:*.ogv=01;35:*.ogx=01;35:*.aac=00;36:*.au=00;36:*.flac=00;36:*.m4a=00;36:*.mid=00;36:*.midi=00;36:*.mka=00;36:*.mp3=00;36:*.mpc=00;36:*.ogg=00;36:*.ra=00;36:*.wav=00;36:*.oga=00;36:*.opus=00;36:*.spx=00;36:*.xspf=00;36:*~=00;90:*#=00;90:*.bak=00;90:*.crdownload=00;90:*.dpkg-dist=00;90:*.dpkg-new=00;90:*.dpkg-old=00;90:*.dpkg-tmp=00;90:*.old=00;90:*.orig=00;90:*.part=00;90:*.rej=00;90:*.rpmnew=00;90:*.rpmorig=00;90:*.rpmsave=00;90:*.swp=00;90:*.tmp=00;90:*.ucf-dist=00;90:*.ucf-new=00;90:*.ucf-old=00;90:', 'GNOME_TERMINAL_SERVICE': ':1.116', 'SSH_AUTH_SOCK': '/run/user/1000/keyring/ssh', 'AMENT_PREFIX_PATH': '/home/mcfb/ros2_ws/install/px4_ros_com:/home/mcfb/ros2_ws/install/px4_offboard:/home/mcfb/ros2_ws/install/px4_msgs:/home/mcfb/ros2_ws/install/ai_navigator:/opt/ros/jazzy', 'SHELL': '/bin/bash', 'QT_ACCESSIBILITY': '1', 'GDMSESSION': 'ubuntu', 'LESSCLOSE': '/usr/bin/lesspipe %s %s', 'IGN_GAZEBO_RESOURCE_PATH': '/opt/ros/jazzy/share', 'GPG_AGENT_INFO': '/run/user/1000/gnupg/S.gpg-agent:0:1', 'ROS_AUTOMATIC_DISCOVERY_RANGE': 'SUBNET', 'QT_IM_MODULE': 'ibus', 'PWD': '/home/mcfb/ros2_ws/build/px4_offboard', 'LC_ALL': 'en_US.UTF-8', 'XDG_CONFIG_DIRS': '/etc/xdg/xdg-ubuntu:/etc/xdg', 'XDG_DATA_DIRS': '/usr/share/ubuntu:/usr/share/gnome:/usr/local/share/:/usr/share/:/var/lib/snapd/desktop', 'PYTHONPATH': '/home/mcfb/ros2_ws/build/px4_offboard/prefix_override:/usr/lib/python3/dist-packages/colcon_core/task/python/colcon_distutils_commands:/home/mcfb/ros2_ws/install/px4_offboard/lib/python3.12/site-packages:/home/mcfb/ros2_ws/install/px4_msgs/lib/python3.12/site-packages:/home/mcfb/ros2_ws/install/px4_ros_com/lib/python3.12/site-packages:/home/mcfb/ros2_ws/install/px4_offboard/lib/python3.12/site-packages:/home/mcfb/ros2_ws/install/ai_navigator/lib/python3.12/site-packages:/home/mcfb/drone_venv/lib/python3.12/site-packages:/opt/ros/jazzy/lib/python3.12/site-packages', 'COLCON': '1', 'MEMORY_PRESSURE_WRITE': 'c29tZSAyMDAwMDAgMjAwMDAwMAA=', 'VTE_VERSION': '7600', 'CMAKE_PREFIX_PATH': '/home/mcfb/ros2_ws/install/px4_msgs:/home/mcfb/ros2_ws/install/px4_ros_com:/opt/ros/jazzy/opt/gz_sim_vendor:/opt/ros/jazzy/opt/gz_sensors_vendor:/opt/ros/jazzy/opt/gz_physics_vendor:/opt/ros/jazzy/opt/sdformat_vendor:/opt/ros/jazzy/opt/gz_gui_vendor:/opt/ros/jazzy/opt/gz_transport_vendor:/opt/ros/jazzy/opt/gz_rendering_vendor:/opt/ros/jazzy/opt/gz_plugin_vendor:/opt/ros/jazzy/opt/gz_fuel_tools_vendor:/opt/ros/jazzy/opt/gz_msgs_vendor:/opt/ros/jazzy/opt/gz_common_vendor:/opt/ros/jazzy/opt/gz_math_vendor:/opt/ros/jazzy/opt/gz_utils_vendor:/opt/ros/jazzy/opt/gz_tools_vendor:/opt/ros/jazzy/opt/gz_ogre_next_vendor:/opt/ros/jazzy/opt/gz_dartsim_vendor:/opt/ros/jazzy/opt/gz_cmake_vendor'}, 'shell': False}
[2.503608] (-) TimerEvent: {}
[2.510294] (px4_ros_com) StdoutLine: {'line': b"Listing '/home/mcfb/ros2_ws/install/px4_ros_com/lib/python3.12/site-packages/px4_ros_com'...\n"}
[2.517453] (px4_ros_com) StdoutLine: {'line': b'-- Up-to-date: /home/mcfb/ros2_ws/install/px4_ros_com/lib/px4_ros_com/offboard_control.py\n'}
[2.517902] (px4_ros_com) StdoutLine: {'line': b'-- Up-to-date: /home/mcfb/ros2_ws/install/px4_ros_com/share/ament_index/resource_index/package_run_dependencies/px4_ros_com\n'}
[2.518144] (px4_ros_com) StdoutLine: {'line': b'-- Up-to-date: /home/mcfb/ros2_ws/install/px4_ros_com/share/ament_index/resource_index/parent_prefix_path/px4_ros_com\n'}
[2.518200] (px4_ros_com) StdoutLine: {'line': b'-- Up-to-date: /home/mcfb/ros2_ws/install/px4_ros_com/share/px4_ros_com/environment/ament_prefix_path.sh\n'}
[2.518247] (px4_ros_com) StdoutLine: {'line': b'-- Up-to-date: /home/mcfb/ros2_ws/install/px4_ros_com/share/px4_ros_com/environment/ament_prefix_path.dsv\n'}
[2.518315] (px4_ros_com) StdoutLine: {'line': b'-- Up-to-date: /home/mcfb/ros2_ws/install/px4_ros_com/share/px4_ros_com/environment/path.sh\n'}
[2.518360] (px4_ros_com) StdoutLine: {'line': b'-- Up-to-date: /home/mcfb/ros2_ws/install/px4_ros_com/share/px4_ros_com/environment/path.dsv\n'}
[2.518403] (px4_ros_com) StdoutLine: {'line': b'-- Up-to-date: /home/mcfb/ros2_ws/install/px4_ros_com/share/px4_ros_com/local_setup.bash\n'}
[2.518445] (px4_ros_com) StdoutLine: {'line': b'-- Up-to-date: /home/mcfb/ros2_ws/install/px4_ros_com/share/px4_ros_com/local_setup.sh\n'}
[2.518488] (px4_ros_com) StdoutLine: {'line': b'-- Up-to-date: /home/mcfb/ros2_ws/install/px4_ros_com/share/px4_ros_com/local_setup.zsh\n'}
[2.518530] (px4_ros_com) StdoutLine: {'line': b'-- Up-to-date: /home/mcfb/ros2_ws/install/px4_ros_com/share/px4_ros_com/local_setup.dsv\n'}
[2.518572] (px4_ros_com) StdoutLine: {'line': b'-- Installing: /home/mcfb/ros2_ws/install/px4_ros_com/share/px4_ros_com/package.dsv\n'}
[2.518963] (px4_ros_com) StdoutLine: {'line': b'-- Up-to-date: /home/mcfb/ros2_ws/install/px4_ros_com/share/ament_index/resource_index/packages/px4_ros_com\n'}
[2.519314] (px4_ros_com) StdoutLine: {'line': b'-- Up-to-date: /home/mcfb/ros2_ws/install/px4_ros_com/share/px4_ros_com/cmake/export_frame_transformsExport.cmake\n'}
[2.519383] (px4_ros_com) StdoutLine: {'line': b'-- Up-to-date: /home/mcfb/ros2_ws/install/px4_ros_com/share/px4_ros_com/cmake/export_frame_transformsExport-noconfig.cmake\n'}
[2.519911] (px4_ros_com) StdoutLine: {'line': b'-- Up-to-date: /home/mcfb/ros2_ws/install/px4_ros_com/share/px4_ros_com/cmake/ament_cmake_export_dependencies-extras.cmake\n'}
[2.520040] (px4_ros_com) StdoutLine: {'line': b'-- Up-to-date: /home/mcfb/ros2_ws/install/px4_ros_com/share/px4_ros_com/cmake/ament_cmake_export_targets-extras.cmake\n'}
[2.520087] (px4_ros_com) StdoutLine: {'line': b'-- Up-to-date: /home/mcfb/ros2_ws/install/px4_ros_com/share/px4_ros_com/cmake/ament_cmake_export_include_directories-extras.cmake\n'}
[2.520129] (px4_ros_com) StdoutLine: {'line': b'-- Up-to-date: /home/mcfb/ros2_ws/install/px4_ros_com/share/px4_ros_com/cmake/ament_cmake_export_libraries-extras.cmake\n'}
[2.520173] (px4_ros_com) StdoutLine: {'line': b'-- Up-to-date: /home/mcfb/ros2_ws/install/px4_ros_com/share/px4_ros_com/cmake/px4_ros_comConfig.cmake\n'}
[2.520212] (px4_ros_com) StdoutLine: {'line': b'-- Up-to-date: /home/mcfb/ros2_ws/install/px4_ros_com/share/px4_ros_com/cmake/px4_ros_comConfig-version.cmake\n'}
[2.520248] (px4_ros_com) StdoutLine: {'line': b'-- Up-to-date: /home/mcfb/ros2_ws/install/px4_ros_com/share/px4_ros_com/package.xml\n'}
[2.520286] (px4_ros_com) CommandEnded: {'returncode': 0}
[2.535568] (px4_ros_com) JobEnded: {'identifier': 'px4_ros_com', 'rc': 0}
[2.603706] (-) TimerEvent: {}
[2.703957] (-) TimerEvent: {}
[2.735354] (px4_offboard) StdoutLine: {'line': b'running egg_info\n'}
[2.752550] (px4_offboard) StdoutLine: {'line': b'writing ../../build/px4_offboard/px4_offboard.egg-info/PKG-INFO\n'}
[2.752871] (px4_offboard) StdoutLine: {'line': b'writing dependency_links to ../../build/px4_offboard/px4_offboard.egg-info/dependency_links.txt\n'}
[2.753006] (px4_offboard) StdoutLine: {'line': b'writing entry points to ../../build/px4_offboard/px4_offboard.egg-info/entry_points.txt\n'}
[2.753124] (px4_offboard) StdoutLine: {'line': b'writing requirements to ../../build/px4_offboard/px4_offboard.egg-info/requires.txt\n'}
[2.753222] (px4_offboard) StdoutLine: {'line': b'writing top-level names to ../../build/px4_offboard/px4_offboard.egg-info/top_level.txt\n'}
[2.788038] (px4_offboard) StdoutLine: {'line': b"reading manifest file '../../build/px4_offboard/px4_offboard.egg-info/SOURCES.txt'\n"}
[2.788318] (px4_offboard) StdoutLine: {'line': b"adding license file 'LICENSE'\n"}
[2.788956] (px4_offboard) StdoutLine: {'line': b"writing manifest file '../../build/px4_offboard/px4_offboard.egg-info/SOURCES.txt'\n"}
[2.789093] (px4_offboard) StdoutLine: {'line': b'running build\n'}
[2.789168] (px4_offboard) StdoutLine: {'line': b'running build_py\n'}
[2.789289] (px4_offboard) StdoutLine: {'line': b'copying px4_offboard/offboard_control.py -> /home/mcfb/ros2_ws/build/px4_offboard/build/lib/px4_offboard\n'}
[2.789452] (px4_offboard) StdoutLine: {'line': b'copying px4_offboard/__init__.py -> /home/mcfb/ros2_ws/build/px4_offboard/build/lib/px4_offboard\n'}
[2.789531] (px4_offboard) StdoutLine: {'line': b'copying px4_offboard/visualizer.py -> /home/mcfb/ros2_ws/build/px4_offboard/build/lib/px4_offboard\n'}
[2.789804] (px4_offboard) StdoutLine: {'line': b'running install\n'}
[2.793388] (px4_offboard) StdoutLine: {'line': b'running install_lib\n'}
[2.804052] (-) TimerEvent: {}
[2.814401] (px4_offboard) StdoutLine: {'line': b'running install_data\n'}
[2.814820] (px4_offboard) StdoutLine: {'line': b'copying resource/px4_offboard -> /home/mcfb/ros2_ws/install/px4_offboard/share/ament_index/resource_index/packages\n'}
[2.814974] (px4_offboard) StdoutLine: {'line': b'copying resource/visualize.rviz -> /home/mcfb/ros2_ws/install/px4_offboard/share/ament_index/resource_index/packages\n'}
[2.815035] (px4_offboard) StdoutLine: {'line': b'copying package.xml -> /home/mcfb/ros2_ws/install/px4_offboard/share/px4_offboard\n'}
[2.815147] (px4_offboard) StdoutLine: {'line': b'copying launch/offboard_position_control.launch.py -> /home/mcfb/ros2_ws/install/px4_offboard/share/px4_offboard\n'}
[2.815228] (px4_offboard) StdoutLine: {'line': b'copying launch/offboard_hardware_position_control.launch.py -> /home/mcfb/ros2_ws/install/px4_offboard/share/px4_offboard\n'}
[2.815295] (px4_offboard) StdoutLine: {'line': b'copying launch/visualize.launch.py -> /home/mcfb/ros2_ws/install/px4_offboard/share/px4_offboard\n'}
[2.815363] (px4_offboard) StdoutLine: {'line': b'copying resource/visualize.rviz -> /home/mcfb/ros2_ws/install/px4_offboard/share/px4_offboard\n'}
[2.815410] (px4_offboard) StdoutLine: {'line': b'running install_egg_info\n'}
[2.831571] (px4_offboard) StdoutLine: {'line': b"removing '/home/mcfb/ros2_ws/install/px4_offboard/lib/python3.12/site-packages/px4_offboard-0.0.0-py3.12.egg-info' (and everything under it)\n"}
[2.831780] (px4_offboard) StdoutLine: {'line': b'Copying ../../build/px4_offboard/px4_offboard.egg-info to /home/mcfb/ros2_ws/install/px4_offboard/lib/python3.12/site-packages/px4_offboard-0.0.0-py3.12.egg-info\n'}
[2.832170] (px4_offboard) StdoutLine: {'line': b'running install_scripts\n'}
[2.870449] (px4_offboard) StdoutLine: {'line': b'Installing offboard_control script to /home/mcfb/ros2_ws/install/px4_offboard/lib/px4_offboard\n'}
[2.870686] (px4_offboard) StdoutLine: {'line': b'Installing visualizer script to /home/mcfb/ros2_ws/install/px4_offboard/lib/px4_offboard\n'}
[2.871210] (px4_offboard) StdoutLine: {'line': b"writing list of installed files to '/home/mcfb/ros2_ws/build/px4_offboard/install.log'\n"}
[2.900713] (px4_offboard) CommandEnded: {'returncode': 0}
[2.904373] (-) TimerEvent: {}
[2.907143] (px4_offboard) JobEnded: {'identifier': 'px4_offboard', 'rc': 0}
[2.907766] (-) EventReactorShutdown: {}
