[0.000000] (-) TimerEvent: {}
[0.000643] (ai_navigator) JobQueued: {'identifier': 'ai_navigator', 'dependencies': OrderedDict()}
[0.000769] (px4_msgs) JobQueued: {'identifier': 'px4_msgs', 'dependencies': OrderedDict()}
[0.000795] (px4_offboard) JobQueued: {'identifier': 'px4_offboard', 'dependencies': OrderedDict({'px4_msgs': '/home/mcfb/ros2_ws/install/px4_msgs'})}
[0.000814] (px4_ros_com) JobQueued: {'identifier': 'px4_ros_com', 'dependencies': OrderedDict({'px4_msgs': '/home/mcfb/ros2_ws/install/px4_msgs'})}
[0.000829] (px4_msgs) JobStarted: {'identifier': 'px4_msgs'}
[0.006409] (ai_navigator) JobStarted: {'identifier': 'ai_navigator'}
[0.013923] (px4_msgs) JobProgress: {'identifier': 'px4_msgs', 'progress': 'cmake'}
[0.014337] (px4_msgs) JobProgress: {'identifier': 'px4_msgs', 'progress': 'build'}
[0.014894] (px4_msgs) Command: {'cmd': ['/usr/bin/cmake', '--build', '/home/mcfb/ros2_ws/build/px4_msgs', '--', '-j12', '-l12'], 'cwd': '/home/mcfb/ros2_ws/build/px4_msgs', 'env': OrderedDict({'LESSOPEN': '| /usr/bin/lesspipe %s', 'USER': 'mcfb', 'GZ_CONFIG_PATH': '/opt/ros/jazzy/opt/gz_sim_vendor/share/gz:/opt/ros/jazzy/opt/sdformat_vendor/share/gz:/opt/ros/jazzy/opt/gz_gui_vendor/share/gz:/opt/ros/jazzy/opt/gz_transport_vendor/share/gz:/opt/ros/jazzy/opt/gz_rendering_vendor/share/gz:/opt/ros/jazzy/opt/gz_plugin_vendor/share/gz:/opt/ros/jazzy/opt/gz_fuel_tools_vendor/share/gz:/opt/ros/jazzy/opt/gz_msgs_vendor/share/gz:/opt/ros/jazzy/opt/gz_common_vendor/share/gz', 'XDG_SESSION_TYPE': 'x11', 'CLUTTER_DISABLE_MIPMAPPED_TEXT': '1', 'SHLVL': '1', 'LD_LIBRARY_PATH': '/home/mcfb/ros2_ws/install/px4_ros_com/lib:/home/mcfb/ros2_ws/install/px4_msgs/lib:/opt/ros/jazzy/opt/gz_sim_vendor/lib:/opt/ros/jazzy/opt/gz_sensors_vendor/lib:/opt/ros/jazzy/opt/gz_physics_vendor/lib:/opt/ros/jazzy/opt/sdformat_vendor/lib:/opt/ros/jazzy/opt/rviz_ogre_vendor/lib:/opt/ros/jazzy/lib/x86_64-linux-gnu:/opt/ros/jazzy/opt/gz_gui_vendor/lib:/opt/ros/jazzy/opt/gz_transport_vendor/lib:/opt/ros/jazzy/opt/gz_rendering_vendor/lib:/opt/ros/jazzy/opt/gz_plugin_vendor/lib:/opt/ros/jazzy/opt/gz_fuel_tools_vendor/lib:/opt/ros/jazzy/opt/gz_msgs_vendor/lib:/opt/ros/jazzy/opt/gz_common_vendor/lib:/opt/ros/jazzy/opt/gz_math_vendor/lib:/opt/ros/jazzy/opt/gz_utils_vendor/lib:/opt/ros/jazzy/opt/gz_tools_vendor/lib:/opt/ros/jazzy/opt/gz_ogre_next_vendor/lib:/opt/ros/jazzy/opt/gz_dartsim_vendor/lib:/opt/ros/jazzy/opt/gz_cmake_vendor/lib:/opt/ros/jazzy/lib', 'HOME': '/home/mcfb', 'OLDPWD': '/home/mcfb', 'DESKTOP_SESSION': 'ubuntu', 'ROS_PYTHON_VERSION': '3', 'GNOME_SHELL_SESSION_MODE': 'ubuntu', 'GTK_MODULES': 'gail:atk-bridge', 'SYSTEMD_EXEC_PID': '2892', 'GSM_SKIP_SSH_AGENT_WORKAROUND': 'true', 'DBUS_SESSION_BUS_ADDRESS': 'unix:path=/run/user/1000/bus', 'COLORTERM': 'truecolor', 'DEBUGINFOD_URLS': 'https://debuginfod.ubuntu.com', 'COLCON_PREFIX_PATH': '/home/mcfb/ros2_ws/install', 'ROS_DISTRO': 'jazzy', 'LOGNAME': 'mcfb', '_': '/usr/bin/colcon', 'ROS_VERSION': '2', 'MEMORY_PRESSURE_WATCH': '/sys/fs/cgroup/user.slice/user-1000.slice/user@1000.service/session.slice/org.gnome.Shell@x11.service/memory.pressure', 'XDG_SESSION_CLASS': 'user', 'USERNAME': 'mcfb', 'TERM': 'xterm-256color', 'GNOME_DESKTOP_SESSION_ID': 'this-is-deprecated', 'WINDOWPATH': '2', 'PATH': '/opt/ros/jazzy/opt/gz_msgs_vendor/bin:/opt/ros/jazzy/opt/gz_tools_vendor/bin:/opt/ros/jazzy/opt/gz_ogre_next_vendor/bin:/opt/ros/jazzy/bin:/home/mcfb/.local/bin:/usr/local/sbin:/usr/local/bin:/usr/sbin:/usr/bin:/sbin:/bin:/usr/games:/usr/local/games:/snap/bin:/snap/bin:/opt/xtensa-esp-elf/bin/', 'SESSION_MANAGER': 'local/mcfb:@/tmp/.ICE-unix/2860,unix/mcfb:/tmp/.ICE-unix/2860', 'XDG_MENU_PREFIX': 'gnome-', 'GNOME_TERMINAL_SCREEN': '/org/gnome/Terminal/screen/635fe134_8057_4151_bd4d_d98d51531782', 'XDG_RUNTIME_DIR': '/run/user/1000', 'DISPLAY': ':1', 'LANG': 'en_US.UTF-8', 'XDG_CURRENT_DESKTOP': 'ubuntu:GNOME', 'XMODIFIERS': '@im=ibus', 'XDG_SESSION_DESKTOP': 'ubuntu', 'XAUTHORITY': '/run/user/1000/gdm/Xauthority', 'LS_COLORS': 'rs=0:di=01;34:ln=01;36:mh=00:pi=40;33:so=01;35:do=01;35:bd=40;33;01:cd=40;33;01:or=40;31;01:mi=00:su=37;41:sg=30;43:ca=00:tw=30;42:ow=34;42:st=37;44:ex=01;32:*.tar=01;31:*.tgz=01;31:*.arc=01;31:*.arj=01;31:*.taz=01;31:*.lha=01;31:*.lz4=01;31:*.lzh=01;31:*.lzma=01;31:*.tlz=01;31:*.txz=01;31:*.tzo=01;31:*.t7z=01;31:*.zip=01;31:*.z=01;31:*.dz=01;31:*.gz=01;31:*.lrz=01;31:*.lz=01;31:*.lzo=01;31:*.xz=01;31:*.zst=01;31:*.tzst=01;31:*.bz2=01;31:*.bz=01;31:*.tbz=01;31:*.tbz2=01;31:*.tz=01;31:*.deb=01;31:*.rpm=01;31:*.jar=01;31:*.war=01;31:*.ear=01;31:*.sar=01;31:*.rar=01;31:*.alz=01;31:*.ace=01;31:*.zoo=01;31:*.cpio=01;31:*.7z=01;31:*.rz=01;31:*.cab=01;31:*.wim=01;31:*.swm=01;31:*.dwm=01;31:*.esd=01;31:*.avif=01;35:*.jpg=01;35:*.jpeg=01;35:*.mjpg=01;35:*.mjpeg=01;35:*.gif=01;35:*.bmp=01;35:*.pbm=01;35:*.pgm=01;35:*.ppm=01;35:*.tga=01;35:*.xbm=01;35:*.xpm=01;35:*.tif=01;35:*.tiff=01;35:*.png=01;35:*.svg=01;35:*.svgz=01;35:*.mng=01;35:*.pcx=01;35:*.mov=01;35:*.mpg=01;35:*.mpeg=01;35:*.m2v=01;35:*.mkv=01;35:*.webm=01;35:*.webp=01;35:*.ogm=01;35:*.mp4=01;35:*.m4v=01;35:*.mp4v=01;35:*.vob=01;35:*.qt=01;35:*.nuv=01;35:*.wmv=01;35:*.asf=01;35:*.rm=01;35:*.rmvb=01;35:*.flc=01;35:*.avi=01;35:*.fli=01;35:*.flv=01;35:*.gl=01;35:*.dl=01;35:*.xcf=01;35:*.xwd=01;35:*.yuv=01;35:*.cgm=01;35:*.emf=01;35:*.ogv=01;35:*.ogx=01;35:*.aac=00;36:*.au=00;36:*.flac=00;36:*.m4a=00;36:*.mid=00;36:*.midi=00;36:*.mka=00;36:*.mp3=00;36:*.mpc=00;36:*.ogg=00;36:*.ra=00;36:*.wav=00;36:*.oga=00;36:*.opus=00;36:*.spx=00;36:*.xspf=00;36:*~=00;90:*#=00;90:*.bak=00;90:*.crdownload=00;90:*.dpkg-dist=00;90:*.dpkg-new=00;90:*.dpkg-old=00;90:*.dpkg-tmp=00;90:*.old=00;90:*.orig=00;90:*.part=00;90:*.rej=00;90:*.rpmnew=00;90:*.rpmorig=00;90:*.rpmsave=00;90:*.swp=00;90:*.tmp=00;90:*.ucf-dist=00;90:*.ucf-new=00;90:*.ucf-old=00;90:', 'GNOME_TERMINAL_SERVICE': ':1.114', 'SSH_AUTH_SOCK': '/run/user/1000/keyring/ssh', 'AMENT_PREFIX_PATH': '/home/mcfb/ros2_ws/install/ai_navigator:/home/mcfb/ros2_ws/install/px4_ros_com:/home/mcfb/ros2_ws/install/px4_offboard:/home/mcfb/ros2_ws/install/px4_msgs:/opt/ros/jazzy', 'SHELL': '/bin/bash', 'QT_ACCESSIBILITY': '1', 'GDMSESSION': 'ubuntu', 'LESSCLOSE': '/usr/bin/lesspipe %s %s', 'IGN_GAZEBO_RESOURCE_PATH': '/opt/ros/jazzy/share', 'GPG_AGENT_INFO': '/run/user/1000/gnupg/S.gpg-agent:0:1', 'ROS_AUTOMATIC_DISCOVERY_RANGE': 'SUBNET', 'QT_IM_MODULE': 'ibus', 'PWD': '/home/mcfb/ros2_ws/build/px4_msgs', 'LC_ALL': 'en_US.UTF-8', 'XDG_CONFIG_DIRS': '/etc/xdg/xdg-ubuntu:/etc/xdg', 'XDG_DATA_DIRS': '/usr/share/ubuntu:/usr/share/gnome:/usr/local/share/:/usr/share/:/var/lib/snapd/desktop', 'PYTHONPATH': '/home/mcfb/ros2_ws/install/ai_navigator/lib/python3.12/site-packages:/home/mcfb/ros2_ws/install/px4_ros_com/lib/python3.12/site-packages:/home/mcfb/ros2_ws/install/px4_offboard/lib/python3.12/site-packages:/home/mcfb/ros2_ws/install/px4_msgs/lib/python3.12/site-packages:/home/mcfb/drone_venv/lib/python3.12/site-packages:/opt/ros/jazzy/lib/python3.12/site-packages', 'COLCON': '1', 'MEMORY_PRESSURE_WRITE': 'c29tZSAyMDAwMDAgMjAwMDAwMAA=', 'VTE_VERSION': '7600', 'CMAKE_PREFIX_PATH': '/home/mcfb/ros2_ws/install/px4_ros_com:/home/mcfb/ros2_ws/install/px4_msgs:/opt/ros/jazzy/opt/gz_sim_vendor:/opt/ros/jazzy/opt/gz_sensors_vendor:/opt/ros/jazzy/opt/gz_physics_vendor:/opt/ros/jazzy/opt/sdformat_vendor:/opt/ros/jazzy/opt/gz_gui_vendor:/opt/ros/jazzy/opt/gz_transport_vendor:/opt/ros/jazzy/opt/gz_rendering_vendor:/opt/ros/jazzy/opt/gz_plugin_vendor:/opt/ros/jazzy/opt/gz_fuel_tools_vendor:/opt/ros/jazzy/opt/gz_msgs_vendor:/opt/ros/jazzy/opt/gz_common_vendor:/opt/ros/jazzy/opt/gz_math_vendor:/opt/ros/jazzy/opt/gz_utils_vendor:/opt/ros/jazzy/opt/gz_tools_vendor:/opt/ros/jazzy/opt/gz_ogre_next_vendor:/opt/ros/jazzy/opt/gz_dartsim_vendor:/opt/ros/jazzy/opt/gz_cmake_vendor:/home/mcfb/ros2_ws/install/ai_navigator:/home/mcfb/ros2_ws/install/px4_offboard:/opt/ros/jazzy'}), 'shell': False}
[0.099771] (-) TimerEvent: {}
[0.200061] (-) TimerEvent: {}
[0.300334] (-) TimerEvent: {}
[0.400583] (-) TimerEvent: {}
[0.500833] (-) TimerEvent: {}
[0.601109] (-) TimerEvent: {}
[0.629265] (ai_navigator) Command: {'cmd': ['/usr/bin/python3', '-W', 'ignore:setup.py install is deprecated', '-W', 'ignore:easy_install command is deprecated', 'setup.py', 'egg_info', '--egg-base', '../../build/ai_navigator', 'build', '--build-base', '/home/mcfb/ros2_ws/build/ai_navigator/build', 'install', '--record', '/home/mcfb/ros2_ws/build/ai_navigator/install.log', '--single-version-externally-managed', 'install_data'], 'cwd': '/home/mcfb/ros2_ws/src/ai_navigator', 'env': {'LESSOPEN': '| /usr/bin/lesspipe %s', 'USER': 'mcfb', 'GZ_CONFIG_PATH': '/opt/ros/jazzy/opt/gz_sim_vendor/share/gz:/opt/ros/jazzy/opt/sdformat_vendor/share/gz:/opt/ros/jazzy/opt/gz_gui_vendor/share/gz:/opt/ros/jazzy/opt/gz_transport_vendor/share/gz:/opt/ros/jazzy/opt/gz_rendering_vendor/share/gz:/opt/ros/jazzy/opt/gz_plugin_vendor/share/gz:/opt/ros/jazzy/opt/gz_fuel_tools_vendor/share/gz:/opt/ros/jazzy/opt/gz_msgs_vendor/share/gz:/opt/ros/jazzy/opt/gz_common_vendor/share/gz', 'XDG_SESSION_TYPE': 'x11', 'CLUTTER_DISABLE_MIPMAPPED_TEXT': '1', 'SHLVL': '1', 'LD_LIBRARY_PATH': '/home/mcfb/ros2_ws/install/px4_ros_com/lib:/home/mcfb/ros2_ws/install/px4_msgs/lib:/opt/ros/jazzy/opt/gz_sim_vendor/lib:/opt/ros/jazzy/opt/gz_sensors_vendor/lib:/opt/ros/jazzy/opt/gz_physics_vendor/lib:/opt/ros/jazzy/opt/sdformat_vendor/lib:/opt/ros/jazzy/opt/rviz_ogre_vendor/lib:/opt/ros/jazzy/lib/x86_64-linux-gnu:/opt/ros/jazzy/opt/gz_gui_vendor/lib:/opt/ros/jazzy/opt/gz_transport_vendor/lib:/opt/ros/jazzy/opt/gz_rendering_vendor/lib:/opt/ros/jazzy/opt/gz_plugin_vendor/lib:/opt/ros/jazzy/opt/gz_fuel_tools_vendor/lib:/opt/ros/jazzy/opt/gz_msgs_vendor/lib:/opt/ros/jazzy/opt/gz_common_vendor/lib:/opt/ros/jazzy/opt/gz_math_vendor/lib:/opt/ros/jazzy/opt/gz_utils_vendor/lib:/opt/ros/jazzy/opt/gz_tools_vendor/lib:/opt/ros/jazzy/opt/gz_ogre_next_vendor/lib:/opt/ros/jazzy/opt/gz_dartsim_vendor/lib:/opt/ros/jazzy/opt/gz_cmake_vendor/lib:/opt/ros/jazzy/lib', 'HOME': '/home/mcfb', 'OLDPWD': '/home/mcfb', 'DESKTOP_SESSION': 'ubuntu', 'ROS_PYTHON_VERSION': '3', 'GNOME_SHELL_SESSION_MODE': 'ubuntu', 'GTK_MODULES': 'gail:atk-bridge', 'SYSTEMD_EXEC_PID': '2892', 'GSM_SKIP_SSH_AGENT_WORKAROUND': 'true', 'DBUS_SESSION_BUS_ADDRESS': 'unix:path=/run/user/1000/bus', 'COLORTERM': 'truecolor', 'DEBUGINFOD_URLS': 'https://debuginfod.ubuntu.com', 'COLCON_PREFIX_PATH': '/home/mcfb/ros2_ws/install', 'ROS_DISTRO': 'jazzy', 'LOGNAME': 'mcfb', '_': '/usr/bin/colcon', 'ROS_VERSION': '2', 'MEMORY_PRESSURE_WATCH': '/sys/fs/cgroup/user.slice/user-1000.slice/user@1000.service/session.slice/org.gnome.Shell@x11.service/memory.pressure', 'XDG_SESSION_CLASS': 'user', 'USERNAME': 'mcfb', 'TERM': 'xterm-256color', 'GNOME_DESKTOP_SESSION_ID': 'this-is-deprecated', 'WINDOWPATH': '2', 'PATH': '/opt/ros/jazzy/opt/gz_msgs_vendor/bin:/opt/ros/jazzy/opt/gz_tools_vendor/bin:/opt/ros/jazzy/opt/gz_ogre_next_vendor/bin:/opt/ros/jazzy/bin:/home/mcfb/.local/bin:/usr/local/sbin:/usr/local/bin:/usr/sbin:/usr/bin:/sbin:/bin:/usr/games:/usr/local/games:/snap/bin:/snap/bin:/opt/xtensa-esp-elf/bin/', 'SESSION_MANAGER': 'local/mcfb:@/tmp/.ICE-unix/2860,unix/mcfb:/tmp/.ICE-unix/2860', 'XDG_MENU_PREFIX': 'gnome-', 'GNOME_TERMINAL_SCREEN': '/org/gnome/Terminal/screen/635fe134_8057_4151_bd4d_d98d51531782', 'XDG_RUNTIME_DIR': '/run/user/1000', 'DISPLAY': ':1', 'LANG': 'en_US.UTF-8', 'XDG_CURRENT_DESKTOP': 'ubuntu:GNOME', 'XMODIFIERS': '@im=ibus', 'XDG_SESSION_DESKTOP': 'ubuntu', 'XAUTHORITY': '/run/user/1000/gdm/Xauthority', 'LS_COLORS': 'rs=0:di=01;34:ln=01;36:mh=00:pi=40;33:so=01;35:do=01;35:bd=40;33;01:cd=40;33;01:or=40;31;01:mi=00:su=37;41:sg=30;43:ca=00:tw=30;42:ow=34;42:st=37;44:ex=01;32:*.tar=01;31:*.tgz=01;31:*.arc=01;31:*.arj=01;31:*.taz=01;31:*.lha=01;31:*.lz4=01;31:*.lzh=01;31:*.lzma=01;31:*.tlz=01;31:*.txz=01;31:*.tzo=01;31:*.t7z=01;31:*.zip=01;31:*.z=01;31:*.dz=01;31:*.gz=01;31:*.lrz=01;31:*.lz=01;31:*.lzo=01;31:*.xz=01;31:*.zst=01;31:*.tzst=01;31:*.bz2=01;31:*.bz=01;31:*.tbz=01;31:*.tbz2=01;31:*.tz=01;31:*.deb=01;31:*.rpm=01;31:*.jar=01;31:*.war=01;31:*.ear=01;31:*.sar=01;31:*.rar=01;31:*.alz=01;31:*.ace=01;31:*.zoo=01;31:*.cpio=01;31:*.7z=01;31:*.rz=01;31:*.cab=01;31:*.wim=01;31:*.swm=01;31:*.dwm=01;31:*.esd=01;31:*.avif=01;35:*.jpg=01;35:*.jpeg=01;35:*.mjpg=01;35:*.mjpeg=01;35:*.gif=01;35:*.bmp=01;35:*.pbm=01;35:*.pgm=01;35:*.ppm=01;35:*.tga=01;35:*.xbm=01;35:*.xpm=01;35:*.tif=01;35:*.tiff=01;35:*.png=01;35:*.svg=01;35:*.svgz=01;35:*.mng=01;35:*.pcx=01;35:*.mov=01;35:*.mpg=01;35:*.mpeg=01;35:*.m2v=01;35:*.mkv=01;35:*.webm=01;35:*.webp=01;35:*.ogm=01;35:*.mp4=01;35:*.m4v=01;35:*.mp4v=01;35:*.vob=01;35:*.qt=01;35:*.nuv=01;35:*.wmv=01;35:*.asf=01;35:*.rm=01;35:*.rmvb=01;35:*.flc=01;35:*.avi=01;35:*.fli=01;35:*.flv=01;35:*.gl=01;35:*.dl=01;35:*.xcf=01;35:*.xwd=01;35:*.yuv=01;35:*.cgm=01;35:*.emf=01;35:*.ogv=01;35:*.ogx=01;35:*.aac=00;36:*.au=00;36:*.flac=00;36:*.m4a=00;36:*.mid=00;36:*.midi=00;36:*.mka=00;36:*.mp3=00;36:*.mpc=00;36:*.ogg=00;36:*.ra=00;36:*.wav=00;36:*.oga=00;36:*.opus=00;36:*.spx=00;36:*.xspf=00;36:*~=00;90:*#=00;90:*.bak=00;90:*.crdownload=00;90:*.dpkg-dist=00;90:*.dpkg-new=00;90:*.dpkg-old=00;90:*.dpkg-tmp=00;90:*.old=00;90:*.orig=00;90:*.part=00;90:*.rej=00;90:*.rpmnew=00;90:*.rpmorig=00;90:*.rpmsave=00;90:*.swp=00;90:*.tmp=00;90:*.ucf-dist=00;90:*.ucf-new=00;90:*.ucf-old=00;90:', 'GNOME_TERMINAL_SERVICE': ':1.114', 'SSH_AUTH_SOCK': '/run/user/1000/keyring/ssh', 'AMENT_PREFIX_PATH': '/home/mcfb/ros2_ws/install/ai_navigator:/home/mcfb/ros2_ws/install/px4_ros_com:/home/mcfb/ros2_ws/install/px4_offboard:/home/mcfb/ros2_ws/install/px4_msgs:/opt/ros/jazzy', 'SHELL': '/bin/bash', 'QT_ACCESSIBILITY': '1', 'GDMSESSION': 'ubuntu', 'LESSCLOSE': '/usr/bin/lesspipe %s %s', 'IGN_GAZEBO_RESOURCE_PATH': '/opt/ros/jazzy/share', 'GPG_AGENT_INFO': '/run/user/1000/gnupg/S.gpg-agent:0:1', 'ROS_AUTOMATIC_DISCOVERY_RANGE': 'SUBNET', 'QT_IM_MODULE': 'ibus', 'PWD': '/home/mcfb/ros2_ws/build/ai_navigator', 'LC_ALL': 'en_US.UTF-8', 'XDG_CONFIG_DIRS': '/etc/xdg/xdg-ubuntu:/etc/xdg', 'XDG_DATA_DIRS': '/usr/share/ubuntu:/usr/share/gnome:/usr/local/share/:/usr/share/:/var/lib/snapd/desktop', 'PYTHONPATH': '/home/mcfb/ros2_ws/build/ai_navigator/prefix_override:/usr/lib/python3/dist-packages/colcon_core/task/python/colcon_distutils_commands:/home/mcfb/ros2_ws/install/ai_navigator/lib/python3.12/site-packages:/home/mcfb/ros2_ws/install/ai_navigator/lib/python3.12/site-packages:/home/mcfb/ros2_ws/install/px4_ros_com/lib/python3.12/site-packages:/home/mcfb/ros2_ws/install/px4_offboard/lib/python3.12/site-packages:/home/mcfb/ros2_ws/install/px4_msgs/lib/python3.12/site-packages:/home/mcfb/drone_venv/lib/python3.12/site-packages:/opt/ros/jazzy/lib/python3.12/site-packages', 'COLCON': '1', 'MEMORY_PRESSURE_WRITE': 'c29tZSAyMDAwMDAgMjAwMDAwMAA=', 'VTE_VERSION': '7600', 'CMAKE_PREFIX_PATH': '/home/mcfb/ros2_ws/install/px4_ros_com:/home/mcfb/ros2_ws/install/px4_msgs:/opt/ros/jazzy/opt/gz_sim_vendor:/opt/ros/jazzy/opt/gz_sensors_vendor:/opt/ros/jazzy/opt/gz_physics_vendor:/opt/ros/jazzy/opt/sdformat_vendor:/opt/ros/jazzy/opt/gz_gui_vendor:/opt/ros/jazzy/opt/gz_transport_vendor:/opt/ros/jazzy/opt/gz_rendering_vendor:/opt/ros/jazzy/opt/gz_plugin_vendor:/opt/ros/jazzy/opt/gz_fuel_tools_vendor:/opt/ros/jazzy/opt/gz_msgs_vendor:/opt/ros/jazzy/opt/gz_common_vendor:/opt/ros/jazzy/opt/gz_math_vendor:/opt/ros/jazzy/opt/gz_utils_vendor:/opt/ros/jazzy/opt/gz_tools_vendor:/opt/ros/jazzy/opt/gz_ogre_next_vendor:/opt/ros/jazzy/opt/gz_dartsim_vendor:/opt/ros/jazzy/opt/gz_cmake_vendor'}, 'shell': False}
[0.684856] (px4_msgs) StdoutLine: {'line': b'[  0%] Built target px4_msgs__rosidl_generator_type_description\n'}
[0.701214] (-) TimerEvent: {}
[0.717066] (px4_msgs) StdoutLine: {'line': b'[  0%] Built target ament_cmake_python_copy_px4_msgs\n'}
[0.736635] (px4_msgs) StdoutLine: {'line': b'[  0%] Built target px4_msgs__cpp\n'}
[0.801313] (-) TimerEvent: {}
[0.864589] (px4_msgs) StdoutLine: {'line': b'[ 29%] Built target px4_msgs__rosidl_generator_c\n'}
[0.895675] (ai_navigator) StdoutLine: {'line': b'running egg_info\n'}
[0.901413] (-) TimerEvent: {}
[0.918072] (ai_navigator) StdoutLine: {'line': b'writing ../../build/ai_navigator/ai_navigator.egg-info/PKG-INFO\n'}
[0.918584] (ai_navigator) StdoutLine: {'line': b'writing dependency_links to ../../build/ai_navigator/ai_navigator.egg-info/dependency_links.txt\n'}
[0.918797] (ai_navigator) StdoutLine: {'line': b'writing entry points to ../../build/ai_navigator/ai_navigator.egg-info/entry_points.txt\n'}
[0.918972] (ai_navigator) StdoutLine: {'line': b'writing requirements to ../../build/ai_navigator/ai_navigator.egg-info/requires.txt\n'}
[0.919090] (ai_navigator) StdoutLine: {'line': b'writing top-level names to ../../build/ai_navigator/ai_navigator.egg-info/top_level.txt\n'}
[0.933776] (px4_msgs) StdoutLine: {'line': b'running egg_info\n'}
[0.950859] (px4_msgs) StdoutLine: {'line': b'[ 39%] Built target px4_msgs__rosidl_typesupport_c\n'}
[0.953661] (px4_msgs) StdoutLine: {'line': b'writing px4_msgs.egg-info/PKG-INFO\n'}
[0.954190] (px4_msgs) StdoutLine: {'line': b'writing dependency_links to px4_msgs.egg-info/dependency_links.txt\n'}
[0.954336] (px4_msgs) StdoutLine: {'line': b'writing top-level names to px4_msgs.egg-info/top_level.txt\n'}
[0.965904] (px4_msgs) StdoutLine: {'line': b'[ 49%] Built target px4_msgs__rosidl_typesupport_introspection_c\n'}
[0.969029] (ai_navigator) StdoutLine: {'line': b"reading manifest file '../../build/ai_navigator/ai_navigator.egg-info/SOURCES.txt'\n"}
[0.969348] (ai_navigator) StdoutLine: {'line': b"adding license file 'LICENSE'\n"}
[0.970004] (ai_navigator) StdoutLine: {'line': b"writing manifest file '../../build/ai_navigator/ai_navigator.egg-info/SOURCES.txt'\n"}
[0.970175] (ai_navigator) StdoutLine: {'line': b'running build\n'}
[0.970254] (ai_navigator) StdoutLine: {'line': b'running build_py\n'}
[0.970409] (ai_navigator) StdoutLine: {'line': b'copying ai_navigator/navigation_params.py -> /home/mcfb/ros2_ws/build/ai_navigator/build/lib/ai_navigator\n'}
[0.970539] (ai_navigator) StdoutLine: {'line': b'copying ai_navigator/obstacle_data.py -> /home/mcfb/ros2_ws/build/ai_navigator/build/lib/ai_navigator\n'}
[0.970641] (ai_navigator) StdoutLine: {'line': b'copying ai_navigator/main.py -> /home/mcfb/ros2_ws/build/ai_navigator/build/lib/ai_navigator\n'}
[0.970739] (ai_navigator) StdoutLine: {'line': b'copying ai_navigator/__init__.py -> /home/mcfb/ros2_ws/build/ai_navigator/build/lib/ai_navigator\n'}
[0.970849] (ai_navigator) StdoutLine: {'line': b'copying ai_navigator/obstacles.py -> /home/mcfb/ros2_ws/build/ai_navigator/build/lib/ai_navigator\n'}
[0.970924] (ai_navigator) StdoutLine: {'line': b'copying ai_navigator/smart_navigator.py -> /home/mcfb/ros2_ws/build/ai_navigator/build/lib/ai_navigator\n'}
[0.971029] (ai_navigator) StdoutLine: {'line': b'copying ai_navigator/autonomous_navigation.py -> /home/mcfb/ros2_ws/build/ai_navigator/build/lib/ai_navigator\n'}
[0.971109] (ai_navigator) StdoutLine: {'line': b'copying ai_navigator/path_planner.py -> /home/mcfb/ros2_ws/build/ai_navigator/build/lib/ai_navigator\n'}
[0.971244] (ai_navigator) StdoutLine: {'line': b'running install\n'}
[0.975145] (ai_navigator) StdoutLine: {'line': b'running install_lib\n'}
[0.993554] (ai_navigator) StdoutLine: {'line': b'copying /home/mcfb/ros2_ws/build/ai_navigator/build/lib/ai_navigator/smart_navigator.py -> /home/mcfb/ros2_ws/install/ai_navigator/lib/python3.12/site-packages/ai_navigator\n'}
[0.994343] (ai_navigator) StdoutLine: {'line': b'byte-compiling /home/mcfb/ros2_ws/install/ai_navigator/lib/python3.12/site-packages/ai_navigator/smart_navigator.py to smart_navigator.cpython-312.pyc\n'}
[1.000935] (ai_navigator) StdoutLine: {'line': b'running install_data\n'}
[1.001170] (ai_navigator) StdoutLine: {'line': b'copying resource/ai_navigator -> /home/mcfb/ros2_ws/install/ai_navigator/share/ament_index/resource_index/packages\n'}
[1.001298] (ai_navigator) StdoutLine: {'line': b'copying package.xml -> /home/mcfb/ros2_ws/install/ai_navigator/share/ai_navigator\n'}
[1.001393] (ai_navigator) StdoutLine: {'line': b'running install_egg_info\n'}
[1.001470] (-) TimerEvent: {}
[1.004181] (px4_msgs) StdoutLine: {'line': b'[ 59%] Built target px4_msgs__rosidl_typesupport_cpp\n'}
[1.010115] (px4_msgs) StdoutLine: {'line': b"reading manifest file 'px4_msgs.egg-info/SOURCES.txt'\n"}
[1.014742] (px4_msgs) StdoutLine: {'line': b"writing manifest file 'px4_msgs.egg-info/SOURCES.txt'\n"}
[1.017555] (ai_navigator) StdoutLine: {'line': b"removing '/home/mcfb/ros2_ws/install/ai_navigator/lib/python3.12/site-packages/ai_navigator-0.0.0-py3.12.egg-info' (and everything under it)\n"}
[1.017835] (ai_navigator) StdoutLine: {'line': b'Copying ../../build/ai_navigator/ai_navigator.egg-info to /home/mcfb/ros2_ws/install/ai_navigator/lib/python3.12/site-packages/ai_navigator-0.0.0-py3.12.egg-info\n'}
[1.018830] (ai_navigator) StdoutLine: {'line': b'running install_scripts\n'}
[1.020126] (px4_msgs) StdoutLine: {'line': b'[ 69%] Built target px4_msgs__rosidl_typesupport_introspection_cpp\n'}
[1.029281] (px4_msgs) StdoutLine: {'line': b'[ 79%] Built target px4_msgs__rosidl_typesupport_fastrtps_cpp\n'}
[1.029587] (px4_msgs) StdoutLine: {'line': b'[ 89%] Built target px4_msgs__rosidl_typesupport_fastrtps_c\n'}
[1.047674] (px4_msgs) StdoutLine: {'line': b'[ 89%] Built target ament_cmake_python_build_px4_msgs_egg\n'}
[1.051330] (px4_msgs) StdoutLine: {'line': b'[ 89%] Built target px4_msgs\n'}
[1.057179] (ai_navigator) StdoutLine: {'line': b'Installing ai_camera_sub script to /home/mcfb/ros2_ws/install/ai_navigator/lib/ai_navigator\n'}
[1.057471] (ai_navigator) StdoutLine: {'line': b'Installing autonomous_navigation script to /home/mcfb/ros2_ws/install/ai_navigator/lib/ai_navigator\n'}
[1.057589] (ai_navigator) StdoutLine: {'line': b'Installing navigate_to_point script to /home/mcfb/ros2_ws/install/ai_navigator/lib/ai_navigator\n'}
[1.057660] (ai_navigator) StdoutLine: {'line': b'Installing point_to_point_nav script to /home/mcfb/ros2_ws/install/ai_navigator/lib/ai_navigator\n'}
[1.057868] (ai_navigator) StdoutLine: {'line': b"writing list of installed files to '/home/mcfb/ros2_ws/build/ai_navigator/install.log'\n"}
[1.082427] (ai_navigator) CommandEnded: {'returncode': 0}
[1.084536] (px4_msgs) StdoutLine: {'line': b'[ 89%] Built target px4_msgs__py\n'}
[1.091150] (ai_navigator) JobEnded: {'identifier': 'ai_navigator', 'rc': 0}
[1.101587] (-) TimerEvent: {}
[1.193096] (px4_msgs) StdoutLine: {'line': b'[ 99%] Built target px4_msgs__rosidl_generator_py\n'}
[1.201701] (-) TimerEvent: {}
[1.217499] (px4_msgs) StdoutLine: {'line': b'[100%] Built target px4_msgs_s__rosidl_typesupport_introspection_c\n'}
[1.217950] (px4_msgs) StdoutLine: {'line': b'[100%] Built target px4_msgs_s__rosidl_typesupport_c\n'}
[1.218210] (px4_msgs) StdoutLine: {'line': b'[100%] Built target px4_msgs_s__rosidl_typesupport_fastrtps_c\n'}
[1.230892] (px4_msgs) CommandEnded: {'returncode': 0}
[1.231399] (px4_msgs) JobProgress: {'identifier': 'px4_msgs', 'progress': 'install'}
[1.240259] (px4_msgs) Command: {'cmd': ['/usr/bin/cmake', '--install', '/home/mcfb/ros2_ws/build/px4_msgs'], 'cwd': '/home/mcfb/ros2_ws/build/px4_msgs', 'env': OrderedDict({'LESSOPEN': '| /usr/bin/lesspipe %s', 'USER': 'mcfb', 'GZ_CONFIG_PATH': '/opt/ros/jazzy/opt/gz_sim_vendor/share/gz:/opt/ros/jazzy/opt/sdformat_vendor/share/gz:/opt/ros/jazzy/opt/gz_gui_vendor/share/gz:/opt/ros/jazzy/opt/gz_transport_vendor/share/gz:/opt/ros/jazzy/opt/gz_rendering_vendor/share/gz:/opt/ros/jazzy/opt/gz_plugin_vendor/share/gz:/opt/ros/jazzy/opt/gz_fuel_tools_vendor/share/gz:/opt/ros/jazzy/opt/gz_msgs_vendor/share/gz:/opt/ros/jazzy/opt/gz_common_vendor/share/gz', 'XDG_SESSION_TYPE': 'x11', 'CLUTTER_DISABLE_MIPMAPPED_TEXT': '1', 'SHLVL': '1', 'LD_LIBRARY_PATH': '/home/mcfb/ros2_ws/install/px4_ros_com/lib:/home/mcfb/ros2_ws/install/px4_msgs/lib:/opt/ros/jazzy/opt/gz_sim_vendor/lib:/opt/ros/jazzy/opt/gz_sensors_vendor/lib:/opt/ros/jazzy/opt/gz_physics_vendor/lib:/opt/ros/jazzy/opt/sdformat_vendor/lib:/opt/ros/jazzy/opt/rviz_ogre_vendor/lib:/opt/ros/jazzy/lib/x86_64-linux-gnu:/opt/ros/jazzy/opt/gz_gui_vendor/lib:/opt/ros/jazzy/opt/gz_transport_vendor/lib:/opt/ros/jazzy/opt/gz_rendering_vendor/lib:/opt/ros/jazzy/opt/gz_plugin_vendor/lib:/opt/ros/jazzy/opt/gz_fuel_tools_vendor/lib:/opt/ros/jazzy/opt/gz_msgs_vendor/lib:/opt/ros/jazzy/opt/gz_common_vendor/lib:/opt/ros/jazzy/opt/gz_math_vendor/lib:/opt/ros/jazzy/opt/gz_utils_vendor/lib:/opt/ros/jazzy/opt/gz_tools_vendor/lib:/opt/ros/jazzy/opt/gz_ogre_next_vendor/lib:/opt/ros/jazzy/opt/gz_dartsim_vendor/lib:/opt/ros/jazzy/opt/gz_cmake_vendor/lib:/opt/ros/jazzy/lib', 'HOME': '/home/mcfb', 'OLDPWD': '/home/mcfb', 'DESKTOP_SESSION': 'ubuntu', 'ROS_PYTHON_VERSION': '3', 'GNOME_SHELL_SESSION_MODE': 'ubuntu', 'GTK_MODULES': 'gail:atk-bridge', 'SYSTEMD_EXEC_PID': '2892', 'GSM_SKIP_SSH_AGENT_WORKAROUND': 'true', 'DBUS_SESSION_BUS_ADDRESS': 'unix:path=/run/user/1000/bus', 'COLORTERM': 'truecolor', 'DEBUGINFOD_URLS': 'https://debuginfod.ubuntu.com', 'COLCON_PREFIX_PATH': '/home/mcfb/ros2_ws/install', 'ROS_DISTRO': 'jazzy', 'LOGNAME': 'mcfb', '_': '/usr/bin/colcon', 'ROS_VERSION': '2', 'MEMORY_PRESSURE_WATCH': '/sys/fs/cgroup/user.slice/user-1000.slice/user@1000.service/session.slice/org.gnome.Shell@x11.service/memory.pressure', 'XDG_SESSION_CLASS': 'user', 'USERNAME': 'mcfb', 'TERM': 'xterm-256color', 'GNOME_DESKTOP_SESSION_ID': 'this-is-deprecated', 'WINDOWPATH': '2', 'PATH': '/opt/ros/jazzy/opt/gz_msgs_vendor/bin:/opt/ros/jazzy/opt/gz_tools_vendor/bin:/opt/ros/jazzy/opt/gz_ogre_next_vendor/bin:/opt/ros/jazzy/bin:/home/mcfb/.local/bin:/usr/local/sbin:/usr/local/bin:/usr/sbin:/usr/bin:/sbin:/bin:/usr/games:/usr/local/games:/snap/bin:/snap/bin:/opt/xtensa-esp-elf/bin/', 'SESSION_MANAGER': 'local/mcfb:@/tmp/.ICE-unix/2860,unix/mcfb:/tmp/.ICE-unix/2860', 'XDG_MENU_PREFIX': 'gnome-', 'GNOME_TERMINAL_SCREEN': '/org/gnome/Terminal/screen/635fe134_8057_4151_bd4d_d98d51531782', 'XDG_RUNTIME_DIR': '/run/user/1000', 'DISPLAY': ':1', 'LANG': 'en_US.UTF-8', 'XDG_CURRENT_DESKTOP': 'ubuntu:GNOME', 'XMODIFIERS': '@im=ibus', 'XDG_SESSION_DESKTOP': 'ubuntu', 'XAUTHORITY': '/run/user/1000/gdm/Xauthority', 'LS_COLORS': 'rs=0:di=01;34:ln=01;36:mh=00:pi=40;33:so=01;35:do=01;35:bd=40;33;01:cd=40;33;01:or=40;31;01:mi=00:su=37;41:sg=30;43:ca=00:tw=30;42:ow=34;42:st=37;44:ex=01;32:*.tar=01;31:*.tgz=01;31:*.arc=01;31:*.arj=01;31:*.taz=01;31:*.lha=01;31:*.lz4=01;31:*.lzh=01;31:*.lzma=01;31:*.tlz=01;31:*.txz=01;31:*.tzo=01;31:*.t7z=01;31:*.zip=01;31:*.z=01;31:*.dz=01;31:*.gz=01;31:*.lrz=01;31:*.lz=01;31:*.lzo=01;31:*.xz=01;31:*.zst=01;31:*.tzst=01;31:*.bz2=01;31:*.bz=01;31:*.tbz=01;31:*.tbz2=01;31:*.tz=01;31:*.deb=01;31:*.rpm=01;31:*.jar=01;31:*.war=01;31:*.ear=01;31:*.sar=01;31:*.rar=01;31:*.alz=01;31:*.ace=01;31:*.zoo=01;31:*.cpio=01;31:*.7z=01;31:*.rz=01;31:*.cab=01;31:*.wim=01;31:*.swm=01;31:*.dwm=01;31:*.esd=01;31:*.avif=01;35:*.jpg=01;35:*.jpeg=01;35:*.mjpg=01;35:*.mjpeg=01;35:*.gif=01;35:*.bmp=01;35:*.pbm=01;35:*.pgm=01;35:*.ppm=01;35:*.tga=01;35:*.xbm=01;35:*.xpm=01;35:*.tif=01;35:*.tiff=01;35:*.png=01;35:*.svg=01;35:*.svgz=01;35:*.mng=01;35:*.pcx=01;35:*.mov=01;35:*.mpg=01;35:*.mpeg=01;35:*.m2v=01;35:*.mkv=01;35:*.webm=01;35:*.webp=01;35:*.ogm=01;35:*.mp4=01;35:*.m4v=01;35:*.mp4v=01;35:*.vob=01;35:*.qt=01;35:*.nuv=01;35:*.wmv=01;35:*.asf=01;35:*.rm=01;35:*.rmvb=01;35:*.flc=01;35:*.avi=01;35:*.fli=01;35:*.flv=01;35:*.gl=01;35:*.dl=01;35:*.xcf=01;35:*.xwd=01;35:*.yuv=01;35:*.cgm=01;35:*.emf=01;35:*.ogv=01;35:*.ogx=01;35:*.aac=00;36:*.au=00;36:*.flac=00;36:*.m4a=00;36:*.mid=00;36:*.midi=00;36:*.mka=00;36:*.mp3=00;36:*.mpc=00;36:*.ogg=00;36:*.ra=00;36:*.wav=00;36:*.oga=00;36:*.opus=00;36:*.spx=00;36:*.xspf=00;36:*~=00;90:*#=00;90:*.bak=00;90:*.crdownload=00;90:*.dpkg-dist=00;90:*.dpkg-new=00;90:*.dpkg-old=00;90:*.dpkg-tmp=00;90:*.old=00;90:*.orig=00;90:*.part=00;90:*.rej=00;90:*.rpmnew=00;90:*.rpmorig=00;90:*.rpmsave=00;90:*.swp=00;90:*.tmp=00;90:*.ucf-dist=00;90:*.ucf-new=00;90:*.ucf-old=00;90:', 'GNOME_TERMINAL_SERVICE': ':1.114', 'SSH_AUTH_SOCK': '/run/user/1000/keyring/ssh', 'AMENT_PREFIX_PATH': '/home/mcfb/ros2_ws/install/ai_navigator:/home/mcfb/ros2_ws/install/px4_ros_com:/home/mcfb/ros2_ws/install/px4_offboard:/home/mcfb/ros2_ws/install/px4_msgs:/opt/ros/jazzy', 'SHELL': '/bin/bash', 'QT_ACCESSIBILITY': '1', 'GDMSESSION': 'ubuntu', 'LESSCLOSE': '/usr/bin/lesspipe %s %s', 'IGN_GAZEBO_RESOURCE_PATH': '/opt/ros/jazzy/share', 'GPG_AGENT_INFO': '/run/user/1000/gnupg/S.gpg-agent:0:1', 'ROS_AUTOMATIC_DISCOVERY_RANGE': 'SUBNET', 'QT_IM_MODULE': 'ibus', 'PWD': '/home/mcfb/ros2_ws/build/px4_msgs', 'LC_ALL': 'en_US.UTF-8', 'XDG_CONFIG_DIRS': '/etc/xdg/xdg-ubuntu:/etc/xdg', 'XDG_DATA_DIRS': '/usr/share/ubuntu:/usr/share/gnome:/usr/local/share/:/usr/share/:/var/lib/snapd/desktop', 'PYTHONPATH': '/home/mcfb/ros2_ws/install/ai_navigator/lib/python3.12/site-packages:/home/mcfb/ros2_ws/install/px4_ros_com/lib/python3.12/site-packages:/home/mcfb/ros2_ws/install/px4_offboard/lib/python3.12/site-packages:/home/mcfb/ros2_ws/install/px4_msgs/lib/python3.12/site-packages:/home/mcfb/drone_venv/lib/python3.12/site-packages:/opt/ros/jazzy/lib/python3.12/site-packages', 'COLCON': '1', 'MEMORY_PRESSURE_WRITE': 'c29tZSAyMDAwMDAgMjAwMDAwMAA=', 'VTE_VERSION': '7600', 'CMAKE_PREFIX_PATH': '/home/mcfb/ros2_ws/install/px4_ros_com:/home/mcfb/ros2_ws/install/px4_msgs:/opt/ros/jazzy/opt/gz_sim_vendor:/opt/ros/jazzy/opt/gz_sensors_vendor:/opt/ros/jazzy/opt/gz_physics_vendor:/opt/ros/jazzy/opt/sdformat_vendor:/opt/ros/jazzy/opt/gz_gui_vendor:/opt/ros/jazzy/opt/gz_transport_vendor:/opt/ros/jazzy/opt/gz_rendering_vendor:/opt/ros/jazzy/opt/gz_plugin_vendor:/opt/ros/jazzy/opt/gz_fuel_tools_vendor:/opt/ros/jazzy/opt/gz_msgs_vendor:/opt/ros/jazzy/opt/gz_common_vendor:/opt/ros/jazzy/opt/gz_math_vendor:/opt/ros/jazzy/opt/gz_utils_vendor:/opt/ros/jazzy/opt/gz_tools_vendor:/opt/ros/jazzy/opt/gz_ogre_next_vendor:/opt/ros/jazzy/opt/gz_dartsim_vendor:/opt/ros/jazzy/opt/gz_cmake_vendor:/home/mcfb/ros2_ws/install/ai_navigator:/home/mcfb/ros2_ws/install/px4_offboard:/opt/ros/jazzy'}), 'shell': False}
[1.250590] (px4_msgs) StdoutLine: {'line': b'-- Install configuration: ""\n'}
[1.250932] (px4_msgs) StdoutLine: {'line': b'-- Up-to-date: /home/mcfb/ros2_ws/install/px4_msgs/share/ament_index/resource_index/rosidl_interfaces/px4_msgs\n'}
[1.251029] (px4_msgs) StdoutLine: {'line': b'-- Up-to-date: /home/mcfb/ros2_ws/install/px4_msgs/share/px4_msgs/msg/ActionRequest.json\n'}
[1.251119] (px4_msgs) StdoutLine: {'line': b'-- Up-to-date: /home/mcfb/ros2_ws/install/px4_msgs/share/px4_msgs/msg/ActuatorArmed.json\n'}
[1.251189] (px4_msgs) StdoutLine: {'line': b'-- Up-to-date: /home/mcfb/ros2_ws/install/px4_msgs/share/px4_msgs/msg/ActuatorControlsStatus.json\n'}
[1.251265] (px4_msgs) StdoutLine: {'line': b'-- Up-to-date: /home/mcfb/ros2_ws/install/px4_msgs/share/px4_msgs/msg/ActuatorMotors.json\n'}
[1.251332] (px4_msgs) StdoutLine: {'line': b'-- Up-to-date: /home/mcfb/ros2_ws/install/px4_msgs/share/px4_msgs/msg/ActuatorOutputs.json\n'}
[1.251443] (px4_msgs) StdoutLine: {'line': b'-- Up-to-date: /home/mcfb/ros2_ws/install/px4_msgs/share/px4_msgs/msg/ActuatorServos.json\n'}
[1.251500] (px4_msgs) StdoutLine: {'line': b'-- Up-to-date: /home/mcfb/ros2_ws/install/px4_msgs/share/px4_msgs/msg/ActuatorServosTrim.json\n'}
[1.251549] (px4_msgs) StdoutLine: {'line': b'-- Up-to-date: /home/mcfb/ros2_ws/install/px4_msgs/share/px4_msgs/msg/ActuatorTest.json\n'}
[1.251608] (px4_msgs) StdoutLine: {'line': b'-- Up-to-date: /home/mcfb/ros2_ws/install/px4_msgs/share/px4_msgs/msg/AdcReport.json\n'}
[1.251676] (px4_msgs) StdoutLine: {'line': b'-- Up-to-date: /home/mcfb/ros2_ws/install/px4_msgs/share/px4_msgs/msg/Airspeed.json\n'}
[1.251952] (px4_msgs) StdoutLine: {'line': b'-- Up-to-date: /home/mcfb/ros2_ws/install/px4_msgs/share/px4_msgs/msg/AirspeedValidated.json\n'}
[1.252114] (px4_msgs) StdoutLine: {'line': b'-- Up-to-date: /home/mcfb/ros2_ws/install/px4_msgs/share/px4_msgs/msg/AirspeedWind.json\n'}
[1.252292] (px4_msgs) StdoutLine: {'line': b'-- Up-to-date: /home/mcfb/ros2_ws/install/px4_msgs/share/px4_msgs/msg/ArmingCheckReply.json\n'}
[1.252388] (px4_msgs) StdoutLine: {'line': b'-- Up-to-date: /home/mcfb/ros2_ws/install/px4_msgs/share/px4_msgs/msg/ArmingCheckRequest.json\n'}
[1.252467] (px4_msgs) StdoutLine: {'line': b'-- Up-to-date: /home/mcfb/ros2_ws/install/px4_msgs/share/px4_msgs/msg/AutotuneAttitudeControlStatus.json\n'}
[1.252577] (px4_msgs) StdoutLine: {'line': b'-- Up-to-date: /home/mcfb/ros2_ws/install/px4_msgs/share/px4_msgs/msg/BatteryInfo.json\n'}
[1.252949] (px4_msgs) StdoutLine: {'line': b'-- Up-to-date: /home/mcfb/ros2_ws/install/px4_msgs/share/px4_msgs/msg/BatteryStatus.json\n'}
[1.253061] (px4_msgs) StdoutLine: {'line': b'-- Up-to-date: /home/mcfb/ros2_ws/install/px4_msgs/share/px4_msgs/msg/ButtonEvent.json\n'}
[1.253132] (px4_msgs) StdoutLine: {'line': b'-- Up-to-date: /home/mcfb/ros2_ws/install/px4_msgs/share/px4_msgs/msg/CameraCapture.json\n'}
[1.253197] (px4_msgs) StdoutLine: {'line': b'-- Up-to-date: /home/mcfb/ros2_ws/install/px4_msgs/share/px4_msgs/msg/CameraStatus.json\n'}
[1.253270] (px4_msgs) StdoutLine: {'line': b'-- Up-to-date: /home/mcfb/ros2_ws/install/px4_msgs/share/px4_msgs/msg/CameraTrigger.json\n'}
[1.253350] (px4_msgs) StdoutLine: {'line': b'-- Up-to-date: /home/mcfb/ros2_ws/install/px4_msgs/share/px4_msgs/msg/CanInterfaceStatus.json\n'}
[1.253419] (px4_msgs) StdoutLine: {'line': b'-- Up-to-date: /home/mcfb/ros2_ws/install/px4_msgs/share/px4_msgs/msg/CellularStatus.json\n'}
[1.253974] (px4_msgs) StdoutLine: {'line': b'-- Up-to-date: /home/mcfb/ros2_ws/install/px4_msgs/share/px4_msgs/msg/CollisionConstraints.json\n'}
[1.254187] (px4_msgs) StdoutLine: {'line': b'-- Up-to-date: /home/mcfb/ros2_ws/install/px4_msgs/share/px4_msgs/msg/ConfigOverrides.json\n'}
[1.254256] (px4_msgs) StdoutLine: {'line': b'-- Up-to-date: /home/mcfb/ros2_ws/install/px4_msgs/share/px4_msgs/msg/ControlAllocatorStatus.json\n'}
[1.254311] (px4_msgs) StdoutLine: {'line': b'-- Up-to-date: /home/mcfb/ros2_ws/install/px4_msgs/share/px4_msgs/msg/Cpuload.json\n'}
[1.254366] (px4_msgs) StdoutLine: {'line': b'-- Up-to-date: /home/mcfb/ros2_ws/install/px4_msgs/share/px4_msgs/msg/DatamanRequest.json\n'}
[1.254418] (px4_msgs) StdoutLine: {'line': b'-- Up-to-date: /home/mcfb/ros2_ws/install/px4_msgs/share/px4_msgs/msg/DatamanResponse.json\n'}
[1.254471] (px4_msgs) StdoutLine: {'line': b'-- Up-to-date: /home/mcfb/ros2_ws/install/px4_msgs/share/px4_msgs/msg/DebugArray.json\n'}
[1.254519] (px4_msgs) StdoutLine: {'line': b'-- Up-to-date: /home/mcfb/ros2_ws/install/px4_msgs/share/px4_msgs/msg/DebugKeyValue.json\n'}
[1.254584] (px4_msgs) StdoutLine: {'line': b'-- Up-to-date: /home/mcfb/ros2_ws/install/px4_msgs/share/px4_msgs/msg/DebugValue.json\n'}
[1.254636] (px4_msgs) StdoutLine: {'line': b'-- Up-to-date: /home/mcfb/ros2_ws/install/px4_msgs/share/px4_msgs/msg/DebugVect.json\n'}
[1.254686] (px4_msgs) StdoutLine: {'line': b'-- Up-to-date: /home/mcfb/ros2_ws/install/px4_msgs/share/px4_msgs/msg/DifferentialPressure.json\n'}
[1.254734] (px4_msgs) StdoutLine: {'line': b'-- Up-to-date: /home/mcfb/ros2_ws/install/px4_msgs/share/px4_msgs/msg/DistanceSensor.json\n'}
[1.254785] (px4_msgs) StdoutLine: {'line': b'-- Up-to-date: /home/mcfb/ros2_ws/install/px4_msgs/share/px4_msgs/msg/DistanceSensorModeChangeRequest.json\n'}
[1.254833] (px4_msgs) StdoutLine: {'line': b'-- Up-to-date: /home/mcfb/ros2_ws/install/px4_msgs/share/px4_msgs/msg/DronecanNodeStatus.json\n'}
[1.254887] (px4_msgs) StdoutLine: {'line': b'-- Up-to-date: /home/mcfb/ros2_ws/install/px4_msgs/share/px4_msgs/msg/Ekf2Timestamps.json\n'}
[1.254935] (px4_msgs) StdoutLine: {'line': b'-- Up-to-date: /home/mcfb/ros2_ws/install/px4_msgs/share/px4_msgs/msg/EscReport.json\n'}
[1.254982] (px4_msgs) StdoutLine: {'line': b'-- Up-to-date: /home/mcfb/ros2_ws/install/px4_msgs/share/px4_msgs/msg/EscStatus.json\n'}
[1.255028] (px4_msgs) StdoutLine: {'line': b'-- Up-to-date: /home/mcfb/ros2_ws/install/px4_msgs/share/px4_msgs/msg/EstimatorAidSource1d.json\n'}
[1.255077] (px4_msgs) StdoutLine: {'line': b'-- Up-to-date: /home/mcfb/ros2_ws/install/px4_msgs/share/px4_msgs/msg/EstimatorAidSource2d.json\n'}
[1.255125] (px4_msgs) StdoutLine: {'line': b'-- Up-to-date: /home/mcfb/ros2_ws/install/px4_msgs/share/px4_msgs/msg/EstimatorAidSource3d.json\n'}
[1.255173] (px4_msgs) StdoutLine: {'line': b'-- Up-to-date: /home/mcfb/ros2_ws/install/px4_msgs/share/px4_msgs/msg/EstimatorBias.json\n'}
[1.255220] (px4_msgs) StdoutLine: {'line': b'-- Up-to-date: /home/mcfb/ros2_ws/install/px4_msgs/share/px4_msgs/msg/EstimatorBias3d.json\n'}
[1.255269] (px4_msgs) StdoutLine: {'line': b'-- Up-to-date: /home/mcfb/ros2_ws/install/px4_msgs/share/px4_msgs/msg/EstimatorEventFlags.json\n'}
[1.255316] (px4_msgs) StdoutLine: {'line': b'-- Up-to-date: /home/mcfb/ros2_ws/install/px4_msgs/share/px4_msgs/msg/EstimatorGpsStatus.json\n'}
[1.255503] (px4_msgs) StdoutLine: {'line': b'-- Up-to-date: /home/mcfb/ros2_ws/install/px4_msgs/share/px4_msgs/msg/EstimatorInnovations.json\n'}
[1.255559] (px4_msgs) StdoutLine: {'line': b'-- Up-to-date: /home/mcfb/ros2_ws/install/px4_msgs/share/px4_msgs/msg/EstimatorSelectorStatus.json\n'}
[1.255613] (px4_msgs) StdoutLine: {'line': b'-- Up-to-date: /home/mcfb/ros2_ws/install/px4_msgs/share/px4_msgs/msg/EstimatorSensorBias.json\n'}
[1.255667] (px4_msgs) StdoutLine: {'line': b'-- Up-to-date: /home/mcfb/ros2_ws/install/px4_msgs/share/px4_msgs/msg/EstimatorStates.json\n'}
[1.255722] (px4_msgs) StdoutLine: {'line': b'-- Up-to-date: /home/mcfb/ros2_ws/install/px4_msgs/share/px4_msgs/msg/EstimatorStatus.json\n'}
[1.255775] (px4_msgs) StdoutLine: {'line': b'-- Up-to-date: /home/mcfb/ros2_ws/install/px4_msgs/share/px4_msgs/msg/EstimatorStatusFlags.json\n'}
[1.255825] (px4_msgs) StdoutLine: {'line': b'-- Up-to-date: /home/mcfb/ros2_ws/install/px4_msgs/share/px4_msgs/msg/Event.json\n'}
[1.255884] (px4_msgs) StdoutLine: {'line': b'-- Up-to-date: /home/mcfb/ros2_ws/install/px4_msgs/share/px4_msgs/msg/FailsafeFlags.json\n'}
[1.255938] (px4_msgs) StdoutLine: {'line': b'-- Up-to-date: /home/mcfb/ros2_ws/install/px4_msgs/share/px4_msgs/msg/FailureDetectorStatus.json\n'}
[1.255990] (px4_msgs) StdoutLine: {'line': b'-- Up-to-date: /home/mcfb/ros2_ws/install/px4_msgs/share/px4_msgs/msg/FigureEightStatus.json\n'}
[1.256048] (px4_msgs) StdoutLine: {'line': b'-- Up-to-date: /home/mcfb/ros2_ws/install/px4_msgs/share/px4_msgs/msg/FixedWingLateralGuidanceStatus.json\n'}
[1.256103] (px4_msgs) StdoutLine: {'line': b'-- Up-to-date: /home/mcfb/ros2_ws/install/px4_msgs/share/px4_msgs/msg/FixedWingLateralSetpoint.json\n'}
[1.256155] (px4_msgs) StdoutLine: {'line': b'-- Up-to-date: /home/mcfb/ros2_ws/install/px4_msgs/share/px4_msgs/msg/FixedWingLateralStatus.json\n'}
[1.256209] (px4_msgs) StdoutLine: {'line': b'-- Up-to-date: /home/mcfb/ros2_ws/install/px4_msgs/share/px4_msgs/msg/FixedWingLongitudinalSetpoint.json\n'}
[1.256266] (px4_msgs) StdoutLine: {'line': b'-- Up-to-date: /home/mcfb/ros2_ws/install/px4_msgs/share/px4_msgs/msg/FixedWingRunwayControl.json\n'}
[1.256320] (px4_msgs) StdoutLine: {'line': b'-- Up-to-date: /home/mcfb/ros2_ws/install/px4_msgs/share/px4_msgs/msg/FlightPhaseEstimation.json\n'}
[1.256380] (px4_msgs) StdoutLine: {'line': b'-- Up-to-date: /home/mcfb/ros2_ws/install/px4_msgs/share/px4_msgs/msg/FollowTarget.json\n'}
[1.256445] (px4_msgs) StdoutLine: {'line': b'-- Up-to-date: /home/mcfb/ros2_ws/install/px4_msgs/share/px4_msgs/msg/FollowTargetEstimator.json\n'}
[1.256512] (px4_msgs) StdoutLine: {'line': b'-- Up-to-date: /home/mcfb/ros2_ws/install/px4_msgs/share/px4_msgs/msg/FollowTargetStatus.json\n'}
[1.256586] (px4_msgs) StdoutLine: {'line': b'-- Up-to-date: /home/mcfb/ros2_ws/install/px4_msgs/share/px4_msgs/msg/FuelTankStatus.json\n'}
[1.256652] (px4_msgs) StdoutLine: {'line': b'-- Up-to-date: /home/mcfb/ros2_ws/install/px4_msgs/share/px4_msgs/msg/GeneratorStatus.json\n'}
[1.256724] (px4_msgs) StdoutLine: {'line': b'-- Up-to-date: /home/mcfb/ros2_ws/install/px4_msgs/share/px4_msgs/msg/GeofenceResult.json\n'}
[1.256788] (px4_msgs) StdoutLine: {'line': b'-- Up-to-date: /home/mcfb/ros2_ws/install/px4_msgs/share/px4_msgs/msg/GeofenceStatus.json\n'}
[1.256859] (px4_msgs) StdoutLine: {'line': b'-- Up-to-date: /home/mcfb/ros2_ws/install/px4_msgs/share/px4_msgs/msg/GimbalControls.json\n'}
[1.256928] (px4_msgs) StdoutLine: {'line': b'-- Up-to-date: /home/mcfb/ros2_ws/install/px4_msgs/share/px4_msgs/msg/GimbalDeviceAttitudeStatus.json\n'}
[1.256985] (px4_msgs) StdoutLine: {'line': b'-- Up-to-date: /home/mcfb/ros2_ws/install/px4_msgs/share/px4_msgs/msg/GimbalDeviceInformation.json\n'}
[1.257039] (px4_msgs) StdoutLine: {'line': b'-- Up-to-date: /home/mcfb/ros2_ws/install/px4_msgs/share/px4_msgs/msg/GimbalDeviceSetAttitude.json\n'}
[1.257088] (px4_msgs) StdoutLine: {'line': b'-- Up-to-date: /home/mcfb/ros2_ws/install/px4_msgs/share/px4_msgs/msg/GimbalManagerInformation.json\n'}
[1.257201] (px4_msgs) StdoutLine: {'line': b'-- Up-to-date: /home/mcfb/ros2_ws/install/px4_msgs/share/px4_msgs/msg/GimbalManagerSetAttitude.json\n'}
[1.257254] (px4_msgs) StdoutLine: {'line': b'-- Up-to-date: /home/mcfb/ros2_ws/install/px4_msgs/share/px4_msgs/msg/GimbalManagerSetManualControl.json\n'}
[1.257306] (px4_msgs) StdoutLine: {'line': b'-- Up-to-date: /home/mcfb/ros2_ws/install/px4_msgs/share/px4_msgs/msg/GimbalManagerStatus.json\n'}
[1.257360] (px4_msgs) StdoutLine: {'line': b'-- Up-to-date: /home/mcfb/ros2_ws/install/px4_msgs/share/px4_msgs/msg/GotoSetpoint.json\n'}
[1.257415] (px4_msgs) StdoutLine: {'line': b'-- Up-to-date: /home/mcfb/ros2_ws/install/px4_msgs/share/px4_msgs/msg/GpioConfig.json\n'}
[1.257474] (px4_msgs) StdoutLine: {'line': b'-- Up-to-date: /home/mcfb/ros2_ws/install/px4_msgs/share/px4_msgs/msg/GpioIn.json\n'}
[1.257530] (px4_msgs) StdoutLine: {'line': b'-- Up-to-date: /home/mcfb/ros2_ws/install/px4_msgs/share/px4_msgs/msg/GpioOut.json\n'}
[1.257586] (px4_msgs) StdoutLine: {'line': b'-- Up-to-date: /home/mcfb/ros2_ws/install/px4_msgs/share/px4_msgs/msg/GpioRequest.json\n'}
[1.257663] (px4_msgs) StdoutLine: {'line': b'-- Up-to-date: /home/mcfb/ros2_ws/install/px4_msgs/share/px4_msgs/msg/GpsDump.json\n'}
[1.257713] (px4_msgs) StdoutLine: {'line': b'-- Up-to-date: /home/mcfb/ros2_ws/install/px4_msgs/share/px4_msgs/msg/GpsInjectData.json\n'}
[1.257760] (px4_msgs) StdoutLine: {'line': b'-- Up-to-date: /home/mcfb/ros2_ws/install/px4_msgs/share/px4_msgs/msg/Gripper.json\n'}
[1.257807] (px4_msgs) StdoutLine: {'line': b'-- Up-to-date: /home/mcfb/ros2_ws/install/px4_msgs/share/px4_msgs/msg/HealthReport.json\n'}
[1.257861] (px4_msgs) StdoutLine: {'line': b'-- Up-to-date: /home/mcfb/ros2_ws/install/px4_msgs/share/px4_msgs/msg/HeaterStatus.json\n'}
[1.257910] (px4_msgs) StdoutLine: {'line': b'-- Up-to-date: /home/mcfb/ros2_ws/install/px4_msgs/share/px4_msgs/msg/HomePosition.json\n'}
[1.258223] (px4_msgs) StdoutLine: {'line': b'-- Up-to-date: /home/mcfb/ros2_ws/install/px4_msgs/share/px4_msgs/msg/HoverThrustEstimate.json\n'}
[1.258293] (px4_msgs) StdoutLine: {'line': b'-- Up-to-date: /home/mcfb/ros2_ws/install/px4_msgs/share/px4_msgs/msg/InputRc.json\n'}
[1.258342] (px4_msgs) StdoutLine: {'line': b'-- Up-to-date: /home/mcfb/ros2_ws/install/px4_msgs/share/px4_msgs/msg/InternalCombustionEngineControl.json\n'}
[1.258387] (px4_msgs) StdoutLine: {'line': b'-- Up-to-date: /home/mcfb/ros2_ws/install/px4_msgs/share/px4_msgs/msg/InternalCombustionEngineStatus.json\n'}
[1.258429] (px4_msgs) StdoutLine: {'line': b'-- Up-to-date: /home/mcfb/ros2_ws/install/px4_msgs/share/px4_msgs/msg/IridiumsbdStatus.json\n'}
[1.258471] (px4_msgs) StdoutLine: {'line': b'-- Up-to-date: /home/mcfb/ros2_ws/install/px4_msgs/share/px4_msgs/msg/IrlockReport.json\n'}
[1.258511] (px4_msgs) StdoutLine: {'line': b'-- Up-to-date: /home/mcfb/ros2_ws/install/px4_msgs/share/px4_msgs/msg/LandingGear.json\n'}
[1.258550] (px4_msgs) StdoutLine: {'line': b'-- Up-to-date: /home/mcfb/ros2_ws/install/px4_msgs/share/px4_msgs/msg/LandingGearWheel.json\n'}
[1.258729] (px4_msgs) StdoutLine: {'line': b'-- Up-to-date: /home/mcfb/ros2_ws/install/px4_msgs/share/px4_msgs/msg/LandingTargetInnovations.json\n'}
[1.258773] (px4_msgs) StdoutLine: {'line': b'-- Up-to-date: /home/mcfb/ros2_ws/install/px4_msgs/share/px4_msgs/msg/LandingTargetPose.json\n'}
[1.258814] (px4_msgs) StdoutLine: {'line': b'-- Up-to-date: /home/mcfb/ros2_ws/install/px4_msgs/share/px4_msgs/msg/LateralControlConfiguration.json\n'}
[1.258861] (px4_msgs) StdoutLine: {'line': b'-- Up-to-date: /home/mcfb/ros2_ws/install/px4_msgs/share/px4_msgs/msg/LaunchDetectionStatus.json\n'}
[1.258902] (px4_msgs) StdoutLine: {'line': b'-- Up-to-date: /home/mcfb/ros2_ws/install/px4_msgs/share/px4_msgs/msg/LedControl.json\n'}
[1.258943] (px4_msgs) StdoutLine: {'line': b'-- Up-to-date: /home/mcfb/ros2_ws/install/px4_msgs/share/px4_msgs/msg/LogMessage.json\n'}
[1.258982] (px4_msgs) StdoutLine: {'line': b'-- Up-to-date: /home/mcfb/ros2_ws/install/px4_msgs/share/px4_msgs/msg/LoggerStatus.json\n'}
[1.259139] (px4_msgs) StdoutLine: {'line': b'-- Up-to-date: /home/mcfb/ros2_ws/install/px4_msgs/share/px4_msgs/msg/LongitudinalControlConfiguration.json\n'}
[1.259181] (px4_msgs) StdoutLine: {'line': b'-- Up-to-date: /home/mcfb/ros2_ws/install/px4_msgs/share/px4_msgs/msg/MagWorkerData.json\n'}
[1.259222] (px4_msgs) StdoutLine: {'line': b'-- Up-to-date: /home/mcfb/ros2_ws/install/px4_msgs/share/px4_msgs/msg/MagnetometerBiasEstimate.json\n'}
[1.259268] (px4_msgs) StdoutLine: {'line': b'-- Up-to-date: /home/mcfb/ros2_ws/install/px4_msgs/share/px4_msgs/msg/ManualControlSetpoint.json\n'}
[1.259310] (px4_msgs) StdoutLine: {'line': b'-- Up-to-date: /home/mcfb/ros2_ws/install/px4_msgs/share/px4_msgs/msg/ManualControlSwitches.json\n'}
[1.259348] (px4_msgs) StdoutLine: {'line': b'-- Up-to-date: /home/mcfb/ros2_ws/install/px4_msgs/share/px4_msgs/msg/MavlinkLog.json\n'}
[1.259389] (px4_msgs) StdoutLine: {'line': b'-- Up-to-date: /home/mcfb/ros2_ws/install/px4_msgs/share/px4_msgs/msg/MavlinkTunnel.json\n'}
[1.259427] (px4_msgs) StdoutLine: {'line': b'-- Up-to-date: /home/mcfb/ros2_ws/install/px4_msgs/share/px4_msgs/msg/MessageFormatRequest.json\n'}
[1.259462] (px4_msgs) StdoutLine: {'line': b'-- Up-to-date: /home/mcfb/ros2_ws/install/px4_msgs/share/px4_msgs/msg/MessageFormatResponse.json\n'}
[1.259499] (px4_msgs) StdoutLine: {'line': b'-- Up-to-date: /home/mcfb/ros2_ws/install/px4_msgs/share/px4_msgs/msg/Mission.json\n'}
[1.259538] (px4_msgs) StdoutLine: {'line': b'-- Up-to-date: /home/mcfb/ros2_ws/install/px4_msgs/share/px4_msgs/msg/MissionResult.json\n'}
[1.259574] (px4_msgs) StdoutLine: {'line': b'-- Up-to-date: /home/mcfb/ros2_ws/install/px4_msgs/share/px4_msgs/msg/ModeCompleted.json\n'}
[1.259613] (px4_msgs) StdoutLine: {'line': b'-- Up-to-date: /home/mcfb/ros2_ws/install/px4_msgs/share/px4_msgs/msg/MountOrientation.json\n'}
[1.259652] (px4_msgs) StdoutLine: {'line': b'-- Up-to-date: /home/mcfb/ros2_ws/install/px4_msgs/share/px4_msgs/msg/NavigatorMissionItem.json\n'}
[1.259694] (px4_msgs) StdoutLine: {'line': b'-- Up-to-date: /home/mcfb/ros2_ws/install/px4_msgs/share/px4_msgs/msg/NavigatorStatus.json\n'}
[1.259872] (px4_msgs) StdoutLine: {'line': b'-- Up-to-date: /home/mcfb/ros2_ws/install/px4_msgs/share/px4_msgs/msg/NeuralControl.json\n'}
[1.259940] (px4_msgs) StdoutLine: {'line': b'-- Up-to-date: /home/mcfb/ros2_ws/install/px4_msgs/share/px4_msgs/msg/NormalizedUnsignedSetpoint.json\n'}
[1.260011] (px4_msgs) StdoutLine: {'line': b'-- Up-to-date: /home/mcfb/ros2_ws/install/px4_msgs/share/px4_msgs/msg/ObstacleDistance.json\n'}
[1.260394] (px4_msgs) StdoutLine: {'line': b'-- Up-to-date: /home/mcfb/ros2_ws/install/px4_msgs/share/px4_msgs/msg/OffboardControlMode.json\n'}
[1.260618] (px4_msgs) StdoutLine: {'line': b'-- Up-to-date: /home/mcfb/ros2_ws/install/px4_msgs/share/px4_msgs/msg/OnboardComputerStatus.json\n'}
[1.260707] (px4_msgs) StdoutLine: {'line': b'-- Up-to-date: /home/mcfb/ros2_ws/install/px4_msgs/share/px4_msgs/msg/OpenDroneIdArmStatus.json\n'}
[1.260774] (px4_msgs) StdoutLine: {'line': b'-- Up-to-date: /home/mcfb/ros2_ws/install/px4_msgs/share/px4_msgs/msg/OpenDroneIdOperatorId.json\n'}
[1.260819] (px4_msgs) StdoutLine: {'line': b'-- Up-to-date: /home/mcfb/ros2_ws/install/px4_msgs/share/px4_msgs/msg/OpenDroneIdSelfId.json\n'}
[1.260875] (px4_msgs) StdoutLine: {'line': b'-- Up-to-date: /home/mcfb/ros2_ws/install/px4_msgs/share/px4_msgs/msg/OpenDroneIdSystem.json\n'}
[1.260920] (px4_msgs) StdoutLine: {'line': b'-- Up-to-date: /home/mcfb/ros2_ws/install/px4_msgs/share/px4_msgs/msg/OrbTest.json\n'}
[1.260962] (px4_msgs) StdoutLine: {'line': b'-- Up-to-date: /home/mcfb/ros2_ws/install/px4_msgs/share/px4_msgs/msg/OrbTestLarge.json\n'}
[1.261008] (px4_msgs) StdoutLine: {'line': b'-- Up-to-date: /home/mcfb/ros2_ws/install/px4_msgs/share/px4_msgs/msg/OrbTestMedium.json\n'}
[1.261049] (px4_msgs) StdoutLine: {'line': b'-- Up-to-date: /home/mcfb/ros2_ws/install/px4_msgs/share/px4_msgs/msg/OrbitStatus.json\n'}
[1.261087] (px4_msgs) StdoutLine: {'line': b'-- Up-to-date: /home/mcfb/ros2_ws/install/px4_msgs/share/px4_msgs/msg/ParameterResetRequest.json\n'}
[1.261325] (px4_msgs) StdoutLine: {'line': b'-- Up-to-date: /home/mcfb/ros2_ws/install/px4_msgs/share/px4_msgs/msg/ParameterSetUsedRequest.json\n'}
[1.261402] (px4_msgs) StdoutLine: {'line': b'-- Up-to-date: /home/mcfb/ros2_ws/install/px4_msgs/share/px4_msgs/msg/ParameterSetValueRequest.json\n'}
[1.261456] (px4_msgs) StdoutLine: {'line': b'-- Up-to-date: /home/mcfb/ros2_ws/install/px4_msgs/share/px4_msgs/msg/ParameterSetValueResponse.json\n'}
[1.261528] (px4_msgs) StdoutLine: {'line': b'-- Up-to-date: /home/mcfb/ros2_ws/install/px4_msgs/share/px4_msgs/msg/ParameterUpdate.json\n'}
[1.261614] (px4_msgs) StdoutLine: {'line': b'-- Up-to-date: /home/mcfb/ros2_ws/install/px4_msgs/share/px4_msgs/msg/Ping.json\n'}
[1.261688] (px4_msgs) StdoutLine: {'line': b'-- Up-to-date: /home/mcfb/ros2_ws/install/px4_msgs/share/px4_msgs/msg/PositionControllerLandingStatus.json\n'}
[1.261761] (px4_msgs) StdoutLine: {'line': b'-- Up-to-date: /home/mcfb/ros2_ws/install/px4_msgs/share/px4_msgs/msg/PositionControllerStatus.json\n'}
[1.261814] (px4_msgs) StdoutLine: {'line': b'-- Up-to-date: /home/mcfb/ros2_ws/install/px4_msgs/share/px4_msgs/msg/PositionSetpoint.json\n'}
[1.261893] (px4_msgs) StdoutLine: {'line': b'-- Up-to-date: /home/mcfb/ros2_ws/install/px4_msgs/share/px4_msgs/msg/PositionSetpointTriplet.json\n'}
[1.261946] (px4_msgs) StdoutLine: {'line': b'-- Up-to-date: /home/mcfb/ros2_ws/install/px4_msgs/share/px4_msgs/msg/PowerButtonState.json\n'}
[1.262113] (px4_msgs) StdoutLine: {'line': b'-- Up-to-date: /home/mcfb/ros2_ws/install/px4_msgs/share/px4_msgs/msg/PowerMonitor.json\n'}
[1.262204] (px4_msgs) StdoutLine: {'line': b'-- Up-to-date: /home/mcfb/ros2_ws/install/px4_msgs/share/px4_msgs/msg/PpsCapture.json\n'}
[1.262262] (px4_msgs) StdoutLine: {'line': b'-- Up-to-date: /home/mcfb/ros2_ws/install/px4_msgs/share/px4_msgs/msg/PurePursuitStatus.json\n'}
[1.262306] (px4_msgs) StdoutLine: {'line': b'-- Up-to-date: /home/mcfb/ros2_ws/install/px4_msgs/share/px4_msgs/msg/PwmInput.json\n'}
[1.262352] (px4_msgs) StdoutLine: {'line': b'-- Up-to-date: /home/mcfb/ros2_ws/install/px4_msgs/share/px4_msgs/msg/Px4ioStatus.json\n'}
[1.262646] (px4_msgs) StdoutLine: {'line': b'-- Up-to-date: /home/mcfb/ros2_ws/install/px4_msgs/share/px4_msgs/msg/QshellReq.json\n'}
[1.262726] (px4_msgs) StdoutLine: {'line': b'-- Up-to-date: /home/mcfb/ros2_ws/install/px4_msgs/share/px4_msgs/msg/QshellRetval.json\n'}
[1.262810] (px4_msgs) StdoutLine: {'line': b'-- Up-to-date: /home/mcfb/ros2_ws/install/px4_msgs/share/px4_msgs/msg/RadioStatus.json\n'}
[1.262888] (px4_msgs) StdoutLine: {'line': b'-- Up-to-date: /home/mcfb/ros2_ws/install/px4_msgs/share/px4_msgs/msg/RateCtrlStatus.json\n'}
[1.262957] (px4_msgs) StdoutLine: {'line': b'-- Up-to-date: /home/mcfb/ros2_ws/install/px4_msgs/share/px4_msgs/msg/RcChannels.json\n'}
[1.263025] (px4_msgs) StdoutLine: {'line': b'-- Up-to-date: /home/mcfb/ros2_ws/install/px4_msgs/share/px4_msgs/msg/RcParameterMap.json\n'}
[1.263076] (px4_msgs) StdoutLine: {'line': b'-- Up-to-date: /home/mcfb/ros2_ws/install/px4_msgs/share/px4_msgs/msg/RegisterExtComponentReply.json\n'}
[1.263145] (px4_msgs) StdoutLine: {'line': b'-- Up-to-date: /home/mcfb/ros2_ws/install/px4_msgs/share/px4_msgs/msg/RegisterExtComponentRequest.json\n'}
[1.263215] (px4_msgs) StdoutLine: {'line': b'-- Up-to-date: /home/mcfb/ros2_ws/install/px4_msgs/share/px4_msgs/msg/RoverAttitudeSetpoint.json\n'}
[1.263517] (px4_msgs) StdoutLine: {'line': b'-- Up-to-date: /home/mcfb/ros2_ws/install/px4_msgs/share/px4_msgs/msg/RoverAttitudeStatus.json\n'}
[1.263632] (px4_msgs) StdoutLine: {'line': b'-- Up-to-date: /home/mcfb/ros2_ws/install/px4_msgs/share/px4_msgs/msg/RoverPositionSetpoint.json\n'}
[1.263707] (px4_msgs) StdoutLine: {'line': b'-- Up-to-date: /home/mcfb/ros2_ws/install/px4_msgs/share/px4_msgs/msg/RoverRateSetpoint.json\n'}
[1.263784] (px4_msgs) StdoutLine: {'line': b'-- Up-to-date: /home/mcfb/ros2_ws/install/px4_msgs/share/px4_msgs/msg/RoverRateStatus.json\n'}
[1.263866] (px4_msgs) StdoutLine: {'line': b'-- Up-to-date: /home/mcfb/ros2_ws/install/px4_msgs/share/px4_msgs/msg/RoverSpeedSetpoint.json\n'}
[1.264011] (px4_msgs) StdoutLine: {'line': b'-- Up-to-date: /home/mcfb/ros2_ws/install/px4_msgs/share/px4_msgs/msg/RoverSpeedStatus.json\n'}
[1.264367] (px4_msgs) StdoutLine: {'line': b'-- Up-to-date: /home/mcfb/ros2_ws/install/px4_msgs/share/px4_msgs/msg/RoverSteeringSetpoint.json\n'}
[1.264435] (px4_msgs) StdoutLine: {'line': b'-- Up-to-date: /home/mcfb/ros2_ws/install/px4_msgs/share/px4_msgs/msg/RoverThrottleSetpoint.json\n'}
[1.264492] (px4_msgs) StdoutLine: {'line': b'-- Up-to-date: /home/mcfb/ros2_ws/install/px4_msgs/share/px4_msgs/msg/Rpm.json\n'}
[1.264547] (px4_msgs) StdoutLine: {'line': b'-- Up-to-date: /home/mcfb/ros2_ws/install/px4_msgs/share/px4_msgs/msg/RtlStatus.json\n'}
[1.264602] (px4_msgs) StdoutLine: {'line': b'-- Up-to-date: /home/mcfb/ros2_ws/install/px4_msgs/share/px4_msgs/msg/RtlTimeEstimate.json\n'}
[1.264652] (px4_msgs) StdoutLine: {'line': b'-- Up-to-date: /home/mcfb/ros2_ws/install/px4_msgs/share/px4_msgs/msg/SatelliteInfo.json\n'}
[1.264702] (px4_msgs) StdoutLine: {'line': b'-- Up-to-date: /home/mcfb/ros2_ws/install/px4_msgs/share/px4_msgs/msg/SensorAccel.json\n'}
[1.264787] (px4_msgs) StdoutLine: {'line': b'-- Up-to-date: /home/mcfb/ros2_ws/install/px4_msgs/share/px4_msgs/msg/SensorAccelFifo.json\n'}
[1.264837] (px4_msgs) StdoutLine: {'line': b'-- Up-to-date: /home/mcfb/ros2_ws/install/px4_msgs/share/px4_msgs/msg/SensorAirflow.json\n'}
[1.264894] (px4_msgs) StdoutLine: {'line': b'-- Up-to-date: /home/mcfb/ros2_ws/install/px4_msgs/share/px4_msgs/msg/SensorBaro.json\n'}
[1.264943] (px4_msgs) StdoutLine: {'line': b'-- Up-to-date: /home/mcfb/ros2_ws/install/px4_msgs/share/px4_msgs/msg/SensorCombined.json\n'}
[1.264993] (px4_msgs) StdoutLine: {'line': b'-- Up-to-date: /home/mcfb/ros2_ws/install/px4_msgs/share/px4_msgs/msg/SensorCorrection.json\n'}
[1.265042] (px4_msgs) StdoutLine: {'line': b'-- Up-to-date: /home/mcfb/ros2_ws/install/px4_msgs/share/px4_msgs/msg/SensorGnssRelative.json\n'}
[1.265089] (px4_msgs) StdoutLine: {'line': b'-- Up-to-date: /home/mcfb/ros2_ws/install/px4_msgs/share/px4_msgs/msg/SensorGnssStatus.json\n'}
[1.265139] (px4_msgs) StdoutLine: {'line': b'-- Up-to-date: /home/mcfb/ros2_ws/install/px4_msgs/share/px4_msgs/msg/SensorGps.json\n'}
[1.265313] (px4_msgs) StdoutLine: {'line': b'-- Up-to-date: /home/mcfb/ros2_ws/install/px4_msgs/share/px4_msgs/msg/SensorGyro.json\n'}
[1.265367] (px4_msgs) StdoutLine: {'line': b'-- Up-to-date: /home/mcfb/ros2_ws/install/px4_msgs/share/px4_msgs/msg/SensorGyroFft.json\n'}
[1.265415] (px4_msgs) StdoutLine: {'line': b'-- Up-to-date: /home/mcfb/ros2_ws/install/px4_msgs/share/px4_msgs/msg/SensorGyroFifo.json\n'}
[1.265467] (px4_msgs) StdoutLine: {'line': b'-- Up-to-date: /home/mcfb/ros2_ws/install/px4_msgs/share/px4_msgs/msg/SensorHygrometer.json\n'}
[1.265522] (px4_msgs) StdoutLine: {'line': b'-- Up-to-date: /home/mcfb/ros2_ws/install/px4_msgs/share/px4_msgs/msg/SensorMag.json\n'}
[1.265601] (px4_msgs) StdoutLine: {'line': b'-- Up-to-date: /home/mcfb/ros2_ws/install/px4_msgs/share/px4_msgs/msg/SensorOpticalFlow.json\n'}
[1.265758] (px4_msgs) StdoutLine: {'line': b'-- Up-to-date: /home/mcfb/ros2_ws/install/px4_msgs/share/px4_msgs/msg/SensorPreflightMag.json\n'}
[1.265827] (px4_msgs) StdoutLine: {'line': b'-- Up-to-date: /home/mcfb/ros2_ws/install/px4_msgs/share/px4_msgs/msg/SensorSelection.json\n'}
[1.266213] (px4_msgs) StdoutLine: {'line': b'-- Up-to-date: /home/mcfb/ros2_ws/install/px4_msgs/share/px4_msgs/msg/SensorUwb.json\n'}
[1.266310] (px4_msgs) StdoutLine: {'line': b'-- Up-to-date: /home/mcfb/ros2_ws/install/px4_msgs/share/px4_msgs/msg/SensorsStatus.json\n'}
[1.266388] (px4_msgs) StdoutLine: {'line': b'-- Up-to-date: /home/mcfb/ros2_ws/install/px4_msgs/share/px4_msgs/msg/SensorsStatusImu.json\n'}
[1.266464] (px4_msgs) StdoutLine: {'line': b'-- Up-to-date: /home/mcfb/ros2_ws/install/px4_msgs/share/px4_msgs/msg/SystemPower.json\n'}
[1.266538] (px4_msgs) StdoutLine: {'line': b'-- Up-to-date: /home/mcfb/ros2_ws/install/px4_msgs/share/px4_msgs/msg/TakeoffStatus.json\n'}
[1.266656] (px4_msgs) StdoutLine: {'line': b'-- Up-to-date: /home/mcfb/ros2_ws/install/px4_msgs/share/px4_msgs/msg/TaskStackInfo.json\n'}
[1.266730] (px4_msgs) StdoutLine: {'line': b'-- Up-to-date: /home/mcfb/ros2_ws/install/px4_msgs/share/px4_msgs/msg/TecsStatus.json\n'}
[1.266799] (px4_msgs) StdoutLine: {'line': b'-- Up-to-date: /home/mcfb/ros2_ws/install/px4_msgs/share/px4_msgs/msg/TelemetryStatus.json\n'}
[1.266875] (px4_msgs) StdoutLine: {'line': b'-- Up-to-date: /home/mcfb/ros2_ws/install/px4_msgs/share/px4_msgs/msg/TiltrotorExtraControls.json\n'}
[1.266945] (px4_msgs) StdoutLine: {'line': b'-- Up-to-date: /home/mcfb/ros2_ws/install/px4_msgs/share/px4_msgs/msg/TimesyncStatus.json\n'}
[1.267012] (px4_msgs) StdoutLine: {'line': b'-- Up-to-date: /home/mcfb/ros2_ws/install/px4_msgs/share/px4_msgs/msg/TrajectorySetpoint.json\n'}
[1.267085] (px4_msgs) StdoutLine: {'line': b'-- Up-to-date: /home/mcfb/ros2_ws/install/px4_msgs/share/px4_msgs/msg/TrajectorySetpoint6dof.json\n'}
[1.267156] (px4_msgs) StdoutLine: {'line': b'-- Up-to-date: /home/mcfb/ros2_ws/install/px4_msgs/share/px4_msgs/msg/TransponderReport.json\n'}
[1.267226] (px4_msgs) StdoutLine: {'line': b'-- Up-to-date: /home/mcfb/ros2_ws/install/px4_msgs/share/px4_msgs/msg/TuneControl.json\n'}
[1.267294] (px4_msgs) StdoutLine: {'line': b'-- Up-to-date: /home/mcfb/ros2_ws/install/px4_msgs/share/px4_msgs/msg/UavcanParameterRequest.json\n'}
[1.267364] (px4_msgs) StdoutLine: {'line': b'-- Up-to-date: /home/mcfb/ros2_ws/install/px4_msgs/share/px4_msgs/msg/UavcanParameterValue.json\n'}
[1.267433] (px4_msgs) StdoutLine: {'line': b'-- Up-to-date: /home/mcfb/ros2_ws/install/px4_msgs/share/px4_msgs/msg/UlogStream.json\n'}
[1.267505] (px4_msgs) StdoutLine: {'line': b'-- Up-to-date: /home/mcfb/ros2_ws/install/px4_msgs/share/px4_msgs/msg/UlogStreamAck.json\n'}
[1.267575] (px4_msgs) StdoutLine: {'line': b'-- Up-to-date: /home/mcfb/ros2_ws/install/px4_msgs/share/px4_msgs/msg/UnregisterExtComponent.json\n'}
[1.267647] (px4_msgs) StdoutLine: {'line': b'-- Up-to-date: /home/mcfb/ros2_ws/install/px4_msgs/share/px4_msgs/msg/VehicleAcceleration.json\n'}
[1.267716] (px4_msgs) StdoutLine: {'line': b'-- Up-to-date: /home/mcfb/ros2_ws/install/px4_msgs/share/px4_msgs/msg/VehicleAirData.json\n'}
[1.267787] (px4_msgs) StdoutLine: {'line': b'-- Up-to-date: /home/mcfb/ros2_ws/install/px4_msgs/share/px4_msgs/msg/VehicleAngularAccelerationSetpoint.json\n'}
[1.267880] (px4_msgs) StdoutLine: {'line': b'-- Up-to-date: /home/mcfb/ros2_ws/install/px4_msgs/share/px4_msgs/msg/VehicleAngularVelocity.json\n'}
[1.267952] (px4_msgs) StdoutLine: {'line': b'-- Up-to-date: /home/mcfb/ros2_ws/install/px4_msgs/share/px4_msgs/msg/VehicleAttitude.json\n'}
[1.268025] (px4_msgs) StdoutLine: {'line': b'-- Up-to-date: /home/mcfb/ros2_ws/install/px4_msgs/share/px4_msgs/msg/VehicleAttitudeSetpoint.json\n'}
[1.268096] (px4_msgs) StdoutLine: {'line': b'-- Up-to-date: /home/mcfb/ros2_ws/install/px4_msgs/share/px4_msgs/msg/VehicleCommand.json\n'}
[1.268168] (px4_msgs) StdoutLine: {'line': b'-- Up-to-date: /home/mcfb/ros2_ws/install/px4_msgs/share/px4_msgs/msg/VehicleCommandAck.json\n'}
[1.268237] (px4_msgs) StdoutLine: {'line': b'-- Up-to-date: /home/mcfb/ros2_ws/install/px4_msgs/share/px4_msgs/msg/VehicleConstraints.json\n'}
[1.268309] (px4_msgs) StdoutLine: {'line': b'-- Up-to-date: /home/mcfb/ros2_ws/install/px4_msgs/share/px4_msgs/msg/VehicleControlMode.json\n'}
[1.268379] (px4_msgs) StdoutLine: {'line': b'-- Up-to-date: /home/mcfb/ros2_ws/install/px4_msgs/share/px4_msgs/msg/VehicleGlobalPosition.json\n'}
[1.268449] (px4_msgs) StdoutLine: {'line': b'-- Up-to-date: /home/mcfb/ros2_ws/install/px4_msgs/share/px4_msgs/msg/VehicleImu.json\n'}
[1.268518] (px4_msgs) StdoutLine: {'line': b'-- Up-to-date: /home/mcfb/ros2_ws/install/px4_msgs/share/px4_msgs/msg/VehicleImuStatus.json\n'}
[1.268693] (px4_msgs) StdoutLine: {'line': b'-- Up-to-date: /home/mcfb/ros2_ws/install/px4_msgs/share/px4_msgs/msg/VehicleLandDetected.json\n'}
[1.268769] (px4_msgs) StdoutLine: {'line': b'-- Up-to-date: /home/mcfb/ros2_ws/install/px4_msgs/share/px4_msgs/msg/VehicleLocalPosition.json\n'}
[1.268873] (px4_msgs) StdoutLine: {'line': b'-- Up-to-date: /home/mcfb/ros2_ws/install/px4_msgs/share/px4_msgs/msg/VehicleLocalPositionSetpoint.json\n'}
[1.268945] (px4_msgs) StdoutLine: {'line': b'-- Up-to-date: /home/mcfb/ros2_ws/install/px4_msgs/share/px4_msgs/msg/VehicleMagnetometer.json\n'}
[1.269015] (px4_msgs) StdoutLine: {'line': b'-- Up-to-date: /home/mcfb/ros2_ws/install/px4_msgs/share/px4_msgs/msg/VehicleOdometry.json\n'}
[1.269084] (px4_msgs) StdoutLine: {'line': b'-- Up-to-date: /home/mcfb/ros2_ws/install/px4_msgs/share/px4_msgs/msg/VehicleOpticalFlow.json\n'}
[1.269150] (px4_msgs) StdoutLine: {'line': b'-- Up-to-date: /home/mcfb/ros2_ws/install/px4_msgs/share/px4_msgs/msg/VehicleOpticalFlowVel.json\n'}
[1.269220] (px4_msgs) StdoutLine: {'line': b'-- Up-to-date: /home/mcfb/ros2_ws/install/px4_msgs/share/px4_msgs/msg/VehicleRatesSetpoint.json\n'}
[1.269290] (px4_msgs) StdoutLine: {'line': b'-- Up-to-date: /home/mcfb/ros2_ws/install/px4_msgs/share/px4_msgs/msg/VehicleRoi.json\n'}
[1.269361] (px4_msgs) StdoutLine: {'line': b'-- Up-to-date: /home/mcfb/ros2_ws/install/px4_msgs/share/px4_msgs/msg/VehicleStatus.json\n'}
[1.269432] (px4_msgs) StdoutLine: {'line': b'-- Up-to-date: /home/mcfb/ros2_ws/install/px4_msgs/share/px4_msgs/msg/VehicleThrustSetpoint.json\n'}
[1.269503] (px4_msgs) StdoutLine: {'line': b'-- Up-to-date: /home/mcfb/ros2_ws/install/px4_msgs/share/px4_msgs/msg/VehicleTorqueSetpoint.json\n'}
[1.269571] (px4_msgs) StdoutLine: {'line': b'-- Up-to-date: /home/mcfb/ros2_ws/install/px4_msgs/share/px4_msgs/msg/VelocityLimits.json\n'}
[1.269641] (px4_msgs) StdoutLine: {'line': b'-- Up-to-date: /home/mcfb/ros2_ws/install/px4_msgs/share/px4_msgs/msg/VtolVehicleStatus.json\n'}
[1.269710] (px4_msgs) StdoutLine: {'line': b'-- Up-to-date: /home/mcfb/ros2_ws/install/px4_msgs/share/px4_msgs/msg/WheelEncoders.json\n'}
[1.269782] (px4_msgs) StdoutLine: {'line': b'-- Up-to-date: /home/mcfb/ros2_ws/install/px4_msgs/share/px4_msgs/msg/Wind.json\n'}
[1.269858] (px4_msgs) StdoutLine: {'line': b'-- Up-to-date: /home/mcfb/ros2_ws/install/px4_msgs/share/px4_msgs/msg/YawEstimatorStatus.json\n'}
[1.270027] (px4_msgs) StdoutLine: {'line': b'-- Up-to-date: /home/mcfb/ros2_ws/install/px4_msgs/share/px4_msgs/srv/VehicleCommand.json\n'}
[1.270135] (px4_msgs) StdoutLine: {'line': b'-- Up-to-date: /home/mcfb/ros2_ws/install/px4_msgs/include/px4_msgs/px4_msgs\n'}
[1.270259] (px4_msgs) StdoutLine: {'line': b'-- Up-to-date: /home/mcfb/ros2_ws/install/px4_msgs/include/px4_msgs/px4_msgs/srv\n'}
[1.270317] (px4_msgs) StdoutLine: {'line': b'-- Up-to-date: /home/mcfb/ros2_ws/install/px4_msgs/include/px4_msgs/px4_msgs/srv/detail\n'}
[1.270367] (px4_msgs) StdoutLine: {'line': b'-- Up-to-date: /home/mcfb/ros2_ws/install/px4_msgs/include/px4_msgs/px4_msgs/srv/detail/vehicle_command__struct.h\n'}
[1.270421] (px4_msgs) StdoutLine: {'line': b'-- Up-to-date: /home/mcfb/ros2_ws/install/px4_msgs/include/px4_msgs/px4_msgs/srv/detail/vehicle_command__type_support.h\n'}
[1.270575] (px4_msgs) StdoutLine: {'line': b'-- Up-to-date: /home/mcfb/ros2_ws/install/px4_msgs/include/px4_msgs/px4_msgs/srv/detail/vehicle_command__description.c\n'}
[1.270629] (px4_msgs) StdoutLine: {'line': b'-- Up-to-date: /home/mcfb/ros2_ws/install/px4_msgs/include/px4_msgs/px4_msgs/srv/detail/vehicle_command__functions.h\n'}
[1.270679] (px4_msgs) StdoutLine: {'line': b'-- Installing: /home/mcfb/ros2_ws/install/px4_msgs/include/px4_msgs/px4_msgs/srv/detail/vehicle_command__type_support.c\n'}
[1.270728] (px4_msgs) StdoutLine: {'line': b'-- Up-to-date: /home/mcfb/ros2_ws/install/px4_msgs/include/px4_msgs/px4_msgs/srv/detail/vehicle_command__functions.c\n'}
[1.270810] (px4_msgs) StdoutLine: {'line': b'-- Up-to-date: /home/mcfb/ros2_ws/install/px4_msgs/include/px4_msgs/px4_msgs/srv/vehicle_command.h\n'}
[1.270900] (px4_msgs) StdoutLine: {'line': b'-- Up-to-date: /home/mcfb/ros2_ws/install/px4_msgs/include/px4_msgs/px4_msgs/msg\n'}
[1.270984] (px4_msgs) StdoutLine: {'line': b'-- Up-to-date: /home/mcfb/ros2_ws/install/px4_msgs/include/px4_msgs/px4_msgs/msg/goto_setpoint.h\n'}
[1.271080] (px4_msgs) StdoutLine: {'line': b'-- Up-to-date: /home/mcfb/ros2_ws/install/px4_msgs/include/px4_msgs/px4_msgs/msg/offboard_control_mode.h\n'}
[1.271160] (px4_msgs) StdoutLine: {'line': b'-- Up-to-date: /home/mcfb/ros2_ws/install/px4_msgs/include/px4_msgs/px4_msgs/msg/log_message.h\n'}
[1.271238] (px4_msgs) StdoutLine: {'line': b'-- Up-to-date: /home/mcfb/ros2_ws/install/px4_msgs/include/px4_msgs/px4_msgs/msg/sensor_accel.h\n'}
[1.271489] (px4_msgs) StdoutLine: {'line': b'-- Up-to-date: /home/mcfb/ros2_ws/install/px4_msgs/include/px4_msgs/px4_msgs/msg/open_drone_id_self_id.h\n'}
[1.271572] (px4_msgs) StdoutLine: {'line': b'-- Up-to-date: /home/mcfb/ros2_ws/install/px4_msgs/include/px4_msgs/px4_msgs/msg/action_request.h\n'}
[1.271648] (px4_msgs) StdoutLine: {'line': b'-- Up-to-date: /home/mcfb/ros2_ws/install/px4_msgs/include/px4_msgs/px4_msgs/msg/battery_status.h\n'}
[1.271723] (px4_msgs) StdoutLine: {'line': b'-- Up-to-date: /home/mcfb/ros2_ws/install/px4_msgs/include/px4_msgs/px4_msgs/msg/rover_speed_status.h\n'}
[1.271801] (px4_msgs) StdoutLine: {'line': b'-- Up-to-date: /home/mcfb/ros2_ws/install/px4_msgs/include/px4_msgs/px4_msgs/msg/distance_sensor.h\n'}
[1.271888] (px4_msgs) StdoutLine: {'line': b'-- Up-to-date: /home/mcfb/ros2_ws/install/px4_msgs/include/px4_msgs/px4_msgs/msg/debug_array.h\n'}
[1.272000] (px4_msgs) StdoutLine: {'line': b'-- Up-to-date: /home/mcfb/ros2_ws/install/px4_msgs/include/px4_msgs/px4_msgs/msg/vehicle_air_data.h\n'}
[1.272056] (px4_msgs) StdoutLine: {'line': b'-- Up-to-date: /home/mcfb/ros2_ws/install/px4_msgs/include/px4_msgs/px4_msgs/msg/gimbal_manager_information.h\n'}
[1.272108] (px4_msgs) StdoutLine: {'line': b'-- Up-to-date: /home/mcfb/ros2_ws/install/px4_msgs/include/px4_msgs/px4_msgs/msg/estimator_status.h\n'}
[1.272158] (px4_msgs) StdoutLine: {'line': b'-- Up-to-date: /home/mcfb/ros2_ws/install/px4_msgs/include/px4_msgs/px4_msgs/msg/vehicle_command_ack.h\n'}
[1.272209] (px4_msgs) StdoutLine: {'line': b'-- Up-to-date: /home/mcfb/ros2_ws/install/px4_msgs/include/px4_msgs/px4_msgs/msg/sensor_uwb.h\n'}
[1.272259] (px4_msgs) StdoutLine: {'line': b'-- Up-to-date: /home/mcfb/ros2_ws/install/px4_msgs/include/px4_msgs/px4_msgs/msg/follow_target_estimator.h\n'}
[1.272308] (px4_msgs) StdoutLine: {'line': b'-- Up-to-date: /home/mcfb/ros2_ws/install/px4_msgs/include/px4_msgs/px4_msgs/msg/follow_target_status.h\n'}
[1.272354] (px4_msgs) StdoutLine: {'line': b'-- Up-to-date: /home/mcfb/ros2_ws/install/px4_msgs/include/px4_msgs/px4_msgs/msg/tune_control.h\n'}
[1.272402] (px4_msgs) StdoutLine: {'line': b'-- Up-to-date: /home/mcfb/ros2_ws/install/px4_msgs/include/px4_msgs/px4_msgs/msg/trajectory_setpoint.h\n'}
[1.272449] (px4_msgs) StdoutLine: {'line': b'-- Up-to-date: /home/mcfb/ros2_ws/install/px4_msgs/include/px4_msgs/px4_msgs/msg/gripper.h\n'}
[1.272499] (px4_msgs) StdoutLine: {'line': b'-- Up-to-date: /home/mcfb/ros2_ws/install/px4_msgs/include/px4_msgs/px4_msgs/msg/dataman_response.h\n'}
[1.272546] (px4_msgs) StdoutLine: {'line': b'-- Up-to-date: /home/mcfb/ros2_ws/install/px4_msgs/include/px4_msgs/px4_msgs/msg/dataman_request.h\n'}
[1.272592] (px4_msgs) StdoutLine: {'line': b'-- Up-to-date: /home/mcfb/ros2_ws/install/px4_msgs/include/px4_msgs/px4_msgs/msg/lateral_control_configuration.h\n'}
[1.272642] (px4_msgs) StdoutLine: {'line': b'-- Up-to-date: /home/mcfb/ros2_ws/install/px4_msgs/include/px4_msgs/px4_msgs/msg/rosidl_generator_c__visibility_control.h\n'}
[1.272692] (px4_msgs) StdoutLine: {'line': b'-- Up-to-date: /home/mcfb/ros2_ws/install/px4_msgs/include/px4_msgs/px4_msgs/msg/orbit_status.h\n'}
[1.272741] (px4_msgs) StdoutLine: {'line': b'-- Up-to-date: /home/mcfb/ros2_ws/install/px4_msgs/include/px4_msgs/px4_msgs/msg/launch_detection_status.h\n'}
[1.272790] (px4_msgs) StdoutLine: {'line': b'-- Up-to-date: /home/mcfb/ros2_ws/install/px4_msgs/include/px4_msgs/px4_msgs/msg/arming_check_request.h\n'}
[1.272836] (px4_msgs) StdoutLine: {'line': b'-- Up-to-date: /home/mcfb/ros2_ws/install/px4_msgs/include/px4_msgs/px4_msgs/msg/manual_control_switches.h\n'}
[1.272909] (px4_msgs) StdoutLine: {'line': b'-- Up-to-date: /home/mcfb/ros2_ws/install/px4_msgs/include/px4_msgs/px4_msgs/msg/debug_value.h\n'}
[1.272959] (px4_msgs) StdoutLine: {'line': b'-- Up-to-date: /home/mcfb/ros2_ws/install/px4_msgs/include/px4_msgs/px4_msgs/msg/register_ext_component_reply.h\n'}
[1.273009] (px4_msgs) StdoutLine: {'line': b'-- Up-to-date: /home/mcfb/ros2_ws/install/px4_msgs/include/px4_msgs/px4_msgs/msg/satellite_info.h\n'}
[1.273057] (px4_msgs) StdoutLine: {'line': b'-- Up-to-date: /home/mcfb/ros2_ws/install/px4_msgs/include/px4_msgs/px4_msgs/msg/follow_target.h\n'}
[1.273107] (px4_msgs) StdoutLine: {'line': b'-- Up-to-date: /home/mcfb/ros2_ws/install/px4_msgs/include/px4_msgs/px4_msgs/msg/mavlink_tunnel.h\n'}
[1.273156] (px4_msgs) StdoutLine: {'line': b'-- Up-to-date: /home/mcfb/ros2_ws/install/px4_msgs/include/px4_msgs/px4_msgs/msg/gimbal_device_set_attitude.h\n'}
[1.273208] (px4_msgs) StdoutLine: {'line': b'-- Up-to-date: /home/mcfb/ros2_ws/install/px4_msgs/include/px4_msgs/px4_msgs/msg/rover_attitude_status.h\n'}
[1.273322] (px4_msgs) StdoutLine: {'line': b'-- Up-to-date: /home/mcfb/ros2_ws/install/px4_msgs/include/px4_msgs/px4_msgs/msg/sensor_baro.h\n'}
[1.273374] (px4_msgs) StdoutLine: {'line': b'-- Up-to-date: /home/mcfb/ros2_ws/install/px4_msgs/include/px4_msgs/px4_msgs/msg/navigator_status.h\n'}
[1.273419] (px4_msgs) StdoutLine: {'line': b'-- Up-to-date: /home/mcfb/ros2_ws/install/px4_msgs/include/px4_msgs/px4_msgs/msg/actuator_servos_trim.h\n'}
[1.273467] (px4_msgs) StdoutLine: {'line': b'-- Up-to-date: /home/mcfb/ros2_ws/install/px4_msgs/include/px4_msgs/px4_msgs/msg/gps_inject_data.h\n'}
[1.273529] (px4_msgs) StdoutLine: {'line': b'-- Up-to-date: /home/mcfb/ros2_ws/install/px4_msgs/include/px4_msgs/px4_msgs/msg/estimator_status_flags.h\n'}
[1.273599] (px4_msgs) StdoutLine: {'line': b'-- Up-to-date: /home/mcfb/ros2_ws/install/px4_msgs/include/px4_msgs/px4_msgs/msg/landing_target_innovations.h\n'}
[1.273660] (px4_msgs) StdoutLine: {'line': b'-- Up-to-date: /home/mcfb/ros2_ws/install/px4_msgs/include/px4_msgs/px4_msgs/msg/estimator_aid_source3d.h\n'}
[1.273723] (px4_msgs) StdoutLine: {'line': b'-- Up-to-date: /home/mcfb/ros2_ws/install/px4_msgs/include/px4_msgs/px4_msgs/msg/sensor_selection.h\n'}
[1.273783] (px4_msgs) StdoutLine: {'line': b'-- Up-to-date: /home/mcfb/ros2_ws/install/px4_msgs/include/px4_msgs/px4_msgs/msg/rover_throttle_setpoint.h\n'}
[1.274552] (px4_msgs) StdoutLine: {'line': b'-- Up-to-date: /home/mcfb/ros2_ws/install/px4_msgs/include/px4_msgs/px4_msgs/msg/internal_combustion_engine_control.h\n'}
[1.274627] (px4_msgs) StdoutLine: {'line': b'-- Up-to-date: /home/mcfb/ros2_ws/install/px4_msgs/include/px4_msgs/px4_msgs/msg/power_button_state.h\n'}
[1.274684] (px4_msgs) StdoutLine: {'line': b'-- Up-to-date: /home/mcfb/ros2_ws/install/px4_msgs/include/px4_msgs/px4_msgs/msg/vehicle_optical_flow.h\n'}
[1.274784] (px4_msgs) StdoutLine: {'line': b'-- Up-to-date: /home/mcfb/ros2_ws/install/px4_msgs/include/px4_msgs/px4_msgs/msg/sensor_accel_fifo.h\n'}
[1.274840] (px4_msgs) StdoutLine: {'line': b'-- Up-to-date: /home/mcfb/ros2_ws/install/px4_msgs/include/px4_msgs/px4_msgs/msg/open_drone_id_system.h\n'}
[1.274901] (px4_msgs) StdoutLine: {'line': b'-- Up-to-date: /home/mcfb/ros2_ws/install/px4_msgs/include/px4_msgs/px4_msgs/msg/rtl_time_estimate.h\n'}
[1.274950] (px4_msgs) StdoutLine: {'line': b'-- Up-to-date: /home/mcfb/ros2_ws/install/px4_msgs/include/px4_msgs/px4_msgs/msg/collision_constraints.h\n'}
[1.275000] (px4_msgs) StdoutLine: {'line': b'-- Up-to-date: /home/mcfb/ros2_ws/install/px4_msgs/include/px4_msgs/px4_msgs/msg/sensors_status.h\n'}
[1.275051] (px4_msgs) StdoutLine: {'line': b'-- Up-to-date: /home/mcfb/ros2_ws/install/px4_msgs/include/px4_msgs/px4_msgs/msg/telemetry_status.h\n'}
[1.275101] (px4_msgs) StdoutLine: {'line': b'-- Up-to-date: /home/mcfb/ros2_ws/install/px4_msgs/include/px4_msgs/px4_msgs/msg/open_drone_id_arm_status.h\n'}
[1.275150] (px4_msgs) StdoutLine: {'line': b'-- Up-to-date: /home/mcfb/ros2_ws/install/px4_msgs/include/px4_msgs/px4_msgs/msg/parameter_set_value_response.h\n'}
[1.275204] (px4_msgs) StdoutLine: {'line': b'-- Up-to-date: /home/mcfb/ros2_ws/install/px4_msgs/include/px4_msgs/px4_msgs/msg/estimator_gps_status.h\n'}
[1.275254] (px4_msgs) StdoutLine: {'line': b'-- Up-to-date: /home/mcfb/ros2_ws/install/px4_msgs/include/px4_msgs/px4_msgs/msg/sensor_gnss_status.h\n'}
[1.275301] (px4_msgs) StdoutLine: {'line': b'-- Up-to-date: /home/mcfb/ros2_ws/install/px4_msgs/include/px4_msgs/px4_msgs/msg/vehicle_acceleration.h\n'}
[1.275347] (px4_msgs) StdoutLine: {'line': b'-- Up-to-date: /home/mcfb/ros2_ws/install/px4_msgs/include/px4_msgs/px4_msgs/msg/failsafe_flags.h\n'}
[1.275395] (px4_msgs) StdoutLine: {'line': b'-- Up-to-date: /home/mcfb/ros2_ws/install/px4_msgs/include/px4_msgs/px4_msgs/msg/position_controller_status.h\n'}
[1.275443] (px4_msgs) StdoutLine: {'line': b'-- Up-to-date: /home/mcfb/ros2_ws/install/px4_msgs/include/px4_msgs/px4_msgs/msg/actuator_test.h\n'}
[1.275490] (px4_msgs) StdoutLine: {'line': b'-- Up-to-date: /home/mcfb/ros2_ws/install/px4_msgs/include/px4_msgs/px4_msgs/msg/vehicle_land_detected.h\n'}
[1.275538] (px4_msgs) StdoutLine: {'line': b'-- Up-to-date: /home/mcfb/ros2_ws/install/px4_msgs/include/px4_msgs/px4_msgs/msg/vehicle_status.h\n'}
[1.275585] (px4_msgs) StdoutLine: {'line': b'-- Up-to-date: /home/mcfb/ros2_ws/install/px4_msgs/include/px4_msgs/px4_msgs/msg/pps_capture.h\n'}
[1.275634] (px4_msgs) StdoutLine: {'line': b'-- Up-to-date: /home/mcfb/ros2_ws/install/px4_msgs/include/px4_msgs/px4_msgs/msg/vehicle_attitude_setpoint.h\n'}
[1.275683] (px4_msgs) StdoutLine: {'line': b'-- Up-to-date: /home/mcfb/ros2_ws/install/px4_msgs/include/px4_msgs/px4_msgs/msg/mode_completed.h\n'}
[1.275734] (px4_msgs) StdoutLine: {'line': b'-- Up-to-date: /home/mcfb/ros2_ws/install/px4_msgs/include/px4_msgs/px4_msgs/msg/sensor_combined.h\n'}
[1.275786] (px4_msgs) StdoutLine: {'line': b'-- Up-to-date: /home/mcfb/ros2_ws/install/px4_msgs/include/px4_msgs/px4_msgs/msg/estimator_bias3d.h\n'}
[1.275835] (px4_msgs) StdoutLine: {'line': b'-- Up-to-date: /home/mcfb/ros2_ws/install/px4_msgs/include/px4_msgs/px4_msgs/msg/landing_gear_wheel.h\n'}
[1.275890] (px4_msgs) StdoutLine: {'line': b'-- Up-to-date: /home/mcfb/ros2_ws/install/px4_msgs/include/px4_msgs/px4_msgs/msg/gimbal_manager_status.h\n'}
[1.275940] (px4_msgs) StdoutLine: {'line': b'-- Up-to-date: /home/mcfb/ros2_ws/install/px4_msgs/include/px4_msgs/px4_msgs/msg/sensor_hygrometer.h\n'}
[1.275988] (px4_msgs) StdoutLine: {'line': b'-- Up-to-date: /home/mcfb/ros2_ws/install/px4_msgs/include/px4_msgs/px4_msgs/msg/estimator_states.h\n'}
[1.276031] (px4_msgs) StdoutLine: {'line': b'-- Up-to-date: /home/mcfb/ros2_ws/install/px4_msgs/include/px4_msgs/px4_msgs/msg/orb_test_medium.h\n'}
[1.276076] (px4_msgs) StdoutLine: {'line': b'-- Up-to-date: /home/mcfb/ros2_ws/install/px4_msgs/include/px4_msgs/px4_msgs/msg/estimator_innovations.h\n'}
[1.276121] (px4_msgs) StdoutLine: {'line': b'-- Up-to-date: /home/mcfb/ros2_ws/install/px4_msgs/include/px4_msgs/px4_msgs/msg/button_event.h\n'}
[1.276167] (px4_msgs) StdoutLine: {'line': b'-- Up-to-date: /home/mcfb/ros2_ws/install/px4_msgs/include/px4_msgs/px4_msgs/msg/tecs_status.h\n'}
[1.276216] (px4_msgs) StdoutLine: {'line': b'-- Up-to-date: /home/mcfb/ros2_ws/install/px4_msgs/include/px4_msgs/px4_msgs/msg/geofence_result.h\n'}
[1.276263] (px4_msgs) StdoutLine: {'line': b'-- Up-to-date: /home/mcfb/ros2_ws/install/px4_msgs/include/px4_msgs/px4_msgs/msg/vehicle_thrust_setpoint.h\n'}
[1.276372] (px4_msgs) StdoutLine: {'line': b'-- Up-to-date: /home/mcfb/ros2_ws/install/px4_msgs/include/px4_msgs/px4_msgs/msg/vehicle_local_position_setpoint.h\n'}
[1.276494] (px4_msgs) StdoutLine: {'line': b'-- Up-to-date: /home/mcfb/ros2_ws/install/px4_msgs/include/px4_msgs/px4_msgs/msg/estimator_aid_source1d.h\n'}
[1.276547] (px4_msgs) StdoutLine: {'line': b'-- Up-to-date: /home/mcfb/ros2_ws/install/px4_msgs/include/px4_msgs/px4_msgs/msg/sensor_gnss_relative.h\n'}
[1.276602] (px4_msgs) StdoutLine: {'line': b'-- Up-to-date: /home/mcfb/ros2_ws/install/px4_msgs/include/px4_msgs/px4_msgs/msg/sensors_status_imu.h\n'}
[1.276682] (px4_msgs) StdoutLine: {'line': b'-- Up-to-date: /home/mcfb/ros2_ws/install/px4_msgs/include/px4_msgs/px4_msgs/msg/mag_worker_data.h\n'}
[1.277113] (px4_msgs) StdoutLine: {'line': b'-- Up-to-date: /home/mcfb/ros2_ws/install/px4_msgs/include/px4_msgs/px4_msgs/msg/vehicle_torque_setpoint.h\n'}
[1.277263] (px4_msgs) StdoutLine: {'line': b'-- Up-to-date: /home/mcfb/ros2_ws/install/px4_msgs/include/px4_msgs/px4_msgs/msg/parameter_set_used_request.h\n'}
[1.277328] (px4_msgs) StdoutLine: {'line': b'-- Up-to-date: /home/mcfb/ros2_ws/install/px4_msgs/include/px4_msgs/px4_msgs/msg/rc_channels.h\n'}
[1.277388] (px4_msgs) StdoutLine: {'line': b'-- Up-to-date: /home/mcfb/ros2_ws/install/px4_msgs/include/px4_msgs/px4_msgs/msg/velocity_limits.h\n'}
[1.277499] (px4_msgs) StdoutLine: {'line': b'-- Up-to-date: /home/mcfb/ros2_ws/install/px4_msgs/include/px4_msgs/px4_msgs/msg/gimbal_device_information.h\n'}
[1.277642] (px4_msgs) StdoutLine: {'line': b'-- Up-to-date: /home/mcfb/ros2_ws/install/px4_msgs/include/px4_msgs/px4_msgs/msg/vehicle_odometry.h\n'}
[1.277703] (px4_msgs) StdoutLine: {'line': b'-- Up-to-date: /home/mcfb/ros2_ws/install/px4_msgs/include/px4_msgs/px4_msgs/msg/mission.h\n'}
[1.277768] (px4_msgs) StdoutLine: {'line': b'-- Up-to-date: /home/mcfb/ros2_ws/install/px4_msgs/include/px4_msgs/px4_msgs/msg/sensor_gyro_fifo.h\n'}
[1.278080] (px4_msgs) StdoutLine: {'line': b'-- Up-to-date: /home/mcfb/ros2_ws/install/px4_msgs/include/px4_msgs/px4_msgs/msg/navigator_mission_item.h\n'}
[1.278147] (px4_msgs) StdoutLine: {'line': b'-- Up-to-date: /home/mcfb/ros2_ws/install/px4_msgs/include/px4_msgs/px4_msgs/msg/qshell_req.h\n'}
[1.278623] (px4_msgs) StdoutLine: {'line': b'-- Up-to-date: /home/mcfb/ros2_ws/install/px4_msgs/include/px4_msgs/px4_msgs/msg/rover_speed_setpoint.h\n'}
[1.278791] (px4_msgs) StdoutLine: {'line': b'-- Up-to-date: /home/mcfb/ros2_ws/install/px4_msgs/include/px4_msgs/px4_msgs/msg/rpm.h\n'}
[1.278871] (px4_msgs) StdoutLine: {'line': b'-- Up-to-date: /home/mcfb/ros2_ws/install/px4_msgs/include/px4_msgs/px4_msgs/msg/vehicle_global_position.h\n'}
[1.278931] (px4_msgs) StdoutLine: {'line': b'-- Up-to-date: /home/mcfb/ros2_ws/install/px4_msgs/include/px4_msgs/px4_msgs/msg/estimator_sensor_bias.h\n'}
[1.279184] (px4_msgs) StdoutLine: {'line': b'-- Up-to-date: /home/mcfb/ros2_ws/install/px4_msgs/include/px4_msgs/px4_msgs/msg/radio_status.h\n'}
[1.279257] (px4_msgs) StdoutLine: {'line': b'-- Up-to-date: /home/mcfb/ros2_ws/install/px4_msgs/include/px4_msgs/px4_msgs/msg/fixed_wing_lateral_setpoint.h\n'}
[1.279396] (px4_msgs) StdoutLine: {'line': b'-- Up-to-date: /home/mcfb/ros2_ws/install/px4_msgs/include/px4_msgs/px4_msgs/msg/hover_thrust_estimate.h\n'}
[1.279497] (px4_msgs) StdoutLine: {'line': b'-- Up-to-date: /home/mcfb/ros2_ws/install/px4_msgs/include/px4_msgs/px4_msgs/msg/can_interface_status.h\n'}
[1.279558] (px4_msgs) StdoutLine: {'line': b'-- Up-to-date: /home/mcfb/ros2_ws/install/px4_msgs/include/px4_msgs/px4_msgs/msg/gpio_in.h\n'}
[1.279612] (px4_msgs) StdoutLine: {'line': b'-- Up-to-date: /home/mcfb/ros2_ws/install/px4_msgs/include/px4_msgs/px4_msgs/msg/vehicle_angular_velocity.h\n'}
[1.279664] (px4_msgs) StdoutLine: {'line': b'-- Up-to-date: /home/mcfb/ros2_ws/install/px4_msgs/include/px4_msgs/px4_msgs/msg/vehicle_angular_acceleration_setpoint.h\n'}
[1.279726] (px4_msgs) StdoutLine: {'line': b'-- Up-to-date: /home/mcfb/ros2_ws/install/px4_msgs/include/px4_msgs/px4_msgs/msg/camera_capture.h\n'}
[1.279798] (px4_msgs) StdoutLine: {'line': b'-- Up-to-date: /home/mcfb/ros2_ws/install/px4_msgs/include/px4_msgs/px4_msgs/msg/vehicle_control_mode.h\n'}
[1.279869] (px4_msgs) StdoutLine: {'line': b'-- Up-to-date: /home/mcfb/ros2_ws/install/px4_msgs/include/px4_msgs/px4_msgs/msg/arming_check_reply.h\n'}
[1.279935] (px4_msgs) StdoutLine: {'line': b'-- Up-to-date: /home/mcfb/ros2_ws/install/px4_msgs/include/px4_msgs/px4_msgs/msg/ping.h\n'}
[1.280012] (px4_msgs) StdoutLine: {'line': b'-- Up-to-date: /home/mcfb/ros2_ws/install/px4_msgs/include/px4_msgs/px4_msgs/msg/sensor_gyro.h\n'}
[1.280062] (px4_msgs) StdoutLine: {'line': b'-- Up-to-date: /home/mcfb/ros2_ws/install/px4_msgs/include/px4_msgs/px4_msgs/msg/autotune_attitude_control_status.h\n'}
[1.280136] (px4_msgs) StdoutLine: {'line': b'-- Up-to-date: /home/mcfb/ros2_ws/install/px4_msgs/include/px4_msgs/px4_msgs/msg/orb_test_large.h\n'}
[1.280263] (px4_msgs) StdoutLine: {'line': b'-- Up-to-date: /home/mcfb/ros2_ws/install/px4_msgs/include/px4_msgs/px4_msgs/msg/task_stack_info.h\n'}
[1.280345] (px4_msgs) StdoutLine: {'line': b'-- Up-to-date: /home/mcfb/ros2_ws/install/px4_msgs/include/px4_msgs/px4_msgs/msg/fuel_tank_status.h\n'}
[1.280412] (px4_msgs) StdoutLine: {'line': b'-- Up-to-date: /home/mcfb/ros2_ws/install/px4_msgs/include/px4_msgs/px4_msgs/msg/unregister_ext_component.h\n'}
[1.280487] (px4_msgs) StdoutLine: {'line': b'-- Up-to-date: /home/mcfb/ros2_ws/install/px4_msgs/include/px4_msgs/px4_msgs/msg/longitudinal_control_configuration.h\n'}
[1.280555] (px4_msgs) StdoutLine: {'line': b'-- Up-to-date: /home/mcfb/ros2_ws/install/px4_msgs/include/px4_msgs/px4_msgs/msg/gimbal_manager_set_attitude.h\n'}
[1.280610] (px4_msgs) StdoutLine: {'line': b'-- Up-to-date: /home/mcfb/ros2_ws/install/px4_msgs/include/px4_msgs/px4_msgs/msg/gpio_request.h\n'}
[1.280692] (px4_msgs) StdoutLine: {'line': b'-- Up-to-date: /home/mcfb/ros2_ws/install/px4_msgs/include/px4_msgs/px4_msgs/msg/normalized_unsigned_setpoint.h\n'}
[1.280776] (px4_msgs) StdoutLine: {'line': b'-- Up-to-date: /home/mcfb/ros2_ws/install/px4_msgs/include/px4_msgs/px4_msgs/msg/sensor_correction.h\n'}
[1.280863] (px4_msgs) StdoutLine: {'line': b'-- Up-to-date: /home/mcfb/ros2_ws/install/px4_msgs/include/px4_msgs/px4_msgs/msg/rc_parameter_map.h\n'}
[1.281004] (px4_msgs) StdoutLine: {'line': b'-- Up-to-date: /home/mcfb/ros2_ws/install/px4_msgs/include/px4_msgs/px4_msgs/msg/pwm_input.h\n'}
[1.281096] (px4_msgs) StdoutLine: {'line': b'-- Up-to-date: /home/mcfb/ros2_ws/install/px4_msgs/include/px4_msgs/px4_msgs/msg/landing_gear.h\n'}
[1.281183] (px4_msgs) StdoutLine: {'line': b'-- Up-to-date: /home/mcfb/ros2_ws/install/px4_msgs/include/px4_msgs/px4_msgs/msg/estimator_bias.h\n'}
[1.281268] (px4_msgs) StdoutLine: {'line': b'-- Up-to-date: /home/mcfb/ros2_ws/install/px4_msgs/include/px4_msgs/px4_msgs/msg/gpio_out.h\n'}
[1.281470] (px4_msgs) StdoutLine: {'line': b'-- Up-to-date: /home/mcfb/ros2_ws/install/px4_msgs/include/px4_msgs/px4_msgs/msg/detail\n'}
[1.281524] (px4_msgs) StdoutLine: {'line': b'-- Up-to-date: /home/mcfb/ros2_ws/install/px4_msgs/include/px4_msgs/px4_msgs/msg/detail/home_position__functions.h\n'}
[1.281574] (px4_msgs) StdoutLine: {'line': b'-- Up-to-date: /home/mcfb/ros2_ws/install/px4_msgs/include/px4_msgs/px4_msgs/msg/detail/geofence_result__description.c\n'}
[1.281637] (px4_msgs) StdoutLine: {'line': b'-- Up-to-date: /home/mcfb/ros2_ws/install/px4_msgs/include/px4_msgs/px4_msgs/msg/detail/gpio_config__functions.c\n'}
[1.281689] (px4_msgs) StdoutLine: {'line': b'-- Up-to-date: /home/mcfb/ros2_ws/install/px4_msgs/include/px4_msgs/px4_msgs/msg/detail/airspeed_wind__description.c\n'}
[1.281748] (px4_msgs) StdoutLine: {'line': b'-- Installing: /home/mcfb/ros2_ws/install/px4_msgs/include/px4_msgs/px4_msgs/msg/detail/airspeed__type_support.c\n'}
[1.281807] (px4_msgs) StdoutLine: {'line': b'-- Up-to-date: /home/mcfb/ros2_ws/install/px4_msgs/include/px4_msgs/px4_msgs/msg/detail/estimator_aid_source1d__functions.c\n'}
[1.281874] (px4_msgs) StdoutLine: {'line': b'-- Installing: /home/mcfb/ros2_ws/install/px4_msgs/include/px4_msgs/px4_msgs/msg/detail/failure_detector_status__type_support.c\n'}
[1.281947] (px4_msgs) StdoutLine: {'line': b'-- Installing: /home/mcfb/ros2_ws/install/px4_msgs/include/px4_msgs/px4_msgs/msg/detail/ulog_stream__type_support.c\n'}
[1.282059] (px4_msgs) StdoutLine: {'line': b'-- Up-to-date: /home/mcfb/ros2_ws/install/px4_msgs/include/px4_msgs/px4_msgs/msg/detail/fixed_wing_lateral_guidance_status__description.c\n'}
[1.298345] (px4_msgs) StdoutLine: {'line': b'-- Installing: /home/mcfb/ros2_ws/install/px4_msgs/include/px4_msgs/px4_msgs/msg/detail/can_interface_status__type_support.c\n'}
[1.298653] (px4_msgs) StdoutLine: {'line': b'-- Up-to-date: /home/mcfb/ros2_ws/install/px4_msgs/include/px4_msgs/px4_msgs/msg/detail/radio_status__struct.h\n'}
[1.298970] (px4_msgs) StdoutLine: {'line': b'-- Up-to-date: /home/mcfb/ros2_ws/install/px4_msgs/include/px4_msgs/px4_msgs/msg/detail/estimator_aid_source1d__functions.h\n'}
[1.299025] (px4_msgs) StdoutLine: {'line': b'-- Up-to-date: /home/mcfb/ros2_ws/install/px4_msgs/include/px4_msgs/px4_msgs/msg/detail/arming_check_request__type_support.h\n'}
[1.299080] (px4_msgs) StdoutLine: {'line': b'-- Up-to-date: /home/mcfb/ros2_ws/install/px4_msgs/include/px4_msgs/px4_msgs/msg/detail/generator_status__type_support.h\n'}
[1.299134] (px4_msgs) StdoutLine: {'line': b'-- Up-to-date: /home/mcfb/ros2_ws/install/px4_msgs/include/px4_msgs/px4_msgs/msg/detail/message_format_request__description.c\n'}
[1.299184] (px4_msgs) StdoutLine: {'line': b'-- Up-to-date: /home/mcfb/ros2_ws/install/px4_msgs/include/px4_msgs/px4_msgs/msg/detail/parameter_set_used_request__type_support.h\n'}
[1.299234] (px4_msgs) StdoutLine: {'line': b'-- Up-to-date: /home/mcfb/ros2_ws/install/px4_msgs/include/px4_msgs/px4_msgs/msg/detail/vehicle_local_position_setpoint__functions.h\n'}
[1.299284] (px4_msgs) StdoutLine: {'line': b'-- Installing: /home/mcfb/ros2_ws/install/px4_msgs/include/px4_msgs/px4_msgs/msg/detail/esc_report__type_support.c\n'}
[1.299334] (px4_msgs) StdoutLine: {'line': b'-- Up-to-date: /home/mcfb/ros2_ws/install/px4_msgs/include/px4_msgs/px4_msgs/msg/detail/sensor_combined__description.c\n'}
[1.299386] (px4_msgs) StdoutLine: {'line': b'-- Up-to-date: /home/mcfb/ros2_ws/install/px4_msgs/include/px4_msgs/px4_msgs/msg/detail/actuator_armed__description.c\n'}
[1.299431] (px4_msgs) StdoutLine: {'line': b'-- Up-to-date: /home/mcfb/ros2_ws/install/px4_msgs/include/px4_msgs/px4_msgs/msg/detail/power_button_state__type_support.h\n'}
[1.299479] (px4_msgs) StdoutLine: {'line': b'-- Installing: /home/mcfb/ros2_ws/install/px4_msgs/include/px4_msgs/px4_msgs/msg/detail/vehicle_air_data__type_support.c\n'}
[1.299525] (px4_msgs) StdoutLine: {'line': b'-- Installing: /home/mcfb/ros2_ws/install/px4_msgs/include/px4_msgs/px4_msgs/msg/detail/gimbal_controls__type_support.c\n'}
[1.299575] (px4_msgs) StdoutLine: {'line': b'-- Up-to-date: /home/mcfb/ros2_ws/install/px4_msgs/include/px4_msgs/px4_msgs/msg/detail/register_ext_component_request__type_support.h\n'}
[1.299628] (px4_msgs) StdoutLine: {'line': b'-- Installing: /home/mcfb/ros2_ws/install/px4_msgs/include/px4_msgs/px4_msgs/msg/detail/sensor_gnss_status__type_support.c\n'}
[1.299685] (px4_msgs) StdoutLine: {'line': b'-- Up-to-date: /home/mcfb/ros2_ws/install/px4_msgs/include/px4_msgs/px4_msgs/msg/detail/mavlink_tunnel__functions.c\n'}
[1.299734] (px4_msgs) StdoutLine: {'line': b'-- Up-to-date: /home/mcfb/ros2_ws/install/px4_msgs/include/px4_msgs/px4_msgs/msg/detail/sensors_status_imu__functions.h\n'}
[1.299786] (px4_msgs) StdoutLine: {'line': b'-- Up-to-date: /home/mcfb/ros2_ws/install/px4_msgs/include/px4_msgs/px4_msgs/msg/detail/sensor_gps__functions.h\n'}
[1.299835] (px4_msgs) StdoutLine: {'line': b'-- Up-to-date: /home/mcfb/ros2_ws/install/px4_msgs/include/px4_msgs/px4_msgs/msg/detail/vehicle_command__struct.h\n'}
[1.299887] (px4_msgs) StdoutLine: {'line': b'-- Up-to-date: /home/mcfb/ros2_ws/install/px4_msgs/include/px4_msgs/px4_msgs/msg/detail/rtl_status__functions.c\n'}
[1.299936] (px4_msgs) StdoutLine: {'line': b'-- Up-to-date: /home/mcfb/ros2_ws/install/px4_msgs/include/px4_msgs/px4_msgs/msg/detail/gimbal_manager_information__functions.c\n'}
[1.299984] (px4_msgs) StdoutLine: {'line': b'-- Up-to-date: /home/mcfb/ros2_ws/install/px4_msgs/include/px4_msgs/px4_msgs/msg/detail/actuator_test__functions.c\n'}
[1.300034] (px4_msgs) StdoutLine: {'line': b'-- Up-to-date: /home/mcfb/ros2_ws/install/px4_msgs/include/px4_msgs/px4_msgs/msg/detail/geofence_status__struct.h\n'}
[1.300160] (px4_msgs) StdoutLine: {'line': b'-- Up-to-date: /home/mcfb/ros2_ws/install/px4_msgs/include/px4_msgs/px4_msgs/msg/detail/heater_status__struct.h\n'}
[1.300213] (px4_msgs) StdoutLine: {'line': b'-- Up-to-date: /home/mcfb/ros2_ws/install/px4_msgs/include/px4_msgs/px4_msgs/msg/detail/autotune_attitude_control_status__functions.h\n'}
[1.300380] (px4_msgs) StdoutLine: {'line': b'-- Up-to-date: /home/mcfb/ros2_ws/install/px4_msgs/include/px4_msgs/px4_msgs/msg/detail/vehicle_attitude_setpoint__functions.c\n'}
[1.300429] (px4_msgs) StdoutLine: {'line': b'-- Up-to-date: /home/mcfb/ros2_ws/install/px4_msgs/include/px4_msgs/px4_msgs/msg/detail/estimator_bias__description.c\n'}
[1.300477] (px4_msgs) StdoutLine: {'line': b'-- Up-to-date: /home/mcfb/ros2_ws/install/px4_msgs/include/px4_msgs/px4_msgs/msg/detail/launch_detection_status__struct.h\n'}
[1.300528] (px4_msgs) StdoutLine: {'line': b'-- Up-to-date: /home/mcfb/ros2_ws/install/px4_msgs/include/px4_msgs/px4_msgs/msg/detail/sensor_baro__description.c\n'}
[1.300579] (px4_msgs) StdoutLine: {'line': b'-- Installing: /home/mcfb/ros2_ws/install/px4_msgs/include/px4_msgs/px4_msgs/msg/detail/estimator_bias__type_support.c\n'}
[1.300626] (px4_msgs) StdoutLine: {'line': b'-- Up-to-date: /home/mcfb/ros2_ws/install/px4_msgs/include/px4_msgs/px4_msgs/msg/detail/arming_check_reply__struct.h\n'}
[1.300674] (px4_msgs) StdoutLine: {'line': b'-- Up-to-date: /home/mcfb/ros2_ws/install/px4_msgs/include/px4_msgs/px4_msgs/msg/detail/open_drone_id_system__functions.c\n'}
[1.300721] (px4_msgs) StdoutLine: {'line': b'-- Up-to-date: /home/mcfb/ros2_ws/install/px4_msgs/include/px4_msgs/px4_msgs/msg/detail/action_request__functions.h\n'}
[1.300772] (px4_msgs) StdoutLine: {'line': b'-- Up-to-date: /home/mcfb/ros2_ws/install/px4_msgs/include/px4_msgs/px4_msgs/msg/detail/gimbal_controls__type_support.h\n'}
[1.300818] (px4_msgs) StdoutLine: {'line': b'-- Up-to-date: /home/mcfb/ros2_ws/install/px4_msgs/include/px4_msgs/px4_msgs/msg/detail/ulog_stream__struct.h\n'}
[1.300872] (px4_msgs) StdoutLine: {'line': b'-- Up-to-date: /home/mcfb/ros2_ws/install/px4_msgs/include/px4_msgs/px4_msgs/msg/detail/collision_constraints__functions.c\n'}
[1.300918] (px4_msgs) StdoutLine: {'line': b'-- Up-to-date: /home/mcfb/ros2_ws/install/px4_msgs/include/px4_msgs/px4_msgs/msg/detail/sensor_airflow__type_support.h\n'}
[1.300965] (px4_msgs) StdoutLine: {'line': b'-- Up-to-date: /home/mcfb/ros2_ws/install/px4_msgs/include/px4_msgs/px4_msgs/msg/detail/iridiumsbd_status__description.c\n'}
[1.301011] (px4_msgs) StdoutLine: {'line': b'-- Up-to-date: /home/mcfb/ros2_ws/install/px4_msgs/include/px4_msgs/px4_msgs/msg/detail/actuator_outputs__type_support.h\n'}
[1.301058] (px4_msgs) StdoutLine: {'line': b'-- Up-to-date: /home/mcfb/ros2_ws/install/px4_msgs/include/px4_msgs/px4_msgs/msg/detail/onboard_computer_status__struct.h\n'}
[1.301103] (px4_msgs) StdoutLine: {'line': b'-- Up-to-date: /home/mcfb/ros2_ws/install/px4_msgs/include/px4_msgs/px4_msgs/msg/detail/vehicle_air_data__struct.h\n'}
[1.301148] (px4_msgs) StdoutLine: {'line': b'-- Up-to-date: /home/mcfb/ros2_ws/install/px4_msgs/include/px4_msgs/px4_msgs/msg/detail/failsafe_flags__type_support.h\n'}
[1.301194] (px4_msgs) StdoutLine: {'line': b'-- Installing: /home/mcfb/ros2_ws/install/px4_msgs/include/px4_msgs/px4_msgs/msg/detail/gimbal_manager_information__type_support.c\n'}
[1.301240] (px4_msgs) StdoutLine: {'line': b'-- Up-to-date: /home/mcfb/ros2_ws/install/px4_msgs/include/px4_msgs/px4_msgs/msg/detail/rover_position_setpoint__struct.h\n'}
[1.301287] (px4_msgs) StdoutLine: {'line': b'-- Up-to-date: /home/mcfb/ros2_ws/install/px4_msgs/include/px4_msgs/px4_msgs/msg/detail/vehicle_rates_setpoint__functions.h\n'}
[1.301332] (px4_msgs) StdoutLine: {'line': b'-- Installing: /home/mcfb/ros2_ws/install/px4_msgs/include/px4_msgs/px4_msgs/msg/detail/follow_target__type_support.c\n'}
[1.301377] (px4_msgs) StdoutLine: {'line': b'-- Up-to-date: /home/mcfb/ros2_ws/install/px4_msgs/include/px4_msgs/px4_msgs/msg/detail/register_ext_component_request__functions.c\n'}
[1.301424] (px4_msgs) StdoutLine: {'line': b'-- Up-to-date: /home/mcfb/ros2_ws/install/px4_msgs/include/px4_msgs/px4_msgs/msg/detail/vehicle_odometry__description.c\n'}
[1.301470] (px4_msgs) StdoutLine: {'line': b'-- Up-to-date: /home/mcfb/ros2_ws/install/px4_msgs/include/px4_msgs/px4_msgs/msg/detail/follow_target_status__struct.h\n'}
[1.301541] (px4_msgs) StdoutLine: {'line': b'-- Up-to-date: /home/mcfb/ros2_ws/install/px4_msgs/include/px4_msgs/px4_msgs/msg/detail/normalized_unsigned_setpoint__struct.h\n'}
[1.301591] (px4_msgs) StdoutLine: {'line': b'-- Up-to-date: /home/mcfb/ros2_ws/install/px4_msgs/include/px4_msgs/px4_msgs/msg/detail/power_button_state__functions.c\n'}
[1.301637] (px4_msgs) StdoutLine: {'line': b'-- Installing: /home/mcfb/ros2_ws/install/px4_msgs/include/px4_msgs/px4_msgs/msg/detail/vehicle_imu_status__type_support.c\n'}
[1.301702] (-) TimerEvent: {}
[1.301858] (px4_msgs) StdoutLine: {'line': b'-- Up-to-date: /home/mcfb/ros2_ws/install/px4_msgs/include/px4_msgs/px4_msgs/msg/detail/geofence_status__functions.h\n'}
[1.301937] (px4_msgs) StdoutLine: {'line': b'-- Up-to-date: /home/mcfb/ros2_ws/install/px4_msgs/include/px4_msgs/px4_msgs/msg/detail/distance_sensor_mode_change_request__description.c\n'}
[1.302011] (px4_msgs) StdoutLine: {'line': b'-- Up-to-date: /home/mcfb/ros2_ws/install/px4_msgs/include/px4_msgs/px4_msgs/msg/detail/internal_combustion_engine_status__functions.c\n'}
[1.302195] (px4_msgs) StdoutLine: {'line': b'-- Up-to-date: /home/mcfb/ros2_ws/install/px4_msgs/include/px4_msgs/px4_msgs/msg/detail/dataman_response__description.c\n'}
[1.302248] (px4_msgs) StdoutLine: {'line': b'-- Up-to-date: /home/mcfb/ros2_ws/install/px4_msgs/include/px4_msgs/px4_msgs/msg/detail/estimator_innovations__description.c\n'}
[1.302365] (px4_msgs) StdoutLine: {'line': b'-- Up-to-date: /home/mcfb/ros2_ws/install/px4_msgs/include/px4_msgs/px4_msgs/msg/detail/airspeed_wind__functions.c\n'}
[1.302412] (px4_msgs) StdoutLine: {'line': b'-- Up-to-date: /home/mcfb/ros2_ws/install/px4_msgs/include/px4_msgs/px4_msgs/msg/detail/tiltrotor_extra_controls__type_support.h\n'}
[1.302483] (px4_msgs) StdoutLine: {'line': b'-- Up-to-date: /home/mcfb/ros2_ws/install/px4_msgs/include/px4_msgs/px4_msgs/msg/detail/sensor_selection__struct.h\n'}
[1.302567] (px4_msgs) StdoutLine: {'line': b'-- Up-to-date: /home/mcfb/ros2_ws/install/px4_msgs/include/px4_msgs/px4_msgs/msg/detail/gpio_request__struct.h\n'}
[1.302649] (px4_msgs) StdoutLine: {'line': b'-- Up-to-date: /home/mcfb/ros2_ws/install/px4_msgs/include/px4_msgs/px4_msgs/msg/detail/battery_status__struct.h\n'}
[1.302727] (px4_msgs) StdoutLine: {'line': b'-- Up-to-date: /home/mcfb/ros2_ws/install/px4_msgs/include/px4_msgs/px4_msgs/msg/detail/qshell_req__description.c\n'}
[1.302775] (px4_msgs) StdoutLine: {'line': b'-- Up-to-date: /home/mcfb/ros2_ws/install/px4_msgs/include/px4_msgs/px4_msgs/msg/detail/estimator_sensor_bias__type_support.h\n'}
[1.302825] (px4_msgs) StdoutLine: {'line': b'-- Up-to-date: /home/mcfb/ros2_ws/install/px4_msgs/include/px4_msgs/px4_msgs/msg/detail/internal_combustion_engine_control__functions.c\n'}
[1.302885] (px4_msgs) StdoutLine: {'line': b'-- Up-to-date: /home/mcfb/ros2_ws/install/px4_msgs/include/px4_msgs/px4_msgs/msg/detail/satellite_info__functions.c\n'}
[1.302938] (px4_msgs) StdoutLine: {'line': b'-- Up-to-date: /home/mcfb/ros2_ws/install/px4_msgs/include/px4_msgs/px4_msgs/msg/detail/estimator_selector_status__description.c\n'}
[1.302988] (px4_msgs) StdoutLine: {'line': b'-- Up-to-date: /home/mcfb/ros2_ws/install/px4_msgs/include/px4_msgs/px4_msgs/msg/detail/gripper__struct.h\n'}
[1.303035] (px4_msgs) StdoutLine: {'line': b'-- Up-to-date: /home/mcfb/ros2_ws/install/px4_msgs/include/px4_msgs/px4_msgs/msg/detail/position_setpoint__functions.c\n'}
[1.303083] (px4_msgs) StdoutLine: {'line': b'-- Up-to-date: /home/mcfb/ros2_ws/install/px4_msgs/include/px4_msgs/px4_msgs/msg/detail/rover_attitude_setpoint__functions.h\n'}
[1.303221] (px4_msgs) StdoutLine: {'line': b'-- Up-to-date: /home/mcfb/ros2_ws/install/px4_msgs/include/px4_msgs/px4_msgs/msg/detail/gpio_out__struct.h\n'}
[1.303327] (px4_msgs) StdoutLine: {'line': b'-- Up-to-date: /home/mcfb/ros2_ws/install/px4_msgs/include/px4_msgs/px4_msgs/msg/detail/message_format_response__struct.h\n'}
[1.303378] (px4_msgs) StdoutLine: {'line': b'-- Installing: /home/mcfb/ros2_ws/install/px4_msgs/include/px4_msgs/px4_msgs/msg/detail/estimator_states__type_support.c\n'}
[1.303493] (px4_msgs) StdoutLine: {'line': b'-- Up-to-date: /home/mcfb/ros2_ws/install/px4_msgs/include/px4_msgs/px4_msgs/msg/detail/rover_attitude_status__functions.c\n'}
[1.303556] (px4_msgs) StdoutLine: {'line': b'-- Installing: /home/mcfb/ros2_ws/install/px4_msgs/include/px4_msgs/px4_msgs/msg/detail/fixed_wing_runway_control__type_support.c\n'}
[1.303755] (px4_msgs) StdoutLine: {'line': b'-- Up-to-date: /home/mcfb/ros2_ws/install/px4_msgs/include/px4_msgs/px4_msgs/msg/detail/log_message__struct.h\n'}
[1.304019] (px4_msgs) StdoutLine: {'line': b'-- Up-to-date: /home/mcfb/ros2_ws/install/px4_msgs/include/px4_msgs/px4_msgs/msg/detail/arming_check_request__functions.c\n'}
[1.304101] (px4_msgs) StdoutLine: {'line': b'-- Up-to-date: /home/mcfb/ros2_ws/install/px4_msgs/include/px4_msgs/px4_msgs/msg/detail/mission_result__functions.h\n'}
[1.304182] (px4_msgs) StdoutLine: {'line': b'-- Up-to-date: /home/mcfb/ros2_ws/install/px4_msgs/include/px4_msgs/px4_msgs/msg/detail/tiltrotor_extra_controls__functions.h\n'}
[1.304251] (px4_msgs) StdoutLine: {'line': b'-- Up-to-date: /home/mcfb/ros2_ws/install/px4_msgs/include/px4_msgs/px4_msgs/msg/detail/radio_status__functions.h\n'}
[1.304316] (px4_msgs) StdoutLine: {'line': b'-- Up-to-date: /home/mcfb/ros2_ws/install/px4_msgs/include/px4_msgs/px4_msgs/msg/detail/gimbal_manager_set_attitude__functions.c\n'}
[1.304394] (px4_msgs) StdoutLine: {'line': b'-- Up-to-date: /home/mcfb/ros2_ws/install/px4_msgs/include/px4_msgs/px4_msgs/msg/detail/parameter_set_used_request__description.c\n'}
[1.304458] (px4_msgs) StdoutLine: {'line': b'-- Up-to-date: /home/mcfb/ros2_ws/install/px4_msgs/include/px4_msgs/px4_msgs/msg/detail/vehicle_status__functions.h\n'}
[1.304523] (px4_msgs) StdoutLine: {'line': b'-- Up-to-date: /home/mcfb/ros2_ws/install/px4_msgs/include/px4_msgs/px4_msgs/msg/detail/sensor_gnss_status__struct.h\n'}
[1.304586] (px4_msgs) StdoutLine: {'line': b'-- Up-to-date: /home/mcfb/ros2_ws/install/px4_msgs/include/px4_msgs/px4_msgs/msg/detail/goto_setpoint__struct.h\n'}
[1.304648] (px4_msgs) StdoutLine: {'line': b'-- Up-to-date: /home/mcfb/ros2_ws/install/px4_msgs/include/px4_msgs/px4_msgs/msg/detail/differential_pressure__functions.c\n'}
[1.304708] (px4_msgs) StdoutLine: {'line': b'-- Up-to-date: /home/mcfb/ros2_ws/install/px4_msgs/include/px4_msgs/px4_msgs/msg/detail/sensor_gyro_fifo__functions.c\n'}
[1.304769] (px4_msgs) StdoutLine: {'line': b'-- Installing: /home/mcfb/ros2_ws/install/px4_msgs/include/px4_msgs/px4_msgs/msg/detail/fixed_wing_lateral_status__type_support.c\n'}
[1.304829] (px4_msgs) StdoutLine: {'line': b'-- Up-to-date: /home/mcfb/ros2_ws/install/px4_msgs/include/px4_msgs/px4_msgs/msg/detail/telemetry_status__type_support.h\n'}
[1.304900] (px4_msgs) StdoutLine: {'line': b'-- Up-to-date: /home/mcfb/ros2_ws/install/px4_msgs/include/px4_msgs/px4_msgs/msg/detail/ulog_stream_ack__functions.h\n'}
[1.304960] (px4_msgs) StdoutLine: {'line': b'-- Installing: /home/mcfb/ros2_ws/install/px4_msgs/include/px4_msgs/px4_msgs/msg/detail/qshell_retval__type_support.c\n'}
[1.305185] (px4_msgs) StdoutLine: {'line': b'-- Up-to-date: /home/mcfb/ros2_ws/install/px4_msgs/include/px4_msgs/px4_msgs/msg/detail/iridiumsbd_status__functions.h\n'}
[1.305255] (px4_msgs) StdoutLine: {'line': b'-- Up-to-date: /home/mcfb/ros2_ws/install/px4_msgs/include/px4_msgs/px4_msgs/msg/detail/timesync_status__struct.h\n'}
[1.305324] (px4_msgs) StdoutLine: {'line': b'-- Up-to-date: /home/mcfb/ros2_ws/install/px4_msgs/include/px4_msgs/px4_msgs/msg/detail/follow_target__type_support.h\n'}
[1.305389] (px4_msgs) StdoutLine: {'line': b'-- Up-to-date: /home/mcfb/ros2_ws/install/px4_msgs/include/px4_msgs/px4_msgs/msg/detail/rtl_time_estimate__functions.c\n'}
[1.305452] (px4_msgs) StdoutLine: {'line': b'-- Up-to-date: /home/mcfb/ros2_ws/install/px4_msgs/include/px4_msgs/px4_msgs/msg/detail/autotune_attitude_control_status__struct.h\n'}
[1.305513] (px4_msgs) StdoutLine: {'line': b'-- Up-to-date: /home/mcfb/ros2_ws/install/px4_msgs/include/px4_msgs/px4_msgs/msg/detail/fixed_wing_runway_control__type_support.h\n'}
[1.305606] (px4_msgs) StdoutLine: {'line': b'-- Up-to-date: /home/mcfb/ros2_ws/install/px4_msgs/include/px4_msgs/px4_msgs/msg/detail/open_drone_id_system__struct.h\n'}
[1.305670] (px4_msgs) StdoutLine: {'line': b'-- Up-to-date: /home/mcfb/ros2_ws/install/px4_msgs/include/px4_msgs/px4_msgs/msg/detail/open_drone_id_arm_status__struct.h\n'}
[1.305735] (px4_msgs) StdoutLine: {'line': b'-- Up-to-date: /home/mcfb/ros2_ws/install/px4_msgs/include/px4_msgs/px4_msgs/msg/detail/irlock_report__struct.h\n'}
[1.305793] (px4_msgs) StdoutLine: {'line': b'-- Installing: /home/mcfb/ros2_ws/install/px4_msgs/include/px4_msgs/px4_msgs/msg/detail/failsafe_flags__type_support.c\n'}
[1.305839] (px4_msgs) StdoutLine: {'line': b'-- Up-to-date: /home/mcfb/ros2_ws/install/px4_msgs/include/px4_msgs/px4_msgs/msg/detail/sensor_preflight_mag__type_support.h\n'}
[1.305892] (px4_msgs) StdoutLine: {'line': b'-- Up-to-date: /home/mcfb/ros2_ws/install/px4_msgs/include/px4_msgs/px4_msgs/msg/detail/input_rc__functions.c\n'}
[1.305939] (px4_msgs) StdoutLine: {'line': b'-- Up-to-date: /home/mcfb/ros2_ws/install/px4_msgs/include/px4_msgs/px4_msgs/msg/detail/lateral_control_configuration__description.c\n'}
[1.305995] (px4_msgs) StdoutLine: {'line': b'-- Up-to-date: /home/mcfb/ros2_ws/install/px4_msgs/include/px4_msgs/px4_msgs/msg/detail/geofence_status__description.c\n'}
[1.306066] (px4_msgs) StdoutLine: {'line': b'-- Up-to-date: /home/mcfb/ros2_ws/install/px4_msgs/include/px4_msgs/px4_msgs/msg/detail/estimator_status_flags__description.c\n'}
[1.306131] (px4_msgs) StdoutLine: {'line': b'-- Up-to-date: /home/mcfb/ros2_ws/install/px4_msgs/include/px4_msgs/px4_msgs/msg/detail/vehicle_angular_velocity__functions.h\n'}
[1.306193] (px4_msgs) StdoutLine: {'line': b'-- Up-to-date: /home/mcfb/ros2_ws/install/px4_msgs/include/px4_msgs/px4_msgs/msg/detail/sensor_correction__functions.c\n'}
[1.306251] (px4_msgs) StdoutLine: {'line': b'-- Up-to-date: /home/mcfb/ros2_ws/install/px4_msgs/include/px4_msgs/px4_msgs/msg/detail/navigator_status__struct.h\n'}
[1.306301] (px4_msgs) StdoutLine: {'line': b'-- Up-to-date: /home/mcfb/ros2_ws/install/px4_msgs/include/px4_msgs/px4_msgs/msg/detail/actuator_servos__functions.c\n'}
[1.306350] (px4_msgs) StdoutLine: {'line': b'-- Up-to-date: /home/mcfb/ros2_ws/install/px4_msgs/include/px4_msgs/px4_msgs/msg/detail/gripper__functions.h\n'}
[1.306399] (px4_msgs) StdoutLine: {'line': b'-- Up-to-date: /home/mcfb/ros2_ws/install/px4_msgs/include/px4_msgs/px4_msgs/msg/detail/yaw_estimator_status__functions.h\n'}
[1.306533] (px4_msgs) StdoutLine: {'line': b'-- Up-to-date: /home/mcfb/ros2_ws/install/px4_msgs/include/px4_msgs/px4_msgs/msg/detail/actuator_servos__struct.h\n'}
[1.306587] (px4_msgs) StdoutLine: {'line': b'-- Up-to-date: /home/mcfb/ros2_ws/install/px4_msgs/include/px4_msgs/px4_msgs/msg/detail/ulog_stream__functions.h\n'}
[1.306637] (px4_msgs) StdoutLine: {'line': b'-- Installing: /home/mcfb/ros2_ws/install/px4_msgs/include/px4_msgs/px4_msgs/msg/detail/action_request__type_support.c\n'}
[1.306684] (px4_msgs) StdoutLine: {'line': b'-- Up-to-date: /home/mcfb/ros2_ws/install/px4_msgs/include/px4_msgs/px4_msgs/msg/detail/control_allocator_status__description.c\n'}
[1.306732] (px4_msgs) StdoutLine: {'line': b'-- Up-to-date: /home/mcfb/ros2_ws/install/px4_msgs/include/px4_msgs/px4_msgs/msg/detail/gimbal_manager_status__type_support.h\n'}
[1.306782] (px4_msgs) StdoutLine: {'line': b'-- Up-to-date: /home/mcfb/ros2_ws/install/px4_msgs/include/px4_msgs/px4_msgs/msg/detail/goto_setpoint__type_support.h\n'}
[1.306828] (px4_msgs) StdoutLine: {'line': b'-- Up-to-date: /home/mcfb/ros2_ws/install/px4_msgs/include/px4_msgs/px4_msgs/msg/detail/system_power__struct.h\n'}
[1.306882] (px4_msgs) StdoutLine: {'line': b'-- Up-to-date: /home/mcfb/ros2_ws/install/px4_msgs/include/px4_msgs/px4_msgs/msg/detail/estimator_bias3d__functions.h\n'}
[1.306931] (px4_msgs) StdoutLine: {'line': b'-- Up-to-date: /home/mcfb/ros2_ws/install/px4_msgs/include/px4_msgs/px4_msgs/msg/detail/vehicle_land_detected__type_support.h\n'}
[1.306983] (px4_msgs) StdoutLine: {'line': b'-- Up-to-date: /home/mcfb/ros2_ws/install/px4_msgs/include/px4_msgs/px4_msgs/msg/detail/control_allocator_status__functions.h\n'}
[1.307027] (px4_msgs) StdoutLine: {'line': b'-- Up-to-date: /home/mcfb/ros2_ws/install/px4_msgs/include/px4_msgs/px4_msgs/msg/detail/button_event__struct.h\n'}
[1.307077] (px4_msgs) StdoutLine: {'line': b'-- Up-to-date: /home/mcfb/ros2_ws/install/px4_msgs/include/px4_msgs/px4_msgs/msg/detail/sensor_combined__type_support.h\n'}
[1.307124] (px4_msgs) StdoutLine: {'line': b'-- Up-to-date: /home/mcfb/ros2_ws/install/px4_msgs/include/px4_msgs/px4_msgs/msg/detail/sensor_gps__description.c\n'}
[1.307252] (px4_msgs) StdoutLine: {'line': b'-- Up-to-date: /home/mcfb/ros2_ws/install/px4_msgs/include/px4_msgs/px4_msgs/msg/detail/autotune_attitude_control_status__functions.c\n'}
[1.307305] (px4_msgs) StdoutLine: {'line': b'-- Up-to-date: /home/mcfb/ros2_ws/install/px4_msgs/include/px4_msgs/px4_msgs/msg/detail/flight_phase_estimation__description.c\n'}
[1.307354] (px4_msgs) StdoutLine: {'line': b'-- Up-to-date: /home/mcfb/ros2_ws/install/px4_msgs/include/px4_msgs/px4_msgs/msg/detail/position_setpoint_triplet__functions.c\n'}
[1.307401] (px4_msgs) StdoutLine: {'line': b'-- Installing: /home/mcfb/ros2_ws/install/px4_msgs/include/px4_msgs/px4_msgs/msg/detail/vehicle_magnetometer__type_support.c\n'}
[1.307449] (px4_msgs) StdoutLine: {'line': b'-- Up-to-date: /home/mcfb/ros2_ws/install/px4_msgs/include/px4_msgs/px4_msgs/msg/detail/gimbal_device_information__struct.h\n'}
[1.307498] (px4_msgs) StdoutLine: {'line': b'-- Up-to-date: /home/mcfb/ros2_ws/install/px4_msgs/include/px4_msgs/px4_msgs/msg/detail/estimator_gps_status__type_support.h\n'}
[1.307547] (px4_msgs) StdoutLine: {'line': b'-- Installing: /home/mcfb/ros2_ws/install/px4_msgs/include/px4_msgs/px4_msgs/msg/detail/follow_target_status__type_support.c\n'}
[1.307599] (px4_msgs) StdoutLine: {'line': b'-- Up-to-date: /home/mcfb/ros2_ws/install/px4_msgs/include/px4_msgs/px4_msgs/msg/detail/led_control__type_support.h\n'}
[1.307650] (px4_msgs) StdoutLine: {'line': b'-- Up-to-date: /home/mcfb/ros2_ws/install/px4_msgs/include/px4_msgs/px4_msgs/msg/detail/open_drone_id_self_id__functions.c\n'}
[1.307699] (px4_msgs) StdoutLine: {'line': b'-- Up-to-date: /home/mcfb/ros2_ws/install/px4_msgs/include/px4_msgs/px4_msgs/msg/detail/estimator_states__type_support.h\n'}
[1.307749] (px4_msgs) StdoutLine: {'line': b'-- Up-to-date: /home/mcfb/ros2_ws/install/px4_msgs/include/px4_msgs/px4_msgs/msg/detail/position_setpoint_triplet__struct.h\n'}
[1.307800] (px4_msgs) StdoutLine: {'line': b'-- Installing: /home/mcfb/ros2_ws/install/px4_msgs/include/px4_msgs/px4_msgs/msg/detail/log_message__type_support.c\n'}
[1.307851] (px4_msgs) StdoutLine: {'line': b'-- Up-to-date: /home/mcfb/ros2_ws/install/px4_msgs/include/px4_msgs/px4_msgs/msg/detail/landing_gear_wheel__description.c\n'}
[1.307900] (px4_msgs) StdoutLine: {'line': b'-- Installing: /home/mcfb/ros2_ws/install/px4_msgs/include/px4_msgs/px4_msgs/msg/detail/sensor_optical_flow__type_support.c\n'}
[1.308210] (px4_msgs) StdoutLine: {'line': b'-- Up-to-date: /home/mcfb/ros2_ws/install/px4_msgs/include/px4_msgs/px4_msgs/msg/detail/adc_report__struct.h\n'}
[1.308265] (px4_msgs) StdoutLine: {'line': b'-- Up-to-date: /home/mcfb/ros2_ws/install/px4_msgs/include/px4_msgs/px4_msgs/msg/detail/actuator_servos__type_support.h\n'}
[1.308317] (px4_msgs) StdoutLine: {'line': b'-- Up-to-date: /home/mcfb/ros2_ws/install/px4_msgs/include/px4_msgs/px4_msgs/msg/detail/battery_info__struct.h\n'}
[1.308367] (px4_msgs) StdoutLine: {'line': b'-- Up-to-date: /home/mcfb/ros2_ws/install/px4_msgs/include/px4_msgs/px4_msgs/msg/detail/dataman_request__functions.c\n'}
[1.308414] (px4_msgs) StdoutLine: {'line': b'-- Installing: /home/mcfb/ros2_ws/install/px4_msgs/include/px4_msgs/px4_msgs/msg/detail/parameter_set_value_request__type_support.c\n'}
[1.308657] (px4_msgs) StdoutLine: {'line': b'-- Up-to-date: /home/mcfb/ros2_ws/install/px4_msgs/include/px4_msgs/px4_msgs/msg/detail/actuator_servos_trim__struct.h\n'}
[1.308738] (px4_msgs) StdoutLine: {'line': b'-- Up-to-date: /home/mcfb/ros2_ws/install/px4_msgs/include/px4_msgs/px4_msgs/msg/detail/health_report__description.c\n'}
[1.308786] (px4_msgs) StdoutLine: {'line': b'-- Up-to-date: /home/mcfb/ros2_ws/install/px4_msgs/include/px4_msgs/px4_msgs/msg/detail/parameter_set_value_request__struct.h\n'}
[1.308835] (px4_msgs) StdoutLine: {'line': b'-- Up-to-date: /home/mcfb/ros2_ws/install/px4_msgs/include/px4_msgs/px4_msgs/msg/detail/pure_pursuit_status__functions.h\n'}
[1.308892] (px4_msgs) StdoutLine: {'line': b'-- Up-to-date: /home/mcfb/ros2_ws/install/px4_msgs/include/px4_msgs/px4_msgs/msg/detail/estimator_aid_source3d__functions.h\n'}
[1.308939] (px4_msgs) StdoutLine: {'line': b'-- Installing: /home/mcfb/ros2_ws/install/px4_msgs/include/px4_msgs/px4_msgs/msg/detail/vehicle_status__type_support.c\n'}
[1.308986] (px4_msgs) StdoutLine: {'line': b'-- Up-to-date: /home/mcfb/ros2_ws/install/px4_msgs/include/px4_msgs/px4_msgs/msg/detail/timesync_status__functions.c\n'}
[1.309032] (px4_msgs) StdoutLine: {'line': b'-- Up-to-date: /home/mcfb/ros2_ws/install/px4_msgs/include/px4_msgs/px4_msgs/msg/detail/vehicle_command_ack__description.c\n'}
[1.309080] (px4_msgs) StdoutLine: {'line': b'-- Up-to-date: /home/mcfb/ros2_ws/install/px4_msgs/include/px4_msgs/px4_msgs/msg/detail/rover_rate_status__functions.c\n'}
[1.309127] (px4_msgs) StdoutLine: {'line': b'-- Up-to-date: /home/mcfb/ros2_ws/install/px4_msgs/include/px4_msgs/px4_msgs/msg/detail/rover_attitude_setpoint__description.c\n'}
[1.309173] (px4_msgs) StdoutLine: {'line': b'-- Up-to-date: /home/mcfb/ros2_ws/install/px4_msgs/include/px4_msgs/px4_msgs/msg/detail/sensor_accel__functions.h\n'}
[1.309221] (px4_msgs) StdoutLine: {'line': b'-- Up-to-date: /home/mcfb/ros2_ws/install/px4_msgs/include/px4_msgs/px4_msgs/msg/detail/navigator_mission_item__functions.c\n'}
[1.309267] (px4_msgs) StdoutLine: {'line': b'-- Installing: /home/mcfb/ros2_ws/install/px4_msgs/include/px4_msgs/px4_msgs/msg/detail/timesync_status__type_support.c\n'}
[1.309314] (px4_msgs) StdoutLine: {'line': b'-- Up-to-date: /home/mcfb/ros2_ws/install/px4_msgs/include/px4_msgs/px4_msgs/msg/detail/pps_capture__description.c\n'}
[1.309381] (px4_msgs) StdoutLine: {'line': b'-- Up-to-date: /home/mcfb/ros2_ws/install/px4_msgs/include/px4_msgs/px4_msgs/msg/detail/gimbal_manager_set_manual_control__functions.h\n'}
[1.309624] (px4_msgs) StdoutLine: {'line': b'-- Installing: /home/mcfb/ros2_ws/install/px4_msgs/include/px4_msgs/px4_msgs/msg/detail/battery_info__type_support.c\n'}
[1.309696] (px4_msgs) StdoutLine: {'line': b'-- Up-to-date: /home/mcfb/ros2_ws/install/px4_msgs/include/px4_msgs/px4_msgs/msg/detail/debug_value__functions.h\n'}
[1.309772] (px4_msgs) StdoutLine: {'line': b'-- Up-to-date: /home/mcfb/ros2_ws/install/px4_msgs/include/px4_msgs/px4_msgs/msg/detail/message_format_request__functions.c\n'}
[1.309836] (px4_msgs) StdoutLine: {'line': b'-- Up-to-date: /home/mcfb/ros2_ws/install/px4_msgs/include/px4_msgs/px4_msgs/msg/detail/sensors_status_imu__type_support.h\n'}
[1.309908] (px4_msgs) StdoutLine: {'line': b'-- Up-to-date: /home/mcfb/ros2_ws/install/px4_msgs/include/px4_msgs/px4_msgs/msg/detail/hover_thrust_estimate__functions.h\n'}
[1.309990] (px4_msgs) StdoutLine: {'line': b'-- Up-to-date: /home/mcfb/ros2_ws/install/px4_msgs/include/px4_msgs/px4_msgs/msg/detail/task_stack_info__functions.h\n'}
[1.310069] (px4_msgs) StdoutLine: {'line': b'-- Up-to-date: /home/mcfb/ros2_ws/install/px4_msgs/include/px4_msgs/px4_msgs/msg/detail/sensor_gps__functions.c\n'}
[1.310144] (px4_msgs) StdoutLine: {'line': b'-- Up-to-date: /home/mcfb/ros2_ws/install/px4_msgs/include/px4_msgs/px4_msgs/msg/detail/orb_test__functions.h\n'}
[1.310224] (px4_msgs) StdoutLine: {'line': b'-- Up-to-date: /home/mcfb/ros2_ws/install/px4_msgs/include/px4_msgs/px4_msgs/msg/detail/gpio_in__functions.h\n'}
[1.310298] (px4_msgs) StdoutLine: {'line': b'-- Up-to-date: /home/mcfb/ros2_ws/install/px4_msgs/include/px4_msgs/px4_msgs/msg/detail/actuator_outputs__functions.c\n'}
[1.310489] (px4_msgs) StdoutLine: {'line': b'-- Up-to-date: /home/mcfb/ros2_ws/install/px4_msgs/include/px4_msgs/px4_msgs/msg/detail/led_control__struct.h\n'}
[1.310559] (px4_msgs) StdoutLine: {'line': b'-- Installing: /home/mcfb/ros2_ws/install/px4_msgs/include/px4_msgs/px4_msgs/msg/detail/vehicle_odometry__type_support.c\n'}
[1.310607] (px4_msgs) StdoutLine: {'line': b'-- Installing: /home/mcfb/ros2_ws/install/px4_msgs/include/px4_msgs/px4_msgs/msg/detail/hover_thrust_estimate__type_support.c\n'}
[1.310659] (px4_msgs) StdoutLine: {'line': b'-- Up-to-date: /home/mcfb/ros2_ws/install/px4_msgs/include/px4_msgs/px4_msgs/msg/detail/sensor_gyro__type_support.h\n'}
[1.310710] (px4_msgs) StdoutLine: {'line': b'-- Up-to-date: /home/mcfb/ros2_ws/install/px4_msgs/include/px4_msgs/px4_msgs/msg/detail/config_overrides__functions.c\n'}
[1.310780] (px4_msgs) StdoutLine: {'line': b'-- Up-to-date: /home/mcfb/ros2_ws/install/px4_msgs/include/px4_msgs/px4_msgs/msg/detail/camera_capture__functions.c\n'}
[1.310829] (px4_msgs) StdoutLine: {'line': b'-- Installing: /home/mcfb/ros2_ws/install/px4_msgs/include/px4_msgs/px4_msgs/msg/detail/sensor_accel_fifo__type_support.c\n'}
[1.311113] (px4_msgs) StdoutLine: {'line': b'-- Up-to-date: /home/mcfb/ros2_ws/install/px4_msgs/include/px4_msgs/px4_msgs/msg/detail/cpuload__description.c\n'}
[1.311634] (px4_msgs) StdoutLine: {'line': b'-- Up-to-date: /home/mcfb/ros2_ws/install/px4_msgs/include/px4_msgs/px4_msgs/msg/detail/pwm_input__type_support.h\n'}
[1.311963] (px4_msgs) StdoutLine: {'line': b'-- Up-to-date: /home/mcfb/ros2_ws/install/px4_msgs/include/px4_msgs/px4_msgs/msg/detail/pps_capture__functions.h\n'}
[1.312044] (px4_msgs) StdoutLine: {'line': b'-- Up-to-date: /home/mcfb/ros2_ws/install/px4_msgs/include/px4_msgs/px4_msgs/msg/detail/estimator_aid_source2d__struct.h\n'}
[1.312102] (px4_msgs) StdoutLine: {'line': b'-- Up-to-date: /home/mcfb/ros2_ws/install/px4_msgs/include/px4_msgs/px4_msgs/msg/detail/mavlink_tunnel__struct.h\n'}
[1.312157] (px4_msgs) StdoutLine: {'line': b'-- Up-to-date: /home/mcfb/ros2_ws/install/px4_msgs/include/px4_msgs/px4_msgs/msg/detail/register_ext_component_request__functions.h\n'}
[1.312212] (px4_msgs) StdoutLine: {'line': b'-- Up-to-date: /home/mcfb/ros2_ws/install/px4_msgs/include/px4_msgs/px4_msgs/msg/detail/tune_control__struct.h\n'}
[1.312264] (px4_msgs) StdoutLine: {'line': b'-- Up-to-date: /home/mcfb/ros2_ws/install/px4_msgs/include/px4_msgs/px4_msgs/msg/detail/gimbal_manager_status__struct.h\n'}
[1.312314] (px4_msgs) StdoutLine: {'line': b'-- Installing: /home/mcfb/ros2_ws/install/px4_msgs/include/px4_msgs/px4_msgs/msg/detail/rc_channels__type_support.c\n'}
[1.312393] (px4_msgs) StdoutLine: {'line': b'-- Installing: /home/mcfb/ros2_ws/install/px4_msgs/include/px4_msgs/px4_msgs/msg/detail/yaw_estimator_status__type_support.c\n'}
[1.312463] (px4_msgs) StdoutLine: {'line': b'-- Installing: /home/mcfb/ros2_ws/install/px4_msgs/include/px4_msgs/px4_msgs/msg/detail/pps_capture__type_support.c\n'}
[1.312533] (px4_msgs) StdoutLine: {'line': b'-- Up-to-date: /home/mcfb/ros2_ws/install/px4_msgs/include/px4_msgs/px4_msgs/msg/detail/vehicle_torque_setpoint__struct.h\n'}
[1.312610] (px4_msgs) StdoutLine: {'line': b'-- Installing: /home/mcfb/ros2_ws/install/px4_msgs/include/px4_msgs/px4_msgs/msg/detail/actuator_outputs__type_support.c\n'}
[1.312684] (px4_msgs) StdoutLine: {'line': b'-- Up-to-date: /home/mcfb/ros2_ws/install/px4_msgs/include/px4_msgs/px4_msgs/msg/detail/offboard_control_mode__functions.h\n'}
[1.312732] (px4_msgs) StdoutLine: {'line': b'-- Up-to-date: /home/mcfb/ros2_ws/install/px4_msgs/include/px4_msgs/px4_msgs/msg/detail/actuator_armed__type_support.h\n'}
[1.313017] (px4_msgs) StdoutLine: {'line': b'-- Up-to-date: /home/mcfb/ros2_ws/install/px4_msgs/include/px4_msgs/px4_msgs/msg/detail/landing_target_innovations__functions.h\n'}
[1.313180] (px4_msgs) StdoutLine: {'line': b'-- Up-to-date: /home/mcfb/ros2_ws/install/px4_msgs/include/px4_msgs/px4_msgs/msg/detail/mavlink_tunnel__type_support.h\n'}
[1.313243] (px4_msgs) StdoutLine: {'line': b'-- Up-to-date: /home/mcfb/ros2_ws/install/px4_msgs/include/px4_msgs/px4_msgs/msg/detail/vehicle_control_mode__type_support.h\n'}
[1.313340] (px4_msgs) StdoutLine: {'line': b'-- Up-to-date: /home/mcfb/ros2_ws/install/px4_msgs/include/px4_msgs/px4_msgs/msg/detail/position_setpoint_triplet__description.c\n'}
[1.313392] (px4_msgs) StdoutLine: {'line': b'-- Up-to-date: /home/mcfb/ros2_ws/install/px4_msgs/include/px4_msgs/px4_msgs/msg/detail/estimator_bias3d__functions.c\n'}
[1.313444] (px4_msgs) StdoutLine: {'line': b'-- Up-to-date: /home/mcfb/ros2_ws/install/px4_msgs/include/px4_msgs/px4_msgs/msg/detail/geofence_result__type_support.h\n'}
[1.313497] (px4_msgs) StdoutLine: {'line': b'-- Up-to-date: /home/mcfb/ros2_ws/install/px4_msgs/include/px4_msgs/px4_msgs/msg/detail/estimator_status_flags__type_support.h\n'}
[1.313554] (px4_msgs) StdoutLine: {'line': b'-- Up-to-date: /home/mcfb/ros2_ws/install/px4_msgs/include/px4_msgs/px4_msgs/msg/detail/open_drone_id_self_id__description.c\n'}
[1.313672] (px4_msgs) StdoutLine: {'line': b'-- Up-to-date: /home/mcfb/ros2_ws/install/px4_msgs/include/px4_msgs/px4_msgs/msg/detail/flight_phase_estimation__functions.h\n'}
[1.313743] (px4_msgs) StdoutLine: {'line': b'-- Up-to-date: /home/mcfb/ros2_ws/install/px4_msgs/include/px4_msgs/px4_msgs/msg/detail/vehicle_optical_flow_vel__struct.h\n'}
[1.313835] (px4_msgs) StdoutLine: {'line': b'-- Up-to-date: /home/mcfb/ros2_ws/install/px4_msgs/include/px4_msgs/px4_msgs/msg/detail/log_message__functions.h\n'}
[1.313977] (px4_msgs) StdoutLine: {'line': b'-- Up-to-date: /home/mcfb/ros2_ws/install/px4_msgs/include/px4_msgs/px4_msgs/msg/detail/vehicle_magnetometer__functions.c\n'}
[1.314058] (px4_msgs) StdoutLine: {'line': b'-- Up-to-date: /home/mcfb/ros2_ws/install/px4_msgs/include/px4_msgs/px4_msgs/msg/detail/airspeed_validated__functions.c\n'}
[1.314146] (px4_msgs) StdoutLine: {'line': b'-- Installing: /home/mcfb/ros2_ws/install/px4_msgs/include/px4_msgs/px4_msgs/msg/detail/vehicle_control_mode__type_support.c\n'}
[1.314234] (px4_msgs) StdoutLine: {'line': b'-- Up-to-date: /home/mcfb/ros2_ws/install/px4_msgs/include/px4_msgs/px4_msgs/msg/detail/ulog_stream_ack__type_support.h\n'}
[1.314598] (px4_msgs) StdoutLine: {'line': b'-- Installing: /home/mcfb/ros2_ws/install/px4_msgs/include/px4_msgs/px4_msgs/msg/detail/normalized_unsigned_setpoint__type_support.c\n'}
[1.314694] (px4_msgs) StdoutLine: {'line': b'-- Up-to-date: /home/mcfb/ros2_ws/install/px4_msgs/include/px4_msgs/px4_msgs/msg/detail/vehicle_optical_flow_vel__description.c\n'}
[1.314756] (px4_msgs) StdoutLine: {'line': b'-- Up-to-date: /home/mcfb/ros2_ws/install/px4_msgs/include/px4_msgs/px4_msgs/msg/detail/estimator_bias3d__description.c\n'}
[1.314809] (px4_msgs) StdoutLine: {'line': b'-- Up-to-date: /home/mcfb/ros2_ws/install/px4_msgs/include/px4_msgs/px4_msgs/msg/detail/trajectory_setpoint6dof__functions.c\n'}
[1.314878] (px4_msgs) StdoutLine: {'line': b'-- Up-to-date: /home/mcfb/ros2_ws/install/px4_msgs/include/px4_msgs/px4_msgs/msg/detail/vehicle_local_position__struct.h\n'}
[1.314941] (px4_msgs) StdoutLine: {'line': b'-- Up-to-date: /home/mcfb/ros2_ws/install/px4_msgs/include/px4_msgs/px4_msgs/msg/detail/debug_vect__struct.h\n'}
[1.314991] (px4_msgs) StdoutLine: {'line': b'-- Up-to-date: /home/mcfb/ros2_ws/install/px4_msgs/include/px4_msgs/px4_msgs/msg/detail/battery_info__description.c\n'}
[1.315039] (px4_msgs) StdoutLine: {'line': b'-- Up-to-date: /home/mcfb/ros2_ws/install/px4_msgs/include/px4_msgs/px4_msgs/msg/detail/rover_speed_status__functions.h\n'}
[1.315143] (px4_msgs) StdoutLine: {'line': b'-- Up-to-date: /home/mcfb/ros2_ws/install/px4_msgs/include/px4_msgs/px4_msgs/msg/detail/mavlink_log__type_support.h\n'}
[1.315212] (px4_msgs) StdoutLine: {'line': b'-- Installing: /home/mcfb/ros2_ws/install/px4_msgs/include/px4_msgs/px4_msgs/msg/detail/heater_status__type_support.c\n'}
[1.315264] (px4_msgs) StdoutLine: {'line': b'-- Up-to-date: /home/mcfb/ros2_ws/install/px4_msgs/include/px4_msgs/px4_msgs/msg/detail/task_stack_info__description.c\n'}
[1.315482] (px4_msgs) StdoutLine: {'line': b'-- Installing: /home/mcfb/ros2_ws/install/px4_msgs/include/px4_msgs/px4_msgs/msg/detail/camera_capture__type_support.c\n'}
[1.315656] (px4_msgs) StdoutLine: {'line': b'-- Up-to-date: /home/mcfb/ros2_ws/install/px4_msgs/include/px4_msgs/px4_msgs/msg/detail/orb_test__type_support.h\n'}
[1.315734] (px4_msgs) StdoutLine: {'line': b'-- Up-to-date: /home/mcfb/ros2_ws/install/px4_msgs/include/px4_msgs/px4_msgs/msg/detail/neural_control__struct.h\n'}
[1.315801] (px4_msgs) StdoutLine: {'line': b'-- Up-to-date: /home/mcfb/ros2_ws/install/px4_msgs/include/px4_msgs/px4_msgs/msg/detail/vehicle_roi__functions.h\n'}
[1.315874] (px4_msgs) StdoutLine: {'line': b'-- Up-to-date: /home/mcfb/ros2_ws/install/px4_msgs/include/px4_msgs/px4_msgs/msg/detail/geofence_result__functions.c\n'}
[1.315942] (px4_msgs) StdoutLine: {'line': b'-- Up-to-date: /home/mcfb/ros2_ws/install/px4_msgs/include/px4_msgs/px4_msgs/msg/detail/pps_capture__struct.h\n'}
[1.316007] (px4_msgs) StdoutLine: {'line': b'-- Installing: /home/mcfb/ros2_ws/install/px4_msgs/include/px4_msgs/px4_msgs/msg/detail/message_format_response__type_support.c\n'}
[1.316069] (px4_msgs) StdoutLine: {'line': b'-- Up-to-date: /home/mcfb/ros2_ws/install/px4_msgs/include/px4_msgs/px4_msgs/msg/detail/debug_vect__functions.c\n'}
[1.316127] (px4_msgs) StdoutLine: {'line': b'-- Up-to-date: /home/mcfb/ros2_ws/install/px4_msgs/include/px4_msgs/px4_msgs/msg/detail/parameter_set_value_request__functions.h\n'}
[1.316187] (px4_msgs) StdoutLine: {'line': b'-- Up-to-date: /home/mcfb/ros2_ws/install/px4_msgs/include/px4_msgs/px4_msgs/msg/detail/vehicle_constraints__struct.h\n'}
[1.316256] (px4_msgs) StdoutLine: {'line': b'-- Up-to-date: /home/mcfb/ros2_ws/install/px4_msgs/include/px4_msgs/px4_msgs/msg/detail/uavcan_parameter_value__functions.c\n'}
[1.316466] (px4_msgs) StdoutLine: {'line': b'-- Up-to-date: /home/mcfb/ros2_ws/install/px4_msgs/include/px4_msgs/px4_msgs/msg/detail/camera_status__description.c\n'}
[1.316528] (px4_msgs) StdoutLine: {'line': b'-- Installing: /home/mcfb/ros2_ws/install/px4_msgs/include/px4_msgs/px4_msgs/msg/detail/estimator_selector_status__type_support.c\n'}
[1.316573] (px4_msgs) StdoutLine: {'line': b'-- Up-to-date: /home/mcfb/ros2_ws/install/px4_msgs/include/px4_msgs/px4_msgs/msg/detail/estimator_aid_source2d__type_support.h\n'}
[1.316616] (px4_msgs) StdoutLine: {'line': b'-- Up-to-date: /home/mcfb/ros2_ws/install/px4_msgs/include/px4_msgs/px4_msgs/msg/detail/geofence_status__type_support.h\n'}
[1.316672] (px4_msgs) StdoutLine: {'line': b'-- Up-to-date: /home/mcfb/ros2_ws/install/px4_msgs/include/px4_msgs/px4_msgs/msg/detail/internal_combustion_engine_control__type_support.h\n'}
[1.316732] (px4_msgs) StdoutLine: {'line': b'-- Installing: /home/mcfb/ros2_ws/install/px4_msgs/include/px4_msgs/px4_msgs/msg/detail/uavcan_parameter_request__type_support.c\n'}
[1.316785] (px4_msgs) StdoutLine: {'line': b'-- Up-to-date: /home/mcfb/ros2_ws/install/px4_msgs/include/px4_msgs/px4_msgs/msg/detail/message_format_request__functions.h\n'}
[1.316839] (px4_msgs) StdoutLine: {'line': b'-- Up-to-date: /home/mcfb/ros2_ws/install/px4_msgs/include/px4_msgs/px4_msgs/msg/detail/landing_gear_wheel__type_support.h\n'}
[1.316901] (px4_msgs) StdoutLine: {'line': b'-- Up-to-date: /home/mcfb/ros2_ws/install/px4_msgs/include/px4_msgs/px4_msgs/msg/detail/sensor_gnss_relative__functions.c\n'}
[1.316957] (px4_msgs) StdoutLine: {'line': b'-- Up-to-date: /home/mcfb/ros2_ws/install/px4_msgs/include/px4_msgs/px4_msgs/msg/detail/sensor_preflight_mag__functions.h\n'}
[1.317010] (px4_msgs) StdoutLine: {'line': b'-- Up-to-date: /home/mcfb/ros2_ws/install/px4_msgs/include/px4_msgs/px4_msgs/msg/detail/landing_gear_wheel__struct.h\n'}
[1.317278] (px4_msgs) StdoutLine: {'line': b'-- Up-to-date: /home/mcfb/ros2_ws/install/px4_msgs/include/px4_msgs/px4_msgs/msg/detail/differential_pressure__description.c\n'}
[1.317405] (px4_msgs) StdoutLine: {'line': b'-- Installing: /home/mcfb/ros2_ws/install/px4_msgs/include/px4_msgs/px4_msgs/msg/detail/mavlink_log__type_support.c\n'}
[1.317461] (px4_msgs) StdoutLine: {'line': b'-- Up-to-date: /home/mcfb/ros2_ws/install/px4_msgs/include/px4_msgs/px4_msgs/msg/detail/position_setpoint__description.c\n'}
[1.317558] (px4_msgs) StdoutLine: {'line': b'-- Up-to-date: /home/mcfb/ros2_ws/install/px4_msgs/include/px4_msgs/px4_msgs/msg/detail/orb_test_large__functions.c\n'}
[1.317611] (px4_msgs) StdoutLine: {'line': b'-- Up-to-date: /home/mcfb/ros2_ws/install/px4_msgs/include/px4_msgs/px4_msgs/msg/detail/vehicle_odometry__functions.h\n'}
[1.317660] (px4_msgs) StdoutLine: {'line': b'-- Up-to-date: /home/mcfb/ros2_ws/install/px4_msgs/include/px4_msgs/px4_msgs/msg/detail/rpm__type_support.h\n'}
[1.317712] (px4_msgs) StdoutLine: {'line': b'-- Installing: /home/mcfb/ros2_ws/install/px4_msgs/include/px4_msgs/px4_msgs/msg/detail/velocity_limits__type_support.c\n'}
[1.317768] (px4_msgs) StdoutLine: {'line': b'-- Up-to-date: /home/mcfb/ros2_ws/install/px4_msgs/include/px4_msgs/px4_msgs/msg/detail/vehicle_optical_flow_vel__functions.c\n'}
[1.317997] (px4_msgs) StdoutLine: {'line': b'-- Up-to-date: /home/mcfb/ros2_ws/install/px4_msgs/include/px4_msgs/px4_msgs/msg/detail/distance_sensor_mode_change_request__struct.h\n'}
[1.318107] (px4_msgs) StdoutLine: {'line': b'-- Installing: /home/mcfb/ros2_ws/install/px4_msgs/include/px4_msgs/px4_msgs/msg/detail/vehicle_imu__type_support.c\n'}
[1.318243] (px4_msgs) StdoutLine: {'line': b'-- Installing: /home/mcfb/ros2_ws/install/px4_msgs/include/px4_msgs/px4_msgs/msg/detail/orb_test_large__type_support.c\n'}
[1.318323] (px4_msgs) StdoutLine: {'line': b'-- Up-to-date: /home/mcfb/ros2_ws/install/px4_msgs/include/px4_msgs/px4_msgs/msg/detail/tune_control__functions.c\n'}
[1.318391] (px4_msgs) StdoutLine: {'line': b'-- Up-to-date: /home/mcfb/ros2_ws/install/px4_msgs/include/px4_msgs/px4_msgs/msg/detail/collision_constraints__functions.h\n'}
[1.318454] (px4_msgs) StdoutLine: {'line': b'-- Up-to-date: /home/mcfb/ros2_ws/install/px4_msgs/include/px4_msgs/px4_msgs/msg/detail/hover_thrust_estimate__type_support.h\n'}
[1.318539] (px4_msgs) StdoutLine: {'line': b'-- Up-to-date: /home/mcfb/ros2_ws/install/px4_msgs/include/px4_msgs/px4_msgs/msg/detail/pure_pursuit_status__functions.c\n'}
[1.318600] (px4_msgs) StdoutLine: {'line': b'-- Up-to-date: /home/mcfb/ros2_ws/install/px4_msgs/include/px4_msgs/px4_msgs/msg/detail/takeoff_status__struct.h\n'}
[1.318663] (px4_msgs) StdoutLine: {'line': b'-- Up-to-date: /home/mcfb/ros2_ws/install/px4_msgs/include/px4_msgs/px4_msgs/msg/detail/rover_throttle_setpoint__functions.h\n'}
[1.318724] (px4_msgs) StdoutLine: {'line': b'-- Up-to-date: /home/mcfb/ros2_ws/install/px4_msgs/include/px4_msgs/px4_msgs/msg/detail/sensor_correction__type_support.h\n'}
[1.318828] (px4_msgs) StdoutLine: {'line': b'-- Up-to-date: /home/mcfb/ros2_ws/install/px4_msgs/include/px4_msgs/px4_msgs/msg/detail/fixed_wing_runway_control__functions.c\n'}
[1.318902] (px4_msgs) StdoutLine: {'line': b'-- Up-to-date: /home/mcfb/ros2_ws/install/px4_msgs/include/px4_msgs/px4_msgs/msg/detail/rc_channels__struct.h\n'}
[1.319010] (px4_msgs) StdoutLine: {'line': b'-- Up-to-date: /home/mcfb/ros2_ws/install/px4_msgs/include/px4_msgs/px4_msgs/msg/detail/magnetometer_bias_estimate__functions.c\n'}
[1.319077] (px4_msgs) StdoutLine: {'line': b'-- Up-to-date: /home/mcfb/ros2_ws/install/px4_msgs/include/px4_msgs/px4_msgs/msg/detail/satellite_info__description.c\n'}
[1.319222] (px4_msgs) StdoutLine: {'line': b'-- Up-to-date: /home/mcfb/ros2_ws/install/px4_msgs/include/px4_msgs/px4_msgs/msg/detail/vehicle_acceleration__functions.h\n'}
[1.319291] (px4_msgs) StdoutLine: {'line': b'-- Up-to-date: /home/mcfb/ros2_ws/install/px4_msgs/include/px4_msgs/px4_msgs/msg/detail/internal_combustion_engine_status__description.c\n'}
[1.319356] (px4_msgs) StdoutLine: {'line': b'-- Up-to-date: /home/mcfb/ros2_ws/install/px4_msgs/include/px4_msgs/px4_msgs/msg/detail/actuator_servos__description.c\n'}
[1.319420] (px4_msgs) StdoutLine: {'line': b'-- Up-to-date: /home/mcfb/ros2_ws/install/px4_msgs/include/px4_msgs/px4_msgs/msg/detail/dronecan_node_status__type_support.h\n'}
[1.319481] (px4_msgs) StdoutLine: {'line': b'-- Up-to-date: /home/mcfb/ros2_ws/install/px4_msgs/include/px4_msgs/px4_msgs/msg/detail/camera_trigger__functions.h\n'}
[1.319559] (px4_msgs) StdoutLine: {'line': b'-- Up-to-date: /home/mcfb/ros2_ws/install/px4_msgs/include/px4_msgs/px4_msgs/msg/detail/estimator_status_flags__struct.h\n'}
[1.319621] (px4_msgs) StdoutLine: {'line': b'-- Up-to-date: /home/mcfb/ros2_ws/install/px4_msgs/include/px4_msgs/px4_msgs/msg/detail/camera_trigger__description.c\n'}
[1.319690] (px4_msgs) StdoutLine: {'line': b'-- Up-to-date: /home/mcfb/ros2_ws/install/px4_msgs/include/px4_msgs/px4_msgs/msg/detail/velocity_limits__type_support.h\n'}
[1.319752] (px4_msgs) StdoutLine: {'line': b'-- Up-to-date: /home/mcfb/ros2_ws/install/px4_msgs/include/px4_msgs/px4_msgs/msg/detail/vehicle_roi__functions.c\n'}
[1.319812] (px4_msgs) StdoutLine: {'line': b'-- Up-to-date: /home/mcfb/ros2_ws/install/px4_msgs/include/px4_msgs/px4_msgs/msg/detail/sensor_gyro_fifo__functions.h\n'}
[1.319921] (px4_msgs) StdoutLine: {'line': b'-- Up-to-date: /home/mcfb/ros2_ws/install/px4_msgs/include/px4_msgs/px4_msgs/msg/detail/esc_report__functions.h\n'}
[1.319987] (px4_msgs) StdoutLine: {'line': b'-- Installing: /home/mcfb/ros2_ws/install/px4_msgs/include/px4_msgs/px4_msgs/msg/detail/input_rc__type_support.c\n'}
[1.320051] (px4_msgs) StdoutLine: {'line': b'-- Installing: /home/mcfb/ros2_ws/install/px4_msgs/include/px4_msgs/px4_msgs/msg/detail/sensor_hygrometer__type_support.c\n'}
[1.320113] (px4_msgs) StdoutLine: {'line': b'-- Up-to-date: /home/mcfb/ros2_ws/install/px4_msgs/include/px4_msgs/px4_msgs/msg/detail/wind__struct.h\n'}
[1.320177] (px4_msgs) StdoutLine: {'line': b'-- Up-to-date: /home/mcfb/ros2_ws/install/px4_msgs/include/px4_msgs/px4_msgs/msg/detail/takeoff_status__functions.h\n'}
[1.320240] (px4_msgs) StdoutLine: {'line': b'-- Up-to-date: /home/mcfb/ros2_ws/install/px4_msgs/include/px4_msgs/px4_msgs/msg/detail/radio_status__type_support.h\n'}
[1.320303] (px4_msgs) StdoutLine: {'line': b'-- Up-to-date: /home/mcfb/ros2_ws/install/px4_msgs/include/px4_msgs/px4_msgs/msg/detail/sensor_accel__struct.h\n'}
[1.320369] (px4_msgs) StdoutLine: {'line': b'-- Up-to-date: /home/mcfb/ros2_ws/install/px4_msgs/include/px4_msgs/px4_msgs/msg/detail/velocity_limits__functions.h\n'}
[1.320430] (px4_msgs) StdoutLine: {'line': b'-- Up-to-date: /home/mcfb/ros2_ws/install/px4_msgs/include/px4_msgs/px4_msgs/msg/detail/distance_sensor__description.c\n'}
[1.320495] (px4_msgs) StdoutLine: {'line': b'-- Up-to-date: /home/mcfb/ros2_ws/install/px4_msgs/include/px4_msgs/px4_msgs/msg/detail/estimator_aid_source3d__functions.c\n'}
[1.320559] (px4_msgs) StdoutLine: {'line': b'-- Up-to-date: /home/mcfb/ros2_ws/install/px4_msgs/include/px4_msgs/px4_msgs/msg/detail/uavcan_parameter_request__type_support.h\n'}
[1.320627] (px4_msgs) StdoutLine: {'line': b'-- Up-to-date: /home/mcfb/ros2_ws/install/px4_msgs/include/px4_msgs/px4_msgs/msg/detail/wind__functions.c\n'}
[1.320696] (px4_msgs) StdoutLine: {'line': b'-- Up-to-date: /home/mcfb/ros2_ws/install/px4_msgs/include/px4_msgs/px4_msgs/msg/detail/dataman_response__type_support.h\n'}
[1.320764] (px4_msgs) StdoutLine: {'line': b'-- Up-to-date: /home/mcfb/ros2_ws/install/px4_msgs/include/px4_msgs/px4_msgs/msg/detail/parameter_set_value_response__type_support.h\n'}
[1.320830] (px4_msgs) StdoutLine: {'line': b'-- Up-to-date: /home/mcfb/ros2_ws/install/px4_msgs/include/px4_msgs/px4_msgs/msg/detail/rate_ctrl_status__struct.h\n'}
[1.320904] (px4_msgs) StdoutLine: {'line': b'-- Installing: /home/mcfb/ros2_ws/install/px4_msgs/include/px4_msgs/px4_msgs/msg/detail/vehicle_angular_acceleration_setpoint__type_support.c\n'}
[1.320978] (px4_msgs) StdoutLine: {'line': b'-- Up-to-date: /home/mcfb/ros2_ws/install/px4_msgs/include/px4_msgs/px4_msgs/msg/detail/landing_gear_wheel__functions.h\n'}
[1.321050] (px4_msgs) StdoutLine: {'line': b'-- Up-to-date: /home/mcfb/ros2_ws/install/px4_msgs/include/px4_msgs/px4_msgs/msg/detail/logger_status__functions.c\n'}
[1.321122] (px4_msgs) StdoutLine: {'line': b'-- Up-to-date: /home/mcfb/ros2_ws/install/px4_msgs/include/px4_msgs/px4_msgs/msg/detail/airspeed_validated__struct.h\n'}
[1.321581] (px4_msgs) StdoutLine: {'line': b'-- Up-to-date: /home/mcfb/ros2_ws/install/px4_msgs/include/px4_msgs/px4_msgs/msg/detail/sensor_gnss_relative__description.c\n'}
[1.321756] (px4_msgs) StdoutLine: {'line': b'-- Up-to-date: /home/mcfb/ros2_ws/install/px4_msgs/include/px4_msgs/px4_msgs/msg/detail/log_message__functions.c\n'}
[1.321877] (px4_msgs) StdoutLine: {'line': b'-- Installing: /home/mcfb/ros2_ws/install/px4_msgs/include/px4_msgs/px4_msgs/msg/detail/gimbal_manager_set_attitude__type_support.c\n'}
[1.322077] (px4_msgs) StdoutLine: {'line': b'-- Up-to-date: /home/mcfb/ros2_ws/install/px4_msgs/include/px4_msgs/px4_msgs/msg/detail/task_stack_info__functions.c\n'}
[1.322140] (px4_msgs) StdoutLine: {'line': b'-- Up-to-date: /home/mcfb/ros2_ws/install/px4_msgs/include/px4_msgs/px4_msgs/msg/detail/gpio_request__description.c\n'}
[1.322298] (px4_msgs) StdoutLine: {'line': b'-- Up-to-date: /home/mcfb/ros2_ws/install/px4_msgs/include/px4_msgs/px4_msgs/msg/detail/parameter_reset_request__struct.h\n'}
[1.322394] (px4_msgs) StdoutLine: {'line': b'-- Installing: /home/mcfb/ros2_ws/install/px4_msgs/include/px4_msgs/px4_msgs/msg/detail/camera_status__type_support.c\n'}
[1.322481] (px4_msgs) StdoutLine: {'line': b'-- Up-to-date: /home/mcfb/ros2_ws/install/px4_msgs/include/px4_msgs/px4_msgs/msg/detail/rate_ctrl_status__type_support.h\n'}
[1.322535] (px4_msgs) StdoutLine: {'line': b'-- Up-to-date: /home/mcfb/ros2_ws/install/px4_msgs/include/px4_msgs/px4_msgs/msg/detail/debug_vect__description.c\n'}
[1.322603] (px4_msgs) StdoutLine: {'line': b'-- Up-to-date: /home/mcfb/ros2_ws/install/px4_msgs/include/px4_msgs/px4_msgs/msg/detail/fixed_wing_lateral_status__type_support.h\n'}
[1.322661] (px4_msgs) StdoutLine: {'line': b'-- Up-to-date: /home/mcfb/ros2_ws/install/px4_msgs/include/px4_msgs/px4_msgs/msg/detail/vehicle_imu__struct.h\n'}
[1.322716] (px4_msgs) StdoutLine: {'line': b'-- Up-to-date: /home/mcfb/ros2_ws/install/px4_msgs/include/px4_msgs/px4_msgs/msg/detail/unregister_ext_component__functions.h\n'}
[1.322765] (px4_msgs) StdoutLine: {'line': b'-- Up-to-date: /home/mcfb/ros2_ws/install/px4_msgs/include/px4_msgs/px4_msgs/msg/detail/orb_test__description.c\n'}
[1.322822] (px4_msgs) StdoutLine: {'line': b'-- Up-to-date: /home/mcfb/ros2_ws/install/px4_msgs/include/px4_msgs/px4_msgs/msg/detail/estimator_bias3d__type_support.h\n'}
[1.322886] (px4_msgs) StdoutLine: {'line': b'-- Up-to-date: /home/mcfb/ros2_ws/install/px4_msgs/include/px4_msgs/px4_msgs/msg/detail/tiltrotor_extra_controls__struct.h\n'}
[1.322939] (px4_msgs) StdoutLine: {'line': b'-- Installing: /home/mcfb/ros2_ws/install/px4_msgs/include/px4_msgs/px4_msgs/msg/detail/landing_target_pose__type_support.c\n'}
[1.322990] (px4_msgs) StdoutLine: {'line': b'-- Up-to-date: /home/mcfb/ros2_ws/install/px4_msgs/include/px4_msgs/px4_msgs/msg/detail/ping__functions.h\n'}
[1.323039] (px4_msgs) StdoutLine: {'line': b'-- Up-to-date: /home/mcfb/ros2_ws/install/px4_msgs/include/px4_msgs/px4_msgs/msg/detail/gps_inject_data__functions.c\n'}
[1.323087] (px4_msgs) StdoutLine: {'line': b'-- Up-to-date: /home/mcfb/ros2_ws/install/px4_msgs/include/px4_msgs/px4_msgs/msg/detail/rover_steering_setpoint__type_support.h\n'}
[1.323134] (px4_msgs) StdoutLine: {'line': b'-- Up-to-date: /home/mcfb/ros2_ws/install/px4_msgs/include/px4_msgs/px4_msgs/msg/detail/vehicle_constraints__type_support.h\n'}
[1.323238] (px4_msgs) StdoutLine: {'line': b'-- Up-to-date: /home/mcfb/ros2_ws/install/px4_msgs/include/px4_msgs/px4_msgs/msg/detail/cpuload__struct.h\n'}
[1.323286] (px4_msgs) StdoutLine: {'line': b'-- Up-to-date: /home/mcfb/ros2_ws/install/px4_msgs/include/px4_msgs/px4_msgs/msg/detail/open_drone_id_system__functions.h\n'}
[1.323332] (px4_msgs) StdoutLine: {'line': b'-- Up-to-date: /home/mcfb/ros2_ws/install/px4_msgs/include/px4_msgs/px4_msgs/msg/detail/rover_steering_setpoint__functions.h\n'}
[1.323378] (px4_msgs) StdoutLine: {'line': b'-- Up-to-date: /home/mcfb/ros2_ws/install/px4_msgs/include/px4_msgs/px4_msgs/msg/detail/flight_phase_estimation__struct.h\n'}
[1.323423] (px4_msgs) StdoutLine: {'line': b'-- Up-to-date: /home/mcfb/ros2_ws/install/px4_msgs/include/px4_msgs/px4_msgs/msg/detail/battery_info__functions.h\n'}
[1.323562] (px4_msgs) StdoutLine: {'line': b'-- Up-to-date: /home/mcfb/ros2_ws/install/px4_msgs/include/px4_msgs/px4_msgs/msg/detail/orb_test_medium__functions.h\n'}
[1.323611] (px4_msgs) StdoutLine: {'line': b'-- Installing: /home/mcfb/ros2_ws/install/px4_msgs/include/px4_msgs/px4_msgs/msg/detail/dataman_request__type_support.c\n'}
[1.323659] (px4_msgs) StdoutLine: {'line': b'-- Up-to-date: /home/mcfb/ros2_ws/install/px4_msgs/include/px4_msgs/px4_msgs/msg/detail/orbit_status__struct.h\n'}
[1.323708] (px4_msgs) StdoutLine: {'line': b'-- Up-to-date: /home/mcfb/ros2_ws/install/px4_msgs/include/px4_msgs/px4_msgs/msg/detail/orbit_status__description.c\n'}
[1.323756] (px4_msgs) StdoutLine: {'line': b'-- Up-to-date: /home/mcfb/ros2_ws/install/px4_msgs/include/px4_msgs/px4_msgs/msg/detail/obstacle_distance__struct.h\n'}
[1.323802] (px4_msgs) StdoutLine: {'line': b'-- Up-to-date: /home/mcfb/ros2_ws/install/px4_msgs/include/px4_msgs/px4_msgs/msg/detail/obstacle_distance__functions.h\n'}
[1.323855] (px4_msgs) StdoutLine: {'line': b'-- Up-to-date: /home/mcfb/ros2_ws/install/px4_msgs/include/px4_msgs/px4_msgs/msg/detail/px4io_status__struct.h\n'}
[1.323905] (px4_msgs) StdoutLine: {'line': b'-- Installing: /home/mcfb/ros2_ws/install/px4_msgs/include/px4_msgs/px4_msgs/msg/detail/open_drone_id_system__type_support.c\n'}
[1.323951] (px4_msgs) StdoutLine: {'line': b'-- Up-to-date: /home/mcfb/ros2_ws/install/px4_msgs/include/px4_msgs/px4_msgs/msg/detail/can_interface_status__functions.h\n'}
[1.323999] (px4_msgs) StdoutLine: {'line': b'-- Up-to-date: /home/mcfb/ros2_ws/install/px4_msgs/include/px4_msgs/px4_msgs/msg/detail/estimator_aid_source1d__description.c\n'}
[1.324045] (px4_msgs) StdoutLine: {'line': b'-- Installing: /home/mcfb/ros2_ws/install/px4_msgs/include/px4_msgs/px4_msgs/msg/detail/fuel_tank_status__type_support.c\n'}
[1.324092] (px4_msgs) StdoutLine: {'line': b'-- Up-to-date: /home/mcfb/ros2_ws/install/px4_msgs/include/px4_msgs/px4_msgs/msg/detail/parameter_reset_request__functions.c\n'}
[1.324139] (px4_msgs) StdoutLine: {'line': b'-- Up-to-date: /home/mcfb/ros2_ws/install/px4_msgs/include/px4_msgs/px4_msgs/msg/detail/estimator_states__functions.h\n'}
[1.324185] (px4_msgs) StdoutLine: {'line': b'-- Up-to-date: /home/mcfb/ros2_ws/install/px4_msgs/include/px4_msgs/px4_msgs/msg/detail/sensor_accel__functions.c\n'}
[1.324231] (px4_msgs) StdoutLine: {'line': b'-- Up-to-date: /home/mcfb/ros2_ws/install/px4_msgs/include/px4_msgs/px4_msgs/msg/detail/sensor_accel__description.c\n'}
[1.324410] (px4_msgs) StdoutLine: {'line': b'-- Up-to-date: /home/mcfb/ros2_ws/install/px4_msgs/include/px4_msgs/px4_msgs/msg/detail/longitudinal_control_configuration__functions.c\n'}
[1.324461] (px4_msgs) StdoutLine: {'line': b'-- Up-to-date: /home/mcfb/ros2_ws/install/px4_msgs/include/px4_msgs/px4_msgs/msg/detail/neural_control__functions.h\n'}
[1.324510] (px4_msgs) StdoutLine: {'line': b'-- Installing: /home/mcfb/ros2_ws/install/px4_msgs/include/px4_msgs/px4_msgs/msg/detail/rover_position_setpoint__type_support.c\n'}
[1.324557] (px4_msgs) StdoutLine: {'line': b'-- Up-to-date: /home/mcfb/ros2_ws/install/px4_msgs/include/px4_msgs/px4_msgs/msg/detail/vehicle_air_data__description.c\n'}
[1.324606] (px4_msgs) StdoutLine: {'line': b'-- Installing: /home/mcfb/ros2_ws/install/px4_msgs/include/px4_msgs/px4_msgs/msg/detail/manual_control_setpoint__type_support.c\n'}
[1.324703] (px4_msgs) StdoutLine: {'line': b'-- Up-to-date: /home/mcfb/ros2_ws/install/px4_msgs/include/px4_msgs/px4_msgs/msg/detail/parameter_set_used_request__functions.c\n'}
[1.324750] (px4_msgs) StdoutLine: {'line': b'-- Up-to-date: /home/mcfb/ros2_ws/install/px4_msgs/include/px4_msgs/px4_msgs/msg/detail/satellite_info__type_support.h\n'}
[1.324794] (px4_msgs) StdoutLine: {'line': b'-- Up-to-date: /home/mcfb/ros2_ws/install/px4_msgs/include/px4_msgs/px4_msgs/msg/detail/estimator_aid_source3d__struct.h\n'}
[1.324837] (px4_msgs) StdoutLine: {'line': b'-- Up-to-date: /home/mcfb/ros2_ws/install/px4_msgs/include/px4_msgs/px4_msgs/msg/detail/vehicle_command__type_support.h\n'}
[1.324889] (px4_msgs) StdoutLine: {'line': b'-- Installing: /home/mcfb/ros2_ws/install/px4_msgs/include/px4_msgs/px4_msgs/msg/detail/landing_gear__type_support.c\n'}
[1.324931] (px4_msgs) StdoutLine: {'line': b'-- Up-to-date: /home/mcfb/ros2_ws/install/px4_msgs/include/px4_msgs/px4_msgs/msg/detail/airspeed__description.c\n'}
[1.324979] (px4_msgs) StdoutLine: {'line': b'-- Up-to-date: /home/mcfb/ros2_ws/install/px4_msgs/include/px4_msgs/px4_msgs/msg/detail/dataman_request__type_support.h\n'}
[1.325027] (px4_msgs) StdoutLine: {'line': b'-- Up-to-date: /home/mcfb/ros2_ws/install/px4_msgs/include/px4_msgs/px4_msgs/msg/detail/qshell_req__functions.c\n'}
[1.325075] (px4_msgs) StdoutLine: {'line': b'-- Up-to-date: /home/mcfb/ros2_ws/install/px4_msgs/include/px4_msgs/px4_msgs/msg/detail/gimbal_manager_status__functions.h\n'}
[1.325123] (px4_msgs) StdoutLine: {'line': b'-- Up-to-date: /home/mcfb/ros2_ws/install/px4_msgs/include/px4_msgs/px4_msgs/msg/detail/sensor_uwb__struct.h\n'}
[1.325171] (px4_msgs) StdoutLine: {'line': b'-- Up-to-date: /home/mcfb/ros2_ws/install/px4_msgs/include/px4_msgs/px4_msgs/msg/detail/estimator_gps_status__description.c\n'}
[1.325221] (px4_msgs) StdoutLine: {'line': b'-- Up-to-date: /home/mcfb/ros2_ws/install/px4_msgs/include/px4_msgs/px4_msgs/msg/detail/airspeed__functions.c\n'}
[1.325272] (px4_msgs) StdoutLine: {'line': b'-- Up-to-date: /home/mcfb/ros2_ws/install/px4_msgs/include/px4_msgs/px4_msgs/msg/detail/can_interface_status__type_support.h\n'}
[1.325321] (px4_msgs) StdoutLine: {'line': b'-- Up-to-date: /home/mcfb/ros2_ws/install/px4_msgs/include/px4_msgs/px4_msgs/msg/detail/rc_channels__description.c\n'}
[1.325369] (px4_msgs) StdoutLine: {'line': b'-- Up-to-date: /home/mcfb/ros2_ws/install/px4_msgs/include/px4_msgs/px4_msgs/msg/detail/rover_throttle_setpoint__description.c\n'}
[1.325417] (px4_msgs) StdoutLine: {'line': b'-- Installing: /home/mcfb/ros2_ws/install/px4_msgs/include/px4_msgs/px4_msgs/msg/detail/orbit_status__type_support.c\n'}
[1.325464] (px4_msgs) StdoutLine: {'line': b'-- Up-to-date: /home/mcfb/ros2_ws/install/px4_msgs/include/px4_msgs/px4_msgs/msg/detail/fixed_wing_lateral_setpoint__struct.h\n'}
[1.325512] (px4_msgs) StdoutLine: {'line': b'-- Up-to-date: /home/mcfb/ros2_ws/install/px4_msgs/include/px4_msgs/px4_msgs/msg/detail/estimator_aid_source1d__type_support.h\n'}
[1.325562] (px4_msgs) StdoutLine: {'line': b'-- Up-to-date: /home/mcfb/ros2_ws/install/px4_msgs/include/px4_msgs/px4_msgs/msg/detail/estimator_states__description.c\n'}
[1.325611] (px4_msgs) StdoutLine: {'line': b'-- Installing: /home/mcfb/ros2_ws/install/px4_msgs/include/px4_msgs/px4_msgs/msg/detail/gripper__type_support.c\n'}
[1.325658] (px4_msgs) StdoutLine: {'line': b'-- Installing: /home/mcfb/ros2_ws/install/px4_msgs/include/px4_msgs/px4_msgs/msg/detail/tune_control__type_support.c\n'}
[1.325709] (px4_msgs) StdoutLine: {'line': b'-- Installing: /home/mcfb/ros2_ws/install/px4_msgs/include/px4_msgs/px4_msgs/msg/detail/rtl_time_estimate__type_support.c\n'}
[1.325767] (px4_msgs) StdoutLine: {'line': b'-- Up-to-date: /home/mcfb/ros2_ws/install/px4_msgs/include/px4_msgs/px4_msgs/msg/detail/pwm_input__functions.h\n'}
[1.325859] (px4_msgs) StdoutLine: {'line': b'-- Installing: /home/mcfb/ros2_ws/install/px4_msgs/include/px4_msgs/px4_msgs/msg/detail/transponder_report__type_support.c\n'}
[1.325939] (px4_msgs) StdoutLine: {'line': b'-- Installing: /home/mcfb/ros2_ws/install/px4_msgs/include/px4_msgs/px4_msgs/msg/detail/parameter_set_value_response__type_support.c\n'}
[1.326011] (px4_msgs) StdoutLine: {'line': b'-- Installing: /home/mcfb/ros2_ws/install/px4_msgs/include/px4_msgs/px4_msgs/msg/detail/logger_status__type_support.c\n'}
[1.326082] (px4_msgs) StdoutLine: {'line': b'-- Up-to-date: /home/mcfb/ros2_ws/install/px4_msgs/include/px4_msgs/px4_msgs/msg/detail/airspeed_wind__struct.h\n'}
[1.326156] (px4_msgs) StdoutLine: {'line': b'-- Up-to-date: /home/mcfb/ros2_ws/install/px4_msgs/include/px4_msgs/px4_msgs/msg/detail/lateral_control_configuration__functions.c\n'}
[1.326251] (px4_msgs) StdoutLine: {'line': b'-- Up-to-date: /home/mcfb/ros2_ws/install/px4_msgs/include/px4_msgs/px4_msgs/msg/detail/tiltrotor_extra_controls__description.c\n'}
[1.326913] (px4_msgs) StdoutLine: {'line': b'-- Up-to-date: /home/mcfb/ros2_ws/install/px4_msgs/include/px4_msgs/px4_msgs/msg/detail/sensor_optical_flow__functions.c\n'}
[1.327354] (px4_msgs) StdoutLine: {'line': b'-- Up-to-date: /home/mcfb/ros2_ws/install/px4_msgs/include/px4_msgs/px4_msgs/msg/detail/rc_parameter_map__struct.h\n'}
[1.327491] (px4_msgs) StdoutLine: {'line': b'-- Up-to-date: /home/mcfb/ros2_ws/install/px4_msgs/include/px4_msgs/px4_msgs/msg/detail/uavcan_parameter_request__functions.h\n'}
[1.327593] (px4_msgs) StdoutLine: {'line': b'-- Up-to-date: /home/mcfb/ros2_ws/install/px4_msgs/include/px4_msgs/px4_msgs/msg/detail/vehicle_thrust_setpoint__functions.h\n'}
[1.327806] (px4_msgs) StdoutLine: {'line': b'-- Up-to-date: /home/mcfb/ros2_ws/install/px4_msgs/include/px4_msgs/px4_msgs/msg/detail/estimator_event_flags__functions.c\n'}
[1.327889] (px4_msgs) StdoutLine: {'line': b'-- Up-to-date: /home/mcfb/ros2_ws/install/px4_msgs/include/px4_msgs/px4_msgs/msg/detail/position_setpoint_triplet__type_support.h\n'}
[1.327947] (px4_msgs) StdoutLine: {'line': b'-- Up-to-date: /home/mcfb/ros2_ws/install/px4_msgs/include/px4_msgs/px4_msgs/msg/detail/led_control__description.c\n'}
[1.328000] (px4_msgs) StdoutLine: {'line': b'-- Up-to-date: /home/mcfb/ros2_ws/install/px4_msgs/include/px4_msgs/px4_msgs/msg/detail/fuel_tank_status__functions.c\n'}
[1.328064] (px4_msgs) StdoutLine: {'line': b'-- Up-to-date: /home/mcfb/ros2_ws/install/px4_msgs/include/px4_msgs/px4_msgs/msg/detail/actuator_armed__struct.h\n'}
[1.328140] (px4_msgs) StdoutLine: {'line': b'-- Up-to-date: /home/mcfb/ros2_ws/install/px4_msgs/include/px4_msgs/px4_msgs/msg/detail/gimbal_controls__functions.h\n'}
[1.328200] (px4_msgs) StdoutLine: {'line': b'-- Up-to-date: /home/mcfb/ros2_ws/install/px4_msgs/include/px4_msgs/px4_msgs/msg/detail/vehicle_attitude_setpoint__functions.h\n'}
[1.328249] (px4_msgs) StdoutLine: {'line': b'-- Up-to-date: /home/mcfb/ros2_ws/install/px4_msgs/include/px4_msgs/px4_msgs/msg/detail/debug_vect__type_support.h\n'}
[1.328294] (px4_msgs) StdoutLine: {'line': b'-- Up-to-date: /home/mcfb/ros2_ws/install/px4_msgs/include/px4_msgs/px4_msgs/msg/detail/vehicle_torque_setpoint__description.c\n'}
[1.328339] (px4_msgs) StdoutLine: {'line': b'-- Up-to-date: /home/mcfb/ros2_ws/install/px4_msgs/include/px4_msgs/px4_msgs/msg/detail/vehicle_angular_velocity__type_support.h\n'}
[1.328407] (px4_msgs) StdoutLine: {'line': b'-- Up-to-date: /home/mcfb/ros2_ws/install/px4_msgs/include/px4_msgs/px4_msgs/msg/detail/mag_worker_data__type_support.h\n'}
[1.328472] (px4_msgs) StdoutLine: {'line': b'-- Up-to-date: /home/mcfb/ros2_ws/install/px4_msgs/include/px4_msgs/px4_msgs/msg/detail/rover_attitude_setpoint__struct.h\n'}
[1.328539] (px4_msgs) StdoutLine: {'line': b'-- Up-to-date: /home/mcfb/ros2_ws/install/px4_msgs/include/px4_msgs/px4_msgs/msg/detail/esc_status__description.c\n'}
[1.328609] (px4_msgs) StdoutLine: {'line': b'-- Up-to-date: /home/mcfb/ros2_ws/install/px4_msgs/include/px4_msgs/px4_msgs/msg/detail/task_stack_info__type_support.h\n'}
[1.328683] (px4_msgs) StdoutLine: {'line': b'-- Up-to-date: /home/mcfb/ros2_ws/install/px4_msgs/include/px4_msgs/px4_msgs/msg/detail/orb_test_medium__description.c\n'}
[1.328741] (px4_msgs) StdoutLine: {'line': b'-- Up-to-date: /home/mcfb/ros2_ws/install/px4_msgs/include/px4_msgs/px4_msgs/msg/detail/rover_rate_status__struct.h\n'}
[1.328793] (px4_msgs) StdoutLine: {'line': b'-- Up-to-date: /home/mcfb/ros2_ws/install/px4_msgs/include/px4_msgs/px4_msgs/msg/detail/fixed_wing_longitudinal_setpoint__functions.c\n'}
[1.328886] (px4_msgs) StdoutLine: {'line': b'-- Up-to-date: /home/mcfb/ros2_ws/install/px4_msgs/include/px4_msgs/px4_msgs/msg/detail/action_request__description.c\n'}
[1.328944] (px4_msgs) StdoutLine: {'line': b'-- Installing: /home/mcfb/ros2_ws/install/px4_msgs/include/px4_msgs/px4_msgs/msg/detail/open_drone_id_arm_status__type_support.c\n'}
[1.329008] (px4_msgs) StdoutLine: {'line': b'-- Up-to-date: /home/mcfb/ros2_ws/install/px4_msgs/include/px4_msgs/px4_msgs/msg/detail/open_drone_id_arm_status__functions.h\n'}
[1.329225] (px4_msgs) StdoutLine: {'line': b'-- Up-to-date: /home/mcfb/ros2_ws/install/px4_msgs/include/px4_msgs/px4_msgs/msg/detail/rover_rate_setpoint__functions.h\n'}
[1.329354] (px4_msgs) StdoutLine: {'line': b'-- Up-to-date: /home/mcfb/ros2_ws/install/px4_msgs/include/px4_msgs/px4_msgs/msg/detail/battery_info__type_support.h\n'}
[1.329473] (px4_msgs) StdoutLine: {'line': b'-- Up-to-date: /home/mcfb/ros2_ws/install/px4_msgs/include/px4_msgs/px4_msgs/msg/detail/rtl_time_estimate__description.c\n'}
[1.329557] (px4_msgs) StdoutLine: {'line': b'-- Up-to-date: /home/mcfb/ros2_ws/install/px4_msgs/include/px4_msgs/px4_msgs/msg/detail/vehicle_attitude__struct.h\n'}
[1.329634] (px4_msgs) StdoutLine: {'line': b'-- Up-to-date: /home/mcfb/ros2_ws/install/px4_msgs/include/px4_msgs/px4_msgs/msg/detail/vehicle_attitude_setpoint__struct.h\n'}
[1.329704] (px4_msgs) StdoutLine: {'line': b'-- Up-to-date: /home/mcfb/ros2_ws/install/px4_msgs/include/px4_msgs/px4_msgs/msg/detail/vehicle_local_position__type_support.h\n'}
[1.329780] (px4_msgs) StdoutLine: {'line': b'-- Up-to-date: /home/mcfb/ros2_ws/install/px4_msgs/include/px4_msgs/px4_msgs/msg/detail/gimbal_manager_set_manual_control__description.c\n'}
[1.329855] (px4_msgs) StdoutLine: {'line': b'-- Up-to-date: /home/mcfb/ros2_ws/install/px4_msgs/include/px4_msgs/px4_msgs/msg/detail/distance_sensor_mode_change_request__type_support.h\n'}
[1.329924] (px4_msgs) StdoutLine: {'line': b'-- Up-to-date: /home/mcfb/ros2_ws/install/px4_msgs/include/px4_msgs/px4_msgs/msg/detail/estimator_sensor_bias__struct.h\n'}
[1.330183] (px4_msgs) StdoutLine: {'line': b'-- Up-to-date: /home/mcfb/ros2_ws/install/px4_msgs/include/px4_msgs/px4_msgs/msg/detail/radio_status__description.c\n'}
[1.330259] (px4_msgs) StdoutLine: {'line': b'-- Up-to-date: /home/mcfb/ros2_ws/install/px4_msgs/include/px4_msgs/px4_msgs/msg/detail/dronecan_node_status__struct.h\n'}
[1.330331] (px4_msgs) StdoutLine: {'line': b'-- Up-to-date: /home/mcfb/ros2_ws/install/px4_msgs/include/px4_msgs/px4_msgs/msg/detail/tune_control__type_support.h\n'}
[1.330396] (px4_msgs) StdoutLine: {'line': b'-- Up-to-date: /home/mcfb/ros2_ws/install/px4_msgs/include/px4_msgs/px4_msgs/msg/detail/position_controller_status__functions.h\n'}
[1.330478] (px4_msgs) StdoutLine: {'line': b'-- Up-to-date: /home/mcfb/ros2_ws/install/px4_msgs/include/px4_msgs/px4_msgs/msg/detail/position_controller_status__description.c\n'}
[1.330545] (px4_msgs) StdoutLine: {'line': b'-- Up-to-date: /home/mcfb/ros2_ws/install/px4_msgs/include/px4_msgs/px4_msgs/msg/detail/landing_target_innovations__type_support.h\n'}
[1.330606] (px4_msgs) StdoutLine: {'line': b'-- Up-to-date: /home/mcfb/ros2_ws/install/px4_msgs/include/px4_msgs/px4_msgs/msg/detail/rover_speed_setpoint__description.c\n'}
[1.330659] (px4_msgs) StdoutLine: {'line': b'-- Up-to-date: /home/mcfb/ros2_ws/install/px4_msgs/include/px4_msgs/px4_msgs/msg/detail/tune_control__description.c\n'}
[1.330789] (px4_msgs) StdoutLine: {'line': b'-- Installing: /home/mcfb/ros2_ws/install/px4_msgs/include/px4_msgs/px4_msgs/msg/detail/offboard_control_mode__type_support.c\n'}
[1.330975] (px4_msgs) StdoutLine: {'line': b'-- Up-to-date: /home/mcfb/ros2_ws/install/px4_msgs/include/px4_msgs/px4_msgs/msg/detail/figure_eight_status__type_support.h\n'}
[1.331057] (px4_msgs) StdoutLine: {'line': b'-- Up-to-date: /home/mcfb/ros2_ws/install/px4_msgs/include/px4_msgs/px4_msgs/msg/detail/trajectory_setpoint6dof__type_support.h\n'}
[1.331128] (px4_msgs) StdoutLine: {'line': b'-- Up-to-date: /home/mcfb/ros2_ws/install/px4_msgs/include/px4_msgs/px4_msgs/msg/detail/home_position__type_support.h\n'}
[1.331196] (px4_msgs) StdoutLine: {'line': b'-- Up-to-date: /home/mcfb/ros2_ws/install/px4_msgs/include/px4_msgs/px4_msgs/msg/detail/launch_detection_status__functions.h\n'}
[1.331260] (px4_msgs) StdoutLine: {'line': b'-- Installing: /home/mcfb/ros2_ws/install/px4_msgs/include/px4_msgs/px4_msgs/msg/detail/trajectory_setpoint6dof__type_support.c\n'}
[1.331374] (px4_msgs) StdoutLine: {'line': b'-- Up-to-date: /home/mcfb/ros2_ws/install/px4_msgs/include/px4_msgs/px4_msgs/msg/detail/orbit_status__functions.c\n'}
[1.331455] (px4_msgs) StdoutLine: {'line': b'-- Up-to-date: /home/mcfb/ros2_ws/install/px4_msgs/include/px4_msgs/px4_msgs/msg/detail/dataman_request__struct.h\n'}
[1.331523] (px4_msgs) StdoutLine: {'line': b'-- Installing: /home/mcfb/ros2_ws/install/px4_msgs/include/px4_msgs/px4_msgs/msg/detail/estimator_aid_source2d__type_support.c\n'}
[1.331588] (px4_msgs) StdoutLine: {'line': b'-- Up-to-date: /home/mcfb/ros2_ws/install/px4_msgs/include/px4_msgs/px4_msgs/msg/detail/debug_key_value__description.c\n'}
[1.331652] (px4_msgs) StdoutLine: {'line': b'-- Installing: /home/mcfb/ros2_ws/install/px4_msgs/include/px4_msgs/px4_msgs/msg/detail/home_position__type_support.c\n'}
[1.331715] (px4_msgs) StdoutLine: {'line': b'-- Up-to-date: /home/mcfb/ros2_ws/install/px4_msgs/include/px4_msgs/px4_msgs/msg/detail/event__type_support.h\n'}
[1.331779] (px4_msgs) StdoutLine: {'line': b'-- Up-to-date: /home/mcfb/ros2_ws/install/px4_msgs/include/px4_msgs/px4_msgs/msg/detail/position_controller_landing_status__struct.h\n'}
[1.331842] (px4_msgs) StdoutLine: {'line': b'-- Up-to-date: /home/mcfb/ros2_ws/install/px4_msgs/include/px4_msgs/px4_msgs/msg/detail/sensor_gyro__struct.h\n'}
[1.331910] (px4_msgs) StdoutLine: {'line': b'-- Up-to-date: /home/mcfb/ros2_ws/install/px4_msgs/include/px4_msgs/px4_msgs/msg/detail/rtl_time_estimate__type_support.h\n'}
[1.331974] (px4_msgs) StdoutLine: {'line': b'-- Up-to-date: /home/mcfb/ros2_ws/install/px4_msgs/include/px4_msgs/px4_msgs/msg/detail/rpm__description.c\n'}
[1.332036] (px4_msgs) StdoutLine: {'line': b'-- Up-to-date: /home/mcfb/ros2_ws/install/px4_msgs/include/px4_msgs/px4_msgs/msg/detail/differential_pressure__type_support.h\n'}
[1.332098] (px4_msgs) StdoutLine: {'line': b'-- Up-to-date: /home/mcfb/ros2_ws/install/px4_msgs/include/px4_msgs/px4_msgs/msg/detail/actuator_controls_status__type_support.h\n'}
[1.332160] (px4_msgs) StdoutLine: {'line': b'-- Up-to-date: /home/mcfb/ros2_ws/install/px4_msgs/include/px4_msgs/px4_msgs/msg/detail/sensor_preflight_mag__struct.h\n'}
[1.332224] (px4_msgs) StdoutLine: {'line': b'-- Up-to-date: /home/mcfb/ros2_ws/install/px4_msgs/include/px4_msgs/px4_msgs/msg/detail/flight_phase_estimation__type_support.h\n'}
[1.332286] (px4_msgs) StdoutLine: {'line': b'-- Up-to-date: /home/mcfb/ros2_ws/install/px4_msgs/include/px4_msgs/px4_msgs/msg/detail/log_message__description.c\n'}
[1.332349] (px4_msgs) StdoutLine: {'line': b'-- Up-to-date: /home/mcfb/ros2_ws/install/px4_msgs/include/px4_msgs/px4_msgs/msg/detail/camera_trigger__type_support.h\n'}
[1.332427] (px4_msgs) StdoutLine: {'line': b'-- Up-to-date: /home/mcfb/ros2_ws/install/px4_msgs/include/px4_msgs/px4_msgs/msg/detail/actuator_outputs__functions.h\n'}
[1.332489] (px4_msgs) StdoutLine: {'line': b'-- Up-to-date: /home/mcfb/ros2_ws/install/px4_msgs/include/px4_msgs/px4_msgs/msg/detail/vehicle_odometry__functions.c\n'}
[1.332622] (px4_msgs) StdoutLine: {'line': b'-- Up-to-date: /home/mcfb/ros2_ws/install/px4_msgs/include/px4_msgs/px4_msgs/msg/detail/cellular_status__type_support.h\n'}
[1.332694] (px4_msgs) StdoutLine: {'line': b'-- Installing: /home/mcfb/ros2_ws/install/px4_msgs/include/px4_msgs/px4_msgs/msg/detail/health_report__type_support.c\n'}
[1.332790] (px4_msgs) StdoutLine: {'line': b'-- Installing: /home/mcfb/ros2_ws/install/px4_msgs/include/px4_msgs/px4_msgs/msg/detail/distance_sensor_mode_change_request__type_support.c\n'}
[1.332864] (px4_msgs) StdoutLine: {'line': b'-- Installing: /home/mcfb/ros2_ws/install/px4_msgs/include/px4_msgs/px4_msgs/msg/detail/vtol_vehicle_status__type_support.c\n'}
[1.332929] (px4_msgs) StdoutLine: {'line': b'-- Up-to-date: /home/mcfb/ros2_ws/install/px4_msgs/include/px4_msgs/px4_msgs/msg/detail/parameter_set_used_request__functions.h\n'}
[1.332992] (px4_msgs) StdoutLine: {'line': b'-- Up-to-date: /home/mcfb/ros2_ws/install/px4_msgs/include/px4_msgs/px4_msgs/msg/detail/fuel_tank_status__struct.h\n'}
[1.333067] (px4_msgs) StdoutLine: {'line': b'-- Installing: /home/mcfb/ros2_ws/install/px4_msgs/include/px4_msgs/px4_msgs/msg/detail/radio_status__type_support.c\n'}
[1.333129] (px4_msgs) StdoutLine: {'line': b'-- Up-to-date: /home/mcfb/ros2_ws/install/px4_msgs/include/px4_msgs/px4_msgs/msg/detail/parameter_update__description.c\n'}
[1.333191] (px4_msgs) StdoutLine: {'line': b'-- Up-to-date: /home/mcfb/ros2_ws/install/px4_msgs/include/px4_msgs/px4_msgs/msg/detail/sensor_hygrometer__functions.h\n'}
[1.333252] (px4_msgs) StdoutLine: {'line': b'-- Installing: /home/mcfb/ros2_ws/install/px4_msgs/include/px4_msgs/px4_msgs/msg/detail/distance_sensor__type_support.c\n'}
[1.333314] (px4_msgs) StdoutLine: {'line': b'-- Up-to-date: /home/mcfb/ros2_ws/install/px4_msgs/include/px4_msgs/px4_msgs/msg/detail/iridiumsbd_status__struct.h\n'}
[1.333377] (px4_msgs) StdoutLine: {'line': b'-- Up-to-date: /home/mcfb/ros2_ws/install/px4_msgs/include/px4_msgs/px4_msgs/msg/detail/parameter_update__type_support.h\n'}
[1.333441] (px4_msgs) StdoutLine: {'line': b'-- Up-to-date: /home/mcfb/ros2_ws/install/px4_msgs/include/px4_msgs/px4_msgs/msg/detail/wheel_encoders__struct.h\n'}
[1.333503] (px4_msgs) StdoutLine: {'line': b'-- Up-to-date: /home/mcfb/ros2_ws/install/px4_msgs/include/px4_msgs/px4_msgs/msg/detail/rover_position_setpoint__functions.c\n'}
[1.333587] (px4_msgs) StdoutLine: {'line': b'-- Installing: /home/mcfb/ros2_ws/install/px4_msgs/include/px4_msgs/px4_msgs/msg/detail/pure_pursuit_status__type_support.c\n'}
[1.333653] (px4_msgs) StdoutLine: {'line': b'-- Up-to-date: /home/mcfb/ros2_ws/install/px4_msgs/include/px4_msgs/px4_msgs/msg/detail/sensor_baro__struct.h\n'}
[1.333715] (px4_msgs) StdoutLine: {'line': b'-- Up-to-date: /home/mcfb/ros2_ws/install/px4_msgs/include/px4_msgs/px4_msgs/msg/detail/tecs_status__type_support.h\n'}
[1.333776] (px4_msgs) StdoutLine: {'line': b'-- Up-to-date: /home/mcfb/ros2_ws/install/px4_msgs/include/px4_msgs/px4_msgs/msg/detail/power_button_state__description.c\n'}
[1.333838] (px4_msgs) StdoutLine: {'line': b'-- Up-to-date: /home/mcfb/ros2_ws/install/px4_msgs/include/px4_msgs/px4_msgs/msg/detail/sensor_hygrometer__struct.h\n'}
[1.333909] (px4_msgs) StdoutLine: {'line': b'-- Up-to-date: /home/mcfb/ros2_ws/install/px4_msgs/include/px4_msgs/px4_msgs/msg/detail/debug_key_value__functions.c\n'}
[1.333960] (px4_msgs) StdoutLine: {'line': b'-- Up-to-date: /home/mcfb/ros2_ws/install/px4_msgs/include/px4_msgs/px4_msgs/msg/detail/camera_status__functions.h\n'}
[1.334008] (px4_msgs) StdoutLine: {'line': b'-- Up-to-date: /home/mcfb/ros2_ws/install/px4_msgs/include/px4_msgs/px4_msgs/msg/detail/arming_check_reply__functions.c\n'}
[1.334057] (px4_msgs) StdoutLine: {'line': b'-- Installing: /home/mcfb/ros2_ws/install/px4_msgs/include/px4_msgs/px4_msgs/msg/detail/fixed_wing_longitudinal_setpoint__type_support.c\n'}
[1.334107] (px4_msgs) StdoutLine: {'line': b'-- Installing: /home/mcfb/ros2_ws/install/px4_msgs/include/px4_msgs/px4_msgs/msg/detail/estimator_event_flags__type_support.c\n'}
[1.334163] (px4_msgs) StdoutLine: {'line': b'-- Up-to-date: /home/mcfb/ros2_ws/install/px4_msgs/include/px4_msgs/px4_msgs/msg/detail/neural_control__functions.c\n'}
[1.334537] (px4_msgs) StdoutLine: {'line': b'-- Up-to-date: /home/mcfb/ros2_ws/install/px4_msgs/include/px4_msgs/px4_msgs/msg/detail/arming_check_request__struct.h\n'}
[1.334598] (px4_msgs) StdoutLine: {'line': b'-- Up-to-date: /home/mcfb/ros2_ws/install/px4_msgs/include/px4_msgs/px4_msgs/msg/detail/follow_target__functions.h\n'}
[1.334646] (px4_msgs) StdoutLine: {'line': b'-- Up-to-date: /home/mcfb/ros2_ws/install/px4_msgs/include/px4_msgs/px4_msgs/msg/detail/sensor_hygrometer__functions.c\n'}
[1.334694] (px4_msgs) StdoutLine: {'line': b'-- Up-to-date: /home/mcfb/ros2_ws/install/px4_msgs/include/px4_msgs/px4_msgs/msg/detail/power_monitor__description.c\n'}
[1.334739] (px4_msgs) StdoutLine: {'line': b'-- Up-to-date: /home/mcfb/ros2_ws/install/px4_msgs/include/px4_msgs/px4_msgs/msg/detail/goto_setpoint__functions.h\n'}
[1.334783] (px4_msgs) StdoutLine: {'line': b'-- Up-to-date: /home/mcfb/ros2_ws/install/px4_msgs/include/px4_msgs/px4_msgs/msg/detail/orb_test__functions.c\n'}
[1.334872] (px4_msgs) StdoutLine: {'line': b'-- Up-to-date: /home/mcfb/ros2_ws/install/px4_msgs/include/px4_msgs/px4_msgs/msg/detail/adc_report__type_support.h\n'}
[1.334934] (px4_msgs) StdoutLine: {'line': b'-- Up-to-date: /home/mcfb/ros2_ws/install/px4_msgs/include/px4_msgs/px4_msgs/msg/detail/rtl_status__description.c\n'}
[1.334974] (px4_msgs) StdoutLine: {'line': b'-- Up-to-date: /home/mcfb/ros2_ws/install/px4_msgs/include/px4_msgs/px4_msgs/msg/detail/normalized_unsigned_setpoint__functions.h\n'}
[1.335017] (px4_msgs) StdoutLine: {'line': b'-- Up-to-date: /home/mcfb/ros2_ws/install/px4_msgs/include/px4_msgs/px4_msgs/msg/detail/open_drone_id_operator_id__description.c\n'}
[1.335061] (px4_msgs) StdoutLine: {'line': b'-- Installing: /home/mcfb/ros2_ws/install/px4_msgs/include/px4_msgs/px4_msgs/msg/detail/vehicle_constraints__type_support.c\n'}
[1.335124] (px4_msgs) StdoutLine: {'line': b'-- Up-to-date: /home/mcfb/ros2_ws/install/px4_msgs/include/px4_msgs/px4_msgs/msg/detail/onboard_computer_status__type_support.h\n'}
[1.335167] (px4_msgs) StdoutLine: {'line': b'-- Installing: /home/mcfb/ros2_ws/install/px4_msgs/include/px4_msgs/px4_msgs/msg/detail/tecs_status__type_support.c\n'}
[1.335211] (px4_msgs) StdoutLine: {'line': b'-- Installing: /home/mcfb/ros2_ws/install/px4_msgs/include/px4_msgs/px4_msgs/msg/detail/estimator_innovations__type_support.c\n'}
[1.335253] (px4_msgs) StdoutLine: {'line': b'-- Up-to-date: /home/mcfb/ros2_ws/install/px4_msgs/include/px4_msgs/px4_msgs/msg/detail/ping__description.c\n'}
[1.335293] (px4_msgs) StdoutLine: {'line': b'-- Up-to-date: /home/mcfb/ros2_ws/install/px4_msgs/include/px4_msgs/px4_msgs/msg/detail/vehicle_rates_setpoint__struct.h\n'}
[1.335336] (px4_msgs) StdoutLine: {'line': b'-- Up-to-date: /home/mcfb/ros2_ws/install/px4_msgs/include/px4_msgs/px4_msgs/msg/detail/obstacle_distance__functions.c\n'}
[1.335377] (px4_msgs) StdoutLine: {'line': b'-- Installing: /home/mcfb/ros2_ws/install/px4_msgs/include/px4_msgs/px4_msgs/msg/detail/manual_control_switches__type_support.c\n'}
[1.335419] (px4_msgs) StdoutLine: {'line': b'-- Up-to-date: /home/mcfb/ros2_ws/install/px4_msgs/include/px4_msgs/px4_msgs/msg/detail/landing_target_pose__functions.h\n'}
[1.335463] (px4_msgs) StdoutLine: {'line': b'-- Up-to-date: /home/mcfb/ros2_ws/install/px4_msgs/include/px4_msgs/px4_msgs/msg/detail/transponder_report__description.c\n'}
[1.335505] (px4_msgs) StdoutLine: {'line': b'-- Up-to-date: /home/mcfb/ros2_ws/install/px4_msgs/include/px4_msgs/px4_msgs/msg/detail/camera_status__functions.c\n'}
[1.335548] (px4_msgs) StdoutLine: {'line': b'-- Up-to-date: /home/mcfb/ros2_ws/install/px4_msgs/include/px4_msgs/px4_msgs/msg/detail/gimbal_device_attitude_status__type_support.h\n'}
[1.335590] (px4_msgs) StdoutLine: {'line': b'-- Up-to-date: /home/mcfb/ros2_ws/install/px4_msgs/include/px4_msgs/px4_msgs/msg/detail/vehicle_torque_setpoint__functions.c\n'}
[1.335631] (px4_msgs) StdoutLine: {'line': b'-- Up-to-date: /home/mcfb/ros2_ws/install/px4_msgs/include/px4_msgs/px4_msgs/msg/detail/normalized_unsigned_setpoint__functions.c\n'}
[1.335673] (px4_msgs) StdoutLine: {'line': b'-- Up-to-date: /home/mcfb/ros2_ws/install/px4_msgs/include/px4_msgs/px4_msgs/msg/detail/rover_rate_setpoint__struct.h\n'}
[1.335714] (px4_msgs) StdoutLine: {'line': b'-- Up-to-date: /home/mcfb/ros2_ws/install/px4_msgs/include/px4_msgs/px4_msgs/msg/detail/vehicle_angular_acceleration_setpoint__type_support.h\n'}
[1.335765] (px4_msgs) StdoutLine: {'line': b'-- Up-to-date: /home/mcfb/ros2_ws/install/px4_msgs/include/px4_msgs/px4_msgs/msg/detail/fixed_wing_runway_control__description.c\n'}
[1.335808] (px4_msgs) StdoutLine: {'line': b'-- Up-to-date: /home/mcfb/ros2_ws/install/px4_msgs/include/px4_msgs/px4_msgs/msg/detail/vehicle_optical_flow__type_support.h\n'}
[1.335852] (px4_msgs) StdoutLine: {'line': b'-- Up-to-date: /home/mcfb/ros2_ws/install/px4_msgs/include/px4_msgs/px4_msgs/msg/detail/failure_detector_status__struct.h\n'}
[1.335928] (px4_msgs) StdoutLine: {'line': b'-- Up-to-date: /home/mcfb/ros2_ws/install/px4_msgs/include/px4_msgs/px4_msgs/msg/detail/esc_status__functions.c\n'}
[1.335969] (px4_msgs) StdoutLine: {'line': b'-- Up-to-date: /home/mcfb/ros2_ws/install/px4_msgs/include/px4_msgs/px4_msgs/msg/detail/debug_array__functions.h\n'}
[1.336012] (px4_msgs) StdoutLine: {'line': b'-- Up-to-date: /home/mcfb/ros2_ws/install/px4_msgs/include/px4_msgs/px4_msgs/msg/detail/magnetometer_bias_estimate__functions.h\n'}
[1.336055] (px4_msgs) StdoutLine: {'line': b'-- Up-to-date: /home/mcfb/ros2_ws/install/px4_msgs/include/px4_msgs/px4_msgs/msg/detail/failure_detector_status__type_support.h\n'}
[1.336095] (px4_msgs) StdoutLine: {'line': b'-- Up-to-date: /home/mcfb/ros2_ws/install/px4_msgs/include/px4_msgs/px4_msgs/msg/detail/mission__functions.c\n'}
[1.336137] (px4_msgs) StdoutLine: {'line': b'-- Up-to-date: /home/mcfb/ros2_ws/install/px4_msgs/include/px4_msgs/px4_msgs/msg/detail/fixed_wing_lateral_status__functions.h\n'}
[1.336177] (px4_msgs) StdoutLine: {'line': b'-- Up-to-date: /home/mcfb/ros2_ws/install/px4_msgs/include/px4_msgs/px4_msgs/msg/detail/sensor_preflight_mag__functions.c\n'}
[1.336217] (px4_msgs) StdoutLine: {'line': b'-- Up-to-date: /home/mcfb/ros2_ws/install/px4_msgs/include/px4_msgs/px4_msgs/msg/detail/rover_speed_status__functions.c\n'}
[1.336257] (px4_msgs) StdoutLine: {'line': b'-- Installing: /home/mcfb/ros2_ws/install/px4_msgs/include/px4_msgs/px4_msgs/msg/detail/gimbal_manager_status__type_support.c\n'}
[1.336338] (px4_msgs) StdoutLine: {'line': b'-- Up-to-date: /home/mcfb/ros2_ws/install/px4_msgs/include/px4_msgs/px4_msgs/msg/detail/camera_capture__functions.h\n'}
[1.336383] (px4_msgs) StdoutLine: {'line': b'-- Up-to-date: /home/mcfb/ros2_ws/install/px4_msgs/include/px4_msgs/px4_msgs/msg/detail/mission__type_support.h\n'}
[1.336427] (px4_msgs) StdoutLine: {'line': b'-- Installing: /home/mcfb/ros2_ws/install/px4_msgs/include/px4_msgs/px4_msgs/msg/detail/vehicle_optical_flow_vel__type_support.c\n'}
[1.336469] (px4_msgs) StdoutLine: {'line': b'-- Up-to-date: /home/mcfb/ros2_ws/install/px4_msgs/include/px4_msgs/px4_msgs/msg/detail/rover_position_setpoint__description.c\n'}
[1.336510] (px4_msgs) StdoutLine: {'line': b'-- Up-to-date: /home/mcfb/ros2_ws/install/px4_msgs/include/px4_msgs/px4_msgs/msg/detail/qshell_retval__functions.c\n'}
[1.336552] (px4_msgs) StdoutLine: {'line': b'-- Up-to-date: /home/mcfb/ros2_ws/install/px4_msgs/include/px4_msgs/px4_msgs/msg/detail/velocity_limits__struct.h\n'}
[1.336590] (px4_msgs) StdoutLine: {'line': b'-- Up-to-date: /home/mcfb/ros2_ws/install/px4_msgs/include/px4_msgs/px4_msgs/msg/detail/manual_control_setpoint__functions.c\n'}
[1.336673] (px4_msgs) StdoutLine: {'line': b'-- Up-to-date: /home/mcfb/ros2_ws/install/px4_msgs/include/px4_msgs/px4_msgs/msg/detail/rtl_time_estimate__struct.h\n'}
[1.336727] (px4_msgs) StdoutLine: {'line': b'-- Up-to-date: /home/mcfb/ros2_ws/install/px4_msgs/include/px4_msgs/px4_msgs/msg/detail/gpio_config__struct.h\n'}
[1.336767] (px4_msgs) StdoutLine: {'line': b'-- Up-to-date: /home/mcfb/ros2_ws/install/px4_msgs/include/px4_msgs/px4_msgs/msg/detail/arming_check_reply__type_support.h\n'}
[1.336808] (px4_msgs) StdoutLine: {'line': b'-- Installing: /home/mcfb/ros2_ws/install/px4_msgs/include/px4_msgs/px4_msgs/msg/detail/actuator_armed__type_support.c\n'}
[1.336857] (px4_msgs) StdoutLine: {'line': b'-- Up-to-date: /home/mcfb/ros2_ws/install/px4_msgs/include/px4_msgs/px4_msgs/msg/detail/distance_sensor__struct.h\n'}
[1.336898] (px4_msgs) StdoutLine: {'line': b'-- Up-to-date: /home/mcfb/ros2_ws/install/px4_msgs/include/px4_msgs/px4_msgs/msg/detail/input_rc__struct.h\n'}
[1.336939] (px4_msgs) StdoutLine: {'line': b'-- Up-to-date: /home/mcfb/ros2_ws/install/px4_msgs/include/px4_msgs/px4_msgs/msg/detail/dataman_response__functions.h\n'}
[1.336980] (px4_msgs) StdoutLine: {'line': b'-- Up-to-date: /home/mcfb/ros2_ws/install/px4_msgs/include/px4_msgs/px4_msgs/msg/detail/position_controller_status__functions.c\n'}
[1.337019] (px4_msgs) StdoutLine: {'line': b'-- Up-to-date: /home/mcfb/ros2_ws/install/px4_msgs/include/px4_msgs/px4_msgs/msg/detail/qshell_req__struct.h\n'}
[1.337079] (px4_msgs) StdoutLine: {'line': b'-- Installing: /home/mcfb/ros2_ws/install/px4_msgs/include/px4_msgs/px4_msgs/msg/detail/trajectory_setpoint__type_support.c\n'}
[1.337122] (px4_msgs) StdoutLine: {'line': b'-- Up-to-date: /home/mcfb/ros2_ws/install/px4_msgs/include/px4_msgs/px4_msgs/msg/detail/gimbal_device_set_attitude__functions.c\n'}
[1.337163] (px4_msgs) StdoutLine: {'line': b'-- Up-to-date: /home/mcfb/ros2_ws/install/px4_msgs/include/px4_msgs/px4_msgs/msg/detail/actuator_armed__functions.h\n'}
[1.337202] (px4_msgs) StdoutLine: {'line': b'-- Installing: /home/mcfb/ros2_ws/install/px4_msgs/include/px4_msgs/px4_msgs/msg/detail/follow_target_estimator__type_support.c\n'}
[1.337243] (px4_msgs) StdoutLine: {'line': b'-- Up-to-date: /home/mcfb/ros2_ws/install/px4_msgs/include/px4_msgs/px4_msgs/msg/detail/generator_status__functions.h\n'}
[1.337284] (px4_msgs) StdoutLine: {'line': b'-- Up-to-date: /home/mcfb/ros2_ws/install/px4_msgs/include/px4_msgs/px4_msgs/msg/detail/airspeed__functions.h\n'}
[1.337324] (px4_msgs) StdoutLine: {'line': b'-- Up-to-date: /home/mcfb/ros2_ws/install/px4_msgs/include/px4_msgs/px4_msgs/msg/detail/trajectory_setpoint6dof__functions.h\n'}
[1.337365] (px4_msgs) StdoutLine: {'line': b'-- Up-to-date: /home/mcfb/ros2_ws/install/px4_msgs/include/px4_msgs/px4_msgs/msg/detail/gimbal_device_information__type_support.h\n'}
[1.337405] (px4_msgs) StdoutLine: {'line': b'-- Installing: /home/mcfb/ros2_ws/install/px4_msgs/include/px4_msgs/px4_msgs/msg/detail/sensor_uwb__type_support.c\n'}
[1.337446] (px4_msgs) StdoutLine: {'line': b'-- Up-to-date: /home/mcfb/ros2_ws/install/px4_msgs/include/px4_msgs/px4_msgs/msg/detail/rover_rate_setpoint__description.c\n'}
[1.337486] (px4_msgs) StdoutLine: {'line': b'-- Up-to-date: /home/mcfb/ros2_ws/install/px4_msgs/include/px4_msgs/px4_msgs/msg/detail/estimator_status__type_support.h\n'}
[1.337524] (px4_msgs) StdoutLine: {'line': b'-- Up-to-date: /home/mcfb/ros2_ws/install/px4_msgs/include/px4_msgs/px4_msgs/msg/detail/follow_target_estimator__struct.h\n'}
[1.337566] (px4_msgs) StdoutLine: {'line': b'-- Up-to-date: /home/mcfb/ros2_ws/install/px4_msgs/include/px4_msgs/px4_msgs/msg/detail/sensor_airflow__description.c\n'}
[1.337603] (px4_msgs) StdoutLine: {'line': b'-- Up-to-date: /home/mcfb/ros2_ws/install/px4_msgs/include/px4_msgs/px4_msgs/msg/detail/mavlink_log__functions.c\n'}
[1.337642] (px4_msgs) StdoutLine: {'line': b'-- Up-to-date: /home/mcfb/ros2_ws/install/px4_msgs/include/px4_msgs/px4_msgs/msg/detail/vehicle_command_ack__struct.h\n'}
[1.337681] (px4_msgs) StdoutLine: {'line': b'-- Up-to-date: /home/mcfb/ros2_ws/install/px4_msgs/include/px4_msgs/px4_msgs/msg/detail/sensor_correction__description.c\n'}
[1.337772] (px4_msgs) StdoutLine: {'line': b'-- Up-to-date: /home/mcfb/ros2_ws/install/px4_msgs/include/px4_msgs/px4_msgs/msg/detail/config_overrides__type_support.h\n'}
[1.337811] (px4_msgs) StdoutLine: {'line': b'-- Up-to-date: /home/mcfb/ros2_ws/install/px4_msgs/include/px4_msgs/px4_msgs/msg/detail/gimbal_device_set_attitude__functions.h\n'}
[1.337859] (px4_msgs) StdoutLine: {'line': b'-- Up-to-date: /home/mcfb/ros2_ws/install/px4_msgs/include/px4_msgs/px4_msgs/msg/detail/tune_control__functions.h\n'}
[1.337905] (px4_msgs) StdoutLine: {'line': b'-- Up-to-date: /home/mcfb/ros2_ws/install/px4_msgs/include/px4_msgs/px4_msgs/msg/detail/follow_target_status__functions.h\n'}
[1.337966] (px4_msgs) StdoutLine: {'line': b'-- Up-to-date: /home/mcfb/ros2_ws/install/px4_msgs/include/px4_msgs/px4_msgs/msg/detail/sensors_status__description.c\n'}
[1.338009] (px4_msgs) StdoutLine: {'line': b'-- Up-to-date: /home/mcfb/ros2_ws/install/px4_msgs/include/px4_msgs/px4_msgs/msg/detail/gimbal_manager_status__description.c\n'}
[1.338051] (px4_msgs) StdoutLine: {'line': b'-- Up-to-date: /home/mcfb/ros2_ws/install/px4_msgs/include/px4_msgs/px4_msgs/msg/detail/autotune_attitude_control_status__type_support.h\n'}
[1.338091] (px4_msgs) StdoutLine: {'line': b'-- Up-to-date: /home/mcfb/ros2_ws/install/px4_msgs/include/px4_msgs/px4_msgs/msg/detail/vehicle_imu__description.c\n'}
[1.338141] (px4_msgs) StdoutLine: {'line': b'-- Installing: /home/mcfb/ros2_ws/install/px4_msgs/include/px4_msgs/px4_msgs/msg/detail/ping__type_support.c\n'}
[1.338411] (px4_msgs) StdoutLine: {'line': b'-- Up-to-date: /home/mcfb/ros2_ws/install/px4_msgs/include/px4_msgs/px4_msgs/msg/detail/parameter_reset_request__functions.h\n'}
[1.338507] (px4_msgs) StdoutLine: {'line': b'-- Up-to-date: /home/mcfb/ros2_ws/install/px4_msgs/include/px4_msgs/px4_msgs/msg/detail/open_drone_id_arm_status__description.c\n'}
[1.338572] (px4_msgs) StdoutLine: {'line': b'-- Up-to-date: /home/mcfb/ros2_ws/install/px4_msgs/include/px4_msgs/px4_msgs/msg/detail/ekf2_timestamps__struct.h\n'}
[1.338629] (px4_msgs) StdoutLine: {'line': b'-- Up-to-date: /home/mcfb/ros2_ws/install/px4_msgs/include/px4_msgs/px4_msgs/msg/detail/health_report__functions.c\n'}
[1.338681] (px4_msgs) StdoutLine: {'line': b'-- Up-to-date: /home/mcfb/ros2_ws/install/px4_msgs/include/px4_msgs/px4_msgs/msg/detail/gps_dump__struct.h\n'}
[1.338732] (px4_msgs) StdoutLine: {'line': b'-- Up-to-date: /home/mcfb/ros2_ws/install/px4_msgs/include/px4_msgs/px4_msgs/msg/detail/gps_inject_data__description.c\n'}
[1.338784] (px4_msgs) StdoutLine: {'line': b'-- Up-to-date: /home/mcfb/ros2_ws/install/px4_msgs/include/px4_msgs/px4_msgs/msg/detail/gpio_in__functions.c\n'}
[1.338833] (px4_msgs) StdoutLine: {'line': b'-- Up-to-date: /home/mcfb/ros2_ws/install/px4_msgs/include/px4_msgs/px4_msgs/msg/detail/gimbal_device_attitude_status__struct.h\n'}
[1.338891] (px4_msgs) StdoutLine: {'line': b'-- Up-to-date: /home/mcfb/ros2_ws/install/px4_msgs/include/px4_msgs/px4_msgs/msg/detail/rpm__functions.c\n'}
[1.338975] (px4_msgs) StdoutLine: {'line': b'-- Up-to-date: /home/mcfb/ros2_ws/install/px4_msgs/include/px4_msgs/px4_msgs/msg/detail/unregister_ext_component__struct.h\n'}
[1.339025] (px4_msgs) StdoutLine: {'line': b'-- Up-to-date: /home/mcfb/ros2_ws/install/px4_msgs/include/px4_msgs/px4_msgs/msg/detail/gps_inject_data__struct.h\n'}
[1.339079] (px4_msgs) StdoutLine: {'line': b'-- Up-to-date: /home/mcfb/ros2_ws/install/px4_msgs/include/px4_msgs/px4_msgs/msg/detail/config_overrides__description.c\n'}
[1.339129] (px4_msgs) StdoutLine: {'line': b'-- Up-to-date: /home/mcfb/ros2_ws/install/px4_msgs/include/px4_msgs/px4_msgs/msg/detail/register_ext_component_reply__description.c\n'}
[1.339181] (px4_msgs) StdoutLine: {'line': b'-- Up-to-date: /home/mcfb/ros2_ws/install/px4_msgs/include/px4_msgs/px4_msgs/msg/detail/fixed_wing_lateral_guidance_status__struct.h\n'}
[1.339233] (px4_msgs) StdoutLine: {'line': b'-- Up-to-date: /home/mcfb/ros2_ws/install/px4_msgs/include/px4_msgs/px4_msgs/msg/detail/gpio_request__functions.h\n'}
[1.339281] (px4_msgs) StdoutLine: {'line': b'-- Up-to-date: /home/mcfb/ros2_ws/install/px4_msgs/include/px4_msgs/px4_msgs/msg/detail/manual_control_switches__type_support.h\n'}
[1.339333] (px4_msgs) StdoutLine: {'line': b'-- Up-to-date: /home/mcfb/ros2_ws/install/px4_msgs/include/px4_msgs/px4_msgs/msg/detail/offboard_control_mode__struct.h\n'}
[1.339383] (px4_msgs) StdoutLine: {'line': b'-- Up-to-date: /home/mcfb/ros2_ws/install/px4_msgs/include/px4_msgs/px4_msgs/msg/detail/home_position__struct.h\n'}
[1.339433] (px4_msgs) StdoutLine: {'line': b'-- Up-to-date: /home/mcfb/ros2_ws/install/px4_msgs/include/px4_msgs/px4_msgs/msg/detail/orb_test_large__struct.h\n'}
[1.339482] (px4_msgs) StdoutLine: {'line': b'-- Up-to-date: /home/mcfb/ros2_ws/install/px4_msgs/include/px4_msgs/px4_msgs/msg/detail/vehicle_air_data__type_support.h\n'}
[1.339532] (px4_msgs) StdoutLine: {'line': b'-- Up-to-date: /home/mcfb/ros2_ws/install/px4_msgs/include/px4_msgs/px4_msgs/msg/detail/orb_test__struct.h\n'}
[1.339582] (px4_msgs) StdoutLine: {'line': b'-- Up-to-date: /home/mcfb/ros2_ws/install/px4_msgs/include/px4_msgs/px4_msgs/msg/detail/open_drone_id_operator_id__type_support.h\n'}
[1.339633] (px4_msgs) StdoutLine: {'line': b'-- Up-to-date: /home/mcfb/ros2_ws/install/px4_msgs/include/px4_msgs/px4_msgs/msg/detail/vehicle_control_mode__functions.c\n'}
[1.339724] (px4_msgs) StdoutLine: {'line': b'-- Up-to-date: /home/mcfb/ros2_ws/install/px4_msgs/include/px4_msgs/px4_msgs/msg/detail/gripper__type_support.h\n'}
[1.339780] (px4_msgs) StdoutLine: {'line': b'-- Up-to-date: /home/mcfb/ros2_ws/install/px4_msgs/include/px4_msgs/px4_msgs/msg/detail/vehicle_odometry__type_support.h\n'}
[1.339829] (px4_msgs) StdoutLine: {'line': b'-- Up-to-date: /home/mcfb/ros2_ws/install/px4_msgs/include/px4_msgs/px4_msgs/msg/detail/position_setpoint_triplet__functions.h\n'}
[1.339884] (px4_msgs) StdoutLine: {'line': b'-- Up-to-date: /home/mcfb/ros2_ws/install/px4_msgs/include/px4_msgs/px4_msgs/msg/detail/rate_ctrl_status__functions.c\n'}
[1.339935] (px4_msgs) StdoutLine: {'line': b'-- Up-to-date: /home/mcfb/ros2_ws/install/px4_msgs/include/px4_msgs/px4_msgs/msg/detail/sensors_status__struct.h\n'}
[1.339994] (px4_msgs) StdoutLine: {'line': b'-- Up-to-date: /home/mcfb/ros2_ws/install/px4_msgs/include/px4_msgs/px4_msgs/msg/detail/rc_channels__functions.c\n'}
[1.340046] (px4_msgs) StdoutLine: {'line': b'-- Up-to-date: /home/mcfb/ros2_ws/install/px4_msgs/include/px4_msgs/px4_msgs/msg/detail/power_monitor__type_support.h\n'}
[1.340096] (px4_msgs) StdoutLine: {'line': b'-- Installing: /home/mcfb/ros2_ws/install/px4_msgs/include/px4_msgs/px4_msgs/msg/detail/rover_rate_setpoint__type_support.c\n'}
[1.340144] (px4_msgs) StdoutLine: {'line': b'-- Up-to-date: /home/mcfb/ros2_ws/install/px4_msgs/include/px4_msgs/px4_msgs/msg/detail/trajectory_setpoint6dof__struct.h\n'}
[1.340195] (px4_msgs) StdoutLine: {'line': b'-- Up-to-date: /home/mcfb/ros2_ws/install/px4_msgs/include/px4_msgs/px4_msgs/msg/detail/fixed_wing_lateral_status__functions.c\n'}
[1.340246] (px4_msgs) StdoutLine: {'line': b'-- Up-to-date: /home/mcfb/ros2_ws/install/px4_msgs/include/px4_msgs/px4_msgs/msg/detail/onboard_computer_status__functions.h\n'}
[1.340306] (px4_msgs) StdoutLine: {'line': b'-- Up-to-date: /home/mcfb/ros2_ws/install/px4_msgs/include/px4_msgs/px4_msgs/msg/detail/navigator_status__type_support.h\n'}
[1.340357] (px4_msgs) StdoutLine: {'line': b'-- Up-to-date: /home/mcfb/ros2_ws/install/px4_msgs/include/px4_msgs/px4_msgs/msg/detail/timesync_status__functions.h\n'}
[1.340406] (px4_msgs) StdoutLine: {'line': b'-- Up-to-date: /home/mcfb/ros2_ws/install/px4_msgs/include/px4_msgs/px4_msgs/msg/detail/led_control__functions.h\n'}
[1.340452] (px4_msgs) StdoutLine: {'line': b'-- Up-to-date: /home/mcfb/ros2_ws/install/px4_msgs/include/px4_msgs/px4_msgs/msg/detail/longitudinal_control_configuration__struct.h\n'}
[1.340500] (px4_msgs) StdoutLine: {'line': b'-- Up-to-date: /home/mcfb/ros2_ws/install/px4_msgs/include/px4_msgs/px4_msgs/msg/detail/transponder_report__struct.h\n'}
[1.340549] (px4_msgs) StdoutLine: {'line': b'-- Up-to-date: /home/mcfb/ros2_ws/install/px4_msgs/include/px4_msgs/px4_msgs/msg/detail/estimator_selector_status__struct.h\n'}
[1.340599] (px4_msgs) StdoutLine: {'line': b'-- Up-to-date: /home/mcfb/ros2_ws/install/px4_msgs/include/px4_msgs/px4_msgs/msg/detail/parameter_set_value_response__description.c\n'}
[1.340648] (px4_msgs) StdoutLine: {'line': b'-- Installing: /home/mcfb/ros2_ws/install/px4_msgs/include/px4_msgs/px4_msgs/msg/detail/mode_completed__type_support.c\n'}
[1.340697] (px4_msgs) StdoutLine: {'line': b'-- Up-to-date: /home/mcfb/ros2_ws/install/px4_msgs/include/px4_msgs/px4_msgs/msg/detail/event__description.c\n'}
[1.340745] (px4_msgs) StdoutLine: {'line': b'-- Up-to-date: /home/mcfb/ros2_ws/install/px4_msgs/include/px4_msgs/px4_msgs/msg/detail/qshell_retval__functions.h\n'}
[1.340792] (px4_msgs) StdoutLine: {'line': b'-- Up-to-date: /home/mcfb/ros2_ws/install/px4_msgs/include/px4_msgs/px4_msgs/msg/detail/goto_setpoint__description.c\n'}
[1.340863] (px4_msgs) StdoutLine: {'line': b'-- Installing: /home/mcfb/ros2_ws/install/px4_msgs/include/px4_msgs/px4_msgs/msg/detail/vehicle_local_position__type_support.c\n'}
[1.340912] (px4_msgs) StdoutLine: {'line': b'-- Installing: /home/mcfb/ros2_ws/install/px4_msgs/include/px4_msgs/px4_msgs/msg/detail/cpuload__type_support.c\n'}
[1.340961] (px4_msgs) StdoutLine: {'line': b'-- Up-to-date: /home/mcfb/ros2_ws/install/px4_msgs/include/px4_msgs/px4_msgs/msg/detail/sensor_hygrometer__type_support.h\n'}
[1.341070] (px4_msgs) StdoutLine: {'line': b'-- Up-to-date: /home/mcfb/ros2_ws/install/px4_msgs/include/px4_msgs/px4_msgs/msg/detail/estimator_status__description.c\n'}
[1.341122] (px4_msgs) StdoutLine: {'line': b'-- Up-to-date: /home/mcfb/ros2_ws/install/px4_msgs/include/px4_msgs/px4_msgs/msg/detail/arming_check_reply__functions.h\n'}
[1.341170] (px4_msgs) StdoutLine: {'line': b'-- Installing: /home/mcfb/ros2_ws/install/px4_msgs/include/px4_msgs/px4_msgs/msg/detail/vehicle_attitude__type_support.c\n'}
[1.341222] (px4_msgs) StdoutLine: {'line': b'-- Up-to-date: /home/mcfb/ros2_ws/install/px4_msgs/include/px4_msgs/px4_msgs/msg/detail/vehicle_angular_acceleration_setpoint__functions.h\n'}
[1.341271] (px4_msgs) StdoutLine: {'line': b'-- Installing: /home/mcfb/ros2_ws/install/px4_msgs/include/px4_msgs/px4_msgs/msg/detail/gps_dump__type_support.c\n'}
[1.341321] (px4_msgs) StdoutLine: {'line': b'-- Installing: /home/mcfb/ros2_ws/install/px4_msgs/include/px4_msgs/px4_msgs/msg/detail/sensor_gps__type_support.c\n'}
[1.341405] (px4_msgs) StdoutLine: {'line': b'-- Up-to-date: /home/mcfb/ros2_ws/install/px4_msgs/include/px4_msgs/px4_msgs/msg/detail/lateral_control_configuration__type_support.h\n'}
[1.341458] (px4_msgs) StdoutLine: {'line': b'-- Up-to-date: /home/mcfb/ros2_ws/install/px4_msgs/include/px4_msgs/px4_msgs/msg/detail/sensor_selection__type_support.h\n'}
[1.341508] (px4_msgs) StdoutLine: {'line': b'-- Up-to-date: /home/mcfb/ros2_ws/install/px4_msgs/include/px4_msgs/px4_msgs/msg/detail/battery_info__functions.c\n'}
[1.341590] (px4_msgs) StdoutLine: {'line': b'-- Up-to-date: /home/mcfb/ros2_ws/install/px4_msgs/include/px4_msgs/px4_msgs/msg/detail/rover_attitude_setpoint__type_support.h\n'}
[1.341642] (px4_msgs) StdoutLine: {'line': b'-- Up-to-date: /home/mcfb/ros2_ws/install/px4_msgs/include/px4_msgs/px4_msgs/msg/detail/sensors_status__functions.c\n'}
[1.341693] (px4_msgs) StdoutLine: {'line': b'-- Up-to-date: /home/mcfb/ros2_ws/install/px4_msgs/include/px4_msgs/px4_msgs/msg/detail/estimator_innovations__functions.h\n'}
[1.341743] (px4_msgs) StdoutLine: {'line': b'-- Up-to-date: /home/mcfb/ros2_ws/install/px4_msgs/include/px4_msgs/px4_msgs/msg/detail/ulog_stream__description.c\n'}
[1.341823] (px4_msgs) StdoutLine: {'line': b'-- Up-to-date: /home/mcfb/ros2_ws/install/px4_msgs/include/px4_msgs/px4_msgs/msg/detail/rover_rate_setpoint__functions.c\n'}
[1.341960] (px4_msgs) StdoutLine: {'line': b'-- Up-to-date: /home/mcfb/ros2_ws/install/px4_msgs/include/px4_msgs/px4_msgs/msg/detail/gpio_out__type_support.h\n'}
[1.342105] (px4_msgs) StdoutLine: {'line': b'-- Up-to-date: /home/mcfb/ros2_ws/install/px4_msgs/include/px4_msgs/px4_msgs/msg/detail/figure_eight_status__functions.c\n'}
[1.342249] (px4_msgs) StdoutLine: {'line': b'-- Up-to-date: /home/mcfb/ros2_ws/install/px4_msgs/include/px4_msgs/px4_msgs/msg/detail/vehicle_imu_status__struct.h\n'}
[1.342329] (px4_msgs) StdoutLine: {'line': b'-- Up-to-date: /home/mcfb/ros2_ws/install/px4_msgs/include/px4_msgs/px4_msgs/msg/detail/mode_completed__type_support.h\n'}
[1.342387] (px4_msgs) StdoutLine: {'line': b'-- Up-to-date: /home/mcfb/ros2_ws/install/px4_msgs/include/px4_msgs/px4_msgs/msg/detail/estimator_innovations__functions.c\n'}
[1.342440] (px4_msgs) StdoutLine: {'line': b'-- Up-to-date: /home/mcfb/ros2_ws/install/px4_msgs/include/px4_msgs/px4_msgs/msg/detail/flight_phase_estimation__functions.c\n'}
[1.342609] (px4_msgs) StdoutLine: {'line': b'-- Up-to-date: /home/mcfb/ros2_ws/install/px4_msgs/include/px4_msgs/px4_msgs/msg/detail/sensor_preflight_mag__description.c\n'}
[1.342663] (px4_msgs) StdoutLine: {'line': b'-- Up-to-date: /home/mcfb/ros2_ws/install/px4_msgs/include/px4_msgs/px4_msgs/msg/detail/sensor_optical_flow__type_support.h\n'}
[1.342713] (px4_msgs) StdoutLine: {'line': b'-- Up-to-date: /home/mcfb/ros2_ws/install/px4_msgs/include/px4_msgs/px4_msgs/msg/detail/register_ext_component_request__description.c\n'}
[1.342788] (px4_msgs) StdoutLine: {'line': b'-- Up-to-date: /home/mcfb/ros2_ws/install/px4_msgs/include/px4_msgs/px4_msgs/msg/detail/actuator_test__type_support.h\n'}
[1.342839] (px4_msgs) StdoutLine: {'line': b'-- Up-to-date: /home/mcfb/ros2_ws/install/px4_msgs/include/px4_msgs/px4_msgs/msg/detail/manual_control_setpoint__description.c\n'}
[1.342936] (px4_msgs) StdoutLine: {'line': b'-- Up-to-date: /home/mcfb/ros2_ws/install/px4_msgs/include/px4_msgs/px4_msgs/msg/detail/estimator_bias__functions.h\n'}
[1.342993] (px4_msgs) StdoutLine: {'line': b'-- Up-to-date: /home/mcfb/ros2_ws/install/px4_msgs/include/px4_msgs/px4_msgs/msg/detail/input_rc__type_support.h\n'}
[1.343048] (px4_msgs) StdoutLine: {'line': b'-- Up-to-date: /home/mcfb/ros2_ws/install/px4_msgs/include/px4_msgs/px4_msgs/msg/detail/esc_status__functions.h\n'}
[1.343099] (px4_msgs) StdoutLine: {'line': b'-- Installing: /home/mcfb/ros2_ws/install/px4_msgs/include/px4_msgs/px4_msgs/msg/detail/sensors_status_imu__type_support.c\n'}
[1.343160] (px4_msgs) StdoutLine: {'line': b'-- Up-to-date: /home/mcfb/ros2_ws/install/px4_msgs/include/px4_msgs/px4_msgs/msg/detail/telemetry_status__description.c\n'}
[1.343209] (px4_msgs) StdoutLine: {'line': b'-- Up-to-date: /home/mcfb/ros2_ws/install/px4_msgs/include/px4_msgs/px4_msgs/msg/detail/register_ext_component_reply__struct.h\n'}
[1.343415] (px4_msgs) StdoutLine: {'line': b'-- Up-to-date: /home/mcfb/ros2_ws/install/px4_msgs/include/px4_msgs/px4_msgs/msg/detail/manual_control_setpoint__type_support.h\n'}
[1.343569] (px4_msgs) StdoutLine: {'line': b'-- Up-to-date: /home/mcfb/ros2_ws/install/px4_msgs/include/px4_msgs/px4_msgs/msg/detail/airspeed__type_support.h\n'}
[1.343650] (px4_msgs) StdoutLine: {'line': b'-- Up-to-date: /home/mcfb/ros2_ws/install/px4_msgs/include/px4_msgs/px4_msgs/msg/detail/vehicle_optical_flow_vel__functions.h\n'}
[1.343733] (px4_msgs) StdoutLine: {'line': b'-- Up-to-date: /home/mcfb/ros2_ws/install/px4_msgs/include/px4_msgs/px4_msgs/msg/detail/takeoff_status__type_support.h\n'}
[1.343788] (px4_msgs) StdoutLine: {'line': b'-- Up-to-date: /home/mcfb/ros2_ws/install/px4_msgs/include/px4_msgs/px4_msgs/msg/detail/parameter_set_value_response__functions.h\n'}
[1.343841] (px4_msgs) StdoutLine: {'line': b'-- Installing: /home/mcfb/ros2_ws/install/px4_msgs/include/px4_msgs/px4_msgs/msg/detail/sensor_selection__type_support.c\n'}
[1.343901] (px4_msgs) StdoutLine: {'line': b'-- Up-to-date: /home/mcfb/ros2_ws/install/px4_msgs/include/px4_msgs/px4_msgs/msg/detail/gpio_out__functions.h\n'}
[1.344025] (px4_msgs) StdoutLine: {'line': b'-- Up-to-date: /home/mcfb/ros2_ws/install/px4_msgs/include/px4_msgs/px4_msgs/msg/detail/figure_eight_status__functions.h\n'}
[1.344107] (px4_msgs) StdoutLine: {'line': b'-- Installing: /home/mcfb/ros2_ws/install/px4_msgs/include/px4_msgs/px4_msgs/msg/detail/rover_attitude_setpoint__type_support.c\n'}
[1.344163] (px4_msgs) StdoutLine: {'line': b'-- Installing: /home/mcfb/ros2_ws/install/px4_msgs/include/px4_msgs/px4_msgs/msg/detail/estimator_status_flags__type_support.c\n'}
[1.344215] (px4_msgs) StdoutLine: {'line': b'-- Up-to-date: /home/mcfb/ros2_ws/install/px4_msgs/include/px4_msgs/px4_msgs/msg/detail/transponder_report__functions.c\n'}
[1.344315] (px4_msgs) StdoutLine: {'line': b'-- Installing: /home/mcfb/ros2_ws/install/px4_msgs/include/px4_msgs/px4_msgs/msg/detail/gpio_config__type_support.c\n'}
[1.344367] (px4_msgs) StdoutLine: {'line': b'-- Up-to-date: /home/mcfb/ros2_ws/install/px4_msgs/include/px4_msgs/px4_msgs/msg/detail/estimator_aid_source3d__description.c\n'}
[1.344420] (px4_msgs) StdoutLine: {'line': b'-- Up-to-date: /home/mcfb/ros2_ws/install/px4_msgs/include/px4_msgs/px4_msgs/msg/detail/failure_detector_status__functions.h\n'}
[1.344469] (px4_msgs) StdoutLine: {'line': b'-- Up-to-date: /home/mcfb/ros2_ws/install/px4_msgs/include/px4_msgs/px4_msgs/msg/detail/launch_detection_status__type_support.h\n'}
[1.344519] (px4_msgs) StdoutLine: {'line': b'-- Up-to-date: /home/mcfb/ros2_ws/install/px4_msgs/include/px4_msgs/px4_msgs/msg/detail/debug_value__type_support.h\n'}
[1.344583] (px4_msgs) StdoutLine: {'line': b'-- Up-to-date: /home/mcfb/ros2_ws/install/px4_msgs/include/px4_msgs/px4_msgs/msg/detail/vehicle_magnetometer__struct.h\n'}
[1.344666] (px4_msgs) StdoutLine: {'line': b'-- Up-to-date: /home/mcfb/ros2_ws/install/px4_msgs/include/px4_msgs/px4_msgs/msg/detail/dataman_request__functions.h\n'}
[1.344719] (px4_msgs) StdoutLine: {'line': b'-- Installing: /home/mcfb/ros2_ws/install/px4_msgs/include/px4_msgs/px4_msgs/msg/detail/debug_key_value__type_support.c\n'}
[1.344789] (px4_msgs) StdoutLine: {'line': b'-- Installing: /home/mcfb/ros2_ws/install/px4_msgs/include/px4_msgs/px4_msgs/msg/detail/power_button_state__type_support.c\n'}
[1.344863] (px4_msgs) StdoutLine: {'line': b'-- Up-to-date: /home/mcfb/ros2_ws/install/px4_msgs/include/px4_msgs/px4_msgs/msg/detail/qshell_req__functions.h\n'}
[1.344928] (px4_msgs) StdoutLine: {'line': b'-- Up-to-date: /home/mcfb/ros2_ws/install/px4_msgs/include/px4_msgs/px4_msgs/msg/detail/logger_status__type_support.h\n'}
[1.344992] (px4_msgs) StdoutLine: {'line': b'-- Up-to-date: /home/mcfb/ros2_ws/install/px4_msgs/include/px4_msgs/px4_msgs/msg/detail/position_controller_landing_status__functions.h\n'}
[1.345128] (px4_msgs) StdoutLine: {'line': b'-- Up-to-date: /home/mcfb/ros2_ws/install/px4_msgs/include/px4_msgs/px4_msgs/msg/detail/position_controller_landing_status__description.c\n'}
[1.345191] (px4_msgs) StdoutLine: {'line': b'-- Up-to-date: /home/mcfb/ros2_ws/install/px4_msgs/include/px4_msgs/px4_msgs/msg/detail/arming_check_request__functions.h\n'}
[1.345307] (px4_msgs) StdoutLine: {'line': b'-- Up-to-date: /home/mcfb/ros2_ws/install/px4_msgs/include/px4_msgs/px4_msgs/msg/detail/sensor_optical_flow__struct.h\n'}
[1.345463] (px4_msgs) StdoutLine: {'line': b'-- Up-to-date: /home/mcfb/ros2_ws/install/px4_msgs/include/px4_msgs/px4_msgs/msg/detail/gps_dump__functions.c\n'}
[1.345530] (px4_msgs) StdoutLine: {'line': b'-- Up-to-date: /home/mcfb/ros2_ws/install/px4_msgs/include/px4_msgs/px4_msgs/msg/detail/debug_vect__functions.h\n'}
[1.345580] (px4_msgs) StdoutLine: {'line': b'-- Up-to-date: /home/mcfb/ros2_ws/install/px4_msgs/include/px4_msgs/px4_msgs/msg/detail/distance_sensor__functions.h\n'}
[1.345624] (px4_msgs) StdoutLine: {'line': b'-- Up-to-date: /home/mcfb/ros2_ws/install/px4_msgs/include/px4_msgs/px4_msgs/msg/detail/landing_gear__functions.c\n'}
[1.345669] (px4_msgs) StdoutLine: {'line': b'-- Up-to-date: /home/mcfb/ros2_ws/install/px4_msgs/include/px4_msgs/px4_msgs/msg/detail/vehicle_air_data__functions.h\n'}
[1.345713] (px4_msgs) StdoutLine: {'line': b'-- Up-to-date: /home/mcfb/ros2_ws/install/px4_msgs/include/px4_msgs/px4_msgs/msg/detail/battery_status__type_support.h\n'}
[1.345764] (px4_msgs) StdoutLine: {'line': b'-- Up-to-date: /home/mcfb/ros2_ws/install/px4_msgs/include/px4_msgs/px4_msgs/msg/detail/landing_target_innovations__description.c\n'}
[1.345823] (px4_msgs) StdoutLine: {'line': b'-- Up-to-date: /home/mcfb/ros2_ws/install/px4_msgs/include/px4_msgs/px4_msgs/msg/detail/sensor_combined__functions.h\n'}
[1.345882] (px4_msgs) StdoutLine: {'line': b'-- Up-to-date: /home/mcfb/ros2_ws/install/px4_msgs/include/px4_msgs/px4_msgs/msg/detail/vehicle_thrust_setpoint__struct.h\n'}
[1.345942] (px4_msgs) StdoutLine: {'line': b'-- Installing: /home/mcfb/ros2_ws/install/px4_msgs/include/px4_msgs/px4_msgs/msg/detail/sensor_accel__type_support.c\n'}
[1.345997] (px4_msgs) StdoutLine: {'line': b'-- Up-to-date: /home/mcfb/ros2_ws/install/px4_msgs/include/px4_msgs/px4_msgs/msg/detail/heater_status__description.c\n'}
[1.346052] (px4_msgs) StdoutLine: {'line': b'-- Up-to-date: /home/mcfb/ros2_ws/install/px4_msgs/include/px4_msgs/px4_msgs/msg/detail/pure_pursuit_status__struct.h\n'}
[1.346114] (px4_msgs) StdoutLine: {'line': b'-- Up-to-date: /home/mcfb/ros2_ws/install/px4_msgs/include/px4_msgs/px4_msgs/msg/detail/ulog_stream__functions.c\n'}
[1.346175] (px4_msgs) StdoutLine: {'line': b'-- Up-to-date: /home/mcfb/ros2_ws/install/px4_msgs/include/px4_msgs/px4_msgs/msg/detail/sensor_gyro_fft__struct.h\n'}
[1.346273] (px4_msgs) StdoutLine: {'line': b'-- Up-to-date: /home/mcfb/ros2_ws/install/px4_msgs/include/px4_msgs/px4_msgs/msg/detail/estimator_selector_status__functions.c\n'}
[1.346575] (px4_msgs) StdoutLine: {'line': b'-- Up-to-date: /home/mcfb/ros2_ws/install/px4_msgs/include/px4_msgs/px4_msgs/msg/detail/actuator_motors__struct.h\n'}
[1.346657] (px4_msgs) StdoutLine: {'line': b'-- Up-to-date: /home/mcfb/ros2_ws/install/px4_msgs/include/px4_msgs/px4_msgs/msg/detail/vtol_vehicle_status__struct.h\n'}
[1.346728] (px4_msgs) StdoutLine: {'line': b'-- Up-to-date: /home/mcfb/ros2_ws/install/px4_msgs/include/px4_msgs/px4_msgs/msg/detail/estimator_innovations__struct.h\n'}
[1.346789] (px4_msgs) StdoutLine: {'line': b'-- Up-to-date: /home/mcfb/ros2_ws/install/px4_msgs/include/px4_msgs/px4_msgs/msg/detail/navigator_status__functions.c\n'}
[1.346857] (px4_msgs) StdoutLine: {'line': b'-- Up-to-date: /home/mcfb/ros2_ws/install/px4_msgs/include/px4_msgs/px4_msgs/msg/detail/message_format_request__type_support.h\n'}
[1.346917] (px4_msgs) StdoutLine: {'line': b'-- Installing: /home/mcfb/ros2_ws/install/px4_msgs/include/px4_msgs/px4_msgs/msg/detail/button_event__type_support.c\n'}
[1.346975] (px4_msgs) StdoutLine: {'line': b'-- Up-to-date: /home/mcfb/ros2_ws/install/px4_msgs/include/px4_msgs/px4_msgs/msg/detail/follow_target_status__description.c\n'}
[1.347064] (px4_msgs) StdoutLine: {'line': b'-- Up-to-date: /home/mcfb/ros2_ws/install/px4_msgs/include/px4_msgs/px4_msgs/msg/detail/parameter_reset_request__description.c\n'}
[1.347116] (px4_msgs) StdoutLine: {'line': b'-- Up-to-date: /home/mcfb/ros2_ws/install/px4_msgs/include/px4_msgs/px4_msgs/msg/detail/ekf2_timestamps__type_support.h\n'}
[1.347168] (px4_msgs) StdoutLine: {'line': b'-- Up-to-date: /home/mcfb/ros2_ws/install/px4_msgs/include/px4_msgs/px4_msgs/msg/detail/failsafe_flags__functions.h\n'}
[1.347220] (px4_msgs) StdoutLine: {'line': b'-- Up-to-date: /home/mcfb/ros2_ws/install/px4_msgs/include/px4_msgs/px4_msgs/msg/detail/message_format_response__functions.c\n'}
[1.347271] (px4_msgs) StdoutLine: {'line': b'-- Up-to-date: /home/mcfb/ros2_ws/install/px4_msgs/include/px4_msgs/px4_msgs/msg/detail/vehicle_status__struct.h\n'}
[1.347319] (px4_msgs) StdoutLine: {'line': b'-- Up-to-date: /home/mcfb/ros2_ws/install/px4_msgs/include/px4_msgs/px4_msgs/msg/detail/vehicle_rates_setpoint__description.c\n'}
[1.347367] (px4_msgs) StdoutLine: {'line': b'-- Up-to-date: /home/mcfb/ros2_ws/install/px4_msgs/include/px4_msgs/px4_msgs/msg/detail/vehicle_rates_setpoint__functions.c\n'}
[1.347418] (px4_msgs) StdoutLine: {'line': b'-- Up-to-date: /home/mcfb/ros2_ws/install/px4_msgs/include/px4_msgs/px4_msgs/msg/detail/obstacle_distance__description.c\n'}
[1.347468] (px4_msgs) StdoutLine: {'line': b'-- Up-to-date: /home/mcfb/ros2_ws/install/px4_msgs/include/px4_msgs/px4_msgs/msg/detail/vtol_vehicle_status__functions.c\n'}
[1.347571] (px4_msgs) StdoutLine: {'line': b'-- Installing: /home/mcfb/ros2_ws/install/px4_msgs/include/px4_msgs/px4_msgs/msg/detail/wheel_encoders__type_support.c\n'}
[1.347623] (px4_msgs) StdoutLine: {'line': b'-- Installing: /home/mcfb/ros2_ws/install/px4_msgs/include/px4_msgs/px4_msgs/msg/detail/collision_constraints__type_support.c\n'}
[1.347673] (px4_msgs) StdoutLine: {'line': b'-- Up-to-date: /home/mcfb/ros2_ws/install/px4_msgs/include/px4_msgs/px4_msgs/msg/detail/mission_result__description.c\n'}
[1.347722] (px4_msgs) StdoutLine: {'line': b'-- Up-to-date: /home/mcfb/ros2_ws/install/px4_msgs/include/px4_msgs/px4_msgs/msg/detail/logger_status__struct.h\n'}
[1.347772] (px4_msgs) StdoutLine: {'line': b'-- Up-to-date: /home/mcfb/ros2_ws/install/px4_msgs/include/px4_msgs/px4_msgs/msg/detail/mavlink_tunnel__functions.h\n'}
[1.347823] (px4_msgs) StdoutLine: {'line': b'-- Up-to-date: /home/mcfb/ros2_ws/install/px4_msgs/include/px4_msgs/px4_msgs/msg/detail/rover_position_setpoint__functions.h\n'}
[1.348074] (px4_msgs) StdoutLine: {'line': b'-- Up-to-date: /home/mcfb/ros2_ws/install/px4_msgs/include/px4_msgs/px4_msgs/msg/detail/home_position__description.c\n'}
[1.348159] (px4_msgs) StdoutLine: {'line': b'-- Installing: /home/mcfb/ros2_ws/install/px4_msgs/include/px4_msgs/px4_msgs/msg/detail/orb_test_medium__type_support.c\n'}
[1.348257] (px4_msgs) StdoutLine: {'line': b'-- Up-to-date: /home/mcfb/ros2_ws/install/px4_msgs/include/px4_msgs/px4_msgs/msg/detail/message_format_response__description.c\n'}
[1.348312] (px4_msgs) StdoutLine: {'line': b'-- Up-to-date: /home/mcfb/ros2_ws/install/px4_msgs/include/px4_msgs/px4_msgs/msg/detail/mission_result__type_support.h\n'}
[1.348367] (px4_msgs) StdoutLine: {'line': b'-- Up-to-date: /home/mcfb/ros2_ws/install/px4_msgs/include/px4_msgs/px4_msgs/msg/detail/sensor_gnss_status__functions.c\n'}
[1.348422] (px4_msgs) StdoutLine: {'line': b'-- Installing: /home/mcfb/ros2_ws/install/px4_msgs/include/px4_msgs/px4_msgs/msg/detail/sensor_correction__type_support.c\n'}
[1.348474] (px4_msgs) StdoutLine: {'line': b'-- Up-to-date: /home/mcfb/ros2_ws/install/px4_msgs/include/px4_msgs/px4_msgs/msg/detail/parameter_set_value_request__description.c\n'}
[1.348529] (px4_msgs) StdoutLine: {'line': b'-- Up-to-date: /home/mcfb/ros2_ws/install/px4_msgs/include/px4_msgs/px4_msgs/msg/detail/rover_steering_setpoint__struct.h\n'}
[1.348580] (px4_msgs) StdoutLine: {'line': b'-- Up-to-date: /home/mcfb/ros2_ws/install/px4_msgs/include/px4_msgs/px4_msgs/msg/detail/autotune_attitude_control_status__description.c\n'}
[1.348631] (px4_msgs) StdoutLine: {'line': b'-- Up-to-date: /home/mcfb/ros2_ws/install/px4_msgs/include/px4_msgs/px4_msgs/msg/detail/control_allocator_status__struct.h\n'}
[1.348680] (px4_msgs) StdoutLine: {'line': b'-- Up-to-date: /home/mcfb/ros2_ws/install/px4_msgs/include/px4_msgs/px4_msgs/msg/detail/internal_combustion_engine_status__type_support.h\n'}
[1.348758] (px4_msgs) StdoutLine: {'line': b'-- Up-to-date: /home/mcfb/ros2_ws/install/px4_msgs/include/px4_msgs/px4_msgs/msg/detail/actuator_controls_status__functions.c\n'}
[1.348812] (px4_msgs) StdoutLine: {'line': b'-- Up-to-date: /home/mcfb/ros2_ws/install/px4_msgs/include/px4_msgs/px4_msgs/msg/detail/estimator_status__functions.h\n'}
[1.348908] (px4_msgs) StdoutLine: {'line': b'-- Up-to-date: /home/mcfb/ros2_ws/install/px4_msgs/include/px4_msgs/px4_msgs/msg/detail/fixed_wing_lateral_guidance_status__functions.h\n'}
[1.348959] (px4_msgs) StdoutLine: {'line': b'-- Up-to-date: /home/mcfb/ros2_ws/install/px4_msgs/include/px4_msgs/px4_msgs/msg/detail/open_drone_id_operator_id__functions.h\n'}
[1.349009] (px4_msgs) StdoutLine: {'line': b'-- Up-to-date: /home/mcfb/ros2_ws/install/px4_msgs/include/px4_msgs/px4_msgs/msg/detail/register_ext_component_request__struct.h\n'}
[1.349062] (px4_msgs) StdoutLine: {'line': b'-- Up-to-date: /home/mcfb/ros2_ws/install/px4_msgs/include/px4_msgs/px4_msgs/msg/detail/parameter_set_value_response__functions.c\n'}
[1.349112] (px4_msgs) StdoutLine: {'line': b'-- Up-to-date: /home/mcfb/ros2_ws/install/px4_msgs/include/px4_msgs/px4_msgs/msg/detail/vtol_vehicle_status__type_support.h\n'}
[1.349162] (px4_msgs) StdoutLine: {'line': b'-- Up-to-date: /home/mcfb/ros2_ws/install/px4_msgs/include/px4_msgs/px4_msgs/msg/detail/landing_target_pose__description.c\n'}
[1.349210] (px4_msgs) StdoutLine: {'line': b'-- Up-to-date: /home/mcfb/ros2_ws/install/px4_msgs/include/px4_msgs/px4_msgs/msg/detail/open_drone_id_self_id__functions.h\n'}
[1.349293] (px4_msgs) StdoutLine: {'line': b'-- Up-to-date: /home/mcfb/ros2_ws/install/px4_msgs/include/px4_msgs/px4_msgs/msg/detail/timesync_status__type_support.h\n'}
[1.349343] (px4_msgs) StdoutLine: {'line': b'-- Installing: /home/mcfb/ros2_ws/install/px4_msgs/include/px4_msgs/px4_msgs/msg/detail/navigator_mission_item__type_support.c\n'}
[1.349393] (px4_msgs) StdoutLine: {'line': b'-- Up-to-date: /home/mcfb/ros2_ws/install/px4_msgs/include/px4_msgs/px4_msgs/msg/detail/mode_completed__struct.h\n'}
[1.349441] (px4_msgs) StdoutLine: {'line': b'-- Up-to-date: /home/mcfb/ros2_ws/install/px4_msgs/include/px4_msgs/px4_msgs/msg/detail/dataman_request__description.c\n'}
[1.349489] (px4_msgs) StdoutLine: {'line': b'-- Up-to-date: /home/mcfb/ros2_ws/install/px4_msgs/include/px4_msgs/px4_msgs/msg/detail/rc_parameter_map__description.c\n'}
[1.349537] (px4_msgs) StdoutLine: {'line': b'-- Up-to-date: /home/mcfb/ros2_ws/install/px4_msgs/include/px4_msgs/px4_msgs/msg/detail/tiltrotor_extra_controls__functions.c\n'}
[1.349592] (px4_msgs) StdoutLine: {'line': b'-- Installing: /home/mcfb/ros2_ws/install/px4_msgs/include/px4_msgs/px4_msgs/msg/detail/vehicle_land_detected__type_support.c\n'}
[1.349649] (px4_msgs) StdoutLine: {'line': b'-- Up-to-date: /home/mcfb/ros2_ws/install/px4_msgs/include/px4_msgs/px4_msgs/msg/detail/rover_attitude_status__struct.h\n'}
[1.349699] (px4_msgs) StdoutLine: {'line': b'-- Up-to-date: /home/mcfb/ros2_ws/install/px4_msgs/include/px4_msgs/px4_msgs/msg/detail/sensor_uwb__functions.h\n'}
[1.349746] (px4_msgs) StdoutLine: {'line': b'-- Up-to-date: /home/mcfb/ros2_ws/install/px4_msgs/include/px4_msgs/px4_msgs/msg/detail/sensors_status__functions.h\n'}
[1.349792] (px4_msgs) StdoutLine: {'line': b'-- Up-to-date: /home/mcfb/ros2_ws/install/px4_msgs/include/px4_msgs/px4_msgs/msg/detail/wind__description.c\n'}
[1.349840] (px4_msgs) StdoutLine: {'line': b'-- Installing: /home/mcfb/ros2_ws/install/px4_msgs/include/px4_msgs/px4_msgs/msg/detail/vehicle_angular_velocity__type_support.c\n'}
[1.349892] (px4_msgs) StdoutLine: {'line': b'-- Up-to-date: /home/mcfb/ros2_ws/install/px4_msgs/include/px4_msgs/px4_msgs/msg/detail/rpm__functions.h\n'}
[1.349941] (px4_msgs) StdoutLine: {'line': b'-- Up-to-date: /home/mcfb/ros2_ws/install/px4_msgs/include/px4_msgs/px4_msgs/msg/detail/gimbal_device_information__functions.c\n'}
[1.349988] (px4_msgs) StdoutLine: {'line': b'-- Up-to-date: /home/mcfb/ros2_ws/install/px4_msgs/include/px4_msgs/px4_msgs/msg/detail/trajectory_setpoint__struct.h\n'}
[1.350038] (px4_msgs) StdoutLine: {'line': b'-- Up-to-date: /home/mcfb/ros2_ws/install/px4_msgs/include/px4_msgs/px4_msgs/msg/detail/camera_trigger__struct.h\n'}
[1.350090] (px4_msgs) StdoutLine: {'line': b'-- Installing: /home/mcfb/ros2_ws/install/px4_msgs/include/px4_msgs/px4_msgs/msg/detail/rate_ctrl_status__type_support.c\n'}
[1.350139] (px4_msgs) StdoutLine: {'line': b'-- Up-to-date: /home/mcfb/ros2_ws/install/px4_msgs/include/px4_msgs/px4_msgs/msg/detail/sensor_gyro__functions.h\n'}
[1.350277] (px4_msgs) StdoutLine: {'line': b'-- Up-to-date: /home/mcfb/ros2_ws/install/px4_msgs/include/px4_msgs/px4_msgs/msg/detail/vehicle_optical_flow_vel__type_support.h\n'}
[1.350387] (px4_msgs) StdoutLine: {'line': b'-- Up-to-date: /home/mcfb/ros2_ws/install/px4_msgs/include/px4_msgs/px4_msgs/msg/detail/adc_report__functions.h\n'}
[1.350433] (px4_msgs) StdoutLine: {'line': b'-- Up-to-date: /home/mcfb/ros2_ws/install/px4_msgs/include/px4_msgs/px4_msgs/msg/detail/input_rc__description.c\n'}
[1.350486] (px4_msgs) StdoutLine: {'line': b'-- Up-to-date: /home/mcfb/ros2_ws/install/px4_msgs/include/px4_msgs/px4_msgs/msg/detail/parameter_update__functions.h\n'}
[1.350544] (px4_msgs) StdoutLine: {'line': b'-- Up-to-date: /home/mcfb/ros2_ws/install/px4_msgs/include/px4_msgs/px4_msgs/msg/detail/geofence_status__functions.c\n'}
[1.350604] (px4_msgs) StdoutLine: {'line': b'-- Up-to-date: /home/mcfb/ros2_ws/install/px4_msgs/include/px4_msgs/px4_msgs/msg/detail/sensors_status_imu__struct.h\n'}
[1.350665] (px4_msgs) StdoutLine: {'line': b'-- Up-to-date: /home/mcfb/ros2_ws/install/px4_msgs/include/px4_msgs/px4_msgs/msg/detail/estimator_selector_status__type_support.h\n'}
[1.350708] (px4_msgs) StdoutLine: {'line': b'-- Up-to-date: /home/mcfb/ros2_ws/install/px4_msgs/include/px4_msgs/px4_msgs/msg/detail/rover_steering_setpoint__description.c\n'}
[1.350763] (px4_msgs) StdoutLine: {'line': b'-- Up-to-date: /home/mcfb/ros2_ws/install/px4_msgs/include/px4_msgs/px4_msgs/msg/detail/ulog_stream_ack__struct.h\n'}
[1.350822] (px4_msgs) StdoutLine: {'line': b'-- Up-to-date: /home/mcfb/ros2_ws/install/px4_msgs/include/px4_msgs/px4_msgs/msg/detail/pps_capture__functions.c\n'}
[1.350888] (px4_msgs) StdoutLine: {'line': b'-- Installing: /home/mcfb/ros2_ws/install/px4_msgs/include/px4_msgs/px4_msgs/msg/detail/gimbal_device_set_attitude__type_support.c\n'}
[1.350950] (px4_msgs) StdoutLine: {'line': b'-- Up-to-date: /home/mcfb/ros2_ws/install/px4_msgs/include/px4_msgs/px4_msgs/msg/detail/estimator_sensor_bias__description.c\n'}
[1.351034] (px4_msgs) StdoutLine: {'line': b'-- Up-to-date: /home/mcfb/ros2_ws/install/px4_msgs/include/px4_msgs/px4_msgs/msg/detail/rover_position_setpoint__type_support.h\n'}
[1.351084] (px4_msgs) StdoutLine: {'line': b'-- Up-to-date: /home/mcfb/ros2_ws/install/px4_msgs/include/px4_msgs/px4_msgs/msg/detail/dronecan_node_status__functions.c\n'}
[1.351127] (px4_msgs) StdoutLine: {'line': b'-- Up-to-date: /home/mcfb/ros2_ws/install/px4_msgs/include/px4_msgs/px4_msgs/msg/detail/fixed_wing_lateral_guidance_status__functions.c\n'}
[1.351182] (px4_msgs) StdoutLine: {'line': b'-- Up-to-date: /home/mcfb/ros2_ws/install/px4_msgs/include/px4_msgs/px4_msgs/msg/detail/vehicle_attitude__description.c\n'}
[1.351220] (px4_msgs) StdoutLine: {'line': b'-- Up-to-date: /home/mcfb/ros2_ws/install/px4_msgs/include/px4_msgs/px4_msgs/msg/detail/arming_check_reply__description.c\n'}
[1.351257] (px4_msgs) StdoutLine: {'line': b'-- Up-to-date: /home/mcfb/ros2_ws/install/px4_msgs/include/px4_msgs/px4_msgs/msg/detail/manual_control_setpoint__struct.h\n'}
[1.351295] (px4_msgs) StdoutLine: {'line': b'-- Up-to-date: /home/mcfb/ros2_ws/install/px4_msgs/include/px4_msgs/px4_msgs/msg/detail/pwm_input__description.c\n'}
[1.351331] (px4_msgs) StdoutLine: {'line': b'-- Up-to-date: /home/mcfb/ros2_ws/install/px4_msgs/include/px4_msgs/px4_msgs/msg/detail/message_format_request__struct.h\n'}
[1.351370] (px4_msgs) StdoutLine: {'line': b'-- Up-to-date: /home/mcfb/ros2_ws/install/px4_msgs/include/px4_msgs/px4_msgs/msg/detail/vehicle_magnetometer__functions.h\n'}
[1.351427] (px4_msgs) StdoutLine: {'line': b'-- Installing: /home/mcfb/ros2_ws/install/px4_msgs/include/px4_msgs/px4_msgs/msg/detail/obstacle_distance__type_support.c\n'}
[1.351482] (px4_msgs) StdoutLine: {'line': b'-- Up-to-date: /home/mcfb/ros2_ws/install/px4_msgs/include/px4_msgs/px4_msgs/msg/detail/rtl_status__functions.h\n'}
[1.351521] (px4_msgs) StdoutLine: {'line': b'-- Up-to-date: /home/mcfb/ros2_ws/install/px4_msgs/include/px4_msgs/px4_msgs/msg/detail/battery_status__description.c\n'}
[1.351622] (px4_msgs) StdoutLine: {'line': b'-- Up-to-date: /home/mcfb/ros2_ws/install/px4_msgs/include/px4_msgs/px4_msgs/msg/detail/power_button_state__functions.h\n'}
[1.351671] (px4_msgs) StdoutLine: {'line': b'-- Up-to-date: /home/mcfb/ros2_ws/install/px4_msgs/include/px4_msgs/px4_msgs/msg/detail/estimator_status_flags__functions.h\n'}
[1.351730] (px4_msgs) StdoutLine: {'line': b'-- Up-to-date: /home/mcfb/ros2_ws/install/px4_msgs/include/px4_msgs/px4_msgs/msg/detail/esc_status__type_support.h\n'}
[1.351769] (px4_msgs) StdoutLine: {'line': b'-- Up-to-date: /home/mcfb/ros2_ws/install/px4_msgs/include/px4_msgs/px4_msgs/msg/detail/landing_target_pose__struct.h\n'}
[1.351808] (px4_msgs) StdoutLine: {'line': b'-- Up-to-date: /home/mcfb/ros2_ws/install/px4_msgs/include/px4_msgs/px4_msgs/msg/detail/vehicle_imu__functions.c\n'}
[1.351851] (px4_msgs) StdoutLine: {'line': b'-- Installing: /home/mcfb/ros2_ws/install/px4_msgs/include/px4_msgs/px4_msgs/msg/detail/uavcan_parameter_value__type_support.c\n'}
[1.351916] (px4_msgs) StdoutLine: {'line': b'-- Installing: /home/mcfb/ros2_ws/install/px4_msgs/include/px4_msgs/px4_msgs/msg/detail/internal_combustion_engine_control__type_support.c\n'}
[1.351959] (px4_msgs) StdoutLine: {'line': b'-- Up-to-date: /home/mcfb/ros2_ws/install/px4_msgs/include/px4_msgs/px4_msgs/msg/detail/trajectory_setpoint6dof__description.c\n'}
[1.352001] (px4_msgs) StdoutLine: {'line': b'-- Up-to-date: /home/mcfb/ros2_ws/install/px4_msgs/include/px4_msgs/px4_msgs/msg/detail/vehicle_angular_acceleration_setpoint__struct.h\n'}
[1.352059] (px4_msgs) StdoutLine: {'line': b'-- Up-to-date: /home/mcfb/ros2_ws/install/px4_msgs/include/px4_msgs/px4_msgs/msg/detail/rover_attitude_status__description.c\n'}
[1.352096] (px4_msgs) StdoutLine: {'line': b'-- Installing: /home/mcfb/ros2_ws/install/px4_msgs/include/px4_msgs/px4_msgs/msg/detail/battery_status__type_support.c\n'}
[1.352149] (px4_msgs) StdoutLine: {'line': b'-- Installing: /home/mcfb/ros2_ws/install/px4_msgs/include/px4_msgs/px4_msgs/msg/detail/estimator_aid_source3d__type_support.c\n'}
[1.352207] (px4_msgs) StdoutLine: {'line': b'-- Up-to-date: /home/mcfb/ros2_ws/install/px4_msgs/include/px4_msgs/px4_msgs/msg/detail/trajectory_setpoint__description.c\n'}
[1.352260] (px4_msgs) StdoutLine: {'line': b'-- Installing: /home/mcfb/ros2_ws/install/px4_msgs/include/px4_msgs/px4_msgs/msg/detail/unregister_ext_component__type_support.c\n'}
[1.352317] (px4_msgs) StdoutLine: {'line': b'-- Installing: /home/mcfb/ros2_ws/install/px4_msgs/include/px4_msgs/px4_msgs/msg/detail/open_drone_id_self_id__type_support.c\n'}
[1.352376] (px4_msgs) StdoutLine: {'line': b'-- Up-to-date: /home/mcfb/ros2_ws/install/px4_msgs/include/px4_msgs/px4_msgs/msg/detail/tecs_status__description.c\n'}
[1.352434] (px4_msgs) StdoutLine: {'line': b'-- Up-to-date: /home/mcfb/ros2_ws/install/px4_msgs/include/px4_msgs/px4_msgs/msg/detail/sensor_accel__type_support.h\n'}
[1.352475] (px4_msgs) StdoutLine: {'line': b'-- Installing: /home/mcfb/ros2_ws/install/px4_msgs/include/px4_msgs/px4_msgs/msg/detail/sensor_gyro__type_support.c\n'}
[1.352513] (px4_msgs) StdoutLine: {'line': b'-- Up-to-date: /home/mcfb/ros2_ws/install/px4_msgs/include/px4_msgs/px4_msgs/msg/detail/fixed_wing_longitudinal_setpoint__struct.h\n'}
[1.352564] (px4_msgs) StdoutLine: {'line': b'-- Up-to-date: /home/mcfb/ros2_ws/install/px4_msgs/include/px4_msgs/px4_msgs/msg/detail/vehicle_land_detected__functions.h\n'}
[1.352612] (px4_msgs) StdoutLine: {'line': b'-- Up-to-date: /home/mcfb/ros2_ws/install/px4_msgs/include/px4_msgs/px4_msgs/msg/detail/failsafe_flags__struct.h\n'}
[1.352670] (px4_msgs) StdoutLine: {'line': b'-- Installing: /home/mcfb/ros2_ws/install/px4_msgs/include/px4_msgs/px4_msgs/msg/detail/message_format_request__type_support.c\n'}
[1.352721] (px4_msgs) StdoutLine: {'line': b'-- Installing: /home/mcfb/ros2_ws/install/px4_msgs/include/px4_msgs/px4_msgs/msg/detail/parameter_update__type_support.c\n'}
[1.352760] (px4_msgs) StdoutLine: {'line': b'-- Up-to-date: /home/mcfb/ros2_ws/install/px4_msgs/include/px4_msgs/px4_msgs/msg/detail/estimator_gps_status__functions.c\n'}
[1.352798] (px4_msgs) StdoutLine: {'line': b'-- Up-to-date: /home/mcfb/ros2_ws/install/px4_msgs/include/px4_msgs/px4_msgs/msg/detail/fixed_wing_lateral_setpoint__description.c\n'}
[1.352851] (px4_msgs) StdoutLine: {'line': b'-- Up-to-date: /home/mcfb/ros2_ws/install/px4_msgs/include/px4_msgs/px4_msgs/msg/detail/vehicle_global_position__functions.h\n'}
[1.352902] (px4_msgs) StdoutLine: {'line': b'-- Installing: /home/mcfb/ros2_ws/install/px4_msgs/include/px4_msgs/px4_msgs/msg/detail/system_power__type_support.c\n'}
[1.353112] (px4_msgs) StdoutLine: {'line': b'-- Up-to-date: /home/mcfb/ros2_ws/install/px4_msgs/include/px4_msgs/px4_msgs/msg/detail/generator_status__description.c\n'}
[1.353159] (px4_msgs) StdoutLine: {'line': b'-- Installing: /home/mcfb/ros2_ws/install/px4_msgs/include/px4_msgs/px4_msgs/msg/detail/estimator_gps_status__type_support.c\n'}
[1.353214] (px4_msgs) StdoutLine: {'line': b'-- Up-to-date: /home/mcfb/ros2_ws/install/px4_msgs/include/px4_msgs/px4_msgs/msg/detail/gimbal_device_attitude_status__functions.h\n'}
[1.353268] (px4_msgs) StdoutLine: {'line': b'-- Up-to-date: /home/mcfb/ros2_ws/install/px4_msgs/include/px4_msgs/px4_msgs/msg/detail/debug_array__functions.c\n'}
[1.353321] (px4_msgs) StdoutLine: {'line': b'-- Up-to-date: /home/mcfb/ros2_ws/install/px4_msgs/include/px4_msgs/px4_msgs/msg/detail/gimbal_manager_set_attitude__struct.h\n'}
[1.353377] (px4_msgs) StdoutLine: {'line': b'-- Up-to-date: /home/mcfb/ros2_ws/install/px4_msgs/include/px4_msgs/px4_msgs/msg/detail/airspeed_validated__type_support.h\n'}
[1.353435] (px4_msgs) StdoutLine: {'line': b'-- Installing: /home/mcfb/ros2_ws/install/px4_msgs/include/px4_msgs/px4_msgs/msg/detail/iridiumsbd_status__type_support.c\n'}
[1.353487] (px4_msgs) StdoutLine: {'line': b'-- Installing: /home/mcfb/ros2_ws/install/px4_msgs/include/px4_msgs/px4_msgs/msg/detail/mag_worker_data__type_support.c\n'}
[1.353529] (px4_msgs) StdoutLine: {'line': b'-- Up-to-date: /home/mcfb/ros2_ws/install/px4_msgs/include/px4_msgs/px4_msgs/msg/detail/goto_setpoint__functions.c\n'}
[1.353569] (px4_msgs) StdoutLine: {'line': b'-- Up-to-date: /home/mcfb/ros2_ws/install/px4_msgs/include/px4_msgs/px4_msgs/msg/detail/actuator_outputs__struct.h\n'}
[1.353607] (px4_msgs) StdoutLine: {'line': b'-- Up-to-date: /home/mcfb/ros2_ws/install/px4_msgs/include/px4_msgs/px4_msgs/msg/detail/esc_report__description.c\n'}
[1.353644] (px4_msgs) StdoutLine: {'line': b'-- Up-to-date: /home/mcfb/ros2_ws/install/px4_msgs/include/px4_msgs/px4_msgs/msg/detail/actuator_motors__type_support.h\n'}
[1.353716] (px4_msgs) StdoutLine: {'line': b'-- Up-to-date: /home/mcfb/ros2_ws/install/px4_msgs/include/px4_msgs/px4_msgs/msg/detail/hover_thrust_estimate__description.c\n'}
[1.353773] (px4_msgs) StdoutLine: {'line': b'-- Up-to-date: /home/mcfb/ros2_ws/install/px4_msgs/include/px4_msgs/px4_msgs/msg/detail/pure_pursuit_status__description.c\n'}
[1.353829] (px4_msgs) StdoutLine: {'line': b'-- Up-to-date: /home/mcfb/ros2_ws/install/px4_msgs/include/px4_msgs/px4_msgs/msg/detail/offboard_control_mode__functions.c\n'}
[1.353894] (px4_msgs) StdoutLine: {'line': b'-- Up-to-date: /home/mcfb/ros2_ws/install/px4_msgs/include/px4_msgs/px4_msgs/msg/detail/px4io_status__functions.h\n'}
[1.353953] (px4_msgs) StdoutLine: {'line': b'-- Up-to-date: /home/mcfb/ros2_ws/install/px4_msgs/include/px4_msgs/px4_msgs/msg/detail/health_report__functions.h\n'}
[1.354014] (px4_msgs) StdoutLine: {'line': b'-- Installing: /home/mcfb/ros2_ws/install/px4_msgs/include/px4_msgs/px4_msgs/msg/detail/irlock_report__type_support.c\n'}
[1.354074] (px4_msgs) StdoutLine: {'line': b'-- Up-to-date: /home/mcfb/ros2_ws/install/px4_msgs/include/px4_msgs/px4_msgs/msg/detail/actuator_servos_trim__description.c\n'}
[1.354136] (px4_msgs) StdoutLine: {'line': b'-- Up-to-date: /home/mcfb/ros2_ws/install/px4_msgs/include/px4_msgs/px4_msgs/msg/detail/vehicle_acceleration__struct.h\n'}
[1.354194] (px4_msgs) StdoutLine: {'line': b'-- Up-to-date: /home/mcfb/ros2_ws/install/px4_msgs/include/px4_msgs/px4_msgs/msg/detail/arming_check_request__description.c\n'}
[1.354252] (px4_msgs) StdoutLine: {'line': b'-- Up-to-date: /home/mcfb/ros2_ws/install/px4_msgs/include/px4_msgs/px4_msgs/msg/detail/uavcan_parameter_value__description.c\n'}
[1.354310] (px4_msgs) StdoutLine: {'line': b'-- Up-to-date: /home/mcfb/ros2_ws/install/px4_msgs/include/px4_msgs/px4_msgs/msg/detail/parameter_set_used_request__struct.h\n'}
[1.354379] (px4_msgs) StdoutLine: {'line': b'-- Up-to-date: /home/mcfb/ros2_ws/install/px4_msgs/include/px4_msgs/px4_msgs/msg/detail/mission_result__functions.c\n'}
[1.354439] (px4_msgs) StdoutLine: {'line': b'-- Installing: /home/mcfb/ros2_ws/install/px4_msgs/include/px4_msgs/px4_msgs/msg/detail/generator_status__type_support.c\n'}
[1.354799] (px4_msgs) StdoutLine: {'line': b'-- Installing: /home/mcfb/ros2_ws/install/px4_msgs/include/px4_msgs/px4_msgs/msg/detail/ekf2_timestamps__type_support.c\n'}
[1.354907] (px4_msgs) StdoutLine: {'line': b'-- Installing: /home/mcfb/ros2_ws/install/px4_msgs/include/px4_msgs/px4_msgs/msg/detail/mission__type_support.c\n'}
[1.354988] (px4_msgs) StdoutLine: {'line': b'-- Installing: /home/mcfb/ros2_ws/install/px4_msgs/include/px4_msgs/px4_msgs/msg/detail/camera_trigger__type_support.c\n'}
[1.355064] (px4_msgs) StdoutLine: {'line': b'-- Up-to-date: /home/mcfb/ros2_ws/install/px4_msgs/include/px4_msgs/px4_msgs/msg/detail/event__functions.c\n'}
[1.355137] (px4_msgs) StdoutLine: {'line': b'-- Up-to-date: /home/mcfb/ros2_ws/install/px4_msgs/include/px4_msgs/px4_msgs/msg/detail/vehicle_attitude__functions.c\n'}
[1.355206] (px4_msgs) StdoutLine: {'line': b'-- Up-to-date: /home/mcfb/ros2_ws/install/px4_msgs/include/px4_msgs/px4_msgs/msg/detail/onboard_computer_status__description.c\n'}
[1.355278] (px4_msgs) StdoutLine: {'line': b'-- Up-to-date: /home/mcfb/ros2_ws/install/px4_msgs/include/px4_msgs/px4_msgs/msg/detail/gimbal_manager_information__functions.h\n'}
[1.355360] (px4_msgs) StdoutLine: {'line': b'-- Installing: /home/mcfb/ros2_ws/install/px4_msgs/include/px4_msgs/px4_msgs/msg/detail/parameter_set_used_request__type_support.c\n'}
[1.355501] (px4_msgs) StdoutLine: {'line': b'-- Up-to-date: /home/mcfb/ros2_ws/install/px4_msgs/include/px4_msgs/px4_msgs/msg/detail/vehicle_optical_flow__struct.h\n'}
[1.355574] (px4_msgs) StdoutLine: {'line': b'-- Up-to-date: /home/mcfb/ros2_ws/install/px4_msgs/include/px4_msgs/px4_msgs/msg/detail/orb_test_medium__functions.c\n'}
[1.355645] (px4_msgs) StdoutLine: {'line': b'-- Up-to-date: /home/mcfb/ros2_ws/install/px4_msgs/include/px4_msgs/px4_msgs/msg/detail/landing_target_innovations__struct.h\n'}
[1.355716] (px4_msgs) StdoutLine: {'line': b'-- Up-to-date: /home/mcfb/ros2_ws/install/px4_msgs/include/px4_msgs/px4_msgs/msg/detail/mount_orientation__description.c\n'}
[1.355787] (px4_msgs) StdoutLine: {'line': b'-- Up-to-date: /home/mcfb/ros2_ws/install/px4_msgs/include/px4_msgs/px4_msgs/msg/detail/magnetometer_bias_estimate__struct.h\n'}
[1.355860] (px4_msgs) StdoutLine: {'line': b'-- Installing: /home/mcfb/ros2_ws/install/px4_msgs/include/px4_msgs/px4_msgs/msg/detail/goto_setpoint__type_support.c\n'}
[1.355931] (px4_msgs) StdoutLine: {'line': b'-- Up-to-date: /home/mcfb/ros2_ws/install/px4_msgs/include/px4_msgs/px4_msgs/msg/detail/follow_target_estimator__description.c\n'}
[1.356016] (px4_msgs) StdoutLine: {'line': b'-- Up-to-date: /home/mcfb/ros2_ws/install/px4_msgs/include/px4_msgs/px4_msgs/msg/detail/rc_parameter_map__type_support.h\n'}
[1.356144] (px4_msgs) StdoutLine: {'line': b'-- Up-to-date: /home/mcfb/ros2_ws/install/px4_msgs/include/px4_msgs/px4_msgs/msg/detail/geofence_result__functions.h\n'}
[1.356217] (px4_msgs) StdoutLine: {'line': b'-- Installing: /home/mcfb/ros2_ws/install/px4_msgs/include/px4_msgs/px4_msgs/msg/detail/sensor_combined__type_support.c\n'}
[1.356290] (px4_msgs) StdoutLine: {'line': b'-- Installing: /home/mcfb/ros2_ws/install/px4_msgs/include/px4_msgs/px4_msgs/msg/detail/control_allocator_status__type_support.c\n'}
[1.356359] (px4_msgs) StdoutLine: {'line': b'-- Up-to-date: /home/mcfb/ros2_ws/install/px4_msgs/include/px4_msgs/px4_msgs/msg/detail/fixed_wing_lateral_setpoint__functions.c\n'}
[1.356430] (px4_msgs) StdoutLine: {'line': b'-- Installing: /home/mcfb/ros2_ws/install/px4_msgs/include/px4_msgs/px4_msgs/msg/detail/dronecan_node_status__type_support.c\n'}
[1.356498] (px4_msgs) StdoutLine: {'line': b'-- Up-to-date: /home/mcfb/ros2_ws/install/px4_msgs/include/px4_msgs/px4_msgs/msg/detail/wind__functions.h\n'}
[1.356569] (px4_msgs) StdoutLine: {'line': b'-- Up-to-date: /home/mcfb/ros2_ws/install/px4_msgs/include/px4_msgs/px4_msgs/msg/detail/failure_detector_status__description.c\n'}
[1.356636] (px4_msgs) StdoutLine: {'line': b'-- Up-to-date: /home/mcfb/ros2_ws/install/px4_msgs/include/px4_msgs/px4_msgs/msg/detail/gimbal_device_information__functions.h\n'}
[1.356708] (px4_msgs) StdoutLine: {'line': b'-- Up-to-date: /home/mcfb/ros2_ws/install/px4_msgs/include/px4_msgs/px4_msgs/msg/detail/gimbal_controls__description.c\n'}
[1.356790] (px4_msgs) StdoutLine: {'line': b'-- Up-to-date: /home/mcfb/ros2_ws/install/px4_msgs/include/px4_msgs/px4_msgs/msg/detail/fixed_wing_runway_control__struct.h\n'}
[1.356865] (px4_msgs) StdoutLine: {'line': b'-- Up-to-date: /home/mcfb/ros2_ws/install/px4_msgs/include/px4_msgs/px4_msgs/msg/detail/gps_inject_data__functions.h\n'}
[1.356934] (px4_msgs) StdoutLine: {'line': b'-- Installing: /home/mcfb/ros2_ws/install/px4_msgs/include/px4_msgs/px4_msgs/msg/detail/rover_speed_setpoint__type_support.c\n'}
[1.357005] (px4_msgs) StdoutLine: {'line': b'-- Up-to-date: /home/mcfb/ros2_ws/install/px4_msgs/include/px4_msgs/px4_msgs/msg/detail/ping__struct.h\n'}
[1.357077] (px4_msgs) StdoutLine: {'line': b'-- Installing: /home/mcfb/ros2_ws/install/px4_msgs/include/px4_msgs/px4_msgs/msg/detail/figure_eight_status__type_support.c\n'}
[1.357148] (px4_msgs) StdoutLine: {'line': b'-- Up-to-date: /home/mcfb/ros2_ws/install/px4_msgs/include/px4_msgs/px4_msgs/msg/detail/gpio_in__struct.h\n'}
[1.357219] (px4_msgs) StdoutLine: {'line': b'-- Up-to-date: /home/mcfb/ros2_ws/install/px4_msgs/include/px4_msgs/px4_msgs/msg/detail/position_setpoint__functions.h\n'}
[1.357350] (px4_msgs) StdoutLine: {'line': b'-- Up-to-date: /home/mcfb/ros2_ws/install/px4_msgs/include/px4_msgs/px4_msgs/msg/detail/register_ext_component_reply__functions.c\n'}
[1.357426] (px4_msgs) StdoutLine: {'line': b'-- Installing: /home/mcfb/ros2_ws/install/px4_msgs/include/px4_msgs/px4_msgs/msg/detail/magnetometer_bias_estimate__type_support.c\n'}
[1.357502] (px4_msgs) StdoutLine: {'line': b'-- Up-to-date: /home/mcfb/ros2_ws/install/px4_msgs/include/px4_msgs/px4_msgs/msg/detail/sensor_correction__struct.h\n'}
[1.357578] (px4_msgs) StdoutLine: {'line': b'-- Up-to-date: /home/mcfb/ros2_ws/install/px4_msgs/include/px4_msgs/px4_msgs/msg/detail/landing_target_pose__type_support.h\n'}
[1.357653] (px4_msgs) StdoutLine: {'line': b'-- Up-to-date: /home/mcfb/ros2_ws/install/px4_msgs/include/px4_msgs/px4_msgs/msg/detail/sensor_gnss_relative__struct.h\n'}
[1.357727] (px4_msgs) StdoutLine: {'line': b'-- Installing: /home/mcfb/ros2_ws/install/px4_msgs/include/px4_msgs/px4_msgs/msg/detail/rover_rate_status__type_support.c\n'}
[1.357801] (px4_msgs) StdoutLine: {'line': b'-- Up-to-date: /home/mcfb/ros2_ws/install/px4_msgs/include/px4_msgs/px4_msgs/msg/detail/transponder_report__type_support.h\n'}
[1.357885] (px4_msgs) StdoutLine: {'line': b'-- Up-to-date: /home/mcfb/ros2_ws/install/px4_msgs/include/px4_msgs/px4_msgs/msg/detail/ping__type_support.h\n'}
[1.357963] (px4_msgs) StdoutLine: {'line': b'-- Up-to-date: /home/mcfb/ros2_ws/install/px4_msgs/include/px4_msgs/px4_msgs/msg/detail/estimator_aid_source2d__functions.h\n'}
[1.358043] (px4_msgs) StdoutLine: {'line': b'-- Up-to-date: /home/mcfb/ros2_ws/install/px4_msgs/include/px4_msgs/px4_msgs/msg/detail/estimator_event_flags__struct.h\n'}
[1.358128] (px4_msgs) StdoutLine: {'line': b'-- Installing: /home/mcfb/ros2_ws/install/px4_msgs/include/px4_msgs/px4_msgs/msg/detail/landing_target_innovations__type_support.c\n'}
[1.358676] (px4_msgs) StdoutLine: {'line': b'-- Up-to-date: /home/mcfb/ros2_ws/install/px4_msgs/include/px4_msgs/px4_msgs/msg/detail/vehicle_imu_status__functions.c\n'}
[1.358988] (px4_msgs) StdoutLine: {'line': b'-- Installing: /home/mcfb/ros2_ws/install/px4_msgs/include/px4_msgs/px4_msgs/msg/detail/actuator_servos_trim__type_support.c\n'}
[1.359077] (px4_msgs) StdoutLine: {'line': b'-- Up-to-date: /home/mcfb/ros2_ws/install/px4_msgs/include/px4_msgs/px4_msgs/msg/detail/navigator_mission_item__struct.h\n'}
[1.359137] (px4_msgs) StdoutLine: {'line': b'-- Up-to-date: /home/mcfb/ros2_ws/install/px4_msgs/include/px4_msgs/px4_msgs/msg/detail/debug_key_value__functions.h\n'}
[1.359193] (px4_msgs) StdoutLine: {'line': b'-- Up-to-date: /home/mcfb/ros2_ws/install/px4_msgs/include/px4_msgs/px4_msgs/msg/detail/qshell_retval__type_support.h\n'}
[1.359244] (px4_msgs) StdoutLine: {'line': b'-- Up-to-date: /home/mcfb/ros2_ws/install/px4_msgs/include/px4_msgs/px4_msgs/msg/detail/sensor_selection__description.c\n'}
[1.359374] (px4_msgs) StdoutLine: {'line': b'-- Up-to-date: /home/mcfb/ros2_ws/install/px4_msgs/include/px4_msgs/px4_msgs/msg/detail/navigator_mission_item__description.c\n'}
[1.359467] (px4_msgs) StdoutLine: {'line': b'-- Up-to-date: /home/mcfb/ros2_ws/install/px4_msgs/include/px4_msgs/px4_msgs/msg/detail/sensor_selection__functions.c\n'}
[1.359523] (px4_msgs) StdoutLine: {'line': b'-- Up-to-date: /home/mcfb/ros2_ws/install/px4_msgs/include/px4_msgs/px4_msgs/msg/detail/rc_channels__functions.h\n'}
[1.359571] (px4_msgs) StdoutLine: {'line': b'-- Up-to-date: /home/mcfb/ros2_ws/install/px4_msgs/include/px4_msgs/px4_msgs/msg/detail/home_position__functions.c\n'}
[1.359614] (px4_msgs) StdoutLine: {'line': b'-- Up-to-date: /home/mcfb/ros2_ws/install/px4_msgs/include/px4_msgs/px4_msgs/msg/detail/mavlink_log__functions.h\n'}
[1.359668] (px4_msgs) StdoutLine: {'line': b'-- Installing: /home/mcfb/ros2_ws/install/px4_msgs/include/px4_msgs/px4_msgs/msg/detail/qshell_req__type_support.c\n'}
[1.359739] (px4_msgs) StdoutLine: {'line': b'-- Up-to-date: /home/mcfb/ros2_ws/install/px4_msgs/include/px4_msgs/px4_msgs/msg/detail/gimbal_device_information__description.c\n'}
[1.359800] (px4_msgs) StdoutLine: {'line': b'-- Installing: /home/mcfb/ros2_ws/install/px4_msgs/include/px4_msgs/px4_msgs/msg/detail/mount_orientation__type_support.c\n'}
[1.359882] (px4_msgs) StdoutLine: {'line': b'-- Up-to-date: /home/mcfb/ros2_ws/install/px4_msgs/include/px4_msgs/px4_msgs/msg/detail/airspeed_validated__description.c\n'}
[1.359955] (px4_msgs) StdoutLine: {'line': b'-- Up-to-date: /home/mcfb/ros2_ws/install/px4_msgs/include/px4_msgs/px4_msgs/msg/detail/pwm_input__struct.h\n'}
[1.360017] (px4_msgs) StdoutLine: {'line': b'-- Up-to-date: /home/mcfb/ros2_ws/install/px4_msgs/include/px4_msgs/px4_msgs/msg/detail/vehicle_acceleration__functions.c\n'}
[1.360092] (px4_msgs) StdoutLine: {'line': b'-- Up-to-date: /home/mcfb/ros2_ws/install/px4_msgs/include/px4_msgs/px4_msgs/msg/detail/rover_speed_status__type_support.h\n'}
[1.360175] (px4_msgs) StdoutLine: {'line': b'-- Up-to-date: /home/mcfb/ros2_ws/install/px4_msgs/include/px4_msgs/px4_msgs/msg/detail/control_allocator_status__type_support.h\n'}
[1.360260] (px4_msgs) StdoutLine: {'line': b'-- Up-to-date: /home/mcfb/ros2_ws/install/px4_msgs/include/px4_msgs/px4_msgs/msg/detail/navigator_mission_item__functions.h\n'}
[1.360337] (px4_msgs) StdoutLine: {'line': b'-- Up-to-date: /home/mcfb/ros2_ws/install/px4_msgs/include/px4_msgs/px4_msgs/msg/detail/vehicle_attitude__type_support.h\n'}
[1.360425] (px4_msgs) StdoutLine: {'line': b'-- Installing: /home/mcfb/ros2_ws/install/px4_msgs/include/px4_msgs/px4_msgs/msg/detail/autotune_attitude_control_status__type_support.c\n'}
[1.360499] (px4_msgs) StdoutLine: {'line': b'-- Installing: /home/mcfb/ros2_ws/install/px4_msgs/include/px4_msgs/px4_msgs/msg/detail/tiltrotor_extra_controls__type_support.c\n'}
[1.360661] (px4_msgs) StdoutLine: {'line': b'-- Up-to-date: /home/mcfb/ros2_ws/install/px4_msgs/include/px4_msgs/px4_msgs/msg/detail/sensor_gyro_fft__type_support.h\n'}
[1.360727] (px4_msgs) StdoutLine: {'line': b'-- Up-to-date: /home/mcfb/ros2_ws/install/px4_msgs/include/px4_msgs/px4_msgs/msg/detail/task_stack_info__struct.h\n'}
[1.360780] (px4_msgs) StdoutLine: {'line': b'-- Up-to-date: /home/mcfb/ros2_ws/install/px4_msgs/include/px4_msgs/px4_msgs/msg/detail/estimator_states__struct.h\n'}
[1.360868] (px4_msgs) StdoutLine: {'line': b'-- Up-to-date: /home/mcfb/ros2_ws/install/px4_msgs/include/px4_msgs/px4_msgs/msg/detail/collision_constraints__struct.h\n'}
[1.360954] (px4_msgs) StdoutLine: {'line': b'-- Up-to-date: /home/mcfb/ros2_ws/install/px4_msgs/include/px4_msgs/px4_msgs/msg/detail/rover_throttle_setpoint__type_support.h\n'}
[1.361011] (px4_msgs) StdoutLine: {'line': b'-- Installing: /home/mcfb/ros2_ws/install/px4_msgs/include/px4_msgs/px4_msgs/msg/detail/gpio_in__type_support.c\n'}
[1.361135] (px4_msgs) StdoutLine: {'line': b'-- Up-to-date: /home/mcfb/ros2_ws/install/px4_msgs/include/px4_msgs/px4_msgs/msg/detail/open_drone_id_operator_id__struct.h\n'}
[1.361197] (px4_msgs) StdoutLine: {'line': b'-- Up-to-date: /home/mcfb/ros2_ws/install/px4_msgs/include/px4_msgs/px4_msgs/msg/detail/vehicle_roi__type_support.h\n'}
[1.361243] (px4_msgs) StdoutLine: {'line': b'-- Installing: /home/mcfb/ros2_ws/install/px4_msgs/include/px4_msgs/px4_msgs/msg/detail/actuator_motors__type_support.c\n'}
[1.361304] (px4_msgs) StdoutLine: {'line': b'-- Installing: /home/mcfb/ros2_ws/install/px4_msgs/include/px4_msgs/px4_msgs/msg/detail/arming_check_reply__type_support.c\n'}
[1.361355] (px4_msgs) StdoutLine: {'line': b'-- Up-to-date: /home/mcfb/ros2_ws/install/px4_msgs/include/px4_msgs/px4_msgs/msg/detail/geofence_result__struct.h\n'}
[1.361403] (px4_msgs) StdoutLine: {'line': b'-- Up-to-date: /home/mcfb/ros2_ws/install/px4_msgs/include/px4_msgs/px4_msgs/msg/detail/button_event__functions.c\n'}
[1.361453] (px4_msgs) StdoutLine: {'line': b'-- Up-to-date: /home/mcfb/ros2_ws/install/px4_msgs/include/px4_msgs/px4_msgs/msg/detail/sensors_status__type_support.h\n'}
[1.361504] (px4_msgs) StdoutLine: {'line': b'-- Up-to-date: /home/mcfb/ros2_ws/install/px4_msgs/include/px4_msgs/px4_msgs/msg/detail/landing_gear__struct.h\n'}
[1.361628] (px4_msgs) StdoutLine: {'line': b'-- Up-to-date: /home/mcfb/ros2_ws/install/px4_msgs/include/px4_msgs/px4_msgs/msg/detail/camera_capture__struct.h\n'}
[1.361698] (px4_msgs) StdoutLine: {'line': b'-- Up-to-date: /home/mcfb/ros2_ws/install/px4_msgs/include/px4_msgs/px4_msgs/msg/detail/vehicle_thrust_setpoint__type_support.h\n'}
[1.361768] (px4_msgs) StdoutLine: {'line': b'-- Up-to-date: /home/mcfb/ros2_ws/install/px4_msgs/include/px4_msgs/px4_msgs/msg/detail/esc_report__type_support.h\n'}
[1.361869] (px4_msgs) StdoutLine: {'line': b'-- Up-to-date: /home/mcfb/ros2_ws/install/px4_msgs/include/px4_msgs/px4_msgs/msg/detail/cpuload__functions.h\n'}
[1.361921] (px4_msgs) StdoutLine: {'line': b'-- Up-to-date: /home/mcfb/ros2_ws/install/px4_msgs/include/px4_msgs/px4_msgs/msg/detail/rtl_status__struct.h\n'}
[1.361990] (px4_msgs) StdoutLine: {'line': b'-- Up-to-date: /home/mcfb/ros2_ws/install/px4_msgs/include/px4_msgs/px4_msgs/msg/detail/yaw_estimator_status__struct.h\n'}
[1.362217] (px4_msgs) StdoutLine: {'line': b'-- Up-to-date: /home/mcfb/ros2_ws/install/px4_msgs/include/px4_msgs/px4_msgs/msg/detail/fixed_wing_lateral_setpoint__type_support.h\n'}
[1.362396] (px4_msgs) StdoutLine: {'line': b'-- Up-to-date: /home/mcfb/ros2_ws/install/px4_msgs/include/px4_msgs/px4_msgs/msg/detail/transponder_report__functions.h\n'}
[1.362529] (px4_msgs) StdoutLine: {'line': b'-- Up-to-date: /home/mcfb/ros2_ws/install/px4_msgs/include/px4_msgs/px4_msgs/msg/detail/vehicle_command_ack__functions.c\n'}
[1.362613] (px4_msgs) StdoutLine: {'line': b'-- Installing: /home/mcfb/ros2_ws/install/px4_msgs/include/px4_msgs/px4_msgs/msg/detail/open_drone_id_operator_id__type_support.c\n'}
[1.362719] (px4_msgs) StdoutLine: {'line': b'-- Up-to-date: /home/mcfb/ros2_ws/install/px4_msgs/include/px4_msgs/px4_msgs/msg/detail/dataman_response__struct.h\n'}
[1.362809] (px4_msgs) StdoutLine: {'line': b'-- Up-to-date: /home/mcfb/ros2_ws/install/px4_msgs/include/px4_msgs/px4_msgs/msg/detail/estimator_bias__type_support.h\n'}
[1.362895] (px4_msgs) StdoutLine: {'line': b'-- Up-to-date: /home/mcfb/ros2_ws/install/px4_msgs/include/px4_msgs/px4_msgs/msg/detail/launch_detection_status__description.c\n'}
[1.362982] (px4_msgs) StdoutLine: {'line': b'-- Up-to-date: /home/mcfb/ros2_ws/install/px4_msgs/include/px4_msgs/px4_msgs/msg/detail/config_overrides__struct.h\n'}
[1.363259] (px4_msgs) StdoutLine: {'line': b'-- Up-to-date: /home/mcfb/ros2_ws/install/px4_msgs/include/px4_msgs/px4_msgs/msg/detail/vehicle_thrust_setpoint__description.c\n'}
[1.363495] (px4_msgs) StdoutLine: {'line': b'-- Up-to-date: /home/mcfb/ros2_ws/install/px4_msgs/include/px4_msgs/px4_msgs/msg/detail/vehicle_roi__struct.h\n'}
[1.363594] (px4_msgs) StdoutLine: {'line': b'-- Up-to-date: /home/mcfb/ros2_ws/install/px4_msgs/include/px4_msgs/px4_msgs/msg/detail/gpio_request__functions.c\n'}
[1.363684] (px4_msgs) StdoutLine: {'line': b'-- Up-to-date: /home/mcfb/ros2_ws/install/px4_msgs/include/px4_msgs/px4_msgs/msg/detail/logger_status__description.c\n'}
[1.363768] (px4_msgs) StdoutLine: {'line': b'-- Up-to-date: /home/mcfb/ros2_ws/install/px4_msgs/include/px4_msgs/px4_msgs/msg/detail/figure_eight_status__struct.h\n'}
[1.363857] (px4_msgs) StdoutLine: {'line': b'-- Installing: /home/mcfb/ros2_ws/install/px4_msgs/include/px4_msgs/px4_msgs/msg/detail/dataman_response__type_support.c\n'}
[1.363941] (px4_msgs) StdoutLine: {'line': b'-- Up-to-date: /home/mcfb/ros2_ws/install/px4_msgs/include/px4_msgs/px4_msgs/msg/detail/adc_report__functions.c\n'}
[1.364109] (px4_msgs) StdoutLine: {'line': b'-- Up-to-date: /home/mcfb/ros2_ws/install/px4_msgs/include/px4_msgs/px4_msgs/msg/detail/neural_control__description.c\n'}
[1.364195] (px4_msgs) StdoutLine: {'line': b'-- Up-to-date: /home/mcfb/ros2_ws/install/px4_msgs/include/px4_msgs/px4_msgs/msg/detail/rover_speed_status__description.c\n'}
[1.364278] (px4_msgs) StdoutLine: {'line': b'-- Up-to-date: /home/mcfb/ros2_ws/install/px4_msgs/include/px4_msgs/px4_msgs/msg/detail/satellite_info__functions.h\n'}
[1.364360] (px4_msgs) StdoutLine: {'line': b'-- Up-to-date: /home/mcfb/ros2_ws/install/px4_msgs/include/px4_msgs/px4_msgs/msg/detail/sensor_airflow__functions.c\n'}
[1.364479] (px4_msgs) StdoutLine: {'line': b'-- Up-to-date: /home/mcfb/ros2_ws/install/px4_msgs/include/px4_msgs/px4_msgs/msg/detail/estimator_aid_source1d__struct.h\n'}
[1.364563] (px4_msgs) StdoutLine: {'line': b'-- Up-to-date: /home/mcfb/ros2_ws/install/px4_msgs/include/px4_msgs/px4_msgs/msg/detail/logger_status__functions.h\n'}
[1.364646] (px4_msgs) StdoutLine: {'line': b'-- Up-to-date: /home/mcfb/ros2_ws/install/px4_msgs/include/px4_msgs/px4_msgs/msg/detail/dronecan_node_status__functions.h\n'}
[1.364731] (px4_msgs) StdoutLine: {'line': b'-- Up-to-date: /home/mcfb/ros2_ws/install/px4_msgs/include/px4_msgs/px4_msgs/msg/detail/internal_combustion_engine_control__functions.h\n'}
[1.364816] (px4_msgs) StdoutLine: {'line': b'-- Up-to-date: /home/mcfb/ros2_ws/install/px4_msgs/include/px4_msgs/px4_msgs/msg/detail/heater_status__functions.h\n'}
[1.365054] (px4_msgs) StdoutLine: {'line': b'-- Up-to-date: /home/mcfb/ros2_ws/install/px4_msgs/include/px4_msgs/px4_msgs/msg/detail/vehicle_status__type_support.h\n'}
[1.365117] (px4_msgs) StdoutLine: {'line': b'-- Up-to-date: /home/mcfb/ros2_ws/install/px4_msgs/include/px4_msgs/px4_msgs/msg/detail/takeoff_status__description.c\n'}
[1.365161] (px4_msgs) StdoutLine: {'line': b'-- Installing: /home/mcfb/ros2_ws/install/px4_msgs/include/px4_msgs/px4_msgs/msg/detail/takeoff_status__type_support.c\n'}
[1.365205] (px4_msgs) StdoutLine: {'line': b'-- Up-to-date: /home/mcfb/ros2_ws/install/px4_msgs/include/px4_msgs/px4_msgs/msg/detail/gimbal_controls__struct.h\n'}
[1.365355] (px4_msgs) StdoutLine: {'line': b'-- Up-to-date: /home/mcfb/ros2_ws/install/px4_msgs/include/px4_msgs/px4_msgs/msg/detail/action_request__functions.c\n'}
[1.365400] (px4_msgs) StdoutLine: {'line': b'-- Up-to-date: /home/mcfb/ros2_ws/install/px4_msgs/include/px4_msgs/px4_msgs/msg/detail/mission__functions.h\n'}
[1.365441] (px4_msgs) StdoutLine: {'line': b'-- Up-to-date: /home/mcfb/ros2_ws/install/px4_msgs/include/px4_msgs/px4_msgs/msg/detail/actuator_armed__functions.c\n'}
[1.365480] (px4_msgs) StdoutLine: {'line': b'-- Installing: /home/mcfb/ros2_ws/install/px4_msgs/include/px4_msgs/px4_msgs/msg/detail/gpio_out__type_support.c\n'}
[1.365709] (px4_msgs) StdoutLine: {'line': b'-- Installing: /home/mcfb/ros2_ws/install/px4_msgs/include/px4_msgs/px4_msgs/msg/detail/vehicle_command_ack__type_support.c\n'}
[1.365751] (px4_msgs) StdoutLine: {'line': b'-- Up-to-date: /home/mcfb/ros2_ws/install/px4_msgs/include/px4_msgs/px4_msgs/msg/detail/irlock_report__functions.h\n'}
[1.365789] (px4_msgs) StdoutLine: {'line': b'-- Up-to-date: /home/mcfb/ros2_ws/install/px4_msgs/include/px4_msgs/px4_msgs/msg/detail/sensor_gps__type_support.h\n'}
[1.365829] (px4_msgs) StdoutLine: {'line': b'-- Up-to-date: /home/mcfb/ros2_ws/install/px4_msgs/include/px4_msgs/px4_msgs/msg/detail/ulog_stream_ack__description.c\n'}
[1.365875] (px4_msgs) StdoutLine: {'line': b'-- Installing: /home/mcfb/ros2_ws/install/px4_msgs/include/px4_msgs/px4_msgs/msg/detail/actuator_controls_status__type_support.c\n'}
[1.365914] (px4_msgs) StdoutLine: {'line': b'-- Up-to-date: /home/mcfb/ros2_ws/install/px4_msgs/include/px4_msgs/px4_msgs/msg/detail/wheel_encoders__type_support.h\n'}
[1.365954] (px4_msgs) StdoutLine: {'line': b'-- Up-to-date: /home/mcfb/ros2_ws/install/px4_msgs/include/px4_msgs/px4_msgs/msg/detail/control_allocator_status__functions.c\n'}
[1.365993] (px4_msgs) StdoutLine: {'line': b'-- Up-to-date: /home/mcfb/ros2_ws/install/px4_msgs/include/px4_msgs/px4_msgs/msg/detail/sensor_gnss_status__functions.h\n'}
[1.366033] (px4_msgs) StdoutLine: {'line': b'-- Up-to-date: /home/mcfb/ros2_ws/install/px4_msgs/include/px4_msgs/px4_msgs/msg/detail/health_report__type_support.h\n'}
[1.366072] (px4_msgs) StdoutLine: {'line': b'-- Up-to-date: /home/mcfb/ros2_ws/install/px4_msgs/include/px4_msgs/px4_msgs/msg/detail/mavlink_log__struct.h\n'}
[1.366112] (px4_msgs) StdoutLine: {'line': b'-- Installing: /home/mcfb/ros2_ws/install/px4_msgs/include/px4_msgs/px4_msgs/msg/detail/navigator_status__type_support.c\n'}
[1.366263] (px4_msgs) StdoutLine: {'line': b'-- Up-to-date: /home/mcfb/ros2_ws/install/px4_msgs/include/px4_msgs/px4_msgs/msg/detail/tecs_status__functions.h\n'}
[1.366322] (px4_msgs) StdoutLine: {'line': b'-- Up-to-date: /home/mcfb/ros2_ws/install/px4_msgs/include/px4_msgs/px4_msgs/msg/detail/rover_rate_setpoint__type_support.h\n'}
[1.366382] (px4_msgs) StdoutLine: {'line': b'-- Up-to-date: /home/mcfb/ros2_ws/install/px4_msgs/include/px4_msgs/px4_msgs/msg/detail/fuel_tank_status__type_support.h\n'}
[1.366441] (px4_msgs) StdoutLine: {'line': b'-- Up-to-date: /home/mcfb/ros2_ws/install/px4_msgs/include/px4_msgs/px4_msgs/msg/detail/estimator_selector_status__functions.h\n'}
[1.366506] (px4_msgs) StdoutLine: {'line': b'-- Up-to-date: /home/mcfb/ros2_ws/install/px4_msgs/include/px4_msgs/px4_msgs/msg/detail/sensor_airflow__functions.h\n'}
[1.366576] (px4_msgs) StdoutLine: {'line': b'-- Up-to-date: /home/mcfb/ros2_ws/install/px4_msgs/include/px4_msgs/px4_msgs/msg/detail/heater_status__functions.c\n'}
[1.366637] (px4_msgs) StdoutLine: {'line': b'-- Up-to-date: /home/mcfb/ros2_ws/install/px4_msgs/include/px4_msgs/px4_msgs/msg/detail/dronecan_node_status__description.c\n'}
[1.367123] (px4_msgs) StdoutLine: {'line': b'-- Up-to-date: /home/mcfb/ros2_ws/install/px4_msgs/include/px4_msgs/px4_msgs/msg/detail/sensor_baro__functions.c\n'}
[1.367220] (px4_msgs) StdoutLine: {'line': b'-- Up-to-date: /home/mcfb/ros2_ws/install/px4_msgs/include/px4_msgs/px4_msgs/msg/detail/irlock_report__functions.c\n'}
[1.367312] (px4_msgs) StdoutLine: {'line': b'-- Up-to-date: /home/mcfb/ros2_ws/install/px4_msgs/include/px4_msgs/px4_msgs/msg/detail/vehicle_local_position_setpoint__type_support.h\n'}
[1.367365] (px4_msgs) StdoutLine: {'line': b'-- Up-to-date: /home/mcfb/ros2_ws/install/px4_msgs/include/px4_msgs/px4_msgs/msg/detail/vehicle_command_ack__functions.h\n'}
[1.367417] (px4_msgs) StdoutLine: {'line': b'-- Up-to-date: /home/mcfb/ros2_ws/install/px4_msgs/include/px4_msgs/px4_msgs/msg/detail/landing_target_innovations__functions.c\n'}
[1.367469] (px4_msgs) StdoutLine: {'line': b'-- Installing: /home/mcfb/ros2_ws/install/px4_msgs/include/px4_msgs/px4_msgs/msg/detail/arming_check_request__type_support.c\n'}
[1.367521] (px4_msgs) StdoutLine: {'line': b'-- Installing: /home/mcfb/ros2_ws/install/px4_msgs/include/px4_msgs/px4_msgs/msg/detail/gimbal_device_attitude_status__type_support.c\n'}
[1.367572] (px4_msgs) StdoutLine: {'line': b'-- Up-to-date: /home/mcfb/ros2_ws/install/px4_msgs/include/px4_msgs/px4_msgs/msg/detail/gimbal_device_set_attitude__description.c\n'}
[1.367623] (px4_msgs) StdoutLine: {'line': b'-- Up-to-date: /home/mcfb/ros2_ws/install/px4_msgs/include/px4_msgs/px4_msgs/msg/detail/airspeed_validated__functions.h\n'}
[1.367680] (px4_msgs) StdoutLine: {'line': b'-- Up-to-date: /home/mcfb/ros2_ws/install/px4_msgs/include/px4_msgs/px4_msgs/msg/detail/mission__struct.h\n'}
[1.367732] (px4_msgs) StdoutLine: {'line': b'-- Up-to-date: /home/mcfb/ros2_ws/install/px4_msgs/include/px4_msgs/px4_msgs/msg/detail/rover_rate_status__type_support.h\n'}
[1.367782] (px4_msgs) StdoutLine: {'line': b'-- Up-to-date: /home/mcfb/ros2_ws/install/px4_msgs/include/px4_msgs/px4_msgs/msg/detail/estimator_aid_source3d__type_support.h\n'}
[1.367831] (px4_msgs) StdoutLine: {'line': b'-- Up-to-date: /home/mcfb/ros2_ws/install/px4_msgs/include/px4_msgs/px4_msgs/msg/detail/neural_control__type_support.h\n'}
[1.367886] (px4_msgs) StdoutLine: {'line': b'-- Up-to-date: /home/mcfb/ros2_ws/install/px4_msgs/include/px4_msgs/px4_msgs/msg/detail/onboard_computer_status__functions.c\n'}
[1.367981] (px4_msgs) StdoutLine: {'line': b'-- Up-to-date: /home/mcfb/ros2_ws/install/px4_msgs/include/px4_msgs/px4_msgs/msg/detail/parameter_update__struct.h\n'}
[1.368036] (px4_msgs) StdoutLine: {'line': b'-- Up-to-date: /home/mcfb/ros2_ws/install/px4_msgs/include/px4_msgs/px4_msgs/msg/detail/sensor_uwb__description.c\n'}
[1.368164] (px4_msgs) StdoutLine: {'line': b'-- Up-to-date: /home/mcfb/ros2_ws/install/px4_msgs/include/px4_msgs/px4_msgs/msg/detail/velocity_limits__description.c\n'}
[1.368239] (px4_msgs) StdoutLine: {'line': b'-- Up-to-date: /home/mcfb/ros2_ws/install/px4_msgs/include/px4_msgs/px4_msgs/msg/detail/power_monitor__functions.h\n'}
[1.368291] (px4_msgs) StdoutLine: {'line': b'-- Up-to-date: /home/mcfb/ros2_ws/install/px4_msgs/include/px4_msgs/px4_msgs/msg/detail/internal_combustion_engine_control__description.c\n'}
[1.368343] (px4_msgs) StdoutLine: {'line': b'-- Up-to-date: /home/mcfb/ros2_ws/install/px4_msgs/include/px4_msgs/px4_msgs/msg/detail/led_control__functions.c\n'}
[1.368397] (px4_msgs) StdoutLine: {'line': b'-- Up-to-date: /home/mcfb/ros2_ws/install/px4_msgs/include/px4_msgs/px4_msgs/msg/detail/adc_report__description.c\n'}
[1.368447] (px4_msgs) StdoutLine: {'line': b'-- Up-to-date: /home/mcfb/ros2_ws/install/px4_msgs/include/px4_msgs/px4_msgs/msg/detail/iridiumsbd_status__functions.c\n'}
[1.368498] (px4_msgs) StdoutLine: {'line': b'-- Installing: /home/mcfb/ros2_ws/install/px4_msgs/include/px4_msgs/px4_msgs/msg/detail/position_setpoint_triplet__type_support.c\n'}
[1.368548] (px4_msgs) StdoutLine: {'line': b'-- Up-to-date: /home/mcfb/ros2_ws/install/px4_msgs/include/px4_msgs/px4_msgs/msg/detail/ping__functions.c\n'}
[1.368598] (px4_msgs) StdoutLine: {'line': b'-- Up-to-date: /home/mcfb/ros2_ws/install/px4_msgs/include/px4_msgs/px4_msgs/msg/detail/follow_target__functions.c\n'}
[1.368648] (px4_msgs) StdoutLine: {'line': b'-- Up-to-date: /home/mcfb/ros2_ws/install/px4_msgs/include/px4_msgs/px4_msgs/msg/detail/qshell_req__type_support.h\n'}
[1.368714] (px4_msgs) StdoutLine: {'line': b'-- Up-to-date: /home/mcfb/ros2_ws/install/px4_msgs/include/px4_msgs/px4_msgs/msg/detail/unregister_ext_component__type_support.h\n'}
[1.368764] (px4_msgs) StdoutLine: {'line': b'-- Up-to-date: /home/mcfb/ros2_ws/install/px4_msgs/include/px4_msgs/px4_msgs/msg/detail/sensor_gnss_status__description.c\n'}
[1.368813] (px4_msgs) StdoutLine: {'line': b'-- Up-to-date: /home/mcfb/ros2_ws/install/px4_msgs/include/px4_msgs/px4_msgs/msg/detail/gimbal_manager_information__type_support.h\n'}
[1.368866] (px4_msgs) StdoutLine: {'line': b'-- Up-to-date: /home/mcfb/ros2_ws/install/px4_msgs/include/px4_msgs/px4_msgs/msg/detail/parameter_reset_request__type_support.h\n'}
[1.368928] (px4_msgs) StdoutLine: {'line': b'-- Up-to-date: /home/mcfb/ros2_ws/install/px4_msgs/include/px4_msgs/px4_msgs/msg/detail/rover_speed_setpoint__functions.h\n'}
[1.368978] (px4_msgs) StdoutLine: {'line': b'-- Up-to-date: /home/mcfb/ros2_ws/install/px4_msgs/include/px4_msgs/px4_msgs/msg/detail/vehicle_control_mode__functions.h\n'}
[1.369028] (px4_msgs) StdoutLine: {'line': b'-- Up-to-date: /home/mcfb/ros2_ws/install/px4_msgs/include/px4_msgs/px4_msgs/msg/detail/gimbal_manager_set_manual_control__functions.c\n'}
[1.369078] (px4_msgs) StdoutLine: {'line': b'-- Up-to-date: /home/mcfb/ros2_ws/install/px4_msgs/include/px4_msgs/px4_msgs/msg/detail/estimator_states__functions.c\n'}
[1.369127] (px4_msgs) StdoutLine: {'line': b'-- Up-to-date: /home/mcfb/ros2_ws/install/px4_msgs/include/px4_msgs/px4_msgs/msg/detail/radio_status__functions.c\n'}
[1.369176] (px4_msgs) StdoutLine: {'line': b'-- Up-to-date: /home/mcfb/ros2_ws/install/px4_msgs/include/px4_msgs/px4_msgs/msg/detail/manual_control_setpoint__functions.h\n'}
[1.369225] (px4_msgs) StdoutLine: {'line': b'-- Up-to-date: /home/mcfb/ros2_ws/install/px4_msgs/include/px4_msgs/px4_msgs/msg/detail/camera_status__struct.h\n'}
[1.369274] (px4_msgs) StdoutLine: {'line': b'-- Up-to-date: /home/mcfb/ros2_ws/install/px4_msgs/include/px4_msgs/px4_msgs/msg/detail/estimator_status__functions.c\n'}
[1.369323] (px4_msgs) StdoutLine: {'line': b'-- Up-to-date: /home/mcfb/ros2_ws/install/px4_msgs/include/px4_msgs/px4_msgs/msg/detail/sensor_mag__functions.h\n'}
[1.369372] (px4_msgs) StdoutLine: {'line': b'-- Up-to-date: /home/mcfb/ros2_ws/install/px4_msgs/include/px4_msgs/px4_msgs/msg/detail/action_request__type_support.h\n'}
[1.369421] (px4_msgs) StdoutLine: {'line': b'-- Up-to-date: /home/mcfb/ros2_ws/install/px4_msgs/include/px4_msgs/px4_msgs/msg/detail/ekf2_timestamps__functions.h\n'}
[1.369506] (px4_msgs) StdoutLine: {'line': b'-- Up-to-date: /home/mcfb/ros2_ws/install/px4_msgs/include/px4_msgs/px4_msgs/msg/detail/actuator_outputs__description.c\n'}
[1.369548] (px4_msgs) StdoutLine: {'line': b'-- Up-to-date: /home/mcfb/ros2_ws/install/px4_msgs/include/px4_msgs/px4_msgs/msg/detail/vehicle_status__functions.c\n'}
[1.369584] (px4_msgs) StdoutLine: {'line': b'-- Up-to-date: /home/mcfb/ros2_ws/install/px4_msgs/include/px4_msgs/px4_msgs/msg/detail/sensor_combined__struct.h\n'}
[1.369620] (px4_msgs) StdoutLine: {'line': b'-- Up-to-date: /home/mcfb/ros2_ws/install/px4_msgs/include/px4_msgs/px4_msgs/msg/detail/lateral_control_configuration__functions.h\n'}
[1.369655] (px4_msgs) StdoutLine: {'line': b'-- Up-to-date: /home/mcfb/ros2_ws/install/px4_msgs/include/px4_msgs/px4_msgs/msg/detail/sensor_gyro__functions.c\n'}
[1.369691] (px4_msgs) StdoutLine: {'line': b'-- Up-to-date: /home/mcfb/ros2_ws/install/px4_msgs/include/px4_msgs/px4_msgs/msg/detail/px4io_status__type_support.h\n'}
[1.369725] (px4_msgs) StdoutLine: {'line': b'-- Up-to-date: /home/mcfb/ros2_ws/install/px4_msgs/include/px4_msgs/px4_msgs/msg/detail/config_overrides__functions.h\n'}
[1.369759] (px4_msgs) StdoutLine: {'line': b'-- Up-to-date: /home/mcfb/ros2_ws/install/px4_msgs/include/px4_msgs/px4_msgs/msg/detail/orb_test_medium__type_support.h\n'}
[1.369795] (px4_msgs) StdoutLine: {'line': b'-- Up-to-date: /home/mcfb/ros2_ws/install/px4_msgs/include/px4_msgs/px4_msgs/msg/detail/gps_inject_data__type_support.h\n'}
[1.369833] (px4_msgs) StdoutLine: {'line': b'-- Up-to-date: /home/mcfb/ros2_ws/install/px4_msgs/include/px4_msgs/px4_msgs/msg/detail/mount_orientation__functions.h\n'}
[1.369872] (px4_msgs) StdoutLine: {'line': b'-- Up-to-date: /home/mcfb/ros2_ws/install/px4_msgs/include/px4_msgs/px4_msgs/msg/detail/system_power__functions.h\n'}
[1.369907] (px4_msgs) StdoutLine: {'line': b'-- Up-to-date: /home/mcfb/ros2_ws/install/px4_msgs/include/px4_msgs/px4_msgs/msg/detail/manual_control_switches__description.c\n'}
[1.369941] (px4_msgs) StdoutLine: {'line': b'-- Up-to-date: /home/mcfb/ros2_ws/install/px4_msgs/include/px4_msgs/px4_msgs/msg/detail/gps_dump__type_support.h\n'}
[1.369974] (px4_msgs) StdoutLine: {'line': b'-- Up-to-date: /home/mcfb/ros2_ws/install/px4_msgs/include/px4_msgs/px4_msgs/msg/detail/yaw_estimator_status__description.c\n'}
[1.370008] (px4_msgs) StdoutLine: {'line': b'-- Up-to-date: /home/mcfb/ros2_ws/install/px4_msgs/include/px4_msgs/px4_msgs/msg/detail/telemetry_status__functions.h\n'}
[1.370042] (px4_msgs) StdoutLine: {'line': b'-- Up-to-date: /home/mcfb/ros2_ws/install/px4_msgs/include/px4_msgs/px4_msgs/msg/detail/mag_worker_data__struct.h\n'}
[1.370076] (px4_msgs) StdoutLine: {'line': b'-- Up-to-date: /home/mcfb/ros2_ws/install/px4_msgs/include/px4_msgs/px4_msgs/msg/detail/sensor_airflow__struct.h\n'}
[1.370112] (px4_msgs) StdoutLine: {'line': b'-- Up-to-date: /home/mcfb/ros2_ws/install/px4_msgs/include/px4_msgs/px4_msgs/msg/detail/obstacle_distance__type_support.h\n'}
[1.370145] (px4_msgs) StdoutLine: {'line': b'-- Installing: /home/mcfb/ros2_ws/install/px4_msgs/include/px4_msgs/px4_msgs/msg/detail/internal_combustion_engine_status__type_support.c\n'}
[1.370179] (px4_msgs) StdoutLine: {'line': b'-- Up-to-date: /home/mcfb/ros2_ws/install/px4_msgs/include/px4_msgs/px4_msgs/msg/detail/vehicle_attitude_setpoint__type_support.h\n'}
[1.370218] (px4_msgs) StdoutLine: {'line': b'-- Up-to-date: /home/mcfb/ros2_ws/install/px4_msgs/include/px4_msgs/px4_msgs/msg/detail/log_message__type_support.h\n'}
[1.370273] (px4_msgs) StdoutLine: {'line': b'-- Up-to-date: /home/mcfb/ros2_ws/install/px4_msgs/include/px4_msgs/px4_msgs/msg/detail/normalized_unsigned_setpoint__type_support.h\n'}
[1.370326] (px4_msgs) StdoutLine: {'line': b'-- Up-to-date: /home/mcfb/ros2_ws/install/px4_msgs/include/px4_msgs/px4_msgs/msg/detail/fixed_wing_lateral_setpoint__functions.h\n'}
[1.370379] (px4_msgs) StdoutLine: {'line': b'-- Up-to-date: /home/mcfb/ros2_ws/install/px4_msgs/include/px4_msgs/px4_msgs/msg/detail/unregister_ext_component__description.c\n'}
[1.370440] (px4_msgs) StdoutLine: {'line': b'-- Up-to-date: /home/mcfb/ros2_ws/install/px4_msgs/include/px4_msgs/px4_msgs/msg/detail/sensor_accel_fifo__functions.h\n'}
[1.370506] (px4_msgs) StdoutLine: {'line': b'-- Installing: /home/mcfb/ros2_ws/install/px4_msgs/include/px4_msgs/px4_msgs/msg/detail/px4io_status__type_support.c\n'}
[1.370560] (px4_msgs) StdoutLine: {'line': b'-- Installing: /home/mcfb/ros2_ws/install/px4_msgs/include/px4_msgs/px4_msgs/msg/detail/sensors_status__type_support.c\n'}
[1.370606] (px4_msgs) StdoutLine: {'line': b'-- Up-to-date: /home/mcfb/ros2_ws/install/px4_msgs/include/px4_msgs/px4_msgs/msg/detail/landing_gear_wheel__functions.c\n'}
[1.370640] (px4_msgs) StdoutLine: {'line': b'-- Up-to-date: /home/mcfb/ros2_ws/install/px4_msgs/include/px4_msgs/px4_msgs/msg/detail/takeoff_status__functions.c\n'}
[1.370677] (px4_msgs) StdoutLine: {'line': b'-- Up-to-date: /home/mcfb/ros2_ws/install/px4_msgs/include/px4_msgs/px4_msgs/msg/detail/lateral_control_configuration__struct.h\n'}
[1.370731] (px4_msgs) StdoutLine: {'line': b'-- Up-to-date: /home/mcfb/ros2_ws/install/px4_msgs/include/px4_msgs/px4_msgs/msg/detail/vtol_vehicle_status__description.c\n'}
[1.370775] (px4_msgs) StdoutLine: {'line': b'-- Up-to-date: /home/mcfb/ros2_ws/install/px4_msgs/include/px4_msgs/px4_msgs/msg/detail/actuator_motors__functions.c\n'}
[1.370813] (px4_msgs) StdoutLine: {'line': b'-- Installing: /home/mcfb/ros2_ws/install/px4_msgs/include/px4_msgs/px4_msgs/msg/detail/esc_status__type_support.c\n'}
[1.370853] (px4_msgs) StdoutLine: {'line': b'-- Up-to-date: /home/mcfb/ros2_ws/install/px4_msgs/include/px4_msgs/px4_msgs/msg/detail/sensor_gyro_fifo__struct.h\n'}
[1.370886] (px4_msgs) StdoutLine: {'line': b'-- Installing: /home/mcfb/ros2_ws/install/px4_msgs/include/px4_msgs/px4_msgs/msg/detail/task_stack_info__type_support.c\n'}
[1.370922] (px4_msgs) StdoutLine: {'line': b'-- Up-to-date: /home/mcfb/ros2_ws/install/px4_msgs/include/px4_msgs/px4_msgs/msg/detail/parameter_update__functions.c\n'}
[1.370956] (px4_msgs) StdoutLine: {'line': b'-- Up-to-date: /home/mcfb/ros2_ws/install/px4_msgs/include/px4_msgs/px4_msgs/msg/detail/orb_test_medium__struct.h\n'}
[1.370992] (px4_msgs) StdoutLine: {'line': b'-- Up-to-date: /home/mcfb/ros2_ws/install/px4_msgs/include/px4_msgs/px4_msgs/msg/detail/sensor_gyro_fifo__type_support.h\n'}
[1.371026] (px4_msgs) StdoutLine: {'line': b'-- Up-to-date: /home/mcfb/ros2_ws/install/px4_msgs/include/px4_msgs/px4_msgs/msg/detail/estimator_aid_source2d__description.c\n'}
[1.371060] (px4_msgs) StdoutLine: {'line': b'-- Up-to-date: /home/mcfb/ros2_ws/install/px4_msgs/include/px4_msgs/px4_msgs/msg/detail/mag_worker_data__functions.h\n'}
[1.371093] (px4_msgs) StdoutLine: {'line': b'-- Up-to-date: /home/mcfb/ros2_ws/install/px4_msgs/include/px4_msgs/px4_msgs/msg/detail/sensor_uwb__functions.c\n'}
[1.371125] (px4_msgs) StdoutLine: {'line': b'-- Up-to-date: /home/mcfb/ros2_ws/install/px4_msgs/include/px4_msgs/px4_msgs/msg/detail/trajectory_setpoint__functions.h\n'}
[1.371159] (px4_msgs) StdoutLine: {'line': b'-- Installing: /home/mcfb/ros2_ws/install/px4_msgs/include/px4_msgs/px4_msgs/msg/detail/register_ext_component_request__type_support.c\n'}
[1.371198] (px4_msgs) StdoutLine: {'line': b'-- Up-to-date: /home/mcfb/ros2_ws/install/px4_msgs/include/px4_msgs/px4_msgs/msg/detail/rover_attitude_setpoint__functions.c\n'}
[1.371233] (px4_msgs) StdoutLine: {'line': b'-- Up-to-date: /home/mcfb/ros2_ws/install/px4_msgs/include/px4_msgs/px4_msgs/msg/detail/actuator_test__description.c\n'}
[1.371266] (px4_msgs) StdoutLine: {'line': b'-- Up-to-date: /home/mcfb/ros2_ws/install/px4_msgs/include/px4_msgs/px4_msgs/msg/detail/can_interface_status__struct.h\n'}
[1.371299] (px4_msgs) StdoutLine: {'line': b'-- Installing: /home/mcfb/ros2_ws/install/px4_msgs/include/px4_msgs/px4_msgs/msg/detail/vehicle_thrust_setpoint__type_support.c\n'}
[1.371334] (px4_msgs) StdoutLine: {'line': b'-- Up-to-date: /home/mcfb/ros2_ws/install/px4_msgs/include/px4_msgs/px4_msgs/msg/detail/power_button_state__struct.h\n'}
[1.371367] (px4_msgs) StdoutLine: {'line': b'-- Up-to-date: /home/mcfb/ros2_ws/install/px4_msgs/include/px4_msgs/px4_msgs/msg/detail/rover_speed_setpoint__type_support.h\n'}
[1.371404] (px4_msgs) StdoutLine: {'line': b'-- Up-to-date: /home/mcfb/ros2_ws/install/px4_msgs/include/px4_msgs/px4_msgs/msg/detail/gpio_out__functions.c\n'}
[1.371437] (px4_msgs) StdoutLine: {'line': b'-- Up-to-date: /home/mcfb/ros2_ws/install/px4_msgs/include/px4_msgs/px4_msgs/msg/detail/follow_target__struct.h\n'}
[1.371472] (px4_msgs) StdoutLine: {'line': b'-- Up-to-date: /home/mcfb/ros2_ws/install/px4_msgs/include/px4_msgs/px4_msgs/msg/detail/vehicle_imu_status__type_support.h\n'}
[1.371505] (px4_msgs) StdoutLine: {'line': b'-- Up-to-date: /home/mcfb/ros2_ws/install/px4_msgs/include/px4_msgs/px4_msgs/msg/detail/sensor_optical_flow__description.c\n'}
[1.371541] (px4_msgs) StdoutLine: {'line': b'-- Up-to-date: /home/mcfb/ros2_ws/install/px4_msgs/include/px4_msgs/px4_msgs/msg/detail/rover_speed_setpoint__functions.c\n'}
[1.371574] (px4_msgs) StdoutLine: {'line': b'-- Up-to-date: /home/mcfb/ros2_ws/install/px4_msgs/include/px4_msgs/px4_msgs/msg/detail/power_monitor__functions.c\n'}
[1.371607] (px4_msgs) StdoutLine: {'line': b'-- Up-to-date: /home/mcfb/ros2_ws/install/px4_msgs/include/px4_msgs/px4_msgs/msg/detail/open_drone_id_arm_status__type_support.h\n'}
[1.371641] (px4_msgs) StdoutLine: {'line': b'-- Up-to-date: /home/mcfb/ros2_ws/install/px4_msgs/include/px4_msgs/px4_msgs/msg/detail/qshell_retval__struct.h\n'}
[1.371674] (px4_msgs) StdoutLine: {'line': b'-- Installing: /home/mcfb/ros2_ws/install/px4_msgs/include/px4_msgs/px4_msgs/msg/detail/estimator_sensor_bias__type_support.c\n'}
[1.371706] (px4_msgs) StdoutLine: {'line': b'-- Up-to-date: /home/mcfb/ros2_ws/install/px4_msgs/include/px4_msgs/px4_msgs/msg/detail/sensor_gnss_relative__type_support.h\n'}
[1.371739] (px4_msgs) StdoutLine: {'line': b'-- Installing: /home/mcfb/ros2_ws/install/px4_msgs/include/px4_msgs/px4_msgs/msg/detail/gps_inject_data__type_support.c\n'}
[1.371773] (px4_msgs) StdoutLine: {'line': b'-- Up-to-date: /home/mcfb/ros2_ws/install/px4_msgs/include/px4_msgs/px4_msgs/msg/detail/telemetry_status__struct.h\n'}
[1.371808] (px4_msgs) StdoutLine: {'line': b'-- Up-to-date: /home/mcfb/ros2_ws/install/px4_msgs/include/px4_msgs/px4_msgs/msg/detail/vehicle_constraints__functions.h\n'}
[1.371851] (px4_msgs) StdoutLine: {'line': b'-- Up-to-date: /home/mcfb/ros2_ws/install/px4_msgs/include/px4_msgs/px4_msgs/msg/detail/sensor_optical_flow__functions.h\n'}
[1.371886] (px4_msgs) StdoutLine: {'line': b'-- Installing: /home/mcfb/ros2_ws/install/px4_msgs/include/px4_msgs/px4_msgs/msg/detail/wind__type_support.c\n'}
[1.371921] (px4_msgs) StdoutLine: {'line': b'-- Up-to-date: /home/mcfb/ros2_ws/install/px4_msgs/include/px4_msgs/px4_msgs/msg/detail/rtl_time_estimate__functions.h\n'}
[1.371956] (px4_msgs) StdoutLine: {'line': b'-- Up-to-date: /home/mcfb/ros2_ws/install/px4_msgs/include/px4_msgs/px4_msgs/msg/detail/sensor_uwb__type_support.h\n'}
[1.371991] (px4_msgs) StdoutLine: {'line': b'-- Up-to-date: /home/mcfb/ros2_ws/install/px4_msgs/include/px4_msgs/px4_msgs/msg/detail/gimbal_device_set_attitude__struct.h\n'}
[1.372025] (px4_msgs) StdoutLine: {'line': b'-- Up-to-date: /home/mcfb/ros2_ws/install/px4_msgs/include/px4_msgs/px4_msgs/msg/detail/open_drone_id_arm_status__functions.c\n'}
[1.372061] (px4_msgs) StdoutLine: {'line': b'-- Up-to-date: /home/mcfb/ros2_ws/install/px4_msgs/include/px4_msgs/px4_msgs/msg/detail/irlock_report__type_support.h\n'}
[1.372093] (px4_msgs) StdoutLine: {'line': b'-- Up-to-date: /home/mcfb/ros2_ws/install/px4_msgs/include/px4_msgs/px4_msgs/msg/detail/estimator_status__struct.h\n'}
[1.372126] (px4_msgs) StdoutLine: {'line': b'-- Installing: /home/mcfb/ros2_ws/install/px4_msgs/include/px4_msgs/px4_msgs/msg/detail/rover_steering_setpoint__type_support.c\n'}
[1.372159] (px4_msgs) StdoutLine: {'line': b'-- Up-to-date: /home/mcfb/ros2_ws/install/px4_msgs/include/px4_msgs/px4_msgs/msg/detail/gpio_config__type_support.h\n'}
[1.372192] (px4_msgs) StdoutLine: {'line': b'-- Up-to-date: /home/mcfb/ros2_ws/install/px4_msgs/include/px4_msgs/px4_msgs/msg/detail/rtl_status__type_support.h\n'}
[1.372230] (px4_msgs) StdoutLine: {'line': b'-- Installing: /home/mcfb/ros2_ws/install/px4_msgs/include/px4_msgs/px4_msgs/msg/detail/satellite_info__type_support.c\n'}
[1.372264] (px4_msgs) StdoutLine: {'line': b'-- Up-to-date: /home/mcfb/ros2_ws/install/px4_msgs/include/px4_msgs/px4_msgs/msg/detail/gimbal_device_set_attitude__type_support.h\n'}
[1.372299] (px4_msgs) StdoutLine: {'line': b'-- Up-to-date: /home/mcfb/ros2_ws/install/px4_msgs/include/px4_msgs/px4_msgs/msg/detail/differential_pressure__functions.h\n'}
[1.372333] (px4_msgs) StdoutLine: {'line': b'-- Installing: /home/mcfb/ros2_ws/install/px4_msgs/include/px4_msgs/px4_msgs/msg/detail/adc_report__type_support.c\n'}
[1.372371] (px4_msgs) StdoutLine: {'line': b'-- Up-to-date: /home/mcfb/ros2_ws/install/px4_msgs/include/px4_msgs/px4_msgs/msg/detail/gimbal_controls__functions.c\n'}
[1.372406] (px4_msgs) StdoutLine: {'line': b'-- Up-to-date: /home/mcfb/ros2_ws/install/px4_msgs/include/px4_msgs/px4_msgs/msg/detail/sensor_mag__functions.c\n'}
[1.372440] (px4_msgs) StdoutLine: {'line': b'-- Up-to-date: /home/mcfb/ros2_ws/install/px4_msgs/include/px4_msgs/px4_msgs/msg/detail/airspeed_wind__type_support.h\n'}
[1.372473] (px4_msgs) StdoutLine: {'line': b'-- Up-to-date: /home/mcfb/ros2_ws/install/px4_msgs/include/px4_msgs/px4_msgs/msg/detail/mag_worker_data__description.c\n'}
[1.372507] (px4_msgs) StdoutLine: {'line': b'-- Up-to-date: /home/mcfb/ros2_ws/install/px4_msgs/include/px4_msgs/px4_msgs/msg/detail/figure_eight_status__description.c\n'}
[1.372540] (px4_msgs) StdoutLine: {'line': b'-- Up-to-date: /home/mcfb/ros2_ws/install/px4_msgs/include/px4_msgs/px4_msgs/msg/detail/vehicle_land_detected__functions.c\n'}
[1.372573] (px4_msgs) StdoutLine: {'line': b'-- Up-to-date: /home/mcfb/ros2_ws/install/px4_msgs/include/px4_msgs/px4_msgs/msg/detail/uavcan_parameter_request__description.c\n'}
[1.372606] (px4_msgs) StdoutLine: {'line': b'-- Up-to-date: /home/mcfb/ros2_ws/install/px4_msgs/include/px4_msgs/px4_msgs/msg/detail/vehicle_control_mode__description.c\n'}
[1.372641] (px4_msgs) StdoutLine: {'line': b'-- Up-to-date: /home/mcfb/ros2_ws/install/px4_msgs/include/px4_msgs/px4_msgs/msg/detail/open_drone_id_system__description.c\n'}
[1.372676] (px4_msgs) StdoutLine: {'line': b'-- Installing: /home/mcfb/ros2_ws/install/px4_msgs/include/px4_msgs/px4_msgs/msg/detail/sensor_gyro_fifo__type_support.c\n'}
[1.372710] (px4_msgs) StdoutLine: {'line': b'-- Up-to-date: /home/mcfb/ros2_ws/install/px4_msgs/include/px4_msgs/px4_msgs/msg/detail/event__struct.h\n'}
[1.372745] (px4_msgs) StdoutLine: {'line': b'-- Installing: /home/mcfb/ros2_ws/install/px4_msgs/include/px4_msgs/px4_msgs/msg/detail/gpio_request__type_support.c\n'}
[1.372779] (px4_msgs) StdoutLine: {'line': b'-- Up-to-date: /home/mcfb/ros2_ws/install/px4_msgs/include/px4_msgs/px4_msgs/msg/detail/sensor_gnss_relative__functions.h\n'}
[1.372812] (px4_msgs) StdoutLine: {'line': b'-- Up-to-date: /home/mcfb/ros2_ws/install/px4_msgs/include/px4_msgs/px4_msgs/msg/detail/actuator_controls_status__description.c\n'}
[1.372851] (px4_msgs) StdoutLine: {'line': b'-- Up-to-date: /home/mcfb/ros2_ws/install/px4_msgs/include/px4_msgs/px4_msgs/msg/detail/tecs_status__functions.c\n'}
[1.372886] (px4_msgs) StdoutLine: {'line': b'-- Up-to-date: /home/mcfb/ros2_ws/install/px4_msgs/include/px4_msgs/px4_msgs/msg/detail/gimbal_device_attitude_status__description.c\n'}
[1.372920] (px4_msgs) StdoutLine: {'line': b'-- Up-to-date: /home/mcfb/ros2_ws/install/px4_msgs/include/px4_msgs/px4_msgs/msg/detail/position_controller_landing_status__functions.c\n'}
[1.372955] (px4_msgs) StdoutLine: {'line': b'-- Up-to-date: /home/mcfb/ros2_ws/install/px4_msgs/include/px4_msgs/px4_msgs/msg/detail/vehicle_command__description.c\n'}
[1.372992] (px4_msgs) StdoutLine: {'line': b'-- Up-to-date: /home/mcfb/ros2_ws/install/px4_msgs/include/px4_msgs/px4_msgs/msg/detail/heater_status__type_support.h\n'}
[1.373026] (px4_msgs) StdoutLine: {'line': b'-- Up-to-date: /home/mcfb/ros2_ws/install/px4_msgs/include/px4_msgs/px4_msgs/msg/detail/wind__type_support.h\n'}
[1.373063] (px4_msgs) StdoutLine: {'line': b'-- Installing: /home/mcfb/ros2_ws/install/px4_msgs/include/px4_msgs/px4_msgs/msg/detail/mission_result__type_support.c\n'}
[1.373097] (px4_msgs) StdoutLine: {'line': b'-- Up-to-date: /home/mcfb/ros2_ws/install/px4_msgs/include/px4_msgs/px4_msgs/msg/detail/position_controller_status__type_support.h\n'}
[1.373131] (px4_msgs) StdoutLine: {'line': b'-- Up-to-date: /home/mcfb/ros2_ws/install/px4_msgs/include/px4_msgs/px4_msgs/msg/detail/fuel_tank_status__description.c\n'}
[1.373163] (px4_msgs) StdoutLine: {'line': b'-- Up-to-date: /home/mcfb/ros2_ws/install/px4_msgs/include/px4_msgs/px4_msgs/msg/detail/sensor_gyro_fft__description.c\n'}
[1.373197] (px4_msgs) StdoutLine: {'line': b'-- Up-to-date: /home/mcfb/ros2_ws/install/px4_msgs/include/px4_msgs/px4_msgs/msg/detail/mavlink_tunnel__description.c\n'}
[1.373230] (px4_msgs) StdoutLine: {'line': b'-- Up-to-date: /home/mcfb/ros2_ws/install/px4_msgs/include/px4_msgs/px4_msgs/msg/detail/esc_status__struct.h\n'}
[1.373263] (px4_msgs) StdoutLine: {'line': b'-- Up-to-date: /home/mcfb/ros2_ws/install/px4_msgs/include/px4_msgs/px4_msgs/msg/detail/button_event__description.c\n'}
[1.373296] (px4_msgs) StdoutLine: {'line': b'-- Up-to-date: /home/mcfb/ros2_ws/install/px4_msgs/include/px4_msgs/px4_msgs/msg/detail/vehicle_command__functions.h\n'}
[1.373328] (px4_msgs) StdoutLine: {'line': b'-- Up-to-date: /home/mcfb/ros2_ws/install/px4_msgs/include/px4_msgs/px4_msgs/msg/detail/sensor_baro__functions.h\n'}
[1.373363] (px4_msgs) StdoutLine: {'line': b'-- Up-to-date: /home/mcfb/ros2_ws/install/px4_msgs/include/px4_msgs/px4_msgs/msg/detail/actuator_motors__functions.h\n'}
[1.373396] (px4_msgs) StdoutLine: {'line': b'-- Up-to-date: /home/mcfb/ros2_ws/install/px4_msgs/include/px4_msgs/px4_msgs/msg/detail/vehicle_status__description.c\n'}
[1.373430] (px4_msgs) StdoutLine: {'line': b'-- Up-to-date: /home/mcfb/ros2_ws/install/px4_msgs/include/px4_msgs/px4_msgs/msg/detail/mount_orientation__type_support.h\n'}
[1.373464] (px4_msgs) StdoutLine: {'line': b'-- Up-to-date: /home/mcfb/ros2_ws/install/px4_msgs/include/px4_msgs/px4_msgs/msg/detail/differential_pressure__struct.h\n'}
[1.373497] (px4_msgs) StdoutLine: {'line': b'-- Up-to-date: /home/mcfb/ros2_ws/install/px4_msgs/include/px4_msgs/px4_msgs/msg/detail/position_setpoint__type_support.h\n'}
[1.373536] (px4_msgs) StdoutLine: {'line': b'-- Up-to-date: /home/mcfb/ros2_ws/install/px4_msgs/include/px4_msgs/px4_msgs/msg/detail/register_ext_component_reply__type_support.h\n'}
[1.373569] (px4_msgs) StdoutLine: {'line': b'-- Installing: /home/mcfb/ros2_ws/install/px4_msgs/include/px4_msgs/px4_msgs/msg/detail/vehicle_global_position__type_support.c\n'}
[1.373603] (px4_msgs) StdoutLine: {'line': b'-- Up-to-date: /home/mcfb/ros2_ws/install/px4_msgs/include/px4_msgs/px4_msgs/msg/detail/orb_test_large__description.c\n'}
[1.373637] (px4_msgs) StdoutLine: {'line': b'-- Up-to-date: /home/mcfb/ros2_ws/install/px4_msgs/include/px4_msgs/px4_msgs/msg/detail/parameter_set_value_response__struct.h\n'}
[1.373672] (px4_msgs) StdoutLine: {'line': b'-- Up-to-date: /home/mcfb/ros2_ws/install/px4_msgs/include/px4_msgs/px4_msgs/msg/detail/vehicle_control_mode__struct.h\n'}
[1.373706] (px4_msgs) StdoutLine: {'line': b'-- Up-to-date: /home/mcfb/ros2_ws/install/px4_msgs/include/px4_msgs/px4_msgs/msg/detail/system_power__type_support.h\n'}
[1.373740] (px4_msgs) StdoutLine: {'line': b'-- Up-to-date: /home/mcfb/ros2_ws/install/px4_msgs/include/px4_msgs/px4_msgs/msg/detail/rover_rate_status__description.c\n'}
[1.373772] (px4_msgs) StdoutLine: {'line': b'-- Up-to-date: /home/mcfb/ros2_ws/install/px4_msgs/include/px4_msgs/px4_msgs/msg/detail/magnetometer_bias_estimate__description.c\n'}
[1.373807] (px4_msgs) StdoutLine: {'line': b'-- Up-to-date: /home/mcfb/ros2_ws/install/px4_msgs/include/px4_msgs/px4_msgs/msg/detail/vehicle_thrust_setpoint__functions.c\n'}
[1.373840] (px4_msgs) StdoutLine: {'line': b'-- Up-to-date: /home/mcfb/ros2_ws/install/px4_msgs/include/px4_msgs/px4_msgs/msg/detail/follow_target_estimator__type_support.h\n'}
[1.373883] (px4_msgs) StdoutLine: {'line': b'-- Up-to-date: /home/mcfb/ros2_ws/install/px4_msgs/include/px4_msgs/px4_msgs/msg/detail/distance_sensor_mode_change_request__functions.h\n'}
[1.373917] (px4_msgs) StdoutLine: {'line': b'-- Up-to-date: /home/mcfb/ros2_ws/install/px4_msgs/include/px4_msgs/px4_msgs/msg/detail/mag_worker_data__functions.c\n'}
[1.373951] (px4_msgs) StdoutLine: {'line': b'-- Up-to-date: /home/mcfb/ros2_ws/install/px4_msgs/include/px4_msgs/px4_msgs/msg/detail/vehicle_global_position__struct.h\n'}
[1.373985] (px4_msgs) StdoutLine: {'line': b'-- Up-to-date: /home/mcfb/ros2_ws/install/px4_msgs/include/px4_msgs/px4_msgs/msg/detail/estimator_gps_status__functions.h\n'}
[1.374018] (px4_msgs) StdoutLine: {'line': b'-- Up-to-date: /home/mcfb/ros2_ws/install/px4_msgs/include/px4_msgs/px4_msgs/msg/detail/camera_capture__type_support.h\n'}
[1.374053] (px4_msgs) StdoutLine: {'line': b'-- Up-to-date: /home/mcfb/ros2_ws/install/px4_msgs/include/px4_msgs/px4_msgs/msg/detail/dataman_response__functions.c\n'}
[1.374088] (px4_msgs) StdoutLine: {'line': b'-- Up-to-date: /home/mcfb/ros2_ws/install/px4_msgs/include/px4_msgs/px4_msgs/msg/detail/button_event__functions.h\n'}
[1.374122] (px4_msgs) StdoutLine: {'line': b'-- Up-to-date: /home/mcfb/ros2_ws/install/px4_msgs/include/px4_msgs/px4_msgs/msg/detail/yaw_estimator_status__functions.c\n'}
[1.374155] (px4_msgs) StdoutLine: {'line': b'-- Installing: /home/mcfb/ros2_ws/install/px4_msgs/include/px4_msgs/px4_msgs/msg/detail/vehicle_optical_flow__type_support.c\n'}
[1.374189] (px4_msgs) StdoutLine: {'line': b'-- Up-to-date: /home/mcfb/ros2_ws/install/px4_msgs/include/px4_msgs/px4_msgs/msg/detail/button_event__type_support.h\n'}
[1.374222] (px4_msgs) StdoutLine: {'line': b'-- Up-to-date: /home/mcfb/ros2_ws/install/px4_msgs/include/px4_msgs/px4_msgs/msg/detail/mount_orientation__functions.c\n'}
[1.374256] (px4_msgs) StdoutLine: {'line': b'-- Up-to-date: /home/mcfb/ros2_ws/install/px4_msgs/include/px4_msgs/px4_msgs/msg/detail/ekf2_timestamps__description.c\n'}
[1.374290] (px4_msgs) StdoutLine: {'line': b'-- Up-to-date: /home/mcfb/ros2_ws/install/px4_msgs/include/px4_msgs/px4_msgs/msg/detail/actuator_servos_trim__type_support.h\n'}
[1.374342] (px4_msgs) StdoutLine: {'line': b'-- Up-to-date: /home/mcfb/ros2_ws/install/px4_msgs/include/px4_msgs/px4_msgs/msg/detail/rate_ctrl_status__functions.h\n'}
[1.374380] (px4_msgs) StdoutLine: {'line': b'-- Up-to-date: /home/mcfb/ros2_ws/install/px4_msgs/include/px4_msgs/px4_msgs/msg/detail/follow_target_status__functions.c\n'}
[1.374415] (px4_msgs) StdoutLine: {'line': b'-- Up-to-date: /home/mcfb/ros2_ws/install/px4_msgs/include/px4_msgs/px4_msgs/msg/detail/orbit_status__functions.h\n'}
[1.374450] (px4_msgs) StdoutLine: {'line': b'-- Up-to-date: /home/mcfb/ros2_ws/install/px4_msgs/include/px4_msgs/px4_msgs/msg/detail/satellite_info__struct.h\n'}
[1.374483] (px4_msgs) StdoutLine: {'line': b'-- Up-to-date: /home/mcfb/ros2_ws/install/px4_msgs/include/px4_msgs/px4_msgs/msg/detail/vtol_vehicle_status__functions.h\n'}
[1.374519] (px4_msgs) StdoutLine: {'line': b'-- Up-to-date: /home/mcfb/ros2_ws/install/px4_msgs/include/px4_msgs/px4_msgs/msg/detail/sensors_status_imu__description.c\n'}
[1.374554] (px4_msgs) StdoutLine: {'line': b'-- Up-to-date: /home/mcfb/ros2_ws/install/px4_msgs/include/px4_msgs/px4_msgs/msg/detail/vehicle_magnetometer__description.c\n'}
[1.374603] (px4_msgs) StdoutLine: {'line': b'-- Installing: /home/mcfb/ros2_ws/install/px4_msgs/include/px4_msgs/px4_msgs/msg/detail/longitudinal_control_configuration__type_support.c\n'}
[1.374651] (px4_msgs) StdoutLine: {'line': b'-- Up-to-date: /home/mcfb/ros2_ws/install/px4_msgs/include/px4_msgs/px4_msgs/msg/detail/action_request__struct.h\n'}
[1.374697] (px4_msgs) StdoutLine: {'line': b'-- Up-to-date: /home/mcfb/ros2_ws/install/px4_msgs/include/px4_msgs/px4_msgs/msg/detail/gimbal_manager_set_manual_control__struct.h\n'}
[1.374738] (px4_msgs) StdoutLine: {'line': b'-- Up-to-date: /home/mcfb/ros2_ws/install/px4_msgs/include/px4_msgs/px4_msgs/msg/detail/generator_status__struct.h\n'}
[1.374787] (px4_msgs) StdoutLine: {'line': b'-- Up-to-date: /home/mcfb/ros2_ws/install/px4_msgs/include/px4_msgs/px4_msgs/msg/detail/longitudinal_control_configuration__functions.h\n'}
[1.374826] (px4_msgs) StdoutLine: {'line': b'-- Up-to-date: /home/mcfb/ros2_ws/install/px4_msgs/include/px4_msgs/px4_msgs/msg/detail/vehicle_angular_acceleration_setpoint__description.c\n'}
[1.374867] (px4_msgs) StdoutLine: {'line': b'-- Installing: /home/mcfb/ros2_ws/install/px4_msgs/include/px4_msgs/px4_msgs/msg/detail/onboard_computer_status__type_support.c\n'}
[1.374902] (px4_msgs) StdoutLine: {'line': b'-- Installing: /home/mcfb/ros2_ws/install/px4_msgs/include/px4_msgs/px4_msgs/msg/detail/estimator_bias3d__type_support.c\n'}
[1.374937] (px4_msgs) StdoutLine: {'line': b'-- Up-to-date: /home/mcfb/ros2_ws/install/px4_msgs/include/px4_msgs/px4_msgs/msg/detail/debug_array__type_support.h\n'}
[1.374971] (px4_msgs) StdoutLine: {'line': b'-- Up-to-date: /home/mcfb/ros2_ws/install/px4_msgs/include/px4_msgs/px4_msgs/msg/detail/landing_gear__type_support.h\n'}
[1.375005] (px4_msgs) StdoutLine: {'line': b'-- Up-to-date: /home/mcfb/ros2_ws/install/px4_msgs/include/px4_msgs/px4_msgs/msg/detail/unregister_ext_component__functions.c\n'}
[1.375040] (px4_msgs) StdoutLine: {'line': b'-- Up-to-date: /home/mcfb/ros2_ws/install/px4_msgs/include/px4_msgs/px4_msgs/msg/detail/vehicle_attitude_setpoint__description.c\n'}
[1.375074] (px4_msgs) StdoutLine: {'line': b'-- Up-to-date: /home/mcfb/ros2_ws/install/px4_msgs/include/px4_msgs/px4_msgs/msg/detail/follow_target_estimator__functions.c\n'}
[1.375108] (px4_msgs) StdoutLine: {'line': b'-- Up-to-date: /home/mcfb/ros2_ws/install/px4_msgs/include/px4_msgs/px4_msgs/msg/detail/sensor_hygrometer__description.c\n'}
[1.375142] (px4_msgs) StdoutLine: {'line': b'-- Installing: /home/mcfb/ros2_ws/install/px4_msgs/include/px4_msgs/px4_msgs/msg/detail/debug_array__type_support.c\n'}
[1.375177] (px4_msgs) StdoutLine: {'line': b'-- Installing: /home/mcfb/ros2_ws/install/px4_msgs/include/px4_msgs/px4_msgs/msg/detail/vehicle_command__type_support.c\n'}
[1.375212] (px4_msgs) StdoutLine: {'line': b'-- Up-to-date: /home/mcfb/ros2_ws/install/px4_msgs/include/px4_msgs/px4_msgs/msg/detail/px4io_status__description.c\n'}
[1.375249] (px4_msgs) StdoutLine: {'line': b'-- Installing: /home/mcfb/ros2_ws/install/px4_msgs/include/px4_msgs/px4_msgs/msg/detail/launch_detection_status__type_support.c\n'}
[1.375283] (px4_msgs) StdoutLine: {'line': b'-- Installing: /home/mcfb/ros2_ws/install/px4_msgs/include/px4_msgs/px4_msgs/msg/detail/position_controller_status__type_support.c\n'}
[1.375318] (px4_msgs) StdoutLine: {'line': b'-- Up-to-date: /home/mcfb/ros2_ws/install/px4_msgs/include/px4_msgs/px4_msgs/msg/detail/telemetry_status__functions.c\n'}
[1.375352] (px4_msgs) StdoutLine: {'line': b'-- Up-to-date: /home/mcfb/ros2_ws/install/px4_msgs/include/px4_msgs/px4_msgs/msg/detail/cellular_status__functions.c\n'}
[1.375386] (px4_msgs) StdoutLine: {'line': b'-- Up-to-date: /home/mcfb/ros2_ws/install/px4_msgs/include/px4_msgs/px4_msgs/msg/detail/power_monitor__struct.h\n'}
[1.375420] (px4_msgs) StdoutLine: {'line': b'-- Up-to-date: /home/mcfb/ros2_ws/install/px4_msgs/include/px4_msgs/px4_msgs/msg/detail/estimator_aid_source2d__functions.c\n'}
[1.375454] (px4_msgs) StdoutLine: {'line': b'-- Up-to-date: /home/mcfb/ros2_ws/install/px4_msgs/include/px4_msgs/px4_msgs/msg/detail/debug_array__description.c\n'}
[1.375488] (px4_msgs) StdoutLine: {'line': b'-- Up-to-date: /home/mcfb/ros2_ws/install/px4_msgs/include/px4_msgs/px4_msgs/msg/detail/vehicle_local_position_setpoint__functions.c\n'}
[1.375521] (px4_msgs) StdoutLine: {'line': b'-- Up-to-date: /home/mcfb/ros2_ws/install/px4_msgs/include/px4_msgs/px4_msgs/msg/detail/rover_attitude_status__type_support.h\n'}
[1.375555] (px4_msgs) StdoutLine: {'line': b'-- Up-to-date: /home/mcfb/ros2_ws/install/px4_msgs/include/px4_msgs/px4_msgs/msg/detail/vehicle_torque_setpoint__type_support.h\n'}
[1.375588] (px4_msgs) StdoutLine: {'line': b'-- Installing: /home/mcfb/ros2_ws/install/px4_msgs/include/px4_msgs/px4_msgs/msg/detail/pwm_input__type_support.c\n'}
[1.375624] (px4_msgs) StdoutLine: {'line': b'-- Up-to-date: /home/mcfb/ros2_ws/install/px4_msgs/include/px4_msgs/px4_msgs/msg/detail/follow_target__description.c\n'}
[1.375658] (px4_msgs) StdoutLine: {'line': b'-- Up-to-date: /home/mcfb/ros2_ws/install/px4_msgs/include/px4_msgs/px4_msgs/msg/detail/pure_pursuit_status__type_support.h\n'}
[1.375692] (px4_msgs) StdoutLine: {'line': b'-- Up-to-date: /home/mcfb/ros2_ws/install/px4_msgs/include/px4_msgs/px4_msgs/msg/detail/iridiumsbd_status__type_support.h\n'}
[1.375726] (px4_msgs) StdoutLine: {'line': b'-- Installing: /home/mcfb/ros2_ws/install/px4_msgs/include/px4_msgs/px4_msgs/msg/detail/event__type_support.c\n'}
[1.375759] (px4_msgs) StdoutLine: {'line': b'-- Up-to-date: /home/mcfb/ros2_ws/install/px4_msgs/include/px4_msgs/px4_msgs/msg/detail/sensor_accel_fifo__type_support.h\n'}
[1.375794] (px4_msgs) StdoutLine: {'line': b'-- Up-to-date: /home/mcfb/ros2_ws/install/px4_msgs/include/px4_msgs/px4_msgs/msg/detail/fixed_wing_lateral_status__description.c\n'}
[1.375828] (px4_msgs) StdoutLine: {'line': b'-- Installing: /home/mcfb/ros2_ws/install/px4_msgs/include/px4_msgs/px4_msgs/msg/detail/position_setpoint__type_support.c\n'}
[1.375867] (px4_msgs) StdoutLine: {'line': b'-- Installing: /home/mcfb/ros2_ws/install/px4_msgs/include/px4_msgs/px4_msgs/msg/detail/fixed_wing_lateral_setpoint__type_support.c\n'}
[1.375900] (px4_msgs) StdoutLine: {'line': b'-- Up-to-date: /home/mcfb/ros2_ws/install/px4_msgs/include/px4_msgs/px4_msgs/msg/detail/open_drone_id_operator_id__functions.c\n'}
[1.375943] (px4_msgs) StdoutLine: {'line': b'-- Installing: /home/mcfb/ros2_ws/install/px4_msgs/include/px4_msgs/px4_msgs/msg/detail/neural_control__type_support.c\n'}
[1.375979] (px4_msgs) StdoutLine: {'line': b'-- Up-to-date: /home/mcfb/ros2_ws/install/px4_msgs/include/px4_msgs/px4_msgs/msg/detail/estimator_gps_status__struct.h\n'}
[1.376013] (px4_msgs) StdoutLine: {'line': b'-- Up-to-date: /home/mcfb/ros2_ws/install/px4_msgs/include/px4_msgs/px4_msgs/msg/detail/sensor_gyro_fft__functions.c\n'}
[1.376050] (px4_msgs) StdoutLine: {'line': b'-- Up-to-date: /home/mcfb/ros2_ws/install/px4_msgs/include/px4_msgs/px4_msgs/msg/detail/actuator_controls_status__struct.h\n'}
[1.376087] (px4_msgs) StdoutLine: {'line': b'-- Up-to-date: /home/mcfb/ros2_ws/install/px4_msgs/include/px4_msgs/px4_msgs/msg/detail/vehicle_global_position__functions.c\n'}
[1.376123] (px4_msgs) StdoutLine: {'line': b'-- Up-to-date: /home/mcfb/ros2_ws/install/px4_msgs/include/px4_msgs/px4_msgs/msg/detail/gpio_request__type_support.h\n'}
[1.376159] (px4_msgs) StdoutLine: {'line': b'-- Up-to-date: /home/mcfb/ros2_ws/install/px4_msgs/include/px4_msgs/px4_msgs/msg/detail/register_ext_component_reply__functions.h\n'}
[1.376195] (px4_msgs) StdoutLine: {'line': b'-- Up-to-date: /home/mcfb/ros2_ws/install/px4_msgs/include/px4_msgs/px4_msgs/msg/detail/fixed_wing_runway_control__functions.h\n'}
[1.376230] (px4_msgs) StdoutLine: {'line': b'-- Up-to-date: /home/mcfb/ros2_ws/install/px4_msgs/include/px4_msgs/px4_msgs/msg/detail/vehicle_command_ack__type_support.h\n'}
[1.376265] (px4_msgs) StdoutLine: {'line': b'-- Up-to-date: /home/mcfb/ros2_ws/install/px4_msgs/include/px4_msgs/px4_msgs/msg/detail/can_interface_status__functions.c\n'}
[1.376429] (px4_msgs) StdoutLine: {'line': b'-- Installing: /home/mcfb/ros2_ws/install/px4_msgs/include/px4_msgs/px4_msgs/msg/detail/ulog_stream_ack__type_support.c\n'}
[1.376570] (px4_msgs) StdoutLine: {'line': b'-- Up-to-date: /home/mcfb/ros2_ws/install/px4_msgs/include/px4_msgs/px4_msgs/msg/detail/gpio_config__functions.h\n'}
[1.376638] (px4_msgs) StdoutLine: {'line': b'-- Installing: /home/mcfb/ros2_ws/install/px4_msgs/include/px4_msgs/px4_msgs/msg/detail/sensor_preflight_mag__type_support.c\n'}
[1.376716] (px4_msgs) StdoutLine: {'line': b'-- Up-to-date: /home/mcfb/ros2_ws/install/px4_msgs/include/px4_msgs/px4_msgs/msg/detail/message_format_response__functions.h\n'}
[1.376789] (px4_msgs) StdoutLine: {'line': b'-- Up-to-date: /home/mcfb/ros2_ws/install/px4_msgs/include/px4_msgs/px4_msgs/msg/detail/uavcan_parameter_value__type_support.h\n'}
[1.376864] (px4_msgs) StdoutLine: {'line': b'-- Installing: /home/mcfb/ros2_ws/install/px4_msgs/include/px4_msgs/px4_msgs/msg/detail/vehicle_torque_setpoint__type_support.c\n'}
[1.376919] (px4_msgs) StdoutLine: {'line': b'-- Up-to-date: /home/mcfb/ros2_ws/install/px4_msgs/include/px4_msgs/px4_msgs/msg/detail/debug_value__struct.h\n'}
[1.376993] (px4_msgs) StdoutLine: {'line': b'-- Up-to-date: /home/mcfb/ros2_ws/install/px4_msgs/include/px4_msgs/px4_msgs/msg/detail/hover_thrust_estimate__functions.c\n'}
[1.377139] (px4_msgs) StdoutLine: {'line': b'-- Installing: /home/mcfb/ros2_ws/install/px4_msgs/include/px4_msgs/px4_msgs/msg/detail/fixed_wing_lateral_guidance_status__type_support.c\n'}
[1.377220] (px4_msgs) StdoutLine: {'line': b'-- Up-to-date: /home/mcfb/ros2_ws/install/px4_msgs/include/px4_msgs/px4_msgs/msg/detail/rc_channels__type_support.h\n'}
[1.377267] (px4_msgs) StdoutLine: {'line': b'-- Up-to-date: /home/mcfb/ros2_ws/install/px4_msgs/include/px4_msgs/px4_msgs/msg/detail/mavlink_log__description.c\n'}
[1.377308] (px4_msgs) StdoutLine: {'line': b'-- Up-to-date: /home/mcfb/ros2_ws/install/px4_msgs/include/px4_msgs/px4_msgs/msg/detail/rpm__struct.h\n'}
[1.377346] (px4_msgs) StdoutLine: {'line': b'-- Up-to-date: /home/mcfb/ros2_ws/install/px4_msgs/include/px4_msgs/px4_msgs/msg/detail/position_controller_landing_status__type_support.h\n'}
[1.377387] (px4_msgs) StdoutLine: {'line': b'-- Up-to-date: /home/mcfb/ros2_ws/install/px4_msgs/include/px4_msgs/px4_msgs/msg/detail/vehicle_angular_velocity__functions.c\n'}
[1.377436] (px4_msgs) StdoutLine: {'line': b'-- Installing: /home/mcfb/ros2_ws/install/px4_msgs/include/px4_msgs/px4_msgs/msg/detail/rover_throttle_setpoint__type_support.c\n'}
[1.377480] (px4_msgs) StdoutLine: {'line': b'-- Up-to-date: /home/mcfb/ros2_ws/install/px4_msgs/include/px4_msgs/px4_msgs/msg/detail/vehicle_air_data__functions.c\n'}
[1.377521] (px4_msgs) StdoutLine: {'line': b'-- Up-to-date: /home/mcfb/ros2_ws/install/px4_msgs/include/px4_msgs/px4_msgs/msg/detail/offboard_control_mode__description.c\n'}
[1.377558] (px4_msgs) StdoutLine: {'line': b'-- Up-to-date: /home/mcfb/ros2_ws/install/px4_msgs/include/px4_msgs/px4_msgs/msg/detail/health_report__struct.h\n'}
[1.377596] (px4_msgs) StdoutLine: {'line': b'-- Up-to-date: /home/mcfb/ros2_ws/install/px4_msgs/include/px4_msgs/px4_msgs/msg/detail/vehicle_imu_status__description.c\n'}
[1.377642] (px4_msgs) StdoutLine: {'line': b'-- Installing: /home/mcfb/ros2_ws/install/px4_msgs/include/px4_msgs/px4_msgs/msg/detail/vehicle_roi__type_support.c\n'}
[1.377678] (px4_msgs) StdoutLine: {'line': b'-- Installing: /home/mcfb/ros2_ws/install/px4_msgs/include/px4_msgs/px4_msgs/msg/detail/debug_vect__type_support.c\n'}
[1.377733] (px4_msgs) StdoutLine: {'line': b'-- Up-to-date: /home/mcfb/ros2_ws/install/px4_msgs/include/px4_msgs/px4_msgs/msg/detail/debug_array__struct.h\n'}
[1.377913] (px4_msgs) StdoutLine: {'line': b'-- Installing: /home/mcfb/ros2_ws/install/px4_msgs/include/px4_msgs/px4_msgs/msg/detail/landing_gear_wheel__type_support.c\n'}
[1.378013] (px4_msgs) StdoutLine: {'line': b'-- Up-to-date: /home/mcfb/ros2_ws/install/px4_msgs/include/px4_msgs/px4_msgs/msg/detail/camera_capture__description.c\n'}
[1.378080] (px4_msgs) StdoutLine: {'line': b'-- Up-to-date: /home/mcfb/ros2_ws/install/px4_msgs/include/px4_msgs/px4_msgs/msg/detail/vehicle_optical_flow__description.c\n'}
[1.378132] (px4_msgs) StdoutLine: {'line': b'-- Up-to-date: /home/mcfb/ros2_ws/install/px4_msgs/include/px4_msgs/px4_msgs/msg/detail/gripper__description.c\n'}
[1.378181] (px4_msgs) StdoutLine: {'line': b'-- Installing: /home/mcfb/ros2_ws/install/px4_msgs/include/px4_msgs/px4_msgs/msg/detail/cellular_status__type_support.c\n'}
[1.378264] (px4_msgs) StdoutLine: {'line': b'-- Installing: /home/mcfb/ros2_ws/install/px4_msgs/include/px4_msgs/px4_msgs/msg/detail/sensor_gnss_relative__type_support.c\n'}
[1.378394] (px4_msgs) StdoutLine: {'line': b'-- Up-to-date: /home/mcfb/ros2_ws/install/px4_msgs/include/px4_msgs/px4_msgs/msg/detail/trajectory_setpoint__type_support.h\n'}
[1.378466] (px4_msgs) StdoutLine: {'line': b'-- Up-to-date: /home/mcfb/ros2_ws/install/px4_msgs/include/px4_msgs/px4_msgs/msg/detail/estimator_bias3d__struct.h\n'}
[1.378525] (px4_msgs) StdoutLine: {'line': b'-- Up-to-date: /home/mcfb/ros2_ws/install/px4_msgs/include/px4_msgs/px4_msgs/msg/detail/wheel_encoders__description.c\n'}
[1.378583] (px4_msgs) StdoutLine: {'line': b'-- Up-to-date: /home/mcfb/ros2_ws/install/px4_msgs/include/px4_msgs/px4_msgs/msg/detail/vehicle_command__functions.c\n'}
[1.378643] (px4_msgs) StdoutLine: {'line': b'-- Up-to-date: /home/mcfb/ros2_ws/install/px4_msgs/include/px4_msgs/px4_msgs/msg/detail/gpio_in__description.c\n'}
[1.378710] (px4_msgs) StdoutLine: {'line': b'-- Installing: /home/mcfb/ros2_ws/install/px4_msgs/include/px4_msgs/px4_msgs/msg/detail/geofence_status__type_support.c\n'}
[1.378768] (px4_msgs) StdoutLine: {'line': b'-- Up-to-date: /home/mcfb/ros2_ws/install/px4_msgs/include/px4_msgs/px4_msgs/msg/detail/sensor_accel_fifo__functions.c\n'}
[1.378819] (px4_msgs) StdoutLine: {'line': b'-- Installing: /home/mcfb/ros2_ws/install/px4_msgs/include/px4_msgs/px4_msgs/msg/detail/position_controller_landing_status__type_support.c\n'}
[1.378868] (px4_msgs) StdoutLine: {'line': b'-- Up-to-date: /home/mcfb/ros2_ws/install/px4_msgs/include/px4_msgs/px4_msgs/msg/detail/distance_sensor_mode_change_request__functions.c\n'}
[1.378921] (px4_msgs) StdoutLine: {'line': b'-- Up-to-date: /home/mcfb/ros2_ws/install/px4_msgs/include/px4_msgs/px4_msgs/msg/detail/fixed_wing_lateral_status__struct.h\n'}
[1.378965] (px4_msgs) StdoutLine: {'line': b'-- Installing: /home/mcfb/ros2_ws/install/px4_msgs/include/px4_msgs/px4_msgs/msg/detail/debug_value__type_support.c\n'}
[1.379017] (px4_msgs) StdoutLine: {'line': b'-- Up-to-date: /home/mcfb/ros2_ws/install/px4_msgs/include/px4_msgs/px4_msgs/msg/detail/yaw_estimator_status__type_support.h\n'}
[1.379071] (px4_msgs) StdoutLine: {'line': b'-- Up-to-date: /home/mcfb/ros2_ws/install/px4_msgs/include/px4_msgs/px4_msgs/msg/detail/rate_ctrl_status__description.c\n'}
[1.379118] (px4_msgs) StdoutLine: {'line': b'-- Installing: /home/mcfb/ros2_ws/install/px4_msgs/include/px4_msgs/px4_msgs/msg/detail/gimbal_device_information__type_support.c\n'}
[1.379157] (px4_msgs) StdoutLine: {'line': b'-- Up-to-date: /home/mcfb/ros2_ws/install/px4_msgs/include/px4_msgs/px4_msgs/msg/detail/debug_key_value__struct.h\n'}
[1.379192] (px4_msgs) StdoutLine: {'line': b'-- Up-to-date: /home/mcfb/ros2_ws/install/px4_msgs/include/px4_msgs/px4_msgs/msg/detail/offboard_control_mode__type_support.h\n'}
[1.379241] (px4_msgs) StdoutLine: {'line': b'-- Installing: /home/mcfb/ros2_ws/install/px4_msgs/include/px4_msgs/px4_msgs/msg/detail/estimator_status__type_support.c\n'}
[1.379287] (px4_msgs) StdoutLine: {'line': b'-- Up-to-date: /home/mcfb/ros2_ws/install/px4_msgs/include/px4_msgs/px4_msgs/msg/detail/wheel_encoders__functions.h\n'}
[1.379323] (px4_msgs) StdoutLine: {'line': b'-- Installing: /home/mcfb/ros2_ws/install/px4_msgs/include/px4_msgs/px4_msgs/msg/detail/rc_parameter_map__type_support.c\n'}
[1.379359] (px4_msgs) StdoutLine: {'line': b'-- Up-to-date: /home/mcfb/ros2_ws/install/px4_msgs/include/px4_msgs/px4_msgs/msg/detail/cpuload__functions.c\n'}
[1.379394] (px4_msgs) StdoutLine: {'line': b'-- Up-to-date: /home/mcfb/ros2_ws/install/px4_msgs/include/px4_msgs/px4_msgs/msg/detail/orb_test_large__functions.h\n'}
[1.379430] (px4_msgs) StdoutLine: {'line': b'-- Installing: /home/mcfb/ros2_ws/install/px4_msgs/include/px4_msgs/px4_msgs/msg/detail/sensor_gyro_fft__type_support.c\n'}
[1.379463] (px4_msgs) StdoutLine: {'line': b'-- Up-to-date: /home/mcfb/ros2_ws/install/px4_msgs/include/px4_msgs/px4_msgs/msg/detail/vehicle_acceleration__description.c\n'}
[1.379499] (px4_msgs) StdoutLine: {'line': b'-- Up-to-date: /home/mcfb/ros2_ws/install/px4_msgs/include/px4_msgs/px4_msgs/msg/detail/estimator_bias__functions.c\n'}
[1.379533] (px4_msgs) StdoutLine: {'line': b'-- Up-to-date: /home/mcfb/ros2_ws/install/px4_msgs/include/px4_msgs/px4_msgs/msg/detail/vehicle_local_position_setpoint__struct.h\n'}
[1.379573] (px4_msgs) StdoutLine: {'line': b'-- Up-to-date: /home/mcfb/ros2_ws/install/px4_msgs/include/px4_msgs/px4_msgs/msg/detail/sensor_correction__functions.h\n'}
[1.379617] (px4_msgs) StdoutLine: {'line': b'-- Installing: /home/mcfb/ros2_ws/install/px4_msgs/include/px4_msgs/px4_msgs/msg/detail/airspeed_wind__type_support.c\n'}
[1.379669] (px4_msgs) StdoutLine: {'line': b'-- Up-to-date: /home/mcfb/ros2_ws/install/px4_msgs/include/px4_msgs/px4_msgs/msg/detail/mission_result__struct.h\n'}
[1.379720] (px4_msgs) StdoutLine: {'line': b'-- Up-to-date: /home/mcfb/ros2_ws/install/px4_msgs/include/px4_msgs/px4_msgs/msg/detail/fixed_wing_longitudinal_setpoint__functions.h\n'}
[1.379779] (px4_msgs) StdoutLine: {'line': b'-- Up-to-date: /home/mcfb/ros2_ws/install/px4_msgs/include/px4_msgs/px4_msgs/msg/detail/vehicle_rates_setpoint__type_support.h\n'}
[1.379828] (px4_msgs) StdoutLine: {'line': b'-- Up-to-date: /home/mcfb/ros2_ws/install/px4_msgs/include/px4_msgs/px4_msgs/msg/detail/actuator_motors__description.c\n'}
[1.379885] (px4_msgs) StdoutLine: {'line': b'-- Up-to-date: /home/mcfb/ros2_ws/install/px4_msgs/include/px4_msgs/px4_msgs/msg/detail/actuator_controls_status__functions.h\n'}
[1.379941] (px4_msgs) StdoutLine: {'line': b'-- Up-to-date: /home/mcfb/ros2_ws/install/px4_msgs/include/px4_msgs/px4_msgs/msg/detail/px4io_status__functions.c\n'}
[1.379996] (px4_msgs) StdoutLine: {'line': b'-- Up-to-date: /home/mcfb/ros2_ws/install/px4_msgs/include/px4_msgs/px4_msgs/msg/detail/longitudinal_control_configuration__type_support.h\n'}
[1.380044] (px4_msgs) StdoutLine: {'line': b'-- Up-to-date: /home/mcfb/ros2_ws/install/px4_msgs/include/px4_msgs/px4_msgs/msg/detail/event__functions.h\n'}
[1.380102] (px4_msgs) StdoutLine: {'line': b'-- Up-to-date: /home/mcfb/ros2_ws/install/px4_msgs/include/px4_msgs/px4_msgs/msg/detail/navigator_status__functions.h\n'}
[1.380150] (px4_msgs) StdoutLine: {'line': b'-- Up-to-date: /home/mcfb/ros2_ws/install/px4_msgs/include/px4_msgs/px4_msgs/msg/detail/trajectory_setpoint__functions.c\n'}
[1.380190] (px4_msgs) StdoutLine: {'line': b'-- Up-to-date: /home/mcfb/ros2_ws/install/px4_msgs/include/px4_msgs/px4_msgs/msg/detail/ulog_stream_ack__functions.c\n'}
[1.380227] (px4_msgs) StdoutLine: {'line': b'-- Up-to-date: /home/mcfb/ros2_ws/install/px4_msgs/include/px4_msgs/px4_msgs/msg/detail/follow_target_status__type_support.h\n'}
[1.380265] (px4_msgs) StdoutLine: {'line': b'-- Up-to-date: /home/mcfb/ros2_ws/install/px4_msgs/include/px4_msgs/px4_msgs/msg/detail/uavcan_parameter_request__struct.h\n'}
[1.380300] (px4_msgs) StdoutLine: {'line': b'-- Installing: /home/mcfb/ros2_ws/install/px4_msgs/include/px4_msgs/px4_msgs/msg/detail/vehicle_rates_setpoint__type_support.c\n'}
[1.380336] (px4_msgs) StdoutLine: {'line': b'-- Up-to-date: /home/mcfb/ros2_ws/install/px4_msgs/include/px4_msgs/px4_msgs/msg/detail/internal_combustion_engine_status__functions.h\n'}
[1.380373] (px4_msgs) StdoutLine: {'line': b'-- Up-to-date: /home/mcfb/ros2_ws/install/px4_msgs/include/px4_msgs/px4_msgs/msg/detail/vehicle_magnetometer__type_support.h\n'}
[1.380415] (px4_msgs) StdoutLine: {'line': b'-- Up-to-date: /home/mcfb/ros2_ws/install/px4_msgs/include/px4_msgs/px4_msgs/msg/detail/gimbal_manager_information__description.c\n'}
[1.380454] (px4_msgs) StdoutLine: {'line': b'-- Up-to-date: /home/mcfb/ros2_ws/install/px4_msgs/include/px4_msgs/px4_msgs/msg/detail/gpio_in__type_support.h\n'}
[1.380490] (px4_msgs) StdoutLine: {'line': b'-- Up-to-date: /home/mcfb/ros2_ws/install/px4_msgs/include/px4_msgs/px4_msgs/msg/detail/distance_sensor__type_support.h\n'}
[1.380527] (px4_msgs) StdoutLine: {'line': b'-- Up-to-date: /home/mcfb/ros2_ws/install/px4_msgs/include/px4_msgs/px4_msgs/msg/detail/collision_constraints__type_support.h\n'}
[1.380566] (px4_msgs) StdoutLine: {'line': b'-- Up-to-date: /home/mcfb/ros2_ws/install/px4_msgs/include/px4_msgs/px4_msgs/msg/detail/magnetometer_bias_estimate__type_support.h\n'}
[1.380600] (px4_msgs) StdoutLine: {'line': b'-- Installing: /home/mcfb/ros2_ws/install/px4_msgs/include/px4_msgs/px4_msgs/msg/detail/power_monitor__type_support.c\n'}
[1.380639] (px4_msgs) StdoutLine: {'line': b'-- Up-to-date: /home/mcfb/ros2_ws/install/px4_msgs/include/px4_msgs/px4_msgs/msg/detail/cellular_status__functions.h\n'}
[1.380674] (px4_msgs) StdoutLine: {'line': b'-- Up-to-date: /home/mcfb/ros2_ws/install/px4_msgs/include/px4_msgs/px4_msgs/msg/detail/parameter_set_value_request__functions.c\n'}
[1.380709] (px4_msgs) StdoutLine: {'line': b'-- Up-to-date: /home/mcfb/ros2_ws/install/px4_msgs/include/px4_msgs/px4_msgs/msg/detail/gimbal_device_attitude_status__functions.c\n'}
[1.380744] (px4_msgs) StdoutLine: {'line': b'-- Up-to-date: /home/mcfb/ros2_ws/install/px4_msgs/include/px4_msgs/px4_msgs/msg/detail/camera_status__type_support.h\n'}
[1.380778] (px4_msgs) StdoutLine: {'line': b'-- Up-to-date: /home/mcfb/ros2_ws/install/px4_msgs/include/px4_msgs/px4_msgs/msg/detail/distance_sensor__functions.c\n'}
[1.380812] (px4_msgs) StdoutLine: {'line': b'-- Up-to-date: /home/mcfb/ros2_ws/install/px4_msgs/include/px4_msgs/px4_msgs/msg/detail/uavcan_parameter_request__functions.c\n'}
[1.380850] (px4_msgs) StdoutLine: {'line': b'-- Installing: /home/mcfb/ros2_ws/install/px4_msgs/include/px4_msgs/px4_msgs/msg/detail/sensor_airflow__type_support.c\n'}
[1.380886] (px4_msgs) StdoutLine: {'line': b'-- Up-to-date: /home/mcfb/ros2_ws/install/px4_msgs/include/px4_msgs/px4_msgs/msg/detail/landing_target_pose__functions.c\n'}
[1.380922] (px4_msgs) StdoutLine: {'line': b'-- Up-to-date: /home/mcfb/ros2_ws/install/px4_msgs/include/px4_msgs/px4_msgs/msg/detail/can_interface_status__description.c\n'}
[1.380955] (px4_msgs) StdoutLine: {'line': b'-- Up-to-date: /home/mcfb/ros2_ws/install/px4_msgs/include/px4_msgs/px4_msgs/msg/detail/vehicle_attitude__functions.h\n'}
[1.380988] (px4_msgs) StdoutLine: {'line': b'-- Up-to-date: /home/mcfb/ros2_ws/install/px4_msgs/include/px4_msgs/px4_msgs/msg/detail/vehicle_local_position__description.c\n'}
[1.381022] (px4_msgs) StdoutLine: {'line': b'-- Installing: /home/mcfb/ros2_ws/install/px4_msgs/include/px4_msgs/px4_msgs/msg/detail/estimator_aid_source1d__type_support.c\n'}
[1.381054] (px4_msgs) StdoutLine: {'line': b'-- Up-to-date: /home/mcfb/ros2_ws/install/px4_msgs/include/px4_msgs/px4_msgs/msg/detail/vehicle_angular_velocity__description.c\n'}
[1.381088] (px4_msgs) StdoutLine: {'line': b'-- Installing: /home/mcfb/ros2_ws/install/px4_msgs/include/px4_msgs/px4_msgs/msg/detail/actuator_servos__type_support.c\n'}
[1.381126] (px4_msgs) StdoutLine: {'line': b'-- Up-to-date: /home/mcfb/ros2_ws/install/px4_msgs/include/px4_msgs/px4_msgs/msg/detail/mode_completed__description.c\n'}
[1.381160] (px4_msgs) StdoutLine: {'line': b'-- Up-to-date: /home/mcfb/ros2_ws/install/px4_msgs/include/px4_msgs/px4_msgs/msg/detail/sensor_mag__type_support.h\n'}
[1.381193] (px4_msgs) StdoutLine: {'line': b'-- Up-to-date: /home/mcfb/ros2_ws/install/px4_msgs/include/px4_msgs/px4_msgs/msg/detail/landing_gear__description.c\n'}
[1.381230] (px4_msgs) StdoutLine: {'line': b'-- Installing: /home/mcfb/ros2_ws/install/px4_msgs/include/px4_msgs/px4_msgs/msg/detail/rover_attitude_status__type_support.c\n'}
[1.381268] (px4_msgs) StdoutLine: {'line': b'-- Up-to-date: /home/mcfb/ros2_ws/install/px4_msgs/include/px4_msgs/px4_msgs/msg/detail/fixed_wing_longitudinal_setpoint__description.c\n'}
[1.381303] (px4_msgs) StdoutLine: {'line': b'-- Up-to-date: /home/mcfb/ros2_ws/install/px4_msgs/include/px4_msgs/px4_msgs/msg/detail/cellular_status__description.c\n'}
[1.381338] (px4_msgs) StdoutLine: {'line': b'-- Installing: /home/mcfb/ros2_ws/install/px4_msgs/include/px4_msgs/px4_msgs/msg/detail/orb_test__type_support.c\n'}
[1.381373] (px4_msgs) StdoutLine: {'line': b'-- Up-to-date: /home/mcfb/ros2_ws/install/px4_msgs/include/px4_msgs/px4_msgs/msg/detail/estimator_bias__struct.h\n'}
[1.381408] (px4_msgs) StdoutLine: {'line': b'-- Up-to-date: /home/mcfb/ros2_ws/install/px4_msgs/include/px4_msgs/px4_msgs/msg/detail/vehicle_local_position_setpoint__description.c\n'}
[1.381440] (px4_msgs) StdoutLine: {'line': b'-- Up-to-date: /home/mcfb/ros2_ws/install/px4_msgs/include/px4_msgs/px4_msgs/msg/detail/pps_capture__type_support.h\n'}
[1.381476] (px4_msgs) StdoutLine: {'line': b'-- Up-to-date: /home/mcfb/ros2_ws/install/px4_msgs/include/px4_msgs/px4_msgs/msg/detail/uavcan_parameter_value__functions.h\n'}
[1.381509] (px4_msgs) StdoutLine: {'line': b'-- Up-to-date: /home/mcfb/ros2_ws/install/px4_msgs/include/px4_msgs/px4_msgs/msg/detail/manual_control_switches__functions.c\n'}
[1.381544] (px4_msgs) StdoutLine: {'line': b'-- Up-to-date: /home/mcfb/ros2_ws/install/px4_msgs/include/px4_msgs/px4_msgs/msg/detail/manual_control_switches__struct.h\n'}
[1.381577] (px4_msgs) StdoutLine: {'line': b'-- Installing: /home/mcfb/ros2_ws/install/px4_msgs/include/px4_msgs/px4_msgs/msg/detail/vehicle_attitude_setpoint__type_support.c\n'}
[1.381612] (px4_msgs) StdoutLine: {'line': b'-- Up-to-date: /home/mcfb/ros2_ws/install/px4_msgs/include/px4_msgs/px4_msgs/msg/detail/airspeed__struct.h\n'}
[1.381645] (px4_msgs) StdoutLine: {'line': b'-- Up-to-date: /home/mcfb/ros2_ws/install/px4_msgs/include/px4_msgs/px4_msgs/msg/detail/esc_report__functions.c\n'}
[1.381680] (px4_msgs) StdoutLine: {'line': b'-- Up-to-date: /home/mcfb/ros2_ws/install/px4_msgs/include/px4_msgs/px4_msgs/msg/detail/rc_parameter_map__functions.h\n'}
[1.381713] (px4_msgs) StdoutLine: {'line': b'-- Up-to-date: /home/mcfb/ros2_ws/install/px4_msgs/include/px4_msgs/px4_msgs/msg/detail/estimator_event_flags__type_support.h\n'}
[1.381747] (px4_msgs) StdoutLine: {'line': b'-- Up-to-date: /home/mcfb/ros2_ws/install/px4_msgs/include/px4_msgs/px4_msgs/msg/detail/vehicle_torque_setpoint__functions.h\n'}
[1.381781] (px4_msgs) StdoutLine: {'line': b'-- Up-to-date: /home/mcfb/ros2_ws/install/px4_msgs/include/px4_msgs/px4_msgs/msg/detail/gpio_out__description.c\n'}
[1.381817] (px4_msgs) StdoutLine: {'line': b'-- Installing: /home/mcfb/ros2_ws/install/px4_msgs/include/px4_msgs/px4_msgs/msg/detail/flight_phase_estimation__type_support.c\n'}
[1.381858] (px4_msgs) StdoutLine: {'line': b'-- Up-to-date: /home/mcfb/ros2_ws/install/px4_msgs/include/px4_msgs/px4_msgs/msg/detail/vehicle_land_detected__description.c\n'}
[1.381895] (px4_msgs) StdoutLine: {'line': b'-- Up-to-date: /home/mcfb/ros2_ws/install/px4_msgs/include/px4_msgs/px4_msgs/msg/detail/vehicle_local_position__functions.h\n'}
[1.381930] (px4_msgs) StdoutLine: {'line': b'-- Up-to-date: /home/mcfb/ros2_ws/install/px4_msgs/include/px4_msgs/px4_msgs/msg/detail/fixed_wing_longitudinal_setpoint__type_support.h\n'}
[1.381965] (px4_msgs) StdoutLine: {'line': b'-- Up-to-date: /home/mcfb/ros2_ws/install/px4_msgs/include/px4_msgs/px4_msgs/msg/detail/vehicle_roi__description.c\n'}
[1.381999] (px4_msgs) StdoutLine: {'line': b'-- Up-to-date: /home/mcfb/ros2_ws/install/px4_msgs/include/px4_msgs/px4_msgs/msg/detail/rover_attitude_status__functions.h\n'}
[1.382033] (px4_msgs) StdoutLine: {'line': b'-- Up-to-date: /home/mcfb/ros2_ws/install/px4_msgs/include/px4_msgs/px4_msgs/msg/detail/rover_speed_status__struct.h\n'}
[1.382068] (px4_msgs) StdoutLine: {'line': b'-- Up-to-date: /home/mcfb/ros2_ws/install/px4_msgs/include/px4_msgs/px4_msgs/msg/detail/debug_key_value__type_support.h\n'}
[1.382101] (px4_msgs) StdoutLine: {'line': b'-- Up-to-date: /home/mcfb/ros2_ws/install/px4_msgs/include/px4_msgs/px4_msgs/msg/detail/follow_target_estimator__functions.h\n'}
[1.382135] (px4_msgs) StdoutLine: {'line': b'-- Up-to-date: /home/mcfb/ros2_ws/install/px4_msgs/include/px4_msgs/px4_msgs/msg/detail/launch_detection_status__functions.c\n'}
[1.382169] (px4_msgs) StdoutLine: {'line': b'-- Up-to-date: /home/mcfb/ros2_ws/install/px4_msgs/include/px4_msgs/px4_msgs/msg/detail/estimator_status_flags__functions.c\n'}
[1.382202] (px4_msgs) StdoutLine: {'line': b'-- Up-to-date: /home/mcfb/ros2_ws/install/px4_msgs/include/px4_msgs/px4_msgs/msg/detail/gps_dump__functions.h\n'}
[1.382236] (px4_msgs) StdoutLine: {'line': b'-- Up-to-date: /home/mcfb/ros2_ws/install/px4_msgs/include/px4_msgs/px4_msgs/msg/detail/pwm_input__functions.c\n'}
[1.382269] (px4_msgs) StdoutLine: {'line': b'-- Up-to-date: /home/mcfb/ros2_ws/install/px4_msgs/include/px4_msgs/px4_msgs/msg/detail/open_drone_id_system__type_support.h\n'}
[1.382308] (px4_msgs) StdoutLine: {'line': b'-- Up-to-date: /home/mcfb/ros2_ws/install/px4_msgs/include/px4_msgs/px4_msgs/msg/detail/normalized_unsigned_setpoint__description.c\n'}
[1.382344] (px4_msgs) StdoutLine: {'line': b'-- Up-to-date: /home/mcfb/ros2_ws/install/px4_msgs/include/px4_msgs/px4_msgs/msg/detail/sensor_gyro__description.c\n'}
[1.382381] (px4_msgs) StdoutLine: {'line': b'-- Up-to-date: /home/mcfb/ros2_ws/install/px4_msgs/include/px4_msgs/px4_msgs/msg/detail/actuator_servos_trim__functions.h\n'}
[1.382414] (px4_msgs) StdoutLine: {'line': b'-- Up-to-date: /home/mcfb/ros2_ws/install/px4_msgs/include/px4_msgs/px4_msgs/msg/detail/navigator_mission_item__type_support.h\n'}
[1.382446] (px4_msgs) StdoutLine: {'line': b'-- Up-to-date: /home/mcfb/ros2_ws/install/px4_msgs/include/px4_msgs/px4_msgs/msg/detail/vehicle_global_position__type_support.h\n'}
[1.382479] (px4_msgs) StdoutLine: {'line': b'-- Up-to-date: /home/mcfb/ros2_ws/install/px4_msgs/include/px4_msgs/px4_msgs/msg/detail/mount_orientation__struct.h\n'}
[1.382513] (px4_msgs) StdoutLine: {'line': b'-- Up-to-date: /home/mcfb/ros2_ws/install/px4_msgs/include/px4_msgs/px4_msgs/msg/detail/message_format_response__type_support.h\n'}
[1.382545] (px4_msgs) StdoutLine: {'line': b'-- Up-to-date: /home/mcfb/ros2_ws/install/px4_msgs/include/px4_msgs/px4_msgs/msg/detail/mode_completed__functions.c\n'}
[1.382579] (px4_msgs) StdoutLine: {'line': b'-- Up-to-date: /home/mcfb/ros2_ws/install/px4_msgs/include/px4_msgs/px4_msgs/msg/detail/qshell_retval__description.c\n'}
[1.382612] (px4_msgs) StdoutLine: {'line': b'-- Up-to-date: /home/mcfb/ros2_ws/install/px4_msgs/include/px4_msgs/px4_msgs/msg/detail/cpuload__type_support.h\n'}
[1.382644] (px4_msgs) StdoutLine: {'line': b'-- Up-to-date: /home/mcfb/ros2_ws/install/px4_msgs/include/px4_msgs/px4_msgs/msg/detail/battery_status__functions.c\n'}
[1.382687] (px4_msgs) StdoutLine: {'line': b'-- Up-to-date: /home/mcfb/ros2_ws/install/px4_msgs/include/px4_msgs/px4_msgs/msg/detail/open_drone_id_self_id__struct.h\n'}
[1.382721] (px4_msgs) StdoutLine: {'line': b'-- Up-to-date: /home/mcfb/ros2_ws/install/px4_msgs/include/px4_msgs/px4_msgs/msg/detail/tecs_status__struct.h\n'}
[1.382761] (px4_msgs) StdoutLine: {'line': b'-- Up-to-date: /home/mcfb/ros2_ws/install/px4_msgs/include/px4_msgs/px4_msgs/msg/detail/sensors_status_imu__functions.c\n'}
[1.382813] (px4_msgs) StdoutLine: {'line': b'-- Up-to-date: /home/mcfb/ros2_ws/install/px4_msgs/include/px4_msgs/px4_msgs/msg/detail/timesync_status__description.c\n'}
[1.382856] (px4_msgs) StdoutLine: {'line': b'-- Installing: /home/mcfb/ros2_ws/install/px4_msgs/include/px4_msgs/px4_msgs/msg/detail/telemetry_status__type_support.c\n'}
[1.382905] (px4_msgs) StdoutLine: {'line': b'-- Up-to-date: /home/mcfb/ros2_ws/install/px4_msgs/include/px4_msgs/px4_msgs/msg/detail/sensor_gyro_fft__functions.h\n'}
[1.382953] (px4_msgs) StdoutLine: {'line': b'-- Up-to-date: /home/mcfb/ros2_ws/install/px4_msgs/include/px4_msgs/px4_msgs/msg/detail/longitudinal_control_configuration__description.c\n'}
[1.383013] (px4_msgs) StdoutLine: {'line': b'-- Installing: /home/mcfb/ros2_ws/install/px4_msgs/include/px4_msgs/px4_msgs/msg/detail/sensor_mag__type_support.c\n'}
[1.383067] (px4_msgs) StdoutLine: {'line': b'-- Up-to-date: /home/mcfb/ros2_ws/install/px4_msgs/include/px4_msgs/px4_msgs/msg/detail/sensor_combined__functions.c\n'}
[1.383116] (px4_msgs) StdoutLine: {'line': b'-- Up-to-date: /home/mcfb/ros2_ws/install/px4_msgs/include/px4_msgs/px4_msgs/msg/detail/rc_parameter_map__functions.c\n'}
[1.383156] (px4_msgs) StdoutLine: {'line': b'-- Up-to-date: /home/mcfb/ros2_ws/install/px4_msgs/include/px4_msgs/px4_msgs/msg/detail/gimbal_manager_set_attitude__description.c\n'}
[1.383190] (px4_msgs) StdoutLine: {'line': b'-- Installing: /home/mcfb/ros2_ws/install/px4_msgs/include/px4_msgs/px4_msgs/msg/detail/vehicle_local_position_setpoint__type_support.c\n'}
[1.383226] (px4_msgs) StdoutLine: {'line': b'-- Installing: /home/mcfb/ros2_ws/install/px4_msgs/include/px4_msgs/px4_msgs/msg/detail/led_control__type_support.c\n'}
[1.383264] (px4_msgs) StdoutLine: {'line': b'-- Up-to-date: /home/mcfb/ros2_ws/install/px4_msgs/include/px4_msgs/px4_msgs/msg/detail/gpio_config__description.c\n'}
[1.383298] (px4_msgs) StdoutLine: {'line': b'-- Up-to-date: /home/mcfb/ros2_ws/install/px4_msgs/include/px4_msgs/px4_msgs/msg/detail/estimator_sensor_bias__functions.c\n'}
[1.383333] (px4_msgs) StdoutLine: {'line': b'-- Up-to-date: /home/mcfb/ros2_ws/install/px4_msgs/include/px4_msgs/px4_msgs/msg/detail/collision_constraints__description.c\n'}
[1.383367] (px4_msgs) StdoutLine: {'line': b'-- Up-to-date: /home/mcfb/ros2_ws/install/px4_msgs/include/px4_msgs/px4_msgs/msg/detail/airspeed_wind__functions.h\n'}
[1.383401] (px4_msgs) StdoutLine: {'line': b'-- Up-to-date: /home/mcfb/ros2_ws/install/px4_msgs/include/px4_msgs/px4_msgs/msg/detail/debug_value__description.c\n'}
[1.383434] (px4_msgs) StdoutLine: {'line': b'-- Up-to-date: /home/mcfb/ros2_ws/install/px4_msgs/include/px4_msgs/px4_msgs/msg/detail/gripper__functions.c\n'}
[1.383467] (px4_msgs) StdoutLine: {'line': b'-- Installing: /home/mcfb/ros2_ws/install/px4_msgs/include/px4_msgs/px4_msgs/msg/detail/parameter_reset_request__type_support.c\n'}
[1.383502] (px4_msgs) StdoutLine: {'line': b'-- Installing: /home/mcfb/ros2_ws/install/px4_msgs/include/px4_msgs/px4_msgs/msg/detail/config_overrides__type_support.c\n'}
[1.383541] (px4_msgs) StdoutLine: {'line': b'-- Up-to-date: /home/mcfb/ros2_ws/install/px4_msgs/include/px4_msgs/px4_msgs/msg/detail/vehicle_acceleration__type_support.h\n'}
[1.383586] (px4_msgs) StdoutLine: {'line': b'-- Installing: /home/mcfb/ros2_ws/install/px4_msgs/include/px4_msgs/px4_msgs/msg/detail/rover_speed_status__type_support.c\n'}
[1.383621] (px4_msgs) StdoutLine: {'line': b'-- Up-to-date: /home/mcfb/ros2_ws/install/px4_msgs/include/px4_msgs/px4_msgs/msg/detail/input_rc__functions.h\n'}
[1.383672] (px4_msgs) StdoutLine: {'line': b'-- Up-to-date: /home/mcfb/ros2_ws/install/px4_msgs/include/px4_msgs/px4_msgs/msg/detail/vehicle_constraints__functions.c\n'}
[1.383724] (px4_msgs) StdoutLine: {'line': b'-- Up-to-date: /home/mcfb/ros2_ws/install/px4_msgs/include/px4_msgs/px4_msgs/msg/detail/vehicle_imu__type_support.h\n'}
[1.383772] (px4_msgs) StdoutLine: {'line': b'-- Installing: /home/mcfb/ros2_ws/install/px4_msgs/include/px4_msgs/px4_msgs/msg/detail/mavlink_tunnel__type_support.c\n'}
[1.383813] (px4_msgs) StdoutLine: {'line': b'-- Up-to-date: /home/mcfb/ros2_ws/install/px4_msgs/include/px4_msgs/px4_msgs/msg/detail/mission__description.c\n'}
[1.383867] (px4_msgs) StdoutLine: {'line': b'-- Up-to-date: /home/mcfb/ros2_ws/install/px4_msgs/include/px4_msgs/px4_msgs/msg/detail/sensor_selection__functions.h\n'}
[1.383901] (px4_msgs) StdoutLine: {'line': b'-- Up-to-date: /home/mcfb/ros2_ws/install/px4_msgs/include/px4_msgs/px4_msgs/msg/detail/actuator_test__functions.h\n'}
[1.383936] (px4_msgs) StdoutLine: {'line': b'-- Up-to-date: /home/mcfb/ros2_ws/install/px4_msgs/include/px4_msgs/px4_msgs/msg/detail/estimator_event_flags__functions.h\n'}
[1.383969] (px4_msgs) StdoutLine: {'line': b'-- Up-to-date: /home/mcfb/ros2_ws/install/px4_msgs/include/px4_msgs/px4_msgs/msg/detail/vehicle_local_position__functions.c\n'}
[1.384005] (px4_msgs) StdoutLine: {'line': b'-- Up-to-date: /home/mcfb/ros2_ws/install/px4_msgs/include/px4_msgs/px4_msgs/msg/detail/gimbal_manager_set_manual_control__type_support.h\n'}
[1.384050] (px4_msgs) StdoutLine: {'line': b'-- Installing: /home/mcfb/ros2_ws/install/px4_msgs/include/px4_msgs/px4_msgs/msg/detail/vehicle_acceleration__type_support.c\n'}
[1.384093] (px4_msgs) StdoutLine: {'line': b'-- Up-to-date: /home/mcfb/ros2_ws/install/px4_msgs/include/px4_msgs/px4_msgs/msg/detail/position_setpoint__struct.h\n'}
[1.384126] (px4_msgs) StdoutLine: {'line': b'-- Up-to-date: /home/mcfb/ros2_ws/install/px4_msgs/include/px4_msgs/px4_msgs/msg/detail/vehicle_optical_flow__functions.c\n'}
[1.384161] (px4_msgs) StdoutLine: {'line': b'-- Up-to-date: /home/mcfb/ros2_ws/install/px4_msgs/include/px4_msgs/px4_msgs/msg/detail/rover_rate_status__functions.h\n'}
[1.384202] (px4_msgs) StdoutLine: {'line': b'-- Up-to-date: /home/mcfb/ros2_ws/install/px4_msgs/include/px4_msgs/px4_msgs/msg/detail/mode_completed__functions.h\n'}
[1.384249] (px4_msgs) StdoutLine: {'line': b'-- Up-to-date: /home/mcfb/ros2_ws/install/px4_msgs/include/px4_msgs/px4_msgs/msg/detail/parameter_set_value_request__type_support.h\n'}
[1.384295] (px4_msgs) StdoutLine: {'line': b'-- Up-to-date: /home/mcfb/ros2_ws/install/px4_msgs/include/px4_msgs/px4_msgs/msg/detail/sensor_gnss_status__type_support.h\n'}
[1.384330] (px4_msgs) StdoutLine: {'line': b'-- Up-to-date: /home/mcfb/ros2_ws/install/px4_msgs/include/px4_msgs/px4_msgs/msg/detail/failure_detector_status__functions.c\n'}
[1.384365] (px4_msgs) StdoutLine: {'line': b'-- Up-to-date: /home/mcfb/ros2_ws/install/px4_msgs/include/px4_msgs/px4_msgs/msg/detail/internal_combustion_engine_control__struct.h\n'}
[1.384400] (px4_msgs) StdoutLine: {'line': b'-- Up-to-date: /home/mcfb/ros2_ws/install/px4_msgs/include/px4_msgs/px4_msgs/msg/detail/estimator_innovations__type_support.h\n'}
[1.384451] (px4_msgs) StdoutLine: {'line': b'-- Up-to-date: /home/mcfb/ros2_ws/install/px4_msgs/include/px4_msgs/px4_msgs/msg/detail/failsafe_flags__description.c\n'}
[1.384493] (px4_msgs) StdoutLine: {'line': b'-- Up-to-date: /home/mcfb/ros2_ws/install/px4_msgs/include/px4_msgs/px4_msgs/msg/detail/vehicle_imu_status__functions.h\n'}
[1.384529] (px4_msgs) StdoutLine: {'line': b'-- Installing: /home/mcfb/ros2_ws/install/px4_msgs/include/px4_msgs/px4_msgs/msg/detail/gimbal_manager_set_manual_control__type_support.c\n'}
[1.384564] (px4_msgs) StdoutLine: {'line': b'-- Up-to-date: /home/mcfb/ros2_ws/install/px4_msgs/include/px4_msgs/px4_msgs/msg/detail/gimbal_manager_information__struct.h\n'}
[1.384609] (px4_msgs) StdoutLine: {'line': b'-- Installing: /home/mcfb/ros2_ws/install/px4_msgs/include/px4_msgs/px4_msgs/msg/detail/lateral_control_configuration__type_support.c\n'}
[1.384664] (px4_msgs) StdoutLine: {'line': b'-- Up-to-date: /home/mcfb/ros2_ws/install/px4_msgs/include/px4_msgs/px4_msgs/msg/detail/battery_status__functions.h\n'}
[1.384717] (px4_msgs) StdoutLine: {'line': b'-- Up-to-date: /home/mcfb/ros2_ws/install/px4_msgs/include/px4_msgs/px4_msgs/msg/detail/manual_control_switches__functions.h\n'}
[1.384771] (px4_msgs) StdoutLine: {'line': b'-- Up-to-date: /home/mcfb/ros2_ws/install/px4_msgs/include/px4_msgs/px4_msgs/msg/detail/cellular_status__struct.h\n'}
[1.384824] (px4_msgs) StdoutLine: {'line': b'-- Up-to-date: /home/mcfb/ros2_ws/install/px4_msgs/include/px4_msgs/px4_msgs/msg/detail/open_drone_id_self_id__type_support.h\n'}
[1.384880] (px4_msgs) StdoutLine: {'line': b'-- Up-to-date: /home/mcfb/ros2_ws/install/px4_msgs/include/px4_msgs/px4_msgs/msg/detail/actuator_servos__functions.h\n'}
[1.384933] (px4_msgs) StdoutLine: {'line': b'-- Up-to-date: /home/mcfb/ros2_ws/install/px4_msgs/include/px4_msgs/px4_msgs/msg/detail/irlock_report__description.c\n'}
[1.384986] (px4_msgs) StdoutLine: {'line': b'-- Up-to-date: /home/mcfb/ros2_ws/install/px4_msgs/include/px4_msgs/px4_msgs/msg/detail/camera_trigger__functions.c\n'}
[1.385039] (px4_msgs) StdoutLine: {'line': b'-- Up-to-date: /home/mcfb/ros2_ws/install/px4_msgs/include/px4_msgs/px4_msgs/msg/detail/uavcan_parameter_value__struct.h\n'}
[1.385092] (px4_msgs) StdoutLine: {'line': b'-- Installing: /home/mcfb/ros2_ws/install/px4_msgs/include/px4_msgs/px4_msgs/msg/detail/airspeed_validated__type_support.c\n'}
[1.385139] (px4_msgs) StdoutLine: {'line': b'-- Up-to-date: /home/mcfb/ros2_ws/install/px4_msgs/include/px4_msgs/px4_msgs/msg/detail/vehicle_land_detected__struct.h\n'}
[1.385182] (px4_msgs) StdoutLine: {'line': b'-- Up-to-date: /home/mcfb/ros2_ws/install/px4_msgs/include/px4_msgs/px4_msgs/msg/detail/internal_combustion_engine_status__struct.h\n'}
[1.385222] (px4_msgs) StdoutLine: {'line': b'-- Up-to-date: /home/mcfb/ros2_ws/install/px4_msgs/include/px4_msgs/px4_msgs/msg/detail/system_power__functions.c\n'}
[1.385268] (px4_msgs) StdoutLine: {'line': b'-- Up-to-date: /home/mcfb/ros2_ws/install/px4_msgs/include/px4_msgs/px4_msgs/msg/detail/vehicle_optical_flow__functions.h\n'}
[1.385320] (px4_msgs) StdoutLine: {'line': b'-- Up-to-date: /home/mcfb/ros2_ws/install/px4_msgs/include/px4_msgs/px4_msgs/msg/detail/fuel_tank_status__functions.h\n'}
[1.385354] (px4_msgs) StdoutLine: {'line': b'-- Installing: /home/mcfb/ros2_ws/install/px4_msgs/include/px4_msgs/px4_msgs/msg/detail/actuator_test__type_support.c\n'}
[1.385396] (px4_msgs) StdoutLine: {'line': b'-- Up-to-date: /home/mcfb/ros2_ws/install/px4_msgs/include/px4_msgs/px4_msgs/msg/detail/gimbal_manager_set_attitude__type_support.h\n'}
[1.385441] (px4_msgs) StdoutLine: {'line': b'-- Up-to-date: /home/mcfb/ros2_ws/install/px4_msgs/include/px4_msgs/px4_msgs/msg/detail/gimbal_manager_status__functions.c\n'}
[1.385479] (px4_msgs) StdoutLine: {'line': b'-- Up-to-date: /home/mcfb/ros2_ws/install/px4_msgs/include/px4_msgs/px4_msgs/msg/detail/sensor_gps__struct.h\n'}
[1.385527] (px4_msgs) StdoutLine: {'line': b'-- Up-to-date: /home/mcfb/ros2_ws/install/px4_msgs/include/px4_msgs/px4_msgs/msg/detail/hover_thrust_estimate__struct.h\n'}
[1.385563] (px4_msgs) StdoutLine: {'line': b'-- Up-to-date: /home/mcfb/ros2_ws/install/px4_msgs/include/px4_msgs/px4_msgs/msg/detail/sensor_mag__description.c\n'}
[1.385597] (px4_msgs) StdoutLine: {'line': b'-- Up-to-date: /home/mcfb/ros2_ws/install/px4_msgs/include/px4_msgs/px4_msgs/msg/detail/navigator_status__description.c\n'}
[1.385631] (px4_msgs) StdoutLine: {'line': b'-- Up-to-date: /home/mcfb/ros2_ws/install/px4_msgs/include/px4_msgs/px4_msgs/msg/detail/gps_dump__description.c\n'}
[1.385665] (px4_msgs) StdoutLine: {'line': b'-- Up-to-date: /home/mcfb/ros2_ws/install/px4_msgs/include/px4_msgs/px4_msgs/msg/detail/rover_speed_setpoint__struct.h\n'}
[1.385720] (px4_msgs) StdoutLine: {'line': b'-- Up-to-date: /home/mcfb/ros2_ws/install/px4_msgs/include/px4_msgs/px4_msgs/msg/detail/sensor_gyro_fifo__description.c\n'}
[1.385773] (px4_msgs) StdoutLine: {'line': b'-- Up-to-date: /home/mcfb/ros2_ws/install/px4_msgs/include/px4_msgs/px4_msgs/msg/detail/vehicle_odometry__struct.h\n'}
[1.385823] (px4_msgs) StdoutLine: {'line': b'-- Up-to-date: /home/mcfb/ros2_ws/install/px4_msgs/include/px4_msgs/px4_msgs/msg/detail/position_controller_status__struct.h\n'}
[1.385878] (px4_msgs) StdoutLine: {'line': b'-- Up-to-date: /home/mcfb/ros2_ws/install/px4_msgs/include/px4_msgs/px4_msgs/msg/detail/estimator_event_flags__description.c\n'}
[1.385928] (px4_msgs) StdoutLine: {'line': b'-- Up-to-date: /home/mcfb/ros2_ws/install/px4_msgs/include/px4_msgs/px4_msgs/msg/detail/sensor_accel_fifo__struct.h\n'}
[1.385977] (px4_msgs) StdoutLine: {'line': b'-- Installing: /home/mcfb/ros2_ws/install/px4_msgs/include/px4_msgs/px4_msgs/msg/detail/register_ext_component_reply__type_support.c\n'}
[1.386020] (px4_msgs) StdoutLine: {'line': b'-- Up-to-date: /home/mcfb/ros2_ws/install/px4_msgs/include/px4_msgs/px4_msgs/msg/detail/ulog_stream__type_support.h\n'}
[1.386054] (px4_msgs) StdoutLine: {'line': b'-- Up-to-date: /home/mcfb/ros2_ws/install/px4_msgs/include/px4_msgs/px4_msgs/msg/detail/sensor_accel_fifo__description.c\n'}
[1.386088] (px4_msgs) StdoutLine: {'line': b'-- Up-to-date: /home/mcfb/ros2_ws/install/px4_msgs/include/px4_msgs/px4_msgs/msg/detail/debug_value__functions.c\n'}
[1.386123] (px4_msgs) StdoutLine: {'line': b'-- Installing: /home/mcfb/ros2_ws/install/px4_msgs/include/px4_msgs/px4_msgs/msg/detail/geofence_result__type_support.c\n'}
[1.386176] (px4_msgs) StdoutLine: {'line': b'-- Up-to-date: /home/mcfb/ros2_ws/install/px4_msgs/include/px4_msgs/px4_msgs/msg/detail/fixed_wing_lateral_guidance_status__type_support.h\n'}
[1.386218] (px4_msgs) StdoutLine: {'line': b'-- Up-to-date: /home/mcfb/ros2_ws/install/px4_msgs/include/px4_msgs/px4_msgs/msg/detail/wheel_encoders__functions.c\n'}
[1.386252] (px4_msgs) StdoutLine: {'line': b'-- Up-to-date: /home/mcfb/ros2_ws/install/px4_msgs/include/px4_msgs/px4_msgs/msg/detail/vehicle_angular_acceleration_setpoint__functions.c\n'}
[1.386287] (px4_msgs) StdoutLine: {'line': b'-- Up-to-date: /home/mcfb/ros2_ws/install/px4_msgs/include/px4_msgs/px4_msgs/msg/detail/actuator_test__struct.h\n'}
[1.386324] (px4_msgs) StdoutLine: {'line': b'-- Up-to-date: /home/mcfb/ros2_ws/install/px4_msgs/include/px4_msgs/px4_msgs/msg/detail/generator_status__functions.c\n'}
[1.386364] (px4_msgs) StdoutLine: {'line': b'-- Up-to-date: /home/mcfb/ros2_ws/install/px4_msgs/include/px4_msgs/px4_msgs/msg/detail/velocity_limits__functions.c\n'}
[1.386406] (px4_msgs) StdoutLine: {'line': b'-- Installing: /home/mcfb/ros2_ws/install/px4_msgs/include/px4_msgs/px4_msgs/msg/detail/rpm__type_support.c\n'}
[1.386442] (px4_msgs) StdoutLine: {'line': b'-- Up-to-date: /home/mcfb/ros2_ws/install/px4_msgs/include/px4_msgs/px4_msgs/msg/detail/vehicle_angular_velocity__struct.h\n'}
[1.386478] (px4_msgs) StdoutLine: {'line': b'-- Up-to-date: /home/mcfb/ros2_ws/install/px4_msgs/include/px4_msgs/px4_msgs/msg/detail/sensor_mag__struct.h\n'}
[1.386518] (px4_msgs) StdoutLine: {'line': b'-- Up-to-date: /home/mcfb/ros2_ws/install/px4_msgs/include/px4_msgs/px4_msgs/msg/detail/rover_steering_setpoint__functions.c\n'}
[1.386552] (px4_msgs) StdoutLine: {'line': b'-- Up-to-date: /home/mcfb/ros2_ws/install/px4_msgs/include/px4_msgs/px4_msgs/msg/detail/actuator_servos_trim__functions.c\n'}
[1.386587] (px4_msgs) StdoutLine: {'line': b'-- Up-to-date: /home/mcfb/ros2_ws/install/px4_msgs/include/px4_msgs/px4_msgs/msg/detail/esc_report__struct.h\n'}
[1.386634] (px4_msgs) StdoutLine: {'line': b'-- Up-to-date: /home/mcfb/ros2_ws/install/px4_msgs/include/px4_msgs/px4_msgs/msg/detail/system_power__description.c\n'}
[1.386672] (px4_msgs) StdoutLine: {'line': b'-- Up-to-date: /home/mcfb/ros2_ws/install/px4_msgs/include/px4_msgs/px4_msgs/msg/detail/vehicle_constraints__description.c\n'}
[1.386723] (px4_msgs) StdoutLine: {'line': b'-- Up-to-date: /home/mcfb/ros2_ws/install/px4_msgs/include/px4_msgs/px4_msgs/msg/detail/vehicle_imu__functions.h\n'}
[1.386774] (px4_msgs) StdoutLine: {'line': b'-- Up-to-date: /home/mcfb/ros2_ws/install/px4_msgs/include/px4_msgs/px4_msgs/msg/detail/estimator_sensor_bias__functions.h\n'}
[1.386827] (px4_msgs) StdoutLine: {'line': b'-- Up-to-date: /home/mcfb/ros2_ws/install/px4_msgs/include/px4_msgs/px4_msgs/msg/detail/orb_test_large__type_support.h\n'}
[1.386882] (px4_msgs) StdoutLine: {'line': b'-- Up-to-date: /home/mcfb/ros2_ws/install/px4_msgs/include/px4_msgs/px4_msgs/msg/detail/failsafe_flags__functions.c\n'}
[1.386922] (px4_msgs) StdoutLine: {'line': b'-- Installing: /home/mcfb/ros2_ws/install/px4_msgs/include/px4_msgs/px4_msgs/msg/detail/rtl_status__type_support.c\n'}
[1.386971] (px4_msgs) StdoutLine: {'line': b'-- Installing: /home/mcfb/ros2_ws/install/px4_msgs/include/px4_msgs/px4_msgs/msg/detail/differential_pressure__type_support.c\n'}
[1.387009] (px4_msgs) StdoutLine: {'line': b'-- Up-to-date: /home/mcfb/ros2_ws/install/px4_msgs/include/px4_msgs/px4_msgs/msg/detail/vehicle_global_position__description.c\n'}
[1.387047] (px4_msgs) StdoutLine: {'line': b'-- Up-to-date: /home/mcfb/ros2_ws/install/px4_msgs/include/px4_msgs/px4_msgs/msg/detail/sensor_baro__type_support.h\n'}
[1.387086] (px4_msgs) StdoutLine: {'line': b'-- Up-to-date: /home/mcfb/ros2_ws/install/px4_msgs/include/px4_msgs/px4_msgs/msg/detail/rover_throttle_setpoint__functions.c\n'}
[1.387122] (px4_msgs) StdoutLine: {'line': b'-- Up-to-date: /home/mcfb/ros2_ws/install/px4_msgs/include/px4_msgs/px4_msgs/msg/detail/gimbal_manager_set_attitude__functions.h\n'}
[1.387160] (px4_msgs) StdoutLine: {'line': b'-- Up-to-date: /home/mcfb/ros2_ws/install/px4_msgs/include/px4_msgs/px4_msgs/msg/detail/landing_gear__functions.h\n'}
[1.387195] (px4_msgs) StdoutLine: {'line': b'-- Up-to-date: /home/mcfb/ros2_ws/install/px4_msgs/include/px4_msgs/px4_msgs/msg/detail/rover_throttle_setpoint__struct.h\n'}
[1.387231] (px4_msgs) StdoutLine: {'line': b'-- Up-to-date: /home/mcfb/ros2_ws/install/px4_msgs/include/px4_msgs/px4_msgs/msg/detail/ekf2_timestamps__functions.c\n'}
[1.387267] (px4_msgs) StdoutLine: {'line': b'-- Installing: /home/mcfb/ros2_ws/install/px4_msgs/include/px4_msgs/px4_msgs/msg/detail/sensor_baro__type_support.c\n'}
[1.387301] (px4_msgs) StdoutLine: {'line': b'-- Up-to-date: /home/mcfb/ros2_ws/install/px4_msgs/include/px4_msgs/px4_msgs/msg/detail/orbit_status__type_support.h\n'}
[1.387345] (px4_msgs) StdoutLine: {'line': b'-- Up-to-date: /home/mcfb/ros2_ws/install/px4_msgs/include/px4_msgs/px4_msgs/msg/actuator_outputs.h\n'}
[1.387380] (px4_msgs) StdoutLine: {'line': b'-- Up-to-date: /home/mcfb/ros2_ws/install/px4_msgs/include/px4_msgs/px4_msgs/msg/sensor_airflow.h\n'}
[1.387416] (px4_msgs) StdoutLine: {'line': b'-- Up-to-date: /home/mcfb/ros2_ws/install/px4_msgs/include/px4_msgs/px4_msgs/msg/ekf2_timestamps.h\n'}
[1.387450] (px4_msgs) StdoutLine: {'line': b'-- Up-to-date: /home/mcfb/ros2_ws/install/px4_msgs/include/px4_msgs/px4_msgs/msg/parameter_update.h\n'}
[1.387484] (px4_msgs) StdoutLine: {'line': b'-- Up-to-date: /home/mcfb/ros2_ws/install/px4_msgs/include/px4_msgs/px4_msgs/msg/neural_control.h\n'}
[1.387518] (px4_msgs) StdoutLine: {'line': b'-- Up-to-date: /home/mcfb/ros2_ws/install/px4_msgs/include/px4_msgs/px4_msgs/msg/ulog_stream.h\n'}
[1.387554] (px4_msgs) StdoutLine: {'line': b'-- Up-to-date: /home/mcfb/ros2_ws/install/px4_msgs/include/px4_msgs/px4_msgs/msg/airspeed.h\n'}
[1.387588] (px4_msgs) StdoutLine: {'line': b'-- Up-to-date: /home/mcfb/ros2_ws/install/px4_msgs/include/px4_msgs/px4_msgs/msg/landing_target_pose.h\n'}
[1.387624] (px4_msgs) StdoutLine: {'line': b'-- Up-to-date: /home/mcfb/ros2_ws/install/px4_msgs/include/px4_msgs/px4_msgs/msg/health_report.h\n'}
[1.387660] (px4_msgs) StdoutLine: {'line': b'-- Up-to-date: /home/mcfb/ros2_ws/install/px4_msgs/include/px4_msgs/px4_msgs/msg/trajectory_setpoint6dof.h\n'}
[1.387693] (px4_msgs) StdoutLine: {'line': b'-- Up-to-date: /home/mcfb/ros2_ws/install/px4_msgs/include/px4_msgs/px4_msgs/msg/airspeed_validated.h\n'}
[1.387727] (px4_msgs) StdoutLine: {'line': b'-- Up-to-date: /home/mcfb/ros2_ws/install/px4_msgs/include/px4_msgs/px4_msgs/msg/actuator_servos.h\n'}
[1.387761] (px4_msgs) StdoutLine: {'line': b'-- Up-to-date: /home/mcfb/ros2_ws/install/px4_msgs/include/px4_msgs/px4_msgs/msg/rover_rate_setpoint.h\n'}
[1.387794] (px4_msgs) StdoutLine: {'line': b'-- Up-to-date: /home/mcfb/ros2_ws/install/px4_msgs/include/px4_msgs/px4_msgs/msg/flight_phase_estimation.h\n'}
[1.387827] (px4_msgs) StdoutLine: {'line': b'-- Up-to-date: /home/mcfb/ros2_ws/install/px4_msgs/include/px4_msgs/px4_msgs/msg/register_ext_component_request.h\n'}
[1.387868] (px4_msgs) StdoutLine: {'line': b'-- Up-to-date: /home/mcfb/ros2_ws/install/px4_msgs/include/px4_msgs/px4_msgs/msg/home_position.h\n'}
[1.387901] (px4_msgs) StdoutLine: {'line': b'-- Up-to-date: /home/mcfb/ros2_ws/install/px4_msgs/include/px4_msgs/px4_msgs/msg/esc_status.h\n'}
[1.387938] (px4_msgs) StdoutLine: {'line': b'-- Up-to-date: /home/mcfb/ros2_ws/install/px4_msgs/include/px4_msgs/px4_msgs/msg/wheel_encoders.h\n'}
[1.387972] (px4_msgs) StdoutLine: {'line': b'-- Up-to-date: /home/mcfb/ros2_ws/install/px4_msgs/include/px4_msgs/px4_msgs/msg/yaw_estimator_status.h\n'}
[1.388006] (px4_msgs) StdoutLine: {'line': b'-- Up-to-date: /home/mcfb/ros2_ws/install/px4_msgs/include/px4_msgs/px4_msgs/msg/qshell_retval.h\n'}
[1.388040] (px4_msgs) StdoutLine: {'line': b'-- Up-to-date: /home/mcfb/ros2_ws/install/px4_msgs/include/px4_msgs/px4_msgs/msg/airspeed_wind.h\n'}
[1.388074] (px4_msgs) StdoutLine: {'line': b'-- Up-to-date: /home/mcfb/ros2_ws/install/px4_msgs/include/px4_msgs/px4_msgs/msg/sensor_optical_flow.h\n'}
[1.388107] (px4_msgs) StdoutLine: {'line': b'-- Up-to-date: /home/mcfb/ros2_ws/install/px4_msgs/include/px4_msgs/px4_msgs/msg/gimbal_controls.h\n'}
[1.388140] (px4_msgs) StdoutLine: {'line': b'-- Up-to-date: /home/mcfb/ros2_ws/install/px4_msgs/include/px4_msgs/px4_msgs/msg/distance_sensor_mode_change_request.h\n'}
[1.388174] (px4_msgs) StdoutLine: {'line': b'-- Up-to-date: /home/mcfb/ros2_ws/install/px4_msgs/include/px4_msgs/px4_msgs/msg/input_rc.h\n'}
[1.388209] (px4_msgs) StdoutLine: {'line': b'-- Up-to-date: /home/mcfb/ros2_ws/install/px4_msgs/include/px4_msgs/px4_msgs/msg/message_format_request.h\n'}
[1.388242] (px4_msgs) StdoutLine: {'line': b'-- Up-to-date: /home/mcfb/ros2_ws/install/px4_msgs/include/px4_msgs/px4_msgs/msg/actuator_motors.h\n'}
[1.388278] (px4_msgs) StdoutLine: {'line': b'-- Up-to-date: /home/mcfb/ros2_ws/install/px4_msgs/include/px4_msgs/px4_msgs/msg/estimator_aid_source2d.h\n'}
[1.388313] (px4_msgs) StdoutLine: {'line': b'-- Up-to-date: /home/mcfb/ros2_ws/install/px4_msgs/include/px4_msgs/px4_msgs/msg/uavcan_parameter_value.h\n'}
[1.388347] (px4_msgs) StdoutLine: {'line': b'-- Up-to-date: /home/mcfb/ros2_ws/install/px4_msgs/include/px4_msgs/px4_msgs/msg/cpuload.h\n'}
[1.388381] (px4_msgs) StdoutLine: {'line': b'-- Up-to-date: /home/mcfb/ros2_ws/install/px4_msgs/include/px4_msgs/px4_msgs/msg/vehicle_local_position.h\n'}
[1.388416] (px4_msgs) StdoutLine: {'line': b'-- Up-to-date: /home/mcfb/ros2_ws/install/px4_msgs/include/px4_msgs/px4_msgs/msg/control_allocator_status.h\n'}
[1.388451] (px4_msgs) StdoutLine: {'line': b'-- Up-to-date: /home/mcfb/ros2_ws/install/px4_msgs/include/px4_msgs/px4_msgs/msg/ulog_stream_ack.h\n'}
[1.388485] (px4_msgs) StdoutLine: {'line': b'-- Up-to-date: /home/mcfb/ros2_ws/install/px4_msgs/include/px4_msgs/px4_msgs/msg/rtl_status.h\n'}
[1.388519] (px4_msgs) StdoutLine: {'line': b'-- Up-to-date: /home/mcfb/ros2_ws/install/px4_msgs/include/px4_msgs/px4_msgs/msg/uavcan_parameter_request.h\n'}
[1.388554] (px4_msgs) StdoutLine: {'line': b'-- Up-to-date: /home/mcfb/ros2_ws/install/px4_msgs/include/px4_msgs/px4_msgs/msg/obstacle_distance.h\n'}
[1.388588] (px4_msgs) StdoutLine: {'line': b'-- Up-to-date: /home/mcfb/ros2_ws/install/px4_msgs/include/px4_msgs/px4_msgs/msg/actuator_armed.h\n'}
[1.388623] (px4_msgs) StdoutLine: {'line': b'-- Up-to-date: /home/mcfb/ros2_ws/install/px4_msgs/include/px4_msgs/px4_msgs/msg/estimator_selector_status.h\n'}
[1.388657] (px4_msgs) StdoutLine: {'line': b'-- Up-to-date: /home/mcfb/ros2_ws/install/px4_msgs/include/px4_msgs/px4_msgs/msg/internal_combustion_engine_status.h\n'}
[1.388691] (px4_msgs) StdoutLine: {'line': b'-- Up-to-date: /home/mcfb/ros2_ws/install/px4_msgs/include/px4_msgs/px4_msgs/msg/magnetometer_bias_estimate.h\n'}
[1.388725] (px4_msgs) StdoutLine: {'line': b'-- Up-to-date: /home/mcfb/ros2_ws/install/px4_msgs/include/px4_msgs/px4_msgs/msg/px4io_status.h\n'}
[1.388760] (px4_msgs) StdoutLine: {'line': b'-- Up-to-date: /home/mcfb/ros2_ws/install/px4_msgs/include/px4_msgs/px4_msgs/msg/iridiumsbd_status.h\n'}
[1.388796] (px4_msgs) StdoutLine: {'line': b'-- Up-to-date: /home/mcfb/ros2_ws/install/px4_msgs/include/px4_msgs/px4_msgs/msg/geofence_status.h\n'}
[1.388829] (px4_msgs) StdoutLine: {'line': b'-- Up-to-date: /home/mcfb/ros2_ws/install/px4_msgs/include/px4_msgs/px4_msgs/msg/vtol_vehicle_status.h\n'}
[1.388869] (px4_msgs) StdoutLine: {'line': b'-- Up-to-date: /home/mcfb/ros2_ws/install/px4_msgs/include/px4_msgs/px4_msgs/msg/generator_status.h\n'}
[1.388906] (px4_msgs) StdoutLine: {'line': b'-- Up-to-date: /home/mcfb/ros2_ws/install/px4_msgs/include/px4_msgs/px4_msgs/msg/cellular_status.h\n'}
[1.388942] (px4_msgs) StdoutLine: {'line': b'-- Up-to-date: /home/mcfb/ros2_ws/install/px4_msgs/include/px4_msgs/px4_msgs/msg/manual_control_setpoint.h\n'}
[1.388977] (px4_msgs) StdoutLine: {'line': b'-- Up-to-date: /home/mcfb/ros2_ws/install/px4_msgs/include/px4_msgs/px4_msgs/msg/fixed_wing_longitudinal_setpoint.h\n'}
[1.389010] (px4_msgs) StdoutLine: {'line': b'-- Up-to-date: /home/mcfb/ros2_ws/install/px4_msgs/include/px4_msgs/px4_msgs/msg/vehicle_imu_status.h\n'}
[1.389045] (px4_msgs) StdoutLine: {'line': b'-- Up-to-date: /home/mcfb/ros2_ws/install/px4_msgs/include/px4_msgs/px4_msgs/msg/takeoff_status.h\n'}
[1.389082] (px4_msgs) StdoutLine: {'line': b'-- Up-to-date: /home/mcfb/ros2_ws/install/px4_msgs/include/px4_msgs/px4_msgs/msg/debug_vect.h\n'}
[1.389119] (px4_msgs) StdoutLine: {'line': b'-- Up-to-date: /home/mcfb/ros2_ws/install/px4_msgs/include/px4_msgs/px4_msgs/msg/vehicle_constraints.h\n'}
[1.389156] (px4_msgs) StdoutLine: {'line': b'-- Up-to-date: /home/mcfb/ros2_ws/install/px4_msgs/include/px4_msgs/px4_msgs/msg/camera_status.h\n'}
[1.389193] (px4_msgs) StdoutLine: {'line': b'-- Up-to-date: /home/mcfb/ros2_ws/install/px4_msgs/include/px4_msgs/px4_msgs/msg/actuator_controls_status.h\n'}
[1.389232] (px4_msgs) StdoutLine: {'line': b'-- Up-to-date: /home/mcfb/ros2_ws/install/px4_msgs/include/px4_msgs/px4_msgs/msg/failure_detector_status.h\n'}
[1.389268] (px4_msgs) StdoutLine: {'line': b'-- Up-to-date: /home/mcfb/ros2_ws/install/px4_msgs/include/px4_msgs/px4_msgs/msg/battery_info.h\n'}
[1.389306] (px4_msgs) StdoutLine: {'line': b'-- Up-to-date: /home/mcfb/ros2_ws/install/px4_msgs/include/px4_msgs/px4_msgs/msg/position_controller_landing_status.h\n'}
[1.389349] (px4_msgs) StdoutLine: {'line': b'-- Up-to-date: /home/mcfb/ros2_ws/install/px4_msgs/include/px4_msgs/px4_msgs/msg/fixed_wing_lateral_status.h\n'}
[1.389387] (px4_msgs) StdoutLine: {'line': b'-- Up-to-date: /home/mcfb/ros2_ws/install/px4_msgs/include/px4_msgs/px4_msgs/msg/orb_test.h\n'}
[1.389424] (px4_msgs) StdoutLine: {'line': b'-- Up-to-date: /home/mcfb/ros2_ws/install/px4_msgs/include/px4_msgs/px4_msgs/msg/esc_report.h\n'}
[1.389461] (px4_msgs) StdoutLine: {'line': b'-- Up-to-date: /home/mcfb/ros2_ws/install/px4_msgs/include/px4_msgs/px4_msgs/msg/tiltrotor_extra_controls.h\n'}
[1.389498] (px4_msgs) StdoutLine: {'line': b'-- Up-to-date: /home/mcfb/ros2_ws/install/px4_msgs/include/px4_msgs/px4_msgs/msg/vehicle_command.h\n'}
[1.389534] (px4_msgs) StdoutLine: {'line': b'-- Up-to-date: /home/mcfb/ros2_ws/install/px4_msgs/include/px4_msgs/px4_msgs/msg/sensor_gyro_fft.h\n'}
[1.389569] (px4_msgs) StdoutLine: {'line': b'-- Up-to-date: /home/mcfb/ros2_ws/install/px4_msgs/include/px4_msgs/px4_msgs/msg/mission_result.h\n'}
[1.389605] (px4_msgs) StdoutLine: {'line': b'-- Up-to-date: /home/mcfb/ros2_ws/install/px4_msgs/include/px4_msgs/px4_msgs/msg/onboard_computer_status.h\n'}
[1.389646] (px4_msgs) StdoutLine: {'line': b'-- Up-to-date: /home/mcfb/ros2_ws/install/px4_msgs/include/px4_msgs/px4_msgs/msg/vehicle_magnetometer.h\n'}
[1.389685] (px4_msgs) StdoutLine: {'line': b'-- Up-to-date: /home/mcfb/ros2_ws/install/px4_msgs/include/px4_msgs/px4_msgs/msg/vehicle_imu.h\n'}
[1.389726] (px4_msgs) StdoutLine: {'line': b'-- Up-to-date: /home/mcfb/ros2_ws/install/px4_msgs/include/px4_msgs/px4_msgs/msg/message_format_response.h\n'}
[1.389763] (px4_msgs) StdoutLine: {'line': b'-- Up-to-date: /home/mcfb/ros2_ws/install/px4_msgs/include/px4_msgs/px4_msgs/msg/figure_eight_status.h\n'}
[1.389798] (px4_msgs) StdoutLine: {'line': b'-- Up-to-date: /home/mcfb/ros2_ws/install/px4_msgs/include/px4_msgs/px4_msgs/msg/vehicle_attitude.h\n'}
[1.389835] (px4_msgs) StdoutLine: {'line': b'-- Up-to-date: /home/mcfb/ros2_ws/install/px4_msgs/include/px4_msgs/px4_msgs/msg/parameter_set_value_request.h\n'}
[1.389882] (px4_msgs) StdoutLine: {'line': b'-- Up-to-date: /home/mcfb/ros2_ws/install/px4_msgs/include/px4_msgs/px4_msgs/msg/rate_ctrl_status.h\n'}
[1.389921] (px4_msgs) StdoutLine: {'line': b'-- Up-to-date: /home/mcfb/ros2_ws/install/px4_msgs/include/px4_msgs/px4_msgs/msg/open_drone_id_operator_id.h\n'}
[1.389962] (px4_msgs) StdoutLine: {'line': b'-- Up-to-date: /home/mcfb/ros2_ws/install/px4_msgs/include/px4_msgs/px4_msgs/msg/timesync_status.h\n'}
[1.390001] (px4_msgs) StdoutLine: {'line': b'-- Up-to-date: /home/mcfb/ros2_ws/install/px4_msgs/include/px4_msgs/px4_msgs/msg/led_control.h\n'}
[1.390039] (px4_msgs) StdoutLine: {'line': b'-- Up-to-date: /home/mcfb/ros2_ws/install/px4_msgs/include/px4_msgs/px4_msgs/msg/sensor_gps.h\n'}
[1.390077] (px4_msgs) StdoutLine: {'line': b'-- Up-to-date: /home/mcfb/ros2_ws/install/px4_msgs/include/px4_msgs/px4_msgs/msg/vehicle_optical_flow_vel.h\n'}
[1.390116] (px4_msgs) StdoutLine: {'line': b'-- Up-to-date: /home/mcfb/ros2_ws/install/px4_msgs/include/px4_msgs/px4_msgs/msg/estimator_event_flags.h\n'}
[1.390157] (px4_msgs) StdoutLine: {'line': b'-- Up-to-date: /home/mcfb/ros2_ws/install/px4_msgs/include/px4_msgs/px4_msgs/msg/sensor_mag.h\n'}
[1.390196] (px4_msgs) StdoutLine: {'line': b'-- Up-to-date: /home/mcfb/ros2_ws/install/px4_msgs/include/px4_msgs/px4_msgs/msg/debug_key_value.h\n'}
[1.390235] (px4_msgs) StdoutLine: {'line': b'-- Up-to-date: /home/mcfb/ros2_ws/install/px4_msgs/include/px4_msgs/px4_msgs/msg/heater_status.h\n'}
[1.390273] (px4_msgs) StdoutLine: {'line': b'-- Up-to-date: /home/mcfb/ros2_ws/install/px4_msgs/include/px4_msgs/px4_msgs/msg/power_monitor.h\n'}
[1.390319] (px4_msgs) StdoutLine: {'line': b'-- Up-to-date: /home/mcfb/ros2_ws/install/px4_msgs/include/px4_msgs/px4_msgs/msg/vehicle_roi.h\n'}
[1.390368] (px4_msgs) StdoutLine: {'line': b'-- Up-to-date: /home/mcfb/ros2_ws/install/px4_msgs/include/px4_msgs/px4_msgs/msg/differential_pressure.h\n'}
[1.390421] (px4_msgs) StdoutLine: {'line': b'-- Up-to-date: /home/mcfb/ros2_ws/install/px4_msgs/include/px4_msgs/px4_msgs/msg/vehicle_rates_setpoint.h\n'}
[1.390478] (px4_msgs) StdoutLine: {'line': b'-- Up-to-date: /home/mcfb/ros2_ws/install/px4_msgs/include/px4_msgs/px4_msgs/msg/position_setpoint_triplet.h\n'}
[1.390523] (px4_msgs) StdoutLine: {'line': b'-- Up-to-date: /home/mcfb/ros2_ws/install/px4_msgs/include/px4_msgs/px4_msgs/msg/gpio_config.h\n'}
[1.390565] (px4_msgs) StdoutLine: {'line': b'-- Up-to-date: /home/mcfb/ros2_ws/install/px4_msgs/include/px4_msgs/px4_msgs/msg/wind.h\n'}
[1.390608] (px4_msgs) StdoutLine: {'line': b'-- Up-to-date: /home/mcfb/ros2_ws/install/px4_msgs/include/px4_msgs/px4_msgs/msg/parameter_reset_request.h\n'}
[1.390652] (px4_msgs) StdoutLine: {'line': b'-- Up-to-date: /home/mcfb/ros2_ws/install/px4_msgs/include/px4_msgs/px4_msgs/msg/dronecan_node_status.h\n'}
[1.390694] (px4_msgs) StdoutLine: {'line': b'-- Up-to-date: /home/mcfb/ros2_ws/install/px4_msgs/include/px4_msgs/px4_msgs/msg/fixed_wing_runway_control.h\n'}
[1.390736] (px4_msgs) StdoutLine: {'line': b'-- Up-to-date: /home/mcfb/ros2_ws/install/px4_msgs/include/px4_msgs/px4_msgs/msg/transponder_report.h\n'}
[1.390786] (px4_msgs) StdoutLine: {'line': b'-- Up-to-date: /home/mcfb/ros2_ws/install/px4_msgs/include/px4_msgs/px4_msgs/msg/sensor_preflight_mag.h\n'}
[1.390835] (px4_msgs) StdoutLine: {'line': b'-- Up-to-date: /home/mcfb/ros2_ws/install/px4_msgs/include/px4_msgs/px4_msgs/msg/gps_dump.h\n'}
[1.390880] (px4_msgs) StdoutLine: {'line': b'-- Up-to-date: /home/mcfb/ros2_ws/install/px4_msgs/include/px4_msgs/px4_msgs/msg/fixed_wing_lateral_guidance_status.h\n'}
[1.390932] (px4_msgs) StdoutLine: {'line': b'-- Up-to-date: /home/mcfb/ros2_ws/install/px4_msgs/include/px4_msgs/px4_msgs/msg/rover_steering_setpoint.h\n'}
[1.390991] (px4_msgs) StdoutLine: {'line': b'-- Up-to-date: /home/mcfb/ros2_ws/install/px4_msgs/include/px4_msgs/px4_msgs/msg/system_power.h\n'}
[1.391054] (px4_msgs) StdoutLine: {'line': b'-- Up-to-date: /home/mcfb/ros2_ws/install/px4_msgs/include/px4_msgs/px4_msgs/msg/gimbal_manager_set_manual_control.h\n'}
[1.391108] (px4_msgs) StdoutLine: {'line': b'-- Up-to-date: /home/mcfb/ros2_ws/install/px4_msgs/include/px4_msgs/px4_msgs/msg/camera_trigger.h\n'}
[1.391148] (px4_msgs) StdoutLine: {'line': b'-- Up-to-date: /home/mcfb/ros2_ws/install/px4_msgs/include/px4_msgs/px4_msgs/msg/mount_orientation.h\n'}
[1.391191] (px4_msgs) StdoutLine: {'line': b'-- Up-to-date: /home/mcfb/ros2_ws/install/px4_msgs/include/px4_msgs/px4_msgs/msg/event.h\n'}
[1.391229] (px4_msgs) StdoutLine: {'line': b'-- Up-to-date: /home/mcfb/ros2_ws/install/px4_msgs/include/px4_msgs/px4_msgs/msg/pure_pursuit_status.h\n'}
[1.391267] (px4_msgs) StdoutLine: {'line': b'-- Up-to-date: /home/mcfb/ros2_ws/install/px4_msgs/include/px4_msgs/px4_msgs/msg/adc_report.h\n'}
[1.391301] (px4_msgs) StdoutLine: {'line': b'-- Up-to-date: /home/mcfb/ros2_ws/install/px4_msgs/include/px4_msgs/px4_msgs/msg/gimbal_device_attitude_status.h\n'}
[1.391336] (px4_msgs) StdoutLine: {'line': b'-- Up-to-date: /home/mcfb/ros2_ws/install/px4_msgs/include/px4_msgs/px4_msgs/msg/logger_status.h\n'}
[1.391373] (px4_msgs) StdoutLine: {'line': b'-- Up-to-date: /home/mcfb/ros2_ws/install/px4_msgs/include/px4_msgs/px4_msgs/msg/rover_attitude_setpoint.h\n'}
[1.391408] (px4_msgs) StdoutLine: {'line': b'-- Up-to-date: /home/mcfb/ros2_ws/install/px4_msgs/include/px4_msgs/px4_msgs/msg/position_setpoint.h\n'}
[1.391441] (px4_msgs) StdoutLine: {'line': b'-- Up-to-date: /home/mcfb/ros2_ws/install/px4_msgs/include/px4_msgs/px4_msgs/msg/rover_position_setpoint.h\n'}
[1.391474] (px4_msgs) StdoutLine: {'line': b'-- Up-to-date: /home/mcfb/ros2_ws/install/px4_msgs/include/px4_msgs/px4_msgs/msg/config_overrides.h\n'}
[1.391513] (px4_msgs) StdoutLine: {'line': b'-- Up-to-date: /home/mcfb/ros2_ws/install/px4_msgs/include/px4_msgs/px4_msgs/msg/mavlink_log.h\n'}
[1.391546] (px4_msgs) StdoutLine: {'line': b'-- Up-to-date: /home/mcfb/ros2_ws/install/px4_msgs/include/px4_msgs/px4_msgs/msg/rover_rate_status.h\n'}
[1.391580] (px4_msgs) StdoutLine: {'line': b'-- Up-to-date: /home/mcfb/ros2_ws/install/px4_msgs/include/px4_msgs/px4_msgs/msg/irlock_report.h\n'}
[1.391614] (px4_msgs) StdoutLine: {'line': b'-- Up-to-date: /home/mcfb/ros2_ws/install/px4_msgs/share/px4_msgs/environment/library_path.sh\n'}
[1.391649] (px4_msgs) StdoutLine: {'line': b'-- Up-to-date: /home/mcfb/ros2_ws/install/px4_msgs/share/px4_msgs/environment/library_path.dsv\n'}
[1.391683] (px4_msgs) StdoutLine: {'line': b'-- Up-to-date: /home/mcfb/ros2_ws/install/px4_msgs/lib/libpx4_msgs__rosidl_generator_c.so\n'}
[1.391716] (px4_msgs) StdoutLine: {'line': b'-- Up-to-date: /home/mcfb/ros2_ws/install/px4_msgs/include/px4_msgs/px4_msgs\n'}
[1.391752] (px4_msgs) StdoutLine: {'line': b'-- Up-to-date: /home/mcfb/ros2_ws/install/px4_msgs/include/px4_msgs/px4_msgs/srv\n'}
[1.391787] (px4_msgs) StdoutLine: {'line': b'-- Up-to-date: /home/mcfb/ros2_ws/install/px4_msgs/include/px4_msgs/px4_msgs/srv/detail\n'}
[1.391822] (px4_msgs) StdoutLine: {'line': b'-- Up-to-date: /home/mcfb/ros2_ws/install/px4_msgs/include/px4_msgs/px4_msgs/srv/detail/vehicle_command__rosidl_typesupport_fastrtps_c.h\n'}
[1.391863] (px4_msgs) StdoutLine: {'line': b'-- Up-to-date: /home/mcfb/ros2_ws/install/px4_msgs/include/px4_msgs/px4_msgs/msg\n'}
[1.391901] (px4_msgs) StdoutLine: {'line': b'-- Up-to-date: /home/mcfb/ros2_ws/install/px4_msgs/include/px4_msgs/px4_msgs/msg/detail\n'}
[1.391936] (px4_msgs) StdoutLine: {'line': b'-- Up-to-date: /home/mcfb/ros2_ws/install/px4_msgs/include/px4_msgs/px4_msgs/msg/detail/sensor_gnss_status__rosidl_typesupport_fastrtps_c.h\n'}
[1.391971] (px4_msgs) StdoutLine: {'line': b'-- Up-to-date: /home/mcfb/ros2_ws/install/px4_msgs/include/px4_msgs/px4_msgs/msg/detail/sensor_accel__rosidl_typesupport_fastrtps_c.h\n'}
[1.392005] (px4_msgs) StdoutLine: {'line': b'-- Up-to-date: /home/mcfb/ros2_ws/install/px4_msgs/include/px4_msgs/px4_msgs/msg/detail/camera_trigger__rosidl_typesupport_fastrtps_c.h\n'}
[1.392039] (px4_msgs) StdoutLine: {'line': b'-- Up-to-date: /home/mcfb/ros2_ws/install/px4_msgs/include/px4_msgs/px4_msgs/msg/detail/rtl_time_estimate__rosidl_typesupport_fastrtps_c.h\n'}
[1.392073] (px4_msgs) StdoutLine: {'line': b'-- Up-to-date: /home/mcfb/ros2_ws/install/px4_msgs/include/px4_msgs/px4_msgs/msg/detail/tiltrotor_extra_controls__rosidl_typesupport_fastrtps_c.h\n'}
[1.392106] (px4_msgs) StdoutLine: {'line': b'-- Up-to-date: /home/mcfb/ros2_ws/install/px4_msgs/include/px4_msgs/px4_msgs/msg/detail/fixed_wing_lateral_setpoint__rosidl_typesupport_fastrtps_c.h\n'}
[1.392147] (px4_msgs) StdoutLine: {'line': b'-- Up-to-date: /home/mcfb/ros2_ws/install/px4_msgs/include/px4_msgs/px4_msgs/msg/detail/irlock_report__rosidl_typesupport_fastrtps_c.h\n'}
[1.392181] (px4_msgs) StdoutLine: {'line': b'-- Up-to-date: /home/mcfb/ros2_ws/install/px4_msgs/include/px4_msgs/px4_msgs/msg/detail/led_control__rosidl_typesupport_fastrtps_c.h\n'}
[1.392214] (px4_msgs) StdoutLine: {'line': b'-- Up-to-date: /home/mcfb/ros2_ws/install/px4_msgs/include/px4_msgs/px4_msgs/msg/detail/battery_info__rosidl_typesupport_fastrtps_c.h\n'}
[1.392248] (px4_msgs) StdoutLine: {'line': b'-- Up-to-date: /home/mcfb/ros2_ws/install/px4_msgs/include/px4_msgs/px4_msgs/msg/detail/vehicle_odometry__rosidl_typesupport_fastrtps_c.h\n'}
[1.392281] (px4_msgs) StdoutLine: {'line': b'-- Up-to-date: /home/mcfb/ros2_ws/install/px4_msgs/include/px4_msgs/px4_msgs/msg/detail/navigator_mission_item__rosidl_typesupport_fastrtps_c.h\n'}
[1.392315] (px4_msgs) StdoutLine: {'line': b'-- Up-to-date: /home/mcfb/ros2_ws/install/px4_msgs/include/px4_msgs/px4_msgs/msg/detail/generator_status__rosidl_typesupport_fastrtps_c.h\n'}
[1.392351] (px4_msgs) StdoutLine: {'line': b'-- Up-to-date: /home/mcfb/ros2_ws/install/px4_msgs/include/px4_msgs/px4_msgs/msg/detail/vehicle_local_position__rosidl_typesupport_fastrtps_c.h\n'}
[1.392390] (px4_msgs) StdoutLine: {'line': b'-- Up-to-date: /home/mcfb/ros2_ws/install/px4_msgs/include/px4_msgs/px4_msgs/msg/detail/onboard_computer_status__rosidl_typesupport_fastrtps_c.h\n'}
[1.392424] (px4_msgs) StdoutLine: {'line': b'-- Up-to-date: /home/mcfb/ros2_ws/install/px4_msgs/include/px4_msgs/px4_msgs/msg/detail/sensor_gps__rosidl_typesupport_fastrtps_c.h\n'}
[1.392458] (px4_msgs) StdoutLine: {'line': b'-- Up-to-date: /home/mcfb/ros2_ws/install/px4_msgs/include/px4_msgs/px4_msgs/msg/detail/config_overrides__rosidl_typesupport_fastrtps_c.h\n'}
[1.392493] (px4_msgs) StdoutLine: {'line': b'-- Up-to-date: /home/mcfb/ros2_ws/install/px4_msgs/include/px4_msgs/px4_msgs/msg/detail/actuator_servos__rosidl_typesupport_fastrtps_c.h\n'}
[1.392529] (px4_msgs) StdoutLine: {'line': b'-- Up-to-date: /home/mcfb/ros2_ws/install/px4_msgs/include/px4_msgs/px4_msgs/msg/detail/fixed_wing_lateral_status__rosidl_typesupport_fastrtps_c.h\n'}
[1.392563] (px4_msgs) StdoutLine: {'line': b'-- Up-to-date: /home/mcfb/ros2_ws/install/px4_msgs/include/px4_msgs/px4_msgs/msg/detail/wind__rosidl_typesupport_fastrtps_c.h\n'}
[1.392598] (px4_msgs) StdoutLine: {'line': b'-- Up-to-date: /home/mcfb/ros2_ws/install/px4_msgs/include/px4_msgs/px4_msgs/msg/detail/vehicle_command_ack__rosidl_typesupport_fastrtps_c.h\n'}
[1.392634] (px4_msgs) StdoutLine: {'line': b'-- Up-to-date: /home/mcfb/ros2_ws/install/px4_msgs/include/px4_msgs/px4_msgs/msg/detail/orb_test_medium__rosidl_typesupport_fastrtps_c.h\n'}
[1.392670] (px4_msgs) StdoutLine: {'line': b'-- Up-to-date: /home/mcfb/ros2_ws/install/px4_msgs/include/px4_msgs/px4_msgs/msg/detail/heater_status__rosidl_typesupport_fastrtps_c.h\n'}
[1.392704] (px4_msgs) StdoutLine: {'line': b'-- Up-to-date: /home/mcfb/ros2_ws/install/px4_msgs/include/px4_msgs/px4_msgs/msg/detail/mavlink_log__rosidl_typesupport_fastrtps_c.h\n'}
[1.392738] (px4_msgs) StdoutLine: {'line': b'-- Up-to-date: /home/mcfb/ros2_ws/install/px4_msgs/include/px4_msgs/px4_msgs/msg/detail/estimator_sensor_bias__rosidl_typesupport_fastrtps_c.h\n'}
[1.392775] (px4_msgs) StdoutLine: {'line': b'-- Up-to-date: /home/mcfb/ros2_ws/install/px4_msgs/include/px4_msgs/px4_msgs/msg/detail/airspeed__rosidl_typesupport_fastrtps_c.h\n'}
[1.392809] (px4_msgs) StdoutLine: {'line': b'-- Up-to-date: /home/mcfb/ros2_ws/install/px4_msgs/include/px4_msgs/px4_msgs/msg/detail/differential_pressure__rosidl_typesupport_fastrtps_c.h\n'}
[1.392850] (px4_msgs) StdoutLine: {'line': b'-- Up-to-date: /home/mcfb/ros2_ws/install/px4_msgs/include/px4_msgs/px4_msgs/msg/detail/tecs_status__rosidl_typesupport_fastrtps_c.h\n'}
[1.392889] (px4_msgs) StdoutLine: {'line': b'-- Up-to-date: /home/mcfb/ros2_ws/install/px4_msgs/include/px4_msgs/px4_msgs/msg/detail/failsafe_flags__rosidl_typesupport_fastrtps_c.h\n'}
[1.392924] (px4_msgs) StdoutLine: {'line': b'-- Up-to-date: /home/mcfb/ros2_ws/install/px4_msgs/include/px4_msgs/px4_msgs/msg/detail/airspeed_validated__rosidl_typesupport_fastrtps_c.h\n'}
[1.392959] (px4_msgs) StdoutLine: {'line': b'-- Up-to-date: /home/mcfb/ros2_ws/install/px4_msgs/include/px4_msgs/px4_msgs/msg/detail/landing_gear__rosidl_typesupport_fastrtps_c.h\n'}
[1.392991] (px4_msgs) StdoutLine: {'line': b'-- Up-to-date: /home/mcfb/ros2_ws/install/px4_msgs/include/px4_msgs/px4_msgs/msg/detail/estimator_aid_source1d__rosidl_typesupport_fastrtps_c.h\n'}
[1.393027] (px4_msgs) StdoutLine: {'line': b'-- Up-to-date: /home/mcfb/ros2_ws/install/px4_msgs/include/px4_msgs/px4_msgs/msg/detail/geofence_result__rosidl_typesupport_fastrtps_c.h\n'}
[1.393062] (px4_msgs) StdoutLine: {'line': b'-- Up-to-date: /home/mcfb/ros2_ws/install/px4_msgs/include/px4_msgs/px4_msgs/msg/detail/uavcan_parameter_value__rosidl_typesupport_fastrtps_c.h\n'}
[1.393097] (px4_msgs) StdoutLine: {'line': b'-- Up-to-date: /home/mcfb/ros2_ws/install/px4_msgs/include/px4_msgs/px4_msgs/msg/detail/parameter_set_used_request__rosidl_typesupport_fastrtps_c.h\n'}
[1.393134] (px4_msgs) StdoutLine: {'line': b'-- Up-to-date: /home/mcfb/ros2_ws/install/px4_msgs/include/px4_msgs/px4_msgs/msg/detail/mag_worker_data__rosidl_typesupport_fastrtps_c.h\n'}
[1.393169] (px4_msgs) StdoutLine: {'line': b'-- Up-to-date: /home/mcfb/ros2_ws/install/px4_msgs/include/px4_msgs/px4_msgs/msg/detail/log_message__rosidl_typesupport_fastrtps_c.h\n'}
[1.393209] (px4_msgs) StdoutLine: {'line': b'-- Up-to-date: /home/mcfb/ros2_ws/install/px4_msgs/include/px4_msgs/px4_msgs/msg/detail/internal_combustion_engine_status__rosidl_typesupport_fastrtps_c.h\n'}
[1.393242] (px4_msgs) StdoutLine: {'line': b'-- Up-to-date: /home/mcfb/ros2_ws/install/px4_msgs/include/px4_msgs/px4_msgs/msg/detail/vehicle_status__rosidl_typesupport_fastrtps_c.h\n'}
[1.393277] (px4_msgs) StdoutLine: {'line': b'-- Up-to-date: /home/mcfb/ros2_ws/install/px4_msgs/include/px4_msgs/px4_msgs/msg/detail/arming_check_reply__rosidl_typesupport_fastrtps_c.h\n'}
[1.393326] (px4_msgs) StdoutLine: {'line': b'-- Up-to-date: /home/mcfb/ros2_ws/install/px4_msgs/include/px4_msgs/px4_msgs/msg/detail/gripper__rosidl_typesupport_fastrtps_c.h\n'}
[1.393382] (px4_msgs) StdoutLine: {'line': b'-- Up-to-date: /home/mcfb/ros2_ws/install/px4_msgs/include/px4_msgs/px4_msgs/msg/detail/gpio_in__rosidl_typesupport_fastrtps_c.h\n'}
[1.393441] (px4_msgs) StdoutLine: {'line': b'-- Up-to-date: /home/mcfb/ros2_ws/install/px4_msgs/include/px4_msgs/px4_msgs/msg/detail/landing_gear_wheel__rosidl_typesupport_fastrtps_c.h\n'}
[1.393492] (px4_msgs) StdoutLine: {'line': b'-- Up-to-date: /home/mcfb/ros2_ws/install/px4_msgs/include/px4_msgs/px4_msgs/msg/detail/collision_constraints__rosidl_typesupport_fastrtps_c.h\n'}
[1.393551] (px4_msgs) StdoutLine: {'line': b'-- Up-to-date: /home/mcfb/ros2_ws/install/px4_msgs/include/px4_msgs/px4_msgs/msg/detail/parameter_reset_request__rosidl_typesupport_fastrtps_c.h\n'}
[1.393606] (px4_msgs) StdoutLine: {'line': b'-- Up-to-date: /home/mcfb/ros2_ws/install/px4_msgs/include/px4_msgs/px4_msgs/msg/detail/debug_vect__rosidl_typesupport_fastrtps_c.h\n'}
[1.393657] (px4_msgs) StdoutLine: {'line': b'-- Up-to-date: /home/mcfb/ros2_ws/install/px4_msgs/include/px4_msgs/px4_msgs/msg/detail/landing_target_pose__rosidl_typesupport_fastrtps_c.h\n'}
[1.393705] (px4_msgs) StdoutLine: {'line': b'-- Up-to-date: /home/mcfb/ros2_ws/install/px4_msgs/include/px4_msgs/px4_msgs/msg/detail/gps_dump__rosidl_typesupport_fastrtps_c.h\n'}
[1.393750] (px4_msgs) StdoutLine: {'line': b'-- Up-to-date: /home/mcfb/ros2_ws/install/px4_msgs/include/px4_msgs/px4_msgs/msg/detail/px4io_status__rosidl_typesupport_fastrtps_c.h\n'}
[1.393806] (px4_msgs) StdoutLine: {'line': b'-- Up-to-date: /home/mcfb/ros2_ws/install/px4_msgs/include/px4_msgs/px4_msgs/msg/detail/sensor_combined__rosidl_typesupport_fastrtps_c.h\n'}
[1.393859] (px4_msgs) StdoutLine: {'line': b'-- Up-to-date: /home/mcfb/ros2_ws/install/px4_msgs/include/px4_msgs/px4_msgs/msg/detail/camera_status__rosidl_typesupport_fastrtps_c.h\n'}
[1.393910] (px4_msgs) StdoutLine: {'line': b'-- Up-to-date: /home/mcfb/ros2_ws/install/px4_msgs/include/px4_msgs/px4_msgs/msg/detail/pure_pursuit_status__rosidl_typesupport_fastrtps_c.h\n'}
[1.393955] (px4_msgs) StdoutLine: {'line': b'-- Up-to-date: /home/mcfb/ros2_ws/install/px4_msgs/include/px4_msgs/px4_msgs/msg/detail/arming_check_request__rosidl_typesupport_fastrtps_c.h\n'}
[1.393990] (px4_msgs) StdoutLine: {'line': b'-- Up-to-date: /home/mcfb/ros2_ws/install/px4_msgs/include/px4_msgs/px4_msgs/msg/detail/ulog_stream__rosidl_typesupport_fastrtps_c.h\n'}
[1.394025] (px4_msgs) StdoutLine: {'line': b'-- Up-to-date: /home/mcfb/ros2_ws/install/px4_msgs/include/px4_msgs/px4_msgs/msg/detail/sensor_gyro_fft__rosidl_typesupport_fastrtps_c.h\n'}
[1.394059] (px4_msgs) StdoutLine: {'line': b'-- Up-to-date: /home/mcfb/ros2_ws/install/px4_msgs/include/px4_msgs/px4_msgs/msg/detail/follow_target_status__rosidl_typesupport_fastrtps_c.h\n'}
[1.394097] (px4_msgs) StdoutLine: {'line': b'-- Up-to-date: /home/mcfb/ros2_ws/install/px4_msgs/include/px4_msgs/px4_msgs/msg/detail/velocity_limits__rosidl_typesupport_fastrtps_c.h\n'}
[1.394134] (px4_msgs) StdoutLine: {'line': b'-- Up-to-date: /home/mcfb/ros2_ws/install/px4_msgs/include/px4_msgs/px4_msgs/msg/detail/register_ext_component_reply__rosidl_typesupport_fastrtps_c.h\n'}
[1.394173] (px4_msgs) StdoutLine: {'line': b'-- Up-to-date: /home/mcfb/ros2_ws/install/px4_msgs/include/px4_msgs/px4_msgs/msg/detail/rover_speed_setpoint__rosidl_typesupport_fastrtps_c.h\n'}
[1.394227] (px4_msgs) StdoutLine: {'line': b'-- Up-to-date: /home/mcfb/ros2_ws/install/px4_msgs/include/px4_msgs/px4_msgs/msg/detail/ulog_stream_ack__rosidl_typesupport_fastrtps_c.h\n'}
[1.394266] (px4_msgs) StdoutLine: {'line': b'-- Up-to-date: /home/mcfb/ros2_ws/install/px4_msgs/include/px4_msgs/px4_msgs/msg/detail/sensor_hygrometer__rosidl_typesupport_fastrtps_c.h\n'}
[1.394302] (px4_msgs) StdoutLine: {'line': b'-- Up-to-date: /home/mcfb/ros2_ws/install/px4_msgs/include/px4_msgs/px4_msgs/msg/detail/actuator_test__rosidl_typesupport_fastrtps_c.h\n'}
[1.394335] (px4_msgs) StdoutLine: {'line': b'-- Up-to-date: /home/mcfb/ros2_ws/install/px4_msgs/include/px4_msgs/px4_msgs/msg/detail/gimbal_device_information__rosidl_typesupport_fastrtps_c.h\n'}
[1.394381] (px4_msgs) StdoutLine: {'line': b'-- Up-to-date: /home/mcfb/ros2_ws/install/px4_msgs/include/px4_msgs/px4_msgs/msg/detail/sensor_optical_flow__rosidl_typesupport_fastrtps_c.h\n'}
[1.394424] (px4_msgs) StdoutLine: {'line': b'-- Up-to-date: /home/mcfb/ros2_ws/install/px4_msgs/include/px4_msgs/px4_msgs/msg/detail/position_setpoint__rosidl_typesupport_fastrtps_c.h\n'}
[1.394480] (px4_msgs) StdoutLine: {'line': b'-- Up-to-date: /home/mcfb/ros2_ws/install/px4_msgs/include/px4_msgs/px4_msgs/msg/detail/actuator_controls_status__rosidl_typesupport_fastrtps_c.h\n'}
[1.394516] (px4_msgs) StdoutLine: {'line': b'-- Up-to-date: /home/mcfb/ros2_ws/install/px4_msgs/include/px4_msgs/px4_msgs/msg/detail/sensor_preflight_mag__rosidl_typesupport_fastrtps_c.h\n'}
[1.394556] (px4_msgs) StdoutLine: {'line': b'-- Up-to-date: /home/mcfb/ros2_ws/install/px4_msgs/include/px4_msgs/px4_msgs/msg/detail/mount_orientation__rosidl_typesupport_fastrtps_c.h\n'}
[1.394611] (px4_msgs) StdoutLine: {'line': b'-- Up-to-date: /home/mcfb/ros2_ws/install/px4_msgs/include/px4_msgs/px4_msgs/msg/detail/radio_status__rosidl_typesupport_fastrtps_c.h\n'}
[1.394648] (px4_msgs) StdoutLine: {'line': b'-- Up-to-date: /home/mcfb/ros2_ws/install/px4_msgs/include/px4_msgs/px4_msgs/msg/detail/sensor_uwb__rosidl_typesupport_fastrtps_c.h\n'}
[1.394682] (px4_msgs) StdoutLine: {'line': b'-- Up-to-date: /home/mcfb/ros2_ws/install/px4_msgs/include/px4_msgs/px4_msgs/msg/detail/actuator_motors__rosidl_typesupport_fastrtps_c.h\n'}
[1.394717] (px4_msgs) StdoutLine: {'line': b'-- Up-to-date: /home/mcfb/ros2_ws/install/px4_msgs/include/px4_msgs/px4_msgs/msg/detail/rover_attitude_setpoint__rosidl_typesupport_fastrtps_c.h\n'}
[1.394753] (px4_msgs) StdoutLine: {'line': b'-- Up-to-date: /home/mcfb/ros2_ws/install/px4_msgs/include/px4_msgs/px4_msgs/msg/detail/orbit_status__rosidl_typesupport_fastrtps_c.h\n'}
[1.394793] (px4_msgs) StdoutLine: {'line': b'-- Up-to-date: /home/mcfb/ros2_ws/install/px4_msgs/include/px4_msgs/px4_msgs/msg/detail/vehicle_magnetometer__rosidl_typesupport_fastrtps_c.h\n'}
[1.394848] (px4_msgs) StdoutLine: {'line': b'-- Up-to-date: /home/mcfb/ros2_ws/install/px4_msgs/include/px4_msgs/px4_msgs/msg/detail/dataman_request__rosidl_typesupport_fastrtps_c.h\n'}
[1.394900] (px4_msgs) StdoutLine: {'line': b'-- Up-to-date: /home/mcfb/ros2_ws/install/px4_msgs/include/px4_msgs/px4_msgs/msg/detail/parameter_set_value_response__rosidl_typesupport_fastrtps_c.h\n'}
[1.394955] (px4_msgs) StdoutLine: {'line': b'-- Up-to-date: /home/mcfb/ros2_ws/install/px4_msgs/include/px4_msgs/px4_msgs/msg/detail/fixed_wing_runway_control__rosidl_typesupport_fastrtps_c.h\n'}
[1.395005] (px4_msgs) StdoutLine: {'line': b'-- Up-to-date: /home/mcfb/ros2_ws/install/px4_msgs/include/px4_msgs/px4_msgs/msg/detail/actuator_outputs__rosidl_typesupport_fastrtps_c.h\n'}
[1.395058] (px4_msgs) StdoutLine: {'line': b'-- Up-to-date: /home/mcfb/ros2_ws/install/px4_msgs/include/px4_msgs/px4_msgs/msg/detail/actuator_armed__rosidl_typesupport_fastrtps_c.h\n'}
[1.395115] (px4_msgs) StdoutLine: {'line': b'-- Up-to-date: /home/mcfb/ros2_ws/install/px4_msgs/include/px4_msgs/px4_msgs/msg/detail/rover_position_setpoint__rosidl_typesupport_fastrtps_c.h\n'}
[1.395169] (px4_msgs) StdoutLine: {'line': b'-- Up-to-date: /home/mcfb/ros2_ws/install/px4_msgs/include/px4_msgs/px4_msgs/msg/detail/vehicle_optical_flow__rosidl_typesupport_fastrtps_c.h\n'}
[1.395226] (px4_msgs) StdoutLine: {'line': b'-- Up-to-date: /home/mcfb/ros2_ws/install/px4_msgs/include/px4_msgs/px4_msgs/msg/detail/airspeed_wind__rosidl_typesupport_fastrtps_c.h\n'}
[1.395268] (px4_msgs) StdoutLine: {'line': b'-- Up-to-date: /home/mcfb/ros2_ws/install/px4_msgs/include/px4_msgs/px4_msgs/msg/detail/orb_test__rosidl_typesupport_fastrtps_c.h\n'}
[1.395322] (px4_msgs) StdoutLine: {'line': b'-- Up-to-date: /home/mcfb/ros2_ws/install/px4_msgs/include/px4_msgs/px4_msgs/msg/detail/open_drone_id_system__rosidl_typesupport_fastrtps_c.h\n'}
[1.395360] (px4_msgs) StdoutLine: {'line': b'-- Up-to-date: /home/mcfb/ros2_ws/install/px4_msgs/include/px4_msgs/px4_msgs/msg/detail/vehicle_command__rosidl_typesupport_fastrtps_c.h\n'}
[1.395400] (px4_msgs) StdoutLine: {'line': b'-- Up-to-date: /home/mcfb/ros2_ws/install/px4_msgs/include/px4_msgs/px4_msgs/msg/detail/power_button_state__rosidl_typesupport_fastrtps_c.h\n'}
[1.395450] (px4_msgs) StdoutLine: {'line': b'-- Up-to-date: /home/mcfb/ros2_ws/install/px4_msgs/include/px4_msgs/px4_msgs/msg/detail/sensor_correction__rosidl_typesupport_fastrtps_c.h\n'}
[1.395504] (px4_msgs) StdoutLine: {'line': b'-- Up-to-date: /home/mcfb/ros2_ws/install/px4_msgs/include/px4_msgs/px4_msgs/msg/detail/message_format_request__rosidl_typesupport_fastrtps_c.h\n'}
[1.395559] (px4_msgs) StdoutLine: {'line': b'-- Up-to-date: /home/mcfb/ros2_ws/install/px4_msgs/include/px4_msgs/px4_msgs/msg/detail/sensors_status__rosidl_typesupport_fastrtps_c.h\n'}
[1.395652] (px4_msgs) StdoutLine: {'line': b'-- Up-to-date: /home/mcfb/ros2_ws/install/px4_msgs/include/px4_msgs/px4_msgs/msg/detail/open_drone_id_self_id__rosidl_typesupport_fastrtps_c.h\n'}
[1.395708] (px4_msgs) StdoutLine: {'line': b'-- Up-to-date: /home/mcfb/ros2_ws/install/px4_msgs/include/px4_msgs/px4_msgs/msg/detail/vehicle_control_mode__rosidl_typesupport_fastrtps_c.h\n'}
[1.395753] (px4_msgs) StdoutLine: {'line': b'-- Up-to-date: /home/mcfb/ros2_ws/install/px4_msgs/include/px4_msgs/px4_msgs/msg/detail/rc_parameter_map__rosidl_typesupport_fastrtps_c.h\n'}
[1.395788] (px4_msgs) StdoutLine: {'line': b'-- Up-to-date: /home/mcfb/ros2_ws/install/px4_msgs/include/px4_msgs/px4_msgs/msg/detail/rover_rate_status__rosidl_typesupport_fastrtps_c.h\n'}
[1.395829] (px4_msgs) StdoutLine: {'line': b'-- Up-to-date: /home/mcfb/ros2_ws/install/px4_msgs/include/px4_msgs/px4_msgs/msg/detail/fixed_wing_lateral_guidance_status__rosidl_typesupport_fastrtps_c.h\n'}
[1.395879] (px4_msgs) StdoutLine: {'line': b'-- Up-to-date: /home/mcfb/ros2_ws/install/px4_msgs/include/px4_msgs/px4_msgs/msg/detail/rc_channels__rosidl_typesupport_fastrtps_c.h\n'}
[1.395917] (px4_msgs) StdoutLine: {'line': b'-- Up-to-date: /home/mcfb/ros2_ws/install/px4_msgs/include/px4_msgs/px4_msgs/msg/detail/button_event__rosidl_typesupport_fastrtps_c.h\n'}
[1.395951] (px4_msgs) StdoutLine: {'line': b'-- Up-to-date: /home/mcfb/ros2_ws/install/px4_msgs/include/px4_msgs/px4_msgs/msg/detail/navigator_status__rosidl_typesupport_fastrtps_c.h\n'}
[1.395988] (px4_msgs) StdoutLine: {'line': b'-- Up-to-date: /home/mcfb/ros2_ws/install/px4_msgs/include/px4_msgs/px4_msgs/msg/detail/vehicle_attitude_setpoint__rosidl_typesupport_fastrtps_c.h\n'}
[1.396022] (px4_msgs) StdoutLine: {'line': b'-- Up-to-date: /home/mcfb/ros2_ws/install/px4_msgs/include/px4_msgs/px4_msgs/msg/detail/gimbal_device_set_attitude__rosidl_typesupport_fastrtps_c.h\n'}
[1.396055] (px4_msgs) StdoutLine: {'line': b'-- Up-to-date: /home/mcfb/ros2_ws/install/px4_msgs/include/px4_msgs/px4_msgs/msg/detail/rover_speed_status__rosidl_typesupport_fastrtps_c.h\n'}
[1.396091] (px4_msgs) StdoutLine: {'line': b'-- Up-to-date: /home/mcfb/ros2_ws/install/px4_msgs/include/px4_msgs/px4_msgs/msg/detail/rtl_status__rosidl_typesupport_fastrtps_c.h\n'}
[1.396129] (px4_msgs) StdoutLine: {'line': b'-- Up-to-date: /home/mcfb/ros2_ws/install/px4_msgs/include/px4_msgs/px4_msgs/msg/detail/follow_target__rosidl_typesupport_fastrtps_c.h\n'}
[1.396169] (px4_msgs) StdoutLine: {'line': b'-- Up-to-date: /home/mcfb/ros2_ws/install/px4_msgs/include/px4_msgs/px4_msgs/msg/detail/estimator_innovations__rosidl_typesupport_fastrtps_c.h\n'}
[1.396207] (px4_msgs) StdoutLine: {'line': b'-- Up-to-date: /home/mcfb/ros2_ws/install/px4_msgs/include/px4_msgs/px4_msgs/msg/detail/iridiumsbd_status__rosidl_typesupport_fastrtps_c.h\n'}
[1.396245] (px4_msgs) StdoutLine: {'line': b'-- Up-to-date: /home/mcfb/ros2_ws/install/px4_msgs/include/px4_msgs/px4_msgs/msg/detail/sensor_gyro__rosidl_typesupport_fastrtps_c.h\n'}
[1.396290] (px4_msgs) StdoutLine: {'line': b'-- Up-to-date: /home/mcfb/ros2_ws/install/px4_msgs/include/px4_msgs/px4_msgs/msg/detail/landing_target_innovations__rosidl_typesupport_fastrtps_c.h\n'}
[1.396340] (px4_msgs) StdoutLine: {'line': b'-- Up-to-date: /home/mcfb/ros2_ws/install/px4_msgs/include/px4_msgs/px4_msgs/msg/detail/manual_control_switches__rosidl_typesupport_fastrtps_c.h\n'}
[1.396394] (px4_msgs) StdoutLine: {'line': b'-- Up-to-date: /home/mcfb/ros2_ws/install/px4_msgs/include/px4_msgs/px4_msgs/msg/detail/cpuload__rosidl_typesupport_fastrtps_c.h\n'}
[1.396446] (px4_msgs) StdoutLine: {'line': b'-- Up-to-date: /home/mcfb/ros2_ws/install/px4_msgs/include/px4_msgs/px4_msgs/msg/detail/trajectory_setpoint6dof__rosidl_typesupport_fastrtps_c.h\n'}
[1.396500] (px4_msgs) StdoutLine: {'line': b'-- Up-to-date: /home/mcfb/ros2_ws/install/px4_msgs/include/px4_msgs/px4_msgs/msg/detail/position_controller_status__rosidl_typesupport_fastrtps_c.h\n'}
[1.396551] (px4_msgs) StdoutLine: {'line': b'-- Up-to-date: /home/mcfb/ros2_ws/install/px4_msgs/include/px4_msgs/px4_msgs/msg/detail/power_monitor__rosidl_typesupport_fastrtps_c.h\n'}
[1.396615] (px4_msgs) StdoutLine: {'line': b'-- Up-to-date: /home/mcfb/ros2_ws/install/px4_msgs/include/px4_msgs/px4_msgs/msg/detail/estimator_status_flags__rosidl_typesupport_fastrtps_c.h\n'}
[1.396658] (px4_msgs) StdoutLine: {'line': b'-- Up-to-date: /home/mcfb/ros2_ws/install/px4_msgs/include/px4_msgs/px4_msgs/msg/detail/orb_test_large__rosidl_typesupport_fastrtps_c.h\n'}
[1.396693] (px4_msgs) StdoutLine: {'line': b'-- Up-to-date: /home/mcfb/ros2_ws/install/px4_msgs/include/px4_msgs/px4_msgs/msg/detail/longitudinal_control_configuration__rosidl_typesupport_fastrtps_c.h\n'}
[1.396739] (px4_msgs) StdoutLine: {'line': b'-- Up-to-date: /home/mcfb/ros2_ws/install/px4_msgs/include/px4_msgs/px4_msgs/msg/detail/satellite_info__rosidl_typesupport_fastrtps_c.h\n'}
[1.396788] (px4_msgs) StdoutLine: {'line': b'-- Up-to-date: /home/mcfb/ros2_ws/install/px4_msgs/include/px4_msgs/px4_msgs/msg/detail/launch_detection_status__rosidl_typesupport_fastrtps_c.h\n'}
[1.396833] (px4_msgs) StdoutLine: {'line': b'-- Up-to-date: /home/mcfb/ros2_ws/install/px4_msgs/include/px4_msgs/px4_msgs/msg/detail/failure_detector_status__rosidl_typesupport_fastrtps_c.h\n'}
[1.396874] (px4_msgs) StdoutLine: {'line': b'-- Up-to-date: /home/mcfb/ros2_ws/install/px4_msgs/include/px4_msgs/px4_msgs/msg/detail/esc_report__rosidl_typesupport_fastrtps_c.h\n'}
[1.396910] (px4_msgs) StdoutLine: {'line': b'-- Up-to-date: /home/mcfb/ros2_ws/install/px4_msgs/include/px4_msgs/px4_msgs/msg/detail/gpio_config__rosidl_typesupport_fastrtps_c.h\n'}
[1.396946] (px4_msgs) StdoutLine: {'line': b'-- Up-to-date: /home/mcfb/ros2_ws/install/px4_msgs/include/px4_msgs/px4_msgs/msg/detail/battery_status__rosidl_typesupport_fastrtps_c.h\n'}
[1.396980] (px4_msgs) StdoutLine: {'line': b'-- Up-to-date: /home/mcfb/ros2_ws/install/px4_msgs/include/px4_msgs/px4_msgs/msg/detail/flight_phase_estimation__rosidl_typesupport_fastrtps_c.h\n'}
[1.397013] (px4_msgs) StdoutLine: {'line': b'-- Up-to-date: /home/mcfb/ros2_ws/install/px4_msgs/include/px4_msgs/px4_msgs/msg/detail/yaw_estimator_status__rosidl_typesupport_fastrtps_c.h\n'}
[1.397051] (px4_msgs) StdoutLine: {'line': b'-- Up-to-date: /home/mcfb/ros2_ws/install/px4_msgs/include/px4_msgs/px4_msgs/msg/detail/ping__rosidl_typesupport_fastrtps_c.h\n'}
[1.397086] (px4_msgs) StdoutLine: {'line': b'-- Up-to-date: /home/mcfb/ros2_ws/install/px4_msgs/include/px4_msgs/px4_msgs/msg/detail/autotune_attitude_control_status__rosidl_typesupport_fastrtps_c.h\n'}
[1.397120] (px4_msgs) StdoutLine: {'line': b'-- Up-to-date: /home/mcfb/ros2_ws/install/px4_msgs/include/px4_msgs/px4_msgs/msg/detail/esc_status__rosidl_typesupport_fastrtps_c.h\n'}
[1.397167] (px4_msgs) StdoutLine: {'line': b'-- Up-to-date: /home/mcfb/ros2_ws/install/px4_msgs/include/px4_msgs/px4_msgs/msg/detail/rover_rate_setpoint__rosidl_typesupport_fastrtps_c.h\n'}
[1.397216] (px4_msgs) StdoutLine: {'line': b'-- Up-to-date: /home/mcfb/ros2_ws/install/px4_msgs/include/px4_msgs/px4_msgs/msg/detail/qshell_retval__rosidl_typesupport_fastrtps_c.h\n'}
[1.397257] (px4_msgs) StdoutLine: {'line': b'-- Up-to-date: /home/mcfb/ros2_ws/install/px4_msgs/include/px4_msgs/px4_msgs/msg/detail/qshell_req__rosidl_typesupport_fastrtps_c.h\n'}
[1.397293] (px4_msgs) StdoutLine: {'line': b'-- Up-to-date: /home/mcfb/ros2_ws/install/px4_msgs/include/px4_msgs/px4_msgs/msg/detail/rpm__rosidl_typesupport_fastrtps_c.h\n'}
[1.397329] (px4_msgs) StdoutLine: {'line': b'-- Up-to-date: /home/mcfb/ros2_ws/install/px4_msgs/include/px4_msgs/px4_msgs/msg/detail/rover_throttle_setpoint__rosidl_typesupport_fastrtps_c.h\n'}
[1.397365] (px4_msgs) StdoutLine: {'line': b'-- Up-to-date: /home/mcfb/ros2_ws/install/px4_msgs/include/px4_msgs/px4_msgs/msg/detail/sensor_baro__rosidl_typesupport_fastrtps_c.h\n'}
[1.397398] (px4_msgs) StdoutLine: {'line': b'-- Up-to-date: /home/mcfb/ros2_ws/install/px4_msgs/include/px4_msgs/px4_msgs/msg/detail/health_report__rosidl_typesupport_fastrtps_c.h\n'}
[1.397437] (px4_msgs) StdoutLine: {'line': b'-- Up-to-date: /home/mcfb/ros2_ws/install/px4_msgs/include/px4_msgs/px4_msgs/msg/detail/dataman_response__rosidl_typesupport_fastrtps_c.h\n'}
[1.397472] (px4_msgs) StdoutLine: {'line': b'-- Up-to-date: /home/mcfb/ros2_ws/install/px4_msgs/include/px4_msgs/px4_msgs/msg/detail/rover_steering_setpoint__rosidl_typesupport_fastrtps_c.h\n'}
[1.397506] (px4_msgs) StdoutLine: {'line': b'-- Up-to-date: /home/mcfb/ros2_ws/install/px4_msgs/include/px4_msgs/px4_msgs/msg/detail/cellular_status__rosidl_typesupport_fastrtps_c.h\n'}
[1.397540] (px4_msgs) StdoutLine: {'line': b'-- Up-to-date: /home/mcfb/ros2_ws/install/px4_msgs/include/px4_msgs/px4_msgs/msg/detail/transponder_report__rosidl_typesupport_fastrtps_c.h\n'}
[1.397573] (px4_msgs) StdoutLine: {'line': b'-- Up-to-date: /home/mcfb/ros2_ws/install/px4_msgs/include/px4_msgs/px4_msgs/msg/detail/position_setpoint_triplet__rosidl_typesupport_fastrtps_c.h\n'}
[1.397606] (px4_msgs) StdoutLine: {'line': b'-- Up-to-date: /home/mcfb/ros2_ws/install/px4_msgs/include/px4_msgs/px4_msgs/msg/detail/wheel_encoders__rosidl_typesupport_fastrtps_c.h\n'}
[1.397640] (px4_msgs) StdoutLine: {'line': b'-- Up-to-date: /home/mcfb/ros2_ws/install/px4_msgs/include/px4_msgs/px4_msgs/msg/detail/debug_value__rosidl_typesupport_fastrtps_c.h\n'}
[1.397676] (px4_msgs) StdoutLine: {'line': b'-- Up-to-date: /home/mcfb/ros2_ws/install/px4_msgs/include/px4_msgs/px4_msgs/msg/detail/tune_control__rosidl_typesupport_fastrtps_c.h\n'}
[1.397710] (px4_msgs) StdoutLine: {'line': b'-- Up-to-date: /home/mcfb/ros2_ws/install/px4_msgs/include/px4_msgs/px4_msgs/msg/detail/sensor_accel_fifo__rosidl_typesupport_fastrtps_c.h\n'}
[1.397746] (px4_msgs) StdoutLine: {'line': b'-- Up-to-date: /home/mcfb/ros2_ws/install/px4_msgs/include/px4_msgs/px4_msgs/msg/detail/vehicle_constraints__rosidl_typesupport_fastrtps_c.h\n'}
[1.397781] (px4_msgs) StdoutLine: {'line': b'-- Up-to-date: /home/mcfb/ros2_ws/install/px4_msgs/include/px4_msgs/px4_msgs/msg/detail/estimator_aid_source2d__rosidl_typesupport_fastrtps_c.h\n'}
[1.397814] (px4_msgs) StdoutLine: {'line': b'-- Up-to-date: /home/mcfb/ros2_ws/install/px4_msgs/include/px4_msgs/px4_msgs/msg/detail/unregister_ext_component__rosidl_typesupport_fastrtps_c.h\n'}
[1.397854] (px4_msgs) StdoutLine: {'line': b'-- Up-to-date: /home/mcfb/ros2_ws/install/px4_msgs/include/px4_msgs/px4_msgs/msg/detail/vehicle_thrust_setpoint__rosidl_typesupport_fastrtps_c.h\n'}
[1.397891] (px4_msgs) StdoutLine: {'line': b'-- Up-to-date: /home/mcfb/ros2_ws/install/px4_msgs/include/px4_msgs/px4_msgs/msg/detail/vehicle_global_position__rosidl_typesupport_fastrtps_c.h\n'}
[1.397925] (px4_msgs) StdoutLine: {'line': b'-- Up-to-date: /home/mcfb/ros2_ws/install/px4_msgs/include/px4_msgs/px4_msgs/msg/detail/pwm_input__rosidl_typesupport_fastrtps_c.h\n'}
[1.397959] (px4_msgs) StdoutLine: {'line': b'-- Up-to-date: /home/mcfb/ros2_ws/install/px4_msgs/include/px4_msgs/px4_msgs/msg/detail/vehicle_angular_velocity__rosidl_typesupport_fastrtps_c.h\n'}
[1.397993] (px4_msgs) StdoutLine: {'line': b'-- Up-to-date: /home/mcfb/ros2_ws/install/px4_msgs/include/px4_msgs/px4_msgs/msg/detail/gimbal_manager_status__rosidl_typesupport_fastrtps_c.h\n'}
[1.398026] (px4_msgs) StdoutLine: {'line': b'-- Up-to-date: /home/mcfb/ros2_ws/install/px4_msgs/include/px4_msgs/px4_msgs/msg/detail/follow_target_estimator__rosidl_typesupport_fastrtps_c.h\n'}
[1.398060] (px4_msgs) StdoutLine: {'line': b'-- Up-to-date: /home/mcfb/ros2_ws/install/px4_msgs/include/px4_msgs/px4_msgs/msg/detail/estimator_status__rosidl_typesupport_fastrtps_c.h\n'}
[1.398094] (px4_msgs) StdoutLine: {'line': b'-- Up-to-date: /home/mcfb/ros2_ws/install/px4_msgs/include/px4_msgs/px4_msgs/msg/detail/position_controller_landing_status__rosidl_typesupport_fastrtps_c.h\n'}
[1.398128] (px4_msgs) StdoutLine: {'line': b'-- Up-to-date: /home/mcfb/ros2_ws/install/px4_msgs/include/px4_msgs/px4_msgs/msg/detail/debug_array__rosidl_typesupport_fastrtps_c.h\n'}
[1.398161] (px4_msgs) StdoutLine: {'line': b'-- Up-to-date: /home/mcfb/ros2_ws/install/px4_msgs/include/px4_msgs/px4_msgs/msg/detail/input_rc__rosidl_typesupport_fastrtps_c.h\n'}
[1.398194] (px4_msgs) StdoutLine: {'line': b'-- Up-to-date: /home/mcfb/ros2_ws/install/px4_msgs/include/px4_msgs/px4_msgs/msg/detail/trajectory_setpoint__rosidl_typesupport_fastrtps_c.h\n'}
[1.398228] (px4_msgs) StdoutLine: {'line': b'-- Up-to-date: /home/mcfb/ros2_ws/install/px4_msgs/include/px4_msgs/px4_msgs/msg/detail/vehicle_air_data__rosidl_typesupport_fastrtps_c.h\n'}
[1.398261] (px4_msgs) StdoutLine: {'line': b'-- Up-to-date: /home/mcfb/ros2_ws/install/px4_msgs/include/px4_msgs/px4_msgs/msg/detail/gpio_out__rosidl_typesupport_fastrtps_c.h\n'}
[1.398295] (px4_msgs) StdoutLine: {'line': b'-- Up-to-date: /home/mcfb/ros2_ws/install/px4_msgs/include/px4_msgs/px4_msgs/msg/detail/distance_sensor_mode_change_request__rosidl_typesupport_fastrtps_c.h\n'}
[1.398329] (px4_msgs) StdoutLine: {'line': b'-- Up-to-date: /home/mcfb/ros2_ws/install/px4_msgs/include/px4_msgs/px4_msgs/msg/detail/camera_capture__rosidl_typesupport_fastrtps_c.h\n'}
[1.398363] (px4_msgs) StdoutLine: {'line': b'-- Up-to-date: /home/mcfb/ros2_ws/install/px4_msgs/include/px4_msgs/px4_msgs/msg/detail/goto_setpoint__rosidl_typesupport_fastrtps_c.h\n'}
[1.398396] (px4_msgs) StdoutLine: {'line': b'-- Up-to-date: /home/mcfb/ros2_ws/install/px4_msgs/include/px4_msgs/px4_msgs/msg/detail/pps_capture__rosidl_typesupport_fastrtps_c.h\n'}
[1.398444] (px4_msgs) StdoutLine: {'line': b'-- Up-to-date: /home/mcfb/ros2_ws/install/px4_msgs/include/px4_msgs/px4_msgs/msg/detail/internal_combustion_engine_control__rosidl_typesupport_fastrtps_c.h\n'}
[1.398489] (px4_msgs) StdoutLine: {'line': b'-- Up-to-date: /home/mcfb/ros2_ws/install/px4_msgs/include/px4_msgs/px4_msgs/msg/detail/estimator_bias3d__rosidl_typesupport_fastrtps_c.h\n'}
[1.398525] (px4_msgs) StdoutLine: {'line': b'-- Up-to-date: /home/mcfb/ros2_ws/install/px4_msgs/include/px4_msgs/px4_msgs/msg/detail/estimator_bias__rosidl_typesupport_fastrtps_c.h\n'}
[1.398561] (px4_msgs) StdoutLine: {'line': b'-- Up-to-date: /home/mcfb/ros2_ws/install/px4_msgs/include/px4_msgs/px4_msgs/msg/detail/manual_control_setpoint__rosidl_typesupport_fastrtps_c.h\n'}
[1.398595] (px4_msgs) StdoutLine: {'line': b'-- Up-to-date: /home/mcfb/ros2_ws/install/px4_msgs/include/px4_msgs/px4_msgs/msg/detail/adc_report__rosidl_typesupport_fastrtps_c.h\n'}
[1.398635] (px4_msgs) StdoutLine: {'line': b'-- Up-to-date: /home/mcfb/ros2_ws/install/px4_msgs/include/px4_msgs/px4_msgs/msg/detail/geofence_status__rosidl_typesupport_fastrtps_c.h\n'}
[1.398669] (px4_msgs) StdoutLine: {'line': b'-- Up-to-date: /home/mcfb/ros2_ws/install/px4_msgs/include/px4_msgs/px4_msgs/msg/detail/dronecan_node_status__rosidl_typesupport_fastrtps_c.h\n'}
[1.398704] (px4_msgs) StdoutLine: {'line': b'-- Up-to-date: /home/mcfb/ros2_ws/install/px4_msgs/include/px4_msgs/px4_msgs/msg/detail/gps_inject_data__rosidl_typesupport_fastrtps_c.h\n'}
[1.398738] (px4_msgs) StdoutLine: {'line': b'-- Up-to-date: /home/mcfb/ros2_ws/install/px4_msgs/include/px4_msgs/px4_msgs/msg/detail/event__rosidl_typesupport_fastrtps_c.h\n'}
[1.398785] (px4_msgs) StdoutLine: {'line': b'-- Up-to-date: /home/mcfb/ros2_ws/install/px4_msgs/include/px4_msgs/px4_msgs/msg/detail/gimbal_manager_information__rosidl_typesupport_fastrtps_c.h\n'}
[1.398828] (px4_msgs) StdoutLine: {'line': b'-- Up-to-date: /home/mcfb/ros2_ws/install/px4_msgs/include/px4_msgs/px4_msgs/msg/detail/lateral_control_configuration__rosidl_typesupport_fastrtps_c.h\n'}
[1.398888] (px4_msgs) StdoutLine: {'line': b'-- Up-to-date: /home/mcfb/ros2_ws/install/px4_msgs/include/px4_msgs/px4_msgs/msg/detail/message_format_response__rosidl_typesupport_fastrtps_c.h\n'}
[1.398941] (px4_msgs) StdoutLine: {'line': b'-- Up-to-date: /home/mcfb/ros2_ws/install/px4_msgs/include/px4_msgs/px4_msgs/msg/detail/rate_ctrl_status__rosidl_typesupport_fastrtps_c.h\n'}
[1.398983] (px4_msgs) StdoutLine: {'line': b'-- Up-to-date: /home/mcfb/ros2_ws/install/px4_msgs/include/px4_msgs/px4_msgs/msg/detail/vehicle_imu_status__rosidl_typesupport_fastrtps_c.h\n'}
[1.399036] (px4_msgs) StdoutLine: {'line': b'-- Up-to-date: /home/mcfb/ros2_ws/install/px4_msgs/include/px4_msgs/px4_msgs/msg/detail/offboard_control_mode__rosidl_typesupport_fastrtps_c.h\n'}
[1.399088] (px4_msgs) StdoutLine: {'line': b'-- Up-to-date: /home/mcfb/ros2_ws/install/px4_msgs/include/px4_msgs/px4_msgs/msg/detail/vehicle_optical_flow_vel__rosidl_typesupport_fastrtps_c.h\n'}
[1.399127] (px4_msgs) StdoutLine: {'line': b'-- Up-to-date: /home/mcfb/ros2_ws/install/px4_msgs/include/px4_msgs/px4_msgs/msg/detail/control_allocator_status__rosidl_typesupport_fastrtps_c.h\n'}
[1.399162] (px4_msgs) StdoutLine: {'line': b'-- Up-to-date: /home/mcfb/ros2_ws/install/px4_msgs/include/px4_msgs/px4_msgs/msg/detail/gimbal_manager_set_attitude__rosidl_typesupport_fastrtps_c.h\n'}
[1.399196] (px4_msgs) StdoutLine: {'line': b'-- Up-to-date: /home/mcfb/ros2_ws/install/px4_msgs/include/px4_msgs/px4_msgs/msg/detail/sensor_mag__rosidl_typesupport_fastrtps_c.h\n'}
[1.399231] (px4_msgs) StdoutLine: {'line': b'-- Up-to-date: /home/mcfb/ros2_ws/install/px4_msgs/include/px4_msgs/px4_msgs/msg/detail/vehicle_land_detected__rosidl_typesupport_fastrtps_c.h\n'}
[1.399265] (px4_msgs) StdoutLine: {'line': b'-- Up-to-date: /home/mcfb/ros2_ws/install/px4_msgs/include/px4_msgs/px4_msgs/msg/detail/action_request__rosidl_typesupport_fastrtps_c.h\n'}
[1.399298] (px4_msgs) StdoutLine: {'line': b'-- Up-to-date: /home/mcfb/ros2_ws/install/px4_msgs/include/px4_msgs/px4_msgs/msg/detail/distance_sensor__rosidl_typesupport_fastrtps_c.h\n'}
[1.399332] (px4_msgs) StdoutLine: {'line': b'-- Up-to-date: /home/mcfb/ros2_ws/install/px4_msgs/include/px4_msgs/px4_msgs/msg/detail/task_stack_info__rosidl_typesupport_fastrtps_c.h\n'}
[1.399366] (px4_msgs) StdoutLine: {'line': b'-- Up-to-date: /home/mcfb/ros2_ws/install/px4_msgs/include/px4_msgs/px4_msgs/msg/detail/logger_status__rosidl_typesupport_fastrtps_c.h\n'}
[1.399400] (px4_msgs) StdoutLine: {'line': b'-- Up-to-date: /home/mcfb/ros2_ws/install/px4_msgs/include/px4_msgs/px4_msgs/msg/detail/normalized_unsigned_setpoint__rosidl_typesupport_fastrtps_c.h\n'}
[1.399434] (px4_msgs) StdoutLine: {'line': b'-- Up-to-date: /home/mcfb/ros2_ws/install/px4_msgs/include/px4_msgs/px4_msgs/msg/detail/estimator_states__rosidl_typesupport_fastrtps_c.h\n'}
[1.399472] (px4_msgs) StdoutLine: {'line': b'-- Up-to-date: /home/mcfb/ros2_ws/install/px4_msgs/include/px4_msgs/px4_msgs/msg/detail/sensor_selection__rosidl_typesupport_fastrtps_c.h\n'}
[1.399506] (px4_msgs) StdoutLine: {'line': b'-- Up-to-date: /home/mcfb/ros2_ws/install/px4_msgs/include/px4_msgs/px4_msgs/msg/detail/vehicle_local_position_setpoint__rosidl_typesupport_fastrtps_c.h\n'}
[1.399539] (px4_msgs) StdoutLine: {'line': b'-- Up-to-date: /home/mcfb/ros2_ws/install/px4_msgs/include/px4_msgs/px4_msgs/msg/detail/vehicle_roi__rosidl_typesupport_fastrtps_c.h\n'}
[1.399577] (px4_msgs) StdoutLine: {'line': b'-- Up-to-date: /home/mcfb/ros2_ws/install/px4_msgs/include/px4_msgs/px4_msgs/msg/detail/parameter_update__rosidl_typesupport_fastrtps_c.h\n'}
[1.399611] (px4_msgs) StdoutLine: {'line': b'-- Up-to-date: /home/mcfb/ros2_ws/install/px4_msgs/include/px4_msgs/px4_msgs/msg/detail/mavlink_tunnel__rosidl_typesupport_fastrtps_c.h\n'}
[1.399644] (px4_msgs) StdoutLine: {'line': b'-- Up-to-date: /home/mcfb/ros2_ws/install/px4_msgs/include/px4_msgs/px4_msgs/msg/detail/magnetometer_bias_estimate__rosidl_typesupport_fastrtps_c.h\n'}
[1.399681] (px4_msgs) StdoutLine: {'line': b'-- Up-to-date: /home/mcfb/ros2_ws/install/px4_msgs/include/px4_msgs/px4_msgs/msg/detail/gimbal_controls__rosidl_typesupport_fastrtps_c.h\n'}
[1.399715] (px4_msgs) StdoutLine: {'line': b'-- Up-to-date: /home/mcfb/ros2_ws/install/px4_msgs/include/px4_msgs/px4_msgs/msg/detail/estimator_aid_source3d__rosidl_typesupport_fastrtps_c.h\n'}
[1.399749] (px4_msgs) StdoutLine: {'line': b'-- Up-to-date: /home/mcfb/ros2_ws/install/px4_msgs/include/px4_msgs/px4_msgs/msg/detail/ekf2_timestamps__rosidl_typesupport_fastrtps_c.h\n'}
[1.399783] (px4_msgs) StdoutLine: {'line': b'-- Up-to-date: /home/mcfb/ros2_ws/install/px4_msgs/include/px4_msgs/px4_msgs/msg/detail/gimbal_device_attitude_status__rosidl_typesupport_fastrtps_c.h\n'}
[1.399818] (px4_msgs) StdoutLine: {'line': b'-- Up-to-date: /home/mcfb/ros2_ws/install/px4_msgs/include/px4_msgs/px4_msgs/msg/detail/vehicle_torque_setpoint__rosidl_typesupport_fastrtps_c.h\n'}
[1.399857] (px4_msgs) StdoutLine: {'line': b'-- Up-to-date: /home/mcfb/ros2_ws/install/px4_msgs/include/px4_msgs/px4_msgs/msg/detail/sensor_gyro_fifo__rosidl_typesupport_fastrtps_c.h\n'}
[1.399892] (px4_msgs) StdoutLine: {'line': b'-- Up-to-date: /home/mcfb/ros2_ws/install/px4_msgs/include/px4_msgs/px4_msgs/msg/detail/can_interface_status__rosidl_typesupport_fastrtps_c.h\n'}
[1.399926] (px4_msgs) StdoutLine: {'line': b'-- Up-to-date: /home/mcfb/ros2_ws/install/px4_msgs/include/px4_msgs/px4_msgs/msg/detail/actuator_servos_trim__rosidl_typesupport_fastrtps_c.h\n'}
[1.399960] (px4_msgs) StdoutLine: {'line': b'-- Up-to-date: /home/mcfb/ros2_ws/install/px4_msgs/include/px4_msgs/px4_msgs/msg/detail/mode_completed__rosidl_typesupport_fastrtps_c.h\n'}
[1.399995] (px4_msgs) StdoutLine: {'line': b'-- Up-to-date: /home/mcfb/ros2_ws/install/px4_msgs/include/px4_msgs/px4_msgs/msg/detail/open_drone_id_operator_id__rosidl_typesupport_fastrtps_c.h\n'}
[1.400030] (px4_msgs) StdoutLine: {'line': b'-- Up-to-date: /home/mcfb/ros2_ws/install/px4_msgs/include/px4_msgs/px4_msgs/msg/detail/fuel_tank_status__rosidl_typesupport_fastrtps_c.h\n'}
[1.400064] (px4_msgs) StdoutLine: {'line': b'-- Up-to-date: /home/mcfb/ros2_ws/install/px4_msgs/include/px4_msgs/px4_msgs/msg/detail/sensors_status_imu__rosidl_typesupport_fastrtps_c.h\n'}
[1.400099] (px4_msgs) StdoutLine: {'line': b'-- Up-to-date: /home/mcfb/ros2_ws/install/px4_msgs/include/px4_msgs/px4_msgs/msg/detail/mission_result__rosidl_typesupport_fastrtps_c.h\n'}
[1.400135] (px4_msgs) StdoutLine: {'line': b'-- Up-to-date: /home/mcfb/ros2_ws/install/px4_msgs/include/px4_msgs/px4_msgs/msg/detail/uavcan_parameter_request__rosidl_typesupport_fastrtps_c.h\n'}
[1.400169] (px4_msgs) StdoutLine: {'line': b'-- Up-to-date: /home/mcfb/ros2_ws/install/px4_msgs/include/px4_msgs/px4_msgs/msg/detail/takeoff_status__rosidl_typesupport_fastrtps_c.h\n'}
[1.400204] (px4_msgs) StdoutLine: {'line': b'-- Up-to-date: /home/mcfb/ros2_ws/install/px4_msgs/include/px4_msgs/px4_msgs/msg/detail/parameter_set_value_request__rosidl_typesupport_fastrtps_c.h\n'}
[1.400240] (px4_msgs) StdoutLine: {'line': b'-- Up-to-date: /home/mcfb/ros2_ws/install/px4_msgs/include/px4_msgs/px4_msgs/msg/detail/debug_key_value__rosidl_typesupport_fastrtps_c.h\n'}
[1.400274] (px4_msgs) StdoutLine: {'line': b'-- Up-to-date: /home/mcfb/ros2_ws/install/px4_msgs/include/px4_msgs/px4_msgs/msg/detail/vehicle_attitude__rosidl_typesupport_fastrtps_c.h\n'}
[1.400307] (px4_msgs) StdoutLine: {'line': b'-- Up-to-date: /home/mcfb/ros2_ws/install/px4_msgs/include/px4_msgs/px4_msgs/msg/detail/estimator_gps_status__rosidl_typesupport_fastrtps_c.h\n'}
[1.400339] (px4_msgs) StdoutLine: {'line': b'-- Up-to-date: /home/mcfb/ros2_ws/install/px4_msgs/include/px4_msgs/px4_msgs/msg/detail/figure_eight_status__rosidl_typesupport_fastrtps_c.h\n'}
[1.400374] (px4_msgs) StdoutLine: {'line': b'-- Up-to-date: /home/mcfb/ros2_ws/install/px4_msgs/include/px4_msgs/px4_msgs/msg/detail/estimator_selector_status__rosidl_typesupport_fastrtps_c.h\n'}
[1.400408] (px4_msgs) StdoutLine: {'line': b'-- Up-to-date: /home/mcfb/ros2_ws/install/px4_msgs/include/px4_msgs/px4_msgs/msg/detail/vehicle_angular_acceleration_setpoint__rosidl_typesupport_fastrtps_c.h\n'}
[1.400442] (px4_msgs) StdoutLine: {'line': b'-- Up-to-date: /home/mcfb/ros2_ws/install/px4_msgs/include/px4_msgs/px4_msgs/msg/detail/home_position__rosidl_typesupport_fastrtps_c.h\n'}
[1.400474] (px4_msgs) StdoutLine: {'line': b'-- Up-to-date: /home/mcfb/ros2_ws/install/px4_msgs/include/px4_msgs/px4_msgs/msg/detail/vehicle_rates_setpoint__rosidl_typesupport_fastrtps_c.h\n'}
[1.400509] (px4_msgs) StdoutLine: {'line': b'-- Up-to-date: /home/mcfb/ros2_ws/install/px4_msgs/include/px4_msgs/px4_msgs/msg/detail/open_drone_id_arm_status__rosidl_typesupport_fastrtps_c.h\n'}
[1.400541] (px4_msgs) StdoutLine: {'line': b'-- Up-to-date: /home/mcfb/ros2_ws/install/px4_msgs/include/px4_msgs/px4_msgs/msg/detail/vehicle_acceleration__rosidl_typesupport_fastrtps_c.h\n'}
[1.400582] (px4_msgs) StdoutLine: {'line': b'-- Up-to-date: /home/mcfb/ros2_ws/install/px4_msgs/include/px4_msgs/px4_msgs/msg/detail/hover_thrust_estimate__rosidl_typesupport_fastrtps_c.h\n'}
[1.400619] (px4_msgs) StdoutLine: {'line': b'-- Up-to-date: /home/mcfb/ros2_ws/install/px4_msgs/include/px4_msgs/px4_msgs/msg/detail/vtol_vehicle_status__rosidl_typesupport_fastrtps_c.h\n'}
[1.400654] (px4_msgs) StdoutLine: {'line': b'-- Up-to-date: /home/mcfb/ros2_ws/install/px4_msgs/include/px4_msgs/px4_msgs/msg/detail/timesync_status__rosidl_typesupport_fastrtps_c.h\n'}
[1.400688] (px4_msgs) StdoutLine: {'line': b'-- Up-to-date: /home/mcfb/ros2_ws/install/px4_msgs/include/px4_msgs/px4_msgs/msg/detail/fixed_wing_longitudinal_setpoint__rosidl_typesupport_fastrtps_c.h\n'}
[1.400721] (px4_msgs) StdoutLine: {'line': b'-- Up-to-date: /home/mcfb/ros2_ws/install/px4_msgs/include/px4_msgs/px4_msgs/msg/detail/sensor_airflow__rosidl_typesupport_fastrtps_c.h\n'}
[1.400755] (px4_msgs) StdoutLine: {'line': b'-- Up-to-date: /home/mcfb/ros2_ws/install/px4_msgs/include/px4_msgs/px4_msgs/msg/detail/telemetry_status__rosidl_typesupport_fastrtps_c.h\n'}
[1.400788] (px4_msgs) StdoutLine: {'line': b'-- Up-to-date: /home/mcfb/ros2_ws/install/px4_msgs/include/px4_msgs/px4_msgs/msg/detail/mission__rosidl_typesupport_fastrtps_c.h\n'}
[1.400822] (px4_msgs) StdoutLine: {'line': b'-- Up-to-date: /home/mcfb/ros2_ws/install/px4_msgs/include/px4_msgs/px4_msgs/msg/detail/gimbal_manager_set_manual_control__rosidl_typesupport_fastrtps_c.h\n'}
[1.400861] (px4_msgs) StdoutLine: {'line': b'-- Up-to-date: /home/mcfb/ros2_ws/install/px4_msgs/include/px4_msgs/px4_msgs/msg/detail/gpio_request__rosidl_typesupport_fastrtps_c.h\n'}
[1.400896] (px4_msgs) StdoutLine: {'line': b'-- Up-to-date: /home/mcfb/ros2_ws/install/px4_msgs/include/px4_msgs/px4_msgs/msg/detail/system_power__rosidl_typesupport_fastrtps_c.h\n'}
[1.400930] (px4_msgs) StdoutLine: {'line': b'-- Up-to-date: /home/mcfb/ros2_ws/install/px4_msgs/include/px4_msgs/px4_msgs/msg/detail/neural_control__rosidl_typesupport_fastrtps_c.h\n'}
[1.400966] (px4_msgs) StdoutLine: {'line': b'-- Up-to-date: /home/mcfb/ros2_ws/install/px4_msgs/include/px4_msgs/px4_msgs/msg/detail/rover_attitude_status__rosidl_typesupport_fastrtps_c.h\n'}
[1.400999] (px4_msgs) StdoutLine: {'line': b'-- Up-to-date: /home/mcfb/ros2_ws/install/px4_msgs/include/px4_msgs/px4_msgs/msg/detail/register_ext_component_request__rosidl_typesupport_fastrtps_c.h\n'}
[1.401033] (px4_msgs) StdoutLine: {'line': b'-- Up-to-date: /home/mcfb/ros2_ws/install/px4_msgs/include/px4_msgs/px4_msgs/msg/detail/vehicle_imu__rosidl_typesupport_fastrtps_c.h\n'}
[1.401066] (px4_msgs) StdoutLine: {'line': b'-- Up-to-date: /home/mcfb/ros2_ws/install/px4_msgs/include/px4_msgs/px4_msgs/msg/detail/sensor_gnss_relative__rosidl_typesupport_fastrtps_c.h\n'}
[1.401101] (px4_msgs) StdoutLine: {'line': b'-- Up-to-date: /home/mcfb/ros2_ws/install/px4_msgs/include/px4_msgs/px4_msgs/msg/detail/obstacle_distance__rosidl_typesupport_fastrtps_c.h\n'}
[1.401137] (px4_msgs) StdoutLine: {'line': b'-- Up-to-date: /home/mcfb/ros2_ws/install/px4_msgs/include/px4_msgs/px4_msgs/msg/detail/estimator_event_flags__rosidl_typesupport_fastrtps_c.h\n'}
[1.401172] (px4_msgs) StdoutLine: {'line': b'-- Up-to-date: /home/mcfb/ros2_ws/install/px4_msgs/include/px4_msgs/px4_msgs/msg/rosidl_typesupport_fastrtps_c__visibility_control.h\n'}
[1.401207] (px4_msgs) StdoutLine: {'line': b'-- Up-to-date: /home/mcfb/ros2_ws/install/px4_msgs/lib/libpx4_msgs__rosidl_typesupport_fastrtps_c.so\n'}
[1.401243] (px4_msgs) StdoutLine: {'line': b'-- Up-to-date: /home/mcfb/ros2_ws/install/px4_msgs/include/px4_msgs/px4_msgs\n'}
[1.401278] (px4_msgs) StdoutLine: {'line': b'-- Up-to-date: /home/mcfb/ros2_ws/install/px4_msgs/include/px4_msgs/px4_msgs/srv\n'}
[1.401314] (px4_msgs) StdoutLine: {'line': b'-- Up-to-date: /home/mcfb/ros2_ws/install/px4_msgs/include/px4_msgs/px4_msgs/srv/detail\n'}
[1.401350] (px4_msgs) StdoutLine: {'line': b'-- Up-to-date: /home/mcfb/ros2_ws/install/px4_msgs/include/px4_msgs/px4_msgs/srv/detail/vehicle_command__type_support.hpp\n'}
[1.401386] (px4_msgs) StdoutLine: {'line': b'-- Up-to-date: /home/mcfb/ros2_ws/install/px4_msgs/include/px4_msgs/px4_msgs/srv/detail/vehicle_command__traits.hpp\n'}
[1.401420] (px4_msgs) StdoutLine: {'line': b'-- Up-to-date: /home/mcfb/ros2_ws/install/px4_msgs/include/px4_msgs/px4_msgs/srv/detail/vehicle_command__builder.hpp\n'}
[1.401454] (px4_msgs) StdoutLine: {'line': b'-- Up-to-date: /home/mcfb/ros2_ws/install/px4_msgs/include/px4_msgs/px4_msgs/srv/detail/vehicle_command__struct.hpp\n'}
[1.401488] (px4_msgs) StdoutLine: {'line': b'-- Up-to-date: /home/mcfb/ros2_ws/install/px4_msgs/include/px4_msgs/px4_msgs/srv/vehicle_command.hpp\n'}
[1.401523] (px4_msgs) StdoutLine: {'line': b'-- Up-to-date: /home/mcfb/ros2_ws/install/px4_msgs/include/px4_msgs/px4_msgs/msg\n'}
[1.401558] (px4_msgs) StdoutLine: {'line': b'-- Up-to-date: /home/mcfb/ros2_ws/install/px4_msgs/include/px4_msgs/px4_msgs/msg/estimator_status_flags.hpp\n'}
[1.401592] (px4_msgs) StdoutLine: {'line': b'-- Up-to-date: /home/mcfb/ros2_ws/install/px4_msgs/include/px4_msgs/px4_msgs/msg/estimator_aid_source3d.hpp\n'}
[1.401626] (px4_msgs) StdoutLine: {'line': b'-- Up-to-date: /home/mcfb/ros2_ws/install/px4_msgs/include/px4_msgs/px4_msgs/msg/fixed_wing_lateral_status.hpp\n'}
[1.401659] (px4_msgs) StdoutLine: {'line': b'-- Up-to-date: /home/mcfb/ros2_ws/install/px4_msgs/include/px4_msgs/px4_msgs/msg/fixed_wing_runway_control.hpp\n'}
[1.401697] (px4_msgs) StdoutLine: {'line': b'-- Up-to-date: /home/mcfb/ros2_ws/install/px4_msgs/include/px4_msgs/px4_msgs/msg/vehicle_rates_setpoint.hpp\n'}
[1.401735] (-) TimerEvent: {}
[1.401806] (px4_msgs) StdoutLine: {'line': b'-- Up-to-date: /home/mcfb/ros2_ws/install/px4_msgs/include/px4_msgs/px4_msgs/msg/can_interface_status.hpp\n'}
[1.401857] (px4_msgs) StdoutLine: {'line': b'-- Up-to-date: /home/mcfb/ros2_ws/install/px4_msgs/include/px4_msgs/px4_msgs/msg/estimator_sensor_bias.hpp\n'}
[1.401894] (px4_msgs) StdoutLine: {'line': b'-- Up-to-date: /home/mcfb/ros2_ws/install/px4_msgs/include/px4_msgs/px4_msgs/msg/actuator_servos_trim.hpp\n'}
[1.401931] (px4_msgs) StdoutLine: {'line': b'-- Up-to-date: /home/mcfb/ros2_ws/install/px4_msgs/include/px4_msgs/px4_msgs/msg/figure_eight_status.hpp\n'}
[1.401966] (px4_msgs) StdoutLine: {'line': b'-- Up-to-date: /home/mcfb/ros2_ws/install/px4_msgs/include/px4_msgs/px4_msgs/msg/internal_combustion_engine_control.hpp\n'}
[1.402000] (px4_msgs) StdoutLine: {'line': b'-- Up-to-date: /home/mcfb/ros2_ws/install/px4_msgs/include/px4_msgs/px4_msgs/msg/parameter_reset_request.hpp\n'}
[1.402033] (px4_msgs) StdoutLine: {'line': b'-- Up-to-date: /home/mcfb/ros2_ws/install/px4_msgs/include/px4_msgs/px4_msgs/msg/position_controller_landing_status.hpp\n'}
[1.402067] (px4_msgs) StdoutLine: {'line': b'-- Up-to-date: /home/mcfb/ros2_ws/install/px4_msgs/include/px4_msgs/px4_msgs/msg/battery_status.hpp\n'}
[1.402102] (px4_msgs) StdoutLine: {'line': b'-- Up-to-date: /home/mcfb/ros2_ws/install/px4_msgs/include/px4_msgs/px4_msgs/msg/message_format_request.hpp\n'}
[1.402136] (px4_msgs) StdoutLine: {'line': b'-- Up-to-date: /home/mcfb/ros2_ws/install/px4_msgs/include/px4_msgs/px4_msgs/msg/open_drone_id_arm_status.hpp\n'}
[1.402170] (px4_msgs) StdoutLine: {'line': b'-- Up-to-date: /home/mcfb/ros2_ws/install/px4_msgs/include/px4_msgs/px4_msgs/msg/fixed_wing_longitudinal_setpoint.hpp\n'}
[1.402205] (px4_msgs) StdoutLine: {'line': b'-- Up-to-date: /home/mcfb/ros2_ws/install/px4_msgs/include/px4_msgs/px4_msgs/msg/sensor_gnss_status.hpp\n'}
[1.402237] (px4_msgs) StdoutLine: {'line': b'-- Up-to-date: /home/mcfb/ros2_ws/install/px4_msgs/include/px4_msgs/px4_msgs/msg/manual_control_switches.hpp\n'}
[1.402279] (px4_msgs) StdoutLine: {'line': b'-- Up-to-date: /home/mcfb/ros2_ws/install/px4_msgs/include/px4_msgs/px4_msgs/msg/rover_rate_status.hpp\n'}
[1.402323] (px4_msgs) StdoutLine: {'line': b'-- Up-to-date: /home/mcfb/ros2_ws/install/px4_msgs/include/px4_msgs/px4_msgs/msg/telemetry_status.hpp\n'}
[1.402360] (px4_msgs) StdoutLine: {'line': b'-- Up-to-date: /home/mcfb/ros2_ws/install/px4_msgs/include/px4_msgs/px4_msgs/msg/config_overrides.hpp\n'}
[1.402410] (px4_msgs) StdoutLine: {'line': b'-- Up-to-date: /home/mcfb/ros2_ws/install/px4_msgs/include/px4_msgs/px4_msgs/msg/health_report.hpp\n'}
[1.402462] (px4_msgs) StdoutLine: {'line': b'-- Up-to-date: /home/mcfb/ros2_ws/install/px4_msgs/include/px4_msgs/px4_msgs/msg/manual_control_setpoint.hpp\n'}
[1.402509] (px4_msgs) StdoutLine: {'line': b'-- Up-to-date: /home/mcfb/ros2_ws/install/px4_msgs/include/px4_msgs/px4_msgs/msg/qshell_req.hpp\n'}
[1.402544] (px4_msgs) StdoutLine: {'line': b'-- Up-to-date: /home/mcfb/ros2_ws/install/px4_msgs/include/px4_msgs/px4_msgs/msg/position_setpoint.hpp\n'}
[1.402579] (px4_msgs) StdoutLine: {'line': b'-- Up-to-date: /home/mcfb/ros2_ws/install/px4_msgs/include/px4_msgs/px4_msgs/msg/dronecan_node_status.hpp\n'}
[1.402614] (px4_msgs) StdoutLine: {'line': b'-- Up-to-date: /home/mcfb/ros2_ws/install/px4_msgs/include/px4_msgs/px4_msgs/msg/distance_sensor.hpp\n'}
[1.402649] (px4_msgs) StdoutLine: {'line': b'-- Up-to-date: /home/mcfb/ros2_ws/install/px4_msgs/include/px4_msgs/px4_msgs/msg/gimbal_controls.hpp\n'}
[1.402699] (px4_msgs) StdoutLine: {'line': b'-- Up-to-date: /home/mcfb/ros2_ws/install/px4_msgs/include/px4_msgs/px4_msgs/msg/home_position.hpp\n'}
[1.402746] (px4_msgs) StdoutLine: {'line': b'-- Up-to-date: /home/mcfb/ros2_ws/install/px4_msgs/include/px4_msgs/px4_msgs/msg/airspeed_wind.hpp\n'}
[1.402797] (px4_msgs) StdoutLine: {'line': b'-- Up-to-date: /home/mcfb/ros2_ws/install/px4_msgs/include/px4_msgs/px4_msgs/msg/adc_report.hpp\n'}
[1.402856] (px4_msgs) StdoutLine: {'line': b'-- Up-to-date: /home/mcfb/ros2_ws/install/px4_msgs/include/px4_msgs/px4_msgs/msg/landing_target_pose.hpp\n'}
[1.402914] (px4_msgs) StdoutLine: {'line': b'-- Up-to-date: /home/mcfb/ros2_ws/install/px4_msgs/include/px4_msgs/px4_msgs/msg/geofence_status.hpp\n'}
[1.402962] (px4_msgs) StdoutLine: {'line': b'-- Up-to-date: /home/mcfb/ros2_ws/install/px4_msgs/include/px4_msgs/px4_msgs/msg/gimbal_manager_set_manual_control.hpp\n'}
[1.402999] (px4_msgs) StdoutLine: {'line': b'-- Up-to-date: /home/mcfb/ros2_ws/install/px4_msgs/include/px4_msgs/px4_msgs/msg/ekf2_timestamps.hpp\n'}
[1.403041] (px4_msgs) StdoutLine: {'line': b'-- Up-to-date: /home/mcfb/ros2_ws/install/px4_msgs/include/px4_msgs/px4_msgs/msg/sensor_gps.hpp\n'}
[1.403078] (px4_msgs) StdoutLine: {'line': b'-- Up-to-date: /home/mcfb/ros2_ws/install/px4_msgs/include/px4_msgs/px4_msgs/msg/estimator_gps_status.hpp\n'}
[1.403112] (px4_msgs) StdoutLine: {'line': b'-- Up-to-date: /home/mcfb/ros2_ws/install/px4_msgs/include/px4_msgs/px4_msgs/msg/vehicle_imu_status.hpp\n'}
[1.403157] (px4_msgs) StdoutLine: {'line': b'-- Up-to-date: /home/mcfb/ros2_ws/install/px4_msgs/include/px4_msgs/px4_msgs/msg/mavlink_tunnel.hpp\n'}
[1.403209] (px4_msgs) StdoutLine: {'line': b'-- Up-to-date: /home/mcfb/ros2_ws/install/px4_msgs/include/px4_msgs/px4_msgs/msg/gimbal_manager_set_attitude.hpp\n'}
[1.403266] (px4_msgs) StdoutLine: {'line': b'-- Up-to-date: /home/mcfb/ros2_ws/install/px4_msgs/include/px4_msgs/px4_msgs/msg/transponder_report.hpp\n'}
[1.403318] (px4_msgs) StdoutLine: {'line': b'-- Up-to-date: /home/mcfb/ros2_ws/install/px4_msgs/include/px4_msgs/px4_msgs/msg/parameter_update.hpp\n'}
[1.403372] (px4_msgs) StdoutLine: {'line': b'-- Up-to-date: /home/mcfb/ros2_ws/install/px4_msgs/include/px4_msgs/px4_msgs/msg/obstacle_distance.hpp\n'}
[1.403424] (px4_msgs) StdoutLine: {'line': b'-- Up-to-date: /home/mcfb/ros2_ws/install/px4_msgs/include/px4_msgs/px4_msgs/msg/gps_dump.hpp\n'}
[1.403484] (px4_msgs) StdoutLine: {'line': b'-- Up-to-date: /home/mcfb/ros2_ws/install/px4_msgs/include/px4_msgs/px4_msgs/msg/mode_completed.hpp\n'}
[1.403538] (px4_msgs) StdoutLine: {'line': b'-- Up-to-date: /home/mcfb/ros2_ws/install/px4_msgs/include/px4_msgs/px4_msgs/msg/collision_constraints.hpp\n'}
[1.403587] (px4_msgs) StdoutLine: {'line': b'-- Up-to-date: /home/mcfb/ros2_ws/install/px4_msgs/include/px4_msgs/px4_msgs/msg/actuator_servos.hpp\n'}
[1.403639] (px4_msgs) StdoutLine: {'line': b'-- Up-to-date: /home/mcfb/ros2_ws/install/px4_msgs/include/px4_msgs/px4_msgs/msg/position_setpoint_triplet.hpp\n'}
[1.403700] (px4_msgs) StdoutLine: {'line': b'-- Up-to-date: /home/mcfb/ros2_ws/install/px4_msgs/include/px4_msgs/px4_msgs/msg/sensor_gyro_fifo.hpp\n'}
[1.403756] (px4_msgs) StdoutLine: {'line': b'-- Up-to-date: /home/mcfb/ros2_ws/install/px4_msgs/include/px4_msgs/px4_msgs/msg/actuator_motors.hpp\n'}
[1.403809] (px4_msgs) StdoutLine: {'line': b'-- Up-to-date: /home/mcfb/ros2_ws/install/px4_msgs/include/px4_msgs/px4_msgs/msg/follow_target_status.hpp\n'}
[1.403872] (px4_msgs) StdoutLine: {'line': b'-- Up-to-date: /home/mcfb/ros2_ws/install/px4_msgs/include/px4_msgs/px4_msgs/msg/sensor_baro.hpp\n'}
[1.403921] (px4_msgs) StdoutLine: {'line': b'-- Up-to-date: /home/mcfb/ros2_ws/install/px4_msgs/include/px4_msgs/px4_msgs/msg/gimbal_device_set_attitude.hpp\n'}
[1.403958] (px4_msgs) StdoutLine: {'line': b'-- Up-to-date: /home/mcfb/ros2_ws/install/px4_msgs/include/px4_msgs/px4_msgs/msg/arming_check_reply.hpp\n'}
[1.403993] (px4_msgs) StdoutLine: {'line': b'-- Up-to-date: /home/mcfb/ros2_ws/install/px4_msgs/include/px4_msgs/px4_msgs/msg/rover_speed_status.hpp\n'}
[1.404027] (px4_msgs) StdoutLine: {'line': b'-- Up-to-date: /home/mcfb/ros2_ws/install/px4_msgs/include/px4_msgs/px4_msgs/msg/sensor_airflow.hpp\n'}
[1.404062] (px4_msgs) StdoutLine: {'line': b'-- Up-to-date: /home/mcfb/ros2_ws/install/px4_msgs/include/px4_msgs/px4_msgs/msg/uavcan_parameter_value.hpp\n'}
[1.404096] (px4_msgs) StdoutLine: {'line': b'-- Up-to-date: /home/mcfb/ros2_ws/install/px4_msgs/include/px4_msgs/px4_msgs/msg/unregister_ext_component.hpp\n'}
[1.404132] (px4_msgs) StdoutLine: {'line': b'-- Up-to-date: /home/mcfb/ros2_ws/install/px4_msgs/include/px4_msgs/px4_msgs/msg/ulog_stream.hpp\n'}
[1.404166] (px4_msgs) StdoutLine: {'line': b'-- Up-to-date: /home/mcfb/ros2_ws/install/px4_msgs/include/px4_msgs/px4_msgs/msg/sensor_optical_flow.hpp\n'}
[1.404201] (px4_msgs) StdoutLine: {'line': b'-- Up-to-date: /home/mcfb/ros2_ws/install/px4_msgs/include/px4_msgs/px4_msgs/msg/arming_check_request.hpp\n'}
[1.404234] (px4_msgs) StdoutLine: {'line': b'-- Up-to-date: /home/mcfb/ros2_ws/install/px4_msgs/include/px4_msgs/px4_msgs/msg/sensor_accel_fifo.hpp\n'}
[1.404273] (px4_msgs) StdoutLine: {'line': b'-- Up-to-date: /home/mcfb/ros2_ws/install/px4_msgs/include/px4_msgs/px4_msgs/msg/task_stack_info.hpp\n'}
[1.404307] (px4_msgs) StdoutLine: {'line': b'-- Up-to-date: /home/mcfb/ros2_ws/install/px4_msgs/include/px4_msgs/px4_msgs/msg/rover_steering_setpoint.hpp\n'}
[1.404342] (px4_msgs) StdoutLine: {'line': b'-- Up-to-date: /home/mcfb/ros2_ws/install/px4_msgs/include/px4_msgs/px4_msgs/msg/rpm.hpp\n'}
[1.404376] (px4_msgs) StdoutLine: {'line': b'-- Up-to-date: /home/mcfb/ros2_ws/install/px4_msgs/include/px4_msgs/px4_msgs/msg/debug_vect.hpp\n'}
[1.404409] (px4_msgs) StdoutLine: {'line': b'-- Up-to-date: /home/mcfb/ros2_ws/install/px4_msgs/include/px4_msgs/px4_msgs/msg/tecs_status.hpp\n'}
[1.404443] (px4_msgs) StdoutLine: {'line': b'-- Up-to-date: /home/mcfb/ros2_ws/install/px4_msgs/include/px4_msgs/px4_msgs/msg/vehicle_imu.hpp\n'}
[1.404477] (px4_msgs) StdoutLine: {'line': b'-- Up-to-date: /home/mcfb/ros2_ws/install/px4_msgs/include/px4_msgs/px4_msgs/msg/vtol_vehicle_status.hpp\n'}
[1.404509] (px4_msgs) StdoutLine: {'line': b'-- Up-to-date: /home/mcfb/ros2_ws/install/px4_msgs/include/px4_msgs/px4_msgs/msg/pure_pursuit_status.hpp\n'}
[1.404543] (px4_msgs) StdoutLine: {'line': b'-- Up-to-date: /home/mcfb/ros2_ws/install/px4_msgs/include/px4_msgs/px4_msgs/msg/mission_result.hpp\n'}
[1.404576] (px4_msgs) StdoutLine: {'line': b'-- Up-to-date: /home/mcfb/ros2_ws/install/px4_msgs/include/px4_msgs/px4_msgs/msg/rc_parameter_map.hpp\n'}
[1.404611] (px4_msgs) StdoutLine: {'line': b'-- Up-to-date: /home/mcfb/ros2_ws/install/px4_msgs/include/px4_msgs/px4_msgs/msg/control_allocator_status.hpp\n'}
[1.404644] (px4_msgs) StdoutLine: {'line': b'-- Up-to-date: /home/mcfb/ros2_ws/install/px4_msgs/include/px4_msgs/px4_msgs/msg/vehicle_local_position_setpoint.hpp\n'}
[1.404679] (px4_msgs) StdoutLine: {'line': b'-- Up-to-date: /home/mcfb/ros2_ws/install/px4_msgs/include/px4_msgs/px4_msgs/msg/vehicle_torque_setpoint.hpp\n'}
[1.404713] (px4_msgs) StdoutLine: {'line': b'-- Up-to-date: /home/mcfb/ros2_ws/install/px4_msgs/include/px4_msgs/px4_msgs/msg/actuator_test.hpp\n'}
[1.404746] (px4_msgs) StdoutLine: {'line': b'-- Up-to-date: /home/mcfb/ros2_ws/install/px4_msgs/include/px4_msgs/px4_msgs/msg/sensors_status.hpp\n'}
[1.404782] (px4_msgs) StdoutLine: {'line': b'-- Up-to-date: /home/mcfb/ros2_ws/install/px4_msgs/include/px4_msgs/px4_msgs/msg/iridiumsbd_status.hpp\n'}
[1.404815] (px4_msgs) StdoutLine: {'line': b'-- Up-to-date: /home/mcfb/ros2_ws/install/px4_msgs/include/px4_msgs/px4_msgs/msg/sensor_selection.hpp\n'}
[1.404858] (px4_msgs) StdoutLine: {'line': b'-- Up-to-date: /home/mcfb/ros2_ws/install/px4_msgs/include/px4_msgs/px4_msgs/msg/gpio_out.hpp\n'}
[1.404893] (px4_msgs) StdoutLine: {'line': b'-- Up-to-date: /home/mcfb/ros2_ws/install/px4_msgs/include/px4_msgs/px4_msgs/msg/system_power.hpp\n'}
[1.404926] (px4_msgs) StdoutLine: {'line': b'-- Up-to-date: /home/mcfb/ros2_ws/install/px4_msgs/include/px4_msgs/px4_msgs/msg/normalized_unsigned_setpoint.hpp\n'}
[1.404958] (px4_msgs) StdoutLine: {'line': b'-- Up-to-date: /home/mcfb/ros2_ws/install/px4_msgs/include/px4_msgs/px4_msgs/msg/orb_test.hpp\n'}
[1.404993] (px4_msgs) StdoutLine: {'line': b'-- Up-to-date: /home/mcfb/ros2_ws/install/px4_msgs/include/px4_msgs/px4_msgs/msg/sensor_correction.hpp\n'}
[1.405035] (px4_msgs) StdoutLine: {'line': b'-- Up-to-date: /home/mcfb/ros2_ws/install/px4_msgs/include/px4_msgs/px4_msgs/msg/navigator_status.hpp\n'}
[1.405069] (px4_msgs) StdoutLine: {'line': b'-- Up-to-date: /home/mcfb/ros2_ws/install/px4_msgs/include/px4_msgs/px4_msgs/msg/pwm_input.hpp\n'}
[1.405103] (px4_msgs) StdoutLine: {'line': b'-- Up-to-date: /home/mcfb/ros2_ws/install/px4_msgs/include/px4_msgs/px4_msgs/msg/wind.hpp\n'}
[1.405137] (px4_msgs) StdoutLine: {'line': b'-- Up-to-date: /home/mcfb/ros2_ws/install/px4_msgs/include/px4_msgs/px4_msgs/msg/rtl_time_estimate.hpp\n'}
[1.405171] (px4_msgs) StdoutLine: {'line': b'-- Up-to-date: /home/mcfb/ros2_ws/install/px4_msgs/include/px4_msgs/px4_msgs/msg/airspeed_validated.hpp\n'}
[1.405209] (px4_msgs) StdoutLine: {'line': b'-- Up-to-date: /home/mcfb/ros2_ws/install/px4_msgs/include/px4_msgs/px4_msgs/msg/power_button_state.hpp\n'}
[1.405244] (px4_msgs) StdoutLine: {'line': b'-- Up-to-date: /home/mcfb/ros2_ws/install/px4_msgs/include/px4_msgs/px4_msgs/msg/vehicle_magnetometer.hpp\n'}
[1.405280] (px4_msgs) StdoutLine: {'line': b'-- Up-to-date: /home/mcfb/ros2_ws/install/px4_msgs/include/px4_msgs/px4_msgs/msg/radio_status.hpp\n'}
[1.405312] (px4_msgs) StdoutLine: {'line': b'-- Up-to-date: /home/mcfb/ros2_ws/install/px4_msgs/include/px4_msgs/px4_msgs/msg/dataman_response.hpp\n'}
[1.405344] (px4_msgs) StdoutLine: {'line': b'-- Up-to-date: /home/mcfb/ros2_ws/install/px4_msgs/include/px4_msgs/px4_msgs/msg/irlock_report.hpp\n'}
[1.405377] (px4_msgs) StdoutLine: {'line': b'-- Up-to-date: /home/mcfb/ros2_ws/install/px4_msgs/include/px4_msgs/px4_msgs/msg/vehicle_air_data.hpp\n'}
[1.405410] (px4_msgs) StdoutLine: {'line': b'-- Up-to-date: /home/mcfb/ros2_ws/install/px4_msgs/include/px4_msgs/px4_msgs/msg/heater_status.hpp\n'}
[1.405443] (px4_msgs) StdoutLine: {'line': b'-- Up-to-date: /home/mcfb/ros2_ws/install/px4_msgs/include/px4_msgs/px4_msgs/msg/lateral_control_configuration.hpp\n'}
[1.405476] (px4_msgs) StdoutLine: {'line': b'-- Up-to-date: /home/mcfb/ros2_ws/install/px4_msgs/include/px4_msgs/px4_msgs/msg/estimator_states.hpp\n'}
[1.405510] (px4_msgs) StdoutLine: {'line': b'-- Up-to-date: /home/mcfb/ros2_ws/install/px4_msgs/include/px4_msgs/px4_msgs/msg/position_controller_status.hpp\n'}
[1.405543] (px4_msgs) StdoutLine: {'line': b'-- Up-to-date: /home/mcfb/ros2_ws/install/px4_msgs/include/px4_msgs/px4_msgs/msg/vehicle_angular_acceleration_setpoint.hpp\n'}
[1.405578] (px4_msgs) StdoutLine: {'line': b'-- Up-to-date: /home/mcfb/ros2_ws/install/px4_msgs/include/px4_msgs/px4_msgs/msg/fuel_tank_status.hpp\n'}
[1.405611] (px4_msgs) StdoutLine: {'line': b'-- Up-to-date: /home/mcfb/ros2_ws/install/px4_msgs/include/px4_msgs/px4_msgs/msg/rover_position_setpoint.hpp\n'}
[1.405644] (px4_msgs) StdoutLine: {'line': b'-- Up-to-date: /home/mcfb/ros2_ws/install/px4_msgs/include/px4_msgs/px4_msgs/msg/sensors_status_imu.hpp\n'}
[1.405678] (px4_msgs) StdoutLine: {'line': b'-- Up-to-date: /home/mcfb/ros2_ws/install/px4_msgs/include/px4_msgs/px4_msgs/msg/follow_target.hpp\n'}
[1.405712] (px4_msgs) StdoutLine: {'line': b'-- Up-to-date: /home/mcfb/ros2_ws/install/px4_msgs/include/px4_msgs/px4_msgs/msg/launch_detection_status.hpp\n'}
[1.405745] (px4_msgs) StdoutLine: {'line': b'-- Up-to-date: /home/mcfb/ros2_ws/install/px4_msgs/include/px4_msgs/px4_msgs/msg/sensor_accel.hpp\n'}
[1.405778] (px4_msgs) StdoutLine: {'line': b'-- Up-to-date: /home/mcfb/ros2_ws/install/px4_msgs/include/px4_msgs/px4_msgs/msg/vehicle_constraints.hpp\n'}
[1.405813] (px4_msgs) StdoutLine: {'line': b'-- Up-to-date: /home/mcfb/ros2_ws/install/px4_msgs/include/px4_msgs/px4_msgs/msg/open_drone_id_self_id.hpp\n'}
[1.405852] (px4_msgs) StdoutLine: {'line': b'-- Up-to-date: /home/mcfb/ros2_ws/install/px4_msgs/include/px4_msgs/px4_msgs/msg/rtl_status.hpp\n'}
[1.405887] (px4_msgs) StdoutLine: {'line': b'-- Up-to-date: /home/mcfb/ros2_ws/install/px4_msgs/include/px4_msgs/px4_msgs/msg/satellite_info.hpp\n'}
[1.405920] (px4_msgs) StdoutLine: {'line': b'-- Up-to-date: /home/mcfb/ros2_ws/install/px4_msgs/include/px4_msgs/px4_msgs/msg/parameter_set_used_request.hpp\n'}
[1.405954] (px4_msgs) StdoutLine: {'line': b'-- Up-to-date: /home/mcfb/ros2_ws/install/px4_msgs/include/px4_msgs/px4_msgs/msg/detail\n'}
[1.405988] (px4_msgs) StdoutLine: {'line': b'-- Up-to-date: /home/mcfb/ros2_ws/install/px4_msgs/include/px4_msgs/px4_msgs/msg/detail/message_format_request__type_support.hpp\n'}
[1.406025] (px4_msgs) StdoutLine: {'line': b'-- Up-to-date: /home/mcfb/ros2_ws/install/px4_msgs/include/px4_msgs/px4_msgs/msg/detail/navigator_status__builder.hpp\n'}
[1.406057] (px4_msgs) StdoutLine: {'line': b'-- Up-to-date: /home/mcfb/ros2_ws/install/px4_msgs/include/px4_msgs/px4_msgs/msg/detail/rover_rate_setpoint__struct.hpp\n'}
[1.406093] (px4_msgs) StdoutLine: {'line': b'-- Up-to-date: /home/mcfb/ros2_ws/install/px4_msgs/include/px4_msgs/px4_msgs/msg/detail/system_power__struct.hpp\n'}
[1.406128] (px4_msgs) StdoutLine: {'line': b'-- Up-to-date: /home/mcfb/ros2_ws/install/px4_msgs/include/px4_msgs/px4_msgs/msg/detail/dronecan_node_status__builder.hpp\n'}
[1.406162] (px4_msgs) StdoutLine: {'line': b'-- Up-to-date: /home/mcfb/ros2_ws/install/px4_msgs/include/px4_msgs/px4_msgs/msg/detail/estimator_selector_status__traits.hpp\n'}
[1.406197] (px4_msgs) StdoutLine: {'line': b'-- Up-to-date: /home/mcfb/ros2_ws/install/px4_msgs/include/px4_msgs/px4_msgs/msg/detail/estimator_status_flags__builder.hpp\n'}
[1.406230] (px4_msgs) StdoutLine: {'line': b'-- Up-to-date: /home/mcfb/ros2_ws/install/px4_msgs/include/px4_msgs/px4_msgs/msg/detail/input_rc__type_support.hpp\n'}
[1.406264] (px4_msgs) StdoutLine: {'line': b'-- Up-to-date: /home/mcfb/ros2_ws/install/px4_msgs/include/px4_msgs/px4_msgs/msg/detail/estimator_innovations__struct.hpp\n'}
[1.406298] (px4_msgs) StdoutLine: {'line': b'-- Up-to-date: /home/mcfb/ros2_ws/install/px4_msgs/include/px4_msgs/px4_msgs/msg/detail/camera_trigger__traits.hpp\n'}
[1.406337] (px4_msgs) StdoutLine: {'line': b'-- Up-to-date: /home/mcfb/ros2_ws/install/px4_msgs/include/px4_msgs/px4_msgs/msg/detail/vehicle_land_detected__type_support.hpp\n'}
[1.406371] (px4_msgs) StdoutLine: {'line': b'-- Up-to-date: /home/mcfb/ros2_ws/install/px4_msgs/include/px4_msgs/px4_msgs/msg/detail/uavcan_parameter_request__type_support.hpp\n'}
[1.406406] (px4_msgs) StdoutLine: {'line': b'-- Up-to-date: /home/mcfb/ros2_ws/install/px4_msgs/include/px4_msgs/px4_msgs/msg/detail/trajectory_setpoint__struct.hpp\n'}
[1.406456] (px4_msgs) StdoutLine: {'line': b'-- Up-to-date: /home/mcfb/ros2_ws/install/px4_msgs/include/px4_msgs/px4_msgs/msg/detail/unregister_ext_component__builder.hpp\n'}
[1.406499] (px4_msgs) StdoutLine: {'line': b'-- Up-to-date: /home/mcfb/ros2_ws/install/px4_msgs/include/px4_msgs/px4_msgs/msg/detail/battery_info__builder.hpp\n'}
[1.406544] (px4_msgs) StdoutLine: {'line': b'-- Up-to-date: /home/mcfb/ros2_ws/install/px4_msgs/include/px4_msgs/px4_msgs/msg/detail/estimator_aid_source2d__traits.hpp\n'}
[1.406589] (px4_msgs) StdoutLine: {'line': b'-- Up-to-date: /home/mcfb/ros2_ws/install/px4_msgs/include/px4_msgs/px4_msgs/msg/detail/gps_dump__type_support.hpp\n'}
[1.406632] (px4_msgs) StdoutLine: {'line': b'-- Up-to-date: /home/mcfb/ros2_ws/install/px4_msgs/include/px4_msgs/px4_msgs/msg/detail/position_controller_status__builder.hpp\n'}
[1.406678] (px4_msgs) StdoutLine: {'line': b'-- Up-to-date: /home/mcfb/ros2_ws/install/px4_msgs/include/px4_msgs/px4_msgs/msg/detail/telemetry_status__struct.hpp\n'}
[1.406725] (px4_msgs) StdoutLine: {'line': b'-- Up-to-date: /home/mcfb/ros2_ws/install/px4_msgs/include/px4_msgs/px4_msgs/msg/detail/vehicle_land_detected__builder.hpp\n'}
[1.406764] (px4_msgs) StdoutLine: {'line': b'-- Up-to-date: /home/mcfb/ros2_ws/install/px4_msgs/include/px4_msgs/px4_msgs/msg/detail/sensor_airflow__type_support.hpp\n'}
[1.406799] (px4_msgs) StdoutLine: {'line': b'-- Up-to-date: /home/mcfb/ros2_ws/install/px4_msgs/include/px4_msgs/px4_msgs/msg/detail/vehicle_magnetometer__builder.hpp\n'}
[1.406843] (px4_msgs) StdoutLine: {'line': b'-- Up-to-date: /home/mcfb/ros2_ws/install/px4_msgs/include/px4_msgs/px4_msgs/msg/detail/vehicle_control_mode__builder.hpp\n'}
[1.406882] (px4_msgs) StdoutLine: {'line': b'-- Up-to-date: /home/mcfb/ros2_ws/install/px4_msgs/include/px4_msgs/px4_msgs/msg/detail/gimbal_manager_status__builder.hpp\n'}
[1.406918] (px4_msgs) StdoutLine: {'line': b'-- Up-to-date: /home/mcfb/ros2_ws/install/px4_msgs/include/px4_msgs/px4_msgs/msg/detail/collision_constraints__type_support.hpp\n'}
[1.406952] (px4_msgs) StdoutLine: {'line': b'-- Up-to-date: /home/mcfb/ros2_ws/install/px4_msgs/include/px4_msgs/px4_msgs/msg/detail/rover_rate_setpoint__traits.hpp\n'}
[1.406986] (px4_msgs) StdoutLine: {'line': b'-- Up-to-date: /home/mcfb/ros2_ws/install/px4_msgs/include/px4_msgs/px4_msgs/msg/detail/differential_pressure__builder.hpp\n'}
[1.407024] (px4_msgs) StdoutLine: {'line': b'-- Up-to-date: /home/mcfb/ros2_ws/install/px4_msgs/include/px4_msgs/px4_msgs/msg/detail/estimator_innovations__traits.hpp\n'}
[1.407057] (px4_msgs) StdoutLine: {'line': b'-- Up-to-date: /home/mcfb/ros2_ws/install/px4_msgs/include/px4_msgs/px4_msgs/msg/detail/rover_attitude_status__type_support.hpp\n'}
[1.407091] (px4_msgs) StdoutLine: {'line': b'-- Up-to-date: /home/mcfb/ros2_ws/install/px4_msgs/include/px4_msgs/px4_msgs/msg/detail/gimbal_manager_status__traits.hpp\n'}
[1.407125] (px4_msgs) StdoutLine: {'line': b'-- Up-to-date: /home/mcfb/ros2_ws/install/px4_msgs/include/px4_msgs/px4_msgs/msg/detail/yaw_estimator_status__builder.hpp\n'}
[1.407159] (px4_msgs) StdoutLine: {'line': b'-- Up-to-date: /home/mcfb/ros2_ws/install/px4_msgs/include/px4_msgs/px4_msgs/msg/detail/dataman_request__type_support.hpp\n'}
[1.407192] (px4_msgs) StdoutLine: {'line': b'-- Up-to-date: /home/mcfb/ros2_ws/install/px4_msgs/include/px4_msgs/px4_msgs/msg/detail/goto_setpoint__builder.hpp\n'}
[1.407228] (px4_msgs) StdoutLine: {'line': b'-- Up-to-date: /home/mcfb/ros2_ws/install/px4_msgs/include/px4_msgs/px4_msgs/msg/detail/takeoff_status__builder.hpp\n'}
[1.407261] (px4_msgs) StdoutLine: {'line': b'-- Up-to-date: /home/mcfb/ros2_ws/install/px4_msgs/include/px4_msgs/px4_msgs/msg/detail/vehicle_imu_status__builder.hpp\n'}
[1.407294] (px4_msgs) StdoutLine: {'line': b'-- Up-to-date: /home/mcfb/ros2_ws/install/px4_msgs/include/px4_msgs/px4_msgs/msg/detail/vehicle_angular_velocity__builder.hpp\n'}
[1.407329] (px4_msgs) StdoutLine: {'line': b'-- Up-to-date: /home/mcfb/ros2_ws/install/px4_msgs/include/px4_msgs/px4_msgs/msg/detail/actuator_servos__builder.hpp\n'}
[1.407362] (px4_msgs) StdoutLine: {'line': b'-- Up-to-date: /home/mcfb/ros2_ws/install/px4_msgs/include/px4_msgs/px4_msgs/msg/detail/offboard_control_mode__type_support.hpp\n'}
[1.407397] (px4_msgs) StdoutLine: {'line': b'-- Up-to-date: /home/mcfb/ros2_ws/install/px4_msgs/include/px4_msgs/px4_msgs/msg/detail/open_drone_id_self_id__traits.hpp\n'}
[1.407432] (px4_msgs) StdoutLine: {'line': b'-- Up-to-date: /home/mcfb/ros2_ws/install/px4_msgs/include/px4_msgs/px4_msgs/msg/detail/sensor_gyro_fifo__type_support.hpp\n'}
[1.407465] (px4_msgs) StdoutLine: {'line': b'-- Up-to-date: /home/mcfb/ros2_ws/install/px4_msgs/include/px4_msgs/px4_msgs/msg/detail/gimbal_controls__struct.hpp\n'}
[1.407497] (px4_msgs) StdoutLine: {'line': b'-- Up-to-date: /home/mcfb/ros2_ws/install/px4_msgs/include/px4_msgs/px4_msgs/msg/detail/vehicle_imu_status__type_support.hpp\n'}
[1.407531] (px4_msgs) StdoutLine: {'line': b'-- Up-to-date: /home/mcfb/ros2_ws/install/px4_msgs/include/px4_msgs/px4_msgs/msg/detail/neural_control__type_support.hpp\n'}
[1.407564] (px4_msgs) StdoutLine: {'line': b'-- Up-to-date: /home/mcfb/ros2_ws/install/px4_msgs/include/px4_msgs/px4_msgs/msg/detail/estimator_status_flags__struct.hpp\n'}
[1.407601] (px4_msgs) StdoutLine: {'line': b'-- Up-to-date: /home/mcfb/ros2_ws/install/px4_msgs/include/px4_msgs/px4_msgs/msg/detail/gpio_request__type_support.hpp\n'}
[1.407634] (px4_msgs) StdoutLine: {'line': b'-- Up-to-date: /home/mcfb/ros2_ws/install/px4_msgs/include/px4_msgs/px4_msgs/msg/detail/message_format_response__struct.hpp\n'}
[1.407668] (px4_msgs) StdoutLine: {'line': b'-- Up-to-date: /home/mcfb/ros2_ws/install/px4_msgs/include/px4_msgs/px4_msgs/msg/detail/lateral_control_configuration__struct.hpp\n'}
[1.407702] (px4_msgs) StdoutLine: {'line': b'-- Up-to-date: /home/mcfb/ros2_ws/install/px4_msgs/include/px4_msgs/px4_msgs/msg/detail/flight_phase_estimation__type_support.hpp\n'}
[1.407736] (px4_msgs) StdoutLine: {'line': b'-- Up-to-date: /home/mcfb/ros2_ws/install/px4_msgs/include/px4_msgs/px4_msgs/msg/detail/vehicle_command_ack__builder.hpp\n'}
[1.407769] (px4_msgs) StdoutLine: {'line': b'-- Up-to-date: /home/mcfb/ros2_ws/install/px4_msgs/include/px4_msgs/px4_msgs/msg/detail/obstacle_distance__traits.hpp\n'}
[1.407805] (px4_msgs) StdoutLine: {'line': b'-- Up-to-date: /home/mcfb/ros2_ws/install/px4_msgs/include/px4_msgs/px4_msgs/msg/detail/tiltrotor_extra_controls__type_support.hpp\n'}
[1.407842] (px4_msgs) StdoutLine: {'line': b'-- Up-to-date: /home/mcfb/ros2_ws/install/px4_msgs/include/px4_msgs/px4_msgs/msg/detail/sensor_accel_fifo__struct.hpp\n'}
[1.407880] (px4_msgs) StdoutLine: {'line': b'-- Up-to-date: /home/mcfb/ros2_ws/install/px4_msgs/include/px4_msgs/px4_msgs/msg/detail/battery_status__traits.hpp\n'}
[1.407914] (px4_msgs) StdoutLine: {'line': b'-- Up-to-date: /home/mcfb/ros2_ws/install/px4_msgs/include/px4_msgs/px4_msgs/msg/detail/landing_target_pose__struct.hpp\n'}
[1.407949] (px4_msgs) StdoutLine: {'line': b'-- Up-to-date: /home/mcfb/ros2_ws/install/px4_msgs/include/px4_msgs/px4_msgs/msg/detail/telemetry_status__traits.hpp\n'}
[1.407982] (px4_msgs) StdoutLine: {'line': b'-- Up-to-date: /home/mcfb/ros2_ws/install/px4_msgs/include/px4_msgs/px4_msgs/msg/detail/vehicle_angular_velocity__type_support.hpp\n'}
[1.408015] (px4_msgs) StdoutLine: {'line': b'-- Up-to-date: /home/mcfb/ros2_ws/install/px4_msgs/include/px4_msgs/px4_msgs/msg/detail/lateral_control_configuration__builder.hpp\n'}
[1.408049] (px4_msgs) StdoutLine: {'line': b'-- Up-to-date: /home/mcfb/ros2_ws/install/px4_msgs/include/px4_msgs/px4_msgs/msg/detail/sensors_status_imu__builder.hpp\n'}
[1.408082] (px4_msgs) StdoutLine: {'line': b'-- Up-to-date: /home/mcfb/ros2_ws/install/px4_msgs/include/px4_msgs/px4_msgs/msg/detail/action_request__type_support.hpp\n'}
[1.408115] (px4_msgs) StdoutLine: {'line': b'-- Up-to-date: /home/mcfb/ros2_ws/install/px4_msgs/include/px4_msgs/px4_msgs/msg/detail/gimbal_manager_set_manual_control__traits.hpp\n'}
[1.408148] (px4_msgs) StdoutLine: {'line': b'-- Up-to-date: /home/mcfb/ros2_ws/install/px4_msgs/include/px4_msgs/px4_msgs/msg/detail/power_monitor__builder.hpp\n'}
[1.408182] (px4_msgs) StdoutLine: {'line': b'-- Up-to-date: /home/mcfb/ros2_ws/install/px4_msgs/include/px4_msgs/px4_msgs/msg/detail/estimator_gps_status__traits.hpp\n'}
[1.408215] (px4_msgs) StdoutLine: {'line': b'-- Up-to-date: /home/mcfb/ros2_ws/install/px4_msgs/include/px4_msgs/px4_msgs/msg/detail/rc_parameter_map__struct.hpp\n'}
[1.408249] (px4_msgs) StdoutLine: {'line': b'-- Up-to-date: /home/mcfb/ros2_ws/install/px4_msgs/include/px4_msgs/px4_msgs/msg/detail/config_overrides__struct.hpp\n'}
[1.408284] (px4_msgs) StdoutLine: {'line': b'-- Up-to-date: /home/mcfb/ros2_ws/install/px4_msgs/include/px4_msgs/px4_msgs/msg/detail/follow_target__builder.hpp\n'}
[1.408320] (px4_msgs) StdoutLine: {'line': b'-- Up-to-date: /home/mcfb/ros2_ws/install/px4_msgs/include/px4_msgs/px4_msgs/msg/detail/estimator_bias__builder.hpp\n'}
[1.408354] (px4_msgs) StdoutLine: {'line': b'-- Up-to-date: /home/mcfb/ros2_ws/install/px4_msgs/include/px4_msgs/px4_msgs/msg/detail/sensor_accel_fifo__builder.hpp\n'}
[1.408387] (px4_msgs) StdoutLine: {'line': b'-- Up-to-date: /home/mcfb/ros2_ws/install/px4_msgs/include/px4_msgs/px4_msgs/msg/detail/landing_target_pose__builder.hpp\n'}
[1.408421] (px4_msgs) StdoutLine: {'line': b'-- Up-to-date: /home/mcfb/ros2_ws/install/px4_msgs/include/px4_msgs/px4_msgs/msg/detail/actuator_servos__type_support.hpp\n'}
[1.408455] (px4_msgs) StdoutLine: {'line': b'-- Up-to-date: /home/mcfb/ros2_ws/install/px4_msgs/include/px4_msgs/px4_msgs/msg/detail/obstacle_distance__struct.hpp\n'}
[1.408490] (px4_msgs) StdoutLine: {'line': b'-- Up-to-date: /home/mcfb/ros2_ws/install/px4_msgs/include/px4_msgs/px4_msgs/msg/detail/generator_status__struct.hpp\n'}
[1.408522] (px4_msgs) StdoutLine: {'line': b'-- Up-to-date: /home/mcfb/ros2_ws/install/px4_msgs/include/px4_msgs/px4_msgs/msg/detail/mavlink_tunnel__traits.hpp\n'}
[1.408556] (px4_msgs) StdoutLine: {'line': b'-- Up-to-date: /home/mcfb/ros2_ws/install/px4_msgs/include/px4_msgs/px4_msgs/msg/detail/vtol_vehicle_status__builder.hpp\n'}
[1.408589] (px4_msgs) StdoutLine: {'line': b'-- Up-to-date: /home/mcfb/ros2_ws/install/px4_msgs/include/px4_msgs/px4_msgs/msg/detail/lateral_control_configuration__traits.hpp\n'}
[1.408624] (px4_msgs) StdoutLine: {'line': b'-- Up-to-date: /home/mcfb/ros2_ws/install/px4_msgs/include/px4_msgs/px4_msgs/msg/detail/gimbal_manager_set_manual_control__struct.hpp\n'}
[1.408659] (px4_msgs) StdoutLine: {'line': b'-- Up-to-date: /home/mcfb/ros2_ws/install/px4_msgs/include/px4_msgs/px4_msgs/msg/detail/longitudinal_control_configuration__type_support.hpp\n'}
[1.408696] (px4_msgs) StdoutLine: {'line': b'-- Up-to-date: /home/mcfb/ros2_ws/install/px4_msgs/include/px4_msgs/px4_msgs/msg/detail/open_drone_id_arm_status__struct.hpp\n'}
[1.408734] (px4_msgs) StdoutLine: {'line': b'-- Up-to-date: /home/mcfb/ros2_ws/install/px4_msgs/include/px4_msgs/px4_msgs/msg/detail/battery_status__type_support.hpp\n'}
[1.408768] (px4_msgs) StdoutLine: {'line': b'-- Up-to-date: /home/mcfb/ros2_ws/install/px4_msgs/include/px4_msgs/px4_msgs/msg/detail/magnetometer_bias_estimate__traits.hpp\n'}
[1.408803] (px4_msgs) StdoutLine: {'line': b'-- Up-to-date: /home/mcfb/ros2_ws/install/px4_msgs/include/px4_msgs/px4_msgs/msg/detail/airspeed__builder.hpp\n'}
[1.408838] (px4_msgs) StdoutLine: {'line': b'-- Up-to-date: /home/mcfb/ros2_ws/install/px4_msgs/include/px4_msgs/px4_msgs/msg/detail/event__builder.hpp\n'}
[1.408878] (px4_msgs) StdoutLine: {'line': b'-- Up-to-date: /home/mcfb/ros2_ws/install/px4_msgs/include/px4_msgs/px4_msgs/msg/detail/mission__builder.hpp\n'}
[1.408912] (px4_msgs) StdoutLine: {'line': b'-- Up-to-date: /home/mcfb/ros2_ws/install/px4_msgs/include/px4_msgs/px4_msgs/msg/detail/vehicle_air_data__builder.hpp\n'}
[1.408945] (px4_msgs) StdoutLine: {'line': b'-- Up-to-date: /home/mcfb/ros2_ws/install/px4_msgs/include/px4_msgs/px4_msgs/msg/detail/vehicle_land_detected__traits.hpp\n'}
[1.408979] (px4_msgs) StdoutLine: {'line': b'-- Up-to-date: /home/mcfb/ros2_ws/install/px4_msgs/include/px4_msgs/px4_msgs/msg/detail/rover_rate_setpoint__builder.hpp\n'}
[1.409013] (px4_msgs) StdoutLine: {'line': b'-- Up-to-date: /home/mcfb/ros2_ws/install/px4_msgs/include/px4_msgs/px4_msgs/msg/detail/debug_array__builder.hpp\n'}
[1.409047] (px4_msgs) StdoutLine: {'line': b'-- Up-to-date: /home/mcfb/ros2_ws/install/px4_msgs/include/px4_msgs/px4_msgs/msg/detail/parameter_set_value_response__struct.hpp\n'}
[1.409080] (px4_msgs) StdoutLine: {'line': b'-- Up-to-date: /home/mcfb/ros2_ws/install/px4_msgs/include/px4_msgs/px4_msgs/msg/detail/collision_constraints__struct.hpp\n'}
[1.409114] (px4_msgs) StdoutLine: {'line': b'-- Up-to-date: /home/mcfb/ros2_ws/install/px4_msgs/include/px4_msgs/px4_msgs/msg/detail/log_message__struct.hpp\n'}
[1.409149] (px4_msgs) StdoutLine: {'line': b'-- Up-to-date: /home/mcfb/ros2_ws/install/px4_msgs/include/px4_msgs/px4_msgs/msg/detail/pps_capture__traits.hpp\n'}
[1.409182] (px4_msgs) StdoutLine: {'line': b'-- Up-to-date: /home/mcfb/ros2_ws/install/px4_msgs/include/px4_msgs/px4_msgs/msg/detail/battery_status__builder.hpp\n'}
[1.409216] (px4_msgs) StdoutLine: {'line': b'-- Up-to-date: /home/mcfb/ros2_ws/install/px4_msgs/include/px4_msgs/px4_msgs/msg/detail/mount_orientation__type_support.hpp\n'}
[1.409250] (px4_msgs) StdoutLine: {'line': b'-- Up-to-date: /home/mcfb/ros2_ws/install/px4_msgs/include/px4_msgs/px4_msgs/msg/detail/rover_speed_status__builder.hpp\n'}
[1.409283] (px4_msgs) StdoutLine: {'line': b'-- Up-to-date: /home/mcfb/ros2_ws/install/px4_msgs/include/px4_msgs/px4_msgs/msg/detail/sensor_mag__builder.hpp\n'}
[1.409317] (px4_msgs) StdoutLine: {'line': b'-- Up-to-date: /home/mcfb/ros2_ws/install/px4_msgs/include/px4_msgs/px4_msgs/msg/detail/vehicle_rates_setpoint__builder.hpp\n'}
[1.409351] (px4_msgs) StdoutLine: {'line': b'-- Up-to-date: /home/mcfb/ros2_ws/install/px4_msgs/include/px4_msgs/px4_msgs/msg/detail/arming_check_reply__traits.hpp\n'}
[1.409386] (px4_msgs) StdoutLine: {'line': b'-- Up-to-date: /home/mcfb/ros2_ws/install/px4_msgs/include/px4_msgs/px4_msgs/msg/detail/sensor_accel__struct.hpp\n'}
[1.409419] (px4_msgs) StdoutLine: {'line': b'-- Up-to-date: /home/mcfb/ros2_ws/install/px4_msgs/include/px4_msgs/px4_msgs/msg/detail/fixed_wing_longitudinal_setpoint__struct.hpp\n'}
[1.409452] (px4_msgs) StdoutLine: {'line': b'-- Up-to-date: /home/mcfb/ros2_ws/install/px4_msgs/include/px4_msgs/px4_msgs/msg/detail/velocity_limits__type_support.hpp\n'}
[1.409485] (px4_msgs) StdoutLine: {'line': b'-- Up-to-date: /home/mcfb/ros2_ws/install/px4_msgs/include/px4_msgs/px4_msgs/msg/detail/actuator_motors__traits.hpp\n'}
[1.409521] (px4_msgs) StdoutLine: {'line': b'-- Up-to-date: /home/mcfb/ros2_ws/install/px4_msgs/include/px4_msgs/px4_msgs/msg/detail/radio_status__struct.hpp\n'}
[1.409555] (px4_msgs) StdoutLine: {'line': b'-- Up-to-date: /home/mcfb/ros2_ws/install/px4_msgs/include/px4_msgs/px4_msgs/msg/detail/rover_throttle_setpoint__type_support.hpp\n'}
[1.409591] (px4_msgs) StdoutLine: {'line': b'-- Up-to-date: /home/mcfb/ros2_ws/install/px4_msgs/include/px4_msgs/px4_msgs/msg/detail/navigator_mission_item__builder.hpp\n'}
[1.409623] (px4_msgs) StdoutLine: {'line': b'-- Up-to-date: /home/mcfb/ros2_ws/install/px4_msgs/include/px4_msgs/px4_msgs/msg/detail/actuator_controls_status__builder.hpp\n'}
[1.409655] (px4_msgs) StdoutLine: {'line': b'-- Up-to-date: /home/mcfb/ros2_ws/install/px4_msgs/include/px4_msgs/px4_msgs/msg/detail/sensor_gnss_status__type_support.hpp\n'}
[1.409695] (px4_msgs) StdoutLine: {'line': b'-- Up-to-date: /home/mcfb/ros2_ws/install/px4_msgs/include/px4_msgs/px4_msgs/msg/detail/task_stack_info__struct.hpp\n'}
[1.409749] (px4_msgs) StdoutLine: {'line': b'-- Up-to-date: /home/mcfb/ros2_ws/install/px4_msgs/include/px4_msgs/px4_msgs/msg/detail/power_monitor__traits.hpp\n'}
[1.409787] (px4_msgs) StdoutLine: {'line': b'-- Up-to-date: /home/mcfb/ros2_ws/install/px4_msgs/include/px4_msgs/px4_msgs/msg/detail/parameter_set_value_response__type_support.hpp\n'}
[1.409821] (px4_msgs) StdoutLine: {'line': b'-- Up-to-date: /home/mcfb/ros2_ws/install/px4_msgs/include/px4_msgs/px4_msgs/msg/detail/vehicle_imu__type_support.hpp\n'}
[1.409864] (px4_msgs) StdoutLine: {'line': b'-- Up-to-date: /home/mcfb/ros2_ws/install/px4_msgs/include/px4_msgs/px4_msgs/msg/detail/gimbal_manager_set_attitude__type_support.hpp\n'}
[1.409899] (px4_msgs) StdoutLine: {'line': b'-- Up-to-date: /home/mcfb/ros2_ws/install/px4_msgs/include/px4_msgs/px4_msgs/msg/detail/camera_capture__builder.hpp\n'}
[1.409941] (px4_msgs) StdoutLine: {'line': b'-- Up-to-date: /home/mcfb/ros2_ws/install/px4_msgs/include/px4_msgs/px4_msgs/msg/detail/hover_thrust_estimate__builder.hpp\n'}
[1.409990] (px4_msgs) StdoutLine: {'line': b'-- Up-to-date: /home/mcfb/ros2_ws/install/px4_msgs/include/px4_msgs/px4_msgs/msg/detail/pwm_input__builder.hpp\n'}
[1.410045] (px4_msgs) StdoutLine: {'line': b'-- Up-to-date: /home/mcfb/ros2_ws/install/px4_msgs/include/px4_msgs/px4_msgs/msg/detail/action_request__builder.hpp\n'}
[1.410100] (px4_msgs) StdoutLine: {'line': b'-- Up-to-date: /home/mcfb/ros2_ws/install/px4_msgs/include/px4_msgs/px4_msgs/msg/detail/mission_result__traits.hpp\n'}
[1.410148] (px4_msgs) StdoutLine: {'line': b'-- Up-to-date: /home/mcfb/ros2_ws/install/px4_msgs/include/px4_msgs/px4_msgs/msg/detail/internal_combustion_engine_status__struct.hpp\n'}
[1.410495] (px4_msgs) StdoutLine: {'line': b'-- Up-to-date: /home/mcfb/ros2_ws/install/px4_msgs/include/px4_msgs/px4_msgs/msg/detail/gpio_config__type_support.hpp\n'}
[1.410669] (px4_msgs) StdoutLine: {'line': b'-- Up-to-date: /home/mcfb/ros2_ws/install/px4_msgs/include/px4_msgs/px4_msgs/msg/detail/position_setpoint__struct.hpp\n'}
[1.410785] (px4_msgs) StdoutLine: {'line': b'-- Up-to-date: /home/mcfb/ros2_ws/install/px4_msgs/include/px4_msgs/px4_msgs/msg/detail/qshell_retval__traits.hpp\n'}
[1.410911] (px4_msgs) StdoutLine: {'line': b'-- Up-to-date: /home/mcfb/ros2_ws/install/px4_msgs/include/px4_msgs/px4_msgs/msg/detail/distance_sensor_mode_change_request__type_support.hpp\n'}
[1.411029] (px4_msgs) StdoutLine: {'line': b'-- Up-to-date: /home/mcfb/ros2_ws/install/px4_msgs/include/px4_msgs/px4_msgs/msg/detail/rpm__traits.hpp\n'}
[1.411104] (px4_msgs) StdoutLine: {'line': b'-- Up-to-date: /home/mcfb/ros2_ws/install/px4_msgs/include/px4_msgs/px4_msgs/msg/detail/open_drone_id_operator_id__builder.hpp\n'}
[1.411194] (px4_msgs) StdoutLine: {'line': b'-- Up-to-date: /home/mcfb/ros2_ws/install/px4_msgs/include/px4_msgs/px4_msgs/msg/detail/takeoff_status__struct.hpp\n'}
[1.411290] (px4_msgs) StdoutLine: {'line': b'-- Up-to-date: /home/mcfb/ros2_ws/install/px4_msgs/include/px4_msgs/px4_msgs/msg/detail/ping__type_support.hpp\n'}
[1.411386] (px4_msgs) StdoutLine: {'line': b'-- Up-to-date: /home/mcfb/ros2_ws/install/px4_msgs/include/px4_msgs/px4_msgs/msg/detail/fixed_wing_longitudinal_setpoint__type_support.hpp\n'}
[1.411493] (px4_msgs) StdoutLine: {'line': b'-- Up-to-date: /home/mcfb/ros2_ws/install/px4_msgs/include/px4_msgs/px4_msgs/msg/detail/ulog_stream_ack__traits.hpp\n'}
[1.411600] (px4_msgs) StdoutLine: {'line': b'-- Up-to-date: /home/mcfb/ros2_ws/install/px4_msgs/include/px4_msgs/px4_msgs/msg/detail/longitudinal_control_configuration__builder.hpp\n'}
[1.411710] (px4_msgs) StdoutLine: {'line': b'-- Up-to-date: /home/mcfb/ros2_ws/install/px4_msgs/include/px4_msgs/px4_msgs/msg/detail/internal_combustion_engine_control__type_support.hpp\n'}
[1.411782] (px4_msgs) StdoutLine: {'line': b'-- Up-to-date: /home/mcfb/ros2_ws/install/px4_msgs/include/px4_msgs/px4_msgs/msg/detail/vehicle_imu__traits.hpp\n'}
[1.411986] (px4_msgs) StdoutLine: {'line': b'-- Up-to-date: /home/mcfb/ros2_ws/install/px4_msgs/include/px4_msgs/px4_msgs/msg/detail/rover_attitude_status__traits.hpp\n'}
[1.412064] (px4_msgs) StdoutLine: {'line': b'-- Up-to-date: /home/mcfb/ros2_ws/install/px4_msgs/include/px4_msgs/px4_msgs/msg/detail/pwm_input__struct.hpp\n'}
[1.412116] (px4_msgs) StdoutLine: {'line': b'-- Up-to-date: /home/mcfb/ros2_ws/install/px4_msgs/include/px4_msgs/px4_msgs/msg/detail/onboard_computer_status__builder.hpp\n'}
[1.412165] (px4_msgs) StdoutLine: {'line': b'-- Up-to-date: /home/mcfb/ros2_ws/install/px4_msgs/include/px4_msgs/px4_msgs/msg/detail/sensor_gyro__struct.hpp\n'}
[1.412225] (px4_msgs) StdoutLine: {'line': b'-- Up-to-date: /home/mcfb/ros2_ws/install/px4_msgs/include/px4_msgs/px4_msgs/msg/detail/internal_combustion_engine_status__traits.hpp\n'}
[1.412274] (px4_msgs) StdoutLine: {'line': b'-- Up-to-date: /home/mcfb/ros2_ws/install/px4_msgs/include/px4_msgs/px4_msgs/msg/detail/longitudinal_control_configuration__traits.hpp\n'}
[1.412320] (px4_msgs) StdoutLine: {'line': b'-- Up-to-date: /home/mcfb/ros2_ws/install/px4_msgs/include/px4_msgs/px4_msgs/msg/detail/vehicle_local_position__type_support.hpp\n'}
[1.412365] (px4_msgs) StdoutLine: {'line': b'-- Up-to-date: /home/mcfb/ros2_ws/install/px4_msgs/include/px4_msgs/px4_msgs/msg/detail/sensor_combined__traits.hpp\n'}
[1.412408] (px4_msgs) StdoutLine: {'line': b'-- Up-to-date: /home/mcfb/ros2_ws/install/px4_msgs/include/px4_msgs/px4_msgs/msg/detail/vehicle_rates_setpoint__traits.hpp\n'}
[1.412449] (px4_msgs) StdoutLine: {'line': b'-- Up-to-date: /home/mcfb/ros2_ws/install/px4_msgs/include/px4_msgs/px4_msgs/msg/detail/message_format_response__type_support.hpp\n'}
[1.412492] (px4_msgs) StdoutLine: {'line': b'-- Up-to-date: /home/mcfb/ros2_ws/install/px4_msgs/include/px4_msgs/px4_msgs/msg/detail/rover_steering_setpoint__type_support.hpp\n'}
[1.412533] (px4_msgs) StdoutLine: {'line': b'-- Up-to-date: /home/mcfb/ros2_ws/install/px4_msgs/include/px4_msgs/px4_msgs/msg/detail/gimbal_device_attitude_status__builder.hpp\n'}
[1.412574] (px4_msgs) StdoutLine: {'line': b'-- Up-to-date: /home/mcfb/ros2_ws/install/px4_msgs/include/px4_msgs/px4_msgs/msg/detail/magnetometer_bias_estimate__struct.hpp\n'}
[1.412617] (px4_msgs) StdoutLine: {'line': b'-- Up-to-date: /home/mcfb/ros2_ws/install/px4_msgs/include/px4_msgs/px4_msgs/msg/detail/gimbal_manager_set_attitude__struct.hpp\n'}
[1.412683] (px4_msgs) StdoutLine: {'line': b'-- Up-to-date: /home/mcfb/ros2_ws/install/px4_msgs/include/px4_msgs/px4_msgs/msg/detail/open_drone_id_operator_id__traits.hpp\n'}
[1.412757] (px4_msgs) StdoutLine: {'line': b'-- Up-to-date: /home/mcfb/ros2_ws/install/px4_msgs/include/px4_msgs/px4_msgs/msg/detail/geofence_result__type_support.hpp\n'}
[1.412821] (px4_msgs) StdoutLine: {'line': b'-- Up-to-date: /home/mcfb/ros2_ws/install/px4_msgs/include/px4_msgs/px4_msgs/msg/detail/mag_worker_data__traits.hpp\n'}
[1.412885] (px4_msgs) StdoutLine: {'line': b'-- Up-to-date: /home/mcfb/ros2_ws/install/px4_msgs/include/px4_msgs/px4_msgs/msg/detail/parameter_set_used_request__traits.hpp\n'}
[1.412949] (px4_msgs) StdoutLine: {'line': b'-- Up-to-date: /home/mcfb/ros2_ws/install/px4_msgs/include/px4_msgs/px4_msgs/msg/detail/onboard_computer_status__traits.hpp\n'}
[1.413057] (px4_msgs) StdoutLine: {'line': b'-- Up-to-date: /home/mcfb/ros2_ws/install/px4_msgs/include/px4_msgs/px4_msgs/msg/detail/rover_rate_status__type_support.hpp\n'}
[1.413102] (px4_msgs) StdoutLine: {'line': b'-- Up-to-date: /home/mcfb/ros2_ws/install/px4_msgs/include/px4_msgs/px4_msgs/msg/detail/sensor_gps__builder.hpp\n'}
[1.413145] (px4_msgs) StdoutLine: {'line': b'-- Up-to-date: /home/mcfb/ros2_ws/install/px4_msgs/include/px4_msgs/px4_msgs/msg/detail/dataman_response__type_support.hpp\n'}
[1.413197] (px4_msgs) StdoutLine: {'line': b'-- Up-to-date: /home/mcfb/ros2_ws/install/px4_msgs/include/px4_msgs/px4_msgs/msg/detail/sensor_uwb__traits.hpp\n'}
[1.413263] (px4_msgs) StdoutLine: {'line': b'-- Up-to-date: /home/mcfb/ros2_ws/install/px4_msgs/include/px4_msgs/px4_msgs/msg/detail/uavcan_parameter_value__type_support.hpp\n'}
[1.413307] (px4_msgs) StdoutLine: {'line': b'-- Up-to-date: /home/mcfb/ros2_ws/install/px4_msgs/include/px4_msgs/px4_msgs/msg/detail/neural_control__builder.hpp\n'}
[1.413352] (px4_msgs) StdoutLine: {'line': b'-- Up-to-date: /home/mcfb/ros2_ws/install/px4_msgs/include/px4_msgs/px4_msgs/msg/detail/mission__traits.hpp\n'}
[1.413395] (px4_msgs) StdoutLine: {'line': b'-- Up-to-date: /home/mcfb/ros2_ws/install/px4_msgs/include/px4_msgs/px4_msgs/msg/detail/estimator_aid_source1d__builder.hpp\n'}
[1.413437] (px4_msgs) StdoutLine: {'line': b'-- Up-to-date: /home/mcfb/ros2_ws/install/px4_msgs/include/px4_msgs/px4_msgs/msg/detail/failure_detector_status__traits.hpp\n'}
[1.413479] (px4_msgs) StdoutLine: {'line': b'-- Up-to-date: /home/mcfb/ros2_ws/install/px4_msgs/include/px4_msgs/px4_msgs/msg/detail/normalized_unsigned_setpoint__struct.hpp\n'}
[1.413525] (px4_msgs) StdoutLine: {'line': b'-- Up-to-date: /home/mcfb/ros2_ws/install/px4_msgs/include/px4_msgs/px4_msgs/msg/detail/sensor_gnss_status__struct.hpp\n'}
[1.413567] (px4_msgs) StdoutLine: {'line': b'-- Up-to-date: /home/mcfb/ros2_ws/install/px4_msgs/include/px4_msgs/px4_msgs/msg/detail/vehicle_optical_flow__type_support.hpp\n'}
[1.413610] (px4_msgs) StdoutLine: {'line': b'-- Up-to-date: /home/mcfb/ros2_ws/install/px4_msgs/include/px4_msgs/px4_msgs/msg/detail/event__type_support.hpp\n'}
[1.413653] (px4_msgs) StdoutLine: {'line': b'-- Up-to-date: /home/mcfb/ros2_ws/install/px4_msgs/include/px4_msgs/px4_msgs/msg/detail/fixed_wing_runway_control__traits.hpp\n'}
[1.413695] (px4_msgs) StdoutLine: {'line': b'-- Up-to-date: /home/mcfb/ros2_ws/install/px4_msgs/include/px4_msgs/px4_msgs/msg/detail/parameter_set_value_request__type_support.hpp\n'}
[1.413736] (px4_msgs) StdoutLine: {'line': b'-- Up-to-date: /home/mcfb/ros2_ws/install/px4_msgs/include/px4_msgs/px4_msgs/msg/detail/qshell_retval__builder.hpp\n'}
[1.413784] (px4_msgs) StdoutLine: {'line': b'-- Up-to-date: /home/mcfb/ros2_ws/install/px4_msgs/include/px4_msgs/px4_msgs/msg/detail/action_request__struct.hpp\n'}
[1.413852] (px4_msgs) StdoutLine: {'line': b'-- Up-to-date: /home/mcfb/ros2_ws/install/px4_msgs/include/px4_msgs/px4_msgs/msg/detail/orb_test_large__type_support.hpp\n'}
[1.413910] (px4_msgs) StdoutLine: {'line': b'-- Up-to-date: /home/mcfb/ros2_ws/install/px4_msgs/include/px4_msgs/px4_msgs/msg/detail/vehicle_status__type_support.hpp\n'}
[1.413970] (px4_msgs) StdoutLine: {'line': b'-- Up-to-date: /home/mcfb/ros2_ws/install/px4_msgs/include/px4_msgs/px4_msgs/msg/detail/airspeed_validated__builder.hpp\n'}
[1.414016] (px4_msgs) StdoutLine: {'line': b'-- Up-to-date: /home/mcfb/ros2_ws/install/px4_msgs/include/px4_msgs/px4_msgs/msg/detail/position_controller_status__traits.hpp\n'}
[1.414058] (px4_msgs) StdoutLine: {'line': b'-- Up-to-date: /home/mcfb/ros2_ws/install/px4_msgs/include/px4_msgs/px4_msgs/msg/detail/register_ext_component_request__builder.hpp\n'}
[1.414103] (px4_msgs) StdoutLine: {'line': b'-- Up-to-date: /home/mcfb/ros2_ws/install/px4_msgs/include/px4_msgs/px4_msgs/msg/detail/estimator_event_flags__builder.hpp\n'}
[1.414152] (px4_msgs) StdoutLine: {'line': b'-- Up-to-date: /home/mcfb/ros2_ws/install/px4_msgs/include/px4_msgs/px4_msgs/msg/detail/autotune_attitude_control_status__traits.hpp\n'}
[1.414194] (px4_msgs) StdoutLine: {'line': b'-- Up-to-date: /home/mcfb/ros2_ws/install/px4_msgs/include/px4_msgs/px4_msgs/msg/detail/transponder_report__type_support.hpp\n'}
[1.414236] (px4_msgs) StdoutLine: {'line': b'-- Up-to-date: /home/mcfb/ros2_ws/install/px4_msgs/include/px4_msgs/px4_msgs/msg/detail/vehicle_odometry__traits.hpp\n'}
[1.414279] (px4_msgs) StdoutLine: {'line': b'-- Up-to-date: /home/mcfb/ros2_ws/install/px4_msgs/include/px4_msgs/px4_msgs/msg/detail/estimator_event_flags__struct.hpp\n'}
[1.414321] (px4_msgs) StdoutLine: {'line': b'-- Up-to-date: /home/mcfb/ros2_ws/install/px4_msgs/include/px4_msgs/px4_msgs/msg/detail/battery_info__struct.hpp\n'}
[1.414363] (px4_msgs) StdoutLine: {'line': b'-- Up-to-date: /home/mcfb/ros2_ws/install/px4_msgs/include/px4_msgs/px4_msgs/msg/detail/vehicle_attitude__traits.hpp\n'}
[1.414405] (px4_msgs) StdoutLine: {'line': b'-- Up-to-date: /home/mcfb/ros2_ws/install/px4_msgs/include/px4_msgs/px4_msgs/msg/detail/home_position__traits.hpp\n'}
[1.414472] (px4_msgs) StdoutLine: {'line': b'-- Up-to-date: /home/mcfb/ros2_ws/install/px4_msgs/include/px4_msgs/px4_msgs/msg/detail/ekf2_timestamps__struct.hpp\n'}
[1.414514] (px4_msgs) StdoutLine: {'line': b'-- Up-to-date: /home/mcfb/ros2_ws/install/px4_msgs/include/px4_msgs/px4_msgs/msg/detail/landing_target_pose__type_support.hpp\n'}
[1.414580] (px4_msgs) StdoutLine: {'line': b'-- Up-to-date: /home/mcfb/ros2_ws/install/px4_msgs/include/px4_msgs/px4_msgs/msg/detail/qshell_req__type_support.hpp\n'}
[1.414625] (px4_msgs) StdoutLine: {'line': b'-- Up-to-date: /home/mcfb/ros2_ws/install/px4_msgs/include/px4_msgs/px4_msgs/msg/detail/estimator_sensor_bias__type_support.hpp\n'}
[1.414670] (px4_msgs) StdoutLine: {'line': b'-- Up-to-date: /home/mcfb/ros2_ws/install/px4_msgs/include/px4_msgs/px4_msgs/msg/detail/sensor_gyro__builder.hpp\n'}
[1.414712] (px4_msgs) StdoutLine: {'line': b'-- Up-to-date: /home/mcfb/ros2_ws/install/px4_msgs/include/px4_msgs/px4_msgs/msg/detail/landing_gear__traits.hpp\n'}
[1.414771] (px4_msgs) StdoutLine: {'line': b'-- Up-to-date: /home/mcfb/ros2_ws/install/px4_msgs/include/px4_msgs/px4_msgs/msg/detail/sensor_airflow__struct.hpp\n'}
[1.414836] (px4_msgs) StdoutLine: {'line': b'-- Up-to-date: /home/mcfb/ros2_ws/install/px4_msgs/include/px4_msgs/px4_msgs/msg/detail/mavlink_tunnel__type_support.hpp\n'}
[1.414893] (px4_msgs) StdoutLine: {'line': b'-- Up-to-date: /home/mcfb/ros2_ws/install/px4_msgs/include/px4_msgs/px4_msgs/msg/detail/collision_constraints__builder.hpp\n'}
[1.414962] (px4_msgs) StdoutLine: {'line': b'-- Up-to-date: /home/mcfb/ros2_ws/install/px4_msgs/include/px4_msgs/px4_msgs/msg/detail/ping__traits.hpp\n'}
[1.415023] (px4_msgs) StdoutLine: {'line': b'-- Up-to-date: /home/mcfb/ros2_ws/install/px4_msgs/include/px4_msgs/px4_msgs/msg/detail/failsafe_flags__type_support.hpp\n'}
[1.415313] (px4_msgs) StdoutLine: {'line': b'-- Up-to-date: /home/mcfb/ros2_ws/install/px4_msgs/include/px4_msgs/px4_msgs/msg/detail/logger_status__traits.hpp\n'}
[1.415493] (px4_msgs) StdoutLine: {'line': b'-- Up-to-date: /home/mcfb/ros2_ws/install/px4_msgs/include/px4_msgs/px4_msgs/msg/detail/geofence_status__builder.hpp\n'}
[1.415556] (px4_msgs) StdoutLine: {'line': b'-- Up-to-date: /home/mcfb/ros2_ws/install/px4_msgs/include/px4_msgs/px4_msgs/msg/detail/satellite_info__builder.hpp\n'}
[1.415607] (px4_msgs) StdoutLine: {'line': b'-- Up-to-date: /home/mcfb/ros2_ws/install/px4_msgs/include/px4_msgs/px4_msgs/msg/detail/estimator_states__type_support.hpp\n'}
[1.415669] (px4_msgs) StdoutLine: {'line': b'-- Up-to-date: /home/mcfb/ros2_ws/install/px4_msgs/include/px4_msgs/px4_msgs/msg/detail/camera_status__type_support.hpp\n'}
[1.415722] (px4_msgs) StdoutLine: {'line': b'-- Up-to-date: /home/mcfb/ros2_ws/install/px4_msgs/include/px4_msgs/px4_msgs/msg/detail/config_overrides__builder.hpp\n'}
[1.415768] (px4_msgs) StdoutLine: {'line': b'-- Up-to-date: /home/mcfb/ros2_ws/install/px4_msgs/include/px4_msgs/px4_msgs/msg/detail/satellite_info__type_support.hpp\n'}
[1.415818] (px4_msgs) StdoutLine: {'line': b'-- Up-to-date: /home/mcfb/ros2_ws/install/px4_msgs/include/px4_msgs/px4_msgs/msg/detail/vehicle_control_mode__type_support.hpp\n'}
[1.415882] (px4_msgs) StdoutLine: {'line': b'-- Up-to-date: /home/mcfb/ros2_ws/install/px4_msgs/include/px4_msgs/px4_msgs/msg/detail/takeoff_status__traits.hpp\n'}
[1.415941] (px4_msgs) StdoutLine: {'line': b'-- Up-to-date: /home/mcfb/ros2_ws/install/px4_msgs/include/px4_msgs/px4_msgs/msg/detail/orb_test_large__struct.hpp\n'}
[1.415986] (px4_msgs) StdoutLine: {'line': b'-- Up-to-date: /home/mcfb/ros2_ws/install/px4_msgs/include/px4_msgs/px4_msgs/msg/detail/estimator_aid_source3d__type_support.hpp\n'}
[1.416030] (px4_msgs) StdoutLine: {'line': b'-- Up-to-date: /home/mcfb/ros2_ws/install/px4_msgs/include/px4_msgs/px4_msgs/msg/detail/landing_gear__struct.hpp\n'}
[1.416074] (px4_msgs) StdoutLine: {'line': b'-- Up-to-date: /home/mcfb/ros2_ws/install/px4_msgs/include/px4_msgs/px4_msgs/msg/detail/rpm__struct.hpp\n'}
[1.416119] (px4_msgs) StdoutLine: {'line': b'-- Up-to-date: /home/mcfb/ros2_ws/install/px4_msgs/include/px4_msgs/px4_msgs/msg/detail/vehicle_torque_setpoint__builder.hpp\n'}
[1.416163] (px4_msgs) StdoutLine: {'line': b'-- Up-to-date: /home/mcfb/ros2_ws/install/px4_msgs/include/px4_msgs/px4_msgs/msg/detail/estimator_aid_source1d__struct.hpp\n'}
[1.416228] (px4_msgs) StdoutLine: {'line': b'-- Up-to-date: /home/mcfb/ros2_ws/install/px4_msgs/include/px4_msgs/px4_msgs/msg/detail/position_controller_status__type_support.hpp\n'}
[1.416281] (px4_msgs) StdoutLine: {'line': b'-- Up-to-date: /home/mcfb/ros2_ws/install/px4_msgs/include/px4_msgs/px4_msgs/msg/detail/orb_test_large__builder.hpp\n'}
[1.416328] (px4_msgs) StdoutLine: {'line': b'-- Up-to-date: /home/mcfb/ros2_ws/install/px4_msgs/include/px4_msgs/px4_msgs/msg/detail/navigator_mission_item__struct.hpp\n'}
[1.416384] (px4_msgs) StdoutLine: {'line': b'-- Up-to-date: /home/mcfb/ros2_ws/install/px4_msgs/include/px4_msgs/px4_msgs/msg/detail/vehicle_attitude__type_support.hpp\n'}
[1.416450] (px4_msgs) StdoutLine: {'line': b'-- Up-to-date: /home/mcfb/ros2_ws/install/px4_msgs/include/px4_msgs/px4_msgs/msg/detail/parameter_set_value_response__traits.hpp\n'}
[1.416516] (px4_msgs) StdoutLine: {'line': b'-- Up-to-date: /home/mcfb/ros2_ws/install/px4_msgs/include/px4_msgs/px4_msgs/msg/detail/hover_thrust_estimate__type_support.hpp\n'}
[1.416582] (px4_msgs) StdoutLine: {'line': b'-- Up-to-date: /home/mcfb/ros2_ws/install/px4_msgs/include/px4_msgs/px4_msgs/msg/detail/internal_combustion_engine_status__type_support.hpp\n'}
[1.416650] (px4_msgs) StdoutLine: {'line': b'-- Up-to-date: /home/mcfb/ros2_ws/install/px4_msgs/include/px4_msgs/px4_msgs/msg/detail/vehicle_attitude_setpoint__builder.hpp\n'}
[1.416723] (px4_msgs) StdoutLine: {'line': b'-- Up-to-date: /home/mcfb/ros2_ws/install/px4_msgs/include/px4_msgs/px4_msgs/msg/detail/rover_attitude_setpoint__struct.hpp\n'}
[1.416767] (px4_msgs) StdoutLine: {'line': b'-- Up-to-date: /home/mcfb/ros2_ws/install/px4_msgs/include/px4_msgs/px4_msgs/msg/detail/rover_rate_status__traits.hpp\n'}
[1.416813] (px4_msgs) StdoutLine: {'line': b'-- Up-to-date: /home/mcfb/ros2_ws/install/px4_msgs/include/px4_msgs/px4_msgs/msg/detail/debug_vect__builder.hpp\n'}
[1.416872] (px4_msgs) StdoutLine: {'line': b'-- Up-to-date: /home/mcfb/ros2_ws/install/px4_msgs/include/px4_msgs/px4_msgs/msg/detail/vehicle_local_position__builder.hpp\n'}
[1.416930] (px4_msgs) StdoutLine: {'line': b'-- Up-to-date: /home/mcfb/ros2_ws/install/px4_msgs/include/px4_msgs/px4_msgs/msg/detail/ulog_stream__traits.hpp\n'}
[1.417015] (px4_msgs) StdoutLine: {'line': b'-- Up-to-date: /home/mcfb/ros2_ws/install/px4_msgs/include/px4_msgs/px4_msgs/msg/detail/sensor_selection__type_support.hpp\n'}
[1.417106] (px4_msgs) StdoutLine: {'line': b'-- Up-to-date: /home/mcfb/ros2_ws/install/px4_msgs/include/px4_msgs/px4_msgs/msg/detail/actuator_servos__struct.hpp\n'}
[1.417167] (px4_msgs) StdoutLine: {'line': b'-- Up-to-date: /home/mcfb/ros2_ws/install/px4_msgs/include/px4_msgs/px4_msgs/msg/detail/sensor_accel__type_support.hpp\n'}
[1.417218] (px4_msgs) StdoutLine: {'line': b'-- Up-to-date: /home/mcfb/ros2_ws/install/px4_msgs/include/px4_msgs/px4_msgs/msg/detail/sensor_hygrometer__type_support.hpp\n'}
[1.417269] (px4_msgs) StdoutLine: {'line': b'-- Up-to-date: /home/mcfb/ros2_ws/install/px4_msgs/include/px4_msgs/px4_msgs/msg/detail/dataman_response__traits.hpp\n'}
[1.417327] (px4_msgs) StdoutLine: {'line': b'-- Up-to-date: /home/mcfb/ros2_ws/install/px4_msgs/include/px4_msgs/px4_msgs/msg/detail/mode_completed__struct.hpp\n'}
[1.417393] (px4_msgs) StdoutLine: {'line': b'-- Up-to-date: /home/mcfb/ros2_ws/install/px4_msgs/include/px4_msgs/px4_msgs/msg/detail/vehicle_global_position__builder.hpp\n'}
[1.417458] (px4_msgs) StdoutLine: {'line': b'-- Up-to-date: /home/mcfb/ros2_ws/install/px4_msgs/include/px4_msgs/px4_msgs/msg/detail/onboard_computer_status__type_support.hpp\n'}
[1.417521] (px4_msgs) StdoutLine: {'line': b'-- Up-to-date: /home/mcfb/ros2_ws/install/px4_msgs/include/px4_msgs/px4_msgs/msg/detail/arming_check_request__type_support.hpp\n'}
[1.417588] (px4_msgs) StdoutLine: {'line': b'-- Up-to-date: /home/mcfb/ros2_ws/install/px4_msgs/include/px4_msgs/px4_msgs/msg/detail/offboard_control_mode__struct.hpp\n'}
[1.417642] (px4_msgs) StdoutLine: {'line': b'-- Up-to-date: /home/mcfb/ros2_ws/install/px4_msgs/include/px4_msgs/px4_msgs/msg/detail/gripper__builder.hpp\n'}
[1.417687] (px4_msgs) StdoutLine: {'line': b'-- Up-to-date: /home/mcfb/ros2_ws/install/px4_msgs/include/px4_msgs/px4_msgs/msg/detail/vehicle_local_position_setpoint__traits.hpp\n'}
[1.417734] (px4_msgs) StdoutLine: {'line': b'-- Up-to-date: /home/mcfb/ros2_ws/install/px4_msgs/include/px4_msgs/px4_msgs/msg/detail/airspeed_validated__traits.hpp\n'}
[1.417786] (px4_msgs) StdoutLine: {'line': b'-- Up-to-date: /home/mcfb/ros2_ws/install/px4_msgs/include/px4_msgs/px4_msgs/msg/detail/rover_rate_status__builder.hpp\n'}
[1.417855] (px4_msgs) StdoutLine: {'line': b'-- Up-to-date: /home/mcfb/ros2_ws/install/px4_msgs/include/px4_msgs/px4_msgs/msg/detail/ulog_stream_ack__type_support.hpp\n'}
[1.417902] (px4_msgs) StdoutLine: {'line': b'-- Up-to-date: /home/mcfb/ros2_ws/install/px4_msgs/include/px4_msgs/px4_msgs/msg/detail/sensor_hygrometer__builder.hpp\n'}
[1.417946] (px4_msgs) StdoutLine: {'line': b'-- Up-to-date: /home/mcfb/ros2_ws/install/px4_msgs/include/px4_msgs/px4_msgs/msg/detail/landing_gear__builder.hpp\n'}
[1.417992] (px4_msgs) StdoutLine: {'line': b'-- Up-to-date: /home/mcfb/ros2_ws/install/px4_msgs/include/px4_msgs/px4_msgs/msg/detail/sensor_gnss_relative__type_support.hpp\n'}
[1.418037] (px4_msgs) StdoutLine: {'line': b'-- Up-to-date: /home/mcfb/ros2_ws/install/px4_msgs/include/px4_msgs/px4_msgs/msg/detail/can_interface_status__type_support.hpp\n'}
[1.418082] (px4_msgs) StdoutLine: {'line': b'-- Up-to-date: /home/mcfb/ros2_ws/install/px4_msgs/include/px4_msgs/px4_msgs/msg/detail/generator_status__type_support.hpp\n'}
[1.418126] (px4_msgs) StdoutLine: {'line': b'-- Up-to-date: /home/mcfb/ros2_ws/install/px4_msgs/include/px4_msgs/px4_msgs/msg/detail/rate_ctrl_status__builder.hpp\n'}
[1.418170] (px4_msgs) StdoutLine: {'line': b'-- Up-to-date: /home/mcfb/ros2_ws/install/px4_msgs/include/px4_msgs/px4_msgs/msg/detail/vehicle_optical_flow_vel__type_support.hpp\n'}
[1.418214] (px4_msgs) StdoutLine: {'line': b'-- Up-to-date: /home/mcfb/ros2_ws/install/px4_msgs/include/px4_msgs/px4_msgs/msg/detail/figure_eight_status__traits.hpp\n'}
[1.418259] (px4_msgs) StdoutLine: {'line': b'-- Up-to-date: /home/mcfb/ros2_ws/install/px4_msgs/include/px4_msgs/px4_msgs/msg/detail/esc_report__type_support.hpp\n'}
[1.418301] (px4_msgs) StdoutLine: {'line': b'-- Up-to-date: /home/mcfb/ros2_ws/install/px4_msgs/include/px4_msgs/px4_msgs/msg/detail/geofence_status__type_support.hpp\n'}
[1.418345] (px4_msgs) StdoutLine: {'line': b'-- Up-to-date: /home/mcfb/ros2_ws/install/px4_msgs/include/px4_msgs/px4_msgs/msg/detail/landing_gear_wheel__traits.hpp\n'}
[1.418390] (px4_msgs) StdoutLine: {'line': b'-- Up-to-date: /home/mcfb/ros2_ws/install/px4_msgs/include/px4_msgs/px4_msgs/msg/detail/mavlink_log__type_support.hpp\n'}
[1.418443] (px4_msgs) StdoutLine: {'line': b'-- Up-to-date: /home/mcfb/ros2_ws/install/px4_msgs/include/px4_msgs/px4_msgs/msg/detail/vehicle_thrust_setpoint__struct.hpp\n'}
[1.418491] (px4_msgs) StdoutLine: {'line': b'-- Up-to-date: /home/mcfb/ros2_ws/install/px4_msgs/include/px4_msgs/px4_msgs/msg/detail/esc_status__builder.hpp\n'}
[1.418574] (px4_msgs) StdoutLine: {'line': b'-- Up-to-date: /home/mcfb/ros2_ws/install/px4_msgs/include/px4_msgs/px4_msgs/msg/detail/orb_test__type_support.hpp\n'}
[1.418637] (px4_msgs) StdoutLine: {'line': b'-- Up-to-date: /home/mcfb/ros2_ws/install/px4_msgs/include/px4_msgs/px4_msgs/msg/detail/log_message__traits.hpp\n'}
[1.418691] (px4_msgs) StdoutLine: {'line': b'-- Up-to-date: /home/mcfb/ros2_ws/install/px4_msgs/include/px4_msgs/px4_msgs/msg/detail/orb_test__traits.hpp\n'}
[1.418743] (px4_msgs) StdoutLine: {'line': b'-- Up-to-date: /home/mcfb/ros2_ws/install/px4_msgs/include/px4_msgs/px4_msgs/msg/detail/generator_status__builder.hpp\n'}
[1.418816] (px4_msgs) StdoutLine: {'line': b'-- Up-to-date: /home/mcfb/ros2_ws/install/px4_msgs/include/px4_msgs/px4_msgs/msg/detail/gpio_out__builder.hpp\n'}
[1.419009] (px4_msgs) StdoutLine: {'line': b'-- Up-to-date: /home/mcfb/ros2_ws/install/px4_msgs/include/px4_msgs/px4_msgs/msg/detail/button_event__struct.hpp\n'}
[1.419096] (px4_msgs) StdoutLine: {'line': b'-- Up-to-date: /home/mcfb/ros2_ws/install/px4_msgs/include/px4_msgs/px4_msgs/msg/detail/distance_sensor__struct.hpp\n'}
[1.419150] (px4_msgs) StdoutLine: {'line': b'-- Up-to-date: /home/mcfb/ros2_ws/install/px4_msgs/include/px4_msgs/px4_msgs/msg/detail/vehicle_angular_velocity__struct.hpp\n'}
[1.419191] (px4_msgs) StdoutLine: {'line': b'-- Up-to-date: /home/mcfb/ros2_ws/install/px4_msgs/include/px4_msgs/px4_msgs/msg/detail/trajectory_setpoint6dof__traits.hpp\n'}
[1.419229] (px4_msgs) StdoutLine: {'line': b'-- Up-to-date: /home/mcfb/ros2_ws/install/px4_msgs/include/px4_msgs/px4_msgs/msg/detail/launch_detection_status__traits.hpp\n'}
[1.419267] (px4_msgs) StdoutLine: {'line': b'-- Up-to-date: /home/mcfb/ros2_ws/install/px4_msgs/include/px4_msgs/px4_msgs/msg/detail/gpio_out__struct.hpp\n'}
[1.419306] (px4_msgs) StdoutLine: {'line': b'-- Up-to-date: /home/mcfb/ros2_ws/install/px4_msgs/include/px4_msgs/px4_msgs/msg/detail/vehicle_air_data__type_support.hpp\n'}
[1.419342] (px4_msgs) StdoutLine: {'line': b'-- Up-to-date: /home/mcfb/ros2_ws/install/px4_msgs/include/px4_msgs/px4_msgs/msg/detail/ulog_stream_ack__struct.hpp\n'}
[1.419378] (px4_msgs) StdoutLine: {'line': b'-- Up-to-date: /home/mcfb/ros2_ws/install/px4_msgs/include/px4_msgs/px4_msgs/msg/detail/led_control__struct.hpp\n'}
[1.419412] (px4_msgs) StdoutLine: {'line': b'-- Up-to-date: /home/mcfb/ros2_ws/install/px4_msgs/include/px4_msgs/px4_msgs/msg/detail/vehicle_constraints__traits.hpp\n'}
[1.419448] (px4_msgs) StdoutLine: {'line': b'-- Up-to-date: /home/mcfb/ros2_ws/install/px4_msgs/include/px4_msgs/px4_msgs/msg/detail/heater_status__struct.hpp\n'}
[1.419482] (px4_msgs) StdoutLine: {'line': b'-- Up-to-date: /home/mcfb/ros2_ws/install/px4_msgs/include/px4_msgs/px4_msgs/msg/detail/normalized_unsigned_setpoint__builder.hpp\n'}
[1.419518] (px4_msgs) StdoutLine: {'line': b'-- Up-to-date: /home/mcfb/ros2_ws/install/px4_msgs/include/px4_msgs/px4_msgs/msg/detail/ekf2_timestamps__builder.hpp\n'}
[1.419554] (px4_msgs) StdoutLine: {'line': b'-- Up-to-date: /home/mcfb/ros2_ws/install/px4_msgs/include/px4_msgs/px4_msgs/msg/detail/gpio_request__builder.hpp\n'}
[1.419587] (px4_msgs) StdoutLine: {'line': b'-- Up-to-date: /home/mcfb/ros2_ws/install/px4_msgs/include/px4_msgs/px4_msgs/msg/detail/arming_check_request__struct.hpp\n'}
[1.419624] (px4_msgs) StdoutLine: {'line': b'-- Up-to-date: /home/mcfb/ros2_ws/install/px4_msgs/include/px4_msgs/px4_msgs/msg/detail/position_setpoint__traits.hpp\n'}
[1.419657] (px4_msgs) StdoutLine: {'line': b'-- Up-to-date: /home/mcfb/ros2_ws/install/px4_msgs/include/px4_msgs/px4_msgs/msg/detail/manual_control_setpoint__builder.hpp\n'}
[1.419696] (px4_msgs) StdoutLine: {'line': b'-- Up-to-date: /home/mcfb/ros2_ws/install/px4_msgs/include/px4_msgs/px4_msgs/msg/detail/sensor_preflight_mag__struct.hpp\n'}
[1.419732] (px4_msgs) StdoutLine: {'line': b'-- Up-to-date: /home/mcfb/ros2_ws/install/px4_msgs/include/px4_msgs/px4_msgs/msg/detail/geofence_status__struct.hpp\n'}
[1.419768] (px4_msgs) StdoutLine: {'line': b'-- Up-to-date: /home/mcfb/ros2_ws/install/px4_msgs/include/px4_msgs/px4_msgs/msg/detail/estimator_status_flags__traits.hpp\n'}
[1.419808] (px4_msgs) StdoutLine: {'line': b'-- Up-to-date: /home/mcfb/ros2_ws/install/px4_msgs/include/px4_msgs/px4_msgs/msg/detail/debug_array__type_support.hpp\n'}
[1.419851] (px4_msgs) StdoutLine: {'line': b'-- Up-to-date: /home/mcfb/ros2_ws/install/px4_msgs/include/px4_msgs/px4_msgs/msg/detail/gimbal_device_information__struct.hpp\n'}
[1.419891] (px4_msgs) StdoutLine: {'line': b'-- Up-to-date: /home/mcfb/ros2_ws/install/px4_msgs/include/px4_msgs/px4_msgs/msg/detail/debug_array__traits.hpp\n'}
[1.419929] (px4_msgs) StdoutLine: {'line': b'-- Up-to-date: /home/mcfb/ros2_ws/install/px4_msgs/include/px4_msgs/px4_msgs/msg/detail/logger_status__type_support.hpp\n'}
[1.419966] (px4_msgs) StdoutLine: {'line': b'-- Up-to-date: /home/mcfb/ros2_ws/install/px4_msgs/include/px4_msgs/px4_msgs/msg/detail/gripper__type_support.hpp\n'}
[1.420004] (px4_msgs) StdoutLine: {'line': b'-- Up-to-date: /home/mcfb/ros2_ws/install/px4_msgs/include/px4_msgs/px4_msgs/msg/detail/position_controller_landing_status__struct.hpp\n'}
[1.420041] (px4_msgs) StdoutLine: {'line': b'-- Up-to-date: /home/mcfb/ros2_ws/install/px4_msgs/include/px4_msgs/px4_msgs/msg/detail/vehicle_roi__type_support.hpp\n'}
[1.420080] (px4_msgs) StdoutLine: {'line': b'-- Up-to-date: /home/mcfb/ros2_ws/install/px4_msgs/include/px4_msgs/px4_msgs/msg/detail/gimbal_device_attitude_status__struct.hpp\n'}
[1.420118] (px4_msgs) StdoutLine: {'line': b'-- Up-to-date: /home/mcfb/ros2_ws/install/px4_msgs/include/px4_msgs/px4_msgs/msg/detail/estimator_states__builder.hpp\n'}
[1.420156] (px4_msgs) StdoutLine: {'line': b'-- Up-to-date: /home/mcfb/ros2_ws/install/px4_msgs/include/px4_msgs/px4_msgs/msg/detail/vehicle_global_position__type_support.hpp\n'}
[1.420198] (px4_msgs) StdoutLine: {'line': b'-- Up-to-date: /home/mcfb/ros2_ws/install/px4_msgs/include/px4_msgs/px4_msgs/msg/detail/ping__struct.hpp\n'}
[1.420237] (px4_msgs) StdoutLine: {'line': b'-- Up-to-date: /home/mcfb/ros2_ws/install/px4_msgs/include/px4_msgs/px4_msgs/msg/detail/normalized_unsigned_setpoint__traits.hpp\n'}
[1.420276] (px4_msgs) StdoutLine: {'line': b'-- Up-to-date: /home/mcfb/ros2_ws/install/px4_msgs/include/px4_msgs/px4_msgs/msg/detail/debug_key_value__struct.hpp\n'}
[1.420314] (px4_msgs) StdoutLine: {'line': b'-- Up-to-date: /home/mcfb/ros2_ws/install/px4_msgs/include/px4_msgs/px4_msgs/msg/detail/estimator_aid_source1d__type_support.hpp\n'}
[1.420354] (px4_msgs) StdoutLine: {'line': b'-- Up-to-date: /home/mcfb/ros2_ws/install/px4_msgs/include/px4_msgs/px4_msgs/msg/detail/gpio_config__struct.hpp\n'}
[1.420393] (px4_msgs) StdoutLine: {'line': b'-- Up-to-date: /home/mcfb/ros2_ws/install/px4_msgs/include/px4_msgs/px4_msgs/msg/detail/parameter_reset_request__type_support.hpp\n'}
[1.420432] (px4_msgs) StdoutLine: {'line': b'-- Up-to-date: /home/mcfb/ros2_ws/install/px4_msgs/include/px4_msgs/px4_msgs/msg/detail/sensor_gps__struct.hpp\n'}
[1.420470] (px4_msgs) StdoutLine: {'line': b'-- Up-to-date: /home/mcfb/ros2_ws/install/px4_msgs/include/px4_msgs/px4_msgs/msg/detail/fixed_wing_runway_control__struct.hpp\n'}
[1.420509] (px4_msgs) StdoutLine: {'line': b'-- Up-to-date: /home/mcfb/ros2_ws/install/px4_msgs/include/px4_msgs/px4_msgs/msg/detail/vehicle_angular_acceleration_setpoint__type_support.hpp\n'}
[1.420547] (px4_msgs) StdoutLine: {'line': b'-- Up-to-date: /home/mcfb/ros2_ws/install/px4_msgs/include/px4_msgs/px4_msgs/msg/detail/sensor_mag__struct.hpp\n'}
[1.420584] (px4_msgs) StdoutLine: {'line': b'-- Up-to-date: /home/mcfb/ros2_ws/install/px4_msgs/include/px4_msgs/px4_msgs/msg/detail/fixed_wing_lateral_guidance_status__traits.hpp\n'}
[1.420664] (px4_msgs) StdoutLine: {'line': b'-- Up-to-date: /home/mcfb/ros2_ws/install/px4_msgs/include/px4_msgs/px4_msgs/msg/detail/camera_status__traits.hpp\n'}
[1.420699] (px4_msgs) StdoutLine: {'line': b'-- Up-to-date: /home/mcfb/ros2_ws/install/px4_msgs/include/px4_msgs/px4_msgs/msg/detail/camera_trigger__builder.hpp\n'}
[1.420734] (px4_msgs) StdoutLine: {'line': b'-- Up-to-date: /home/mcfb/ros2_ws/install/px4_msgs/include/px4_msgs/px4_msgs/msg/detail/vehicle_control_mode__struct.hpp\n'}
[1.420769] (px4_msgs) StdoutLine: {'line': b'-- Up-to-date: /home/mcfb/ros2_ws/install/px4_msgs/include/px4_msgs/px4_msgs/msg/detail/vehicle_local_position_setpoint__type_support.hpp\n'}
[1.420805] (px4_msgs) StdoutLine: {'line': b'-- Up-to-date: /home/mcfb/ros2_ws/install/px4_msgs/include/px4_msgs/px4_msgs/msg/detail/vehicle_acceleration__builder.hpp\n'}
[1.420840] (px4_msgs) StdoutLine: {'line': b'-- Up-to-date: /home/mcfb/ros2_ws/install/px4_msgs/include/px4_msgs/px4_msgs/msg/detail/vehicle_odometry__type_support.hpp\n'}
[1.420885] (px4_msgs) StdoutLine: {'line': b'-- Up-to-date: /home/mcfb/ros2_ws/install/px4_msgs/include/px4_msgs/px4_msgs/msg/detail/rover_steering_setpoint__traits.hpp\n'}
[1.420923] (px4_msgs) StdoutLine: {'line': b'-- Up-to-date: /home/mcfb/ros2_ws/install/px4_msgs/include/px4_msgs/px4_msgs/msg/detail/distance_sensor__type_support.hpp\n'}
[1.420960] (px4_msgs) StdoutLine: {'line': b'-- Up-to-date: /home/mcfb/ros2_ws/install/px4_msgs/include/px4_msgs/px4_msgs/msg/detail/landing_gear_wheel__builder.hpp\n'}
[1.421000] (px4_msgs) StdoutLine: {'line': b'-- Up-to-date: /home/mcfb/ros2_ws/install/px4_msgs/include/px4_msgs/px4_msgs/msg/detail/sensor_gyro_fifo__builder.hpp\n'}
[1.421039] (px4_msgs) StdoutLine: {'line': b'-- Up-to-date: /home/mcfb/ros2_ws/install/px4_msgs/include/px4_msgs/px4_msgs/msg/detail/follow_target_status__struct.hpp\n'}
[1.421078] (px4_msgs) StdoutLine: {'line': b'-- Up-to-date: /home/mcfb/ros2_ws/install/px4_msgs/include/px4_msgs/px4_msgs/msg/detail/heater_status__builder.hpp\n'}
[1.421162] (px4_msgs) StdoutLine: {'line': b'-- Up-to-date: /home/mcfb/ros2_ws/install/px4_msgs/include/px4_msgs/px4_msgs/msg/detail/power_button_state__traits.hpp\n'}
[1.421203] (px4_msgs) StdoutLine: {'line': b'-- Up-to-date: /home/mcfb/ros2_ws/install/px4_msgs/include/px4_msgs/px4_msgs/msg/detail/rover_speed_status__struct.hpp\n'}
[1.421241] (px4_msgs) StdoutLine: {'line': b'-- Up-to-date: /home/mcfb/ros2_ws/install/px4_msgs/include/px4_msgs/px4_msgs/msg/detail/vehicle_local_position_setpoint__struct.hpp\n'}
[1.421314] (px4_msgs) StdoutLine: {'line': b'-- Up-to-date: /home/mcfb/ros2_ws/install/px4_msgs/include/px4_msgs/px4_msgs/msg/detail/gpio_in__builder.hpp\n'}
[1.421352] (px4_msgs) StdoutLine: {'line': b'-- Up-to-date: /home/mcfb/ros2_ws/install/px4_msgs/include/px4_msgs/px4_msgs/msg/detail/control_allocator_status__type_support.hpp\n'}
[1.421390] (px4_msgs) StdoutLine: {'line': b'-- Up-to-date: /home/mcfb/ros2_ws/install/px4_msgs/include/px4_msgs/px4_msgs/msg/detail/position_controller_landing_status__type_support.hpp\n'}
[1.421427] (px4_msgs) StdoutLine: {'line': b'-- Up-to-date: /home/mcfb/ros2_ws/install/px4_msgs/include/px4_msgs/px4_msgs/msg/detail/position_controller_landing_status__builder.hpp\n'}
[1.421463] (px4_msgs) StdoutLine: {'line': b'-- Up-to-date: /home/mcfb/ros2_ws/install/px4_msgs/include/px4_msgs/px4_msgs/msg/detail/hover_thrust_estimate__traits.hpp\n'}
[1.421500] (px4_msgs) StdoutLine: {'line': b'-- Up-to-date: /home/mcfb/ros2_ws/install/px4_msgs/include/px4_msgs/px4_msgs/msg/detail/system_power__type_support.hpp\n'}
[1.421539] (px4_msgs) StdoutLine: {'line': b'-- Up-to-date: /home/mcfb/ros2_ws/install/px4_msgs/include/px4_msgs/px4_msgs/msg/detail/estimator_sensor_bias__traits.hpp\n'}
[1.421584] (px4_msgs) StdoutLine: {'line': b'-- Up-to-date: /home/mcfb/ros2_ws/install/px4_msgs/include/px4_msgs/px4_msgs/msg/detail/distance_sensor_mode_change_request__struct.hpp\n'}
[1.421659] (px4_msgs) StdoutLine: {'line': b'-- Up-to-date: /home/mcfb/ros2_ws/install/px4_msgs/include/px4_msgs/px4_msgs/msg/detail/failure_detector_status__builder.hpp\n'}
[1.421701] (px4_msgs) StdoutLine: {'line': b'-- Up-to-date: /home/mcfb/ros2_ws/install/px4_msgs/include/px4_msgs/px4_msgs/msg/detail/sensor_combined__builder.hpp\n'}
[1.421740] (px4_msgs) StdoutLine: {'line': b'-- Up-to-date: /home/mcfb/ros2_ws/install/px4_msgs/include/px4_msgs/px4_msgs/msg/detail/rover_attitude_status__struct.hpp\n'}
[1.421778] (px4_msgs) StdoutLine: {'line': b'-- Up-to-date: /home/mcfb/ros2_ws/install/px4_msgs/include/px4_msgs/px4_msgs/msg/detail/cellular_status__type_support.hpp\n'}
[1.421815] (px4_msgs) StdoutLine: {'line': b'-- Up-to-date: /home/mcfb/ros2_ws/install/px4_msgs/include/px4_msgs/px4_msgs/msg/detail/mavlink_log__builder.hpp\n'}
[1.421864] (px4_msgs) StdoutLine: {'line': b'-- Up-to-date: /home/mcfb/ros2_ws/install/px4_msgs/include/px4_msgs/px4_msgs/msg/detail/gimbal_manager_information__traits.hpp\n'}
[1.421906] (px4_msgs) StdoutLine: {'line': b'-- Up-to-date: /home/mcfb/ros2_ws/install/px4_msgs/include/px4_msgs/px4_msgs/msg/detail/sensor_selection__traits.hpp\n'}
[1.421947] (px4_msgs) StdoutLine: {'line': b'-- Up-to-date: /home/mcfb/ros2_ws/install/px4_msgs/include/px4_msgs/px4_msgs/msg/detail/vehicle_attitude__struct.hpp\n'}
[1.421985] (px4_msgs) StdoutLine: {'line': b'-- Up-to-date: /home/mcfb/ros2_ws/install/px4_msgs/include/px4_msgs/px4_msgs/msg/detail/vehicle_command_ack__struct.hpp\n'}
[1.422025] (px4_msgs) StdoutLine: {'line': b'-- Up-to-date: /home/mcfb/ros2_ws/install/px4_msgs/include/px4_msgs/px4_msgs/msg/detail/vehicle_optical_flow_vel__traits.hpp\n'}
[1.422075] (px4_msgs) StdoutLine: {'line': b'-- Up-to-date: /home/mcfb/ros2_ws/install/px4_msgs/include/px4_msgs/px4_msgs/msg/detail/register_ext_component_reply__builder.hpp\n'}
[1.422151] (px4_msgs) StdoutLine: {'line': b'-- Up-to-date: /home/mcfb/ros2_ws/install/px4_msgs/include/px4_msgs/px4_msgs/msg/detail/actuator_armed__builder.hpp\n'}
[1.422191] (px4_msgs) StdoutLine: {'line': b'-- Up-to-date: /home/mcfb/ros2_ws/install/px4_msgs/include/px4_msgs/px4_msgs/msg/detail/position_setpoint__type_support.hpp\n'}
[1.422231] (px4_msgs) StdoutLine: {'line': b'-- Up-to-date: /home/mcfb/ros2_ws/install/px4_msgs/include/px4_msgs/px4_msgs/msg/detail/actuator_armed__traits.hpp\n'}
[1.422272] (px4_msgs) StdoutLine: {'line': b'-- Up-to-date: /home/mcfb/ros2_ws/install/px4_msgs/include/px4_msgs/px4_msgs/msg/detail/mount_orientation__traits.hpp\n'}
[1.422314] (px4_msgs) StdoutLine: {'line': b'-- Up-to-date: /home/mcfb/ros2_ws/install/px4_msgs/include/px4_msgs/px4_msgs/msg/detail/orb_test_large__traits.hpp\n'}
[1.422391] (px4_msgs) StdoutLine: {'line': b'-- Up-to-date: /home/mcfb/ros2_ws/install/px4_msgs/include/px4_msgs/px4_msgs/msg/detail/battery_info__traits.hpp\n'}
[1.422430] (px4_msgs) StdoutLine: {'line': b'-- Up-to-date: /home/mcfb/ros2_ws/install/px4_msgs/include/px4_msgs/px4_msgs/msg/detail/irlock_report__builder.hpp\n'}
[1.422471] (px4_msgs) StdoutLine: {'line': b'-- Up-to-date: /home/mcfb/ros2_ws/install/px4_msgs/include/px4_msgs/px4_msgs/msg/detail/flight_phase_estimation__builder.hpp\n'}
[1.422513] (px4_msgs) StdoutLine: {'line': b'-- Up-to-date: /home/mcfb/ros2_ws/install/px4_msgs/include/px4_msgs/px4_msgs/msg/detail/position_setpoint_triplet__struct.hpp\n'}
[1.422552] (px4_msgs) StdoutLine: {'line': b'-- Up-to-date: /home/mcfb/ros2_ws/install/px4_msgs/include/px4_msgs/px4_msgs/msg/detail/open_drone_id_system__struct.hpp\n'}
[1.422601] (px4_msgs) StdoutLine: {'line': b'-- Up-to-date: /home/mcfb/ros2_ws/install/px4_msgs/include/px4_msgs/px4_msgs/msg/detail/sensor_gyro_fft__traits.hpp\n'}
[1.422651] (px4_msgs) StdoutLine: {'line': b'-- Up-to-date: /home/mcfb/ros2_ws/install/px4_msgs/include/px4_msgs/px4_msgs/msg/detail/airspeed_validated__type_support.hpp\n'}
[1.422694] (px4_msgs) StdoutLine: {'line': b'-- Up-to-date: /home/mcfb/ros2_ws/install/px4_msgs/include/px4_msgs/px4_msgs/msg/detail/estimator_aid_source3d__builder.hpp\n'}
[1.422738] (px4_msgs) StdoutLine: {'line': b'-- Up-to-date: /home/mcfb/ros2_ws/install/px4_msgs/include/px4_msgs/px4_msgs/msg/detail/log_message__builder.hpp\n'}
[1.422811] (px4_msgs) StdoutLine: {'line': b'-- Up-to-date: /home/mcfb/ros2_ws/install/px4_msgs/include/px4_msgs/px4_msgs/msg/detail/launch_detection_status__type_support.hpp\n'}
[1.422863] (px4_msgs) StdoutLine: {'line': b'-- Up-to-date: /home/mcfb/ros2_ws/install/px4_msgs/include/px4_msgs/px4_msgs/msg/detail/fixed_wing_longitudinal_setpoint__builder.hpp\n'}
[1.422900] (px4_msgs) StdoutLine: {'line': b'-- Up-to-date: /home/mcfb/ros2_ws/install/px4_msgs/include/px4_msgs/px4_msgs/msg/detail/figure_eight_status__struct.hpp\n'}
[1.422989] (px4_msgs) StdoutLine: {'line': b'-- Up-to-date: /home/mcfb/ros2_ws/install/px4_msgs/include/px4_msgs/px4_msgs/msg/detail/estimator_event_flags__traits.hpp\n'}
[1.423078] (px4_msgs) StdoutLine: {'line': b'-- Up-to-date: /home/mcfb/ros2_ws/install/px4_msgs/include/px4_msgs/px4_msgs/msg/detail/orb_test_medium__type_support.hpp\n'}
[1.423121] (px4_msgs) StdoutLine: {'line': b'-- Up-to-date: /home/mcfb/ros2_ws/install/px4_msgs/include/px4_msgs/px4_msgs/msg/detail/sensors_status__struct.hpp\n'}
[1.423161] (px4_msgs) StdoutLine: {'line': b'-- Up-to-date: /home/mcfb/ros2_ws/install/px4_msgs/include/px4_msgs/px4_msgs/msg/detail/sensor_gyro_fifo__struct.hpp\n'}
[1.423208] (px4_msgs) StdoutLine: {'line': b'-- Up-to-date: /home/mcfb/ros2_ws/install/px4_msgs/include/px4_msgs/px4_msgs/msg/detail/estimator_bias3d__traits.hpp\n'}
[1.423251] (px4_msgs) StdoutLine: {'line': b'-- Up-to-date: /home/mcfb/ros2_ws/install/px4_msgs/include/px4_msgs/px4_msgs/msg/detail/landing_target_innovations__type_support.hpp\n'}
[1.423289] (px4_msgs) StdoutLine: {'line': b'-- Up-to-date: /home/mcfb/ros2_ws/install/px4_msgs/include/px4_msgs/px4_msgs/msg/detail/differential_pressure__struct.hpp\n'}
[1.423327] (px4_msgs) StdoutLine: {'line': b'-- Up-to-date: /home/mcfb/ros2_ws/install/px4_msgs/include/px4_msgs/px4_msgs/msg/detail/gimbal_device_attitude_status__traits.hpp\n'}
[1.423366] (px4_msgs) StdoutLine: {'line': b'-- Up-to-date: /home/mcfb/ros2_ws/install/px4_msgs/include/px4_msgs/px4_msgs/msg/detail/vehicle_status__builder.hpp\n'}
[1.423426] (px4_msgs) StdoutLine: {'line': b'-- Up-to-date: /home/mcfb/ros2_ws/install/px4_msgs/include/px4_msgs/px4_msgs/msg/detail/arming_check_reply__type_support.hpp\n'}
[1.423464] (px4_msgs) StdoutLine: {'line': b'-- Up-to-date: /home/mcfb/ros2_ws/install/px4_msgs/include/px4_msgs/px4_msgs/msg/detail/dataman_request__struct.hpp\n'}
[1.423500] (px4_msgs) StdoutLine: {'line': b'-- Up-to-date: /home/mcfb/ros2_ws/install/px4_msgs/include/px4_msgs/px4_msgs/msg/detail/rc_parameter_map__traits.hpp\n'}
[1.423536] (px4_msgs) StdoutLine: {'line': b'-- Up-to-date: /home/mcfb/ros2_ws/install/px4_msgs/include/px4_msgs/px4_msgs/msg/detail/landing_gear__type_support.hpp\n'}
[1.423572] (px4_msgs) StdoutLine: {'line': b'-- Up-to-date: /home/mcfb/ros2_ws/install/px4_msgs/include/px4_msgs/px4_msgs/msg/detail/follow_target__struct.hpp\n'}
[1.423609] (px4_msgs) StdoutLine: {'line': b'-- Up-to-date: /home/mcfb/ros2_ws/install/px4_msgs/include/px4_msgs/px4_msgs/msg/detail/parameter_update__traits.hpp\n'}
[1.423646] (px4_msgs) StdoutLine: {'line': b'-- Up-to-date: /home/mcfb/ros2_ws/install/px4_msgs/include/px4_msgs/px4_msgs/msg/detail/actuator_armed__type_support.hpp\n'}
[1.423699] (px4_msgs) StdoutLine: {'line': b'-- Up-to-date: /home/mcfb/ros2_ws/install/px4_msgs/include/px4_msgs/px4_msgs/msg/detail/actuator_armed__struct.hpp\n'}
[1.423735] (px4_msgs) StdoutLine: {'line': b'-- Up-to-date: /home/mcfb/ros2_ws/install/px4_msgs/include/px4_msgs/px4_msgs/msg/detail/home_position__struct.hpp\n'}
[1.423768] (px4_msgs) StdoutLine: {'line': b'-- Up-to-date: /home/mcfb/ros2_ws/install/px4_msgs/include/px4_msgs/px4_msgs/msg/detail/health_report__traits.hpp\n'}
[1.423802] (px4_msgs) StdoutLine: {'line': b'-- Up-to-date: /home/mcfb/ros2_ws/install/px4_msgs/include/px4_msgs/px4_msgs/msg/detail/vehicle_local_position__struct.hpp\n'}
[1.423836] (px4_msgs) StdoutLine: {'line': b'-- Up-to-date: /home/mcfb/ros2_ws/install/px4_msgs/include/px4_msgs/px4_msgs/msg/detail/gimbal_controls__type_support.hpp\n'}
[1.423883] (px4_msgs) StdoutLine: {'line': b'-- Up-to-date: /home/mcfb/ros2_ws/install/px4_msgs/include/px4_msgs/px4_msgs/msg/detail/orbit_status__builder.hpp\n'}
[1.423920] (px4_msgs) StdoutLine: {'line': b'-- Up-to-date: /home/mcfb/ros2_ws/install/px4_msgs/include/px4_msgs/px4_msgs/msg/detail/vehicle_attitude_setpoint__type_support.hpp\n'}
[1.423959] (px4_msgs) StdoutLine: {'line': b'-- Up-to-date: /home/mcfb/ros2_ws/install/px4_msgs/include/px4_msgs/px4_msgs/msg/detail/rover_steering_setpoint__struct.hpp\n'}
[1.423998] (px4_msgs) StdoutLine: {'line': b'-- Up-to-date: /home/mcfb/ros2_ws/install/px4_msgs/include/px4_msgs/px4_msgs/msg/detail/failure_detector_status__type_support.hpp\n'}
[1.424037] (px4_msgs) StdoutLine: {'line': b'-- Up-to-date: /home/mcfb/ros2_ws/install/px4_msgs/include/px4_msgs/px4_msgs/msg/detail/gripper__struct.hpp\n'}
[1.424073] (px4_msgs) StdoutLine: {'line': b'-- Up-to-date: /home/mcfb/ros2_ws/install/px4_msgs/include/px4_msgs/px4_msgs/msg/detail/vehicle_local_position__traits.hpp\n'}
[1.424113] (px4_msgs) StdoutLine: {'line': b'-- Up-to-date: /home/mcfb/ros2_ws/install/px4_msgs/include/px4_msgs/px4_msgs/msg/detail/can_interface_status__struct.hpp\n'}
[1.424150] (px4_msgs) StdoutLine: {'line': b'-- Up-to-date: /home/mcfb/ros2_ws/install/px4_msgs/include/px4_msgs/px4_msgs/msg/detail/gpio_in__struct.hpp\n'}
[1.424188] (px4_msgs) StdoutLine: {'line': b'-- Up-to-date: /home/mcfb/ros2_ws/install/px4_msgs/include/px4_msgs/px4_msgs/msg/detail/gpio_config__traits.hpp\n'}
[1.424225] (px4_msgs) StdoutLine: {'line': b'-- Up-to-date: /home/mcfb/ros2_ws/install/px4_msgs/include/px4_msgs/px4_msgs/msg/detail/vehicle_attitude_setpoint__struct.hpp\n'}
[1.424263] (px4_msgs) StdoutLine: {'line': b'-- Up-to-date: /home/mcfb/ros2_ws/install/px4_msgs/include/px4_msgs/px4_msgs/msg/detail/mavlink_log__struct.hpp\n'}
[1.424300] (px4_msgs) StdoutLine: {'line': b'-- Up-to-date: /home/mcfb/ros2_ws/install/px4_msgs/include/px4_msgs/px4_msgs/msg/detail/vehicle_constraints__type_support.hpp\n'}
[1.424337] (px4_msgs) StdoutLine: {'line': b'-- Up-to-date: /home/mcfb/ros2_ws/install/px4_msgs/include/px4_msgs/px4_msgs/msg/detail/navigator_mission_item__type_support.hpp\n'}
[1.424374] (px4_msgs) StdoutLine: {'line': b'-- Up-to-date: /home/mcfb/ros2_ws/install/px4_msgs/include/px4_msgs/px4_msgs/msg/detail/yaw_estimator_status__traits.hpp\n'}
[1.424411] (px4_msgs) StdoutLine: {'line': b'-- Up-to-date: /home/mcfb/ros2_ws/install/px4_msgs/include/px4_msgs/px4_msgs/msg/detail/parameter_reset_request__builder.hpp\n'}
[1.424471] (px4_msgs) StdoutLine: {'line': b'-- Up-to-date: /home/mcfb/ros2_ws/install/px4_msgs/include/px4_msgs/px4_msgs/msg/detail/uavcan_parameter_request__traits.hpp\n'}
[1.424506] (px4_msgs) StdoutLine: {'line': b'-- Up-to-date: /home/mcfb/ros2_ws/install/px4_msgs/include/px4_msgs/px4_msgs/msg/detail/airspeed__traits.hpp\n'}
[1.424540] (px4_msgs) StdoutLine: {'line': b'-- Up-to-date: /home/mcfb/ros2_ws/install/px4_msgs/include/px4_msgs/px4_msgs/msg/detail/parameter_set_value_response__builder.hpp\n'}
[1.424579] (px4_msgs) StdoutLine: {'line': b'-- Up-to-date: /home/mcfb/ros2_ws/install/px4_msgs/include/px4_msgs/px4_msgs/msg/detail/button_event__type_support.hpp\n'}
[1.424615] (px4_msgs) StdoutLine: {'line': b'-- Up-to-date: /home/mcfb/ros2_ws/install/px4_msgs/include/px4_msgs/px4_msgs/msg/detail/sensor_baro__type_support.hpp\n'}
[1.424649] (px4_msgs) StdoutLine: {'line': b'-- Up-to-date: /home/mcfb/ros2_ws/install/px4_msgs/include/px4_msgs/px4_msgs/msg/detail/open_drone_id_operator_id__struct.hpp\n'}
[1.424698] (px4_msgs) StdoutLine: {'line': b'-- Up-to-date: /home/mcfb/ros2_ws/install/px4_msgs/include/px4_msgs/px4_msgs/msg/detail/rc_channels__type_support.hpp\n'}
[1.424734] (px4_msgs) StdoutLine: {'line': b'-- Up-to-date: /home/mcfb/ros2_ws/install/px4_msgs/include/px4_msgs/px4_msgs/msg/detail/open_drone_id_arm_status__builder.hpp\n'}
[1.424769] (px4_msgs) StdoutLine: {'line': b'-- Up-to-date: /home/mcfb/ros2_ws/install/px4_msgs/include/px4_msgs/px4_msgs/msg/detail/message_format_request__struct.hpp\n'}
[1.424806] (px4_msgs) StdoutLine: {'line': b'-- Up-to-date: /home/mcfb/ros2_ws/install/px4_msgs/include/px4_msgs/px4_msgs/msg/detail/vehicle_odometry__builder.hpp\n'}
[1.424840] (px4_msgs) StdoutLine: {'line': b'-- Up-to-date: /home/mcfb/ros2_ws/install/px4_msgs/include/px4_msgs/px4_msgs/msg/detail/qshell_retval__struct.hpp\n'}
[1.424878] (px4_msgs) StdoutLine: {'line': b'-- Up-to-date: /home/mcfb/ros2_ws/install/px4_msgs/include/px4_msgs/px4_msgs/msg/detail/gps_dump__builder.hpp\n'}
[1.424913] (px4_msgs) StdoutLine: {'line': b'-- Up-to-date: /home/mcfb/ros2_ws/install/px4_msgs/include/px4_msgs/px4_msgs/msg/detail/arming_check_reply__struct.hpp\n'}
[1.424946] (px4_msgs) StdoutLine: {'line': b'-- Up-to-date: /home/mcfb/ros2_ws/install/px4_msgs/include/px4_msgs/px4_msgs/msg/detail/vehicle_optical_flow__traits.hpp\n'}
[1.424982] (px4_msgs) StdoutLine: {'line': b'-- Up-to-date: /home/mcfb/ros2_ws/install/px4_msgs/include/px4_msgs/px4_msgs/msg/detail/trajectory_setpoint6dof__type_support.hpp\n'}
[1.425016] (px4_msgs) StdoutLine: {'line': b'-- Up-to-date: /home/mcfb/ros2_ws/install/px4_msgs/include/px4_msgs/px4_msgs/msg/detail/tecs_status__traits.hpp\n'}
[1.425051] (px4_msgs) StdoutLine: {'line': b'-- Up-to-date: /home/mcfb/ros2_ws/install/px4_msgs/include/px4_msgs/px4_msgs/msg/detail/sensor_gnss_status__builder.hpp\n'}
[1.425085] (px4_msgs) StdoutLine: {'line': b'-- Up-to-date: /home/mcfb/ros2_ws/install/px4_msgs/include/px4_msgs/px4_msgs/msg/detail/mavlink_tunnel__builder.hpp\n'}
[1.425124] (px4_msgs) StdoutLine: {'line': b'-- Up-to-date: /home/mcfb/ros2_ws/install/px4_msgs/include/px4_msgs/px4_msgs/msg/detail/pure_pursuit_status__traits.hpp\n'}
[1.425164] (px4_msgs) StdoutLine: {'line': b'-- Up-to-date: /home/mcfb/ros2_ws/install/px4_msgs/include/px4_msgs/px4_msgs/msg/detail/rover_attitude_status__builder.hpp\n'}
[1.425202] (px4_msgs) StdoutLine: {'line': b'-- Up-to-date: /home/mcfb/ros2_ws/install/px4_msgs/include/px4_msgs/px4_msgs/msg/detail/gripper__traits.hpp\n'}
[1.425238] (px4_msgs) StdoutLine: {'line': b'-- Up-to-date: /home/mcfb/ros2_ws/install/px4_msgs/include/px4_msgs/px4_msgs/msg/detail/gps_dump__traits.hpp\n'}
[1.425277] (px4_msgs) StdoutLine: {'line': b'-- Up-to-date: /home/mcfb/ros2_ws/install/px4_msgs/include/px4_msgs/px4_msgs/msg/detail/rtl_status__type_support.hpp\n'}
[1.425312] (px4_msgs) StdoutLine: {'line': b'-- Up-to-date: /home/mcfb/ros2_ws/install/px4_msgs/include/px4_msgs/px4_msgs/msg/detail/position_setpoint_triplet__type_support.hpp\n'}
[1.425351] (px4_msgs) StdoutLine: {'line': b'-- Up-to-date: /home/mcfb/ros2_ws/install/px4_msgs/include/px4_msgs/px4_msgs/msg/detail/actuator_outputs__struct.hpp\n'}
[1.425390] (px4_msgs) StdoutLine: {'line': b'-- Up-to-date: /home/mcfb/ros2_ws/install/px4_msgs/include/px4_msgs/px4_msgs/msg/detail/rate_ctrl_status__traits.hpp\n'}
[1.425426] (px4_msgs) StdoutLine: {'line': b'-- Up-to-date: /home/mcfb/ros2_ws/install/px4_msgs/include/px4_msgs/px4_msgs/msg/detail/message_format_response__builder.hpp\n'}
[1.425463] (px4_msgs) StdoutLine: {'line': b'-- Up-to-date: /home/mcfb/ros2_ws/install/px4_msgs/include/px4_msgs/px4_msgs/msg/detail/rover_speed_setpoint__type_support.hpp\n'}
[1.425500] (px4_msgs) StdoutLine: {'line': b'-- Up-to-date: /home/mcfb/ros2_ws/install/px4_msgs/include/px4_msgs/px4_msgs/msg/detail/gimbal_manager_status__type_support.hpp\n'}
[1.425536] (px4_msgs) StdoutLine: {'line': b'-- Up-to-date: /home/mcfb/ros2_ws/install/px4_msgs/include/px4_msgs/px4_msgs/msg/detail/gimbal_manager_information__builder.hpp\n'}
[1.425600] (px4_msgs) StdoutLine: {'line': b'-- Up-to-date: /home/mcfb/ros2_ws/install/px4_msgs/include/px4_msgs/px4_msgs/msg/detail/cellular_status__traits.hpp\n'}
[1.425635] (px4_msgs) StdoutLine: {'line': b'-- Up-to-date: /home/mcfb/ros2_ws/install/px4_msgs/include/px4_msgs/px4_msgs/msg/detail/orb_test_medium__struct.hpp\n'}
[1.425675] (px4_msgs) StdoutLine: {'line': b'-- Up-to-date: /home/mcfb/ros2_ws/install/px4_msgs/include/px4_msgs/px4_msgs/msg/detail/trajectory_setpoint6dof__builder.hpp\n'}
[1.425722] (px4_msgs) StdoutLine: {'line': b'-- Up-to-date: /home/mcfb/ros2_ws/install/px4_msgs/include/px4_msgs/px4_msgs/msg/detail/gimbal_controls__traits.hpp\n'}
[1.425758] (px4_msgs) StdoutLine: {'line': b'-- Up-to-date: /home/mcfb/ros2_ws/install/px4_msgs/include/px4_msgs/px4_msgs/msg/detail/geofence_status__traits.hpp\n'}
[1.425791] (px4_msgs) StdoutLine: {'line': b'-- Up-to-date: /home/mcfb/ros2_ws/install/px4_msgs/include/px4_msgs/px4_msgs/msg/detail/radio_status__builder.hpp\n'}
[1.425827] (px4_msgs) StdoutLine: {'line': b'-- Up-to-date: /home/mcfb/ros2_ws/install/px4_msgs/include/px4_msgs/px4_msgs/msg/detail/rate_ctrl_status__struct.hpp\n'}
[1.425870] (px4_msgs) StdoutLine: {'line': b'-- Up-to-date: /home/mcfb/ros2_ws/install/px4_msgs/include/px4_msgs/px4_msgs/msg/detail/led_control__builder.hpp\n'}
[1.425905] (px4_msgs) StdoutLine: {'line': b'-- Up-to-date: /home/mcfb/ros2_ws/install/px4_msgs/include/px4_msgs/px4_msgs/msg/detail/rtl_status__struct.hpp\n'}
[1.425940] (px4_msgs) StdoutLine: {'line': b'-- Up-to-date: /home/mcfb/ros2_ws/install/px4_msgs/include/px4_msgs/px4_msgs/msg/detail/debug_key_value__type_support.hpp\n'}
[1.425975] (px4_msgs) StdoutLine: {'line': b'-- Up-to-date: /home/mcfb/ros2_ws/install/px4_msgs/include/px4_msgs/px4_msgs/msg/detail/can_interface_status__traits.hpp\n'}
[1.426010] (px4_msgs) StdoutLine: {'line': b'-- Up-to-date: /home/mcfb/ros2_ws/install/px4_msgs/include/px4_msgs/px4_msgs/msg/detail/estimator_gps_status__struct.hpp\n'}
[1.426044] (px4_msgs) StdoutLine: {'line': b'-- Up-to-date: /home/mcfb/ros2_ws/install/px4_msgs/include/px4_msgs/px4_msgs/msg/detail/health_report__builder.hpp\n'}
[1.426083] (px4_msgs) StdoutLine: {'line': b'-- Up-to-date: /home/mcfb/ros2_ws/install/px4_msgs/include/px4_msgs/px4_msgs/msg/detail/ekf2_timestamps__type_support.hpp\n'}
[1.426121] (px4_msgs) StdoutLine: {'line': b'-- Up-to-date: /home/mcfb/ros2_ws/install/px4_msgs/include/px4_msgs/px4_msgs/msg/detail/estimator_status__type_support.hpp\n'}
[1.426158] (px4_msgs) StdoutLine: {'line': b'-- Up-to-date: /home/mcfb/ros2_ws/install/px4_msgs/include/px4_msgs/px4_msgs/msg/detail/gimbal_manager_set_attitude__traits.hpp\n'}
[1.426197] (px4_msgs) StdoutLine: {'line': b'-- Up-to-date: /home/mcfb/ros2_ws/install/px4_msgs/include/px4_msgs/px4_msgs/msg/detail/trajectory_setpoint6dof__struct.hpp\n'}
[1.426235] (px4_msgs) StdoutLine: {'line': b'-- Up-to-date: /home/mcfb/ros2_ws/install/px4_msgs/include/px4_msgs/px4_msgs/msg/detail/rate_ctrl_status__type_support.hpp\n'}
[1.426272] (px4_msgs) StdoutLine: {'line': b'-- Up-to-date: /home/mcfb/ros2_ws/install/px4_msgs/include/px4_msgs/px4_msgs/msg/detail/estimator_status__struct.hpp\n'}
[1.426309] (px4_msgs) StdoutLine: {'line': b'-- Up-to-date: /home/mcfb/ros2_ws/install/px4_msgs/include/px4_msgs/px4_msgs/msg/detail/navigator_status__struct.hpp\n'}
[1.426347] (px4_msgs) StdoutLine: {'line': b'-- Up-to-date: /home/mcfb/ros2_ws/install/px4_msgs/include/px4_msgs/px4_msgs/msg/detail/open_drone_id_self_id__builder.hpp\n'}
[1.426386] (px4_msgs) StdoutLine: {'line': b'-- Up-to-date: /home/mcfb/ros2_ws/install/px4_msgs/include/px4_msgs/px4_msgs/msg/detail/parameter_update__type_support.hpp\n'}
[1.426424] (px4_msgs) StdoutLine: {'line': b'-- Up-to-date: /home/mcfb/ros2_ws/install/px4_msgs/include/px4_msgs/px4_msgs/msg/detail/trajectory_setpoint__type_support.hpp\n'}
[1.426461] (px4_msgs) StdoutLine: {'line': b'-- Up-to-date: /home/mcfb/ros2_ws/install/px4_msgs/include/px4_msgs/px4_msgs/msg/detail/power_monitor__type_support.hpp\n'}
[1.426500] (px4_msgs) StdoutLine: {'line': b'-- Up-to-date: /home/mcfb/ros2_ws/install/px4_msgs/include/px4_msgs/px4_msgs/msg/detail/estimator_aid_source3d__struct.hpp\n'}
[1.426538] (px4_msgs) StdoutLine: {'line': b'-- Up-to-date: /home/mcfb/ros2_ws/install/px4_msgs/include/px4_msgs/px4_msgs/msg/detail/estimator_bias3d__builder.hpp\n'}
[1.426581] (px4_msgs) StdoutLine: {'line': b'-- Up-to-date: /home/mcfb/ros2_ws/install/px4_msgs/include/px4_msgs/px4_msgs/msg/detail/mount_orientation__builder.hpp\n'}
[1.426641] (px4_msgs) StdoutLine: {'line': b'-- Up-to-date: /home/mcfb/ros2_ws/install/px4_msgs/include/px4_msgs/px4_msgs/msg/detail/offboard_control_mode__traits.hpp\n'}
[1.426724] (px4_msgs) StdoutLine: {'line': b'-- Up-to-date: /home/mcfb/ros2_ws/install/px4_msgs/include/px4_msgs/px4_msgs/msg/detail/gimbal_device_information__traits.hpp\n'}
[1.426777] (px4_msgs) StdoutLine: {'line': b'-- Up-to-date: /home/mcfb/ros2_ws/install/px4_msgs/include/px4_msgs/px4_msgs/msg/detail/follow_target_status__type_support.hpp\n'}
[1.426851] (px4_msgs) StdoutLine: {'line': b'-- Up-to-date: /home/mcfb/ros2_ws/install/px4_msgs/include/px4_msgs/px4_msgs/msg/detail/sensor_accel_fifo__traits.hpp\n'}
[1.426938] (px4_msgs) StdoutLine: {'line': b'-- Up-to-date: /home/mcfb/ros2_ws/install/px4_msgs/include/px4_msgs/px4_msgs/msg/detail/orbit_status__type_support.hpp\n'}
[1.427013] (px4_msgs) StdoutLine: {'line': b'-- Up-to-date: /home/mcfb/ros2_ws/install/px4_msgs/include/px4_msgs/px4_msgs/msg/detail/fixed_wing_lateral_guidance_status__type_support.hpp\n'}
[1.427167] (px4_msgs) StdoutLine: {'line': b'-- Up-to-date: /home/mcfb/ros2_ws/install/px4_msgs/include/px4_msgs/px4_msgs/msg/detail/estimator_aid_source2d__struct.hpp\n'}
[1.427337] (px4_msgs) StdoutLine: {'line': b'-- Up-to-date: /home/mcfb/ros2_ws/install/px4_msgs/include/px4_msgs/px4_msgs/msg/detail/heater_status__type_support.hpp\n'}
[1.427399] (px4_msgs) StdoutLine: {'line': b'-- Up-to-date: /home/mcfb/ros2_ws/install/px4_msgs/include/px4_msgs/px4_msgs/msg/detail/normalized_unsigned_setpoint__type_support.hpp\n'}
[1.427466] (px4_msgs) StdoutLine: {'line': b'-- Up-to-date: /home/mcfb/ros2_ws/install/px4_msgs/include/px4_msgs/px4_msgs/msg/detail/velocity_limits__traits.hpp\n'}
[1.427522] (px4_msgs) StdoutLine: {'line': b'-- Up-to-date: /home/mcfb/ros2_ws/install/px4_msgs/include/px4_msgs/px4_msgs/msg/detail/sensor_gyro_fifo__traits.hpp\n'}
[1.427577] (px4_msgs) StdoutLine: {'line': b'-- Up-to-date: /home/mcfb/ros2_ws/install/px4_msgs/include/px4_msgs/px4_msgs/msg/detail/adc_report__struct.hpp\n'}
[1.427628] (px4_msgs) StdoutLine: {'line': b'-- Up-to-date: /home/mcfb/ros2_ws/install/px4_msgs/include/px4_msgs/px4_msgs/msg/detail/register_ext_component_request__traits.hpp\n'}
[1.427686] (px4_msgs) StdoutLine: {'line': b'-- Up-to-date: /home/mcfb/ros2_ws/install/px4_msgs/include/px4_msgs/px4_msgs/msg/detail/autotune_attitude_control_status__builder.hpp\n'}
[1.427775] (px4_msgs) StdoutLine: {'line': b'-- Up-to-date: /home/mcfb/ros2_ws/install/px4_msgs/include/px4_msgs/px4_msgs/msg/detail/orbit_status__traits.hpp\n'}
[1.427899] (px4_msgs) StdoutLine: {'line': b'-- Up-to-date: /home/mcfb/ros2_ws/install/px4_msgs/include/px4_msgs/px4_msgs/msg/detail/config_overrides__type_support.hpp\n'}
[1.427954] (px4_msgs) StdoutLine: {'line': b'-- Up-to-date: /home/mcfb/ros2_ws/install/px4_msgs/include/px4_msgs/px4_msgs/msg/detail/vehicle_optical_flow__struct.hpp\n'}
[1.428091] (px4_msgs) StdoutLine: {'line': b'-- Up-to-date: /home/mcfb/ros2_ws/install/px4_msgs/include/px4_msgs/px4_msgs/msg/detail/rtl_status__builder.hpp\n'}
[1.428154] (px4_msgs) StdoutLine: {'line': b'-- Up-to-date: /home/mcfb/ros2_ws/install/px4_msgs/include/px4_msgs/px4_msgs/msg/detail/pps_capture__builder.hpp\n'}
[1.428196] (px4_msgs) StdoutLine: {'line': b'-- Up-to-date: /home/mcfb/ros2_ws/install/px4_msgs/include/px4_msgs/px4_msgs/msg/detail/vehicle_command__type_support.hpp\n'}
[1.428247] (px4_msgs) StdoutLine: {'line': b'-- Up-to-date: /home/mcfb/ros2_ws/install/px4_msgs/include/px4_msgs/px4_msgs/msg/detail/sensor_preflight_mag__type_support.hpp\n'}
[1.428303] (px4_msgs) StdoutLine: {'line': b'-- Up-to-date: /home/mcfb/ros2_ws/install/px4_msgs/include/px4_msgs/px4_msgs/msg/detail/control_allocator_status__struct.hpp\n'}
[1.428357] (px4_msgs) StdoutLine: {'line': b'-- Up-to-date: /home/mcfb/ros2_ws/install/px4_msgs/include/px4_msgs/px4_msgs/msg/detail/fixed_wing_longitudinal_setpoint__traits.hpp\n'}
[1.428413] (px4_msgs) StdoutLine: {'line': b'-- Up-to-date: /home/mcfb/ros2_ws/install/px4_msgs/include/px4_msgs/px4_msgs/msg/detail/neural_control__traits.hpp\n'}
[1.428470] (px4_msgs) StdoutLine: {'line': b'-- Up-to-date: /home/mcfb/ros2_ws/install/px4_msgs/include/px4_msgs/px4_msgs/msg/detail/parameter_set_value_request__traits.hpp\n'}
[1.428556] (px4_msgs) StdoutLine: {'line': b'-- Up-to-date: /home/mcfb/ros2_ws/install/px4_msgs/include/px4_msgs/px4_msgs/msg/detail/transponder_report__builder.hpp\n'}
[1.428613] (px4_msgs) StdoutLine: {'line': b'-- Up-to-date: /home/mcfb/ros2_ws/install/px4_msgs/include/px4_msgs/px4_msgs/msg/detail/estimator_states__struct.hpp\n'}
[1.428665] (px4_msgs) StdoutLine: {'line': b'-- Up-to-date: /home/mcfb/ros2_ws/install/px4_msgs/include/px4_msgs/px4_msgs/msg/detail/follow_target_status__traits.hpp\n'}
[1.428701] (px4_msgs) StdoutLine: {'line': b'-- Up-to-date: /home/mcfb/ros2_ws/install/px4_msgs/include/px4_msgs/px4_msgs/msg/detail/vehicle_land_detected__struct.hpp\n'}
[1.428750] (px4_msgs) StdoutLine: {'line': b'-- Up-to-date: /home/mcfb/ros2_ws/install/px4_msgs/include/px4_msgs/px4_msgs/msg/detail/manual_control_switches__traits.hpp\n'}
[1.428805] (px4_msgs) StdoutLine: {'line': b'-- Up-to-date: /home/mcfb/ros2_ws/install/px4_msgs/include/px4_msgs/px4_msgs/msg/detail/satellite_info__struct.hpp\n'}
[1.428858] (px4_msgs) StdoutLine: {'line': b'-- Up-to-date: /home/mcfb/ros2_ws/install/px4_msgs/include/px4_msgs/px4_msgs/msg/detail/heater_status__traits.hpp\n'}
[1.428894] (px4_msgs) StdoutLine: {'line': b'-- Up-to-date: /home/mcfb/ros2_ws/install/px4_msgs/include/px4_msgs/px4_msgs/msg/detail/open_drone_id_self_id__type_support.hpp\n'}
[1.428929] (px4_msgs) StdoutLine: {'line': b'-- Up-to-date: /home/mcfb/ros2_ws/install/px4_msgs/include/px4_msgs/px4_msgs/msg/detail/launch_detection_status__builder.hpp\n'}
[1.429001] (px4_msgs) StdoutLine: {'line': b'-- Up-to-date: /home/mcfb/ros2_ws/install/px4_msgs/include/px4_msgs/px4_msgs/msg/detail/actuator_servos_trim__type_support.hpp\n'}
[1.429038] (px4_msgs) StdoutLine: {'line': b'-- Up-to-date: /home/mcfb/ros2_ws/install/px4_msgs/include/px4_msgs/px4_msgs/msg/detail/debug_vect__type_support.hpp\n'}
[1.429075] (px4_msgs) StdoutLine: {'line': b'-- Up-to-date: /home/mcfb/ros2_ws/install/px4_msgs/include/px4_msgs/px4_msgs/msg/detail/sensor_uwb__builder.hpp\n'}
[1.429123] (px4_msgs) StdoutLine: {'line': b'-- Up-to-date: /home/mcfb/ros2_ws/install/px4_msgs/include/px4_msgs/px4_msgs/msg/detail/irlock_report__type_support.hpp\n'}
[1.429180] (px4_msgs) StdoutLine: {'line': b'-- Up-to-date: /home/mcfb/ros2_ws/install/px4_msgs/include/px4_msgs/px4_msgs/msg/detail/open_drone_id_system__traits.hpp\n'}
[1.429221] (px4_msgs) StdoutLine: {'line': b'-- Up-to-date: /home/mcfb/ros2_ws/install/px4_msgs/include/px4_msgs/px4_msgs/msg/detail/camera_capture__traits.hpp\n'}
[1.429257] (px4_msgs) StdoutLine: {'line': b'-- Up-to-date: /home/mcfb/ros2_ws/install/px4_msgs/include/px4_msgs/px4_msgs/msg/detail/irlock_report__struct.hpp\n'}
[1.429295] (px4_msgs) StdoutLine: {'line': b'-- Up-to-date: /home/mcfb/ros2_ws/install/px4_msgs/include/px4_msgs/px4_msgs/msg/detail/actuator_outputs__traits.hpp\n'}
[1.429333] (px4_msgs) StdoutLine: {'line': b'-- Up-to-date: /home/mcfb/ros2_ws/install/px4_msgs/include/px4_msgs/px4_msgs/msg/detail/sensors_status_imu__traits.hpp\n'}
[1.429373] (px4_msgs) StdoutLine: {'line': b'-- Up-to-date: /home/mcfb/ros2_ws/install/px4_msgs/include/px4_msgs/px4_msgs/msg/detail/airspeed_wind__type_support.hpp\n'}
[1.429409] (px4_msgs) StdoutLine: {'line': b'-- Up-to-date: /home/mcfb/ros2_ws/install/px4_msgs/include/px4_msgs/px4_msgs/msg/detail/pps_capture__type_support.hpp\n'}
[1.429445] (px4_msgs) StdoutLine: {'line': b'-- Up-to-date: /home/mcfb/ros2_ws/install/px4_msgs/include/px4_msgs/px4_msgs/msg/detail/sensor_hygrometer__struct.hpp\n'}
[1.429500] (px4_msgs) StdoutLine: {'line': b'-- Up-to-date: /home/mcfb/ros2_ws/install/px4_msgs/include/px4_msgs/px4_msgs/msg/detail/sensors_status__builder.hpp\n'}
[1.429535] (px4_msgs) StdoutLine: {'line': b'-- Up-to-date: /home/mcfb/ros2_ws/install/px4_msgs/include/px4_msgs/px4_msgs/msg/detail/navigator_status__traits.hpp\n'}
[1.429582] (px4_msgs) StdoutLine: {'line': b'-- Up-to-date: /home/mcfb/ros2_ws/install/px4_msgs/include/px4_msgs/px4_msgs/msg/detail/sensor_accel__traits.hpp\n'}
[1.429619] (px4_msgs) StdoutLine: {'line': b'-- Up-to-date: /home/mcfb/ros2_ws/install/px4_msgs/include/px4_msgs/px4_msgs/msg/detail/camera_trigger__type_support.hpp\n'}
[1.429662] (px4_msgs) StdoutLine: {'line': b'-- Up-to-date: /home/mcfb/ros2_ws/install/px4_msgs/include/px4_msgs/px4_msgs/msg/detail/geofence_result__traits.hpp\n'}
[1.429719] (px4_msgs) StdoutLine: {'line': b'-- Up-to-date: /home/mcfb/ros2_ws/install/px4_msgs/include/px4_msgs/px4_msgs/msg/detail/actuator_outputs__type_support.hpp\n'}
[1.429773] (px4_msgs) StdoutLine: {'line': b'-- Up-to-date: /home/mcfb/ros2_ws/install/px4_msgs/include/px4_msgs/px4_msgs/msg/detail/fuel_tank_status__builder.hpp\n'}
[1.429826] (px4_msgs) StdoutLine: {'line': b'-- Up-to-date: /home/mcfb/ros2_ws/install/px4_msgs/include/px4_msgs/px4_msgs/msg/detail/landing_target_innovations__struct.hpp\n'}
[1.429877] (px4_msgs) StdoutLine: {'line': b'-- Up-to-date: /home/mcfb/ros2_ws/install/px4_msgs/include/px4_msgs/px4_msgs/msg/detail/gimbal_manager_information__type_support.hpp\n'}
[1.429917] (px4_msgs) StdoutLine: {'line': b'-- Up-to-date: /home/mcfb/ros2_ws/install/px4_msgs/include/px4_msgs/px4_msgs/msg/detail/actuator_servos__traits.hpp\n'}
[1.429952] (px4_msgs) StdoutLine: {'line': b'-- Up-to-date: /home/mcfb/ros2_ws/install/px4_msgs/include/px4_msgs/px4_msgs/msg/detail/rover_attitude_setpoint__builder.hpp\n'}
[1.429988] (px4_msgs) StdoutLine: {'line': b'-- Up-to-date: /home/mcfb/ros2_ws/install/px4_msgs/include/px4_msgs/px4_msgs/msg/detail/register_ext_component_reply__type_support.hpp\n'}
[1.430026] (px4_msgs) StdoutLine: {'line': b'-- Up-to-date: /home/mcfb/ros2_ws/install/px4_msgs/include/px4_msgs/px4_msgs/msg/detail/tiltrotor_extra_controls__struct.hpp\n'}
[1.430064] (px4_msgs) StdoutLine: {'line': b'-- Up-to-date: /home/mcfb/ros2_ws/install/px4_msgs/include/px4_msgs/px4_msgs/msg/detail/mount_orientation__struct.hpp\n'}
[1.430102] (px4_msgs) StdoutLine: {'line': b'-- Up-to-date: /home/mcfb/ros2_ws/install/px4_msgs/include/px4_msgs/px4_msgs/msg/detail/rover_attitude_setpoint__type_support.hpp\n'}
[1.430158] (px4_msgs) StdoutLine: {'line': b'-- Up-to-date: /home/mcfb/ros2_ws/install/px4_msgs/include/px4_msgs/px4_msgs/msg/detail/button_event__builder.hpp\n'}
[1.430205] (px4_msgs) StdoutLine: {'line': b'-- Up-to-date: /home/mcfb/ros2_ws/install/px4_msgs/include/px4_msgs/px4_msgs/msg/detail/rover_steering_setpoint__builder.hpp\n'}
[1.430244] (px4_msgs) StdoutLine: {'line': b'-- Up-to-date: /home/mcfb/ros2_ws/install/px4_msgs/include/px4_msgs/px4_msgs/msg/detail/vehicle_optical_flow__builder.hpp\n'}
[1.430283] (px4_msgs) StdoutLine: {'line': b'-- Up-to-date: /home/mcfb/ros2_ws/install/px4_msgs/include/px4_msgs/px4_msgs/msg/detail/sensor_gps__type_support.hpp\n'}
[1.430320] (px4_msgs) StdoutLine: {'line': b'-- Up-to-date: /home/mcfb/ros2_ws/install/px4_msgs/include/px4_msgs/px4_msgs/msg/detail/vehicle_angular_velocity__traits.hpp\n'}
[1.430362] (px4_msgs) StdoutLine: {'line': b'-- Up-to-date: /home/mcfb/ros2_ws/install/px4_msgs/include/px4_msgs/px4_msgs/msg/detail/arming_check_request__traits.hpp\n'}
[1.430401] (px4_msgs) StdoutLine: {'line': b'-- Up-to-date: /home/mcfb/ros2_ws/install/px4_msgs/include/px4_msgs/px4_msgs/msg/detail/transponder_report__struct.hpp\n'}
[1.430439] (px4_msgs) StdoutLine: {'line': b'-- Up-to-date: /home/mcfb/ros2_ws/install/px4_msgs/include/px4_msgs/px4_msgs/msg/detail/ulog_stream__struct.hpp\n'}
[1.430519] (px4_msgs) StdoutLine: {'line': b'-- Up-to-date: /home/mcfb/ros2_ws/install/px4_msgs/include/px4_msgs/px4_msgs/msg/detail/estimator_innovations__builder.hpp\n'}
[1.430567] (px4_msgs) StdoutLine: {'line': b'-- Up-to-date: /home/mcfb/ros2_ws/install/px4_msgs/include/px4_msgs/px4_msgs/msg/detail/vehicle_status__struct.hpp\n'}
[1.430605] (px4_msgs) StdoutLine: {'line': b'-- Up-to-date: /home/mcfb/ros2_ws/install/px4_msgs/include/px4_msgs/px4_msgs/msg/detail/mag_worker_data__builder.hpp\n'}
[1.430657] (px4_msgs) StdoutLine: {'line': b'-- Up-to-date: /home/mcfb/ros2_ws/install/px4_msgs/include/px4_msgs/px4_msgs/msg/detail/iridiumsbd_status__traits.hpp\n'}
[1.430715] (px4_msgs) StdoutLine: {'line': b'-- Up-to-date: /home/mcfb/ros2_ws/install/px4_msgs/include/px4_msgs/px4_msgs/msg/detail/velocity_limits__struct.hpp\n'}
[1.430753] (px4_msgs) StdoutLine: {'line': b'-- Up-to-date: /home/mcfb/ros2_ws/install/px4_msgs/include/px4_msgs/px4_msgs/msg/detail/px4io_status__builder.hpp\n'}
[1.430789] (px4_msgs) StdoutLine: {'line': b'-- Up-to-date: /home/mcfb/ros2_ws/install/px4_msgs/include/px4_msgs/px4_msgs/msg/detail/rover_speed_setpoint__struct.hpp\n'}
[1.430827] (px4_msgs) StdoutLine: {'line': b'-- Up-to-date: /home/mcfb/ros2_ws/install/px4_msgs/include/px4_msgs/px4_msgs/msg/detail/parameter_set_value_request__struct.hpp\n'}
[1.430870] (px4_msgs) StdoutLine: {'line': b'-- Up-to-date: /home/mcfb/ros2_ws/install/px4_msgs/include/px4_msgs/px4_msgs/msg/detail/timesync_status__type_support.hpp\n'}
[1.430907] (px4_msgs) StdoutLine: {'line': b'-- Up-to-date: /home/mcfb/ros2_ws/install/px4_msgs/include/px4_msgs/px4_msgs/msg/detail/health_report__type_support.hpp\n'}
[1.430942] (px4_msgs) StdoutLine: {'line': b'-- Up-to-date: /home/mcfb/ros2_ws/install/px4_msgs/include/px4_msgs/px4_msgs/msg/detail/parameter_set_value_request__builder.hpp\n'}
[1.430978] (px4_msgs) StdoutLine: {'line': b'-- Up-to-date: /home/mcfb/ros2_ws/install/px4_msgs/include/px4_msgs/px4_msgs/msg/detail/fixed_wing_lateral_status__builder.hpp\n'}
[1.431014] (px4_msgs) StdoutLine: {'line': b'-- Up-to-date: /home/mcfb/ros2_ws/install/px4_msgs/include/px4_msgs/px4_msgs/msg/detail/follow_target__traits.hpp\n'}
[1.431253] (px4_msgs) StdoutLine: {'line': b'-- Up-to-date: /home/mcfb/ros2_ws/install/px4_msgs/include/px4_msgs/px4_msgs/msg/detail/airspeed_wind__struct.hpp\n'}
[1.431355] (px4_msgs) StdoutLine: {'line': b'-- Up-to-date: /home/mcfb/ros2_ws/install/px4_msgs/include/px4_msgs/px4_msgs/msg/detail/rover_speed_status__type_support.hpp\n'}
[1.431421] (px4_msgs) StdoutLine: {'line': b'-- Up-to-date: /home/mcfb/ros2_ws/install/px4_msgs/include/px4_msgs/px4_msgs/msg/detail/rover_throttle_setpoint__builder.hpp\n'}
[1.431482] (px4_msgs) StdoutLine: {'line': b'-- Up-to-date: /home/mcfb/ros2_ws/install/px4_msgs/include/px4_msgs/px4_msgs/msg/detail/rover_rate_setpoint__type_support.hpp\n'}
[1.431534] (px4_msgs) StdoutLine: {'line': b'-- Up-to-date: /home/mcfb/ros2_ws/install/px4_msgs/include/px4_msgs/px4_msgs/msg/detail/estimator_states__traits.hpp\n'}
[1.431585] (px4_msgs) StdoutLine: {'line': b'-- Up-to-date: /home/mcfb/ros2_ws/install/px4_msgs/include/px4_msgs/px4_msgs/msg/detail/sensor_gnss_status__traits.hpp\n'}
[1.431634] (px4_msgs) StdoutLine: {'line': b'-- Up-to-date: /home/mcfb/ros2_ws/install/px4_msgs/include/px4_msgs/px4_msgs/msg/detail/flight_phase_estimation__struct.hpp\n'}
[1.431685] (px4_msgs) StdoutLine: {'line': b'-- Up-to-date: /home/mcfb/ros2_ws/install/px4_msgs/include/px4_msgs/px4_msgs/msg/detail/actuator_outputs__builder.hpp\n'}
[1.431740] (px4_msgs) StdoutLine: {'line': b'-- Up-to-date: /home/mcfb/ros2_ws/install/px4_msgs/include/px4_msgs/px4_msgs/msg/detail/rover_position_setpoint__struct.hpp\n'}
[1.431789] (px4_msgs) StdoutLine: {'line': b'-- Up-to-date: /home/mcfb/ros2_ws/install/px4_msgs/include/px4_msgs/px4_msgs/msg/detail/dronecan_node_status__traits.hpp\n'}
[1.431855] (px4_msgs) StdoutLine: {'line': b'-- Up-to-date: /home/mcfb/ros2_ws/install/px4_msgs/include/px4_msgs/px4_msgs/msg/detail/vehicle_imu__struct.hpp\n'}
[1.431906] (px4_msgs) StdoutLine: {'line': b'-- Up-to-date: /home/mcfb/ros2_ws/install/px4_msgs/include/px4_msgs/px4_msgs/msg/detail/landing_gear_wheel__struct.hpp\n'}
[1.431954] (px4_msgs) StdoutLine: {'line': b'-- Up-to-date: /home/mcfb/ros2_ws/install/px4_msgs/include/px4_msgs/px4_msgs/msg/detail/estimator_sensor_bias__builder.hpp\n'}
[1.432004] (px4_msgs) StdoutLine: {'line': b'-- Up-to-date: /home/mcfb/ros2_ws/install/px4_msgs/include/px4_msgs/px4_msgs/msg/detail/actuator_motors__struct.hpp\n'}
[1.432109] (px4_msgs) StdoutLine: {'line': b'-- Up-to-date: /home/mcfb/ros2_ws/install/px4_msgs/include/px4_msgs/px4_msgs/msg/detail/mode_completed__traits.hpp\n'}
[1.432171] (px4_msgs) StdoutLine: {'line': b'-- Up-to-date: /home/mcfb/ros2_ws/install/px4_msgs/include/px4_msgs/px4_msgs/msg/detail/actuator_test__builder.hpp\n'}
[1.432214] (px4_msgs) StdoutLine: {'line': b'-- Up-to-date: /home/mcfb/ros2_ws/install/px4_msgs/include/px4_msgs/px4_msgs/msg/detail/uavcan_parameter_value__builder.hpp\n'}
[1.432260] (px4_msgs) StdoutLine: {'line': b'-- Up-to-date: /home/mcfb/ros2_ws/install/px4_msgs/include/px4_msgs/px4_msgs/msg/detail/wheel_encoders__traits.hpp\n'}
[1.432304] (px4_msgs) StdoutLine: {'line': b'-- Up-to-date: /home/mcfb/ros2_ws/install/px4_msgs/include/px4_msgs/px4_msgs/msg/detail/vehicle_rates_setpoint__struct.hpp\n'}
[1.432352] (px4_msgs) StdoutLine: {'line': b'-- Up-to-date: /home/mcfb/ros2_ws/install/px4_msgs/include/px4_msgs/px4_msgs/msg/detail/landing_target_innovations__traits.hpp\n'}
[1.432398] (px4_msgs) StdoutLine: {'line': b'-- Up-to-date: /home/mcfb/ros2_ws/install/px4_msgs/include/px4_msgs/px4_msgs/msg/detail/goto_setpoint__struct.hpp\n'}
[1.432443] (px4_msgs) StdoutLine: {'line': b'-- Up-to-date: /home/mcfb/ros2_ws/install/px4_msgs/include/px4_msgs/px4_msgs/msg/detail/iridiumsbd_status__builder.hpp\n'}
[1.432491] (px4_msgs) StdoutLine: {'line': b'-- Up-to-date: /home/mcfb/ros2_ws/install/px4_msgs/include/px4_msgs/px4_msgs/msg/detail/sensor_correction__traits.hpp\n'}
[1.432539] (px4_msgs) StdoutLine: {'line': b'-- Up-to-date: /home/mcfb/ros2_ws/install/px4_msgs/include/px4_msgs/px4_msgs/msg/detail/sensor_gyro_fft__struct.hpp\n'}
[1.432586] (px4_msgs) StdoutLine: {'line': b'-- Up-to-date: /home/mcfb/ros2_ws/install/px4_msgs/include/px4_msgs/px4_msgs/msg/detail/distance_sensor__builder.hpp\n'}
[1.432633] (px4_msgs) StdoutLine: {'line': b'-- Up-to-date: /home/mcfb/ros2_ws/install/px4_msgs/include/px4_msgs/px4_msgs/msg/detail/fixed_wing_lateral_setpoint__builder.hpp\n'}
[1.432680] (px4_msgs) StdoutLine: {'line': b'-- Up-to-date: /home/mcfb/ros2_ws/install/px4_msgs/include/px4_msgs/px4_msgs/msg/detail/task_stack_info__traits.hpp\n'}
[1.432729] (px4_msgs) StdoutLine: {'line': b'-- Up-to-date: /home/mcfb/ros2_ws/install/px4_msgs/include/px4_msgs/px4_msgs/msg/detail/fixed_wing_lateral_guidance_status__builder.hpp\n'}
[1.432776] (px4_msgs) StdoutLine: {'line': b'-- Up-to-date: /home/mcfb/ros2_ws/install/px4_msgs/include/px4_msgs/px4_msgs/msg/detail/fixed_wing_runway_control__type_support.hpp\n'}
[1.432824] (px4_msgs) StdoutLine: {'line': b'-- Up-to-date: /home/mcfb/ros2_ws/install/px4_msgs/include/px4_msgs/px4_msgs/msg/detail/vehicle_control_mode__traits.hpp\n'}
[1.432908] (px4_msgs) StdoutLine: {'line': b'-- Up-to-date: /home/mcfb/ros2_ws/install/px4_msgs/include/px4_msgs/px4_msgs/msg/detail/sensor_uwb__struct.hpp\n'}
[1.432952] (px4_msgs) StdoutLine: {'line': b'-- Up-to-date: /home/mcfb/ros2_ws/install/px4_msgs/include/px4_msgs/px4_msgs/msg/detail/vehicle_acceleration__type_support.hpp\n'}
[1.433000] (px4_msgs) StdoutLine: {'line': b'-- Up-to-date: /home/mcfb/ros2_ws/install/px4_msgs/include/px4_msgs/px4_msgs/msg/detail/orb_test_medium__builder.hpp\n'}
[1.433049] (px4_msgs) StdoutLine: {'line': b'-- Up-to-date: /home/mcfb/ros2_ws/install/px4_msgs/include/px4_msgs/px4_msgs/msg/detail/pwm_input__type_support.hpp\n'}
[1.433108] (px4_msgs) StdoutLine: {'line': b'-- Up-to-date: /home/mcfb/ros2_ws/install/px4_msgs/include/px4_msgs/px4_msgs/msg/detail/timesync_status__struct.hpp\n'}
[1.433156] (px4_msgs) StdoutLine: {'line': b'-- Up-to-date: /home/mcfb/ros2_ws/install/px4_msgs/include/px4_msgs/px4_msgs/msg/detail/gimbal_device_information__builder.hpp\n'}
[1.433202] (px4_msgs) StdoutLine: {'line': b'-- Up-to-date: /home/mcfb/ros2_ws/install/px4_msgs/include/px4_msgs/px4_msgs/msg/detail/estimator_bias3d__type_support.hpp\n'}
[1.433249] (px4_msgs) StdoutLine: {'line': b'-- Up-to-date: /home/mcfb/ros2_ws/install/px4_msgs/include/px4_msgs/px4_msgs/msg/detail/rover_throttle_setpoint__struct.hpp\n'}
[1.433296] (px4_msgs) StdoutLine: {'line': b'-- Up-to-date: /home/mcfb/ros2_ws/install/px4_msgs/include/px4_msgs/px4_msgs/msg/detail/cellular_status__struct.hpp\n'}
[1.433340] (px4_msgs) StdoutLine: {'line': b'-- Up-to-date: /home/mcfb/ros2_ws/install/px4_msgs/include/px4_msgs/px4_msgs/msg/detail/mavlink_tunnel__struct.hpp\n'}
[1.433406] (px4_msgs) StdoutLine: {'line': b'-- Up-to-date: /home/mcfb/ros2_ws/install/px4_msgs/include/px4_msgs/px4_msgs/msg/detail/iridiumsbd_status__struct.hpp\n'}
[1.433450] (px4_msgs) StdoutLine: {'line': b'-- Up-to-date: /home/mcfb/ros2_ws/install/px4_msgs/include/px4_msgs/px4_msgs/msg/detail/gimbal_device_attitude_status__type_support.hpp\n'}
[1.433495] (px4_msgs) StdoutLine: {'line': b'-- Up-to-date: /home/mcfb/ros2_ws/install/px4_msgs/include/px4_msgs/px4_msgs/msg/detail/arming_check_reply__builder.hpp\n'}
[1.433538] (px4_msgs) StdoutLine: {'line': b'-- Up-to-date: /home/mcfb/ros2_ws/install/px4_msgs/include/px4_msgs/px4_msgs/msg/detail/gps_dump__struct.hpp\n'}
[1.433581] (px4_msgs) StdoutLine: {'line': b'-- Up-to-date: /home/mcfb/ros2_ws/install/px4_msgs/include/px4_msgs/px4_msgs/msg/detail/estimator_status__traits.hpp\n'}
[1.433627] (px4_msgs) StdoutLine: {'line': b'-- Up-to-date: /home/mcfb/ros2_ws/install/px4_msgs/include/px4_msgs/px4_msgs/msg/detail/manual_control_setpoint__struct.hpp\n'}
[1.433673] (px4_msgs) StdoutLine: {'line': b'-- Up-to-date: /home/mcfb/ros2_ws/install/px4_msgs/include/px4_msgs/px4_msgs/msg/detail/failsafe_flags__builder.hpp\n'}
[1.433719] (px4_msgs) StdoutLine: {'line': b'-- Up-to-date: /home/mcfb/ros2_ws/install/px4_msgs/include/px4_msgs/px4_msgs/msg/detail/tecs_status__type_support.hpp\n'}
[1.433768] (px4_msgs) StdoutLine: {'line': b'-- Up-to-date: /home/mcfb/ros2_ws/install/px4_msgs/include/px4_msgs/px4_msgs/msg/detail/parameter_set_used_request__struct.hpp\n'}
[1.433814] (px4_msgs) StdoutLine: {'line': b'-- Up-to-date: /home/mcfb/ros2_ws/install/px4_msgs/include/px4_msgs/px4_msgs/msg/detail/fixed_wing_lateral_status__traits.hpp\n'}
[1.433870] (px4_msgs) StdoutLine: {'line': b'-- Up-to-date: /home/mcfb/ros2_ws/install/px4_msgs/include/px4_msgs/px4_msgs/msg/detail/rover_position_setpoint__builder.hpp\n'}
[1.433929] (px4_msgs) StdoutLine: {'line': b'-- Up-to-date: /home/mcfb/ros2_ws/install/px4_msgs/include/px4_msgs/px4_msgs/msg/detail/vehicle_torque_setpoint__struct.hpp\n'}
[1.433978] (px4_msgs) StdoutLine: {'line': b'-- Up-to-date: /home/mcfb/ros2_ws/install/px4_msgs/include/px4_msgs/px4_msgs/msg/detail/gpio_in__type_support.hpp\n'}
[1.434027] (px4_msgs) StdoutLine: {'line': b'-- Up-to-date: /home/mcfb/ros2_ws/install/px4_msgs/include/px4_msgs/px4_msgs/msg/detail/manual_control_setpoint__traits.hpp\n'}
[1.434073] (px4_msgs) StdoutLine: {'line': b'-- Up-to-date: /home/mcfb/ros2_ws/install/px4_msgs/include/px4_msgs/px4_msgs/msg/detail/dataman_request__builder.hpp\n'}
[1.434121] (px4_msgs) StdoutLine: {'line': b'-- Up-to-date: /home/mcfb/ros2_ws/install/px4_msgs/include/px4_msgs/px4_msgs/msg/detail/debug_vect__struct.hpp\n'}
[1.434170] (px4_msgs) StdoutLine: {'line': b'-- Up-to-date: /home/mcfb/ros2_ws/install/px4_msgs/include/px4_msgs/px4_msgs/msg/detail/message_format_request__builder.hpp\n'}
[1.434218] (px4_msgs) StdoutLine: {'line': b'-- Up-to-date: /home/mcfb/ros2_ws/install/px4_msgs/include/px4_msgs/px4_msgs/msg/detail/mission_result__struct.hpp\n'}
[1.434268] (px4_msgs) StdoutLine: {'line': b'-- Up-to-date: /home/mcfb/ros2_ws/install/px4_msgs/include/px4_msgs/px4_msgs/msg/detail/failsafe_flags__traits.hpp\n'}
[1.434326] (px4_msgs) StdoutLine: {'line': b'-- Up-to-date: /home/mcfb/ros2_ws/install/px4_msgs/include/px4_msgs/px4_msgs/msg/detail/dronecan_node_status__struct.hpp\n'}
[1.434395] (px4_msgs) StdoutLine: {'line': b'-- Up-to-date: /home/mcfb/ros2_ws/install/px4_msgs/include/px4_msgs/px4_msgs/msg/detail/collision_constraints__traits.hpp\n'}
[1.434465] (px4_msgs) StdoutLine: {'line': b'-- Up-to-date: /home/mcfb/ros2_ws/install/px4_msgs/include/px4_msgs/px4_msgs/msg/detail/geofence_result__builder.hpp\n'}
[1.434518] (px4_msgs) StdoutLine: {'line': b'-- Up-to-date: /home/mcfb/ros2_ws/install/px4_msgs/include/px4_msgs/px4_msgs/msg/detail/autotune_attitude_control_status__struct.hpp\n'}
[1.434567] (px4_msgs) StdoutLine: {'line': b'-- Up-to-date: /home/mcfb/ros2_ws/install/px4_msgs/include/px4_msgs/px4_msgs/msg/detail/sensor_hygrometer__traits.hpp\n'}
[1.434648] (px4_msgs) StdoutLine: {'line': b'-- Up-to-date: /home/mcfb/ros2_ws/install/px4_msgs/include/px4_msgs/px4_msgs/msg/detail/estimator_sensor_bias__struct.hpp\n'}
[1.434694] (px4_msgs) StdoutLine: {'line': b'-- Up-to-date: /home/mcfb/ros2_ws/install/px4_msgs/include/px4_msgs/px4_msgs/msg/detail/register_ext_component_reply__traits.hpp\n'}
[1.434739] (px4_msgs) StdoutLine: {'line': b'-- Up-to-date: /home/mcfb/ros2_ws/install/px4_msgs/include/px4_msgs/px4_msgs/msg/detail/sensor_gnss_relative__traits.hpp\n'}
[1.434782] (px4_msgs) StdoutLine: {'line': b'-- Up-to-date: /home/mcfb/ros2_ws/install/px4_msgs/include/px4_msgs/px4_msgs/msg/detail/sensors_status_imu__type_support.hpp\n'}
[1.434831] (px4_msgs) StdoutLine: {'line': b'-- Up-to-date: /home/mcfb/ros2_ws/install/px4_msgs/include/px4_msgs/px4_msgs/msg/detail/button_event__traits.hpp\n'}
[1.434884] (px4_msgs) StdoutLine: {'line': b'-- Up-to-date: /home/mcfb/ros2_ws/install/px4_msgs/include/px4_msgs/px4_msgs/msg/detail/radio_status__type_support.hpp\n'}
[1.434949] (px4_msgs) StdoutLine: {'line': b'-- Up-to-date: /home/mcfb/ros2_ws/install/px4_msgs/include/px4_msgs/px4_msgs/msg/detail/rtl_time_estimate__builder.hpp\n'}
[1.435076] (px4_msgs) StdoutLine: {'line': b'-- Up-to-date: /home/mcfb/ros2_ws/install/px4_msgs/include/px4_msgs/px4_msgs/msg/detail/event__traits.hpp\n'}
[1.435262] (px4_msgs) StdoutLine: {'line': b'-- Up-to-date: /home/mcfb/ros2_ws/install/px4_msgs/include/px4_msgs/px4_msgs/msg/detail/vehicle_angular_acceleration_setpoint__struct.hpp\n'}
[1.435322] (px4_msgs) StdoutLine: {'line': b'-- Up-to-date: /home/mcfb/ros2_ws/install/px4_msgs/include/px4_msgs/px4_msgs/msg/detail/sensor_combined__type_support.hpp\n'}
[1.435383] (px4_msgs) StdoutLine: {'line': b'-- Up-to-date: /home/mcfb/ros2_ws/install/px4_msgs/include/px4_msgs/px4_msgs/msg/detail/sensor_preflight_mag__traits.hpp\n'}
[1.435449] (px4_msgs) StdoutLine: {'line': b'-- Up-to-date: /home/mcfb/ros2_ws/install/px4_msgs/include/px4_msgs/px4_msgs/msg/detail/vtol_vehicle_status__struct.hpp\n'}
[1.435512] (px4_msgs) StdoutLine: {'line': b'-- Up-to-date: /home/mcfb/ros2_ws/install/px4_msgs/include/px4_msgs/px4_msgs/msg/detail/sensor_accel_fifo__type_support.hpp\n'}
[1.435575] (px4_msgs) StdoutLine: {'line': b'-- Up-to-date: /home/mcfb/ros2_ws/install/px4_msgs/include/px4_msgs/px4_msgs/msg/detail/open_drone_id_arm_status__traits.hpp\n'}
[1.435638] (px4_msgs) StdoutLine: {'line': b'-- Up-to-date: /home/mcfb/ros2_ws/install/px4_msgs/include/px4_msgs/px4_msgs/msg/detail/follow_target_estimator__builder.hpp\n'}
[1.435698] (px4_msgs) StdoutLine: {'line': b'-- Up-to-date: /home/mcfb/ros2_ws/install/px4_msgs/include/px4_msgs/px4_msgs/msg/detail/input_rc__builder.hpp\n'}
[1.435760] (px4_msgs) StdoutLine: {'line': b'-- Up-to-date: /home/mcfb/ros2_ws/install/px4_msgs/include/px4_msgs/px4_msgs/msg/detail/mag_worker_data__type_support.hpp\n'}
[1.435831] (px4_msgs) StdoutLine: {'line': b'-- Up-to-date: /home/mcfb/ros2_ws/install/px4_msgs/include/px4_msgs/px4_msgs/msg/detail/sensor_gyro__traits.hpp\n'}
[1.435926] (px4_msgs) StdoutLine: {'line': b'-- Up-to-date: /home/mcfb/ros2_ws/install/px4_msgs/include/px4_msgs/px4_msgs/msg/detail/follow_target__type_support.hpp\n'}
[1.435995] (px4_msgs) StdoutLine: {'line': b'-- Up-to-date: /home/mcfb/ros2_ws/install/px4_msgs/include/px4_msgs/px4_msgs/msg/detail/position_setpoint__builder.hpp\n'}
[1.436059] (px4_msgs) StdoutLine: {'line': b'-- Up-to-date: /home/mcfb/ros2_ws/install/px4_msgs/include/px4_msgs/px4_msgs/msg/detail/sensor_gnss_relative__struct.hpp\n'}
[1.436120] (px4_msgs) StdoutLine: {'line': b'-- Up-to-date: /home/mcfb/ros2_ws/install/px4_msgs/include/px4_msgs/px4_msgs/msg/detail/estimator_aid_source2d__type_support.hpp\n'}
[1.436193] (px4_msgs) StdoutLine: {'line': b'-- Up-to-date: /home/mcfb/ros2_ws/install/px4_msgs/include/px4_msgs/px4_msgs/msg/detail/rpm__builder.hpp\n'}
[1.436241] (px4_msgs) StdoutLine: {'line': b'-- Up-to-date: /home/mcfb/ros2_ws/install/px4_msgs/include/px4_msgs/px4_msgs/msg/detail/vehicle_air_data__traits.hpp\n'}
[1.436290] (px4_msgs) StdoutLine: {'line': b'-- Up-to-date: /home/mcfb/ros2_ws/install/px4_msgs/include/px4_msgs/px4_msgs/msg/detail/rtl_time_estimate__traits.hpp\n'}
[1.436336] (px4_msgs) StdoutLine: {'line': b'-- Up-to-date: /home/mcfb/ros2_ws/install/px4_msgs/include/px4_msgs/px4_msgs/msg/detail/esc_report__builder.hpp\n'}
[1.436403] (px4_msgs) StdoutLine: {'line': b'-- Up-to-date: /home/mcfb/ros2_ws/install/px4_msgs/include/px4_msgs/px4_msgs/msg/detail/action_request__traits.hpp\n'}
[1.436466] (px4_msgs) StdoutLine: {'line': b'-- Up-to-date: /home/mcfb/ros2_ws/install/px4_msgs/include/px4_msgs/px4_msgs/msg/detail/open_drone_id_system__builder.hpp\n'}
[1.436533] (px4_msgs) StdoutLine: {'line': b'-- Up-to-date: /home/mcfb/ros2_ws/install/px4_msgs/include/px4_msgs/px4_msgs/msg/detail/uavcan_parameter_request__builder.hpp\n'}
[1.436595] (px4_msgs) StdoutLine: {'line': b'-- Up-to-date: /home/mcfb/ros2_ws/install/px4_msgs/include/px4_msgs/px4_msgs/msg/detail/parameter_set_used_request__type_support.hpp\n'}
[1.436657] (px4_msgs) StdoutLine: {'line': b'-- Up-to-date: /home/mcfb/ros2_ws/install/px4_msgs/include/px4_msgs/px4_msgs/msg/detail/fuel_tank_status__type_support.hpp\n'}
[1.436717] (px4_msgs) StdoutLine: {'line': b'-- Up-to-date: /home/mcfb/ros2_ws/install/px4_msgs/include/px4_msgs/px4_msgs/msg/detail/rover_speed_status__traits.hpp\n'}
[1.436778] (px4_msgs) StdoutLine: {'line': b'-- Up-to-date: /home/mcfb/ros2_ws/install/px4_msgs/include/px4_msgs/px4_msgs/msg/detail/velocity_limits__builder.hpp\n'}
[1.436839] (px4_msgs) StdoutLine: {'line': b'-- Up-to-date: /home/mcfb/ros2_ws/install/px4_msgs/include/px4_msgs/px4_msgs/msg/detail/led_control__traits.hpp\n'}
[1.436902] (px4_msgs) StdoutLine: {'line': b'-- Up-to-date: /home/mcfb/ros2_ws/install/px4_msgs/include/px4_msgs/px4_msgs/msg/detail/fixed_wing_lateral_setpoint__type_support.hpp\n'}
[1.436962] (px4_msgs) StdoutLine: {'line': b'-- Up-to-date: /home/mcfb/ros2_ws/install/px4_msgs/include/px4_msgs/px4_msgs/msg/detail/sensor_correction__type_support.hpp\n'}
[1.437037] (px4_msgs) StdoutLine: {'line': b'-- Up-to-date: /home/mcfb/ros2_ws/install/px4_msgs/include/px4_msgs/px4_msgs/msg/detail/estimator_selector_status__builder.hpp\n'}
[1.437084] (px4_msgs) StdoutLine: {'line': b'-- Up-to-date: /home/mcfb/ros2_ws/install/px4_msgs/include/px4_msgs/px4_msgs/msg/detail/sensor_airflow__builder.hpp\n'}
[1.437164] (px4_msgs) StdoutLine: {'line': b'-- Up-to-date: /home/mcfb/ros2_ws/install/px4_msgs/include/px4_msgs/px4_msgs/msg/detail/figure_eight_status__builder.hpp\n'}
[1.437210] (px4_msgs) StdoutLine: {'line': b'-- Up-to-date: /home/mcfb/ros2_ws/install/px4_msgs/include/px4_msgs/px4_msgs/msg/detail/camera_capture__struct.hpp\n'}
[1.437253] (px4_msgs) StdoutLine: {'line': b'-- Up-to-date: /home/mcfb/ros2_ws/install/px4_msgs/include/px4_msgs/px4_msgs/msg/detail/sensors_status__traits.hpp\n'}
[1.437297] (px4_msgs) StdoutLine: {'line': b'-- Up-to-date: /home/mcfb/ros2_ws/install/px4_msgs/include/px4_msgs/px4_msgs/msg/detail/sensor_mag__type_support.hpp\n'}
[1.437342] (px4_msgs) StdoutLine: {'line': b'-- Up-to-date: /home/mcfb/ros2_ws/install/px4_msgs/include/px4_msgs/px4_msgs/msg/detail/offboard_control_mode__builder.hpp\n'}
[1.437386] (px4_msgs) StdoutLine: {'line': b'-- Up-to-date: /home/mcfb/ros2_ws/install/px4_msgs/include/px4_msgs/px4_msgs/msg/detail/pps_capture__struct.hpp\n'}
[1.437438] (px4_msgs) StdoutLine: {'line': b'-- Up-to-date: /home/mcfb/ros2_ws/install/px4_msgs/include/px4_msgs/px4_msgs/msg/detail/tecs_status__builder.hpp\n'}
[1.437483] (px4_msgs) StdoutLine: {'line': b'-- Up-to-date: /home/mcfb/ros2_ws/install/px4_msgs/include/px4_msgs/px4_msgs/msg/detail/orb_test__struct.hpp\n'}
[1.437534] (px4_msgs) StdoutLine: {'line': b'-- Up-to-date: /home/mcfb/ros2_ws/install/px4_msgs/include/px4_msgs/px4_msgs/msg/detail/gpio_config__builder.hpp\n'}
[1.437596] (px4_msgs) StdoutLine: {'line': b'-- Up-to-date: /home/mcfb/ros2_ws/install/px4_msgs/include/px4_msgs/px4_msgs/msg/detail/differential_pressure__traits.hpp\n'}
[1.437657] (px4_msgs) StdoutLine: {'line': b'-- Up-to-date: /home/mcfb/ros2_ws/install/px4_msgs/include/px4_msgs/px4_msgs/msg/detail/vehicle_attitude__builder.hpp\n'}
[1.437702] (px4_msgs) StdoutLine: {'line': b'-- Up-to-date: /home/mcfb/ros2_ws/install/px4_msgs/include/px4_msgs/px4_msgs/msg/detail/position_controller_landing_status__traits.hpp\n'}
[1.437749] (px4_msgs) StdoutLine: {'line': b'-- Up-to-date: /home/mcfb/ros2_ws/install/px4_msgs/include/px4_msgs/px4_msgs/msg/detail/manual_control_switches__type_support.hpp\n'}
[1.437810] (px4_msgs) StdoutLine: {'line': b'-- Up-to-date: /home/mcfb/ros2_ws/install/px4_msgs/include/px4_msgs/px4_msgs/msg/detail/vehicle_air_data__struct.hpp\n'}
[1.437878] (px4_msgs) StdoutLine: {'line': b'-- Up-to-date: /home/mcfb/ros2_ws/install/px4_msgs/include/px4_msgs/px4_msgs/msg/detail/fixed_wing_runway_control__builder.hpp\n'}
[1.437943] (px4_msgs) StdoutLine: {'line': b'-- Up-to-date: /home/mcfb/ros2_ws/install/px4_msgs/include/px4_msgs/px4_msgs/msg/detail/flight_phase_estimation__traits.hpp\n'}
[1.438005] (px4_msgs) StdoutLine: {'line': b'-- Up-to-date: /home/mcfb/ros2_ws/install/px4_msgs/include/px4_msgs/px4_msgs/msg/detail/gimbal_device_set_attitude__traits.hpp\n'}
[1.438064] (px4_msgs) StdoutLine: {'line': b'-- Up-to-date: /home/mcfb/ros2_ws/install/px4_msgs/include/px4_msgs/px4_msgs/msg/detail/sensor_gyro_fft__builder.hpp\n'}
[1.438126] (px4_msgs) StdoutLine: {'line': b'-- Up-to-date: /home/mcfb/ros2_ws/install/px4_msgs/include/px4_msgs/px4_msgs/msg/detail/logger_status__struct.hpp\n'}
[1.438186] (px4_msgs) StdoutLine: {'line': b'-- Up-to-date: /home/mcfb/ros2_ws/install/px4_msgs/include/px4_msgs/px4_msgs/msg/detail/open_drone_id_self_id__struct.hpp\n'}
[1.438247] (px4_msgs) StdoutLine: {'line': b'-- Up-to-date: /home/mcfb/ros2_ws/install/px4_msgs/include/px4_msgs/px4_msgs/msg/detail/vehicle_roi__traits.hpp\n'}
[1.438308] (px4_msgs) StdoutLine: {'line': b'-- Up-to-date: /home/mcfb/ros2_ws/install/px4_msgs/include/px4_msgs/px4_msgs/msg/detail/control_allocator_status__builder.hpp\n'}
[1.438371] (px4_msgs) StdoutLine: {'line': b'-- Up-to-date: /home/mcfb/ros2_ws/install/px4_msgs/include/px4_msgs/px4_msgs/msg/detail/mag_worker_data__struct.hpp\n'}
[1.438434] (px4_msgs) StdoutLine: {'line': b'-- Up-to-date: /home/mcfb/ros2_ws/install/px4_msgs/include/px4_msgs/px4_msgs/msg/detail/ekf2_timestamps__traits.hpp\n'}
[1.438496] (px4_msgs) StdoutLine: {'line': b'-- Up-to-date: /home/mcfb/ros2_ws/install/px4_msgs/include/px4_msgs/px4_msgs/msg/detail/wind__traits.hpp\n'}
[1.438556] (px4_msgs) StdoutLine: {'line': b'-- Up-to-date: /home/mcfb/ros2_ws/install/px4_msgs/include/px4_msgs/px4_msgs/msg/detail/rover_speed_setpoint__builder.hpp\n'}
[1.438629] (px4_msgs) StdoutLine: {'line': b'-- Up-to-date: /home/mcfb/ros2_ws/install/px4_msgs/include/px4_msgs/px4_msgs/msg/detail/fuel_tank_status__struct.hpp\n'}
[1.438682] (px4_msgs) StdoutLine: {'line': b'-- Up-to-date: /home/mcfb/ros2_ws/install/px4_msgs/include/px4_msgs/px4_msgs/msg/detail/mission_result__builder.hpp\n'}
[1.438729] (px4_msgs) StdoutLine: {'line': b'-- Up-to-date: /home/mcfb/ros2_ws/install/px4_msgs/include/px4_msgs/px4_msgs/msg/detail/actuator_controls_status__struct.hpp\n'}
[1.438776] (px4_msgs) StdoutLine: {'line': b'-- Up-to-date: /home/mcfb/ros2_ws/install/px4_msgs/include/px4_msgs/px4_msgs/msg/detail/adc_report__type_support.hpp\n'}
[1.438823] (px4_msgs) StdoutLine: {'line': b'-- Up-to-date: /home/mcfb/ros2_ws/install/px4_msgs/include/px4_msgs/px4_msgs/msg/detail/debug_vect__traits.hpp\n'}
[1.438924] (px4_msgs) StdoutLine: {'line': b'-- Up-to-date: /home/mcfb/ros2_ws/install/px4_msgs/include/px4_msgs/px4_msgs/msg/detail/mode_completed__type_support.hpp\n'}
[1.438969] (px4_msgs) StdoutLine: {'line': b'-- Up-to-date: /home/mcfb/ros2_ws/install/px4_msgs/include/px4_msgs/px4_msgs/msg/detail/esc_report__traits.hpp\n'}
[1.439038] (px4_msgs) StdoutLine: {'line': b'-- Up-to-date: /home/mcfb/ros2_ws/install/px4_msgs/include/px4_msgs/px4_msgs/msg/detail/vehicle_command__traits.hpp\n'}
[1.439135] (px4_msgs) StdoutLine: {'line': b'-- Up-to-date: /home/mcfb/ros2_ws/install/px4_msgs/include/px4_msgs/px4_msgs/msg/detail/estimator_bias__traits.hpp\n'}
[1.439183] (px4_msgs) StdoutLine: {'line': b'-- Up-to-date: /home/mcfb/ros2_ws/install/px4_msgs/include/px4_msgs/px4_msgs/msg/detail/vehicle_command__builder.hpp\n'}
[1.439227] (px4_msgs) StdoutLine: {'line': b'-- Up-to-date: /home/mcfb/ros2_ws/install/px4_msgs/include/px4_msgs/px4_msgs/msg/detail/magnetometer_bias_estimate__type_support.hpp\n'}
[1.439276] (px4_msgs) StdoutLine: {'line': b'-- Up-to-date: /home/mcfb/ros2_ws/install/px4_msgs/include/px4_msgs/px4_msgs/msg/detail/landing_target_pose__traits.hpp\n'}
[1.439325] (px4_msgs) StdoutLine: {'line': b'-- Up-to-date: /home/mcfb/ros2_ws/install/px4_msgs/include/px4_msgs/px4_msgs/msg/detail/orb_test__builder.hpp\n'}
[1.439371] (px4_msgs) StdoutLine: {'line': b'-- Up-to-date: /home/mcfb/ros2_ws/install/px4_msgs/include/px4_msgs/px4_msgs/msg/detail/internal_combustion_engine_control__traits.hpp\n'}
[1.439417] (px4_msgs) StdoutLine: {'line': b'-- Up-to-date: /home/mcfb/ros2_ws/install/px4_msgs/include/px4_msgs/px4_msgs/msg/detail/rc_channels__builder.hpp\n'}
[1.439462] (px4_msgs) StdoutLine: {'line': b'-- Up-to-date: /home/mcfb/ros2_ws/install/px4_msgs/include/px4_msgs/px4_msgs/msg/detail/task_stack_info__builder.hpp\n'}
[1.439508] (px4_msgs) StdoutLine: {'line': b'-- Up-to-date: /home/mcfb/ros2_ws/install/px4_msgs/include/px4_msgs/px4_msgs/msg/detail/actuator_motors__type_support.hpp\n'}
[1.439554] (px4_msgs) StdoutLine: {'line': b'-- Up-to-date: /home/mcfb/ros2_ws/install/px4_msgs/include/px4_msgs/px4_msgs/msg/detail/open_drone_id_system__type_support.hpp\n'}
[1.439624] (px4_msgs) StdoutLine: {'line': b'-- Up-to-date: /home/mcfb/ros2_ws/install/px4_msgs/include/px4_msgs/px4_msgs/msg/detail/can_interface_status__builder.hpp\n'}
[1.439684] (px4_msgs) StdoutLine: {'line': b'-- Up-to-date: /home/mcfb/ros2_ws/install/px4_msgs/include/px4_msgs/px4_msgs/msg/detail/debug_value__struct.hpp\n'}
[1.439727] (px4_msgs) StdoutLine: {'line': b'-- Up-to-date: /home/mcfb/ros2_ws/install/px4_msgs/include/px4_msgs/px4_msgs/msg/detail/goto_setpoint__traits.hpp\n'}
[1.439768] (px4_msgs) StdoutLine: {'line': b'-- Up-to-date: /home/mcfb/ros2_ws/install/px4_msgs/include/px4_msgs/px4_msgs/msg/detail/gimbal_manager_status__struct.hpp\n'}
[1.439811] (px4_msgs) StdoutLine: {'line': b'-- Up-to-date: /home/mcfb/ros2_ws/install/px4_msgs/include/px4_msgs/px4_msgs/msg/detail/fixed_wing_lateral_setpoint__struct.hpp\n'}
[1.439863] (px4_msgs) StdoutLine: {'line': b'-- Up-to-date: /home/mcfb/ros2_ws/install/px4_msgs/include/px4_msgs/px4_msgs/msg/detail/adc_report__builder.hpp\n'}
[1.439906] (px4_msgs) StdoutLine: {'line': b'-- Up-to-date: /home/mcfb/ros2_ws/install/px4_msgs/include/px4_msgs/px4_msgs/msg/detail/wheel_encoders__type_support.hpp\n'}
[1.439949] (px4_msgs) StdoutLine: {'line': b'-- Up-to-date: /home/mcfb/ros2_ws/install/px4_msgs/include/px4_msgs/px4_msgs/msg/detail/vehicle_imu_status__struct.hpp\n'}
[1.439992] (px4_msgs) StdoutLine: {'line': b'-- Up-to-date: /home/mcfb/ros2_ws/install/px4_msgs/include/px4_msgs/px4_msgs/msg/detail/input_rc__traits.hpp\n'}
[1.440034] (px4_msgs) StdoutLine: {'line': b'-- Up-to-date: /home/mcfb/ros2_ws/install/px4_msgs/include/px4_msgs/px4_msgs/msg/detail/fixed_wing_lateral_status__type_support.hpp\n'}
[1.440076] (px4_msgs) StdoutLine: {'line': b'-- Up-to-date: /home/mcfb/ros2_ws/install/px4_msgs/include/px4_msgs/px4_msgs/msg/detail/vehicle_command__struct.hpp\n'}
[1.440122] (px4_msgs) StdoutLine: {'line': b'-- Up-to-date: /home/mcfb/ros2_ws/install/px4_msgs/include/px4_msgs/px4_msgs/msg/detail/iridiumsbd_status__type_support.hpp\n'}
[1.440168] (px4_msgs) StdoutLine: {'line': b'-- Up-to-date: /home/mcfb/ros2_ws/install/px4_msgs/include/px4_msgs/px4_msgs/msg/detail/sensor_gnss_relative__builder.hpp\n'}
[1.440215] (px4_msgs) StdoutLine: {'line': b'-- Up-to-date: /home/mcfb/ros2_ws/install/px4_msgs/include/px4_msgs/px4_msgs/msg/detail/vehicle_status__traits.hpp\n'}
[1.440262] (px4_msgs) StdoutLine: {'line': b'-- Up-to-date: /home/mcfb/ros2_ws/install/px4_msgs/include/px4_msgs/px4_msgs/msg/detail/qshell_req__builder.hpp\n'}
[1.440311] (px4_msgs) StdoutLine: {'line': b'-- Up-to-date: /home/mcfb/ros2_ws/install/px4_msgs/include/px4_msgs/px4_msgs/msg/detail/vehicle_roi__struct.hpp\n'}
[1.440360] (px4_msgs) StdoutLine: {'line': b'-- Up-to-date: /home/mcfb/ros2_ws/install/px4_msgs/include/px4_msgs/px4_msgs/msg/detail/dataman_response__builder.hpp\n'}
[1.440406] (px4_msgs) StdoutLine: {'line': b'-- Up-to-date: /home/mcfb/ros2_ws/install/px4_msgs/include/px4_msgs/px4_msgs/msg/detail/follow_target_status__builder.hpp\n'}
[1.440453] (px4_msgs) StdoutLine: {'line': b'-- Up-to-date: /home/mcfb/ros2_ws/install/px4_msgs/include/px4_msgs/px4_msgs/msg/detail/gps_inject_data__builder.hpp\n'}
[1.440499] (px4_msgs) StdoutLine: {'line': b'-- Up-to-date: /home/mcfb/ros2_ws/install/px4_msgs/include/px4_msgs/px4_msgs/msg/detail/tiltrotor_extra_controls__traits.hpp\n'}
[1.440545] (px4_msgs) StdoutLine: {'line': b'-- Up-to-date: /home/mcfb/ros2_ws/install/px4_msgs/include/px4_msgs/px4_msgs/msg/detail/cpuload__struct.hpp\n'}
[1.440592] (px4_msgs) StdoutLine: {'line': b'-- Up-to-date: /home/mcfb/ros2_ws/install/px4_msgs/include/px4_msgs/px4_msgs/msg/detail/rtl_time_estimate__type_support.hpp\n'}
[1.440636] (px4_msgs) StdoutLine: {'line': b'-- Up-to-date: /home/mcfb/ros2_ws/install/px4_msgs/include/px4_msgs/px4_msgs/msg/detail/navigator_mission_item__traits.hpp\n'}
[1.440683] (px4_msgs) StdoutLine: {'line': b'-- Up-to-date: /home/mcfb/ros2_ws/install/px4_msgs/include/px4_msgs/px4_msgs/msg/detail/vehicle_local_position_setpoint__builder.hpp\n'}
[1.440729] (px4_msgs) StdoutLine: {'line': b'-- Up-to-date: /home/mcfb/ros2_ws/install/px4_msgs/include/px4_msgs/px4_msgs/msg/detail/airspeed_wind__builder.hpp\n'}
[1.440814] (px4_msgs) StdoutLine: {'line': b'-- Up-to-date: /home/mcfb/ros2_ws/install/px4_msgs/include/px4_msgs/px4_msgs/msg/detail/rc_parameter_map__type_support.hpp\n'}
[1.440964] (px4_msgs) StdoutLine: {'line': b'-- Up-to-date: /home/mcfb/ros2_ws/install/px4_msgs/include/px4_msgs/px4_msgs/msg/detail/vehicle_attitude_setpoint__traits.hpp\n'}
[1.441063] (px4_msgs) StdoutLine: {'line': b'-- Up-to-date: /home/mcfb/ros2_ws/install/px4_msgs/include/px4_msgs/px4_msgs/msg/detail/debug_value__builder.hpp\n'}
[1.441117] (px4_msgs) StdoutLine: {'line': b'-- Up-to-date: /home/mcfb/ros2_ws/install/px4_msgs/include/px4_msgs/px4_msgs/msg/detail/magnetometer_bias_estimate__builder.hpp\n'}
[1.441164] (px4_msgs) StdoutLine: {'line': b'-- Up-to-date: /home/mcfb/ros2_ws/install/px4_msgs/include/px4_msgs/px4_msgs/msg/detail/trajectory_setpoint__traits.hpp\n'}
[1.441209] (px4_msgs) StdoutLine: {'line': b'-- Up-to-date: /home/mcfb/ros2_ws/install/px4_msgs/include/px4_msgs/px4_msgs/msg/detail/wheel_encoders__struct.hpp\n'}
[1.441259] (px4_msgs) StdoutLine: {'line': b'-- Up-to-date: /home/mcfb/ros2_ws/install/px4_msgs/include/px4_msgs/px4_msgs/msg/detail/ulog_stream__type_support.hpp\n'}
[1.441328] (px4_msgs) StdoutLine: {'line': b'-- Up-to-date: /home/mcfb/ros2_ws/install/px4_msgs/include/px4_msgs/px4_msgs/msg/detail/irlock_report__traits.hpp\n'}
[1.441371] (px4_msgs) StdoutLine: {'line': b'-- Up-to-date: /home/mcfb/ros2_ws/install/px4_msgs/include/px4_msgs/px4_msgs/msg/detail/camera_status__builder.hpp\n'}
[1.441412] (px4_msgs) StdoutLine: {'line': b'-- Up-to-date: /home/mcfb/ros2_ws/install/px4_msgs/include/px4_msgs/px4_msgs/msg/detail/ping__builder.hpp\n'}
[1.441454] (px4_msgs) StdoutLine: {'line': b'-- Up-to-date: /home/mcfb/ros2_ws/install/px4_msgs/include/px4_msgs/px4_msgs/msg/detail/rc_channels__traits.hpp\n'}
[1.441496] (px4_msgs) StdoutLine: {'line': b'-- Up-to-date: /home/mcfb/ros2_ws/install/px4_msgs/include/px4_msgs/px4_msgs/msg/detail/gimbal_device_information__type_support.hpp\n'}
[1.441539] (px4_msgs) StdoutLine: {'line': b'-- Up-to-date: /home/mcfb/ros2_ws/install/px4_msgs/include/px4_msgs/px4_msgs/msg/detail/sensor_optical_flow__struct.hpp\n'}
[1.441577] (px4_msgs) StdoutLine: {'line': b'-- Up-to-date: /home/mcfb/ros2_ws/install/px4_msgs/include/px4_msgs/px4_msgs/msg/detail/gps_inject_data__traits.hpp\n'}
[1.441640] (px4_msgs) StdoutLine: {'line': b'-- Up-to-date: /home/mcfb/ros2_ws/install/px4_msgs/include/px4_msgs/px4_msgs/msg/detail/airspeed__type_support.hpp\n'}
[1.441678] (px4_msgs) StdoutLine: {'line': b'-- Up-to-date: /home/mcfb/ros2_ws/install/px4_msgs/include/px4_msgs/px4_msgs/msg/detail/takeoff_status__type_support.hpp\n'}
[1.441716] (px4_msgs) StdoutLine: {'line': b'-- Up-to-date: /home/mcfb/ros2_ws/install/px4_msgs/include/px4_msgs/px4_msgs/msg/detail/fixed_wing_lateral_setpoint__traits.hpp\n'}
[1.441752] (px4_msgs) StdoutLine: {'line': b'-- Up-to-date: /home/mcfb/ros2_ws/install/px4_msgs/include/px4_msgs/px4_msgs/msg/detail/led_control__type_support.hpp\n'}
[1.441791] (px4_msgs) StdoutLine: {'line': b'-- Up-to-date: /home/mcfb/ros2_ws/install/px4_msgs/include/px4_msgs/px4_msgs/msg/detail/control_allocator_status__traits.hpp\n'}
[1.441829] (px4_msgs) StdoutLine: {'line': b'-- Up-to-date: /home/mcfb/ros2_ws/install/px4_msgs/include/px4_msgs/px4_msgs/msg/detail/generator_status__traits.hpp\n'}
[1.441872] (px4_msgs) StdoutLine: {'line': b'-- Up-to-date: /home/mcfb/ros2_ws/install/px4_msgs/include/px4_msgs/px4_msgs/msg/detail/internal_combustion_engine_status__builder.hpp\n'}
[1.441911] (px4_msgs) StdoutLine: {'line': b'-- Up-to-date: /home/mcfb/ros2_ws/install/px4_msgs/include/px4_msgs/px4_msgs/msg/detail/follow_target_estimator__traits.hpp\n'}
[1.441950] (px4_msgs) StdoutLine: {'line': b'-- Up-to-date: /home/mcfb/ros2_ws/install/px4_msgs/include/px4_msgs/px4_msgs/msg/detail/distance_sensor_mode_change_request__builder.hpp\n'}
[1.441987] (px4_msgs) StdoutLine: {'line': b'-- Up-to-date: /home/mcfb/ros2_ws/install/px4_msgs/include/px4_msgs/px4_msgs/msg/detail/wind__builder.hpp\n'}
[1.442027] (px4_msgs) StdoutLine: {'line': b'-- Up-to-date: /home/mcfb/ros2_ws/install/px4_msgs/include/px4_msgs/px4_msgs/msg/detail/airspeed_wind__traits.hpp\n'}
[1.442103] (px4_msgs) StdoutLine: {'line': b'-- Up-to-date: /home/mcfb/ros2_ws/install/px4_msgs/include/px4_msgs/px4_msgs/msg/detail/vehicle_torque_setpoint__traits.hpp\n'}
[1.442139] (px4_msgs) StdoutLine: {'line': b'-- Up-to-date: /home/mcfb/ros2_ws/install/px4_msgs/include/px4_msgs/px4_msgs/msg/detail/obstacle_distance__type_support.hpp\n'}
[1.442174] (px4_msgs) StdoutLine: {'line': b'-- Up-to-date: /home/mcfb/ros2_ws/install/px4_msgs/include/px4_msgs/px4_msgs/msg/detail/camera_capture__type_support.hpp\n'}
[1.442210] (px4_msgs) StdoutLine: {'line': b'-- Up-to-date: /home/mcfb/ros2_ws/install/px4_msgs/include/px4_msgs/px4_msgs/msg/detail/rover_throttle_setpoint__traits.hpp\n'}
[1.442246] (px4_msgs) StdoutLine: {'line': b'-- Up-to-date: /home/mcfb/ros2_ws/install/px4_msgs/include/px4_msgs/px4_msgs/msg/detail/estimator_selector_status__type_support.hpp\n'}
[1.442282] (px4_msgs) StdoutLine: {'line': b'-- Up-to-date: /home/mcfb/ros2_ws/install/px4_msgs/include/px4_msgs/px4_msgs/msg/detail/unregister_ext_component__traits.hpp\n'}
[1.442323] (px4_msgs) StdoutLine: {'line': b'-- Up-to-date: /home/mcfb/ros2_ws/install/px4_msgs/include/px4_msgs/px4_msgs/msg/detail/dataman_request__traits.hpp\n'}
[1.442360] (px4_msgs) StdoutLine: {'line': b'-- Up-to-date: /home/mcfb/ros2_ws/install/px4_msgs/include/px4_msgs/px4_msgs/msg/detail/event__struct.hpp\n'}
[1.442400] (px4_msgs) StdoutLine: {'line': b'-- Up-to-date: /home/mcfb/ros2_ws/install/px4_msgs/include/px4_msgs/px4_msgs/msg/detail/landing_target_innovations__builder.hpp\n'}
[1.442443] (px4_msgs) StdoutLine: {'line': b'-- Up-to-date: /home/mcfb/ros2_ws/install/px4_msgs/include/px4_msgs/px4_msgs/msg/detail/cpuload__builder.hpp\n'}
[1.442482] (px4_msgs) StdoutLine: {'line': b'-- Up-to-date: /home/mcfb/ros2_ws/install/px4_msgs/include/px4_msgs/px4_msgs/msg/detail/message_format_request__traits.hpp\n'}
[1.442521] (px4_msgs) StdoutLine: {'line': b'-- Up-to-date: /home/mcfb/ros2_ws/install/px4_msgs/include/px4_msgs/px4_msgs/msg/detail/vtol_vehicle_status__type_support.hpp\n'}
[1.442575] (px4_msgs) StdoutLine: {'line': b'-- Up-to-date: /home/mcfb/ros2_ws/install/px4_msgs/include/px4_msgs/px4_msgs/msg/detail/open_drone_id_operator_id__type_support.hpp\n'}
[1.442650] (px4_msgs) StdoutLine: {'line': b'-- Up-to-date: /home/mcfb/ros2_ws/install/px4_msgs/include/px4_msgs/px4_msgs/msg/detail/landing_gear_wheel__type_support.hpp\n'}
[1.442710] (px4_msgs) StdoutLine: {'line': b'-- Up-to-date: /home/mcfb/ros2_ws/install/px4_msgs/include/px4_msgs/px4_msgs/msg/detail/manual_control_switches__struct.hpp\n'}
[1.442773] (px4_msgs) StdoutLine: {'line': b'-- Up-to-date: /home/mcfb/ros2_ws/install/px4_msgs/include/px4_msgs/px4_msgs/msg/detail/vehicle_acceleration__traits.hpp\n'}
[1.442833] (px4_msgs) StdoutLine: {'line': b'-- Up-to-date: /home/mcfb/ros2_ws/install/px4_msgs/include/px4_msgs/px4_msgs/msg/detail/vehicle_acceleration__struct.hpp\n'}
[1.442912] (px4_msgs) StdoutLine: {'line': b'-- Up-to-date: /home/mcfb/ros2_ws/install/px4_msgs/include/px4_msgs/px4_msgs/msg/detail/wind__type_support.hpp\n'}
[1.442958] (px4_msgs) StdoutLine: {'line': b'-- Up-to-date: /home/mcfb/ros2_ws/install/px4_msgs/include/px4_msgs/px4_msgs/msg/detail/sensor_baro__traits.hpp\n'}
[1.442998] (px4_msgs) StdoutLine: {'line': b'-- Up-to-date: /home/mcfb/ros2_ws/install/px4_msgs/include/px4_msgs/px4_msgs/msg/detail/vehicle_angular_acceleration_setpoint__traits.hpp\n'}
[1.443052] (px4_msgs) StdoutLine: {'line': b'-- Up-to-date: /home/mcfb/ros2_ws/install/px4_msgs/include/px4_msgs/px4_msgs/msg/detail/sensor_mag__traits.hpp\n'}
[1.443098] (px4_msgs) StdoutLine: {'line': b'-- Up-to-date: /home/mcfb/ros2_ws/install/px4_msgs/include/px4_msgs/px4_msgs/msg/detail/manual_control_setpoint__type_support.hpp\n'}
[1.443135] (px4_msgs) StdoutLine: {'line': b'-- Up-to-date: /home/mcfb/ros2_ws/install/px4_msgs/include/px4_msgs/px4_msgs/msg/detail/vehicle_command_ack__type_support.hpp\n'}
[1.443201] (px4_msgs) StdoutLine: {'line': b'-- Up-to-date: /home/mcfb/ros2_ws/install/px4_msgs/include/px4_msgs/px4_msgs/msg/detail/pure_pursuit_status__type_support.hpp\n'}
[1.443237] (px4_msgs) StdoutLine: {'line': b'-- Up-to-date: /home/mcfb/ros2_ws/install/px4_msgs/include/px4_msgs/px4_msgs/msg/detail/estimator_event_flags__type_support.hpp\n'}
[1.443275] (px4_msgs) StdoutLine: {'line': b'-- Up-to-date: /home/mcfb/ros2_ws/install/px4_msgs/include/px4_msgs/px4_msgs/msg/detail/esc_status__traits.hpp\n'}
[1.443323] (px4_msgs) StdoutLine: {'line': b'-- Up-to-date: /home/mcfb/ros2_ws/install/px4_msgs/include/px4_msgs/px4_msgs/msg/detail/sensor_optical_flow__traits.hpp\n'}
[1.443393] (px4_msgs) StdoutLine: {'line': b'-- Up-to-date: /home/mcfb/ros2_ws/install/px4_msgs/include/px4_msgs/px4_msgs/msg/detail/power_monitor__struct.hpp\n'}
[1.443447] (px4_msgs) StdoutLine: {'line': b'-- Up-to-date: /home/mcfb/ros2_ws/install/px4_msgs/include/px4_msgs/px4_msgs/msg/detail/debug_value__type_support.hpp\n'}
[1.443494] (px4_msgs) StdoutLine: {'line': b'-- Up-to-date: /home/mcfb/ros2_ws/install/px4_msgs/include/px4_msgs/px4_msgs/msg/detail/vehicle_roi__builder.hpp\n'}
[1.443678] (px4_msgs) StdoutLine: {'line': b'-- Up-to-date: /home/mcfb/ros2_ws/install/px4_msgs/include/px4_msgs/px4_msgs/msg/detail/sensor_correction__struct.hpp\n'}
[1.443765] (px4_msgs) StdoutLine: {'line': b'-- Up-to-date: /home/mcfb/ros2_ws/install/px4_msgs/include/px4_msgs/px4_msgs/msg/detail/uavcan_parameter_value__traits.hpp\n'}
[1.443808] (px4_msgs) StdoutLine: {'line': b'-- Up-to-date: /home/mcfb/ros2_ws/install/px4_msgs/include/px4_msgs/px4_msgs/msg/detail/sensor_airflow__traits.hpp\n'}
[1.443856] (px4_msgs) StdoutLine: {'line': b'-- Up-to-date: /home/mcfb/ros2_ws/install/px4_msgs/include/px4_msgs/px4_msgs/msg/detail/timesync_status__builder.hpp\n'}
[1.443894] (px4_msgs) StdoutLine: {'line': b'-- Up-to-date: /home/mcfb/ros2_ws/install/px4_msgs/include/px4_msgs/px4_msgs/msg/detail/parameter_set_used_request__builder.hpp\n'}
[1.443934] (px4_msgs) StdoutLine: {'line': b'-- Up-to-date: /home/mcfb/ros2_ws/install/px4_msgs/include/px4_msgs/px4_msgs/msg/detail/vehicle_odometry__struct.hpp\n'}
[1.443977] (px4_msgs) StdoutLine: {'line': b'-- Up-to-date: /home/mcfb/ros2_ws/install/px4_msgs/include/px4_msgs/px4_msgs/msg/detail/trajectory_setpoint__builder.hpp\n'}
[1.444020] (px4_msgs) StdoutLine: {'line': b'-- Up-to-date: /home/mcfb/ros2_ws/install/px4_msgs/include/px4_msgs/px4_msgs/msg/detail/internal_combustion_engine_control__builder.hpp\n'}
[1.444063] (px4_msgs) StdoutLine: {'line': b'-- Up-to-date: /home/mcfb/ros2_ws/install/px4_msgs/include/px4_msgs/px4_msgs/msg/detail/actuator_servos_trim__builder.hpp\n'}
[1.444103] (px4_msgs) StdoutLine: {'line': b'-- Up-to-date: /home/mcfb/ros2_ws/install/px4_msgs/include/px4_msgs/px4_msgs/msg/detail/estimator_status_flags__type_support.hpp\n'}
[1.444150] (px4_msgs) StdoutLine: {'line': b'-- Up-to-date: /home/mcfb/ros2_ws/install/px4_msgs/include/px4_msgs/px4_msgs/msg/detail/onboard_computer_status__struct.hpp\n'}
[1.444210] (px4_msgs) StdoutLine: {'line': b'-- Up-to-date: /home/mcfb/ros2_ws/install/px4_msgs/include/px4_msgs/px4_msgs/msg/detail/tune_control__struct.hpp\n'}
[1.444289] (px4_msgs) StdoutLine: {'line': b'-- Up-to-date: /home/mcfb/ros2_ws/install/px4_msgs/include/px4_msgs/px4_msgs/msg/detail/esc_status__type_support.hpp\n'}
[1.444331] (px4_msgs) StdoutLine: {'line': b'-- Up-to-date: /home/mcfb/ros2_ws/install/px4_msgs/include/px4_msgs/px4_msgs/msg/detail/navigator_status__type_support.hpp\n'}
[1.444365] (px4_msgs) StdoutLine: {'line': b'-- Up-to-date: /home/mcfb/ros2_ws/install/px4_msgs/include/px4_msgs/px4_msgs/msg/detail/arming_check_request__builder.hpp\n'}
[1.444406] (px4_msgs) StdoutLine: {'line': b'-- Up-to-date: /home/mcfb/ros2_ws/install/px4_msgs/include/px4_msgs/px4_msgs/msg/detail/camera_status__struct.hpp\n'}
[1.444445] (px4_msgs) StdoutLine: {'line': b'-- Up-to-date: /home/mcfb/ros2_ws/install/px4_msgs/include/px4_msgs/px4_msgs/msg/detail/logger_status__builder.hpp\n'}
[1.444481] (px4_msgs) StdoutLine: {'line': b'-- Up-to-date: /home/mcfb/ros2_ws/install/px4_msgs/include/px4_msgs/px4_msgs/msg/detail/vehicle_global_position__struct.hpp\n'}
[1.444514] (px4_msgs) StdoutLine: {'line': b'-- Up-to-date: /home/mcfb/ros2_ws/install/px4_msgs/include/px4_msgs/px4_msgs/msg/detail/rover_attitude_setpoint__traits.hpp\n'}
[1.444548] (px4_msgs) StdoutLine: {'line': b'-- Up-to-date: /home/mcfb/ros2_ws/install/px4_msgs/include/px4_msgs/px4_msgs/msg/detail/pure_pursuit_status__struct.hpp\n'}
[1.444592] (px4_msgs) StdoutLine: {'line': b'-- Up-to-date: /home/mcfb/ros2_ws/install/px4_msgs/include/px4_msgs/px4_msgs/msg/detail/ulog_stream_ack__builder.hpp\n'}
[1.444788] (px4_msgs) StdoutLine: {'line': b'-- Up-to-date: /home/mcfb/ros2_ws/install/px4_msgs/include/px4_msgs/px4_msgs/msg/detail/pwm_input__traits.hpp\n'}
[1.444893] (px4_msgs) StdoutLine: {'line': b'-- Up-to-date: /home/mcfb/ros2_ws/install/px4_msgs/include/px4_msgs/px4_msgs/msg/detail/estimator_bias__type_support.hpp\n'}
[1.445035] (px4_msgs) StdoutLine: {'line': b'-- Up-to-date: /home/mcfb/ros2_ws/install/px4_msgs/include/px4_msgs/px4_msgs/msg/detail/follow_target_estimator__struct.hpp\n'}
[1.445098] (px4_msgs) StdoutLine: {'line': b'-- Up-to-date: /home/mcfb/ros2_ws/install/px4_msgs/include/px4_msgs/px4_msgs/msg/detail/tune_control__builder.hpp\n'}
[1.445253] (px4_msgs) StdoutLine: {'line': b'-- Up-to-date: /home/mcfb/ros2_ws/install/px4_msgs/include/px4_msgs/px4_msgs/msg/detail/gimbal_controls__builder.hpp\n'}
[1.445327] (px4_msgs) StdoutLine: {'line': b'-- Up-to-date: /home/mcfb/ros2_ws/install/px4_msgs/include/px4_msgs/px4_msgs/msg/detail/cpuload__type_support.hpp\n'}
[1.445379] (px4_msgs) StdoutLine: {'line': b'-- Up-to-date: /home/mcfb/ros2_ws/install/px4_msgs/include/px4_msgs/px4_msgs/msg/detail/battery_status__struct.hpp\n'}
[1.445562] (px4_msgs) StdoutLine: {'line': b'-- Up-to-date: /home/mcfb/ros2_ws/install/px4_msgs/include/px4_msgs/px4_msgs/msg/detail/vehicle_constraints__struct.hpp\n'}
[1.445625] (px4_msgs) StdoutLine: {'line': b'-- Up-to-date: /home/mcfb/ros2_ws/install/px4_msgs/include/px4_msgs/px4_msgs/msg/detail/vehicle_constraints__builder.hpp\n'}
[1.445676] (px4_msgs) StdoutLine: {'line': b'-- Up-to-date: /home/mcfb/ros2_ws/install/px4_msgs/include/px4_msgs/px4_msgs/msg/detail/rpm__type_support.hpp\n'}
[1.445793] (px4_msgs) StdoutLine: {'line': b'-- Up-to-date: /home/mcfb/ros2_ws/install/px4_msgs/include/px4_msgs/px4_msgs/msg/detail/fixed_wing_lateral_guidance_status__struct.hpp\n'}
[1.445871] (px4_msgs) StdoutLine: {'line': b'-- Up-to-date: /home/mcfb/ros2_ws/install/px4_msgs/include/px4_msgs/px4_msgs/msg/detail/neural_control__struct.hpp\n'}
[1.445925] (px4_msgs) StdoutLine: {'line': b'-- Up-to-date: /home/mcfb/ros2_ws/install/px4_msgs/include/px4_msgs/px4_msgs/msg/detail/qshell_req__struct.hpp\n'}
[1.445983] (px4_msgs) StdoutLine: {'line': b'-- Up-to-date: /home/mcfb/ros2_ws/install/px4_msgs/include/px4_msgs/px4_msgs/msg/detail/actuator_test__type_support.hpp\n'}
[1.446040] (px4_msgs) StdoutLine: {'line': b'-- Up-to-date: /home/mcfb/ros2_ws/install/px4_msgs/include/px4_msgs/px4_msgs/msg/detail/rover_position_setpoint__type_support.hpp\n'}
[1.446095] (px4_msgs) StdoutLine: {'line': b'-- Up-to-date: /home/mcfb/ros2_ws/install/px4_msgs/include/px4_msgs/px4_msgs/msg/detail/estimator_gps_status__builder.hpp\n'}
[1.446148] (px4_msgs) StdoutLine: {'line': b'-- Up-to-date: /home/mcfb/ros2_ws/install/px4_msgs/include/px4_msgs/px4_msgs/msg/detail/power_button_state__type_support.hpp\n'}
[1.446204] (px4_msgs) StdoutLine: {'line': b'-- Up-to-date: /home/mcfb/ros2_ws/install/px4_msgs/include/px4_msgs/px4_msgs/msg/detail/orbit_status__struct.hpp\n'}
[1.446261] (px4_msgs) StdoutLine: {'line': b'-- Up-to-date: /home/mcfb/ros2_ws/install/px4_msgs/include/px4_msgs/px4_msgs/msg/detail/sensor_gps__traits.hpp\n'}
[1.446310] (px4_msgs) StdoutLine: {'line': b'-- Up-to-date: /home/mcfb/ros2_ws/install/px4_msgs/include/px4_msgs/px4_msgs/msg/detail/cpuload__traits.hpp\n'}
[1.446361] (px4_msgs) StdoutLine: {'line': b'-- Up-to-date: /home/mcfb/ros2_ws/install/px4_msgs/include/px4_msgs/px4_msgs/msg/detail/cellular_status__builder.hpp\n'}
[1.446424] (px4_msgs) StdoutLine: {'line': b'-- Up-to-date: /home/mcfb/ros2_ws/install/px4_msgs/include/px4_msgs/px4_msgs/msg/detail/satellite_info__traits.hpp\n'}
[1.446462] (px4_msgs) StdoutLine: {'line': b'-- Up-to-date: /home/mcfb/ros2_ws/install/px4_msgs/include/px4_msgs/px4_msgs/msg/detail/position_setpoint_triplet__builder.hpp\n'}
[1.446514] (px4_msgs) StdoutLine: {'line': b'-- Up-to-date: /home/mcfb/ros2_ws/install/px4_msgs/include/px4_msgs/px4_msgs/msg/detail/gimbal_manager_set_manual_control__builder.hpp\n'}
[1.446558] (px4_msgs) StdoutLine: {'line': b'-- Up-to-date: /home/mcfb/ros2_ws/install/px4_msgs/include/px4_msgs/px4_msgs/msg/detail/vtol_vehicle_status__traits.hpp\n'}
[1.446609] (px4_msgs) StdoutLine: {'line': b'-- Up-to-date: /home/mcfb/ros2_ws/install/px4_msgs/include/px4_msgs/px4_msgs/msg/detail/vehicle_magnetometer__traits.hpp\n'}
[1.446673] (px4_msgs) StdoutLine: {'line': b'-- Up-to-date: /home/mcfb/ros2_ws/install/px4_msgs/include/px4_msgs/px4_msgs/msg/detail/failure_detector_status__struct.hpp\n'}
[1.446726] (px4_msgs) StdoutLine: {'line': b'-- Up-to-date: /home/mcfb/ros2_ws/install/px4_msgs/include/px4_msgs/px4_msgs/msg/detail/open_drone_id_arm_status__type_support.hpp\n'}
[1.446764] (px4_msgs) StdoutLine: {'line': b'-- Up-to-date: /home/mcfb/ros2_ws/install/px4_msgs/include/px4_msgs/px4_msgs/msg/detail/gpio_out__traits.hpp\n'}
[1.446816] (px4_msgs) StdoutLine: {'line': b'-- Up-to-date: /home/mcfb/ros2_ws/install/px4_msgs/include/px4_msgs/px4_msgs/msg/detail/tune_control__type_support.hpp\n'}
[1.446921] (px4_msgs) StdoutLine: {'line': b'-- Up-to-date: /home/mcfb/ros2_ws/install/px4_msgs/include/px4_msgs/px4_msgs/msg/detail/geofence_result__struct.hpp\n'}
[1.446974] (px4_msgs) StdoutLine: {'line': b'-- Up-to-date: /home/mcfb/ros2_ws/install/px4_msgs/include/px4_msgs/px4_msgs/msg/detail/dataman_response__struct.hpp\n'}
[1.447031] (px4_msgs) StdoutLine: {'line': b'-- Up-to-date: /home/mcfb/ros2_ws/install/px4_msgs/include/px4_msgs/px4_msgs/msg/detail/position_controller_status__struct.hpp\n'}
[1.447074] (px4_msgs) StdoutLine: {'line': b'-- Up-to-date: /home/mcfb/ros2_ws/install/px4_msgs/include/px4_msgs/px4_msgs/msg/detail/vehicle_optical_flow_vel__builder.hpp\n'}
[1.447124] (px4_msgs) StdoutLine: {'line': b'-- Up-to-date: /home/mcfb/ros2_ws/install/px4_msgs/include/px4_msgs/px4_msgs/msg/detail/wind__struct.hpp\n'}
[1.447182] (px4_msgs) StdoutLine: {'line': b'-- Up-to-date: /home/mcfb/ros2_ws/install/px4_msgs/include/px4_msgs/px4_msgs/msg/detail/sensor_preflight_mag__builder.hpp\n'}
[1.447239] (px4_msgs) StdoutLine: {'line': b'-- Up-to-date: /home/mcfb/ros2_ws/install/px4_msgs/include/px4_msgs/px4_msgs/msg/detail/launch_detection_status__struct.hpp\n'}
[1.447302] (px4_msgs) StdoutLine: {'line': b'-- Up-to-date: /home/mcfb/ros2_ws/install/px4_msgs/include/px4_msgs/px4_msgs/msg/detail/vehicle_command_ack__traits.hpp\n'}
[1.447362] (px4_msgs) StdoutLine: {'line': b'-- Up-to-date: /home/mcfb/ros2_ws/install/px4_msgs/include/px4_msgs/px4_msgs/msg/detail/sensor_correction__builder.hpp\n'}
[1.447423] (px4_msgs) StdoutLine: {'line': b'-- Up-to-date: /home/mcfb/ros2_ws/install/px4_msgs/include/px4_msgs/px4_msgs/msg/detail/rc_parameter_map__builder.hpp\n'}
[1.447481] (px4_msgs) StdoutLine: {'line': b'-- Up-to-date: /home/mcfb/ros2_ws/install/px4_msgs/include/px4_msgs/px4_msgs/msg/detail/gpio_out__type_support.hpp\n'}
[1.447543] (px4_msgs) StdoutLine: {'line': b'-- Up-to-date: /home/mcfb/ros2_ws/install/px4_msgs/include/px4_msgs/px4_msgs/msg/detail/estimator_gps_status__type_support.hpp\n'}
[1.447601] (px4_msgs) StdoutLine: {'line': b'-- Up-to-date: /home/mcfb/ros2_ws/install/px4_msgs/include/px4_msgs/px4_msgs/msg/detail/rtl_status__traits.hpp\n'}
[1.447662] (px4_msgs) StdoutLine: {'line': b'-- Up-to-date: /home/mcfb/ros2_ws/install/px4_msgs/include/px4_msgs/px4_msgs/msg/detail/qshell_retval__type_support.hpp\n'}
[1.447721] (px4_msgs) StdoutLine: {'line': b'-- Up-to-date: /home/mcfb/ros2_ws/install/px4_msgs/include/px4_msgs/px4_msgs/msg/detail/position_setpoint_triplet__traits.hpp\n'}
[1.447787] (px4_msgs) StdoutLine: {'line': b'-- Up-to-date: /home/mcfb/ros2_ws/install/px4_msgs/include/px4_msgs/px4_msgs/msg/detail/dronecan_node_status__type_support.hpp\n'}
[1.447856] (px4_msgs) StdoutLine: {'line': b'-- Up-to-date: /home/mcfb/ros2_ws/install/px4_msgs/include/px4_msgs/px4_msgs/msg/detail/gimbal_device_set_attitude__builder.hpp\n'}
[1.447903] (px4_msgs) StdoutLine: {'line': b'-- Up-to-date: /home/mcfb/ros2_ws/install/px4_msgs/include/px4_msgs/px4_msgs/msg/detail/vehicle_thrust_setpoint__builder.hpp\n'}
[1.447946] (px4_msgs) StdoutLine: {'line': b'-- Up-to-date: /home/mcfb/ros2_ws/install/px4_msgs/include/px4_msgs/px4_msgs/msg/detail/mission__type_support.hpp\n'}
[1.447990] (px4_msgs) StdoutLine: {'line': b'-- Up-to-date: /home/mcfb/ros2_ws/install/px4_msgs/include/px4_msgs/px4_msgs/msg/detail/estimator_bias3d__struct.hpp\n'}
[1.448031] (px4_msgs) StdoutLine: {'line': b'-- Up-to-date: /home/mcfb/ros2_ws/install/px4_msgs/include/px4_msgs/px4_msgs/msg/detail/mavlink_log__traits.hpp\n'}
[1.448080] (px4_msgs) StdoutLine: {'line': b'-- Up-to-date: /home/mcfb/ros2_ws/install/px4_msgs/include/px4_msgs/px4_msgs/msg/detail/manual_control_switches__builder.hpp\n'}
[1.448129] (px4_msgs) StdoutLine: {'line': b'-- Up-to-date: /home/mcfb/ros2_ws/install/px4_msgs/include/px4_msgs/px4_msgs/msg/detail/debug_value__traits.hpp\n'}
[1.448179] (px4_msgs) StdoutLine: {'line': b'-- Up-to-date: /home/mcfb/ros2_ws/install/px4_msgs/include/px4_msgs/px4_msgs/msg/detail/vehicle_imu__builder.hpp\n'}
[1.448230] (px4_msgs) StdoutLine: {'line': b'-- Up-to-date: /home/mcfb/ros2_ws/install/px4_msgs/include/px4_msgs/px4_msgs/msg/detail/px4io_status__struct.hpp\n'}
[1.448281] (px4_msgs) StdoutLine: {'line': b'-- Up-to-date: /home/mcfb/ros2_ws/install/px4_msgs/include/px4_msgs/px4_msgs/msg/detail/obstacle_distance__builder.hpp\n'}
[1.448322] (px4_msgs) StdoutLine: {'line': b'-- Up-to-date: /home/mcfb/ros2_ws/install/px4_msgs/include/px4_msgs/px4_msgs/msg/detail/config_overrides__traits.hpp\n'}
[1.448364] (px4_msgs) StdoutLine: {'line': b'-- Up-to-date: /home/mcfb/ros2_ws/install/px4_msgs/include/px4_msgs/px4_msgs/msg/detail/estimator_bias__struct.hpp\n'}
[1.448450] (px4_msgs) StdoutLine: {'line': b'-- Up-to-date: /home/mcfb/ros2_ws/install/px4_msgs/include/px4_msgs/px4_msgs/msg/detail/px4io_status__type_support.hpp\n'}
[1.448509] (px4_msgs) StdoutLine: {'line': b'-- Up-to-date: /home/mcfb/ros2_ws/install/px4_msgs/include/px4_msgs/px4_msgs/msg/detail/gpio_request__traits.hpp\n'}
[1.448567] (px4_msgs) StdoutLine: {'line': b'-- Up-to-date: /home/mcfb/ros2_ws/install/px4_msgs/include/px4_msgs/px4_msgs/msg/detail/actuator_motors__builder.hpp\n'}
[1.448621] (px4_msgs) StdoutLine: {'line': b'-- Up-to-date: /home/mcfb/ros2_ws/install/px4_msgs/include/px4_msgs/px4_msgs/msg/detail/power_button_state__struct.hpp\n'}
[1.448674] (px4_msgs) StdoutLine: {'line': b'-- Up-to-date: /home/mcfb/ros2_ws/install/px4_msgs/include/px4_msgs/px4_msgs/msg/detail/input_rc__struct.hpp\n'}
[1.448734] (px4_msgs) StdoutLine: {'line': b'-- Up-to-date: /home/mcfb/ros2_ws/install/px4_msgs/include/px4_msgs/px4_msgs/msg/detail/estimator_aid_source2d__builder.hpp\n'}
[1.448794] (px4_msgs) StdoutLine: {'line': b'-- Up-to-date: /home/mcfb/ros2_ws/install/px4_msgs/include/px4_msgs/px4_msgs/msg/detail/vehicle_torque_setpoint__type_support.hpp\n'}
[1.448834] (px4_msgs) StdoutLine: {'line': b'-- Up-to-date: /home/mcfb/ros2_ws/install/px4_msgs/include/px4_msgs/px4_msgs/msg/detail/fuel_tank_status__traits.hpp\n'}
[1.448880] (px4_msgs) StdoutLine: {'line': b'-- Up-to-date: /home/mcfb/ros2_ws/install/px4_msgs/include/px4_msgs/px4_msgs/msg/detail/mode_completed__builder.hpp\n'}
[1.448956] (px4_msgs) StdoutLine: {'line': b'-- Up-to-date: /home/mcfb/ros2_ws/install/px4_msgs/include/px4_msgs/px4_msgs/msg/detail/estimator_aid_source3d__traits.hpp\n'}
[1.448999] (px4_msgs) StdoutLine: {'line': b'-- Up-to-date: /home/mcfb/ros2_ws/install/px4_msgs/include/px4_msgs/px4_msgs/msg/detail/distance_sensor__traits.hpp\n'}
[1.449054] (px4_msgs) StdoutLine: {'line': b'-- Up-to-date: /home/mcfb/ros2_ws/install/px4_msgs/include/px4_msgs/px4_msgs/msg/detail/adc_report__traits.hpp\n'}
[1.449103] (px4_msgs) StdoutLine: {'line': b'-- Up-to-date: /home/mcfb/ros2_ws/install/px4_msgs/include/px4_msgs/px4_msgs/msg/detail/system_power__traits.hpp\n'}
[1.449147] (px4_msgs) StdoutLine: {'line': b'-- Up-to-date: /home/mcfb/ros2_ws/install/px4_msgs/include/px4_msgs/px4_msgs/msg/detail/gimbal_manager_set_attitude__builder.hpp\n'}
[1.449190] (px4_msgs) StdoutLine: {'line': b'-- Up-to-date: /home/mcfb/ros2_ws/install/px4_msgs/include/px4_msgs/px4_msgs/msg/detail/px4io_status__traits.hpp\n'}
[1.449229] (px4_msgs) StdoutLine: {'line': b'-- Up-to-date: /home/mcfb/ros2_ws/install/px4_msgs/include/px4_msgs/px4_msgs/msg/detail/follow_target_estimator__type_support.hpp\n'}
[1.449270] (px4_msgs) StdoutLine: {'line': b'-- Up-to-date: /home/mcfb/ros2_ws/install/px4_msgs/include/px4_msgs/px4_msgs/msg/detail/yaw_estimator_status__type_support.hpp\n'}
[1.449309] (px4_msgs) StdoutLine: {'line': b'-- Up-to-date: /home/mcfb/ros2_ws/install/px4_msgs/include/px4_msgs/px4_msgs/msg/detail/rtl_time_estimate__struct.hpp\n'}
[1.449350] (px4_msgs) StdoutLine: {'line': b'-- Up-to-date: /home/mcfb/ros2_ws/install/px4_msgs/include/px4_msgs/px4_msgs/msg/detail/fixed_wing_lateral_status__struct.hpp\n'}
[1.449392] (px4_msgs) StdoutLine: {'line': b'-- Up-to-date: /home/mcfb/ros2_ws/install/px4_msgs/include/px4_msgs/px4_msgs/msg/detail/gimbal_manager_information__struct.hpp\n'}
[1.449457] (px4_msgs) StdoutLine: {'line': b'-- Up-to-date: /home/mcfb/ros2_ws/install/px4_msgs/include/px4_msgs/px4_msgs/msg/detail/goto_setpoint__type_support.hpp\n'}
[1.449509] (px4_msgs) StdoutLine: {'line': b'-- Up-to-date: /home/mcfb/ros2_ws/install/px4_msgs/include/px4_msgs/px4_msgs/msg/detail/gimbal_device_set_attitude__struct.hpp\n'}
[1.449562] (px4_msgs) StdoutLine: {'line': b'-- Up-to-date: /home/mcfb/ros2_ws/install/px4_msgs/include/px4_msgs/px4_msgs/msg/detail/vehicle_global_position__traits.hpp\n'}
[1.449613] (px4_msgs) StdoutLine: {'line': b'-- Up-to-date: /home/mcfb/ros2_ws/install/px4_msgs/include/px4_msgs/px4_msgs/msg/detail/wheel_encoders__builder.hpp\n'}
[1.449666] (px4_msgs) StdoutLine: {'line': b'-- Up-to-date: /home/mcfb/ros2_ws/install/px4_msgs/include/px4_msgs/px4_msgs/msg/detail/tiltrotor_extra_controls__builder.hpp\n'}
[1.449720] (px4_msgs) StdoutLine: {'line': b'-- Up-to-date: /home/mcfb/ros2_ws/install/px4_msgs/include/px4_msgs/px4_msgs/msg/detail/gimbal_device_set_attitude__type_support.hpp\n'}
[1.449780] (px4_msgs) StdoutLine: {'line': b'-- Up-to-date: /home/mcfb/ros2_ws/install/px4_msgs/include/px4_msgs/px4_msgs/msg/detail/sensors_status_imu__struct.hpp\n'}
[1.449857] (px4_msgs) StdoutLine: {'line': b'-- Up-to-date: /home/mcfb/ros2_ws/install/px4_msgs/include/px4_msgs/px4_msgs/msg/detail/parameter_reset_request__traits.hpp\n'}
[1.449925] (px4_msgs) StdoutLine: {'line': b'-- Up-to-date: /home/mcfb/ros2_ws/install/px4_msgs/include/px4_msgs/px4_msgs/msg/detail/airspeed__struct.hpp\n'}
[1.449979] (px4_msgs) StdoutLine: {'line': b'-- Up-to-date: /home/mcfb/ros2_ws/install/px4_msgs/include/px4_msgs/px4_msgs/msg/detail/gpio_request__struct.hpp\n'}
[1.450020] (px4_msgs) StdoutLine: {'line': b'-- Up-to-date: /home/mcfb/ros2_ws/install/px4_msgs/include/px4_msgs/px4_msgs/msg/detail/parameter_update__struct.hpp\n'}
[1.450060] (px4_msgs) StdoutLine: {'line': b'-- Up-to-date: /home/mcfb/ros2_ws/install/px4_msgs/include/px4_msgs/px4_msgs/msg/detail/rover_rate_status__struct.hpp\n'}
[1.450103] (px4_msgs) StdoutLine: {'line': b'-- Up-to-date: /home/mcfb/ros2_ws/install/px4_msgs/include/px4_msgs/px4_msgs/msg/detail/power_button_state__builder.hpp\n'}
[1.450142] (px4_msgs) StdoutLine: {'line': b'-- Up-to-date: /home/mcfb/ros2_ws/install/px4_msgs/include/px4_msgs/px4_msgs/msg/detail/estimator_selector_status__struct.hpp\n'}
[1.450181] (px4_msgs) StdoutLine: {'line': b'-- Up-to-date: /home/mcfb/ros2_ws/install/px4_msgs/include/px4_msgs/px4_msgs/msg/detail/unregister_ext_component__struct.hpp\n'}
[1.450220] (px4_msgs) StdoutLine: {'line': b'-- Up-to-date: /home/mcfb/ros2_ws/install/px4_msgs/include/px4_msgs/px4_msgs/msg/detail/parameter_update__builder.hpp\n'}
[1.450308] (px4_msgs) StdoutLine: {'line': b'-- Up-to-date: /home/mcfb/ros2_ws/install/px4_msgs/include/px4_msgs/px4_msgs/msg/detail/gps_inject_data__struct.hpp\n'}
[1.450345] (px4_msgs) StdoutLine: {'line': b'-- Up-to-date: /home/mcfb/ros2_ws/install/px4_msgs/include/px4_msgs/px4_msgs/msg/detail/log_message__type_support.hpp\n'}
[1.450385] (px4_msgs) StdoutLine: {'line': b'-- Up-to-date: /home/mcfb/ros2_ws/install/px4_msgs/include/px4_msgs/px4_msgs/msg/detail/rc_channels__struct.hpp\n'}
[1.450425] (px4_msgs) StdoutLine: {'line': b'-- Up-to-date: /home/mcfb/ros2_ws/install/px4_msgs/include/px4_msgs/px4_msgs/msg/detail/mission_result__type_support.hpp\n'}
[1.450464] (px4_msgs) StdoutLine: {'line': b'-- Up-to-date: /home/mcfb/ros2_ws/install/px4_msgs/include/px4_msgs/px4_msgs/msg/detail/sensor_gyro_fft__type_support.hpp\n'}
[1.450503] (px4_msgs) StdoutLine: {'line': b'-- Up-to-date: /home/mcfb/ros2_ws/install/px4_msgs/include/px4_msgs/px4_msgs/msg/detail/actuator_servos_trim__traits.hpp\n'}
[1.450542] (px4_msgs) StdoutLine: {'line': b'-- Up-to-date: /home/mcfb/ros2_ws/install/px4_msgs/include/px4_msgs/px4_msgs/msg/detail/hover_thrust_estimate__struct.hpp\n'}
[1.450583] (px4_msgs) StdoutLine: {'line': b'-- Up-to-date: /home/mcfb/ros2_ws/install/px4_msgs/include/px4_msgs/px4_msgs/msg/detail/uavcan_parameter_request__struct.hpp\n'}
[1.450641] (px4_msgs) StdoutLine: {'line': b'-- Up-to-date: /home/mcfb/ros2_ws/install/px4_msgs/include/px4_msgs/px4_msgs/msg/detail/airspeed_validated__struct.hpp\n'}
[1.450691] (px4_msgs) StdoutLine: {'line': b'-- Up-to-date: /home/mcfb/ros2_ws/install/px4_msgs/include/px4_msgs/px4_msgs/msg/detail/system_power__builder.hpp\n'}
[1.450754] (px4_msgs) StdoutLine: {'line': b'-- Up-to-date: /home/mcfb/ros2_ws/install/px4_msgs/include/px4_msgs/px4_msgs/msg/detail/vehicle_magnetometer__type_support.hpp\n'}
[1.450797] (px4_msgs) StdoutLine: {'line': b'-- Up-to-date: /home/mcfb/ros2_ws/install/px4_msgs/include/px4_msgs/px4_msgs/msg/detail/esc_status__struct.hpp\n'}
[1.450836] (px4_msgs) StdoutLine: {'line': b'-- Up-to-date: /home/mcfb/ros2_ws/install/px4_msgs/include/px4_msgs/px4_msgs/msg/detail/lateral_control_configuration__type_support.hpp\n'}
[1.450888] (px4_msgs) StdoutLine: {'line': b'-- Up-to-date: /home/mcfb/ros2_ws/install/px4_msgs/include/px4_msgs/px4_msgs/msg/detail/actuator_test__traits.hpp\n'}
[1.450977] (px4_msgs) StdoutLine: {'line': b'-- Up-to-date: /home/mcfb/ros2_ws/install/px4_msgs/include/px4_msgs/px4_msgs/msg/detail/sensor_selection__struct.hpp\n'}
[1.451018] (px4_msgs) StdoutLine: {'line': b'-- Up-to-date: /home/mcfb/ros2_ws/install/px4_msgs/include/px4_msgs/px4_msgs/msg/detail/ulog_stream__builder.hpp\n'}
[1.451066] (px4_msgs) StdoutLine: {'line': b'-- Up-to-date: /home/mcfb/ros2_ws/install/px4_msgs/include/px4_msgs/px4_msgs/msg/detail/task_stack_info__type_support.hpp\n'}
[1.451120] (px4_msgs) StdoutLine: {'line': b'-- Up-to-date: /home/mcfb/ros2_ws/install/px4_msgs/include/px4_msgs/px4_msgs/msg/detail/sensor_gyro__type_support.hpp\n'}
[1.451186] (px4_msgs) StdoutLine: {'line': b'-- Up-to-date: /home/mcfb/ros2_ws/install/px4_msgs/include/px4_msgs/px4_msgs/msg/detail/message_format_response__traits.hpp\n'}
[1.451245] (px4_msgs) StdoutLine: {'line': b'-- Up-to-date: /home/mcfb/ros2_ws/install/px4_msgs/include/px4_msgs/px4_msgs/msg/detail/figure_eight_status__type_support.hpp\n'}
[1.451301] (px4_msgs) StdoutLine: {'line': b'-- Up-to-date: /home/mcfb/ros2_ws/install/px4_msgs/include/px4_msgs/px4_msgs/msg/detail/radio_status__traits.hpp\n'}
[1.451345] (px4_msgs) StdoutLine: {'line': b'-- Up-to-date: /home/mcfb/ros2_ws/install/px4_msgs/include/px4_msgs/px4_msgs/msg/detail/longitudinal_control_configuration__struct.hpp\n'}
[1.451390] (px4_msgs) StdoutLine: {'line': b'-- Up-to-date: /home/mcfb/ros2_ws/install/px4_msgs/include/px4_msgs/px4_msgs/msg/detail/vehicle_rates_setpoint__type_support.hpp\n'}
[1.451460] (px4_msgs) StdoutLine: {'line': b'-- Up-to-date: /home/mcfb/ros2_ws/install/px4_msgs/include/px4_msgs/px4_msgs/msg/detail/gpio_in__traits.hpp\n'}
[1.451498] (px4_msgs) StdoutLine: {'line': b'-- Up-to-date: /home/mcfb/ros2_ws/install/px4_msgs/include/px4_msgs/px4_msgs/msg/detail/timesync_status__traits.hpp\n'}
[1.451535] (px4_msgs) StdoutLine: {'line': b'-- Up-to-date: /home/mcfb/ros2_ws/install/px4_msgs/include/px4_msgs/px4_msgs/msg/detail/actuator_controls_status__type_support.hpp\n'}
[1.451574] (px4_msgs) StdoutLine: {'line': b'-- Up-to-date: /home/mcfb/ros2_ws/install/px4_msgs/include/px4_msgs/px4_msgs/msg/detail/actuator_servos_trim__struct.hpp\n'}
[1.451635] (px4_msgs) StdoutLine: {'line': b'-- Up-to-date: /home/mcfb/ros2_ws/install/px4_msgs/include/px4_msgs/px4_msgs/msg/detail/estimator_status__builder.hpp\n'}
[1.451672] (px4_msgs) StdoutLine: {'line': b'-- Up-to-date: /home/mcfb/ros2_ws/install/px4_msgs/include/px4_msgs/px4_msgs/msg/detail/sensor_uwb__type_support.hpp\n'}
[1.451708] (px4_msgs) StdoutLine: {'line': b'-- Up-to-date: /home/mcfb/ros2_ws/install/px4_msgs/include/px4_msgs/px4_msgs/msg/detail/vehicle_imu_status__traits.hpp\n'}
[1.451754] (px4_msgs) StdoutLine: {'line': b'-- Up-to-date: /home/mcfb/ros2_ws/install/px4_msgs/include/px4_msgs/px4_msgs/msg/detail/rover_speed_setpoint__traits.hpp\n'}
[1.451797] (px4_msgs) StdoutLine: {'line': b'-- Up-to-date: /home/mcfb/ros2_ws/install/px4_msgs/include/px4_msgs/px4_msgs/msg/detail/vehicle_angular_acceleration_setpoint__builder.hpp\n'}
[1.451832] (px4_msgs) StdoutLine: {'line': b'-- Up-to-date: /home/mcfb/ros2_ws/install/px4_msgs/include/px4_msgs/px4_msgs/msg/detail/rover_position_setpoint__traits.hpp\n'}
[1.451879] (px4_msgs) StdoutLine: {'line': b'-- Up-to-date: /home/mcfb/ros2_ws/install/px4_msgs/include/px4_msgs/px4_msgs/msg/detail/distance_sensor_mode_change_request__traits.hpp\n'}
[1.451927] (px4_msgs) StdoutLine: {'line': b'-- Up-to-date: /home/mcfb/ros2_ws/install/px4_msgs/include/px4_msgs/px4_msgs/msg/detail/actuator_test__struct.hpp\n'}
[1.451968] (px4_msgs) StdoutLine: {'line': b'-- Up-to-date: /home/mcfb/ros2_ws/install/px4_msgs/include/px4_msgs/px4_msgs/msg/detail/internal_combustion_engine_control__struct.hpp\n'}
[1.452008] (px4_msgs) StdoutLine: {'line': b'-- Up-to-date: /home/mcfb/ros2_ws/install/px4_msgs/include/px4_msgs/px4_msgs/msg/detail/sensors_status__type_support.hpp\n'}
[1.452048] (px4_msgs) StdoutLine: {'line': b'-- Up-to-date: /home/mcfb/ros2_ws/install/px4_msgs/include/px4_msgs/px4_msgs/msg/detail/gps_inject_data__type_support.hpp\n'}
[1.452103] (px4_msgs) StdoutLine: {'line': b'-- Up-to-date: /home/mcfb/ros2_ws/install/px4_msgs/include/px4_msgs/px4_msgs/msg/detail/unregister_ext_component__type_support.hpp\n'}
[1.452142] (px4_msgs) StdoutLine: {'line': b'-- Up-to-date: /home/mcfb/ros2_ws/install/px4_msgs/include/px4_msgs/px4_msgs/msg/detail/health_report__struct.hpp\n'}
[1.452181] (px4_msgs) StdoutLine: {'line': b'-- Up-to-date: /home/mcfb/ros2_ws/install/px4_msgs/include/px4_msgs/px4_msgs/msg/detail/debug_key_value__traits.hpp\n'}
[1.452221] (px4_msgs) StdoutLine: {'line': b'-- Up-to-date: /home/mcfb/ros2_ws/install/px4_msgs/include/px4_msgs/px4_msgs/msg/detail/debug_key_value__builder.hpp\n'}
[1.452261] (px4_msgs) StdoutLine: {'line': b'-- Up-to-date: /home/mcfb/ros2_ws/install/px4_msgs/include/px4_msgs/px4_msgs/msg/detail/battery_info__type_support.hpp\n'}
[1.452300] (px4_msgs) StdoutLine: {'line': b'-- Up-to-date: /home/mcfb/ros2_ws/install/px4_msgs/include/px4_msgs/px4_msgs/msg/detail/vehicle_magnetometer__struct.hpp\n'}
[1.452340] (px4_msgs) StdoutLine: {'line': b'-- Up-to-date: /home/mcfb/ros2_ws/install/px4_msgs/include/px4_msgs/px4_msgs/msg/detail/tecs_status__struct.hpp\n'}
[1.452380] (px4_msgs) StdoutLine: {'line': b'-- Up-to-date: /home/mcfb/ros2_ws/install/px4_msgs/include/px4_msgs/px4_msgs/msg/detail/vehicle_optical_flow_vel__struct.hpp\n'}
[1.452418] (px4_msgs) StdoutLine: {'line': b'-- Up-to-date: /home/mcfb/ros2_ws/install/px4_msgs/include/px4_msgs/px4_msgs/msg/detail/yaw_estimator_status__struct.hpp\n'}
[1.452456] (px4_msgs) StdoutLine: {'line': b'-- Up-to-date: /home/mcfb/ros2_ws/install/px4_msgs/include/px4_msgs/px4_msgs/msg/detail/estimator_aid_source1d__traits.hpp\n'}
[1.452494] (px4_msgs) StdoutLine: {'line': b'-- Up-to-date: /home/mcfb/ros2_ws/install/px4_msgs/include/px4_msgs/px4_msgs/msg/detail/orb_test_medium__traits.hpp\n'}
[1.452534] (px4_msgs) StdoutLine: {'line': b'-- Up-to-date: /home/mcfb/ros2_ws/install/px4_msgs/include/px4_msgs/px4_msgs/msg/detail/vehicle_thrust_setpoint__traits.hpp\n'}
[1.452573] (px4_msgs) StdoutLine: {'line': b'-- Up-to-date: /home/mcfb/ros2_ws/install/px4_msgs/include/px4_msgs/px4_msgs/msg/detail/home_position__builder.hpp\n'}
[1.452629] (px4_msgs) StdoutLine: {'line': b'-- Up-to-date: /home/mcfb/ros2_ws/install/px4_msgs/include/px4_msgs/px4_msgs/msg/detail/sensor_baro__builder.hpp\n'}
[1.452667] (px4_msgs) StdoutLine: {'line': b'-- Up-to-date: /home/mcfb/ros2_ws/install/px4_msgs/include/px4_msgs/px4_msgs/msg/detail/qshell_req__traits.hpp\n'}
[1.452702] (px4_msgs) StdoutLine: {'line': b'-- Up-to-date: /home/mcfb/ros2_ws/install/px4_msgs/include/px4_msgs/px4_msgs/msg/detail/camera_trigger__struct.hpp\n'}
[1.452737] (px4_msgs) StdoutLine: {'line': b'-- Up-to-date: /home/mcfb/ros2_ws/install/px4_msgs/include/px4_msgs/px4_msgs/msg/detail/transponder_report__traits.hpp\n'}
[1.452774] (px4_msgs) StdoutLine: {'line': b'-- Up-to-date: /home/mcfb/ros2_ws/install/px4_msgs/include/px4_msgs/px4_msgs/msg/detail/home_position__type_support.hpp\n'}
[1.452809] (px4_msgs) StdoutLine: {'line': b'-- Up-to-date: /home/mcfb/ros2_ws/install/px4_msgs/include/px4_msgs/px4_msgs/msg/detail/sensor_baro__struct.hpp\n'}
[1.452851] (px4_msgs) StdoutLine: {'line': b'-- Up-to-date: /home/mcfb/ros2_ws/install/px4_msgs/include/px4_msgs/px4_msgs/msg/detail/sensor_selection__builder.hpp\n'}
[1.452899] (px4_msgs) StdoutLine: {'line': b'-- Up-to-date: /home/mcfb/ros2_ws/install/px4_msgs/include/px4_msgs/px4_msgs/msg/detail/debug_array__struct.hpp\n'}
[1.452962] (px4_msgs) StdoutLine: {'line': b'-- Up-to-date: /home/mcfb/ros2_ws/install/px4_msgs/include/px4_msgs/px4_msgs/msg/detail/failsafe_flags__struct.hpp\n'}
[1.453000] (px4_msgs) StdoutLine: {'line': b'-- Up-to-date: /home/mcfb/ros2_ws/install/px4_msgs/include/px4_msgs/px4_msgs/msg/detail/sensor_optical_flow__type_support.hpp\n'}
[1.453039] (px4_msgs) StdoutLine: {'line': b'-- Up-to-date: /home/mcfb/ros2_ws/install/px4_msgs/include/px4_msgs/px4_msgs/msg/detail/autotune_attitude_control_status__type_support.hpp\n'}
[1.453082] (px4_msgs) StdoutLine: {'line': b'-- Up-to-date: /home/mcfb/ros2_ws/install/px4_msgs/include/px4_msgs/px4_msgs/msg/detail/sensor_combined__struct.hpp\n'}
[1.453118] (px4_msgs) StdoutLine: {'line': b'-- Up-to-date: /home/mcfb/ros2_ws/install/px4_msgs/include/px4_msgs/px4_msgs/msg/detail/pure_pursuit_status__builder.hpp\n'}
[1.453156] (px4_msgs) StdoutLine: {'line': b'-- Up-to-date: /home/mcfb/ros2_ws/install/px4_msgs/include/px4_msgs/px4_msgs/msg/detail/telemetry_status__type_support.hpp\n'}
[1.453194] (px4_msgs) StdoutLine: {'line': b'-- Up-to-date: /home/mcfb/ros2_ws/install/px4_msgs/include/px4_msgs/px4_msgs/msg/detail/esc_report__struct.hpp\n'}
[1.453235] (px4_msgs) StdoutLine: {'line': b'-- Up-to-date: /home/mcfb/ros2_ws/install/px4_msgs/include/px4_msgs/px4_msgs/msg/detail/vehicle_thrust_setpoint__type_support.hpp\n'}
[1.453278] (px4_msgs) StdoutLine: {'line': b'-- Up-to-date: /home/mcfb/ros2_ws/install/px4_msgs/include/px4_msgs/px4_msgs/msg/detail/uavcan_parameter_value__struct.hpp\n'}
[1.453342] (px4_msgs) StdoutLine: {'line': b'-- Up-to-date: /home/mcfb/ros2_ws/install/px4_msgs/include/px4_msgs/px4_msgs/msg/detail/estimator_innovations__type_support.hpp\n'}
[1.453381] (px4_msgs) StdoutLine: {'line': b'-- Up-to-date: /home/mcfb/ros2_ws/install/px4_msgs/include/px4_msgs/px4_msgs/msg/detail/sensor_accel__builder.hpp\n'}
[1.453419] (px4_msgs) StdoutLine: {'line': b'-- Up-to-date: /home/mcfb/ros2_ws/install/px4_msgs/include/px4_msgs/px4_msgs/msg/detail/register_ext_component_request__struct.hpp\n'}
[1.453460] (px4_msgs) StdoutLine: {'line': b'-- Up-to-date: /home/mcfb/ros2_ws/install/px4_msgs/include/px4_msgs/px4_msgs/msg/detail/sensor_optical_flow__builder.hpp\n'}
[1.453504] (px4_msgs) StdoutLine: {'line': b'-- Up-to-date: /home/mcfb/ros2_ws/install/px4_msgs/include/px4_msgs/px4_msgs/msg/detail/telemetry_status__builder.hpp\n'}
[1.453545] (px4_msgs) StdoutLine: {'line': b'-- Up-to-date: /home/mcfb/ros2_ws/install/px4_msgs/include/px4_msgs/px4_msgs/msg/detail/mission__struct.hpp\n'}
[1.453589] (px4_msgs) StdoutLine: {'line': b'-- Up-to-date: /home/mcfb/ros2_ws/install/px4_msgs/include/px4_msgs/px4_msgs/msg/detail/register_ext_component_request__type_support.hpp\n'}
[1.453633] (px4_msgs) StdoutLine: {'line': b'-- Up-to-date: /home/mcfb/ros2_ws/install/px4_msgs/include/px4_msgs/px4_msgs/msg/detail/gimbal_manager_set_manual_control__type_support.hpp\n'}
[1.453676] (px4_msgs) StdoutLine: {'line': b'-- Up-to-date: /home/mcfb/ros2_ws/install/px4_msgs/include/px4_msgs/px4_msgs/msg/detail/parameter_reset_request__struct.hpp\n'}
[1.453717] (px4_msgs) StdoutLine: {'line': b'-- Up-to-date: /home/mcfb/ros2_ws/install/px4_msgs/include/px4_msgs/px4_msgs/msg/detail/actuator_controls_status__traits.hpp\n'}
[1.453760] (px4_msgs) StdoutLine: {'line': b'-- Up-to-date: /home/mcfb/ros2_ws/install/px4_msgs/include/px4_msgs/px4_msgs/msg/detail/differential_pressure__type_support.hpp\n'}
[1.453802] (px4_msgs) StdoutLine: {'line': b'-- Up-to-date: /home/mcfb/ros2_ws/install/px4_msgs/include/px4_msgs/px4_msgs/msg/detail/register_ext_component_reply__struct.hpp\n'}
[1.453843] (px4_msgs) StdoutLine: {'line': b'-- Up-to-date: /home/mcfb/ros2_ws/install/px4_msgs/include/px4_msgs/px4_msgs/msg/detail/tune_control__traits.hpp\n'}
[1.453899] (px4_msgs) StdoutLine: {'line': b'-- Up-to-date: /home/mcfb/ros2_ws/install/px4_msgs/include/px4_msgs/px4_msgs/msg/debug_array.hpp\n'}
[1.453944] (px4_msgs) StdoutLine: {'line': b'-- Up-to-date: /home/mcfb/ros2_ws/install/px4_msgs/include/px4_msgs/px4_msgs/msg/rover_rate_setpoint.hpp\n'}
[1.453989] (px4_msgs) StdoutLine: {'line': b'-- Up-to-date: /home/mcfb/ros2_ws/install/px4_msgs/include/px4_msgs/px4_msgs/msg/debug_key_value.hpp\n'}
[1.454037] (px4_msgs) StdoutLine: {'line': b'-- Up-to-date: /home/mcfb/ros2_ws/install/px4_msgs/include/px4_msgs/px4_msgs/msg/sensor_uwb.hpp\n'}
[1.454079] (px4_msgs) StdoutLine: {'line': b'-- Up-to-date: /home/mcfb/ros2_ws/install/px4_msgs/include/px4_msgs/px4_msgs/msg/longitudinal_control_configuration.hpp\n'}
[1.454156] (px4_msgs) StdoutLine: {'line': b'-- Up-to-date: /home/mcfb/ros2_ws/install/px4_msgs/include/px4_msgs/px4_msgs/msg/parameter_set_value_request.hpp\n'}
[1.454198] (px4_msgs) StdoutLine: {'line': b'-- Up-to-date: /home/mcfb/ros2_ws/install/px4_msgs/include/px4_msgs/px4_msgs/msg/vehicle_acceleration.hpp\n'}
[1.454239] (px4_msgs) StdoutLine: {'line': b'-- Up-to-date: /home/mcfb/ros2_ws/install/px4_msgs/include/px4_msgs/px4_msgs/msg/velocity_limits.hpp\n'}
[1.454278] (px4_msgs) StdoutLine: {'line': b'-- Up-to-date: /home/mcfb/ros2_ws/install/px4_msgs/include/px4_msgs/px4_msgs/msg/differential_pressure.hpp\n'}
[1.454317] (px4_msgs) StdoutLine: {'line': b'-- Up-to-date: /home/mcfb/ros2_ws/install/px4_msgs/include/px4_msgs/px4_msgs/msg/sensor_combined.hpp\n'}
[1.454376] (px4_msgs) StdoutLine: {'line': b'-- Up-to-date: /home/mcfb/ros2_ws/install/px4_msgs/include/px4_msgs/px4_msgs/msg/vehicle_command.hpp\n'}
[1.454415] (px4_msgs) StdoutLine: {'line': b'-- Up-to-date: /home/mcfb/ros2_ws/install/px4_msgs/include/px4_msgs/px4_msgs/msg/gps_inject_data.hpp\n'}
[1.454455] (px4_msgs) StdoutLine: {'line': b'-- Up-to-date: /home/mcfb/ros2_ws/install/px4_msgs/include/px4_msgs/px4_msgs/msg/vehicle_command_ack.hpp\n'}
[1.454496] (px4_msgs) StdoutLine: {'line': b'-- Up-to-date: /home/mcfb/ros2_ws/install/px4_msgs/include/px4_msgs/px4_msgs/msg/tune_control.hpp\n'}
[1.454535] (px4_msgs) StdoutLine: {'line': b'-- Up-to-date: /home/mcfb/ros2_ws/install/px4_msgs/include/px4_msgs/px4_msgs/msg/mavlink_log.hpp\n'}
[1.454574] (px4_msgs) StdoutLine: {'line': b'-- Up-to-date: /home/mcfb/ros2_ws/install/px4_msgs/include/px4_msgs/px4_msgs/msg/esc_report.hpp\n'}
[1.454613] (px4_msgs) StdoutLine: {'line': b'-- Up-to-date: /home/mcfb/ros2_ws/install/px4_msgs/include/px4_msgs/px4_msgs/msg/vehicle_optical_flow_vel.hpp\n'}
[1.454655] (px4_msgs) StdoutLine: {'line': b'-- Up-to-date: /home/mcfb/ros2_ws/install/px4_msgs/include/px4_msgs/px4_msgs/msg/estimator_aid_source1d.hpp\n'}
[1.454705] (px4_msgs) StdoutLine: {'line': b'-- Up-to-date: /home/mcfb/ros2_ws/install/px4_msgs/include/px4_msgs/px4_msgs/msg/sensor_mag.hpp\n'}
[1.454761] (px4_msgs) StdoutLine: {'line': b'-- Up-to-date: /home/mcfb/ros2_ws/install/px4_msgs/include/px4_msgs/px4_msgs/msg/vehicle_attitude.hpp\n'}
[1.454879] (px4_msgs) StdoutLine: {'line': b'-- Up-to-date: /home/mcfb/ros2_ws/install/px4_msgs/include/px4_msgs/px4_msgs/msg/camera_status.hpp\n'}
[1.454921] (px4_msgs) StdoutLine: {'line': b'-- Up-to-date: /home/mcfb/ros2_ws/install/px4_msgs/include/px4_msgs/px4_msgs/msg/follow_target_estimator.hpp\n'}
[1.454964] (px4_msgs) StdoutLine: {'line': b'-- Up-to-date: /home/mcfb/ros2_ws/install/px4_msgs/include/px4_msgs/px4_msgs/msg/camera_trigger.hpp\n'}
[1.455005] (px4_msgs) StdoutLine: {'line': b'-- Up-to-date: /home/mcfb/ros2_ws/install/px4_msgs/include/px4_msgs/px4_msgs/msg/neural_control.hpp\n'}
[1.455115] (px4_msgs) StdoutLine: {'line': b'-- Up-to-date: /home/mcfb/ros2_ws/install/px4_msgs/include/px4_msgs/px4_msgs/msg/trajectory_setpoint6dof.hpp\n'}
[1.455151] (px4_msgs) StdoutLine: {'line': b'-- Up-to-date: /home/mcfb/ros2_ws/install/px4_msgs/include/px4_msgs/px4_msgs/msg/onboard_computer_status.hpp\n'}
[1.455188] (px4_msgs) StdoutLine: {'line': b'-- Up-to-date: /home/mcfb/ros2_ws/install/px4_msgs/include/px4_msgs/px4_msgs/msg/failsafe_flags.hpp\n'}
[1.455231] (px4_msgs) StdoutLine: {'line': b'-- Up-to-date: /home/mcfb/ros2_ws/install/px4_msgs/include/px4_msgs/px4_msgs/msg/power_monitor.hpp\n'}
[1.455280] (px4_msgs) StdoutLine: {'line': b'-- Up-to-date: /home/mcfb/ros2_ws/install/px4_msgs/include/px4_msgs/px4_msgs/msg/rover_speed_setpoint.hpp\n'}
[1.455331] (px4_msgs) StdoutLine: {'line': b'-- Up-to-date: /home/mcfb/ros2_ws/install/px4_msgs/include/px4_msgs/px4_msgs/msg/px4io_status.hpp\n'}
[1.455380] (px4_msgs) StdoutLine: {'line': b'-- Up-to-date: /home/mcfb/ros2_ws/install/px4_msgs/include/px4_msgs/px4_msgs/msg/orbit_status.hpp\n'}
[1.455428] (px4_msgs) StdoutLine: {'line': b'-- Up-to-date: /home/mcfb/ros2_ws/install/px4_msgs/include/px4_msgs/px4_msgs/msg/ping.hpp\n'}
[1.455474] (px4_msgs) StdoutLine: {'line': b'-- Up-to-date: /home/mcfb/ros2_ws/install/px4_msgs/include/px4_msgs/px4_msgs/msg/esc_status.hpp\n'}
[1.455560] (px4_msgs) StdoutLine: {'line': b'-- Up-to-date: /home/mcfb/ros2_ws/install/px4_msgs/include/px4_msgs/px4_msgs/msg/debug_value.hpp\n'}
[1.455597] (px4_msgs) StdoutLine: {'line': b'-- Up-to-date: /home/mcfb/ros2_ws/install/px4_msgs/include/px4_msgs/px4_msgs/msg/sensor_gyro_fft.hpp\n'}
[1.455634] (px4_msgs) StdoutLine: {'line': b'-- Up-to-date: /home/mcfb/ros2_ws/install/px4_msgs/include/px4_msgs/px4_msgs/msg/gimbal_device_attitude_status.hpp\n'}
[1.455670] (px4_msgs) StdoutLine: {'line': b'-- Up-to-date: /home/mcfb/ros2_ws/install/px4_msgs/include/px4_msgs/px4_msgs/msg/logger_status.hpp\n'}
[1.455728] (px4_msgs) StdoutLine: {'line': b'-- Up-to-date: /home/mcfb/ros2_ws/install/px4_msgs/include/px4_msgs/px4_msgs/msg/autotune_attitude_control_status.hpp\n'}
[1.455765] (px4_msgs) StdoutLine: {'line': b'-- Up-to-date: /home/mcfb/ros2_ws/install/px4_msgs/include/px4_msgs/px4_msgs/msg/vehicle_local_position.hpp\n'}
[1.455800] (px4_msgs) StdoutLine: {'line': b'-- Up-to-date: /home/mcfb/ros2_ws/install/px4_msgs/include/px4_msgs/px4_msgs/msg/takeoff_status.hpp\n'}
[1.455837] (px4_msgs) StdoutLine: {'line': b'-- Up-to-date: /home/mcfb/ros2_ws/install/px4_msgs/include/px4_msgs/px4_msgs/msg/sensor_gnss_relative.hpp\n'}
[1.455880] (px4_msgs) StdoutLine: {'line': b'-- Up-to-date: /home/mcfb/ros2_ws/install/px4_msgs/include/px4_msgs/px4_msgs/msg/rate_ctrl_status.hpp\n'}
[1.455919] (px4_msgs) StdoutLine: {'line': b'-- Up-to-date: /home/mcfb/ros2_ws/install/px4_msgs/include/px4_msgs/px4_msgs/msg/landing_gear.hpp\n'}
[1.455957] (px4_msgs) StdoutLine: {'line': b'-- Up-to-date: /home/mcfb/ros2_ws/install/px4_msgs/include/px4_msgs/px4_msgs/msg/vehicle_land_detected.hpp\n'}
[1.455996] (px4_msgs) StdoutLine: {'line': b'-- Up-to-date: /home/mcfb/ros2_ws/install/px4_msgs/include/px4_msgs/px4_msgs/msg/event.hpp\n'}
[1.456035] (px4_msgs) StdoutLine: {'line': b'-- Up-to-date: /home/mcfb/ros2_ws/install/px4_msgs/include/px4_msgs/px4_msgs/msg/vehicle_attitude_setpoint.hpp\n'}
[1.456075] (px4_msgs) StdoutLine: {'line': b'-- Up-to-date: /home/mcfb/ros2_ws/install/px4_msgs/include/px4_msgs/px4_msgs/msg/rover_attitude_status.hpp\n'}
[1.456137] (px4_msgs) StdoutLine: {'line': b'-- Up-to-date: /home/mcfb/ros2_ws/install/px4_msgs/include/px4_msgs/px4_msgs/msg/generator_status.hpp\n'}
[1.456173] (px4_msgs) StdoutLine: {'line': b'-- Up-to-date: /home/mcfb/ros2_ws/install/px4_msgs/include/px4_msgs/px4_msgs/msg/vehicle_thrust_setpoint.hpp\n'}
[1.456207] (px4_msgs) StdoutLine: {'line': b'-- Up-to-date: /home/mcfb/ros2_ws/install/px4_msgs/include/px4_msgs/px4_msgs/msg/estimator_innovations.hpp\n'}
[1.456244] (px4_msgs) StdoutLine: {'line': b'-- Up-to-date: /home/mcfb/ros2_ws/install/px4_msgs/include/px4_msgs/px4_msgs/msg/gimbal_manager_information.hpp\n'}
[1.456282] (px4_msgs) StdoutLine: {'line': b'-- Up-to-date: /home/mcfb/ros2_ws/install/px4_msgs/include/px4_msgs/px4_msgs/msg/hover_thrust_estimate.hpp\n'}
[1.456319] (px4_msgs) StdoutLine: {'line': b'-- Up-to-date: /home/mcfb/ros2_ws/install/px4_msgs/include/px4_msgs/px4_msgs/msg/action_request.hpp\n'}
[1.456356] (px4_msgs) StdoutLine: {'line': b'-- Up-to-date: /home/mcfb/ros2_ws/install/px4_msgs/include/px4_msgs/px4_msgs/msg/vehicle_control_mode.hpp\n'}
[1.456395] (px4_msgs) StdoutLine: {'line': b'-- Up-to-date: /home/mcfb/ros2_ws/install/px4_msgs/include/px4_msgs/px4_msgs/msg/register_ext_component_reply.hpp\n'}
[1.456433] (px4_msgs) StdoutLine: {'line': b'-- Up-to-date: /home/mcfb/ros2_ws/install/px4_msgs/include/px4_msgs/px4_msgs/msg/estimator_status.hpp\n'}
[1.456470] (px4_msgs) StdoutLine: {'line': b'-- Up-to-date: /home/mcfb/ros2_ws/install/px4_msgs/include/px4_msgs/px4_msgs/msg/gpio_config.hpp\n'}
[1.456507] (px4_msgs) StdoutLine: {'line': b'-- Up-to-date: /home/mcfb/ros2_ws/install/px4_msgs/include/px4_msgs/px4_msgs/msg/vehicle_angular_velocity.hpp\n'}
[1.456545] (px4_msgs) StdoutLine: {'line': b'-- Up-to-date: /home/mcfb/ros2_ws/install/px4_msgs/include/px4_msgs/px4_msgs/msg/estimator_event_flags.hpp\n'}
[1.456604] (px4_msgs) StdoutLine: {'line': b'-- Up-to-date: /home/mcfb/ros2_ws/install/px4_msgs/include/px4_msgs/px4_msgs/msg/estimator_selector_status.hpp\n'}
[1.456662] (px4_msgs) StdoutLine: {'line': b'-- Up-to-date: /home/mcfb/ros2_ws/install/px4_msgs/include/px4_msgs/px4_msgs/msg/vehicle_odometry.hpp\n'}
[1.456698] (px4_msgs) StdoutLine: {'line': b'-- Up-to-date: /home/mcfb/ros2_ws/install/px4_msgs/include/px4_msgs/px4_msgs/msg/tiltrotor_extra_controls.hpp\n'}
[1.456733] (px4_msgs) StdoutLine: {'line': b'-- Up-to-date: /home/mcfb/ros2_ws/install/px4_msgs/include/px4_msgs/px4_msgs/msg/vehicle_global_position.hpp\n'}
[1.456772] (px4_msgs) StdoutLine: {'line': b'-- Up-to-date: /home/mcfb/ros2_ws/install/px4_msgs/include/px4_msgs/px4_msgs/msg/offboard_control_mode.hpp\n'}
[1.456808] (px4_msgs) StdoutLine: {'line': b'-- Up-to-date: /home/mcfb/ros2_ws/install/px4_msgs/include/px4_msgs/px4_msgs/msg/orb_test_medium.hpp\n'}
[1.456850] (px4_msgs) StdoutLine: {'line': b'-- Up-to-date: /home/mcfb/ros2_ws/install/px4_msgs/include/px4_msgs/px4_msgs/msg/wheel_encoders.hpp\n'}
[1.456889] (px4_msgs) StdoutLine: {'line': b'-- Up-to-date: /home/mcfb/ros2_ws/install/px4_msgs/include/px4_msgs/px4_msgs/msg/mag_worker_data.hpp\n'}
[1.456927] (px4_msgs) StdoutLine: {'line': b'-- Up-to-date: /home/mcfb/ros2_ws/install/px4_msgs/include/px4_msgs/px4_msgs/msg/internal_combustion_engine_status.hpp\n'}
[1.456965] (px4_msgs) StdoutLine: {'line': b'-- Up-to-date: /home/mcfb/ros2_ws/install/px4_msgs/include/px4_msgs/px4_msgs/msg/open_drone_id_system.hpp\n'}
[1.457003] (px4_msgs) StdoutLine: {'line': b'-- Up-to-date: /home/mcfb/ros2_ws/install/px4_msgs/include/px4_msgs/px4_msgs/msg/mission.hpp\n'}
[1.457042] (px4_msgs) StdoutLine: {'line': b'-- Up-to-date: /home/mcfb/ros2_ws/install/px4_msgs/include/px4_msgs/px4_msgs/msg/fixed_wing_lateral_setpoint.hpp\n'}
[1.457081] (px4_msgs) StdoutLine: {'line': b'-- Up-to-date: /home/mcfb/ros2_ws/install/px4_msgs/include/px4_msgs/px4_msgs/msg/actuator_outputs.hpp\n'}
[1.457118] (px4_msgs) StdoutLine: {'line': b'-- Up-to-date: /home/mcfb/ros2_ws/install/px4_msgs/include/px4_msgs/px4_msgs/msg/navigator_mission_item.hpp\n'}
[1.457157] (px4_msgs) StdoutLine: {'line': b'-- Up-to-date: /home/mcfb/ros2_ws/install/px4_msgs/include/px4_msgs/px4_msgs/msg/cellular_status.hpp\n'}
[1.457193] (px4_msgs) StdoutLine: {'line': b'-- Up-to-date: /home/mcfb/ros2_ws/install/px4_msgs/include/px4_msgs/px4_msgs/msg/fixed_wing_lateral_guidance_status.hpp\n'}
[1.457231] (px4_msgs) StdoutLine: {'line': b'-- Up-to-date: /home/mcfb/ros2_ws/install/px4_msgs/include/px4_msgs/px4_msgs/msg/parameter_set_value_response.hpp\n'}
[1.457268] (px4_msgs) StdoutLine: {'line': b'-- Up-to-date: /home/mcfb/ros2_ws/install/px4_msgs/include/px4_msgs/px4_msgs/msg/estimator_bias3d.hpp\n'}
[1.457305] (px4_msgs) StdoutLine: {'line': b'-- Up-to-date: /home/mcfb/ros2_ws/install/px4_msgs/include/px4_msgs/px4_msgs/msg/open_drone_id_operator_id.hpp\n'}
[1.457341] (px4_msgs) StdoutLine: {'line': b'-- Up-to-date: /home/mcfb/ros2_ws/install/px4_msgs/include/px4_msgs/px4_msgs/msg/register_ext_component_request.hpp\n'}
[1.457378] (px4_msgs) StdoutLine: {'line': b'-- Up-to-date: /home/mcfb/ros2_ws/install/px4_msgs/include/px4_msgs/px4_msgs/msg/qshell_retval.hpp\n'}
[1.457415] (px4_msgs) StdoutLine: {'line': b'-- Up-to-date: /home/mcfb/ros2_ws/install/px4_msgs/include/px4_msgs/px4_msgs/msg/sensor_gyro.hpp\n'}
[1.457451] (px4_msgs) StdoutLine: {'line': b'-- Up-to-date: /home/mcfb/ros2_ws/install/px4_msgs/include/px4_msgs/px4_msgs/msg/dataman_request.hpp\n'}
[1.457489] (px4_msgs) StdoutLine: {'line': b'-- Up-to-date: /home/mcfb/ros2_ws/install/px4_msgs/include/px4_msgs/px4_msgs/msg/rc_channels.hpp\n'}
[1.457560] (px4_msgs) StdoutLine: {'line': b'-- Up-to-date: /home/mcfb/ros2_ws/install/px4_msgs/include/px4_msgs/px4_msgs/msg/vehicle_status.hpp\n'}
[1.457598] (px4_msgs) StdoutLine: {'line': b'-- Up-to-date: /home/mcfb/ros2_ws/install/px4_msgs/include/px4_msgs/px4_msgs/msg/gripper.hpp\n'}
[1.457632] (px4_msgs) StdoutLine: {'line': b'-- Up-to-date: /home/mcfb/ros2_ws/install/px4_msgs/include/px4_msgs/px4_msgs/msg/landing_target_innovations.hpp\n'}
[1.457671] (px4_msgs) StdoutLine: {'line': b'-- Up-to-date: /home/mcfb/ros2_ws/install/px4_msgs/include/px4_msgs/px4_msgs/msg/landing_gear_wheel.hpp\n'}
[1.457706] (px4_msgs) StdoutLine: {'line': b'-- Up-to-date: /home/mcfb/ros2_ws/install/px4_msgs/include/px4_msgs/px4_msgs/msg/vehicle_roi.hpp\n'}
[1.457740] (px4_msgs) StdoutLine: {'line': b'-- Up-to-date: /home/mcfb/ros2_ws/install/px4_msgs/include/px4_msgs/px4_msgs/msg/estimator_aid_source2d.hpp\n'}
[1.457798] (px4_msgs) StdoutLine: {'line': b'-- Up-to-date: /home/mcfb/ros2_ws/install/px4_msgs/include/px4_msgs/px4_msgs/msg/actuator_armed.hpp\n'}
[1.457833] (px4_msgs) StdoutLine: {'line': b'-- Up-to-date: /home/mcfb/ros2_ws/install/px4_msgs/include/px4_msgs/px4_msgs/msg/gimbal_device_information.hpp\n'}
[1.457874] (px4_msgs) StdoutLine: {'line': b'-- Up-to-date: /home/mcfb/ros2_ws/install/px4_msgs/include/px4_msgs/px4_msgs/msg/rover_attitude_setpoint.hpp\n'}
[1.457910] (px4_msgs) StdoutLine: {'line': b'-- Up-to-date: /home/mcfb/ros2_ws/install/px4_msgs/include/px4_msgs/px4_msgs/msg/input_rc.hpp\n'}
[1.457946] (px4_msgs) StdoutLine: {'line': b'-- Up-to-date: /home/mcfb/ros2_ws/install/px4_msgs/include/px4_msgs/px4_msgs/msg/gimbal_manager_status.hpp\n'}
[1.457982] (px4_msgs) StdoutLine: {'line': b'-- Up-to-date: /home/mcfb/ros2_ws/install/px4_msgs/include/px4_msgs/px4_msgs/msg/magnetometer_bias_estimate.hpp\n'}
[1.458022] (px4_msgs) StdoutLine: {'line': b'-- Up-to-date: /home/mcfb/ros2_ws/install/px4_msgs/include/px4_msgs/px4_msgs/msg/airspeed.hpp\n'}
[1.458060] (px4_msgs) StdoutLine: {'line': b'-- Up-to-date: /home/mcfb/ros2_ws/install/px4_msgs/include/px4_msgs/px4_msgs/msg/camera_capture.hpp\n'}
[1.458099] (px4_msgs) StdoutLine: {'line': b'-- Up-to-date: /home/mcfb/ros2_ws/install/px4_msgs/include/px4_msgs/px4_msgs/msg/battery_info.hpp\n'}
[1.458138] (px4_msgs) StdoutLine: {'line': b'-- Up-to-date: /home/mcfb/ros2_ws/install/px4_msgs/include/px4_msgs/px4_msgs/msg/actuator_controls_status.hpp\n'}
[1.458175] (px4_msgs) StdoutLine: {'line': b'-- Up-to-date: /home/mcfb/ros2_ws/install/px4_msgs/include/px4_msgs/px4_msgs/msg/log_message.hpp\n'}
[1.458214] (px4_msgs) StdoutLine: {'line': b'-- Up-to-date: /home/mcfb/ros2_ws/install/px4_msgs/include/px4_msgs/px4_msgs/msg/button_event.hpp\n'}
[1.458253] (px4_msgs) StdoutLine: {'line': b'-- Up-to-date: /home/mcfb/ros2_ws/install/px4_msgs/include/px4_msgs/px4_msgs/msg/sensor_hygrometer.hpp\n'}
[1.458292] (px4_msgs) StdoutLine: {'line': b'-- Up-to-date: /home/mcfb/ros2_ws/install/px4_msgs/include/px4_msgs/px4_msgs/msg/flight_phase_estimation.hpp\n'}
[1.458355] (px4_msgs) StdoutLine: {'line': b'-- Up-to-date: /home/mcfb/ros2_ws/install/px4_msgs/include/px4_msgs/px4_msgs/msg/distance_sensor_mode_change_request.hpp\n'}
[1.458391] (px4_msgs) StdoutLine: {'line': b'-- Up-to-date: /home/mcfb/ros2_ws/install/px4_msgs/include/px4_msgs/px4_msgs/msg/mount_orientation.hpp\n'}
[1.458428] (px4_msgs) StdoutLine: {'line': b'-- Up-to-date: /home/mcfb/ros2_ws/install/px4_msgs/include/px4_msgs/px4_msgs/msg/failure_detector_status.hpp\n'}
[1.458464] (px4_msgs) StdoutLine: {'line': b'-- Up-to-date: /home/mcfb/ros2_ws/install/px4_msgs/include/px4_msgs/px4_msgs/msg/pps_capture.hpp\n'}
[1.458500] (px4_msgs) StdoutLine: {'line': b'-- Up-to-date: /home/mcfb/ros2_ws/install/px4_msgs/include/px4_msgs/px4_msgs/msg/message_format_response.hpp\n'}
[1.458538] (px4_msgs) StdoutLine: {'line': b'-- Up-to-date: /home/mcfb/ros2_ws/install/px4_msgs/include/px4_msgs/px4_msgs/msg/uavcan_parameter_request.hpp\n'}
[1.458576] (px4_msgs) StdoutLine: {'line': b'-- Up-to-date: /home/mcfb/ros2_ws/install/px4_msgs/include/px4_msgs/px4_msgs/msg/gpio_in.hpp\n'}
[1.458614] (px4_msgs) StdoutLine: {'line': b'-- Up-to-date: /home/mcfb/ros2_ws/install/px4_msgs/include/px4_msgs/px4_msgs/msg/rover_throttle_setpoint.hpp\n'}
[1.458656] (px4_msgs) StdoutLine: {'line': b'-- Up-to-date: /home/mcfb/ros2_ws/install/px4_msgs/include/px4_msgs/px4_msgs/msg/estimator_bias.hpp\n'}
[1.458697] (px4_msgs) StdoutLine: {'line': b'-- Up-to-date: /home/mcfb/ros2_ws/install/px4_msgs/include/px4_msgs/px4_msgs/msg/rosidl_generator_cpp__visibility_control.hpp\n'}
[1.458764] (px4_msgs) StdoutLine: {'line': b'-- Up-to-date: /home/mcfb/ros2_ws/install/px4_msgs/include/px4_msgs/px4_msgs/msg/geofence_result.hpp\n'}
[1.458805] (px4_msgs) StdoutLine: {'line': b'-- Up-to-date: /home/mcfb/ros2_ws/install/px4_msgs/include/px4_msgs/px4_msgs/msg/vehicle_optical_flow.hpp\n'}
[1.458841] (px4_msgs) StdoutLine: {'line': b'-- Up-to-date: /home/mcfb/ros2_ws/install/px4_msgs/include/px4_msgs/px4_msgs/msg/goto_setpoint.hpp\n'}
[1.458882] (px4_msgs) StdoutLine: {'line': b'-- Up-to-date: /home/mcfb/ros2_ws/install/px4_msgs/include/px4_msgs/px4_msgs/msg/ulog_stream_ack.hpp\n'}
[1.458920] (px4_msgs) StdoutLine: {'line': b'-- Up-to-date: /home/mcfb/ros2_ws/install/px4_msgs/include/px4_msgs/px4_msgs/msg/sensor_preflight_mag.hpp\n'}
[1.458957] (px4_msgs) StdoutLine: {'line': b'-- Up-to-date: /home/mcfb/ros2_ws/install/px4_msgs/include/px4_msgs/px4_msgs/msg/led_control.hpp\n'}
[1.459025] (px4_msgs) StdoutLine: {'line': b'-- Up-to-date: /home/mcfb/ros2_ws/install/px4_msgs/include/px4_msgs/px4_msgs/msg/trajectory_setpoint.hpp\n'}
[1.459081] (px4_msgs) StdoutLine: {'line': b'-- Up-to-date: /home/mcfb/ros2_ws/install/px4_msgs/include/px4_msgs/px4_msgs/msg/yaw_estimator_status.hpp\n'}
[1.459141] (px4_msgs) StdoutLine: {'line': b'-- Up-to-date: /home/mcfb/ros2_ws/install/px4_msgs/include/px4_msgs/px4_msgs/msg/timesync_status.hpp\n'}
[1.459196] (px4_msgs) StdoutLine: {'line': b'-- Up-to-date: /home/mcfb/ros2_ws/install/px4_msgs/include/px4_msgs/px4_msgs/msg/cpuload.hpp\n'}
[1.459247] (px4_msgs) StdoutLine: {'line': b'-- Up-to-date: /home/mcfb/ros2_ws/install/px4_msgs/include/px4_msgs/px4_msgs/msg/gpio_request.hpp\n'}
[1.459297] (px4_msgs) StdoutLine: {'line': b'-- Up-to-date: /home/mcfb/ros2_ws/install/px4_msgs/include/px4_msgs/px4_msgs/msg/orb_test_large.hpp\n'}
[1.459348] (px4_msgs) StdoutLine: {'line': b'-- Up-to-date: /home/mcfb/ros2_ws/install/px4_msgs/include/px4_msgs/px4_msgs\n'}
[1.459399] (px4_msgs) StdoutLine: {'line': b'-- Up-to-date: /home/mcfb/ros2_ws/install/px4_msgs/include/px4_msgs/px4_msgs/srv\n'}
[1.459451] (px4_msgs) StdoutLine: {'line': b'-- Up-to-date: /home/mcfb/ros2_ws/install/px4_msgs/include/px4_msgs/px4_msgs/srv/detail\n'}
[1.459502] (px4_msgs) StdoutLine: {'line': b'-- Up-to-date: /home/mcfb/ros2_ws/install/px4_msgs/include/px4_msgs/px4_msgs/srv/detail/dds_fastrtps\n'}
[1.459554] (px4_msgs) StdoutLine: {'line': b'-- Up-to-date: /home/mcfb/ros2_ws/install/px4_msgs/include/px4_msgs/px4_msgs/srv/detail/vehicle_command__rosidl_typesupport_fastrtps_cpp.hpp\n'}
[1.459605] (px4_msgs) StdoutLine: {'line': b'-- Up-to-date: /home/mcfb/ros2_ws/install/px4_msgs/include/px4_msgs/px4_msgs/msg\n'}
[1.459656] (px4_msgs) StdoutLine: {'line': b'-- Up-to-date: /home/mcfb/ros2_ws/install/px4_msgs/include/px4_msgs/px4_msgs/msg/detail\n'}
[1.459705] (px4_msgs) StdoutLine: {'line': b'-- Up-to-date: /home/mcfb/ros2_ws/install/px4_msgs/include/px4_msgs/px4_msgs/msg/detail/register_ext_component_request__rosidl_typesupport_fastrtps_cpp.hpp\n'}
[1.459779] (px4_msgs) StdoutLine: {'line': b'-- Up-to-date: /home/mcfb/ros2_ws/install/px4_msgs/include/px4_msgs/px4_msgs/msg/detail/airspeed_wind__rosidl_typesupport_fastrtps_cpp.hpp\n'}
[1.459823] (px4_msgs) StdoutLine: {'line': b'-- Up-to-date: /home/mcfb/ros2_ws/install/px4_msgs/include/px4_msgs/px4_msgs/msg/detail/vehicle_air_data__rosidl_typesupport_fastrtps_cpp.hpp\n'}
[1.459867] (px4_msgs) StdoutLine: {'line': b'-- Up-to-date: /home/mcfb/ros2_ws/install/px4_msgs/include/px4_msgs/px4_msgs/msg/detail/unregister_ext_component__rosidl_typesupport_fastrtps_cpp.hpp\n'}
[1.459903] (px4_msgs) StdoutLine: {'line': b'-- Up-to-date: /home/mcfb/ros2_ws/install/px4_msgs/include/px4_msgs/px4_msgs/msg/detail/sensor_baro__rosidl_typesupport_fastrtps_cpp.hpp\n'}
[1.459939] (px4_msgs) StdoutLine: {'line': b'-- Up-to-date: /home/mcfb/ros2_ws/install/px4_msgs/include/px4_msgs/px4_msgs/msg/detail/estimator_bias3d__rosidl_typesupport_fastrtps_cpp.hpp\n'}
[1.459991] (px4_msgs) StdoutLine: {'line': b'-- Up-to-date: /home/mcfb/ros2_ws/install/px4_msgs/include/px4_msgs/px4_msgs/msg/detail/tune_control__rosidl_typesupport_fastrtps_cpp.hpp\n'}
[1.460047] (px4_msgs) StdoutLine: {'line': b'-- Up-to-date: /home/mcfb/ros2_ws/install/px4_msgs/include/px4_msgs/px4_msgs/msg/detail/vehicle_command_ack__rosidl_typesupport_fastrtps_cpp.hpp\n'}
[1.460105] (px4_msgs) StdoutLine: {'line': b'-- Up-to-date: /home/mcfb/ros2_ws/install/px4_msgs/include/px4_msgs/px4_msgs/msg/detail/fixed_wing_lateral_guidance_status__rosidl_typesupport_fastrtps_cpp.hpp\n'}
[1.460157] (px4_msgs) StdoutLine: {'line': b'-- Up-to-date: /home/mcfb/ros2_ws/install/px4_msgs/include/px4_msgs/px4_msgs/msg/detail/gimbal_device_set_attitude__rosidl_typesupport_fastrtps_cpp.hpp\n'}
[1.460214] (px4_msgs) StdoutLine: {'line': b'-- Up-to-date: /home/mcfb/ros2_ws/install/px4_msgs/include/px4_msgs/px4_msgs/msg/detail/battery_status__rosidl_typesupport_fastrtps_cpp.hpp\n'}
[1.460270] (px4_msgs) StdoutLine: {'line': b'-- Up-to-date: /home/mcfb/ros2_ws/install/px4_msgs/include/px4_msgs/px4_msgs/msg/detail/task_stack_info__rosidl_typesupport_fastrtps_cpp.hpp\n'}
[1.460333] (px4_msgs) StdoutLine: {'line': b'-- Up-to-date: /home/mcfb/ros2_ws/install/px4_msgs/include/px4_msgs/px4_msgs/msg/detail/sensor_preflight_mag__rosidl_typesupport_fastrtps_cpp.hpp\n'}
[1.460391] (px4_msgs) StdoutLine: {'line': b'-- Up-to-date: /home/mcfb/ros2_ws/install/px4_msgs/include/px4_msgs/px4_msgs/msg/detail/sensor_mag__rosidl_typesupport_fastrtps_cpp.hpp\n'}
[1.460451] (px4_msgs) StdoutLine: {'line': b'-- Up-to-date: /home/mcfb/ros2_ws/install/px4_msgs/include/px4_msgs/px4_msgs/msg/detail/estimator_states__rosidl_typesupport_fastrtps_cpp.hpp\n'}
[1.460654] (px4_msgs) StdoutLine: {'line': b'-- Up-to-date: /home/mcfb/ros2_ws/install/px4_msgs/include/px4_msgs/px4_msgs/msg/detail/sensor_accel__rosidl_typesupport_fastrtps_cpp.hpp\n'}
[1.460888] (px4_msgs) StdoutLine: {'line': b'-- Up-to-date: /home/mcfb/ros2_ws/install/px4_msgs/include/px4_msgs/px4_msgs/msg/detail/debug_value__rosidl_typesupport_fastrtps_cpp.hpp\n'}
[1.461036] (px4_msgs) StdoutLine: {'line': b'-- Up-to-date: /home/mcfb/ros2_ws/install/px4_msgs/include/px4_msgs/px4_msgs/msg/detail/camera_status__rosidl_typesupport_fastrtps_cpp.hpp\n'}
[1.461131] (px4_msgs) StdoutLine: {'line': b'-- Up-to-date: /home/mcfb/ros2_ws/install/px4_msgs/include/px4_msgs/px4_msgs/msg/detail/adc_report__rosidl_typesupport_fastrtps_cpp.hpp\n'}
[1.461207] (px4_msgs) StdoutLine: {'line': b'-- Up-to-date: /home/mcfb/ros2_ws/install/px4_msgs/include/px4_msgs/px4_msgs/msg/detail/takeoff_status__rosidl_typesupport_fastrtps_cpp.hpp\n'}
[1.461358] (px4_msgs) StdoutLine: {'line': b'-- Up-to-date: /home/mcfb/ros2_ws/install/px4_msgs/include/px4_msgs/px4_msgs/msg/detail/actuator_motors__rosidl_typesupport_fastrtps_cpp.hpp\n'}
[1.461420] (px4_msgs) StdoutLine: {'line': b'-- Up-to-date: /home/mcfb/ros2_ws/install/px4_msgs/include/px4_msgs/px4_msgs/msg/detail/sensor_gnss_status__rosidl_typesupport_fastrtps_cpp.hpp\n'}
[1.461462] (px4_msgs) StdoutLine: {'line': b'-- Up-to-date: /home/mcfb/ros2_ws/install/px4_msgs/include/px4_msgs/px4_msgs/msg/detail/navigator_mission_item__rosidl_typesupport_fastrtps_cpp.hpp\n'}
[1.461518] (px4_msgs) StdoutLine: {'line': b'-- Up-to-date: /home/mcfb/ros2_ws/install/px4_msgs/include/px4_msgs/px4_msgs/msg/detail/airspeed_validated__rosidl_typesupport_fastrtps_cpp.hpp\n'}
[1.461571] (px4_msgs) StdoutLine: {'line': b'-- Up-to-date: /home/mcfb/ros2_ws/install/px4_msgs/include/px4_msgs/px4_msgs/msg/detail/vehicle_imu_status__rosidl_typesupport_fastrtps_cpp.hpp\n'}
[1.461624] (px4_msgs) StdoutLine: {'line': b'-- Up-to-date: /home/mcfb/ros2_ws/install/px4_msgs/include/px4_msgs/px4_msgs/msg/detail/vehicle_local_position__rosidl_typesupport_fastrtps_cpp.hpp\n'}
[1.461679] (px4_msgs) StdoutLine: {'line': b'-- Up-to-date: /home/mcfb/ros2_ws/install/px4_msgs/include/px4_msgs/px4_msgs/msg/detail/telemetry_status__rosidl_typesupport_fastrtps_cpp.hpp\n'}
[1.461731] (px4_msgs) StdoutLine: {'line': b'-- Up-to-date: /home/mcfb/ros2_ws/install/px4_msgs/include/px4_msgs/px4_msgs/msg/detail/fuel_tank_status__rosidl_typesupport_fastrtps_cpp.hpp\n'}
[1.461810] (px4_msgs) StdoutLine: {'line': b'-- Up-to-date: /home/mcfb/ros2_ws/install/px4_msgs/include/px4_msgs/px4_msgs/msg/detail/vehicle_angular_acceleration_setpoint__rosidl_typesupport_fastrtps_cpp.hpp\n'}
[1.461898] (px4_msgs) StdoutLine: {'line': b'-- Up-to-date: /home/mcfb/ros2_ws/install/px4_msgs/include/px4_msgs/px4_msgs/msg/detail/ping__rosidl_typesupport_fastrtps_cpp.hpp\n'}
[1.461948] (px4_msgs) StdoutLine: {'line': b'-- Up-to-date: /home/mcfb/ros2_ws/install/px4_msgs/include/px4_msgs/px4_msgs/msg/detail/sensor_gnss_relative__rosidl_typesupport_fastrtps_cpp.hpp\n'}
[1.461994] (px4_msgs) StdoutLine: {'line': b'-- Up-to-date: /home/mcfb/ros2_ws/install/px4_msgs/include/px4_msgs/px4_msgs/msg/detail/fixed_wing_lateral_status__rosidl_typesupport_fastrtps_cpp.hpp\n'}
[1.462036] (px4_msgs) StdoutLine: {'line': b'-- Up-to-date: /home/mcfb/ros2_ws/install/px4_msgs/include/px4_msgs/px4_msgs/msg/detail/vehicle_status__rosidl_typesupport_fastrtps_cpp.hpp\n'}
[1.462089] (px4_msgs) StdoutLine: {'line': b'-- Up-to-date: /home/mcfb/ros2_ws/install/px4_msgs/include/px4_msgs/px4_msgs/msg/detail/pps_capture__rosidl_typesupport_fastrtps_cpp.hpp\n'}
[1.462142] (px4_msgs) StdoutLine: {'line': b'-- Up-to-date: /home/mcfb/ros2_ws/install/px4_msgs/include/px4_msgs/px4_msgs/msg/detail/pwm_input__rosidl_typesupport_fastrtps_cpp.hpp\n'}
[1.462185] (px4_msgs) StdoutLine: {'line': b'-- Up-to-date: /home/mcfb/ros2_ws/install/px4_msgs/include/px4_msgs/px4_msgs/msg/detail/estimator_event_flags__rosidl_typesupport_fastrtps_cpp.hpp\n'}
[1.462223] (px4_msgs) StdoutLine: {'line': b'-- Up-to-date: /home/mcfb/ros2_ws/install/px4_msgs/include/px4_msgs/px4_msgs/msg/detail/gpio_in__rosidl_typesupport_fastrtps_cpp.hpp\n'}
[1.462266] (px4_msgs) StdoutLine: {'line': b'-- Up-to-date: /home/mcfb/ros2_ws/install/px4_msgs/include/px4_msgs/px4_msgs/msg/detail/gps_dump__rosidl_typesupport_fastrtps_cpp.hpp\n'}
[1.462310] (px4_msgs) StdoutLine: {'line': b'-- Up-to-date: /home/mcfb/ros2_ws/install/px4_msgs/include/px4_msgs/px4_msgs/msg/detail/actuator_servos__rosidl_typesupport_fastrtps_cpp.hpp\n'}
[1.462353] (px4_msgs) StdoutLine: {'line': b'-- Up-to-date: /home/mcfb/ros2_ws/install/px4_msgs/include/px4_msgs/px4_msgs/msg/detail/dds_fastrtps\n'}
[1.462395] (px4_msgs) StdoutLine: {'line': b'-- Up-to-date: /home/mcfb/ros2_ws/install/px4_msgs/include/px4_msgs/px4_msgs/msg/detail/ekf2_timestamps__rosidl_typesupport_fastrtps_cpp.hpp\n'}
[1.462433] (px4_msgs) StdoutLine: {'line': b'-- Up-to-date: /home/mcfb/ros2_ws/install/px4_msgs/include/px4_msgs/px4_msgs/msg/detail/esc_report__rosidl_typesupport_fastrtps_cpp.hpp\n'}
[1.462473] (px4_msgs) StdoutLine: {'line': b'-- Up-to-date: /home/mcfb/ros2_ws/install/px4_msgs/include/px4_msgs/px4_msgs/msg/detail/mavlink_log__rosidl_typesupport_fastrtps_cpp.hpp\n'}
[1.462509] (px4_msgs) StdoutLine: {'line': b'-- Up-to-date: /home/mcfb/ros2_ws/install/px4_msgs/include/px4_msgs/px4_msgs/msg/detail/sensor_accel_fifo__rosidl_typesupport_fastrtps_cpp.hpp\n'}
[1.462547] (px4_msgs) StdoutLine: {'line': b'-- Up-to-date: /home/mcfb/ros2_ws/install/px4_msgs/include/px4_msgs/px4_msgs/msg/detail/estimator_aid_source2d__rosidl_typesupport_fastrtps_cpp.hpp\n'}
[1.462588] (px4_msgs) StdoutLine: {'line': b'-- Up-to-date: /home/mcfb/ros2_ws/install/px4_msgs/include/px4_msgs/px4_msgs/msg/detail/landing_gear_wheel__rosidl_typesupport_fastrtps_cpp.hpp\n'}
[1.462627] (px4_msgs) StdoutLine: {'line': b'-- Up-to-date: /home/mcfb/ros2_ws/install/px4_msgs/include/px4_msgs/px4_msgs/msg/detail/vehicle_land_detected__rosidl_typesupport_fastrtps_cpp.hpp\n'}
[1.462690] (px4_msgs) StdoutLine: {'line': b'-- Up-to-date: /home/mcfb/ros2_ws/install/px4_msgs/include/px4_msgs/px4_msgs/msg/detail/estimator_innovations__rosidl_typesupport_fastrtps_cpp.hpp\n'}
[1.463012] (px4_msgs) StdoutLine: {'line': b'-- Up-to-date: /home/mcfb/ros2_ws/install/px4_msgs/include/px4_msgs/px4_msgs/msg/detail/dataman_response__rosidl_typesupport_fastrtps_cpp.hpp\n'}
[1.463073] (px4_msgs) StdoutLine: {'line': b'-- Up-to-date: /home/mcfb/ros2_ws/install/px4_msgs/include/px4_msgs/px4_msgs/msg/detail/control_allocator_status__rosidl_typesupport_fastrtps_cpp.hpp\n'}
[1.463123] (px4_msgs) StdoutLine: {'line': b'-- Up-to-date: /home/mcfb/ros2_ws/install/px4_msgs/include/px4_msgs/px4_msgs/msg/detail/irlock_report__rosidl_typesupport_fastrtps_cpp.hpp\n'}
[1.463171] (px4_msgs) StdoutLine: {'line': b'-- Up-to-date: /home/mcfb/ros2_ws/install/px4_msgs/include/px4_msgs/px4_msgs/msg/detail/vehicle_command__rosidl_typesupport_fastrtps_cpp.hpp\n'}
[1.463226] (px4_msgs) StdoutLine: {'line': b'-- Up-to-date: /home/mcfb/ros2_ws/install/px4_msgs/include/px4_msgs/px4_msgs/msg/detail/gimbal_device_attitude_status__rosidl_typesupport_fastrtps_cpp.hpp\n'}
[1.463286] (px4_msgs) StdoutLine: {'line': b'-- Up-to-date: /home/mcfb/ros2_ws/install/px4_msgs/include/px4_msgs/px4_msgs/msg/detail/vehicle_optical_flow__rosidl_typesupport_fastrtps_cpp.hpp\n'}
[1.463329] (px4_msgs) StdoutLine: {'line': b'-- Up-to-date: /home/mcfb/ros2_ws/install/px4_msgs/include/px4_msgs/px4_msgs/msg/detail/power_monitor__rosidl_typesupport_fastrtps_cpp.hpp\n'}
[1.463409] (px4_msgs) StdoutLine: {'line': b'-- Up-to-date: /home/mcfb/ros2_ws/install/px4_msgs/include/px4_msgs/px4_msgs/msg/detail/estimator_bias__rosidl_typesupport_fastrtps_cpp.hpp\n'}
[1.463464] (px4_msgs) StdoutLine: {'line': b'-- Up-to-date: /home/mcfb/ros2_ws/install/px4_msgs/include/px4_msgs/px4_msgs/msg/detail/vehicle_control_mode__rosidl_typesupport_fastrtps_cpp.hpp\n'}
[1.463525] (px4_msgs) StdoutLine: {'line': b'-- Up-to-date: /home/mcfb/ros2_ws/install/px4_msgs/include/px4_msgs/px4_msgs/msg/detail/gpio_out__rosidl_typesupport_fastrtps_cpp.hpp\n'}
[1.463565] (px4_msgs) StdoutLine: {'line': b'-- Up-to-date: /home/mcfb/ros2_ws/install/px4_msgs/include/px4_msgs/px4_msgs/msg/detail/manual_control_switches__rosidl_typesupport_fastrtps_cpp.hpp\n'}
[1.463609] (px4_msgs) StdoutLine: {'line': b'-- Up-to-date: /home/mcfb/ros2_ws/install/px4_msgs/include/px4_msgs/px4_msgs/msg/detail/vehicle_constraints__rosidl_typesupport_fastrtps_cpp.hpp\n'}
[1.463662] (px4_msgs) StdoutLine: {'line': b'-- Up-to-date: /home/mcfb/ros2_ws/install/px4_msgs/include/px4_msgs/px4_msgs/msg/detail/gimbal_controls__rosidl_typesupport_fastrtps_cpp.hpp\n'}
[1.463714] (px4_msgs) StdoutLine: {'line': b'-- Up-to-date: /home/mcfb/ros2_ws/install/px4_msgs/include/px4_msgs/px4_msgs/msg/detail/battery_info__rosidl_typesupport_fastrtps_cpp.hpp\n'}
[1.463766] (px4_msgs) StdoutLine: {'line': b'-- Up-to-date: /home/mcfb/ros2_ws/install/px4_msgs/include/px4_msgs/px4_msgs/msg/detail/fixed_wing_lateral_setpoint__rosidl_typesupport_fastrtps_cpp.hpp\n'}
[1.463822] (px4_msgs) StdoutLine: {'line': b'-- Up-to-date: /home/mcfb/ros2_ws/install/px4_msgs/include/px4_msgs/px4_msgs/msg/detail/sensor_gyro_fft__rosidl_typesupport_fastrtps_cpp.hpp\n'}
[1.463875] (px4_msgs) StdoutLine: {'line': b'-- Up-to-date: /home/mcfb/ros2_ws/install/px4_msgs/include/px4_msgs/px4_msgs/msg/detail/landing_gear__rosidl_typesupport_fastrtps_cpp.hpp\n'}
[1.463927] (px4_msgs) StdoutLine: {'line': b'-- Up-to-date: /home/mcfb/ros2_ws/install/px4_msgs/include/px4_msgs/px4_msgs/msg/detail/estimator_gps_status__rosidl_typesupport_fastrtps_cpp.hpp\n'}
[1.464002] (px4_msgs) StdoutLine: {'line': b'-- Up-to-date: /home/mcfb/ros2_ws/install/px4_msgs/include/px4_msgs/px4_msgs/msg/detail/vehicle_odometry__rosidl_typesupport_fastrtps_cpp.hpp\n'}
[1.464041] (px4_msgs) StdoutLine: {'line': b'-- Up-to-date: /home/mcfb/ros2_ws/install/px4_msgs/include/px4_msgs/px4_msgs/msg/detail/vtol_vehicle_status__rosidl_typesupport_fastrtps_cpp.hpp\n'}
[1.464078] (px4_msgs) StdoutLine: {'line': b'-- Up-to-date: /home/mcfb/ros2_ws/install/px4_msgs/include/px4_msgs/px4_msgs/msg/detail/sensors_status__rosidl_typesupport_fastrtps_cpp.hpp\n'}
[1.464114] (px4_msgs) StdoutLine: {'line': b'-- Up-to-date: /home/mcfb/ros2_ws/install/px4_msgs/include/px4_msgs/px4_msgs/msg/detail/follow_target_estimator__rosidl_typesupport_fastrtps_cpp.hpp\n'}
[1.464149] (px4_msgs) StdoutLine: {'line': b'-- Up-to-date: /home/mcfb/ros2_ws/install/px4_msgs/include/px4_msgs/px4_msgs/msg/detail/log_message__rosidl_typesupport_fastrtps_cpp.hpp\n'}
[1.464185] (px4_msgs) StdoutLine: {'line': b'-- Up-to-date: /home/mcfb/ros2_ws/install/px4_msgs/include/px4_msgs/px4_msgs/msg/detail/arming_check_request__rosidl_typesupport_fastrtps_cpp.hpp\n'}
[1.464221] (px4_msgs) StdoutLine: {'line': b'-- Up-to-date: /home/mcfb/ros2_ws/install/px4_msgs/include/px4_msgs/px4_msgs/msg/detail/debug_vect__rosidl_typesupport_fastrtps_cpp.hpp\n'}
[1.464258] (px4_msgs) StdoutLine: {'line': b'-- Up-to-date: /home/mcfb/ros2_ws/install/px4_msgs/include/px4_msgs/px4_msgs/msg/detail/mag_worker_data__rosidl_typesupport_fastrtps_cpp.hpp\n'}
[1.464293] (px4_msgs) StdoutLine: {'line': b'-- Up-to-date: /home/mcfb/ros2_ws/install/px4_msgs/include/px4_msgs/px4_msgs/msg/detail/gps_inject_data__rosidl_typesupport_fastrtps_cpp.hpp\n'}
[1.464339] (px4_msgs) StdoutLine: {'line': b'-- Up-to-date: /home/mcfb/ros2_ws/install/px4_msgs/include/px4_msgs/px4_msgs/msg/detail/tecs_status__rosidl_typesupport_fastrtps_cpp.hpp\n'}
[1.464389] (px4_msgs) StdoutLine: {'line': b'-- Up-to-date: /home/mcfb/ros2_ws/install/px4_msgs/include/px4_msgs/px4_msgs/msg/detail/vehicle_attitude_setpoint__rosidl_typesupport_fastrtps_cpp.hpp\n'}
[1.464425] (px4_msgs) StdoutLine: {'line': b'-- Up-to-date: /home/mcfb/ros2_ws/install/px4_msgs/include/px4_msgs/px4_msgs/msg/detail/event__rosidl_typesupport_fastrtps_cpp.hpp\n'}
[1.464460] (px4_msgs) StdoutLine: {'line': b'-- Up-to-date: /home/mcfb/ros2_ws/install/px4_msgs/include/px4_msgs/px4_msgs/msg/detail/rc_channels__rosidl_typesupport_fastrtps_cpp.hpp\n'}
[1.464495] (px4_msgs) StdoutLine: {'line': b'-- Up-to-date: /home/mcfb/ros2_ws/install/px4_msgs/include/px4_msgs/px4_msgs/msg/detail/debug_key_value__rosidl_typesupport_fastrtps_cpp.hpp\n'}
[1.464529] (px4_msgs) StdoutLine: {'line': b'-- Up-to-date: /home/mcfb/ros2_ws/install/px4_msgs/include/px4_msgs/px4_msgs/msg/detail/timesync_status__rosidl_typesupport_fastrtps_cpp.hpp\n'}
[1.464564] (px4_msgs) StdoutLine: {'line': b'-- Up-to-date: /home/mcfb/ros2_ws/install/px4_msgs/include/px4_msgs/px4_msgs/msg/detail/rover_steering_setpoint__rosidl_typesupport_fastrtps_cpp.hpp\n'}
[1.464600] (px4_msgs) StdoutLine: {'line': b'-- Up-to-date: /home/mcfb/ros2_ws/install/px4_msgs/include/px4_msgs/px4_msgs/msg/detail/longitudinal_control_configuration__rosidl_typesupport_fastrtps_cpp.hpp\n'}
[1.464635] (px4_msgs) StdoutLine: {'line': b'-- Up-to-date: /home/mcfb/ros2_ws/install/px4_msgs/include/px4_msgs/px4_msgs/msg/detail/rpm__rosidl_typesupport_fastrtps_cpp.hpp\n'}
[1.464696] (px4_msgs) StdoutLine: {'line': b'-- Up-to-date: /home/mcfb/ros2_ws/install/px4_msgs/include/px4_msgs/px4_msgs/msg/detail/parameter_reset_request__rosidl_typesupport_fastrtps_cpp.hpp\n'}
[1.464734] (px4_msgs) StdoutLine: {'line': b'-- Up-to-date: /home/mcfb/ros2_ws/install/px4_msgs/include/px4_msgs/px4_msgs/msg/detail/sensor_selection__rosidl_typesupport_fastrtps_cpp.hpp\n'}
[1.464768] (px4_msgs) StdoutLine: {'line': b'-- Up-to-date: /home/mcfb/ros2_ws/install/px4_msgs/include/px4_msgs/px4_msgs/msg/detail/wind__rosidl_typesupport_fastrtps_cpp.hpp\n'}
[1.464802] (px4_msgs) StdoutLine: {'line': b'-- Up-to-date: /home/mcfb/ros2_ws/install/px4_msgs/include/px4_msgs/px4_msgs/msg/detail/rover_attitude_setpoint__rosidl_typesupport_fastrtps_cpp.hpp\n'}
[1.464835] (px4_msgs) StdoutLine: {'line': b'-- Up-to-date: /home/mcfb/ros2_ws/install/px4_msgs/include/px4_msgs/px4_msgs/msg/detail/position_setpoint_triplet__rosidl_typesupport_fastrtps_cpp.hpp\n'}
[1.464878] (px4_msgs) StdoutLine: {'line': b'-- Up-to-date: /home/mcfb/ros2_ws/install/px4_msgs/include/px4_msgs/px4_msgs/msg/detail/vehicle_local_position_setpoint__rosidl_typesupport_fastrtps_cpp.hpp\n'}
[1.464914] (px4_msgs) StdoutLine: {'line': b'-- Up-to-date: /home/mcfb/ros2_ws/install/px4_msgs/include/px4_msgs/px4_msgs/msg/detail/vehicle_imu__rosidl_typesupport_fastrtps_cpp.hpp\n'}
[1.464951] (px4_msgs) StdoutLine: {'line': b'-- Up-to-date: /home/mcfb/ros2_ws/install/px4_msgs/include/px4_msgs/px4_msgs/msg/detail/gripper__rosidl_typesupport_fastrtps_cpp.hpp\n'}
[1.464989] (px4_msgs) StdoutLine: {'line': b'-- Up-to-date: /home/mcfb/ros2_ws/install/px4_msgs/include/px4_msgs/px4_msgs/msg/detail/satellite_info__rosidl_typesupport_fastrtps_cpp.hpp\n'}
[1.465025] (px4_msgs) StdoutLine: {'line': b'-- Up-to-date: /home/mcfb/ros2_ws/install/px4_msgs/include/px4_msgs/px4_msgs/msg/detail/wheel_encoders__rosidl_typesupport_fastrtps_cpp.hpp\n'}
[1.465065] (px4_msgs) StdoutLine: {'line': b'-- Up-to-date: /home/mcfb/ros2_ws/install/px4_msgs/include/px4_msgs/px4_msgs/msg/detail/rc_parameter_map__rosidl_typesupport_fastrtps_cpp.hpp\n'}
[1.465102] (px4_msgs) StdoutLine: {'line': b'-- Up-to-date: /home/mcfb/ros2_ws/install/px4_msgs/include/px4_msgs/px4_msgs/msg/detail/rtl_time_estimate__rosidl_typesupport_fastrtps_cpp.hpp\n'}
[1.465137] (px4_msgs) StdoutLine: {'line': b'-- Up-to-date: /home/mcfb/ros2_ws/install/px4_msgs/include/px4_msgs/px4_msgs/msg/detail/magnetometer_bias_estimate__rosidl_typesupport_fastrtps_cpp.hpp\n'}
[1.465170] (px4_msgs) StdoutLine: {'line': b'-- Up-to-date: /home/mcfb/ros2_ws/install/px4_msgs/include/px4_msgs/px4_msgs/msg/detail/rover_speed_setpoint__rosidl_typesupport_fastrtps_cpp.hpp\n'}
[1.465216] (px4_msgs) StdoutLine: {'line': b'-- Up-to-date: /home/mcfb/ros2_ws/install/px4_msgs/include/px4_msgs/px4_msgs/msg/detail/manual_control_setpoint__rosidl_typesupport_fastrtps_cpp.hpp\n'}
[1.465255] (px4_msgs) StdoutLine: {'line': b'-- Up-to-date: /home/mcfb/ros2_ws/install/px4_msgs/include/px4_msgs/px4_msgs/msg/detail/sensors_status_imu__rosidl_typesupport_fastrtps_cpp.hpp\n'}
[1.465293] (px4_msgs) StdoutLine: {'line': b'-- Up-to-date: /home/mcfb/ros2_ws/install/px4_msgs/include/px4_msgs/px4_msgs/msg/detail/generator_status__rosidl_typesupport_fastrtps_cpp.hpp\n'}
[1.465326] (px4_msgs) StdoutLine: {'line': b'-- Up-to-date: /home/mcfb/ros2_ws/install/px4_msgs/include/px4_msgs/px4_msgs/msg/detail/vehicle_thrust_setpoint__rosidl_typesupport_fastrtps_cpp.hpp\n'}
[1.465361] (px4_msgs) StdoutLine: {'line': b'-- Up-to-date: /home/mcfb/ros2_ws/install/px4_msgs/include/px4_msgs/px4_msgs/msg/detail/mission_result__rosidl_typesupport_fastrtps_cpp.hpp\n'}
[1.465395] (px4_msgs) StdoutLine: {'line': b'-- Up-to-date: /home/mcfb/ros2_ws/install/px4_msgs/include/px4_msgs/px4_msgs/msg/detail/figure_eight_status__rosidl_typesupport_fastrtps_cpp.hpp\n'}
[1.465430] (px4_msgs) StdoutLine: {'line': b'-- Up-to-date: /home/mcfb/ros2_ws/install/px4_msgs/include/px4_msgs/px4_msgs/msg/detail/qshell_req__rosidl_typesupport_fastrtps_cpp.hpp\n'}
[1.465465] (px4_msgs) StdoutLine: {'line': b'-- Up-to-date: /home/mcfb/ros2_ws/install/px4_msgs/include/px4_msgs/px4_msgs/msg/detail/rover_rate_setpoint__rosidl_typesupport_fastrtps_cpp.hpp\n'}
[1.465500] (px4_msgs) StdoutLine: {'line': b'-- Up-to-date: /home/mcfb/ros2_ws/install/px4_msgs/include/px4_msgs/px4_msgs/msg/detail/open_drone_id_system__rosidl_typesupport_fastrtps_cpp.hpp\n'}
[1.465535] (px4_msgs) StdoutLine: {'line': b'-- Up-to-date: /home/mcfb/ros2_ws/install/px4_msgs/include/px4_msgs/px4_msgs/msg/detail/sensor_hygrometer__rosidl_typesupport_fastrtps_cpp.hpp\n'}
[1.465570] (px4_msgs) StdoutLine: {'line': b'-- Up-to-date: /home/mcfb/ros2_ws/install/px4_msgs/include/px4_msgs/px4_msgs/msg/detail/parameter_set_used_request__rosidl_typesupport_fastrtps_cpp.hpp\n'}
[1.465622] (px4_msgs) StdoutLine: {'line': b'-- Up-to-date: /home/mcfb/ros2_ws/install/px4_msgs/include/px4_msgs/px4_msgs/msg/detail/can_interface_status__rosidl_typesupport_fastrtps_cpp.hpp\n'}
[1.465674] (px4_msgs) StdoutLine: {'line': b'-- Up-to-date: /home/mcfb/ros2_ws/install/px4_msgs/include/px4_msgs/px4_msgs/msg/detail/internal_combustion_engine_control__rosidl_typesupport_fastrtps_cpp.hpp\n'}
[1.465724] (px4_msgs) StdoutLine: {'line': b'-- Up-to-date: /home/mcfb/ros2_ws/install/px4_msgs/include/px4_msgs/px4_msgs/msg/detail/flight_phase_estimation__rosidl_typesupport_fastrtps_cpp.hpp\n'}
[1.465774] (px4_msgs) StdoutLine: {'line': b'-- Up-to-date: /home/mcfb/ros2_ws/install/px4_msgs/include/px4_msgs/px4_msgs/msg/detail/camera_capture__rosidl_typesupport_fastrtps_cpp.hpp\n'}
[1.465824] (px4_msgs) StdoutLine: {'line': b'-- Up-to-date: /home/mcfb/ros2_ws/install/px4_msgs/include/px4_msgs/px4_msgs/msg/detail/sensor_gyro__rosidl_typesupport_fastrtps_cpp.hpp\n'}
[1.465871] (px4_msgs) StdoutLine: {'line': b'-- Up-to-date: /home/mcfb/ros2_ws/install/px4_msgs/include/px4_msgs/px4_msgs/msg/detail/qshell_retval__rosidl_typesupport_fastrtps_cpp.hpp\n'}
[1.465907] (px4_msgs) StdoutLine: {'line': b'-- Up-to-date: /home/mcfb/ros2_ws/install/px4_msgs/include/px4_msgs/px4_msgs/msg/detail/ulog_stream__rosidl_typesupport_fastrtps_cpp.hpp\n'}
[1.465942] (px4_msgs) StdoutLine: {'line': b'-- Up-to-date: /home/mcfb/ros2_ws/install/px4_msgs/include/px4_msgs/px4_msgs/msg/detail/estimator_aid_source1d__rosidl_typesupport_fastrtps_cpp.hpp\n'}
[1.465986] (px4_msgs) StdoutLine: {'line': b'-- Up-to-date: /home/mcfb/ros2_ws/install/px4_msgs/include/px4_msgs/px4_msgs/msg/detail/mount_orientation__rosidl_typesupport_fastrtps_cpp.hpp\n'}
[1.466037] (px4_msgs) StdoutLine: {'line': b'-- Up-to-date: /home/mcfb/ros2_ws/install/px4_msgs/include/px4_msgs/px4_msgs/msg/detail/parameter_set_value_request__rosidl_typesupport_fastrtps_cpp.hpp\n'}
[1.466087] (px4_msgs) StdoutLine: {'line': b'-- Up-to-date: /home/mcfb/ros2_ws/install/px4_msgs/include/px4_msgs/px4_msgs/msg/detail/register_ext_component_reply__rosidl_typesupport_fastrtps_cpp.hpp\n'}
[1.466136] (px4_msgs) StdoutLine: {'line': b'-- Up-to-date: /home/mcfb/ros2_ws/install/px4_msgs/include/px4_msgs/px4_msgs/msg/detail/differential_pressure__rosidl_typesupport_fastrtps_cpp.hpp\n'}
[1.466186] (px4_msgs) StdoutLine: {'line': b'-- Up-to-date: /home/mcfb/ros2_ws/install/px4_msgs/include/px4_msgs/px4_msgs/msg/detail/actuator_armed__rosidl_typesupport_fastrtps_cpp.hpp\n'}
[1.466235] (px4_msgs) StdoutLine: {'line': b'-- Up-to-date: /home/mcfb/ros2_ws/install/px4_msgs/include/px4_msgs/px4_msgs/msg/detail/position_controller_landing_status__rosidl_typesupport_fastrtps_cpp.hpp\n'}
[1.466297] (px4_msgs) StdoutLine: {'line': b'-- Up-to-date: /home/mcfb/ros2_ws/install/px4_msgs/include/px4_msgs/px4_msgs/msg/detail/uavcan_parameter_request__rosidl_typesupport_fastrtps_cpp.hpp\n'}
[1.466333] (px4_msgs) StdoutLine: {'line': b'-- Up-to-date: /home/mcfb/ros2_ws/install/px4_msgs/include/px4_msgs/px4_msgs/msg/detail/cpuload__rosidl_typesupport_fastrtps_cpp.hpp\n'}
[1.466370] (px4_msgs) StdoutLine: {'line': b'-- Up-to-date: /home/mcfb/ros2_ws/install/px4_msgs/include/px4_msgs/px4_msgs/msg/detail/vehicle_optical_flow_vel__rosidl_typesupport_fastrtps_cpp.hpp\n'}
[1.466414] (px4_msgs) StdoutLine: {'line': b'-- Up-to-date: /home/mcfb/ros2_ws/install/px4_msgs/include/px4_msgs/px4_msgs/msg/detail/rover_position_setpoint__rosidl_typesupport_fastrtps_cpp.hpp\n'}
[1.466467] (px4_msgs) StdoutLine: {'line': b'-- Up-to-date: /home/mcfb/ros2_ws/install/px4_msgs/include/px4_msgs/px4_msgs/msg/detail/sensor_optical_flow__rosidl_typesupport_fastrtps_cpp.hpp\n'}
[1.466516] (px4_msgs) StdoutLine: {'line': b'-- Up-to-date: /home/mcfb/ros2_ws/install/px4_msgs/include/px4_msgs/px4_msgs/msg/detail/debug_array__rosidl_typesupport_fastrtps_cpp.hpp\n'}
[1.466565] (px4_msgs) StdoutLine: {'line': b'-- Up-to-date: /home/mcfb/ros2_ws/install/px4_msgs/include/px4_msgs/px4_msgs/msg/detail/orb_test_medium__rosidl_typesupport_fastrtps_cpp.hpp\n'}
[1.466614] (px4_msgs) StdoutLine: {'line': b'-- Up-to-date: /home/mcfb/ros2_ws/install/px4_msgs/include/px4_msgs/px4_msgs/msg/detail/estimator_selector_status__rosidl_typesupport_fastrtps_cpp.hpp\n'}
[1.466664] (px4_msgs) StdoutLine: {'line': b'-- Up-to-date: /home/mcfb/ros2_ws/install/px4_msgs/include/px4_msgs/px4_msgs/msg/detail/gpio_request__rosidl_typesupport_fastrtps_cpp.hpp\n'}
[1.466714] (px4_msgs) StdoutLine: {'line': b'-- Up-to-date: /home/mcfb/ros2_ws/install/px4_msgs/include/px4_msgs/px4_msgs/msg/detail/follow_target_status__rosidl_typesupport_fastrtps_cpp.hpp\n'}
[1.466763] (px4_msgs) StdoutLine: {'line': b'-- Up-to-date: /home/mcfb/ros2_ws/install/px4_msgs/include/px4_msgs/px4_msgs/msg/detail/launch_detection_status__rosidl_typesupport_fastrtps_cpp.hpp\n'}
[1.466820] (px4_msgs) StdoutLine: {'line': b'-- Up-to-date: /home/mcfb/ros2_ws/install/px4_msgs/include/px4_msgs/px4_msgs/msg/detail/health_report__rosidl_typesupport_fastrtps_cpp.hpp\n'}
[1.466864] (px4_msgs) StdoutLine: {'line': b'-- Up-to-date: /home/mcfb/ros2_ws/install/px4_msgs/include/px4_msgs/px4_msgs/msg/detail/collision_constraints__rosidl_typesupport_fastrtps_cpp.hpp\n'}
[1.466926] (px4_msgs) StdoutLine: {'line': b'-- Up-to-date: /home/mcfb/ros2_ws/install/px4_msgs/include/px4_msgs/px4_msgs/msg/detail/home_position__rosidl_typesupport_fastrtps_cpp.hpp\n'}
[1.466968] (px4_msgs) StdoutLine: {'line': b'-- Up-to-date: /home/mcfb/ros2_ws/install/px4_msgs/include/px4_msgs/px4_msgs/msg/detail/offboard_control_mode__rosidl_typesupport_fastrtps_cpp.hpp\n'}
[1.467004] (px4_msgs) StdoutLine: {'line': b'-- Up-to-date: /home/mcfb/ros2_ws/install/px4_msgs/include/px4_msgs/px4_msgs/msg/detail/mission__rosidl_typesupport_fastrtps_cpp.hpp\n'}
[1.467048] (px4_msgs) StdoutLine: {'line': b'-- Up-to-date: /home/mcfb/ros2_ws/install/px4_msgs/include/px4_msgs/px4_msgs/msg/detail/onboard_computer_status__rosidl_typesupport_fastrtps_cpp.hpp\n'}
[1.467097] (px4_msgs) StdoutLine: {'line': b'-- Up-to-date: /home/mcfb/ros2_ws/install/px4_msgs/include/px4_msgs/px4_msgs/msg/detail/gimbal_manager_set_manual_control__rosidl_typesupport_fastrtps_cpp.hpp\n'}
[1.467151] (px4_msgs) StdoutLine: {'line': b'-- Up-to-date: /home/mcfb/ros2_ws/install/px4_msgs/include/px4_msgs/px4_msgs/msg/detail/transponder_report__rosidl_typesupport_fastrtps_cpp.hpp\n'}
[1.467198] (px4_msgs) StdoutLine: {'line': b'-- Up-to-date: /home/mcfb/ros2_ws/install/px4_msgs/include/px4_msgs/px4_msgs/msg/detail/heater_status__rosidl_typesupport_fastrtps_cpp.hpp\n'}
[1.467252] (px4_msgs) StdoutLine: {'line': b'-- Up-to-date: /home/mcfb/ros2_ws/install/px4_msgs/include/px4_msgs/px4_msgs/msg/detail/vehicle_torque_setpoint__rosidl_typesupport_fastrtps_cpp.hpp\n'}
[1.467295] (px4_msgs) StdoutLine: {'line': b'-- Up-to-date: /home/mcfb/ros2_ws/install/px4_msgs/include/px4_msgs/px4_msgs/msg/detail/sensor_gps__rosidl_typesupport_fastrtps_cpp.hpp\n'}
[1.467343] (px4_msgs) StdoutLine: {'line': b'-- Up-to-date: /home/mcfb/ros2_ws/install/px4_msgs/include/px4_msgs/px4_msgs/msg/detail/ulog_stream_ack__rosidl_typesupport_fastrtps_cpp.hpp\n'}
[1.467394] (px4_msgs) StdoutLine: {'line': b'-- Up-to-date: /home/mcfb/ros2_ws/install/px4_msgs/include/px4_msgs/px4_msgs/msg/detail/vehicle_roi__rosidl_typesupport_fastrtps_cpp.hpp\n'}
[1.467435] (px4_msgs) StdoutLine: {'line': b'-- Up-to-date: /home/mcfb/ros2_ws/install/px4_msgs/include/px4_msgs/px4_msgs/msg/detail/message_format_request__rosidl_typesupport_fastrtps_cpp.hpp\n'}
[1.467475] (px4_msgs) StdoutLine: {'line': b'-- Up-to-date: /home/mcfb/ros2_ws/install/px4_msgs/include/px4_msgs/px4_msgs/msg/detail/orb_test__rosidl_typesupport_fastrtps_cpp.hpp\n'}
[1.467513] (px4_msgs) StdoutLine: {'line': b'-- Up-to-date: /home/mcfb/ros2_ws/install/px4_msgs/include/px4_msgs/px4_msgs/msg/detail/velocity_limits__rosidl_typesupport_fastrtps_cpp.hpp\n'}
[1.467550] (px4_msgs) StdoutLine: {'line': b'-- Up-to-date: /home/mcfb/ros2_ws/install/px4_msgs/include/px4_msgs/px4_msgs/msg/detail/neural_control__rosidl_typesupport_fastrtps_cpp.hpp\n'}
[1.467623] (px4_msgs) StdoutLine: {'line': b'-- Up-to-date: /home/mcfb/ros2_ws/install/px4_msgs/include/px4_msgs/px4_msgs/msg/detail/yaw_estimator_status__rosidl_typesupport_fastrtps_cpp.hpp\n'}
[1.467663] (px4_msgs) StdoutLine: {'line': b'-- Up-to-date: /home/mcfb/ros2_ws/install/px4_msgs/include/px4_msgs/px4_msgs/msg/detail/estimator_sensor_bias__rosidl_typesupport_fastrtps_cpp.hpp\n'}
[1.467714] (px4_msgs) StdoutLine: {'line': b'-- Up-to-date: /home/mcfb/ros2_ws/install/px4_msgs/include/px4_msgs/px4_msgs/msg/detail/vehicle_rates_setpoint__rosidl_typesupport_fastrtps_cpp.hpp\n'}
[1.467752] (px4_msgs) StdoutLine: {'line': b'-- Up-to-date: /home/mcfb/ros2_ws/install/px4_msgs/include/px4_msgs/px4_msgs/msg/detail/actuator_servos_trim__rosidl_typesupport_fastrtps_cpp.hpp\n'}
[1.467789] (px4_msgs) StdoutLine: {'line': b'-- Up-to-date: /home/mcfb/ros2_ws/install/px4_msgs/include/px4_msgs/px4_msgs/msg/detail/lateral_control_configuration__rosidl_typesupport_fastrtps_cpp.hpp\n'}
[1.467829] (px4_msgs) StdoutLine: {'line': b'-- Up-to-date: /home/mcfb/ros2_ws/install/px4_msgs/include/px4_msgs/px4_msgs/msg/detail/power_button_state__rosidl_typesupport_fastrtps_cpp.hpp\n'}
[1.467874] (px4_msgs) StdoutLine: {'line': b'-- Up-to-date: /home/mcfb/ros2_ws/install/px4_msgs/include/px4_msgs/px4_msgs/msg/detail/goto_setpoint__rosidl_typesupport_fastrtps_cpp.hpp\n'}
[1.467915] (px4_msgs) StdoutLine: {'line': b'-- Up-to-date: /home/mcfb/ros2_ws/install/px4_msgs/include/px4_msgs/px4_msgs/msg/detail/follow_target__rosidl_typesupport_fastrtps_cpp.hpp\n'}
[1.467955] (px4_msgs) StdoutLine: {'line': b'-- Up-to-date: /home/mcfb/ros2_ws/install/px4_msgs/include/px4_msgs/px4_msgs/msg/detail/landing_target_pose__rosidl_typesupport_fastrtps_cpp.hpp\n'}
[1.467994] (px4_msgs) StdoutLine: {'line': b'-- Up-to-date: /home/mcfb/ros2_ws/install/px4_msgs/include/px4_msgs/px4_msgs/msg/detail/landing_target_innovations__rosidl_typesupport_fastrtps_cpp.hpp\n'}
[1.468033] (px4_msgs) StdoutLine: {'line': b'-- Up-to-date: /home/mcfb/ros2_ws/install/px4_msgs/include/px4_msgs/px4_msgs/msg/detail/position_setpoint__rosidl_typesupport_fastrtps_cpp.hpp\n'}
[1.468072] (px4_msgs) StdoutLine: {'line': b'-- Up-to-date: /home/mcfb/ros2_ws/install/px4_msgs/include/px4_msgs/px4_msgs/msg/detail/open_drone_id_arm_status__rosidl_typesupport_fastrtps_cpp.hpp\n'}
[1.468111] (px4_msgs) StdoutLine: {'line': b'-- Up-to-date: /home/mcfb/ros2_ws/install/px4_msgs/include/px4_msgs/px4_msgs/msg/detail/sensor_correction__rosidl_typesupport_fastrtps_cpp.hpp\n'}
[1.468150] (px4_msgs) StdoutLine: {'line': b'-- Up-to-date: /home/mcfb/ros2_ws/install/px4_msgs/include/px4_msgs/px4_msgs/msg/detail/parameter_update__rosidl_typesupport_fastrtps_cpp.hpp\n'}
[1.468188] (px4_msgs) StdoutLine: {'line': b'-- Up-to-date: /home/mcfb/ros2_ws/install/px4_msgs/include/px4_msgs/px4_msgs/msg/detail/system_power__rosidl_typesupport_fastrtps_cpp.hpp\n'}
[1.468225] (px4_msgs) StdoutLine: {'line': b'-- Up-to-date: /home/mcfb/ros2_ws/install/px4_msgs/include/px4_msgs/px4_msgs/msg/detail/rover_rate_status__rosidl_typesupport_fastrtps_cpp.hpp\n'}
[1.468260] (px4_msgs) StdoutLine: {'line': b'-- Up-to-date: /home/mcfb/ros2_ws/install/px4_msgs/include/px4_msgs/px4_msgs/msg/detail/logger_status__rosidl_typesupport_fastrtps_cpp.hpp\n'}
[1.468297] (px4_msgs) StdoutLine: {'line': b'-- Up-to-date: /home/mcfb/ros2_ws/install/px4_msgs/include/px4_msgs/px4_msgs/msg/detail/gimbal_manager_set_attitude__rosidl_typesupport_fastrtps_cpp.hpp\n'}
[1.468334] (px4_msgs) StdoutLine: {'line': b'-- Up-to-date: /home/mcfb/ros2_ws/install/px4_msgs/include/px4_msgs/px4_msgs/msg/detail/sensor_gyro_fifo__rosidl_typesupport_fastrtps_cpp.hpp\n'}
[1.468374] (px4_msgs) StdoutLine: {'line': b'-- Up-to-date: /home/mcfb/ros2_ws/install/px4_msgs/include/px4_msgs/px4_msgs/msg/detail/geofence_status__rosidl_typesupport_fastrtps_cpp.hpp\n'}
[1.468411] (px4_msgs) StdoutLine: {'line': b'-- Up-to-date: /home/mcfb/ros2_ws/install/px4_msgs/include/px4_msgs/px4_msgs/msg/detail/actuator_controls_status__rosidl_typesupport_fastrtps_cpp.hpp\n'}
[1.468448] (px4_msgs) StdoutLine: {'line': b'-- Up-to-date: /home/mcfb/ros2_ws/install/px4_msgs/include/px4_msgs/px4_msgs/msg/detail/rover_attitude_status__rosidl_typesupport_fastrtps_cpp.hpp\n'}
[1.468485] (px4_msgs) StdoutLine: {'line': b'-- Up-to-date: /home/mcfb/ros2_ws/install/px4_msgs/include/px4_msgs/px4_msgs/msg/detail/distance_sensor__rosidl_typesupport_fastrtps_cpp.hpp\n'}
[1.468521] (px4_msgs) StdoutLine: {'line': b'-- Up-to-date: /home/mcfb/ros2_ws/install/px4_msgs/include/px4_msgs/px4_msgs/msg/detail/pure_pursuit_status__rosidl_typesupport_fastrtps_cpp.hpp\n'}
[1.468557] (px4_msgs) StdoutLine: {'line': b'-- Up-to-date: /home/mcfb/ros2_ws/install/px4_msgs/include/px4_msgs/px4_msgs/msg/detail/rate_ctrl_status__rosidl_typesupport_fastrtps_cpp.hpp\n'}
[1.468593] (px4_msgs) StdoutLine: {'line': b'-- Up-to-date: /home/mcfb/ros2_ws/install/px4_msgs/include/px4_msgs/px4_msgs/msg/detail/rover_speed_status__rosidl_typesupport_fastrtps_cpp.hpp\n'}
[1.468650] (px4_msgs) StdoutLine: {'line': b'-- Up-to-date: /home/mcfb/ros2_ws/install/px4_msgs/include/px4_msgs/px4_msgs/msg/detail/button_event__rosidl_typesupport_fastrtps_cpp.hpp\n'}
[1.468685] (px4_msgs) StdoutLine: {'line': b'-- Up-to-date: /home/mcfb/ros2_ws/install/px4_msgs/include/px4_msgs/px4_msgs/msg/detail/tiltrotor_extra_controls__rosidl_typesupport_fastrtps_cpp.hpp\n'}
[1.468724] (px4_msgs) StdoutLine: {'line': b'-- Up-to-date: /home/mcfb/ros2_ws/install/px4_msgs/include/px4_msgs/px4_msgs/msg/detail/uavcan_parameter_value__rosidl_typesupport_fastrtps_cpp.hpp\n'}
[1.468761] (px4_msgs) StdoutLine: {'line': b'-- Up-to-date: /home/mcfb/ros2_ws/install/px4_msgs/include/px4_msgs/px4_msgs/msg/detail/vehicle_attitude__rosidl_typesupport_fastrtps_cpp.hpp\n'}
[1.468797] (px4_msgs) StdoutLine: {'line': b'-- Up-to-date: /home/mcfb/ros2_ws/install/px4_msgs/include/px4_msgs/px4_msgs/msg/detail/obstacle_distance__rosidl_typesupport_fastrtps_cpp.hpp\n'}
[1.468834] (px4_msgs) StdoutLine: {'line': b'-- Up-to-date: /home/mcfb/ros2_ws/install/px4_msgs/include/px4_msgs/px4_msgs/msg/detail/fixed_wing_runway_control__rosidl_typesupport_fastrtps_cpp.hpp\n'}
[1.468887] (px4_msgs) StdoutLine: {'line': b'-- Up-to-date: /home/mcfb/ros2_ws/install/px4_msgs/include/px4_msgs/px4_msgs/msg/detail/vehicle_magnetometer__rosidl_typesupport_fastrtps_cpp.hpp\n'}
[1.468927] (px4_msgs) StdoutLine: {'line': b'-- Up-to-date: /home/mcfb/ros2_ws/install/px4_msgs/include/px4_msgs/px4_msgs/msg/detail/parameter_set_value_response__rosidl_typesupport_fastrtps_cpp.hpp\n'}
[1.468965] (px4_msgs) StdoutLine: {'line': b'-- Up-to-date: /home/mcfb/ros2_ws/install/px4_msgs/include/px4_msgs/px4_msgs/msg/detail/gimbal_manager_information__rosidl_typesupport_fastrtps_cpp.hpp\n'}
[1.469002] (px4_msgs) StdoutLine: {'line': b'-- Up-to-date: /home/mcfb/ros2_ws/install/px4_msgs/include/px4_msgs/px4_msgs/msg/detail/vehicle_angular_velocity__rosidl_typesupport_fastrtps_cpp.hpp\n'}
[1.469041] (px4_msgs) StdoutLine: {'line': b'-- Up-to-date: /home/mcfb/ros2_ws/install/px4_msgs/include/px4_msgs/px4_msgs/msg/detail/cellular_status__rosidl_typesupport_fastrtps_cpp.hpp\n'}
[1.469079] (px4_msgs) StdoutLine: {'line': b'-- Up-to-date: /home/mcfb/ros2_ws/install/px4_msgs/include/px4_msgs/px4_msgs/msg/detail/sensor_uwb__rosidl_typesupport_fastrtps_cpp.hpp\n'}
[1.469131] (px4_msgs) StdoutLine: {'line': b'-- Up-to-date: /home/mcfb/ros2_ws/install/px4_msgs/include/px4_msgs/px4_msgs/msg/detail/arming_check_reply__rosidl_typesupport_fastrtps_cpp.hpp\n'}
[1.469165] (px4_msgs) StdoutLine: {'line': b'-- Up-to-date: /home/mcfb/ros2_ws/install/px4_msgs/include/px4_msgs/px4_msgs/msg/detail/estimator_status_flags__rosidl_typesupport_fastrtps_cpp.hpp\n'}
[1.469199] (px4_msgs) StdoutLine: {'line': b'-- Up-to-date: /home/mcfb/ros2_ws/install/px4_msgs/include/px4_msgs/px4_msgs/msg/detail/mode_completed__rosidl_typesupport_fastrtps_cpp.hpp\n'}
[1.469233] (px4_msgs) StdoutLine: {'line': b'-- Up-to-date: /home/mcfb/ros2_ws/install/px4_msgs/include/px4_msgs/px4_msgs/msg/detail/rover_throttle_setpoint__rosidl_typesupport_fastrtps_cpp.hpp\n'}
[1.469267] (px4_msgs) StdoutLine: {'line': b'-- Up-to-date: /home/mcfb/ros2_ws/install/px4_msgs/include/px4_msgs/px4_msgs/msg/detail/sensor_airflow__rosidl_typesupport_fastrtps_cpp.hpp\n'}
[1.469301] (px4_msgs) StdoutLine: {'line': b'-- Up-to-date: /home/mcfb/ros2_ws/install/px4_msgs/include/px4_msgs/px4_msgs/msg/detail/orbit_status__rosidl_typesupport_fastrtps_cpp.hpp\n'}
[1.469337] (px4_msgs) StdoutLine: {'line': b'-- Up-to-date: /home/mcfb/ros2_ws/install/px4_msgs/include/px4_msgs/px4_msgs/msg/detail/trajectory_setpoint6dof__rosidl_typesupport_fastrtps_cpp.hpp\n'}
[1.469373] (px4_msgs) StdoutLine: {'line': b'-- Up-to-date: /home/mcfb/ros2_ws/install/px4_msgs/include/px4_msgs/px4_msgs/msg/detail/navigator_status__rosidl_typesupport_fastrtps_cpp.hpp\n'}
[1.469409] (px4_msgs) StdoutLine: {'line': b'-- Up-to-date: /home/mcfb/ros2_ws/install/px4_msgs/include/px4_msgs/px4_msgs/msg/detail/dronecan_node_status__rosidl_typesupport_fastrtps_cpp.hpp\n'}
[1.469455] (px4_msgs) StdoutLine: {'line': b'-- Up-to-date: /home/mcfb/ros2_ws/install/px4_msgs/include/px4_msgs/px4_msgs/msg/detail/hover_thrust_estimate__rosidl_typesupport_fastrtps_cpp.hpp\n'}
[1.469489] (px4_msgs) StdoutLine: {'line': b'-- Up-to-date: /home/mcfb/ros2_ws/install/px4_msgs/include/px4_msgs/px4_msgs/msg/detail/radio_status__rosidl_typesupport_fastrtps_cpp.hpp\n'}
[1.469539] (px4_msgs) StdoutLine: {'line': b'-- Up-to-date: /home/mcfb/ros2_ws/install/px4_msgs/include/px4_msgs/px4_msgs/msg/detail/orb_test_large__rosidl_typesupport_fastrtps_cpp.hpp\n'}
[1.469572] (px4_msgs) StdoutLine: {'line': b'-- Up-to-date: /home/mcfb/ros2_ws/install/px4_msgs/include/px4_msgs/px4_msgs/msg/detail/actuator_test__rosidl_typesupport_fastrtps_cpp.hpp\n'}
[1.469606] (px4_msgs) StdoutLine: {'line': b'-- Up-to-date: /home/mcfb/ros2_ws/install/px4_msgs/include/px4_msgs/px4_msgs/msg/detail/geofence_result__rosidl_typesupport_fastrtps_cpp.hpp\n'}
[1.469640] (px4_msgs) StdoutLine: {'line': b'-- Up-to-date: /home/mcfb/ros2_ws/install/px4_msgs/include/px4_msgs/px4_msgs/msg/detail/config_overrides__rosidl_typesupport_fastrtps_cpp.hpp\n'}
[1.469672] (px4_msgs) StdoutLine: {'line': b'-- Up-to-date: /home/mcfb/ros2_ws/install/px4_msgs/include/px4_msgs/px4_msgs/msg/detail/fixed_wing_longitudinal_setpoint__rosidl_typesupport_fastrtps_cpp.hpp\n'}
[1.469708] (px4_msgs) StdoutLine: {'line': b'-- Up-to-date: /home/mcfb/ros2_ws/install/px4_msgs/include/px4_msgs/px4_msgs/msg/detail/vehicle_acceleration__rosidl_typesupport_fastrtps_cpp.hpp\n'}
[1.469743] (px4_msgs) StdoutLine: {'line': b'-- Up-to-date: /home/mcfb/ros2_ws/install/px4_msgs/include/px4_msgs/px4_msgs/msg/detail/rtl_status__rosidl_typesupport_fastrtps_cpp.hpp\n'}
[1.469781] (px4_msgs) StdoutLine: {'line': b'-- Up-to-date: /home/mcfb/ros2_ws/install/px4_msgs/include/px4_msgs/px4_msgs/msg/detail/gimbal_manager_status__rosidl_typesupport_fastrtps_cpp.hpp\n'}
[1.469839] (px4_msgs) StdoutLine: {'line': b'-- Up-to-date: /home/mcfb/ros2_ws/install/px4_msgs/include/px4_msgs/px4_msgs/msg/detail/esc_status__rosidl_typesupport_fastrtps_cpp.hpp\n'}
[1.469883] (px4_msgs) StdoutLine: {'line': b'-- Up-to-date: /home/mcfb/ros2_ws/install/px4_msgs/include/px4_msgs/px4_msgs/msg/detail/open_drone_id_self_id__rosidl_typesupport_fastrtps_cpp.hpp\n'}
[1.469917] (px4_msgs) StdoutLine: {'line': b'-- Up-to-date: /home/mcfb/ros2_ws/install/px4_msgs/include/px4_msgs/px4_msgs/msg/detail/normalized_unsigned_setpoint__rosidl_typesupport_fastrtps_cpp.hpp\n'}
[1.469952] (px4_msgs) StdoutLine: {'line': b'-- Up-to-date: /home/mcfb/ros2_ws/install/px4_msgs/include/px4_msgs/px4_msgs/msg/detail/action_request__rosidl_typesupport_fastrtps_cpp.hpp\n'}
[1.469987] (px4_msgs) StdoutLine: {'line': b'-- Up-to-date: /home/mcfb/ros2_ws/install/px4_msgs/include/px4_msgs/px4_msgs/msg/detail/mavlink_tunnel__rosidl_typesupport_fastrtps_cpp.hpp\n'}
[1.470021] (px4_msgs) StdoutLine: {'line': b'-- Up-to-date: /home/mcfb/ros2_ws/install/px4_msgs/include/px4_msgs/px4_msgs/msg/detail/camera_trigger__rosidl_typesupport_fastrtps_cpp.hpp\n'}
[1.470056] (px4_msgs) StdoutLine: {'line': b'-- Up-to-date: /home/mcfb/ros2_ws/install/px4_msgs/include/px4_msgs/px4_msgs/msg/detail/led_control__rosidl_typesupport_fastrtps_cpp.hpp\n'}
[1.470090] (px4_msgs) StdoutLine: {'line': b'-- Up-to-date: /home/mcfb/ros2_ws/install/px4_msgs/include/px4_msgs/px4_msgs/msg/detail/gpio_config__rosidl_typesupport_fastrtps_cpp.hpp\n'}
[1.470126] (px4_msgs) StdoutLine: {'line': b'-- Up-to-date: /home/mcfb/ros2_ws/install/px4_msgs/include/px4_msgs/px4_msgs/msg/detail/airspeed__rosidl_typesupport_fastrtps_cpp.hpp\n'}
[1.470164] (px4_msgs) StdoutLine: {'line': b'-- Up-to-date: /home/mcfb/ros2_ws/install/px4_msgs/include/px4_msgs/px4_msgs/msg/detail/actuator_outputs__rosidl_typesupport_fastrtps_cpp.hpp\n'}
[1.470199] (px4_msgs) StdoutLine: {'line': b'-- Up-to-date: /home/mcfb/ros2_ws/install/px4_msgs/include/px4_msgs/px4_msgs/msg/detail/failure_detector_status__rosidl_typesupport_fastrtps_cpp.hpp\n'}
[1.470246] (px4_msgs) StdoutLine: {'line': b'-- Up-to-date: /home/mcfb/ros2_ws/install/px4_msgs/include/px4_msgs/px4_msgs/msg/detail/internal_combustion_engine_status__rosidl_typesupport_fastrtps_cpp.hpp\n'}
[1.470280] (px4_msgs) StdoutLine: {'line': b'-- Up-to-date: /home/mcfb/ros2_ws/install/px4_msgs/include/px4_msgs/px4_msgs/msg/detail/px4io_status__rosidl_typesupport_fastrtps_cpp.hpp\n'}
[1.470314] (px4_msgs) StdoutLine: {'line': b'-- Up-to-date: /home/mcfb/ros2_ws/install/px4_msgs/include/px4_msgs/px4_msgs/msg/detail/distance_sensor_mode_change_request__rosidl_typesupport_fastrtps_cpp.hpp\n'}
[1.470348] (px4_msgs) StdoutLine: {'line': b'-- Up-to-date: /home/mcfb/ros2_ws/install/px4_msgs/include/px4_msgs/px4_msgs/msg/detail/autotune_attitude_control_status__rosidl_typesupport_fastrtps_cpp.hpp\n'}
[1.470384] (px4_msgs) StdoutLine: {'line': b'-- Up-to-date: /home/mcfb/ros2_ws/install/px4_msgs/include/px4_msgs/px4_msgs/msg/detail/position_controller_status__rosidl_typesupport_fastrtps_cpp.hpp\n'}
[1.470420] (px4_msgs) StdoutLine: {'line': b'-- Up-to-date: /home/mcfb/ros2_ws/install/px4_msgs/include/px4_msgs/px4_msgs/msg/detail/dataman_request__rosidl_typesupport_fastrtps_cpp.hpp\n'}
[1.470456] (px4_msgs) StdoutLine: {'line': b'-- Up-to-date: /home/mcfb/ros2_ws/install/px4_msgs/include/px4_msgs/px4_msgs/msg/detail/gimbal_device_information__rosidl_typesupport_fastrtps_cpp.hpp\n'}
[1.470501] (px4_msgs) StdoutLine: {'line': b'-- Up-to-date: /home/mcfb/ros2_ws/install/px4_msgs/include/px4_msgs/px4_msgs/msg/detail/input_rc__rosidl_typesupport_fastrtps_cpp.hpp\n'}
[1.470545] (px4_msgs) StdoutLine: {'line': b'-- Up-to-date: /home/mcfb/ros2_ws/install/px4_msgs/include/px4_msgs/px4_msgs/msg/detail/message_format_response__rosidl_typesupport_fastrtps_cpp.hpp\n'}
[1.470580] (px4_msgs) StdoutLine: {'line': b'-- Up-to-date: /home/mcfb/ros2_ws/install/px4_msgs/include/px4_msgs/px4_msgs/msg/detail/iridiumsbd_status__rosidl_typesupport_fastrtps_cpp.hpp\n'}
[1.470613] (px4_msgs) StdoutLine: {'line': b'-- Up-to-date: /home/mcfb/ros2_ws/install/px4_msgs/include/px4_msgs/px4_msgs/msg/detail/sensor_combined__rosidl_typesupport_fastrtps_cpp.hpp\n'}
[1.470647] (px4_msgs) StdoutLine: {'line': b'-- Up-to-date: /home/mcfb/ros2_ws/install/px4_msgs/include/px4_msgs/px4_msgs/msg/detail/vehicle_global_position__rosidl_typesupport_fastrtps_cpp.hpp\n'}
[1.470680] (px4_msgs) StdoutLine: {'line': b'-- Up-to-date: /home/mcfb/ros2_ws/install/px4_msgs/include/px4_msgs/px4_msgs/msg/detail/trajectory_setpoint__rosidl_typesupport_fastrtps_cpp.hpp\n'}
[1.470714] (px4_msgs) StdoutLine: {'line': b'-- Up-to-date: /home/mcfb/ros2_ws/install/px4_msgs/include/px4_msgs/px4_msgs/msg/detail/failsafe_flags__rosidl_typesupport_fastrtps_cpp.hpp\n'}
[1.470752] (px4_msgs) StdoutLine: {'line': b'-- Up-to-date: /home/mcfb/ros2_ws/install/px4_msgs/include/px4_msgs/px4_msgs/msg/detail/estimator_aid_source3d__rosidl_typesupport_fastrtps_cpp.hpp\n'}
[1.470785] (px4_msgs) StdoutLine: {'line': b'-- Up-to-date: /home/mcfb/ros2_ws/install/px4_msgs/include/px4_msgs/px4_msgs/msg/detail/estimator_status__rosidl_typesupport_fastrtps_cpp.hpp\n'}
[1.470820] (px4_msgs) StdoutLine: {'line': b'-- Up-to-date: /home/mcfb/ros2_ws/install/px4_msgs/include/px4_msgs/px4_msgs/msg/detail/open_drone_id_operator_id__rosidl_typesupport_fastrtps_cpp.hpp\n'}
[1.470868] (px4_msgs) StdoutLine: {'line': b'-- Up-to-date: /home/mcfb/ros2_ws/install/px4_msgs/include/px4_msgs/px4_msgs/msg/rosidl_typesupport_fastrtps_cpp__visibility_control.h\n'}
[1.470916] (px4_msgs) StdoutLine: {'line': b'-- Up-to-date: /home/mcfb/ros2_ws/install/px4_msgs/lib/libpx4_msgs__rosidl_typesupport_fastrtps_cpp.so\n'}
[1.470958] (px4_msgs) StdoutLine: {'line': b'-- Up-to-date: /home/mcfb/ros2_ws/install/px4_msgs/include/px4_msgs/px4_msgs\n'}
[1.471010] (px4_msgs) StdoutLine: {'line': b'-- Up-to-date: /home/mcfb/ros2_ws/install/px4_msgs/include/px4_msgs/px4_msgs/srv\n'}
[1.471061] (px4_msgs) StdoutLine: {'line': b'-- Up-to-date: /home/mcfb/ros2_ws/install/px4_msgs/include/px4_msgs/px4_msgs/srv/detail\n'}
[1.471143] (px4_msgs) StdoutLine: {'line': b'-- Installing: /home/mcfb/ros2_ws/install/px4_msgs/include/px4_msgs/px4_msgs/srv/detail/vehicle_command__type_support.c\n'}
[1.471198] (px4_msgs) StdoutLine: {'line': b'-- Up-to-date: /home/mcfb/ros2_ws/install/px4_msgs/include/px4_msgs/px4_msgs/srv/detail/vehicle_command__rosidl_typesupport_introspection_c.h\n'}
[1.471235] (px4_msgs) StdoutLine: {'line': b'-- Up-to-date: /home/mcfb/ros2_ws/install/px4_msgs/include/px4_msgs/px4_msgs/msg\n'}
[1.471273] (px4_msgs) StdoutLine: {'line': b'-- Up-to-date: /home/mcfb/ros2_ws/install/px4_msgs/include/px4_msgs/px4_msgs/msg/rosidl_typesupport_introspection_c__visibility_control.h\n'}
[1.471309] (px4_msgs) StdoutLine: {'line': b'-- Up-to-date: /home/mcfb/ros2_ws/install/px4_msgs/include/px4_msgs/px4_msgs/msg/detail\n'}
[1.471345] (px4_msgs) StdoutLine: {'line': b'-- Up-to-date: /home/mcfb/ros2_ws/install/px4_msgs/include/px4_msgs/px4_msgs/msg/detail/battery_info__rosidl_typesupport_introspection_c.h\n'}
[1.471381] (px4_msgs) StdoutLine: {'line': b'-- Up-to-date: /home/mcfb/ros2_ws/install/px4_msgs/include/px4_msgs/px4_msgs/msg/detail/vehicle_local_position_setpoint__rosidl_typesupport_introspection_c.h\n'}
[1.471419] (px4_msgs) StdoutLine: {'line': b'-- Installing: /home/mcfb/ros2_ws/install/px4_msgs/include/px4_msgs/px4_msgs/msg/detail/airspeed__type_support.c\n'}
[1.471455] (px4_msgs) StdoutLine: {'line': b'-- Installing: /home/mcfb/ros2_ws/install/px4_msgs/include/px4_msgs/px4_msgs/msg/detail/failure_detector_status__type_support.c\n'}
[1.471494] (px4_msgs) StdoutLine: {'line': b'-- Installing: /home/mcfb/ros2_ws/install/px4_msgs/include/px4_msgs/px4_msgs/msg/detail/ulog_stream__type_support.c\n'}
[1.471531] (px4_msgs) StdoutLine: {'line': b'-- Installing: /home/mcfb/ros2_ws/install/px4_msgs/include/px4_msgs/px4_msgs/msg/detail/can_interface_status__type_support.c\n'}
[1.471569] (px4_msgs) StdoutLine: {'line': b'-- Up-to-date: /home/mcfb/ros2_ws/install/px4_msgs/include/px4_msgs/px4_msgs/msg/detail/sensor_optical_flow__rosidl_typesupport_introspection_c.h\n'}
[1.471606] (px4_msgs) StdoutLine: {'line': b'-- Up-to-date: /home/mcfb/ros2_ws/install/px4_msgs/include/px4_msgs/px4_msgs/msg/detail/mavlink_log__rosidl_typesupport_introspection_c.h\n'}
[1.471643] (px4_msgs) StdoutLine: {'line': b'-- Installing: /home/mcfb/ros2_ws/install/px4_msgs/include/px4_msgs/px4_msgs/msg/detail/esc_report__type_support.c\n'}
[1.471680] (px4_msgs) StdoutLine: {'line': b'-- Installing: /home/mcfb/ros2_ws/install/px4_msgs/include/px4_msgs/px4_msgs/msg/detail/vehicle_air_data__type_support.c\n'}
[1.471717] (px4_msgs) StdoutLine: {'line': b'-- Installing: /home/mcfb/ros2_ws/install/px4_msgs/include/px4_msgs/px4_msgs/msg/detail/gimbal_controls__type_support.c\n'}
[1.471755] (px4_msgs) StdoutLine: {'line': b'-- Installing: /home/mcfb/ros2_ws/install/px4_msgs/include/px4_msgs/px4_msgs/msg/detail/sensor_gnss_status__type_support.c\n'}
[1.471794] (px4_msgs) StdoutLine: {'line': b'-- Up-to-date: /home/mcfb/ros2_ws/install/px4_msgs/include/px4_msgs/px4_msgs/msg/detail/ulog_stream_ack__rosidl_typesupport_introspection_c.h\n'}
[1.471832] (px4_msgs) StdoutLine: {'line': b'-- Up-to-date: /home/mcfb/ros2_ws/install/px4_msgs/include/px4_msgs/px4_msgs/msg/detail/velocity_limits__rosidl_typesupport_introspection_c.h\n'}
[1.471884] (px4_msgs) StdoutLine: {'line': b'-- Up-to-date: /home/mcfb/ros2_ws/install/px4_msgs/include/px4_msgs/px4_msgs/msg/detail/vehicle_thrust_setpoint__rosidl_typesupport_introspection_c.h\n'}
[1.471923] (px4_msgs) StdoutLine: {'line': b'-- Up-to-date: /home/mcfb/ros2_ws/install/px4_msgs/include/px4_msgs/px4_msgs/msg/detail/yaw_estimator_status__rosidl_typesupport_introspection_c.h\n'}
[1.471959] (px4_msgs) StdoutLine: {'line': b'-- Up-to-date: /home/mcfb/ros2_ws/install/px4_msgs/include/px4_msgs/px4_msgs/msg/detail/ping__rosidl_typesupport_introspection_c.h\n'}
[1.472032] (px4_msgs) StdoutLine: {'line': b'-- Installing: /home/mcfb/ros2_ws/install/px4_msgs/include/px4_msgs/px4_msgs/msg/detail/estimator_bias__type_support.c\n'}
[1.472072] (px4_msgs) StdoutLine: {'line': b'-- Up-to-date: /home/mcfb/ros2_ws/install/px4_msgs/include/px4_msgs/px4_msgs/msg/detail/estimator_status_flags__rosidl_typesupport_introspection_c.h\n'}
[1.472107] (px4_msgs) StdoutLine: {'line': b'-- Up-to-date: /home/mcfb/ros2_ws/install/px4_msgs/include/px4_msgs/px4_msgs/msg/detail/ulog_stream__rosidl_typesupport_introspection_c.h\n'}
[1.472143] (px4_msgs) StdoutLine: {'line': b'-- Installing: /home/mcfb/ros2_ws/install/px4_msgs/include/px4_msgs/px4_msgs/msg/detail/gimbal_manager_information__type_support.c\n'}
[1.472185] (px4_msgs) StdoutLine: {'line': b'-- Installing: /home/mcfb/ros2_ws/install/px4_msgs/include/px4_msgs/px4_msgs/msg/detail/follow_target__type_support.c\n'}
[1.472225] (px4_msgs) StdoutLine: {'line': b'-- Up-to-date: /home/mcfb/ros2_ws/install/px4_msgs/include/px4_msgs/px4_msgs/msg/detail/rover_rate_setpoint__rosidl_typesupport_introspection_c.h\n'}
[1.472283] (px4_msgs) StdoutLine: {'line': b'-- Up-to-date: /home/mcfb/ros2_ws/install/px4_msgs/include/px4_msgs/px4_msgs/msg/detail/navigator_mission_item__rosidl_typesupport_introspection_c.h\n'}
[1.472318] (px4_msgs) StdoutLine: {'line': b'-- Up-to-date: /home/mcfb/ros2_ws/install/px4_msgs/include/px4_msgs/px4_msgs/msg/detail/sensor_gnss_relative__rosidl_typesupport_introspection_c.h\n'}
[1.472353] (px4_msgs) StdoutLine: {'line': b'-- Installing: /home/mcfb/ros2_ws/install/px4_msgs/include/px4_msgs/px4_msgs/msg/detail/vehicle_imu_status__type_support.c\n'}
[1.472388] (px4_msgs) StdoutLine: {'line': b'-- Up-to-date: /home/mcfb/ros2_ws/install/px4_msgs/include/px4_msgs/px4_msgs/msg/detail/parameter_update__rosidl_typesupport_introspection_c.h\n'}
[1.472425] (px4_msgs) StdoutLine: {'line': b'-- Installing: /home/mcfb/ros2_ws/install/px4_msgs/include/px4_msgs/px4_msgs/msg/detail/estimator_states__type_support.c\n'}
[1.472460] (px4_msgs) StdoutLine: {'line': b'-- Installing: /home/mcfb/ros2_ws/install/px4_msgs/include/px4_msgs/px4_msgs/msg/detail/fixed_wing_runway_control__type_support.c\n'}
[1.472496] (px4_msgs) StdoutLine: {'line': b'-- Up-to-date: /home/mcfb/ros2_ws/install/px4_msgs/include/px4_msgs/px4_msgs/msg/detail/vehicle_angular_velocity__rosidl_typesupport_introspection_c.h\n'}
[1.472532] (px4_msgs) StdoutLine: {'line': b'-- Up-to-date: /home/mcfb/ros2_ws/install/px4_msgs/include/px4_msgs/px4_msgs/msg/detail/magnetometer_bias_estimate__rosidl_typesupport_introspection_c.h\n'}
[1.472588] (px4_msgs) StdoutLine: {'line': b'-- Up-to-date: /home/mcfb/ros2_ws/install/px4_msgs/include/px4_msgs/px4_msgs/msg/detail/adc_report__rosidl_typesupport_introspection_c.h\n'}
[1.472623] (px4_msgs) StdoutLine: {'line': b'-- Up-to-date: /home/mcfb/ros2_ws/install/px4_msgs/include/px4_msgs/px4_msgs/msg/detail/system_power__rosidl_typesupport_introspection_c.h\n'}
[1.472658] (px4_msgs) StdoutLine: {'line': b'-- Installing: /home/mcfb/ros2_ws/install/px4_msgs/include/px4_msgs/px4_msgs/msg/detail/fixed_wing_lateral_status__type_support.c\n'}
[1.472692] (px4_msgs) StdoutLine: {'line': b'-- Installing: /home/mcfb/ros2_ws/install/px4_msgs/include/px4_msgs/px4_msgs/msg/detail/qshell_retval__type_support.c\n'}
[1.472726] (px4_msgs) StdoutLine: {'line': b'-- Installing: /home/mcfb/ros2_ws/install/px4_msgs/include/px4_msgs/px4_msgs/msg/detail/failsafe_flags__type_support.c\n'}
[1.472759] (px4_msgs) StdoutLine: {'line': b'-- Up-to-date: /home/mcfb/ros2_ws/install/px4_msgs/include/px4_msgs/px4_msgs/msg/detail/gps_inject_data__rosidl_typesupport_introspection_c.h\n'}
[1.472793] (px4_msgs) StdoutLine: {'line': b'-- Up-to-date: /home/mcfb/ros2_ws/install/px4_msgs/include/px4_msgs/px4_msgs/msg/detail/arming_check_reply__rosidl_typesupport_introspection_c.h\n'}
[1.472826] (px4_msgs) StdoutLine: {'line': b'-- Installing: /home/mcfb/ros2_ws/install/px4_msgs/include/px4_msgs/px4_msgs/msg/detail/action_request__type_support.c\n'}
[1.472867] (px4_msgs) StdoutLine: {'line': b'-- Up-to-date: /home/mcfb/ros2_ws/install/px4_msgs/include/px4_msgs/px4_msgs/msg/detail/gimbal_manager_set_attitude__rosidl_typesupport_introspection_c.h\n'}
[1.472904] (px4_msgs) StdoutLine: {'line': b'-- Up-to-date: /home/mcfb/ros2_ws/install/px4_msgs/include/px4_msgs/px4_msgs/msg/detail/vehicle_acceleration__rosidl_typesupport_introspection_c.h\n'}
[1.472941] (px4_msgs) StdoutLine: {'line': b'-- Up-to-date: /home/mcfb/ros2_ws/install/px4_msgs/include/px4_msgs/px4_msgs/msg/detail/airspeed_validated__rosidl_typesupport_introspection_c.h\n'}
[1.472977] (px4_msgs) StdoutLine: {'line': b'-- Up-to-date: /home/mcfb/ros2_ws/install/px4_msgs/include/px4_msgs/px4_msgs/msg/detail/longitudinal_control_configuration__rosidl_typesupport_introspection_c.h\n'}
[1.473015] (px4_msgs) StdoutLine: {'line': b'-- Up-to-date: /home/mcfb/ros2_ws/install/px4_msgs/include/px4_msgs/px4_msgs/msg/detail/vehicle_optical_flow__rosidl_typesupport_introspection_c.h\n'}
[1.473054] (px4_msgs) StdoutLine: {'line': b'-- Up-to-date: /home/mcfb/ros2_ws/install/px4_msgs/include/px4_msgs/px4_msgs/msg/detail/gpio_request__rosidl_typesupport_introspection_c.h\n'}
[1.473094] (px4_msgs) StdoutLine: {'line': b'-- Installing: /home/mcfb/ros2_ws/install/px4_msgs/include/px4_msgs/px4_msgs/msg/detail/vehicle_magnetometer__type_support.c\n'}
[1.473131] (px4_msgs) StdoutLine: {'line': b'-- Installing: /home/mcfb/ros2_ws/install/px4_msgs/include/px4_msgs/px4_msgs/msg/detail/follow_target_status__type_support.c\n'}
[1.473167] (px4_msgs) StdoutLine: {'line': b'-- Up-to-date: /home/mcfb/ros2_ws/install/px4_msgs/include/px4_msgs/px4_msgs/msg/detail/vehicle_angular_acceleration_setpoint__rosidl_typesupport_introspection_c.h\n'}
[1.473205] (px4_msgs) StdoutLine: {'line': b'-- Installing: /home/mcfb/ros2_ws/install/px4_msgs/include/px4_msgs/px4_msgs/msg/detail/log_message__type_support.c\n'}
[1.473243] (px4_msgs) StdoutLine: {'line': b'-- Installing: /home/mcfb/ros2_ws/install/px4_msgs/include/px4_msgs/px4_msgs/msg/detail/sensor_optical_flow__type_support.c\n'}
[1.473281] (px4_msgs) StdoutLine: {'line': b'-- Installing: /home/mcfb/ros2_ws/install/px4_msgs/include/px4_msgs/px4_msgs/msg/detail/parameter_set_value_request__type_support.c\n'}
[1.473320] (px4_msgs) StdoutLine: {'line': b'-- Installing: /home/mcfb/ros2_ws/install/px4_msgs/include/px4_msgs/px4_msgs/msg/detail/vehicle_status__type_support.c\n'}
[1.473359] (px4_msgs) StdoutLine: {'line': b'-- Up-to-date: /home/mcfb/ros2_ws/install/px4_msgs/include/px4_msgs/px4_msgs/msg/detail/vehicle_rates_setpoint__rosidl_typesupport_introspection_c.h\n'}
[1.473402] (px4_msgs) StdoutLine: {'line': b'-- Up-to-date: /home/mcfb/ros2_ws/install/px4_msgs/include/px4_msgs/px4_msgs/msg/detail/flight_phase_estimation__rosidl_typesupport_introspection_c.h\n'}
[1.473442] (px4_msgs) StdoutLine: {'line': b'-- Up-to-date: /home/mcfb/ros2_ws/install/px4_msgs/include/px4_msgs/px4_msgs/msg/detail/esc_status__rosidl_typesupport_introspection_c.h\n'}
[1.473482] (px4_msgs) StdoutLine: {'line': b'-- Installing: /home/mcfb/ros2_ws/install/px4_msgs/include/px4_msgs/px4_msgs/msg/detail/timesync_status__type_support.c\n'}
[1.473519] (px4_msgs) StdoutLine: {'line': b'-- Installing: /home/mcfb/ros2_ws/install/px4_msgs/include/px4_msgs/px4_msgs/msg/detail/battery_info__type_support.c\n'}
[1.473557] (px4_msgs) StdoutLine: {'line': b'-- Up-to-date: /home/mcfb/ros2_ws/install/px4_msgs/include/px4_msgs/px4_msgs/msg/detail/vehicle_imu_status__rosidl_typesupport_introspection_c.h\n'}
[1.473595] (px4_msgs) StdoutLine: {'line': b'-- Installing: /home/mcfb/ros2_ws/install/px4_msgs/include/px4_msgs/px4_msgs/msg/detail/vehicle_odometry__type_support.c\n'}
[1.473631] (px4_msgs) StdoutLine: {'line': b'-- Installing: /home/mcfb/ros2_ws/install/px4_msgs/include/px4_msgs/px4_msgs/msg/detail/hover_thrust_estimate__type_support.c\n'}
[1.473671] (px4_msgs) StdoutLine: {'line': b'-- Installing: /home/mcfb/ros2_ws/install/px4_msgs/include/px4_msgs/px4_msgs/msg/detail/sensor_accel_fifo__type_support.c\n'}
[1.473708] (px4_msgs) StdoutLine: {'line': b'-- Up-to-date: /home/mcfb/ros2_ws/install/px4_msgs/include/px4_msgs/px4_msgs/msg/detail/dataman_request__rosidl_typesupport_introspection_c.h\n'}
[1.473746] (px4_msgs) StdoutLine: {'line': b'-- Up-to-date: /home/mcfb/ros2_ws/install/px4_msgs/include/px4_msgs/px4_msgs/msg/detail/landing_target_innovations__rosidl_typesupport_introspection_c.h\n'}
[1.473785] (px4_msgs) StdoutLine: {'line': b'-- Installing: /home/mcfb/ros2_ws/install/px4_msgs/include/px4_msgs/px4_msgs/msg/detail/rc_channels__type_support.c\n'}
[1.473822] (px4_msgs) StdoutLine: {'line': b'-- Installing: /home/mcfb/ros2_ws/install/px4_msgs/include/px4_msgs/px4_msgs/msg/detail/yaw_estimator_status__type_support.c\n'}
[1.473868] (px4_msgs) StdoutLine: {'line': b'-- Installing: /home/mcfb/ros2_ws/install/px4_msgs/include/px4_msgs/px4_msgs/msg/detail/pps_capture__type_support.c\n'}
[1.473907] (px4_msgs) StdoutLine: {'line': b'-- Installing: /home/mcfb/ros2_ws/install/px4_msgs/include/px4_msgs/px4_msgs/msg/detail/actuator_outputs__type_support.c\n'}
[1.473943] (px4_msgs) StdoutLine: {'line': b'-- Up-to-date: /home/mcfb/ros2_ws/install/px4_msgs/include/px4_msgs/px4_msgs/msg/detail/message_format_response__rosidl_typesupport_introspection_c.h\n'}
[1.473980] (px4_msgs) StdoutLine: {'line': b'-- Up-to-date: /home/mcfb/ros2_ws/install/px4_msgs/include/px4_msgs/px4_msgs/msg/detail/estimator_aid_source2d__rosidl_typesupport_introspection_c.h\n'}
[1.474016] (px4_msgs) StdoutLine: {'line': b'-- Up-to-date: /home/mcfb/ros2_ws/install/px4_msgs/include/px4_msgs/px4_msgs/msg/detail/generator_status__rosidl_typesupport_introspection_c.h\n'}
[1.474055] (px4_msgs) StdoutLine: {'line': b'-- Up-to-date: /home/mcfb/ros2_ws/install/px4_msgs/include/px4_msgs/px4_msgs/msg/detail/parameter_set_value_request__rosidl_typesupport_introspection_c.h\n'}
[1.474092] (px4_msgs) StdoutLine: {'line': b'-- Installing: /home/mcfb/ros2_ws/install/px4_msgs/include/px4_msgs/px4_msgs/msg/detail/vehicle_control_mode__type_support.c\n'}
[1.474130] (px4_msgs) StdoutLine: {'line': b'-- Installing: /home/mcfb/ros2_ws/install/px4_msgs/include/px4_msgs/px4_msgs/msg/detail/normalized_unsigned_setpoint__type_support.c\n'}
[1.474167] (px4_msgs) StdoutLine: {'line': b'-- Up-to-date: /home/mcfb/ros2_ws/install/px4_msgs/include/px4_msgs/px4_msgs/msg/detail/heater_status__rosidl_typesupport_introspection_c.h\n'}
[1.474208] (px4_msgs) StdoutLine: {'line': b'-- Installing: /home/mcfb/ros2_ws/install/px4_msgs/include/px4_msgs/px4_msgs/msg/detail/heater_status__type_support.c\n'}
[1.474246] (px4_msgs) StdoutLine: {'line': b'-- Up-to-date: /home/mcfb/ros2_ws/install/px4_msgs/include/px4_msgs/px4_msgs/msg/detail/logger_status__rosidl_typesupport_introspection_c.h\n'}
[1.474283] (px4_msgs) StdoutLine: {'line': b'-- Installing: /home/mcfb/ros2_ws/install/px4_msgs/include/px4_msgs/px4_msgs/msg/detail/camera_capture__type_support.c\n'}
[1.474320] (px4_msgs) StdoutLine: {'line': b'-- Up-to-date: /home/mcfb/ros2_ws/install/px4_msgs/include/px4_msgs/px4_msgs/msg/detail/timesync_status__rosidl_typesupport_introspection_c.h\n'}
[1.474358] (px4_msgs) StdoutLine: {'line': b'-- Up-to-date: /home/mcfb/ros2_ws/install/px4_msgs/include/px4_msgs/px4_msgs/msg/detail/estimator_bias__rosidl_typesupport_introspection_c.h\n'}
[1.474395] (px4_msgs) StdoutLine: {'line': b'-- Up-to-date: /home/mcfb/ros2_ws/install/px4_msgs/include/px4_msgs/px4_msgs/msg/detail/rover_speed_status__rosidl_typesupport_introspection_c.h\n'}
[1.474433] (px4_msgs) StdoutLine: {'line': b'-- Up-to-date: /home/mcfb/ros2_ws/install/px4_msgs/include/px4_msgs/px4_msgs/msg/detail/message_format_request__rosidl_typesupport_introspection_c.h\n'}
[1.474470] (px4_msgs) StdoutLine: {'line': b'-- Up-to-date: /home/mcfb/ros2_ws/install/px4_msgs/include/px4_msgs/px4_msgs/msg/detail/rover_throttle_setpoint__rosidl_typesupport_introspection_c.h\n'}
[1.474507] (px4_msgs) StdoutLine: {'line': b'-- Up-to-date: /home/mcfb/ros2_ws/install/px4_msgs/include/px4_msgs/px4_msgs/msg/detail/collision_constraints__rosidl_typesupport_introspection_c.h\n'}
[1.474549] (px4_msgs) StdoutLine: {'line': b'-- Installing: /home/mcfb/ros2_ws/install/px4_msgs/include/px4_msgs/px4_msgs/msg/detail/message_format_response__type_support.c\n'}
[1.474589] (px4_msgs) StdoutLine: {'line': b'-- Up-to-date: /home/mcfb/ros2_ws/install/px4_msgs/include/px4_msgs/px4_msgs/msg/detail/position_setpoint_triplet__rosidl_typesupport_introspection_c.h\n'}
[1.474628] (px4_msgs) StdoutLine: {'line': b'-- Installing: /home/mcfb/ros2_ws/install/px4_msgs/include/px4_msgs/px4_msgs/msg/detail/estimator_selector_status__type_support.c\n'}
[1.474666] (px4_msgs) StdoutLine: {'line': b'-- Installing: /home/mcfb/ros2_ws/install/px4_msgs/include/px4_msgs/px4_msgs/msg/detail/uavcan_parameter_request__type_support.c\n'}
[1.474703] (px4_msgs) StdoutLine: {'line': b'-- Up-to-date: /home/mcfb/ros2_ws/install/px4_msgs/include/px4_msgs/px4_msgs/msg/detail/vehicle_odometry__rosidl_typesupport_introspection_c.h\n'}
[1.474740] (px4_msgs) StdoutLine: {'line': b'-- Up-to-date: /home/mcfb/ros2_ws/install/px4_msgs/include/px4_msgs/px4_msgs/msg/detail/esc_report__rosidl_typesupport_introspection_c.h\n'}
[1.474776] (px4_msgs) StdoutLine: {'line': b'-- Installing: /home/mcfb/ros2_ws/install/px4_msgs/include/px4_msgs/px4_msgs/msg/detail/mavlink_log__type_support.c\n'}
[1.474814] (px4_msgs) StdoutLine: {'line': b'-- Up-to-date: /home/mcfb/ros2_ws/install/px4_msgs/include/px4_msgs/px4_msgs/msg/detail/position_controller_landing_status__rosidl_typesupport_introspection_c.h\n'}
[1.474861] (px4_msgs) StdoutLine: {'line': b'-- Installing: /home/mcfb/ros2_ws/install/px4_msgs/include/px4_msgs/px4_msgs/msg/detail/velocity_limits__type_support.c\n'}
[1.474911] (px4_msgs) StdoutLine: {'line': b'-- Up-to-date: /home/mcfb/ros2_ws/install/px4_msgs/include/px4_msgs/px4_msgs/msg/detail/pps_capture__rosidl_typesupport_introspection_c.h\n'}
[1.474953] (px4_msgs) StdoutLine: {'line': b'-- Installing: /home/mcfb/ros2_ws/install/px4_msgs/include/px4_msgs/px4_msgs/msg/detail/vehicle_imu__type_support.c\n'}
[1.474995] (px4_msgs) StdoutLine: {'line': b'-- Installing: /home/mcfb/ros2_ws/install/px4_msgs/include/px4_msgs/px4_msgs/msg/detail/orb_test_large__type_support.c\n'}
[1.475040] (px4_msgs) StdoutLine: {'line': b'-- Up-to-date: /home/mcfb/ros2_ws/install/px4_msgs/include/px4_msgs/px4_msgs/msg/detail/led_control__rosidl_typesupport_introspection_c.h\n'}
[1.475093] (px4_msgs) StdoutLine: {'line': b'-- Up-to-date: /home/mcfb/ros2_ws/install/px4_msgs/include/px4_msgs/px4_msgs/msg/detail/differential_pressure__rosidl_typesupport_introspection_c.h\n'}
[1.475179] (px4_msgs) StdoutLine: {'line': b'-- Up-to-date: /home/mcfb/ros2_ws/install/px4_msgs/include/px4_msgs/px4_msgs/msg/detail/open_drone_id_system__rosidl_typesupport_introspection_c.h\n'}
[1.475234] (px4_msgs) StdoutLine: {'line': b'-- Up-to-date: /home/mcfb/ros2_ws/install/px4_msgs/include/px4_msgs/px4_msgs/msg/detail/log_message__rosidl_typesupport_introspection_c.h\n'}
[1.475331] (px4_msgs) StdoutLine: {'line': b'-- Installing: /home/mcfb/ros2_ws/install/px4_msgs/include/px4_msgs/px4_msgs/msg/detail/input_rc__type_support.c\n'}
[1.475381] (px4_msgs) StdoutLine: {'line': b'-- Installing: /home/mcfb/ros2_ws/install/px4_msgs/include/px4_msgs/px4_msgs/msg/detail/sensor_hygrometer__type_support.c\n'}
[1.475419] (px4_msgs) StdoutLine: {'line': b'-- Up-to-date: /home/mcfb/ros2_ws/install/px4_msgs/include/px4_msgs/px4_msgs/msg/detail/camera_status__rosidl_typesupport_introspection_c.h\n'}
[1.475462] (px4_msgs) StdoutLine: {'line': b'-- Up-to-date: /home/mcfb/ros2_ws/install/px4_msgs/include/px4_msgs/px4_msgs/msg/detail/register_ext_component_reply__rosidl_typesupport_introspection_c.h\n'}
[1.475498] (px4_msgs) StdoutLine: {'line': b'-- Installing: /home/mcfb/ros2_ws/install/px4_msgs/include/px4_msgs/px4_msgs/msg/detail/vehicle_angular_acceleration_setpoint__type_support.c\n'}
[1.475534] (px4_msgs) StdoutLine: {'line': b'-- Up-to-date: /home/mcfb/ros2_ws/install/px4_msgs/include/px4_msgs/px4_msgs/msg/detail/rover_attitude_setpoint__rosidl_typesupport_introspection_c.h\n'}
[1.475570] (px4_msgs) StdoutLine: {'line': b'-- Installing: /home/mcfb/ros2_ws/install/px4_msgs/include/px4_msgs/px4_msgs/msg/detail/gimbal_manager_set_attitude__type_support.c\n'}
[1.475610] (px4_msgs) StdoutLine: {'line': b'-- Installing: /home/mcfb/ros2_ws/install/px4_msgs/include/px4_msgs/px4_msgs/msg/detail/camera_status__type_support.c\n'}
[1.475660] (px4_msgs) StdoutLine: {'line': b'-- Installing: /home/mcfb/ros2_ws/install/px4_msgs/include/px4_msgs/px4_msgs/msg/detail/landing_target_pose__type_support.c\n'}
[1.475695] (px4_msgs) StdoutLine: {'line': b'-- Up-to-date: /home/mcfb/ros2_ws/install/px4_msgs/include/px4_msgs/px4_msgs/msg/detail/onboard_computer_status__rosidl_typesupport_introspection_c.h\n'}
[1.475731] (px4_msgs) StdoutLine: {'line': b'-- Up-to-date: /home/mcfb/ros2_ws/install/px4_msgs/include/px4_msgs/px4_msgs/msg/detail/iridiumsbd_status__rosidl_typesupport_introspection_c.h\n'}
[1.475767] (px4_msgs) StdoutLine: {'line': b'-- Up-to-date: /home/mcfb/ros2_ws/install/px4_msgs/include/px4_msgs/px4_msgs/msg/detail/gimbal_manager_information__rosidl_typesupport_introspection_c.h\n'}
[1.475802] (px4_msgs) StdoutLine: {'line': b'-- Installing: /home/mcfb/ros2_ws/install/px4_msgs/include/px4_msgs/px4_msgs/msg/detail/dataman_request__type_support.c\n'}
[1.475836] (px4_msgs) StdoutLine: {'line': b'-- Up-to-date: /home/mcfb/ros2_ws/install/px4_msgs/include/px4_msgs/px4_msgs/msg/detail/gpio_in__rosidl_typesupport_introspection_c.h\n'}
[1.475882] (px4_msgs) StdoutLine: {'line': b'-- Installing: /home/mcfb/ros2_ws/install/px4_msgs/include/px4_msgs/px4_msgs/msg/detail/open_drone_id_system__type_support.c\n'}
[1.475918] (px4_msgs) StdoutLine: {'line': b'-- Up-to-date: /home/mcfb/ros2_ws/install/px4_msgs/include/px4_msgs/px4_msgs/msg/detail/satellite_info__rosidl_typesupport_introspection_c.h\n'}
[1.475956] (px4_msgs) StdoutLine: {'line': b'-- Installing: /home/mcfb/ros2_ws/install/px4_msgs/include/px4_msgs/px4_msgs/msg/detail/fuel_tank_status__type_support.c\n'}
[1.475994] (px4_msgs) StdoutLine: {'line': b'-- Up-to-date: /home/mcfb/ros2_ws/install/px4_msgs/include/px4_msgs/px4_msgs/msg/detail/sensors_status_imu__rosidl_typesupport_introspection_c.h\n'}
[1.476029] (px4_msgs) StdoutLine: {'line': b'-- Up-to-date: /home/mcfb/ros2_ws/install/px4_msgs/include/px4_msgs/px4_msgs/msg/detail/health_report__rosidl_typesupport_introspection_c.h\n'}
[1.476062] (px4_msgs) StdoutLine: {'line': b'-- Installing: /home/mcfb/ros2_ws/install/px4_msgs/include/px4_msgs/px4_msgs/msg/detail/rover_position_setpoint__type_support.c\n'}
[1.476096] (px4_msgs) StdoutLine: {'line': b'-- Up-to-date: /home/mcfb/ros2_ws/install/px4_msgs/include/px4_msgs/px4_msgs/msg/detail/offboard_control_mode__rosidl_typesupport_introspection_c.h\n'}
[1.476130] (px4_msgs) StdoutLine: {'line': b'-- Up-to-date: /home/mcfb/ros2_ws/install/px4_msgs/include/px4_msgs/px4_msgs/msg/detail/distance_sensor__rosidl_typesupport_introspection_c.h\n'}
[1.476167] (px4_msgs) StdoutLine: {'line': b'-- Installing: /home/mcfb/ros2_ws/install/px4_msgs/include/px4_msgs/px4_msgs/msg/detail/manual_control_setpoint__type_support.c\n'}
[1.476204] (px4_msgs) StdoutLine: {'line': b'-- Up-to-date: /home/mcfb/ros2_ws/install/px4_msgs/include/px4_msgs/px4_msgs/msg/detail/fixed_wing_lateral_setpoint__rosidl_typesupport_introspection_c.h\n'}
[1.476244] (px4_msgs) StdoutLine: {'line': b'-- Up-to-date: /home/mcfb/ros2_ws/install/px4_msgs/include/px4_msgs/px4_msgs/msg/detail/rover_rate_status__rosidl_typesupport_introspection_c.h\n'}
[1.476283] (px4_msgs) StdoutLine: {'line': b'-- Installing: /home/mcfb/ros2_ws/install/px4_msgs/include/px4_msgs/px4_msgs/msg/detail/landing_gear__type_support.c\n'}
[1.476321] (px4_msgs) StdoutLine: {'line': b'-- Up-to-date: /home/mcfb/ros2_ws/install/px4_msgs/include/px4_msgs/px4_msgs/msg/detail/fuel_tank_status__rosidl_typesupport_introspection_c.h\n'}
[1.476366] (px4_msgs) StdoutLine: {'line': b'-- Up-to-date: /home/mcfb/ros2_ws/install/px4_msgs/include/px4_msgs/px4_msgs/msg/detail/gimbal_manager_set_manual_control__rosidl_typesupport_introspection_c.h\n'}
[1.476406] (px4_msgs) StdoutLine: {'line': b'-- Up-to-date: /home/mcfb/ros2_ws/install/px4_msgs/include/px4_msgs/px4_msgs/msg/detail/airspeed__rosidl_typesupport_introspection_c.h\n'}
[1.476442] (px4_msgs) StdoutLine: {'line': b'-- Installing: /home/mcfb/ros2_ws/install/px4_msgs/include/px4_msgs/px4_msgs/msg/detail/orbit_status__type_support.c\n'}
[1.476479] (px4_msgs) StdoutLine: {'line': b'-- Installing: /home/mcfb/ros2_ws/install/px4_msgs/include/px4_msgs/px4_msgs/msg/detail/gripper__type_support.c\n'}
[1.476516] (px4_msgs) StdoutLine: {'line': b'-- Installing: /home/mcfb/ros2_ws/install/px4_msgs/include/px4_msgs/px4_msgs/msg/detail/tune_control__type_support.c\n'}
[1.476552] (px4_msgs) StdoutLine: {'line': b'-- Installing: /home/mcfb/ros2_ws/install/px4_msgs/include/px4_msgs/px4_msgs/msg/detail/rtl_time_estimate__type_support.c\n'}
[1.476589] (px4_msgs) StdoutLine: {'line': b'-- Installing: /home/mcfb/ros2_ws/install/px4_msgs/include/px4_msgs/px4_msgs/msg/detail/transponder_report__type_support.c\n'}
[1.476642] (px4_msgs) StdoutLine: {'line': b'-- Installing: /home/mcfb/ros2_ws/install/px4_msgs/include/px4_msgs/px4_msgs/msg/detail/parameter_set_value_response__type_support.c\n'}
[1.476706] (px4_msgs) StdoutLine: {'line': b'-- Installing: /home/mcfb/ros2_ws/install/px4_msgs/include/px4_msgs/px4_msgs/msg/detail/logger_status__type_support.c\n'}
[1.476755] (px4_msgs) StdoutLine: {'line': b'-- Up-to-date: /home/mcfb/ros2_ws/install/px4_msgs/include/px4_msgs/px4_msgs/msg/detail/trajectory_setpoint__rosidl_typesupport_introspection_c.h\n'}
[1.476931] (px4_msgs) StdoutLine: {'line': b'-- Installing: /home/mcfb/ros2_ws/install/px4_msgs/include/px4_msgs/px4_msgs/msg/detail/open_drone_id_arm_status__type_support.c\n'}
[1.476984] (px4_msgs) StdoutLine: {'line': b'-- Up-to-date: /home/mcfb/ros2_ws/install/px4_msgs/include/px4_msgs/px4_msgs/msg/detail/fixed_wing_longitudinal_setpoint__rosidl_typesupport_introspection_c.h\n'}
[1.477035] (px4_msgs) StdoutLine: {'line': b'-- Installing: /home/mcfb/ros2_ws/install/px4_msgs/include/px4_msgs/px4_msgs/msg/detail/offboard_control_mode__type_support.c\n'}
[1.477087] (px4_msgs) StdoutLine: {'line': b'-- Up-to-date: /home/mcfb/ros2_ws/install/px4_msgs/include/px4_msgs/px4_msgs/msg/detail/rate_ctrl_status__rosidl_typesupport_introspection_c.h\n'}
[1.477141] (px4_msgs) StdoutLine: {'line': b'-- Installing: /home/mcfb/ros2_ws/install/px4_msgs/include/px4_msgs/px4_msgs/msg/detail/trajectory_setpoint6dof__type_support.c\n'}
[1.477178] (px4_msgs) StdoutLine: {'line': b'-- Installing: /home/mcfb/ros2_ws/install/px4_msgs/include/px4_msgs/px4_msgs/msg/detail/estimator_aid_source2d__type_support.c\n'}
[1.477217] (px4_msgs) StdoutLine: {'line': b'-- Installing: /home/mcfb/ros2_ws/install/px4_msgs/include/px4_msgs/px4_msgs/msg/detail/home_position__type_support.c\n'}
[1.477253] (px4_msgs) StdoutLine: {'line': b'-- Up-to-date: /home/mcfb/ros2_ws/install/px4_msgs/include/px4_msgs/px4_msgs/msg/detail/control_allocator_status__rosidl_typesupport_introspection_c.h\n'}
[1.477304] (px4_msgs) StdoutLine: {'line': b'-- Installing: /home/mcfb/ros2_ws/install/px4_msgs/include/px4_msgs/px4_msgs/msg/detail/health_report__type_support.c\n'}
[1.477366] (px4_msgs) StdoutLine: {'line': b'-- Installing: /home/mcfb/ros2_ws/install/px4_msgs/include/px4_msgs/px4_msgs/msg/detail/distance_sensor_mode_change_request__type_support.c\n'}
[1.477418] (px4_msgs) StdoutLine: {'line': b'-- Installing: /home/mcfb/ros2_ws/install/px4_msgs/include/px4_msgs/px4_msgs/msg/detail/vtol_vehicle_status__type_support.c\n'}
[1.477458] (px4_msgs) StdoutLine: {'line': b'-- Up-to-date: /home/mcfb/ros2_ws/install/px4_msgs/include/px4_msgs/px4_msgs/msg/detail/task_stack_info__rosidl_typesupport_introspection_c.h\n'}
[1.477513] (px4_msgs) StdoutLine: {'line': b'-- Installing: /home/mcfb/ros2_ws/install/px4_msgs/include/px4_msgs/px4_msgs/msg/detail/radio_status__type_support.c\n'}
[1.477563] (px4_msgs) StdoutLine: {'line': b'-- Up-to-date: /home/mcfb/ros2_ws/install/px4_msgs/include/px4_msgs/px4_msgs/msg/detail/autotune_attitude_control_status__rosidl_typesupport_introspection_c.h\n'}
[1.477602] (px4_msgs) StdoutLine: {'line': b'-- Up-to-date: /home/mcfb/ros2_ws/install/px4_msgs/include/px4_msgs/px4_msgs/msg/detail/vehicle_imu__rosidl_typesupport_introspection_c.h\n'}
[1.477664] (px4_msgs) StdoutLine: {'line': b'-- Installing: /home/mcfb/ros2_ws/install/px4_msgs/include/px4_msgs/px4_msgs/msg/detail/distance_sensor__type_support.c\n'}
[1.477746] (px4_msgs) StdoutLine: {'line': b'-- Installing: /home/mcfb/ros2_ws/install/px4_msgs/include/px4_msgs/px4_msgs/msg/detail/pure_pursuit_status__type_support.c\n'}
[1.477789] (px4_msgs) StdoutLine: {'line': b'-- Installing: /home/mcfb/ros2_ws/install/px4_msgs/include/px4_msgs/px4_msgs/msg/detail/fixed_wing_longitudinal_setpoint__type_support.c\n'}
[1.477828] (px4_msgs) StdoutLine: {'line': b'-- Installing: /home/mcfb/ros2_ws/install/px4_msgs/include/px4_msgs/px4_msgs/msg/detail/estimator_event_flags__type_support.c\n'}
[1.477875] (px4_msgs) StdoutLine: {'line': b'-- Up-to-date: /home/mcfb/ros2_ws/install/px4_msgs/include/px4_msgs/px4_msgs/msg/detail/ekf2_timestamps__rosidl_typesupport_introspection_c.h\n'}
[1.477915] (px4_msgs) StdoutLine: {'line': b'-- Installing: /home/mcfb/ros2_ws/install/px4_msgs/include/px4_msgs/px4_msgs/msg/detail/vehicle_constraints__type_support.c\n'}
[1.477979] (px4_msgs) StdoutLine: {'line': b'-- Installing: /home/mcfb/ros2_ws/install/px4_msgs/include/px4_msgs/px4_msgs/msg/detail/tecs_status__type_support.c\n'}
[1.478036] (px4_msgs) StdoutLine: {'line': b'-- Installing: /home/mcfb/ros2_ws/install/px4_msgs/include/px4_msgs/px4_msgs/msg/detail/estimator_innovations__type_support.c\n'}
[1.478093] (px4_msgs) StdoutLine: {'line': b'-- Installing: /home/mcfb/ros2_ws/install/px4_msgs/include/px4_msgs/px4_msgs/msg/detail/manual_control_switches__type_support.c\n'}
[1.478158] (px4_msgs) StdoutLine: {'line': b'-- Up-to-date: /home/mcfb/ros2_ws/install/px4_msgs/include/px4_msgs/px4_msgs/msg/detail/estimator_states__rosidl_typesupport_introspection_c.h\n'}
[1.478216] (px4_msgs) StdoutLine: {'line': b'-- Installing: /home/mcfb/ros2_ws/install/px4_msgs/include/px4_msgs/px4_msgs/msg/detail/gimbal_manager_status__type_support.c\n'}
[1.478271] (px4_msgs) StdoutLine: {'line': b'-- Installing: /home/mcfb/ros2_ws/install/px4_msgs/include/px4_msgs/px4_msgs/msg/detail/vehicle_optical_flow_vel__type_support.c\n'}
[1.478327] (px4_msgs) StdoutLine: {'line': b'-- Up-to-date: /home/mcfb/ros2_ws/install/px4_msgs/include/px4_msgs/px4_msgs/msg/detail/actuator_motors__rosidl_typesupport_introspection_c.h\n'}
[1.478376] (px4_msgs) StdoutLine: {'line': b'-- Up-to-date: /home/mcfb/ros2_ws/install/px4_msgs/include/px4_msgs/px4_msgs/msg/detail/qshell_retval__rosidl_typesupport_introspection_c.h\n'}
[1.478415] (px4_msgs) StdoutLine: {'line': b'-- Installing: /home/mcfb/ros2_ws/install/px4_msgs/include/px4_msgs/px4_msgs/msg/detail/actuator_armed__type_support.c\n'}
[1.478466] (px4_msgs) StdoutLine: {'line': b'-- Up-to-date: /home/mcfb/ros2_ws/install/px4_msgs/include/px4_msgs/px4_msgs/msg/detail/rover_speed_setpoint__rosidl_typesupport_introspection_c.h\n'}
[1.478521] (px4_msgs) StdoutLine: {'line': b'-- Installing: /home/mcfb/ros2_ws/install/px4_msgs/include/px4_msgs/px4_msgs/msg/detail/trajectory_setpoint__type_support.c\n'}
[1.478570] (px4_msgs) StdoutLine: {'line': b'-- Installing: /home/mcfb/ros2_ws/install/px4_msgs/include/px4_msgs/px4_msgs/msg/detail/follow_target_estimator__type_support.c\n'}
[1.478609] (px4_msgs) StdoutLine: {'line': b'-- Up-to-date: /home/mcfb/ros2_ws/install/px4_msgs/include/px4_msgs/px4_msgs/msg/detail/trajectory_setpoint6dof__rosidl_typesupport_introspection_c.h\n'}
[1.478647] (px4_msgs) StdoutLine: {'line': b'-- Up-to-date: /home/mcfb/ros2_ws/install/px4_msgs/include/px4_msgs/px4_msgs/msg/detail/pure_pursuit_status__rosidl_typesupport_introspection_c.h\n'}
[1.478697] (px4_msgs) StdoutLine: {'line': b'-- Installing: /home/mcfb/ros2_ws/install/px4_msgs/include/px4_msgs/px4_msgs/msg/detail/sensor_uwb__type_support.c\n'}
[1.478740] (px4_msgs) StdoutLine: {'line': b'-- Up-to-date: /home/mcfb/ros2_ws/install/px4_msgs/include/px4_msgs/px4_msgs/msg/detail/sensor_airflow__rosidl_typesupport_introspection_c.h\n'}
[1.478786] (px4_msgs) StdoutLine: {'line': b'-- Up-to-date: /home/mcfb/ros2_ws/install/px4_msgs/include/px4_msgs/px4_msgs/msg/detail/sensor_baro__rosidl_typesupport_introspection_c.h\n'}
[1.478843] (px4_msgs) StdoutLine: {'line': b'-- Up-to-date: /home/mcfb/ros2_ws/install/px4_msgs/include/px4_msgs/px4_msgs/msg/detail/tecs_status__rosidl_typesupport_introspection_c.h\n'}
[1.478963] (px4_msgs) StdoutLine: {'line': b'-- Up-to-date: /home/mcfb/ros2_ws/install/px4_msgs/include/px4_msgs/px4_msgs/msg/detail/airspeed_wind__rosidl_typesupport_introspection_c.h\n'}
[1.479003] (px4_msgs) StdoutLine: {'line': b'-- Installing: /home/mcfb/ros2_ws/install/px4_msgs/include/px4_msgs/px4_msgs/msg/detail/ping__type_support.c\n'}
[1.479040] (px4_msgs) StdoutLine: {'line': b'-- Up-to-date: /home/mcfb/ros2_ws/install/px4_msgs/include/px4_msgs/px4_msgs/msg/detail/gripper__rosidl_typesupport_introspection_c.h\n'}
[1.479075] (px4_msgs) StdoutLine: {'line': b'-- Up-to-date: /home/mcfb/ros2_ws/install/px4_msgs/include/px4_msgs/px4_msgs/msg/detail/gpio_out__rosidl_typesupport_introspection_c.h\n'}
[1.479131] (px4_msgs) StdoutLine: {'line': b'-- Up-to-date: /home/mcfb/ros2_ws/install/px4_msgs/include/px4_msgs/px4_msgs/msg/detail/estimator_selector_status__rosidl_typesupport_introspection_c.h\n'}
[1.479187] (px4_msgs) StdoutLine: {'line': b'-- Up-to-date: /home/mcfb/ros2_ws/install/px4_msgs/include/px4_msgs/px4_msgs/msg/detail/rover_steering_setpoint__rosidl_typesupport_introspection_c.h\n'}
[1.479248] (px4_msgs) StdoutLine: {'line': b'-- Up-to-date: /home/mcfb/ros2_ws/install/px4_msgs/include/px4_msgs/px4_msgs/msg/detail/sensor_gyro_fft__rosidl_typesupport_introspection_c.h\n'}
[1.479306] (px4_msgs) StdoutLine: {'line': b'-- Up-to-date: /home/mcfb/ros2_ws/install/px4_msgs/include/px4_msgs/px4_msgs/msg/detail/wind__rosidl_typesupport_introspection_c.h\n'}
[1.479363] (px4_msgs) StdoutLine: {'line': b'-- Up-to-date: /home/mcfb/ros2_ws/install/px4_msgs/include/px4_msgs/px4_msgs/msg/detail/wheel_encoders__rosidl_typesupport_introspection_c.h\n'}
[1.479422] (px4_msgs) StdoutLine: {'line': b'-- Up-to-date: /home/mcfb/ros2_ws/install/px4_msgs/include/px4_msgs/px4_msgs/msg/detail/goto_setpoint__rosidl_typesupport_introspection_c.h\n'}
[1.479478] (px4_msgs) StdoutLine: {'line': b'-- Installing: /home/mcfb/ros2_ws/install/px4_msgs/include/px4_msgs/px4_msgs/msg/detail/rover_rate_setpoint__type_support.c\n'}
[1.479521] (px4_msgs) StdoutLine: {'line': b'-- Installing: /home/mcfb/ros2_ws/install/px4_msgs/include/px4_msgs/px4_msgs/msg/detail/mode_completed__type_support.c\n'}
[1.479584] (px4_msgs) StdoutLine: {'line': b'-- Installing: /home/mcfb/ros2_ws/install/px4_msgs/include/px4_msgs/px4_msgs/msg/detail/vehicle_local_position__type_support.c\n'}
[1.479677] (px4_msgs) StdoutLine: {'line': b'-- Installing: /home/mcfb/ros2_ws/install/px4_msgs/include/px4_msgs/px4_msgs/msg/detail/cpuload__type_support.c\n'}
[1.479737] (px4_msgs) StdoutLine: {'line': b'-- Installing: /home/mcfb/ros2_ws/install/px4_msgs/include/px4_msgs/px4_msgs/msg/detail/vehicle_attitude__type_support.c\n'}
[1.479777] (px4_msgs) StdoutLine: {'line': b'-- Up-to-date: /home/mcfb/ros2_ws/install/px4_msgs/include/px4_msgs/px4_msgs/msg/detail/sensor_gyro_fifo__rosidl_typesupport_introspection_c.h\n'}
[1.479835] (px4_msgs) StdoutLine: {'line': b'-- Up-to-date: /home/mcfb/ros2_ws/install/px4_msgs/include/px4_msgs/px4_msgs/msg/detail/register_ext_component_request__rosidl_typesupport_introspection_c.h\n'}
[1.479894] (px4_msgs) StdoutLine: {'line': b'-- Installing: /home/mcfb/ros2_ws/install/px4_msgs/include/px4_msgs/px4_msgs/msg/detail/gps_dump__type_support.c\n'}
[1.479949] (px4_msgs) StdoutLine: {'line': b'-- Installing: /home/mcfb/ros2_ws/install/px4_msgs/include/px4_msgs/px4_msgs/msg/detail/sensor_gps__type_support.c\n'}
[1.479995] (px4_msgs) StdoutLine: {'line': b'-- Up-to-date: /home/mcfb/ros2_ws/install/px4_msgs/include/px4_msgs/px4_msgs/msg/detail/tune_control__rosidl_typesupport_introspection_c.h\n'}
[1.480036] (px4_msgs) StdoutLine: {'line': b'-- Up-to-date: /home/mcfb/ros2_ws/install/px4_msgs/include/px4_msgs/px4_msgs/msg/detail/sensor_gyro__rosidl_typesupport_introspection_c.h\n'}
[1.480077] (px4_msgs) StdoutLine: {'line': b'-- Installing: /home/mcfb/ros2_ws/install/px4_msgs/include/px4_msgs/px4_msgs/msg/detail/sensors_status_imu__type_support.c\n'}
[1.480155] (px4_msgs) StdoutLine: {'line': b'-- Installing: /home/mcfb/ros2_ws/install/px4_msgs/include/px4_msgs/px4_msgs/msg/detail/sensor_selection__type_support.c\n'}
[1.480190] (px4_msgs) StdoutLine: {'line': b'-- Installing: /home/mcfb/ros2_ws/install/px4_msgs/include/px4_msgs/px4_msgs/msg/detail/rover_attitude_setpoint__type_support.c\n'}
[1.480225] (px4_msgs) StdoutLine: {'line': b'-- Installing: /home/mcfb/ros2_ws/install/px4_msgs/include/px4_msgs/px4_msgs/msg/detail/estimator_status_flags__type_support.c\n'}
[1.480258] (px4_msgs) StdoutLine: {'line': b'-- Installing: /home/mcfb/ros2_ws/install/px4_msgs/include/px4_msgs/px4_msgs/msg/detail/gpio_config__type_support.c\n'}
[1.480292] (px4_msgs) StdoutLine: {'line': b'-- Up-to-date: /home/mcfb/ros2_ws/install/px4_msgs/include/px4_msgs/px4_msgs/msg/detail/open_drone_id_operator_id__rosidl_typesupport_introspection_c.h\n'}
[1.480326] (px4_msgs) StdoutLine: {'line': b'-- Up-to-date: /home/mcfb/ros2_ws/install/px4_msgs/include/px4_msgs/px4_msgs/msg/detail/sensor_preflight_mag__rosidl_typesupport_introspection_c.h\n'}
[1.480362] (px4_msgs) StdoutLine: {'line': b'-- Installing: /home/mcfb/ros2_ws/install/px4_msgs/include/px4_msgs/px4_msgs/msg/detail/debug_key_value__type_support.c\n'}
[1.480405] (px4_msgs) StdoutLine: {'line': b'-- Installing: /home/mcfb/ros2_ws/install/px4_msgs/include/px4_msgs/px4_msgs/msg/detail/power_button_state__type_support.c\n'}
[1.480444] (px4_msgs) StdoutLine: {'line': b'-- Up-to-date: /home/mcfb/ros2_ws/install/px4_msgs/include/px4_msgs/px4_msgs/msg/detail/debug_vect__rosidl_typesupport_introspection_c.h\n'}
[1.480524] (px4_msgs) StdoutLine: {'line': b'-- Up-to-date: /home/mcfb/ros2_ws/install/px4_msgs/include/px4_msgs/px4_msgs/msg/detail/sensor_combined__rosidl_typesupport_introspection_c.h\n'}
[1.480558] (px4_msgs) StdoutLine: {'line': b'-- Up-to-date: /home/mcfb/ros2_ws/install/px4_msgs/include/px4_msgs/px4_msgs/msg/detail/position_controller_status__rosidl_typesupport_introspection_c.h\n'}
[1.480593] (px4_msgs) StdoutLine: {'line': b'-- Installing: /home/mcfb/ros2_ws/install/px4_msgs/include/px4_msgs/px4_msgs/msg/detail/sensor_accel__type_support.c\n'}
[1.480627] (px4_msgs) StdoutLine: {'line': b'-- Up-to-date: /home/mcfb/ros2_ws/install/px4_msgs/include/px4_msgs/px4_msgs/msg/detail/gps_dump__rosidl_typesupport_introspection_c.h\n'}
[1.480677] (px4_msgs) StdoutLine: {'line': b'-- Installing: /home/mcfb/ros2_ws/install/px4_msgs/include/px4_msgs/px4_msgs/msg/detail/button_event__type_support.c\n'}
[1.480713] (px4_msgs) StdoutLine: {'line': b'-- Up-to-date: /home/mcfb/ros2_ws/install/px4_msgs/include/px4_msgs/px4_msgs/msg/detail/input_rc__rosidl_typesupport_introspection_c.h\n'}
[1.480746] (px4_msgs) StdoutLine: {'line': b'-- Installing: /home/mcfb/ros2_ws/install/px4_msgs/include/px4_msgs/px4_msgs/msg/detail/wheel_encoders__type_support.c\n'}
[1.480781] (px4_msgs) StdoutLine: {'line': b'-- Installing: /home/mcfb/ros2_ws/install/px4_msgs/include/px4_msgs/px4_msgs/msg/detail/collision_constraints__type_support.c\n'}
[1.480816] (px4_msgs) StdoutLine: {'line': b'-- Installing: /home/mcfb/ros2_ws/install/px4_msgs/include/px4_msgs/px4_msgs/msg/detail/orb_test_medium__type_support.c\n'}
[1.480855] (px4_msgs) StdoutLine: {'line': b'-- Installing: /home/mcfb/ros2_ws/install/px4_msgs/include/px4_msgs/px4_msgs/msg/detail/sensor_correction__type_support.c\n'}
[1.480891] (px4_msgs) StdoutLine: {'line': b'-- Up-to-date: /home/mcfb/ros2_ws/install/px4_msgs/include/px4_msgs/px4_msgs/msg/detail/parameter_reset_request__rosidl_typesupport_introspection_c.h\n'}
[1.480929] (px4_msgs) StdoutLine: {'line': b'-- Up-to-date: /home/mcfb/ros2_ws/install/px4_msgs/include/px4_msgs/px4_msgs/msg/detail/sensor_gnss_status__rosidl_typesupport_introspection_c.h\n'}
[1.480985] (px4_msgs) StdoutLine: {'line': b'-- Up-to-date: /home/mcfb/ros2_ws/install/px4_msgs/include/px4_msgs/px4_msgs/msg/detail/sensor_gps__rosidl_typesupport_introspection_c.h\n'}
[1.481019] (px4_msgs) StdoutLine: {'line': b'-- Up-to-date: /home/mcfb/ros2_ws/install/px4_msgs/include/px4_msgs/px4_msgs/msg/detail/vehicle_local_position__rosidl_typesupport_introspection_c.h\n'}
[1.481055] (px4_msgs) StdoutLine: {'line': b'-- Installing: /home/mcfb/ros2_ws/install/px4_msgs/include/px4_msgs/px4_msgs/msg/detail/navigator_mission_item__type_support.c\n'}
[1.481091] (px4_msgs) StdoutLine: {'line': b'-- Up-to-date: /home/mcfb/ros2_ws/install/px4_msgs/include/px4_msgs/px4_msgs/msg/detail/hover_thrust_estimate__rosidl_typesupport_introspection_c.h\n'}
[1.481127] (px4_msgs) StdoutLine: {'line': b'-- Installing: /home/mcfb/ros2_ws/install/px4_msgs/include/px4_msgs/px4_msgs/msg/detail/vehicle_land_detected__type_support.c\n'}
[1.481163] (px4_msgs) StdoutLine: {'line': b'-- Up-to-date: /home/mcfb/ros2_ws/install/px4_msgs/include/px4_msgs/px4_msgs/msg/detail/estimator_aid_source3d__rosidl_typesupport_introspection_c.h\n'}
[1.481197] (px4_msgs) StdoutLine: {'line': b'-- Installing: /home/mcfb/ros2_ws/install/px4_msgs/include/px4_msgs/px4_msgs/msg/detail/vehicle_angular_velocity__type_support.c\n'}
[1.481234] (px4_msgs) StdoutLine: {'line': b'-- Installing: /home/mcfb/ros2_ws/install/px4_msgs/include/px4_msgs/px4_msgs/msg/detail/rate_ctrl_status__type_support.c\n'}
[1.481271] (px4_msgs) StdoutLine: {'line': b'-- Up-to-date: /home/mcfb/ros2_ws/install/px4_msgs/include/px4_msgs/px4_msgs/msg/detail/unregister_ext_component__rosidl_typesupport_introspection_c.h\n'}
[1.481307] (px4_msgs) StdoutLine: {'line': b'-- Installing: /home/mcfb/ros2_ws/install/px4_msgs/include/px4_msgs/px4_msgs/msg/detail/gimbal_device_set_attitude__type_support.c\n'}
[1.481341] (px4_msgs) StdoutLine: {'line': b'-- Up-to-date: /home/mcfb/ros2_ws/install/px4_msgs/include/px4_msgs/px4_msgs/msg/detail/rtl_status__rosidl_typesupport_introspection_c.h\n'}
[1.481377] (px4_msgs) StdoutLine: {'line': b'-- Up-to-date: /home/mcfb/ros2_ws/install/px4_msgs/include/px4_msgs/px4_msgs/msg/detail/fixed_wing_runway_control__rosidl_typesupport_introspection_c.h\n'}
[1.481414] (px4_msgs) StdoutLine: {'line': b'-- Up-to-date: /home/mcfb/ros2_ws/install/px4_msgs/include/px4_msgs/px4_msgs/msg/detail/sensor_uwb__rosidl_typesupport_introspection_c.h\n'}
[1.481448] (px4_msgs) StdoutLine: {'line': b'-- Up-to-date: /home/mcfb/ros2_ws/install/px4_msgs/include/px4_msgs/px4_msgs/msg/detail/orb_test__rosidl_typesupport_introspection_c.h\n'}
[1.481484] (px4_msgs) StdoutLine: {'line': b'-- Up-to-date: /home/mcfb/ros2_ws/install/px4_msgs/include/px4_msgs/px4_msgs/msg/detail/gimbal_device_information__rosidl_typesupport_introspection_c.h\n'}
[1.481519] (px4_msgs) StdoutLine: {'line': b'-- Up-to-date: /home/mcfb/ros2_ws/install/px4_msgs/include/px4_msgs/px4_msgs/msg/detail/actuator_test__rosidl_typesupport_introspection_c.h\n'}
[1.481554] (px4_msgs) StdoutLine: {'line': b'-- Installing: /home/mcfb/ros2_ws/install/px4_msgs/include/px4_msgs/px4_msgs/msg/detail/obstacle_distance__type_support.c\n'}
[1.481590] (px4_msgs) StdoutLine: {'line': b'-- Installing: /home/mcfb/ros2_ws/install/px4_msgs/include/px4_msgs/px4_msgs/msg/detail/uavcan_parameter_value__type_support.c\n'}
[1.481632] (px4_msgs) StdoutLine: {'line': b'-- Installing: /home/mcfb/ros2_ws/install/px4_msgs/include/px4_msgs/px4_msgs/msg/detail/internal_combustion_engine_control__type_support.c\n'}
[1.481669] (px4_msgs) StdoutLine: {'line': b'-- Up-to-date: /home/mcfb/ros2_ws/install/px4_msgs/include/px4_msgs/px4_msgs/msg/detail/uavcan_parameter_value__rosidl_typesupport_introspection_c.h\n'}
[1.481706] (px4_msgs) StdoutLine: {'line': b'-- Installing: /home/mcfb/ros2_ws/install/px4_msgs/include/px4_msgs/px4_msgs/msg/detail/battery_status__type_support.c\n'}
[1.481746] (px4_msgs) StdoutLine: {'line': b'-- Installing: /home/mcfb/ros2_ws/install/px4_msgs/include/px4_msgs/px4_msgs/msg/detail/estimator_aid_source3d__type_support.c\n'}
[1.481782] (px4_msgs) StdoutLine: {'line': b'-- Installing: /home/mcfb/ros2_ws/install/px4_msgs/include/px4_msgs/px4_msgs/msg/detail/unregister_ext_component__type_support.c\n'}
[1.481819] (px4_msgs) StdoutLine: {'line': b'-- Installing: /home/mcfb/ros2_ws/install/px4_msgs/include/px4_msgs/px4_msgs/msg/detail/open_drone_id_self_id__type_support.c\n'}
[1.481867] (px4_msgs) StdoutLine: {'line': b'-- Up-to-date: /home/mcfb/ros2_ws/install/px4_msgs/include/px4_msgs/px4_msgs/msg/detail/distance_sensor_mode_change_request__rosidl_typesupport_introspection_c.h\n'}
[1.481907] (px4_msgs) StdoutLine: {'line': b'-- Installing: /home/mcfb/ros2_ws/install/px4_msgs/include/px4_msgs/px4_msgs/msg/detail/sensor_gyro__type_support.c\n'}
[1.481945] (px4_msgs) StdoutLine: {'line': b'-- Installing: /home/mcfb/ros2_ws/install/px4_msgs/include/px4_msgs/px4_msgs/msg/detail/message_format_request__type_support.c\n'}
[1.481983] (px4_msgs) StdoutLine: {'line': b'-- Installing: /home/mcfb/ros2_ws/install/px4_msgs/include/px4_msgs/px4_msgs/msg/detail/parameter_update__type_support.c\n'}
[1.482022] (px4_msgs) StdoutLine: {'line': b'-- Up-to-date: /home/mcfb/ros2_ws/install/px4_msgs/include/px4_msgs/px4_msgs/msg/detail/sensor_selection__rosidl_typesupport_introspection_c.h\n'}
[1.482059] (px4_msgs) StdoutLine: {'line': b'-- Up-to-date: /home/mcfb/ros2_ws/install/px4_msgs/include/px4_msgs/px4_msgs/msg/detail/telemetry_status__rosidl_typesupport_introspection_c.h\n'}
[1.482096] (px4_msgs) StdoutLine: {'line': b'-- Installing: /home/mcfb/ros2_ws/install/px4_msgs/include/px4_msgs/px4_msgs/msg/detail/system_power__type_support.c\n'}
[1.482132] (px4_msgs) StdoutLine: {'line': b'-- Installing: /home/mcfb/ros2_ws/install/px4_msgs/include/px4_msgs/px4_msgs/msg/detail/estimator_gps_status__type_support.c\n'}
[1.482169] (px4_msgs) StdoutLine: {'line': b'-- Up-to-date: /home/mcfb/ros2_ws/install/px4_msgs/include/px4_msgs/px4_msgs/msg/detail/tiltrotor_extra_controls__rosidl_typesupport_introspection_c.h\n'}
[1.482207] (px4_msgs) StdoutLine: {'line': b'-- Installing: /home/mcfb/ros2_ws/install/px4_msgs/include/px4_msgs/px4_msgs/msg/detail/iridiumsbd_status__type_support.c\n'}
[1.482244] (px4_msgs) StdoutLine: {'line': b'-- Installing: /home/mcfb/ros2_ws/install/px4_msgs/include/px4_msgs/px4_msgs/msg/detail/mag_worker_data__type_support.c\n'}
[1.482279] (px4_msgs) StdoutLine: {'line': b'-- Up-to-date: /home/mcfb/ros2_ws/install/px4_msgs/include/px4_msgs/px4_msgs/msg/detail/can_interface_status__rosidl_typesupport_introspection_c.h\n'}
[1.482317] (px4_msgs) StdoutLine: {'line': b'-- Up-to-date: /home/mcfb/ros2_ws/install/px4_msgs/include/px4_msgs/px4_msgs/msg/detail/estimator_bias3d__rosidl_typesupport_introspection_c.h\n'}
[1.482354] (px4_msgs) StdoutLine: {'line': b'-- Installing: /home/mcfb/ros2_ws/install/px4_msgs/include/px4_msgs/px4_msgs/msg/detail/irlock_report__type_support.c\n'}
[1.482390] (px4_msgs) StdoutLine: {'line': b'-- Up-to-date: /home/mcfb/ros2_ws/install/px4_msgs/include/px4_msgs/px4_msgs/msg/detail/actuator_servos__rosidl_typesupport_introspection_c.h\n'}
[1.482427] (px4_msgs) StdoutLine: {'line': b'-- Up-to-date: /home/mcfb/ros2_ws/install/px4_msgs/include/px4_msgs/px4_msgs/msg/detail/estimator_sensor_bias__rosidl_typesupport_introspection_c.h\n'}
[1.482465] (px4_msgs) StdoutLine: {'line': b'-- Installing: /home/mcfb/ros2_ws/install/px4_msgs/include/px4_msgs/px4_msgs/msg/detail/generator_status__type_support.c\n'}
[1.482502] (px4_msgs) StdoutLine: {'line': b'-- Installing: /home/mcfb/ros2_ws/install/px4_msgs/include/px4_msgs/px4_msgs/msg/detail/ekf2_timestamps__type_support.c\n'}
[1.482538] (px4_msgs) StdoutLine: {'line': b'-- Up-to-date: /home/mcfb/ros2_ws/install/px4_msgs/include/px4_msgs/px4_msgs/msg/detail/manual_control_switches__rosidl_typesupport_introspection_c.h\n'}
[1.482574] (px4_msgs) StdoutLine: {'line': b'-- Up-to-date: /home/mcfb/ros2_ws/install/px4_msgs/include/px4_msgs/px4_msgs/msg/detail/power_button_state__rosidl_typesupport_introspection_c.h\n'}
[1.482610] (px4_msgs) StdoutLine: {'line': b'-- Installing: /home/mcfb/ros2_ws/install/px4_msgs/include/px4_msgs/px4_msgs/msg/detail/mission__type_support.c\n'}
[1.482646] (px4_msgs) StdoutLine: {'line': b'-- Installing: /home/mcfb/ros2_ws/install/px4_msgs/include/px4_msgs/px4_msgs/msg/detail/camera_trigger__type_support.c\n'}
[1.482683] (px4_msgs) StdoutLine: {'line': b'-- Installing: /home/mcfb/ros2_ws/install/px4_msgs/include/px4_msgs/px4_msgs/msg/detail/parameter_set_used_request__type_support.c\n'}
[1.482759] (px4_msgs) StdoutLine: {'line': b'-- Installing: /home/mcfb/ros2_ws/install/px4_msgs/include/px4_msgs/px4_msgs/msg/detail/goto_setpoint__type_support.c\n'}
[1.482793] (px4_msgs) StdoutLine: {'line': b'-- Installing: /home/mcfb/ros2_ws/install/px4_msgs/include/px4_msgs/px4_msgs/msg/detail/sensor_combined__type_support.c\n'}
[1.482826] (px4_msgs) StdoutLine: {'line': b'-- Installing: /home/mcfb/ros2_ws/install/px4_msgs/include/px4_msgs/px4_msgs/msg/detail/control_allocator_status__type_support.c\n'}
[1.482873] (px4_msgs) StdoutLine: {'line': b'-- Installing: /home/mcfb/ros2_ws/install/px4_msgs/include/px4_msgs/px4_msgs/msg/detail/dronecan_node_status__type_support.c\n'}
[1.482922] (px4_msgs) StdoutLine: {'line': b'-- Up-to-date: /home/mcfb/ros2_ws/install/px4_msgs/include/px4_msgs/px4_msgs/msg/detail/camera_trigger__rosidl_typesupport_introspection_c.h\n'}
[1.482960] (px4_msgs) StdoutLine: {'line': b'-- Installing: /home/mcfb/ros2_ws/install/px4_msgs/include/px4_msgs/px4_msgs/msg/detail/rover_speed_setpoint__type_support.c\n'}
[1.482996] (px4_msgs) StdoutLine: {'line': b'-- Installing: /home/mcfb/ros2_ws/install/px4_msgs/include/px4_msgs/px4_msgs/msg/detail/figure_eight_status__type_support.c\n'}
[1.483032] (px4_msgs) StdoutLine: {'line': b'-- Up-to-date: /home/mcfb/ros2_ws/install/px4_msgs/include/px4_msgs/px4_msgs/msg/detail/gimbal_manager_status__rosidl_typesupport_introspection_c.h\n'}
[1.483069] (px4_msgs) StdoutLine: {'line': b'-- Installing: /home/mcfb/ros2_ws/install/px4_msgs/include/px4_msgs/px4_msgs/msg/detail/magnetometer_bias_estimate__type_support.c\n'}
[1.483105] (px4_msgs) StdoutLine: {'line': b'-- Installing: /home/mcfb/ros2_ws/install/px4_msgs/include/px4_msgs/px4_msgs/msg/detail/rover_rate_status__type_support.c\n'}
[1.483156] (px4_msgs) StdoutLine: {'line': b'-- Up-to-date: /home/mcfb/ros2_ws/install/px4_msgs/include/px4_msgs/px4_msgs/msg/detail/actuator_controls_status__rosidl_typesupport_introspection_c.h\n'}
[1.483198] (px4_msgs) StdoutLine: {'line': b'-- Up-to-date: /home/mcfb/ros2_ws/install/px4_msgs/include/px4_msgs/px4_msgs/msg/detail/actuator_servos_trim__rosidl_typesupport_introspection_c.h\n'}
[1.483301] (px4_msgs) StdoutLine: {'line': b'-- Up-to-date: /home/mcfb/ros2_ws/install/px4_msgs/include/px4_msgs/px4_msgs/msg/detail/navigator_status__rosidl_typesupport_introspection_c.h\n'}
[1.483358] (px4_msgs) StdoutLine: {'line': b'-- Installing: /home/mcfb/ros2_ws/install/px4_msgs/include/px4_msgs/px4_msgs/msg/detail/landing_target_innovations__type_support.c\n'}
[1.483428] (px4_msgs) StdoutLine: {'line': b'-- Installing: /home/mcfb/ros2_ws/install/px4_msgs/include/px4_msgs/px4_msgs/msg/detail/actuator_servos_trim__type_support.c\n'}
[1.483483] (px4_msgs) StdoutLine: {'line': b'-- Installing: /home/mcfb/ros2_ws/install/px4_msgs/include/px4_msgs/px4_msgs/msg/detail/qshell_req__type_support.c\n'}
[1.483532] (px4_msgs) StdoutLine: {'line': b'-- Installing: /home/mcfb/ros2_ws/install/px4_msgs/include/px4_msgs/px4_msgs/msg/detail/mount_orientation__type_support.c\n'}
[1.483579] (px4_msgs) StdoutLine: {'line': b'-- Up-to-date: /home/mcfb/ros2_ws/install/px4_msgs/include/px4_msgs/px4_msgs/msg/detail/vehicle_torque_setpoint__rosidl_typesupport_introspection_c.h\n'}
[1.483631] (px4_msgs) StdoutLine: {'line': b'-- Up-to-date: /home/mcfb/ros2_ws/install/px4_msgs/include/px4_msgs/px4_msgs/msg/detail/debug_array__rosidl_typesupport_introspection_c.h\n'}
[1.483685] (px4_msgs) StdoutLine: {'line': b'-- Installing: /home/mcfb/ros2_ws/install/px4_msgs/include/px4_msgs/px4_msgs/msg/detail/autotune_attitude_control_status__type_support.c\n'}
[1.483733] (px4_msgs) StdoutLine: {'line': b'-- Up-to-date: /home/mcfb/ros2_ws/install/px4_msgs/include/px4_msgs/px4_msgs/msg/detail/gpio_config__rosidl_typesupport_introspection_c.h\n'}
[1.483782] (px4_msgs) StdoutLine: {'line': b'-- Up-to-date: /home/mcfb/ros2_ws/install/px4_msgs/include/px4_msgs/px4_msgs/msg/detail/vehicle_attitude_setpoint__rosidl_typesupport_introspection_c.h\n'}
[1.483825] (px4_msgs) StdoutLine: {'line': b'-- Installing: /home/mcfb/ros2_ws/install/px4_msgs/include/px4_msgs/px4_msgs/msg/detail/tiltrotor_extra_controls__type_support.c\n'}
[1.483880] (px4_msgs) StdoutLine: {'line': b'-- Up-to-date: /home/mcfb/ros2_ws/install/px4_msgs/include/px4_msgs/px4_msgs/msg/detail/gimbal_device_set_attitude__rosidl_typesupport_introspection_c.h\n'}
[1.483914] (px4_msgs) StdoutLine: {'line': b'-- Up-to-date: /home/mcfb/ros2_ws/install/px4_msgs/include/px4_msgs/px4_msgs/msg/detail/parameter_set_used_request__rosidl_typesupport_introspection_c.h\n'}
[1.483948] (px4_msgs) StdoutLine: {'line': b'-- Up-to-date: /home/mcfb/ros2_ws/install/px4_msgs/include/px4_msgs/px4_msgs/msg/detail/rc_parameter_map__rosidl_typesupport_introspection_c.h\n'}
[1.483984] (px4_msgs) StdoutLine: {'line': b'-- Installing: /home/mcfb/ros2_ws/install/px4_msgs/include/px4_msgs/px4_msgs/msg/detail/gpio_in__type_support.c\n'}
[1.484018] (px4_msgs) StdoutLine: {'line': b'-- Up-to-date: /home/mcfb/ros2_ws/install/px4_msgs/include/px4_msgs/px4_msgs/msg/detail/debug_key_value__rosidl_typesupport_introspection_c.h\n'}
[1.484059] (px4_msgs) StdoutLine: {'line': b'-- Installing: /home/mcfb/ros2_ws/install/px4_msgs/include/px4_msgs/px4_msgs/msg/detail/actuator_motors__type_support.c\n'}
[1.484113] (px4_msgs) StdoutLine: {'line': b'-- Installing: /home/mcfb/ros2_ws/install/px4_msgs/include/px4_msgs/px4_msgs/msg/detail/arming_check_reply__type_support.c\n'}
[1.484161] (px4_msgs) StdoutLine: {'line': b'-- Up-to-date: /home/mcfb/ros2_ws/install/px4_msgs/include/px4_msgs/px4_msgs/msg/detail/estimator_aid_source1d__rosidl_typesupport_introspection_c.h\n'}
[1.484199] (px4_msgs) StdoutLine: {'line': b'-- Installing: /home/mcfb/ros2_ws/install/px4_msgs/include/px4_msgs/px4_msgs/msg/detail/open_drone_id_operator_id__type_support.c\n'}
[1.484237] (px4_msgs) StdoutLine: {'line': b'-- Up-to-date: /home/mcfb/ros2_ws/install/px4_msgs/include/px4_msgs/px4_msgs/msg/detail/pwm_input__rosidl_typesupport_introspection_c.h\n'}
[1.484359] (px4_msgs) StdoutLine: {'line': b'-- Installing: /home/mcfb/ros2_ws/install/px4_msgs/include/px4_msgs/px4_msgs/msg/detail/dataman_response__type_support.c\n'}
[1.484418] (px4_msgs) StdoutLine: {'line': b'-- Up-to-date: /home/mcfb/ros2_ws/install/px4_msgs/include/px4_msgs/px4_msgs/msg/detail/qshell_req__rosidl_typesupport_introspection_c.h\n'}
[1.484462] (px4_msgs) StdoutLine: {'line': b'-- Installing: /home/mcfb/ros2_ws/install/px4_msgs/include/px4_msgs/px4_msgs/msg/detail/takeoff_status__type_support.c\n'}
[1.484535] (px4_msgs) StdoutLine: {'line': b'-- Installing: /home/mcfb/ros2_ws/install/px4_msgs/include/px4_msgs/px4_msgs/msg/detail/gpio_out__type_support.c\n'}
[1.484725] (px4_msgs) StdoutLine: {'line': b'-- Installing: /home/mcfb/ros2_ws/install/px4_msgs/include/px4_msgs/px4_msgs/msg/detail/vehicle_command_ack__type_support.c\n'}
[1.484860] (px4_msgs) StdoutLine: {'line': b'-- Up-to-date: /home/mcfb/ros2_ws/install/px4_msgs/include/px4_msgs/px4_msgs/msg/detail/vtol_vehicle_status__rosidl_typesupport_introspection_c.h\n'}
[1.485058] (px4_msgs) StdoutLine: {'line': b'-- Up-to-date: /home/mcfb/ros2_ws/install/px4_msgs/include/px4_msgs/px4_msgs/msg/detail/actuator_outputs__rosidl_typesupport_introspection_c.h\n'}
[1.485111] (px4_msgs) StdoutLine: {'line': b'-- Up-to-date: /home/mcfb/ros2_ws/install/px4_msgs/include/px4_msgs/px4_msgs/msg/detail/open_drone_id_self_id__rosidl_typesupport_introspection_c.h\n'}
[1.485153] (px4_msgs) StdoutLine: {'line': b'-- Up-to-date: /home/mcfb/ros2_ws/install/px4_msgs/include/px4_msgs/px4_msgs/msg/detail/rtl_time_estimate__rosidl_typesupport_introspection_c.h\n'}
[1.485197] (px4_msgs) StdoutLine: {'line': b'-- Up-to-date: /home/mcfb/ros2_ws/install/px4_msgs/include/px4_msgs/px4_msgs/msg/detail/failure_detector_status__rosidl_typesupport_introspection_c.h\n'}
[1.485242] (px4_msgs) StdoutLine: {'line': b'-- Installing: /home/mcfb/ros2_ws/install/px4_msgs/include/px4_msgs/px4_msgs/msg/detail/actuator_controls_status__type_support.c\n'}
[1.485280] (px4_msgs) StdoutLine: {'line': b'-- Up-to-date: /home/mcfb/ros2_ws/install/px4_msgs/include/px4_msgs/px4_msgs/msg/detail/failsafe_flags__rosidl_typesupport_introspection_c.h\n'}
[1.485324] (px4_msgs) StdoutLine: {'line': b'-- Installing: /home/mcfb/ros2_ws/install/px4_msgs/include/px4_msgs/px4_msgs/msg/detail/navigator_status__type_support.c\n'}
[1.485369] (px4_msgs) StdoutLine: {'line': b'-- Up-to-date: /home/mcfb/ros2_ws/install/px4_msgs/include/px4_msgs/px4_msgs/msg/detail/landing_gear__rosidl_typesupport_introspection_c.h\n'}
[1.485405] (px4_msgs) StdoutLine: {'line': b'-- Up-to-date: /home/mcfb/ros2_ws/install/px4_msgs/include/px4_msgs/px4_msgs/msg/detail/vehicle_status__rosidl_typesupport_introspection_c.h\n'}
[1.485441] (px4_msgs) StdoutLine: {'line': b'-- Up-to-date: /home/mcfb/ros2_ws/install/px4_msgs/include/px4_msgs/px4_msgs/msg/detail/sensor_accel__rosidl_typesupport_introspection_c.h\n'}
[1.485476] (px4_msgs) StdoutLine: {'line': b'-- Up-to-date: /home/mcfb/ros2_ws/install/px4_msgs/include/px4_msgs/px4_msgs/msg/detail/arming_check_request__rosidl_typesupport_introspection_c.h\n'}
[1.485513] (px4_msgs) StdoutLine: {'line': b'-- Up-to-date: /home/mcfb/ros2_ws/install/px4_msgs/include/px4_msgs/px4_msgs/msg/detail/estimator_event_flags__rosidl_typesupport_introspection_c.h\n'}
[1.485574] (px4_msgs) StdoutLine: {'line': b'-- Installing: /home/mcfb/ros2_ws/install/px4_msgs/include/px4_msgs/px4_msgs/msg/detail/arming_check_request__type_support.c\n'}
[1.485608] (px4_msgs) StdoutLine: {'line': b'-- Installing: /home/mcfb/ros2_ws/install/px4_msgs/include/px4_msgs/px4_msgs/msg/detail/gimbal_device_attitude_status__type_support.c\n'}
[1.485643] (px4_msgs) StdoutLine: {'line': b'-- Up-to-date: /home/mcfb/ros2_ws/install/px4_msgs/include/px4_msgs/px4_msgs/msg/detail/estimator_status__rosidl_typesupport_introspection_c.h\n'}
[1.485678] (px4_msgs) StdoutLine: {'line': b'-- Installing: /home/mcfb/ros2_ws/install/px4_msgs/include/px4_msgs/px4_msgs/msg/detail/position_setpoint_triplet__type_support.c\n'}
[1.485766] (px4_msgs) StdoutLine: {'line': b'-- Up-to-date: /home/mcfb/ros2_ws/install/px4_msgs/include/px4_msgs/px4_msgs/msg/detail/sensor_correction__rosidl_typesupport_introspection_c.h\n'}
[1.485839] (px4_msgs) StdoutLine: {'line': b'-- Up-to-date: /home/mcfb/ros2_ws/install/px4_msgs/include/px4_msgs/px4_msgs/msg/detail/launch_detection_status__rosidl_typesupport_introspection_c.h\n'}
[1.485897] (px4_msgs) StdoutLine: {'line': b'-- Up-to-date: /home/mcfb/ros2_ws/install/px4_msgs/include/px4_msgs/px4_msgs/msg/detail/mavlink_tunnel__rosidl_typesupport_introspection_c.h\n'}
[1.485954] (px4_msgs) StdoutLine: {'line': b'-- Up-to-date: /home/mcfb/ros2_ws/install/px4_msgs/include/px4_msgs/px4_msgs/msg/detail/orb_test_medium__rosidl_typesupport_introspection_c.h\n'}
[1.486009] (px4_msgs) StdoutLine: {'line': b'-- Up-to-date: /home/mcfb/ros2_ws/install/px4_msgs/include/px4_msgs/px4_msgs/msg/detail/lateral_control_configuration__rosidl_typesupport_introspection_c.h\n'}
[1.486060] (px4_msgs) StdoutLine: {'line': b'-- Up-to-date: /home/mcfb/ros2_ws/install/px4_msgs/include/px4_msgs/px4_msgs/msg/detail/parameter_set_value_response__rosidl_typesupport_introspection_c.h\n'}
[1.486099] (px4_msgs) StdoutLine: {'line': b'-- Up-to-date: /home/mcfb/ros2_ws/install/px4_msgs/include/px4_msgs/px4_msgs/msg/detail/config_overrides__rosidl_typesupport_introspection_c.h\n'}
[1.486139] (px4_msgs) StdoutLine: {'line': b'-- Up-to-date: /home/mcfb/ros2_ws/install/px4_msgs/include/px4_msgs/px4_msgs/msg/detail/px4io_status__rosidl_typesupport_introspection_c.h\n'}
[1.486202] (px4_msgs) StdoutLine: {'line': b'-- Installing: /home/mcfb/ros2_ws/install/px4_msgs/include/px4_msgs/px4_msgs/msg/detail/internal_combustion_engine_status__type_support.c\n'}
[1.486254] (px4_msgs) StdoutLine: {'line': b'-- Up-to-date: /home/mcfb/ros2_ws/install/px4_msgs/include/px4_msgs/px4_msgs/msg/detail/normalized_unsigned_setpoint__rosidl_typesupport_introspection_c.h\n'}
[1.486291] (px4_msgs) StdoutLine: {'line': b'-- Installing: /home/mcfb/ros2_ws/install/px4_msgs/include/px4_msgs/px4_msgs/msg/detail/px4io_status__type_support.c\n'}
[1.486329] (px4_msgs) StdoutLine: {'line': b'-- Installing: /home/mcfb/ros2_ws/install/px4_msgs/include/px4_msgs/px4_msgs/msg/detail/sensors_status__type_support.c\n'}
[1.486364] (px4_msgs) StdoutLine: {'line': b'-- Up-to-date: /home/mcfb/ros2_ws/install/px4_msgs/include/px4_msgs/px4_msgs/msg/detail/manual_control_setpoint__rosidl_typesupport_introspection_c.h\n'}
[1.486404] (px4_msgs) StdoutLine: {'line': b'-- Installing: /home/mcfb/ros2_ws/install/px4_msgs/include/px4_msgs/px4_msgs/msg/detail/esc_status__type_support.c\n'}
[1.486444] (px4_msgs) StdoutLine: {'line': b'-- Installing: /home/mcfb/ros2_ws/install/px4_msgs/include/px4_msgs/px4_msgs/msg/detail/task_stack_info__type_support.c\n'}
[1.486482] (px4_msgs) StdoutLine: {'line': b'-- Installing: /home/mcfb/ros2_ws/install/px4_msgs/include/px4_msgs/px4_msgs/msg/detail/register_ext_component_request__type_support.c\n'}
[1.486519] (px4_msgs) StdoutLine: {'line': b'-- Installing: /home/mcfb/ros2_ws/install/px4_msgs/include/px4_msgs/px4_msgs/msg/detail/vehicle_thrust_setpoint__type_support.c\n'}
[1.486557] (px4_msgs) StdoutLine: {'line': b'-- Up-to-date: /home/mcfb/ros2_ws/install/px4_msgs/include/px4_msgs/px4_msgs/msg/detail/debug_value__rosidl_typesupport_introspection_c.h\n'}
[1.486593] (px4_msgs) StdoutLine: {'line': b'-- Up-to-date: /home/mcfb/ros2_ws/install/px4_msgs/include/px4_msgs/px4_msgs/msg/detail/sensor_accel_fifo__rosidl_typesupport_introspection_c.h\n'}
[1.486630] (px4_msgs) StdoutLine: {'line': b'-- Installing: /home/mcfb/ros2_ws/install/px4_msgs/include/px4_msgs/px4_msgs/msg/detail/estimator_sensor_bias__type_support.c\n'}
[1.486666] (px4_msgs) StdoutLine: {'line': b'-- Installing: /home/mcfb/ros2_ws/install/px4_msgs/include/px4_msgs/px4_msgs/msg/detail/gps_inject_data__type_support.c\n'}
[1.486701] (px4_msgs) StdoutLine: {'line': b'-- Installing: /home/mcfb/ros2_ws/install/px4_msgs/include/px4_msgs/px4_msgs/msg/detail/wind__type_support.c\n'}
[1.486737] (px4_msgs) StdoutLine: {'line': b'-- Installing: /home/mcfb/ros2_ws/install/px4_msgs/include/px4_msgs/px4_msgs/msg/detail/rover_steering_setpoint__type_support.c\n'}
[1.486773] (px4_msgs) StdoutLine: {'line': b'-- Up-to-date: /home/mcfb/ros2_ws/install/px4_msgs/include/px4_msgs/px4_msgs/msg/detail/follow_target_status__rosidl_typesupport_introspection_c.h\n'}
[1.486807] (px4_msgs) StdoutLine: {'line': b'-- Installing: /home/mcfb/ros2_ws/install/px4_msgs/include/px4_msgs/px4_msgs/msg/detail/satellite_info__type_support.c\n'}
[1.486848] (px4_msgs) StdoutLine: {'line': b'-- Installing: /home/mcfb/ros2_ws/install/px4_msgs/include/px4_msgs/px4_msgs/msg/detail/adc_report__type_support.c\n'}
[1.486899] (px4_msgs) StdoutLine: {'line': b'-- Up-to-date: /home/mcfb/ros2_ws/install/px4_msgs/include/px4_msgs/px4_msgs/msg/detail/action_request__rosidl_typesupport_introspection_c.h\n'}
[1.486942] (px4_msgs) StdoutLine: {'line': b'-- Installing: /home/mcfb/ros2_ws/install/px4_msgs/include/px4_msgs/px4_msgs/msg/detail/sensor_gyro_fifo__type_support.c\n'}
[1.486988] (px4_msgs) StdoutLine: {'line': b'-- Installing: /home/mcfb/ros2_ws/install/px4_msgs/include/px4_msgs/px4_msgs/msg/detail/gpio_request__type_support.c\n'}
[1.487044] (px4_msgs) StdoutLine: {'line': b'-- Installing: /home/mcfb/ros2_ws/install/px4_msgs/include/px4_msgs/px4_msgs/msg/detail/mission_result__type_support.c\n'}
[1.487089] (px4_msgs) StdoutLine: {'line': b'-- Up-to-date: /home/mcfb/ros2_ws/install/px4_msgs/include/px4_msgs/px4_msgs/msg/detail/rpm__rosidl_typesupport_introspection_c.h\n'}
[1.487134] (px4_msgs) StdoutLine: {'line': b'-- Up-to-date: /home/mcfb/ros2_ws/install/px4_msgs/include/px4_msgs/px4_msgs/msg/detail/takeoff_status__rosidl_typesupport_introspection_c.h\n'}
[1.487178] (px4_msgs) StdoutLine: {'line': b'-- Installing: /home/mcfb/ros2_ws/install/px4_msgs/include/px4_msgs/px4_msgs/msg/detail/vehicle_global_position__type_support.c\n'}
[1.487238] (px4_msgs) StdoutLine: {'line': b'-- Up-to-date: /home/mcfb/ros2_ws/install/px4_msgs/include/px4_msgs/px4_msgs/msg/detail/vehicle_global_position__rosidl_typesupport_introspection_c.h\n'}
[1.487413] (px4_msgs) StdoutLine: {'line': b'-- Up-to-date: /home/mcfb/ros2_ws/install/px4_msgs/include/px4_msgs/px4_msgs/msg/detail/vehicle_roi__rosidl_typesupport_introspection_c.h\n'}
[1.487484] (px4_msgs) StdoutLine: {'line': b'-- Up-to-date: /home/mcfb/ros2_ws/install/px4_msgs/include/px4_msgs/px4_msgs/msg/detail/actuator_armed__rosidl_typesupport_introspection_c.h\n'}
[1.487540] (px4_msgs) StdoutLine: {'line': b'-- Up-to-date: /home/mcfb/ros2_ws/install/px4_msgs/include/px4_msgs/px4_msgs/msg/detail/geofence_result__rosidl_typesupport_introspection_c.h\n'}
[1.487708] (px4_msgs) StdoutLine: {'line': b'-- Installing: /home/mcfb/ros2_ws/install/px4_msgs/include/px4_msgs/px4_msgs/msg/detail/vehicle_optical_flow__type_support.c\n'}
[1.487780] (px4_msgs) StdoutLine: {'line': b'-- Installing: /home/mcfb/ros2_ws/install/px4_msgs/include/px4_msgs/px4_msgs/msg/detail/longitudinal_control_configuration__type_support.c\n'}
[1.487855] (px4_msgs) StdoutLine: {'line': b'-- Up-to-date: /home/mcfb/ros2_ws/install/px4_msgs/include/px4_msgs/px4_msgs/msg/detail/camera_capture__rosidl_typesupport_introspection_c.h\n'}
[1.487904] (px4_msgs) StdoutLine: {'line': b'-- Installing: /home/mcfb/ros2_ws/install/px4_msgs/include/px4_msgs/px4_msgs/msg/detail/onboard_computer_status__type_support.c\n'}
[1.487956] (px4_msgs) StdoutLine: {'line': b'-- Installing: /home/mcfb/ros2_ws/install/px4_msgs/include/px4_msgs/px4_msgs/msg/detail/estimator_bias3d__type_support.c\n'}
[1.488010] (px4_msgs) StdoutLine: {'line': b'-- Up-to-date: /home/mcfb/ros2_ws/install/px4_msgs/include/px4_msgs/px4_msgs/msg/detail/obstacle_distance__rosidl_typesupport_introspection_c.h\n'}
[1.488064] (px4_msgs) StdoutLine: {'line': b'-- Installing: /home/mcfb/ros2_ws/install/px4_msgs/include/px4_msgs/px4_msgs/msg/detail/debug_array__type_support.c\n'}
[1.488113] (px4_msgs) StdoutLine: {'line': b'-- Up-to-date: /home/mcfb/ros2_ws/install/px4_msgs/include/px4_msgs/px4_msgs/msg/detail/vehicle_attitude__rosidl_typesupport_introspection_c.h\n'}
[1.488161] (px4_msgs) StdoutLine: {'line': b'-- Installing: /home/mcfb/ros2_ws/install/px4_msgs/include/px4_msgs/px4_msgs/msg/detail/vehicle_command__type_support.c\n'}
[1.488211] (px4_msgs) StdoutLine: {'line': b'-- Installing: /home/mcfb/ros2_ws/install/px4_msgs/include/px4_msgs/px4_msgs/msg/detail/launch_detection_status__type_support.c\n'}
[1.488258] (px4_msgs) StdoutLine: {'line': b'-- Installing: /home/mcfb/ros2_ws/install/px4_msgs/include/px4_msgs/px4_msgs/msg/detail/position_controller_status__type_support.c\n'}
[1.488306] (px4_msgs) StdoutLine: {'line': b'-- Up-to-date: /home/mcfb/ros2_ws/install/px4_msgs/include/px4_msgs/px4_msgs/msg/detail/vehicle_land_detected__rosidl_typesupport_introspection_c.h\n'}
[1.488353] (px4_msgs) StdoutLine: {'line': b'-- Installing: /home/mcfb/ros2_ws/install/px4_msgs/include/px4_msgs/px4_msgs/msg/detail/pwm_input__type_support.c\n'}
[1.488400] (px4_msgs) StdoutLine: {'line': b'-- Up-to-date: /home/mcfb/ros2_ws/install/px4_msgs/include/px4_msgs/px4_msgs/msg/detail/rover_attitude_status__rosidl_typesupport_introspection_c.h\n'}
[1.488450] (px4_msgs) StdoutLine: {'line': b'-- Installing: /home/mcfb/ros2_ws/install/px4_msgs/include/px4_msgs/px4_msgs/msg/detail/event__type_support.c\n'}
[1.488499] (px4_msgs) StdoutLine: {'line': b'-- Installing: /home/mcfb/ros2_ws/install/px4_msgs/include/px4_msgs/px4_msgs/msg/detail/position_setpoint__type_support.c\n'}
[1.488553] (px4_msgs) StdoutLine: {'line': b'-- Installing: /home/mcfb/ros2_ws/install/px4_msgs/include/px4_msgs/px4_msgs/msg/detail/fixed_wing_lateral_setpoint__type_support.c\n'}
[1.488602] (px4_msgs) StdoutLine: {'line': b'-- Installing: /home/mcfb/ros2_ws/install/px4_msgs/include/px4_msgs/px4_msgs/msg/detail/neural_control__type_support.c\n'}
[1.488650] (px4_msgs) StdoutLine: {'line': b'-- Up-to-date: /home/mcfb/ros2_ws/install/px4_msgs/include/px4_msgs/px4_msgs/msg/detail/follow_target_estimator__rosidl_typesupport_introspection_c.h\n'}
[1.488700] (px4_msgs) StdoutLine: {'line': b'-- Installing: /home/mcfb/ros2_ws/install/px4_msgs/include/px4_msgs/px4_msgs/msg/detail/ulog_stream_ack__type_support.c\n'}
[1.488782] (px4_msgs) StdoutLine: {'line': b'-- Up-to-date: /home/mcfb/ros2_ws/install/px4_msgs/include/px4_msgs/px4_msgs/msg/detail/vehicle_optical_flow_vel__rosidl_typesupport_introspection_c.h\n'}
[1.488834] (px4_msgs) StdoutLine: {'line': b'-- Up-to-date: /home/mcfb/ros2_ws/install/px4_msgs/include/px4_msgs/px4_msgs/msg/detail/power_monitor__rosidl_typesupport_introspection_c.h\n'}
[1.488886] (px4_msgs) StdoutLine: {'line': b'-- Up-to-date: /home/mcfb/ros2_ws/install/px4_msgs/include/px4_msgs/px4_msgs/msg/detail/internal_combustion_engine_status__rosidl_typesupport_introspection_c.h\n'}
[1.488932] (px4_msgs) StdoutLine: {'line': b'-- Installing: /home/mcfb/ros2_ws/install/px4_msgs/include/px4_msgs/px4_msgs/msg/detail/sensor_preflight_mag__type_support.c\n'}
[1.488996] (px4_msgs) StdoutLine: {'line': b'-- Installing: /home/mcfb/ros2_ws/install/px4_msgs/include/px4_msgs/px4_msgs/msg/detail/vehicle_torque_setpoint__type_support.c\n'}
[1.489043] (px4_msgs) StdoutLine: {'line': b'-- Installing: /home/mcfb/ros2_ws/install/px4_msgs/include/px4_msgs/px4_msgs/msg/detail/fixed_wing_lateral_guidance_status__type_support.c\n'}
[1.489089] (px4_msgs) StdoutLine: {'line': b'-- Installing: /home/mcfb/ros2_ws/install/px4_msgs/include/px4_msgs/px4_msgs/msg/detail/rover_throttle_setpoint__type_support.c\n'}
[1.489132] (px4_msgs) StdoutLine: {'line': b'-- Up-to-date: /home/mcfb/ros2_ws/install/px4_msgs/include/px4_msgs/px4_msgs/msg/detail/neural_control__rosidl_typesupport_introspection_c.h\n'}
[1.489176] (px4_msgs) StdoutLine: {'line': b'-- Installing: /home/mcfb/ros2_ws/install/px4_msgs/include/px4_msgs/px4_msgs/msg/detail/vehicle_roi__type_support.c\n'}
[1.489226] (px4_msgs) StdoutLine: {'line': b'-- Installing: /home/mcfb/ros2_ws/install/px4_msgs/include/px4_msgs/px4_msgs/msg/detail/debug_vect__type_support.c\n'}
[1.489275] (px4_msgs) StdoutLine: {'line': b'-- Installing: /home/mcfb/ros2_ws/install/px4_msgs/include/px4_msgs/px4_msgs/msg/detail/landing_gear_wheel__type_support.c\n'}
[1.489323] (px4_msgs) StdoutLine: {'line': b'-- Up-to-date: /home/mcfb/ros2_ws/install/px4_msgs/include/px4_msgs/px4_msgs/msg/detail/fixed_wing_lateral_guidance_status__rosidl_typesupport_introspection_c.h\n'}
[1.489375] (px4_msgs) StdoutLine: {'line': b'-- Installing: /home/mcfb/ros2_ws/install/px4_msgs/include/px4_msgs/px4_msgs/msg/detail/cellular_status__type_support.c\n'}
[1.489460] (px4_msgs) StdoutLine: {'line': b'-- Installing: /home/mcfb/ros2_ws/install/px4_msgs/include/px4_msgs/px4_msgs/msg/detail/sensor_gnss_relative__type_support.c\n'}
[1.489514] (px4_msgs) StdoutLine: {'line': b'-- Up-to-date: /home/mcfb/ros2_ws/install/px4_msgs/include/px4_msgs/px4_msgs/msg/detail/sensors_status__rosidl_typesupport_introspection_c.h\n'}
[1.489567] (px4_msgs) StdoutLine: {'line': b'-- Installing: /home/mcfb/ros2_ws/install/px4_msgs/include/px4_msgs/px4_msgs/msg/detail/geofence_status__type_support.c\n'}
[1.489616] (px4_msgs) StdoutLine: {'line': b'-- Installing: /home/mcfb/ros2_ws/install/px4_msgs/include/px4_msgs/px4_msgs/msg/detail/position_controller_landing_status__type_support.c\n'}
[1.489667] (px4_msgs) StdoutLine: {'line': b'-- Installing: /home/mcfb/ros2_ws/install/px4_msgs/include/px4_msgs/px4_msgs/msg/detail/debug_value__type_support.c\n'}
[1.489718] (px4_msgs) StdoutLine: {'line': b'-- Installing: /home/mcfb/ros2_ws/install/px4_msgs/include/px4_msgs/px4_msgs/msg/detail/gimbal_device_information__type_support.c\n'}
[1.489771] (px4_msgs) StdoutLine: {'line': b'-- Up-to-date: /home/mcfb/ros2_ws/install/px4_msgs/include/px4_msgs/px4_msgs/msg/detail/mission__rosidl_typesupport_introspection_c.h\n'}
[1.489824] (px4_msgs) StdoutLine: {'line': b'-- Installing: /home/mcfb/ros2_ws/install/px4_msgs/include/px4_msgs/px4_msgs/msg/detail/estimator_status__type_support.c\n'}
[1.489882] (px4_msgs) StdoutLine: {'line': b'-- Installing: /home/mcfb/ros2_ws/install/px4_msgs/include/px4_msgs/px4_msgs/msg/detail/rc_parameter_map__type_support.c\n'}
[1.489992] (px4_msgs) StdoutLine: {'line': b'-- Up-to-date: /home/mcfb/ros2_ws/install/px4_msgs/include/px4_msgs/px4_msgs/msg/detail/cpuload__rosidl_typesupport_introspection_c.h\n'}
[1.490043] (px4_msgs) StdoutLine: {'line': b'-- Up-to-date: /home/mcfb/ros2_ws/install/px4_msgs/include/px4_msgs/px4_msgs/msg/detail/sensor_mag__rosidl_typesupport_introspection_c.h\n'}
[1.490093] (px4_msgs) StdoutLine: {'line': b'-- Installing: /home/mcfb/ros2_ws/install/px4_msgs/include/px4_msgs/px4_msgs/msg/detail/sensor_gyro_fft__type_support.c\n'}
[1.490142] (px4_msgs) StdoutLine: {'line': b'-- Up-to-date: /home/mcfb/ros2_ws/install/px4_msgs/include/px4_msgs/px4_msgs/msg/detail/home_position__rosidl_typesupport_introspection_c.h\n'}
[1.490205] (px4_msgs) StdoutLine: {'line': b'-- Installing: /home/mcfb/ros2_ws/install/px4_msgs/include/px4_msgs/px4_msgs/msg/detail/airspeed_wind__type_support.c\n'}
[1.490261] (px4_msgs) StdoutLine: {'line': b'-- Up-to-date: /home/mcfb/ros2_ws/install/px4_msgs/include/px4_msgs/px4_msgs/msg/detail/mission_result__rosidl_typesupport_introspection_c.h\n'}
[1.490315] (px4_msgs) StdoutLine: {'line': b'-- Up-to-date: /home/mcfb/ros2_ws/install/px4_msgs/include/px4_msgs/px4_msgs/msg/detail/cellular_status__rosidl_typesupport_introspection_c.h\n'}
[1.490372] (px4_msgs) StdoutLine: {'line': b'-- Up-to-date: /home/mcfb/ros2_ws/install/px4_msgs/include/px4_msgs/px4_msgs/msg/detail/uavcan_parameter_request__rosidl_typesupport_introspection_c.h\n'}
[1.490428] (px4_msgs) StdoutLine: {'line': b'-- Installing: /home/mcfb/ros2_ws/install/px4_msgs/include/px4_msgs/px4_msgs/msg/detail/vehicle_rates_setpoint__type_support.c\n'}
[1.490486] (px4_msgs) StdoutLine: {'line': b'-- Up-to-date: /home/mcfb/ros2_ws/install/px4_msgs/include/px4_msgs/px4_msgs/msg/detail/vehicle_air_data__rosidl_typesupport_introspection_c.h\n'}
[1.490545] (px4_msgs) StdoutLine: {'line': b'-- Up-to-date: /home/mcfb/ros2_ws/install/px4_msgs/include/px4_msgs/px4_msgs/msg/detail/follow_target__rosidl_typesupport_introspection_c.h\n'}
[1.490601] (px4_msgs) StdoutLine: {'line': b'-- Installing: /home/mcfb/ros2_ws/install/px4_msgs/include/px4_msgs/px4_msgs/msg/detail/power_monitor__type_support.c\n'}
[1.490654] (px4_msgs) StdoutLine: {'line': b'-- Installing: /home/mcfb/ros2_ws/install/px4_msgs/include/px4_msgs/px4_msgs/msg/detail/sensor_airflow__type_support.c\n'}
[1.490715] (px4_msgs) StdoutLine: {'line': b'-- Installing: /home/mcfb/ros2_ws/install/px4_msgs/include/px4_msgs/px4_msgs/msg/detail/estimator_aid_source1d__type_support.c\n'}
[1.490773] (px4_msgs) StdoutLine: {'line': b'-- Up-to-date: /home/mcfb/ros2_ws/install/px4_msgs/include/px4_msgs/px4_msgs/msg/detail/vehicle_control_mode__rosidl_typesupport_introspection_c.h\n'}
[1.490825] (px4_msgs) StdoutLine: {'line': b'-- Up-to-date: /home/mcfb/ros2_ws/install/px4_msgs/include/px4_msgs/px4_msgs/msg/detail/estimator_gps_status__rosidl_typesupport_introspection_c.h\n'}
[1.490889] (px4_msgs) StdoutLine: {'line': b'-- Up-to-date: /home/mcfb/ros2_ws/install/px4_msgs/include/px4_msgs/px4_msgs/msg/detail/orb_test_large__rosidl_typesupport_introspection_c.h\n'}
[1.490945] (px4_msgs) StdoutLine: {'line': b'-- Installing: /home/mcfb/ros2_ws/install/px4_msgs/include/px4_msgs/px4_msgs/msg/detail/actuator_servos__type_support.c\n'}
[1.490998] (px4_msgs) StdoutLine: {'line': b'-- Up-to-date: /home/mcfb/ros2_ws/install/px4_msgs/include/px4_msgs/px4_msgs/msg/detail/dataman_response__rosidl_typesupport_introspection_c.h\n'}
[1.491058] (px4_msgs) StdoutLine: {'line': b'-- Installing: /home/mcfb/ros2_ws/install/px4_msgs/include/px4_msgs/px4_msgs/msg/detail/rover_attitude_status__type_support.c\n'}
[1.491191] (px4_msgs) StdoutLine: {'line': b'-- Installing: /home/mcfb/ros2_ws/install/px4_msgs/include/px4_msgs/px4_msgs/msg/detail/orb_test__type_support.c\n'}
[1.491252] (px4_msgs) StdoutLine: {'line': b'-- Up-to-date: /home/mcfb/ros2_ws/install/px4_msgs/include/px4_msgs/px4_msgs/msg/detail/vehicle_magnetometer__rosidl_typesupport_introspection_c.h\n'}
[1.491308] (px4_msgs) StdoutLine: {'line': b'-- Installing: /home/mcfb/ros2_ws/install/px4_msgs/include/px4_msgs/px4_msgs/msg/detail/vehicle_attitude_setpoint__type_support.c\n'}
[1.491361] (px4_msgs) StdoutLine: {'line': b'-- Installing: /home/mcfb/ros2_ws/install/px4_msgs/include/px4_msgs/px4_msgs/msg/detail/flight_phase_estimation__type_support.c\n'}
[1.491415] (px4_msgs) StdoutLine: {'line': b'-- Up-to-date: /home/mcfb/ros2_ws/install/px4_msgs/include/px4_msgs/px4_msgs/msg/detail/vehicle_command__rosidl_typesupport_introspection_c.h\n'}
[1.491498] (px4_msgs) StdoutLine: {'line': b'-- Up-to-date: /home/mcfb/ros2_ws/install/px4_msgs/include/px4_msgs/px4_msgs/msg/detail/transponder_report__rosidl_typesupport_introspection_c.h\n'}
[1.491590] (px4_msgs) StdoutLine: {'line': b'-- Up-to-date: /home/mcfb/ros2_ws/install/px4_msgs/include/px4_msgs/px4_msgs/msg/detail/mag_worker_data__rosidl_typesupport_introspection_c.h\n'}
[1.491704] (px4_msgs) StdoutLine: {'line': b'-- Up-to-date: /home/mcfb/ros2_ws/install/px4_msgs/include/px4_msgs/px4_msgs/msg/detail/position_setpoint__rosidl_typesupport_introspection_c.h\n'}
[1.491771] (px4_msgs) StdoutLine: {'line': b'-- Up-to-date: /home/mcfb/ros2_ws/install/px4_msgs/include/px4_msgs/px4_msgs/msg/detail/event__rosidl_typesupport_introspection_c.h\n'}
[1.491830] (px4_msgs) StdoutLine: {'line': b'-- Installing: /home/mcfb/ros2_ws/install/px4_msgs/include/px4_msgs/px4_msgs/msg/detail/telemetry_status__type_support.c\n'}
[1.491924] (px4_msgs) StdoutLine: {'line': b'-- Up-to-date: /home/mcfb/ros2_ws/install/px4_msgs/include/px4_msgs/px4_msgs/msg/detail/orbit_status__rosidl_typesupport_introspection_c.h\n'}
[1.491969] (px4_msgs) StdoutLine: {'line': b'-- Installing: /home/mcfb/ros2_ws/install/px4_msgs/include/px4_msgs/px4_msgs/msg/detail/sensor_mag__type_support.c\n'}
[1.492013] (px4_msgs) StdoutLine: {'line': b'-- Installing: /home/mcfb/ros2_ws/install/px4_msgs/include/px4_msgs/px4_msgs/msg/detail/vehicle_local_position_setpoint__type_support.c\n'}
[1.492055] (px4_msgs) StdoutLine: {'line': b'-- Installing: /home/mcfb/ros2_ws/install/px4_msgs/include/px4_msgs/px4_msgs/msg/detail/led_control__type_support.c\n'}
[1.492099] (px4_msgs) StdoutLine: {'line': b'-- Up-to-date: /home/mcfb/ros2_ws/install/px4_msgs/include/px4_msgs/px4_msgs/msg/detail/open_drone_id_arm_status__rosidl_typesupport_introspection_c.h\n'}
[1.492162] (px4_msgs) StdoutLine: {'line': b'-- Installing: /home/mcfb/ros2_ws/install/px4_msgs/include/px4_msgs/px4_msgs/msg/detail/parameter_reset_request__type_support.c\n'}
[1.492205] (px4_msgs) StdoutLine: {'line': b'-- Installing: /home/mcfb/ros2_ws/install/px4_msgs/include/px4_msgs/px4_msgs/msg/detail/config_overrides__type_support.c\n'}
[1.492248] (px4_msgs) StdoutLine: {'line': b'-- Installing: /home/mcfb/ros2_ws/install/px4_msgs/include/px4_msgs/px4_msgs/msg/detail/rover_speed_status__type_support.c\n'}
[1.492292] (px4_msgs) StdoutLine: {'line': b'-- Up-to-date: /home/mcfb/ros2_ws/install/px4_msgs/include/px4_msgs/px4_msgs/msg/detail/dronecan_node_status__rosidl_typesupport_introspection_c.h\n'}
[1.492335] (px4_msgs) StdoutLine: {'line': b'-- Installing: /home/mcfb/ros2_ws/install/px4_msgs/include/px4_msgs/px4_msgs/msg/detail/mavlink_tunnel__type_support.c\n'}
[1.492378] (px4_msgs) StdoutLine: {'line': b'-- Up-to-date: /home/mcfb/ros2_ws/install/px4_msgs/include/px4_msgs/px4_msgs/msg/detail/irlock_report__rosidl_typesupport_introspection_c.h\n'}
[1.492423] (px4_msgs) StdoutLine: {'line': b'-- Up-to-date: /home/mcfb/ros2_ws/install/px4_msgs/include/px4_msgs/px4_msgs/msg/detail/internal_combustion_engine_control__rosidl_typesupport_introspection_c.h\n'}
[1.492480] (px4_msgs) StdoutLine: {'line': b'-- Installing: /home/mcfb/ros2_ws/install/px4_msgs/include/px4_msgs/px4_msgs/msg/detail/vehicle_acceleration__type_support.c\n'}
[1.492553] (px4_msgs) StdoutLine: {'line': b'-- Up-to-date: /home/mcfb/ros2_ws/install/px4_msgs/include/px4_msgs/px4_msgs/msg/detail/figure_eight_status__rosidl_typesupport_introspection_c.h\n'}
[1.492619] (px4_msgs) StdoutLine: {'line': b'-- Installing: /home/mcfb/ros2_ws/install/px4_msgs/include/px4_msgs/px4_msgs/msg/detail/gimbal_manager_set_manual_control__type_support.c\n'}
[1.492692] (px4_msgs) StdoutLine: {'line': b'-- Up-to-date: /home/mcfb/ros2_ws/install/px4_msgs/include/px4_msgs/px4_msgs/msg/detail/gimbal_controls__rosidl_typesupport_introspection_c.h\n'}
[1.492736] (px4_msgs) StdoutLine: {'line': b'-- Installing: /home/mcfb/ros2_ws/install/px4_msgs/include/px4_msgs/px4_msgs/msg/detail/lateral_control_configuration__type_support.c\n'}
[1.492781] (px4_msgs) StdoutLine: {'line': b'-- Installing: /home/mcfb/ros2_ws/install/px4_msgs/include/px4_msgs/px4_msgs/msg/detail/airspeed_validated__type_support.c\n'}
[1.492854] (px4_msgs) StdoutLine: {'line': b'-- Up-to-date: /home/mcfb/ros2_ws/install/px4_msgs/include/px4_msgs/px4_msgs/msg/detail/gimbal_device_attitude_status__rosidl_typesupport_introspection_c.h\n'}
[1.492900] (px4_msgs) StdoutLine: {'line': b'-- Installing: /home/mcfb/ros2_ws/install/px4_msgs/include/px4_msgs/px4_msgs/msg/detail/actuator_test__type_support.c\n'}
[1.492945] (px4_msgs) StdoutLine: {'line': b'-- Up-to-date: /home/mcfb/ros2_ws/install/px4_msgs/include/px4_msgs/px4_msgs/msg/detail/battery_status__rosidl_typesupport_introspection_c.h\n'}
[1.492988] (px4_msgs) StdoutLine: {'line': b'-- Up-to-date: /home/mcfb/ros2_ws/install/px4_msgs/include/px4_msgs/px4_msgs/msg/detail/sensor_hygrometer__rosidl_typesupport_introspection_c.h\n'}
[1.493037] (px4_msgs) StdoutLine: {'line': b'-- Up-to-date: /home/mcfb/ros2_ws/install/px4_msgs/include/px4_msgs/px4_msgs/msg/detail/geofence_status__rosidl_typesupport_introspection_c.h\n'}
[1.493081] (px4_msgs) StdoutLine: {'line': b'-- Up-to-date: /home/mcfb/ros2_ws/install/px4_msgs/include/px4_msgs/px4_msgs/msg/detail/landing_target_pose__rosidl_typesupport_introspection_c.h\n'}
[1.493130] (px4_msgs) StdoutLine: {'line': b'-- Up-to-date: /home/mcfb/ros2_ws/install/px4_msgs/include/px4_msgs/px4_msgs/msg/detail/fixed_wing_lateral_status__rosidl_typesupport_introspection_c.h\n'}
[1.493181] (px4_msgs) StdoutLine: {'line': b'-- Installing: /home/mcfb/ros2_ws/install/px4_msgs/include/px4_msgs/px4_msgs/msg/detail/register_ext_component_reply__type_support.c\n'}
[1.493228] (px4_msgs) StdoutLine: {'line': b'-- Installing: /home/mcfb/ros2_ws/install/px4_msgs/include/px4_msgs/px4_msgs/msg/detail/geofence_result__type_support.c\n'}
[1.493275] (px4_msgs) StdoutLine: {'line': b'-- Installing: /home/mcfb/ros2_ws/install/px4_msgs/include/px4_msgs/px4_msgs/msg/detail/rpm__type_support.c\n'}
[1.493325] (px4_msgs) StdoutLine: {'line': b'-- Up-to-date: /home/mcfb/ros2_ws/install/px4_msgs/include/px4_msgs/px4_msgs/msg/detail/rc_channels__rosidl_typesupport_introspection_c.h\n'}
[1.493412] (px4_msgs) StdoutLine: {'line': b'-- Up-to-date: /home/mcfb/ros2_ws/install/px4_msgs/include/px4_msgs/px4_msgs/msg/detail/estimator_innovations__rosidl_typesupport_introspection_c.h\n'}
[1.493453] (px4_msgs) StdoutLine: {'line': b'-- Up-to-date: /home/mcfb/ros2_ws/install/px4_msgs/include/px4_msgs/px4_msgs/msg/detail/mount_orientation__rosidl_typesupport_introspection_c.h\n'}
[1.493507] (px4_msgs) StdoutLine: {'line': b'-- Up-to-date: /home/mcfb/ros2_ws/install/px4_msgs/include/px4_msgs/px4_msgs/msg/detail/vehicle_command_ack__rosidl_typesupport_introspection_c.h\n'}
[1.493576] (px4_msgs) StdoutLine: {'line': b'-- Installing: /home/mcfb/ros2_ws/install/px4_msgs/include/px4_msgs/px4_msgs/msg/detail/rtl_status__type_support.c\n'}
[1.493655] (px4_msgs) StdoutLine: {'line': b'-- Up-to-date: /home/mcfb/ros2_ws/install/px4_msgs/include/px4_msgs/px4_msgs/msg/detail/landing_gear_wheel__rosidl_typesupport_introspection_c.h\n'}
[1.493735] (px4_msgs) StdoutLine: {'line': b'-- Installing: /home/mcfb/ros2_ws/install/px4_msgs/include/px4_msgs/px4_msgs/msg/detail/differential_pressure__type_support.c\n'}
[1.493805] (px4_msgs) StdoutLine: {'line': b'-- Up-to-date: /home/mcfb/ros2_ws/install/px4_msgs/include/px4_msgs/px4_msgs/msg/detail/button_event__rosidl_typesupport_introspection_c.h\n'}
[1.493879] (px4_msgs) StdoutLine: {'line': b'-- Up-to-date: /home/mcfb/ros2_ws/install/px4_msgs/include/px4_msgs/px4_msgs/msg/detail/rover_position_setpoint__rosidl_typesupport_introspection_c.h\n'}
[1.493936] (px4_msgs) StdoutLine: {'line': b'-- Up-to-date: /home/mcfb/ros2_ws/install/px4_msgs/include/px4_msgs/px4_msgs/msg/detail/vehicle_constraints__rosidl_typesupport_introspection_c.h\n'}
[1.493999] (px4_msgs) StdoutLine: {'line': b'-- Installing: /home/mcfb/ros2_ws/install/px4_msgs/include/px4_msgs/px4_msgs/msg/detail/sensor_baro__type_support.c\n'}
[1.494046] (px4_msgs) StdoutLine: {'line': b'-- Up-to-date: /home/mcfb/ros2_ws/install/px4_msgs/include/px4_msgs/px4_msgs/msg/detail/mode_completed__rosidl_typesupport_introspection_c.h\n'}
[1.494092] (px4_msgs) StdoutLine: {'line': b'-- Up-to-date: /home/mcfb/ros2_ws/install/px4_msgs/include/px4_msgs/px4_msgs/msg/detail/radio_status__rosidl_typesupport_introspection_c.h\n'}
[1.494140] (px4_msgs) StdoutLine: {'line': b'-- Up-to-date: /home/mcfb/ros2_ws/install/px4_msgs/lib/libpx4_msgs__rosidl_typesupport_introspection_c.so\n'}
[1.494187] (px4_msgs) StdoutLine: {'line': b'-- Up-to-date: /home/mcfb/ros2_ws/install/px4_msgs/lib/libpx4_msgs__rosidl_typesupport_c.so\n'}
[1.494249] (px4_msgs) StdoutLine: {'line': b'-- Up-to-date: /home/mcfb/ros2_ws/install/px4_msgs/include/px4_msgs/px4_msgs\n'}
[1.494407] (px4_msgs) StdoutLine: {'line': b'-- Up-to-date: /home/mcfb/ros2_ws/install/px4_msgs/include/px4_msgs/px4_msgs/srv\n'}
[1.494457] (px4_msgs) StdoutLine: {'line': b'-- Up-to-date: /home/mcfb/ros2_ws/install/px4_msgs/include/px4_msgs/px4_msgs/srv/detail\n'}
[1.494537] (px4_msgs) StdoutLine: {'line': b'-- Up-to-date: /home/mcfb/ros2_ws/install/px4_msgs/include/px4_msgs/px4_msgs/srv/detail/vehicle_command__rosidl_typesupport_introspection_cpp.hpp\n'}
[1.494593] (px4_msgs) StdoutLine: {'line': b'-- Up-to-date: /home/mcfb/ros2_ws/install/px4_msgs/include/px4_msgs/px4_msgs/srv/detail/vehicle_command__type_support.cpp\n'}
[1.494649] (px4_msgs) StdoutLine: {'line': b'-- Up-to-date: /home/mcfb/ros2_ws/install/px4_msgs/include/px4_msgs/px4_msgs/msg\n'}
[1.494695] (px4_msgs) StdoutLine: {'line': b'-- Up-to-date: /home/mcfb/ros2_ws/install/px4_msgs/include/px4_msgs/px4_msgs/msg/detail\n'}
[1.494759] (px4_msgs) StdoutLine: {'line': b'-- Up-to-date: /home/mcfb/ros2_ws/install/px4_msgs/include/px4_msgs/px4_msgs/msg/detail/vehicle_roi__type_support.cpp\n'}
[1.494815] (px4_msgs) StdoutLine: {'line': b'-- Up-to-date: /home/mcfb/ros2_ws/install/px4_msgs/include/px4_msgs/px4_msgs/msg/detail/sensors_status__type_support.cpp\n'}
[1.494897] (px4_msgs) StdoutLine: {'line': b'-- Up-to-date: /home/mcfb/ros2_ws/install/px4_msgs/include/px4_msgs/px4_msgs/msg/detail/actuator_test__type_support.cpp\n'}
[1.494952] (px4_msgs) StdoutLine: {'line': b'-- Up-to-date: /home/mcfb/ros2_ws/install/px4_msgs/include/px4_msgs/px4_msgs/msg/detail/esc_report__rosidl_typesupport_introspection_cpp.hpp\n'}
[1.495017] (px4_msgs) StdoutLine: {'line': b'-- Up-to-date: /home/mcfb/ros2_ws/install/px4_msgs/include/px4_msgs/px4_msgs/msg/detail/distance_sensor_mode_change_request__rosidl_typesupport_introspection_cpp.hpp\n'}
[1.495090] (px4_msgs) StdoutLine: {'line': b'-- Up-to-date: /home/mcfb/ros2_ws/install/px4_msgs/include/px4_msgs/px4_msgs/msg/detail/telemetry_status__type_support.cpp\n'}
[1.495152] (px4_msgs) StdoutLine: {'line': b'-- Up-to-date: /home/mcfb/ros2_ws/install/px4_msgs/include/px4_msgs/px4_msgs/msg/detail/manual_control_setpoint__rosidl_typesupport_introspection_cpp.hpp\n'}
[1.495216] (px4_msgs) StdoutLine: {'line': b'-- Up-to-date: /home/mcfb/ros2_ws/install/px4_msgs/include/px4_msgs/px4_msgs/msg/detail/rover_throttle_setpoint__rosidl_typesupport_introspection_cpp.hpp\n'}
[1.495289] (px4_msgs) StdoutLine: {'line': b'-- Up-to-date: /home/mcfb/ros2_ws/install/px4_msgs/include/px4_msgs/px4_msgs/msg/detail/wheel_encoders__type_support.cpp\n'}
[1.495367] (px4_msgs) StdoutLine: {'line': b'-- Up-to-date: /home/mcfb/ros2_ws/install/px4_msgs/include/px4_msgs/px4_msgs/msg/detail/position_controller_landing_status__rosidl_typesupport_introspection_cpp.hpp\n'}
[1.495440] (px4_msgs) StdoutLine: {'line': b'-- Up-to-date: /home/mcfb/ros2_ws/install/px4_msgs/include/px4_msgs/px4_msgs/msg/detail/sensor_gyro__type_support.cpp\n'}
[1.495528] (px4_msgs) StdoutLine: {'line': b'-- Up-to-date: /home/mcfb/ros2_ws/install/px4_msgs/include/px4_msgs/px4_msgs/msg/detail/gimbal_manager_set_manual_control__rosidl_typesupport_introspection_cpp.hpp\n'}
[1.495588] (px4_msgs) StdoutLine: {'line': b'-- Up-to-date: /home/mcfb/ros2_ws/install/px4_msgs/include/px4_msgs/px4_msgs/msg/detail/parameter_set_used_request__type_support.cpp\n'}
[1.495659] (px4_msgs) StdoutLine: {'line': b'-- Up-to-date: /home/mcfb/ros2_ws/install/px4_msgs/include/px4_msgs/px4_msgs/msg/detail/trajectory_setpoint6dof__type_support.cpp\n'}
[1.495739] (px4_msgs) StdoutLine: {'line': b'-- Up-to-date: /home/mcfb/ros2_ws/install/px4_msgs/include/px4_msgs/px4_msgs/msg/detail/uavcan_parameter_request__rosidl_typesupport_introspection_cpp.hpp\n'}
[1.495814] (px4_msgs) StdoutLine: {'line': b'-- Up-to-date: /home/mcfb/ros2_ws/install/px4_msgs/include/px4_msgs/px4_msgs/msg/detail/takeoff_status__type_support.cpp\n'}
[1.495888] (px4_msgs) StdoutLine: {'line': b'-- Up-to-date: /home/mcfb/ros2_ws/install/px4_msgs/include/px4_msgs/px4_msgs/msg/detail/vehicle_optical_flow_vel__type_support.cpp\n'}
[1.495944] (px4_msgs) StdoutLine: {'line': b'-- Up-to-date: /home/mcfb/ros2_ws/install/px4_msgs/include/px4_msgs/px4_msgs/msg/detail/sensor_gyro_fifo__type_support.cpp\n'}
[1.495990] (px4_msgs) StdoutLine: {'line': b'-- Up-to-date: /home/mcfb/ros2_ws/install/px4_msgs/include/px4_msgs/px4_msgs/msg/detail/health_report__rosidl_typesupport_introspection_cpp.hpp\n'}
[1.496038] (px4_msgs) StdoutLine: {'line': b'-- Up-to-date: /home/mcfb/ros2_ws/install/px4_msgs/include/px4_msgs/px4_msgs/msg/detail/sensor_hygrometer__type_support.cpp\n'}
[1.496088] (px4_msgs) StdoutLine: {'line': b'-- Up-to-date: /home/mcfb/ros2_ws/install/px4_msgs/include/px4_msgs/px4_msgs/msg/detail/position_controller_status__type_support.cpp\n'}
[1.496137] (px4_msgs) StdoutLine: {'line': b'-- Up-to-date: /home/mcfb/ros2_ws/install/px4_msgs/include/px4_msgs/px4_msgs/msg/detail/estimator_status__rosidl_typesupport_introspection_cpp.hpp\n'}
[1.496221] (px4_msgs) StdoutLine: {'line': b'-- Up-to-date: /home/mcfb/ros2_ws/install/px4_msgs/include/px4_msgs/px4_msgs/msg/detail/estimator_aid_source2d__rosidl_typesupport_introspection_cpp.hpp\n'}
[1.496291] (px4_msgs) StdoutLine: {'line': b'-- Up-to-date: /home/mcfb/ros2_ws/install/px4_msgs/include/px4_msgs/px4_msgs/msg/detail/fixed_wing_lateral_status__type_support.cpp\n'}
[1.496362] (px4_msgs) StdoutLine: {'line': b'-- Up-to-date: /home/mcfb/ros2_ws/install/px4_msgs/include/px4_msgs/px4_msgs/msg/detail/airspeed_wind__type_support.cpp\n'}
[1.496407] (px4_msgs) StdoutLine: {'line': b'-- Up-to-date: /home/mcfb/ros2_ws/install/px4_msgs/include/px4_msgs/px4_msgs/msg/detail/airspeed_validated__type_support.cpp\n'}
[1.496459] (px4_msgs) StdoutLine: {'line': b'-- Up-to-date: /home/mcfb/ros2_ws/install/px4_msgs/include/px4_msgs/px4_msgs/msg/detail/geofence_result__rosidl_typesupport_introspection_cpp.hpp\n'}
[1.496558] (px4_msgs) StdoutLine: {'line': b'-- Up-to-date: /home/mcfb/ros2_ws/install/px4_msgs/include/px4_msgs/px4_msgs/msg/detail/yaw_estimator_status__type_support.cpp\n'}
[1.496611] (px4_msgs) StdoutLine: {'line': b'-- Up-to-date: /home/mcfb/ros2_ws/install/px4_msgs/include/px4_msgs/px4_msgs/msg/detail/vehicle_attitude_setpoint__rosidl_typesupport_introspection_cpp.hpp\n'}
[1.496669] (px4_msgs) StdoutLine: {'line': b'-- Up-to-date: /home/mcfb/ros2_ws/install/px4_msgs/include/px4_msgs/px4_msgs/msg/detail/estimator_status_flags__rosidl_typesupport_introspection_cpp.hpp\n'}
[1.496714] (px4_msgs) StdoutLine: {'line': b'-- Up-to-date: /home/mcfb/ros2_ws/install/px4_msgs/include/px4_msgs/px4_msgs/msg/detail/estimator_selector_status__rosidl_typesupport_introspection_cpp.hpp\n'}
[1.496757] (px4_msgs) StdoutLine: {'line': b'-- Up-to-date: /home/mcfb/ros2_ws/install/px4_msgs/include/px4_msgs/px4_msgs/msg/detail/rover_throttle_setpoint__type_support.cpp\n'}
[1.496803] (px4_msgs) StdoutLine: {'line': b'-- Up-to-date: /home/mcfb/ros2_ws/install/px4_msgs/include/px4_msgs/px4_msgs/msg/detail/tiltrotor_extra_controls__type_support.cpp\n'}
[1.496863] (px4_msgs) StdoutLine: {'line': b'-- Up-to-date: /home/mcfb/ros2_ws/install/px4_msgs/include/px4_msgs/px4_msgs/msg/detail/input_rc__rosidl_typesupport_introspection_cpp.hpp\n'}
[1.496916] (px4_msgs) StdoutLine: {'line': b'-- Up-to-date: /home/mcfb/ros2_ws/install/px4_msgs/include/px4_msgs/px4_msgs/msg/detail/estimator_innovations__rosidl_typesupport_introspection_cpp.hpp\n'}
[1.496993] (px4_msgs) StdoutLine: {'line': b'-- Up-to-date: /home/mcfb/ros2_ws/install/px4_msgs/include/px4_msgs/px4_msgs/msg/detail/rover_rate_setpoint__type_support.cpp\n'}
[1.497045] (px4_msgs) StdoutLine: {'line': b'-- Up-to-date: /home/mcfb/ros2_ws/install/px4_msgs/include/px4_msgs/px4_msgs/msg/detail/sensor_uwb__type_support.cpp\n'}
[1.497089] (px4_msgs) StdoutLine: {'line': b'-- Up-to-date: /home/mcfb/ros2_ws/install/px4_msgs/include/px4_msgs/px4_msgs/msg/detail/fuel_tank_status__type_support.cpp\n'}
[1.497132] (px4_msgs) StdoutLine: {'line': b'-- Up-to-date: /home/mcfb/ros2_ws/install/px4_msgs/include/px4_msgs/px4_msgs/msg/detail/follow_target_estimator__type_support.cpp\n'}
[1.497177] (px4_msgs) StdoutLine: {'line': b'-- Up-to-date: /home/mcfb/ros2_ws/install/px4_msgs/include/px4_msgs/px4_msgs/msg/detail/unregister_ext_component__type_support.cpp\n'}
[1.497223] (px4_msgs) StdoutLine: {'line': b'-- Up-to-date: /home/mcfb/ros2_ws/install/px4_msgs/include/px4_msgs/px4_msgs/msg/detail/ekf2_timestamps__type_support.cpp\n'}
[1.497267] (px4_msgs) StdoutLine: {'line': b'-- Up-to-date: /home/mcfb/ros2_ws/install/px4_msgs/include/px4_msgs/px4_msgs/msg/detail/pps_capture__type_support.cpp\n'}
[1.497319] (px4_msgs) StdoutLine: {'line': b'-- Up-to-date: /home/mcfb/ros2_ws/install/px4_msgs/include/px4_msgs/px4_msgs/msg/detail/arming_check_request__type_support.cpp\n'}
[1.497367] (px4_msgs) StdoutLine: {'line': b'-- Up-to-date: /home/mcfb/ros2_ws/install/px4_msgs/include/px4_msgs/px4_msgs/msg/detail/battery_info__type_support.cpp\n'}
[1.497414] (px4_msgs) StdoutLine: {'line': b'-- Up-to-date: /home/mcfb/ros2_ws/install/px4_msgs/include/px4_msgs/px4_msgs/msg/detail/follow_target__type_support.cpp\n'}
[1.497461] (px4_msgs) StdoutLine: {'line': b'-- Up-to-date: /home/mcfb/ros2_ws/install/px4_msgs/include/px4_msgs/px4_msgs/msg/detail/sensor_hygrometer__rosidl_typesupport_introspection_cpp.hpp\n'}
[1.497508] (px4_msgs) StdoutLine: {'line': b'-- Up-to-date: /home/mcfb/ros2_ws/install/px4_msgs/include/px4_msgs/px4_msgs/msg/detail/fixed_wing_runway_control__type_support.cpp\n'}
[1.497554] (px4_msgs) StdoutLine: {'line': b'-- Up-to-date: /home/mcfb/ros2_ws/install/px4_msgs/include/px4_msgs/px4_msgs/msg/detail/message_format_response__type_support.cpp\n'}
[1.497606] (px4_msgs) StdoutLine: {'line': b'-- Up-to-date: /home/mcfb/ros2_ws/install/px4_msgs/include/px4_msgs/px4_msgs/msg/detail/mavlink_log__type_support.cpp\n'}
[1.497660] (px4_msgs) StdoutLine: {'line': b'-- Up-to-date: /home/mcfb/ros2_ws/install/px4_msgs/include/px4_msgs/px4_msgs/msg/detail/vehicle_magnetometer__type_support.cpp\n'}
[1.497711] (px4_msgs) StdoutLine: {'line': b'-- Up-to-date: /home/mcfb/ros2_ws/install/px4_msgs/include/px4_msgs/px4_msgs/msg/detail/generator_status__type_support.cpp\n'}
[1.497761] (px4_msgs) StdoutLine: {'line': b'-- Up-to-date: /home/mcfb/ros2_ws/install/px4_msgs/include/px4_msgs/px4_msgs/msg/detail/sensor_baro__rosidl_typesupport_introspection_cpp.hpp\n'}
[1.497810] (px4_msgs) StdoutLine: {'line': b'-- Up-to-date: /home/mcfb/ros2_ws/install/px4_msgs/include/px4_msgs/px4_msgs/msg/detail/debug_vect__rosidl_typesupport_introspection_cpp.hpp\n'}
[1.497865] (px4_msgs) StdoutLine: {'line': b'-- Up-to-date: /home/mcfb/ros2_ws/install/px4_msgs/include/px4_msgs/px4_msgs/msg/detail/gpio_in__type_support.cpp\n'}
[1.497911] (px4_msgs) StdoutLine: {'line': b'-- Up-to-date: /home/mcfb/ros2_ws/install/px4_msgs/include/px4_msgs/px4_msgs/msg/detail/gpio_request__rosidl_typesupport_introspection_cpp.hpp\n'}
[1.497958] (px4_msgs) StdoutLine: {'line': b'-- Up-to-date: /home/mcfb/ros2_ws/install/px4_msgs/include/px4_msgs/px4_msgs/msg/detail/vehicle_acceleration__type_support.cpp\n'}
[1.498036] (px4_msgs) StdoutLine: {'line': b'-- Up-to-date: /home/mcfb/ros2_ws/install/px4_msgs/include/px4_msgs/px4_msgs/msg/detail/gpio_request__type_support.cpp\n'}
[1.498086] (px4_msgs) StdoutLine: {'line': b'-- Up-to-date: /home/mcfb/ros2_ws/install/px4_msgs/include/px4_msgs/px4_msgs/msg/detail/orb_test_large__type_support.cpp\n'}
[1.498132] (px4_msgs) StdoutLine: {'line': b'-- Up-to-date: /home/mcfb/ros2_ws/install/px4_msgs/include/px4_msgs/px4_msgs/msg/detail/manual_control_switches__type_support.cpp\n'}
[1.498179] (px4_msgs) StdoutLine: {'line': b'-- Up-to-date: /home/mcfb/ros2_ws/install/px4_msgs/include/px4_msgs/px4_msgs/msg/detail/vehicle_local_position_setpoint__type_support.cpp\n'}
[1.498226] (px4_msgs) StdoutLine: {'line': b'-- Up-to-date: /home/mcfb/ros2_ws/install/px4_msgs/include/px4_msgs/px4_msgs/msg/detail/pure_pursuit_status__type_support.cpp\n'}
[1.498271] (px4_msgs) StdoutLine: {'line': b'-- Up-to-date: /home/mcfb/ros2_ws/install/px4_msgs/include/px4_msgs/px4_msgs/msg/detail/vehicle_local_position_setpoint__rosidl_typesupport_introspection_cpp.hpp\n'}
[1.498321] (px4_msgs) StdoutLine: {'line': b'-- Up-to-date: /home/mcfb/ros2_ws/install/px4_msgs/include/px4_msgs/px4_msgs/msg/detail/vehicle_imu_status__type_support.cpp\n'}
[1.498367] (px4_msgs) StdoutLine: {'line': b'-- Up-to-date: /home/mcfb/ros2_ws/install/px4_msgs/include/px4_msgs/px4_msgs/msg/detail/can_interface_status__type_support.cpp\n'}
[1.498413] (px4_msgs) StdoutLine: {'line': b'-- Up-to-date: /home/mcfb/ros2_ws/install/px4_msgs/include/px4_msgs/px4_msgs/msg/detail/ping__rosidl_typesupport_introspection_cpp.hpp\n'}
[1.498479] (px4_msgs) StdoutLine: {'line': b'-- Up-to-date: /home/mcfb/ros2_ws/install/px4_msgs/include/px4_msgs/px4_msgs/msg/detail/ulog_stream__type_support.cpp\n'}
[1.498573] (px4_msgs) StdoutLine: {'line': b'-- Up-to-date: /home/mcfb/ros2_ws/install/px4_msgs/include/px4_msgs/px4_msgs/msg/detail/qshell_retval__rosidl_typesupport_introspection_cpp.hpp\n'}
[1.498652] (px4_msgs) StdoutLine: {'line': b'-- Up-to-date: /home/mcfb/ros2_ws/install/px4_msgs/include/px4_msgs/px4_msgs/msg/detail/rover_rate_status__type_support.cpp\n'}
[1.498733] (px4_msgs) StdoutLine: {'line': b'-- Up-to-date: /home/mcfb/ros2_ws/install/px4_msgs/include/px4_msgs/px4_msgs/msg/detail/gps_dump__rosidl_typesupport_introspection_cpp.hpp\n'}
[1.498814] (px4_msgs) StdoutLine: {'line': b'-- Up-to-date: /home/mcfb/ros2_ws/install/px4_msgs/include/px4_msgs/px4_msgs/msg/detail/camera_status__type_support.cpp\n'}
[1.499110] (px4_msgs) StdoutLine: {'line': b'-- Up-to-date: /home/mcfb/ros2_ws/install/px4_msgs/include/px4_msgs/px4_msgs/msg/detail/vehicle_command_ack__type_support.cpp\n'}
[1.499203] (px4_msgs) StdoutLine: {'line': b'-- Up-to-date: /home/mcfb/ros2_ws/install/px4_msgs/include/px4_msgs/px4_msgs/msg/detail/landing_target_innovations__type_support.cpp\n'}
[1.499258] (px4_msgs) StdoutLine: {'line': b'-- Up-to-date: /home/mcfb/ros2_ws/install/px4_msgs/include/px4_msgs/px4_msgs/msg/detail/mission__rosidl_typesupport_introspection_cpp.hpp\n'}
[1.499308] (px4_msgs) StdoutLine: {'line': b'-- Up-to-date: /home/mcfb/ros2_ws/install/px4_msgs/include/px4_msgs/px4_msgs/msg/detail/rpm__type_support.cpp\n'}
[1.499358] (px4_msgs) StdoutLine: {'line': b'-- Up-to-date: /home/mcfb/ros2_ws/install/px4_msgs/include/px4_msgs/px4_msgs/msg/detail/gimbal_manager_set_attitude__rosidl_typesupport_introspection_cpp.hpp\n'}
[1.499412] (px4_msgs) StdoutLine: {'line': b'-- Up-to-date: /home/mcfb/ros2_ws/install/px4_msgs/include/px4_msgs/px4_msgs/msg/detail/estimator_aid_source3d__type_support.cpp\n'}
[1.499491] (px4_msgs) StdoutLine: {'line': b'-- Up-to-date: /home/mcfb/ros2_ws/install/px4_msgs/include/px4_msgs/px4_msgs/msg/detail/cpuload__type_support.cpp\n'}
[1.499562] (px4_msgs) StdoutLine: {'line': b'-- Up-to-date: /home/mcfb/ros2_ws/install/px4_msgs/include/px4_msgs/px4_msgs/msg/detail/satellite_info__rosidl_typesupport_introspection_cpp.hpp\n'}
[1.499633] (px4_msgs) StdoutLine: {'line': b'-- Up-to-date: /home/mcfb/ros2_ws/install/px4_msgs/include/px4_msgs/px4_msgs/msg/detail/sensor_selection__type_support.cpp\n'}
[1.499731] (px4_msgs) StdoutLine: {'line': b'-- Up-to-date: /home/mcfb/ros2_ws/install/px4_msgs/include/px4_msgs/px4_msgs/msg/detail/actuator_armed__type_support.cpp\n'}
[1.499782] (px4_msgs) StdoutLine: {'line': b'-- Up-to-date: /home/mcfb/ros2_ws/install/px4_msgs/include/px4_msgs/px4_msgs/msg/detail/launch_detection_status__rosidl_typesupport_introspection_cpp.hpp\n'}
[1.499831] (px4_msgs) StdoutLine: {'line': b'-- Up-to-date: /home/mcfb/ros2_ws/install/px4_msgs/include/px4_msgs/px4_msgs/msg/detail/rover_steering_setpoint__type_support.cpp\n'}
[1.499892] (px4_msgs) StdoutLine: {'line': b'-- Up-to-date: /home/mcfb/ros2_ws/install/px4_msgs/include/px4_msgs/px4_msgs/msg/detail/sensor_baro__type_support.cpp\n'}
[1.499941] (px4_msgs) StdoutLine: {'line': b'-- Up-to-date: /home/mcfb/ros2_ws/install/px4_msgs/include/px4_msgs/px4_msgs/msg/detail/dronecan_node_status__rosidl_typesupport_introspection_cpp.hpp\n'}
[1.499993] (px4_msgs) StdoutLine: {'line': b'-- Up-to-date: /home/mcfb/ros2_ws/install/px4_msgs/include/px4_msgs/px4_msgs/msg/detail/sensor_gyro_fifo__rosidl_typesupport_introspection_cpp.hpp\n'}
[1.500061] (px4_msgs) StdoutLine: {'line': b'-- Up-to-date: /home/mcfb/ros2_ws/install/px4_msgs/include/px4_msgs/px4_msgs/msg/detail/estimator_aid_source1d__rosidl_typesupport_introspection_cpp.hpp\n'}
[1.500108] (px4_msgs) StdoutLine: {'line': b'-- Up-to-date: /home/mcfb/ros2_ws/install/px4_msgs/include/px4_msgs/px4_msgs/msg/detail/fixed_wing_longitudinal_setpoint__type_support.cpp\n'}
[1.500158] (px4_msgs) StdoutLine: {'line': b'-- Up-to-date: /home/mcfb/ros2_ws/install/px4_msgs/include/px4_msgs/px4_msgs/msg/detail/rtl_status__rosidl_typesupport_introspection_cpp.hpp\n'}
[1.500205] (px4_msgs) StdoutLine: {'line': b'-- Up-to-date: /home/mcfb/ros2_ws/install/px4_msgs/include/px4_msgs/px4_msgs/msg/detail/config_overrides__rosidl_typesupport_introspection_cpp.hpp\n'}
[1.500254] (px4_msgs) StdoutLine: {'line': b'-- Up-to-date: /home/mcfb/ros2_ws/install/px4_msgs/include/px4_msgs/px4_msgs/msg/detail/gpio_config__rosidl_typesupport_introspection_cpp.hpp\n'}
[1.500301] (px4_msgs) StdoutLine: {'line': b'-- Up-to-date: /home/mcfb/ros2_ws/install/px4_msgs/include/px4_msgs/px4_msgs/msg/detail/sensor_accel_fifo__rosidl_typesupport_introspection_cpp.hpp\n'}
[1.500349] (px4_msgs) StdoutLine: {'line': b'-- Up-to-date: /home/mcfb/ros2_ws/install/px4_msgs/include/px4_msgs/px4_msgs/msg/detail/event__rosidl_typesupport_introspection_cpp.hpp\n'}
[1.500396] (px4_msgs) StdoutLine: {'line': b'-- Up-to-date: /home/mcfb/ros2_ws/install/px4_msgs/include/px4_msgs/px4_msgs/msg/detail/debug_value__rosidl_typesupport_introspection_cpp.hpp\n'}
[1.500441] (px4_msgs) StdoutLine: {'line': b'-- Up-to-date: /home/mcfb/ros2_ws/install/px4_msgs/include/px4_msgs/px4_msgs/msg/detail/sensor_optical_flow__type_support.cpp\n'}
[1.500486] (px4_msgs) StdoutLine: {'line': b'-- Up-to-date: /home/mcfb/ros2_ws/install/px4_msgs/include/px4_msgs/px4_msgs/msg/detail/navigator_mission_item__rosidl_typesupport_introspection_cpp.hpp\n'}
[1.500535] (px4_msgs) StdoutLine: {'line': b'-- Up-to-date: /home/mcfb/ros2_ws/install/px4_msgs/include/px4_msgs/px4_msgs/msg/detail/estimator_status__type_support.cpp\n'}
[1.500580] (px4_msgs) StdoutLine: {'line': b'-- Up-to-date: /home/mcfb/ros2_ws/install/px4_msgs/include/px4_msgs/px4_msgs/msg/detail/lateral_control_configuration__rosidl_typesupport_introspection_cpp.hpp\n'}
[1.500653] (px4_msgs) StdoutLine: {'line': b'-- Up-to-date: /home/mcfb/ros2_ws/install/px4_msgs/include/px4_msgs/px4_msgs/msg/detail/cellular_status__type_support.cpp\n'}
[1.500697] (px4_msgs) StdoutLine: {'line': b'-- Up-to-date: /home/mcfb/ros2_ws/install/px4_msgs/include/px4_msgs/px4_msgs/msg/detail/tiltrotor_extra_controls__rosidl_typesupport_introspection_cpp.hpp\n'}
[1.500744] (px4_msgs) StdoutLine: {'line': b'-- Up-to-date: /home/mcfb/ros2_ws/install/px4_msgs/include/px4_msgs/px4_msgs/msg/detail/position_setpoint__type_support.cpp\n'}
[1.500792] (px4_msgs) StdoutLine: {'line': b'-- Up-to-date: /home/mcfb/ros2_ws/install/px4_msgs/include/px4_msgs/px4_msgs/msg/detail/landing_gear__type_support.cpp\n'}
[1.500936] (px4_msgs) StdoutLine: {'line': b'-- Up-to-date: /home/mcfb/ros2_ws/install/px4_msgs/include/px4_msgs/px4_msgs/msg/detail/position_setpoint_triplet__type_support.cpp\n'}
[1.501071] (px4_msgs) StdoutLine: {'line': b'-- Up-to-date: /home/mcfb/ros2_ws/install/px4_msgs/include/px4_msgs/px4_msgs/msg/detail/distance_sensor__type_support.cpp\n'}
[1.501129] (px4_msgs) StdoutLine: {'line': b'-- Up-to-date: /home/mcfb/ros2_ws/install/px4_msgs/include/px4_msgs/px4_msgs/msg/detail/open_drone_id_self_id__rosidl_typesupport_introspection_cpp.hpp\n'}
[1.501249] (px4_msgs) StdoutLine: {'line': b'-- Up-to-date: /home/mcfb/ros2_ws/install/px4_msgs/include/px4_msgs/px4_msgs/msg/detail/parameter_set_value_request__rosidl_typesupport_introspection_cpp.hpp\n'}
[1.501304] (px4_msgs) StdoutLine: {'line': b'-- Up-to-date: /home/mcfb/ros2_ws/install/px4_msgs/include/px4_msgs/px4_msgs/msg/detail/log_message__type_support.cpp\n'}
[1.501355] (px4_msgs) StdoutLine: {'line': b'-- Up-to-date: /home/mcfb/ros2_ws/install/px4_msgs/include/px4_msgs/px4_msgs/msg/detail/landing_target_pose__rosidl_typesupport_introspection_cpp.hpp\n'}
[1.501406] (px4_msgs) StdoutLine: {'line': b'-- Up-to-date: /home/mcfb/ros2_ws/install/px4_msgs/include/px4_msgs/px4_msgs/msg/detail/orb_test_medium__rosidl_typesupport_introspection_cpp.hpp\n'}
[1.501454] (px4_msgs) StdoutLine: {'line': b'-- Up-to-date: /home/mcfb/ros2_ws/install/px4_msgs/include/px4_msgs/px4_msgs/msg/detail/vehicle_command__rosidl_typesupport_introspection_cpp.hpp\n'}
[1.501500] (px4_msgs) StdoutLine: {'line': b'-- Up-to-date: /home/mcfb/ros2_ws/install/px4_msgs/include/px4_msgs/px4_msgs/msg/detail/open_drone_id_operator_id__type_support.cpp\n'}
[1.501551] (px4_msgs) StdoutLine: {'line': b'-- Up-to-date: /home/mcfb/ros2_ws/install/px4_msgs/include/px4_msgs/px4_msgs/msg/detail/gimbal_manager_set_attitude__type_support.cpp\n'}
[1.501599] (px4_msgs) StdoutLine: {'line': b'-- Up-to-date: /home/mcfb/ros2_ws/install/px4_msgs/include/px4_msgs/px4_msgs/msg/detail/vehicle_acceleration__rosidl_typesupport_introspection_cpp.hpp\n'}
[1.501648] (px4_msgs) StdoutLine: {'line': b'-- Up-to-date: /home/mcfb/ros2_ws/install/px4_msgs/include/px4_msgs/px4_msgs/msg/detail/gpio_out__rosidl_typesupport_introspection_cpp.hpp\n'}
[1.501724] (px4_msgs) StdoutLine: {'line': b'-- Up-to-date: /home/mcfb/ros2_ws/install/px4_msgs/include/px4_msgs/px4_msgs/msg/detail/cellular_status__rosidl_typesupport_introspection_cpp.hpp\n'}
[1.501774] (-) TimerEvent: {}
[1.501899] (px4_msgs) StdoutLine: {'line': b'-- Up-to-date: /home/mcfb/ros2_ws/install/px4_msgs/include/px4_msgs/px4_msgs/msg/detail/sensor_combined__rosidl_typesupport_introspection_cpp.hpp\n'}
[1.501964] (px4_msgs) StdoutLine: {'line': b'-- Up-to-date: /home/mcfb/ros2_ws/install/px4_msgs/include/px4_msgs/px4_msgs/msg/detail/vehicle_angular_velocity__rosidl_typesupport_introspection_cpp.hpp\n'}
[1.502018] (px4_msgs) StdoutLine: {'line': b'-- Up-to-date: /home/mcfb/ros2_ws/install/px4_msgs/include/px4_msgs/px4_msgs/msg/detail/uavcan_parameter_value__type_support.cpp\n'}
[1.502067] (px4_msgs) StdoutLine: {'line': b'-- Up-to-date: /home/mcfb/ros2_ws/install/px4_msgs/include/px4_msgs/px4_msgs/msg/detail/mode_completed__type_support.cpp\n'}
[1.502117] (px4_msgs) StdoutLine: {'line': b'-- Up-to-date: /home/mcfb/ros2_ws/install/px4_msgs/include/px4_msgs/px4_msgs/msg/detail/sensor_gnss_status__type_support.cpp\n'}
[1.502167] (px4_msgs) StdoutLine: {'line': b'-- Up-to-date: /home/mcfb/ros2_ws/install/px4_msgs/include/px4_msgs/px4_msgs/msg/detail/rover_position_setpoint__rosidl_typesupport_introspection_cpp.hpp\n'}
[1.502218] (px4_msgs) StdoutLine: {'line': b'-- Up-to-date: /home/mcfb/ros2_ws/install/px4_msgs/include/px4_msgs/px4_msgs/msg/detail/timesync_status__rosidl_typesupport_introspection_cpp.hpp\n'}
[1.502263] (px4_msgs) StdoutLine: {'line': b'-- Up-to-date: /home/mcfb/ros2_ws/install/px4_msgs/include/px4_msgs/px4_msgs/msg/detail/message_format_request__type_support.cpp\n'}
[1.502359] (px4_msgs) StdoutLine: {'line': b'-- Up-to-date: /home/mcfb/ros2_ws/install/px4_msgs/include/px4_msgs/px4_msgs/msg/detail/lateral_control_configuration__type_support.cpp\n'}
[1.502403] (px4_msgs) StdoutLine: {'line': b'-- Up-to-date: /home/mcfb/ros2_ws/install/px4_msgs/include/px4_msgs/px4_msgs/msg/detail/actuator_servos_trim__rosidl_typesupport_introspection_cpp.hpp\n'}
[1.502462] (px4_msgs) StdoutLine: {'line': b'-- Up-to-date: /home/mcfb/ros2_ws/install/px4_msgs/include/px4_msgs/px4_msgs/msg/detail/vehicle_thrust_setpoint__type_support.cpp\n'}
[1.502504] (px4_msgs) StdoutLine: {'line': b'-- Up-to-date: /home/mcfb/ros2_ws/install/px4_msgs/include/px4_msgs/px4_msgs/msg/detail/vehicle_imu__rosidl_typesupport_introspection_cpp.hpp\n'}
[1.502555] (px4_msgs) StdoutLine: {'line': b'-- Up-to-date: /home/mcfb/ros2_ws/install/px4_msgs/include/px4_msgs/px4_msgs/msg/detail/task_stack_info__type_support.cpp\n'}
[1.502602] (px4_msgs) StdoutLine: {'line': b'-- Up-to-date: /home/mcfb/ros2_ws/install/px4_msgs/include/px4_msgs/px4_msgs/msg/detail/vehicle_thrust_setpoint__rosidl_typesupport_introspection_cpp.hpp\n'}
[1.502646] (px4_msgs) StdoutLine: {'line': b'-- Up-to-date: /home/mcfb/ros2_ws/install/px4_msgs/include/px4_msgs/px4_msgs/msg/detail/estimator_selector_status__type_support.cpp\n'}
[1.502690] (px4_msgs) StdoutLine: {'line': b'-- Up-to-date: /home/mcfb/ros2_ws/install/px4_msgs/include/px4_msgs/px4_msgs/msg/detail/sensor_gnss_relative__rosidl_typesupport_introspection_cpp.hpp\n'}
[1.502734] (px4_msgs) StdoutLine: {'line': b'-- Up-to-date: /home/mcfb/ros2_ws/install/px4_msgs/include/px4_msgs/px4_msgs/msg/detail/rover_rate_status__rosidl_typesupport_introspection_cpp.hpp\n'}
[1.502780] (px4_msgs) StdoutLine: {'line': b'-- Up-to-date: /home/mcfb/ros2_ws/install/px4_msgs/include/px4_msgs/px4_msgs/msg/detail/internal_combustion_engine_status__rosidl_typesupport_introspection_cpp.hpp\n'}
[1.502829] (px4_msgs) StdoutLine: {'line': b'-- Up-to-date: /home/mcfb/ros2_ws/install/px4_msgs/include/px4_msgs/px4_msgs/msg/detail/hover_thrust_estimate__type_support.cpp\n'}
[1.502888] (px4_msgs) StdoutLine: {'line': b'-- Up-to-date: /home/mcfb/ros2_ws/install/px4_msgs/include/px4_msgs/px4_msgs/msg/detail/esc_status__rosidl_typesupport_introspection_cpp.hpp\n'}
[1.502934] (px4_msgs) StdoutLine: {'line': b'-- Up-to-date: /home/mcfb/ros2_ws/install/px4_msgs/include/px4_msgs/px4_msgs/msg/detail/estimator_sensor_bias__type_support.cpp\n'}
[1.502981] (px4_msgs) StdoutLine: {'line': b'-- Up-to-date: /home/mcfb/ros2_ws/install/px4_msgs/include/px4_msgs/px4_msgs/msg/detail/action_request__type_support.cpp\n'}
[1.503027] (px4_msgs) StdoutLine: {'line': b'-- Up-to-date: /home/mcfb/ros2_ws/install/px4_msgs/include/px4_msgs/px4_msgs/msg/detail/gimbal_device_information__type_support.cpp\n'}
[1.503074] (px4_msgs) StdoutLine: {'line': b'-- Up-to-date: /home/mcfb/ros2_ws/install/px4_msgs/include/px4_msgs/px4_msgs/msg/detail/follow_target__rosidl_typesupport_introspection_cpp.hpp\n'}
[1.503131] (px4_msgs) StdoutLine: {'line': b'-- Up-to-date: /home/mcfb/ros2_ws/install/px4_msgs/include/px4_msgs/px4_msgs/msg/detail/manual_control_switches__rosidl_typesupport_introspection_cpp.hpp\n'}
[1.503179] (px4_msgs) StdoutLine: {'line': b'-- Up-to-date: /home/mcfb/ros2_ws/install/px4_msgs/include/px4_msgs/px4_msgs/msg/detail/vehicle_status__rosidl_typesupport_introspection_cpp.hpp\n'}
[1.503266] (px4_msgs) StdoutLine: {'line': b'-- Up-to-date: /home/mcfb/ros2_ws/install/px4_msgs/include/px4_msgs/px4_msgs/msg/detail/vehicle_air_data__rosidl_typesupport_introspection_cpp.hpp\n'}
[1.503333] (px4_msgs) StdoutLine: {'line': b'-- Up-to-date: /home/mcfb/ros2_ws/install/px4_msgs/include/px4_msgs/px4_msgs/msg/detail/rover_attitude_status__type_support.cpp\n'}
[1.503464] (px4_msgs) StdoutLine: {'line': b'-- Up-to-date: /home/mcfb/ros2_ws/install/px4_msgs/include/px4_msgs/px4_msgs/msg/detail/sensor_gnss_status__rosidl_typesupport_introspection_cpp.hpp\n'}
[1.503533] (px4_msgs) StdoutLine: {'line': b'-- Up-to-date: /home/mcfb/ros2_ws/install/px4_msgs/include/px4_msgs/px4_msgs/msg/detail/navigator_status__type_support.cpp\n'}
[1.503589] (px4_msgs) StdoutLine: {'line': b'-- Up-to-date: /home/mcfb/ros2_ws/install/px4_msgs/include/px4_msgs/px4_msgs/msg/detail/velocity_limits__type_support.cpp\n'}
[1.503640] (px4_msgs) StdoutLine: {'line': b'-- Up-to-date: /home/mcfb/ros2_ws/install/px4_msgs/include/px4_msgs/px4_msgs/msg/detail/pwm_input__rosidl_typesupport_introspection_cpp.hpp\n'}
[1.503691] (px4_msgs) StdoutLine: {'line': b'-- Up-to-date: /home/mcfb/ros2_ws/install/px4_msgs/include/px4_msgs/px4_msgs/msg/detail/esc_status__type_support.cpp\n'}
[1.503740] (px4_msgs) StdoutLine: {'line': b'-- Up-to-date: /home/mcfb/ros2_ws/install/px4_msgs/include/px4_msgs/px4_msgs/msg/detail/register_ext_component_request__type_support.cpp\n'}
[1.503790] (px4_msgs) StdoutLine: {'line': b'-- Up-to-date: /home/mcfb/ros2_ws/install/px4_msgs/include/px4_msgs/px4_msgs/msg/detail/qshell_req__type_support.cpp\n'}
[1.503838] (px4_msgs) StdoutLine: {'line': b'-- Up-to-date: /home/mcfb/ros2_ws/install/px4_msgs/include/px4_msgs/px4_msgs/msg/detail/magnetometer_bias_estimate__type_support.cpp\n'}
[1.503893] (px4_msgs) StdoutLine: {'line': b'-- Up-to-date: /home/mcfb/ros2_ws/install/px4_msgs/include/px4_msgs/px4_msgs/msg/detail/estimator_aid_source1d__type_support.cpp\n'}
[1.503943] (px4_msgs) StdoutLine: {'line': b'-- Up-to-date: /home/mcfb/ros2_ws/install/px4_msgs/include/px4_msgs/px4_msgs/msg/detail/irlock_report__type_support.cpp\n'}
[1.503990] (px4_msgs) StdoutLine: {'line': b'-- Up-to-date: /home/mcfb/ros2_ws/install/px4_msgs/include/px4_msgs/px4_msgs/msg/detail/distance_sensor__rosidl_typesupport_introspection_cpp.hpp\n'}
[1.504037] (px4_msgs) StdoutLine: {'line': b'-- Up-to-date: /home/mcfb/ros2_ws/install/px4_msgs/include/px4_msgs/px4_msgs/msg/detail/gimbal_device_set_attitude__type_support.cpp\n'}
[1.504082] (px4_msgs) StdoutLine: {'line': b'-- Up-to-date: /home/mcfb/ros2_ws/install/px4_msgs/include/px4_msgs/px4_msgs/msg/detail/fixed_wing_lateral_setpoint__rosidl_typesupport_introspection_cpp.hpp\n'}
[1.504129] (px4_msgs) StdoutLine: {'line': b'-- Up-to-date: /home/mcfb/ros2_ws/install/px4_msgs/include/px4_msgs/px4_msgs/msg/detail/geofence_result__type_support.cpp\n'}
[1.504208] (px4_msgs) StdoutLine: {'line': b'-- Up-to-date: /home/mcfb/ros2_ws/install/px4_msgs/include/px4_msgs/px4_msgs/msg/detail/gps_dump__type_support.cpp\n'}
[1.504250] (px4_msgs) StdoutLine: {'line': b'-- Up-to-date: /home/mcfb/ros2_ws/install/px4_msgs/include/px4_msgs/px4_msgs/msg/detail/sensor_gnss_relative__type_support.cpp\n'}
[1.504291] (px4_msgs) StdoutLine: {'line': b'-- Up-to-date: /home/mcfb/ros2_ws/install/px4_msgs/include/px4_msgs/px4_msgs/msg/detail/actuator_servos__type_support.cpp\n'}
[1.504334] (px4_msgs) StdoutLine: {'line': b'-- Up-to-date: /home/mcfb/ros2_ws/install/px4_msgs/include/px4_msgs/px4_msgs/msg/detail/sensor_combined__type_support.cpp\n'}
[1.504377] (px4_msgs) StdoutLine: {'line': b'-- Up-to-date: /home/mcfb/ros2_ws/install/px4_msgs/include/px4_msgs/px4_msgs/msg/detail/orbit_status__rosidl_typesupport_introspection_cpp.hpp\n'}
[1.504422] (px4_msgs) StdoutLine: {'line': b'-- Up-to-date: /home/mcfb/ros2_ws/install/px4_msgs/include/px4_msgs/px4_msgs/msg/detail/sensor_mag__type_support.cpp\n'}
[1.504480] (px4_msgs) StdoutLine: {'line': b'-- Up-to-date: /home/mcfb/ros2_ws/install/px4_msgs/include/px4_msgs/px4_msgs/msg/detail/vehicle_odometry__type_support.cpp\n'}
[1.504538] (px4_msgs) StdoutLine: {'line': b'-- Up-to-date: /home/mcfb/ros2_ws/install/px4_msgs/include/px4_msgs/px4_msgs/msg/detail/follow_target_estimator__rosidl_typesupport_introspection_cpp.hpp\n'}
[1.504583] (px4_msgs) StdoutLine: {'line': b'-- Up-to-date: /home/mcfb/ros2_ws/install/px4_msgs/include/px4_msgs/px4_msgs/msg/detail/differential_pressure__rosidl_typesupport_introspection_cpp.hpp\n'}
[1.504626] (px4_msgs) StdoutLine: {'line': b'-- Up-to-date: /home/mcfb/ros2_ws/install/px4_msgs/include/px4_msgs/px4_msgs/msg/detail/ulog_stream_ack__rosidl_typesupport_introspection_cpp.hpp\n'}
[1.504670] (px4_msgs) StdoutLine: {'line': b'-- Up-to-date: /home/mcfb/ros2_ws/install/px4_msgs/include/px4_msgs/px4_msgs/msg/detail/adc_report__rosidl_typesupport_introspection_cpp.hpp\n'}
[1.504715] (px4_msgs) StdoutLine: {'line': b'-- Up-to-date: /home/mcfb/ros2_ws/install/px4_msgs/include/px4_msgs/px4_msgs/msg/detail/can_interface_status__rosidl_typesupport_introspection_cpp.hpp\n'}
[1.504757] (px4_msgs) StdoutLine: {'line': b'-- Up-to-date: /home/mcfb/ros2_ws/install/px4_msgs/include/px4_msgs/px4_msgs/msg/detail/rover_speed_status__rosidl_typesupport_introspection_cpp.hpp\n'}
[1.504804] (px4_msgs) StdoutLine: {'line': b'-- Up-to-date: /home/mcfb/ros2_ws/install/px4_msgs/include/px4_msgs/px4_msgs/msg/detail/estimator_innovations__type_support.cpp\n'}
[1.504851] (px4_msgs) StdoutLine: {'line': b'-- Up-to-date: /home/mcfb/ros2_ws/install/px4_msgs/include/px4_msgs/px4_msgs/msg/detail/rtl_time_estimate__type_support.cpp\n'}
[1.504892] (px4_msgs) StdoutLine: {'line': b'-- Up-to-date: /home/mcfb/ros2_ws/install/px4_msgs/include/px4_msgs/px4_msgs/msg/detail/landing_target_innovations__rosidl_typesupport_introspection_cpp.hpp\n'}
[1.504950] (px4_msgs) StdoutLine: {'line': b'-- Up-to-date: /home/mcfb/ros2_ws/install/px4_msgs/include/px4_msgs/px4_msgs/msg/detail/vehicle_rates_setpoint__rosidl_typesupport_introspection_cpp.hpp\n'}
[1.504993] (px4_msgs) StdoutLine: {'line': b'-- Up-to-date: /home/mcfb/ros2_ws/install/px4_msgs/include/px4_msgs/px4_msgs/msg/detail/control_allocator_status__type_support.cpp\n'}
[1.505039] (px4_msgs) StdoutLine: {'line': b'-- Up-to-date: /home/mcfb/ros2_ws/install/px4_msgs/include/px4_msgs/px4_msgs/msg/detail/mavlink_log__rosidl_typesupport_introspection_cpp.hpp\n'}
[1.505085] (px4_msgs) StdoutLine: {'line': b'-- Up-to-date: /home/mcfb/ros2_ws/install/px4_msgs/include/px4_msgs/px4_msgs/msg/detail/camera_capture__type_support.cpp\n'}
[1.505131] (px4_msgs) StdoutLine: {'line': b'-- Up-to-date: /home/mcfb/ros2_ws/install/px4_msgs/include/px4_msgs/px4_msgs/msg/detail/mavlink_tunnel__type_support.cpp\n'}
[1.505175] (px4_msgs) StdoutLine: {'line': b'-- Up-to-date: /home/mcfb/ros2_ws/install/px4_msgs/include/px4_msgs/px4_msgs/msg/detail/message_format_request__rosidl_typesupport_introspection_cpp.hpp\n'}
[1.505218] (px4_msgs) StdoutLine: {'line': b'-- Up-to-date: /home/mcfb/ros2_ws/install/px4_msgs/include/px4_msgs/px4_msgs/msg/detail/led_control__type_support.cpp\n'}
[1.505265] (px4_msgs) StdoutLine: {'line': b'-- Up-to-date: /home/mcfb/ros2_ws/install/px4_msgs/include/px4_msgs/px4_msgs/msg/detail/estimator_gps_status__rosidl_typesupport_introspection_cpp.hpp\n'}
[1.505314] (px4_msgs) StdoutLine: {'line': b'-- Up-to-date: /home/mcfb/ros2_ws/install/px4_msgs/include/px4_msgs/px4_msgs/msg/detail/vehicle_optical_flow__rosidl_typesupport_introspection_cpp.hpp\n'}
[1.505360] (px4_msgs) StdoutLine: {'line': b'-- Up-to-date: /home/mcfb/ros2_ws/install/px4_msgs/include/px4_msgs/px4_msgs/msg/detail/ulog_stream_ack__type_support.cpp\n'}
[1.505405] (px4_msgs) StdoutLine: {'line': b'-- Up-to-date: /home/mcfb/ros2_ws/install/px4_msgs/include/px4_msgs/px4_msgs/msg/detail/failsafe_flags__rosidl_typesupport_introspection_cpp.hpp\n'}
[1.505453] (px4_msgs) StdoutLine: {'line': b'-- Up-to-date: /home/mcfb/ros2_ws/install/px4_msgs/include/px4_msgs/px4_msgs/msg/detail/vehicle_attitude__type_support.cpp\n'}
[1.505499] (px4_msgs) StdoutLine: {'line': b'-- Up-to-date: /home/mcfb/ros2_ws/install/px4_msgs/include/px4_msgs/px4_msgs/msg/detail/home_position__type_support.cpp\n'}
[1.505545] (px4_msgs) StdoutLine: {'line': b'-- Up-to-date: /home/mcfb/ros2_ws/install/px4_msgs/include/px4_msgs/px4_msgs/msg/detail/vehicle_land_detected__rosidl_typesupport_introspection_cpp.hpp\n'}
[1.505611] (px4_msgs) StdoutLine: {'line': b'-- Up-to-date: /home/mcfb/ros2_ws/install/px4_msgs/include/px4_msgs/px4_msgs/msg/detail/gimbal_manager_status__type_support.cpp\n'}
[1.505654] (px4_msgs) StdoutLine: {'line': b'-- Up-to-date: /home/mcfb/ros2_ws/install/px4_msgs/include/px4_msgs/px4_msgs/msg/detail/vehicle_land_detected__type_support.cpp\n'}
[1.505718] (px4_msgs) StdoutLine: {'line': b'-- Up-to-date: /home/mcfb/ros2_ws/install/px4_msgs/include/px4_msgs/px4_msgs/msg/detail/open_drone_id_system__type_support.cpp\n'}
[1.505763] (px4_msgs) StdoutLine: {'line': b'-- Up-to-date: /home/mcfb/ros2_ws/install/px4_msgs/include/px4_msgs/px4_msgs/msg/detail/vehicle_command__type_support.cpp\n'}
[1.505805] (px4_msgs) StdoutLine: {'line': b'-- Up-to-date: /home/mcfb/ros2_ws/install/px4_msgs/include/px4_msgs/px4_msgs/msg/detail/rpm__rosidl_typesupport_introspection_cpp.hpp\n'}
[1.505853] (px4_msgs) StdoutLine: {'line': b'-- Up-to-date: /home/mcfb/ros2_ws/install/px4_msgs/include/px4_msgs/px4_msgs/msg/detail/qshell_retval__type_support.cpp\n'}
[1.505894] (px4_msgs) StdoutLine: {'line': b'-- Up-to-date: /home/mcfb/ros2_ws/install/px4_msgs/include/px4_msgs/px4_msgs/msg/detail/qshell_req__rosidl_typesupport_introspection_cpp.hpp\n'}
[1.505940] (px4_msgs) StdoutLine: {'line': b'-- Up-to-date: /home/mcfb/ros2_ws/install/px4_msgs/include/px4_msgs/px4_msgs/msg/detail/radio_status__rosidl_typesupport_introspection_cpp.hpp\n'}
[1.505984] (px4_msgs) StdoutLine: {'line': b'-- Up-to-date: /home/mcfb/ros2_ws/install/px4_msgs/include/px4_msgs/px4_msgs/msg/detail/telemetry_status__rosidl_typesupport_introspection_cpp.hpp\n'}
[1.506029] (px4_msgs) StdoutLine: {'line': b'-- Up-to-date: /home/mcfb/ros2_ws/install/px4_msgs/include/px4_msgs/px4_msgs/msg/detail/parameter_set_value_response__rosidl_typesupport_introspection_cpp.hpp\n'}
[1.506075] (px4_msgs) StdoutLine: {'line': b'-- Up-to-date: /home/mcfb/ros2_ws/install/px4_msgs/include/px4_msgs/px4_msgs/msg/detail/collision_constraints__type_support.cpp\n'}
[1.506136] (px4_msgs) StdoutLine: {'line': b'-- Up-to-date: /home/mcfb/ros2_ws/install/px4_msgs/include/px4_msgs/px4_msgs/msg/detail/vehicle_local_position__type_support.cpp\n'}
[1.506178] (px4_msgs) StdoutLine: {'line': b'-- Up-to-date: /home/mcfb/ros2_ws/install/px4_msgs/include/px4_msgs/px4_msgs/msg/detail/arming_check_reply__type_support.cpp\n'}
[1.506220] (px4_msgs) StdoutLine: {'line': b'-- Up-to-date: /home/mcfb/ros2_ws/install/px4_msgs/include/px4_msgs/px4_msgs/msg/detail/vehicle_angular_acceleration_setpoint__rosidl_typesupport_introspection_cpp.hpp\n'}
[1.506263] (px4_msgs) StdoutLine: {'line': b'-- Up-to-date: /home/mcfb/ros2_ws/install/px4_msgs/include/px4_msgs/px4_msgs/msg/detail/satellite_info__type_support.cpp\n'}
[1.506309] (px4_msgs) StdoutLine: {'line': b'-- Up-to-date: /home/mcfb/ros2_ws/install/px4_msgs/include/px4_msgs/px4_msgs/msg/detail/vehicle_control_mode__type_support.cpp\n'}
[1.506354] (px4_msgs) StdoutLine: {'line': b'-- Up-to-date: /home/mcfb/ros2_ws/install/px4_msgs/include/px4_msgs/px4_msgs/msg/detail/button_event__rosidl_typesupport_introspection_cpp.hpp\n'}
[1.506399] (px4_msgs) StdoutLine: {'line': b'-- Up-to-date: /home/mcfb/ros2_ws/install/px4_msgs/include/px4_msgs/px4_msgs/msg/detail/tune_control__rosidl_typesupport_introspection_cpp.hpp\n'}
[1.506445] (px4_msgs) StdoutLine: {'line': b'-- Up-to-date: /home/mcfb/ros2_ws/install/px4_msgs/include/px4_msgs/px4_msgs/msg/detail/manual_control_setpoint__type_support.cpp\n'}
[1.506490] (px4_msgs) StdoutLine: {'line': b'-- Up-to-date: /home/mcfb/ros2_ws/install/px4_msgs/include/px4_msgs/px4_msgs/msg/detail/vehicle_air_data__type_support.cpp\n'}
[1.506547] (px4_msgs) StdoutLine: {'line': b'-- Up-to-date: /home/mcfb/ros2_ws/install/px4_msgs/include/px4_msgs/px4_msgs/msg/detail/sensors_status__rosidl_typesupport_introspection_cpp.hpp\n'}
[1.506589] (px4_msgs) StdoutLine: {'line': b'-- Up-to-date: /home/mcfb/ros2_ws/install/px4_msgs/include/px4_msgs/px4_msgs/msg/detail/log_message__rosidl_typesupport_introspection_cpp.hpp\n'}
[1.506631] (px4_msgs) StdoutLine: {'line': b'-- Up-to-date: /home/mcfb/ros2_ws/install/px4_msgs/include/px4_msgs/px4_msgs/msg/detail/dronecan_node_status__type_support.cpp\n'}
[1.506677] (px4_msgs) StdoutLine: {'line': b'-- Up-to-date: /home/mcfb/ros2_ws/install/px4_msgs/include/px4_msgs/px4_msgs/msg/detail/power_button_state__rosidl_typesupport_introspection_cpp.hpp\n'}
[1.506723] (px4_msgs) StdoutLine: {'line': b'-- Up-to-date: /home/mcfb/ros2_ws/install/px4_msgs/include/px4_msgs/px4_msgs/msg/detail/position_setpoint_triplet__rosidl_typesupport_introspection_cpp.hpp\n'}
[1.506778] (px4_msgs) StdoutLine: {'line': b'-- Up-to-date: /home/mcfb/ros2_ws/install/px4_msgs/include/px4_msgs/px4_msgs/msg/detail/orb_test__type_support.cpp\n'}
[1.506821] (px4_msgs) StdoutLine: {'line': b'-- Up-to-date: /home/mcfb/ros2_ws/install/px4_msgs/include/px4_msgs/px4_msgs/msg/detail/rover_position_setpoint__type_support.cpp\n'}
[1.506867] (px4_msgs) StdoutLine: {'line': b'-- Up-to-date: /home/mcfb/ros2_ws/install/px4_msgs/include/px4_msgs/px4_msgs/msg/detail/longitudinal_control_configuration__type_support.cpp\n'}
[1.506910] (px4_msgs) StdoutLine: {'line': b'-- Up-to-date: /home/mcfb/ros2_ws/install/px4_msgs/include/px4_msgs/px4_msgs/msg/detail/led_control__rosidl_typesupport_introspection_cpp.hpp\n'}
[1.506956] (px4_msgs) StdoutLine: {'line': b'-- Up-to-date: /home/mcfb/ros2_ws/install/px4_msgs/include/px4_msgs/px4_msgs/msg/detail/figure_eight_status__rosidl_typesupport_introspection_cpp.hpp\n'}
[1.507008] (px4_msgs) StdoutLine: {'line': b'-- Up-to-date: /home/mcfb/ros2_ws/install/px4_msgs/include/px4_msgs/px4_msgs/msg/detail/power_button_state__type_support.cpp\n'}
[1.507054] (px4_msgs) StdoutLine: {'line': b'-- Up-to-date: /home/mcfb/ros2_ws/install/px4_msgs/include/px4_msgs/px4_msgs/msg/detail/differential_pressure__type_support.cpp\n'}
[1.507106] (px4_msgs) StdoutLine: {'line': b'-- Up-to-date: /home/mcfb/ros2_ws/install/px4_msgs/include/px4_msgs/px4_msgs/msg/detail/actuator_outputs__rosidl_typesupport_introspection_cpp.hpp\n'}
[1.507164] (px4_msgs) StdoutLine: {'line': b'-- Up-to-date: /home/mcfb/ros2_ws/install/px4_msgs/include/px4_msgs/px4_msgs/msg/detail/adc_report__type_support.cpp\n'}
[1.507211] (px4_msgs) StdoutLine: {'line': b'-- Up-to-date: /home/mcfb/ros2_ws/install/px4_msgs/include/px4_msgs/px4_msgs/msg/detail/airspeed__type_support.cpp\n'}
[1.507262] (px4_msgs) StdoutLine: {'line': b'-- Up-to-date: /home/mcfb/ros2_ws/install/px4_msgs/include/px4_msgs/px4_msgs/msg/detail/actuator_controls_status__type_support.cpp\n'}
[1.507341] (px4_msgs) StdoutLine: {'line': b'-- Up-to-date: /home/mcfb/ros2_ws/install/px4_msgs/include/px4_msgs/px4_msgs/msg/detail/iridiumsbd_status__type_support.cpp\n'}
[1.507415] (px4_msgs) StdoutLine: {'line': b'-- Up-to-date: /home/mcfb/ros2_ws/install/px4_msgs/include/px4_msgs/px4_msgs/msg/detail/sensor_accel__type_support.cpp\n'}
[1.507464] (px4_msgs) StdoutLine: {'line': b'-- Up-to-date: /home/mcfb/ros2_ws/install/px4_msgs/include/px4_msgs/px4_msgs/msg/detail/sensors_status_imu__type_support.cpp\n'}
[1.507515] (px4_msgs) StdoutLine: {'line': b'-- Up-to-date: /home/mcfb/ros2_ws/install/px4_msgs/include/px4_msgs/px4_msgs/msg/detail/parameter_set_value_request__type_support.cpp\n'}
[1.507596] (px4_msgs) StdoutLine: {'line': b'-- Up-to-date: /home/mcfb/ros2_ws/install/px4_msgs/include/px4_msgs/px4_msgs/msg/detail/health_report__type_support.cpp\n'}
[1.507641] (px4_msgs) StdoutLine: {'line': b'-- Up-to-date: /home/mcfb/ros2_ws/install/px4_msgs/include/px4_msgs/px4_msgs/msg/detail/estimator_bias__rosidl_typesupport_introspection_cpp.hpp\n'}
[1.507686] (px4_msgs) StdoutLine: {'line': b'-- Up-to-date: /home/mcfb/ros2_ws/install/px4_msgs/include/px4_msgs/px4_msgs/msg/detail/figure_eight_status__type_support.cpp\n'}
[1.507740] (px4_msgs) StdoutLine: {'line': b'-- Up-to-date: /home/mcfb/ros2_ws/install/px4_msgs/include/px4_msgs/px4_msgs/msg/detail/sensor_gyro_fft__rosidl_typesupport_introspection_cpp.hpp\n'}
[1.507784] (px4_msgs) StdoutLine: {'line': b'-- Up-to-date: /home/mcfb/ros2_ws/install/px4_msgs/include/px4_msgs/px4_msgs/msg/detail/unregister_ext_component__rosidl_typesupport_introspection_cpp.hpp\n'}
[1.507826] (px4_msgs) StdoutLine: {'line': b'-- Up-to-date: /home/mcfb/ros2_ws/install/px4_msgs/include/px4_msgs/px4_msgs/msg/detail/vehicle_angular_acceleration_setpoint__type_support.cpp\n'}
[1.507876] (px4_msgs) StdoutLine: {'line': b'-- Up-to-date: /home/mcfb/ros2_ws/install/px4_msgs/include/px4_msgs/px4_msgs/msg/detail/vehicle_local_position__rosidl_typesupport_introspection_cpp.hpp\n'}
[1.507920] (px4_msgs) StdoutLine: {'line': b'-- Up-to-date: /home/mcfb/ros2_ws/install/px4_msgs/include/px4_msgs/px4_msgs/msg/detail/task_stack_info__rosidl_typesupport_introspection_cpp.hpp\n'}
[1.507965] (px4_msgs) StdoutLine: {'line': b'-- Up-to-date: /home/mcfb/ros2_ws/install/px4_msgs/include/px4_msgs/px4_msgs/msg/detail/estimator_states__type_support.cpp\n'}
[1.508010] (px4_msgs) StdoutLine: {'line': b'-- Up-to-date: /home/mcfb/ros2_ws/install/px4_msgs/include/px4_msgs/px4_msgs/msg/detail/timesync_status__type_support.cpp\n'}
[1.508067] (px4_msgs) StdoutLine: {'line': b'-- Up-to-date: /home/mcfb/ros2_ws/install/px4_msgs/include/px4_msgs/px4_msgs/msg/detail/open_drone_id_self_id__type_support.cpp\n'}
[1.508110] (px4_msgs) StdoutLine: {'line': b'-- Up-to-date: /home/mcfb/ros2_ws/install/px4_msgs/include/px4_msgs/px4_msgs/msg/detail/rover_speed_status__type_support.cpp\n'}
[1.508152] (px4_msgs) StdoutLine: {'line': b'-- Up-to-date: /home/mcfb/ros2_ws/install/px4_msgs/include/px4_msgs/px4_msgs/msg/detail/fuel_tank_status__rosidl_typesupport_introspection_cpp.hpp\n'}
[1.508194] (px4_msgs) StdoutLine: {'line': b'-- Up-to-date: /home/mcfb/ros2_ws/install/px4_msgs/include/px4_msgs/px4_msgs/msg/detail/landing_gear_wheel__rosidl_typesupport_introspection_cpp.hpp\n'}
[1.508235] (px4_msgs) StdoutLine: {'line': b'-- Up-to-date: /home/mcfb/ros2_ws/install/px4_msgs/include/px4_msgs/px4_msgs/msg/detail/vehicle_attitude__rosidl_typesupport_introspection_cpp.hpp\n'}
[1.508276] (px4_msgs) StdoutLine: {'line': b'-- Up-to-date: /home/mcfb/ros2_ws/install/px4_msgs/include/px4_msgs/px4_msgs/msg/detail/gps_inject_data__rosidl_typesupport_introspection_cpp.hpp\n'}
[1.508320] (px4_msgs) StdoutLine: {'line': b'-- Up-to-date: /home/mcfb/ros2_ws/install/px4_msgs/include/px4_msgs/px4_msgs/msg/detail/position_controller_status__rosidl_typesupport_introspection_cpp.hpp\n'}
[1.508367] (px4_msgs) StdoutLine: {'line': b'-- Up-to-date: /home/mcfb/ros2_ws/install/px4_msgs/include/px4_msgs/px4_msgs/msg/detail/generator_status__rosidl_typesupport_introspection_cpp.hpp\n'}
[1.508412] (px4_msgs) StdoutLine: {'line': b'-- Up-to-date: /home/mcfb/ros2_ws/install/px4_msgs/include/px4_msgs/px4_msgs/msg/detail/esc_report__type_support.cpp\n'}
[1.508457] (px4_msgs) StdoutLine: {'line': b'-- Up-to-date: /home/mcfb/ros2_ws/install/px4_msgs/include/px4_msgs/px4_msgs/msg/detail/velocity_limits__rosidl_typesupport_introspection_cpp.hpp\n'}
[1.508502] (px4_msgs) StdoutLine: {'line': b'-- Up-to-date: /home/mcfb/ros2_ws/install/px4_msgs/include/px4_msgs/px4_msgs/msg/detail/transponder_report__rosidl_typesupport_introspection_cpp.hpp\n'}
[1.508573] (px4_msgs) StdoutLine: {'line': b'-- Up-to-date: /home/mcfb/ros2_ws/install/px4_msgs/include/px4_msgs/px4_msgs/msg/detail/trajectory_setpoint6dof__rosidl_typesupport_introspection_cpp.hpp\n'}
[1.508617] (px4_msgs) StdoutLine: {'line': b'-- Up-to-date: /home/mcfb/ros2_ws/install/px4_msgs/include/px4_msgs/px4_msgs/msg/detail/heater_status__rosidl_typesupport_introspection_cpp.hpp\n'}
[1.508659] (px4_msgs) StdoutLine: {'line': b'-- Up-to-date: /home/mcfb/ros2_ws/install/px4_msgs/include/px4_msgs/px4_msgs/msg/detail/sensor_optical_flow__rosidl_typesupport_introspection_cpp.hpp\n'}
[1.508701] (px4_msgs) StdoutLine: {'line': b'-- Up-to-date: /home/mcfb/ros2_ws/install/px4_msgs/include/px4_msgs/px4_msgs/msg/detail/estimator_bias3d__type_support.cpp\n'}
[1.508756] (px4_msgs) StdoutLine: {'line': b'-- Up-to-date: /home/mcfb/ros2_ws/install/px4_msgs/include/px4_msgs/px4_msgs/msg/detail/failure_detector_status__type_support.cpp\n'}
[1.508799] (px4_msgs) StdoutLine: {'line': b'-- Up-to-date: /home/mcfb/ros2_ws/install/px4_msgs/include/px4_msgs/px4_msgs/msg/detail/fixed_wing_lateral_guidance_status__type_support.cpp\n'}
[1.508841] (px4_msgs) StdoutLine: {'line': b'-- Up-to-date: /home/mcfb/ros2_ws/install/px4_msgs/include/px4_msgs/px4_msgs/msg/detail/register_ext_component_reply__type_support.cpp\n'}
[1.508893] (px4_msgs) StdoutLine: {'line': b'-- Up-to-date: /home/mcfb/ros2_ws/install/px4_msgs/include/px4_msgs/px4_msgs/msg/detail/fixed_wing_lateral_setpoint__type_support.cpp\n'}
[1.508937] (px4_msgs) StdoutLine: {'line': b'-- Up-to-date: /home/mcfb/ros2_ws/install/px4_msgs/include/px4_msgs/px4_msgs/msg/detail/actuator_motors__rosidl_typesupport_introspection_cpp.hpp\n'}
[1.508981] (px4_msgs) StdoutLine: {'line': b'-- Up-to-date: /home/mcfb/ros2_ws/install/px4_msgs/include/px4_msgs/px4_msgs/msg/detail/rc_parameter_map__type_support.cpp\n'}
[1.509027] (px4_msgs) StdoutLine: {'line': b'-- Up-to-date: /home/mcfb/ros2_ws/install/px4_msgs/include/px4_msgs/px4_msgs/msg/detail/transponder_report__type_support.cpp\n'}
[1.509071] (px4_msgs) StdoutLine: {'line': b'-- Up-to-date: /home/mcfb/ros2_ws/install/px4_msgs/include/px4_msgs/px4_msgs/msg/detail/sensor_mag__rosidl_typesupport_introspection_cpp.hpp\n'}
[1.509116] (px4_msgs) StdoutLine: {'line': b'-- Up-to-date: /home/mcfb/ros2_ws/install/px4_msgs/include/px4_msgs/px4_msgs/msg/detail/rc_parameter_map__rosidl_typesupport_introspection_cpp.hpp\n'}
[1.509162] (px4_msgs) StdoutLine: {'line': b'-- Up-to-date: /home/mcfb/ros2_ws/install/px4_msgs/include/px4_msgs/px4_msgs/msg/detail/parameter_set_value_response__type_support.cpp\n'}
[1.509207] (px4_msgs) StdoutLine: {'line': b'-- Up-to-date: /home/mcfb/ros2_ws/install/px4_msgs/include/px4_msgs/px4_msgs/msg/detail/sensor_gps__rosidl_typesupport_introspection_cpp.hpp\n'}
[1.509252] (px4_msgs) StdoutLine: {'line': b'-- Up-to-date: /home/mcfb/ros2_ws/install/px4_msgs/include/px4_msgs/px4_msgs/msg/detail/open_drone_id_arm_status__type_support.cpp\n'}
[1.509298] (px4_msgs) StdoutLine: {'line': b'-- Up-to-date: /home/mcfb/ros2_ws/install/px4_msgs/include/px4_msgs/px4_msgs/msg/detail/vehicle_angular_velocity__type_support.cpp\n'}
[1.509348] (px4_msgs) StdoutLine: {'line': b'-- Up-to-date: /home/mcfb/ros2_ws/install/px4_msgs/include/px4_msgs/px4_msgs/msg/detail/distance_sensor_mode_change_request__type_support.cpp\n'}
[1.509448] (px4_msgs) StdoutLine: {'line': b'-- Up-to-date: /home/mcfb/ros2_ws/install/px4_msgs/include/px4_msgs/px4_msgs/msg/detail/ulog_stream__rosidl_typesupport_introspection_cpp.hpp\n'}
[1.509511] (px4_msgs) StdoutLine: {'line': b'-- Up-to-date: /home/mcfb/ros2_ws/install/px4_msgs/include/px4_msgs/px4_msgs/msg/detail/rc_channels__rosidl_typesupport_introspection_cpp.hpp\n'}
[1.509558] (px4_msgs) StdoutLine: {'line': b'-- Up-to-date: /home/mcfb/ros2_ws/install/px4_msgs/include/px4_msgs/px4_msgs/msg/detail/wind__rosidl_typesupport_introspection_cpp.hpp\n'}
[1.509604] (px4_msgs) StdoutLine: {'line': b'-- Up-to-date: /home/mcfb/ros2_ws/install/px4_msgs/include/px4_msgs/px4_msgs/msg/detail/vehicle_torque_setpoint__rosidl_typesupport_introspection_cpp.hpp\n'}
[1.509662] (px4_msgs) StdoutLine: {'line': b'-- Up-to-date: /home/mcfb/ros2_ws/install/px4_msgs/include/px4_msgs/px4_msgs/msg/detail/neural_control__type_support.cpp\n'}
[1.509729] (px4_msgs) StdoutLine: {'line': b'-- Up-to-date: /home/mcfb/ros2_ws/install/px4_msgs/include/px4_msgs/px4_msgs/msg/detail/gimbal_device_attitude_status__type_support.cpp\n'}
[1.509803] (px4_msgs) StdoutLine: {'line': b'-- Up-to-date: /home/mcfb/ros2_ws/install/px4_msgs/include/px4_msgs/px4_msgs/msg/detail/actuator_servos_trim__type_support.cpp\n'}
[1.509875] (px4_msgs) StdoutLine: {'line': b'-- Up-to-date: /home/mcfb/ros2_ws/install/px4_msgs/include/px4_msgs/px4_msgs/msg/detail/debug_array__rosidl_typesupport_introspection_cpp.hpp\n'}
[1.509924] (px4_msgs) StdoutLine: {'line': b'-- Up-to-date: /home/mcfb/ros2_ws/install/px4_msgs/include/px4_msgs/px4_msgs/msg/detail/actuator_motors__type_support.cpp\n'}
[1.509989] (px4_msgs) StdoutLine: {'line': b'-- Up-to-date: /home/mcfb/ros2_ws/install/px4_msgs/include/px4_msgs/px4_msgs/msg/detail/arming_check_reply__rosidl_typesupport_introspection_cpp.hpp\n'}
[1.510065] (px4_msgs) StdoutLine: {'line': b'-- Up-to-date: /home/mcfb/ros2_ws/install/px4_msgs/include/px4_msgs/px4_msgs/msg/detail/geofence_status__rosidl_typesupport_introspection_cpp.hpp\n'}
[1.510173] (px4_msgs) StdoutLine: {'line': b'-- Up-to-date: /home/mcfb/ros2_ws/install/px4_msgs/include/px4_msgs/px4_msgs/msg/detail/obstacle_distance__type_support.cpp\n'}
[1.510248] (px4_msgs) StdoutLine: {'line': b'-- Up-to-date: /home/mcfb/ros2_ws/install/px4_msgs/include/px4_msgs/px4_msgs/msg/detail/rover_rate_setpoint__rosidl_typesupport_introspection_cpp.hpp\n'}
[1.510302] (px4_msgs) StdoutLine: {'line': b'-- Up-to-date: /home/mcfb/ros2_ws/install/px4_msgs/include/px4_msgs/px4_msgs/msg/detail/sensor_selection__rosidl_typesupport_introspection_cpp.hpp\n'}
[1.510355] (px4_msgs) StdoutLine: {'line': b'-- Up-to-date: /home/mcfb/ros2_ws/install/px4_msgs/include/px4_msgs/px4_msgs/msg/detail/uavcan_parameter_request__type_support.cpp\n'}
[1.510399] (px4_msgs) StdoutLine: {'line': b'-- Up-to-date: /home/mcfb/ros2_ws/install/px4_msgs/include/px4_msgs/px4_msgs/msg/detail/internal_combustion_engine_control__type_support.cpp\n'}
[1.510454] (px4_msgs) StdoutLine: {'line': b'-- Up-to-date: /home/mcfb/ros2_ws/install/px4_msgs/include/px4_msgs/px4_msgs/msg/detail/normalized_unsigned_setpoint__type_support.cpp\n'}
[1.510530] (px4_msgs) StdoutLine: {'line': b'-- Up-to-date: /home/mcfb/ros2_ws/install/px4_msgs/include/px4_msgs/px4_msgs/msg/detail/dataman_request__type_support.cpp\n'}
[1.510588] (px4_msgs) StdoutLine: {'line': b'-- Up-to-date: /home/mcfb/ros2_ws/install/px4_msgs/include/px4_msgs/px4_msgs/msg/detail/hover_thrust_estimate__rosidl_typesupport_introspection_cpp.hpp\n'}
[1.510641] (px4_msgs) StdoutLine: {'line': b'-- Up-to-date: /home/mcfb/ros2_ws/install/px4_msgs/include/px4_msgs/px4_msgs/msg/detail/sensors_status_imu__rosidl_typesupport_introspection_cpp.hpp\n'}
[1.510688] (px4_msgs) StdoutLine: {'line': b'-- Up-to-date: /home/mcfb/ros2_ws/install/px4_msgs/include/px4_msgs/px4_msgs/msg/detail/mag_worker_data__type_support.cpp\n'}
[1.510751] (px4_msgs) StdoutLine: {'line': b'-- Up-to-date: /home/mcfb/ros2_ws/install/px4_msgs/include/px4_msgs/px4_msgs/msg/detail/actuator_outputs__type_support.cpp\n'}
[1.510815] (px4_msgs) StdoutLine: {'line': b'-- Up-to-date: /home/mcfb/ros2_ws/install/px4_msgs/include/px4_msgs/px4_msgs/msg/detail/sensor_preflight_mag__rosidl_typesupport_introspection_cpp.hpp\n'}
[1.510895] (px4_msgs) StdoutLine: {'line': b'-- Up-to-date: /home/mcfb/ros2_ws/install/px4_msgs/include/px4_msgs/px4_msgs/msg/detail/action_request__rosidl_typesupport_introspection_cpp.hpp\n'}
[1.510978] (px4_msgs) StdoutLine: {'line': b'-- Up-to-date: /home/mcfb/ros2_ws/install/px4_msgs/include/px4_msgs/px4_msgs/msg/detail/camera_trigger__type_support.cpp\n'}
[1.511032] (px4_msgs) StdoutLine: {'line': b'-- Up-to-date: /home/mcfb/ros2_ws/install/px4_msgs/include/px4_msgs/px4_msgs/msg/detail/internal_combustion_engine_control__rosidl_typesupport_introspection_cpp.hpp\n'}
[1.511105] (px4_msgs) StdoutLine: {'line': b'-- Up-to-date: /home/mcfb/ros2_ws/install/px4_msgs/include/px4_msgs/px4_msgs/msg/detail/power_monitor__type_support.cpp\n'}
[1.511186] (px4_msgs) StdoutLine: {'line': b'-- Up-to-date: /home/mcfb/ros2_ws/install/px4_msgs/include/px4_msgs/px4_msgs/msg/detail/airspeed_wind__rosidl_typesupport_introspection_cpp.hpp\n'}
[1.511238] (px4_msgs) StdoutLine: {'line': b'-- Up-to-date: /home/mcfb/ros2_ws/install/px4_msgs/include/px4_msgs/px4_msgs/msg/detail/vehicle_global_position__rosidl_typesupport_introspection_cpp.hpp\n'}
[1.511300] (px4_msgs) StdoutLine: {'line': b'-- Up-to-date: /home/mcfb/ros2_ws/install/px4_msgs/include/px4_msgs/px4_msgs/msg/detail/mission_result__type_support.cpp\n'}
[1.511369] (px4_msgs) StdoutLine: {'line': b'-- Up-to-date: /home/mcfb/ros2_ws/install/px4_msgs/include/px4_msgs/px4_msgs/msg/detail/gpio_in__rosidl_typesupport_introspection_cpp.hpp\n'}
[1.511434] (px4_msgs) StdoutLine: {'line': b'-- Up-to-date: /home/mcfb/ros2_ws/install/px4_msgs/include/px4_msgs/px4_msgs/msg/detail/debug_value__type_support.cpp\n'}
[1.511498] (px4_msgs) StdoutLine: {'line': b'-- Up-to-date: /home/mcfb/ros2_ws/install/px4_msgs/include/px4_msgs/px4_msgs/msg/detail/iridiumsbd_status__rosidl_typesupport_introspection_cpp.hpp\n'}
[1.511562] (px4_msgs) StdoutLine: {'line': b'-- Up-to-date: /home/mcfb/ros2_ws/install/px4_msgs/include/px4_msgs/px4_msgs/msg/detail/dataman_request__rosidl_typesupport_introspection_cpp.hpp\n'}
[1.511670] (px4_msgs) StdoutLine: {'line': b'-- Up-to-date: /home/mcfb/ros2_ws/install/px4_msgs/include/px4_msgs/px4_msgs/msg/detail/vehicle_imu__type_support.cpp\n'}
[1.511752] (px4_msgs) StdoutLine: {'line': b'-- Up-to-date: /home/mcfb/ros2_ws/install/px4_msgs/include/px4_msgs/px4_msgs/msg/detail/goto_setpoint__rosidl_typesupport_introspection_cpp.hpp\n'}
[1.511821] (px4_msgs) StdoutLine: {'line': b'-- Up-to-date: /home/mcfb/ros2_ws/install/px4_msgs/include/px4_msgs/px4_msgs/msg/detail/gimbal_controls__rosidl_typesupport_introspection_cpp.hpp\n'}
[1.511893] (px4_msgs) StdoutLine: {'line': b'-- Up-to-date: /home/mcfb/ros2_ws/install/px4_msgs/include/px4_msgs/px4_msgs/msg/detail/vehicle_constraints__type_support.cpp\n'}
[1.511956] (px4_msgs) StdoutLine: {'line': b'-- Up-to-date: /home/mcfb/ros2_ws/install/px4_msgs/include/px4_msgs/px4_msgs/msg/detail/rover_attitude_status__rosidl_typesupport_introspection_cpp.hpp\n'}
[1.512023] (px4_msgs) StdoutLine: {'line': b'-- Up-to-date: /home/mcfb/ros2_ws/install/px4_msgs/include/px4_msgs/px4_msgs/msg/detail/sensor_correction__type_support.cpp\n'}
[1.512072] (px4_msgs) StdoutLine: {'line': b'-- Up-to-date: /home/mcfb/ros2_ws/install/px4_msgs/include/px4_msgs/px4_msgs/msg/detail/yaw_estimator_status__rosidl_typesupport_introspection_cpp.hpp\n'}
[1.512204] (px4_msgs) StdoutLine: {'line': b'-- Up-to-date: /home/mcfb/ros2_ws/install/px4_msgs/include/px4_msgs/px4_msgs/msg/detail/flight_phase_estimation__rosidl_typesupport_introspection_cpp.hpp\n'}
[1.512251] (px4_msgs) StdoutLine: {'line': b'-- Up-to-date: /home/mcfb/ros2_ws/install/px4_msgs/include/px4_msgs/px4_msgs/msg/detail/estimator_bias3d__rosidl_typesupport_introspection_cpp.hpp\n'}
[1.512295] (px4_msgs) StdoutLine: {'line': b'-- Up-to-date: /home/mcfb/ros2_ws/install/px4_msgs/include/px4_msgs/px4_msgs/msg/detail/power_monitor__rosidl_typesupport_introspection_cpp.hpp\n'}
[1.512342] (px4_msgs) StdoutLine: {'line': b'-- Up-to-date: /home/mcfb/ros2_ws/install/px4_msgs/include/px4_msgs/px4_msgs/msg/detail/rover_speed_setpoint__type_support.cpp\n'}
[1.512387] (px4_msgs) StdoutLine: {'line': b'-- Up-to-date: /home/mcfb/ros2_ws/install/px4_msgs/include/px4_msgs/px4_msgs/msg/detail/camera_capture__rosidl_typesupport_introspection_cpp.hpp\n'}
[1.512430] (px4_msgs) StdoutLine: {'line': b'-- Up-to-date: /home/mcfb/ros2_ws/install/px4_msgs/include/px4_msgs/px4_msgs/msg/detail/parameter_set_used_request__rosidl_typesupport_introspection_cpp.hpp\n'}
[1.512473] (px4_msgs) StdoutLine: {'line': b'-- Up-to-date: /home/mcfb/ros2_ws/install/px4_msgs/include/px4_msgs/px4_msgs/msg/detail/gimbal_device_attitude_status__rosidl_typesupport_introspection_cpp.hpp\n'}
[1.512515] (px4_msgs) StdoutLine: {'line': b'-- Up-to-date: /home/mcfb/ros2_ws/install/px4_msgs/include/px4_msgs/px4_msgs/msg/detail/gimbal_manager_information__type_support.cpp\n'}
[1.512582] (px4_msgs) StdoutLine: {'line': b'-- Up-to-date: /home/mcfb/ros2_ws/install/px4_msgs/include/px4_msgs/px4_msgs/msg/detail/autotune_attitude_control_status__rosidl_typesupport_introspection_cpp.hpp\n'}
[1.512653] (px4_msgs) StdoutLine: {'line': b'-- Up-to-date: /home/mcfb/ros2_ws/install/px4_msgs/include/px4_msgs/px4_msgs/msg/detail/orb_test__rosidl_typesupport_introspection_cpp.hpp\n'}
[1.512718] (px4_msgs) StdoutLine: {'line': b'-- Up-to-date: /home/mcfb/ros2_ws/install/px4_msgs/include/px4_msgs/px4_msgs/msg/detail/tune_control__type_support.cpp\n'}
[1.512783] (px4_msgs) StdoutLine: {'line': b'-- Up-to-date: /home/mcfb/ros2_ws/install/px4_msgs/include/px4_msgs/px4_msgs/msg/detail/radio_status__type_support.cpp\n'}
[1.512855] (px4_msgs) StdoutLine: {'line': b'-- Up-to-date: /home/mcfb/ros2_ws/install/px4_msgs/include/px4_msgs/px4_msgs/msg/detail/vehicle_torque_setpoint__type_support.cpp\n'}
[1.512930] (px4_msgs) StdoutLine: {'line': b'-- Up-to-date: /home/mcfb/ros2_ws/install/px4_msgs/include/px4_msgs/px4_msgs/msg/detail/vehicle_control_mode__rosidl_typesupport_introspection_cpp.hpp\n'}
[1.512993] (px4_msgs) StdoutLine: {'line': b'-- Up-to-date: /home/mcfb/ros2_ws/install/px4_msgs/include/px4_msgs/px4_msgs/msg/detail/sensor_accel__rosidl_typesupport_introspection_cpp.hpp\n'}
[1.513108] (px4_msgs) StdoutLine: {'line': b'-- Up-to-date: /home/mcfb/ros2_ws/install/px4_msgs/include/px4_msgs/px4_msgs/msg/detail/sensor_gyro_fft__type_support.cpp\n'}
[1.513152] (px4_msgs) StdoutLine: {'line': b'-- Up-to-date: /home/mcfb/ros2_ws/install/px4_msgs/include/px4_msgs/px4_msgs/msg/detail/neural_control__rosidl_typesupport_introspection_cpp.hpp\n'}
[1.513200] (px4_msgs) StdoutLine: {'line': b'-- Up-to-date: /home/mcfb/ros2_ws/install/px4_msgs/include/px4_msgs/px4_msgs/msg/detail/vehicle_optical_flow__type_support.cpp\n'}
[1.513245] (px4_msgs) StdoutLine: {'line': b'-- Up-to-date: /home/mcfb/ros2_ws/install/px4_msgs/include/px4_msgs/px4_msgs/msg/detail/vehicle_odometry__rosidl_typesupport_introspection_cpp.hpp\n'}
[1.513290] (px4_msgs) StdoutLine: {'line': b'-- Up-to-date: /home/mcfb/ros2_ws/install/px4_msgs/include/px4_msgs/px4_msgs/msg/detail/tecs_status__rosidl_typesupport_introspection_cpp.hpp\n'}
[1.513341] (px4_msgs) StdoutLine: {'line': b'-- Up-to-date: /home/mcfb/ros2_ws/install/px4_msgs/include/px4_msgs/px4_msgs/msg/detail/mission__type_support.cpp\n'}
[1.513402] (px4_msgs) StdoutLine: {'line': b'-- Up-to-date: /home/mcfb/ros2_ws/install/px4_msgs/include/px4_msgs/px4_msgs/msg/detail/battery_status__type_support.cpp\n'}
[1.513450] (px4_msgs) StdoutLine: {'line': b'-- Up-to-date: /home/mcfb/ros2_ws/install/px4_msgs/include/px4_msgs/px4_msgs/msg/detail/estimator_event_flags__rosidl_typesupport_introspection_cpp.hpp\n'}
[1.513525] (px4_msgs) StdoutLine: {'line': b'-- Up-to-date: /home/mcfb/ros2_ws/install/px4_msgs/include/px4_msgs/px4_msgs/msg/detail/camera_status__rosidl_typesupport_introspection_cpp.hpp\n'}
[1.513602] (px4_msgs) StdoutLine: {'line': b'-- Up-to-date: /home/mcfb/ros2_ws/install/px4_msgs/include/px4_msgs/px4_msgs/msg/detail/onboard_computer_status__type_support.cpp\n'}
[1.513679] (px4_msgs) StdoutLine: {'line': b'-- Up-to-date: /home/mcfb/ros2_ws/install/px4_msgs/include/px4_msgs/px4_msgs/msg/detail/battery_info__rosidl_typesupport_introspection_cpp.hpp\n'}
[1.513759] (px4_msgs) StdoutLine: {'line': b'-- Up-to-date: /home/mcfb/ros2_ws/install/px4_msgs/include/px4_msgs/px4_msgs/msg/detail/button_event__type_support.cpp\n'}
[1.513833] (px4_msgs) StdoutLine: {'line': b'-- Up-to-date: /home/mcfb/ros2_ws/install/px4_msgs/include/px4_msgs/px4_msgs/msg/detail/gripper__type_support.cpp\n'}
[1.513904] (px4_msgs) StdoutLine: {'line': b'-- Up-to-date: /home/mcfb/ros2_ws/install/px4_msgs/include/px4_msgs/px4_msgs/msg/detail/system_power__type_support.cpp\n'}
[1.513953] (px4_msgs) StdoutLine: {'line': b'-- Up-to-date: /home/mcfb/ros2_ws/install/px4_msgs/include/px4_msgs/px4_msgs/msg/detail/debug_vect__type_support.cpp\n'}
[1.514049] (px4_msgs) StdoutLine: {'line': b'-- Up-to-date: /home/mcfb/ros2_ws/install/px4_msgs/include/px4_msgs/px4_msgs/msg/detail/rtl_status__type_support.cpp\n'}
[1.514106] (px4_msgs) StdoutLine: {'line': b'-- Up-to-date: /home/mcfb/ros2_ws/install/px4_msgs/include/px4_msgs/px4_msgs/msg/detail/orb_test_medium__type_support.cpp\n'}
[1.514153] (px4_msgs) StdoutLine: {'line': b'-- Up-to-date: /home/mcfb/ros2_ws/install/px4_msgs/include/px4_msgs/px4_msgs/msg/detail/sensor_correction__rosidl_typesupport_introspection_cpp.hpp\n'}
[1.514199] (px4_msgs) StdoutLine: {'line': b'-- Up-to-date: /home/mcfb/ros2_ws/install/px4_msgs/include/px4_msgs/px4_msgs/msg/detail/estimator_bias__type_support.cpp\n'}
[1.514243] (px4_msgs) StdoutLine: {'line': b'-- Up-to-date: /home/mcfb/ros2_ws/install/px4_msgs/include/px4_msgs/px4_msgs/msg/detail/dataman_response__type_support.cpp\n'}
[1.514288] (px4_msgs) StdoutLine: {'line': b'-- Up-to-date: /home/mcfb/ros2_ws/install/px4_msgs/include/px4_msgs/px4_msgs/msg/detail/sensor_gps__type_support.cpp\n'}
[1.514357] (px4_msgs) StdoutLine: {'line': b'-- Up-to-date: /home/mcfb/ros2_ws/install/px4_msgs/include/px4_msgs/px4_msgs/msg/detail/vehicle_imu_status__rosidl_typesupport_introspection_cpp.hpp\n'}
[1.514409] (px4_msgs) StdoutLine: {'line': b'-- Up-to-date: /home/mcfb/ros2_ws/install/px4_msgs/include/px4_msgs/px4_msgs/msg/detail/internal_combustion_engine_status__type_support.cpp\n'}
[1.514454] (px4_msgs) StdoutLine: {'line': b'-- Up-to-date: /home/mcfb/ros2_ws/install/px4_msgs/include/px4_msgs/px4_msgs/msg/detail/gimbal_manager_status__rosidl_typesupport_introspection_cpp.hpp\n'}
[1.514501] (px4_msgs) StdoutLine: {'line': b'-- Up-to-date: /home/mcfb/ros2_ws/install/px4_msgs/include/px4_msgs/px4_msgs/msg/detail/vehicle_command_ack__rosidl_typesupport_introspection_cpp.hpp\n'}
[1.514548] (px4_msgs) StdoutLine: {'line': b'-- Up-to-date: /home/mcfb/ros2_ws/install/px4_msgs/include/px4_msgs/px4_msgs/msg/detail/geofence_status__type_support.cpp\n'}
[1.514594] (px4_msgs) StdoutLine: {'line': b'-- Up-to-date: /home/mcfb/ros2_ws/install/px4_msgs/include/px4_msgs/px4_msgs/msg/detail/ekf2_timestamps__rosidl_typesupport_introspection_cpp.hpp\n'}
[1.514640] (px4_msgs) StdoutLine: {'line': b'-- Up-to-date: /home/mcfb/ros2_ws/install/px4_msgs/include/px4_msgs/px4_msgs/msg/detail/estimator_aid_source3d__rosidl_typesupport_introspection_cpp.hpp\n'}
[1.514686] (px4_msgs) StdoutLine: {'line': b'-- Up-to-date: /home/mcfb/ros2_ws/install/px4_msgs/include/px4_msgs/px4_msgs/msg/detail/failure_detector_status__rosidl_typesupport_introspection_cpp.hpp\n'}
[1.514733] (px4_msgs) StdoutLine: {'line': b'-- Up-to-date: /home/mcfb/ros2_ws/install/px4_msgs/include/px4_msgs/px4_msgs/msg/detail/px4io_status__rosidl_typesupport_introspection_cpp.hpp\n'}
[1.514779] (px4_msgs) StdoutLine: {'line': b'-- Up-to-date: /home/mcfb/ros2_ws/install/px4_msgs/include/px4_msgs/px4_msgs/msg/detail/pure_pursuit_status__rosidl_typesupport_introspection_cpp.hpp\n'}
[1.514824] (px4_msgs) StdoutLine: {'line': b'-- Up-to-date: /home/mcfb/ros2_ws/install/px4_msgs/include/px4_msgs/px4_msgs/msg/detail/vtol_vehicle_status__rosidl_typesupport_introspection_cpp.hpp\n'}
[1.514879] (px4_msgs) StdoutLine: {'line': b'-- Up-to-date: /home/mcfb/ros2_ws/install/px4_msgs/include/px4_msgs/px4_msgs/msg/detail/parameter_update__type_support.cpp\n'}
[1.514924] (px4_msgs) StdoutLine: {'line': b'-- Up-to-date: /home/mcfb/ros2_ws/install/px4_msgs/include/px4_msgs/px4_msgs/msg/detail/mount_orientation__rosidl_typesupport_introspection_cpp.hpp\n'}
[1.514970] (px4_msgs) StdoutLine: {'line': b'-- Up-to-date: /home/mcfb/ros2_ws/install/px4_msgs/include/px4_msgs/px4_msgs/msg/detail/parameter_reset_request__type_support.cpp\n'}
[1.515016] (px4_msgs) StdoutLine: {'line': b'-- Up-to-date: /home/mcfb/ros2_ws/install/px4_msgs/include/px4_msgs/px4_msgs/msg/detail/tecs_status__type_support.cpp\n'}
[1.515062] (px4_msgs) StdoutLine: {'line': b'-- Up-to-date: /home/mcfb/ros2_ws/install/px4_msgs/include/px4_msgs/px4_msgs/msg/detail/uavcan_parameter_value__rosidl_typesupport_introspection_cpp.hpp\n'}
[1.515138] (px4_msgs) StdoutLine: {'line': b'-- Up-to-date: /home/mcfb/ros2_ws/install/px4_msgs/include/px4_msgs/px4_msgs/msg/detail/cpuload__rosidl_typesupport_introspection_cpp.hpp\n'}
[1.515196] (px4_msgs) StdoutLine: {'line': b'-- Up-to-date: /home/mcfb/ros2_ws/install/px4_msgs/include/px4_msgs/px4_msgs/msg/detail/mavlink_tunnel__rosidl_typesupport_introspection_cpp.hpp\n'}
[1.515247] (px4_msgs) StdoutLine: {'line': b'-- Up-to-date: /home/mcfb/ros2_ws/install/px4_msgs/include/px4_msgs/px4_msgs/msg/detail/battery_status__rosidl_typesupport_introspection_cpp.hpp\n'}
[1.515294] (px4_msgs) StdoutLine: {'line': b'-- Up-to-date: /home/mcfb/ros2_ws/install/px4_msgs/include/px4_msgs/px4_msgs/msg/detail/debug_key_value__rosidl_typesupport_introspection_cpp.hpp\n'}
[1.515342] (px4_msgs) StdoutLine: {'line': b'-- Up-to-date: /home/mcfb/ros2_ws/install/px4_msgs/include/px4_msgs/px4_msgs/msg/detail/rc_channels__type_support.cpp\n'}
[1.515400] (px4_msgs) StdoutLine: {'line': b'-- Up-to-date: /home/mcfb/ros2_ws/install/px4_msgs/include/px4_msgs/px4_msgs/msg/detail/vtol_vehicle_status__type_support.cpp\n'}
[1.515449] (px4_msgs) StdoutLine: {'line': b'-- Up-to-date: /home/mcfb/ros2_ws/install/px4_msgs/include/px4_msgs/px4_msgs/msg/detail/vehicle_global_position__type_support.cpp\n'}
[1.515544] (px4_msgs) StdoutLine: {'line': b'-- Up-to-date: /home/mcfb/ros2_ws/install/px4_msgs/include/px4_msgs/px4_msgs/msg/detail/obstacle_distance__rosidl_typesupport_introspection_cpp.hpp\n'}
[1.515617] (px4_msgs) StdoutLine: {'line': b'-- Up-to-date: /home/mcfb/ros2_ws/install/px4_msgs/include/px4_msgs/px4_msgs/msg/detail/logger_status__rosidl_typesupport_introspection_cpp.hpp\n'}
[1.515676] (px4_msgs) StdoutLine: {'line': b'-- Up-to-date: /home/mcfb/ros2_ws/install/px4_msgs/include/px4_msgs/px4_msgs/msg/detail/onboard_computer_status__rosidl_typesupport_introspection_cpp.hpp\n'}
[1.515748] (px4_msgs) StdoutLine: {'line': b'-- Up-to-date: /home/mcfb/ros2_ws/install/px4_msgs/include/px4_msgs/px4_msgs/msg/detail/takeoff_status__rosidl_typesupport_introspection_cpp.hpp\n'}
[1.516010] (px4_msgs) StdoutLine: {'line': b'-- Up-to-date: /home/mcfb/ros2_ws/install/px4_msgs/include/px4_msgs/px4_msgs/msg/detail/longitudinal_control_configuration__rosidl_typesupport_introspection_cpp.hpp\n'}
[1.516101] (px4_msgs) StdoutLine: {'line': b'-- Up-to-date: /home/mcfb/ros2_ws/install/px4_msgs/include/px4_msgs/px4_msgs/msg/detail/logger_status__type_support.cpp\n'}
[1.516159] (px4_msgs) StdoutLine: {'line': b'-- Up-to-date: /home/mcfb/ros2_ws/install/px4_msgs/include/px4_msgs/px4_msgs/msg/detail/landing_gear__rosidl_typesupport_introspection_cpp.hpp\n'}
[1.516215] (px4_msgs) StdoutLine: {'line': b'-- Up-to-date: /home/mcfb/ros2_ws/install/px4_msgs/include/px4_msgs/px4_msgs/msg/detail/dataman_response__rosidl_typesupport_introspection_cpp.hpp\n'}
[1.516273] (px4_msgs) StdoutLine: {'line': b'-- Up-to-date: /home/mcfb/ros2_ws/install/px4_msgs/include/px4_msgs/px4_msgs/msg/detail/orbit_status__type_support.cpp\n'}
[1.516349] (px4_msgs) StdoutLine: {'line': b'-- Up-to-date: /home/mcfb/ros2_ws/install/px4_msgs/include/px4_msgs/px4_msgs/msg/detail/open_drone_id_arm_status__rosidl_typesupport_introspection_cpp.hpp\n'}
[1.516404] (px4_msgs) StdoutLine: {'line': b'-- Up-to-date: /home/mcfb/ros2_ws/install/px4_msgs/include/px4_msgs/px4_msgs/msg/detail/gimbal_controls__type_support.cpp\n'}
[1.516485] (px4_msgs) StdoutLine: {'line': b'-- Up-to-date: /home/mcfb/ros2_ws/install/px4_msgs/include/px4_msgs/px4_msgs/msg/detail/fixed_wing_lateral_guidance_status__rosidl_typesupport_introspection_cpp.hpp\n'}
[1.516544] (px4_msgs) StdoutLine: {'line': b'-- Up-to-date: /home/mcfb/ros2_ws/install/px4_msgs/include/px4_msgs/px4_msgs/msg/detail/sensor_gyro__rosidl_typesupport_introspection_cpp.hpp\n'}
[1.516596] (px4_msgs) StdoutLine: {'line': b'-- Up-to-date: /home/mcfb/ros2_ws/install/px4_msgs/include/px4_msgs/px4_msgs/msg/detail/register_ext_component_request__rosidl_typesupport_introspection_cpp.hpp\n'}
[1.516647] (px4_msgs) StdoutLine: {'line': b'-- Up-to-date: /home/mcfb/ros2_ws/install/px4_msgs/include/px4_msgs/px4_msgs/msg/detail/landing_target_pose__type_support.cpp\n'}
[1.516698] (px4_msgs) StdoutLine: {'line': b'-- Up-to-date: /home/mcfb/ros2_ws/install/px4_msgs/include/px4_msgs/px4_msgs/msg/detail/sensor_accel_fifo__type_support.cpp\n'}
[1.516760] (px4_msgs) StdoutLine: {'line': b'-- Up-to-date: /home/mcfb/ros2_ws/install/px4_msgs/include/px4_msgs/px4_msgs/msg/detail/rtl_time_estimate__rosidl_typesupport_introspection_cpp.hpp\n'}
[1.516916] (px4_msgs) StdoutLine: {'line': b'-- Up-to-date: /home/mcfb/ros2_ws/install/px4_msgs/include/px4_msgs/px4_msgs/msg/detail/gpio_out__type_support.cpp\n'}
[1.517051] (px4_msgs) StdoutLine: {'line': b'-- Up-to-date: /home/mcfb/ros2_ws/install/px4_msgs/include/px4_msgs/px4_msgs/msg/detail/parameter_reset_request__rosidl_typesupport_introspection_cpp.hpp\n'}
[1.517129] (px4_msgs) StdoutLine: {'line': b'-- Up-to-date: /home/mcfb/ros2_ws/install/px4_msgs/include/px4_msgs/px4_msgs/msg/detail/home_position__rosidl_typesupport_introspection_cpp.hpp\n'}
[1.517199] (px4_msgs) StdoutLine: {'line': b'-- Up-to-date: /home/mcfb/ros2_ws/install/px4_msgs/include/px4_msgs/px4_msgs/msg/detail/sensor_preflight_mag__type_support.cpp\n'}
[1.517248] (px4_msgs) StdoutLine: {'line': b'-- Up-to-date: /home/mcfb/ros2_ws/install/px4_msgs/include/px4_msgs/px4_msgs/msg/detail/px4io_status__type_support.cpp\n'}
[1.517388] (px4_msgs) StdoutLine: {'line': b'-- Up-to-date: /home/mcfb/ros2_ws/install/px4_msgs/include/px4_msgs/px4_msgs/msg/detail/airspeed__rosidl_typesupport_introspection_cpp.hpp\n'}
[1.517438] (px4_msgs) StdoutLine: {'line': b'-- Up-to-date: /home/mcfb/ros2_ws/install/px4_msgs/include/px4_msgs/px4_msgs/msg/detail/event__type_support.cpp\n'}
[1.517492] (px4_msgs) StdoutLine: {'line': b'-- Up-to-date: /home/mcfb/ros2_ws/install/px4_msgs/include/px4_msgs/px4_msgs/msg/detail/ping__type_support.cpp\n'}
[1.517562] (px4_msgs) StdoutLine: {'line': b'-- Up-to-date: /home/mcfb/ros2_ws/install/px4_msgs/include/px4_msgs/px4_msgs/msg/detail/fixed_wing_runway_control__rosidl_typesupport_introspection_cpp.hpp\n'}
[1.517617] (px4_msgs) StdoutLine: {'line': b'-- Up-to-date: /home/mcfb/ros2_ws/install/px4_msgs/include/px4_msgs/px4_msgs/msg/detail/estimator_event_flags__type_support.cpp\n'}
[1.517680] (px4_msgs) StdoutLine: {'line': b'-- Up-to-date: /home/mcfb/ros2_ws/install/px4_msgs/include/px4_msgs/px4_msgs/msg/detail/vehicle_magnetometer__rosidl_typesupport_introspection_cpp.hpp\n'}
[1.517734] (px4_msgs) StdoutLine: {'line': b'-- Up-to-date: /home/mcfb/ros2_ws/install/px4_msgs/include/px4_msgs/px4_msgs/msg/detail/offboard_control_mode__rosidl_typesupport_introspection_cpp.hpp\n'}
[1.517804] (px4_msgs) StdoutLine: {'line': b'-- Up-to-date: /home/mcfb/ros2_ws/install/px4_msgs/include/px4_msgs/px4_msgs/msg/detail/follow_target_status__rosidl_typesupport_introspection_cpp.hpp\n'}
[1.517863] (px4_msgs) StdoutLine: {'line': b'-- Up-to-date: /home/mcfb/ros2_ws/install/px4_msgs/include/px4_msgs/px4_msgs/msg/detail/rover_attitude_setpoint__type_support.cpp\n'}
[1.517908] (px4_msgs) StdoutLine: {'line': b'-- Up-to-date: /home/mcfb/ros2_ws/install/px4_msgs/include/px4_msgs/px4_msgs/msg/detail/sensor_uwb__rosidl_typesupport_introspection_cpp.hpp\n'}
[1.517962] (px4_msgs) StdoutLine: {'line': b'-- Up-to-date: /home/mcfb/ros2_ws/install/px4_msgs/include/px4_msgs/px4_msgs/msg/detail/vehicle_roi__rosidl_typesupport_introspection_cpp.hpp\n'}
[1.518025] (px4_msgs) StdoutLine: {'line': b'-- Up-to-date: /home/mcfb/ros2_ws/install/px4_msgs/include/px4_msgs/px4_msgs/msg/detail/estimator_states__rosidl_typesupport_introspection_cpp.hpp\n'}
[1.518088] (px4_msgs) StdoutLine: {'line': b'-- Up-to-date: /home/mcfb/ros2_ws/install/px4_msgs/include/px4_msgs/px4_msgs/msg/detail/gimbal_device_set_attitude__rosidl_typesupport_introspection_cpp.hpp\n'}
[1.518149] (px4_msgs) StdoutLine: {'line': b'-- Up-to-date: /home/mcfb/ros2_ws/install/px4_msgs/include/px4_msgs/px4_msgs/msg/detail/parameter_update__rosidl_typesupport_introspection_cpp.hpp\n'}
[1.518201] (px4_msgs) StdoutLine: {'line': b'-- Up-to-date: /home/mcfb/ros2_ws/install/px4_msgs/include/px4_msgs/px4_msgs/msg/detail/arming_check_request__rosidl_typesupport_introspection_cpp.hpp\n'}
[1.518244] (px4_msgs) StdoutLine: {'line': b'-- Up-to-date: /home/mcfb/ros2_ws/install/px4_msgs/include/px4_msgs/px4_msgs/msg/detail/pps_capture__rosidl_typesupport_introspection_cpp.hpp\n'}
[1.518286] (px4_msgs) StdoutLine: {'line': b'-- Up-to-date: /home/mcfb/ros2_ws/install/px4_msgs/include/px4_msgs/px4_msgs/msg/detail/rover_speed_setpoint__rosidl_typesupport_introspection_cpp.hpp\n'}
[1.518331] (px4_msgs) StdoutLine: {'line': b'-- Up-to-date: /home/mcfb/ros2_ws/install/px4_msgs/include/px4_msgs/px4_msgs/msg/detail/fixed_wing_longitudinal_setpoint__rosidl_typesupport_introspection_cpp.hpp\n'}
[1.518375] (px4_msgs) StdoutLine: {'line': b'-- Up-to-date: /home/mcfb/ros2_ws/install/px4_msgs/include/px4_msgs/px4_msgs/msg/detail/input_rc__type_support.cpp\n'}
[1.518420] (px4_msgs) StdoutLine: {'line': b'-- Up-to-date: /home/mcfb/ros2_ws/install/px4_msgs/include/px4_msgs/px4_msgs/msg/detail/normalized_unsigned_setpoint__rosidl_typesupport_introspection_cpp.hpp\n'}
[1.518474] (px4_msgs) StdoutLine: {'line': b'-- Up-to-date: /home/mcfb/ros2_ws/install/px4_msgs/include/px4_msgs/px4_msgs/msg/detail/config_overrides__type_support.cpp\n'}
[1.518559] (px4_msgs) StdoutLine: {'line': b'-- Up-to-date: /home/mcfb/ros2_ws/install/px4_msgs/include/px4_msgs/px4_msgs/msg/detail/pwm_input__type_support.cpp\n'}
[1.518601] (px4_msgs) StdoutLine: {'line': b'-- Up-to-date: /home/mcfb/ros2_ws/install/px4_msgs/include/px4_msgs/px4_msgs/msg/detail/rate_ctrl_status__type_support.cpp\n'}
[1.518643] (px4_msgs) StdoutLine: {'line': b'-- Up-to-date: /home/mcfb/ros2_ws/install/px4_msgs/include/px4_msgs/px4_msgs/msg/detail/gimbal_manager_information__rosidl_typesupport_introspection_cpp.hpp\n'}
[1.518685] (px4_msgs) StdoutLine: {'line': b'-- Up-to-date: /home/mcfb/ros2_ws/install/px4_msgs/include/px4_msgs/px4_msgs/msg/detail/collision_constraints__rosidl_typesupport_introspection_cpp.hpp\n'}
[1.518729] (px4_msgs) StdoutLine: {'line': b'-- Up-to-date: /home/mcfb/ros2_ws/install/px4_msgs/include/px4_msgs/px4_msgs/msg/detail/trajectory_setpoint__rosidl_typesupport_introspection_cpp.hpp\n'}
[1.518772] (px4_msgs) StdoutLine: {'line': b'-- Up-to-date: /home/mcfb/ros2_ws/install/px4_msgs/include/px4_msgs/px4_msgs/msg/detail/debug_key_value__type_support.cpp\n'}
[1.518818] (px4_msgs) StdoutLine: {'line': b'-- Up-to-date: /home/mcfb/ros2_ws/install/px4_msgs/include/px4_msgs/px4_msgs/msg/detail/gripper__rosidl_typesupport_introspection_cpp.hpp\n'}
[1.518871] (px4_msgs) StdoutLine: {'line': b'-- Up-to-date: /home/mcfb/ros2_ws/install/px4_msgs/include/px4_msgs/px4_msgs/msg/detail/mount_orientation__type_support.cpp\n'}
[1.518916] (px4_msgs) StdoutLine: {'line': b'-- Up-to-date: /home/mcfb/ros2_ws/install/px4_msgs/include/px4_msgs/px4_msgs/msg/detail/vehicle_rates_setpoint__type_support.cpp\n'}
[1.518959] (px4_msgs) StdoutLine: {'line': b'-- Up-to-date: /home/mcfb/ros2_ws/install/px4_msgs/include/px4_msgs/px4_msgs/msg/detail/flight_phase_estimation__type_support.cpp\n'}
[1.519005] (px4_msgs) StdoutLine: {'line': b'-- Up-to-date: /home/mcfb/ros2_ws/install/px4_msgs/include/px4_msgs/px4_msgs/msg/detail/vehicle_status__type_support.cpp\n'}
[1.519051] (px4_msgs) StdoutLine: {'line': b'-- Up-to-date: /home/mcfb/ros2_ws/install/px4_msgs/include/px4_msgs/px4_msgs/msg/detail/mag_worker_data__rosidl_typesupport_introspection_cpp.hpp\n'}
[1.519096] (px4_msgs) StdoutLine: {'line': b'-- Up-to-date: /home/mcfb/ros2_ws/install/px4_msgs/include/px4_msgs/px4_msgs/msg/detail/position_controller_landing_status__type_support.cpp\n'}
[1.519198] (px4_msgs) StdoutLine: {'line': b'-- Up-to-date: /home/mcfb/ros2_ws/install/px4_msgs/include/px4_msgs/px4_msgs/msg/detail/gimbal_manager_set_manual_control__type_support.cpp\n'}
[1.519292] (px4_msgs) StdoutLine: {'line': b'-- Up-to-date: /home/mcfb/ros2_ws/install/px4_msgs/include/px4_msgs/px4_msgs/msg/detail/sensor_airflow__type_support.cpp\n'}
[1.519356] (px4_msgs) StdoutLine: {'line': b'-- Up-to-date: /home/mcfb/ros2_ws/install/px4_msgs/include/px4_msgs/px4_msgs/msg/detail/landing_gear_wheel__type_support.cpp\n'}
[1.519427] (px4_msgs) StdoutLine: {'line': b'-- Up-to-date: /home/mcfb/ros2_ws/install/px4_msgs/include/px4_msgs/px4_msgs/msg/detail/estimator_gps_status__type_support.cpp\n'}
[1.519528] (px4_msgs) StdoutLine: {'line': b'-- Up-to-date: /home/mcfb/ros2_ws/install/px4_msgs/include/px4_msgs/px4_msgs/msg/detail/gps_inject_data__type_support.cpp\n'}
[1.519579] (px4_msgs) StdoutLine: {'line': b'-- Up-to-date: /home/mcfb/ros2_ws/install/px4_msgs/include/px4_msgs/px4_msgs/msg/detail/launch_detection_status__type_support.cpp\n'}
[1.519644] (px4_msgs) StdoutLine: {'line': b'-- Up-to-date: /home/mcfb/ros2_ws/install/px4_msgs/include/px4_msgs/px4_msgs/msg/detail/irlock_report__rosidl_typesupport_introspection_cpp.hpp\n'}
[1.519720] (px4_msgs) StdoutLine: {'line': b'-- Up-to-date: /home/mcfb/ros2_ws/install/px4_msgs/include/px4_msgs/px4_msgs/msg/detail/navigator_status__rosidl_typesupport_introspection_cpp.hpp\n'}
[1.519768] (px4_msgs) StdoutLine: {'line': b'-- Up-to-date: /home/mcfb/ros2_ws/install/px4_msgs/include/px4_msgs/px4_msgs/msg/detail/gpio_config__type_support.cpp\n'}
[1.519816] (px4_msgs) StdoutLine: {'line': b'-- Up-to-date: /home/mcfb/ros2_ws/install/px4_msgs/include/px4_msgs/px4_msgs/msg/detail/offboard_control_mode__type_support.cpp\n'}
[1.519876] (px4_msgs) StdoutLine: {'line': b'-- Up-to-date: /home/mcfb/ros2_ws/install/px4_msgs/include/px4_msgs/px4_msgs/msg/detail/follow_target_status__type_support.cpp\n'}
[1.519922] (px4_msgs) StdoutLine: {'line': b'-- Up-to-date: /home/mcfb/ros2_ws/install/px4_msgs/include/px4_msgs/px4_msgs/msg/detail/camera_trigger__rosidl_typesupport_introspection_cpp.hpp\n'}
[1.519970] (px4_msgs) StdoutLine: {'line': b'-- Up-to-date: /home/mcfb/ros2_ws/install/px4_msgs/include/px4_msgs/px4_msgs/msg/detail/open_drone_id_operator_id__rosidl_typesupport_introspection_cpp.hpp\n'}
[1.520017] (px4_msgs) StdoutLine: {'line': b'-- Up-to-date: /home/mcfb/ros2_ws/install/px4_msgs/include/px4_msgs/px4_msgs/msg/detail/mission_result__rosidl_typesupport_introspection_cpp.hpp\n'}
[1.520063] (px4_msgs) StdoutLine: {'line': b'-- Up-to-date: /home/mcfb/ros2_ws/install/px4_msgs/include/px4_msgs/px4_msgs/msg/detail/failsafe_flags__type_support.cpp\n'}
[1.520112] (px4_msgs) StdoutLine: {'line': b'-- Up-to-date: /home/mcfb/ros2_ws/install/px4_msgs/include/px4_msgs/px4_msgs/msg/detail/wind__type_support.cpp\n'}
[1.520159] (px4_msgs) StdoutLine: {'line': b'-- Up-to-date: /home/mcfb/ros2_ws/install/px4_msgs/include/px4_msgs/px4_msgs/msg/detail/debug_array__type_support.cpp\n'}
[1.520205] (px4_msgs) StdoutLine: {'line': b'-- Up-to-date: /home/mcfb/ros2_ws/install/px4_msgs/include/px4_msgs/px4_msgs/msg/detail/vehicle_attitude_setpoint__type_support.cpp\n'}
[1.520251] (px4_msgs) StdoutLine: {'line': b'-- Up-to-date: /home/mcfb/ros2_ws/install/px4_msgs/include/px4_msgs/px4_msgs/msg/detail/rate_ctrl_status__rosidl_typesupport_introspection_cpp.hpp\n'}
[1.520297] (px4_msgs) StdoutLine: {'line': b'-- Up-to-date: /home/mcfb/ros2_ws/install/px4_msgs/include/px4_msgs/px4_msgs/msg/detail/orb_test_large__rosidl_typesupport_introspection_cpp.hpp\n'}
[1.520348] (px4_msgs) StdoutLine: {'line': b'-- Up-to-date: /home/mcfb/ros2_ws/install/px4_msgs/include/px4_msgs/px4_msgs/msg/detail/vehicle_constraints__rosidl_typesupport_introspection_cpp.hpp\n'}
[1.520401] (px4_msgs) StdoutLine: {'line': b'-- Up-to-date: /home/mcfb/ros2_ws/install/px4_msgs/include/px4_msgs/px4_msgs/msg/detail/position_setpoint__rosidl_typesupport_introspection_cpp.hpp\n'}
[1.520451] (px4_msgs) StdoutLine: {'line': b'-- Up-to-date: /home/mcfb/ros2_ws/install/px4_msgs/include/px4_msgs/px4_msgs/msg/detail/control_allocator_status__rosidl_typesupport_introspection_cpp.hpp\n'}
[1.520502] (px4_msgs) StdoutLine: {'line': b'-- Up-to-date: /home/mcfb/ros2_ws/install/px4_msgs/include/px4_msgs/px4_msgs/msg/detail/actuator_test__rosidl_typesupport_introspection_cpp.hpp\n'}
[1.520549] (px4_msgs) StdoutLine: {'line': b'-- Up-to-date: /home/mcfb/ros2_ws/install/px4_msgs/include/px4_msgs/px4_msgs/msg/detail/actuator_servos__rosidl_typesupport_introspection_cpp.hpp\n'}
[1.520597] (px4_msgs) StdoutLine: {'line': b'-- Up-to-date: /home/mcfb/ros2_ws/install/px4_msgs/include/px4_msgs/px4_msgs/msg/detail/actuator_controls_status__rosidl_typesupport_introspection_cpp.hpp\n'}
[1.520646] (px4_msgs) StdoutLine: {'line': b'-- Up-to-date: /home/mcfb/ros2_ws/install/px4_msgs/include/px4_msgs/px4_msgs/msg/detail/open_drone_id_system__rosidl_typesupport_introspection_cpp.hpp\n'}
[1.520693] (px4_msgs) StdoutLine: {'line': b'-- Up-to-date: /home/mcfb/ros2_ws/install/px4_msgs/include/px4_msgs/px4_msgs/msg/detail/goto_setpoint__type_support.cpp\n'}
[1.520785] (px4_msgs) StdoutLine: {'line': b'-- Up-to-date: /home/mcfb/ros2_ws/install/px4_msgs/include/px4_msgs/px4_msgs/msg/detail/vehicle_optical_flow_vel__rosidl_typesupport_introspection_cpp.hpp\n'}
[1.520832] (px4_msgs) StdoutLine: {'line': b'-- Up-to-date: /home/mcfb/ros2_ws/install/px4_msgs/include/px4_msgs/px4_msgs/msg/detail/gimbal_device_information__rosidl_typesupport_introspection_cpp.hpp\n'}
[1.520881] (px4_msgs) StdoutLine: {'line': b'-- Up-to-date: /home/mcfb/ros2_ws/install/px4_msgs/include/px4_msgs/px4_msgs/msg/detail/register_ext_component_reply__rosidl_typesupport_introspection_cpp.hpp\n'}
[1.520930] (px4_msgs) StdoutLine: {'line': b'-- Up-to-date: /home/mcfb/ros2_ws/install/px4_msgs/include/px4_msgs/px4_msgs/msg/detail/magnetometer_bias_estimate__rosidl_typesupport_introspection_cpp.hpp\n'}
[1.520978] (px4_msgs) StdoutLine: {'line': b'-- Up-to-date: /home/mcfb/ros2_ws/install/px4_msgs/include/px4_msgs/px4_msgs/msg/detail/fixed_wing_lateral_status__rosidl_typesupport_introspection_cpp.hpp\n'}
[1.521053] (px4_msgs) StdoutLine: {'line': b'-- Up-to-date: /home/mcfb/ros2_ws/install/px4_msgs/include/px4_msgs/px4_msgs/msg/detail/actuator_armed__rosidl_typesupport_introspection_cpp.hpp\n'}
[1.521097] (px4_msgs) StdoutLine: {'line': b'-- Up-to-date: /home/mcfb/ros2_ws/install/px4_msgs/include/px4_msgs/px4_msgs/msg/detail/trajectory_setpoint__type_support.cpp\n'}
[1.521148] (px4_msgs) StdoutLine: {'line': b'-- Up-to-date: /home/mcfb/ros2_ws/install/px4_msgs/include/px4_msgs/px4_msgs/msg/detail/rover_attitude_setpoint__rosidl_typesupport_introspection_cpp.hpp\n'}
[1.521200] (px4_msgs) StdoutLine: {'line': b'-- Up-to-date: /home/mcfb/ros2_ws/install/px4_msgs/include/px4_msgs/px4_msgs/msg/detail/wheel_encoders__rosidl_typesupport_introspection_cpp.hpp\n'}
[1.521249] (px4_msgs) StdoutLine: {'line': b'-- Up-to-date: /home/mcfb/ros2_ws/install/px4_msgs/include/px4_msgs/px4_msgs/msg/detail/rover_steering_setpoint__rosidl_typesupport_introspection_cpp.hpp\n'}
[1.521297] (px4_msgs) StdoutLine: {'line': b'-- Up-to-date: /home/mcfb/ros2_ws/install/px4_msgs/include/px4_msgs/px4_msgs/msg/detail/estimator_aid_source2d__type_support.cpp\n'}
[1.521347] (px4_msgs) StdoutLine: {'line': b'-- Up-to-date: /home/mcfb/ros2_ws/install/px4_msgs/include/px4_msgs/px4_msgs/msg/detail/sensor_airflow__rosidl_typesupport_introspection_cpp.hpp\n'}
[1.521395] (px4_msgs) StdoutLine: {'line': b'-- Up-to-date: /home/mcfb/ros2_ws/install/px4_msgs/include/px4_msgs/px4_msgs/msg/detail/estimator_sensor_bias__rosidl_typesupport_introspection_cpp.hpp\n'}
[1.521470] (px4_msgs) StdoutLine: {'line': b'-- Up-to-date: /home/mcfb/ros2_ws/install/px4_msgs/include/px4_msgs/px4_msgs/msg/detail/navigator_mission_item__type_support.cpp\n'}
[1.521515] (px4_msgs) StdoutLine: {'line': b'-- Up-to-date: /home/mcfb/ros2_ws/install/px4_msgs/include/px4_msgs/px4_msgs/msg/detail/airspeed_validated__rosidl_typesupport_introspection_cpp.hpp\n'}
[1.521561] (px4_msgs) StdoutLine: {'line': b'-- Up-to-date: /home/mcfb/ros2_ws/install/px4_msgs/include/px4_msgs/px4_msgs/msg/detail/mode_completed__rosidl_typesupport_introspection_cpp.hpp\n'}
[1.521609] (px4_msgs) StdoutLine: {'line': b'-- Up-to-date: /home/mcfb/ros2_ws/install/px4_msgs/include/px4_msgs/px4_msgs/msg/detail/message_format_response__rosidl_typesupport_introspection_cpp.hpp\n'}
[1.521662] (px4_msgs) StdoutLine: {'line': b'-- Up-to-date: /home/mcfb/ros2_ws/install/px4_msgs/include/px4_msgs/px4_msgs/msg/detail/heater_status__type_support.cpp\n'}
[1.521711] (px4_msgs) StdoutLine: {'line': b'-- Up-to-date: /home/mcfb/ros2_ws/install/px4_msgs/include/px4_msgs/px4_msgs/msg/detail/system_power__rosidl_typesupport_introspection_cpp.hpp\n'}
[1.521796] (px4_msgs) StdoutLine: {'line': b'-- Up-to-date: /home/mcfb/ros2_ws/install/px4_msgs/include/px4_msgs/px4_msgs/msg/detail/autotune_attitude_control_status__type_support.cpp\n'}
[1.521850] (px4_msgs) StdoutLine: {'line': b'-- Up-to-date: /home/mcfb/ros2_ws/install/px4_msgs/include/px4_msgs/px4_msgs/msg/detail/estimator_status_flags__type_support.cpp\n'}
[1.521903] (px4_msgs) StdoutLine: {'line': b'-- Up-to-date: /home/mcfb/ros2_ws/install/px4_msgs/lib/libpx4_msgs__rosidl_typesupport_introspection_cpp.so\n'}
[1.521954] (px4_msgs) StdoutLine: {'line': b'-- Up-to-date: /home/mcfb/ros2_ws/install/px4_msgs/lib/libpx4_msgs__rosidl_typesupport_cpp.so\n'}
[1.522009] (px4_msgs) StdoutLine: {'line': b'-- Up-to-date: /home/mcfb/ros2_ws/install/px4_msgs/share/px4_msgs/environment/pythonpath.sh\n'}
[1.522064] (px4_msgs) StdoutLine: {'line': b'-- Up-to-date: /home/mcfb/ros2_ws/install/px4_msgs/share/px4_msgs/environment/pythonpath.dsv\n'}
[1.522120] (px4_msgs) StdoutLine: {'line': b'-- Up-to-date: /home/mcfb/ros2_ws/install/px4_msgs/lib/python3.12/site-packages/px4_msgs-2.0.1-py3.12.egg-info\n'}
[1.522181] (px4_msgs) StdoutLine: {'line': b'-- Installing: /home/mcfb/ros2_ws/install/px4_msgs/lib/python3.12/site-packages/px4_msgs-2.0.1-py3.12.egg-info/dependency_links.txt\n'}
[1.522287] (px4_msgs) StdoutLine: {'line': b'-- Installing: /home/mcfb/ros2_ws/install/px4_msgs/lib/python3.12/site-packages/px4_msgs-2.0.1-py3.12.egg-info/SOURCES.txt\n'}
[1.522341] (px4_msgs) StdoutLine: {'line': b'-- Installing: /home/mcfb/ros2_ws/install/px4_msgs/lib/python3.12/site-packages/px4_msgs-2.0.1-py3.12.egg-info/top_level.txt\n'}
[1.522394] (px4_msgs) StdoutLine: {'line': b'-- Installing: /home/mcfb/ros2_ws/install/px4_msgs/lib/python3.12/site-packages/px4_msgs-2.0.1-py3.12.egg-info/PKG-INFO\n'}
[1.522449] (px4_msgs) StdoutLine: {'line': b'-- Up-to-date: /home/mcfb/ros2_ws/install/px4_msgs/lib/python3.12/site-packages/px4_msgs\n'}
[1.522535] (px4_msgs) StdoutLine: {'line': b'-- Up-to-date: /home/mcfb/ros2_ws/install/px4_msgs/lib/python3.12/site-packages/px4_msgs/srv\n'}
[1.522586] (px4_msgs) StdoutLine: {'line': b'-- Up-to-date: /home/mcfb/ros2_ws/install/px4_msgs/lib/python3.12/site-packages/px4_msgs/srv/_vehicle_command_s.c\n'}
[1.522635] (px4_msgs) StdoutLine: {'line': b'-- Up-to-date: /home/mcfb/ros2_ws/install/px4_msgs/lib/python3.12/site-packages/px4_msgs/srv/__init__.py\n'}
[1.522685] (px4_msgs) StdoutLine: {'line': b'-- Up-to-date: /home/mcfb/ros2_ws/install/px4_msgs/lib/python3.12/site-packages/px4_msgs/srv/_vehicle_command.py\n'}
[1.522731] (px4_msgs) StdoutLine: {'line': b'-- Up-to-date: /home/mcfb/ros2_ws/install/px4_msgs/lib/python3.12/site-packages/px4_msgs/px4_msgs_s__rosidl_typesupport_introspection_c.so\n'}
[1.522787] (px4_msgs) StdoutLine: {'line': b'-- Up-to-date: /home/mcfb/ros2_ws/install/px4_msgs/lib/python3.12/site-packages/px4_msgs/msg\n'}
[1.522841] (px4_msgs) StdoutLine: {'line': b'-- Up-to-date: /home/mcfb/ros2_ws/install/px4_msgs/lib/python3.12/site-packages/px4_msgs/msg/_rpm_s.c\n'}
[1.522905] (px4_msgs) StdoutLine: {'line': b'-- Up-to-date: /home/mcfb/ros2_ws/install/px4_msgs/lib/python3.12/site-packages/px4_msgs/msg/_actuator_controls_status_s.c\n'}
[1.522959] (px4_msgs) StdoutLine: {'line': b'-- Up-to-date: /home/mcfb/ros2_ws/install/px4_msgs/lib/python3.12/site-packages/px4_msgs/msg/_vehicle_acceleration_s.c\n'}
[1.523016] (px4_msgs) StdoutLine: {'line': b'-- Up-to-date: /home/mcfb/ros2_ws/install/px4_msgs/lib/python3.12/site-packages/px4_msgs/msg/_fixed_wing_lateral_setpoint_s.c\n'}
[1.523068] (px4_msgs) StdoutLine: {'line': b'-- Up-to-date: /home/mcfb/ros2_ws/install/px4_msgs/lib/python3.12/site-packages/px4_msgs/msg/_camera_status.py\n'}
[1.523117] (px4_msgs) StdoutLine: {'line': b'-- Up-to-date: /home/mcfb/ros2_ws/install/px4_msgs/lib/python3.12/site-packages/px4_msgs/msg/_estimator_status_s.c\n'}
[1.523168] (px4_msgs) StdoutLine: {'line': b'-- Up-to-date: /home/mcfb/ros2_ws/install/px4_msgs/lib/python3.12/site-packages/px4_msgs/msg/_manual_control_setpoint.py\n'}
[1.523239] (px4_msgs) StdoutLine: {'line': b'-- Up-to-date: /home/mcfb/ros2_ws/install/px4_msgs/lib/python3.12/site-packages/px4_msgs/msg/_wheel_encoders_s.c\n'}
[1.523304] (px4_msgs) StdoutLine: {'line': b'-- Up-to-date: /home/mcfb/ros2_ws/install/px4_msgs/lib/python3.12/site-packages/px4_msgs/msg/_goto_setpoint.py\n'}
[1.523355] (px4_msgs) StdoutLine: {'line': b'-- Up-to-date: /home/mcfb/ros2_ws/install/px4_msgs/lib/python3.12/site-packages/px4_msgs/msg/_flight_phase_estimation.py\n'}
[1.523403] (px4_msgs) StdoutLine: {'line': b'-- Up-to-date: /home/mcfb/ros2_ws/install/px4_msgs/lib/python3.12/site-packages/px4_msgs/msg/_hover_thrust_estimate_s.c\n'}
[1.523450] (px4_msgs) StdoutLine: {'line': b'-- Up-to-date: /home/mcfb/ros2_ws/install/px4_msgs/lib/python3.12/site-packages/px4_msgs/msg/_takeoff_status.py\n'}
[1.523499] (px4_msgs) StdoutLine: {'line': b'-- Up-to-date: /home/mcfb/ros2_ws/install/px4_msgs/lib/python3.12/site-packages/px4_msgs/msg/_landing_target_pose_s.c\n'}
[1.523547] (px4_msgs) StdoutLine: {'line': b'-- Up-to-date: /home/mcfb/ros2_ws/install/px4_msgs/lib/python3.12/site-packages/px4_msgs/msg/_message_format_response.py\n'}
[1.523645] (px4_msgs) StdoutLine: {'line': b'-- Up-to-date: /home/mcfb/ros2_ws/install/px4_msgs/lib/python3.12/site-packages/px4_msgs/msg/_actuator_motors_s.c\n'}
[1.523707] (px4_msgs) StdoutLine: {'line': b'-- Up-to-date: /home/mcfb/ros2_ws/install/px4_msgs/lib/python3.12/site-packages/px4_msgs/msg/_vehicle_attitude_setpoint_s.c\n'}
[1.523760] (px4_msgs) StdoutLine: {'line': b'-- Up-to-date: /home/mcfb/ros2_ws/install/px4_msgs/lib/python3.12/site-packages/px4_msgs/msg/_fixed_wing_runway_control.py\n'}
[1.523828] (px4_msgs) StdoutLine: {'line': b'-- Up-to-date: /home/mcfb/ros2_ws/install/px4_msgs/lib/python3.12/site-packages/px4_msgs/msg/_power_monitor_s.c\n'}
[1.523907] (px4_msgs) StdoutLine: {'line': b'-- Up-to-date: /home/mcfb/ros2_ws/install/px4_msgs/lib/python3.12/site-packages/px4_msgs/msg/_debug_key_value_s.c\n'}
[1.523959] (px4_msgs) StdoutLine: {'line': b'-- Up-to-date: /home/mcfb/ros2_ws/install/px4_msgs/lib/python3.12/site-packages/px4_msgs/msg/_camera_status_s.c\n'}
[1.524008] (px4_msgs) StdoutLine: {'line': b'-- Up-to-date: /home/mcfb/ros2_ws/install/px4_msgs/lib/python3.12/site-packages/px4_msgs/msg/_tecs_status.py\n'}
[1.524057] (px4_msgs) StdoutLine: {'line': b'-- Up-to-date: /home/mcfb/ros2_ws/install/px4_msgs/lib/python3.12/site-packages/px4_msgs/msg/_estimator_event_flags.py\n'}
[1.524104] (px4_msgs) StdoutLine: {'line': b'-- Up-to-date: /home/mcfb/ros2_ws/install/px4_msgs/lib/python3.12/site-packages/px4_msgs/msg/_vehicle_local_position_s.c\n'}
[1.524151] (px4_msgs) StdoutLine: {'line': b'-- Up-to-date: /home/mcfb/ros2_ws/install/px4_msgs/lib/python3.12/site-packages/px4_msgs/msg/_mavlink_log_s.c\n'}
[1.524259] (px4_msgs) StdoutLine: {'line': b'-- Up-to-date: /home/mcfb/ros2_ws/install/px4_msgs/lib/python3.12/site-packages/px4_msgs/msg/_adc_report.py\n'}
[1.524330] (px4_msgs) StdoutLine: {'line': b'-- Up-to-date: /home/mcfb/ros2_ws/install/px4_msgs/lib/python3.12/site-packages/px4_msgs/msg/_battery_status_s.c\n'}
[1.524377] (px4_msgs) StdoutLine: {'line': b'-- Up-to-date: /home/mcfb/ros2_ws/install/px4_msgs/lib/python3.12/site-packages/px4_msgs/msg/_longitudinal_control_configuration_s.c\n'}
[1.524423] (px4_msgs) StdoutLine: {'line': b'-- Up-to-date: /home/mcfb/ros2_ws/install/px4_msgs/lib/python3.12/site-packages/px4_msgs/msg/_navigator_mission_item.py\n'}
[1.524470] (px4_msgs) StdoutLine: {'line': b'-- Up-to-date: /home/mcfb/ros2_ws/install/px4_msgs/lib/python3.12/site-packages/px4_msgs/msg/_open_drone_id_arm_status_s.c\n'}
[1.524519] (px4_msgs) StdoutLine: {'line': b'-- Up-to-date: /home/mcfb/ros2_ws/install/px4_msgs/lib/python3.12/site-packages/px4_msgs/msg/_obstacle_distance_s.c\n'}
[1.524567] (px4_msgs) StdoutLine: {'line': b'-- Up-to-date: /home/mcfb/ros2_ws/install/px4_msgs/lib/python3.12/site-packages/px4_msgs/msg/_actuator_motors.py\n'}
[1.524618] (px4_msgs) StdoutLine: {'line': b'-- Up-to-date: /home/mcfb/ros2_ws/install/px4_msgs/lib/python3.12/site-packages/px4_msgs/msg/_actuator_servos_trim.py\n'}
[1.524669] (px4_msgs) StdoutLine: {'line': b'-- Up-to-date: /home/mcfb/ros2_ws/install/px4_msgs/lib/python3.12/site-packages/px4_msgs/msg/_sensors_status_imu.py\n'}
[1.524719] (px4_msgs) StdoutLine: {'line': b'-- Up-to-date: /home/mcfb/ros2_ws/install/px4_msgs/lib/python3.12/site-packages/px4_msgs/msg/_airspeed_validated.py\n'}
[1.524769] (px4_msgs) StdoutLine: {'line': b'-- Up-to-date: /home/mcfb/ros2_ws/install/px4_msgs/lib/python3.12/site-packages/px4_msgs/msg/_rover_rate_status.py\n'}
[1.524818] (px4_msgs) StdoutLine: {'line': b'-- Up-to-date: /home/mcfb/ros2_ws/install/px4_msgs/lib/python3.12/site-packages/px4_msgs/msg/_parameter_set_used_request.py\n'}
[1.524897] (px4_msgs) StdoutLine: {'line': b'-- Up-to-date: /home/mcfb/ros2_ws/install/px4_msgs/lib/python3.12/site-packages/px4_msgs/msg/_magnetometer_bias_estimate.py\n'}
[1.524940] (px4_msgs) StdoutLine: {'line': b'-- Up-to-date: /home/mcfb/ros2_ws/install/px4_msgs/lib/python3.12/site-packages/px4_msgs/msg/_gimbal_device_information_s.c\n'}
[1.524986] (px4_msgs) StdoutLine: {'line': b'-- Up-to-date: /home/mcfb/ros2_ws/install/px4_msgs/lib/python3.12/site-packages/px4_msgs/msg/_estimator_status_flags.py\n'}
[1.525028] (px4_msgs) StdoutLine: {'line': b'-- Up-to-date: /home/mcfb/ros2_ws/install/px4_msgs/lib/python3.12/site-packages/px4_msgs/msg/_pps_capture.py\n'}
[1.525077] (px4_msgs) StdoutLine: {'line': b'-- Up-to-date: /home/mcfb/ros2_ws/install/px4_msgs/lib/python3.12/site-packages/px4_msgs/msg/_sensor_uwb_s.c\n'}
[1.525125] (px4_msgs) StdoutLine: {'line': b'-- Up-to-date: /home/mcfb/ros2_ws/install/px4_msgs/lib/python3.12/site-packages/px4_msgs/msg/_qshell_retval_s.c\n'}
[1.525171] (px4_msgs) StdoutLine: {'line': b'-- Up-to-date: /home/mcfb/ros2_ws/install/px4_msgs/lib/python3.12/site-packages/px4_msgs/msg/_vehicle_status.py\n'}
[1.525218] (px4_msgs) StdoutLine: {'line': b'-- Up-to-date: /home/mcfb/ros2_ws/install/px4_msgs/lib/python3.12/site-packages/px4_msgs/msg/_normalized_unsigned_setpoint_s.c\n'}
[1.525267] (px4_msgs) StdoutLine: {'line': b'-- Up-to-date: /home/mcfb/ros2_ws/install/px4_msgs/lib/python3.12/site-packages/px4_msgs/msg/_qshell_retval.py\n'}
[1.525314] (px4_msgs) StdoutLine: {'line': b'-- Up-to-date: /home/mcfb/ros2_ws/install/px4_msgs/lib/python3.12/site-packages/px4_msgs/msg/_fixed_wing_lateral_guidance_status_s.c\n'}
[1.525361] (px4_msgs) StdoutLine: {'line': b'-- Up-to-date: /home/mcfb/ros2_ws/install/px4_msgs/lib/python3.12/site-packages/px4_msgs/msg/_rover_throttle_setpoint_s.c\n'}
[1.525408] (px4_msgs) StdoutLine: {'line': b'-- Up-to-date: /home/mcfb/ros2_ws/install/px4_msgs/lib/python3.12/site-packages/px4_msgs/msg/_velocity_limits_s.c\n'}
[1.525455] (px4_msgs) StdoutLine: {'line': b'-- Up-to-date: /home/mcfb/ros2_ws/install/px4_msgs/lib/python3.12/site-packages/px4_msgs/msg/_position_setpoint_triplet.py\n'}
[1.525505] (px4_msgs) StdoutLine: {'line': b'-- Up-to-date: /home/mcfb/ros2_ws/install/px4_msgs/lib/python3.12/site-packages/px4_msgs/msg/_follow_target.py\n'}
[1.525553] (px4_msgs) StdoutLine: {'line': b'-- Up-to-date: /home/mcfb/ros2_ws/install/px4_msgs/lib/python3.12/site-packages/px4_msgs/msg/_log_message.py\n'}
[1.525601] (px4_msgs) StdoutLine: {'line': b'-- Up-to-date: /home/mcfb/ros2_ws/install/px4_msgs/lib/python3.12/site-packages/px4_msgs/msg/_gps_inject_data_s.c\n'}
[1.525649] (px4_msgs) StdoutLine: {'line': b'-- Up-to-date: /home/mcfb/ros2_ws/install/px4_msgs/lib/python3.12/site-packages/px4_msgs/msg/_button_event.py\n'}
[1.525695] (px4_msgs) StdoutLine: {'line': b'-- Up-to-date: /home/mcfb/ros2_ws/install/px4_msgs/lib/python3.12/site-packages/px4_msgs/msg/_follow_target_s.c\n'}
[1.525743] (px4_msgs) StdoutLine: {'line': b'-- Up-to-date: /home/mcfb/ros2_ws/install/px4_msgs/lib/python3.12/site-packages/px4_msgs/msg/_sensor_optical_flow_s.c\n'}
[1.525790] (px4_msgs) StdoutLine: {'line': b'-- Up-to-date: /home/mcfb/ros2_ws/install/px4_msgs/lib/python3.12/site-packages/px4_msgs/msg/_position_controller_status_s.c\n'}
[1.525839] (px4_msgs) StdoutLine: {'line': b'-- Up-to-date: /home/mcfb/ros2_ws/install/px4_msgs/lib/python3.12/site-packages/px4_msgs/msg/_gimbal_manager_set_attitude_s.c\n'}
[1.525924] (px4_msgs) StdoutLine: {'line': b'-- Up-to-date: /home/mcfb/ros2_ws/install/px4_msgs/lib/python3.12/site-packages/px4_msgs/msg/_figure_eight_status_s.c\n'}
[1.525970] (px4_msgs) StdoutLine: {'line': b'-- Up-to-date: /home/mcfb/ros2_ws/install/px4_msgs/lib/python3.12/site-packages/px4_msgs/msg/_heater_status.py\n'}
[1.526019] (px4_msgs) StdoutLine: {'line': b'-- Up-to-date: /home/mcfb/ros2_ws/install/px4_msgs/lib/python3.12/site-packages/px4_msgs/msg/_vehicle_status_s.c\n'}
[1.526063] (px4_msgs) StdoutLine: {'line': b'-- Up-to-date: /home/mcfb/ros2_ws/install/px4_msgs/lib/python3.12/site-packages/px4_msgs/msg/_wind_s.c\n'}
[1.526105] (px4_msgs) StdoutLine: {'line': b'-- Up-to-date: /home/mcfb/ros2_ws/install/px4_msgs/lib/python3.12/site-packages/px4_msgs/msg/_log_message_s.c\n'}
[1.526148] (px4_msgs) StdoutLine: {'line': b'-- Up-to-date: /home/mcfb/ros2_ws/install/px4_msgs/lib/python3.12/site-packages/px4_msgs/msg/_estimator_states.py\n'}
[1.526193] (px4_msgs) StdoutLine: {'line': b'-- Up-to-date: /home/mcfb/ros2_ws/install/px4_msgs/lib/python3.12/site-packages/px4_msgs/msg/_cpuload.py\n'}
[1.526236] (px4_msgs) StdoutLine: {'line': b'-- Up-to-date: /home/mcfb/ros2_ws/install/px4_msgs/lib/python3.12/site-packages/px4_msgs/msg/_tecs_status_s.c\n'}
[1.526279] (px4_msgs) StdoutLine: {'line': b'-- Up-to-date: /home/mcfb/ros2_ws/install/px4_msgs/lib/python3.12/site-packages/px4_msgs/msg/_lateral_control_configuration.py\n'}
[1.526320] (px4_msgs) StdoutLine: {'line': b'-- Up-to-date: /home/mcfb/ros2_ws/install/px4_msgs/lib/python3.12/site-packages/px4_msgs/msg/_sensor_gyro_s.c\n'}
[1.526364] (px4_msgs) StdoutLine: {'line': b'-- Up-to-date: /home/mcfb/ros2_ws/install/px4_msgs/lib/python3.12/site-packages/px4_msgs/msg/_failsafe_flags_s.c\n'}
[1.526408] (px4_msgs) StdoutLine: {'line': b'-- Up-to-date: /home/mcfb/ros2_ws/install/px4_msgs/lib/python3.12/site-packages/px4_msgs/msg/_estimator_gps_status_s.c\n'}
[1.526454] (px4_msgs) StdoutLine: {'line': b'-- Up-to-date: /home/mcfb/ros2_ws/install/px4_msgs/lib/python3.12/site-packages/px4_msgs/msg/_mavlink_tunnel.py\n'}
[1.526501] (px4_msgs) StdoutLine: {'line': b'-- Up-to-date: /home/mcfb/ros2_ws/install/px4_msgs/lib/python3.12/site-packages/px4_msgs/msg/_collision_constraints_s.c\n'}
[1.526591] (px4_msgs) StdoutLine: {'line': b'-- Up-to-date: /home/mcfb/ros2_ws/install/px4_msgs/lib/python3.12/site-packages/px4_msgs/msg/_vehicle_control_mode_s.c\n'}
[1.526635] (px4_msgs) StdoutLine: {'line': b'-- Up-to-date: /home/mcfb/ros2_ws/install/px4_msgs/lib/python3.12/site-packages/px4_msgs/msg/_debug_array_s.c\n'}
[1.526679] (px4_msgs) StdoutLine: {'line': b'-- Up-to-date: /home/mcfb/ros2_ws/install/px4_msgs/lib/python3.12/site-packages/px4_msgs/msg/_vehicle_attitude_s.c\n'}
[1.526721] (px4_msgs) StdoutLine: {'line': b'-- Up-to-date: /home/mcfb/ros2_ws/install/px4_msgs/lib/python3.12/site-packages/px4_msgs/msg/_figure_eight_status.py\n'}
[1.526777] (px4_msgs) StdoutLine: {'line': b'-- Up-to-date: /home/mcfb/ros2_ws/install/px4_msgs/lib/python3.12/site-packages/px4_msgs/msg/_rc_channels_s.c\n'}
[1.527023] (px4_msgs) StdoutLine: {'line': b'-- Up-to-date: /home/mcfb/ros2_ws/install/px4_msgs/lib/python3.12/site-packages/px4_msgs/msg/_transponder_report.py\n'}
[1.527112] (px4_msgs) StdoutLine: {'line': b'-- Up-to-date: /home/mcfb/ros2_ws/install/px4_msgs/lib/python3.12/site-packages/px4_msgs/msg/_vehicle_global_position.py\n'}
[1.527167] (px4_msgs) StdoutLine: {'line': b'-- Up-to-date: /home/mcfb/ros2_ws/install/px4_msgs/lib/python3.12/site-packages/px4_msgs/msg/_sensors_status_imu_s.c\n'}
[1.527217] (px4_msgs) StdoutLine: {'line': b'-- Up-to-date: /home/mcfb/ros2_ws/install/px4_msgs/lib/python3.12/site-packages/px4_msgs/msg/_gimbal_device_set_attitude_s.c\n'}
[1.527267] (px4_msgs) StdoutLine: {'line': b'-- Up-to-date: /home/mcfb/ros2_ws/install/px4_msgs/lib/python3.12/site-packages/px4_msgs/msg/_pure_pursuit_status.py\n'}
[1.527329] (px4_msgs) StdoutLine: {'line': b'-- Up-to-date: /home/mcfb/ros2_ws/install/px4_msgs/lib/python3.12/site-packages/px4_msgs/msg/_vehicle_acceleration.py\n'}
[1.527384] (px4_msgs) StdoutLine: {'line': b'-- Up-to-date: /home/mcfb/ros2_ws/install/px4_msgs/lib/python3.12/site-packages/px4_msgs/msg/_sensor_accel_fifo.py\n'}
[1.527444] (px4_msgs) StdoutLine: {'line': b'-- Up-to-date: /home/mcfb/ros2_ws/install/px4_msgs/lib/python3.12/site-packages/px4_msgs/msg/_home_position.py\n'}
[1.527495] (px4_msgs) StdoutLine: {'line': b'-- Up-to-date: /home/mcfb/ros2_ws/install/px4_msgs/lib/python3.12/site-packages/px4_msgs/msg/_trajectory_setpoint.py\n'}
[1.527548] (px4_msgs) StdoutLine: {'line': b'-- Up-to-date: /home/mcfb/ros2_ws/install/px4_msgs/lib/python3.12/site-packages/px4_msgs/msg/_sensor_mag.py\n'}
[1.527645] (px4_msgs) StdoutLine: {'line': b'-- Up-to-date: /home/mcfb/ros2_ws/install/px4_msgs/lib/python3.12/site-packages/px4_msgs/msg/_parameter_reset_request_s.c\n'}
[1.527723] (px4_msgs) StdoutLine: {'line': b'-- Up-to-date: /home/mcfb/ros2_ws/install/px4_msgs/lib/python3.12/site-packages/px4_msgs/msg/_gimbal_manager_set_manual_control.py\n'}
[1.527807] (px4_msgs) StdoutLine: {'line': b'-- Up-to-date: /home/mcfb/ros2_ws/install/px4_msgs/lib/python3.12/site-packages/px4_msgs/msg/_gpio_config_s.c\n'}
[1.527868] (px4_msgs) StdoutLine: {'line': b'-- Up-to-date: /home/mcfb/ros2_ws/install/px4_msgs/lib/python3.12/site-packages/px4_msgs/msg/_pps_capture_s.c\n'}
[1.527921] (px4_msgs) StdoutLine: {'line': b'-- Up-to-date: /home/mcfb/ros2_ws/install/px4_msgs/lib/python3.12/site-packages/px4_msgs/msg/_normalized_unsigned_setpoint.py\n'}
[1.527989] (px4_msgs) StdoutLine: {'line': b'-- Up-to-date: /home/mcfb/ros2_ws/install/px4_msgs/lib/python3.12/site-packages/px4_msgs/msg/_dataman_request.py\n'}
[1.528048] (px4_msgs) StdoutLine: {'line': b'-- Up-to-date: /home/mcfb/ros2_ws/install/px4_msgs/lib/python3.12/site-packages/px4_msgs/msg/_orb_test_medium.py\n'}
[1.528098] (px4_msgs) StdoutLine: {'line': b'-- Up-to-date: /home/mcfb/ros2_ws/install/px4_msgs/lib/python3.12/site-packages/px4_msgs/msg/_camera_capture_s.c\n'}
[1.528158] (px4_msgs) StdoutLine: {'line': b'-- Up-to-date: /home/mcfb/ros2_ws/install/px4_msgs/lib/python3.12/site-packages/px4_msgs/msg/_mavlink_log.py\n'}
[1.528246] (px4_msgs) StdoutLine: {'line': b'-- Up-to-date: /home/mcfb/ros2_ws/install/px4_msgs/lib/python3.12/site-packages/px4_msgs/msg/_rover_speed_setpoint.py\n'}
[1.528319] (px4_msgs) StdoutLine: {'line': b'-- Up-to-date: /home/mcfb/ros2_ws/install/px4_msgs/lib/python3.12/site-packages/px4_msgs/msg/_sensor_gyro_fft.py\n'}
[1.528394] (px4_msgs) StdoutLine: {'line': b'-- Up-to-date: /home/mcfb/ros2_ws/install/px4_msgs/lib/python3.12/site-packages/px4_msgs/msg/_rover_rate_status_s.c\n'}
[1.528466] (px4_msgs) StdoutLine: {'line': b'-- Up-to-date: /home/mcfb/ros2_ws/install/px4_msgs/lib/python3.12/site-packages/px4_msgs/msg/_gpio_out.py\n'}
[1.528513] (px4_msgs) StdoutLine: {'line': b'-- Up-to-date: /home/mcfb/ros2_ws/install/px4_msgs/lib/python3.12/site-packages/px4_msgs/msg/_vehicle_angular_acceleration_setpoint_s.c\n'}
[1.528557] (px4_msgs) StdoutLine: {'line': b'-- Up-to-date: /home/mcfb/ros2_ws/install/px4_msgs/lib/python3.12/site-packages/px4_msgs/msg/_fuel_tank_status_s.c\n'}
[1.528610] (px4_msgs) StdoutLine: {'line': b'-- Up-to-date: /home/mcfb/ros2_ws/install/px4_msgs/lib/python3.12/site-packages/px4_msgs/msg/_orb_test_s.c\n'}
[1.528661] (px4_msgs) StdoutLine: {'line': b'-- Up-to-date: /home/mcfb/ros2_ws/install/px4_msgs/lib/python3.12/site-packages/px4_msgs/msg/_airspeed_s.c\n'}
[1.528709] (px4_msgs) StdoutLine: {'line': b'-- Up-to-date: /home/mcfb/ros2_ws/install/px4_msgs/lib/python3.12/site-packages/px4_msgs/msg/_airspeed.py\n'}
[1.528771] (px4_msgs) StdoutLine: {'line': b'-- Up-to-date: /home/mcfb/ros2_ws/install/px4_msgs/lib/python3.12/site-packages/px4_msgs/msg/_dronecan_node_status.py\n'}
[1.528825] (px4_msgs) StdoutLine: {'line': b'-- Up-to-date: /home/mcfb/ros2_ws/install/px4_msgs/lib/python3.12/site-packages/px4_msgs/msg/_airspeed_wind_s.c\n'}
[1.528915] (px4_msgs) StdoutLine: {'line': b'-- Up-to-date: /home/mcfb/ros2_ws/install/px4_msgs/lib/python3.12/site-packages/px4_msgs/msg/_px4io_status.py\n'}
[1.529024] (px4_msgs) StdoutLine: {'line': b'-- Up-to-date: /home/mcfb/ros2_ws/install/px4_msgs/lib/python3.12/site-packages/px4_msgs/msg/_adc_report_s.c\n'}
[1.529216] (px4_msgs) StdoutLine: {'line': b'-- Up-to-date: /home/mcfb/ros2_ws/install/px4_msgs/lib/python3.12/site-packages/px4_msgs/msg/_mission_result_s.c\n'}
[1.529368] (px4_msgs) StdoutLine: {'line': b'-- Up-to-date: /home/mcfb/ros2_ws/install/px4_msgs/lib/python3.12/site-packages/px4_msgs/msg/_vehicle_angular_velocity_s.c\n'}
[1.529462] (px4_msgs) StdoutLine: {'line': b'-- Up-to-date: /home/mcfb/ros2_ws/install/px4_msgs/lib/python3.12/site-packages/px4_msgs/msg/_actuator_test.py\n'}
[1.529514] (px4_msgs) StdoutLine: {'line': b'-- Up-to-date: /home/mcfb/ros2_ws/install/px4_msgs/lib/python3.12/site-packages/px4_msgs/msg/_button_event_s.c\n'}
[1.529564] (px4_msgs) StdoutLine: {'line': b'-- Up-to-date: /home/mcfb/ros2_ws/install/px4_msgs/lib/python3.12/site-packages/px4_msgs/msg/_sensor_correction_s.c\n'}
[1.529644] (px4_msgs) StdoutLine: {'line': b'-- Up-to-date: /home/mcfb/ros2_ws/install/px4_msgs/lib/python3.12/site-packages/px4_msgs/msg/_launch_detection_status_s.c\n'}
[1.529711] (px4_msgs) StdoutLine: {'line': b'-- Up-to-date: /home/mcfb/ros2_ws/install/px4_msgs/lib/python3.12/site-packages/px4_msgs/msg/_vehicle_constraints_s.c\n'}
[1.529777] (px4_msgs) StdoutLine: {'line': b'-- Up-to-date: /home/mcfb/ros2_ws/install/px4_msgs/lib/python3.12/site-packages/px4_msgs/msg/_estimator_selector_status.py\n'}
[1.529855] (px4_msgs) StdoutLine: {'line': b'-- Up-to-date: /home/mcfb/ros2_ws/install/px4_msgs/lib/python3.12/site-packages/px4_msgs/msg/_ulog_stream_s.c\n'}
[1.529906] (px4_msgs) StdoutLine: {'line': b'-- Up-to-date: /home/mcfb/ros2_ws/install/px4_msgs/lib/python3.12/site-packages/px4_msgs/msg/_internal_combustion_engine_control.py\n'}
[1.529958] (px4_msgs) StdoutLine: {'line': b'-- Up-to-date: /home/mcfb/ros2_ws/install/px4_msgs/lib/python3.12/site-packages/px4_msgs/msg/_gps_dump_s.c\n'}
[1.530011] (px4_msgs) StdoutLine: {'line': b'-- Up-to-date: /home/mcfb/ros2_ws/install/px4_msgs/lib/python3.12/site-packages/px4_msgs/msg/_mag_worker_data.py\n'}
[1.530085] (px4_msgs) StdoutLine: {'line': b'-- Up-to-date: /home/mcfb/ros2_ws/install/px4_msgs/lib/python3.12/site-packages/px4_msgs/msg/_sensors_status_s.c\n'}
[1.530300] (px4_msgs) StdoutLine: {'line': b'-- Up-to-date: /home/mcfb/ros2_ws/install/px4_msgs/lib/python3.12/site-packages/px4_msgs/msg/_onboard_computer_status_s.c\n'}
[1.530359] (px4_msgs) StdoutLine: {'line': b'-- Up-to-date: /home/mcfb/ros2_ws/install/px4_msgs/lib/python3.12/site-packages/px4_msgs/msg/_rtl_time_estimate_s.c\n'}
[1.530433] (px4_msgs) StdoutLine: {'line': b'-- Up-to-date: /home/mcfb/ros2_ws/install/px4_msgs/lib/python3.12/site-packages/px4_msgs/msg/_landing_target_pose.py\n'}
[1.530504] (px4_msgs) StdoutLine: {'line': b'-- Up-to-date: /home/mcfb/ros2_ws/install/px4_msgs/lib/python3.12/site-packages/px4_msgs/msg/_rover_attitude_setpoint_s.c\n'}
[1.530582] (px4_msgs) StdoutLine: {'line': b'-- Up-to-date: /home/mcfb/ros2_ws/install/px4_msgs/lib/python3.12/site-packages/px4_msgs/msg/_vtol_vehicle_status_s.c\n'}
[1.530654] (px4_msgs) StdoutLine: {'line': b'-- Up-to-date: /home/mcfb/ros2_ws/install/px4_msgs/lib/python3.12/site-packages/px4_msgs/msg/_gripper.py\n'}
[1.530709] (px4_msgs) StdoutLine: {'line': b'-- Up-to-date: /home/mcfb/ros2_ws/install/px4_msgs/lib/python3.12/site-packages/px4_msgs/msg/_cellular_status_s.c\n'}
[1.530753] (px4_msgs) StdoutLine: {'line': b'-- Up-to-date: /home/mcfb/ros2_ws/install/px4_msgs/lib/python3.12/site-packages/px4_msgs/msg/_telemetry_status.py\n'}
[1.530798] (px4_msgs) StdoutLine: {'line': b'-- Up-to-date: /home/mcfb/ros2_ws/install/px4_msgs/lib/python3.12/site-packages/px4_msgs/msg/_sensor_accel.py\n'}
[1.530843] (px4_msgs) StdoutLine: {'line': b'-- Up-to-date: /home/mcfb/ros2_ws/install/px4_msgs/lib/python3.12/site-packages/px4_msgs/msg/_actuator_test_s.c\n'}
[1.530901] (px4_msgs) StdoutLine: {'line': b'-- Up-to-date: /home/mcfb/ros2_ws/install/px4_msgs/lib/python3.12/site-packages/px4_msgs/msg/_sensor_preflight_mag_s.c\n'}
[1.530948] (px4_msgs) StdoutLine: {'line': b'-- Up-to-date: /home/mcfb/ros2_ws/install/px4_msgs/lib/python3.12/site-packages/px4_msgs/msg/_gimbal_device_set_attitude.py\n'}
[1.530993] (px4_msgs) StdoutLine: {'line': b'-- Up-to-date: /home/mcfb/ros2_ws/install/px4_msgs/lib/python3.12/site-packages/px4_msgs/msg/_ulog_stream_ack.py\n'}
[1.531049] (px4_msgs) StdoutLine: {'line': b'-- Up-to-date: /home/mcfb/ros2_ws/install/px4_msgs/lib/python3.12/site-packages/px4_msgs/msg/_gimbal_manager_information_s.c\n'}
[1.531104] (px4_msgs) StdoutLine: {'line': b'-- Up-to-date: /home/mcfb/ros2_ws/install/px4_msgs/lib/python3.12/site-packages/px4_msgs/msg/_yaw_estimator_status.py\n'}
[1.531152] (px4_msgs) StdoutLine: {'line': b'-- Up-to-date: /home/mcfb/ros2_ws/install/px4_msgs/lib/python3.12/site-packages/px4_msgs/msg/_open_drone_id_system.py\n'}
[1.531245] (px4_msgs) StdoutLine: {'line': b'-- Up-to-date: /home/mcfb/ros2_ws/install/px4_msgs/lib/python3.12/site-packages/px4_msgs/msg/_offboard_control_mode.py\n'}
[1.531302] (px4_msgs) StdoutLine: {'line': b'-- Up-to-date: /home/mcfb/ros2_ws/install/px4_msgs/lib/python3.12/site-packages/px4_msgs/msg/_open_drone_id_operator_id.py\n'}
[1.531414] (px4_msgs) StdoutLine: {'line': b'-- Up-to-date: /home/mcfb/ros2_ws/install/px4_msgs/lib/python3.12/site-packages/px4_msgs/msg/_uavcan_parameter_request_s.c\n'}
[1.531536] (px4_msgs) StdoutLine: {'line': b'-- Up-to-date: /home/mcfb/ros2_ws/install/px4_msgs/lib/python3.12/site-packages/px4_msgs/msg/_vehicle_imu_status.py\n'}
[1.531581] (px4_msgs) StdoutLine: {'line': b'-- Up-to-date: /home/mcfb/ros2_ws/install/px4_msgs/lib/python3.12/site-packages/px4_msgs/msg/_uavcan_parameter_value_s.c\n'}
[1.531630] (px4_msgs) StdoutLine: {'line': b'-- Up-to-date: /home/mcfb/ros2_ws/install/px4_msgs/lib/python3.12/site-packages/px4_msgs/msg/_ulog_stream_ack_s.c\n'}
[1.531669] (px4_msgs) StdoutLine: {'line': b'-- Up-to-date: /home/mcfb/ros2_ws/install/px4_msgs/lib/python3.12/site-packages/px4_msgs/msg/_timesync_status.py\n'}
[1.531721] (px4_msgs) StdoutLine: {'line': b'-- Up-to-date: /home/mcfb/ros2_ws/install/px4_msgs/lib/python3.12/site-packages/px4_msgs/msg/_config_overrides_s.c\n'}
[1.531768] (px4_msgs) StdoutLine: {'line': b'-- Up-to-date: /home/mcfb/ros2_ws/install/px4_msgs/lib/python3.12/site-packages/px4_msgs/msg/_battery_info.py\n'}
[1.531821] (px4_msgs) StdoutLine: {'line': b'-- Up-to-date: /home/mcfb/ros2_ws/install/px4_msgs/lib/python3.12/site-packages/px4_msgs/msg/_action_request.py\n'}
[1.531881] (px4_msgs) StdoutLine: {'line': b'-- Up-to-date: /home/mcfb/ros2_ws/install/px4_msgs/lib/python3.12/site-packages/px4_msgs/msg/_differential_pressure.py\n'}
[1.531929] (px4_msgs) StdoutLine: {'line': b'-- Up-to-date: /home/mcfb/ros2_ws/install/px4_msgs/lib/python3.12/site-packages/px4_msgs/msg/_arming_check_request.py\n'}
[1.531977] (px4_msgs) StdoutLine: {'line': b'-- Up-to-date: /home/mcfb/ros2_ws/install/px4_msgs/lib/python3.12/site-packages/px4_msgs/msg/_estimator_status_flags_s.c\n'}
[1.532032] (px4_msgs) StdoutLine: {'line': b'-- Up-to-date: /home/mcfb/ros2_ws/install/px4_msgs/lib/python3.12/site-packages/px4_msgs/msg/_sensor_gnss_status.py\n'}
[1.532082] (px4_msgs) StdoutLine: {'line': b'-- Up-to-date: /home/mcfb/ros2_ws/install/px4_msgs/lib/python3.12/site-packages/px4_msgs/msg/_internal_combustion_engine_control_s.c\n'}
[1.532142] (px4_msgs) StdoutLine: {'line': b'-- Up-to-date: /home/mcfb/ros2_ws/install/px4_msgs/lib/python3.12/site-packages/px4_msgs/msg/_gps_inject_data.py\n'}
[1.532195] (px4_msgs) StdoutLine: {'line': b'-- Up-to-date: /home/mcfb/ros2_ws/install/px4_msgs/lib/python3.12/site-packages/px4_msgs/msg/_mission_s.c\n'}
[1.532249] (px4_msgs) StdoutLine: {'line': b'-- Up-to-date: /home/mcfb/ros2_ws/install/px4_msgs/lib/python3.12/site-packages/px4_msgs/msg/_estimator_aid_source1d_s.c\n'}
[1.532299] (px4_msgs) StdoutLine: {'line': b'-- Up-to-date: /home/mcfb/ros2_ws/install/px4_msgs/lib/python3.12/site-packages/px4_msgs/msg/_vehicle_local_position.py\n'}
[1.532341] (px4_msgs) StdoutLine: {'line': b'-- Up-to-date: /home/mcfb/ros2_ws/install/px4_msgs/lib/python3.12/site-packages/px4_msgs/msg/_vehicle_roi_s.c\n'}
[1.532375] (px4_msgs) StdoutLine: {'line': b'-- Up-to-date: /home/mcfb/ros2_ws/install/px4_msgs/lib/python3.12/site-packages/px4_msgs/msg/_rover_speed_setpoint_s.c\n'}
[1.532410] (px4_msgs) StdoutLine: {'line': b'-- Up-to-date: /home/mcfb/ros2_ws/install/px4_msgs/lib/python3.12/site-packages/px4_msgs/msg/_orbit_status.py\n'}
[1.532445] (px4_msgs) StdoutLine: {'line': b'-- Up-to-date: /home/mcfb/ros2_ws/install/px4_msgs/lib/python3.12/site-packages/px4_msgs/msg/_parameter_update_s.c\n'}
[1.532480] (px4_msgs) StdoutLine: {'line': b'-- Up-to-date: /home/mcfb/ros2_ws/install/px4_msgs/lib/python3.12/site-packages/px4_msgs/msg/_arming_check_request_s.c\n'}
[1.532534] (px4_msgs) StdoutLine: {'line': b'-- Up-to-date: /home/mcfb/ros2_ws/install/px4_msgs/lib/python3.12/site-packages/px4_msgs/msg/_ping_s.c\n'}
[1.532573] (px4_msgs) StdoutLine: {'line': b'-- Up-to-date: /home/mcfb/ros2_ws/install/px4_msgs/lib/python3.12/site-packages/px4_msgs/msg/_mount_orientation_s.c\n'}
[1.532611] (px4_msgs) StdoutLine: {'line': b'-- Up-to-date: /home/mcfb/ros2_ws/install/px4_msgs/lib/python3.12/site-packages/px4_msgs/msg/_register_ext_component_request.py\n'}
[1.532646] (px4_msgs) StdoutLine: {'line': b'-- Up-to-date: /home/mcfb/ros2_ws/install/px4_msgs/lib/python3.12/site-packages/px4_msgs/msg/_vehicle_odometry_s.c\n'}
[1.532678] (px4_msgs) StdoutLine: {'line': b'-- Up-to-date: /home/mcfb/ros2_ws/install/px4_msgs/lib/python3.12/site-packages/px4_msgs/msg/_gpio_request_s.c\n'}
[1.532712] (px4_msgs) StdoutLine: {'line': b'-- Up-to-date: /home/mcfb/ros2_ws/install/px4_msgs/lib/python3.12/site-packages/px4_msgs/msg/_sensor_gnss_relative_s.c\n'}
[1.532746] (px4_msgs) StdoutLine: {'line': b'-- Up-to-date: /home/mcfb/ros2_ws/install/px4_msgs/lib/python3.12/site-packages/px4_msgs/msg/_cellular_status.py\n'}
[1.532781] (px4_msgs) StdoutLine: {'line': b'-- Up-to-date: /home/mcfb/ros2_ws/install/px4_msgs/lib/python3.12/site-packages/px4_msgs/msg/_autotune_attitude_control_status.py\n'}
[1.532816] (px4_msgs) StdoutLine: {'line': b'-- Up-to-date: /home/mcfb/ros2_ws/install/px4_msgs/lib/python3.12/site-packages/px4_msgs/msg/_gimbal_manager_set_manual_control_s.c\n'}
[1.532860] (px4_msgs) StdoutLine: {'line': b'-- Up-to-date: /home/mcfb/ros2_ws/install/px4_msgs/lib/python3.12/site-packages/px4_msgs/msg/_power_button_state_s.c\n'}
[1.532911] (px4_msgs) StdoutLine: {'line': b'-- Up-to-date: /home/mcfb/ros2_ws/install/px4_msgs/lib/python3.12/site-packages/px4_msgs/msg/_orb_test_medium_s.c\n'}
[1.532960] (px4_msgs) StdoutLine: {'line': b'-- Up-to-date: /home/mcfb/ros2_ws/install/px4_msgs/lib/python3.12/site-packages/px4_msgs/msg/_mount_orientation.py\n'}
[1.533010] (px4_msgs) StdoutLine: {'line': b'-- Up-to-date: /home/mcfb/ros2_ws/install/px4_msgs/lib/python3.12/site-packages/px4_msgs/msg/_open_drone_id_self_id_s.c\n'}
[1.533059] (px4_msgs) StdoutLine: {'line': b'-- Up-to-date: /home/mcfb/ros2_ws/install/px4_msgs/lib/python3.12/site-packages/px4_msgs/msg/_pwm_input.py\n'}
[1.533109] (px4_msgs) StdoutLine: {'line': b'-- Up-to-date: /home/mcfb/ros2_ws/install/px4_msgs/lib/python3.12/site-packages/px4_msgs/msg/_gimbal_manager_set_attitude.py\n'}
[1.533158] (px4_msgs) StdoutLine: {'line': b'-- Up-to-date: /home/mcfb/ros2_ws/install/px4_msgs/lib/python3.12/site-packages/px4_msgs/msg/_parameter_set_value_request_s.c\n'}
[1.533222] (px4_msgs) StdoutLine: {'line': b'-- Up-to-date: /home/mcfb/ros2_ws/install/px4_msgs/lib/python3.12/site-packages/px4_msgs/msg/_rate_ctrl_status_s.c\n'}
[1.533258] (px4_msgs) StdoutLine: {'line': b'-- Up-to-date: /home/mcfb/ros2_ws/install/px4_msgs/lib/python3.12/site-packages/px4_msgs/msg/_vehicle_optical_flow_vel_s.c\n'}
[1.533301] (px4_msgs) StdoutLine: {'line': b'-- Up-to-date: /home/mcfb/ros2_ws/install/px4_msgs/lib/python3.12/site-packages/px4_msgs/msg/_manual_control_switches_s.c\n'}
[1.533336] (px4_msgs) StdoutLine: {'line': b'-- Up-to-date: /home/mcfb/ros2_ws/install/px4_msgs/lib/python3.12/site-packages/px4_msgs/msg/_power_monitor.py\n'}
[1.533371] (px4_msgs) StdoutLine: {'line': b'-- Up-to-date: /home/mcfb/ros2_ws/install/px4_msgs/lib/python3.12/site-packages/px4_msgs/msg/_satellite_info.py\n'}
[1.533405] (px4_msgs) StdoutLine: {'line': b'-- Up-to-date: /home/mcfb/ros2_ws/install/px4_msgs/lib/python3.12/site-packages/px4_msgs/msg/_logger_status.py\n'}
[1.533440] (px4_msgs) StdoutLine: {'line': b'-- Up-to-date: /home/mcfb/ros2_ws/install/px4_msgs/lib/python3.12/site-packages/px4_msgs/msg/_parameter_set_value_response.py\n'}
[1.533474] (px4_msgs) StdoutLine: {'line': b'-- Up-to-date: /home/mcfb/ros2_ws/install/px4_msgs/lib/python3.12/site-packages/px4_msgs/msg/_gpio_in.py\n'}
[1.533511] (px4_msgs) StdoutLine: {'line': b'-- Up-to-date: /home/mcfb/ros2_ws/install/px4_msgs/lib/python3.12/site-packages/px4_msgs/msg/_health_report.py\n'}
[1.533544] (px4_msgs) StdoutLine: {'line': b'-- Up-to-date: /home/mcfb/ros2_ws/install/px4_msgs/lib/python3.12/site-packages/px4_msgs/msg/_vehicle_attitude_setpoint.py\n'}
[1.533581] (px4_msgs) StdoutLine: {'line': b'-- Up-to-date: /home/mcfb/ros2_ws/install/px4_msgs/lib/python3.12/site-packages/px4_msgs/msg/_vtol_vehicle_status.py\n'}
[1.533619] (px4_msgs) StdoutLine: {'line': b'-- Up-to-date: /home/mcfb/ros2_ws/install/px4_msgs/lib/python3.12/site-packages/px4_msgs/msg/_sensor_airflow_s.c\n'}
[1.533654] (px4_msgs) StdoutLine: {'line': b'-- Up-to-date: /home/mcfb/ros2_ws/install/px4_msgs/lib/python3.12/site-packages/px4_msgs/msg/_vehicle_constraints.py\n'}
[1.533688] (px4_msgs) StdoutLine: {'line': b'-- Up-to-date: /home/mcfb/ros2_ws/install/px4_msgs/lib/python3.12/site-packages/px4_msgs/msg/_sensor_gnss_status_s.c\n'}
[1.533721] (px4_msgs) StdoutLine: {'line': b'-- Up-to-date: /home/mcfb/ros2_ws/install/px4_msgs/lib/python3.12/site-packages/px4_msgs/msg/_estimator_event_flags_s.c\n'}
[1.533772] (px4_msgs) StdoutLine: {'line': b'-- Up-to-date: /home/mcfb/ros2_ws/install/px4_msgs/lib/python3.12/site-packages/px4_msgs/msg/_rover_rate_setpoint.py\n'}
[1.533822] (px4_msgs) StdoutLine: {'line': b'-- Up-to-date: /home/mcfb/ros2_ws/install/px4_msgs/lib/python3.12/site-packages/px4_msgs/msg/_rate_ctrl_status.py\n'}
[1.533877] (px4_msgs) StdoutLine: {'line': b'-- Up-to-date: /home/mcfb/ros2_ws/install/px4_msgs/lib/python3.12/site-packages/px4_msgs/msg/_sensor_gps.py\n'}
[1.533926] (px4_msgs) StdoutLine: {'line': b'-- Up-to-date: /home/mcfb/ros2_ws/install/px4_msgs/lib/python3.12/site-packages/px4_msgs/msg/_vehicle_magnetometer_s.c\n'}
[1.533976] (px4_msgs) StdoutLine: {'line': b'-- Up-to-date: /home/mcfb/ros2_ws/install/px4_msgs/lib/python3.12/site-packages/px4_msgs/msg/_sensor_baro_s.c\n'}
[1.534025] (px4_msgs) StdoutLine: {'line': b'-- Up-to-date: /home/mcfb/ros2_ws/install/px4_msgs/lib/python3.12/site-packages/px4_msgs/msg/_debug_array.py\n'}
[1.534073] (px4_msgs) StdoutLine: {'line': b'-- Up-to-date: /home/mcfb/ros2_ws/install/px4_msgs/lib/python3.12/site-packages/px4_msgs/msg/_position_controller_landing_status.py\n'}
[1.534121] (px4_msgs) StdoutLine: {'line': b'-- Up-to-date: /home/mcfb/ros2_ws/install/px4_msgs/lib/python3.12/site-packages/px4_msgs/msg/_position_setpoint_triplet_s.c\n'}
[1.534171] (px4_msgs) StdoutLine: {'line': b'-- Up-to-date: /home/mcfb/ros2_ws/install/px4_msgs/lib/python3.12/site-packages/px4_msgs/msg/_follow_target_status_s.c\n'}
[1.534230] (px4_msgs) StdoutLine: {'line': b'-- Up-to-date: /home/mcfb/ros2_ws/install/px4_msgs/lib/python3.12/site-packages/px4_msgs/msg/_mag_worker_data_s.c\n'}
[1.534295] (px4_msgs) StdoutLine: {'line': b'-- Up-to-date: /home/mcfb/ros2_ws/install/px4_msgs/lib/python3.12/site-packages/px4_msgs/msg/_vehicle_command_ack_s.c\n'}
[1.534344] (px4_msgs) StdoutLine: {'line': b'-- Up-to-date: /home/mcfb/ros2_ws/install/px4_msgs/lib/python3.12/site-packages/px4_msgs/msg/_sensor_accel_s.c\n'}
[1.534393] (px4_msgs) StdoutLine: {'line': b'-- Up-to-date: /home/mcfb/ros2_ws/install/px4_msgs/lib/python3.12/site-packages/px4_msgs/msg/_position_setpoint.py\n'}
[1.534442] (px4_msgs) StdoutLine: {'line': b'-- Up-to-date: /home/mcfb/ros2_ws/install/px4_msgs/lib/python3.12/site-packages/px4_msgs/msg/_landing_gear_wheel.py\n'}
[1.534490] (px4_msgs) StdoutLine: {'line': b'-- Up-to-date: /home/mcfb/ros2_ws/install/px4_msgs/lib/python3.12/site-packages/px4_msgs/msg/_vehicle_optical_flow_s.c\n'}
[1.534539] (px4_msgs) StdoutLine: {'line': b'-- Up-to-date: /home/mcfb/ros2_ws/install/px4_msgs/lib/python3.12/site-packages/px4_msgs/msg/_differential_pressure_s.c\n'}
[1.534588] (px4_msgs) StdoutLine: {'line': b'-- Up-to-date: /home/mcfb/ros2_ws/install/px4_msgs/lib/python3.12/site-packages/px4_msgs/msg/_sensor_gyro_fft_s.c\n'}
[1.534636] (px4_msgs) StdoutLine: {'line': b'-- Up-to-date: /home/mcfb/ros2_ws/install/px4_msgs/lib/python3.12/site-packages/px4_msgs/msg/_sensor_gyro_fifo_s.c\n'}
[1.534685] (px4_msgs) StdoutLine: {'line': b'-- Up-to-date: /home/mcfb/ros2_ws/install/px4_msgs/lib/python3.12/site-packages/px4_msgs/msg/_sensor_gnss_relative.py\n'}
[1.534734] (px4_msgs) StdoutLine: {'line': b'-- Up-to-date: /home/mcfb/ros2_ws/install/px4_msgs/lib/python3.12/site-packages/px4_msgs/msg/_fixed_wing_runway_control_s.c\n'}
[1.534795] (px4_msgs) StdoutLine: {'line': b'-- Up-to-date: /home/mcfb/ros2_ws/install/px4_msgs/lib/python3.12/site-packages/px4_msgs/msg/_vehicle_angular_acceleration_setpoint.py\n'}
[1.534831] (px4_msgs) StdoutLine: {'line': b'-- Up-to-date: /home/mcfb/ros2_ws/install/px4_msgs/lib/python3.12/site-packages/px4_msgs/msg/_vehicle_imu_s.c\n'}
[1.534878] (px4_msgs) StdoutLine: {'line': b'-- Up-to-date: /home/mcfb/ros2_ws/install/px4_msgs/lib/python3.12/site-packages/px4_msgs/msg/_gripper_s.c\n'}
[1.534928] (px4_msgs) StdoutLine: {'line': b'-- Up-to-date: /home/mcfb/ros2_ws/install/px4_msgs/lib/python3.12/site-packages/px4_msgs/msg/_register_ext_component_reply_s.c\n'}
[1.534991] (px4_msgs) StdoutLine: {'line': b'-- Up-to-date: /home/mcfb/ros2_ws/install/px4_msgs/lib/python3.12/site-packages/px4_msgs/msg/_arming_check_reply_s.c\n'}
[1.535040] (px4_msgs) StdoutLine: {'line': b'-- Up-to-date: /home/mcfb/ros2_ws/install/px4_msgs/lib/python3.12/site-packages/px4_msgs/msg/_rover_attitude_status_s.c\n'}
[1.535088] (px4_msgs) StdoutLine: {'line': b'-- Up-to-date: /home/mcfb/ros2_ws/install/px4_msgs/lib/python3.12/site-packages/px4_msgs/msg/_debug_value.py\n'}
[1.535138] (px4_msgs) StdoutLine: {'line': b'-- Up-to-date: /home/mcfb/ros2_ws/install/px4_msgs/lib/python3.12/site-packages/px4_msgs/msg/_sensor_mag_s.c\n'}
[1.535187] (px4_msgs) StdoutLine: {'line': b'-- Up-to-date: /home/mcfb/ros2_ws/install/px4_msgs/lib/python3.12/site-packages/px4_msgs/msg/_flight_phase_estimation_s.c\n'}
[1.535252] (px4_msgs) StdoutLine: {'line': b'-- Up-to-date: /home/mcfb/ros2_ws/install/px4_msgs/lib/python3.12/site-packages/px4_msgs/msg/_action_request_s.c\n'}
[1.535294] (px4_msgs) StdoutLine: {'line': b'-- Up-to-date: /home/mcfb/ros2_ws/install/px4_msgs/lib/python3.12/site-packages/px4_msgs/msg/_debug_value_s.c\n'}
[1.535329] (px4_msgs) StdoutLine: {'line': b'-- Up-to-date: /home/mcfb/ros2_ws/install/px4_msgs/lib/python3.12/site-packages/px4_msgs/msg/_hover_thrust_estimate.py\n'}
[1.535365] (px4_msgs) StdoutLine: {'line': b'-- Up-to-date: /home/mcfb/ros2_ws/install/px4_msgs/lib/python3.12/site-packages/px4_msgs/msg/_system_power_s.c\n'}
[1.535398] (px4_msgs) StdoutLine: {'line': b'-- Up-to-date: /home/mcfb/ros2_ws/install/px4_msgs/lib/python3.12/site-packages/px4_msgs/msg/_rover_steering_setpoint.py\n'}
[1.535430] (px4_msgs) StdoutLine: {'line': b'-- Up-to-date: /home/mcfb/ros2_ws/install/px4_msgs/lib/python3.12/site-packages/px4_msgs/msg/_system_power.py\n'}
[1.535462] (px4_msgs) StdoutLine: {'line': b'-- Up-to-date: /home/mcfb/ros2_ws/install/px4_msgs/lib/python3.12/site-packages/px4_msgs/msg/_follow_target_estimator.py\n'}
[1.535499] (px4_msgs) StdoutLine: {'line': b'-- Up-to-date: /home/mcfb/ros2_ws/install/px4_msgs/lib/python3.12/site-packages/px4_msgs/msg/_sensors_status.py\n'}
[1.535545] (px4_msgs) StdoutLine: {'line': b'-- Up-to-date: /home/mcfb/ros2_ws/install/px4_msgs/lib/python3.12/site-packages/px4_msgs/msg/_home_position_s.c\n'}
[1.535591] (px4_msgs) StdoutLine: {'line': b'-- Up-to-date: /home/mcfb/ros2_ws/install/px4_msgs/lib/python3.12/site-packages/px4_msgs/msg/_mission.py\n'}
[1.535626] (px4_msgs) StdoutLine: {'line': b'-- Up-to-date: /home/mcfb/ros2_ws/install/px4_msgs/lib/python3.12/site-packages/px4_msgs/msg/_estimator_selector_status_s.c\n'}
[1.535676] (px4_msgs) StdoutLine: {'line': b'-- Up-to-date: /home/mcfb/ros2_ws/install/px4_msgs/lib/python3.12/site-packages/px4_msgs/msg/_gps_dump.py\n'}
[1.535713] (px4_msgs) StdoutLine: {'line': b'-- Up-to-date: /home/mcfb/ros2_ws/install/px4_msgs/lib/python3.12/site-packages/px4_msgs/msg/_sensor_correction.py\n'}
[1.535756] (px4_msgs) StdoutLine: {'line': b'-- Up-to-date: /home/mcfb/ros2_ws/install/px4_msgs/lib/python3.12/site-packages/px4_msgs/msg/_orb_test.py\n'}
[1.535809] (px4_msgs) StdoutLine: {'line': b'-- Up-to-date: /home/mcfb/ros2_ws/install/px4_msgs/lib/python3.12/site-packages/px4_msgs/msg/_trajectory_setpoint6dof_s.c\n'}
[1.535957] (px4_msgs) StdoutLine: {'line': b'-- Up-to-date: /home/mcfb/ros2_ws/install/px4_msgs/lib/python3.12/site-packages/px4_msgs/msg/_dataman_response_s.c\n'}
[1.536068] (px4_msgs) StdoutLine: {'line': b'-- Up-to-date: /home/mcfb/ros2_ws/install/px4_msgs/lib/python3.12/site-packages/px4_msgs/msg/_collision_constraints.py\n'}
[1.536153] (px4_msgs) StdoutLine: {'line': b'-- Up-to-date: /home/mcfb/ros2_ws/install/px4_msgs/lib/python3.12/site-packages/px4_msgs/msg/_vehicle_command_s.c\n'}
[1.536237] (px4_msgs) StdoutLine: {'line': b'-- Up-to-date: /home/mcfb/ros2_ws/install/px4_msgs/lib/python3.12/site-packages/px4_msgs/msg/_estimator_aid_source2d_s.c\n'}
[1.536337] (px4_msgs) StdoutLine: {'line': b'-- Up-to-date: /home/mcfb/ros2_ws/install/px4_msgs/lib/python3.12/site-packages/px4_msgs/msg/_estimator_status.py\n'}
[1.536427] (px4_msgs) StdoutLine: {'line': b'-- Up-to-date: /home/mcfb/ros2_ws/install/px4_msgs/lib/python3.12/site-packages/px4_msgs/msg/_sensor_baro.py\n'}
[1.536516] (px4_msgs) StdoutLine: {'line': b'-- Up-to-date: /home/mcfb/ros2_ws/install/px4_msgs/lib/python3.12/site-packages/px4_msgs/msg/_vehicle_odometry.py\n'}
[1.536603] (px4_msgs) StdoutLine: {'line': b'-- Up-to-date: /home/mcfb/ros2_ws/install/px4_msgs/lib/python3.12/site-packages/px4_msgs/msg/_transponder_report_s.c\n'}
[1.536690] (px4_msgs) StdoutLine: {'line': b'-- Up-to-date: /home/mcfb/ros2_ws/install/px4_msgs/lib/python3.12/site-packages/px4_msgs/msg/_sensor_gyro_fifo.py\n'}
[1.536776] (px4_msgs) StdoutLine: {'line': b'-- Up-to-date: /home/mcfb/ros2_ws/install/px4_msgs/lib/python3.12/site-packages/px4_msgs/msg/_control_allocator_status.py\n'}
[1.536934] (px4_msgs) StdoutLine: {'line': b'-- Up-to-date: /home/mcfb/ros2_ws/install/px4_msgs/lib/python3.12/site-packages/px4_msgs/msg/_qshell_req.py\n'}
[1.537039] (px4_msgs) StdoutLine: {'line': b'-- Up-to-date: /home/mcfb/ros2_ws/install/px4_msgs/lib/python3.12/site-packages/px4_msgs/msg/_orb_test_large_s.c\n'}
[1.537099] (px4_msgs) StdoutLine: {'line': b'-- Up-to-date: /home/mcfb/ros2_ws/install/px4_msgs/lib/python3.12/site-packages/px4_msgs/msg/_tune_control.py\n'}
[1.537149] (px4_msgs) StdoutLine: {'line': b'-- Up-to-date: /home/mcfb/ros2_ws/install/px4_msgs/lib/python3.12/site-packages/px4_msgs/msg/_estimator_sensor_bias.py\n'}
[1.537195] (px4_msgs) StdoutLine: {'line': b'-- Up-to-date: /home/mcfb/ros2_ws/install/px4_msgs/lib/python3.12/site-packages/px4_msgs/msg/_open_drone_id_arm_status.py\n'}
[1.537238] (px4_msgs) StdoutLine: {'line': b'-- Up-to-date: /home/mcfb/ros2_ws/install/px4_msgs/lib/python3.12/site-packages/px4_msgs/msg/_vehicle_angular_velocity.py\n'}
[1.537302] (px4_msgs) StdoutLine: {'line': b'-- Up-to-date: /home/mcfb/ros2_ws/install/px4_msgs/lib/python3.12/site-packages/px4_msgs/msg/_estimator_bias3d.py\n'}
[1.537346] (px4_msgs) StdoutLine: {'line': b'-- Up-to-date: /home/mcfb/ros2_ws/install/px4_msgs/lib/python3.12/site-packages/px4_msgs/msg/_event_s.c\n'}
[1.537392] (px4_msgs) StdoutLine: {'line': b'-- Up-to-date: /home/mcfb/ros2_ws/install/px4_msgs/lib/python3.12/site-packages/px4_msgs/msg/_rover_position_setpoint.py\n'}
[1.537437] (px4_msgs) StdoutLine: {'line': b'-- Up-to-date: /home/mcfb/ros2_ws/install/px4_msgs/lib/python3.12/site-packages/px4_msgs/msg/_orbit_status_s.c\n'}
[1.537483] (px4_msgs) StdoutLine: {'line': b'-- Up-to-date: /home/mcfb/ros2_ws/install/px4_msgs/lib/python3.12/site-packages/px4_msgs/msg/_estimator_aid_source3d_s.c\n'}
[1.537527] (px4_msgs) StdoutLine: {'line': b'-- Up-to-date: /home/mcfb/ros2_ws/install/px4_msgs/lib/python3.12/site-packages/px4_msgs/msg/_lateral_control_configuration_s.c\n'}
[1.537578] (px4_msgs) StdoutLine: {'line': b'-- Up-to-date: /home/mcfb/ros2_ws/install/px4_msgs/lib/python3.12/site-packages/px4_msgs/msg/_rover_throttle_setpoint.py\n'}
[1.537626] (px4_msgs) StdoutLine: {'line': b'-- Up-to-date: /home/mcfb/ros2_ws/install/px4_msgs/lib/python3.12/site-packages/px4_msgs/msg/_actuator_armed_s.c\n'}
[1.537673] (px4_msgs) StdoutLine: {'line': b'-- Up-to-date: /home/mcfb/ros2_ws/install/px4_msgs/lib/python3.12/site-packages/px4_msgs/msg/_landing_gear_wheel_s.c\n'}
[1.537719] (px4_msgs) StdoutLine: {'line': b'-- Up-to-date: /home/mcfb/ros2_ws/install/px4_msgs/lib/python3.12/site-packages/px4_msgs/msg/_estimator_aid_source1d.py\n'}
[1.537787] (px4_msgs) StdoutLine: {'line': b'-- Up-to-date: /home/mcfb/ros2_ws/install/px4_msgs/lib/python3.12/site-packages/px4_msgs/msg/_velocity_limits.py\n'}
[1.537849] (px4_msgs) StdoutLine: {'line': b'-- Up-to-date: /home/mcfb/ros2_ws/install/px4_msgs/lib/python3.12/site-packages/px4_msgs/msg/_parameter_update.py\n'}
[1.537895] (px4_msgs) StdoutLine: {'line': b'-- Up-to-date: /home/mcfb/ros2_ws/install/px4_msgs/lib/python3.12/site-packages/px4_msgs/msg/_autotune_attitude_control_status_s.c\n'}
[1.537938] (px4_msgs) StdoutLine: {'line': b'-- Up-to-date: /home/mcfb/ros2_ws/install/px4_msgs/lib/python3.12/site-packages/px4_msgs/msg/_esc_status_s.c\n'}
[1.537981] (px4_msgs) StdoutLine: {'line': b'-- Up-to-date: /home/mcfb/ros2_ws/install/px4_msgs/lib/python3.12/site-packages/px4_msgs/msg/_estimator_gps_status.py\n'}
[1.538023] (px4_msgs) StdoutLine: {'line': b'-- Up-to-date: /home/mcfb/ros2_ws/install/px4_msgs/lib/python3.12/site-packages/px4_msgs/msg/_power_button_state.py\n'}
[1.538064] (px4_msgs) StdoutLine: {'line': b'-- Up-to-date: /home/mcfb/ros2_ws/install/px4_msgs/lib/python3.12/site-packages/px4_msgs/msg/_register_ext_component_reply.py\n'}
[1.538106] (px4_msgs) StdoutLine: {'line': b'-- Up-to-date: /home/mcfb/ros2_ws/install/px4_msgs/lib/python3.12/site-packages/px4_msgs/msg/_landing_target_innovations_s.c\n'}
[1.538165] (px4_msgs) StdoutLine: {'line': b'-- Up-to-date: /home/mcfb/ros2_ws/install/px4_msgs/lib/python3.12/site-packages/px4_msgs/msg/_rover_speed_status_s.c\n'}
[1.538210] (px4_msgs) StdoutLine: {'line': b'-- Up-to-date: /home/mcfb/ros2_ws/install/px4_msgs/lib/python3.12/site-packages/px4_msgs/msg/_sensor_combined.py\n'}
[1.538253] (px4_msgs) StdoutLine: {'line': b'-- Up-to-date: /home/mcfb/ros2_ws/install/px4_msgs/lib/python3.12/site-packages/px4_msgs/msg/_vehicle_rates_setpoint.py\n'}
[1.538296] (px4_msgs) StdoutLine: {'line': b'-- Up-to-date: /home/mcfb/ros2_ws/install/px4_msgs/lib/python3.12/site-packages/px4_msgs/msg/_sensor_accel_fifo_s.c\n'}
[1.538339] (px4_msgs) StdoutLine: {'line': b'-- Up-to-date: /home/mcfb/ros2_ws/install/px4_msgs/lib/python3.12/site-packages/px4_msgs/msg/_distance_sensor.py\n'}
[1.538384] (px4_msgs) StdoutLine: {'line': b'-- Up-to-date: /home/mcfb/ros2_ws/install/px4_msgs/lib/python3.12/site-packages/px4_msgs/msg/_fixed_wing_longitudinal_setpoint_s.c\n'}
[1.538428] (px4_msgs) StdoutLine: {'line': b'-- Up-to-date: /home/mcfb/ros2_ws/install/px4_msgs/lib/python3.12/site-packages/px4_msgs/msg/_debug_key_value.py\n'}
[1.538472] (px4_msgs) StdoutLine: {'line': b'-- Up-to-date: /home/mcfb/ros2_ws/install/px4_msgs/lib/python3.12/site-packages/px4_msgs/msg/_camera_trigger_s.c\n'}
[1.538518] (px4_msgs) StdoutLine: {'line': b'-- Up-to-date: /home/mcfb/ros2_ws/install/px4_msgs/lib/python3.12/site-packages/px4_msgs/msg/_qshell_req_s.c\n'}
[1.538565] (px4_msgs) StdoutLine: {'line': b'-- Up-to-date: /home/mcfb/ros2_ws/install/px4_msgs/lib/python3.12/site-packages/px4_msgs/msg/_led_control.py\n'}
[1.538614] (px4_msgs) StdoutLine: {'line': b'-- Up-to-date: /home/mcfb/ros2_ws/install/px4_msgs/lib/python3.12/site-packages/px4_msgs/msg/_ping.py\n'}
[1.538661] (px4_msgs) StdoutLine: {'line': b'-- Up-to-date: /home/mcfb/ros2_ws/install/px4_msgs/lib/python3.12/site-packages/px4_msgs/msg/_gimbal_manager_status_s.c\n'}
[1.538708] (px4_msgs) StdoutLine: {'line': b'-- Up-to-date: /home/mcfb/ros2_ws/install/px4_msgs/lib/python3.12/site-packages/px4_msgs/msg/_actuator_controls_status.py\n'}
[1.538762] (px4_msgs) StdoutLine: {'line': b'-- Up-to-date: /home/mcfb/ros2_ws/install/px4_msgs/lib/python3.12/site-packages/px4_msgs/msg/_failure_detector_status.py\n'}
[1.538807] (px4_msgs) StdoutLine: {'line': b'-- Up-to-date: /home/mcfb/ros2_ws/install/px4_msgs/lib/python3.12/site-packages/px4_msgs/msg/_rover_attitude_status.py\n'}
[1.538859] (px4_msgs) StdoutLine: {'line': b'-- Up-to-date: /home/mcfb/ros2_ws/install/px4_msgs/lib/python3.12/site-packages/px4_msgs/msg/_vehicle_air_data_s.c\n'}
[1.538926] (px4_msgs) StdoutLine: {'line': b'-- Up-to-date: /home/mcfb/ros2_ws/install/px4_msgs/lib/python3.12/site-packages/px4_msgs/msg/_actuator_outputs.py\n'}
[1.538972] (px4_msgs) StdoutLine: {'line': b'-- Up-to-date: /home/mcfb/ros2_ws/install/px4_msgs/lib/python3.12/site-packages/px4_msgs/msg/_navigator_mission_item_s.c\n'}
[1.539013] (px4_msgs) StdoutLine: {'line': b'-- Up-to-date: /home/mcfb/ros2_ws/install/px4_msgs/lib/python3.12/site-packages/px4_msgs/msg/_telemetry_status_s.c\n'}
[1.539055] (px4_msgs) StdoutLine: {'line': b'-- Up-to-date: /home/mcfb/ros2_ws/install/px4_msgs/lib/python3.12/site-packages/px4_msgs/msg/_radio_status_s.c\n'}
[1.539101] (px4_msgs) StdoutLine: {'line': b'-- Up-to-date: /home/mcfb/ros2_ws/install/px4_msgs/lib/python3.12/site-packages/px4_msgs/msg/_airspeed_wind.py\n'}
[1.539148] (px4_msgs) StdoutLine: {'line': b'-- Up-to-date: /home/mcfb/ros2_ws/install/px4_msgs/lib/python3.12/site-packages/px4_msgs/msg/_rover_attitude_setpoint.py\n'}
[1.539196] (px4_msgs) StdoutLine: {'line': b'-- Up-to-date: /home/mcfb/ros2_ws/install/px4_msgs/lib/python3.12/site-packages/px4_msgs/msg/_estimator_aid_source2d.py\n'}
[1.539244] (px4_msgs) StdoutLine: {'line': b'-- Up-to-date: /home/mcfb/ros2_ws/install/px4_msgs/lib/python3.12/site-packages/px4_msgs/msg/_parameter_set_used_request_s.c\n'}
[1.539308] (px4_msgs) StdoutLine: {'line': b'-- Up-to-date: /home/mcfb/ros2_ws/install/px4_msgs/lib/python3.12/site-packages/px4_msgs/msg/_vehicle_thrust_setpoint.py\n'}
[1.539358] (px4_msgs) StdoutLine: {'line': b'-- Up-to-date: /home/mcfb/ros2_ws/install/px4_msgs/lib/python3.12/site-packages/px4_msgs/msg/_sensor_combined_s.c\n'}
[1.539423] (px4_msgs) StdoutLine: {'line': b'-- Up-to-date: /home/mcfb/ros2_ws/install/px4_msgs/lib/python3.12/site-packages/px4_msgs/msg/_magnetometer_bias_estimate_s.c\n'}
[1.539491] (px4_msgs) StdoutLine: {'line': b'-- Up-to-date: /home/mcfb/ros2_ws/install/px4_msgs/lib/python3.12/site-packages/px4_msgs/msg/_uavcan_parameter_request.py\n'}
[1.539611] (px4_msgs) StdoutLine: {'line': b'-- Up-to-date: /home/mcfb/ros2_ws/install/px4_msgs/lib/python3.12/site-packages/px4_msgs/msg/_geofence_status.py\n'}
[1.539680] (px4_msgs) StdoutLine: {'line': b'-- Up-to-date: /home/mcfb/ros2_ws/install/px4_msgs/lib/python3.12/site-packages/px4_msgs/msg/_follow_target_status.py\n'}
[1.539804] (px4_msgs) StdoutLine: {'line': b'-- Up-to-date: /home/mcfb/ros2_ws/install/px4_msgs/lib/python3.12/site-packages/px4_msgs/msg/_task_stack_info_s.c\n'}
[1.539855] (px4_msgs) StdoutLine: {'line': b'-- Up-to-date: /home/mcfb/ros2_ws/install/px4_msgs/lib/python3.12/site-packages/px4_msgs/msg/_radio_status.py\n'}
[1.539894] (px4_msgs) StdoutLine: {'line': b'-- Up-to-date: /home/mcfb/ros2_ws/install/px4_msgs/lib/python3.12/site-packages/px4_msgs/msg/_gimbal_manager_information.py\n'}
[1.539933] (px4_msgs) StdoutLine: {'line': b'-- Up-to-date: /home/mcfb/ros2_ws/install/px4_msgs/lib/python3.12/site-packages/px4_msgs/msg/_gimbal_device_attitude_status_s.c\n'}
[1.539970] (px4_msgs) StdoutLine: {'line': b'-- Up-to-date: /home/mcfb/ros2_ws/install/px4_msgs/lib/python3.12/site-packages/px4_msgs/msg/_parameter_set_value_request.py\n'}
[1.540006] (px4_msgs) StdoutLine: {'line': b'-- Up-to-date: /home/mcfb/ros2_ws/install/px4_msgs/lib/python3.12/site-packages/px4_msgs/msg/_esc_report_s.c\n'}
[1.540043] (px4_msgs) StdoutLine: {'line': b'-- Up-to-date: /home/mcfb/ros2_ws/install/px4_msgs/lib/python3.12/site-packages/px4_msgs/msg/_rpm.py\n'}
[1.540083] (px4_msgs) StdoutLine: {'line': b'-- Up-to-date: /home/mcfb/ros2_ws/install/px4_msgs/lib/python3.12/site-packages/px4_msgs/msg/_uavcan_parameter_value.py\n'}
[1.540123] (px4_msgs) StdoutLine: {'line': b'-- Up-to-date: /home/mcfb/ros2_ws/install/px4_msgs/lib/python3.12/site-packages/px4_msgs/msg/_pure_pursuit_status_s.c\n'}
[1.540161] (px4_msgs) StdoutLine: {'line': b'-- Up-to-date: /home/mcfb/ros2_ws/install/px4_msgs/lib/python3.12/site-packages/px4_msgs/msg/_timesync_status_s.c\n'}
[1.540198] (px4_msgs) StdoutLine: {'line': b'-- Up-to-date: /home/mcfb/ros2_ws/install/px4_msgs/lib/python3.12/site-packages/px4_msgs/msg/_gimbal_device_attitude_status.py\n'}
[1.540267] (px4_msgs) StdoutLine: {'line': b'-- Up-to-date: /home/mcfb/ros2_ws/install/px4_msgs/lib/python3.12/site-packages/px4_msgs/msg/_position_controller_landing_status_s.c\n'}
[1.540301] (px4_msgs) StdoutLine: {'line': b'-- Up-to-date: /home/mcfb/ros2_ws/install/px4_msgs/lib/python3.12/site-packages/px4_msgs/msg/_estimator_sensor_bias_s.c\n'}
[1.540335] (px4_msgs) StdoutLine: {'line': b'-- Up-to-date: /home/mcfb/ros2_ws/install/px4_msgs/lib/python3.12/site-packages/px4_msgs/msg/_can_interface_status.py\n'}
[1.540375] (px4_msgs) StdoutLine: {'line': b'-- Up-to-date: /home/mcfb/ros2_ws/install/px4_msgs/lib/python3.12/site-packages/px4_msgs/msg/_sensor_selection.py\n'}
[1.540412] (px4_msgs) StdoutLine: {'line': b'-- Up-to-date: /home/mcfb/ros2_ws/install/px4_msgs/lib/python3.12/site-packages/px4_msgs/msg/_obstacle_distance.py\n'}
[1.540452] (px4_msgs) StdoutLine: {'line': b'-- Up-to-date: /home/mcfb/ros2_ws/install/px4_msgs/lib/python3.12/site-packages/px4_msgs/msg/_fixed_wing_lateral_guidance_status.py\n'}
[1.540518] (px4_msgs) StdoutLine: {'line': b'-- Up-to-date: /home/mcfb/ros2_ws/install/px4_msgs/lib/python3.12/site-packages/px4_msgs/msg/_offboard_control_mode_s.c\n'}
[1.540557] (px4_msgs) StdoutLine: {'line': b'-- Up-to-date: /home/mcfb/ros2_ws/install/px4_msgs/lib/python3.12/site-packages/px4_msgs/msg/_vehicle_attitude.py\n'}
[1.540592] (px4_msgs) StdoutLine: {'line': b'-- Up-to-date: /home/mcfb/ros2_ws/install/px4_msgs/lib/python3.12/site-packages/px4_msgs/msg/_goto_setpoint_s.c\n'}
[1.540632] (px4_msgs) StdoutLine: {'line': b'-- Up-to-date: /home/mcfb/ros2_ws/install/px4_msgs/lib/python3.12/site-packages/px4_msgs/msg/_vehicle_command_ack.py\n'}
[1.540671] (px4_msgs) StdoutLine: {'line': b'-- Up-to-date: /home/mcfb/ros2_ws/install/px4_msgs/lib/python3.12/site-packages/px4_msgs/msg/_wind.py\n'}
[1.540709] (px4_msgs) StdoutLine: {'line': b'-- Up-to-date: /home/mcfb/ros2_ws/install/px4_msgs/lib/python3.12/site-packages/px4_msgs/msg/_parameter_set_value_response_s.c\n'}
[1.540748] (px4_msgs) StdoutLine: {'line': b'-- Up-to-date: /home/mcfb/ros2_ws/install/px4_msgs/lib/python3.12/site-packages/px4_msgs/msg/_estimator_bias_s.c\n'}
[1.540786] (px4_msgs) StdoutLine: {'line': b'-- Up-to-date: /home/mcfb/ros2_ws/install/px4_msgs/lib/python3.12/site-packages/px4_msgs/msg/_sensor_airflow.py\n'}
[1.540824] (px4_msgs) StdoutLine: {'line': b'-- Up-to-date: /home/mcfb/ros2_ws/install/px4_msgs/lib/python3.12/site-packages/px4_msgs/msg/_onboard_computer_status.py\n'}
[1.540868] (px4_msgs) StdoutLine: {'line': b'-- Up-to-date: /home/mcfb/ros2_ws/install/px4_msgs/lib/python3.12/site-packages/px4_msgs/msg/_sensor_optical_flow.py\n'}
[1.540907] (px4_msgs) StdoutLine: {'line': b'-- Up-to-date: /home/mcfb/ros2_ws/install/px4_msgs/lib/python3.12/site-packages/px4_msgs/msg/_sensor_uwb.py\n'}
[1.540942] (px4_msgs) StdoutLine: {'line': b'-- Up-to-date: /home/mcfb/ros2_ws/install/px4_msgs/lib/python3.12/site-packages/px4_msgs/msg/_estimator_states_s.c\n'}
[1.541007] (px4_msgs) StdoutLine: {'line': b'-- Up-to-date: /home/mcfb/ros2_ws/install/px4_msgs/lib/python3.12/site-packages/px4_msgs/msg/_rc_channels.py\n'}
[1.541044] (px4_msgs) StdoutLine: {'line': b'-- Up-to-date: /home/mcfb/ros2_ws/install/px4_msgs/lib/python3.12/site-packages/px4_msgs/msg/_generator_status_s.c\n'}
[1.541078] (px4_msgs) StdoutLine: {'line': b'-- Up-to-date: /home/mcfb/ros2_ws/install/px4_msgs/lib/python3.12/site-packages/px4_msgs/msg/_px4io_status_s.c\n'}
[1.541113] (px4_msgs) StdoutLine: {'line': b'-- Up-to-date: /home/mcfb/ros2_ws/install/px4_msgs/lib/python3.12/site-packages/px4_msgs/msg/_message_format_request_s.c\n'}
[1.541147] (px4_msgs) StdoutLine: {'line': b'-- Up-to-date: /home/mcfb/ros2_ws/install/px4_msgs/lib/python3.12/site-packages/px4_msgs/msg/_actuator_servos_trim_s.c\n'}
[1.541179] (px4_msgs) StdoutLine: {'line': b'-- Up-to-date: /home/mcfb/ros2_ws/install/px4_msgs/lib/python3.12/site-packages/px4_msgs/msg/_mode_completed.py\n'}
[1.541212] (px4_msgs) StdoutLine: {'line': b'-- Up-to-date: /home/mcfb/ros2_ws/install/px4_msgs/lib/python3.12/site-packages/px4_msgs/msg/_satellite_info_s.c\n'}
[1.541249] (px4_msgs) StdoutLine: {'line': b'-- Up-to-date: /home/mcfb/ros2_ws/install/px4_msgs/lib/python3.12/site-packages/px4_msgs/msg/_camera_trigger.py\n'}
[1.541284] (px4_msgs) StdoutLine: {'line': b'-- Up-to-date: /home/mcfb/ros2_ws/install/px4_msgs/lib/python3.12/site-packages/px4_msgs/msg/_mission_result.py\n'}
[1.541323] (px4_msgs) StdoutLine: {'line': b'-- Up-to-date: /home/mcfb/ros2_ws/install/px4_msgs/lib/python3.12/site-packages/px4_msgs/msg/_navigator_status_s.c\n'}
[1.541367] (px4_msgs) StdoutLine: {'line': b'-- Up-to-date: /home/mcfb/ros2_ws/install/px4_msgs/lib/python3.12/site-packages/px4_msgs/msg/_distance_sensor_s.c\n'}
[1.541407] (px4_msgs) StdoutLine: {'line': b'-- Up-to-date: /home/mcfb/ros2_ws/install/px4_msgs/lib/python3.12/site-packages/px4_msgs/msg/_gpio_request.py\n'}
[1.541448] (px4_msgs) StdoutLine: {'line': b'-- Up-to-date: /home/mcfb/ros2_ws/install/px4_msgs/lib/python3.12/site-packages/px4_msgs/msg/_estimator_bias3d_s.c\n'}
[1.541488] (px4_msgs) StdoutLine: {'line': b'-- Up-to-date: /home/mcfb/ros2_ws/install/px4_msgs/lib/python3.12/site-packages/px4_msgs/msg/_position_controller_status.py\n'}
[1.541526] (px4_msgs) StdoutLine: {'line': b'-- Up-to-date: /home/mcfb/ros2_ws/install/px4_msgs/lib/python3.12/site-packages/px4_msgs/msg/_landing_gear_s.c\n'}
[1.541562] (px4_msgs) StdoutLine: {'line': b'-- Up-to-date: /home/mcfb/ros2_ws/install/px4_msgs/lib/python3.12/site-packages/px4_msgs/msg/_irlock_report_s.c\n'}
[1.541624] (px4_msgs) StdoutLine: {'line': b'-- Up-to-date: /home/mcfb/ros2_ws/install/px4_msgs/lib/python3.12/site-packages/px4_msgs/msg/_input_rc_s.c\n'}
[1.541658] (px4_msgs) StdoutLine: {'line': b'-- Up-to-date: /home/mcfb/ros2_ws/install/px4_msgs/lib/python3.12/site-packages/px4_msgs/msg/_internal_combustion_engine_status.py\n'}
[1.541691] (px4_msgs) StdoutLine: {'line': b'-- Up-to-date: /home/mcfb/ros2_ws/install/px4_msgs/lib/python3.12/site-packages/px4_msgs/msg/_gpio_in_s.c\n'}
[1.541736] (px4_msgs) StdoutLine: {'line': b'-- Up-to-date: /home/mcfb/ros2_ws/install/px4_msgs/lib/python3.12/site-packages/px4_msgs/msg/_sensor_gyro.py\n'}
[1.541771] (px4_msgs) StdoutLine: {'line': b'-- Up-to-date: /home/mcfb/ros2_ws/install/px4_msgs/lib/python3.12/site-packages/px4_msgs/msg/_gpio_out_s.c\n'}
[1.541804] (px4_msgs) StdoutLine: {'line': b'-- Up-to-date: /home/mcfb/ros2_ws/install/px4_msgs/lib/python3.12/site-packages/px4_msgs/msg/_rover_steering_setpoint_s.c\n'}
[1.541838] (px4_msgs) StdoutLine: {'line': b'-- Up-to-date: /home/mcfb/ros2_ws/install/px4_msgs/lib/python3.12/site-packages/px4_msgs/msg/_iridiumsbd_status_s.c\n'}
[1.541882] (px4_msgs) StdoutLine: {'line': b'-- Up-to-date: /home/mcfb/ros2_ws/install/px4_msgs/lib/python3.12/site-packages/px4_msgs/msg/_vehicle_magnetometer.py\n'}
[1.541920] (px4_msgs) StdoutLine: {'line': b'-- Up-to-date: /home/mcfb/ros2_ws/install/px4_msgs/lib/python3.12/site-packages/px4_msgs/msg/_ekf2_timestamps_s.c\n'}
[1.541955] (px4_msgs) StdoutLine: {'line': b'-- Up-to-date: /home/mcfb/ros2_ws/install/px4_msgs/lib/python3.12/site-packages/px4_msgs/msg/_generator_status.py\n'}
[1.541992] (px4_msgs) StdoutLine: {'line': b'-- Up-to-date: /home/mcfb/ros2_ws/install/px4_msgs/lib/python3.12/site-packages/px4_msgs/msg/_heater_status_s.c\n'}
[1.542031] (px4_msgs) StdoutLine: {'line': b'-- Up-to-date: /home/mcfb/ros2_ws/install/px4_msgs/lib/python3.12/site-packages/px4_msgs/msg/_mavlink_tunnel_s.c\n'}
[1.542071] (px4_msgs) StdoutLine: {'line': b'-- Up-to-date: /home/mcfb/ros2_ws/install/px4_msgs/lib/python3.12/site-packages/px4_msgs/msg/_wheel_encoders.py\n'}
[1.542108] (px4_msgs) StdoutLine: {'line': b'-- Up-to-date: /home/mcfb/ros2_ws/install/px4_msgs/lib/python3.12/site-packages/px4_msgs/msg/_vehicle_control_mode.py\n'}
[1.542145] (px4_msgs) StdoutLine: {'line': b'-- Up-to-date: /home/mcfb/ros2_ws/install/px4_msgs/lib/python3.12/site-packages/px4_msgs/msg/_estimator_bias.py\n'}
[1.542182] (px4_msgs) StdoutLine: {'line': b'-- Up-to-date: /home/mcfb/ros2_ws/install/px4_msgs/lib/python3.12/site-packages/px4_msgs/msg/_follow_target_estimator_s.c\n'}
[1.542232] (px4_msgs) StdoutLine: {'line': b'-- Up-to-date: /home/mcfb/ros2_ws/install/px4_msgs/lib/python3.12/site-packages/px4_msgs/msg/_estimator_innovations.py\n'}
[1.542267] (px4_msgs) StdoutLine: {'line': b'-- Up-to-date: /home/mcfb/ros2_ws/install/px4_msgs/lib/python3.12/site-packages/px4_msgs/msg/_gimbal_device_information.py\n'}
[1.542302] (px4_msgs) StdoutLine: {'line': b'-- Up-to-date: /home/mcfb/ros2_ws/install/px4_msgs/lib/python3.12/site-packages/px4_msgs/msg/_failure_detector_status_s.c\n'}
[1.542345] (px4_msgs) StdoutLine: {'line': b'-- Up-to-date: /home/mcfb/ros2_ws/install/px4_msgs/lib/python3.12/site-packages/px4_msgs/msg/_manual_control_switches.py\n'}
[1.542378] (px4_msgs) StdoutLine: {'line': b'-- Up-to-date: /home/mcfb/ros2_ws/install/px4_msgs/lib/python3.12/site-packages/px4_msgs/msg/_takeoff_status_s.c\n'}
[1.542413] (px4_msgs) StdoutLine: {'line': b'-- Up-to-date: /home/mcfb/ros2_ws/install/px4_msgs/lib/python3.12/site-packages/px4_msgs/msg/_vehicle_air_data.py\n'}
[1.542444] (px4_msgs) StdoutLine: {'line': b'-- Up-to-date: /home/mcfb/ros2_ws/install/px4_msgs/lib/python3.12/site-packages/px4_msgs/msg/_sensor_preflight_mag.py\n'}
[1.542479] (px4_msgs) StdoutLine: {'line': b'-- Up-to-date: /home/mcfb/ros2_ws/install/px4_msgs/lib/python3.12/site-packages/px4_msgs/msg/_fixed_wing_lateral_status.py\n'}
[1.542513] (px4_msgs) StdoutLine: {'line': b'-- Up-to-date: /home/mcfb/ros2_ws/install/px4_msgs/lib/python3.12/site-packages/px4_msgs/msg/_led_control_s.c\n'}
[1.542548] (px4_msgs) StdoutLine: {'line': b'-- Up-to-date: /home/mcfb/ros2_ws/install/px4_msgs/lib/python3.12/site-packages/px4_msgs/msg/_rover_speed_status.py\n'}
[1.542586] (px4_msgs) StdoutLine: {'line': b'-- Up-to-date: /home/mcfb/ros2_ws/install/px4_msgs/lib/python3.12/site-packages/px4_msgs/msg/_distance_sensor_mode_change_request_s.c\n'}
[1.542623] (px4_msgs) StdoutLine: {'line': b'-- Up-to-date: /home/mcfb/ros2_ws/install/px4_msgs/lib/python3.12/site-packages/px4_msgs/msg/_register_ext_component_request_s.c\n'}
[1.542659] (px4_msgs) StdoutLine: {'line': b'-- Up-to-date: /home/mcfb/ros2_ws/install/px4_msgs/lib/python3.12/site-packages/px4_msgs/msg/_geofence_result_s.c\n'}
[1.542695] (px4_msgs) StdoutLine: {'line': b'-- Up-to-date: /home/mcfb/ros2_ws/install/px4_msgs/lib/python3.12/site-packages/px4_msgs/msg/_position_setpoint_s.c\n'}
[1.542739] (px4_msgs) StdoutLine: {'line': b'-- Up-to-date: /home/mcfb/ros2_ws/install/px4_msgs/lib/python3.12/site-packages/px4_msgs/msg/__init__.py\n'}
[1.542790] (px4_msgs) StdoutLine: {'line': b'-- Up-to-date: /home/mcfb/ros2_ws/install/px4_msgs/lib/python3.12/site-packages/px4_msgs/msg/_event.py\n'}
[1.542825] (px4_msgs) StdoutLine: {'line': b'-- Up-to-date: /home/mcfb/ros2_ws/install/px4_msgs/lib/python3.12/site-packages/px4_msgs/msg/_landing_target_innovations.py\n'}
[1.542864] (px4_msgs) StdoutLine: {'line': b'-- Up-to-date: /home/mcfb/ros2_ws/install/px4_msgs/lib/python3.12/site-packages/px4_msgs/msg/_config_overrides.py\n'}
[1.542899] (px4_msgs) StdoutLine: {'line': b'-- Up-to-date: /home/mcfb/ros2_ws/install/px4_msgs/lib/python3.12/site-packages/px4_msgs/msg/_camera_capture.py\n'}
[1.542932] (px4_msgs) StdoutLine: {'line': b'-- Up-to-date: /home/mcfb/ros2_ws/install/px4_msgs/lib/python3.12/site-packages/px4_msgs/msg/_trajectory_setpoint_s.c\n'}
[1.542966] (px4_msgs) StdoutLine: {'line': b'-- Up-to-date: /home/mcfb/ros2_ws/install/px4_msgs/lib/python3.12/site-packages/px4_msgs/msg/_rtl_time_estimate.py\n'}
[1.542999] (px4_msgs) StdoutLine: {'line': b'-- Up-to-date: /home/mcfb/ros2_ws/install/px4_msgs/lib/python3.12/site-packages/px4_msgs/msg/_vehicle_thrust_setpoint_s.c\n'}
[1.543118] (px4_msgs) StdoutLine: {'line': b'-- Up-to-date: /home/mcfb/ros2_ws/install/px4_msgs/lib/python3.12/site-packages/px4_msgs/msg/_vehicle_torque_setpoint_s.c\n'}
[1.543191] (px4_msgs) StdoutLine: {'line': b'-- Up-to-date: /home/mcfb/ros2_ws/install/px4_msgs/lib/python3.12/site-packages/px4_msgs/msg/_battery_status.py\n'}
[1.543245] (px4_msgs) StdoutLine: {'line': b'-- Up-to-date: /home/mcfb/ros2_ws/install/px4_msgs/lib/python3.12/site-packages/px4_msgs/msg/_rover_rate_setpoint_s.c\n'}
[1.543398] (px4_msgs) StdoutLine: {'line': b'-- Up-to-date: /home/mcfb/ros2_ws/install/px4_msgs/lib/python3.12/site-packages/px4_msgs/msg/_gimbal_manager_status.py\n'}
[1.543494] (px4_msgs) StdoutLine: {'line': b'-- Up-to-date: /home/mcfb/ros2_ws/install/px4_msgs/lib/python3.12/site-packages/px4_msgs/msg/_actuator_servos.py\n'}
[1.543618] (px4_msgs) StdoutLine: {'line': b'-- Up-to-date: /home/mcfb/ros2_ws/install/px4_msgs/lib/python3.12/site-packages/px4_msgs/msg/_tiltrotor_extra_controls_s.c\n'}
[1.543715] (px4_msgs) StdoutLine: {'line': b'-- Up-to-date: /home/mcfb/ros2_ws/install/px4_msgs/lib/python3.12/site-packages/px4_msgs/msg/_open_drone_id_operator_id_s.c\n'}
[1.543897] (px4_msgs) StdoutLine: {'line': b'-- Up-to-date: /home/mcfb/ros2_ws/install/px4_msgs/lib/python3.12/site-packages/px4_msgs/msg/_tune_control_s.c\n'}
[1.544086] (px4_msgs) StdoutLine: {'line': b'-- Up-to-date: /home/mcfb/ros2_ws/install/px4_msgs/lib/python3.12/site-packages/px4_msgs/msg/_trajectory_setpoint6dof.py\n'}
[1.544151] (px4_msgs) StdoutLine: {'line': b'-- Up-to-date: /home/mcfb/ros2_ws/install/px4_msgs/lib/python3.12/site-packages/px4_msgs/msg/_logger_status_s.c\n'}
[1.544192] (px4_msgs) StdoutLine: {'line': b'-- Up-to-date: /home/mcfb/ros2_ws/install/px4_msgs/lib/python3.12/site-packages/px4_msgs/msg/_launch_detection_status.py\n'}
[1.544231] (px4_msgs) StdoutLine: {'line': b'-- Up-to-date: /home/mcfb/ros2_ws/install/px4_msgs/lib/python3.12/site-packages/px4_msgs/msg/_estimator_innovations_s.c\n'}
[1.544269] (px4_msgs) StdoutLine: {'line': b'-- Up-to-date: /home/mcfb/ros2_ws/install/px4_msgs/lib/python3.12/site-packages/px4_msgs/msg/_distance_sensor_mode_change_request.py\n'}
[1.544316] (px4_msgs) StdoutLine: {'line': b'-- Up-to-date: /home/mcfb/ros2_ws/install/px4_msgs/lib/python3.12/site-packages/px4_msgs/msg/_yaw_estimator_status_s.c\n'}
[1.544356] (px4_msgs) StdoutLine: {'line': b'-- Up-to-date: /home/mcfb/ros2_ws/install/px4_msgs/lib/python3.12/site-packages/px4_msgs/msg/_vehicle_land_detected.py\n'}
[1.544440] (px4_msgs) StdoutLine: {'line': b'-- Up-to-date: /home/mcfb/ros2_ws/install/px4_msgs/lib/python3.12/site-packages/px4_msgs/msg/_unregister_ext_component.py\n'}
[1.544532] (px4_msgs) StdoutLine: {'line': b'-- Up-to-date: /home/mcfb/ros2_ws/install/px4_msgs/lib/python3.12/site-packages/px4_msgs/msg/_rover_position_setpoint_s.c\n'}
[1.544585] (px4_msgs) StdoutLine: {'line': b'-- Up-to-date: /home/mcfb/ros2_ws/install/px4_msgs/lib/python3.12/site-packages/px4_msgs/msg/_open_drone_id_system_s.c\n'}
[1.544634] (px4_msgs) StdoutLine: {'line': b'-- Up-to-date: /home/mcfb/ros2_ws/install/px4_msgs/lib/python3.12/site-packages/px4_msgs/msg/_health_report_s.c\n'}
[1.544681] (px4_msgs) StdoutLine: {'line': b'-- Up-to-date: /home/mcfb/ros2_ws/install/px4_msgs/lib/python3.12/site-packages/px4_msgs/msg/_vehicle_command.py\n'}
[1.544734] (px4_msgs) StdoutLine: {'line': b'-- Up-to-date: /home/mcfb/ros2_ws/install/px4_msgs/lib/python3.12/site-packages/px4_msgs/msg/_can_interface_status_s.c\n'}
[1.544789] (px4_msgs) StdoutLine: {'line': b'-- Up-to-date: /home/mcfb/ros2_ws/install/px4_msgs/lib/python3.12/site-packages/px4_msgs/msg/_debug_vect.py\n'}
[1.544839] (px4_msgs) StdoutLine: {'line': b'-- Up-to-date: /home/mcfb/ros2_ws/install/px4_msgs/lib/python3.12/site-packages/px4_msgs/msg/_landing_gear.py\n'}
[1.544890] (px4_msgs) StdoutLine: {'line': b'-- Up-to-date: /home/mcfb/ros2_ws/install/px4_msgs/lib/python3.12/site-packages/px4_msgs/msg/_longitudinal_control_configuration.py\n'}
[1.544936] (px4_msgs) StdoutLine: {'line': b'-- Up-to-date: /home/mcfb/ros2_ws/install/px4_msgs/lib/python3.12/site-packages/px4_msgs/msg/_vehicle_local_position_setpoint_s.c\n'}
[1.544984] (px4_msgs) StdoutLine: {'line': b'-- Up-to-date: /home/mcfb/ros2_ws/install/px4_msgs/lib/python3.12/site-packages/px4_msgs/msg/_failsafe_flags.py\n'}
[1.545056] (px4_msgs) StdoutLine: {'line': b'-- Up-to-date: /home/mcfb/ros2_ws/install/px4_msgs/lib/python3.12/site-packages/px4_msgs/msg/_input_rc.py\n'}
[1.545127] (px4_msgs) StdoutLine: {'line': b'-- Up-to-date: /home/mcfb/ros2_ws/install/px4_msgs/lib/python3.12/site-packages/px4_msgs/msg/_vehicle_torque_setpoint.py\n'}
[1.545172] (px4_msgs) StdoutLine: {'line': b'-- Up-to-date: /home/mcfb/ros2_ws/install/px4_msgs/lib/python3.12/site-packages/px4_msgs/msg/_debug_vect_s.c\n'}
[1.545217] (px4_msgs) StdoutLine: {'line': b'-- Up-to-date: /home/mcfb/ros2_ws/install/px4_msgs/lib/python3.12/site-packages/px4_msgs/msg/_open_drone_id_self_id.py\n'}
[1.545261] (px4_msgs) StdoutLine: {'line': b'-- Up-to-date: /home/mcfb/ros2_ws/install/px4_msgs/lib/python3.12/site-packages/px4_msgs/msg/_vehicle_optical_flow_vel.py\n'}
[1.545318] (px4_msgs) StdoutLine: {'line': b'-- Up-to-date: /home/mcfb/ros2_ws/install/px4_msgs/lib/python3.12/site-packages/px4_msgs/msg/_cpuload_s.c\n'}
[1.545387] (px4_msgs) StdoutLine: {'line': b'-- Up-to-date: /home/mcfb/ros2_ws/install/px4_msgs/lib/python3.12/site-packages/px4_msgs/msg/_sensor_gps_s.c\n'}
[1.545453] (px4_msgs) StdoutLine: {'line': b'-- Up-to-date: /home/mcfb/ros2_ws/install/px4_msgs/lib/python3.12/site-packages/px4_msgs/msg/_dataman_response.py\n'}
[1.545529] (px4_msgs) StdoutLine: {'line': b'-- Up-to-date: /home/mcfb/ros2_ws/install/px4_msgs/lib/python3.12/site-packages/px4_msgs/msg/_task_stack_info.py\n'}
[1.545660] (px4_msgs) StdoutLine: {'line': b'-- Up-to-date: /home/mcfb/ros2_ws/install/px4_msgs/lib/python3.12/site-packages/px4_msgs/msg/_sensor_hygrometer.py\n'}
[1.545705] (px4_msgs) StdoutLine: {'line': b'-- Up-to-date: /home/mcfb/ros2_ws/install/px4_msgs/lib/python3.12/site-packages/px4_msgs/msg/_fixed_wing_longitudinal_setpoint.py\n'}
[1.545757] (px4_msgs) StdoutLine: {'line': b'-- Up-to-date: /home/mcfb/ros2_ws/install/px4_msgs/lib/python3.12/site-packages/px4_msgs/msg/_fixed_wing_lateral_status_s.c\n'}
[1.545803] (px4_msgs) StdoutLine: {'line': b'-- Up-to-date: /home/mcfb/ros2_ws/install/px4_msgs/lib/python3.12/site-packages/px4_msgs/msg/_arming_check_reply.py\n'}
[1.545873] (px4_msgs) StdoutLine: {'line': b'-- Up-to-date: /home/mcfb/ros2_ws/install/px4_msgs/lib/python3.12/site-packages/px4_msgs/msg/_airspeed_validated_s.c\n'}
[1.545945] (px4_msgs) StdoutLine: {'line': b'-- Up-to-date: /home/mcfb/ros2_ws/install/px4_msgs/lib/python3.12/site-packages/px4_msgs/msg/_mode_completed_s.c\n'}
[1.545989] (px4_msgs) StdoutLine: {'line': b'-- Up-to-date: /home/mcfb/ros2_ws/install/px4_msgs/lib/python3.12/site-packages/px4_msgs/msg/_estimator_aid_source3d.py\n'}
[1.546032] (px4_msgs) StdoutLine: {'line': b'-- Up-to-date: /home/mcfb/ros2_ws/install/px4_msgs/lib/python3.12/site-packages/px4_msgs/msg/_manual_control_setpoint_s.c\n'}
[1.546090] (px4_msgs) StdoutLine: {'line': b'-- Up-to-date: /home/mcfb/ros2_ws/install/px4_msgs/lib/python3.12/site-packages/px4_msgs/msg/_message_format_request.py\n'}
[1.546144] (px4_msgs) StdoutLine: {'line': b'-- Up-to-date: /home/mcfb/ros2_ws/install/px4_msgs/lib/python3.12/site-packages/px4_msgs/msg/_parameter_reset_request.py\n'}
[1.546195] (px4_msgs) StdoutLine: {'line': b'-- Up-to-date: /home/mcfb/ros2_ws/install/px4_msgs/lib/python3.12/site-packages/px4_msgs/msg/_dataman_request_s.c\n'}
[1.546243] (px4_msgs) StdoutLine: {'line': b'-- Up-to-date: /home/mcfb/ros2_ws/install/px4_msgs/lib/python3.12/site-packages/px4_msgs/msg/_rtl_status.py\n'}
[1.546288] (px4_msgs) StdoutLine: {'line': b'-- Up-to-date: /home/mcfb/ros2_ws/install/px4_msgs/lib/python3.12/site-packages/px4_msgs/msg/_vehicle_rates_setpoint_s.c\n'}
[1.546334] (px4_msgs) StdoutLine: {'line': b'-- Up-to-date: /home/mcfb/ros2_ws/install/px4_msgs/lib/python3.12/site-packages/px4_msgs/msg/_vehicle_optical_flow.py\n'}
[1.546381] (px4_msgs) StdoutLine: {'line': b'-- Up-to-date: /home/mcfb/ros2_ws/install/px4_msgs/lib/python3.12/site-packages/px4_msgs/msg/_pwm_input_s.c\n'}
[1.546428] (px4_msgs) StdoutLine: {'line': b'-- Up-to-date: /home/mcfb/ros2_ws/install/px4_msgs/lib/python3.12/site-packages/px4_msgs/msg/_geofence_status_s.c\n'}
[1.546698] (px4_msgs) StdoutLine: {'line': b'-- Up-to-date: /home/mcfb/ros2_ws/install/px4_msgs/lib/python3.12/site-packages/px4_msgs/msg/_gimbal_controls_s.c\n'}
[1.546906] (px4_msgs) StdoutLine: {'line': b'-- Up-to-date: /home/mcfb/ros2_ws/install/px4_msgs/lib/python3.12/site-packages/px4_msgs/msg/_irlock_report.py\n'}
[1.546992] (px4_msgs) StdoutLine: {'line': b'-- Up-to-date: /home/mcfb/ros2_ws/install/px4_msgs/lib/python3.12/site-packages/px4_msgs/msg/_ekf2_timestamps.py\n'}
[1.547057] (px4_msgs) StdoutLine: {'line': b'-- Up-to-date: /home/mcfb/ros2_ws/install/px4_msgs/lib/python3.12/site-packages/px4_msgs/msg/_actuator_outputs_s.c\n'}
[1.547107] (px4_msgs) StdoutLine: {'line': b'-- Up-to-date: /home/mcfb/ros2_ws/install/px4_msgs/lib/python3.12/site-packages/px4_msgs/msg/_neural_control.py\n'}
[1.547166] (px4_msgs) StdoutLine: {'line': b'-- Up-to-date: /home/mcfb/ros2_ws/install/px4_msgs/lib/python3.12/site-packages/px4_msgs/msg/_neural_control_s.c\n'}
[1.547258] (px4_msgs) StdoutLine: {'line': b'-- Up-to-date: /home/mcfb/ros2_ws/install/px4_msgs/lib/python3.12/site-packages/px4_msgs/msg/_unregister_ext_component_s.c\n'}
[1.547314] (px4_msgs) StdoutLine: {'line': b'-- Up-to-date: /home/mcfb/ros2_ws/install/px4_msgs/lib/python3.12/site-packages/px4_msgs/msg/_battery_info_s.c\n'}
[1.547366] (px4_msgs) StdoutLine: {'line': b'-- Up-to-date: /home/mcfb/ros2_ws/install/px4_msgs/lib/python3.12/site-packages/px4_msgs/msg/_sensor_hygrometer_s.c\n'}
[1.547439] (px4_msgs) StdoutLine: {'line': b'-- Up-to-date: /home/mcfb/ros2_ws/install/px4_msgs/lib/python3.12/site-packages/px4_msgs/msg/_vehicle_land_detected_s.c\n'}
[1.547520] (px4_msgs) StdoutLine: {'line': b'-- Up-to-date: /home/mcfb/ros2_ws/install/px4_msgs/lib/python3.12/site-packages/px4_msgs/msg/_esc_status.py\n'}
[1.547598] (px4_msgs) StdoutLine: {'line': b'-- Up-to-date: /home/mcfb/ros2_ws/install/px4_msgs/lib/python3.12/site-packages/px4_msgs/msg/_actuator_servos_s.c\n'}
[1.547676] (px4_msgs) StdoutLine: {'line': b'-- Up-to-date: /home/mcfb/ros2_ws/install/px4_msgs/lib/python3.12/site-packages/px4_msgs/msg/_vehicle_roi.py\n'}
[1.547863] (px4_msgs) StdoutLine: {'line': b'-- Up-to-date: /home/mcfb/ros2_ws/install/px4_msgs/lib/python3.12/site-packages/px4_msgs/msg/_dronecan_node_status_s.c\n'}
[1.547934] (px4_msgs) StdoutLine: {'line': b'-- Up-to-date: /home/mcfb/ros2_ws/install/px4_msgs/lib/python3.12/site-packages/px4_msgs/msg/_esc_report.py\n'}
[1.547982] (px4_msgs) StdoutLine: {'line': b'-- Up-to-date: /home/mcfb/ros2_ws/install/px4_msgs/lib/python3.12/site-packages/px4_msgs/msg/_sensor_selection_s.c\n'}
[1.548029] (px4_msgs) StdoutLine: {'line': b'-- Up-to-date: /home/mcfb/ros2_ws/install/px4_msgs/lib/python3.12/site-packages/px4_msgs/msg/_rtl_status_s.c\n'}
[1.548087] (px4_msgs) StdoutLine: {'line': b'-- Up-to-date: /home/mcfb/ros2_ws/install/px4_msgs/lib/python3.12/site-packages/px4_msgs/msg/_tiltrotor_extra_controls.py\n'}
[1.548136] (px4_msgs) StdoutLine: {'line': b'-- Up-to-date: /home/mcfb/ros2_ws/install/px4_msgs/lib/python3.12/site-packages/px4_msgs/msg/_vehicle_global_position_s.c\n'}
[1.548194] (px4_msgs) StdoutLine: {'line': b'-- Up-to-date: /home/mcfb/ros2_ws/install/px4_msgs/lib/python3.12/site-packages/px4_msgs/msg/_message_format_response_s.c\n'}
[1.548253] (px4_msgs) StdoutLine: {'line': b'-- Up-to-date: /home/mcfb/ros2_ws/install/px4_msgs/lib/python3.12/site-packages/px4_msgs/msg/_orb_test_large.py\n'}
[1.548375] (px4_msgs) StdoutLine: {'line': b'-- Up-to-date: /home/mcfb/ros2_ws/install/px4_msgs/lib/python3.12/site-packages/px4_msgs/msg/_vehicle_local_position_setpoint.py\n'}
[1.548412] (px4_msgs) StdoutLine: {'line': b'-- Up-to-date: /home/mcfb/ros2_ws/install/px4_msgs/lib/python3.12/site-packages/px4_msgs/msg/_rc_parameter_map_s.c\n'}
[1.548447] (px4_msgs) StdoutLine: {'line': b'-- Up-to-date: /home/mcfb/ros2_ws/install/px4_msgs/lib/python3.12/site-packages/px4_msgs/msg/_fuel_tank_status.py\n'}
[1.548553] (px4_msgs) StdoutLine: {'line': b'-- Up-to-date: /home/mcfb/ros2_ws/install/px4_msgs/lib/python3.12/site-packages/px4_msgs/msg/_fixed_wing_lateral_setpoint.py\n'}
[1.548600] (px4_msgs) StdoutLine: {'line': b'-- Up-to-date: /home/mcfb/ros2_ws/install/px4_msgs/lib/python3.12/site-packages/px4_msgs/msg/_rc_parameter_map.py\n'}
[1.548639] (px4_msgs) StdoutLine: {'line': b'-- Up-to-date: /home/mcfb/ros2_ws/install/px4_msgs/lib/python3.12/site-packages/px4_msgs/msg/_gpio_config.py\n'}
[1.548675] (px4_msgs) StdoutLine: {'line': b'-- Up-to-date: /home/mcfb/ros2_ws/install/px4_msgs/lib/python3.12/site-packages/px4_msgs/msg/_iridiumsbd_status.py\n'}
[1.548737] (px4_msgs) StdoutLine: {'line': b'-- Up-to-date: /home/mcfb/ros2_ws/install/px4_msgs/lib/python3.12/site-packages/px4_msgs/msg/_internal_combustion_engine_status_s.c\n'}
[1.548779] (px4_msgs) StdoutLine: {'line': b'-- Up-to-date: /home/mcfb/ros2_ws/install/px4_msgs/lib/python3.12/site-packages/px4_msgs/msg/_vehicle_imu.py\n'}
[1.548827] (px4_msgs) StdoutLine: {'line': b'-- Up-to-date: /home/mcfb/ros2_ws/install/px4_msgs/lib/python3.12/site-packages/px4_msgs/msg/_vehicle_imu_status_s.c\n'}
[1.548869] (px4_msgs) StdoutLine: {'line': b'-- Up-to-date: /home/mcfb/ros2_ws/install/px4_msgs/lib/python3.12/site-packages/px4_msgs/msg/_navigator_status.py\n'}
[1.548905] (px4_msgs) StdoutLine: {'line': b'-- Up-to-date: /home/mcfb/ros2_ws/install/px4_msgs/lib/python3.12/site-packages/px4_msgs/msg/_geofence_result.py\n'}
[1.548948] (px4_msgs) StdoutLine: {'line': b'-- Up-to-date: /home/mcfb/ros2_ws/install/px4_msgs/lib/python3.12/site-packages/px4_msgs/msg/_actuator_armed.py\n'}
[1.548997] (px4_msgs) StdoutLine: {'line': b'-- Up-to-date: /home/mcfb/ros2_ws/install/px4_msgs/lib/python3.12/site-packages/px4_msgs/msg/_control_allocator_status_s.c\n'}
[1.549032] (px4_msgs) StdoutLine: {'line': b'-- Up-to-date: /home/mcfb/ros2_ws/install/px4_msgs/lib/python3.12/site-packages/px4_msgs/msg/_gimbal_controls.py\n'}
[1.549079] (px4_msgs) StdoutLine: {'line': b'-- Up-to-date: /home/mcfb/ros2_ws/install/px4_msgs/lib/python3.12/site-packages/px4_msgs/msg/_ulog_stream.py\n'}
[1.549118] (px4_msgs) StdoutLine: {'line': b'-- Up-to-date: /home/mcfb/ros2_ws/install/px4_msgs/lib/python3.12/site-packages/px4_msgs/_px4_msgs_s.ep.rosidl_typesupport_fastrtps_c.c\n'}
[1.549168] (px4_msgs) StdoutLine: {'line': b'-- Up-to-date: /home/mcfb/ros2_ws/install/px4_msgs/lib/python3.12/site-packages/px4_msgs/__init__.py\n'}
[1.549219] (px4_msgs) StdoutLine: {'line': b'-- Up-to-date: /home/mcfb/ros2_ws/install/px4_msgs/lib/python3.12/site-packages/px4_msgs/_px4_msgs_s.ep.rosidl_typesupport_introspection_c.c\n'}
[1.549277] (px4_msgs) StdoutLine: {'line': b'-- Up-to-date: /home/mcfb/ros2_ws/install/px4_msgs/lib/python3.12/site-packages/px4_msgs/_px4_msgs_s.ep.rosidl_typesupport_c.c\n'}
[1.549334] (px4_msgs) StdoutLine: {'line': b'-- Up-to-date: /home/mcfb/ros2_ws/install/px4_msgs/lib/python3.12/site-packages/px4_msgs/px4_msgs_s__rosidl_typesupport_c.so\n'}
[1.549386] (px4_msgs) StdoutLine: {'line': b'-- Up-to-date: /home/mcfb/ros2_ws/install/px4_msgs/lib/python3.12/site-packages/px4_msgs/px4_msgs_s__rosidl_typesupport_fastrtps_c.so\n'}
[1.549441] (px4_msgs) StdoutLine: {'line': b"Listing '/home/mcfb/ros2_ws/install/px4_msgs/lib/python3.12/site-packages/px4_msgs'...\n"}
[1.549494] (px4_msgs) StdoutLine: {'line': b"Listing '/home/mcfb/ros2_ws/install/px4_msgs/lib/python3.12/site-packages/px4_msgs/msg'...\n"}
[1.549552] (px4_msgs) StdoutLine: {'line': b"Listing '/home/mcfb/ros2_ws/install/px4_msgs/lib/python3.12/site-packages/px4_msgs/srv'...\n"}
[1.549618] (px4_msgs) StdoutLine: {'line': b'-- Up-to-date: /home/mcfb/ros2_ws/install/px4_msgs/lib/python3.12/site-packages/px4_msgs/px4_msgs_s__rosidl_typesupport_fastrtps_c.so\n'}
[1.549656] (px4_msgs) StdoutLine: {'line': b'-- Up-to-date: /home/mcfb/ros2_ws/install/px4_msgs/lib/python3.12/site-packages/px4_msgs/px4_msgs_s__rosidl_typesupport_introspection_c.so\n'}
[1.549696] (px4_msgs) StdoutLine: {'line': b'-- Up-to-date: /home/mcfb/ros2_ws/install/px4_msgs/lib/python3.12/site-packages/px4_msgs/px4_msgs_s__rosidl_typesupport_c.so\n'}
[1.549746] (px4_msgs) StdoutLine: {'line': b'-- Up-to-date: /home/mcfb/ros2_ws/install/px4_msgs/lib/libpx4_msgs__rosidl_generator_py.so\n'}
[1.549790] (px4_msgs) StdoutLine: {'line': b'-- Up-to-date: /home/mcfb/ros2_ws/install/px4_msgs/share/px4_msgs/msg/ActionRequest.idl\n'}
[1.549863] (px4_msgs) StdoutLine: {'line': b'-- Up-to-date: /home/mcfb/ros2_ws/install/px4_msgs/share/px4_msgs/msg/ActuatorArmed.idl\n'}
[1.549911] (px4_msgs) StdoutLine: {'line': b'-- Up-to-date: /home/mcfb/ros2_ws/install/px4_msgs/share/px4_msgs/msg/ActuatorControlsStatus.idl\n'}
[1.549950] (px4_msgs) StdoutLine: {'line': b'-- Up-to-date: /home/mcfb/ros2_ws/install/px4_msgs/share/px4_msgs/msg/ActuatorMotors.idl\n'}
[1.549988] (px4_msgs) StdoutLine: {'line': b'-- Up-to-date: /home/mcfb/ros2_ws/install/px4_msgs/share/px4_msgs/msg/ActuatorOutputs.idl\n'}
[1.550025] (px4_msgs) StdoutLine: {'line': b'-- Up-to-date: /home/mcfb/ros2_ws/install/px4_msgs/share/px4_msgs/msg/ActuatorServos.idl\n'}
[1.550064] (px4_msgs) StdoutLine: {'line': b'-- Up-to-date: /home/mcfb/ros2_ws/install/px4_msgs/share/px4_msgs/msg/ActuatorServosTrim.idl\n'}
[1.550100] (px4_msgs) StdoutLine: {'line': b'-- Up-to-date: /home/mcfb/ros2_ws/install/px4_msgs/share/px4_msgs/msg/ActuatorTest.idl\n'}
[1.550136] (px4_msgs) StdoutLine: {'line': b'-- Up-to-date: /home/mcfb/ros2_ws/install/px4_msgs/share/px4_msgs/msg/AdcReport.idl\n'}
[1.550172] (px4_msgs) StdoutLine: {'line': b'-- Up-to-date: /home/mcfb/ros2_ws/install/px4_msgs/share/px4_msgs/msg/Airspeed.idl\n'}
[1.550208] (px4_msgs) StdoutLine: {'line': b'-- Up-to-date: /home/mcfb/ros2_ws/install/px4_msgs/share/px4_msgs/msg/AirspeedValidated.idl\n'}
[1.550245] (px4_msgs) StdoutLine: {'line': b'-- Up-to-date: /home/mcfb/ros2_ws/install/px4_msgs/share/px4_msgs/msg/AirspeedWind.idl\n'}
[1.550284] (px4_msgs) StdoutLine: {'line': b'-- Up-to-date: /home/mcfb/ros2_ws/install/px4_msgs/share/px4_msgs/msg/ArmingCheckReply.idl\n'}
[1.550352] (px4_msgs) StdoutLine: {'line': b'-- Up-to-date: /home/mcfb/ros2_ws/install/px4_msgs/share/px4_msgs/msg/ArmingCheckRequest.idl\n'}
[1.550388] (px4_msgs) StdoutLine: {'line': b'-- Up-to-date: /home/mcfb/ros2_ws/install/px4_msgs/share/px4_msgs/msg/AutotuneAttitudeControlStatus.idl\n'}
[1.550424] (px4_msgs) StdoutLine: {'line': b'-- Up-to-date: /home/mcfb/ros2_ws/install/px4_msgs/share/px4_msgs/msg/BatteryInfo.idl\n'}
[1.550471] (px4_msgs) StdoutLine: {'line': b'-- Up-to-date: /home/mcfb/ros2_ws/install/px4_msgs/share/px4_msgs/msg/BatteryStatus.idl\n'}
[1.550515] (px4_msgs) StdoutLine: {'line': b'-- Up-to-date: /home/mcfb/ros2_ws/install/px4_msgs/share/px4_msgs/msg/ButtonEvent.idl\n'}
[1.550553] (px4_msgs) StdoutLine: {'line': b'-- Up-to-date: /home/mcfb/ros2_ws/install/px4_msgs/share/px4_msgs/msg/CameraCapture.idl\n'}
[1.550590] (px4_msgs) StdoutLine: {'line': b'-- Up-to-date: /home/mcfb/ros2_ws/install/px4_msgs/share/px4_msgs/msg/CameraStatus.idl\n'}
[1.550629] (px4_msgs) StdoutLine: {'line': b'-- Up-to-date: /home/mcfb/ros2_ws/install/px4_msgs/share/px4_msgs/msg/CameraTrigger.idl\n'}
[1.550666] (px4_msgs) StdoutLine: {'line': b'-- Up-to-date: /home/mcfb/ros2_ws/install/px4_msgs/share/px4_msgs/msg/CanInterfaceStatus.idl\n'}
[1.550704] (px4_msgs) StdoutLine: {'line': b'-- Up-to-date: /home/mcfb/ros2_ws/install/px4_msgs/share/px4_msgs/msg/CellularStatus.idl\n'}
[1.550743] (px4_msgs) StdoutLine: {'line': b'-- Up-to-date: /home/mcfb/ros2_ws/install/px4_msgs/share/px4_msgs/msg/CollisionConstraints.idl\n'}
[1.550780] (px4_msgs) StdoutLine: {'line': b'-- Up-to-date: /home/mcfb/ros2_ws/install/px4_msgs/share/px4_msgs/msg/ConfigOverrides.idl\n'}
[1.550822] (px4_msgs) StdoutLine: {'line': b'-- Up-to-date: /home/mcfb/ros2_ws/install/px4_msgs/share/px4_msgs/msg/ControlAllocatorStatus.idl\n'}
[1.550888] (px4_msgs) StdoutLine: {'line': b'-- Up-to-date: /home/mcfb/ros2_ws/install/px4_msgs/share/px4_msgs/msg/Cpuload.idl\n'}
[1.550939] (px4_msgs) StdoutLine: {'line': b'-- Up-to-date: /home/mcfb/ros2_ws/install/px4_msgs/share/px4_msgs/msg/DatamanRequest.idl\n'}
[1.550992] (px4_msgs) StdoutLine: {'line': b'-- Up-to-date: /home/mcfb/ros2_ws/install/px4_msgs/share/px4_msgs/msg/DatamanResponse.idl\n'}
[1.551042] (px4_msgs) StdoutLine: {'line': b'-- Up-to-date: /home/mcfb/ros2_ws/install/px4_msgs/share/px4_msgs/msg/DebugArray.idl\n'}
[1.551107] (px4_msgs) StdoutLine: {'line': b'-- Up-to-date: /home/mcfb/ros2_ws/install/px4_msgs/share/px4_msgs/msg/DebugKeyValue.idl\n'}
[1.551146] (px4_msgs) StdoutLine: {'line': b'-- Up-to-date: /home/mcfb/ros2_ws/install/px4_msgs/share/px4_msgs/msg/DebugValue.idl\n'}
[1.551185] (px4_msgs) StdoutLine: {'line': b'-- Up-to-date: /home/mcfb/ros2_ws/install/px4_msgs/share/px4_msgs/msg/DebugVect.idl\n'}
[1.551220] (px4_msgs) StdoutLine: {'line': b'-- Up-to-date: /home/mcfb/ros2_ws/install/px4_msgs/share/px4_msgs/msg/DifferentialPressure.idl\n'}
[1.551252] (px4_msgs) StdoutLine: {'line': b'-- Up-to-date: /home/mcfb/ros2_ws/install/px4_msgs/share/px4_msgs/msg/DistanceSensor.idl\n'}
[1.551292] (px4_msgs) StdoutLine: {'line': b'-- Up-to-date: /home/mcfb/ros2_ws/install/px4_msgs/share/px4_msgs/msg/DistanceSensorModeChangeRequest.idl\n'}
[1.551349] (px4_msgs) StdoutLine: {'line': b'-- Up-to-date: /home/mcfb/ros2_ws/install/px4_msgs/share/px4_msgs/msg/DronecanNodeStatus.idl\n'}
[1.551406] (px4_msgs) StdoutLine: {'line': b'-- Up-to-date: /home/mcfb/ros2_ws/install/px4_msgs/share/px4_msgs/msg/Ekf2Timestamps.idl\n'}
[1.551498] (px4_msgs) StdoutLine: {'line': b'-- Up-to-date: /home/mcfb/ros2_ws/install/px4_msgs/share/px4_msgs/msg/EscReport.idl\n'}
[1.551540] (px4_msgs) StdoutLine: {'line': b'-- Up-to-date: /home/mcfb/ros2_ws/install/px4_msgs/share/px4_msgs/msg/EscStatus.idl\n'}
[1.551575] (px4_msgs) StdoutLine: {'line': b'-- Up-to-date: /home/mcfb/ros2_ws/install/px4_msgs/share/px4_msgs/msg/EstimatorAidSource1d.idl\n'}
[1.551611] (px4_msgs) StdoutLine: {'line': b'-- Up-to-date: /home/mcfb/ros2_ws/install/px4_msgs/share/px4_msgs/msg/EstimatorAidSource2d.idl\n'}
[1.551643] (px4_msgs) StdoutLine: {'line': b'-- Up-to-date: /home/mcfb/ros2_ws/install/px4_msgs/share/px4_msgs/msg/EstimatorAidSource3d.idl\n'}
[1.551677] (px4_msgs) StdoutLine: {'line': b'-- Up-to-date: /home/mcfb/ros2_ws/install/px4_msgs/share/px4_msgs/msg/EstimatorBias.idl\n'}
[1.551719] (px4_msgs) StdoutLine: {'line': b'-- Up-to-date: /home/mcfb/ros2_ws/install/px4_msgs/share/px4_msgs/msg/EstimatorBias3d.idl\n'}
[1.551756] (px4_msgs) StdoutLine: {'line': b'-- Up-to-date: /home/mcfb/ros2_ws/install/px4_msgs/share/px4_msgs/msg/EstimatorEventFlags.idl\n'}
[1.551792] (px4_msgs) StdoutLine: {'line': b'-- Up-to-date: /home/mcfb/ros2_ws/install/px4_msgs/share/px4_msgs/msg/EstimatorGpsStatus.idl\n'}
[1.551839] (px4_msgs) StdoutLine: {'line': b'-- Up-to-date: /home/mcfb/ros2_ws/install/px4_msgs/share/px4_msgs/msg/EstimatorInnovations.idl\n'}
[1.551899] (px4_msgs) StdoutLine: {'line': b'-- Up-to-date: /home/mcfb/ros2_ws/install/px4_msgs/share/px4_msgs/msg/EstimatorSelectorStatus.idl\n'}
[1.551949] (px4_msgs) StdoutLine: {'line': b'-- Up-to-date: /home/mcfb/ros2_ws/install/px4_msgs/share/px4_msgs/msg/EstimatorSensorBias.idl\n'}
[1.552001] (px4_msgs) StdoutLine: {'line': b'-- Up-to-date: /home/mcfb/ros2_ws/install/px4_msgs/share/px4_msgs/msg/EstimatorStates.idl\n'}
[1.552059] (px4_msgs) StdoutLine: {'line': b'-- Up-to-date: /home/mcfb/ros2_ws/install/px4_msgs/share/px4_msgs/msg/EstimatorStatus.idl\n'}
[1.552112] (px4_msgs) StdoutLine: {'line': b'-- Up-to-date: /home/mcfb/ros2_ws/install/px4_msgs/share/px4_msgs/msg/EstimatorStatusFlags.idl\n'}
[1.552165] (px4_msgs) StdoutLine: {'line': b'-- Up-to-date: /home/mcfb/ros2_ws/install/px4_msgs/share/px4_msgs/msg/Event.idl\n'}
[1.552219] (px4_msgs) StdoutLine: {'line': b'-- Up-to-date: /home/mcfb/ros2_ws/install/px4_msgs/share/px4_msgs/msg/FailsafeFlags.idl\n'}
[1.552286] (px4_msgs) StdoutLine: {'line': b'-- Up-to-date: /home/mcfb/ros2_ws/install/px4_msgs/share/px4_msgs/msg/FailureDetectorStatus.idl\n'}
[1.552337] (px4_msgs) StdoutLine: {'line': b'-- Up-to-date: /home/mcfb/ros2_ws/install/px4_msgs/share/px4_msgs/msg/FigureEightStatus.idl\n'}
[1.552387] (px4_msgs) StdoutLine: {'line': b'-- Up-to-date: /home/mcfb/ros2_ws/install/px4_msgs/share/px4_msgs/msg/FixedWingLateralGuidanceStatus.idl\n'}
[1.552442] (px4_msgs) StdoutLine: {'line': b'-- Up-to-date: /home/mcfb/ros2_ws/install/px4_msgs/share/px4_msgs/msg/FixedWingLateralSetpoint.idl\n'}
[1.552499] (px4_msgs) StdoutLine: {'line': b'-- Up-to-date: /home/mcfb/ros2_ws/install/px4_msgs/share/px4_msgs/msg/FixedWingLateralStatus.idl\n'}
[1.552558] (px4_msgs) StdoutLine: {'line': b'-- Up-to-date: /home/mcfb/ros2_ws/install/px4_msgs/share/px4_msgs/msg/FixedWingLongitudinalSetpoint.idl\n'}
[1.552596] (px4_msgs) StdoutLine: {'line': b'-- Up-to-date: /home/mcfb/ros2_ws/install/px4_msgs/share/px4_msgs/msg/FixedWingRunwayControl.idl\n'}
[1.552631] (px4_msgs) StdoutLine: {'line': b'-- Up-to-date: /home/mcfb/ros2_ws/install/px4_msgs/share/px4_msgs/msg/FlightPhaseEstimation.idl\n'}
[1.552667] (px4_msgs) StdoutLine: {'line': b'-- Up-to-date: /home/mcfb/ros2_ws/install/px4_msgs/share/px4_msgs/msg/FollowTarget.idl\n'}
[1.552702] (px4_msgs) StdoutLine: {'line': b'-- Up-to-date: /home/mcfb/ros2_ws/install/px4_msgs/share/px4_msgs/msg/FollowTargetEstimator.idl\n'}
[1.552736] (px4_msgs) StdoutLine: {'line': b'-- Up-to-date: /home/mcfb/ros2_ws/install/px4_msgs/share/px4_msgs/msg/FollowTargetStatus.idl\n'}
[1.552771] (px4_msgs) StdoutLine: {'line': b'-- Up-to-date: /home/mcfb/ros2_ws/install/px4_msgs/share/px4_msgs/msg/FuelTankStatus.idl\n'}
[1.552806] (px4_msgs) StdoutLine: {'line': b'-- Up-to-date: /home/mcfb/ros2_ws/install/px4_msgs/share/px4_msgs/msg/GeneratorStatus.idl\n'}
[1.552866] (px4_msgs) StdoutLine: {'line': b'-- Up-to-date: /home/mcfb/ros2_ws/install/px4_msgs/share/px4_msgs/msg/GeofenceResult.idl\n'}
[1.552903] (px4_msgs) StdoutLine: {'line': b'-- Up-to-date: /home/mcfb/ros2_ws/install/px4_msgs/share/px4_msgs/msg/GeofenceStatus.idl\n'}
[1.552939] (px4_msgs) StdoutLine: {'line': b'-- Up-to-date: /home/mcfb/ros2_ws/install/px4_msgs/share/px4_msgs/msg/GimbalControls.idl\n'}
[1.552974] (px4_msgs) StdoutLine: {'line': b'-- Up-to-date: /home/mcfb/ros2_ws/install/px4_msgs/share/px4_msgs/msg/GimbalDeviceAttitudeStatus.idl\n'}
[1.553009] (px4_msgs) StdoutLine: {'line': b'-- Up-to-date: /home/mcfb/ros2_ws/install/px4_msgs/share/px4_msgs/msg/GimbalDeviceInformation.idl\n'}
[1.553045] (px4_msgs) StdoutLine: {'line': b'-- Up-to-date: /home/mcfb/ros2_ws/install/px4_msgs/share/px4_msgs/msg/GimbalDeviceSetAttitude.idl\n'}
[1.553080] (px4_msgs) StdoutLine: {'line': b'-- Up-to-date: /home/mcfb/ros2_ws/install/px4_msgs/share/px4_msgs/msg/GimbalManagerInformation.idl\n'}
[1.553114] (px4_msgs) StdoutLine: {'line': b'-- Up-to-date: /home/mcfb/ros2_ws/install/px4_msgs/share/px4_msgs/msg/GimbalManagerSetAttitude.idl\n'}
[1.553151] (px4_msgs) StdoutLine: {'line': b'-- Up-to-date: /home/mcfb/ros2_ws/install/px4_msgs/share/px4_msgs/msg/GimbalManagerSetManualControl.idl\n'}
[1.553186] (px4_msgs) StdoutLine: {'line': b'-- Up-to-date: /home/mcfb/ros2_ws/install/px4_msgs/share/px4_msgs/msg/GimbalManagerStatus.idl\n'}
[1.553220] (px4_msgs) StdoutLine: {'line': b'-- Up-to-date: /home/mcfb/ros2_ws/install/px4_msgs/share/px4_msgs/msg/GotoSetpoint.idl\n'}
[1.553259] (px4_msgs) StdoutLine: {'line': b'-- Up-to-date: /home/mcfb/ros2_ws/install/px4_msgs/share/px4_msgs/msg/GpioConfig.idl\n'}
[1.553311] (px4_msgs) StdoutLine: {'line': b'-- Up-to-date: /home/mcfb/ros2_ws/install/px4_msgs/share/px4_msgs/msg/GpioIn.idl\n'}
[1.553347] (px4_msgs) StdoutLine: {'line': b'-- Up-to-date: /home/mcfb/ros2_ws/install/px4_msgs/share/px4_msgs/msg/GpioOut.idl\n'}
[1.553382] (px4_msgs) StdoutLine: {'line': b'-- Up-to-date: /home/mcfb/ros2_ws/install/px4_msgs/share/px4_msgs/msg/GpioRequest.idl\n'}
[1.553417] (px4_msgs) StdoutLine: {'line': b'-- Up-to-date: /home/mcfb/ros2_ws/install/px4_msgs/share/px4_msgs/msg/GpsDump.idl\n'}
[1.553452] (px4_msgs) StdoutLine: {'line': b'-- Up-to-date: /home/mcfb/ros2_ws/install/px4_msgs/share/px4_msgs/msg/GpsInjectData.idl\n'}
[1.553488] (px4_msgs) StdoutLine: {'line': b'-- Up-to-date: /home/mcfb/ros2_ws/install/px4_msgs/share/px4_msgs/msg/Gripper.idl\n'}
[1.553523] (px4_msgs) StdoutLine: {'line': b'-- Up-to-date: /home/mcfb/ros2_ws/install/px4_msgs/share/px4_msgs/msg/HealthReport.idl\n'}
[1.553565] (px4_msgs) StdoutLine: {'line': b'-- Up-to-date: /home/mcfb/ros2_ws/install/px4_msgs/share/px4_msgs/msg/HeaterStatus.idl\n'}
[1.553615] (px4_msgs) StdoutLine: {'line': b'-- Up-to-date: /home/mcfb/ros2_ws/install/px4_msgs/share/px4_msgs/msg/HomePosition.idl\n'}
[1.553651] (px4_msgs) StdoutLine: {'line': b'-- Up-to-date: /home/mcfb/ros2_ws/install/px4_msgs/share/px4_msgs/msg/HoverThrustEstimate.idl\n'}
[1.553685] (px4_msgs) StdoutLine: {'line': b'-- Up-to-date: /home/mcfb/ros2_ws/install/px4_msgs/share/px4_msgs/msg/InputRc.idl\n'}
[1.553720] (px4_msgs) StdoutLine: {'line': b'-- Up-to-date: /home/mcfb/ros2_ws/install/px4_msgs/share/px4_msgs/msg/InternalCombustionEngineControl.idl\n'}
[1.553756] (px4_msgs) StdoutLine: {'line': b'-- Up-to-date: /home/mcfb/ros2_ws/install/px4_msgs/share/px4_msgs/msg/InternalCombustionEngineStatus.idl\n'}
[1.553792] (px4_msgs) StdoutLine: {'line': b'-- Up-to-date: /home/mcfb/ros2_ws/install/px4_msgs/share/px4_msgs/msg/IridiumsbdStatus.idl\n'}
[1.553838] (px4_msgs) StdoutLine: {'line': b'-- Up-to-date: /home/mcfb/ros2_ws/install/px4_msgs/share/px4_msgs/msg/IrlockReport.idl\n'}
[1.553908] (px4_msgs) StdoutLine: {'line': b'-- Up-to-date: /home/mcfb/ros2_ws/install/px4_msgs/share/px4_msgs/msg/LandingGear.idl\n'}
[1.553946] (px4_msgs) StdoutLine: {'line': b'-- Up-to-date: /home/mcfb/ros2_ws/install/px4_msgs/share/px4_msgs/msg/LandingGearWheel.idl\n'}
[1.553979] (px4_msgs) StdoutLine: {'line': b'-- Up-to-date: /home/mcfb/ros2_ws/install/px4_msgs/share/px4_msgs/msg/LandingTargetInnovations.idl\n'}
[1.554015] (px4_msgs) StdoutLine: {'line': b'-- Up-to-date: /home/mcfb/ros2_ws/install/px4_msgs/share/px4_msgs/msg/LandingTargetPose.idl\n'}
[1.554054] (px4_msgs) StdoutLine: {'line': b'-- Up-to-date: /home/mcfb/ros2_ws/install/px4_msgs/share/px4_msgs/msg/LateralControlConfiguration.idl\n'}
[1.554094] (px4_msgs) StdoutLine: {'line': b'-- Up-to-date: /home/mcfb/ros2_ws/install/px4_msgs/share/px4_msgs/msg/LaunchDetectionStatus.idl\n'}
[1.554132] (px4_msgs) StdoutLine: {'line': b'-- Up-to-date: /home/mcfb/ros2_ws/install/px4_msgs/share/px4_msgs/msg/LedControl.idl\n'}
[1.554183] (px4_msgs) StdoutLine: {'line': b'-- Up-to-date: /home/mcfb/ros2_ws/install/px4_msgs/share/px4_msgs/msg/LogMessage.idl\n'}
[1.554223] (px4_msgs) StdoutLine: {'line': b'-- Up-to-date: /home/mcfb/ros2_ws/install/px4_msgs/share/px4_msgs/msg/LoggerStatus.idl\n'}
[1.554262] (px4_msgs) StdoutLine: {'line': b'-- Up-to-date: /home/mcfb/ros2_ws/install/px4_msgs/share/px4_msgs/msg/LongitudinalControlConfiguration.idl\n'}
[1.554301] (px4_msgs) StdoutLine: {'line': b'-- Up-to-date: /home/mcfb/ros2_ws/install/px4_msgs/share/px4_msgs/msg/MagWorkerData.idl\n'}
[1.554338] (px4_msgs) StdoutLine: {'line': b'-- Up-to-date: /home/mcfb/ros2_ws/install/px4_msgs/share/px4_msgs/msg/MagnetometerBiasEstimate.idl\n'}
[1.554377] (px4_msgs) StdoutLine: {'line': b'-- Up-to-date: /home/mcfb/ros2_ws/install/px4_msgs/share/px4_msgs/msg/ManualControlSetpoint.idl\n'}
[1.554417] (px4_msgs) StdoutLine: {'line': b'-- Up-to-date: /home/mcfb/ros2_ws/install/px4_msgs/share/px4_msgs/msg/ManualControlSwitches.idl\n'}
[1.554455] (px4_msgs) StdoutLine: {'line': b'-- Up-to-date: /home/mcfb/ros2_ws/install/px4_msgs/share/px4_msgs/msg/MavlinkLog.idl\n'}
[1.554493] (px4_msgs) StdoutLine: {'line': b'-- Up-to-date: /home/mcfb/ros2_ws/install/px4_msgs/share/px4_msgs/msg/MavlinkTunnel.idl\n'}
[1.554531] (px4_msgs) StdoutLine: {'line': b'-- Up-to-date: /home/mcfb/ros2_ws/install/px4_msgs/share/px4_msgs/msg/MessageFormatRequest.idl\n'}
[1.554570] (px4_msgs) StdoutLine: {'line': b'-- Up-to-date: /home/mcfb/ros2_ws/install/px4_msgs/share/px4_msgs/msg/MessageFormatResponse.idl\n'}
[1.554627] (px4_msgs) StdoutLine: {'line': b'-- Up-to-date: /home/mcfb/ros2_ws/install/px4_msgs/share/px4_msgs/msg/Mission.idl\n'}
[1.554691] (px4_msgs) StdoutLine: {'line': b'-- Up-to-date: /home/mcfb/ros2_ws/install/px4_msgs/share/px4_msgs/msg/MissionResult.idl\n'}
[1.554744] (px4_msgs) StdoutLine: {'line': b'-- Up-to-date: /home/mcfb/ros2_ws/install/px4_msgs/share/px4_msgs/msg/ModeCompleted.idl\n'}
[1.554799] (px4_msgs) StdoutLine: {'line': b'-- Up-to-date: /home/mcfb/ros2_ws/install/px4_msgs/share/px4_msgs/msg/MountOrientation.idl\n'}
[1.554870] (px4_msgs) StdoutLine: {'line': b'-- Up-to-date: /home/mcfb/ros2_ws/install/px4_msgs/share/px4_msgs/msg/NavigatorMissionItem.idl\n'}
[1.554939] (px4_msgs) StdoutLine: {'line': b'-- Up-to-date: /home/mcfb/ros2_ws/install/px4_msgs/share/px4_msgs/msg/NavigatorStatus.idl\n'}
[1.554983] (px4_msgs) StdoutLine: {'line': b'-- Up-to-date: /home/mcfb/ros2_ws/install/px4_msgs/share/px4_msgs/msg/NeuralControl.idl\n'}
[1.555028] (px4_msgs) StdoutLine: {'line': b'-- Up-to-date: /home/mcfb/ros2_ws/install/px4_msgs/share/px4_msgs/msg/NormalizedUnsignedSetpoint.idl\n'}
[1.555068] (px4_msgs) StdoutLine: {'line': b'-- Up-to-date: /home/mcfb/ros2_ws/install/px4_msgs/share/px4_msgs/msg/ObstacleDistance.idl\n'}
[1.555109] (px4_msgs) StdoutLine: {'line': b'-- Up-to-date: /home/mcfb/ros2_ws/install/px4_msgs/share/px4_msgs/msg/OffboardControlMode.idl\n'}
[1.555158] (px4_msgs) StdoutLine: {'line': b'-- Up-to-date: /home/mcfb/ros2_ws/install/px4_msgs/share/px4_msgs/msg/OnboardComputerStatus.idl\n'}
[1.555224] (px4_msgs) StdoutLine: {'line': b'-- Up-to-date: /home/mcfb/ros2_ws/install/px4_msgs/share/px4_msgs/msg/OpenDroneIdArmStatus.idl\n'}
[1.555262] (px4_msgs) StdoutLine: {'line': b'-- Up-to-date: /home/mcfb/ros2_ws/install/px4_msgs/share/px4_msgs/msg/OpenDroneIdOperatorId.idl\n'}
[1.555298] (px4_msgs) StdoutLine: {'line': b'-- Up-to-date: /home/mcfb/ros2_ws/install/px4_msgs/share/px4_msgs/msg/OpenDroneIdSelfId.idl\n'}
[1.555338] (px4_msgs) StdoutLine: {'line': b'-- Up-to-date: /home/mcfb/ros2_ws/install/px4_msgs/share/px4_msgs/msg/OpenDroneIdSystem.idl\n'}
[1.555374] (px4_msgs) StdoutLine: {'line': b'-- Up-to-date: /home/mcfb/ros2_ws/install/px4_msgs/share/px4_msgs/msg/OrbTest.idl\n'}
[1.555410] (px4_msgs) StdoutLine: {'line': b'-- Up-to-date: /home/mcfb/ros2_ws/install/px4_msgs/share/px4_msgs/msg/OrbTestLarge.idl\n'}
[1.555458] (px4_msgs) StdoutLine: {'line': b'-- Up-to-date: /home/mcfb/ros2_ws/install/px4_msgs/share/px4_msgs/msg/OrbTestMedium.idl\n'}
[1.555519] (px4_msgs) StdoutLine: {'line': b'-- Up-to-date: /home/mcfb/ros2_ws/install/px4_msgs/share/px4_msgs/msg/OrbitStatus.idl\n'}
[1.555579] (px4_msgs) StdoutLine: {'line': b'-- Up-to-date: /home/mcfb/ros2_ws/install/px4_msgs/share/px4_msgs/msg/ParameterResetRequest.idl\n'}
[1.555617] (px4_msgs) StdoutLine: {'line': b'-- Up-to-date: /home/mcfb/ros2_ws/install/px4_msgs/share/px4_msgs/msg/ParameterSetUsedRequest.idl\n'}
[1.555653] (px4_msgs) StdoutLine: {'line': b'-- Up-to-date: /home/mcfb/ros2_ws/install/px4_msgs/share/px4_msgs/msg/ParameterSetValueRequest.idl\n'}
[1.555689] (px4_msgs) StdoutLine: {'line': b'-- Up-to-date: /home/mcfb/ros2_ws/install/px4_msgs/share/px4_msgs/msg/ParameterSetValueResponse.idl\n'}
[1.555726] (px4_msgs) StdoutLine: {'line': b'-- Up-to-date: /home/mcfb/ros2_ws/install/px4_msgs/share/px4_msgs/msg/ParameterUpdate.idl\n'}
[1.555761] (px4_msgs) StdoutLine: {'line': b'-- Up-to-date: /home/mcfb/ros2_ws/install/px4_msgs/share/px4_msgs/msg/Ping.idl\n'}
[1.555795] (px4_msgs) StdoutLine: {'line': b'-- Up-to-date: /home/mcfb/ros2_ws/install/px4_msgs/share/px4_msgs/msg/PositionControllerLandingStatus.idl\n'}
[1.555848] (px4_msgs) StdoutLine: {'line': b'-- Up-to-date: /home/mcfb/ros2_ws/install/px4_msgs/share/px4_msgs/msg/PositionControllerStatus.idl\n'}
[1.555889] (px4_msgs) StdoutLine: {'line': b'-- Up-to-date: /home/mcfb/ros2_ws/install/px4_msgs/share/px4_msgs/msg/PositionSetpoint.idl\n'}
[1.555929] (px4_msgs) StdoutLine: {'line': b'-- Up-to-date: /home/mcfb/ros2_ws/install/px4_msgs/share/px4_msgs/msg/PositionSetpointTriplet.idl\n'}
[1.556030] (px4_msgs) StdoutLine: {'line': b'-- Up-to-date: /home/mcfb/ros2_ws/install/px4_msgs/share/px4_msgs/msg/PowerButtonState.idl\n'}
[1.556066] (px4_msgs) StdoutLine: {'line': b'-- Up-to-date: /home/mcfb/ros2_ws/install/px4_msgs/share/px4_msgs/msg/PowerMonitor.idl\n'}
[1.556111] (px4_msgs) StdoutLine: {'line': b'-- Up-to-date: /home/mcfb/ros2_ws/install/px4_msgs/share/px4_msgs/msg/PpsCapture.idl\n'}
[1.556157] (px4_msgs) StdoutLine: {'line': b'-- Up-to-date: /home/mcfb/ros2_ws/install/px4_msgs/share/px4_msgs/msg/PurePursuitStatus.idl\n'}
[1.556206] (px4_msgs) StdoutLine: {'line': b'-- Up-to-date: /home/mcfb/ros2_ws/install/px4_msgs/share/px4_msgs/msg/PwmInput.idl\n'}
[1.556244] (px4_msgs) StdoutLine: {'line': b'-- Up-to-date: /home/mcfb/ros2_ws/install/px4_msgs/share/px4_msgs/msg/Px4ioStatus.idl\n'}
[1.556279] (px4_msgs) StdoutLine: {'line': b'-- Up-to-date: /home/mcfb/ros2_ws/install/px4_msgs/share/px4_msgs/msg/QshellReq.idl\n'}
[1.556314] (px4_msgs) StdoutLine: {'line': b'-- Up-to-date: /home/mcfb/ros2_ws/install/px4_msgs/share/px4_msgs/msg/QshellRetval.idl\n'}
[1.556349] (px4_msgs) StdoutLine: {'line': b'-- Up-to-date: /home/mcfb/ros2_ws/install/px4_msgs/share/px4_msgs/msg/RadioStatus.idl\n'}
[1.556387] (px4_msgs) StdoutLine: {'line': b'-- Up-to-date: /home/mcfb/ros2_ws/install/px4_msgs/share/px4_msgs/msg/RateCtrlStatus.idl\n'}
[1.556424] (px4_msgs) StdoutLine: {'line': b'-- Up-to-date: /home/mcfb/ros2_ws/install/px4_msgs/share/px4_msgs/msg/RcChannels.idl\n'}
[1.556459] (px4_msgs) StdoutLine: {'line': b'-- Up-to-date: /home/mcfb/ros2_ws/install/px4_msgs/share/px4_msgs/msg/RcParameterMap.idl\n'}
[1.556498] (px4_msgs) StdoutLine: {'line': b'-- Up-to-date: /home/mcfb/ros2_ws/install/px4_msgs/share/px4_msgs/msg/RegisterExtComponentReply.idl\n'}
[1.556540] (px4_msgs) StdoutLine: {'line': b'-- Up-to-date: /home/mcfb/ros2_ws/install/px4_msgs/share/px4_msgs/msg/RegisterExtComponentRequest.idl\n'}
[1.556750] (px4_msgs) StdoutLine: {'line': b'-- Up-to-date: /home/mcfb/ros2_ws/install/px4_msgs/share/px4_msgs/msg/RoverAttitudeSetpoint.idl\n'}
[1.556959] (px4_msgs) StdoutLine: {'line': b'-- Up-to-date: /home/mcfb/ros2_ws/install/px4_msgs/share/px4_msgs/msg/RoverAttitudeStatus.idl\n'}
[1.557180] (px4_msgs) StdoutLine: {'line': b'-- Up-to-date: /home/mcfb/ros2_ws/install/px4_msgs/share/px4_msgs/msg/RoverPositionSetpoint.idl\n'}
[1.557386] (px4_msgs) StdoutLine: {'line': b'-- Up-to-date: /home/mcfb/ros2_ws/install/px4_msgs/share/px4_msgs/msg/RoverRateSetpoint.idl\n'}
[1.557467] (px4_msgs) StdoutLine: {'line': b'-- Up-to-date: /home/mcfb/ros2_ws/install/px4_msgs/share/px4_msgs/msg/RoverRateStatus.idl\n'}
[1.557528] (px4_msgs) StdoutLine: {'line': b'-- Up-to-date: /home/mcfb/ros2_ws/install/px4_msgs/share/px4_msgs/msg/RoverSpeedSetpoint.idl\n'}
[1.557565] (px4_msgs) StdoutLine: {'line': b'-- Up-to-date: /home/mcfb/ros2_ws/install/px4_msgs/share/px4_msgs/msg/RoverSpeedStatus.idl\n'}
[1.557600] (px4_msgs) StdoutLine: {'line': b'-- Up-to-date: /home/mcfb/ros2_ws/install/px4_msgs/share/px4_msgs/msg/RoverSteeringSetpoint.idl\n'}
[1.557637] (px4_msgs) StdoutLine: {'line': b'-- Up-to-date: /home/mcfb/ros2_ws/install/px4_msgs/share/px4_msgs/msg/RoverThrottleSetpoint.idl\n'}
[1.557671] (px4_msgs) StdoutLine: {'line': b'-- Up-to-date: /home/mcfb/ros2_ws/install/px4_msgs/share/px4_msgs/msg/Rpm.idl\n'}
[1.557707] (px4_msgs) StdoutLine: {'line': b'-- Up-to-date: /home/mcfb/ros2_ws/install/px4_msgs/share/px4_msgs/msg/RtlStatus.idl\n'}
[1.557743] (px4_msgs) StdoutLine: {'line': b'-- Up-to-date: /home/mcfb/ros2_ws/install/px4_msgs/share/px4_msgs/msg/RtlTimeEstimate.idl\n'}
[1.557781] (px4_msgs) StdoutLine: {'line': b'-- Up-to-date: /home/mcfb/ros2_ws/install/px4_msgs/share/px4_msgs/msg/SatelliteInfo.idl\n'}
[1.557821] (px4_msgs) StdoutLine: {'line': b'-- Up-to-date: /home/mcfb/ros2_ws/install/px4_msgs/share/px4_msgs/msg/SensorAccel.idl\n'}
[1.557866] (px4_msgs) StdoutLine: {'line': b'-- Up-to-date: /home/mcfb/ros2_ws/install/px4_msgs/share/px4_msgs/msg/SensorAccelFifo.idl\n'}
[1.557904] (px4_msgs) StdoutLine: {'line': b'-- Up-to-date: /home/mcfb/ros2_ws/install/px4_msgs/share/px4_msgs/msg/SensorAirflow.idl\n'}
[1.557951] (px4_msgs) StdoutLine: {'line': b'-- Up-to-date: /home/mcfb/ros2_ws/install/px4_msgs/share/px4_msgs/msg/SensorBaro.idl\n'}
[1.557987] (px4_msgs) StdoutLine: {'line': b'-- Up-to-date: /home/mcfb/ros2_ws/install/px4_msgs/share/px4_msgs/msg/SensorCombined.idl\n'}
[1.558022] (px4_msgs) StdoutLine: {'line': b'-- Up-to-date: /home/mcfb/ros2_ws/install/px4_msgs/share/px4_msgs/msg/SensorCorrection.idl\n'}
[1.558069] (px4_msgs) StdoutLine: {'line': b'-- Up-to-date: /home/mcfb/ros2_ws/install/px4_msgs/share/px4_msgs/msg/SensorGnssRelative.idl\n'}
[1.558104] (px4_msgs) StdoutLine: {'line': b'-- Up-to-date: /home/mcfb/ros2_ws/install/px4_msgs/share/px4_msgs/msg/SensorGnssStatus.idl\n'}
[1.558138] (px4_msgs) StdoutLine: {'line': b'-- Up-to-date: /home/mcfb/ros2_ws/install/px4_msgs/share/px4_msgs/msg/SensorGps.idl\n'}
[1.558173] (px4_msgs) StdoutLine: {'line': b'-- Up-to-date: /home/mcfb/ros2_ws/install/px4_msgs/share/px4_msgs/msg/SensorGyro.idl\n'}
[1.558209] (px4_msgs) StdoutLine: {'line': b'-- Up-to-date: /home/mcfb/ros2_ws/install/px4_msgs/share/px4_msgs/msg/SensorGyroFft.idl\n'}
[1.558243] (px4_msgs) StdoutLine: {'line': b'-- Up-to-date: /home/mcfb/ros2_ws/install/px4_msgs/share/px4_msgs/msg/SensorGyroFifo.idl\n'}
[1.558277] (px4_msgs) StdoutLine: {'line': b'-- Up-to-date: /home/mcfb/ros2_ws/install/px4_msgs/share/px4_msgs/msg/SensorHygrometer.idl\n'}
[1.558311] (px4_msgs) StdoutLine: {'line': b'-- Up-to-date: /home/mcfb/ros2_ws/install/px4_msgs/share/px4_msgs/msg/SensorMag.idl\n'}
[1.558363] (px4_msgs) StdoutLine: {'line': b'-- Up-to-date: /home/mcfb/ros2_ws/install/px4_msgs/share/px4_msgs/msg/SensorOpticalFlow.idl\n'}
[1.558399] (px4_msgs) StdoutLine: {'line': b'-- Up-to-date: /home/mcfb/ros2_ws/install/px4_msgs/share/px4_msgs/msg/SensorPreflightMag.idl\n'}
[1.558432] (px4_msgs) StdoutLine: {'line': b'-- Up-to-date: /home/mcfb/ros2_ws/install/px4_msgs/share/px4_msgs/msg/SensorSelection.idl\n'}
[1.558466] (px4_msgs) StdoutLine: {'line': b'-- Up-to-date: /home/mcfb/ros2_ws/install/px4_msgs/share/px4_msgs/msg/SensorUwb.idl\n'}
[1.558499] (px4_msgs) StdoutLine: {'line': b'-- Up-to-date: /home/mcfb/ros2_ws/install/px4_msgs/share/px4_msgs/msg/SensorsStatus.idl\n'}
[1.558534] (px4_msgs) StdoutLine: {'line': b'-- Up-to-date: /home/mcfb/ros2_ws/install/px4_msgs/share/px4_msgs/msg/SensorsStatusImu.idl\n'}
[1.558568] (px4_msgs) StdoutLine: {'line': b'-- Up-to-date: /home/mcfb/ros2_ws/install/px4_msgs/share/px4_msgs/msg/SystemPower.idl\n'}
[1.558601] (px4_msgs) StdoutLine: {'line': b'-- Up-to-date: /home/mcfb/ros2_ws/install/px4_msgs/share/px4_msgs/msg/TakeoffStatus.idl\n'}
[1.558635] (px4_msgs) StdoutLine: {'line': b'-- Up-to-date: /home/mcfb/ros2_ws/install/px4_msgs/share/px4_msgs/msg/TaskStackInfo.idl\n'}
[1.558673] (px4_msgs) StdoutLine: {'line': b'-- Up-to-date: /home/mcfb/ros2_ws/install/px4_msgs/share/px4_msgs/msg/TecsStatus.idl\n'}
[1.558707] (px4_msgs) StdoutLine: {'line': b'-- Up-to-date: /home/mcfb/ros2_ws/install/px4_msgs/share/px4_msgs/msg/TelemetryStatus.idl\n'}
[1.558743] (px4_msgs) StdoutLine: {'line': b'-- Up-to-date: /home/mcfb/ros2_ws/install/px4_msgs/share/px4_msgs/msg/TiltrotorExtraControls.idl\n'}
[1.558779] (px4_msgs) StdoutLine: {'line': b'-- Up-to-date: /home/mcfb/ros2_ws/install/px4_msgs/share/px4_msgs/msg/TimesyncStatus.idl\n'}
[1.558819] (px4_msgs) StdoutLine: {'line': b'-- Up-to-date: /home/mcfb/ros2_ws/install/px4_msgs/share/px4_msgs/msg/TrajectorySetpoint.idl\n'}
[1.558880] (px4_msgs) StdoutLine: {'line': b'-- Up-to-date: /home/mcfb/ros2_ws/install/px4_msgs/share/px4_msgs/msg/TrajectorySetpoint6dof.idl\n'}
[1.558914] (px4_msgs) StdoutLine: {'line': b'-- Up-to-date: /home/mcfb/ros2_ws/install/px4_msgs/share/px4_msgs/msg/TransponderReport.idl\n'}
[1.558951] (px4_msgs) StdoutLine: {'line': b'-- Up-to-date: /home/mcfb/ros2_ws/install/px4_msgs/share/px4_msgs/msg/TuneControl.idl\n'}
[1.558985] (px4_msgs) StdoutLine: {'line': b'-- Up-to-date: /home/mcfb/ros2_ws/install/px4_msgs/share/px4_msgs/msg/UavcanParameterRequest.idl\n'}
[1.559019] (px4_msgs) StdoutLine: {'line': b'-- Up-to-date: /home/mcfb/ros2_ws/install/px4_msgs/share/px4_msgs/msg/UavcanParameterValue.idl\n'}
[1.559072] (px4_msgs) StdoutLine: {'line': b'-- Up-to-date: /home/mcfb/ros2_ws/install/px4_msgs/share/px4_msgs/msg/UlogStream.idl\n'}
[1.559106] (px4_msgs) StdoutLine: {'line': b'-- Up-to-date: /home/mcfb/ros2_ws/install/px4_msgs/share/px4_msgs/msg/UlogStreamAck.idl\n'}
[1.559143] (px4_msgs) StdoutLine: {'line': b'-- Up-to-date: /home/mcfb/ros2_ws/install/px4_msgs/share/px4_msgs/msg/UnregisterExtComponent.idl\n'}
[1.559180] (px4_msgs) StdoutLine: {'line': b'-- Up-to-date: /home/mcfb/ros2_ws/install/px4_msgs/share/px4_msgs/msg/VehicleAcceleration.idl\n'}
[1.559213] (px4_msgs) StdoutLine: {'line': b'-- Up-to-date: /home/mcfb/ros2_ws/install/px4_msgs/share/px4_msgs/msg/VehicleAirData.idl\n'}
[1.559247] (px4_msgs) StdoutLine: {'line': b'-- Up-to-date: /home/mcfb/ros2_ws/install/px4_msgs/share/px4_msgs/msg/VehicleAngularAccelerationSetpoint.idl\n'}
[1.559284] (px4_msgs) StdoutLine: {'line': b'-- Up-to-date: /home/mcfb/ros2_ws/install/px4_msgs/share/px4_msgs/msg/VehicleAngularVelocity.idl\n'}
[1.559324] (px4_msgs) StdoutLine: {'line': b'-- Up-to-date: /home/mcfb/ros2_ws/install/px4_msgs/share/px4_msgs/msg/VehicleAttitude.idl\n'}
[1.559374] (px4_msgs) StdoutLine: {'line': b'-- Up-to-date: /home/mcfb/ros2_ws/install/px4_msgs/share/px4_msgs/msg/VehicleAttitudeSetpoint.idl\n'}
[1.559422] (px4_msgs) StdoutLine: {'line': b'-- Up-to-date: /home/mcfb/ros2_ws/install/px4_msgs/share/px4_msgs/msg/VehicleCommand.idl\n'}
[1.559464] (px4_msgs) StdoutLine: {'line': b'-- Up-to-date: /home/mcfb/ros2_ws/install/px4_msgs/share/px4_msgs/msg/VehicleCommandAck.idl\n'}
[1.559525] (px4_msgs) StdoutLine: {'line': b'-- Up-to-date: /home/mcfb/ros2_ws/install/px4_msgs/share/px4_msgs/msg/VehicleConstraints.idl\n'}
[1.559564] (px4_msgs) StdoutLine: {'line': b'-- Up-to-date: /home/mcfb/ros2_ws/install/px4_msgs/share/px4_msgs/msg/VehicleControlMode.idl\n'}
[1.559604] (px4_msgs) StdoutLine: {'line': b'-- Up-to-date: /home/mcfb/ros2_ws/install/px4_msgs/share/px4_msgs/msg/VehicleGlobalPosition.idl\n'}
[1.559641] (px4_msgs) StdoutLine: {'line': b'-- Up-to-date: /home/mcfb/ros2_ws/install/px4_msgs/share/px4_msgs/msg/VehicleImu.idl\n'}
[1.559679] (px4_msgs) StdoutLine: {'line': b'-- Up-to-date: /home/mcfb/ros2_ws/install/px4_msgs/share/px4_msgs/msg/VehicleImuStatus.idl\n'}
[1.559729] (px4_msgs) StdoutLine: {'line': b'-- Up-to-date: /home/mcfb/ros2_ws/install/px4_msgs/share/px4_msgs/msg/VehicleLandDetected.idl\n'}
[1.559791] (px4_msgs) StdoutLine: {'line': b'-- Up-to-date: /home/mcfb/ros2_ws/install/px4_msgs/share/px4_msgs/msg/VehicleLocalPosition.idl\n'}
[1.559915] (px4_msgs) StdoutLine: {'line': b'-- Up-to-date: /home/mcfb/ros2_ws/install/px4_msgs/share/px4_msgs/msg/VehicleLocalPositionSetpoint.idl\n'}
[1.559975] (px4_msgs) StdoutLine: {'line': b'-- Up-to-date: /home/mcfb/ros2_ws/install/px4_msgs/share/px4_msgs/msg/VehicleMagnetometer.idl\n'}
[1.560033] (px4_msgs) StdoutLine: {'line': b'-- Up-to-date: /home/mcfb/ros2_ws/install/px4_msgs/share/px4_msgs/msg/VehicleOdometry.idl\n'}
[1.560081] (px4_msgs) StdoutLine: {'line': b'-- Up-to-date: /home/mcfb/ros2_ws/install/px4_msgs/share/px4_msgs/msg/VehicleOpticalFlow.idl\n'}
[1.560138] (px4_msgs) StdoutLine: {'line': b'-- Up-to-date: /home/mcfb/ros2_ws/install/px4_msgs/share/px4_msgs/msg/VehicleOpticalFlowVel.idl\n'}
[1.560184] (px4_msgs) StdoutLine: {'line': b'-- Up-to-date: /home/mcfb/ros2_ws/install/px4_msgs/share/px4_msgs/msg/VehicleRatesSetpoint.idl\n'}
[1.560221] (px4_msgs) StdoutLine: {'line': b'-- Up-to-date: /home/mcfb/ros2_ws/install/px4_msgs/share/px4_msgs/msg/VehicleRoi.idl\n'}
[1.560259] (px4_msgs) StdoutLine: {'line': b'-- Up-to-date: /home/mcfb/ros2_ws/install/px4_msgs/share/px4_msgs/msg/VehicleStatus.idl\n'}
[1.560297] (px4_msgs) StdoutLine: {'line': b'-- Up-to-date: /home/mcfb/ros2_ws/install/px4_msgs/share/px4_msgs/msg/VehicleThrustSetpoint.idl\n'}
[1.560335] (px4_msgs) StdoutLine: {'line': b'-- Up-to-date: /home/mcfb/ros2_ws/install/px4_msgs/share/px4_msgs/msg/VehicleTorqueSetpoint.idl\n'}
[1.560371] (px4_msgs) StdoutLine: {'line': b'-- Up-to-date: /home/mcfb/ros2_ws/install/px4_msgs/share/px4_msgs/msg/VelocityLimits.idl\n'}
[1.560409] (px4_msgs) StdoutLine: {'line': b'-- Up-to-date: /home/mcfb/ros2_ws/install/px4_msgs/share/px4_msgs/msg/VtolVehicleStatus.idl\n'}
[1.560446] (px4_msgs) StdoutLine: {'line': b'-- Up-to-date: /home/mcfb/ros2_ws/install/px4_msgs/share/px4_msgs/msg/WheelEncoders.idl\n'}
[1.560484] (px4_msgs) StdoutLine: {'line': b'-- Up-to-date: /home/mcfb/ros2_ws/install/px4_msgs/share/px4_msgs/msg/Wind.idl\n'}
[1.560772] (px4_msgs) StdoutLine: {'line': b'-- Up-to-date: /home/mcfb/ros2_ws/install/px4_msgs/share/px4_msgs/msg/YawEstimatorStatus.idl\n'}
[1.560873] (px4_msgs) StdoutLine: {'line': b'-- Up-to-date: /home/mcfb/ros2_ws/install/px4_msgs/share/px4_msgs/srv/VehicleCommand.idl\n'}
[1.560936] (px4_msgs) StdoutLine: {'line': b'-- Up-to-date: /home/mcfb/ros2_ws/install/px4_msgs/share/px4_msgs/msg/ActionRequest.msg\n'}
[1.561013] (px4_msgs) StdoutLine: {'line': b'-- Up-to-date: /home/mcfb/ros2_ws/install/px4_msgs/share/px4_msgs/msg/ActuatorArmed.msg\n'}
[1.561059] (px4_msgs) StdoutLine: {'line': b'-- Up-to-date: /home/mcfb/ros2_ws/install/px4_msgs/share/px4_msgs/msg/ActuatorControlsStatus.msg\n'}
[1.561105] (px4_msgs) StdoutLine: {'line': b'-- Up-to-date: /home/mcfb/ros2_ws/install/px4_msgs/share/px4_msgs/msg/ActuatorMotors.msg\n'}
[1.561161] (px4_msgs) StdoutLine: {'line': b'-- Up-to-date: /home/mcfb/ros2_ws/install/px4_msgs/share/px4_msgs/msg/ActuatorOutputs.msg\n'}
[1.561217] (px4_msgs) StdoutLine: {'line': b'-- Up-to-date: /home/mcfb/ros2_ws/install/px4_msgs/share/px4_msgs/msg/ActuatorServos.msg\n'}
[1.561274] (px4_msgs) StdoutLine: {'line': b'-- Up-to-date: /home/mcfb/ros2_ws/install/px4_msgs/share/px4_msgs/msg/ActuatorServosTrim.msg\n'}
[1.561357] (px4_msgs) StdoutLine: {'line': b'-- Up-to-date: /home/mcfb/ros2_ws/install/px4_msgs/share/px4_msgs/msg/ActuatorTest.msg\n'}
[1.561418] (px4_msgs) StdoutLine: {'line': b'-- Up-to-date: /home/mcfb/ros2_ws/install/px4_msgs/share/px4_msgs/msg/AdcReport.msg\n'}
[1.561463] (px4_msgs) StdoutLine: {'line': b'-- Up-to-date: /home/mcfb/ros2_ws/install/px4_msgs/share/px4_msgs/msg/Airspeed.msg\n'}
[1.561518] (px4_msgs) StdoutLine: {'line': b'-- Up-to-date: /home/mcfb/ros2_ws/install/px4_msgs/share/px4_msgs/msg/AirspeedValidated.msg\n'}
[1.561567] (px4_msgs) StdoutLine: {'line': b'-- Up-to-date: /home/mcfb/ros2_ws/install/px4_msgs/share/px4_msgs/msg/AirspeedWind.msg\n'}
[1.561612] (px4_msgs) StdoutLine: {'line': b'-- Up-to-date: /home/mcfb/ros2_ws/install/px4_msgs/share/px4_msgs/msg/ArmingCheckReply.msg\n'}
[1.561667] (px4_msgs) StdoutLine: {'line': b'-- Up-to-date: /home/mcfb/ros2_ws/install/px4_msgs/share/px4_msgs/msg/ArmingCheckRequest.msg\n'}
[1.561729] (px4_msgs) StdoutLine: {'line': b'-- Up-to-date: /home/mcfb/ros2_ws/install/px4_msgs/share/px4_msgs/msg/AutotuneAttitudeControlStatus.msg\n'}
[1.561792] (px4_msgs) StdoutLine: {'line': b'-- Up-to-date: /home/mcfb/ros2_ws/install/px4_msgs/share/px4_msgs/msg/BatteryInfo.msg\n'}
[1.561954] (px4_msgs) StdoutLine: {'line': b'-- Up-to-date: /home/mcfb/ros2_ws/install/px4_msgs/share/px4_msgs/msg/BatteryStatus.msg\n'}
[1.562109] (px4_msgs) StdoutLine: {'line': b'-- Up-to-date: /home/mcfb/ros2_ws/install/px4_msgs/share/px4_msgs/msg/ButtonEvent.msg\n'}
[1.562187] (px4_msgs) StdoutLine: {'line': b'-- Up-to-date: /home/mcfb/ros2_ws/install/px4_msgs/share/px4_msgs/msg/CameraCapture.msg\n'}
[1.562278] (px4_msgs) StdoutLine: {'line': b'-- Up-to-date: /home/mcfb/ros2_ws/install/px4_msgs/share/px4_msgs/msg/CameraStatus.msg\n'}
[1.562327] (px4_msgs) StdoutLine: {'line': b'-- Up-to-date: /home/mcfb/ros2_ws/install/px4_msgs/share/px4_msgs/msg/CameraTrigger.msg\n'}
[1.562380] (px4_msgs) StdoutLine: {'line': b'-- Up-to-date: /home/mcfb/ros2_ws/install/px4_msgs/share/px4_msgs/msg/CanInterfaceStatus.msg\n'}
[1.562432] (px4_msgs) StdoutLine: {'line': b'-- Up-to-date: /home/mcfb/ros2_ws/install/px4_msgs/share/px4_msgs/msg/CellularStatus.msg\n'}
[1.562502] (px4_msgs) StdoutLine: {'line': b'-- Up-to-date: /home/mcfb/ros2_ws/install/px4_msgs/share/px4_msgs/msg/CollisionConstraints.msg\n'}
[1.562563] (px4_msgs) StdoutLine: {'line': b'-- Up-to-date: /home/mcfb/ros2_ws/install/px4_msgs/share/px4_msgs/msg/ConfigOverrides.msg\n'}
[1.562640] (px4_msgs) StdoutLine: {'line': b'-- Up-to-date: /home/mcfb/ros2_ws/install/px4_msgs/share/px4_msgs/msg/ControlAllocatorStatus.msg\n'}
[1.562691] (px4_msgs) StdoutLine: {'line': b'-- Up-to-date: /home/mcfb/ros2_ws/install/px4_msgs/share/px4_msgs/msg/Cpuload.msg\n'}
[1.562776] (px4_msgs) StdoutLine: {'line': b'-- Up-to-date: /home/mcfb/ros2_ws/install/px4_msgs/share/px4_msgs/msg/DatamanRequest.msg\n'}
[1.562819] (px4_msgs) StdoutLine: {'line': b'-- Up-to-date: /home/mcfb/ros2_ws/install/px4_msgs/share/px4_msgs/msg/DatamanResponse.msg\n'}
[1.562885] (px4_msgs) StdoutLine: {'line': b'-- Up-to-date: /home/mcfb/ros2_ws/install/px4_msgs/share/px4_msgs/msg/DebugArray.msg\n'}
[1.562962] (px4_msgs) StdoutLine: {'line': b'-- Up-to-date: /home/mcfb/ros2_ws/install/px4_msgs/share/px4_msgs/msg/DebugKeyValue.msg\n'}
[1.563027] (px4_msgs) StdoutLine: {'line': b'-- Up-to-date: /home/mcfb/ros2_ws/install/px4_msgs/share/px4_msgs/msg/DebugValue.msg\n'}
[1.563092] (px4_msgs) StdoutLine: {'line': b'-- Up-to-date: /home/mcfb/ros2_ws/install/px4_msgs/share/px4_msgs/msg/DebugVect.msg\n'}
[1.563148] (px4_msgs) StdoutLine: {'line': b'-- Up-to-date: /home/mcfb/ros2_ws/install/px4_msgs/share/px4_msgs/msg/DifferentialPressure.msg\n'}
[1.563209] (px4_msgs) StdoutLine: {'line': b'-- Up-to-date: /home/mcfb/ros2_ws/install/px4_msgs/share/px4_msgs/msg/DistanceSensor.msg\n'}
[1.563284] (px4_msgs) StdoutLine: {'line': b'-- Up-to-date: /home/mcfb/ros2_ws/install/px4_msgs/share/px4_msgs/msg/DistanceSensorModeChangeRequest.msg\n'}
[1.563346] (px4_msgs) StdoutLine: {'line': b'-- Up-to-date: /home/mcfb/ros2_ws/install/px4_msgs/share/px4_msgs/msg/DronecanNodeStatus.msg\n'}
[1.563412] (px4_msgs) StdoutLine: {'line': b'-- Up-to-date: /home/mcfb/ros2_ws/install/px4_msgs/share/px4_msgs/msg/Ekf2Timestamps.msg\n'}
[1.563479] (px4_msgs) StdoutLine: {'line': b'-- Up-to-date: /home/mcfb/ros2_ws/install/px4_msgs/share/px4_msgs/msg/EscReport.msg\n'}
[1.563527] (px4_msgs) StdoutLine: {'line': b'-- Up-to-date: /home/mcfb/ros2_ws/install/px4_msgs/share/px4_msgs/msg/EscStatus.msg\n'}
[1.563573] (px4_msgs) StdoutLine: {'line': b'-- Up-to-date: /home/mcfb/ros2_ws/install/px4_msgs/share/px4_msgs/msg/EstimatorAidSource1d.msg\n'}
[1.563621] (px4_msgs) StdoutLine: {'line': b'-- Up-to-date: /home/mcfb/ros2_ws/install/px4_msgs/share/px4_msgs/msg/EstimatorAidSource2d.msg\n'}
[1.563666] (px4_msgs) StdoutLine: {'line': b'-- Up-to-date: /home/mcfb/ros2_ws/install/px4_msgs/share/px4_msgs/msg/EstimatorAidSource3d.msg\n'}
[1.563712] (px4_msgs) StdoutLine: {'line': b'-- Up-to-date: /home/mcfb/ros2_ws/install/px4_msgs/share/px4_msgs/msg/EstimatorBias.msg\n'}
[1.563759] (px4_msgs) StdoutLine: {'line': b'-- Up-to-date: /home/mcfb/ros2_ws/install/px4_msgs/share/px4_msgs/msg/EstimatorBias3d.msg\n'}
[1.563805] (px4_msgs) StdoutLine: {'line': b'-- Up-to-date: /home/mcfb/ros2_ws/install/px4_msgs/share/px4_msgs/msg/EstimatorEventFlags.msg\n'}
[1.563986] (px4_msgs) StdoutLine: {'line': b'-- Up-to-date: /home/mcfb/ros2_ws/install/px4_msgs/share/px4_msgs/msg/EstimatorGpsStatus.msg\n'}
[1.564052] (px4_msgs) StdoutLine: {'line': b'-- Up-to-date: /home/mcfb/ros2_ws/install/px4_msgs/share/px4_msgs/msg/EstimatorInnovations.msg\n'}
[1.564127] (px4_msgs) StdoutLine: {'line': b'-- Up-to-date: /home/mcfb/ros2_ws/install/px4_msgs/share/px4_msgs/msg/EstimatorSelectorStatus.msg\n'}
[1.564180] (px4_msgs) StdoutLine: {'line': b'-- Up-to-date: /home/mcfb/ros2_ws/install/px4_msgs/share/px4_msgs/msg/EstimatorSensorBias.msg\n'}
[1.564228] (px4_msgs) StdoutLine: {'line': b'-- Up-to-date: /home/mcfb/ros2_ws/install/px4_msgs/share/px4_msgs/msg/EstimatorStates.msg\n'}
[1.564266] (px4_msgs) StdoutLine: {'line': b'-- Up-to-date: /home/mcfb/ros2_ws/install/px4_msgs/share/px4_msgs/msg/EstimatorStatus.msg\n'}
[1.564300] (px4_msgs) StdoutLine: {'line': b'-- Up-to-date: /home/mcfb/ros2_ws/install/px4_msgs/share/px4_msgs/msg/EstimatorStatusFlags.msg\n'}
[1.564337] (px4_msgs) StdoutLine: {'line': b'-- Up-to-date: /home/mcfb/ros2_ws/install/px4_msgs/share/px4_msgs/msg/Event.msg\n'}
[1.564373] (px4_msgs) StdoutLine: {'line': b'-- Up-to-date: /home/mcfb/ros2_ws/install/px4_msgs/share/px4_msgs/msg/FailsafeFlags.msg\n'}
[1.564409] (px4_msgs) StdoutLine: {'line': b'-- Up-to-date: /home/mcfb/ros2_ws/install/px4_msgs/share/px4_msgs/msg/FailureDetectorStatus.msg\n'}
[1.564444] (px4_msgs) StdoutLine: {'line': b'-- Up-to-date: /home/mcfb/ros2_ws/install/px4_msgs/share/px4_msgs/msg/FigureEightStatus.msg\n'}
[1.564485] (px4_msgs) StdoutLine: {'line': b'-- Up-to-date: /home/mcfb/ros2_ws/install/px4_msgs/share/px4_msgs/msg/FixedWingLateralGuidanceStatus.msg\n'}
[1.564521] (px4_msgs) StdoutLine: {'line': b'-- Up-to-date: /home/mcfb/ros2_ws/install/px4_msgs/share/px4_msgs/msg/FixedWingLateralSetpoint.msg\n'}
[1.564562] (px4_msgs) StdoutLine: {'line': b'-- Up-to-date: /home/mcfb/ros2_ws/install/px4_msgs/share/px4_msgs/msg/FixedWingLateralStatus.msg\n'}
[1.564600] (px4_msgs) StdoutLine: {'line': b'-- Up-to-date: /home/mcfb/ros2_ws/install/px4_msgs/share/px4_msgs/msg/FixedWingLongitudinalSetpoint.msg\n'}
[1.564638] (px4_msgs) StdoutLine: {'line': b'-- Up-to-date: /home/mcfb/ros2_ws/install/px4_msgs/share/px4_msgs/msg/FixedWingRunwayControl.msg\n'}
[1.564677] (px4_msgs) StdoutLine: {'line': b'-- Up-to-date: /home/mcfb/ros2_ws/install/px4_msgs/share/px4_msgs/msg/FlightPhaseEstimation.msg\n'}
[1.564716] (px4_msgs) StdoutLine: {'line': b'-- Up-to-date: /home/mcfb/ros2_ws/install/px4_msgs/share/px4_msgs/msg/FollowTarget.msg\n'}
[1.564771] (px4_msgs) StdoutLine: {'line': b'-- Up-to-date: /home/mcfb/ros2_ws/install/px4_msgs/share/px4_msgs/msg/FollowTargetEstimator.msg\n'}
[1.564809] (px4_msgs) StdoutLine: {'line': b'-- Up-to-date: /home/mcfb/ros2_ws/install/px4_msgs/share/px4_msgs/msg/FollowTargetStatus.msg\n'}
[1.564851] (px4_msgs) StdoutLine: {'line': b'-- Up-to-date: /home/mcfb/ros2_ws/install/px4_msgs/share/px4_msgs/msg/FuelTankStatus.msg\n'}
[1.564889] (px4_msgs) StdoutLine: {'line': b'-- Up-to-date: /home/mcfb/ros2_ws/install/px4_msgs/share/px4_msgs/msg/GeneratorStatus.msg\n'}
[1.564927] (px4_msgs) StdoutLine: {'line': b'-- Up-to-date: /home/mcfb/ros2_ws/install/px4_msgs/share/px4_msgs/msg/GeofenceResult.msg\n'}
[1.564965] (px4_msgs) StdoutLine: {'line': b'-- Up-to-date: /home/mcfb/ros2_ws/install/px4_msgs/share/px4_msgs/msg/GeofenceStatus.msg\n'}
[1.565003] (px4_msgs) StdoutLine: {'line': b'-- Up-to-date: /home/mcfb/ros2_ws/install/px4_msgs/share/px4_msgs/msg/GimbalControls.msg\n'}
[1.565040] (px4_msgs) StdoutLine: {'line': b'-- Up-to-date: /home/mcfb/ros2_ws/install/px4_msgs/share/px4_msgs/msg/GimbalDeviceAttitudeStatus.msg\n'}
[1.565077] (px4_msgs) StdoutLine: {'line': b'-- Up-to-date: /home/mcfb/ros2_ws/install/px4_msgs/share/px4_msgs/msg/GimbalDeviceInformation.msg\n'}
[1.565114] (px4_msgs) StdoutLine: {'line': b'-- Up-to-date: /home/mcfb/ros2_ws/install/px4_msgs/share/px4_msgs/msg/GimbalDeviceSetAttitude.msg\n'}
[1.565151] (px4_msgs) StdoutLine: {'line': b'-- Up-to-date: /home/mcfb/ros2_ws/install/px4_msgs/share/px4_msgs/msg/GimbalManagerInformation.msg\n'}
[1.565187] (px4_msgs) StdoutLine: {'line': b'-- Up-to-date: /home/mcfb/ros2_ws/install/px4_msgs/share/px4_msgs/msg/GimbalManagerSetAttitude.msg\n'}
[1.565225] (px4_msgs) StdoutLine: {'line': b'-- Up-to-date: /home/mcfb/ros2_ws/install/px4_msgs/share/px4_msgs/msg/GimbalManagerSetManualControl.msg\n'}
[1.565262] (px4_msgs) StdoutLine: {'line': b'-- Up-to-date: /home/mcfb/ros2_ws/install/px4_msgs/share/px4_msgs/msg/GimbalManagerStatus.msg\n'}
[1.565301] (px4_msgs) StdoutLine: {'line': b'-- Up-to-date: /home/mcfb/ros2_ws/install/px4_msgs/share/px4_msgs/msg/GotoSetpoint.msg\n'}
[1.565336] (px4_msgs) StdoutLine: {'line': b'-- Up-to-date: /home/mcfb/ros2_ws/install/px4_msgs/share/px4_msgs/msg/GpioConfig.msg\n'}
[1.565375] (px4_msgs) StdoutLine: {'line': b'-- Up-to-date: /home/mcfb/ros2_ws/install/px4_msgs/share/px4_msgs/msg/GpioIn.msg\n'}
[1.565412] (px4_msgs) StdoutLine: {'line': b'-- Up-to-date: /home/mcfb/ros2_ws/install/px4_msgs/share/px4_msgs/msg/GpioOut.msg\n'}
[1.565448] (px4_msgs) StdoutLine: {'line': b'-- Up-to-date: /home/mcfb/ros2_ws/install/px4_msgs/share/px4_msgs/msg/GpioRequest.msg\n'}
[1.565485] (px4_msgs) StdoutLine: {'line': b'-- Up-to-date: /home/mcfb/ros2_ws/install/px4_msgs/share/px4_msgs/msg/GpsDump.msg\n'}
[1.565520] (px4_msgs) StdoutLine: {'line': b'-- Up-to-date: /home/mcfb/ros2_ws/install/px4_msgs/share/px4_msgs/msg/GpsInjectData.msg\n'}
[1.565582] (px4_msgs) StdoutLine: {'line': b'-- Up-to-date: /home/mcfb/ros2_ws/install/px4_msgs/share/px4_msgs/msg/Gripper.msg\n'}
[1.565618] (px4_msgs) StdoutLine: {'line': b'-- Up-to-date: /home/mcfb/ros2_ws/install/px4_msgs/share/px4_msgs/msg/HealthReport.msg\n'}
[1.565652] (px4_msgs) StdoutLine: {'line': b'-- Up-to-date: /home/mcfb/ros2_ws/install/px4_msgs/share/px4_msgs/msg/HeaterStatus.msg\n'}
[1.565687] (px4_msgs) StdoutLine: {'line': b'-- Up-to-date: /home/mcfb/ros2_ws/install/px4_msgs/share/px4_msgs/msg/HomePosition.msg\n'}
[1.565721] (px4_msgs) StdoutLine: {'line': b'-- Up-to-date: /home/mcfb/ros2_ws/install/px4_msgs/share/px4_msgs/msg/HoverThrustEstimate.msg\n'}
[1.565755] (px4_msgs) StdoutLine: {'line': b'-- Up-to-date: /home/mcfb/ros2_ws/install/px4_msgs/share/px4_msgs/msg/InputRc.msg\n'}
[1.565794] (px4_msgs) StdoutLine: {'line': b'-- Up-to-date: /home/mcfb/ros2_ws/install/px4_msgs/share/px4_msgs/msg/InternalCombustionEngineControl.msg\n'}
[1.565829] (px4_msgs) StdoutLine: {'line': b'-- Up-to-date: /home/mcfb/ros2_ws/install/px4_msgs/share/px4_msgs/msg/InternalCombustionEngineStatus.msg\n'}
[1.565870] (px4_msgs) StdoutLine: {'line': b'-- Up-to-date: /home/mcfb/ros2_ws/install/px4_msgs/share/px4_msgs/msg/IridiumsbdStatus.msg\n'}
[1.565907] (px4_msgs) StdoutLine: {'line': b'-- Up-to-date: /home/mcfb/ros2_ws/install/px4_msgs/share/px4_msgs/msg/IrlockReport.msg\n'}
[1.565943] (px4_msgs) StdoutLine: {'line': b'-- Up-to-date: /home/mcfb/ros2_ws/install/px4_msgs/share/px4_msgs/msg/LandingGear.msg\n'}
[1.565979] (px4_msgs) StdoutLine: {'line': b'-- Up-to-date: /home/mcfb/ros2_ws/install/px4_msgs/share/px4_msgs/msg/LandingGearWheel.msg\n'}
[1.566015] (px4_msgs) StdoutLine: {'line': b'-- Up-to-date: /home/mcfb/ros2_ws/install/px4_msgs/share/px4_msgs/msg/LandingTargetInnovations.msg\n'}
[1.566050] (px4_msgs) StdoutLine: {'line': b'-- Up-to-date: /home/mcfb/ros2_ws/install/px4_msgs/share/px4_msgs/msg/LandingTargetPose.msg\n'}
[1.566086] (px4_msgs) StdoutLine: {'line': b'-- Up-to-date: /home/mcfb/ros2_ws/install/px4_msgs/share/px4_msgs/msg/LateralControlConfiguration.msg\n'}
[1.566122] (px4_msgs) StdoutLine: {'line': b'-- Up-to-date: /home/mcfb/ros2_ws/install/px4_msgs/share/px4_msgs/msg/LaunchDetectionStatus.msg\n'}
[1.566158] (px4_msgs) StdoutLine: {'line': b'-- Up-to-date: /home/mcfb/ros2_ws/install/px4_msgs/share/px4_msgs/msg/LedControl.msg\n'}
[1.566193] (px4_msgs) StdoutLine: {'line': b'-- Up-to-date: /home/mcfb/ros2_ws/install/px4_msgs/share/px4_msgs/msg/LogMessage.msg\n'}
[1.566229] (px4_msgs) StdoutLine: {'line': b'-- Up-to-date: /home/mcfb/ros2_ws/install/px4_msgs/share/px4_msgs/msg/LoggerStatus.msg\n'}
[1.566264] (px4_msgs) StdoutLine: {'line': b'-- Up-to-date: /home/mcfb/ros2_ws/install/px4_msgs/share/px4_msgs/msg/LongitudinalControlConfiguration.msg\n'}
[1.566299] (px4_msgs) StdoutLine: {'line': b'-- Up-to-date: /home/mcfb/ros2_ws/install/px4_msgs/share/px4_msgs/msg/MagWorkerData.msg\n'}
[1.566334] (px4_msgs) StdoutLine: {'line': b'-- Up-to-date: /home/mcfb/ros2_ws/install/px4_msgs/share/px4_msgs/msg/MagnetometerBiasEstimate.msg\n'}
[1.566370] (px4_msgs) StdoutLine: {'line': b'-- Up-to-date: /home/mcfb/ros2_ws/install/px4_msgs/share/px4_msgs/msg/ManualControlSetpoint.msg\n'}
[1.566406] (px4_msgs) StdoutLine: {'line': b'-- Up-to-date: /home/mcfb/ros2_ws/install/px4_msgs/share/px4_msgs/msg/ManualControlSwitches.msg\n'}
[1.566442] (px4_msgs) StdoutLine: {'line': b'-- Up-to-date: /home/mcfb/ros2_ws/install/px4_msgs/share/px4_msgs/msg/MavlinkLog.msg\n'}
[1.566478] (px4_msgs) StdoutLine: {'line': b'-- Up-to-date: /home/mcfb/ros2_ws/install/px4_msgs/share/px4_msgs/msg/MavlinkTunnel.msg\n'}
[1.566513] (px4_msgs) StdoutLine: {'line': b'-- Up-to-date: /home/mcfb/ros2_ws/install/px4_msgs/share/px4_msgs/msg/MessageFormatRequest.msg\n'}
[1.566568] (px4_msgs) StdoutLine: {'line': b'-- Up-to-date: /home/mcfb/ros2_ws/install/px4_msgs/share/px4_msgs/msg/MessageFormatResponse.msg\n'}
[1.566603] (px4_msgs) StdoutLine: {'line': b'-- Up-to-date: /home/mcfb/ros2_ws/install/px4_msgs/share/px4_msgs/msg/Mission.msg\n'}
[1.566640] (px4_msgs) StdoutLine: {'line': b'-- Up-to-date: /home/mcfb/ros2_ws/install/px4_msgs/share/px4_msgs/msg/MissionResult.msg\n'}
[1.566689] (px4_msgs) StdoutLine: {'line': b'-- Up-to-date: /home/mcfb/ros2_ws/install/px4_msgs/share/px4_msgs/msg/ModeCompleted.msg\n'}
[1.566723] (px4_msgs) StdoutLine: {'line': b'-- Up-to-date: /home/mcfb/ros2_ws/install/px4_msgs/share/px4_msgs/msg/MountOrientation.msg\n'}
[1.566757] (px4_msgs) StdoutLine: {'line': b'-- Up-to-date: /home/mcfb/ros2_ws/install/px4_msgs/share/px4_msgs/msg/NavigatorMissionItem.msg\n'}
[1.566791] (px4_msgs) StdoutLine: {'line': b'-- Up-to-date: /home/mcfb/ros2_ws/install/px4_msgs/share/px4_msgs/msg/NavigatorStatus.msg\n'}
[1.566824] (px4_msgs) StdoutLine: {'line': b'-- Up-to-date: /home/mcfb/ros2_ws/install/px4_msgs/share/px4_msgs/msg/NeuralControl.msg\n'}
[1.566862] (px4_msgs) StdoutLine: {'line': b'-- Up-to-date: /home/mcfb/ros2_ws/install/px4_msgs/share/px4_msgs/msg/NormalizedUnsignedSetpoint.msg\n'}
[1.566904] (px4_msgs) StdoutLine: {'line': b'-- Up-to-date: /home/mcfb/ros2_ws/install/px4_msgs/share/px4_msgs/msg/ObstacleDistance.msg\n'}
[1.566940] (px4_msgs) StdoutLine: {'line': b'-- Up-to-date: /home/mcfb/ros2_ws/install/px4_msgs/share/px4_msgs/msg/OffboardControlMode.msg\n'}
[1.566977] (px4_msgs) StdoutLine: {'line': b'-- Up-to-date: /home/mcfb/ros2_ws/install/px4_msgs/share/px4_msgs/msg/OnboardComputerStatus.msg\n'}
[1.567013] (px4_msgs) StdoutLine: {'line': b'-- Up-to-date: /home/mcfb/ros2_ws/install/px4_msgs/share/px4_msgs/msg/OpenDroneIdArmStatus.msg\n'}
[1.567050] (px4_msgs) StdoutLine: {'line': b'-- Up-to-date: /home/mcfb/ros2_ws/install/px4_msgs/share/px4_msgs/msg/OpenDroneIdOperatorId.msg\n'}
[1.567087] (px4_msgs) StdoutLine: {'line': b'-- Up-to-date: /home/mcfb/ros2_ws/install/px4_msgs/share/px4_msgs/msg/OpenDroneIdSelfId.msg\n'}
[1.567125] (px4_msgs) StdoutLine: {'line': b'-- Up-to-date: /home/mcfb/ros2_ws/install/px4_msgs/share/px4_msgs/msg/OpenDroneIdSystem.msg\n'}
[1.567163] (px4_msgs) StdoutLine: {'line': b'-- Up-to-date: /home/mcfb/ros2_ws/install/px4_msgs/share/px4_msgs/msg/OrbTest.msg\n'}
[1.567222] (px4_msgs) StdoutLine: {'line': b'-- Up-to-date: /home/mcfb/ros2_ws/install/px4_msgs/share/px4_msgs/msg/OrbTestLarge.msg\n'}
[1.567257] (px4_msgs) StdoutLine: {'line': b'-- Up-to-date: /home/mcfb/ros2_ws/install/px4_msgs/share/px4_msgs/msg/OrbTestMedium.msg\n'}
[1.567289] (px4_msgs) StdoutLine: {'line': b'-- Up-to-date: /home/mcfb/ros2_ws/install/px4_msgs/share/px4_msgs/msg/OrbitStatus.msg\n'}
[1.567323] (px4_msgs) StdoutLine: {'line': b'-- Up-to-date: /home/mcfb/ros2_ws/install/px4_msgs/share/px4_msgs/msg/ParameterResetRequest.msg\n'}
[1.567360] (px4_msgs) StdoutLine: {'line': b'-- Up-to-date: /home/mcfb/ros2_ws/install/px4_msgs/share/px4_msgs/msg/ParameterSetUsedRequest.msg\n'}
[1.567397] (px4_msgs) StdoutLine: {'line': b'-- Up-to-date: /home/mcfb/ros2_ws/install/px4_msgs/share/px4_msgs/msg/ParameterSetValueRequest.msg\n'}
[1.567458] (px4_msgs) StdoutLine: {'line': b'-- Up-to-date: /home/mcfb/ros2_ws/install/px4_msgs/share/px4_msgs/msg/ParameterSetValueResponse.msg\n'}
[1.567518] (px4_msgs) StdoutLine: {'line': b'-- Up-to-date: /home/mcfb/ros2_ws/install/px4_msgs/share/px4_msgs/msg/ParameterUpdate.msg\n'}
[1.567559] (px4_msgs) StdoutLine: {'line': b'-- Up-to-date: /home/mcfb/ros2_ws/install/px4_msgs/share/px4_msgs/msg/Ping.msg\n'}
[1.567594] (px4_msgs) StdoutLine: {'line': b'-- Up-to-date: /home/mcfb/ros2_ws/install/px4_msgs/share/px4_msgs/msg/PositionControllerLandingStatus.msg\n'}
[1.567629] (px4_msgs) StdoutLine: {'line': b'-- Up-to-date: /home/mcfb/ros2_ws/install/px4_msgs/share/px4_msgs/msg/PositionControllerStatus.msg\n'}
[1.567664] (px4_msgs) StdoutLine: {'line': b'-- Up-to-date: /home/mcfb/ros2_ws/install/px4_msgs/share/px4_msgs/msg/PositionSetpoint.msg\n'}
[1.567705] (px4_msgs) StdoutLine: {'line': b'-- Up-to-date: /home/mcfb/ros2_ws/install/px4_msgs/share/px4_msgs/msg/PositionSetpointTriplet.msg\n'}
[1.567760] (px4_msgs) StdoutLine: {'line': b'-- Up-to-date: /home/mcfb/ros2_ws/install/px4_msgs/share/px4_msgs/msg/PowerButtonState.msg\n'}
[1.567810] (px4_msgs) StdoutLine: {'line': b'-- Up-to-date: /home/mcfb/ros2_ws/install/px4_msgs/share/px4_msgs/msg/PowerMonitor.msg\n'}
[1.567859] (px4_msgs) StdoutLine: {'line': b'-- Up-to-date: /home/mcfb/ros2_ws/install/px4_msgs/share/px4_msgs/msg/PpsCapture.msg\n'}
[1.567918] (px4_msgs) StdoutLine: {'line': b'-- Up-to-date: /home/mcfb/ros2_ws/install/px4_msgs/share/px4_msgs/msg/PurePursuitStatus.msg\n'}
[1.567961] (px4_msgs) StdoutLine: {'line': b'-- Up-to-date: /home/mcfb/ros2_ws/install/px4_msgs/share/px4_msgs/msg/PwmInput.msg\n'}
[1.568001] (px4_msgs) StdoutLine: {'line': b'-- Up-to-date: /home/mcfb/ros2_ws/install/px4_msgs/share/px4_msgs/msg/Px4ioStatus.msg\n'}
[1.568039] (px4_msgs) StdoutLine: {'line': b'-- Up-to-date: /home/mcfb/ros2_ws/install/px4_msgs/share/px4_msgs/msg/QshellReq.msg\n'}
[1.568077] (px4_msgs) StdoutLine: {'line': b'-- Up-to-date: /home/mcfb/ros2_ws/install/px4_msgs/share/px4_msgs/msg/QshellRetval.msg\n'}
[1.568116] (px4_msgs) StdoutLine: {'line': b'-- Up-to-date: /home/mcfb/ros2_ws/install/px4_msgs/share/px4_msgs/msg/RadioStatus.msg\n'}
[1.568155] (px4_msgs) StdoutLine: {'line': b'-- Up-to-date: /home/mcfb/ros2_ws/install/px4_msgs/share/px4_msgs/msg/RateCtrlStatus.msg\n'}
[1.568193] (px4_msgs) StdoutLine: {'line': b'-- Up-to-date: /home/mcfb/ros2_ws/install/px4_msgs/share/px4_msgs/msg/RcChannels.msg\n'}
[1.568232] (px4_msgs) StdoutLine: {'line': b'-- Up-to-date: /home/mcfb/ros2_ws/install/px4_msgs/share/px4_msgs/msg/RcParameterMap.msg\n'}
[1.568270] (px4_msgs) StdoutLine: {'line': b'-- Up-to-date: /home/mcfb/ros2_ws/install/px4_msgs/share/px4_msgs/msg/RegisterExtComponentReply.msg\n'}
[1.568306] (px4_msgs) StdoutLine: {'line': b'-- Up-to-date: /home/mcfb/ros2_ws/install/px4_msgs/share/px4_msgs/msg/RegisterExtComponentRequest.msg\n'}
[1.568342] (px4_msgs) StdoutLine: {'line': b'-- Up-to-date: /home/mcfb/ros2_ws/install/px4_msgs/share/px4_msgs/msg/RoverAttitudeSetpoint.msg\n'}
[1.568380] (px4_msgs) StdoutLine: {'line': b'-- Up-to-date: /home/mcfb/ros2_ws/install/px4_msgs/share/px4_msgs/msg/RoverAttitudeStatus.msg\n'}
[1.568418] (px4_msgs) StdoutLine: {'line': b'-- Up-to-date: /home/mcfb/ros2_ws/install/px4_msgs/share/px4_msgs/msg/RoverPositionSetpoint.msg\n'}
[1.568456] (px4_msgs) StdoutLine: {'line': b'-- Up-to-date: /home/mcfb/ros2_ws/install/px4_msgs/share/px4_msgs/msg/RoverRateSetpoint.msg\n'}
[1.568492] (px4_msgs) StdoutLine: {'line': b'-- Up-to-date: /home/mcfb/ros2_ws/install/px4_msgs/share/px4_msgs/msg/RoverRateStatus.msg\n'}
[1.568552] (px4_msgs) StdoutLine: {'line': b'-- Up-to-date: /home/mcfb/ros2_ws/install/px4_msgs/share/px4_msgs/msg/RoverSpeedSetpoint.msg\n'}
[1.568587] (px4_msgs) StdoutLine: {'line': b'-- Up-to-date: /home/mcfb/ros2_ws/install/px4_msgs/share/px4_msgs/msg/RoverSpeedStatus.msg\n'}
[1.568621] (px4_msgs) StdoutLine: {'line': b'-- Up-to-date: /home/mcfb/ros2_ws/install/px4_msgs/share/px4_msgs/msg/RoverSteeringSetpoint.msg\n'}
[1.568655] (px4_msgs) StdoutLine: {'line': b'-- Up-to-date: /home/mcfb/ros2_ws/install/px4_msgs/share/px4_msgs/msg/RoverThrottleSetpoint.msg\n'}
[1.568688] (px4_msgs) StdoutLine: {'line': b'-- Up-to-date: /home/mcfb/ros2_ws/install/px4_msgs/share/px4_msgs/msg/Rpm.msg\n'}
[1.568722] (px4_msgs) StdoutLine: {'line': b'-- Up-to-date: /home/mcfb/ros2_ws/install/px4_msgs/share/px4_msgs/msg/RtlStatus.msg\n'}
[1.568757] (px4_msgs) StdoutLine: {'line': b'-- Up-to-date: /home/mcfb/ros2_ws/install/px4_msgs/share/px4_msgs/msg/RtlTimeEstimate.msg\n'}
[1.568793] (px4_msgs) StdoutLine: {'line': b'-- Up-to-date: /home/mcfb/ros2_ws/install/px4_msgs/share/px4_msgs/msg/SatelliteInfo.msg\n'}
[1.568831] (px4_msgs) StdoutLine: {'line': b'-- Up-to-date: /home/mcfb/ros2_ws/install/px4_msgs/share/px4_msgs/msg/SensorAccel.msg\n'}
[1.568885] (px4_msgs) StdoutLine: {'line': b'-- Up-to-date: /home/mcfb/ros2_ws/install/px4_msgs/share/px4_msgs/msg/SensorAccelFifo.msg\n'}
[1.568919] (px4_msgs) StdoutLine: {'line': b'-- Up-to-date: /home/mcfb/ros2_ws/install/px4_msgs/share/px4_msgs/msg/SensorAirflow.msg\n'}
[1.568953] (px4_msgs) StdoutLine: {'line': b'-- Up-to-date: /home/mcfb/ros2_ws/install/px4_msgs/share/px4_msgs/msg/SensorBaro.msg\n'}
[1.568991] (px4_msgs) StdoutLine: {'line': b'-- Up-to-date: /home/mcfb/ros2_ws/install/px4_msgs/share/px4_msgs/msg/SensorCombined.msg\n'}
[1.569024] (px4_msgs) StdoutLine: {'line': b'-- Up-to-date: /home/mcfb/ros2_ws/install/px4_msgs/share/px4_msgs/msg/SensorCorrection.msg\n'}
[1.569062] (px4_msgs) StdoutLine: {'line': b'-- Up-to-date: /home/mcfb/ros2_ws/install/px4_msgs/share/px4_msgs/msg/SensorGnssRelative.msg\n'}
[1.569100] (px4_msgs) StdoutLine: {'line': b'-- Up-to-date: /home/mcfb/ros2_ws/install/px4_msgs/share/px4_msgs/msg/SensorGnssStatus.msg\n'}
[1.569140] (px4_msgs) StdoutLine: {'line': b'-- Up-to-date: /home/mcfb/ros2_ws/install/px4_msgs/share/px4_msgs/msg/SensorGps.msg\n'}
[1.569177] (px4_msgs) StdoutLine: {'line': b'-- Up-to-date: /home/mcfb/ros2_ws/install/px4_msgs/share/px4_msgs/msg/SensorGyro.msg\n'}
[1.569215] (px4_msgs) StdoutLine: {'line': b'-- Up-to-date: /home/mcfb/ros2_ws/install/px4_msgs/share/px4_msgs/msg/SensorGyroFft.msg\n'}
[1.569270] (px4_msgs) StdoutLine: {'line': b'-- Up-to-date: /home/mcfb/ros2_ws/install/px4_msgs/share/px4_msgs/msg/SensorGyroFifo.msg\n'}
[1.569304] (px4_msgs) StdoutLine: {'line': b'-- Up-to-date: /home/mcfb/ros2_ws/install/px4_msgs/share/px4_msgs/msg/SensorHygrometer.msg\n'}
[1.569337] (px4_msgs) StdoutLine: {'line': b'-- Up-to-date: /home/mcfb/ros2_ws/install/px4_msgs/share/px4_msgs/msg/SensorMag.msg\n'}
[1.569371] (px4_msgs) StdoutLine: {'line': b'-- Up-to-date: /home/mcfb/ros2_ws/install/px4_msgs/share/px4_msgs/msg/SensorOpticalFlow.msg\n'}
[1.569404] (px4_msgs) StdoutLine: {'line': b'-- Up-to-date: /home/mcfb/ros2_ws/install/px4_msgs/share/px4_msgs/msg/SensorPreflightMag.msg\n'}
[1.569438] (px4_msgs) StdoutLine: {'line': b'-- Up-to-date: /home/mcfb/ros2_ws/install/px4_msgs/share/px4_msgs/msg/SensorSelection.msg\n'}
[1.569472] (px4_msgs) StdoutLine: {'line': b'-- Up-to-date: /home/mcfb/ros2_ws/install/px4_msgs/share/px4_msgs/msg/SensorUwb.msg\n'}
[1.569515] (px4_msgs) StdoutLine: {'line': b'-- Up-to-date: /home/mcfb/ros2_ws/install/px4_msgs/share/px4_msgs/msg/SensorsStatus.msg\n'}
[1.569548] (px4_msgs) StdoutLine: {'line': b'-- Up-to-date: /home/mcfb/ros2_ws/install/px4_msgs/share/px4_msgs/msg/SensorsStatusImu.msg\n'}
[1.569582] (px4_msgs) StdoutLine: {'line': b'-- Up-to-date: /home/mcfb/ros2_ws/install/px4_msgs/share/px4_msgs/msg/SystemPower.msg\n'}
[1.569615] (px4_msgs) StdoutLine: {'line': b'-- Up-to-date: /home/mcfb/ros2_ws/install/px4_msgs/share/px4_msgs/msg/TakeoffStatus.msg\n'}
[1.569647] (px4_msgs) StdoutLine: {'line': b'-- Up-to-date: /home/mcfb/ros2_ws/install/px4_msgs/share/px4_msgs/msg/TaskStackInfo.msg\n'}
[1.569682] (px4_msgs) StdoutLine: {'line': b'-- Up-to-date: /home/mcfb/ros2_ws/install/px4_msgs/share/px4_msgs/msg/TecsStatus.msg\n'}
[1.569715] (px4_msgs) StdoutLine: {'line': b'-- Up-to-date: /home/mcfb/ros2_ws/install/px4_msgs/share/px4_msgs/msg/TelemetryStatus.msg\n'}
[1.569748] (px4_msgs) StdoutLine: {'line': b'-- Up-to-date: /home/mcfb/ros2_ws/install/px4_msgs/share/px4_msgs/msg/TiltrotorExtraControls.msg\n'}
[1.569781] (px4_msgs) StdoutLine: {'line': b'-- Up-to-date: /home/mcfb/ros2_ws/install/px4_msgs/share/px4_msgs/msg/TimesyncStatus.msg\n'}
[1.569815] (px4_msgs) StdoutLine: {'line': b'-- Up-to-date: /home/mcfb/ros2_ws/install/px4_msgs/share/px4_msgs/msg/TrajectorySetpoint.msg\n'}
[1.569865] (px4_msgs) StdoutLine: {'line': b'-- Up-to-date: /home/mcfb/ros2_ws/install/px4_msgs/share/px4_msgs/msg/TrajectorySetpoint6dof.msg\n'}
[1.569900] (px4_msgs) StdoutLine: {'line': b'-- Up-to-date: /home/mcfb/ros2_ws/install/px4_msgs/share/px4_msgs/msg/TransponderReport.msg\n'}
[1.569935] (px4_msgs) StdoutLine: {'line': b'-- Up-to-date: /home/mcfb/ros2_ws/install/px4_msgs/share/px4_msgs/msg/TuneControl.msg\n'}
[1.569969] (px4_msgs) StdoutLine: {'line': b'-- Up-to-date: /home/mcfb/ros2_ws/install/px4_msgs/share/px4_msgs/msg/UavcanParameterRequest.msg\n'}
[1.570003] (px4_msgs) StdoutLine: {'line': b'-- Up-to-date: /home/mcfb/ros2_ws/install/px4_msgs/share/px4_msgs/msg/UavcanParameterValue.msg\n'}
[1.570039] (px4_msgs) StdoutLine: {'line': b'-- Up-to-date: /home/mcfb/ros2_ws/install/px4_msgs/share/px4_msgs/msg/UlogStream.msg\n'}
[1.570074] (px4_msgs) StdoutLine: {'line': b'-- Up-to-date: /home/mcfb/ros2_ws/install/px4_msgs/share/px4_msgs/msg/UlogStreamAck.msg\n'}
[1.570113] (px4_msgs) StdoutLine: {'line': b'-- Up-to-date: /home/mcfb/ros2_ws/install/px4_msgs/share/px4_msgs/msg/UnregisterExtComponent.msg\n'}
[1.570153] (px4_msgs) StdoutLine: {'line': b'-- Up-to-date: /home/mcfb/ros2_ws/install/px4_msgs/share/px4_msgs/msg/VehicleAcceleration.msg\n'}
[1.570188] (px4_msgs) StdoutLine: {'line': b'-- Up-to-date: /home/mcfb/ros2_ws/install/px4_msgs/share/px4_msgs/msg/VehicleAirData.msg\n'}
[1.570224] (px4_msgs) StdoutLine: {'line': b'-- Up-to-date: /home/mcfb/ros2_ws/install/px4_msgs/share/px4_msgs/msg/VehicleAngularAccelerationSetpoint.msg\n'}
[1.570262] (px4_msgs) StdoutLine: {'line': b'-- Up-to-date: /home/mcfb/ros2_ws/install/px4_msgs/share/px4_msgs/msg/VehicleAngularVelocity.msg\n'}
[1.570299] (px4_msgs) StdoutLine: {'line': b'-- Up-to-date: /home/mcfb/ros2_ws/install/px4_msgs/share/px4_msgs/msg/VehicleAttitude.msg\n'}
[1.570335] (px4_msgs) StdoutLine: {'line': b'-- Up-to-date: /home/mcfb/ros2_ws/install/px4_msgs/share/px4_msgs/msg/VehicleAttitudeSetpoint.msg\n'}
[1.570387] (px4_msgs) StdoutLine: {'line': b'-- Up-to-date: /home/mcfb/ros2_ws/install/px4_msgs/share/px4_msgs/msg/VehicleCommand.msg\n'}
[1.570421] (px4_msgs) StdoutLine: {'line': b'-- Up-to-date: /home/mcfb/ros2_ws/install/px4_msgs/share/px4_msgs/msg/VehicleCommandAck.msg\n'}
[1.570456] (px4_msgs) StdoutLine: {'line': b'-- Up-to-date: /home/mcfb/ros2_ws/install/px4_msgs/share/px4_msgs/msg/VehicleConstraints.msg\n'}
[1.570489] (px4_msgs) StdoutLine: {'line': b'-- Up-to-date: /home/mcfb/ros2_ws/install/px4_msgs/share/px4_msgs/msg/VehicleControlMode.msg\n'}
[1.570523] (px4_msgs) StdoutLine: {'line': b'-- Up-to-date: /home/mcfb/ros2_ws/install/px4_msgs/share/px4_msgs/msg/VehicleGlobalPosition.msg\n'}
[1.570560] (px4_msgs) StdoutLine: {'line': b'-- Up-to-date: /home/mcfb/ros2_ws/install/px4_msgs/share/px4_msgs/msg/VehicleImu.msg\n'}
[1.570597] (px4_msgs) StdoutLine: {'line': b'-- Up-to-date: /home/mcfb/ros2_ws/install/px4_msgs/share/px4_msgs/msg/VehicleImuStatus.msg\n'}
[1.570634] (px4_msgs) StdoutLine: {'line': b'-- Up-to-date: /home/mcfb/ros2_ws/install/px4_msgs/share/px4_msgs/msg/VehicleLandDetected.msg\n'}
[1.570671] (px4_msgs) StdoutLine: {'line': b'-- Up-to-date: /home/mcfb/ros2_ws/install/px4_msgs/share/px4_msgs/msg/VehicleLocalPosition.msg\n'}
[1.570708] (px4_msgs) StdoutLine: {'line': b'-- Up-to-date: /home/mcfb/ros2_ws/install/px4_msgs/share/px4_msgs/msg/VehicleLocalPositionSetpoint.msg\n'}
[1.570743] (px4_msgs) StdoutLine: {'line': b'-- Up-to-date: /home/mcfb/ros2_ws/install/px4_msgs/share/px4_msgs/msg/VehicleMagnetometer.msg\n'}
[1.570779] (px4_msgs) StdoutLine: {'line': b'-- Up-to-date: /home/mcfb/ros2_ws/install/px4_msgs/share/px4_msgs/msg/VehicleOdometry.msg\n'}
[1.570815] (px4_msgs) StdoutLine: {'line': b'-- Up-to-date: /home/mcfb/ros2_ws/install/px4_msgs/share/px4_msgs/msg/VehicleOpticalFlow.msg\n'}
[1.570870] (px4_msgs) StdoutLine: {'line': b'-- Up-to-date: /home/mcfb/ros2_ws/install/px4_msgs/share/px4_msgs/msg/VehicleOpticalFlowVel.msg\n'}
[1.570912] (px4_msgs) StdoutLine: {'line': b'-- Up-to-date: /home/mcfb/ros2_ws/install/px4_msgs/share/px4_msgs/msg/VehicleRatesSetpoint.msg\n'}
[1.570976] (px4_msgs) StdoutLine: {'line': b'-- Up-to-date: /home/mcfb/ros2_ws/install/px4_msgs/share/px4_msgs/msg/VehicleRoi.msg\n'}
[1.571118] (px4_msgs) StdoutLine: {'line': b'-- Up-to-date: /home/mcfb/ros2_ws/install/px4_msgs/share/px4_msgs/msg/VehicleStatus.msg\n'}
[1.571321] (px4_msgs) StdoutLine: {'line': b'-- Up-to-date: /home/mcfb/ros2_ws/install/px4_msgs/share/px4_msgs/msg/VehicleThrustSetpoint.msg\n'}
[1.571596] (px4_msgs) StdoutLine: {'line': b'-- Up-to-date: /home/mcfb/ros2_ws/install/px4_msgs/share/px4_msgs/msg/VehicleTorqueSetpoint.msg\n'}
[1.572019] (px4_msgs) StdoutLine: {'line': b'-- Up-to-date: /home/mcfb/ros2_ws/install/px4_msgs/share/px4_msgs/msg/VelocityLimits.msg\n'}
[1.572362] (px4_msgs) StdoutLine: {'line': b'-- Up-to-date: /home/mcfb/ros2_ws/install/px4_msgs/share/px4_msgs/msg/VtolVehicleStatus.msg\n'}
[1.572433] (px4_msgs) StdoutLine: {'line': b'-- Up-to-date: /home/mcfb/ros2_ws/install/px4_msgs/share/px4_msgs/msg/WheelEncoders.msg\n'}
[1.572832] (px4_msgs) StdoutLine: {'line': b'-- Up-to-date: /home/mcfb/ros2_ws/install/px4_msgs/share/px4_msgs/msg/Wind.msg\n'}
[1.573188] (px4_msgs) StdoutLine: {'line': b'-- Up-to-date: /home/mcfb/ros2_ws/install/px4_msgs/share/px4_msgs/msg/YawEstimatorStatus.msg\n'}
[1.573407] (px4_msgs) StdoutLine: {'line': b'-- Up-to-date: /home/mcfb/ros2_ws/install/px4_msgs/share/px4_msgs/srv/VehicleCommand.srv\n'}
[1.573626] (px4_msgs) StdoutLine: {'line': b'-- Up-to-date: /home/mcfb/ros2_ws/install/px4_msgs/share/ament_index/resource_index/package_run_dependencies/px4_msgs\n'}
[1.573893] (px4_msgs) StdoutLine: {'line': b'-- Up-to-date: /home/mcfb/ros2_ws/install/px4_msgs/share/ament_index/resource_index/parent_prefix_path/px4_msgs\n'}
[1.574253] (px4_msgs) StdoutLine: {'line': b'-- Up-to-date: /home/mcfb/ros2_ws/install/px4_msgs/share/px4_msgs/environment/ament_prefix_path.sh\n'}
[1.574471] (px4_msgs) StdoutLine: {'line': b'-- Up-to-date: /home/mcfb/ros2_ws/install/px4_msgs/share/px4_msgs/environment/ament_prefix_path.dsv\n'}
[1.574681] (px4_msgs) StdoutLine: {'line': b'-- Up-to-date: /home/mcfb/ros2_ws/install/px4_msgs/share/px4_msgs/environment/path.sh\n'}
[1.574940] (px4_msgs) StdoutLine: {'line': b'-- Up-to-date: /home/mcfb/ros2_ws/install/px4_msgs/share/px4_msgs/environment/path.dsv\n'}
[1.575297] (px4_msgs) StdoutLine: {'line': b'-- Up-to-date: /home/mcfb/ros2_ws/install/px4_msgs/share/px4_msgs/local_setup.bash\n'}
[1.575512] (px4_msgs) StdoutLine: {'line': b'-- Up-to-date: /home/mcfb/ros2_ws/install/px4_msgs/share/px4_msgs/local_setup.sh\n'}
[1.575739] (px4_msgs) StdoutLine: {'line': b'-- Up-to-date: /home/mcfb/ros2_ws/install/px4_msgs/share/px4_msgs/local_setup.zsh\n'}
[1.576021] (px4_msgs) StdoutLine: {'line': b'-- Up-to-date: /home/mcfb/ros2_ws/install/px4_msgs/share/px4_msgs/local_setup.dsv\n'}
[1.576458] (px4_msgs) StdoutLine: {'line': b'-- Installing: /home/mcfb/ros2_ws/install/px4_msgs/share/px4_msgs/package.dsv\n'}
[1.576749] (px4_msgs) StdoutLine: {'line': b'-- Up-to-date: /home/mcfb/ros2_ws/install/px4_msgs/share/ament_index/resource_index/packages/px4_msgs\n'}
[1.577082] (px4_msgs) StdoutLine: {'line': b'-- Up-to-date: /home/mcfb/ros2_ws/install/px4_msgs/share/px4_msgs/cmake/export_px4_msgs__rosidl_generator_cExport.cmake\n'}
[1.577387] (px4_msgs) StdoutLine: {'line': b'-- Up-to-date: /home/mcfb/ros2_ws/install/px4_msgs/share/px4_msgs/cmake/export_px4_msgs__rosidl_generator_cExport-noconfig.cmake\n'}
[1.577795] (px4_msgs) StdoutLine: {'line': b'-- Up-to-date: /home/mcfb/ros2_ws/install/px4_msgs/share/px4_msgs/cmake/export_px4_msgs__rosidl_typesupport_fastrtps_cExport.cmake\n'}
[1.578098] (px4_msgs) StdoutLine: {'line': b'-- Up-to-date: /home/mcfb/ros2_ws/install/px4_msgs/share/px4_msgs/cmake/export_px4_msgs__rosidl_typesupport_fastrtps_cExport-noconfig.cmake\n'}
[1.578376] (px4_msgs) StdoutLine: {'line': b'-- Up-to-date: /home/mcfb/ros2_ws/install/px4_msgs/share/px4_msgs/cmake/export_px4_msgs__rosidl_generator_cppExport.cmake\n'}
[1.578665] (px4_msgs) StdoutLine: {'line': b'-- Up-to-date: /home/mcfb/ros2_ws/install/px4_msgs/share/px4_msgs/cmake/export_px4_msgs__rosidl_typesupport_fastrtps_cppExport.cmake\n'}
[1.579030] (px4_msgs) StdoutLine: {'line': b'-- Up-to-date: /home/mcfb/ros2_ws/install/px4_msgs/share/px4_msgs/cmake/export_px4_msgs__rosidl_typesupport_fastrtps_cppExport-noconfig.cmake\n'}
[1.579505] (px4_msgs) StdoutLine: {'line': b'-- Up-to-date: /home/mcfb/ros2_ws/install/px4_msgs/share/px4_msgs/cmake/px4_msgs__rosidl_typesupport_introspection_cExport.cmake\n'}
[1.579761] (px4_msgs) StdoutLine: {'line': b'-- Up-to-date: /home/mcfb/ros2_ws/install/px4_msgs/share/px4_msgs/cmake/px4_msgs__rosidl_typesupport_introspection_cExport-noconfig.cmake\n'}
[1.580094] (px4_msgs) StdoutLine: {'line': b'-- Up-to-date: /home/mcfb/ros2_ws/install/px4_msgs/share/px4_msgs/cmake/px4_msgs__rosidl_typesupport_cExport.cmake\n'}
[1.580583] (px4_msgs) StdoutLine: {'line': b'-- Up-to-date: /home/mcfb/ros2_ws/install/px4_msgs/share/px4_msgs/cmake/px4_msgs__rosidl_typesupport_cExport-noconfig.cmake\n'}
[1.580934] (px4_msgs) StdoutLine: {'line': b'-- Up-to-date: /home/mcfb/ros2_ws/install/px4_msgs/share/px4_msgs/cmake/px4_msgs__rosidl_typesupport_introspection_cppExport.cmake\n'}
[1.581200] (px4_msgs) StdoutLine: {'line': b'-- Up-to-date: /home/mcfb/ros2_ws/install/px4_msgs/share/px4_msgs/cmake/px4_msgs__rosidl_typesupport_introspection_cppExport-noconfig.cmake\n'}
[1.581799] (px4_msgs) StdoutLine: {'line': b'-- Up-to-date: /home/mcfb/ros2_ws/install/px4_msgs/share/px4_msgs/cmake/px4_msgs__rosidl_typesupport_cppExport.cmake\n'}
[1.582382] (px4_msgs) StdoutLine: {'line': b'-- Up-to-date: /home/mcfb/ros2_ws/install/px4_msgs/share/px4_msgs/cmake/px4_msgs__rosidl_typesupport_cppExport-noconfig.cmake\n'}
[1.582948] (px4_msgs) StdoutLine: {'line': b'-- Up-to-date: /home/mcfb/ros2_ws/install/px4_msgs/share/px4_msgs/cmake/export_px4_msgs__rosidl_generator_pyExport.cmake\n'}
[1.583368] (px4_msgs) StdoutLine: {'line': b'-- Up-to-date: /home/mcfb/ros2_ws/install/px4_msgs/share/px4_msgs/cmake/export_px4_msgs__rosidl_generator_pyExport-noconfig.cmake\n'}
[1.583764] (px4_msgs) StdoutLine: {'line': b'-- Up-to-date: /home/mcfb/ros2_ws/install/px4_msgs/share/px4_msgs/cmake/rosidl_cmake-extras.cmake\n'}
[1.584175] (px4_msgs) StdoutLine: {'line': b'-- Up-to-date: /home/mcfb/ros2_ws/install/px4_msgs/share/px4_msgs/cmake/ament_cmake_export_dependencies-extras.cmake\n'}
[1.584388] (px4_msgs) StdoutLine: {'line': b'-- Up-to-date: /home/mcfb/ros2_ws/install/px4_msgs/share/px4_msgs/cmake/ament_cmake_export_include_directories-extras.cmake\n'}
[1.584618] (px4_msgs) StdoutLine: {'line': b'-- Up-to-date: /home/mcfb/ros2_ws/install/px4_msgs/share/px4_msgs/cmake/ament_cmake_export_libraries-extras.cmake\n'}
[1.584901] (px4_msgs) StdoutLine: {'line': b'-- Up-to-date: /home/mcfb/ros2_ws/install/px4_msgs/share/px4_msgs/cmake/ament_cmake_export_targets-extras.cmake\n'}
[1.585266] (px4_msgs) StdoutLine: {'line': b'-- Up-to-date: /home/mcfb/ros2_ws/install/px4_msgs/share/px4_msgs/cmake/rosidl_cmake_export_typesupport_targets-extras.cmake\n'}
[1.585489] (px4_msgs) StdoutLine: {'line': b'-- Up-to-date: /home/mcfb/ros2_ws/install/px4_msgs/share/px4_msgs/cmake/rosidl_cmake_export_typesupport_libraries-extras.cmake\n'}
[1.585705] (px4_msgs) StdoutLine: {'line': b'-- Up-to-date: /home/mcfb/ros2_ws/install/px4_msgs/share/px4_msgs/cmake/px4_msgsConfig.cmake\n'}
[1.585793] (px4_msgs) StdoutLine: {'line': b'-- Up-to-date: /home/mcfb/ros2_ws/install/px4_msgs/share/px4_msgs/cmake/px4_msgsConfig-version.cmake\n'}
[1.585990] (px4_msgs) StdoutLine: {'line': b'-- Up-to-date: /home/mcfb/ros2_ws/install/px4_msgs/share/px4_msgs/package.xml\n'}
[1.590445] (px4_msgs) CommandEnded: {'returncode': 0}
[1.601876] (-) TimerEvent: {}
[1.608401] (px4_msgs) JobEnded: {'identifier': 'px4_msgs', 'rc': 0}
[1.609260] (px4_offboard) JobStarted: {'identifier': 'px4_offboard'}
[1.613439] (px4_ros_com) JobStarted: {'identifier': 'px4_ros_com'}
[1.701974] (-) TimerEvent: {}
[1.802214] (-) TimerEvent: {}
[1.830854] (px4_ros_com) JobProgress: {'identifier': 'px4_ros_com', 'progress': 'cmake'}
[1.831241] (px4_ros_com) JobProgress: {'identifier': 'px4_ros_com', 'progress': 'build'}
[1.831629] (px4_ros_com) Command: {'cmd': ['/usr/bin/cmake', '--build', '/home/mcfb/ros2_ws/build/px4_ros_com', '--', '-j12', '-l12'], 'cwd': '/home/mcfb/ros2_ws/build/px4_ros_com', 'env': OrderedDict({'LESSOPEN': '| /usr/bin/lesspipe %s', 'USER': 'mcfb', 'GZ_CONFIG_PATH': '/opt/ros/jazzy/opt/gz_sim_vendor/share/gz:/opt/ros/jazzy/opt/sdformat_vendor/share/gz:/opt/ros/jazzy/opt/gz_gui_vendor/share/gz:/opt/ros/jazzy/opt/gz_transport_vendor/share/gz:/opt/ros/jazzy/opt/gz_rendering_vendor/share/gz:/opt/ros/jazzy/opt/gz_plugin_vendor/share/gz:/opt/ros/jazzy/opt/gz_fuel_tools_vendor/share/gz:/opt/ros/jazzy/opt/gz_msgs_vendor/share/gz:/opt/ros/jazzy/opt/gz_common_vendor/share/gz', 'XDG_SESSION_TYPE': 'x11', 'CLUTTER_DISABLE_MIPMAPPED_TEXT': '1', 'SHLVL': '1', 'LD_LIBRARY_PATH': '/home/mcfb/ros2_ws/install/px4_msgs/lib:/home/mcfb/ros2_ws/install/px4_ros_com/lib:/opt/ros/jazzy/opt/gz_sim_vendor/lib:/opt/ros/jazzy/opt/gz_sensors_vendor/lib:/opt/ros/jazzy/opt/gz_physics_vendor/lib:/opt/ros/jazzy/opt/sdformat_vendor/lib:/opt/ros/jazzy/opt/rviz_ogre_vendor/lib:/opt/ros/jazzy/lib/x86_64-linux-gnu:/opt/ros/jazzy/opt/gz_gui_vendor/lib:/opt/ros/jazzy/opt/gz_transport_vendor/lib:/opt/ros/jazzy/opt/gz_rendering_vendor/lib:/opt/ros/jazzy/opt/gz_plugin_vendor/lib:/opt/ros/jazzy/opt/gz_fuel_tools_vendor/lib:/opt/ros/jazzy/opt/gz_msgs_vendor/lib:/opt/ros/jazzy/opt/gz_common_vendor/lib:/opt/ros/jazzy/opt/gz_math_vendor/lib:/opt/ros/jazzy/opt/gz_utils_vendor/lib:/opt/ros/jazzy/opt/gz_tools_vendor/lib:/opt/ros/jazzy/opt/gz_ogre_next_vendor/lib:/opt/ros/jazzy/opt/gz_dartsim_vendor/lib:/opt/ros/jazzy/opt/gz_cmake_vendor/lib:/opt/ros/jazzy/lib', 'HOME': '/home/mcfb', 'OLDPWD': '/home/mcfb', 'DESKTOP_SESSION': 'ubuntu', 'ROS_PYTHON_VERSION': '3', 'GNOME_SHELL_SESSION_MODE': 'ubuntu', 'GTK_MODULES': 'gail:atk-bridge', 'SYSTEMD_EXEC_PID': '2892', 'GSM_SKIP_SSH_AGENT_WORKAROUND': 'true', 'DBUS_SESSION_BUS_ADDRESS': 'unix:path=/run/user/1000/bus', 'COLORTERM': 'truecolor', 'DEBUGINFOD_URLS': 'https://debuginfod.ubuntu.com', 'COLCON_PREFIX_PATH': '/home/mcfb/ros2_ws/install', 'ROS_DISTRO': 'jazzy', 'LOGNAME': 'mcfb', '_': '/usr/bin/colcon', 'ROS_VERSION': '2', 'MEMORY_PRESSURE_WATCH': '/sys/fs/cgroup/user.slice/user-1000.slice/user@1000.service/session.slice/org.gnome.Shell@x11.service/memory.pressure', 'XDG_SESSION_CLASS': 'user', 'USERNAME': 'mcfb', 'TERM': 'xterm-256color', 'GNOME_DESKTOP_SESSION_ID': 'this-is-deprecated', 'WINDOWPATH': '2', 'PATH': '/opt/ros/jazzy/opt/gz_msgs_vendor/bin:/opt/ros/jazzy/opt/gz_tools_vendor/bin:/opt/ros/jazzy/opt/gz_ogre_next_vendor/bin:/opt/ros/jazzy/bin:/home/mcfb/.local/bin:/usr/local/sbin:/usr/local/bin:/usr/sbin:/usr/bin:/sbin:/bin:/usr/games:/usr/local/games:/snap/bin:/snap/bin:/opt/xtensa-esp-elf/bin/', 'SESSION_MANAGER': 'local/mcfb:@/tmp/.ICE-unix/2860,unix/mcfb:/tmp/.ICE-unix/2860', 'XDG_MENU_PREFIX': 'gnome-', 'GNOME_TERMINAL_SCREEN': '/org/gnome/Terminal/screen/635fe134_8057_4151_bd4d_d98d51531782', 'XDG_RUNTIME_DIR': '/run/user/1000', 'DISPLAY': ':1', 'LANG': 'en_US.UTF-8', 'XDG_CURRENT_DESKTOP': 'ubuntu:GNOME', 'XMODIFIERS': '@im=ibus', 'XDG_SESSION_DESKTOP': 'ubuntu', 'XAUTHORITY': '/run/user/1000/gdm/Xauthority', 'LS_COLORS': 'rs=0:di=01;34:ln=01;36:mh=00:pi=40;33:so=01;35:do=01;35:bd=40;33;01:cd=40;33;01:or=40;31;01:mi=00:su=37;41:sg=30;43:ca=00:tw=30;42:ow=34;42:st=37;44:ex=01;32:*.tar=01;31:*.tgz=01;31:*.arc=01;31:*.arj=01;31:*.taz=01;31:*.lha=01;31:*.lz4=01;31:*.lzh=01;31:*.lzma=01;31:*.tlz=01;31:*.txz=01;31:*.tzo=01;31:*.t7z=01;31:*.zip=01;31:*.z=01;31:*.dz=01;31:*.gz=01;31:*.lrz=01;31:*.lz=01;31:*.lzo=01;31:*.xz=01;31:*.zst=01;31:*.tzst=01;31:*.bz2=01;31:*.bz=01;31:*.tbz=01;31:*.tbz2=01;31:*.tz=01;31:*.deb=01;31:*.rpm=01;31:*.jar=01;31:*.war=01;31:*.ear=01;31:*.sar=01;31:*.rar=01;31:*.alz=01;31:*.ace=01;31:*.zoo=01;31:*.cpio=01;31:*.7z=01;31:*.rz=01;31:*.cab=01;31:*.wim=01;31:*.swm=01;31:*.dwm=01;31:*.esd=01;31:*.avif=01;35:*.jpg=01;35:*.jpeg=01;35:*.mjpg=01;35:*.mjpeg=01;35:*.gif=01;35:*.bmp=01;35:*.pbm=01;35:*.pgm=01;35:*.ppm=01;35:*.tga=01;35:*.xbm=01;35:*.xpm=01;35:*.tif=01;35:*.tiff=01;35:*.png=01;35:*.svg=01;35:*.svgz=01;35:*.mng=01;35:*.pcx=01;35:*.mov=01;35:*.mpg=01;35:*.mpeg=01;35:*.m2v=01;35:*.mkv=01;35:*.webm=01;35:*.webp=01;35:*.ogm=01;35:*.mp4=01;35:*.m4v=01;35:*.mp4v=01;35:*.vob=01;35:*.qt=01;35:*.nuv=01;35:*.wmv=01;35:*.asf=01;35:*.rm=01;35:*.rmvb=01;35:*.flc=01;35:*.avi=01;35:*.fli=01;35:*.flv=01;35:*.gl=01;35:*.dl=01;35:*.xcf=01;35:*.xwd=01;35:*.yuv=01;35:*.cgm=01;35:*.emf=01;35:*.ogv=01;35:*.ogx=01;35:*.aac=00;36:*.au=00;36:*.flac=00;36:*.m4a=00;36:*.mid=00;36:*.midi=00;36:*.mka=00;36:*.mp3=00;36:*.mpc=00;36:*.ogg=00;36:*.ra=00;36:*.wav=00;36:*.oga=00;36:*.opus=00;36:*.spx=00;36:*.xspf=00;36:*~=00;90:*#=00;90:*.bak=00;90:*.crdownload=00;90:*.dpkg-dist=00;90:*.dpkg-new=00;90:*.dpkg-old=00;90:*.dpkg-tmp=00;90:*.old=00;90:*.orig=00;90:*.part=00;90:*.rej=00;90:*.rpmnew=00;90:*.rpmorig=00;90:*.rpmsave=00;90:*.swp=00;90:*.tmp=00;90:*.ucf-dist=00;90:*.ucf-new=00;90:*.ucf-old=00;90:', 'GNOME_TERMINAL_SERVICE': ':1.114', 'SSH_AUTH_SOCK': '/run/user/1000/keyring/ssh', 'AMENT_PREFIX_PATH': '/home/mcfb/ros2_ws/install/ai_navigator:/home/mcfb/ros2_ws/install/px4_ros_com:/home/mcfb/ros2_ws/install/px4_offboard:/home/mcfb/ros2_ws/install/px4_msgs:/opt/ros/jazzy', 'SHELL': '/bin/bash', 'QT_ACCESSIBILITY': '1', 'GDMSESSION': 'ubuntu', 'LESSCLOSE': '/usr/bin/lesspipe %s %s', 'IGN_GAZEBO_RESOURCE_PATH': '/opt/ros/jazzy/share', 'GPG_AGENT_INFO': '/run/user/1000/gnupg/S.gpg-agent:0:1', 'ROS_AUTOMATIC_DISCOVERY_RANGE': 'SUBNET', 'QT_IM_MODULE': 'ibus', 'PWD': '/home/mcfb/ros2_ws/build/px4_ros_com', 'LC_ALL': 'en_US.UTF-8', 'XDG_CONFIG_DIRS': '/etc/xdg/xdg-ubuntu:/etc/xdg', 'XDG_DATA_DIRS': '/usr/share/ubuntu:/usr/share/gnome:/usr/local/share/:/usr/share/:/var/lib/snapd/desktop', 'PYTHONPATH': '/home/mcfb/ros2_ws/install/px4_msgs/lib/python3.12/site-packages:/home/mcfb/ros2_ws/install/ai_navigator/lib/python3.12/site-packages:/home/mcfb/ros2_ws/install/px4_ros_com/lib/python3.12/site-packages:/home/mcfb/ros2_ws/install/px4_offboard/lib/python3.12/site-packages:/home/mcfb/drone_venv/lib/python3.12/site-packages:/opt/ros/jazzy/lib/python3.12/site-packages', 'COLCON': '1', 'MEMORY_PRESSURE_WRITE': 'c29tZSAyMDAwMDAgMjAwMDAwMAA=', 'VTE_VERSION': '7600', 'CMAKE_PREFIX_PATH': '/home/mcfb/ros2_ws/install/px4_msgs:/home/mcfb/ros2_ws/install/px4_ros_com:/opt/ros/jazzy/opt/gz_sim_vendor:/opt/ros/jazzy/opt/gz_sensors_vendor:/opt/ros/jazzy/opt/gz_physics_vendor:/opt/ros/jazzy/opt/sdformat_vendor:/opt/ros/jazzy/opt/gz_gui_vendor:/opt/ros/jazzy/opt/gz_transport_vendor:/opt/ros/jazzy/opt/gz_rendering_vendor:/opt/ros/jazzy/opt/gz_plugin_vendor:/opt/ros/jazzy/opt/gz_fuel_tools_vendor:/opt/ros/jazzy/opt/gz_msgs_vendor:/opt/ros/jazzy/opt/gz_common_vendor:/opt/ros/jazzy/opt/gz_math_vendor:/opt/ros/jazzy/opt/gz_utils_vendor:/opt/ros/jazzy/opt/gz_tools_vendor:/opt/ros/jazzy/opt/gz_ogre_next_vendor:/opt/ros/jazzy/opt/gz_dartsim_vendor:/opt/ros/jazzy/opt/gz_cmake_vendor:/home/mcfb/ros2_ws/install/ai_navigator:/home/mcfb/ros2_ws/install/px4_offboard:/opt/ros/jazzy'}), 'shell': False}
[1.889615] (px4_ros_com) StdoutLine: {'line': b'[ 16%] Built target frame_transforms\n'}
[1.891842] (px4_ros_com) StdoutLine: {'line': b'[ 33%] Built target sensor_combined_listener\n'}
[1.892269] (px4_ros_com) StdoutLine: {'line': b'[ 58%] Built target vehicle_gps_position_listener\n'}
[1.892917] (px4_ros_com) StdoutLine: {'line': b'[ 66%] Built target offboard_control\n'}
[1.893045] (px4_ros_com) StdoutLine: {'line': b'[ 83%] Built target offboard_control_srv\n'}
[1.893256] (px4_ros_com) StdoutLine: {'line': b'[100%] Built target debug_vect_advertiser\n'}
[1.895609] (px4_ros_com) StdoutLine: {'line': b'[100%] Built target ament_cmake_python_copy_px4_ros_com\n'}
[1.902316] (-) TimerEvent: {}
[2.002573] (-) TimerEvent: {}
[2.098877] (px4_ros_com) StdoutLine: {'line': b'running egg_info\n'}
[2.102634] (-) TimerEvent: {}
[2.115466] (px4_ros_com) StdoutLine: {'line': b'writing px4_ros_com.egg-info/PKG-INFO\n'}
[2.115775] (px4_ros_com) StdoutLine: {'line': b'writing dependency_links to px4_ros_com.egg-info/dependency_links.txt\n'}
[2.115931] (px4_ros_com) StdoutLine: {'line': b'writing top-level names to px4_ros_com.egg-info/top_level.txt\n'}
[2.165606] (px4_ros_com) StdoutLine: {'line': b"reading manifest file 'px4_ros_com.egg-info/SOURCES.txt'\n"}
[2.166233] (px4_ros_com) StdoutLine: {'line': b"writing manifest file 'px4_ros_com.egg-info/SOURCES.txt'\n"}
[2.197985] (px4_ros_com) StdoutLine: {'line': b'[100%] Built target ament_cmake_python_build_px4_ros_com_egg\n'}
[2.202706] (-) TimerEvent: {}
[2.207444] (px4_ros_com) CommandEnded: {'returncode': 0}
[2.208244] (px4_ros_com) JobProgress: {'identifier': 'px4_ros_com', 'progress': 'install'}
[2.208607] (px4_ros_com) Command: {'cmd': ['/usr/bin/cmake', '--install', '/home/mcfb/ros2_ws/build/px4_ros_com'], 'cwd': '/home/mcfb/ros2_ws/build/px4_ros_com', 'env': OrderedDict({'LESSOPEN': '| /usr/bin/lesspipe %s', 'USER': 'mcfb', 'GZ_CONFIG_PATH': '/opt/ros/jazzy/opt/gz_sim_vendor/share/gz:/opt/ros/jazzy/opt/sdformat_vendor/share/gz:/opt/ros/jazzy/opt/gz_gui_vendor/share/gz:/opt/ros/jazzy/opt/gz_transport_vendor/share/gz:/opt/ros/jazzy/opt/gz_rendering_vendor/share/gz:/opt/ros/jazzy/opt/gz_plugin_vendor/share/gz:/opt/ros/jazzy/opt/gz_fuel_tools_vendor/share/gz:/opt/ros/jazzy/opt/gz_msgs_vendor/share/gz:/opt/ros/jazzy/opt/gz_common_vendor/share/gz', 'XDG_SESSION_TYPE': 'x11', 'CLUTTER_DISABLE_MIPMAPPED_TEXT': '1', 'SHLVL': '1', 'LD_LIBRARY_PATH': '/home/mcfb/ros2_ws/install/px4_msgs/lib:/home/mcfb/ros2_ws/install/px4_ros_com/lib:/opt/ros/jazzy/opt/gz_sim_vendor/lib:/opt/ros/jazzy/opt/gz_sensors_vendor/lib:/opt/ros/jazzy/opt/gz_physics_vendor/lib:/opt/ros/jazzy/opt/sdformat_vendor/lib:/opt/ros/jazzy/opt/rviz_ogre_vendor/lib:/opt/ros/jazzy/lib/x86_64-linux-gnu:/opt/ros/jazzy/opt/gz_gui_vendor/lib:/opt/ros/jazzy/opt/gz_transport_vendor/lib:/opt/ros/jazzy/opt/gz_rendering_vendor/lib:/opt/ros/jazzy/opt/gz_plugin_vendor/lib:/opt/ros/jazzy/opt/gz_fuel_tools_vendor/lib:/opt/ros/jazzy/opt/gz_msgs_vendor/lib:/opt/ros/jazzy/opt/gz_common_vendor/lib:/opt/ros/jazzy/opt/gz_math_vendor/lib:/opt/ros/jazzy/opt/gz_utils_vendor/lib:/opt/ros/jazzy/opt/gz_tools_vendor/lib:/opt/ros/jazzy/opt/gz_ogre_next_vendor/lib:/opt/ros/jazzy/opt/gz_dartsim_vendor/lib:/opt/ros/jazzy/opt/gz_cmake_vendor/lib:/opt/ros/jazzy/lib', 'HOME': '/home/mcfb', 'OLDPWD': '/home/mcfb', 'DESKTOP_SESSION': 'ubuntu', 'ROS_PYTHON_VERSION': '3', 'GNOME_SHELL_SESSION_MODE': 'ubuntu', 'GTK_MODULES': 'gail:atk-bridge', 'SYSTEMD_EXEC_PID': '2892', 'GSM_SKIP_SSH_AGENT_WORKAROUND': 'true', 'DBUS_SESSION_BUS_ADDRESS': 'unix:path=/run/user/1000/bus', 'COLORTERM': 'truecolor', 'DEBUGINFOD_URLS': 'https://debuginfod.ubuntu.com', 'COLCON_PREFIX_PATH': '/home/mcfb/ros2_ws/install', 'ROS_DISTRO': 'jazzy', 'LOGNAME': 'mcfb', '_': '/usr/bin/colcon', 'ROS_VERSION': '2', 'MEMORY_PRESSURE_WATCH': '/sys/fs/cgroup/user.slice/user-1000.slice/user@1000.service/session.slice/org.gnome.Shell@x11.service/memory.pressure', 'XDG_SESSION_CLASS': 'user', 'USERNAME': 'mcfb', 'TERM': 'xterm-256color', 'GNOME_DESKTOP_SESSION_ID': 'this-is-deprecated', 'WINDOWPATH': '2', 'PATH': '/opt/ros/jazzy/opt/gz_msgs_vendor/bin:/opt/ros/jazzy/opt/gz_tools_vendor/bin:/opt/ros/jazzy/opt/gz_ogre_next_vendor/bin:/opt/ros/jazzy/bin:/home/mcfb/.local/bin:/usr/local/sbin:/usr/local/bin:/usr/sbin:/usr/bin:/sbin:/bin:/usr/games:/usr/local/games:/snap/bin:/snap/bin:/opt/xtensa-esp-elf/bin/', 'SESSION_MANAGER': 'local/mcfb:@/tmp/.ICE-unix/2860,unix/mcfb:/tmp/.ICE-unix/2860', 'XDG_MENU_PREFIX': 'gnome-', 'GNOME_TERMINAL_SCREEN': '/org/gnome/Terminal/screen/635fe134_8057_4151_bd4d_d98d51531782', 'XDG_RUNTIME_DIR': '/run/user/1000', 'DISPLAY': ':1', 'LANG': 'en_US.UTF-8', 'XDG_CURRENT_DESKTOP': 'ubuntu:GNOME', 'XMODIFIERS': '@im=ibus', 'XDG_SESSION_DESKTOP': 'ubuntu', 'XAUTHORITY': '/run/user/1000/gdm/Xauthority', 'LS_COLORS': 'rs=0:di=01;34:ln=01;36:mh=00:pi=40;33:so=01;35:do=01;35:bd=40;33;01:cd=40;33;01:or=40;31;01:mi=00:su=37;41:sg=30;43:ca=00:tw=30;42:ow=34;42:st=37;44:ex=01;32:*.tar=01;31:*.tgz=01;31:*.arc=01;31:*.arj=01;31:*.taz=01;31:*.lha=01;31:*.lz4=01;31:*.lzh=01;31:*.lzma=01;31:*.tlz=01;31:*.txz=01;31:*.tzo=01;31:*.t7z=01;31:*.zip=01;31:*.z=01;31:*.dz=01;31:*.gz=01;31:*.lrz=01;31:*.lz=01;31:*.lzo=01;31:*.xz=01;31:*.zst=01;31:*.tzst=01;31:*.bz2=01;31:*.bz=01;31:*.tbz=01;31:*.tbz2=01;31:*.tz=01;31:*.deb=01;31:*.rpm=01;31:*.jar=01;31:*.war=01;31:*.ear=01;31:*.sar=01;31:*.rar=01;31:*.alz=01;31:*.ace=01;31:*.zoo=01;31:*.cpio=01;31:*.7z=01;31:*.rz=01;31:*.cab=01;31:*.wim=01;31:*.swm=01;31:*.dwm=01;31:*.esd=01;31:*.avif=01;35:*.jpg=01;35:*.jpeg=01;35:*.mjpg=01;35:*.mjpeg=01;35:*.gif=01;35:*.bmp=01;35:*.pbm=01;35:*.pgm=01;35:*.ppm=01;35:*.tga=01;35:*.xbm=01;35:*.xpm=01;35:*.tif=01;35:*.tiff=01;35:*.png=01;35:*.svg=01;35:*.svgz=01;35:*.mng=01;35:*.pcx=01;35:*.mov=01;35:*.mpg=01;35:*.mpeg=01;35:*.m2v=01;35:*.mkv=01;35:*.webm=01;35:*.webp=01;35:*.ogm=01;35:*.mp4=01;35:*.m4v=01;35:*.mp4v=01;35:*.vob=01;35:*.qt=01;35:*.nuv=01;35:*.wmv=01;35:*.asf=01;35:*.rm=01;35:*.rmvb=01;35:*.flc=01;35:*.avi=01;35:*.fli=01;35:*.flv=01;35:*.gl=01;35:*.dl=01;35:*.xcf=01;35:*.xwd=01;35:*.yuv=01;35:*.cgm=01;35:*.emf=01;35:*.ogv=01;35:*.ogx=01;35:*.aac=00;36:*.au=00;36:*.flac=00;36:*.m4a=00;36:*.mid=00;36:*.midi=00;36:*.mka=00;36:*.mp3=00;36:*.mpc=00;36:*.ogg=00;36:*.ra=00;36:*.wav=00;36:*.oga=00;36:*.opus=00;36:*.spx=00;36:*.xspf=00;36:*~=00;90:*#=00;90:*.bak=00;90:*.crdownload=00;90:*.dpkg-dist=00;90:*.dpkg-new=00;90:*.dpkg-old=00;90:*.dpkg-tmp=00;90:*.old=00;90:*.orig=00;90:*.part=00;90:*.rej=00;90:*.rpmnew=00;90:*.rpmorig=00;90:*.rpmsave=00;90:*.swp=00;90:*.tmp=00;90:*.ucf-dist=00;90:*.ucf-new=00;90:*.ucf-old=00;90:', 'GNOME_TERMINAL_SERVICE': ':1.114', 'SSH_AUTH_SOCK': '/run/user/1000/keyring/ssh', 'AMENT_PREFIX_PATH': '/home/mcfb/ros2_ws/install/ai_navigator:/home/mcfb/ros2_ws/install/px4_ros_com:/home/mcfb/ros2_ws/install/px4_offboard:/home/mcfb/ros2_ws/install/px4_msgs:/opt/ros/jazzy', 'SHELL': '/bin/bash', 'QT_ACCESSIBILITY': '1', 'GDMSESSION': 'ubuntu', 'LESSCLOSE': '/usr/bin/lesspipe %s %s', 'IGN_GAZEBO_RESOURCE_PATH': '/opt/ros/jazzy/share', 'GPG_AGENT_INFO': '/run/user/1000/gnupg/S.gpg-agent:0:1', 'ROS_AUTOMATIC_DISCOVERY_RANGE': 'SUBNET', 'QT_IM_MODULE': 'ibus', 'PWD': '/home/mcfb/ros2_ws/build/px4_ros_com', 'LC_ALL': 'en_US.UTF-8', 'XDG_CONFIG_DIRS': '/etc/xdg/xdg-ubuntu:/etc/xdg', 'XDG_DATA_DIRS': '/usr/share/ubuntu:/usr/share/gnome:/usr/local/share/:/usr/share/:/var/lib/snapd/desktop', 'PYTHONPATH': '/home/mcfb/ros2_ws/install/px4_msgs/lib/python3.12/site-packages:/home/mcfb/ros2_ws/install/ai_navigator/lib/python3.12/site-packages:/home/mcfb/ros2_ws/install/px4_ros_com/lib/python3.12/site-packages:/home/mcfb/ros2_ws/install/px4_offboard/lib/python3.12/site-packages:/home/mcfb/drone_venv/lib/python3.12/site-packages:/opt/ros/jazzy/lib/python3.12/site-packages', 'COLCON': '1', 'MEMORY_PRESSURE_WRITE': 'c29tZSAyMDAwMDAgMjAwMDAwMAA=', 'VTE_VERSION': '7600', 'CMAKE_PREFIX_PATH': '/home/mcfb/ros2_ws/install/px4_msgs:/home/mcfb/ros2_ws/install/px4_ros_com:/opt/ros/jazzy/opt/gz_sim_vendor:/opt/ros/jazzy/opt/gz_sensors_vendor:/opt/ros/jazzy/opt/gz_physics_vendor:/opt/ros/jazzy/opt/sdformat_vendor:/opt/ros/jazzy/opt/gz_gui_vendor:/opt/ros/jazzy/opt/gz_transport_vendor:/opt/ros/jazzy/opt/gz_rendering_vendor:/opt/ros/jazzy/opt/gz_plugin_vendor:/opt/ros/jazzy/opt/gz_fuel_tools_vendor:/opt/ros/jazzy/opt/gz_msgs_vendor:/opt/ros/jazzy/opt/gz_common_vendor:/opt/ros/jazzy/opt/gz_math_vendor:/opt/ros/jazzy/opt/gz_utils_vendor:/opt/ros/jazzy/opt/gz_tools_vendor:/opt/ros/jazzy/opt/gz_ogre_next_vendor:/opt/ros/jazzy/opt/gz_dartsim_vendor:/opt/ros/jazzy/opt/gz_cmake_vendor:/home/mcfb/ros2_ws/install/ai_navigator:/home/mcfb/ros2_ws/install/px4_offboard:/opt/ros/jazzy'}), 'shell': False}
[2.216764] (px4_ros_com) StdoutLine: {'line': b'-- Install configuration: ""\n'}
[2.217040] (px4_ros_com) StdoutLine: {'line': b'-- Up-to-date: /home/mcfb/ros2_ws/install/px4_ros_com/lib/px4_ros_com/sensor_combined_listener\n'}
[2.217252] (px4_ros_com) StdoutLine: {'line': b'-- Up-to-date: /home/mcfb/ros2_ws/install/px4_ros_com/lib/px4_ros_com/vehicle_gps_position_listener\n'}
[2.217662] (px4_ros_com) StdoutLine: {'line': b'-- Up-to-date: /home/mcfb/ros2_ws/install/px4_ros_com/lib/px4_ros_com/debug_vect_advertiser\n'}
[2.217914] (px4_ros_com) StdoutLine: {'line': b'-- Up-to-date: /home/mcfb/ros2_ws/install/px4_ros_com/lib/px4_ros_com/offboard_control\n'}
[2.217992] (px4_ros_com) StdoutLine: {'line': b'-- Up-to-date: /home/mcfb/ros2_ws/install/px4_ros_com/lib/px4_ros_com/offboard_control_srv\n'}
[2.218046] (px4_ros_com) StdoutLine: {'line': b'-- Up-to-date: /home/mcfb/ros2_ws/install/px4_ros_com/share/px4_ros_com/environment/library_path.sh\n'}
[2.218100] (px4_ros_com) StdoutLine: {'line': b'-- Up-to-date: /home/mcfb/ros2_ws/install/px4_ros_com/share/px4_ros_com/environment/library_path.dsv\n'}
[2.218159] (px4_ros_com) StdoutLine: {'line': b'-- Up-to-date: /home/mcfb/ros2_ws/install/px4_ros_com/include/px4_ros_com\n'}
[2.218210] (px4_ros_com) StdoutLine: {'line': b'-- Up-to-date: /home/mcfb/ros2_ws/install/px4_ros_com/include/px4_ros_com/frame_transforms.h\n'}
[2.218259] (px4_ros_com) StdoutLine: {'line': b'-- Up-to-date: /home/mcfb/ros2_ws/install/px4_ros_com/lib/libframe_transforms.so\n'}
[2.218305] (px4_ros_com) StdoutLine: {'line': b'-- Up-to-date: /home/mcfb/ros2_ws/install/px4_ros_com/share/px4_ros_com//launch\n'}
[2.218350] (px4_ros_com) StdoutLine: {'line': b'-- Up-to-date: /home/mcfb/ros2_ws/install/px4_ros_com/share/px4_ros_com//launch/offboard_control_launch.yaml\n'}
[2.218397] (px4_ros_com) StdoutLine: {'line': b'-- Up-to-date: /home/mcfb/ros2_ws/install/px4_ros_com/share/px4_ros_com//launch/sensor_combined_listener.launch.py\n'}
[2.218442] (px4_ros_com) StdoutLine: {'line': b'-- Up-to-date: /home/mcfb/ros2_ws/install/px4_ros_com/share/px4_ros_com//test\n'}
[2.218487] (px4_ros_com) StdoutLine: {'line': b'-- Up-to-date: /home/mcfb/ros2_ws/install/px4_ros_com/share/px4_ros_com//test/pipeline_io_test.py\n'}
[2.218531] (px4_ros_com) StdoutLine: {'line': b'-- Up-to-date: /home/mcfb/ros2_ws/install/px4_ros_com/share/px4_ros_com//test/test_input.py\n'}
[2.218575] (px4_ros_com) StdoutLine: {'line': b'-- Up-to-date: /home/mcfb/ros2_ws/install/px4_ros_com/share/px4_ros_com//test/test_output.py\n'}
[2.218619] (px4_ros_com) StdoutLine: {'line': b'-- Up-to-date: /home/mcfb/ros2_ws/install/px4_ros_com/share/px4_ros_com//test/__init__.py\n'}
[2.218734] (px4_ros_com) StdoutLine: {'line': b'-- Up-to-date: /home/mcfb/ros2_ws/install/px4_ros_com/share/px4_ros_com/environment/pythonpath.sh\n'}
[2.218852] (px4_ros_com) StdoutLine: {'line': b'-- Up-to-date: /home/mcfb/ros2_ws/install/px4_ros_com/share/px4_ros_com/environment/pythonpath.dsv\n'}
[2.218908] (px4_ros_com) StdoutLine: {'line': b'-- Up-to-date: /home/mcfb/ros2_ws/install/px4_ros_com/lib/python3.12/site-packages/px4_ros_com-0.1.0-py3.12.egg-info\n'}
[2.218960] (px4_ros_com) StdoutLine: {'line': b'-- Installing: /home/mcfb/ros2_ws/install/px4_ros_com/lib/python3.12/site-packages/px4_ros_com-0.1.0-py3.12.egg-info/dependency_links.txt\n'}
[2.219012] (px4_ros_com) StdoutLine: {'line': b'-- Installing: /home/mcfb/ros2_ws/install/px4_ros_com/lib/python3.12/site-packages/px4_ros_com-0.1.0-py3.12.egg-info/SOURCES.txt\n'}
[2.219062] (px4_ros_com) StdoutLine: {'line': b'-- Installing: /home/mcfb/ros2_ws/install/px4_ros_com/lib/python3.12/site-packages/px4_ros_com-0.1.0-py3.12.egg-info/top_level.txt\n'}
[2.219109] (px4_ros_com) StdoutLine: {'line': b'-- Installing: /home/mcfb/ros2_ws/install/px4_ros_com/lib/python3.12/site-packages/px4_ros_com-0.1.0-py3.12.egg-info/PKG-INFO\n'}
[2.219156] (px4_ros_com) StdoutLine: {'line': b'-- Up-to-date: /home/mcfb/ros2_ws/install/px4_ros_com/lib/python3.12/site-packages/px4_ros_com\n'}
[2.219202] (px4_ros_com) StdoutLine: {'line': b'-- Up-to-date: /home/mcfb/ros2_ws/install/px4_ros_com/lib/python3.12/site-packages/px4_ros_com/__init__.py\n'}
[2.219248] (px4_ros_com) StdoutLine: {'line': b'-- Up-to-date: /home/mcfb/ros2_ws/install/px4_ros_com/lib/python3.12/site-packages/px4_ros_com/module_to_import.py\n'}
[2.250713] (px4_ros_com) StdoutLine: {'line': b"Listing '/home/mcfb/ros2_ws/install/px4_ros_com/lib/python3.12/site-packages/px4_ros_com'...\n"}
[2.253731] (px4_offboard) Command: {'cmd': ['/usr/bin/python3', '-W', 'ignore:setup.py install is deprecated', '-W', 'ignore:easy_install command is deprecated', 'setup.py', 'egg_info', '--egg-base', '../../build/px4_offboard', 'build', '--build-base', '/home/mcfb/ros2_ws/build/px4_offboard/build', 'install', '--record', '/home/mcfb/ros2_ws/build/px4_offboard/install.log', '--single-version-externally-managed', 'install_data'], 'cwd': '/home/mcfb/ros2_ws/src/px4-offboard', 'env': {'LESSOPEN': '| /usr/bin/lesspipe %s', 'USER': 'mcfb', 'GZ_CONFIG_PATH': '/opt/ros/jazzy/opt/gz_sim_vendor/share/gz:/opt/ros/jazzy/opt/sdformat_vendor/share/gz:/opt/ros/jazzy/opt/gz_gui_vendor/share/gz:/opt/ros/jazzy/opt/gz_transport_vendor/share/gz:/opt/ros/jazzy/opt/gz_rendering_vendor/share/gz:/opt/ros/jazzy/opt/gz_plugin_vendor/share/gz:/opt/ros/jazzy/opt/gz_fuel_tools_vendor/share/gz:/opt/ros/jazzy/opt/gz_msgs_vendor/share/gz:/opt/ros/jazzy/opt/gz_common_vendor/share/gz', 'XDG_SESSION_TYPE': 'x11', 'CLUTTER_DISABLE_MIPMAPPED_TEXT': '1', 'SHLVL': '1', 'LD_LIBRARY_PATH': '/home/mcfb/ros2_ws/install/px4_msgs/lib:/home/mcfb/ros2_ws/install/px4_ros_com/lib:/opt/ros/jazzy/opt/gz_sim_vendor/lib:/opt/ros/jazzy/opt/gz_sensors_vendor/lib:/opt/ros/jazzy/opt/gz_physics_vendor/lib:/opt/ros/jazzy/opt/sdformat_vendor/lib:/opt/ros/jazzy/opt/rviz_ogre_vendor/lib:/opt/ros/jazzy/lib/x86_64-linux-gnu:/opt/ros/jazzy/opt/gz_gui_vendor/lib:/opt/ros/jazzy/opt/gz_transport_vendor/lib:/opt/ros/jazzy/opt/gz_rendering_vendor/lib:/opt/ros/jazzy/opt/gz_plugin_vendor/lib:/opt/ros/jazzy/opt/gz_fuel_tools_vendor/lib:/opt/ros/jazzy/opt/gz_msgs_vendor/lib:/opt/ros/jazzy/opt/gz_common_vendor/lib:/opt/ros/jazzy/opt/gz_math_vendor/lib:/opt/ros/jazzy/opt/gz_utils_vendor/lib:/opt/ros/jazzy/opt/gz_tools_vendor/lib:/opt/ros/jazzy/opt/gz_ogre_next_vendor/lib:/opt/ros/jazzy/opt/gz_dartsim_vendor/lib:/opt/ros/jazzy/opt/gz_cmake_vendor/lib:/opt/ros/jazzy/lib', 'HOME': '/home/mcfb', 'OLDPWD': '/home/mcfb', 'DESKTOP_SESSION': 'ubuntu', 'ROS_PYTHON_VERSION': '3', 'GNOME_SHELL_SESSION_MODE': 'ubuntu', 'GTK_MODULES': 'gail:atk-bridge', 'SYSTEMD_EXEC_PID': '2892', 'GSM_SKIP_SSH_AGENT_WORKAROUND': 'true', 'DBUS_SESSION_BUS_ADDRESS': 'unix:path=/run/user/1000/bus', 'COLORTERM': 'truecolor', 'DEBUGINFOD_URLS': 'https://debuginfod.ubuntu.com', 'COLCON_PREFIX_PATH': '/home/mcfb/ros2_ws/install', 'ROS_DISTRO': 'jazzy', 'LOGNAME': 'mcfb', '_': '/usr/bin/colcon', 'ROS_VERSION': '2', 'MEMORY_PRESSURE_WATCH': '/sys/fs/cgroup/user.slice/user-1000.slice/user@1000.service/session.slice/org.gnome.Shell@x11.service/memory.pressure', 'XDG_SESSION_CLASS': 'user', 'USERNAME': 'mcfb', 'TERM': 'xterm-256color', 'GNOME_DESKTOP_SESSION_ID': 'this-is-deprecated', 'WINDOWPATH': '2', 'PATH': '/opt/ros/jazzy/opt/gz_msgs_vendor/bin:/opt/ros/jazzy/opt/gz_tools_vendor/bin:/opt/ros/jazzy/opt/gz_ogre_next_vendor/bin:/opt/ros/jazzy/bin:/home/mcfb/.local/bin:/usr/local/sbin:/usr/local/bin:/usr/sbin:/usr/bin:/sbin:/bin:/usr/games:/usr/local/games:/snap/bin:/snap/bin:/opt/xtensa-esp-elf/bin/', 'SESSION_MANAGER': 'local/mcfb:@/tmp/.ICE-unix/2860,unix/mcfb:/tmp/.ICE-unix/2860', 'XDG_MENU_PREFIX': 'gnome-', 'GNOME_TERMINAL_SCREEN': '/org/gnome/Terminal/screen/635fe134_8057_4151_bd4d_d98d51531782', 'XDG_RUNTIME_DIR': '/run/user/1000', 'DISPLAY': ':1', 'LANG': 'en_US.UTF-8', 'XDG_CURRENT_DESKTOP': 'ubuntu:GNOME', 'XMODIFIERS': '@im=ibus', 'XDG_SESSION_DESKTOP': 'ubuntu', 'XAUTHORITY': '/run/user/1000/gdm/Xauthority', 'LS_COLORS': 'rs=0:di=01;34:ln=01;36:mh=00:pi=40;33:so=01;35:do=01;35:bd=40;33;01:cd=40;33;01:or=40;31;01:mi=00:su=37;41:sg=30;43:ca=00:tw=30;42:ow=34;42:st=37;44:ex=01;32:*.tar=01;31:*.tgz=01;31:*.arc=01;31:*.arj=01;31:*.taz=01;31:*.lha=01;31:*.lz4=01;31:*.lzh=01;31:*.lzma=01;31:*.tlz=01;31:*.txz=01;31:*.tzo=01;31:*.t7z=01;31:*.zip=01;31:*.z=01;31:*.dz=01;31:*.gz=01;31:*.lrz=01;31:*.lz=01;31:*.lzo=01;31:*.xz=01;31:*.zst=01;31:*.tzst=01;31:*.bz2=01;31:*.bz=01;31:*.tbz=01;31:*.tbz2=01;31:*.tz=01;31:*.deb=01;31:*.rpm=01;31:*.jar=01;31:*.war=01;31:*.ear=01;31:*.sar=01;31:*.rar=01;31:*.alz=01;31:*.ace=01;31:*.zoo=01;31:*.cpio=01;31:*.7z=01;31:*.rz=01;31:*.cab=01;31:*.wim=01;31:*.swm=01;31:*.dwm=01;31:*.esd=01;31:*.avif=01;35:*.jpg=01;35:*.jpeg=01;35:*.mjpg=01;35:*.mjpeg=01;35:*.gif=01;35:*.bmp=01;35:*.pbm=01;35:*.pgm=01;35:*.ppm=01;35:*.tga=01;35:*.xbm=01;35:*.xpm=01;35:*.tif=01;35:*.tiff=01;35:*.png=01;35:*.svg=01;35:*.svgz=01;35:*.mng=01;35:*.pcx=01;35:*.mov=01;35:*.mpg=01;35:*.mpeg=01;35:*.m2v=01;35:*.mkv=01;35:*.webm=01;35:*.webp=01;35:*.ogm=01;35:*.mp4=01;35:*.m4v=01;35:*.mp4v=01;35:*.vob=01;35:*.qt=01;35:*.nuv=01;35:*.wmv=01;35:*.asf=01;35:*.rm=01;35:*.rmvb=01;35:*.flc=01;35:*.avi=01;35:*.fli=01;35:*.flv=01;35:*.gl=01;35:*.dl=01;35:*.xcf=01;35:*.xwd=01;35:*.yuv=01;35:*.cgm=01;35:*.emf=01;35:*.ogv=01;35:*.ogx=01;35:*.aac=00;36:*.au=00;36:*.flac=00;36:*.m4a=00;36:*.mid=00;36:*.midi=00;36:*.mka=00;36:*.mp3=00;36:*.mpc=00;36:*.ogg=00;36:*.ra=00;36:*.wav=00;36:*.oga=00;36:*.opus=00;36:*.spx=00;36:*.xspf=00;36:*~=00;90:*#=00;90:*.bak=00;90:*.crdownload=00;90:*.dpkg-dist=00;90:*.dpkg-new=00;90:*.dpkg-old=00;90:*.dpkg-tmp=00;90:*.old=00;90:*.orig=00;90:*.part=00;90:*.rej=00;90:*.rpmnew=00;90:*.rpmorig=00;90:*.rpmsave=00;90:*.swp=00;90:*.tmp=00;90:*.ucf-dist=00;90:*.ucf-new=00;90:*.ucf-old=00;90:', 'GNOME_TERMINAL_SERVICE': ':1.114', 'SSH_AUTH_SOCK': '/run/user/1000/keyring/ssh', 'AMENT_PREFIX_PATH': '/home/mcfb/ros2_ws/install/ai_navigator:/home/mcfb/ros2_ws/install/px4_ros_com:/home/mcfb/ros2_ws/install/px4_offboard:/home/mcfb/ros2_ws/install/px4_msgs:/opt/ros/jazzy', 'SHELL': '/bin/bash', 'QT_ACCESSIBILITY': '1', 'GDMSESSION': 'ubuntu', 'LESSCLOSE': '/usr/bin/lesspipe %s %s', 'IGN_GAZEBO_RESOURCE_PATH': '/opt/ros/jazzy/share', 'GPG_AGENT_INFO': '/run/user/1000/gnupg/S.gpg-agent:0:1', 'ROS_AUTOMATIC_DISCOVERY_RANGE': 'SUBNET', 'QT_IM_MODULE': 'ibus', 'PWD': '/home/mcfb/ros2_ws/build/px4_offboard', 'LC_ALL': 'en_US.UTF-8', 'XDG_CONFIG_DIRS': '/etc/xdg/xdg-ubuntu:/etc/xdg', 'XDG_DATA_DIRS': '/usr/share/ubuntu:/usr/share/gnome:/usr/local/share/:/usr/share/:/var/lib/snapd/desktop', 'PYTHONPATH': '/home/mcfb/ros2_ws/build/px4_offboard/prefix_override:/usr/lib/python3/dist-packages/colcon_core/task/python/colcon_distutils_commands:/home/mcfb/ros2_ws/install/px4_offboard/lib/python3.12/site-packages:/home/mcfb/ros2_ws/install/px4_msgs/lib/python3.12/site-packages:/home/mcfb/ros2_ws/install/ai_navigator/lib/python3.12/site-packages:/home/mcfb/ros2_ws/install/px4_ros_com/lib/python3.12/site-packages:/home/mcfb/ros2_ws/install/px4_offboard/lib/python3.12/site-packages:/home/mcfb/drone_venv/lib/python3.12/site-packages:/opt/ros/jazzy/lib/python3.12/site-packages', 'COLCON': '1', 'MEMORY_PRESSURE_WRITE': 'c29tZSAyMDAwMDAgMjAwMDAwMAA=', 'VTE_VERSION': '7600', 'CMAKE_PREFIX_PATH': '/home/mcfb/ros2_ws/install/px4_msgs:/home/mcfb/ros2_ws/install/px4_ros_com:/opt/ros/jazzy/opt/gz_sim_vendor:/opt/ros/jazzy/opt/gz_sensors_vendor:/opt/ros/jazzy/opt/gz_physics_vendor:/opt/ros/jazzy/opt/sdformat_vendor:/opt/ros/jazzy/opt/gz_gui_vendor:/opt/ros/jazzy/opt/gz_transport_vendor:/opt/ros/jazzy/opt/gz_rendering_vendor:/opt/ros/jazzy/opt/gz_plugin_vendor:/opt/ros/jazzy/opt/gz_fuel_tools_vendor:/opt/ros/jazzy/opt/gz_msgs_vendor:/opt/ros/jazzy/opt/gz_common_vendor:/opt/ros/jazzy/opt/gz_math_vendor:/opt/ros/jazzy/opt/gz_utils_vendor:/opt/ros/jazzy/opt/gz_tools_vendor:/opt/ros/jazzy/opt/gz_ogre_next_vendor:/opt/ros/jazzy/opt/gz_dartsim_vendor:/opt/ros/jazzy/opt/gz_cmake_vendor'}, 'shell': False}
[2.255623] (px4_ros_com) StdoutLine: {'line': b'-- Up-to-date: /home/mcfb/ros2_ws/install/px4_ros_com/lib/px4_ros_com/offboard_control.py\n'}
[2.255772] (px4_ros_com) StdoutLine: {'line': b'-- Up-to-date: /home/mcfb/ros2_ws/install/px4_ros_com/share/ament_index/resource_index/package_run_dependencies/px4_ros_com\n'}
[2.255836] (px4_ros_com) StdoutLine: {'line': b'-- Up-to-date: /home/mcfb/ros2_ws/install/px4_ros_com/share/ament_index/resource_index/parent_prefix_path/px4_ros_com\n'}
[2.255899] (px4_ros_com) StdoutLine: {'line': b'-- Up-to-date: /home/mcfb/ros2_ws/install/px4_ros_com/share/px4_ros_com/environment/ament_prefix_path.sh\n'}
[2.256064] (px4_ros_com) StdoutLine: {'line': b'-- Up-to-date: /home/mcfb/ros2_ws/install/px4_ros_com/share/px4_ros_com/environment/ament_prefix_path.dsv\n'}
[2.256458] (px4_ros_com) StdoutLine: {'line': b'-- Up-to-date: /home/mcfb/ros2_ws/install/px4_ros_com/share/px4_ros_com/environment/path.sh\n'}
[2.256535] (px4_ros_com) StdoutLine: {'line': b'-- Up-to-date: /home/mcfb/ros2_ws/install/px4_ros_com/share/px4_ros_com/environment/path.dsv\n'}
[2.256585] (px4_ros_com) StdoutLine: {'line': b'-- Up-to-date: /home/mcfb/ros2_ws/install/px4_ros_com/share/px4_ros_com/local_setup.bash\n'}
[2.256632] (px4_ros_com) StdoutLine: {'line': b'-- Up-to-date: /home/mcfb/ros2_ws/install/px4_ros_com/share/px4_ros_com/local_setup.sh\n'}
[2.256681] (px4_ros_com) StdoutLine: {'line': b'-- Up-to-date: /home/mcfb/ros2_ws/install/px4_ros_com/share/px4_ros_com/local_setup.zsh\n'}
[2.256729] (px4_ros_com) StdoutLine: {'line': b'-- Up-to-date: /home/mcfb/ros2_ws/install/px4_ros_com/share/px4_ros_com/local_setup.dsv\n'}
[2.256774] (px4_ros_com) StdoutLine: {'line': b'-- Installing: /home/mcfb/ros2_ws/install/px4_ros_com/share/px4_ros_com/package.dsv\n'}
[2.256818] (px4_ros_com) StdoutLine: {'line': b'-- Up-to-date: /home/mcfb/ros2_ws/install/px4_ros_com/share/ament_index/resource_index/packages/px4_ros_com\n'}
[2.256874] (px4_ros_com) StdoutLine: {'line': b'-- Up-to-date: /home/mcfb/ros2_ws/install/px4_ros_com/share/px4_ros_com/cmake/export_frame_transformsExport.cmake\n'}
[2.256919] (px4_ros_com) StdoutLine: {'line': b'-- Up-to-date: /home/mcfb/ros2_ws/install/px4_ros_com/share/px4_ros_com/cmake/export_frame_transformsExport-noconfig.cmake\n'}
[2.256965] (px4_ros_com) StdoutLine: {'line': b'-- Up-to-date: /home/mcfb/ros2_ws/install/px4_ros_com/share/px4_ros_com/cmake/ament_cmake_export_dependencies-extras.cmake\n'}
[2.257009] (px4_ros_com) StdoutLine: {'line': b'-- Up-to-date: /home/mcfb/ros2_ws/install/px4_ros_com/share/px4_ros_com/cmake/ament_cmake_export_targets-extras.cmake\n'}
[2.257053] (px4_ros_com) StdoutLine: {'line': b'-- Up-to-date: /home/mcfb/ros2_ws/install/px4_ros_com/share/px4_ros_com/cmake/ament_cmake_export_include_directories-extras.cmake\n'}
[2.257097] (px4_ros_com) StdoutLine: {'line': b'-- Up-to-date: /home/mcfb/ros2_ws/install/px4_ros_com/share/px4_ros_com/cmake/ament_cmake_export_libraries-extras.cmake\n'}
[2.257141] (px4_ros_com) StdoutLine: {'line': b'-- Up-to-date: /home/mcfb/ros2_ws/install/px4_ros_com/share/px4_ros_com/cmake/px4_ros_comConfig.cmake\n'}
[2.257184] (px4_ros_com) StdoutLine: {'line': b'-- Up-to-date: /home/mcfb/ros2_ws/install/px4_ros_com/share/px4_ros_com/cmake/px4_ros_comConfig-version.cmake\n'}
[2.257227] (px4_ros_com) StdoutLine: {'line': b'-- Up-to-date: /home/mcfb/ros2_ws/install/px4_ros_com/share/px4_ros_com/package.xml\n'}
[2.257906] (px4_ros_com) CommandEnded: {'returncode': 0}
[2.274040] (px4_ros_com) JobEnded: {'identifier': 'px4_ros_com', 'rc': 0}
[2.302811] (-) TimerEvent: {}
[2.403080] (-) TimerEvent: {}
[2.496765] (px4_offboard) StdoutLine: {'line': b'running egg_info\n'}
[2.503162] (-) TimerEvent: {}
[2.512179] (px4_offboard) StdoutLine: {'line': b'writing ../../build/px4_offboard/px4_offboard.egg-info/PKG-INFO\n'}
[2.512604] (px4_offboard) StdoutLine: {'line': b'writing dependency_links to ../../build/px4_offboard/px4_offboard.egg-info/dependency_links.txt\n'}
[2.512799] (px4_offboard) StdoutLine: {'line': b'writing entry points to ../../build/px4_offboard/px4_offboard.egg-info/entry_points.txt\n'}
[2.512934] (px4_offboard) StdoutLine: {'line': b'writing requirements to ../../build/px4_offboard/px4_offboard.egg-info/requires.txt\n'}
[2.513017] (px4_offboard) StdoutLine: {'line': b'writing top-level names to ../../build/px4_offboard/px4_offboard.egg-info/top_level.txt\n'}
[2.551348] (px4_offboard) StdoutLine: {'line': b"reading manifest file '../../build/px4_offboard/px4_offboard.egg-info/SOURCES.txt'\n"}
[2.551626] (px4_offboard) StdoutLine: {'line': b"adding license file 'LICENSE'\n"}
[2.552270] (px4_offboard) StdoutLine: {'line': b"writing manifest file '../../build/px4_offboard/px4_offboard.egg-info/SOURCES.txt'\n"}
[2.552409] (px4_offboard) StdoutLine: {'line': b'running build\n'}
[2.552487] (px4_offboard) StdoutLine: {'line': b'running build_py\n'}
[2.552617] (px4_offboard) StdoutLine: {'line': b'copying px4_offboard/offboard_control.py -> /home/mcfb/ros2_ws/build/px4_offboard/build/lib/px4_offboard\n'}
[2.552790] (px4_offboard) StdoutLine: {'line': b'copying px4_offboard/__init__.py -> /home/mcfb/ros2_ws/build/px4_offboard/build/lib/px4_offboard\n'}
[2.552887] (px4_offboard) StdoutLine: {'line': b'copying px4_offboard/visualizer.py -> /home/mcfb/ros2_ws/build/px4_offboard/build/lib/px4_offboard\n'}
[2.553191] (px4_offboard) StdoutLine: {'line': b'running install\n'}
[2.556899] (px4_offboard) StdoutLine: {'line': b'running install_lib\n'}
[2.579153] (px4_offboard) StdoutLine: {'line': b'running install_data\n'}
[2.579477] (px4_offboard) StdoutLine: {'line': b'copying resource/px4_offboard -> /home/mcfb/ros2_ws/install/px4_offboard/share/ament_index/resource_index/packages\n'}
[2.579743] (px4_offboard) StdoutLine: {'line': b'copying resource/visualize.rviz -> /home/mcfb/ros2_ws/install/px4_offboard/share/ament_index/resource_index/packages\n'}
[2.580077] (px4_offboard) StdoutLine: {'line': b'copying package.xml -> /home/mcfb/ros2_ws/install/px4_offboard/share/px4_offboard\n'}
[2.580199] (px4_offboard) StdoutLine: {'line': b'copying launch/offboard_position_control.launch.py -> /home/mcfb/ros2_ws/install/px4_offboard/share/px4_offboard\n'}
[2.580445] (px4_offboard) StdoutLine: {'line': b'copying launch/offboard_hardware_position_control.launch.py -> /home/mcfb/ros2_ws/install/px4_offboard/share/px4_offboard\n'}
[2.580616] (px4_offboard) StdoutLine: {'line': b'copying launch/visualize.launch.py -> /home/mcfb/ros2_ws/install/px4_offboard/share/px4_offboard\n'}
[2.580683] (px4_offboard) StdoutLine: {'line': b'copying resource/visualize.rviz -> /home/mcfb/ros2_ws/install/px4_offboard/share/px4_offboard\n'}
[2.580763] (px4_offboard) StdoutLine: {'line': b'running install_egg_info\n'}
[2.598588] (px4_offboard) StdoutLine: {'line': b"removing '/home/mcfb/ros2_ws/install/px4_offboard/lib/python3.12/site-packages/px4_offboard-0.0.0-py3.12.egg-info' (and everything under it)\n"}
[2.598820] (px4_offboard) StdoutLine: {'line': b'Copying ../../build/px4_offboard/px4_offboard.egg-info to /home/mcfb/ros2_ws/install/px4_offboard/lib/python3.12/site-packages/px4_offboard-0.0.0-py3.12.egg-info\n'}
[2.599372] (px4_offboard) StdoutLine: {'line': b'running install_scripts\n'}
[2.603226] (-) TimerEvent: {}
[2.632991] (px4_offboard) StdoutLine: {'line': b'Installing offboard_control script to /home/mcfb/ros2_ws/install/px4_offboard/lib/px4_offboard\n'}
[2.633210] (px4_offboard) StdoutLine: {'line': b'Installing visualizer script to /home/mcfb/ros2_ws/install/px4_offboard/lib/px4_offboard\n'}
[2.633424] (px4_offboard) StdoutLine: {'line': b"writing list of installed files to '/home/mcfb/ros2_ws/build/px4_offboard/install.log'\n"}
[2.658413] (px4_offboard) CommandEnded: {'returncode': 0}
[2.665202] (px4_offboard) JobEnded: {'identifier': 'px4_offboard', 'rc': 0}
[2.665934] (-) EventReactorShutdown: {}
